timestamp_utc,timestamp_local,parking_id,parking_slug,capacity,available,occupied,occupancy_pct
2026-10-05T22:00:00Z,2026-10-06T00:00:00+02:00,53,dr-robert,407,323,84,20.6
2026-10-05T22:00:00Z,2026-10-06T00:00:00+02:00,54,placa-vella,297,208,89,30
2026-10-05T22:00:00Z,2026-10-06T00:00:00+02:00,55,ajuntament-mercat,237,197,40,16.9
2026-10-05T22:01:00Z,2026-10-06T00:01:00+02:00,53,dr-robert,407,323,84,20.6
2026-10-05T22:01:00Z,2026-10-06T00:01:00+02:00,54,placa-vella,297,208,89,30
2026-10-05T22:01:00Z,2026-10-06T00:01:00+02:00,55,ajuntament-mercat,237,197,40,16.9
2026-10-05T22:02:00Z,2026-10-06T00:02:00+02:00,53,dr-robert,407,323,84,20.6
2026-10-05T22:02:00Z,2026-10-06T00:02:00+02:00,54,placa-vella,297,208,89,30
2026-10-05T22:02:00Z,2026-10-06T00:02:00+02:00,55,ajuntament-mercat,237,197,40,16.9
2026-10-05T22:03:00Z,2026-10-06T00:03:00+02:00,53,dr-robert,407,325,82,20.1
2026-10-05T22:03:00Z,2026-10-06T00:03:00+02:00,54,placa-vella,297,209,88,29.6
2026-10-05T22:03:00Z,2026-10-06T00:03:00+02:00,55,ajuntament-mercat,237,197,40,16.9
2026-10-05T22:04:00Z,2026-10-06T00:04:00+02:00,53,dr-robert,407,325,82,20.1
2026-10-05T22:04:00Z,2026-10-06T00:04:00+02:00,54,placa-vella,297,209,88,29.6
2026-10-05T22:04:00Z,2026-10-06T00:04:00+02:00,55,ajuntament-mercat,237,197,40,16.9
2026-10-05T22:05:00Z,2026-10-06T00:05:00+02:00,53,dr-robert,407,326,81,19.9
2026-10-05T22:05:00Z,2026-10-06T00:05:00+02:00,54,placa-vella,297,209,88,29.6
2026-10-05T22:05:00Z,2026-10-06T00:05:00+02:00,55,ajuntament-mercat,237,197,40,16.9
2026-10-05T22:06:00Z,2026-10-06T00:06:00+02:00,53,dr-robert,407,326,81,19.9
2026-10-05T22:06:00Z,2026-10-06T00:06:00+02:00,54,placa-vella,297,209,88,29.6
2026-10-05T22:06:00Z,2026-10-06T00:06:00+02:00,55,ajuntament-mercat,237,197,40,16.9
2026-10-05T22:07:00Z,2026-10-06T00:07:00+02:00,53,dr-robert,407,326,81,19.9
2026-10-05T22:07:00Z,2026-10-06T00:07:00+02:00,54,placa-vella,297,209,88,29.6
2026-10-05T22:07:00Z,2026-10-06T00:07:00+02:00,55,ajuntament-mercat,237,197,40,16.9
2026-10-05T22:08:00Z,2026-10-06T00:08:00+02:00,53,dr-robert,407,326,81,19.9
2026-10-05T22:08:00Z,2026-10-06T00:08:00+02:00,54,placa-vella,297,209,88,29.6
2026-10-05T22:08:00Z,2026-10-06T00:08:00+02:00,55,ajuntament-mercat,237,197,40,16.9
2026-10-05T22:09:00Z,2026-10-06T00:09:00+02:00,53,dr-robert,407,326,81,19.9
2026-10-05T22:09:00Z,2026-10-06T00:09:00+02:00,54,placa-vella,297,209,88,29.6
2026-10-05T22:09:00Z,2026-10-06T00:09:00+02:00,55,ajuntament-mercat,237,197,40,16.9
2026-10-05T22:10:00Z,2026-10-06T00:10:00+02:00,53,dr-robert,407,327,80,19.7
2026-10-05T22:10:00Z,2026-10-06T00:10:00+02:00,54,placa-vella,297,208,89,30
2026-10-05T22:10:00Z,2026-10-06T00:10:00+02:00,55,ajuntament-mercat,237,197,40,16.9
2026-10-05T22:11:00Z,2026-10-06T00:11:00+02:00,53,dr-robert,407,327,80,19.7
2026-10-05T22:11:00Z,2026-10-06T00:11:00+02:00,54,placa-vella,297,208,89,30
2026-10-05T22:11:00Z,2026-10-06T00:11:00+02:00,55,ajuntament-mercat,237,197,40,16.9
2026-10-05T22:12:00Z,2026-10-06T00:12:00+02:00,53,dr-robert,407,327,80,19.7
2026-10-05T22:12:00Z,2026-10-06T00:12:00+02:00,54,placa-vella,297,208,89,30
2026-10-05T22:12:00Z,2026-10-06T00:12:00+02:00,55,ajuntament-mercat,237,197,40,16.9
2026-10-05T22:13:00Z,2026-10-06T00:13:00+02:00,53,dr-robert,407,327,80,19.7
2026-10-05T22:13:00Z,2026-10-06T00:13:00+02:00,54,placa-vella,297,208,89,30
2026-10-05T22:13:00Z,2026-10-06T00:13:00+02:00,55,ajuntament-mercat,237,197,40,16.9
2026-10-05T22:14:00Z,2026-10-06T00:14:00+02:00,53,dr-robert,407,327,80,19.7
2026-10-05T22:14:00Z,2026-10-06T00:14:00+02:00,54,placa-vella,297,208,89,30
2026-10-05T22:14:00Z,2026-10-06T00:14:00+02:00,55,ajuntament-mercat,237,197,40,16.9
2026-10-05T22:15:00Z,2026-10-06T00:15:00+02:00,53,dr-robert,407,329,78,19.2
2026-10-05T22:15:00Z,2026-10-06T00:15:00+02:00,54,placa-vella,297,208,89,30
2026-10-05T22:15:00Z,2026-10-06T00:15:00+02:00,55,ajuntament-mercat,237,197,40,16.9
2026-10-05T22:16:00Z,2026-10-06T00:16:00+02:00,53,dr-robert,407,329,78,19.2
2026-10-05T22:16:00Z,2026-10-06T00:16:00+02:00,54,placa-vella,297,208,89,30
2026-10-05T22:16:00Z,2026-10-06T00:16:00+02:00,55,ajuntament-mercat,237,197,40,16.9
2026-10-05T22:17:00Z,2026-10-06T00:17:00+02:00,53,dr-robert,407,329,78,19.2
2026-10-05T22:17:00Z,2026-10-06T00:17:00+02:00,54,placa-vella,297,208,89,30
2026-10-05T22:17:00Z,2026-10-06T00:17:00+02:00,55,ajuntament-mercat,237,197,40,16.9
2026-10-05T22:18:00Z,2026-10-06T00:18:00+02:00,53,dr-robert,407,329,78,19.2
2026-10-05T22:18:00Z,2026-10-06T00:18:00+02:00,54,placa-vella,297,208,89,30
2026-10-05T22:18:00Z,2026-10-06T00:18:00+02:00,55,ajuntament-mercat,237,197,40,16.9
2026-10-05T22:19:00Z,2026-10-06T00:19:00+02:00,53,dr-robert,407,329,78,19.2
2026-10-05T22:19:00Z,2026-10-06T00:19:00+02:00,54,placa-vella,297,208,89,30
2026-10-05T22:19:00Z,2026-10-06T00:19:00+02:00,55,ajuntament-mercat,237,197,40,16.9
2026-10-05T22:20:00Z,2026-10-06T00:20:00+02:00,53,dr-robert,407,330,77,18.9
2026-10-05T22:20:00Z,2026-10-06T00:20:00+02:00,54,placa-vella,297,208,89,30
2026-10-05T22:20:00Z,2026-10-06T00:20:00+02:00,55,ajuntament-mercat,237,197,40,16.9
2026-10-05T22:21:00Z,2026-10-06T00:21:00+02:00,53,dr-robert,407,330,77,18.9
2026-10-05T22:21:00Z,2026-10-06T00:21:00+02:00,54,placa-vella,297,208,89,30
2026-10-05T22:21:00Z,2026-10-06T00:21:00+02:00,55,ajuntament-mercat,237,197,40,16.9
2026-10-05T22:22:00Z,2026-10-06T00:22:00+02:00,53,dr-robert,407,330,77,18.9
2026-10-05T22:22:00Z,2026-10-06T00:22:00+02:00,54,placa-vella,297,208,89,30
2026-10-05T22:22:00Z,2026-10-06T00:22:00+02:00,55,ajuntament-mercat,237,197,40,16.9
2026-10-05T22:23:00Z,2026-10-06T00:23:00+02:00,53,dr-robert,407,330,77,18.9
2026-10-05T22:23:00Z,2026-10-06T00:23:00+02:00,54,placa-vella,297,208,89,30
2026-10-05T22:23:00Z,2026-10-06T00:23:00+02:00,55,ajuntament-mercat,237,197,40,16.9
2026-10-05T22:24:00Z,2026-10-06T00:24:00+02:00,53,dr-robert,407,330,77,18.9
2026-10-05T22:24:00Z,2026-10-06T00:24:00+02:00,54,placa-vella,297,208,89,30
2026-10-05T22:24:00Z,2026-10-06T00:24:00+02:00,55,ajuntament-mercat,237,197,40,16.9
2026-10-05T22:25:00Z,2026-10-06T00:25:00+02:00,53,dr-robert,407,331,76,18.7
2026-10-05T22:25:00Z,2026-10-06T00:25:00+02:00,54,placa-vella,297,207,90,30.3
2026-10-05T22:25:00Z,2026-10-06T00:25:00+02:00,55,ajuntament-mercat,237,198,39,16.5
2026-10-05T22:26:00Z,2026-10-06T00:26:00+02:00,53,dr-robert,407,331,76,18.7
2026-10-05T22:26:00Z,2026-10-06T00:26:00+02:00,54,placa-vella,297,207,90,30.3
2026-10-05T22:26:00Z,2026-10-06T00:26:00+02:00,55,ajuntament-mercat,237,198,39,16.5
2026-10-05T22:27:00Z,2026-10-06T00:27:00+02:00,53,dr-robert,407,331,76,18.7
2026-10-05T22:27:00Z,2026-10-06T00:27:00+02:00,54,placa-vella,297,207,90,30.3
2026-10-05T22:27:00Z,2026-10-06T00:27:00+02:00,55,ajuntament-mercat,237,198,39,16.5
2026-10-05T22:28:00Z,2026-10-06T00:28:00+02:00,53,dr-robert,407,331,76,18.7
2026-10-05T22:28:00Z,2026-10-06T00:28:00+02:00,54,placa-vella,297,207,90,30.3
2026-10-05T22:28:00Z,2026-10-06T00:28:00+02:00,55,ajuntament-mercat,237,198,39,16.5
2026-10-05T22:29:00Z,2026-10-06T00:29:00+02:00,53,dr-robert,407,331,76,18.7
2026-10-05T22:29:00Z,2026-10-06T00:29:00+02:00,54,placa-vella,297,207,90,30.3
2026-10-05T22:29:00Z,2026-10-06T00:29:00+02:00,55,ajuntament-mercat,237,198,39,16.5
2026-10-05T22:30:00Z,2026-10-06T00:30:00+02:00,53,dr-robert,407,332,75,18.4
2026-10-05T22:30:00Z,2026-10-06T00:30:00+02:00,54,placa-vella,297,207,90,30.3
2026-10-05T22:30:00Z,2026-10-06T00:30:00+02:00,55,ajuntament-mercat,237,198,39,16.5
2026-10-05T22:31:00Z,2026-10-06T00:31:00+02:00,53,dr-robert,407,332,75,18.4
2026-10-05T22:31:00Z,2026-10-06T00:31:00+02:00,54,placa-vella,297,207,90,30.3
2026-10-05T22:31:00Z,2026-10-06T00:31:00+02:00,55,ajuntament-mercat,237,198,39,16.5
2026-10-05T22:32:00Z,2026-10-06T00:32:00+02:00,53,dr-robert,407,332,75,18.4
2026-10-05T22:32:00Z,2026-10-06T00:32:00+02:00,54,placa-vella,297,207,90,30.3
2026-10-05T22:32:00Z,2026-10-06T00:32:00+02:00,55,ajuntament-mercat,237,198,39,16.5
2026-10-05T22:33:00Z,2026-10-06T00:33:00+02:00,53,dr-robert,407,332,75,18.4
2026-10-05T22:33:00Z,2026-10-06T00:33:00+02:00,54,placa-vella,297,207,90,30.3
2026-10-05T22:33:00Z,2026-10-06T00:33:00+02:00,55,ajuntament-mercat,237,198,39,16.5
2026-10-05T22:34:00Z,2026-10-06T00:34:00+02:00,53,dr-robert,407,332,75,18.4
2026-10-05T22:34:00Z,2026-10-06T00:34:00+02:00,54,placa-vella,297,207,90,30.3
2026-10-05T22:34:00Z,2026-10-06T00:34:00+02:00,55,ajuntament-mercat,237,198,39,16.5
2026-10-05T22:35:00Z,2026-10-06T00:35:00+02:00,53,dr-robert,407,333,74,18.2
2026-10-05T22:35:00Z,2026-10-06T00:35:00+02:00,54,placa-vella,297,207,90,30.3
2026-10-05T22:35:00Z,2026-10-06T00:35:00+02:00,55,ajuntament-mercat,237,198,39,16.5
2026-10-05T22:36:00Z,2026-10-06T00:36:00+02:00,53,dr-robert,407,333,74,18.2
2026-10-05T22:36:00Z,2026-10-06T00:36:00+02:00,54,placa-vella,297,207,90,30.3
2026-10-05T22:36:00Z,2026-10-06T00:36:00+02:00,55,ajuntament-mercat,237,198,39,16.5
2026-10-05T22:37:00Z,2026-10-06T00:37:00+02:00,53,dr-robert,407,333,74,18.2
2026-10-05T22:37:00Z,2026-10-06T00:37:00+02:00,54,placa-vella,297,207,90,30.3
2026-10-05T22:37:00Z,2026-10-06T00:37:00+02:00,55,ajuntament-mercat,237,198,39,16.5
2026-10-05T22:38:00Z,2026-10-06T00:38:00+02:00,53,dr-robert,407,333,74,18.2
2026-10-05T22:38:00Z,2026-10-06T00:38:00+02:00,54,placa-vella,297,207,90,30.3
2026-10-05T22:38:00Z,2026-10-06T00:38:00+02:00,55,ajuntament-mercat,237,198,39,16.5
2026-10-05T22:39:00Z,2026-10-06T00:39:00+02:00,53,dr-robert,407,333,74,18.2
2026-10-05T22:39:00Z,2026-10-06T00:39:00+02:00,54,placa-vella,297,207,90,30.3
2026-10-05T22:39:00Z,2026-10-06T00:39:00+02:00,55,ajuntament-mercat,237,198,39,16.5
2026-10-05T22:40:00Z,2026-10-06T00:40:00+02:00,53,dr-robert,407,334,73,17.9
2026-10-05T22:40:00Z,2026-10-06T00:40:00+02:00,54,placa-vella,297,207,90,30.3
2026-10-05T22:40:00Z,2026-10-06T00:40:00+02:00,55,ajuntament-mercat,237,199,38,16
2026-10-05T22:41:00Z,2026-10-06T00:41:00+02:00,53,dr-robert,407,334,73,17.9
2026-10-05T22:41:00Z,2026-10-06T00:41:00+02:00,54,placa-vella,297,207,90,30.3
2026-10-05T22:41:00Z,2026-10-06T00:41:00+02:00,55,ajuntament-mercat,237,199,38,16
2026-10-05T22:42:00Z,2026-10-06T00:42:00+02:00,53,dr-robert,407,334,73,17.9
2026-10-05T22:42:00Z,2026-10-06T00:42:00+02:00,54,placa-vella,297,207,90,30.3
2026-10-05T22:42:00Z,2026-10-06T00:42:00+02:00,55,ajuntament-mercat,237,199,38,16
2026-10-05T22:43:00Z,2026-10-06T00:43:00+02:00,53,dr-robert,407,334,73,17.9
2026-10-05T22:43:00Z,2026-10-06T00:43:00+02:00,54,placa-vella,297,207,90,30.3
2026-10-05T22:43:00Z,2026-10-06T00:43:00+02:00,55,ajuntament-mercat,237,199,38,16
2026-10-05T22:44:00Z,2026-10-06T00:44:00+02:00,53,dr-robert,407,334,73,17.9
2026-10-05T22:44:00Z,2026-10-06T00:44:00+02:00,54,placa-vella,297,207,90,30.3
2026-10-05T22:44:00Z,2026-10-06T00:44:00+02:00,55,ajuntament-mercat,237,199,38,16
2026-10-05T22:45:00Z,2026-10-06T00:45:00+02:00,53,dr-robert,407,335,72,17.7
2026-10-05T22:45:00Z,2026-10-06T00:45:00+02:00,54,placa-vella,297,207,90,30.3
2026-10-05T22:45:00Z,2026-10-06T00:45:00+02:00,55,ajuntament-mercat,237,199,38,16
2026-10-05T22:46:00Z,2026-10-06T00:46:00+02:00,53,dr-robert,407,335,72,17.7
2026-10-05T22:46:00Z,2026-10-06T00:46:00+02:00,54,placa-vella,297,207,90,30.3
2026-10-05T22:46:00Z,2026-10-06T00:46:00+02:00,55,ajuntament-mercat,237,199,38,16
2026-10-05T22:47:00Z,2026-10-06T00:47:00+02:00,53,dr-robert,407,335,72,17.7
2026-10-05T22:47:00Z,2026-10-06T00:47:00+02:00,54,placa-vella,297,207,90,30.3
2026-10-05T22:47:00Z,2026-10-06T00:47:00+02:00,55,ajuntament-mercat,237,199,38,16
2026-10-05T22:48:00Z,2026-10-06T00:48:00+02:00,53,dr-robert,407,335,72,17.7
2026-10-05T22:48:00Z,2026-10-06T00:48:00+02:00,54,placa-vella,297,207,90,30.3
2026-10-05T22:48:00Z,2026-10-06T00:48:00+02:00,55,ajuntament-mercat,237,199,38,16
2026-10-05T22:49:00Z,2026-10-06T00:49:00+02:00,53,dr-robert,407,335,72,17.7
2026-10-05T22:49:00Z,2026-10-06T00:49:00+02:00,54,placa-vella,297,207,90,30.3
2026-10-05T22:49:00Z,2026-10-06T00:49:00+02:00,55,ajuntament-mercat,237,199,38,16
2026-10-05T22:50:00Z,2026-10-06T00:50:00+02:00,53,dr-robert,407,335,72,17.7
2026-10-05T22:50:00Z,2026-10-06T00:50:00+02:00,54,placa-vella,297,207,90,30.3
2026-10-05T22:50:00Z,2026-10-06T00:50:00+02:00,55,ajuntament-mercat,237,199,38,16
2026-10-05T22:51:00Z,2026-10-06T00:51:00+02:00,53,dr-robert,407,335,72,17.7
2026-10-05T22:51:00Z,2026-10-06T00:51:00+02:00,54,placa-vella,297,207,90,30.3
2026-10-05T22:51:00Z,2026-10-06T00:51:00+02:00,55,ajuntament-mercat,237,199,38,16
2026-10-05T22:52:00Z,2026-10-06T00:52:00+02:00,53,dr-robert,407,335,72,17.7
2026-10-05T22:52:00Z,2026-10-06T00:52:00+02:00,54,placa-vella,297,207,90,30.3
2026-10-05T22:52:00Z,2026-10-06T00:52:00+02:00,55,ajuntament-mercat,237,199,38,16
2026-10-05T22:53:00Z,2026-10-06T00:53:00+02:00,53,dr-robert,407,335,72,17.7
2026-10-05T22:53:00Z,2026-10-06T00:53:00+02:00,54,placa-vella,297,207,90,30.3
2026-10-05T22:53:00Z,2026-10-06T00:53:00+02:00,55,ajuntament-mercat,237,199,38,16
2026-10-05T22:54:00Z,2026-10-06T00:54:00+02:00,53,dr-robert,407,335,72,17.7
2026-10-05T22:54:00Z,2026-10-06T00:54:00+02:00,54,placa-vella,297,207,90,30.3
2026-10-05T22:54:00Z,2026-10-06T00:54:00+02:00,55,ajuntament-mercat,237,199,38,16
2026-10-05T22:55:00Z,2026-10-06T00:55:00+02:00,53,dr-robert,407,335,72,17.7
2026-10-05T22:55:00Z,2026-10-06T00:55:00+02:00,54,placa-vella,297,208,89,30
2026-10-05T22:55:00Z,2026-10-06T00:55:00+02:00,55,ajuntament-mercat,237,199,38,16
2026-10-05T22:56:00Z,2026-10-06T00:56:00+02:00,53,dr-robert,407,335,72,17.7
2026-10-05T22:56:00Z,2026-10-06T00:56:00+02:00,54,placa-vella,297,208,89,30
2026-10-05T22:56:00Z,2026-10-06T00:56:00+02:00,55,ajuntament-mercat,237,199,38,16
2026-10-05T22:57:00Z,2026-10-06T00:57:00+02:00,53,dr-robert,407,335,72,17.7
2026-10-05T22:57:00Z,2026-10-06T00:57:00+02:00,54,placa-vella,297,208,89,30
2026-10-05T22:57:00Z,2026-10-06T00:57:00+02:00,55,ajuntament-mercat,237,199,38,16
2026-10-05T22:58:00Z,2026-10-06T00:58:00+02:00,53,dr-robert,407,335,72,17.7
2026-10-05T22:58:00Z,2026-10-06T00:58:00+02:00,54,placa-vella,297,208,89,30
2026-10-05T22:58:00Z,2026-10-06T00:58:00+02:00,55,ajuntament-mercat,237,199,38,16
2026-10-05T22:59:00Z,2026-10-06T00:59:00+02:00,53,dr-robert,407,335,72,17.7
2026-10-05T22:59:00Z,2026-10-06T00:59:00+02:00,54,placa-vella,297,208,89,30
2026-10-05T22:59:00Z,2026-10-06T00:59:00+02:00,55,ajuntament-mercat,237,199,38,16
2026-10-05T23:00:00Z,2026-10-06T01:00:00+02:00,53,dr-robert,407,335,72,17.7
2026-10-05T23:00:00Z,2026-10-06T01:00:00+02:00,54,placa-vella,297,208,89,30
2026-10-05T23:00:00Z,2026-10-06T01:00:00+02:00,55,ajuntament-mercat,237,199,38,16
2026-10-05T23:01:00Z,2026-10-06T01:01:00+02:00,53,dr-robert,407,335,72,17.7
2026-10-05T23:01:00Z,2026-10-06T01:01:00+02:00,54,placa-vella,297,208,89,30
2026-10-05T23:01:00Z,2026-10-06T01:01:00+02:00,55,ajuntament-mercat,237,199,38,16
2026-10-05T23:02:00Z,2026-10-06T01:02:00+02:00,53,dr-robert,407,335,72,17.7
2026-10-05T23:02:00Z,2026-10-06T01:02:00+02:00,54,placa-vella,297,208,89,30
2026-10-05T23:02:00Z,2026-10-06T01:02:00+02:00,55,ajuntament-mercat,237,199,38,16
2026-10-05T23:03:00Z,2026-10-06T01:03:00+02:00,53,dr-robert,407,335,72,17.7
2026-10-05T23:03:00Z,2026-10-06T01:03:00+02:00,54,placa-vella,297,208,89,30
2026-10-05T23:03:00Z,2026-10-06T01:03:00+02:00,55,ajuntament-mercat,237,199,38,16
2026-10-05T23:04:00Z,2026-10-06T01:04:00+02:00,53,dr-robert,407,335,72,17.7
2026-10-05T23:04:00Z,2026-10-06T01:04:00+02:00,54,placa-vella,297,208,89,30
2026-10-05T23:04:00Z,2026-10-06T01:04:00+02:00,55,ajuntament-mercat,237,199,38,16
2026-10-05T23:05:00Z,2026-10-06T01:05:00+02:00,53,dr-robert,407,335,72,17.7
2026-10-05T23:05:00Z,2026-10-06T01:05:00+02:00,54,placa-vella,297,208,89,30
2026-10-05T23:05:00Z,2026-10-06T01:05:00+02:00,55,ajuntament-mercat,237,199,38,16
2026-10-05T23:06:00Z,2026-10-06T01:06:00+02:00,53,dr-robert,407,335,72,17.7
2026-10-05T23:06:00Z,2026-10-06T01:06:00+02:00,54,placa-vella,297,208,89,30
2026-10-05T23:06:00Z,2026-10-06T01:06:00+02:00,55,ajuntament-mercat,237,199,38,16
2026-10-05T23:07:00Z,2026-10-06T01:07:00+02:00,53,dr-robert,407,335,72,17.7
2026-10-05T23:07:00Z,2026-10-06T01:07:00+02:00,54,placa-vella,297,208,89,30
2026-10-05T23:07:00Z,2026-10-06T01:07:00+02:00,55,ajuntament-mercat,237,199,38,16
2026-10-05T23:08:00Z,2026-10-06T01:08:00+02:00,53,dr-robert,407,335,72,17.7
2026-10-05T23:08:00Z,2026-10-06T01:08:00+02:00,54,placa-vella,297,208,89,30
2026-10-05T23:08:00Z,2026-10-06T01:08:00+02:00,55,ajuntament-mercat,237,199,38,16
2026-10-05T23:09:00Z,2026-10-06T01:09:00+02:00,53,dr-robert,407,335,72,17.7
2026-10-05T23:09:00Z,2026-10-06T01:09:00+02:00,54,placa-vella,297,208,89,30
2026-10-05T23:09:00Z,2026-10-06T01:09:00+02:00,55,ajuntament-mercat,237,199,38,16
2026-10-05T23:10:00Z,2026-10-06T01:10:00+02:00,53,dr-robert,407,335,72,17.7
2026-10-05T23:10:00Z,2026-10-06T01:10:00+02:00,54,placa-vella,297,208,89,30
2026-10-05T23:10:00Z,2026-10-06T01:10:00+02:00,55,ajuntament-mercat,237,199,38,16
2026-10-05T23:11:00Z,2026-10-06T01:11:00+02:00,53,dr-robert,407,335,72,17.7
2026-10-05T23:11:00Z,2026-10-06T01:11:00+02:00,54,placa-vella,297,208,89,30
2026-10-05T23:11:00Z,2026-10-06T01:11:00+02:00,55,ajuntament-mercat,237,199,38,16
2026-10-05T23:12:00Z,2026-10-06T01:12:00+02:00,53,dr-robert,407,335,72,17.7
2026-10-05T23:12:00Z,2026-10-06T01:12:00+02:00,54,placa-vella,297,208,89,30
2026-10-05T23:12:00Z,2026-10-06T01:12:00+02:00,55,ajuntament-mercat,237,199,38,16
2026-10-05T23:13:00Z,2026-10-06T01:13:00+02:00,53,dr-robert,407,335,72,17.7
2026-10-05T23:13:00Z,2026-10-06T01:13:00+02:00,54,placa-vella,297,208,89,30
2026-10-05T23:13:00Z,2026-10-06T01:13:00+02:00,55,ajuntament-mercat,237,199,38,16
2026-10-05T23:14:00Z,2026-10-06T01:14:00+02:00,53,dr-robert,407,335,72,17.7
2026-10-05T23:14:00Z,2026-10-06T01:14:00+02:00,54,placa-vella,297,208,89,30
2026-10-05T23:14:00Z,2026-10-06T01:14:00+02:00,55,ajuntament-mercat,237,199,38,16
2026-10-05T23:15:00Z,2026-10-06T01:15:00+02:00,53,dr-robert,407,335,72,17.7
2026-10-05T23:15:00Z,2026-10-06T01:15:00+02:00,54,placa-vella,297,208,89,30
2026-10-05T23:15:00Z,2026-10-06T01:15:00+02:00,55,ajuntament-mercat,237,199,38,16
2026-10-05T23:16:00Z,2026-10-06T01:16:00+02:00,53,dr-robert,407,337,70,17.2
2026-10-05T23:16:00Z,2026-10-06T01:16:00+02:00,54,placa-vella,297,208,89,30
2026-10-05T23:16:00Z,2026-10-06T01:16:00+02:00,55,ajuntament-mercat,237,199,38,16
2026-10-05T23:17:00Z,2026-10-06T01:17:00+02:00,53,dr-robert,407,337,70,17.2
2026-10-05T23:17:00Z,2026-10-06T01:17:00+02:00,54,placa-vella,297,208,89,30
2026-10-05T23:17:00Z,2026-10-06T01:17:00+02:00,55,ajuntament-mercat,237,199,38,16
2026-10-05T23:18:00Z,2026-10-06T01:18:00+02:00,53,dr-robert,407,337,70,17.2
2026-10-05T23:18:00Z,2026-10-06T01:18:00+02:00,54,placa-vella,297,208,89,30
2026-10-05T23:18:00Z,2026-10-06T01:18:00+02:00,55,ajuntament-mercat,237,199,38,16
2026-10-05T23:19:00Z,2026-10-06T01:19:00+02:00,53,dr-robert,407,337,70,17.2
2026-10-05T23:19:00Z,2026-10-06T01:19:00+02:00,54,placa-vella,297,208,89,30
2026-10-05T23:19:00Z,2026-10-06T01:19:00+02:00,55,ajuntament-mercat,237,199,38,16
2026-10-05T23:20:00Z,2026-10-06T01:20:00+02:00,53,dr-robert,407,337,70,17.2
2026-10-05T23:20:00Z,2026-10-06T01:20:00+02:00,54,placa-vella,297,208,89,30
2026-10-05T23:20:00Z,2026-10-06T01:20:00+02:00,55,ajuntament-mercat,237,199,38,16
2026-10-05T23:21:00Z,2026-10-06T01:21:00+02:00,53,dr-robert,407,337,70,17.2
2026-10-05T23:21:00Z,2026-10-06T01:21:00+02:00,54,placa-vella,297,208,89,30
2026-10-05T23:21:00Z,2026-10-06T01:21:00+02:00,55,ajuntament-mercat,237,199,38,16
2026-10-05T23:22:00Z,2026-10-06T01:22:00+02:00,53,dr-robert,407,337,70,17.2
2026-10-05T23:22:00Z,2026-10-06T01:22:00+02:00,54,placa-vella,297,208,89,30
2026-10-05T23:22:00Z,2026-10-06T01:22:00+02:00,55,ajuntament-mercat,237,199,38,16
2026-10-05T23:23:00Z,2026-10-06T01:23:00+02:00,53,dr-robert,407,337,70,17.2
2026-10-05T23:23:00Z,2026-10-06T01:23:00+02:00,54,placa-vella,297,208,89,30
2026-10-05T23:23:00Z,2026-10-06T01:23:00+02:00,55,ajuntament-mercat,237,199,38,16
2026-10-05T23:24:00Z,2026-10-06T01:24:00+02:00,53,dr-robert,407,337,70,17.2
2026-10-05T23:24:00Z,2026-10-06T01:24:00+02:00,54,placa-vella,297,208,89,30
2026-10-05T23:24:00Z,2026-10-06T01:24:00+02:00,55,ajuntament-mercat,237,199,38,16
2026-10-05T23:25:00Z,2026-10-06T01:25:00+02:00,53,dr-robert,407,338,69,17
2026-10-05T23:25:00Z,2026-10-06T01:25:00+02:00,54,placa-vella,297,208,89,30
2026-10-05T23:25:00Z,2026-10-06T01:25:00+02:00,55,ajuntament-mercat,237,198,39,16.5
2026-10-05T23:26:00Z,2026-10-06T01:26:00+02:00,53,dr-robert,407,338,69,17
2026-10-05T23:26:00Z,2026-10-06T01:26:00+02:00,54,placa-vella,297,208,89,30
2026-10-05T23:26:00Z,2026-10-06T01:26:00+02:00,55,ajuntament-mercat,237,198,39,16.5
2026-10-05T23:27:00Z,2026-10-06T01:27:00+02:00,53,dr-robert,407,338,69,17
2026-10-05T23:27:00Z,2026-10-06T01:27:00+02:00,54,placa-vella,297,208,89,30
2026-10-05T23:27:00Z,2026-10-06T01:27:00+02:00,55,ajuntament-mercat,237,198,39,16.5
2026-10-05T23:28:00Z,2026-10-06T01:28:00+02:00,53,dr-robert,407,338,69,17
2026-10-05T23:28:00Z,2026-10-06T01:28:00+02:00,54,placa-vella,297,208,89,30
2026-10-05T23:28:00Z,2026-10-06T01:28:00+02:00,55,ajuntament-mercat,237,198,39,16.5
2026-10-05T23:29:00Z,2026-10-06T01:29:00+02:00,53,dr-robert,407,338,69,17
2026-10-05T23:29:00Z,2026-10-06T01:29:00+02:00,54,placa-vella,297,208,89,30
2026-10-05T23:29:00Z,2026-10-06T01:29:00+02:00,55,ajuntament-mercat,237,198,39,16.5
2026-10-05T23:30:00Z,2026-10-06T01:30:00+02:00,53,dr-robert,407,338,69,17
2026-10-05T23:30:00Z,2026-10-06T01:30:00+02:00,54,placa-vella,297,208,89,30
2026-10-05T23:30:00Z,2026-10-06T01:30:00+02:00,55,ajuntament-mercat,237,198,39,16.5
2026-10-05T23:31:00Z,2026-10-06T01:31:00+02:00,53,dr-robert,407,338,69,17
2026-10-05T23:31:00Z,2026-10-06T01:31:00+02:00,54,placa-vella,297,208,89,30
2026-10-05T23:31:00Z,2026-10-06T01:31:00+02:00,55,ajuntament-mercat,237,198,39,16.5
2026-10-05T23:32:00Z,2026-10-06T01:32:00+02:00,53,dr-robert,407,338,69,17
2026-10-05T23:32:00Z,2026-10-06T01:32:00+02:00,54,placa-vella,297,208,89,30
2026-10-05T23:32:00Z,2026-10-06T01:32:00+02:00,55,ajuntament-mercat,237,198,39,16.5
2026-10-05T23:33:00Z,2026-10-06T01:33:00+02:00,53,dr-robert,407,338,69,17
2026-10-05T23:33:00Z,2026-10-06T01:33:00+02:00,54,placa-vella,297,208,89,30
2026-10-05T23:33:00Z,2026-10-06T01:33:00+02:00,55,ajuntament-mercat,237,198,39,16.5
2026-10-05T23:34:00Z,2026-10-06T01:34:00+02:00,53,dr-robert,407,338,69,17
2026-10-05T23:34:00Z,2026-10-06T01:34:00+02:00,54,placa-vella,297,208,89,30
2026-10-05T23:34:00Z,2026-10-06T01:34:00+02:00,55,ajuntament-mercat,237,198,39,16.5
2026-10-05T23:35:00Z,2026-10-06T01:35:00+02:00,53,dr-robert,407,339,68,16.7
2026-10-05T23:35:00Z,2026-10-06T01:35:00+02:00,54,placa-vella,297,208,89,30
2026-10-05T23:35:00Z,2026-10-06T01:35:00+02:00,55,ajuntament-mercat,237,198,39,16.5
2026-10-05T23:36:00Z,2026-10-06T01:36:00+02:00,53,dr-robert,407,339,68,16.7
2026-10-05T23:36:00Z,2026-10-06T01:36:00+02:00,54,placa-vella,297,208,89,30
2026-10-05T23:36:00Z,2026-10-06T01:36:00+02:00,55,ajuntament-mercat,237,198,39,16.5
2026-10-05T23:37:00Z,2026-10-06T01:37:00+02:00,53,dr-robert,407,339,68,16.7
2026-10-05T23:37:00Z,2026-10-06T01:37:00+02:00,54,placa-vella,297,208,89,30
2026-10-05T23:37:00Z,2026-10-06T01:37:00+02:00,55,ajuntament-mercat,237,198,39,16.5
2026-10-05T23:38:00Z,2026-10-06T01:38:00+02:00,53,dr-robert,407,339,68,16.7
2026-10-05T23:38:00Z,2026-10-06T01:38:00+02:00,54,placa-vella,297,208,89,30
2026-10-05T23:38:00Z,2026-10-06T01:38:00+02:00,55,ajuntament-mercat,237,198,39,16.5
2026-10-05T23:39:00Z,2026-10-06T01:39:00+02:00,53,dr-robert,407,339,68,16.7
2026-10-05T23:39:00Z,2026-10-06T01:39:00+02:00,54,placa-vella,297,208,89,30
2026-10-05T23:39:00Z,2026-10-06T01:39:00+02:00,55,ajuntament-mercat,237,198,39,16.5
2026-10-05T23:40:00Z,2026-10-06T01:40:00+02:00,53,dr-robert,407,339,68,16.7
2026-10-05T23:40:00Z,2026-10-06T01:40:00+02:00,54,placa-vella,297,208,89,30
2026-10-05T23:40:00Z,2026-10-06T01:40:00+02:00,55,ajuntament-mercat,237,198,39,16.5
2026-10-05T23:41:00Z,2026-10-06T01:41:00+02:00,53,dr-robert,407,339,68,16.7
2026-10-05T23:41:00Z,2026-10-06T01:41:00+02:00,54,placa-vella,297,208,89,30
2026-10-05T23:41:00Z,2026-10-06T01:41:00+02:00,55,ajuntament-mercat,237,198,39,16.5
2026-10-05T23:42:00Z,2026-10-06T01:42:00+02:00,53,dr-robert,407,339,68,16.7
2026-10-05T23:42:00Z,2026-10-06T01:42:00+02:00,54,placa-vella,297,208,89,30
2026-10-05T23:42:00Z,2026-10-06T01:42:00+02:00,55,ajuntament-mercat,237,198,39,16.5
2026-10-05T23:43:00Z,2026-10-06T01:43:00+02:00,53,dr-robert,407,339,68,16.7
2026-10-05T23:43:00Z,2026-10-06T01:43:00+02:00,54,placa-vella,297,208,89,30
2026-10-05T23:43:00Z,2026-10-06T01:43:00+02:00,55,ajuntament-mercat,237,198,39,16.5
2026-10-05T23:44:00Z,2026-10-06T01:44:00+02:00,53,dr-robert,407,339,68,16.7
2026-10-05T23:44:00Z,2026-10-06T01:44:00+02:00,54,placa-vella,297,208,89,30
2026-10-05T23:44:00Z,2026-10-06T01:44:00+02:00,55,ajuntament-mercat,237,198,39,16.5
2026-10-05T23:45:00Z,2026-10-06T01:45:00+02:00,53,dr-robert,407,339,68,16.7
2026-10-05T23:45:00Z,2026-10-06T01:45:00+02:00,54,placa-vella,297,208,89,30
2026-10-05T23:45:00Z,2026-10-06T01:45:00+02:00,55,ajuntament-mercat,237,198,39,16.5
2026-10-05T23:46:00Z,2026-10-06T01:46:00+02:00,53,dr-robert,407,339,68,16.7
2026-10-05T23:46:00Z,2026-10-06T01:46:00+02:00,54,placa-vella,297,208,89,30
2026-10-05T23:46:00Z,2026-10-06T01:46:00+02:00,55,ajuntament-mercat,237,198,39,16.5
2026-10-05T23:47:00Z,2026-10-06T01:47:00+02:00,53,dr-robert,407,339,68,16.7
2026-10-05T23:47:00Z,2026-10-06T01:47:00+02:00,54,placa-vella,297,208,89,30
2026-10-05T23:47:00Z,2026-10-06T01:47:00+02:00,55,ajuntament-mercat,237,198,39,16.5
2026-10-05T23:48:00Z,2026-10-06T01:48:00+02:00,53,dr-robert,407,339,68,16.7
2026-10-05T23:48:00Z,2026-10-06T01:48:00+02:00,54,placa-vella,297,208,89,30
2026-10-05T23:48:00Z,2026-10-06T01:48:00+02:00,55,ajuntament-mercat,237,198,39,16.5
2026-10-05T23:49:00Z,2026-10-06T01:49:00+02:00,53,dr-robert,407,339,68,16.7
2026-10-05T23:49:00Z,2026-10-06T01:49:00+02:00,54,placa-vella,297,208,89,30
2026-10-05T23:49:00Z,2026-10-06T01:49:00+02:00,55,ajuntament-mercat,237,198,39,16.5
2026-10-05T23:50:00Z,2026-10-06T01:50:00+02:00,53,dr-robert,407,339,68,16.7
2026-10-05T23:50:00Z,2026-10-06T01:50:00+02:00,54,placa-vella,297,208,89,30
2026-10-05T23:50:00Z,2026-10-06T01:50:00+02:00,55,ajuntament-mercat,237,198,39,16.5
2026-10-05T23:51:00Z,2026-10-06T01:51:00+02:00,53,dr-robert,407,339,68,16.7
2026-10-05T23:51:00Z,2026-10-06T01:51:00+02:00,54,placa-vella,297,208,89,30
2026-10-05T23:51:00Z,2026-10-06T01:51:00+02:00,55,ajuntament-mercat,237,198,39,16.5
2026-10-05T23:52:00Z,2026-10-06T01:52:00+02:00,53,dr-robert,407,339,68,16.7
2026-10-05T23:52:00Z,2026-10-06T01:52:00+02:00,54,placa-vella,297,208,89,30
2026-10-05T23:52:00Z,2026-10-06T01:52:00+02:00,55,ajuntament-mercat,237,198,39,16.5
2026-10-05T23:53:00Z,2026-10-06T01:53:00+02:00,53,dr-robert,407,339,68,16.7
2026-10-05T23:53:00Z,2026-10-06T01:53:00+02:00,54,placa-vella,297,208,89,30
2026-10-05T23:53:00Z,2026-10-06T01:53:00+02:00,55,ajuntament-mercat,237,198,39,16.5
2026-10-05T23:54:00Z,2026-10-06T01:54:00+02:00,53,dr-robert,407,339,68,16.7
2026-10-05T23:54:00Z,2026-10-06T01:54:00+02:00,54,placa-vella,297,208,89,30
2026-10-05T23:54:00Z,2026-10-06T01:54:00+02:00,55,ajuntament-mercat,237,198,39,16.5
2026-10-05T23:55:00Z,2026-10-06T01:55:00+02:00,53,dr-robert,407,339,68,16.7
2026-10-05T23:55:00Z,2026-10-06T01:55:00+02:00,54,placa-vella,297,208,89,30
2026-10-05T23:55:00Z,2026-10-06T01:55:00+02:00,55,ajuntament-mercat,237,198,39,16.5
2026-10-05T23:56:00Z,2026-10-06T01:56:00+02:00,53,dr-robert,407,339,68,16.7
2026-10-05T23:56:00Z,2026-10-06T01:56:00+02:00,54,placa-vella,297,208,89,30
2026-10-05T23:56:00Z,2026-10-06T01:56:00+02:00,55,ajuntament-mercat,237,198,39,16.5
2026-10-05T23:57:00Z,2026-10-06T01:57:00+02:00,53,dr-robert,407,339,68,16.7
2026-10-05T23:57:00Z,2026-10-06T01:57:00+02:00,54,placa-vella,297,208,89,30
2026-10-05T23:57:00Z,2026-10-06T01:57:00+02:00,55,ajuntament-mercat,237,198,39,16.5
2026-10-05T23:58:00Z,2026-10-06T01:58:00+02:00,53,dr-robert,407,339,68,16.7
2026-10-05T23:58:00Z,2026-10-06T01:58:00+02:00,54,placa-vella,297,208,89,30
2026-10-05T23:58:00Z,2026-10-06T01:58:00+02:00,55,ajuntament-mercat,237,198,39,16.5
2026-10-05T23:59:00Z,2026-10-06T01:59:00+02:00,53,dr-robert,407,339,68,16.7
2026-10-05T23:59:00Z,2026-10-06T01:59:00+02:00,54,placa-vella,297,208,89,30
2026-10-05T23:59:00Z,2026-10-06T01:59:00+02:00,55,ajuntament-mercat,237,198,39,16.5
2026-10-06T00:00:00Z,2026-10-06T02:00:00+02:00,53,dr-robert,407,339,68,16.7
2026-10-06T00:00:00Z,2026-10-06T02:00:00+02:00,54,placa-vella,297,208,89,30
2026-10-06T00:00:00Z,2026-10-06T02:00:00+02:00,55,ajuntament-mercat,237,198,39,16.5
2026-10-06T00:01:00Z,2026-10-06T02:01:00+02:00,53,dr-robert,407,339,68,16.7
2026-10-06T00:01:00Z,2026-10-06T02:01:00+02:00,54,placa-vella,297,208,89,30
2026-10-06T00:01:00Z,2026-10-06T02:01:00+02:00,55,ajuntament-mercat,237,198,39,16.5
2026-10-06T00:02:00Z,2026-10-06T02:02:00+02:00,53,dr-robert,407,339,68,16.7
2026-10-06T00:02:00Z,2026-10-06T02:02:00+02:00,54,placa-vella,297,208,89,30
2026-10-06T00:02:00Z,2026-10-06T02:02:00+02:00,55,ajuntament-mercat,237,198,39,16.5
2026-10-06T00:03:00Z,2026-10-06T02:03:00+02:00,53,dr-robert,407,339,68,16.7
2026-10-06T00:03:00Z,2026-10-06T02:03:00+02:00,54,placa-vella,297,208,89,30
2026-10-06T00:03:00Z,2026-10-06T02:03:00+02:00,55,ajuntament-mercat,237,198,39,16.5
2026-10-06T00:04:00Z,2026-10-06T02:04:00+02:00,53,dr-robert,407,337,70,17.2
2026-10-06T00:04:00Z,2026-10-06T02:04:00+02:00,54,placa-vella,297,208,89,30
2026-10-06T00:04:00Z,2026-10-06T02:04:00+02:00,55,ajuntament-mercat,237,198,39,16.5
2026-10-06T00:06:00Z,2026-10-06T02:06:00+02:00,53,dr-robert,407,337,70,17.2
2026-10-06T00:06:00Z,2026-10-06T02:06:00+02:00,54,placa-vella,297,208,89,30
2026-10-06T00:06:00Z,2026-10-06T02:06:00+02:00,55,ajuntament-mercat,237,198,39,16.5
2026-10-06T00:07:00Z,2026-10-06T02:07:00+02:00,53,dr-robert,407,337,70,17.2
2026-10-06T00:07:00Z,2026-10-06T02:07:00+02:00,54,placa-vella,297,208,89,30
2026-10-06T00:07:00Z,2026-10-06T02:07:00+02:00,55,ajuntament-mercat,237,198,39,16.5
2026-10-06T00:08:00Z,2026-10-06T02:08:00+02:00,53,dr-robert,407,337,70,17.2
2026-10-06T00:08:00Z,2026-10-06T02:08:00+02:00,54,placa-vella,297,208,89,30
2026-10-06T00:08:00Z,2026-10-06T02:08:00+02:00,55,ajuntament-mercat,237,198,39,16.5
2026-10-06T00:09:00Z,2026-10-06T02:09:00+02:00,53,dr-robert,407,337,70,17.2
2026-10-06T00:09:00Z,2026-10-06T02:09:00+02:00,54,placa-vella,297,208,89,30
2026-10-06T00:09:00Z,2026-10-06T02:09:00+02:00,55,ajuntament-mercat,237,198,39,16.5
2026-10-06T00:10:00Z,2026-10-06T02:10:00+02:00,53,dr-robert,407,338,69,17
2026-10-06T00:10:00Z,2026-10-06T02:10:00+02:00,54,placa-vella,297,208,89,30
2026-10-06T00:10:00Z,2026-10-06T02:10:00+02:00,55,ajuntament-mercat,237,198,39,16.5
2026-10-06T00:11:00Z,2026-10-06T02:11:00+02:00,53,dr-robert,407,338,69,17
2026-10-06T00:11:00Z,2026-10-06T02:11:00+02:00,54,placa-vella,297,208,89,30
2026-10-06T00:11:00Z,2026-10-06T02:11:00+02:00,55,ajuntament-mercat,237,198,39,16.5
2026-10-06T00:12:00Z,2026-10-06T02:12:00+02:00,53,dr-robert,407,338,69,17
2026-10-06T00:12:00Z,2026-10-06T02:12:00+02:00,54,placa-vella,297,208,89,30
2026-10-06T00:12:00Z,2026-10-06T02:12:00+02:00,55,ajuntament-mercat,237,198,39,16.5
2026-10-06T00:13:00Z,2026-10-06T02:13:00+02:00,53,dr-robert,407,338,69,17
2026-10-06T00:13:00Z,2026-10-06T02:13:00+02:00,54,placa-vella,297,208,89,30
2026-10-06T00:13:00Z,2026-10-06T02:13:00+02:00,55,ajuntament-mercat,237,198,39,16.5
2026-10-06T00:14:00Z,2026-10-06T02:14:00+02:00,53,dr-robert,407,338,69,17
2026-10-06T00:14:00Z,2026-10-06T02:14:00+02:00,54,placa-vella,297,208,89,30
2026-10-06T00:14:00Z,2026-10-06T02:14:00+02:00,55,ajuntament-mercat,237,198,39,16.5
2026-10-06T00:15:00Z,2026-10-06T02:15:00+02:00,53,dr-robert,407,339,68,16.7
2026-10-06T00:15:00Z,2026-10-06T02:15:00+02:00,54,placa-vella,297,208,89,30
2026-10-06T00:15:00Z,2026-10-06T02:15:00+02:00,55,ajuntament-mercat,237,198,39,16.5
2026-10-06T00:16:00Z,2026-10-06T02:16:00+02:00,53,dr-robert,407,339,68,16.7
2026-10-06T00:16:00Z,2026-10-06T02:16:00+02:00,54,placa-vella,297,208,89,30
2026-10-06T00:16:00Z,2026-10-06T02:16:00+02:00,55,ajuntament-mercat,237,198,39,16.5
2026-10-06T00:17:00Z,2026-10-06T02:17:00+02:00,53,dr-robert,407,339,68,16.7
2026-10-06T00:17:00Z,2026-10-06T02:17:00+02:00,54,placa-vella,297,208,89,30
2026-10-06T00:17:00Z,2026-10-06T02:17:00+02:00,55,ajuntament-mercat,237,198,39,16.5
2026-10-06T00:18:00Z,2026-10-06T02:18:00+02:00,53,dr-robert,407,339,68,16.7
2026-10-06T00:18:00Z,2026-10-06T02:18:00+02:00,54,placa-vella,297,208,89,30
2026-10-06T00:18:00Z,2026-10-06T02:18:00+02:00,55,ajuntament-mercat,237,198,39,16.5
2026-10-06T00:19:00Z,2026-10-06T02:19:00+02:00,53,dr-robert,407,339,68,16.7
2026-10-06T00:19:00Z,2026-10-06T02:19:00+02:00,54,placa-vella,297,208,89,30
2026-10-06T00:19:00Z,2026-10-06T02:19:00+02:00,55,ajuntament-mercat,237,198,39,16.5
2026-10-06T00:20:00Z,2026-10-06T02:20:00+02:00,53,dr-robert,407,338,69,17
2026-10-06T00:20:00Z,2026-10-06T02:20:00+02:00,54,placa-vella,297,208,89,30
2026-10-06T00:20:00Z,2026-10-06T02:20:00+02:00,55,ajuntament-mercat,237,198,39,16.5
2026-10-06T00:21:00Z,2026-10-06T02:21:00+02:00,53,dr-robert,407,338,69,17
2026-10-06T00:21:00Z,2026-10-06T02:21:00+02:00,54,placa-vella,297,208,89,30
2026-10-06T00:21:00Z,2026-10-06T02:21:00+02:00,55,ajuntament-mercat,237,198,39,16.5
2026-10-06T00:22:00Z,2026-10-06T02:22:00+02:00,53,dr-robert,407,338,69,17
2026-10-06T00:22:00Z,2026-10-06T02:22:00+02:00,54,placa-vella,297,208,89,30
2026-10-06T00:22:00Z,2026-10-06T02:22:00+02:00,55,ajuntament-mercat,237,198,39,16.5
2026-10-06T00:23:00Z,2026-10-06T02:23:00+02:00,53,dr-robert,407,338,69,17
2026-10-06T00:23:00Z,2026-10-06T02:23:00+02:00,54,placa-vella,297,208,89,30
2026-10-06T00:23:00Z,2026-10-06T02:23:00+02:00,55,ajuntament-mercat,237,198,39,16.5
2026-10-06T00:24:00Z,2026-10-06T02:24:00+02:00,53,dr-robert,407,338,69,17
2026-10-06T00:24:00Z,2026-10-06T02:24:00+02:00,54,placa-vella,297,208,89,30
2026-10-06T00:24:00Z,2026-10-06T02:24:00+02:00,55,ajuntament-mercat,237,198,39,16.5
2026-10-06T00:25:00Z,2026-10-06T02:25:00+02:00,53,dr-robert,407,338,69,17
2026-10-06T00:25:00Z,2026-10-06T02:25:00+02:00,54,placa-vella,297,208,89,30
2026-10-06T00:25:00Z,2026-10-06T02:25:00+02:00,55,ajuntament-mercat,237,198,39,16.5
2026-10-06T00:26:00Z,2026-10-06T02:26:00+02:00,53,dr-robert,407,338,69,17
2026-10-06T00:26:00Z,2026-10-06T02:26:00+02:00,54,placa-vella,297,208,89,30
2026-10-06T00:26:00Z,2026-10-06T02:26:00+02:00,55,ajuntament-mercat,237,198,39,16.5
2026-10-06T00:27:00Z,2026-10-06T02:27:00+02:00,53,dr-robert,407,338,69,17
2026-10-06T00:27:00Z,2026-10-06T02:27:00+02:00,54,placa-vella,297,208,89,30
2026-10-06T00:27:00Z,2026-10-06T02:27:00+02:00,55,ajuntament-mercat,237,198,39,16.5
2026-10-06T00:28:00Z,2026-10-06T02:28:00+02:00,53,dr-robert,407,338,69,17
2026-10-06T00:28:00Z,2026-10-06T02:28:00+02:00,54,placa-vella,297,208,89,30
2026-10-06T00:28:00Z,2026-10-06T02:28:00+02:00,55,ajuntament-mercat,237,198,39,16.5
2026-10-06T00:29:00Z,2026-10-06T02:29:00+02:00,53,dr-robert,407,338,69,17
2026-10-06T00:29:00Z,2026-10-06T02:29:00+02:00,54,placa-vella,297,208,89,30
2026-10-06T00:29:00Z,2026-10-06T02:29:00+02:00,55,ajuntament-mercat,237,198,39,16.5
2026-10-06T00:30:00Z,2026-10-06T02:30:00+02:00,53,dr-robert,407,337,70,17.2
2026-10-06T00:30:00Z,2026-10-06T02:30:00+02:00,54,placa-vella,297,208,89,30
2026-10-06T00:30:00Z,2026-10-06T02:30:00+02:00,55,ajuntament-mercat,237,198,39,16.5
2026-10-06T00:31:00Z,2026-10-06T02:31:00+02:00,53,dr-robert,407,337,70,17.2
2026-10-06T00:31:00Z,2026-10-06T02:31:00+02:00,54,placa-vella,297,208,89,30
2026-10-06T00:31:00Z,2026-10-06T02:31:00+02:00,55,ajuntament-mercat,237,198,39,16.5
2026-10-06T00:32:00Z,2026-10-06T02:32:00+02:00,53,dr-robert,407,337,70,17.2
2026-10-06T00:32:00Z,2026-10-06T02:32:00+02:00,54,placa-vella,297,208,89,30
2026-10-06T00:32:00Z,2026-10-06T02:32:00+02:00,55,ajuntament-mercat,237,198,39,16.5
2026-10-06T00:33:00Z,2026-10-06T02:33:00+02:00,53,dr-robert,407,337,70,17.2
2026-10-06T00:33:00Z,2026-10-06T02:33:00+02:00,54,placa-vella,297,208,89,30
2026-10-06T00:33:00Z,2026-10-06T02:33:00+02:00,55,ajuntament-mercat,237,198,39,16.5
2026-10-06T00:34:00Z,2026-10-06T02:34:00+02:00,53,dr-robert,407,337,70,17.2
2026-10-06T00:34:00Z,2026-10-06T02:34:00+02:00,54,placa-vella,297,208,89,30
2026-10-06T00:34:00Z,2026-10-06T02:34:00+02:00,55,ajuntament-mercat,237,198,39,16.5
2026-10-06T00:35:00Z,2026-10-06T02:35:00+02:00,53,dr-robert,407,337,70,17.2
2026-10-06T00:35:00Z,2026-10-06T02:35:00+02:00,54,placa-vella,297,208,89,30
2026-10-06T00:35:00Z,2026-10-06T02:35:00+02:00,55,ajuntament-mercat,237,198,39,16.5
2026-10-06T00:36:00Z,2026-10-06T02:36:00+02:00,53,dr-robert,407,337,70,17.2
2026-10-06T00:36:00Z,2026-10-06T02:36:00+02:00,54,placa-vella,297,208,89,30
2026-10-06T00:36:00Z,2026-10-06T02:36:00+02:00,55,ajuntament-mercat,237,198,39,16.5
2026-10-06T00:37:00Z,2026-10-06T02:37:00+02:00,53,dr-robert,407,337,70,17.2
2026-10-06T00:37:00Z,2026-10-06T02:37:00+02:00,54,placa-vella,297,208,89,30
2026-10-06T00:37:00Z,2026-10-06T02:37:00+02:00,55,ajuntament-mercat,237,198,39,16.5
2026-10-06T00:38:00Z,2026-10-06T02:38:00+02:00,53,dr-robert,407,337,70,17.2
2026-10-06T00:38:00Z,2026-10-06T02:38:00+02:00,54,placa-vella,297,208,89,30
2026-10-06T00:38:00Z,2026-10-06T02:38:00+02:00,55,ajuntament-mercat,237,198,39,16.5
2026-10-06T00:39:00Z,2026-10-06T02:39:00+02:00,53,dr-robert,407,337,70,17.2
2026-10-06T00:39:00Z,2026-10-06T02:39:00+02:00,54,placa-vella,297,208,89,30
2026-10-06T00:39:00Z,2026-10-06T02:39:00+02:00,55,ajuntament-mercat,237,198,39,16.5
2026-10-06T00:40:00Z,2026-10-06T02:40:00+02:00,53,dr-robert,407,339,68,16.7
2026-10-06T00:40:00Z,2026-10-06T02:40:00+02:00,54,placa-vella,297,208,89,30
2026-10-06T00:40:00Z,2026-10-06T02:40:00+02:00,55,ajuntament-mercat,237,198,39,16.5
2026-10-06T00:41:00Z,2026-10-06T02:41:00+02:00,53,dr-robert,407,339,68,16.7
2026-10-06T00:41:00Z,2026-10-06T02:41:00+02:00,54,placa-vella,297,208,89,30
2026-10-06T00:41:00Z,2026-10-06T02:41:00+02:00,55,ajuntament-mercat,237,198,39,16.5
2026-10-06T00:42:00Z,2026-10-06T02:42:00+02:00,53,dr-robert,407,339,68,16.7
2026-10-06T00:42:00Z,2026-10-06T02:42:00+02:00,54,placa-vella,297,208,89,30
2026-10-06T00:42:00Z,2026-10-06T02:42:00+02:00,55,ajuntament-mercat,237,198,39,16.5
2026-10-06T00:43:00Z,2026-10-06T02:43:00+02:00,53,dr-robert,407,339,68,16.7
2026-10-06T00:43:00Z,2026-10-06T02:43:00+02:00,54,placa-vella,297,208,89,30
2026-10-06T00:43:00Z,2026-10-06T02:43:00+02:00,55,ajuntament-mercat,237,198,39,16.5
2026-10-06T00:44:00Z,2026-10-06T02:44:00+02:00,53,dr-robert,407,339,68,16.7
2026-10-06T00:44:00Z,2026-10-06T02:44:00+02:00,54,placa-vella,297,208,89,30
2026-10-06T00:44:00Z,2026-10-06T02:44:00+02:00,55,ajuntament-mercat,237,198,39,16.5
2026-10-06T00:45:00Z,2026-10-06T02:45:00+02:00,53,dr-robert,407,339,68,16.7
2026-10-06T00:45:00Z,2026-10-06T02:45:00+02:00,54,placa-vella,297,208,89,30
2026-10-06T00:45:00Z,2026-10-06T02:45:00+02:00,55,ajuntament-mercat,237,198,39,16.5
2026-10-06T00:46:00Z,2026-10-06T02:46:00+02:00,53,dr-robert,407,339,68,16.7
2026-10-06T00:46:00Z,2026-10-06T02:46:00+02:00,54,placa-vella,297,208,89,30
2026-10-06T00:46:00Z,2026-10-06T02:46:00+02:00,55,ajuntament-mercat,237,198,39,16.5
2026-10-06T00:47:00Z,2026-10-06T02:47:00+02:00,53,dr-robert,407,339,68,16.7
2026-10-06T00:47:00Z,2026-10-06T02:47:00+02:00,54,placa-vella,297,208,89,30
2026-10-06T00:47:00Z,2026-10-06T02:47:00+02:00,55,ajuntament-mercat,237,198,39,16.5
2026-10-06T00:48:00Z,2026-10-06T02:48:00+02:00,53,dr-robert,407,339,68,16.7
2026-10-06T00:48:00Z,2026-10-06T02:48:00+02:00,54,placa-vella,297,208,89,30
2026-10-06T00:48:00Z,2026-10-06T02:48:00+02:00,55,ajuntament-mercat,237,198,39,16.5
2026-10-06T00:49:00Z,2026-10-06T02:49:00+02:00,53,dr-robert,407,339,68,16.7
2026-10-06T00:49:00Z,2026-10-06T02:49:00+02:00,54,placa-vella,297,208,89,30
2026-10-06T00:49:00Z,2026-10-06T02:49:00+02:00,55,ajuntament-mercat,237,198,39,16.5
2026-10-06T00:50:00Z,2026-10-06T02:50:00+02:00,53,dr-robert,407,341,66,16.2
2026-10-06T00:50:00Z,2026-10-06T02:50:00+02:00,54,placa-vella,297,208,89,30
2026-10-06T00:50:00Z,2026-10-06T02:50:00+02:00,55,ajuntament-mercat,237,198,39,16.5
2026-10-06T00:51:00Z,2026-10-06T02:51:00+02:00,53,dr-robert,407,341,66,16.2
2026-10-06T00:51:00Z,2026-10-06T02:51:00+02:00,54,placa-vella,297,208,89,30
2026-10-06T00:51:00Z,2026-10-06T02:51:00+02:00,55,ajuntament-mercat,237,198,39,16.5
2026-10-06T00:52:00Z,2026-10-06T02:52:00+02:00,53,dr-robert,407,341,66,16.2
2026-10-06T00:52:00Z,2026-10-06T02:52:00+02:00,54,placa-vella,297,208,89,30
2026-10-06T00:52:00Z,2026-10-06T02:52:00+02:00,55,ajuntament-mercat,237,198,39,16.5
2026-10-06T00:53:00Z,2026-10-06T02:53:00+02:00,53,dr-robert,407,341,66,16.2
2026-10-06T00:53:00Z,2026-10-06T02:53:00+02:00,54,placa-vella,297,208,89,30
2026-10-06T00:53:00Z,2026-10-06T02:53:00+02:00,55,ajuntament-mercat,237,198,39,16.5
2026-10-06T00:54:00Z,2026-10-06T02:54:00+02:00,53,dr-robert,407,341,66,16.2
2026-10-06T00:54:00Z,2026-10-06T02:54:00+02:00,54,placa-vella,297,208,89,30
2026-10-06T00:54:00Z,2026-10-06T02:54:00+02:00,55,ajuntament-mercat,237,198,39,16.5
2026-10-06T00:55:00Z,2026-10-06T02:55:00+02:00,53,dr-robert,407,341,66,16.2
2026-10-06T00:55:00Z,2026-10-06T02:55:00+02:00,54,placa-vella,297,208,89,30
2026-10-06T00:55:00Z,2026-10-06T02:55:00+02:00,55,ajuntament-mercat,237,198,39,16.5
2026-10-06T00:56:00Z,2026-10-06T02:56:00+02:00,53,dr-robert,407,341,66,16.2
2026-10-06T00:56:00Z,2026-10-06T02:56:00+02:00,54,placa-vella,297,208,89,30
2026-10-06T00:56:00Z,2026-10-06T02:56:00+02:00,55,ajuntament-mercat,237,198,39,16.5
2026-10-06T00:57:00Z,2026-10-06T02:57:00+02:00,53,dr-robert,407,341,66,16.2
2026-10-06T00:57:00Z,2026-10-06T02:57:00+02:00,54,placa-vella,297,208,89,30
2026-10-06T00:57:00Z,2026-10-06T02:57:00+02:00,55,ajuntament-mercat,237,198,39,16.5
2026-10-06T00:58:00Z,2026-10-06T02:58:00+02:00,53,dr-robert,407,341,66,16.2
2026-10-06T00:58:00Z,2026-10-06T02:58:00+02:00,54,placa-vella,297,208,89,30
2026-10-06T00:58:00Z,2026-10-06T02:58:00+02:00,55,ajuntament-mercat,237,198,39,16.5
2026-10-06T00:59:00Z,2026-10-06T02:59:00+02:00,53,dr-robert,407,341,66,16.2
2026-10-06T00:59:00Z,2026-10-06T02:59:00+02:00,54,placa-vella,297,208,89,30
2026-10-06T00:59:00Z,2026-10-06T02:59:00+02:00,55,ajuntament-mercat,237,198,39,16.5
2026-10-06T01:00:00Z,2026-10-06T03:00:00+02:00,53,dr-robert,407,341,66,16.2
2026-10-06T01:00:00Z,2026-10-06T03:00:00+02:00,54,placa-vella,297,208,89,30
2026-10-06T01:00:00Z,2026-10-06T03:00:00+02:00,55,ajuntament-mercat,237,198,39,16.5
2026-10-06T01:01:00Z,2026-10-06T03:01:00+02:00,53,dr-robert,407,341,66,16.2
2026-10-06T01:01:00Z,2026-10-06T03:01:00+02:00,54,placa-vella,297,208,89,30
2026-10-06T01:01:00Z,2026-10-06T03:01:00+02:00,55,ajuntament-mercat,237,198,39,16.5
2026-10-06T01:02:00Z,2026-10-06T03:02:00+02:00,53,dr-robert,407,341,66,16.2
2026-10-06T01:02:00Z,2026-10-06T03:02:00+02:00,54,placa-vella,297,208,89,30
2026-10-06T01:02:00Z,2026-10-06T03:02:00+02:00,55,ajuntament-mercat,237,198,39,16.5
2026-10-06T01:03:00Z,2026-10-06T03:03:00+02:00,53,dr-robert,407,341,66,16.2
2026-10-06T01:03:00Z,2026-10-06T03:03:00+02:00,54,placa-vella,297,208,89,30
2026-10-06T01:03:00Z,2026-10-06T03:03:00+02:00,55,ajuntament-mercat,237,198,39,16.5
2026-10-06T01:04:00Z,2026-10-06T03:04:00+02:00,53,dr-robert,407,341,66,16.2
2026-10-06T01:04:00Z,2026-10-06T03:04:00+02:00,54,placa-vella,297,208,89,30
2026-10-06T01:04:00Z,2026-10-06T03:04:00+02:00,55,ajuntament-mercat,237,198,39,16.5
2026-10-06T01:05:00Z,2026-10-06T03:05:00+02:00,55,ajuntament-mercat,237,198,39,16.5
2026-10-06T01:06:00Z,2026-10-06T03:06:00+02:00,53,dr-robert,407,341,66,16.2
2026-10-06T01:06:00Z,2026-10-06T03:06:00+02:00,54,placa-vella,297,208,89,30
2026-10-06T01:06:00Z,2026-10-06T03:06:00+02:00,55,ajuntament-mercat,237,198,39,16.5
2026-10-06T01:07:00Z,2026-10-06T03:07:00+02:00,53,dr-robert,407,341,66,16.2
2026-10-06T01:07:00Z,2026-10-06T03:07:00+02:00,54,placa-vella,297,208,89,30
2026-10-06T01:07:00Z,2026-10-06T03:07:00+02:00,55,ajuntament-mercat,237,198,39,16.5
2026-10-06T01:08:00Z,2026-10-06T03:08:00+02:00,53,dr-robert,407,341,66,16.2
2026-10-06T01:08:00Z,2026-10-06T03:08:00+02:00,54,placa-vella,297,208,89,30
2026-10-06T01:08:00Z,2026-10-06T03:08:00+02:00,55,ajuntament-mercat,237,198,39,16.5
2026-10-06T01:09:00Z,2026-10-06T03:09:00+02:00,53,dr-robert,407,341,66,16.2
2026-10-06T01:09:00Z,2026-10-06T03:09:00+02:00,54,placa-vella,297,208,89,30
2026-10-06T01:09:00Z,2026-10-06T03:09:00+02:00,55,ajuntament-mercat,237,198,39,16.5
2026-10-06T01:10:00Z,2026-10-06T03:10:00+02:00,53,dr-robert,407,341,66,16.2
2026-10-06T01:10:00Z,2026-10-06T03:10:00+02:00,54,placa-vella,297,208,89,30
2026-10-06T01:10:00Z,2026-10-06T03:10:00+02:00,55,ajuntament-mercat,237,198,39,16.5
2026-10-06T01:11:00Z,2026-10-06T03:11:00+02:00,53,dr-robert,407,341,66,16.2
2026-10-06T01:11:00Z,2026-10-06T03:11:00+02:00,54,placa-vella,297,208,89,30
2026-10-06T01:11:00Z,2026-10-06T03:11:00+02:00,55,ajuntament-mercat,237,198,39,16.5
2026-10-06T01:12:00Z,2026-10-06T03:12:00+02:00,53,dr-robert,407,341,66,16.2
2026-10-06T01:12:00Z,2026-10-06T03:12:00+02:00,54,placa-vella,297,208,89,30
2026-10-06T01:12:00Z,2026-10-06T03:12:00+02:00,55,ajuntament-mercat,237,198,39,16.5
2026-10-06T01:13:00Z,2026-10-06T03:13:00+02:00,53,dr-robert,407,341,66,16.2
2026-10-06T01:13:00Z,2026-10-06T03:13:00+02:00,54,placa-vella,297,208,89,30
2026-10-06T01:13:00Z,2026-10-06T03:13:00+02:00,55,ajuntament-mercat,237,198,39,16.5
2026-10-06T01:14:00Z,2026-10-06T03:14:00+02:00,53,dr-robert,407,341,66,16.2
2026-10-06T01:14:00Z,2026-10-06T03:14:00+02:00,54,placa-vella,297,208,89,30
2026-10-06T01:14:00Z,2026-10-06T03:14:00+02:00,55,ajuntament-mercat,237,198,39,16.5
2026-10-06T01:15:00Z,2026-10-06T03:15:00+02:00,53,dr-robert,407,341,66,16.2
2026-10-06T01:15:00Z,2026-10-06T03:15:00+02:00,54,placa-vella,297,208,89,30
2026-10-06T01:15:00Z,2026-10-06T03:15:00+02:00,55,ajuntament-mercat,237,198,39,16.5
2026-10-06T01:16:00Z,2026-10-06T03:16:00+02:00,53,dr-robert,407,341,66,16.2
2026-10-06T01:16:00Z,2026-10-06T03:16:00+02:00,54,placa-vella,297,208,89,30
2026-10-06T01:16:00Z,2026-10-06T03:16:00+02:00,55,ajuntament-mercat,237,198,39,16.5
2026-10-06T01:17:00Z,2026-10-06T03:17:00+02:00,53,dr-robert,407,341,66,16.2
2026-10-06T01:17:00Z,2026-10-06T03:17:00+02:00,54,placa-vella,297,208,89,30
2026-10-06T01:17:00Z,2026-10-06T03:17:00+02:00,55,ajuntament-mercat,237,198,39,16.5
2026-10-06T01:18:00Z,2026-10-06T03:18:00+02:00,53,dr-robert,407,341,66,16.2
2026-10-06T01:18:00Z,2026-10-06T03:18:00+02:00,54,placa-vella,297,207,90,30.3
2026-10-06T01:18:00Z,2026-10-06T03:18:00+02:00,55,ajuntament-mercat,237,198,39,16.5
2026-10-06T01:19:00Z,2026-10-06T03:19:00+02:00,53,dr-robert,407,341,66,16.2
2026-10-06T01:19:00Z,2026-10-06T03:19:00+02:00,54,placa-vella,297,207,90,30.3
2026-10-06T01:19:00Z,2026-10-06T03:19:00+02:00,55,ajuntament-mercat,237,198,39,16.5
2026-10-06T01:20:00Z,2026-10-06T03:20:00+02:00,53,dr-robert,407,341,66,16.2
2026-10-06T01:20:00Z,2026-10-06T03:20:00+02:00,54,placa-vella,297,207,90,30.3
2026-10-06T01:20:00Z,2026-10-06T03:20:00+02:00,55,ajuntament-mercat,237,198,39,16.5
2026-10-06T01:21:00Z,2026-10-06T03:21:00+02:00,53,dr-robert,407,341,66,16.2
2026-10-06T01:21:00Z,2026-10-06T03:21:00+02:00,54,placa-vella,297,207,90,30.3
2026-10-06T01:21:00Z,2026-10-06T03:21:00+02:00,55,ajuntament-mercat,237,198,39,16.5
2026-10-06T01:22:00Z,2026-10-06T03:22:00+02:00,53,dr-robert,407,341,66,16.2
2026-10-06T01:22:00Z,2026-10-06T03:22:00+02:00,54,placa-vella,297,207,90,30.3
2026-10-06T01:22:00Z,2026-10-06T03:22:00+02:00,55,ajuntament-mercat,237,198,39,16.5
2026-10-06T01:23:00Z,2026-10-06T03:23:00+02:00,53,dr-robert,407,341,66,16.2
2026-10-06T01:23:00Z,2026-10-06T03:23:00+02:00,54,placa-vella,297,207,90,30.3
2026-10-06T01:23:00Z,2026-10-06T03:23:00+02:00,55,ajuntament-mercat,237,198,39,16.5
2026-10-06T01:24:00Z,2026-10-06T03:24:00+02:00,53,dr-robert,407,341,66,16.2
2026-10-06T01:24:00Z,2026-10-06T03:24:00+02:00,54,placa-vella,297,207,90,30.3
2026-10-06T01:24:00Z,2026-10-06T03:24:00+02:00,55,ajuntament-mercat,237,198,39,16.5
2026-10-06T01:25:00Z,2026-10-06T03:25:00+02:00,53,dr-robert,407,341,66,16.2
2026-10-06T01:25:00Z,2026-10-06T03:25:00+02:00,54,placa-vella,297,207,90,30.3
2026-10-06T01:25:00Z,2026-10-06T03:25:00+02:00,55,ajuntament-mercat,237,198,39,16.5
2026-10-06T01:26:00Z,2026-10-06T03:26:00+02:00,53,dr-robert,407,341,66,16.2
2026-10-06T01:26:00Z,2026-10-06T03:26:00+02:00,54,placa-vella,297,207,90,30.3
2026-10-06T01:26:00Z,2026-10-06T03:26:00+02:00,55,ajuntament-mercat,237,198,39,16.5
2026-10-06T01:27:00Z,2026-10-06T03:27:00+02:00,53,dr-robert,407,341,66,16.2
2026-10-06T01:27:00Z,2026-10-06T03:27:00+02:00,54,placa-vella,297,207,90,30.3
2026-10-06T01:27:00Z,2026-10-06T03:27:00+02:00,55,ajuntament-mercat,237,198,39,16.5
2026-10-06T01:28:00Z,2026-10-06T03:28:00+02:00,53,dr-robert,407,341,66,16.2
2026-10-06T01:28:00Z,2026-10-06T03:28:00+02:00,54,placa-vella,297,207,90,30.3
2026-10-06T01:28:00Z,2026-10-06T03:28:00+02:00,55,ajuntament-mercat,237,198,39,16.5
2026-10-06T01:29:00Z,2026-10-06T03:29:00+02:00,53,dr-robert,407,341,66,16.2
2026-10-06T01:29:00Z,2026-10-06T03:29:00+02:00,54,placa-vella,297,207,90,30.3
2026-10-06T01:29:00Z,2026-10-06T03:29:00+02:00,55,ajuntament-mercat,237,198,39,16.5
2026-10-06T01:30:00Z,2026-10-06T03:30:00+02:00,53,dr-robert,407,341,66,16.2
2026-10-06T01:30:00Z,2026-10-06T03:30:00+02:00,54,placa-vella,297,207,90,30.3
2026-10-06T01:30:00Z,2026-10-06T03:30:00+02:00,55,ajuntament-mercat,237,198,39,16.5
2026-10-06T01:31:00Z,2026-10-06T03:31:00+02:00,53,dr-robert,407,341,66,16.2
2026-10-06T01:31:00Z,2026-10-06T03:31:00+02:00,54,placa-vella,297,207,90,30.3
2026-10-06T01:31:00Z,2026-10-06T03:31:00+02:00,55,ajuntament-mercat,237,198,39,16.5
2026-10-06T01:32:00Z,2026-10-06T03:32:00+02:00,53,dr-robert,407,341,66,16.2
2026-10-06T01:32:00Z,2026-10-06T03:32:00+02:00,54,placa-vella,297,207,90,30.3
2026-10-06T01:32:00Z,2026-10-06T03:32:00+02:00,55,ajuntament-mercat,237,198,39,16.5
2026-10-06T01:33:00Z,2026-10-06T03:33:00+02:00,53,dr-robert,407,341,66,16.2
2026-10-06T01:33:00Z,2026-10-06T03:33:00+02:00,54,placa-vella,297,207,90,30.3
2026-10-06T01:33:00Z,2026-10-06T03:33:00+02:00,55,ajuntament-mercat,237,198,39,16.5
2026-10-06T01:34:00Z,2026-10-06T03:34:00+02:00,53,dr-robert,407,341,66,16.2
2026-10-06T01:34:00Z,2026-10-06T03:34:00+02:00,54,placa-vella,297,207,90,30.3
2026-10-06T01:34:00Z,2026-10-06T03:34:00+02:00,55,ajuntament-mercat,237,198,39,16.5
2026-10-06T01:35:00Z,2026-10-06T03:35:00+02:00,53,dr-robert,407,341,66,16.2
2026-10-06T01:35:00Z,2026-10-06T03:35:00+02:00,54,placa-vella,297,207,90,30.3
2026-10-06T01:35:00Z,2026-10-06T03:35:00+02:00,55,ajuntament-mercat,237,198,39,16.5
2026-10-06T01:36:00Z,2026-10-06T03:36:00+02:00,53,dr-robert,407,341,66,16.2
2026-10-06T01:36:00Z,2026-10-06T03:36:00+02:00,54,placa-vella,297,207,90,30.3
2026-10-06T01:36:00Z,2026-10-06T03:36:00+02:00,55,ajuntament-mercat,237,198,39,16.5
2026-10-06T01:37:00Z,2026-10-06T03:37:00+02:00,53,dr-robert,407,341,66,16.2
2026-10-06T01:37:00Z,2026-10-06T03:37:00+02:00,54,placa-vella,297,207,90,30.3
2026-10-06T01:37:00Z,2026-10-06T03:37:00+02:00,55,ajuntament-mercat,237,198,39,16.5
2026-10-06T01:38:00Z,2026-10-06T03:38:00+02:00,53,dr-robert,407,341,66,16.2
2026-10-06T01:38:00Z,2026-10-06T03:38:00+02:00,54,placa-vella,297,207,90,30.3
2026-10-06T01:38:00Z,2026-10-06T03:38:00+02:00,55,ajuntament-mercat,237,198,39,16.5
2026-10-06T01:39:00Z,2026-10-06T03:39:00+02:00,53,dr-robert,407,341,66,16.2
2026-10-06T01:39:00Z,2026-10-06T03:39:00+02:00,54,placa-vella,297,207,90,30.3
2026-10-06T01:39:00Z,2026-10-06T03:39:00+02:00,55,ajuntament-mercat,237,198,39,16.5
2026-10-06T01:40:00Z,2026-10-06T03:40:00+02:00,53,dr-robert,407,341,66,16.2
2026-10-06T01:40:00Z,2026-10-06T03:40:00+02:00,54,placa-vella,297,207,90,30.3
2026-10-06T01:40:00Z,2026-10-06T03:40:00+02:00,55,ajuntament-mercat,237,198,39,16.5
2026-10-06T01:41:00Z,2026-10-06T03:41:00+02:00,53,dr-robert,407,341,66,16.2
2026-10-06T01:41:00Z,2026-10-06T03:41:00+02:00,54,placa-vella,297,207,90,30.3
2026-10-06T01:41:00Z,2026-10-06T03:41:00+02:00,55,ajuntament-mercat,237,198,39,16.5
2026-10-06T01:42:00Z,2026-10-06T03:42:00+02:00,53,dr-robert,407,341,66,16.2
2026-10-06T01:42:00Z,2026-10-06T03:42:00+02:00,54,placa-vella,297,207,90,30.3
2026-10-06T01:42:00Z,2026-10-06T03:42:00+02:00,55,ajuntament-mercat,237,198,39,16.5
2026-10-06T01:43:00Z,2026-10-06T03:43:00+02:00,53,dr-robert,407,341,66,16.2
2026-10-06T01:43:00Z,2026-10-06T03:43:00+02:00,54,placa-vella,297,207,90,30.3
2026-10-06T01:43:00Z,2026-10-06T03:43:00+02:00,55,ajuntament-mercat,237,198,39,16.5
2026-10-06T01:44:00Z,2026-10-06T03:44:00+02:00,53,dr-robert,407,341,66,16.2
2026-10-06T01:44:00Z,2026-10-06T03:44:00+02:00,54,placa-vella,297,207,90,30.3
2026-10-06T01:44:00Z,2026-10-06T03:44:00+02:00,55,ajuntament-mercat,237,198,39,16.5
2026-10-06T01:45:00Z,2026-10-06T03:45:00+02:00,53,dr-robert,407,341,66,16.2
2026-10-06T01:45:00Z,2026-10-06T03:45:00+02:00,54,placa-vella,297,207,90,30.3
2026-10-06T01:45:00Z,2026-10-06T03:45:00+02:00,55,ajuntament-mercat,237,198,39,16.5
2026-10-06T01:46:00Z,2026-10-06T03:46:00+02:00,53,dr-robert,407,341,66,16.2
2026-10-06T01:46:00Z,2026-10-06T03:46:00+02:00,54,placa-vella,297,207,90,30.3
2026-10-06T01:46:00Z,2026-10-06T03:46:00+02:00,55,ajuntament-mercat,237,198,39,16.5
2026-10-06T01:47:00Z,2026-10-06T03:47:00+02:00,53,dr-robert,407,341,66,16.2
2026-10-06T01:47:00Z,2026-10-06T03:47:00+02:00,54,placa-vella,297,207,90,30.3
2026-10-06T01:47:00Z,2026-10-06T03:47:00+02:00,55,ajuntament-mercat,237,198,39,16.5
2026-10-06T01:48:00Z,2026-10-06T03:48:00+02:00,53,dr-robert,407,341,66,16.2
2026-10-06T01:48:00Z,2026-10-06T03:48:00+02:00,54,placa-vella,297,207,90,30.3
2026-10-06T01:48:00Z,2026-10-06T03:48:00+02:00,55,ajuntament-mercat,237,198,39,16.5
2026-10-06T01:49:00Z,2026-10-06T03:49:00+02:00,53,dr-robert,407,341,66,16.2
2026-10-06T01:49:00Z,2026-10-06T03:49:00+02:00,54,placa-vella,297,207,90,30.3
2026-10-06T01:49:00Z,2026-10-06T03:49:00+02:00,55,ajuntament-mercat,237,198,39,16.5
2026-10-06T01:50:00Z,2026-10-06T03:50:00+02:00,53,dr-robert,407,341,66,16.2
2026-10-06T01:50:00Z,2026-10-06T03:50:00+02:00,54,placa-vella,297,207,90,30.3
2026-10-06T01:50:00Z,2026-10-06T03:50:00+02:00,55,ajuntament-mercat,237,198,39,16.5
2026-10-06T01:51:00Z,2026-10-06T03:51:00+02:00,53,dr-robert,407,341,66,16.2
2026-10-06T01:51:00Z,2026-10-06T03:51:00+02:00,54,placa-vella,297,207,90,30.3
2026-10-06T01:51:00Z,2026-10-06T03:51:00+02:00,55,ajuntament-mercat,237,198,39,16.5
2026-10-06T01:52:00Z,2026-10-06T03:52:00+02:00,53,dr-robert,407,341,66,16.2
2026-10-06T01:52:00Z,2026-10-06T03:52:00+02:00,54,placa-vella,297,207,90,30.3
2026-10-06T01:52:00Z,2026-10-06T03:52:00+02:00,55,ajuntament-mercat,237,198,39,16.5
2026-10-06T01:53:00Z,2026-10-06T03:53:00+02:00,53,dr-robert,407,341,66,16.2
2026-10-06T01:53:00Z,2026-10-06T03:53:00+02:00,54,placa-vella,297,207,90,30.3
2026-10-06T01:53:00Z,2026-10-06T03:53:00+02:00,55,ajuntament-mercat,237,198,39,16.5
2026-10-06T01:54:00Z,2026-10-06T03:54:00+02:00,53,dr-robert,407,341,66,16.2
2026-10-06T01:54:00Z,2026-10-06T03:54:00+02:00,54,placa-vella,297,207,90,30.3
2026-10-06T01:54:00Z,2026-10-06T03:54:00+02:00,55,ajuntament-mercat,237,198,39,16.5
2026-10-06T01:55:00Z,2026-10-06T03:55:00+02:00,53,dr-robert,407,341,66,16.2
2026-10-06T01:55:00Z,2026-10-06T03:55:00+02:00,54,placa-vella,297,207,90,30.3
2026-10-06T01:55:00Z,2026-10-06T03:55:00+02:00,55,ajuntament-mercat,237,198,39,16.5
2026-10-06T01:56:00Z,2026-10-06T03:56:00+02:00,53,dr-robert,407,341,66,16.2
2026-10-06T01:56:00Z,2026-10-06T03:56:00+02:00,54,placa-vella,297,207,90,30.3
2026-10-06T01:56:00Z,2026-10-06T03:56:00+02:00,55,ajuntament-mercat,237,198,39,16.5
2026-10-06T01:57:00Z,2026-10-06T03:57:00+02:00,53,dr-robert,407,341,66,16.2
2026-10-06T01:57:00Z,2026-10-06T03:57:00+02:00,54,placa-vella,297,207,90,30.3
2026-10-06T01:57:00Z,2026-10-06T03:57:00+02:00,55,ajuntament-mercat,237,198,39,16.5
2026-10-06T01:58:00Z,2026-10-06T03:58:00+02:00,53,dr-robert,407,341,66,16.2
2026-10-06T01:58:00Z,2026-10-06T03:58:00+02:00,54,placa-vella,297,207,90,30.3
2026-10-06T01:58:00Z,2026-10-06T03:58:00+02:00,55,ajuntament-mercat,237,198,39,16.5
2026-10-06T01:59:00Z,2026-10-06T03:59:00+02:00,53,dr-robert,407,341,66,16.2
2026-10-06T01:59:00Z,2026-10-06T03:59:00+02:00,54,placa-vella,297,207,90,30.3
2026-10-06T01:59:00Z,2026-10-06T03:59:00+02:00,55,ajuntament-mercat,237,198,39,16.5
2026-10-06T02:00:00Z,2026-10-06T04:00:00+02:00,53,dr-robert,407,341,66,16.2
2026-10-06T02:00:00Z,2026-10-06T04:00:00+02:00,54,placa-vella,297,207,90,30.3
2026-10-06T02:00:00Z,2026-10-06T04:00:00+02:00,55,ajuntament-mercat,237,198,39,16.5
2026-10-06T02:01:00Z,2026-10-06T04:01:00+02:00,53,dr-robert,407,341,66,16.2
2026-10-06T02:01:00Z,2026-10-06T04:01:00+02:00,54,placa-vella,297,207,90,30.3
2026-10-06T02:01:00Z,2026-10-06T04:01:00+02:00,55,ajuntament-mercat,237,198,39,16.5
2026-10-06T02:02:00Z,2026-10-06T04:02:00+02:00,53,dr-robert,407,341,66,16.2
2026-10-06T02:02:00Z,2026-10-06T04:02:00+02:00,54,placa-vella,297,207,90,30.3
2026-10-06T02:02:00Z,2026-10-06T04:02:00+02:00,55,ajuntament-mercat,237,198,39,16.5
2026-10-06T02:03:00Z,2026-10-06T04:03:00+02:00,53,dr-robert,407,341,66,16.2
2026-10-06T02:03:00Z,2026-10-06T04:03:00+02:00,54,placa-vella,297,207,90,30.3
2026-10-06T02:03:00Z,2026-10-06T04:03:00+02:00,55,ajuntament-mercat,237,198,39,16.5
2026-10-06T02:04:00Z,2026-10-06T04:04:00+02:00,53,dr-robert,407,341,66,16.2
2026-10-06T02:04:00Z,2026-10-06T04:04:00+02:00,54,placa-vella,297,207,90,30.3
2026-10-06T02:04:00Z,2026-10-06T04:04:00+02:00,55,ajuntament-mercat,237,198,39,16.5
2026-10-06T02:05:00Z,2026-10-06T04:05:00+02:00,53,dr-robert,407,341,66,16.2
2026-10-06T02:05:00Z,2026-10-06T04:05:00+02:00,54,placa-vella,297,207,90,30.3
2026-10-06T02:05:00Z,2026-10-06T04:05:00+02:00,55,ajuntament-mercat,237,198,39,16.5
2026-10-06T02:06:00Z,2026-10-06T04:06:00+02:00,53,dr-robert,407,341,66,16.2
2026-10-06T02:06:00Z,2026-10-06T04:06:00+02:00,54,placa-vella,297,207,90,30.3
2026-10-06T02:06:00Z,2026-10-06T04:06:00+02:00,55,ajuntament-mercat,237,198,39,16.5
2026-10-06T02:07:00Z,2026-10-06T04:07:00+02:00,53,dr-robert,407,341,66,16.2
2026-10-06T02:07:00Z,2026-10-06T04:07:00+02:00,54,placa-vella,297,207,90,30.3
2026-10-06T02:07:00Z,2026-10-06T04:07:00+02:00,55,ajuntament-mercat,237,198,39,16.5
2026-10-06T02:08:00Z,2026-10-06T04:08:00+02:00,53,dr-robert,407,341,66,16.2
2026-10-06T02:08:00Z,2026-10-06T04:08:00+02:00,54,placa-vella,297,207,90,30.3
2026-10-06T02:08:00Z,2026-10-06T04:08:00+02:00,55,ajuntament-mercat,237,198,39,16.5
2026-10-06T02:09:00Z,2026-10-06T04:09:00+02:00,53,dr-robert,407,341,66,16.2
2026-10-06T02:09:00Z,2026-10-06T04:09:00+02:00,54,placa-vella,297,207,90,30.3
2026-10-06T02:09:00Z,2026-10-06T04:09:00+02:00,55,ajuntament-mercat,237,198,39,16.5
2026-10-06T02:10:00Z,2026-10-06T04:10:00+02:00,53,dr-robert,407,341,66,16.2
2026-10-06T02:10:00Z,2026-10-06T04:10:00+02:00,54,placa-vella,297,207,90,30.3
2026-10-06T02:10:00Z,2026-10-06T04:10:00+02:00,55,ajuntament-mercat,237,198,39,16.5
2026-10-06T02:11:00Z,2026-10-06T04:11:00+02:00,53,dr-robert,407,341,66,16.2
2026-10-06T02:11:00Z,2026-10-06T04:11:00+02:00,54,placa-vella,297,207,90,30.3
2026-10-06T02:11:00Z,2026-10-06T04:11:00+02:00,55,ajuntament-mercat,237,198,39,16.5
2026-10-06T02:12:00Z,2026-10-06T04:12:00+02:00,53,dr-robert,407,342,65,16
2026-10-06T02:12:00Z,2026-10-06T04:12:00+02:00,54,placa-vella,297,207,90,30.3
2026-10-06T02:12:00Z,2026-10-06T04:12:00+02:00,55,ajuntament-mercat,237,198,39,16.5
2026-10-06T02:13:00Z,2026-10-06T04:13:00+02:00,53,dr-robert,407,342,65,16
2026-10-06T02:13:00Z,2026-10-06T04:13:00+02:00,54,placa-vella,297,207,90,30.3
2026-10-06T02:13:00Z,2026-10-06T04:13:00+02:00,55,ajuntament-mercat,237,198,39,16.5
2026-10-06T02:14:00Z,2026-10-06T04:14:00+02:00,53,dr-robert,407,342,65,16
2026-10-06T02:14:00Z,2026-10-06T04:14:00+02:00,54,placa-vella,297,207,90,30.3
2026-10-06T02:14:00Z,2026-10-06T04:14:00+02:00,55,ajuntament-mercat,237,198,39,16.5
2026-10-06T02:15:00Z,2026-10-06T04:15:00+02:00,53,dr-robert,407,342,65,16
2026-10-06T02:15:00Z,2026-10-06T04:15:00+02:00,54,placa-vella,297,207,90,30.3
2026-10-06T02:15:00Z,2026-10-06T04:15:00+02:00,55,ajuntament-mercat,237,198,39,16.5
2026-10-06T02:16:00Z,2026-10-06T04:16:00+02:00,53,dr-robert,407,342,65,16
2026-10-06T02:16:00Z,2026-10-06T04:16:00+02:00,54,placa-vella,297,207,90,30.3
2026-10-06T02:16:00Z,2026-10-06T04:16:00+02:00,55,ajuntament-mercat,237,198,39,16.5
2026-10-06T02:17:00Z,2026-10-06T04:17:00+02:00,53,dr-robert,407,342,65,16
2026-10-06T02:17:00Z,2026-10-06T04:17:00+02:00,54,placa-vella,297,207,90,30.3
2026-10-06T02:17:00Z,2026-10-06T04:17:00+02:00,55,ajuntament-mercat,237,198,39,16.5
2026-10-06T02:18:00Z,2026-10-06T04:18:00+02:00,53,dr-robert,407,342,65,16
2026-10-06T02:18:00Z,2026-10-06T04:18:00+02:00,54,placa-vella,297,207,90,30.3
2026-10-06T02:18:00Z,2026-10-06T04:18:00+02:00,55,ajuntament-mercat,237,198,39,16.5
2026-10-06T02:19:00Z,2026-10-06T04:19:00+02:00,53,dr-robert,407,342,65,16
2026-10-06T02:19:00Z,2026-10-06T04:19:00+02:00,54,placa-vella,297,207,90,30.3
2026-10-06T02:19:00Z,2026-10-06T04:19:00+02:00,55,ajuntament-mercat,237,198,39,16.5
2026-10-06T02:20:00Z,2026-10-06T04:20:00+02:00,53,dr-robert,407,343,64,15.7
2026-10-06T02:20:00Z,2026-10-06T04:20:00+02:00,54,placa-vella,297,207,90,30.3
2026-10-06T02:20:00Z,2026-10-06T04:20:00+02:00,55,ajuntament-mercat,237,198,39,16.5
2026-10-06T02:21:00Z,2026-10-06T04:21:00+02:00,53,dr-robert,407,343,64,15.7
2026-10-06T02:21:00Z,2026-10-06T04:21:00+02:00,54,placa-vella,297,207,90,30.3
2026-10-06T02:21:00Z,2026-10-06T04:21:00+02:00,55,ajuntament-mercat,237,198,39,16.5
2026-10-06T02:22:00Z,2026-10-06T04:22:00+02:00,53,dr-robert,407,343,64,15.7
2026-10-06T02:22:00Z,2026-10-06T04:22:00+02:00,54,placa-vella,297,207,90,30.3
2026-10-06T02:22:00Z,2026-10-06T04:22:00+02:00,55,ajuntament-mercat,237,198,39,16.5
2026-10-06T02:23:00Z,2026-10-06T04:23:00+02:00,53,dr-robert,407,343,64,15.7
2026-10-06T02:23:00Z,2026-10-06T04:23:00+02:00,54,placa-vella,297,207,90,30.3
2026-10-06T02:23:00Z,2026-10-06T04:23:00+02:00,55,ajuntament-mercat,237,198,39,16.5
2026-10-06T02:24:00Z,2026-10-06T04:24:00+02:00,53,dr-robert,407,343,64,15.7
2026-10-06T02:24:00Z,2026-10-06T04:24:00+02:00,54,placa-vella,297,207,90,30.3
2026-10-06T02:24:00Z,2026-10-06T04:24:00+02:00,55,ajuntament-mercat,237,198,39,16.5
2026-10-06T02:25:00Z,2026-10-06T04:25:00+02:00,53,dr-robert,407,343,64,15.7
2026-10-06T02:25:00Z,2026-10-06T04:25:00+02:00,54,placa-vella,297,207,90,30.3
2026-10-06T02:25:00Z,2026-10-06T04:25:00+02:00,55,ajuntament-mercat,237,198,39,16.5
2026-10-06T02:26:00Z,2026-10-06T04:26:00+02:00,53,dr-robert,407,343,64,15.7
2026-10-06T02:26:00Z,2026-10-06T04:26:00+02:00,54,placa-vella,297,207,90,30.3
2026-10-06T02:26:00Z,2026-10-06T04:26:00+02:00,55,ajuntament-mercat,237,198,39,16.5
2026-10-06T02:27:00Z,2026-10-06T04:27:00+02:00,53,dr-robert,407,343,64,15.7
2026-10-06T02:27:00Z,2026-10-06T04:27:00+02:00,54,placa-vella,297,207,90,30.3
2026-10-06T02:27:00Z,2026-10-06T04:27:00+02:00,55,ajuntament-mercat,237,198,39,16.5
2026-10-06T02:28:00Z,2026-10-06T04:28:00+02:00,53,dr-robert,407,343,64,15.7
2026-10-06T02:28:00Z,2026-10-06T04:28:00+02:00,54,placa-vella,297,207,90,30.3
2026-10-06T02:28:00Z,2026-10-06T04:28:00+02:00,55,ajuntament-mercat,237,198,39,16.5
2026-10-06T02:29:00Z,2026-10-06T04:29:00+02:00,53,dr-robert,407,343,64,15.7
2026-10-06T02:29:00Z,2026-10-06T04:29:00+02:00,54,placa-vella,297,207,90,30.3
2026-10-06T02:29:00Z,2026-10-06T04:29:00+02:00,55,ajuntament-mercat,237,198,39,16.5
2026-10-06T02:30:00Z,2026-10-06T04:30:00+02:00,53,dr-robert,407,343,64,15.7
2026-10-06T02:30:00Z,2026-10-06T04:30:00+02:00,54,placa-vella,297,207,90,30.3
2026-10-06T02:30:00Z,2026-10-06T04:30:00+02:00,55,ajuntament-mercat,237,198,39,16.5
2026-10-06T02:38:00Z,2026-10-06T04:38:00+02:00,53,dr-robert,407,343,64,15.7
2026-10-06T02:38:00Z,2026-10-06T04:38:00+02:00,54,placa-vella,297,207,90,30.3
2026-10-06T02:38:00Z,2026-10-06T04:38:00+02:00,55,ajuntament-mercat,237,198,39,16.5
2026-10-06T02:39:00Z,2026-10-06T04:39:00+02:00,53,dr-robert,407,342,65,16
2026-10-06T02:39:00Z,2026-10-06T04:39:00+02:00,54,placa-vella,297,207,90,30.3
2026-10-06T02:39:00Z,2026-10-06T04:39:00+02:00,55,ajuntament-mercat,237,198,39,16.5
2026-10-06T02:40:00Z,2026-10-06T04:40:00+02:00,53,dr-robert,407,342,65,16
2026-10-06T02:40:00Z,2026-10-06T04:40:00+02:00,54,placa-vella,297,207,90,30.3
2026-10-06T02:40:00Z,2026-10-06T04:40:00+02:00,55,ajuntament-mercat,237,198,39,16.5
2026-10-06T02:41:00Z,2026-10-06T04:41:00+02:00,53,dr-robert,407,342,65,16
2026-10-06T02:41:00Z,2026-10-06T04:41:00+02:00,54,placa-vella,297,207,90,30.3
2026-10-06T02:41:00Z,2026-10-06T04:41:00+02:00,55,ajuntament-mercat,237,198,39,16.5
2026-10-06T02:42:00Z,2026-10-06T04:42:00+02:00,53,dr-robert,407,342,65,16
2026-10-06T02:42:00Z,2026-10-06T04:42:00+02:00,54,placa-vella,297,207,90,30.3
2026-10-06T02:42:00Z,2026-10-06T04:42:00+02:00,55,ajuntament-mercat,237,198,39,16.5
2026-10-06T02:43:00Z,2026-10-06T04:43:00+02:00,53,dr-robert,407,342,65,16
2026-10-06T02:43:00Z,2026-10-06T04:43:00+02:00,54,placa-vella,297,207,90,30.3
2026-10-06T02:43:00Z,2026-10-06T04:43:00+02:00,55,ajuntament-mercat,237,198,39,16.5
2026-10-06T02:44:00Z,2026-10-06T04:44:00+02:00,53,dr-robert,407,342,65,16
2026-10-06T02:44:00Z,2026-10-06T04:44:00+02:00,54,placa-vella,297,207,90,30.3
2026-10-06T02:44:00Z,2026-10-06T04:44:00+02:00,55,ajuntament-mercat,237,198,39,16.5
2026-10-06T02:45:00Z,2026-10-06T04:45:00+02:00,53,dr-robert,407,342,65,16
2026-10-06T02:45:00Z,2026-10-06T04:45:00+02:00,54,placa-vella,297,207,90,30.3
2026-10-06T02:45:00Z,2026-10-06T04:45:00+02:00,55,ajuntament-mercat,237,198,39,16.5
2026-10-06T02:46:00Z,2026-10-06T04:46:00+02:00,53,dr-robert,407,342,65,16
2026-10-06T02:46:00Z,2026-10-06T04:46:00+02:00,54,placa-vella,297,207,90,30.3
2026-10-06T02:46:00Z,2026-10-06T04:46:00+02:00,55,ajuntament-mercat,237,198,39,16.5
2026-10-06T02:47:00Z,2026-10-06T04:47:00+02:00,53,dr-robert,407,342,65,16
2026-10-06T02:47:00Z,2026-10-06T04:47:00+02:00,54,placa-vella,297,207,90,30.3
2026-10-06T02:47:00Z,2026-10-06T04:47:00+02:00,55,ajuntament-mercat,237,198,39,16.5
2026-10-06T02:48:00Z,2026-10-06T04:48:00+02:00,53,dr-robert,407,342,65,16
2026-10-06T02:48:00Z,2026-10-06T04:48:00+02:00,54,placa-vella,297,207,90,30.3
2026-10-06T02:48:00Z,2026-10-06T04:48:00+02:00,55,ajuntament-mercat,237,198,39,16.5
2026-10-06T02:49:00Z,2026-10-06T04:49:00+02:00,53,dr-robert,407,342,65,16
2026-10-06T02:49:00Z,2026-10-06T04:49:00+02:00,54,placa-vella,297,207,90,30.3
2026-10-06T02:49:00Z,2026-10-06T04:49:00+02:00,55,ajuntament-mercat,237,198,39,16.5
2026-10-06T02:50:00Z,2026-10-06T04:50:00+02:00,53,dr-robert,407,342,65,16
2026-10-06T02:50:00Z,2026-10-06T04:50:00+02:00,54,placa-vella,297,207,90,30.3
2026-10-06T02:50:00Z,2026-10-06T04:50:00+02:00,55,ajuntament-mercat,237,198,39,16.5
2026-10-06T02:51:00Z,2026-10-06T04:51:00+02:00,53,dr-robert,407,342,65,16
2026-10-06T02:51:00Z,2026-10-06T04:51:00+02:00,54,placa-vella,297,207,90,30.3
2026-10-06T02:51:00Z,2026-10-06T04:51:00+02:00,55,ajuntament-mercat,237,198,39,16.5
2026-10-06T02:52:00Z,2026-10-06T04:52:00+02:00,53,dr-robert,407,342,65,16
2026-10-06T02:52:00Z,2026-10-06T04:52:00+02:00,54,placa-vella,297,207,90,30.3
2026-10-06T02:52:00Z,2026-10-06T04:52:00+02:00,55,ajuntament-mercat,237,198,39,16.5
2026-10-06T02:53:00Z,2026-10-06T04:53:00+02:00,53,dr-robert,407,342,65,16
2026-10-06T02:53:00Z,2026-10-06T04:53:00+02:00,54,placa-vella,297,207,90,30.3
2026-10-06T02:53:00Z,2026-10-06T04:53:00+02:00,55,ajuntament-mercat,237,198,39,16.5
2026-10-06T02:54:00Z,2026-10-06T04:54:00+02:00,53,dr-robert,407,342,65,16
2026-10-06T02:54:00Z,2026-10-06T04:54:00+02:00,54,placa-vella,297,207,90,30.3
2026-10-06T02:54:00Z,2026-10-06T04:54:00+02:00,55,ajuntament-mercat,237,198,39,16.5
2026-10-06T02:55:00Z,2026-10-06T04:55:00+02:00,53,dr-robert,407,342,65,16
2026-10-06T02:55:00Z,2026-10-06T04:55:00+02:00,54,placa-vella,297,207,90,30.3
2026-10-06T02:55:00Z,2026-10-06T04:55:00+02:00,55,ajuntament-mercat,237,198,39,16.5
2026-10-06T02:56:00Z,2026-10-06T04:56:00+02:00,53,dr-robert,407,342,65,16
2026-10-06T02:56:00Z,2026-10-06T04:56:00+02:00,54,placa-vella,297,207,90,30.3
2026-10-06T02:56:00Z,2026-10-06T04:56:00+02:00,55,ajuntament-mercat,237,198,39,16.5
2026-10-06T02:57:00Z,2026-10-06T04:57:00+02:00,53,dr-robert,407,344,63,15.5
2026-10-06T02:57:00Z,2026-10-06T04:57:00+02:00,54,placa-vella,297,207,90,30.3
2026-10-06T02:57:00Z,2026-10-06T04:57:00+02:00,55,ajuntament-mercat,237,198,39,16.5
2026-10-06T02:58:00Z,2026-10-06T04:58:00+02:00,53,dr-robert,407,344,63,15.5
2026-10-06T02:58:00Z,2026-10-06T04:58:00+02:00,54,placa-vella,297,207,90,30.3
2026-10-06T02:58:00Z,2026-10-06T04:58:00+02:00,55,ajuntament-mercat,237,198,39,16.5
2026-10-06T02:59:00Z,2026-10-06T04:59:00+02:00,53,dr-robert,407,344,63,15.5
2026-10-06T02:59:00Z,2026-10-06T04:59:00+02:00,54,placa-vella,297,207,90,30.3
2026-10-06T02:59:00Z,2026-10-06T04:59:00+02:00,55,ajuntament-mercat,237,198,39,16.5
2026-10-06T03:00:00Z,2026-10-06T05:00:00+02:00,53,dr-robert,407,344,63,15.5
2026-10-06T03:00:00Z,2026-10-06T05:00:00+02:00,54,placa-vella,297,207,90,30.3
2026-10-06T03:00:00Z,2026-10-06T05:00:00+02:00,55,ajuntament-mercat,237,198,39,16.5
2026-10-06T03:01:00Z,2026-10-06T05:01:00+02:00,53,dr-robert,407,344,63,15.5
2026-10-06T03:01:00Z,2026-10-06T05:01:00+02:00,54,placa-vella,297,207,90,30.3
2026-10-06T03:01:00Z,2026-10-06T05:01:00+02:00,55,ajuntament-mercat,237,198,39,16.5
2026-10-06T03:02:00Z,2026-10-06T05:02:00+02:00,53,dr-robert,407,344,63,15.5
2026-10-06T03:02:00Z,2026-10-06T05:02:00+02:00,54,placa-vella,297,207,90,30.3
2026-10-06T03:02:00Z,2026-10-06T05:02:00+02:00,55,ajuntament-mercat,237,198,39,16.5
2026-10-06T03:03:00Z,2026-10-06T05:03:00+02:00,53,dr-robert,407,344,63,15.5
2026-10-06T03:03:00Z,2026-10-06T05:03:00+02:00,54,placa-vella,297,207,90,30.3
2026-10-06T03:03:00Z,2026-10-06T05:03:00+02:00,55,ajuntament-mercat,237,198,39,16.5
2026-10-06T03:04:00Z,2026-10-06T05:04:00+02:00,53,dr-robert,407,344,63,15.5
2026-10-06T03:04:00Z,2026-10-06T05:04:00+02:00,54,placa-vella,297,207,90,30.3
2026-10-06T03:04:00Z,2026-10-06T05:04:00+02:00,55,ajuntament-mercat,237,198,39,16.5
2026-10-06T03:05:00Z,2026-10-06T05:05:00+02:00,53,dr-robert,407,344,63,15.5
2026-10-06T03:05:00Z,2026-10-06T05:05:00+02:00,54,placa-vella,297,207,90,30.3
2026-10-06T03:05:00Z,2026-10-06T05:05:00+02:00,55,ajuntament-mercat,237,198,39,16.5
2026-10-06T03:06:00Z,2026-10-06T05:06:00+02:00,53,dr-robert,407,344,63,15.5
2026-10-06T03:06:00Z,2026-10-06T05:06:00+02:00,54,placa-vella,297,207,90,30.3
2026-10-06T03:06:00Z,2026-10-06T05:06:00+02:00,55,ajuntament-mercat,237,198,39,16.5
2026-10-06T03:07:00Z,2026-10-06T05:07:00+02:00,53,dr-robert,407,344,63,15.5
2026-10-06T03:07:00Z,2026-10-06T05:07:00+02:00,54,placa-vella,297,207,90,30.3
2026-10-06T03:07:00Z,2026-10-06T05:07:00+02:00,55,ajuntament-mercat,237,198,39,16.5
2026-10-06T03:08:00Z,2026-10-06T05:08:00+02:00,53,dr-robert,407,344,63,15.5
2026-10-06T03:08:00Z,2026-10-06T05:08:00+02:00,54,placa-vella,297,207,90,30.3
2026-10-06T03:08:00Z,2026-10-06T05:08:00+02:00,55,ajuntament-mercat,237,198,39,16.5
2026-10-06T03:09:00Z,2026-10-06T05:09:00+02:00,53,dr-robert,407,344,63,15.5
2026-10-06T03:09:00Z,2026-10-06T05:09:00+02:00,54,placa-vella,297,207,90,30.3
2026-10-06T03:09:00Z,2026-10-06T05:09:00+02:00,55,ajuntament-mercat,237,198,39,16.5
2026-10-06T03:10:00Z,2026-10-06T05:10:00+02:00,53,dr-robert,407,344,63,15.5
2026-10-06T03:10:00Z,2026-10-06T05:10:00+02:00,54,placa-vella,297,207,90,30.3
2026-10-06T03:10:00Z,2026-10-06T05:10:00+02:00,55,ajuntament-mercat,237,198,39,16.5
2026-10-06T03:11:00Z,2026-10-06T05:11:00+02:00,53,dr-robert,407,344,63,15.5
2026-10-06T03:11:00Z,2026-10-06T05:11:00+02:00,54,placa-vella,297,207,90,30.3
2026-10-06T03:11:00Z,2026-10-06T05:11:00+02:00,55,ajuntament-mercat,237,198,39,16.5
2026-10-06T03:12:00Z,2026-10-06T05:12:00+02:00,53,dr-robert,407,344,63,15.5
2026-10-06T03:12:00Z,2026-10-06T05:12:00+02:00,54,placa-vella,297,207,90,30.3
2026-10-06T03:12:00Z,2026-10-06T05:12:00+02:00,55,ajuntament-mercat,237,198,39,16.5
2026-10-06T03:13:00Z,2026-10-06T05:13:00+02:00,53,dr-robert,407,344,63,15.5
2026-10-06T03:13:00Z,2026-10-06T05:13:00+02:00,54,placa-vella,297,207,90,30.3
2026-10-06T03:13:00Z,2026-10-06T05:13:00+02:00,55,ajuntament-mercat,237,198,39,16.5
2026-10-06T03:14:00Z,2026-10-06T05:14:00+02:00,53,dr-robert,407,344,63,15.5
2026-10-06T03:14:00Z,2026-10-06T05:14:00+02:00,54,placa-vella,297,207,90,30.3
2026-10-06T03:14:00Z,2026-10-06T05:14:00+02:00,55,ajuntament-mercat,237,198,39,16.5
2026-10-06T03:15:00Z,2026-10-06T05:15:00+02:00,53,dr-robert,407,344,63,15.5
2026-10-06T03:15:00Z,2026-10-06T05:15:00+02:00,54,placa-vella,297,207,90,30.3
2026-10-06T03:15:00Z,2026-10-06T05:15:00+02:00,55,ajuntament-mercat,237,198,39,16.5
2026-10-06T03:16:00Z,2026-10-06T05:16:00+02:00,53,dr-robert,407,344,63,15.5
2026-10-06T03:16:00Z,2026-10-06T05:16:00+02:00,54,placa-vella,297,207,90,30.3
2026-10-06T03:16:00Z,2026-10-06T05:16:00+02:00,55,ajuntament-mercat,237,198,39,16.5
2026-10-06T03:17:00Z,2026-10-06T05:17:00+02:00,53,dr-robert,407,344,63,15.5
2026-10-06T03:17:00Z,2026-10-06T05:17:00+02:00,54,placa-vella,297,207,90,30.3
2026-10-06T03:17:00Z,2026-10-06T05:17:00+02:00,55,ajuntament-mercat,237,198,39,16.5
2026-10-06T03:18:00Z,2026-10-06T05:18:00+02:00,53,dr-robert,407,344,63,15.5
2026-10-06T03:18:00Z,2026-10-06T05:18:00+02:00,54,placa-vella,297,207,90,30.3
2026-10-06T03:18:00Z,2026-10-06T05:18:00+02:00,55,ajuntament-mercat,237,198,39,16.5
2026-10-06T03:19:00Z,2026-10-06T05:19:00+02:00,53,dr-robert,407,344,63,15.5
2026-10-06T03:19:00Z,2026-10-06T05:19:00+02:00,54,placa-vella,297,207,90,30.3
2026-10-06T03:19:00Z,2026-10-06T05:19:00+02:00,55,ajuntament-mercat,237,198,39,16.5
2026-10-06T03:20:00Z,2026-10-06T05:20:00+02:00,53,dr-robert,407,344,63,15.5
2026-10-06T03:20:00Z,2026-10-06T05:20:00+02:00,54,placa-vella,297,207,90,30.3
2026-10-06T03:20:00Z,2026-10-06T05:20:00+02:00,55,ajuntament-mercat,237,198,39,16.5
2026-10-06T03:21:00Z,2026-10-06T05:21:00+02:00,53,dr-robert,407,344,63,15.5
2026-10-06T03:21:00Z,2026-10-06T05:21:00+02:00,54,placa-vella,297,207,90,30.3
2026-10-06T03:21:00Z,2026-10-06T05:21:00+02:00,55,ajuntament-mercat,237,198,39,16.5
2026-10-06T03:22:00Z,2026-10-06T05:22:00+02:00,53,dr-robert,407,344,63,15.5
2026-10-06T03:22:00Z,2026-10-06T05:22:00+02:00,54,placa-vella,297,207,90,30.3
2026-10-06T03:22:00Z,2026-10-06T05:22:00+02:00,55,ajuntament-mercat,237,198,39,16.5
2026-10-06T03:23:00Z,2026-10-06T05:23:00+02:00,53,dr-robert,407,344,63,15.5
2026-10-06T03:23:00Z,2026-10-06T05:23:00+02:00,54,placa-vella,297,207,90,30.3
2026-10-06T03:23:00Z,2026-10-06T05:23:00+02:00,55,ajuntament-mercat,237,198,39,16.5
2026-10-06T03:24:00Z,2026-10-06T05:24:00+02:00,53,dr-robert,407,344,63,15.5
2026-10-06T03:24:00Z,2026-10-06T05:24:00+02:00,54,placa-vella,297,207,90,30.3
2026-10-06T03:24:00Z,2026-10-06T05:24:00+02:00,55,ajuntament-mercat,237,198,39,16.5
2026-10-06T03:25:00Z,2026-10-06T05:25:00+02:00,53,dr-robert,407,344,63,15.5
2026-10-06T03:25:00Z,2026-10-06T05:25:00+02:00,54,placa-vella,297,207,90,30.3
2026-10-06T03:25:00Z,2026-10-06T05:25:00+02:00,55,ajuntament-mercat,237,197,40,16.9
2026-10-06T03:26:00Z,2026-10-06T05:26:00+02:00,53,dr-robert,407,344,63,15.5
2026-10-06T03:26:00Z,2026-10-06T05:26:00+02:00,54,placa-vella,297,207,90,30.3
2026-10-06T03:26:00Z,2026-10-06T05:26:00+02:00,55,ajuntament-mercat,237,197,40,16.9
2026-10-06T03:27:00Z,2026-10-06T05:27:00+02:00,53,dr-robert,407,344,63,15.5
2026-10-06T03:27:00Z,2026-10-06T05:27:00+02:00,54,placa-vella,297,207,90,30.3
2026-10-06T03:27:00Z,2026-10-06T05:27:00+02:00,55,ajuntament-mercat,237,197,40,16.9
2026-10-06T03:28:00Z,2026-10-06T05:28:00+02:00,53,dr-robert,407,344,63,15.5
2026-10-06T03:28:00Z,2026-10-06T05:28:00+02:00,54,placa-vella,297,207,90,30.3
2026-10-06T03:28:00Z,2026-10-06T05:28:00+02:00,55,ajuntament-mercat,237,197,40,16.9
2026-10-06T03:29:00Z,2026-10-06T05:29:00+02:00,53,dr-robert,407,344,63,15.5
2026-10-06T03:29:00Z,2026-10-06T05:29:00+02:00,54,placa-vella,297,207,90,30.3
2026-10-06T03:29:00Z,2026-10-06T05:29:00+02:00,55,ajuntament-mercat,237,197,40,16.9
2026-10-06T03:30:00Z,2026-10-06T05:30:00+02:00,53,dr-robert,407,344,63,15.5
2026-10-06T03:30:00Z,2026-10-06T05:30:00+02:00,54,placa-vella,297,207,90,30.3
2026-10-06T03:30:00Z,2026-10-06T05:30:00+02:00,55,ajuntament-mercat,237,197,40,16.9
2026-10-06T03:31:00Z,2026-10-06T05:31:00+02:00,53,dr-robert,407,344,63,15.5
2026-10-06T03:31:00Z,2026-10-06T05:31:00+02:00,54,placa-vella,297,207,90,30.3
2026-10-06T03:31:00Z,2026-10-06T05:31:00+02:00,55,ajuntament-mercat,237,196,41,17.3
2026-10-06T03:32:00Z,2026-10-06T05:32:00+02:00,53,dr-robert,407,344,63,15.5
2026-10-06T03:32:00Z,2026-10-06T05:32:00+02:00,54,placa-vella,297,207,90,30.3
2026-10-06T03:32:00Z,2026-10-06T05:32:00+02:00,55,ajuntament-mercat,237,196,41,17.3
2026-10-06T03:33:00Z,2026-10-06T05:33:00+02:00,53,dr-robert,407,344,63,15.5
2026-10-06T03:33:00Z,2026-10-06T05:33:00+02:00,54,placa-vella,297,207,90,30.3
2026-10-06T03:33:00Z,2026-10-06T05:33:00+02:00,55,ajuntament-mercat,237,196,41,17.3
2026-10-06T03:34:00Z,2026-10-06T05:34:00+02:00,53,dr-robert,407,344,63,15.5
2026-10-06T03:34:00Z,2026-10-06T05:34:00+02:00,54,placa-vella,297,207,90,30.3
2026-10-06T03:34:00Z,2026-10-06T05:34:00+02:00,55,ajuntament-mercat,237,196,41,17.3
2026-10-06T03:35:00Z,2026-10-06T05:35:00+02:00,53,dr-robert,407,344,63,15.5
2026-10-06T03:35:00Z,2026-10-06T05:35:00+02:00,54,placa-vella,297,207,90,30.3
2026-10-06T03:35:00Z,2026-10-06T05:35:00+02:00,55,ajuntament-mercat,237,196,41,17.3
2026-10-06T03:36:00Z,2026-10-06T05:36:00+02:00,53,dr-robert,407,344,63,15.5
2026-10-06T03:36:00Z,2026-10-06T05:36:00+02:00,54,placa-vella,297,207,90,30.3
2026-10-06T03:36:00Z,2026-10-06T05:36:00+02:00,55,ajuntament-mercat,237,196,41,17.3
2026-10-06T03:37:00Z,2026-10-06T05:37:00+02:00,53,dr-robert,407,344,63,15.5
2026-10-06T03:37:00Z,2026-10-06T05:37:00+02:00,54,placa-vella,297,207,90,30.3
2026-10-06T03:37:00Z,2026-10-06T05:37:00+02:00,55,ajuntament-mercat,237,196,41,17.3
2026-10-06T03:38:00Z,2026-10-06T05:38:00+02:00,53,dr-robert,407,344,63,15.5
2026-10-06T03:38:00Z,2026-10-06T05:38:00+02:00,54,placa-vella,297,207,90,30.3
2026-10-06T03:38:00Z,2026-10-06T05:38:00+02:00,55,ajuntament-mercat,237,196,41,17.3
2026-10-06T03:39:00Z,2026-10-06T05:39:00+02:00,53,dr-robert,407,344,63,15.5
2026-10-06T03:39:00Z,2026-10-06T05:39:00+02:00,54,placa-vella,297,207,90,30.3
2026-10-06T03:39:00Z,2026-10-06T05:39:00+02:00,55,ajuntament-mercat,237,196,41,17.3
2026-10-06T03:40:00Z,2026-10-06T05:40:00+02:00,53,dr-robert,407,344,63,15.5
2026-10-06T03:40:00Z,2026-10-06T05:40:00+02:00,54,placa-vella,297,207,90,30.3
2026-10-06T03:40:00Z,2026-10-06T05:40:00+02:00,55,ajuntament-mercat,237,196,41,17.3
2026-10-06T03:41:00Z,2026-10-06T05:41:00+02:00,53,dr-robert,407,344,63,15.5
2026-10-06T03:41:00Z,2026-10-06T05:41:00+02:00,54,placa-vella,297,207,90,30.3
2026-10-06T03:41:00Z,2026-10-06T05:41:00+02:00,55,ajuntament-mercat,237,196,41,17.3
2026-10-06T03:42:00Z,2026-10-06T05:42:00+02:00,53,dr-robert,407,344,63,15.5
2026-10-06T03:42:00Z,2026-10-06T05:42:00+02:00,54,placa-vella,297,207,90,30.3
2026-10-06T03:42:00Z,2026-10-06T05:42:00+02:00,55,ajuntament-mercat,237,196,41,17.3
2026-10-06T03:43:00Z,2026-10-06T05:43:00+02:00,53,dr-robert,407,344,63,15.5
2026-10-06T03:43:00Z,2026-10-06T05:43:00+02:00,54,placa-vella,297,207,90,30.3
2026-10-06T03:43:00Z,2026-10-06T05:43:00+02:00,55,ajuntament-mercat,237,196,41,17.3
2026-10-06T03:44:00Z,2026-10-06T05:44:00+02:00,53,dr-robert,407,344,63,15.5
2026-10-06T03:44:00Z,2026-10-06T05:44:00+02:00,54,placa-vella,297,207,90,30.3
2026-10-06T03:44:00Z,2026-10-06T05:44:00+02:00,55,ajuntament-mercat,237,196,41,17.3
2026-10-06T03:45:00Z,2026-10-06T05:45:00+02:00,53,dr-robert,407,344,63,15.5
2026-10-06T03:45:00Z,2026-10-06T05:45:00+02:00,54,placa-vella,297,207,90,30.3
2026-10-06T03:45:00Z,2026-10-06T05:45:00+02:00,55,ajuntament-mercat,237,196,41,17.3
2026-10-06T03:46:00Z,2026-10-06T05:46:00+02:00,53,dr-robert,407,344,63,15.5
2026-10-06T03:46:00Z,2026-10-06T05:46:00+02:00,54,placa-vella,297,207,90,30.3
2026-10-06T03:46:00Z,2026-10-06T05:46:00+02:00,55,ajuntament-mercat,237,196,41,17.3
2026-10-06T03:47:00Z,2026-10-06T05:47:00+02:00,53,dr-robert,407,344,63,15.5
2026-10-06T03:47:00Z,2026-10-06T05:47:00+02:00,54,placa-vella,297,207,90,30.3
2026-10-06T03:47:00Z,2026-10-06T05:47:00+02:00,55,ajuntament-mercat,237,196,41,17.3
2026-10-06T03:48:00Z,2026-10-06T05:48:00+02:00,53,dr-robert,407,344,63,15.5
2026-10-06T03:48:00Z,2026-10-06T05:48:00+02:00,54,placa-vella,297,207,90,30.3
2026-10-06T03:48:00Z,2026-10-06T05:48:00+02:00,55,ajuntament-mercat,237,196,41,17.3
2026-10-06T03:49:00Z,2026-10-06T05:49:00+02:00,53,dr-robert,407,344,63,15.5
2026-10-06T03:49:00Z,2026-10-06T05:49:00+02:00,54,placa-vella,297,207,90,30.3
2026-10-06T03:49:00Z,2026-10-06T05:49:00+02:00,55,ajuntament-mercat,237,196,41,17.3
2026-10-06T03:50:00Z,2026-10-06T05:50:00+02:00,53,dr-robert,407,344,63,15.5
2026-10-06T03:50:00Z,2026-10-06T05:50:00+02:00,54,placa-vella,297,207,90,30.3
2026-10-06T03:50:00Z,2026-10-06T05:50:00+02:00,55,ajuntament-mercat,237,197,40,16.9
2026-10-06T03:51:00Z,2026-10-06T05:51:00+02:00,53,dr-robert,407,344,63,15.5
2026-10-06T03:51:00Z,2026-10-06T05:51:00+02:00,54,placa-vella,297,207,90,30.3
2026-10-06T03:51:00Z,2026-10-06T05:51:00+02:00,55,ajuntament-mercat,237,197,40,16.9
2026-10-06T03:52:00Z,2026-10-06T05:52:00+02:00,53,dr-robert,407,344,63,15.5
2026-10-06T03:52:00Z,2026-10-06T05:52:00+02:00,54,placa-vella,297,207,90,30.3
2026-10-06T03:52:00Z,2026-10-06T05:52:00+02:00,55,ajuntament-mercat,237,197,40,16.9
2026-10-06T03:53:00Z,2026-10-06T05:53:00+02:00,53,dr-robert,407,344,63,15.5
2026-10-06T03:53:00Z,2026-10-06T05:53:00+02:00,54,placa-vella,297,207,90,30.3
2026-10-06T03:53:00Z,2026-10-06T05:53:00+02:00,55,ajuntament-mercat,237,197,40,16.9
2026-10-06T03:54:00Z,2026-10-06T05:54:00+02:00,53,dr-robert,407,344,63,15.5
2026-10-06T03:54:00Z,2026-10-06T05:54:00+02:00,54,placa-vella,297,207,90,30.3
2026-10-06T03:54:00Z,2026-10-06T05:54:00+02:00,55,ajuntament-mercat,237,197,40,16.9
2026-10-06T03:55:00Z,2026-10-06T05:55:00+02:00,53,dr-robert,407,344,63,15.5
2026-10-06T03:55:00Z,2026-10-06T05:55:00+02:00,54,placa-vella,297,208,89,30
2026-10-06T03:55:00Z,2026-10-06T05:55:00+02:00,55,ajuntament-mercat,237,197,40,16.9
2026-10-06T03:56:00Z,2026-10-06T05:56:00+02:00,53,dr-robert,407,344,63,15.5
2026-10-06T03:56:00Z,2026-10-06T05:56:00+02:00,54,placa-vella,297,208,89,30
2026-10-06T03:56:00Z,2026-10-06T05:56:00+02:00,55,ajuntament-mercat,237,197,40,16.9
2026-10-06T03:57:00Z,2026-10-06T05:57:00+02:00,53,dr-robert,407,344,63,15.5
2026-10-06T03:57:00Z,2026-10-06T05:57:00+02:00,54,placa-vella,297,208,89,30
2026-10-06T03:57:00Z,2026-10-06T05:57:00+02:00,55,ajuntament-mercat,237,197,40,16.9
2026-10-06T03:58:00Z,2026-10-06T05:58:00+02:00,53,dr-robert,407,344,63,15.5
2026-10-06T03:58:00Z,2026-10-06T05:58:00+02:00,54,placa-vella,297,208,89,30
2026-10-06T03:58:00Z,2026-10-06T05:58:00+02:00,55,ajuntament-mercat,237,197,40,16.9
2026-10-06T03:59:00Z,2026-10-06T05:59:00+02:00,53,dr-robert,407,344,63,15.5
2026-10-06T03:59:00Z,2026-10-06T05:59:00+02:00,54,placa-vella,297,208,89,30
2026-10-06T03:59:00Z,2026-10-06T05:59:00+02:00,55,ajuntament-mercat,237,197,40,16.9
2026-10-06T04:00:00Z,2026-10-06T06:00:00+02:00,53,dr-robert,407,344,63,15.5
2026-10-06T04:00:00Z,2026-10-06T06:00:00+02:00,54,placa-vella,297,208,89,30
2026-10-06T04:00:00Z,2026-10-06T06:00:00+02:00,55,ajuntament-mercat,237,197,40,16.9
2026-10-06T04:01:00Z,2026-10-06T06:01:00+02:00,53,dr-robert,407,344,63,15.5
2026-10-06T04:01:00Z,2026-10-06T06:01:00+02:00,54,placa-vella,297,208,89,30
2026-10-06T04:01:00Z,2026-10-06T06:01:00+02:00,55,ajuntament-mercat,237,197,40,16.9
2026-10-06T04:02:00Z,2026-10-06T06:02:00+02:00,53,dr-robert,407,344,63,15.5
2026-10-06T04:02:00Z,2026-10-06T06:02:00+02:00,54,placa-vella,297,208,89,30
2026-10-06T04:02:00Z,2026-10-06T06:02:00+02:00,55,ajuntament-mercat,237,197,40,16.9
2026-10-06T04:03:00Z,2026-10-06T06:03:00+02:00,53,dr-robert,407,344,63,15.5
2026-10-06T04:03:00Z,2026-10-06T06:03:00+02:00,54,placa-vella,297,208,89,30
2026-10-06T04:03:00Z,2026-10-06T06:03:00+02:00,55,ajuntament-mercat,237,197,40,16.9
2026-10-06T04:04:00Z,2026-10-06T06:04:00+02:00,53,dr-robert,407,344,63,15.5
2026-10-06T04:04:00Z,2026-10-06T06:04:00+02:00,54,placa-vella,297,208,89,30
2026-10-06T04:04:00Z,2026-10-06T06:04:00+02:00,55,ajuntament-mercat,237,197,40,16.9
2026-10-06T04:05:00Z,2026-10-06T06:05:00+02:00,53,dr-robert,407,344,63,15.5
2026-10-06T04:05:00Z,2026-10-06T06:05:00+02:00,54,placa-vella,297,208,89,30
2026-10-06T04:05:00Z,2026-10-06T06:05:00+02:00,55,ajuntament-mercat,237,197,40,16.9
2026-10-06T04:06:00Z,2026-10-06T06:06:00+02:00,53,dr-robert,407,344,63,15.5
2026-10-06T04:06:00Z,2026-10-06T06:06:00+02:00,54,placa-vella,297,208,89,30
2026-10-06T04:06:00Z,2026-10-06T06:06:00+02:00,55,ajuntament-mercat,237,197,40,16.9
2026-10-06T04:07:00Z,2026-10-06T06:07:00+02:00,53,dr-robert,407,344,63,15.5
2026-10-06T04:07:00Z,2026-10-06T06:07:00+02:00,54,placa-vella,297,208,89,30
2026-10-06T04:07:00Z,2026-10-06T06:07:00+02:00,55,ajuntament-mercat,237,197,40,16.9
2026-10-06T04:08:00Z,2026-10-06T06:08:00+02:00,53,dr-robert,407,342,65,16
2026-10-06T04:08:00Z,2026-10-06T06:08:00+02:00,54,placa-vella,297,209,88,29.6
2026-10-06T04:08:00Z,2026-10-06T06:08:00+02:00,55,ajuntament-mercat,237,201,36,15.2
2026-10-06T04:09:00Z,2026-10-06T06:09:00+02:00,53,dr-robert,407,342,65,16
2026-10-06T04:09:00Z,2026-10-06T06:09:00+02:00,54,placa-vella,297,209,88,29.6
2026-10-06T04:09:00Z,2026-10-06T06:09:00+02:00,55,ajuntament-mercat,237,201,36,15.2
2026-10-06T04:10:00Z,2026-10-06T06:10:00+02:00,53,dr-robert,407,342,65,16
2026-10-06T04:10:00Z,2026-10-06T06:10:00+02:00,54,placa-vella,297,209,88,29.6
2026-10-06T04:10:00Z,2026-10-06T06:10:00+02:00,55,ajuntament-mercat,237,201,36,15.2
2026-10-06T04:11:00Z,2026-10-06T06:11:00+02:00,53,dr-robert,407,342,65,16
2026-10-06T04:11:00Z,2026-10-06T06:11:00+02:00,54,placa-vella,297,209,88,29.6
2026-10-06T04:11:00Z,2026-10-06T06:11:00+02:00,55,ajuntament-mercat,237,201,36,15.2
2026-10-06T04:12:00Z,2026-10-06T06:12:00+02:00,53,dr-robert,407,342,65,16
2026-10-06T04:12:00Z,2026-10-06T06:12:00+02:00,54,placa-vella,297,209,88,29.6
2026-10-06T04:12:00Z,2026-10-06T06:12:00+02:00,55,ajuntament-mercat,237,201,36,15.2
2026-10-06T04:13:00Z,2026-10-06T06:13:00+02:00,53,dr-robert,407,342,65,16
2026-10-06T04:13:00Z,2026-10-06T06:13:00+02:00,54,placa-vella,297,209,88,29.6
2026-10-06T04:13:00Z,2026-10-06T06:13:00+02:00,55,ajuntament-mercat,237,201,36,15.2
2026-10-06T04:14:00Z,2026-10-06T06:14:00+02:00,53,dr-robert,407,342,65,16
2026-10-06T04:14:00Z,2026-10-06T06:14:00+02:00,54,placa-vella,297,209,88,29.6
2026-10-06T04:14:00Z,2026-10-06T06:14:00+02:00,55,ajuntament-mercat,237,201,36,15.2
2026-10-06T04:15:00Z,2026-10-06T06:15:00+02:00,53,dr-robert,407,341,66,16.2
2026-10-06T04:15:00Z,2026-10-06T06:15:00+02:00,54,placa-vella,297,210,87,29.3
2026-10-06T04:15:00Z,2026-10-06T06:15:00+02:00,55,ajuntament-mercat,237,199,38,16
2026-10-06T04:16:00Z,2026-10-06T06:16:00+02:00,53,dr-robert,407,341,66,16.2
2026-10-06T04:16:00Z,2026-10-06T06:16:00+02:00,54,placa-vella,297,210,87,29.3
2026-10-06T04:16:00Z,2026-10-06T06:16:00+02:00,55,ajuntament-mercat,237,199,38,16
2026-10-06T04:17:00Z,2026-10-06T06:17:00+02:00,53,dr-robert,407,341,66,16.2
2026-10-06T04:17:00Z,2026-10-06T06:17:00+02:00,54,placa-vella,297,210,87,29.3
2026-10-06T04:17:00Z,2026-10-06T06:17:00+02:00,55,ajuntament-mercat,237,199,38,16
2026-10-06T04:18:00Z,2026-10-06T06:18:00+02:00,53,dr-robert,407,341,66,16.2
2026-10-06T04:18:00Z,2026-10-06T06:18:00+02:00,54,placa-vella,297,210,87,29.3
2026-10-06T04:18:00Z,2026-10-06T06:18:00+02:00,55,ajuntament-mercat,237,199,38,16
2026-10-06T04:19:00Z,2026-10-06T06:19:00+02:00,53,dr-robert,407,341,66,16.2
2026-10-06T04:19:00Z,2026-10-06T06:19:00+02:00,54,placa-vella,297,210,87,29.3
2026-10-06T04:19:00Z,2026-10-06T06:19:00+02:00,55,ajuntament-mercat,237,199,38,16
2026-10-06T04:20:00Z,2026-10-06T06:20:00+02:00,53,dr-robert,407,341,66,16.2
2026-10-06T04:20:00Z,2026-10-06T06:20:00+02:00,54,placa-vella,297,210,87,29.3
2026-10-06T04:20:00Z,2026-10-06T06:20:00+02:00,55,ajuntament-mercat,237,199,38,16
2026-10-06T04:21:00Z,2026-10-06T06:21:00+02:00,53,dr-robert,407,340,67,16.5
2026-10-06T04:21:00Z,2026-10-06T06:21:00+02:00,54,placa-vella,297,210,87,29.3
2026-10-06T04:21:00Z,2026-10-06T06:21:00+02:00,55,ajuntament-mercat,237,199,38,16
2026-10-06T04:22:00Z,2026-10-06T06:22:00+02:00,53,dr-robert,407,340,67,16.5
2026-10-06T04:22:00Z,2026-10-06T06:22:00+02:00,54,placa-vella,297,210,87,29.3
2026-10-06T04:22:00Z,2026-10-06T06:22:00+02:00,55,ajuntament-mercat,237,199,38,16
2026-10-06T04:23:00Z,2026-10-06T06:23:00+02:00,53,dr-robert,407,340,67,16.5
2026-10-06T04:23:00Z,2026-10-06T06:23:00+02:00,54,placa-vella,297,210,87,29.3
2026-10-06T04:23:00Z,2026-10-06T06:23:00+02:00,55,ajuntament-mercat,237,199,38,16
2026-10-06T04:24:00Z,2026-10-06T06:24:00+02:00,53,dr-robert,407,340,67,16.5
2026-10-06T04:24:00Z,2026-10-06T06:24:00+02:00,54,placa-vella,297,210,87,29.3
2026-10-06T04:24:00Z,2026-10-06T06:24:00+02:00,55,ajuntament-mercat,237,199,38,16
2026-10-06T04:25:00Z,2026-10-06T06:25:00+02:00,53,dr-robert,407,339,68,16.7
2026-10-06T04:25:00Z,2026-10-06T06:25:00+02:00,54,placa-vella,297,210,87,29.3
2026-10-06T04:25:00Z,2026-10-06T06:25:00+02:00,55,ajuntament-mercat,237,199,38,16
2026-10-06T04:26:00Z,2026-10-06T06:26:00+02:00,53,dr-robert,407,339,68,16.7
2026-10-06T04:26:00Z,2026-10-06T06:26:00+02:00,54,placa-vella,297,210,87,29.3
2026-10-06T04:26:00Z,2026-10-06T06:26:00+02:00,55,ajuntament-mercat,237,199,38,16
2026-10-06T04:27:00Z,2026-10-06T06:27:00+02:00,53,dr-robert,407,339,68,16.7
2026-10-06T04:27:00Z,2026-10-06T06:27:00+02:00,54,placa-vella,297,210,87,29.3
2026-10-06T04:27:00Z,2026-10-06T06:27:00+02:00,55,ajuntament-mercat,237,199,38,16
2026-10-06T04:28:00Z,2026-10-06T06:28:00+02:00,53,dr-robert,407,339,68,16.7
2026-10-06T04:28:00Z,2026-10-06T06:28:00+02:00,54,placa-vella,297,210,87,29.3
2026-10-06T04:28:00Z,2026-10-06T06:28:00+02:00,55,ajuntament-mercat,237,199,38,16
2026-10-06T04:29:00Z,2026-10-06T06:29:00+02:00,53,dr-robert,407,339,68,16.7
2026-10-06T04:29:00Z,2026-10-06T06:29:00+02:00,54,placa-vella,297,210,87,29.3
2026-10-06T04:29:00Z,2026-10-06T06:29:00+02:00,55,ajuntament-mercat,237,199,38,16
2026-10-06T04:30:00Z,2026-10-06T06:30:00+02:00,53,dr-robert,407,338,69,17
2026-10-06T04:30:00Z,2026-10-06T06:30:00+02:00,54,placa-vella,297,208,89,30
2026-10-06T04:30:00Z,2026-10-06T06:30:00+02:00,55,ajuntament-mercat,237,198,39,16.5
2026-10-06T04:31:00Z,2026-10-06T06:31:00+02:00,53,dr-robert,407,338,69,17
2026-10-06T04:31:00Z,2026-10-06T06:31:00+02:00,54,placa-vella,297,208,89,30
2026-10-06T04:31:00Z,2026-10-06T06:31:00+02:00,55,ajuntament-mercat,237,198,39,16.5
2026-10-06T04:32:00Z,2026-10-06T06:32:00+02:00,53,dr-robert,407,338,69,17
2026-10-06T04:32:00Z,2026-10-06T06:32:00+02:00,54,placa-vella,297,208,89,30
2026-10-06T04:32:00Z,2026-10-06T06:32:00+02:00,55,ajuntament-mercat,237,198,39,16.5
2026-10-06T04:33:00Z,2026-10-06T06:33:00+02:00,53,dr-robert,407,338,69,17
2026-10-06T04:33:00Z,2026-10-06T06:33:00+02:00,54,placa-vella,297,208,89,30
2026-10-06T04:33:00Z,2026-10-06T06:33:00+02:00,55,ajuntament-mercat,237,198,39,16.5
2026-10-06T04:34:00Z,2026-10-06T06:34:00+02:00,53,dr-robert,407,338,69,17
2026-10-06T04:34:00Z,2026-10-06T06:34:00+02:00,54,placa-vella,297,208,89,30
2026-10-06T04:34:00Z,2026-10-06T06:34:00+02:00,55,ajuntament-mercat,237,198,39,16.5
2026-10-06T04:35:00Z,2026-10-06T06:35:00+02:00,53,dr-robert,407,336,71,17.4
2026-10-06T04:35:00Z,2026-10-06T06:35:00+02:00,54,placa-vella,297,209,88,29.6
2026-10-06T04:35:00Z,2026-10-06T06:35:00+02:00,55,ajuntament-mercat,237,197,40,16.9
2026-10-06T04:36:00Z,2026-10-06T06:36:00+02:00,53,dr-robert,407,336,71,17.4
2026-10-06T04:36:00Z,2026-10-06T06:36:00+02:00,54,placa-vella,297,209,88,29.6
2026-10-06T04:36:00Z,2026-10-06T06:36:00+02:00,55,ajuntament-mercat,237,197,40,16.9
2026-10-06T04:37:00Z,2026-10-06T06:37:00+02:00,53,dr-robert,407,336,71,17.4
2026-10-06T04:37:00Z,2026-10-06T06:37:00+02:00,54,placa-vella,297,209,88,29.6
2026-10-06T04:37:00Z,2026-10-06T06:37:00+02:00,55,ajuntament-mercat,237,197,40,16.9
2026-10-06T04:38:00Z,2026-10-06T06:38:00+02:00,53,dr-robert,407,336,71,17.4
2026-10-06T04:38:00Z,2026-10-06T06:38:00+02:00,54,placa-vella,297,209,88,29.6
2026-10-06T04:38:00Z,2026-10-06T06:38:00+02:00,55,ajuntament-mercat,237,197,40,16.9
2026-10-06T04:39:00Z,2026-10-06T06:39:00+02:00,53,dr-robert,407,336,71,17.4
2026-10-06T04:39:00Z,2026-10-06T06:39:00+02:00,54,placa-vella,297,209,88,29.6
2026-10-06T04:39:00Z,2026-10-06T06:39:00+02:00,55,ajuntament-mercat,237,197,40,16.9
2026-10-06T04:40:00Z,2026-10-06T06:40:00+02:00,53,dr-robert,407,335,72,17.7
2026-10-06T04:40:00Z,2026-10-06T06:40:00+02:00,54,placa-vella,297,208,89,30
2026-10-06T04:40:00Z,2026-10-06T06:40:00+02:00,55,ajuntament-mercat,237,196,41,17.3
2026-10-06T04:41:00Z,2026-10-06T06:41:00+02:00,53,dr-robert,407,335,72,17.7
2026-10-06T04:41:00Z,2026-10-06T06:41:00+02:00,54,placa-vella,297,208,89,30
2026-10-06T04:41:00Z,2026-10-06T06:41:00+02:00,55,ajuntament-mercat,237,196,41,17.3
2026-10-06T04:42:00Z,2026-10-06T06:42:00+02:00,53,dr-robert,407,335,72,17.7
2026-10-06T04:42:00Z,2026-10-06T06:42:00+02:00,54,placa-vella,297,208,89,30
2026-10-06T04:42:00Z,2026-10-06T06:42:00+02:00,55,ajuntament-mercat,237,196,41,17.3
2026-10-06T04:43:00Z,2026-10-06T06:43:00+02:00,53,dr-robert,407,335,72,17.7
2026-10-06T04:43:00Z,2026-10-06T06:43:00+02:00,54,placa-vella,297,208,89,30
2026-10-06T04:43:00Z,2026-10-06T06:43:00+02:00,55,ajuntament-mercat,237,196,41,17.3
2026-10-06T04:44:00Z,2026-10-06T06:44:00+02:00,53,dr-robert,407,335,72,17.7
2026-10-06T04:44:00Z,2026-10-06T06:44:00+02:00,54,placa-vella,297,208,89,30
2026-10-06T04:44:00Z,2026-10-06T06:44:00+02:00,55,ajuntament-mercat,237,196,41,17.3
2026-10-06T04:45:00Z,2026-10-06T06:45:00+02:00,53,dr-robert,407,334,73,17.9
2026-10-06T04:45:00Z,2026-10-06T06:45:00+02:00,54,placa-vella,297,207,90,30.3
2026-10-06T04:45:00Z,2026-10-06T06:45:00+02:00,55,ajuntament-mercat,237,196,41,17.3
2026-10-06T04:46:00Z,2026-10-06T06:46:00+02:00,53,dr-robert,407,334,73,17.9
2026-10-06T04:46:00Z,2026-10-06T06:46:00+02:00,54,placa-vella,297,207,90,30.3
2026-10-06T04:46:00Z,2026-10-06T06:46:00+02:00,55,ajuntament-mercat,237,196,41,17.3
2026-10-06T04:47:00Z,2026-10-06T06:47:00+02:00,53,dr-robert,407,334,73,17.9
2026-10-06T04:47:00Z,2026-10-06T06:47:00+02:00,54,placa-vella,297,207,90,30.3
2026-10-06T04:47:00Z,2026-10-06T06:47:00+02:00,55,ajuntament-mercat,237,196,41,17.3
2026-10-06T04:48:00Z,2026-10-06T06:48:00+02:00,53,dr-robert,407,334,73,17.9
2026-10-06T04:48:00Z,2026-10-06T06:48:00+02:00,54,placa-vella,297,207,90,30.3
2026-10-06T04:48:00Z,2026-10-06T06:48:00+02:00,55,ajuntament-mercat,237,196,41,17.3
2026-10-06T04:49:00Z,2026-10-06T06:49:00+02:00,53,dr-robert,407,334,73,17.9
2026-10-06T04:49:00Z,2026-10-06T06:49:00+02:00,54,placa-vella,297,207,90,30.3
2026-10-06T04:49:00Z,2026-10-06T06:49:00+02:00,55,ajuntament-mercat,237,196,41,17.3
2026-10-06T04:50:00Z,2026-10-06T06:50:00+02:00,53,dr-robert,407,331,76,18.7
2026-10-06T04:50:00Z,2026-10-06T06:50:00+02:00,54,placa-vella,297,206,91,30.6
2026-10-06T04:50:00Z,2026-10-06T06:50:00+02:00,55,ajuntament-mercat,237,197,40,16.9
2026-10-06T04:51:00Z,2026-10-06T06:51:00+02:00,53,dr-robert,407,331,76,18.7
2026-10-06T04:51:00Z,2026-10-06T06:51:00+02:00,54,placa-vella,297,206,91,30.6
2026-10-06T04:51:00Z,2026-10-06T06:51:00+02:00,55,ajuntament-mercat,237,197,40,16.9
2026-10-06T04:52:00Z,2026-10-06T06:52:00+02:00,53,dr-robert,407,331,76,18.7
2026-10-06T04:52:00Z,2026-10-06T06:52:00+02:00,54,placa-vella,297,206,91,30.6
2026-10-06T04:52:00Z,2026-10-06T06:52:00+02:00,55,ajuntament-mercat,237,197,40,16.9
2026-10-06T04:53:00Z,2026-10-06T06:53:00+02:00,53,dr-robert,407,331,76,18.7
2026-10-06T04:53:00Z,2026-10-06T06:53:00+02:00,54,placa-vella,297,206,91,30.6
2026-10-06T04:53:00Z,2026-10-06T06:53:00+02:00,55,ajuntament-mercat,237,197,40,16.9
2026-10-06T04:54:00Z,2026-10-06T06:54:00+02:00,53,dr-robert,407,331,76,18.7
2026-10-06T04:54:00Z,2026-10-06T06:54:00+02:00,54,placa-vella,297,206,91,30.6
2026-10-06T04:54:00Z,2026-10-06T06:54:00+02:00,55,ajuntament-mercat,237,197,40,16.9
2026-10-06T04:55:00Z,2026-10-06T06:55:00+02:00,53,dr-robert,407,327,80,19.7
2026-10-06T04:55:00Z,2026-10-06T06:55:00+02:00,54,placa-vella,297,207,90,30.3
2026-10-06T04:55:00Z,2026-10-06T06:55:00+02:00,55,ajuntament-mercat,237,196,41,17.3
2026-10-06T04:56:00Z,2026-10-06T06:56:00+02:00,53,dr-robert,407,327,80,19.7
2026-10-06T04:56:00Z,2026-10-06T06:56:00+02:00,54,placa-vella,297,207,90,30.3
2026-10-06T04:56:00Z,2026-10-06T06:56:00+02:00,55,ajuntament-mercat,237,196,41,17.3
2026-10-06T04:57:00Z,2026-10-06T06:57:00+02:00,53,dr-robert,407,327,80,19.7
2026-10-06T04:57:00Z,2026-10-06T06:57:00+02:00,54,placa-vella,297,207,90,30.3
2026-10-06T04:57:00Z,2026-10-06T06:57:00+02:00,55,ajuntament-mercat,237,196,41,17.3
2026-10-06T04:58:00Z,2026-10-06T06:58:00+02:00,53,dr-robert,407,327,80,19.7
2026-10-06T04:58:00Z,2026-10-06T06:58:00+02:00,54,placa-vella,297,207,90,30.3
2026-10-06T04:58:00Z,2026-10-06T06:58:00+02:00,55,ajuntament-mercat,237,196,41,17.3
2026-10-06T04:59:00Z,2026-10-06T06:59:00+02:00,53,dr-robert,407,327,80,19.7
2026-10-06T04:59:00Z,2026-10-06T06:59:00+02:00,54,placa-vella,297,207,90,30.3
2026-10-06T04:59:00Z,2026-10-06T06:59:00+02:00,55,ajuntament-mercat,237,196,41,17.3
2026-10-06T05:00:00Z,2026-10-06T07:00:00+02:00,53,dr-robert,407,327,80,19.7
2026-10-06T05:00:00Z,2026-10-06T07:00:00+02:00,54,placa-vella,297,207,90,30.3
2026-10-06T05:00:00Z,2026-10-06T07:00:00+02:00,55,ajuntament-mercat,237,196,41,17.3
2026-10-06T05:01:00Z,2026-10-06T07:01:00+02:00,53,dr-robert,407,327,80,19.7
2026-10-06T05:01:00Z,2026-10-06T07:01:00+02:00,54,placa-vella,297,207,90,30.3
2026-10-06T05:01:00Z,2026-10-06T07:01:00+02:00,55,ajuntament-mercat,237,196,41,17.3
2026-10-06T05:02:00Z,2026-10-06T07:02:00+02:00,53,dr-robert,407,327,80,19.7
2026-10-06T05:02:00Z,2026-10-06T07:02:00+02:00,54,placa-vella,297,207,90,30.3
2026-10-06T05:02:00Z,2026-10-06T07:02:00+02:00,55,ajuntament-mercat,237,196,41,17.3
2026-10-06T05:03:00Z,2026-10-06T07:03:00+02:00,53,dr-robert,407,327,80,19.7
2026-10-06T05:03:00Z,2026-10-06T07:03:00+02:00,54,placa-vella,297,207,90,30.3
2026-10-06T05:03:00Z,2026-10-06T07:03:00+02:00,55,ajuntament-mercat,237,196,41,17.3
2026-10-06T05:04:00Z,2026-10-06T07:04:00+02:00,53,dr-robert,407,321,86,21.1
2026-10-06T05:04:00Z,2026-10-06T07:04:00+02:00,54,placa-vella,297,208,89,30
2026-10-06T05:04:00Z,2026-10-06T07:04:00+02:00,55,ajuntament-mercat,237,195,42,17.7
2026-10-06T05:05:00Z,2026-10-06T07:05:00+02:00,53,dr-robert,407,321,86,21.1
2026-10-06T05:05:00Z,2026-10-06T07:05:00+02:00,54,placa-vella,297,208,89,30
2026-10-06T05:05:00Z,2026-10-06T07:05:00+02:00,55,ajuntament-mercat,237,195,42,17.7
2026-10-06T05:06:00Z,2026-10-06T07:06:00+02:00,53,dr-robert,407,321,86,21.1
2026-10-06T05:06:00Z,2026-10-06T07:06:00+02:00,54,placa-vella,297,208,89,30
2026-10-06T05:06:00Z,2026-10-06T07:06:00+02:00,55,ajuntament-mercat,237,195,42,17.7
2026-10-06T05:07:00Z,2026-10-06T07:07:00+02:00,53,dr-robert,407,319,88,21.6
2026-10-06T05:07:00Z,2026-10-06T07:07:00+02:00,54,placa-vella,297,208,89,30
2026-10-06T05:07:00Z,2026-10-06T07:07:00+02:00,55,ajuntament-mercat,237,195,42,17.7
2026-10-06T05:08:00Z,2026-10-06T07:08:00+02:00,53,dr-robert,407,319,88,21.6
2026-10-06T05:08:00Z,2026-10-06T07:08:00+02:00,54,placa-vella,297,208,89,30
2026-10-06T05:08:00Z,2026-10-06T07:08:00+02:00,55,ajuntament-mercat,237,195,42,17.7
2026-10-06T05:09:00Z,2026-10-06T07:09:00+02:00,53,dr-robert,407,319,88,21.6
2026-10-06T05:09:00Z,2026-10-06T07:09:00+02:00,54,placa-vella,297,208,89,30
2026-10-06T05:09:00Z,2026-10-06T07:09:00+02:00,55,ajuntament-mercat,237,195,42,17.7
2026-10-06T05:10:00Z,2026-10-06T07:10:00+02:00,53,dr-robert,407,313,94,23.1
2026-10-06T05:10:00Z,2026-10-06T07:10:00+02:00,54,placa-vella,297,207,90,30.3
2026-10-06T05:10:00Z,2026-10-06T07:10:00+02:00,55,ajuntament-mercat,237,192,45,19
2026-10-06T05:11:00Z,2026-10-06T07:11:00+02:00,53,dr-robert,407,313,94,23.1
2026-10-06T05:11:00Z,2026-10-06T07:11:00+02:00,54,placa-vella,297,207,90,30.3
2026-10-06T05:11:00Z,2026-10-06T07:11:00+02:00,55,ajuntament-mercat,237,192,45,19
2026-10-06T05:12:00Z,2026-10-06T07:12:00+02:00,53,dr-robert,407,313,94,23.1
2026-10-06T05:12:00Z,2026-10-06T07:12:00+02:00,54,placa-vella,297,207,90,30.3
2026-10-06T05:12:00Z,2026-10-06T07:12:00+02:00,55,ajuntament-mercat,237,192,45,19
2026-10-06T05:13:00Z,2026-10-06T07:13:00+02:00,53,dr-robert,407,313,94,23.1
2026-10-06T05:13:00Z,2026-10-06T07:13:00+02:00,54,placa-vella,297,207,90,30.3
2026-10-06T05:13:00Z,2026-10-06T07:13:00+02:00,55,ajuntament-mercat,237,192,45,19
2026-10-06T05:14:00Z,2026-10-06T07:14:00+02:00,53,dr-robert,407,313,94,23.1
2026-10-06T05:14:00Z,2026-10-06T07:14:00+02:00,54,placa-vella,297,207,90,30.3
2026-10-06T05:14:00Z,2026-10-06T07:14:00+02:00,55,ajuntament-mercat,237,192,45,19
2026-10-06T05:15:00Z,2026-10-06T07:15:00+02:00,53,dr-robert,407,304,103,25.3
2026-10-06T05:15:00Z,2026-10-06T07:15:00+02:00,54,placa-vella,297,207,90,30.3
2026-10-06T05:15:00Z,2026-10-06T07:15:00+02:00,55,ajuntament-mercat,237,192,45,19
2026-10-06T05:16:00Z,2026-10-06T07:16:00+02:00,53,dr-robert,407,304,103,25.3
2026-10-06T05:16:00Z,2026-10-06T07:16:00+02:00,54,placa-vella,297,207,90,30.3
2026-10-06T05:16:00Z,2026-10-06T07:16:00+02:00,55,ajuntament-mercat,237,192,45,19
2026-10-06T05:17:00Z,2026-10-06T07:17:00+02:00,53,dr-robert,407,304,103,25.3
2026-10-06T05:17:00Z,2026-10-06T07:17:00+02:00,54,placa-vella,297,207,90,30.3
2026-10-06T05:17:00Z,2026-10-06T07:17:00+02:00,55,ajuntament-mercat,237,192,45,19
2026-10-06T05:18:00Z,2026-10-06T07:18:00+02:00,53,dr-robert,407,304,103,25.3
2026-10-06T05:18:00Z,2026-10-06T07:18:00+02:00,54,placa-vella,297,207,90,30.3
2026-10-06T05:18:00Z,2026-10-06T07:18:00+02:00,55,ajuntament-mercat,237,192,45,19
2026-10-06T05:19:00Z,2026-10-06T07:19:00+02:00,53,dr-robert,407,304,103,25.3
2026-10-06T05:19:00Z,2026-10-06T07:19:00+02:00,54,placa-vella,297,207,90,30.3
2026-10-06T05:19:00Z,2026-10-06T07:19:00+02:00,55,ajuntament-mercat,237,192,45,19
2026-10-06T05:20:00Z,2026-10-06T07:20:00+02:00,53,dr-robert,407,300,107,26.3
2026-10-06T05:20:00Z,2026-10-06T07:20:00+02:00,54,placa-vella,297,206,91,30.6
2026-10-06T05:20:00Z,2026-10-06T07:20:00+02:00,55,ajuntament-mercat,237,189,48,20.3
2026-10-06T05:21:00Z,2026-10-06T07:21:00+02:00,53,dr-robert,407,300,107,26.3
2026-10-06T05:21:00Z,2026-10-06T07:21:00+02:00,54,placa-vella,297,206,91,30.6
2026-10-06T05:21:00Z,2026-10-06T07:21:00+02:00,55,ajuntament-mercat,237,189,48,20.3
2026-10-06T05:22:00Z,2026-10-06T07:22:00+02:00,53,dr-robert,407,300,107,26.3
2026-10-06T05:22:00Z,2026-10-06T07:22:00+02:00,54,placa-vella,297,206,91,30.6
2026-10-06T05:22:00Z,2026-10-06T07:22:00+02:00,55,ajuntament-mercat,237,189,48,20.3
2026-10-06T05:23:00Z,2026-10-06T07:23:00+02:00,53,dr-robert,407,300,107,26.3
2026-10-06T05:23:00Z,2026-10-06T07:23:00+02:00,54,placa-vella,297,206,91,30.6
2026-10-06T05:23:00Z,2026-10-06T07:23:00+02:00,55,ajuntament-mercat,237,189,48,20.3
2026-10-06T05:24:00Z,2026-10-06T07:24:00+02:00,53,dr-robert,407,300,107,26.3
2026-10-06T05:24:00Z,2026-10-06T07:24:00+02:00,54,placa-vella,297,206,91,30.6
2026-10-06T05:24:00Z,2026-10-06T07:24:00+02:00,55,ajuntament-mercat,237,189,48,20.3
2026-10-06T05:25:00Z,2026-10-06T07:25:00+02:00,53,dr-robert,407,292,115,28.3
2026-10-06T05:25:00Z,2026-10-06T07:25:00+02:00,54,placa-vella,297,205,92,31
2026-10-06T05:25:00Z,2026-10-06T07:25:00+02:00,55,ajuntament-mercat,237,186,51,21.5
2026-10-06T05:26:00Z,2026-10-06T07:26:00+02:00,53,dr-robert,407,292,115,28.3
2026-10-06T05:26:00Z,2026-10-06T07:26:00+02:00,54,placa-vella,297,205,92,31
2026-10-06T05:26:00Z,2026-10-06T07:26:00+02:00,55,ajuntament-mercat,237,186,51,21.5
2026-10-06T05:27:00Z,2026-10-06T07:27:00+02:00,53,dr-robert,407,292,115,28.3
2026-10-06T05:27:00Z,2026-10-06T07:27:00+02:00,54,placa-vella,297,205,92,31
2026-10-06T05:27:00Z,2026-10-06T07:27:00+02:00,55,ajuntament-mercat,237,186,51,21.5
2026-10-06T05:28:00Z,2026-10-06T07:28:00+02:00,53,dr-robert,407,292,115,28.3
2026-10-06T05:28:00Z,2026-10-06T07:28:00+02:00,54,placa-vella,297,205,92,31
2026-10-06T05:28:00Z,2026-10-06T07:28:00+02:00,55,ajuntament-mercat,237,186,51,21.5
2026-10-06T05:29:00Z,2026-10-06T07:29:00+02:00,53,dr-robert,407,292,115,28.3
2026-10-06T05:29:00Z,2026-10-06T07:29:00+02:00,54,placa-vella,297,205,92,31
2026-10-06T05:29:00Z,2026-10-06T07:29:00+02:00,55,ajuntament-mercat,237,186,51,21.5
2026-10-06T05:30:00Z,2026-10-06T07:30:00+02:00,53,dr-robert,407,287,120,29.5
2026-10-06T05:30:00Z,2026-10-06T07:30:00+02:00,54,placa-vella,297,202,95,32
2026-10-06T05:30:00Z,2026-10-06T07:30:00+02:00,55,ajuntament-mercat,237,184,53,22.4
2026-10-06T05:31:00Z,2026-10-06T07:31:00+02:00,53,dr-robert,407,287,120,29.5
2026-10-06T05:31:00Z,2026-10-06T07:31:00+02:00,54,placa-vella,297,202,95,32
2026-10-06T05:31:00Z,2026-10-06T07:31:00+02:00,55,ajuntament-mercat,237,184,53,22.4
2026-10-06T05:32:00Z,2026-10-06T07:32:00+02:00,53,dr-robert,407,287,120,29.5
2026-10-06T05:32:00Z,2026-10-06T07:32:00+02:00,54,placa-vella,297,202,95,32
2026-10-06T05:32:00Z,2026-10-06T07:32:00+02:00,55,ajuntament-mercat,237,184,53,22.4
2026-10-06T05:33:00Z,2026-10-06T07:33:00+02:00,53,dr-robert,407,287,120,29.5
2026-10-06T05:33:00Z,2026-10-06T07:33:00+02:00,54,placa-vella,297,202,95,32
2026-10-06T05:33:00Z,2026-10-06T07:33:00+02:00,55,ajuntament-mercat,237,184,53,22.4
2026-10-06T05:34:00Z,2026-10-06T07:34:00+02:00,53,dr-robert,407,287,120,29.5
2026-10-06T05:34:00Z,2026-10-06T07:34:00+02:00,54,placa-vella,297,202,95,32
2026-10-06T05:34:00Z,2026-10-06T07:34:00+02:00,55,ajuntament-mercat,237,184,53,22.4
2026-10-06T05:35:00Z,2026-10-06T07:35:00+02:00,53,dr-robert,407,282,125,30.7
2026-10-06T05:35:00Z,2026-10-06T07:35:00+02:00,54,placa-vella,297,199,98,33
2026-10-06T05:35:00Z,2026-10-06T07:35:00+02:00,55,ajuntament-mercat,237,180,57,24.1
2026-10-06T05:36:00Z,2026-10-06T07:36:00+02:00,53,dr-robert,407,282,125,30.7
2026-10-06T05:36:00Z,2026-10-06T07:36:00+02:00,54,placa-vella,297,199,98,33
2026-10-06T05:36:00Z,2026-10-06T07:36:00+02:00,55,ajuntament-mercat,237,180,57,24.1
2026-10-06T05:37:00Z,2026-10-06T07:37:00+02:00,53,dr-robert,407,282,125,30.7
2026-10-06T05:37:00Z,2026-10-06T07:37:00+02:00,54,placa-vella,297,199,98,33
2026-10-06T05:37:00Z,2026-10-06T07:37:00+02:00,55,ajuntament-mercat,237,180,57,24.1
2026-10-06T05:38:00Z,2026-10-06T07:38:00+02:00,53,dr-robert,407,282,125,30.7
2026-10-06T05:38:00Z,2026-10-06T07:38:00+02:00,54,placa-vella,297,199,98,33
2026-10-06T05:38:00Z,2026-10-06T07:38:00+02:00,55,ajuntament-mercat,237,180,57,24.1
2026-10-06T05:39:00Z,2026-10-06T07:39:00+02:00,53,dr-robert,407,282,125,30.7
2026-10-06T05:39:00Z,2026-10-06T07:39:00+02:00,54,placa-vella,297,199,98,33
2026-10-06T05:39:00Z,2026-10-06T07:39:00+02:00,55,ajuntament-mercat,237,180,57,24.1
2026-10-06T05:40:00Z,2026-10-06T07:40:00+02:00,53,dr-robert,407,275,132,32.4
2026-10-06T05:40:00Z,2026-10-06T07:40:00+02:00,54,placa-vella,297,199,98,33
2026-10-06T05:40:00Z,2026-10-06T07:40:00+02:00,55,ajuntament-mercat,237,178,59,24.9
2026-10-06T05:41:00Z,2026-10-06T07:41:00+02:00,53,dr-robert,407,275,132,32.4
2026-10-06T05:41:00Z,2026-10-06T07:41:00+02:00,54,placa-vella,297,199,98,33
2026-10-06T05:41:00Z,2026-10-06T07:41:00+02:00,55,ajuntament-mercat,237,178,59,24.9
2026-10-06T05:42:00Z,2026-10-06T07:42:00+02:00,53,dr-robert,407,275,132,32.4
2026-10-06T05:42:00Z,2026-10-06T07:42:00+02:00,54,placa-vella,297,199,98,33
2026-10-06T05:42:00Z,2026-10-06T07:42:00+02:00,55,ajuntament-mercat,237,178,59,24.9
2026-10-06T05:43:00Z,2026-10-06T07:43:00+02:00,53,dr-robert,407,275,132,32.4
2026-10-06T05:43:00Z,2026-10-06T07:43:00+02:00,54,placa-vella,297,199,98,33
2026-10-06T05:43:00Z,2026-10-06T07:43:00+02:00,55,ajuntament-mercat,237,178,59,24.9
2026-10-06T05:44:00Z,2026-10-06T07:44:00+02:00,53,dr-robert,407,275,132,32.4
2026-10-06T05:44:00Z,2026-10-06T07:44:00+02:00,54,placa-vella,297,199,98,33
2026-10-06T05:44:00Z,2026-10-06T07:44:00+02:00,55,ajuntament-mercat,237,178,59,24.9
2026-10-06T05:45:00Z,2026-10-06T07:45:00+02:00,53,dr-robert,407,266,141,34.6
2026-10-06T05:45:00Z,2026-10-06T07:45:00+02:00,54,placa-vella,297,196,101,34
2026-10-06T05:45:00Z,2026-10-06T07:45:00+02:00,55,ajuntament-mercat,237,173,64,27
2026-10-06T05:46:00Z,2026-10-06T07:46:00+02:00,53,dr-robert,407,266,141,34.6
2026-10-06T05:46:00Z,2026-10-06T07:46:00+02:00,54,placa-vella,297,196,101,34
2026-10-06T05:46:00Z,2026-10-06T07:46:00+02:00,55,ajuntament-mercat,237,173,64,27
2026-10-06T05:47:00Z,2026-10-06T07:47:00+02:00,53,dr-robert,407,266,141,34.6
2026-10-06T05:47:00Z,2026-10-06T07:47:00+02:00,54,placa-vella,297,196,101,34
2026-10-06T05:47:00Z,2026-10-06T07:47:00+02:00,55,ajuntament-mercat,237,173,64,27
2026-10-06T05:48:00Z,2026-10-06T07:48:00+02:00,53,dr-robert,407,266,141,34.6
2026-10-06T05:48:00Z,2026-10-06T07:48:00+02:00,54,placa-vella,297,196,101,34
2026-10-06T05:48:00Z,2026-10-06T07:48:00+02:00,55,ajuntament-mercat,237,173,64,27
2026-10-06T05:49:00Z,2026-10-06T07:49:00+02:00,53,dr-robert,407,266,141,34.6
2026-10-06T05:49:00Z,2026-10-06T07:49:00+02:00,54,placa-vella,297,196,101,34
2026-10-06T05:49:00Z,2026-10-06T07:49:00+02:00,55,ajuntament-mercat,237,173,64,27
2026-10-06T05:50:00Z,2026-10-06T07:50:00+02:00,53,dr-robert,407,263,144,35.4
2026-10-06T05:50:00Z,2026-10-06T07:50:00+02:00,54,placa-vella,297,194,103,34.7
2026-10-06T05:50:00Z,2026-10-06T07:50:00+02:00,55,ajuntament-mercat,237,172,65,27.4
2026-10-06T05:51:00Z,2026-10-06T07:51:00+02:00,53,dr-robert,407,263,144,35.4
2026-10-06T05:51:00Z,2026-10-06T07:51:00+02:00,54,placa-vella,297,194,103,34.7
2026-10-06T05:51:00Z,2026-10-06T07:51:00+02:00,55,ajuntament-mercat,237,172,65,27.4
2026-10-06T05:52:00Z,2026-10-06T07:52:00+02:00,53,dr-robert,407,263,144,35.4
2026-10-06T05:52:00Z,2026-10-06T07:52:00+02:00,54,placa-vella,297,194,103,34.7
2026-10-06T05:52:00Z,2026-10-06T07:52:00+02:00,55,ajuntament-mercat,237,172,65,27.4
2026-10-06T05:53:00Z,2026-10-06T07:53:00+02:00,53,dr-robert,407,263,144,35.4
2026-10-06T05:53:00Z,2026-10-06T07:53:00+02:00,54,placa-vella,297,194,103,34.7
2026-10-06T05:53:00Z,2026-10-06T07:53:00+02:00,55,ajuntament-mercat,237,172,65,27.4
2026-10-06T05:54:00Z,2026-10-06T07:54:00+02:00,53,dr-robert,407,263,144,35.4
2026-10-06T05:54:00Z,2026-10-06T07:54:00+02:00,54,placa-vella,297,194,103,34.7
2026-10-06T05:54:00Z,2026-10-06T07:54:00+02:00,55,ajuntament-mercat,237,172,65,27.4
2026-10-06T05:55:00Z,2026-10-06T07:55:00+02:00,53,dr-robert,407,263,144,35.4
2026-10-06T05:55:00Z,2026-10-06T07:55:00+02:00,54,placa-vella,297,194,103,34.7
2026-10-06T05:55:00Z,2026-10-06T07:55:00+02:00,55,ajuntament-mercat,237,172,65,27.4
2026-10-06T05:56:00Z,2026-10-06T07:56:00+02:00,53,dr-robert,407,248,159,39.1
2026-10-06T05:56:00Z,2026-10-06T07:56:00+02:00,54,placa-vella,297,189,108,36.4
2026-10-06T05:56:00Z,2026-10-06T07:56:00+02:00,55,ajuntament-mercat,237,164,73,30.8
2026-10-06T05:57:00Z,2026-10-06T07:57:00+02:00,53,dr-robert,407,248,159,39.1
2026-10-06T05:57:00Z,2026-10-06T07:57:00+02:00,54,placa-vella,297,189,108,36.4
2026-10-06T05:57:00Z,2026-10-06T07:57:00+02:00,55,ajuntament-mercat,237,164,73,30.8
2026-10-06T05:58:00Z,2026-10-06T07:58:00+02:00,53,dr-robert,407,248,159,39.1
2026-10-06T05:58:00Z,2026-10-06T07:58:00+02:00,54,placa-vella,297,189,108,36.4
2026-10-06T05:58:00Z,2026-10-06T07:58:00+02:00,55,ajuntament-mercat,237,164,73,30.8
2026-10-06T05:59:00Z,2026-10-06T07:59:00+02:00,53,dr-robert,407,248,159,39.1
2026-10-06T05:59:00Z,2026-10-06T07:59:00+02:00,54,placa-vella,297,189,108,36.4
2026-10-06T05:59:00Z,2026-10-06T07:59:00+02:00,55,ajuntament-mercat,237,164,73,30.8
2026-10-06T06:00:00Z,2026-10-06T08:00:00+02:00,53,dr-robert,407,248,159,39.1
2026-10-06T06:00:00Z,2026-10-06T08:00:00+02:00,54,placa-vella,297,189,108,36.4
2026-10-06T06:00:00Z,2026-10-06T08:00:00+02:00,55,ajuntament-mercat,237,164,73,30.8
2026-10-06T06:01:00Z,2026-10-06T08:01:00+02:00,53,dr-robert,407,248,159,39.1
2026-10-06T06:01:00Z,2026-10-06T08:01:00+02:00,54,placa-vella,297,189,108,36.4
2026-10-06T06:01:00Z,2026-10-06T08:01:00+02:00,55,ajuntament-mercat,237,164,73,30.8
2026-10-06T06:02:00Z,2026-10-06T08:02:00+02:00,53,dr-robert,407,248,159,39.1
2026-10-06T06:02:00Z,2026-10-06T08:02:00+02:00,54,placa-vella,297,189,108,36.4
2026-10-06T06:02:00Z,2026-10-06T08:02:00+02:00,55,ajuntament-mercat,237,164,73,30.8
2026-10-06T06:03:00Z,2026-10-06T08:03:00+02:00,53,dr-robert,407,248,159,39.1
2026-10-06T06:03:00Z,2026-10-06T08:03:00+02:00,54,placa-vella,297,189,108,36.4
2026-10-06T06:03:00Z,2026-10-06T08:03:00+02:00,55,ajuntament-mercat,237,164,73,30.8
2026-10-06T06:04:00Z,2026-10-06T08:04:00+02:00,53,dr-robert,407,248,159,39.1
2026-10-06T06:04:00Z,2026-10-06T08:04:00+02:00,54,placa-vella,297,189,108,36.4
2026-10-06T06:04:00Z,2026-10-06T08:04:00+02:00,55,ajuntament-mercat,237,164,73,30.8
2026-10-06T06:05:00Z,2026-10-06T08:05:00+02:00,53,dr-robert,407,234,173,42.5
2026-10-06T06:05:00Z,2026-10-06T08:05:00+02:00,54,placa-vella,297,179,118,39.7
2026-10-06T06:05:00Z,2026-10-06T08:05:00+02:00,55,ajuntament-mercat,237,152,85,35.9
2026-10-06T06:06:00Z,2026-10-06T08:06:00+02:00,53,dr-robert,407,234,173,42.5
2026-10-06T06:06:00Z,2026-10-06T08:06:00+02:00,54,placa-vella,297,179,118,39.7
2026-10-06T06:06:00Z,2026-10-06T08:06:00+02:00,55,ajuntament-mercat,237,152,85,35.9
2026-10-06T06:07:00Z,2026-10-06T08:07:00+02:00,53,dr-robert,407,234,173,42.5
2026-10-06T06:07:00Z,2026-10-06T08:07:00+02:00,54,placa-vella,297,179,118,39.7
2026-10-06T06:07:00Z,2026-10-06T08:07:00+02:00,55,ajuntament-mercat,237,152,85,35.9
2026-10-06T06:08:00Z,2026-10-06T08:08:00+02:00,53,dr-robert,407,234,173,42.5
2026-10-06T06:08:00Z,2026-10-06T08:08:00+02:00,54,placa-vella,297,179,118,39.7
2026-10-06T06:08:00Z,2026-10-06T08:08:00+02:00,55,ajuntament-mercat,237,152,85,35.9
2026-10-06T06:09:00Z,2026-10-06T08:09:00+02:00,53,dr-robert,407,234,173,42.5
2026-10-06T06:09:00Z,2026-10-06T08:09:00+02:00,54,placa-vella,297,179,118,39.7
2026-10-06T06:09:00Z,2026-10-06T08:09:00+02:00,55,ajuntament-mercat,237,152,85,35.9
2026-10-06T06:10:00Z,2026-10-06T08:10:00+02:00,53,dr-robert,407,234,173,42.5
2026-10-06T06:10:00Z,2026-10-06T08:10:00+02:00,54,placa-vella,297,179,118,39.7
2026-10-06T06:10:00Z,2026-10-06T08:10:00+02:00,55,ajuntament-mercat,237,152,85,35.9
2026-10-06T06:11:00Z,2026-10-06T08:11:00+02:00,53,dr-robert,407,216,191,46.9
2026-10-06T06:11:00Z,2026-10-06T08:11:00+02:00,54,placa-vella,297,177,120,40.4
2026-10-06T06:11:00Z,2026-10-06T08:11:00+02:00,55,ajuntament-mercat,237,148,89,37.6
2026-10-06T06:12:00Z,2026-10-06T08:12:00+02:00,53,dr-robert,407,216,191,46.9
2026-10-06T06:12:00Z,2026-10-06T08:12:00+02:00,54,placa-vella,297,177,120,40.4
2026-10-06T06:12:00Z,2026-10-06T08:12:00+02:00,55,ajuntament-mercat,237,148,89,37.6
2026-10-06T06:13:00Z,2026-10-06T08:13:00+02:00,53,dr-robert,407,216,191,46.9
2026-10-06T06:13:00Z,2026-10-06T08:13:00+02:00,54,placa-vella,297,177,120,40.4
2026-10-06T06:13:00Z,2026-10-06T08:13:00+02:00,55,ajuntament-mercat,237,148,89,37.6
2026-10-06T06:14:00Z,2026-10-06T08:14:00+02:00,53,dr-robert,407,216,191,46.9
2026-10-06T06:14:00Z,2026-10-06T08:14:00+02:00,54,placa-vella,297,177,120,40.4
2026-10-06T06:14:00Z,2026-10-06T08:14:00+02:00,55,ajuntament-mercat,237,148,89,37.6
2026-10-06T06:15:00Z,2026-10-06T08:15:00+02:00,53,dr-robert,407,216,191,46.9
2026-10-06T06:15:00Z,2026-10-06T08:15:00+02:00,54,placa-vella,297,177,120,40.4
2026-10-06T06:15:00Z,2026-10-06T08:15:00+02:00,55,ajuntament-mercat,237,148,89,37.6
2026-10-06T06:16:00Z,2026-10-06T08:16:00+02:00,53,dr-robert,407,201,206,50.6
2026-10-06T06:16:00Z,2026-10-06T08:16:00+02:00,54,placa-vella,297,175,122,41.1
2026-10-06T06:16:00Z,2026-10-06T08:16:00+02:00,55,ajuntament-mercat,237,141,96,40.5
2026-10-06T06:17:00Z,2026-10-06T08:17:00+02:00,53,dr-robert,407,201,206,50.6
2026-10-06T06:17:00Z,2026-10-06T08:17:00+02:00,54,placa-vella,297,175,122,41.1
2026-10-06T06:17:00Z,2026-10-06T08:17:00+02:00,55,ajuntament-mercat,237,141,96,40.5
2026-10-06T06:18:00Z,2026-10-06T08:18:00+02:00,53,dr-robert,407,201,206,50.6
2026-10-06T06:18:00Z,2026-10-06T08:18:00+02:00,54,placa-vella,297,175,122,41.1
2026-10-06T06:18:00Z,2026-10-06T08:18:00+02:00,55,ajuntament-mercat,237,141,96,40.5
2026-10-06T06:19:00Z,2026-10-06T08:19:00+02:00,53,dr-robert,407,201,206,50.6
2026-10-06T06:19:00Z,2026-10-06T08:19:00+02:00,54,placa-vella,297,175,122,41.1
2026-10-06T06:19:00Z,2026-10-06T08:19:00+02:00,55,ajuntament-mercat,237,141,96,40.5
2026-10-06T06:20:00Z,2026-10-06T08:20:00+02:00,53,dr-robert,407,194,213,52.3
2026-10-06T06:20:00Z,2026-10-06T08:20:00+02:00,54,placa-vella,297,172,125,42.1
2026-10-06T06:20:00Z,2026-10-06T08:20:00+02:00,55,ajuntament-mercat,237,137,100,42.2
2026-10-06T06:21:00Z,2026-10-06T08:21:00+02:00,53,dr-robert,407,194,213,52.3
2026-10-06T06:21:00Z,2026-10-06T08:21:00+02:00,54,placa-vella,297,172,125,42.1
2026-10-06T06:21:00Z,2026-10-06T08:21:00+02:00,55,ajuntament-mercat,237,137,100,42.2
2026-10-06T06:22:00Z,2026-10-06T08:22:00+02:00,53,dr-robert,407,194,213,52.3
2026-10-06T06:22:00Z,2026-10-06T08:22:00+02:00,54,placa-vella,297,172,125,42.1
2026-10-06T06:22:00Z,2026-10-06T08:22:00+02:00,55,ajuntament-mercat,237,137,100,42.2
2026-10-06T06:23:00Z,2026-10-06T08:23:00+02:00,53,dr-robert,407,194,213,52.3
2026-10-06T06:23:00Z,2026-10-06T08:23:00+02:00,54,placa-vella,297,172,125,42.1
2026-10-06T06:23:00Z,2026-10-06T08:23:00+02:00,55,ajuntament-mercat,237,137,100,42.2
2026-10-06T06:24:00Z,2026-10-06T08:24:00+02:00,53,dr-robert,407,194,213,52.3
2026-10-06T06:24:00Z,2026-10-06T08:24:00+02:00,54,placa-vella,297,172,125,42.1
2026-10-06T06:24:00Z,2026-10-06T08:24:00+02:00,55,ajuntament-mercat,237,137,100,42.2
2026-10-06T06:25:00Z,2026-10-06T08:25:00+02:00,53,dr-robert,407,183,224,55
2026-10-06T06:25:00Z,2026-10-06T08:25:00+02:00,54,placa-vella,297,164,133,44.8
2026-10-06T06:25:00Z,2026-10-06T08:25:00+02:00,55,ajuntament-mercat,237,135,102,43
2026-10-06T06:26:00Z,2026-10-06T08:26:00+02:00,53,dr-robert,407,183,224,55
2026-10-06T06:26:00Z,2026-10-06T08:26:00+02:00,54,placa-vella,297,164,133,44.8
2026-10-06T06:26:00Z,2026-10-06T08:26:00+02:00,55,ajuntament-mercat,237,135,102,43
2026-10-06T06:27:00Z,2026-10-06T08:27:00+02:00,53,dr-robert,407,183,224,55
2026-10-06T06:27:00Z,2026-10-06T08:27:00+02:00,54,placa-vella,297,164,133,44.8
2026-10-06T06:27:00Z,2026-10-06T08:27:00+02:00,55,ajuntament-mercat,237,135,102,43
2026-10-06T06:28:00Z,2026-10-06T08:28:00+02:00,53,dr-robert,407,183,224,55
2026-10-06T06:28:00Z,2026-10-06T08:28:00+02:00,54,placa-vella,297,164,133,44.8
2026-10-06T06:28:00Z,2026-10-06T08:28:00+02:00,55,ajuntament-mercat,237,135,102,43
2026-10-06T06:29:00Z,2026-10-06T08:29:00+02:00,53,dr-robert,407,183,224,55
2026-10-06T06:29:00Z,2026-10-06T08:29:00+02:00,54,placa-vella,297,164,133,44.8
2026-10-06T06:29:00Z,2026-10-06T08:29:00+02:00,55,ajuntament-mercat,237,135,102,43
2026-10-06T06:30:00Z,2026-10-06T08:30:00+02:00,53,dr-robert,407,183,224,55
2026-10-06T06:30:00Z,2026-10-06T08:30:00+02:00,54,placa-vella,297,164,133,44.8
2026-10-06T06:30:00Z,2026-10-06T08:30:00+02:00,55,ajuntament-mercat,237,135,102,43
2026-10-06T06:31:00Z,2026-10-06T08:31:00+02:00,53,dr-robert,407,172,235,57.7
2026-10-06T06:31:00Z,2026-10-06T08:31:00+02:00,54,placa-vella,297,161,136,45.8
2026-10-06T06:31:00Z,2026-10-06T08:31:00+02:00,55,ajuntament-mercat,237,130,107,45.1
2026-10-06T06:32:00Z,2026-10-06T08:32:00+02:00,53,dr-robert,407,172,235,57.7
2026-10-06T06:32:00Z,2026-10-06T08:32:00+02:00,54,placa-vella,297,161,136,45.8
2026-10-06T06:32:00Z,2026-10-06T08:32:00+02:00,55,ajuntament-mercat,237,130,107,45.1
2026-10-06T06:33:00Z,2026-10-06T08:33:00+02:00,53,dr-robert,407,172,235,57.7
2026-10-06T06:33:00Z,2026-10-06T08:33:00+02:00,54,placa-vella,297,161,136,45.8
2026-10-06T06:33:00Z,2026-10-06T08:33:00+02:00,55,ajuntament-mercat,237,130,107,45.1
2026-10-06T06:34:00Z,2026-10-06T08:34:00+02:00,53,dr-robert,407,172,235,57.7
2026-10-06T06:34:00Z,2026-10-06T08:34:00+02:00,54,placa-vella,297,161,136,45.8
2026-10-06T06:34:00Z,2026-10-06T08:34:00+02:00,55,ajuntament-mercat,237,130,107,45.1
2026-10-06T06:35:00Z,2026-10-06T08:35:00+02:00,53,dr-robert,407,172,235,57.7
2026-10-06T06:35:00Z,2026-10-06T08:35:00+02:00,54,placa-vella,297,161,136,45.8
2026-10-06T06:35:00Z,2026-10-06T08:35:00+02:00,55,ajuntament-mercat,237,130,107,45.1
2026-10-06T06:36:00Z,2026-10-06T08:36:00+02:00,53,dr-robert,407,169,238,58.5
2026-10-06T06:36:00Z,2026-10-06T08:36:00+02:00,54,placa-vella,297,159,138,46.5
2026-10-06T06:36:00Z,2026-10-06T08:36:00+02:00,55,ajuntament-mercat,237,130,107,45.1
2026-10-06T06:37:00Z,2026-10-06T08:37:00+02:00,53,dr-robert,407,169,238,58.5
2026-10-06T06:37:00Z,2026-10-06T08:37:00+02:00,54,placa-vella,297,159,138,46.5
2026-10-06T06:37:00Z,2026-10-06T08:37:00+02:00,55,ajuntament-mercat,237,130,107,45.1
2026-10-06T06:38:00Z,2026-10-06T08:38:00+02:00,53,dr-robert,407,169,238,58.5
2026-10-06T06:38:00Z,2026-10-06T08:38:00+02:00,54,placa-vella,297,159,138,46.5
2026-10-06T06:38:00Z,2026-10-06T08:38:00+02:00,55,ajuntament-mercat,237,130,107,45.1
2026-10-06T06:39:00Z,2026-10-06T08:39:00+02:00,53,dr-robert,407,169,238,58.5
2026-10-06T06:39:00Z,2026-10-06T08:39:00+02:00,54,placa-vella,297,159,138,46.5
2026-10-06T06:39:00Z,2026-10-06T08:39:00+02:00,55,ajuntament-mercat,237,130,107,45.1
2026-10-06T06:40:00Z,2026-10-06T08:40:00+02:00,53,dr-robert,407,169,238,58.5
2026-10-06T06:40:00Z,2026-10-06T08:40:00+02:00,54,placa-vella,297,159,138,46.5
2026-10-06T06:40:00Z,2026-10-06T08:40:00+02:00,55,ajuntament-mercat,237,130,107,45.1
2026-10-06T06:41:00Z,2026-10-06T08:41:00+02:00,53,dr-robert,407,169,238,58.5
2026-10-06T06:41:00Z,2026-10-06T08:41:00+02:00,54,placa-vella,297,159,138,46.5
2026-10-06T06:41:00Z,2026-10-06T08:41:00+02:00,55,ajuntament-mercat,237,130,107,45.1
2026-10-06T06:42:00Z,2026-10-06T08:42:00+02:00,53,dr-robert,407,169,238,58.5
2026-10-06T06:42:00Z,2026-10-06T08:42:00+02:00,54,placa-vella,297,159,138,46.5
2026-10-06T06:42:00Z,2026-10-06T08:42:00+02:00,55,ajuntament-mercat,237,130,107,45.1
2026-10-06T06:43:00Z,2026-10-06T08:43:00+02:00,53,dr-robert,407,153,254,62.4
2026-10-06T06:43:00Z,2026-10-06T08:43:00+02:00,54,placa-vella,297,154,143,48.1
2026-10-06T06:43:00Z,2026-10-06T08:43:00+02:00,55,ajuntament-mercat,237,122,115,48.5
2026-10-06T06:44:00Z,2026-10-06T08:44:00+02:00,53,dr-robert,407,153,254,62.4
2026-10-06T06:44:00Z,2026-10-06T08:44:00+02:00,54,placa-vella,297,154,143,48.1
2026-10-06T06:44:00Z,2026-10-06T08:44:00+02:00,55,ajuntament-mercat,237,122,115,48.5
2026-10-06T06:45:00Z,2026-10-06T08:45:00+02:00,53,dr-robert,407,144,263,64.6
2026-10-06T06:45:00Z,2026-10-06T08:45:00+02:00,54,placa-vella,297,152,145,48.8
2026-10-06T06:45:00Z,2026-10-06T08:45:00+02:00,55,ajuntament-mercat,237,121,116,48.9
2026-10-06T06:46:00Z,2026-10-06T08:46:00+02:00,53,dr-robert,407,144,263,64.6
2026-10-06T06:46:00Z,2026-10-06T08:46:00+02:00,54,placa-vella,297,152,145,48.8
2026-10-06T06:46:00Z,2026-10-06T08:46:00+02:00,55,ajuntament-mercat,237,121,116,48.9
2026-10-06T06:47:00Z,2026-10-06T08:47:00+02:00,53,dr-robert,407,144,263,64.6
2026-10-06T06:47:00Z,2026-10-06T08:47:00+02:00,54,placa-vella,297,152,145,48.8
2026-10-06T06:47:00Z,2026-10-06T08:47:00+02:00,55,ajuntament-mercat,237,121,116,48.9
2026-10-06T06:48:00Z,2026-10-06T08:48:00+02:00,53,dr-robert,407,144,263,64.6
2026-10-06T06:48:00Z,2026-10-06T08:48:00+02:00,54,placa-vella,297,152,145,48.8
2026-10-06T06:48:00Z,2026-10-06T08:48:00+02:00,55,ajuntament-mercat,237,121,116,48.9
2026-10-06T06:49:00Z,2026-10-06T08:49:00+02:00,53,dr-robert,407,144,263,64.6
2026-10-06T06:49:00Z,2026-10-06T08:49:00+02:00,54,placa-vella,297,152,145,48.8
2026-10-06T06:49:00Z,2026-10-06T08:49:00+02:00,55,ajuntament-mercat,237,121,116,48.9
2026-10-06T06:50:00Z,2026-10-06T08:50:00+02:00,53,dr-robert,407,131,276,67.8
2026-10-06T06:50:00Z,2026-10-06T08:50:00+02:00,54,placa-vella,297,148,149,50.2
2026-10-06T06:50:00Z,2026-10-06T08:50:00+02:00,55,ajuntament-mercat,237,118,119,50.2
2026-10-06T06:51:00Z,2026-10-06T08:51:00+02:00,53,dr-robert,407,131,276,67.8
2026-10-06T06:51:00Z,2026-10-06T08:51:00+02:00,54,placa-vella,297,148,149,50.2
2026-10-06T06:51:00Z,2026-10-06T08:51:00+02:00,55,ajuntament-mercat,237,118,119,50.2
2026-10-06T06:52:00Z,2026-10-06T08:52:00+02:00,53,dr-robert,407,131,276,67.8
2026-10-06T06:52:00Z,2026-10-06T08:52:00+02:00,54,placa-vella,297,148,149,50.2
2026-10-06T06:52:00Z,2026-10-06T08:52:00+02:00,55,ajuntament-mercat,237,118,119,50.2
2026-10-06T06:53:00Z,2026-10-06T08:53:00+02:00,53,dr-robert,407,131,276,67.8
2026-10-06T06:53:00Z,2026-10-06T08:53:00+02:00,54,placa-vella,297,148,149,50.2
2026-10-06T06:53:00Z,2026-10-06T08:53:00+02:00,55,ajuntament-mercat,237,118,119,50.2
2026-10-06T06:54:00Z,2026-10-06T08:54:00+02:00,53,dr-robert,407,131,276,67.8
2026-10-06T06:54:00Z,2026-10-06T08:54:00+02:00,54,placa-vella,297,148,149,50.2
2026-10-06T06:54:00Z,2026-10-06T08:54:00+02:00,55,ajuntament-mercat,237,118,119,50.2
2026-10-06T06:55:00Z,2026-10-06T08:55:00+02:00,53,dr-robert,407,116,291,71.5
2026-10-06T06:55:00Z,2026-10-06T08:55:00+02:00,54,placa-vella,297,145,152,51.2
2026-10-06T06:55:00Z,2026-10-06T08:55:00+02:00,55,ajuntament-mercat,237,108,129,54.4
2026-10-06T06:56:00Z,2026-10-06T08:56:00+02:00,53,dr-robert,407,116,291,71.5
2026-10-06T06:56:00Z,2026-10-06T08:56:00+02:00,54,placa-vella,297,145,152,51.2
2026-10-06T06:56:00Z,2026-10-06T08:56:00+02:00,55,ajuntament-mercat,237,108,129,54.4
2026-10-06T06:57:00Z,2026-10-06T08:57:00+02:00,53,dr-robert,407,116,291,71.5
2026-10-06T06:57:00Z,2026-10-06T08:57:00+02:00,54,placa-vella,297,145,152,51.2
2026-10-06T06:57:00Z,2026-10-06T08:57:00+02:00,55,ajuntament-mercat,237,108,129,54.4
2026-10-06T06:58:00Z,2026-10-06T08:58:00+02:00,53,dr-robert,407,116,291,71.5
2026-10-06T06:58:00Z,2026-10-06T08:58:00+02:00,54,placa-vella,297,145,152,51.2
2026-10-06T06:58:00Z,2026-10-06T08:58:00+02:00,55,ajuntament-mercat,237,108,129,54.4
2026-10-06T06:59:00Z,2026-10-06T08:59:00+02:00,53,dr-robert,407,116,291,71.5
2026-10-06T06:59:00Z,2026-10-06T08:59:00+02:00,54,placa-vella,297,145,152,51.2
2026-10-06T06:59:00Z,2026-10-06T08:59:00+02:00,55,ajuntament-mercat,237,108,129,54.4
2026-10-06T07:00:00Z,2026-10-06T09:00:00+02:00,53,dr-robert,407,116,291,71.5
2026-10-06T07:00:00Z,2026-10-06T09:00:00+02:00,54,placa-vella,297,145,152,51.2
2026-10-06T07:00:00Z,2026-10-06T09:00:00+02:00,55,ajuntament-mercat,237,108,129,54.4
2026-10-06T07:01:00Z,2026-10-06T09:01:00+02:00,53,dr-robert,407,111,296,72.7
2026-10-06T07:01:00Z,2026-10-06T09:01:00+02:00,54,placa-vella,297,140,157,52.9
2026-10-06T07:01:00Z,2026-10-06T09:01:00+02:00,55,ajuntament-mercat,237,104,133,56.1
2026-10-06T07:02:00Z,2026-10-06T09:02:00+02:00,53,dr-robert,407,111,296,72.7
2026-10-06T07:02:00Z,2026-10-06T09:02:00+02:00,54,placa-vella,297,140,157,52.9
2026-10-06T07:02:00Z,2026-10-06T09:02:00+02:00,55,ajuntament-mercat,237,104,133,56.1
2026-10-06T07:03:00Z,2026-10-06T09:03:00+02:00,53,dr-robert,407,111,296,72.7
2026-10-06T07:03:00Z,2026-10-06T09:03:00+02:00,54,placa-vella,297,140,157,52.9
2026-10-06T07:03:00Z,2026-10-06T09:03:00+02:00,55,ajuntament-mercat,237,104,133,56.1
2026-10-06T07:04:00Z,2026-10-06T09:04:00+02:00,53,dr-robert,407,111,296,72.7
2026-10-06T07:04:00Z,2026-10-06T09:04:00+02:00,54,placa-vella,297,140,157,52.9
2026-10-06T07:04:00Z,2026-10-06T09:04:00+02:00,55,ajuntament-mercat,237,104,133,56.1
2026-10-06T07:05:00Z,2026-10-06T09:05:00+02:00,53,dr-robert,407,117,290,71.3
2026-10-06T07:05:00Z,2026-10-06T09:05:00+02:00,54,placa-vella,297,140,157,52.9
2026-10-06T07:05:00Z,2026-10-06T09:05:00+02:00,55,ajuntament-mercat,237,98,139,58.6
2026-10-06T07:06:00Z,2026-10-06T09:06:00+02:00,53,dr-robert,407,117,290,71.3
2026-10-06T07:06:00Z,2026-10-06T09:06:00+02:00,54,placa-vella,297,140,157,52.9
2026-10-06T07:06:00Z,2026-10-06T09:06:00+02:00,55,ajuntament-mercat,237,98,139,58.6
2026-10-06T07:07:00Z,2026-10-06T09:07:00+02:00,53,dr-robert,407,117,290,71.3
2026-10-06T07:07:00Z,2026-10-06T09:07:00+02:00,54,placa-vella,297,140,157,52.9
2026-10-06T07:07:00Z,2026-10-06T09:07:00+02:00,55,ajuntament-mercat,237,98,139,58.6
2026-10-06T07:08:00Z,2026-10-06T09:08:00+02:00,53,dr-robert,407,117,290,71.3
2026-10-06T07:08:00Z,2026-10-06T09:08:00+02:00,54,placa-vella,297,140,157,52.9
2026-10-06T07:08:00Z,2026-10-06T09:08:00+02:00,55,ajuntament-mercat,237,98,139,58.6
2026-10-06T07:09:00Z,2026-10-06T09:09:00+02:00,53,dr-robert,407,117,290,71.3
2026-10-06T07:09:00Z,2026-10-06T09:09:00+02:00,54,placa-vella,297,140,157,52.9
2026-10-06T07:09:00Z,2026-10-06T09:09:00+02:00,55,ajuntament-mercat,237,98,139,58.6
2026-10-06T07:10:00Z,2026-10-06T09:10:00+02:00,53,dr-robert,407,114,293,72
2026-10-06T07:10:00Z,2026-10-06T09:10:00+02:00,54,placa-vella,297,135,162,54.5
2026-10-06T07:10:00Z,2026-10-06T09:10:00+02:00,55,ajuntament-mercat,237,93,144,60.8
2026-10-06T07:11:00Z,2026-10-06T09:11:00+02:00,53,dr-robert,407,114,293,72
2026-10-06T07:11:00Z,2026-10-06T09:11:00+02:00,54,placa-vella,297,135,162,54.5
2026-10-06T07:11:00Z,2026-10-06T09:11:00+02:00,55,ajuntament-mercat,237,93,144,60.8
2026-10-06T07:12:00Z,2026-10-06T09:12:00+02:00,53,dr-robert,407,114,293,72
2026-10-06T07:12:00Z,2026-10-06T09:12:00+02:00,54,placa-vella,297,135,162,54.5
2026-10-06T07:12:00Z,2026-10-06T09:12:00+02:00,55,ajuntament-mercat,237,93,144,60.8
2026-10-06T07:13:00Z,2026-10-06T09:13:00+02:00,53,dr-robert,407,114,293,72
2026-10-06T07:13:00Z,2026-10-06T09:13:00+02:00,54,placa-vella,297,135,162,54.5
2026-10-06T07:13:00Z,2026-10-06T09:13:00+02:00,55,ajuntament-mercat,237,93,144,60.8
2026-10-06T07:14:00Z,2026-10-06T09:14:00+02:00,53,dr-robert,407,114,293,72
2026-10-06T07:14:00Z,2026-10-06T09:14:00+02:00,54,placa-vella,297,135,162,54.5
2026-10-06T07:14:00Z,2026-10-06T09:14:00+02:00,55,ajuntament-mercat,237,93,144,60.8
2026-10-06T07:15:00Z,2026-10-06T09:15:00+02:00,53,dr-robert,407,106,301,74
2026-10-06T07:15:00Z,2026-10-06T09:15:00+02:00,54,placa-vella,297,122,175,58.9
2026-10-06T07:15:00Z,2026-10-06T09:15:00+02:00,55,ajuntament-mercat,237,87,150,63.3
2026-10-06T07:16:00Z,2026-10-06T09:16:00+02:00,53,dr-robert,407,106,301,74
2026-10-06T07:16:00Z,2026-10-06T09:16:00+02:00,54,placa-vella,297,122,175,58.9
2026-10-06T07:16:00Z,2026-10-06T09:16:00+02:00,55,ajuntament-mercat,237,87,150,63.3
2026-10-06T07:17:00Z,2026-10-06T09:17:00+02:00,53,dr-robert,407,106,301,74
2026-10-06T07:17:00Z,2026-10-06T09:17:00+02:00,54,placa-vella,297,122,175,58.9
2026-10-06T07:17:00Z,2026-10-06T09:17:00+02:00,55,ajuntament-mercat,237,87,150,63.3
2026-10-06T07:18:00Z,2026-10-06T09:18:00+02:00,53,dr-robert,407,106,301,74
2026-10-06T07:18:00Z,2026-10-06T09:18:00+02:00,54,placa-vella,297,122,175,58.9
2026-10-06T07:18:00Z,2026-10-06T09:18:00+02:00,55,ajuntament-mercat,237,87,150,63.3
2026-10-06T07:19:00Z,2026-10-06T09:19:00+02:00,53,dr-robert,407,106,301,74
2026-10-06T07:19:00Z,2026-10-06T09:19:00+02:00,54,placa-vella,297,122,175,58.9
2026-10-06T07:19:00Z,2026-10-06T09:19:00+02:00,55,ajuntament-mercat,237,87,150,63.3
2026-10-06T07:20:00Z,2026-10-06T09:20:00+02:00,53,dr-robert,407,97,310,76.2
2026-10-06T07:20:00Z,2026-10-06T09:20:00+02:00,54,placa-vella,297,117,180,60.6
2026-10-06T07:20:00Z,2026-10-06T09:20:00+02:00,55,ajuntament-mercat,237,79,158,66.7
2026-10-06T07:21:00Z,2026-10-06T09:21:00+02:00,53,dr-robert,407,97,310,76.2
2026-10-06T07:21:00Z,2026-10-06T09:21:00+02:00,54,placa-vella,297,117,180,60.6
2026-10-06T07:21:00Z,2026-10-06T09:21:00+02:00,55,ajuntament-mercat,237,79,158,66.7
2026-10-06T07:22:00Z,2026-10-06T09:22:00+02:00,53,dr-robert,407,97,310,76.2
2026-10-06T07:22:00Z,2026-10-06T09:22:00+02:00,54,placa-vella,297,117,180,60.6
2026-10-06T07:22:00Z,2026-10-06T09:22:00+02:00,55,ajuntament-mercat,237,79,158,66.7
2026-10-06T07:23:00Z,2026-10-06T09:23:00+02:00,53,dr-robert,407,97,310,76.2
2026-10-06T07:23:00Z,2026-10-06T09:23:00+02:00,54,placa-vella,297,117,180,60.6
2026-10-06T07:23:00Z,2026-10-06T09:23:00+02:00,55,ajuntament-mercat,237,79,158,66.7
2026-10-06T07:24:00Z,2026-10-06T09:24:00+02:00,53,dr-robert,407,97,310,76.2
2026-10-06T07:24:00Z,2026-10-06T09:24:00+02:00,54,placa-vella,297,117,180,60.6
2026-10-06T07:24:00Z,2026-10-06T09:24:00+02:00,55,ajuntament-mercat,237,79,158,66.7
2026-10-06T07:25:00Z,2026-10-06T09:25:00+02:00,53,dr-robert,407,89,318,78.1
2026-10-06T07:25:00Z,2026-10-06T09:25:00+02:00,54,placa-vella,297,111,186,62.6
2026-10-06T07:25:00Z,2026-10-06T09:25:00+02:00,55,ajuntament-mercat,237,74,163,68.8
2026-10-06T07:26:00Z,2026-10-06T09:26:00+02:00,53,dr-robert,407,89,318,78.1
2026-10-06T07:26:00Z,2026-10-06T09:26:00+02:00,54,placa-vella,297,111,186,62.6
2026-10-06T07:26:00Z,2026-10-06T09:26:00+02:00,55,ajuntament-mercat,237,74,163,68.8
2026-10-06T07:27:00Z,2026-10-06T09:27:00+02:00,53,dr-robert,407,89,318,78.1
2026-10-06T07:27:00Z,2026-10-06T09:27:00+02:00,54,placa-vella,297,111,186,62.6
2026-10-06T07:27:00Z,2026-10-06T09:27:00+02:00,55,ajuntament-mercat,237,74,163,68.8
2026-10-06T07:28:00Z,2026-10-06T09:28:00+02:00,53,dr-robert,407,89,318,78.1
2026-10-06T07:28:00Z,2026-10-06T09:28:00+02:00,54,placa-vella,297,111,186,62.6
2026-10-06T07:28:00Z,2026-10-06T09:28:00+02:00,55,ajuntament-mercat,237,74,163,68.8
2026-10-06T07:29:00Z,2026-10-06T09:29:00+02:00,53,dr-robert,407,89,318,78.1
2026-10-06T07:29:00Z,2026-10-06T09:29:00+02:00,54,placa-vella,297,111,186,62.6
2026-10-06T07:29:00Z,2026-10-06T09:29:00+02:00,55,ajuntament-mercat,237,74,163,68.8
2026-10-06T07:30:00Z,2026-10-06T09:30:00+02:00,53,dr-robert,407,73,334,82.1
2026-10-06T07:30:00Z,2026-10-06T09:30:00+02:00,54,placa-vella,297,108,189,63.6
2026-10-06T07:30:00Z,2026-10-06T09:30:00+02:00,55,ajuntament-mercat,237,69,168,70.9
2026-10-06T07:31:00Z,2026-10-06T09:31:00+02:00,53,dr-robert,407,73,334,82.1
2026-10-06T07:31:00Z,2026-10-06T09:31:00+02:00,54,placa-vella,297,108,189,63.6
2026-10-06T07:31:00Z,2026-10-06T09:31:00+02:00,55,ajuntament-mercat,237,69,168,70.9
2026-10-06T07:32:00Z,2026-10-06T09:32:00+02:00,53,dr-robert,407,73,334,82.1
2026-10-06T07:32:00Z,2026-10-06T09:32:00+02:00,54,placa-vella,297,108,189,63.6
2026-10-06T07:32:00Z,2026-10-06T09:32:00+02:00,55,ajuntament-mercat,237,69,168,70.9
2026-10-06T07:33:00Z,2026-10-06T09:33:00+02:00,53,dr-robert,407,73,334,82.1
2026-10-06T07:33:00Z,2026-10-06T09:33:00+02:00,54,placa-vella,297,108,189,63.6
2026-10-06T07:33:00Z,2026-10-06T09:33:00+02:00,55,ajuntament-mercat,237,69,168,70.9
2026-10-06T07:34:00Z,2026-10-06T09:34:00+02:00,53,dr-robert,407,73,334,82.1
2026-10-06T07:34:00Z,2026-10-06T09:34:00+02:00,54,placa-vella,297,108,189,63.6
2026-10-06T07:34:00Z,2026-10-06T09:34:00+02:00,55,ajuntament-mercat,237,69,168,70.9
2026-10-06T07:35:00Z,2026-10-06T09:35:00+02:00,53,dr-robert,407,66,341,83.8
2026-10-06T07:35:00Z,2026-10-06T09:35:00+02:00,54,placa-vella,297,100,197,66.3
2026-10-06T07:35:00Z,2026-10-06T09:35:00+02:00,55,ajuntament-mercat,237,67,170,71.7
2026-10-06T07:36:00Z,2026-10-06T09:36:00+02:00,53,dr-robert,407,66,341,83.8
2026-10-06T07:36:00Z,2026-10-06T09:36:00+02:00,54,placa-vella,297,100,197,66.3
2026-10-06T07:36:00Z,2026-10-06T09:36:00+02:00,55,ajuntament-mercat,237,67,170,71.7
2026-10-06T07:37:00Z,2026-10-06T09:37:00+02:00,53,dr-robert,407,66,341,83.8
2026-10-06T07:37:00Z,2026-10-06T09:37:00+02:00,54,placa-vella,297,100,197,66.3
2026-10-06T07:37:00Z,2026-10-06T09:37:00+02:00,55,ajuntament-mercat,237,67,170,71.7
2026-10-06T07:38:00Z,2026-10-06T09:38:00+02:00,53,dr-robert,407,66,341,83.8
2026-10-06T07:38:00Z,2026-10-06T09:38:00+02:00,54,placa-vella,297,100,197,66.3
2026-10-06T07:38:00Z,2026-10-06T09:38:00+02:00,55,ajuntament-mercat,237,67,170,71.7
2026-10-06T07:39:00Z,2026-10-06T09:39:00+02:00,53,dr-robert,407,66,341,83.8
2026-10-06T07:39:00Z,2026-10-06T09:39:00+02:00,54,placa-vella,297,100,197,66.3
2026-10-06T07:39:00Z,2026-10-06T09:39:00+02:00,55,ajuntament-mercat,237,67,170,71.7
2026-10-06T07:40:00Z,2026-10-06T09:40:00+02:00,53,dr-robert,407,65,342,84
2026-10-06T07:40:00Z,2026-10-06T09:40:00+02:00,54,placa-vella,297,94,203,68.4
2026-10-06T07:40:00Z,2026-10-06T09:40:00+02:00,55,ajuntament-mercat,237,65,172,72.6
2026-10-06T07:41:00Z,2026-10-06T09:41:00+02:00,53,dr-robert,407,65,342,84
2026-10-06T07:41:00Z,2026-10-06T09:41:00+02:00,54,placa-vella,297,94,203,68.4
2026-10-06T07:41:00Z,2026-10-06T09:41:00+02:00,55,ajuntament-mercat,237,65,172,72.6
2026-10-06T07:42:00Z,2026-10-06T09:42:00+02:00,53,dr-robert,407,65,342,84
2026-10-06T07:42:00Z,2026-10-06T09:42:00+02:00,54,placa-vella,297,94,203,68.4
2026-10-06T07:42:00Z,2026-10-06T09:42:00+02:00,55,ajuntament-mercat,237,65,172,72.6
2026-10-06T07:43:00Z,2026-10-06T09:43:00+02:00,53,dr-robert,407,65,342,84
2026-10-06T07:43:00Z,2026-10-06T09:43:00+02:00,54,placa-vella,297,94,203,68.4
2026-10-06T07:43:00Z,2026-10-06T09:43:00+02:00,55,ajuntament-mercat,237,65,172,72.6
2026-10-06T07:44:00Z,2026-10-06T09:44:00+02:00,53,dr-robert,407,65,342,84
2026-10-06T07:44:00Z,2026-10-06T09:44:00+02:00,54,placa-vella,297,94,203,68.4
2026-10-06T07:44:00Z,2026-10-06T09:44:00+02:00,55,ajuntament-mercat,237,65,172,72.6
2026-10-06T07:45:00Z,2026-10-06T09:45:00+02:00,53,dr-robert,407,59,348,85.5
2026-10-06T07:45:00Z,2026-10-06T09:45:00+02:00,54,placa-vella,297,90,207,69.7
2026-10-06T07:45:00Z,2026-10-06T09:45:00+02:00,55,ajuntament-mercat,237,64,173,73
2026-10-06T07:46:00Z,2026-10-06T09:46:00+02:00,53,dr-robert,407,59,348,85.5
2026-10-06T07:46:00Z,2026-10-06T09:46:00+02:00,54,placa-vella,297,90,207,69.7
2026-10-06T07:46:00Z,2026-10-06T09:46:00+02:00,55,ajuntament-mercat,237,64,173,73
2026-10-06T07:47:00Z,2026-10-06T09:47:00+02:00,53,dr-robert,407,59,348,85.5
2026-10-06T07:47:00Z,2026-10-06T09:47:00+02:00,54,placa-vella,297,90,207,69.7
2026-10-06T07:47:00Z,2026-10-06T09:47:00+02:00,55,ajuntament-mercat,237,64,173,73
2026-10-06T07:48:00Z,2026-10-06T09:48:00+02:00,53,dr-robert,407,59,348,85.5
2026-10-06T07:48:00Z,2026-10-06T09:48:00+02:00,54,placa-vella,297,90,207,69.7
2026-10-06T07:48:00Z,2026-10-06T09:48:00+02:00,55,ajuntament-mercat,237,64,173,73
2026-10-06T07:49:00Z,2026-10-06T09:49:00+02:00,53,dr-robert,407,59,348,85.5
2026-10-06T07:49:00Z,2026-10-06T09:49:00+02:00,54,placa-vella,297,90,207,69.7
2026-10-06T07:49:00Z,2026-10-06T09:49:00+02:00,55,ajuntament-mercat,237,64,173,73
2026-10-06T07:50:00Z,2026-10-06T09:50:00+02:00,53,dr-robert,407,56,351,86.2
2026-10-06T07:50:00Z,2026-10-06T09:50:00+02:00,54,placa-vella,297,83,214,72.1
2026-10-06T07:50:00Z,2026-10-06T09:50:00+02:00,55,ajuntament-mercat,237,67,170,71.7
2026-10-06T07:51:00Z,2026-10-06T09:51:00+02:00,53,dr-robert,407,56,351,86.2
2026-10-06T07:51:00Z,2026-10-06T09:51:00+02:00,54,placa-vella,297,83,214,72.1
2026-10-06T07:51:00Z,2026-10-06T09:51:00+02:00,55,ajuntament-mercat,237,67,170,71.7
2026-10-06T07:52:00Z,2026-10-06T09:52:00+02:00,53,dr-robert,407,56,351,86.2
2026-10-06T07:52:00Z,2026-10-06T09:52:00+02:00,54,placa-vella,297,83,214,72.1
2026-10-06T07:52:00Z,2026-10-06T09:52:00+02:00,55,ajuntament-mercat,237,67,170,71.7
2026-10-06T07:53:00Z,2026-10-06T09:53:00+02:00,53,dr-robert,407,56,351,86.2
2026-10-06T07:53:00Z,2026-10-06T09:53:00+02:00,54,placa-vella,297,83,214,72.1
2026-10-06T07:53:00Z,2026-10-06T09:53:00+02:00,55,ajuntament-mercat,237,67,170,71.7
2026-10-06T07:54:00Z,2026-10-06T09:54:00+02:00,53,dr-robert,407,56,351,86.2
2026-10-06T07:54:00Z,2026-10-06T09:54:00+02:00,54,placa-vella,297,83,214,72.1
2026-10-06T07:54:00Z,2026-10-06T09:54:00+02:00,55,ajuntament-mercat,237,67,170,71.7
2026-10-06T07:55:00Z,2026-10-06T09:55:00+02:00,53,dr-robert,407,47,360,88.5
2026-10-06T07:55:00Z,2026-10-06T09:55:00+02:00,54,placa-vella,297,76,221,74.4
2026-10-06T07:55:00Z,2026-10-06T09:55:00+02:00,55,ajuntament-mercat,237,60,177,74.7
2026-10-06T07:56:00Z,2026-10-06T09:56:00+02:00,53,dr-robert,407,47,360,88.5
2026-10-06T07:56:00Z,2026-10-06T09:56:00+02:00,54,placa-vella,297,76,221,74.4
2026-10-06T07:56:00Z,2026-10-06T09:56:00+02:00,55,ajuntament-mercat,237,60,177,74.7
2026-10-06T07:57:00Z,2026-10-06T09:57:00+02:00,53,dr-robert,407,47,360,88.5
2026-10-06T07:57:00Z,2026-10-06T09:57:00+02:00,54,placa-vella,297,76,221,74.4
2026-10-06T07:57:00Z,2026-10-06T09:57:00+02:00,55,ajuntament-mercat,237,60,177,74.7
2026-10-06T07:58:00Z,2026-10-06T09:58:00+02:00,53,dr-robert,407,47,360,88.5
2026-10-06T07:58:00Z,2026-10-06T09:58:00+02:00,54,placa-vella,297,76,221,74.4
2026-10-06T07:58:00Z,2026-10-06T09:58:00+02:00,55,ajuntament-mercat,237,60,177,74.7
2026-10-06T07:59:00Z,2026-10-06T09:59:00+02:00,53,dr-robert,407,47,360,88.5
2026-10-06T07:59:00Z,2026-10-06T09:59:00+02:00,54,placa-vella,297,76,221,74.4
2026-10-06T07:59:00Z,2026-10-06T09:59:00+02:00,55,ajuntament-mercat,237,60,177,74.7
2026-10-06T08:00:00Z,2026-10-06T10:00:00+02:00,53,dr-robert,407,43,364,89.4
2026-10-06T08:00:00Z,2026-10-06T10:00:00+02:00,54,placa-vella,297,68,229,77.1
2026-10-06T08:00:00Z,2026-10-06T10:00:00+02:00,55,ajuntament-mercat,237,57,180,75.9
2026-10-06T08:01:00Z,2026-10-06T10:01:00+02:00,53,dr-robert,407,43,364,89.4
2026-10-06T08:01:00Z,2026-10-06T10:01:00+02:00,54,placa-vella,297,68,229,77.1
2026-10-06T08:01:00Z,2026-10-06T10:01:00+02:00,55,ajuntament-mercat,237,57,180,75.9
2026-10-06T08:02:00Z,2026-10-06T10:02:00+02:00,53,dr-robert,407,43,364,89.4
2026-10-06T08:02:00Z,2026-10-06T10:02:00+02:00,54,placa-vella,297,68,229,77.1
2026-10-06T08:02:00Z,2026-10-06T10:02:00+02:00,55,ajuntament-mercat,237,57,180,75.9
2026-10-06T08:03:00Z,2026-10-06T10:03:00+02:00,53,dr-robert,407,43,364,89.4
2026-10-06T08:03:00Z,2026-10-06T10:03:00+02:00,54,placa-vella,297,68,229,77.1
2026-10-06T08:03:00Z,2026-10-06T10:03:00+02:00,55,ajuntament-mercat,237,57,180,75.9
2026-10-06T08:04:00Z,2026-10-06T10:04:00+02:00,53,dr-robert,407,43,364,89.4
2026-10-06T08:04:00Z,2026-10-06T10:04:00+02:00,54,placa-vella,297,68,229,77.1
2026-10-06T08:04:00Z,2026-10-06T10:04:00+02:00,55,ajuntament-mercat,237,57,180,75.9
2026-10-06T08:05:00Z,2026-10-06T10:05:00+02:00,53,dr-robert,407,43,364,89.4
2026-10-06T08:05:00Z,2026-10-06T10:05:00+02:00,54,placa-vella,297,68,229,77.1
2026-10-06T08:05:00Z,2026-10-06T10:05:00+02:00,55,ajuntament-mercat,237,57,180,75.9
2026-10-06T08:06:00Z,2026-10-06T10:06:00+02:00,53,dr-robert,407,31,376,92.4
2026-10-06T08:06:00Z,2026-10-06T10:06:00+02:00,54,placa-vella,297,63,234,78.8
2026-10-06T08:06:00Z,2026-10-06T10:06:00+02:00,55,ajuntament-mercat,237,53,184,77.6
2026-10-06T08:07:00Z,2026-10-06T10:07:00+02:00,53,dr-robert,407,31,376,92.4
2026-10-06T08:07:00Z,2026-10-06T10:07:00+02:00,54,placa-vella,297,63,234,78.8
2026-10-06T08:07:00Z,2026-10-06T10:07:00+02:00,55,ajuntament-mercat,237,53,184,77.6
2026-10-06T08:08:00Z,2026-10-06T10:08:00+02:00,53,dr-robert,407,31,376,92.4
2026-10-06T08:08:00Z,2026-10-06T10:08:00+02:00,54,placa-vella,297,63,234,78.8
2026-10-06T08:08:00Z,2026-10-06T10:08:00+02:00,55,ajuntament-mercat,237,53,184,77.6
2026-10-06T08:09:00Z,2026-10-06T10:09:00+02:00,53,dr-robert,407,31,376,92.4
2026-10-06T08:09:00Z,2026-10-06T10:09:00+02:00,54,placa-vella,297,63,234,78.8
2026-10-06T08:09:00Z,2026-10-06T10:09:00+02:00,55,ajuntament-mercat,237,53,184,77.6
2026-10-06T08:10:00Z,2026-10-06T10:10:00+02:00,53,dr-robert,407,26,381,93.6
2026-10-06T08:10:00Z,2026-10-06T10:10:00+02:00,54,placa-vella,297,59,238,80.1
2026-10-06T08:10:00Z,2026-10-06T10:10:00+02:00,55,ajuntament-mercat,237,52,185,78.1
2026-10-06T08:11:00Z,2026-10-06T10:11:00+02:00,53,dr-robert,407,26,381,93.6
2026-10-06T08:11:00Z,2026-10-06T10:11:00+02:00,54,placa-vella,297,59,238,80.1
2026-10-06T08:11:00Z,2026-10-06T10:11:00+02:00,55,ajuntament-mercat,237,52,185,78.1
2026-10-06T08:12:00Z,2026-10-06T10:12:00+02:00,53,dr-robert,407,26,381,93.6
2026-10-06T08:12:00Z,2026-10-06T10:12:00+02:00,54,placa-vella,297,59,238,80.1
2026-10-06T08:12:00Z,2026-10-06T10:12:00+02:00,55,ajuntament-mercat,237,52,185,78.1
2026-10-06T08:13:00Z,2026-10-06T10:13:00+02:00,53,dr-robert,407,26,381,93.6
2026-10-06T08:13:00Z,2026-10-06T10:13:00+02:00,54,placa-vella,297,59,238,80.1
2026-10-06T08:13:00Z,2026-10-06T10:13:00+02:00,55,ajuntament-mercat,237,52,185,78.1
2026-10-06T08:14:00Z,2026-10-06T10:14:00+02:00,53,dr-robert,407,26,381,93.6
2026-10-06T08:14:00Z,2026-10-06T10:14:00+02:00,54,placa-vella,297,59,238,80.1
2026-10-06T08:14:00Z,2026-10-06T10:14:00+02:00,55,ajuntament-mercat,237,52,185,78.1
2026-10-06T08:15:00Z,2026-10-06T10:15:00+02:00,53,dr-robert,407,22,385,94.6
2026-10-06T08:15:00Z,2026-10-06T10:15:00+02:00,54,placa-vella,297,60,237,79.8
2026-10-06T08:15:00Z,2026-10-06T10:15:00+02:00,55,ajuntament-mercat,237,54,183,77.2
2026-10-06T08:16:00Z,2026-10-06T10:16:00+02:00,53,dr-robert,407,22,385,94.6
2026-10-06T08:16:00Z,2026-10-06T10:16:00+02:00,54,placa-vella,297,60,237,79.8
2026-10-06T08:16:00Z,2026-10-06T10:16:00+02:00,55,ajuntament-mercat,237,54,183,77.2
2026-10-06T08:17:00Z,2026-10-06T10:17:00+02:00,53,dr-robert,407,22,385,94.6
2026-10-06T08:17:00Z,2026-10-06T10:17:00+02:00,54,placa-vella,297,60,237,79.8
2026-10-06T08:17:00Z,2026-10-06T10:17:00+02:00,55,ajuntament-mercat,237,54,183,77.2
2026-10-06T08:18:00Z,2026-10-06T10:18:00+02:00,53,dr-robert,407,22,385,94.6
2026-10-06T08:18:00Z,2026-10-06T10:18:00+02:00,54,placa-vella,297,60,237,79.8
2026-10-06T08:18:00Z,2026-10-06T10:18:00+02:00,55,ajuntament-mercat,237,54,183,77.2
2026-10-06T08:19:00Z,2026-10-06T10:19:00+02:00,53,dr-robert,407,22,385,94.6
2026-10-06T08:19:00Z,2026-10-06T10:19:00+02:00,54,placa-vella,297,60,237,79.8
2026-10-06T08:19:00Z,2026-10-06T10:19:00+02:00,55,ajuntament-mercat,237,54,183,77.2
2026-10-06T08:20:00Z,2026-10-06T10:20:00+02:00,53,dr-robert,407,20,387,95.1
2026-10-06T08:20:00Z,2026-10-06T10:20:00+02:00,54,placa-vella,297,61,236,79.5
2026-10-06T08:20:00Z,2026-10-06T10:20:00+02:00,55,ajuntament-mercat,237,52,185,78.1
2026-10-06T08:21:00Z,2026-10-06T10:21:00+02:00,53,dr-robert,407,20,387,95.1
2026-10-06T08:21:00Z,2026-10-06T10:21:00+02:00,54,placa-vella,297,61,236,79.5
2026-10-06T08:21:00Z,2026-10-06T10:21:00+02:00,55,ajuntament-mercat,237,52,185,78.1
2026-10-06T08:22:00Z,2026-10-06T10:22:00+02:00,53,dr-robert,407,20,387,95.1
2026-10-06T08:22:00Z,2026-10-06T10:22:00+02:00,54,placa-vella,297,61,236,79.5
2026-10-06T08:22:00Z,2026-10-06T10:22:00+02:00,55,ajuntament-mercat,237,52,185,78.1
2026-10-06T08:23:00Z,2026-10-06T10:23:00+02:00,53,dr-robert,407,20,387,95.1
2026-10-06T08:23:00Z,2026-10-06T10:23:00+02:00,54,placa-vella,297,61,236,79.5
2026-10-06T08:23:00Z,2026-10-06T10:23:00+02:00,55,ajuntament-mercat,237,52,185,78.1
2026-10-06T08:24:00Z,2026-10-06T10:24:00+02:00,53,dr-robert,407,20,387,95.1
2026-10-06T08:24:00Z,2026-10-06T10:24:00+02:00,54,placa-vella,297,61,236,79.5
2026-10-06T08:24:00Z,2026-10-06T10:24:00+02:00,55,ajuntament-mercat,237,52,185,78.1
2026-10-06T08:25:00Z,2026-10-06T10:25:00+02:00,53,dr-robert,407,22,385,94.6
2026-10-06T08:25:00Z,2026-10-06T10:25:00+02:00,54,placa-vella,297,57,240,80.8
2026-10-06T08:25:00Z,2026-10-06T10:25:00+02:00,55,ajuntament-mercat,237,53,184,77.6
2026-10-06T08:26:00Z,2026-10-06T10:26:00+02:00,53,dr-robert,407,22,385,94.6
2026-10-06T08:26:00Z,2026-10-06T10:26:00+02:00,54,placa-vella,297,57,240,80.8
2026-10-06T08:26:00Z,2026-10-06T10:26:00+02:00,55,ajuntament-mercat,237,53,184,77.6
2026-10-06T08:27:00Z,2026-10-06T10:27:00+02:00,53,dr-robert,407,22,385,94.6
2026-10-06T08:27:00Z,2026-10-06T10:27:00+02:00,54,placa-vella,297,57,240,80.8
2026-10-06T08:27:00Z,2026-10-06T10:27:00+02:00,55,ajuntament-mercat,237,53,184,77.6
2026-10-06T08:28:00Z,2026-10-06T10:28:00+02:00,53,dr-robert,407,22,385,94.6
2026-10-06T08:28:00Z,2026-10-06T10:28:00+02:00,54,placa-vella,297,57,240,80.8
2026-10-06T08:28:00Z,2026-10-06T10:28:00+02:00,55,ajuntament-mercat,237,53,184,77.6
2026-10-06T08:29:00Z,2026-10-06T10:29:00+02:00,53,dr-robert,407,22,385,94.6
2026-10-06T08:29:00Z,2026-10-06T10:29:00+02:00,54,placa-vella,297,57,240,80.8
2026-10-06T08:29:00Z,2026-10-06T10:29:00+02:00,55,ajuntament-mercat,237,53,184,77.6
2026-10-06T08:30:00Z,2026-10-06T10:30:00+02:00,53,dr-robert,407,22,385,94.6
2026-10-06T08:30:00Z,2026-10-06T10:30:00+02:00,54,placa-vella,297,57,240,80.8
2026-10-06T08:30:00Z,2026-10-06T10:30:00+02:00,55,ajuntament-mercat,237,53,184,77.6
2026-10-06T08:31:00Z,2026-10-06T10:31:00+02:00,53,dr-robert,407,21,386,94.8
2026-10-06T08:31:00Z,2026-10-06T10:31:00+02:00,54,placa-vella,297,56,241,81.1
2026-10-06T08:31:00Z,2026-10-06T10:31:00+02:00,55,ajuntament-mercat,237,58,179,75.5
2026-10-06T08:32:00Z,2026-10-06T10:32:00+02:00,53,dr-robert,407,21,386,94.8
2026-10-06T08:32:00Z,2026-10-06T10:32:00+02:00,54,placa-vella,297,56,241,81.1
2026-10-06T08:32:00Z,2026-10-06T10:32:00+02:00,55,ajuntament-mercat,237,58,179,75.5
2026-10-06T08:33:00Z,2026-10-06T10:33:00+02:00,53,dr-robert,407,21,386,94.8
2026-10-06T08:33:00Z,2026-10-06T10:33:00+02:00,54,placa-vella,297,56,241,81.1
2026-10-06T08:33:00Z,2026-10-06T10:33:00+02:00,55,ajuntament-mercat,237,58,179,75.5
2026-10-06T08:34:00Z,2026-10-06T10:34:00+02:00,53,dr-robert,407,21,386,94.8
2026-10-06T08:34:00Z,2026-10-06T10:34:00+02:00,54,placa-vella,297,56,241,81.1
2026-10-06T08:34:00Z,2026-10-06T10:34:00+02:00,55,ajuntament-mercat,237,58,179,75.5
2026-10-06T08:35:00Z,2026-10-06T10:35:00+02:00,53,dr-robert,407,21,386,94.8
2026-10-06T08:35:00Z,2026-10-06T10:35:00+02:00,54,placa-vella,297,56,241,81.1
2026-10-06T08:35:00Z,2026-10-06T10:35:00+02:00,55,ajuntament-mercat,237,58,179,75.5
2026-10-06T08:36:00Z,2026-10-06T10:36:00+02:00,53,dr-robert,407,19,388,95.3
2026-10-06T08:36:00Z,2026-10-06T10:36:00+02:00,54,placa-vella,297,56,241,81.1
2026-10-06T08:36:00Z,2026-10-06T10:36:00+02:00,55,ajuntament-mercat,237,56,181,76.4
2026-10-06T08:37:00Z,2026-10-06T10:37:00+02:00,53,dr-robert,407,19,388,95.3
2026-10-06T08:37:00Z,2026-10-06T10:37:00+02:00,54,placa-vella,297,56,241,81.1
2026-10-06T08:37:00Z,2026-10-06T10:37:00+02:00,55,ajuntament-mercat,237,56,181,76.4
2026-10-06T08:38:00Z,2026-10-06T10:38:00+02:00,53,dr-robert,407,19,388,95.3
2026-10-06T08:38:00Z,2026-10-06T10:38:00+02:00,54,placa-vella,297,56,241,81.1
2026-10-06T08:38:00Z,2026-10-06T10:38:00+02:00,55,ajuntament-mercat,237,56,181,76.4
2026-10-06T08:39:00Z,2026-10-06T10:39:00+02:00,53,dr-robert,407,19,388,95.3
2026-10-06T08:39:00Z,2026-10-06T10:39:00+02:00,54,placa-vella,297,56,241,81.1
2026-10-06T08:39:00Z,2026-10-06T10:39:00+02:00,55,ajuntament-mercat,237,56,181,76.4
2026-10-06T08:40:00Z,2026-10-06T10:40:00+02:00,53,dr-robert,407,12,395,97.1
2026-10-06T08:40:00Z,2026-10-06T10:40:00+02:00,54,placa-vella,297,52,245,82.5
2026-10-06T08:40:00Z,2026-10-06T10:40:00+02:00,55,ajuntament-mercat,237,53,184,77.6
2026-10-06T08:41:00Z,2026-10-06T10:41:00+02:00,53,dr-robert,407,12,395,97.1
2026-10-06T08:41:00Z,2026-10-06T10:41:00+02:00,54,placa-vella,297,52,245,82.5
2026-10-06T08:41:00Z,2026-10-06T10:41:00+02:00,55,ajuntament-mercat,237,53,184,77.6
2026-10-06T08:42:00Z,2026-10-06T10:42:00+02:00,53,dr-robert,407,12,395,97.1
2026-10-06T08:42:00Z,2026-10-06T10:42:00+02:00,54,placa-vella,297,52,245,82.5
2026-10-06T08:42:00Z,2026-10-06T10:42:00+02:00,55,ajuntament-mercat,237,53,184,77.6
2026-10-06T08:43:00Z,2026-10-06T10:43:00+02:00,53,dr-robert,407,12,395,97.1
2026-10-06T08:43:00Z,2026-10-06T10:43:00+02:00,54,placa-vella,297,52,245,82.5
2026-10-06T08:43:00Z,2026-10-06T10:43:00+02:00,55,ajuntament-mercat,237,53,184,77.6
2026-10-06T08:44:00Z,2026-10-06T10:44:00+02:00,53,dr-robert,407,12,395,97.1
2026-10-06T08:44:00Z,2026-10-06T10:44:00+02:00,54,placa-vella,297,52,245,82.5
2026-10-06T08:44:00Z,2026-10-06T10:44:00+02:00,55,ajuntament-mercat,237,53,184,77.6
2026-10-06T08:45:00Z,2026-10-06T10:45:00+02:00,53,dr-robert,407,6,401,98.5
2026-10-06T08:45:00Z,2026-10-06T10:45:00+02:00,54,placa-vella,297,50,247,83.2
2026-10-06T08:45:00Z,2026-10-06T10:45:00+02:00,55,ajuntament-mercat,237,53,184,77.6
2026-10-06T08:46:00Z,2026-10-06T10:46:00+02:00,53,dr-robert,407,6,401,98.5
2026-10-06T08:46:00Z,2026-10-06T10:46:00+02:00,54,placa-vella,297,50,247,83.2
2026-10-06T08:46:00Z,2026-10-06T10:46:00+02:00,55,ajuntament-mercat,237,53,184,77.6
2026-10-06T08:47:00Z,2026-10-06T10:47:00+02:00,53,dr-robert,407,6,401,98.5
2026-10-06T08:47:00Z,2026-10-06T10:47:00+02:00,54,placa-vella,297,50,247,83.2
2026-10-06T08:47:00Z,2026-10-06T10:47:00+02:00,55,ajuntament-mercat,237,53,184,77.6
2026-10-06T08:48:00Z,2026-10-06T10:48:00+02:00,53,dr-robert,407,6,401,98.5
2026-10-06T08:48:00Z,2026-10-06T10:48:00+02:00,54,placa-vella,297,50,247,83.2
2026-10-06T08:48:00Z,2026-10-06T10:48:00+02:00,55,ajuntament-mercat,237,53,184,77.6
2026-10-06T08:49:00Z,2026-10-06T10:49:00+02:00,53,dr-robert,407,6,401,98.5
2026-10-06T08:49:00Z,2026-10-06T10:49:00+02:00,54,placa-vella,297,50,247,83.2
2026-10-06T08:49:00Z,2026-10-06T10:49:00+02:00,55,ajuntament-mercat,237,53,184,77.6
2026-10-06T08:50:00Z,2026-10-06T10:50:00+02:00,53,dr-robert,407,6,401,98.5
2026-10-06T08:50:00Z,2026-10-06T10:50:00+02:00,54,placa-vella,297,50,247,83.2
2026-10-06T08:50:00Z,2026-10-06T10:50:00+02:00,55,ajuntament-mercat,237,53,184,77.6
2026-10-06T08:51:00Z,2026-10-06T10:51:00+02:00,53,dr-robert,407,4,403,99
2026-10-06T08:51:00Z,2026-10-06T10:51:00+02:00,54,placa-vella,297,49,248,83.5
2026-10-06T08:51:00Z,2026-10-06T10:51:00+02:00,55,ajuntament-mercat,237,50,187,78.9
2026-10-06T08:52:00Z,2026-10-06T10:52:00+02:00,53,dr-robert,407,4,403,99
2026-10-06T08:52:00Z,2026-10-06T10:52:00+02:00,54,placa-vella,297,49,248,83.5
2026-10-06T08:52:00Z,2026-10-06T10:52:00+02:00,55,ajuntament-mercat,237,50,187,78.9
2026-10-06T08:53:00Z,2026-10-06T10:53:00+02:00,53,dr-robert,407,4,403,99
2026-10-06T08:53:00Z,2026-10-06T10:53:00+02:00,54,placa-vella,297,49,248,83.5
2026-10-06T08:53:00Z,2026-10-06T10:53:00+02:00,55,ajuntament-mercat,237,50,187,78.9
2026-10-06T08:54:00Z,2026-10-06T10:54:00+02:00,53,dr-robert,407,4,403,99
2026-10-06T08:54:00Z,2026-10-06T10:54:00+02:00,54,placa-vella,297,49,248,83.5
2026-10-06T08:54:00Z,2026-10-06T10:54:00+02:00,55,ajuntament-mercat,237,50,187,78.9
2026-10-06T08:55:00Z,2026-10-06T10:55:00+02:00,53,dr-robert,407,2,405,99.5
2026-10-06T08:55:00Z,2026-10-06T10:55:00+02:00,54,placa-vella,297,44,253,85.2
2026-10-06T08:55:00Z,2026-10-06T10:55:00+02:00,55,ajuntament-mercat,237,45,192,81
2026-10-06T08:56:00Z,2026-10-06T10:56:00+02:00,53,dr-robert,407,2,405,99.5
2026-10-06T08:56:00Z,2026-10-06T10:56:00+02:00,54,placa-vella,297,44,253,85.2
2026-10-06T08:56:00Z,2026-10-06T10:56:00+02:00,55,ajuntament-mercat,237,45,192,81
2026-10-06T08:57:00Z,2026-10-06T10:57:00+02:00,53,dr-robert,407,2,405,99.5
2026-10-06T08:57:00Z,2026-10-06T10:57:00+02:00,54,placa-vella,297,44,253,85.2
2026-10-06T08:57:00Z,2026-10-06T10:57:00+02:00,55,ajuntament-mercat,237,45,192,81
2026-10-06T08:58:00Z,2026-10-06T10:58:00+02:00,53,dr-robert,407,2,405,99.5
2026-10-06T08:58:00Z,2026-10-06T10:58:00+02:00,54,placa-vella,297,44,253,85.2
2026-10-06T08:58:00Z,2026-10-06T10:58:00+02:00,55,ajuntament-mercat,237,45,192,81
2026-10-06T08:59:00Z,2026-10-06T10:59:00+02:00,53,dr-robert,407,2,405,99.5
2026-10-06T08:59:00Z,2026-10-06T10:59:00+02:00,54,placa-vella,297,44,253,85.2
2026-10-06T08:59:00Z,2026-10-06T10:59:00+02:00,55,ajuntament-mercat,237,45,192,81
2026-10-06T09:00:00Z,2026-10-06T11:00:00+02:00,53,dr-robert,407,2,405,99.5
2026-10-06T09:00:00Z,2026-10-06T11:00:00+02:00,54,placa-vella,297,44,253,85.2
2026-10-06T09:00:00Z,2026-10-06T11:00:00+02:00,55,ajuntament-mercat,237,45,192,81
2026-10-06T09:01:00Z,2026-10-06T11:01:00+02:00,53,dr-robert,407,2,405,99.5
2026-10-06T09:01:00Z,2026-10-06T11:01:00+02:00,54,placa-vella,297,44,253,85.2
2026-10-06T09:01:00Z,2026-10-06T11:01:00+02:00,55,ajuntament-mercat,237,45,192,81
2026-10-06T09:02:00Z,2026-10-06T11:02:00+02:00,53,dr-robert,407,3,404,99.3
2026-10-06T09:02:00Z,2026-10-06T11:02:00+02:00,54,placa-vella,297,38,259,87.2
2026-10-06T09:02:00Z,2026-10-06T11:02:00+02:00,55,ajuntament-mercat,237,44,193,81.4
2026-10-06T09:03:00Z,2026-10-06T11:03:00+02:00,53,dr-robert,407,3,404,99.3
2026-10-06T09:03:00Z,2026-10-06T11:03:00+02:00,54,placa-vella,297,38,259,87.2
2026-10-06T09:03:00Z,2026-10-06T11:03:00+02:00,55,ajuntament-mercat,237,44,193,81.4
2026-10-06T09:04:00Z,2026-10-06T11:04:00+02:00,53,dr-robert,407,3,404,99.3
2026-10-06T09:04:00Z,2026-10-06T11:04:00+02:00,54,placa-vella,297,38,259,87.2
2026-10-06T09:04:00Z,2026-10-06T11:04:00+02:00,55,ajuntament-mercat,237,44,193,81.4
2026-10-06T09:05:00Z,2026-10-06T11:05:00+02:00,53,dr-robert,407,4,403,99
2026-10-06T09:05:00Z,2026-10-06T11:05:00+02:00,54,placa-vella,297,37,260,87.5
2026-10-06T09:05:00Z,2026-10-06T11:05:00+02:00,55,ajuntament-mercat,237,43,194,81.9
2026-10-06T09:06:00Z,2026-10-06T11:06:00+02:00,53,dr-robert,407,4,403,99
2026-10-06T09:06:00Z,2026-10-06T11:06:00+02:00,54,placa-vella,297,37,260,87.5
2026-10-06T09:06:00Z,2026-10-06T11:06:00+02:00,55,ajuntament-mercat,237,43,194,81.9
2026-10-06T09:07:00Z,2026-10-06T11:07:00+02:00,53,dr-robert,407,4,403,99
2026-10-06T09:07:00Z,2026-10-06T11:07:00+02:00,54,placa-vella,297,37,260,87.5
2026-10-06T09:07:00Z,2026-10-06T11:07:00+02:00,55,ajuntament-mercat,237,43,194,81.9
2026-10-06T09:08:00Z,2026-10-06T11:08:00+02:00,53,dr-robert,407,4,403,99
2026-10-06T09:08:00Z,2026-10-06T11:08:00+02:00,54,placa-vella,297,37,260,87.5
2026-10-06T09:08:00Z,2026-10-06T11:08:00+02:00,55,ajuntament-mercat,237,43,194,81.9
2026-10-06T09:09:00Z,2026-10-06T11:09:00+02:00,53,dr-robert,407,4,403,99
2026-10-06T09:09:00Z,2026-10-06T11:09:00+02:00,54,placa-vella,297,37,260,87.5
2026-10-06T09:09:00Z,2026-10-06T11:09:00+02:00,55,ajuntament-mercat,237,43,194,81.9
2026-10-06T09:10:00Z,2026-10-06T11:10:00+02:00,53,dr-robert,407,2,405,99.5
2026-10-06T09:10:00Z,2026-10-06T11:10:00+02:00,54,placa-vella,297,33,264,88.9
2026-10-06T09:10:00Z,2026-10-06T11:10:00+02:00,55,ajuntament-mercat,237,47,190,80.2
2026-10-06T09:11:00Z,2026-10-06T11:11:00+02:00,53,dr-robert,407,2,405,99.5
2026-10-06T09:11:00Z,2026-10-06T11:11:00+02:00,54,placa-vella,297,33,264,88.9
2026-10-06T09:11:00Z,2026-10-06T11:11:00+02:00,55,ajuntament-mercat,237,47,190,80.2
2026-10-06T09:12:00Z,2026-10-06T11:12:00+02:00,53,dr-robert,407,2,405,99.5
2026-10-06T09:12:00Z,2026-10-06T11:12:00+02:00,54,placa-vella,297,33,264,88.9
2026-10-06T09:12:00Z,2026-10-06T11:12:00+02:00,55,ajuntament-mercat,237,47,190,80.2
2026-10-06T09:13:00Z,2026-10-06T11:13:00+02:00,53,dr-robert,407,2,405,99.5
2026-10-06T09:13:00Z,2026-10-06T11:13:00+02:00,54,placa-vella,297,33,264,88.9
2026-10-06T09:13:00Z,2026-10-06T11:13:00+02:00,55,ajuntament-mercat,237,47,190,80.2
2026-10-06T09:14:00Z,2026-10-06T11:14:00+02:00,53,dr-robert,407,2,405,99.5
2026-10-06T09:14:00Z,2026-10-06T11:14:00+02:00,54,placa-vella,297,33,264,88.9
2026-10-06T09:14:00Z,2026-10-06T11:14:00+02:00,55,ajuntament-mercat,237,47,190,80.2
2026-10-06T09:15:00Z,2026-10-06T11:15:00+02:00,53,dr-robert,407,2,405,99.5
2026-10-06T09:15:00Z,2026-10-06T11:15:00+02:00,54,placa-vella,297,39,258,86.9
2026-10-06T09:15:00Z,2026-10-06T11:15:00+02:00,55,ajuntament-mercat,237,48,189,79.7
2026-10-06T09:16:00Z,2026-10-06T11:16:00+02:00,53,dr-robert,407,2,405,99.5
2026-10-06T09:16:00Z,2026-10-06T11:16:00+02:00,54,placa-vella,297,39,258,86.9
2026-10-06T09:16:00Z,2026-10-06T11:16:00+02:00,55,ajuntament-mercat,237,48,189,79.7
2026-10-06T09:17:00Z,2026-10-06T11:17:00+02:00,53,dr-robert,407,2,405,99.5
2026-10-06T09:17:00Z,2026-10-06T11:17:00+02:00,54,placa-vella,297,39,258,86.9
2026-10-06T09:17:00Z,2026-10-06T11:17:00+02:00,55,ajuntament-mercat,237,48,189,79.7
2026-10-06T09:18:00Z,2026-10-06T11:18:00+02:00,53,dr-robert,407,2,405,99.5
2026-10-06T09:18:00Z,2026-10-06T11:18:00+02:00,54,placa-vella,297,39,258,86.9
2026-10-06T09:18:00Z,2026-10-06T11:18:00+02:00,55,ajuntament-mercat,237,48,189,79.7
2026-10-06T09:19:00Z,2026-10-06T11:19:00+02:00,53,dr-robert,407,2,405,99.5
2026-10-06T09:19:00Z,2026-10-06T11:19:00+02:00,54,placa-vella,297,39,258,86.9
2026-10-06T09:19:00Z,2026-10-06T11:19:00+02:00,55,ajuntament-mercat,237,48,189,79.7
2026-10-06T09:20:00Z,2026-10-06T11:20:00+02:00,53,dr-robert,407,13,394,96.8
2026-10-06T09:20:00Z,2026-10-06T11:20:00+02:00,54,placa-vella,297,37,260,87.5
2026-10-06T09:20:00Z,2026-10-06T11:20:00+02:00,55,ajuntament-mercat,237,50,187,78.9
2026-10-06T09:21:00Z,2026-10-06T11:21:00+02:00,53,dr-robert,407,13,394,96.8
2026-10-06T09:21:00Z,2026-10-06T11:21:00+02:00,54,placa-vella,297,37,260,87.5
2026-10-06T09:21:00Z,2026-10-06T11:21:00+02:00,55,ajuntament-mercat,237,50,187,78.9
2026-10-06T09:22:00Z,2026-10-06T11:22:00+02:00,53,dr-robert,407,13,394,96.8
2026-10-06T09:22:00Z,2026-10-06T11:22:00+02:00,54,placa-vella,297,37,260,87.5
2026-10-06T09:22:00Z,2026-10-06T11:22:00+02:00,55,ajuntament-mercat,237,50,187,78.9
2026-10-06T09:23:00Z,2026-10-06T11:23:00+02:00,53,dr-robert,407,13,394,96.8
2026-10-06T09:23:00Z,2026-10-06T11:23:00+02:00,54,placa-vella,297,37,260,87.5
2026-10-06T09:23:00Z,2026-10-06T11:23:00+02:00,55,ajuntament-mercat,237,50,187,78.9
2026-10-06T09:24:00Z,2026-10-06T11:24:00+02:00,53,dr-robert,407,13,394,96.8
2026-10-06T09:24:00Z,2026-10-06T11:24:00+02:00,54,placa-vella,297,37,260,87.5
2026-10-06T09:24:00Z,2026-10-06T11:24:00+02:00,55,ajuntament-mercat,237,50,187,78.9
2026-10-06T09:25:00Z,2026-10-06T11:25:00+02:00,53,dr-robert,407,25,382,93.9
2026-10-06T09:25:00Z,2026-10-06T11:25:00+02:00,54,placa-vella,297,24,273,91.9
2026-10-06T09:25:00Z,2026-10-06T11:25:00+02:00,55,ajuntament-mercat,237,53,184,77.6
2026-10-06T09:26:00Z,2026-10-06T11:26:00+02:00,53,dr-robert,407,25,382,93.9
2026-10-06T09:26:00Z,2026-10-06T11:26:00+02:00,54,placa-vella,297,24,273,91.9
2026-10-06T09:26:00Z,2026-10-06T11:26:00+02:00,55,ajuntament-mercat,237,53,184,77.6
2026-10-06T09:27:00Z,2026-10-06T11:27:00+02:00,53,dr-robert,407,25,382,93.9
2026-10-06T09:27:00Z,2026-10-06T11:27:00+02:00,54,placa-vella,297,24,273,91.9
2026-10-06T09:27:00Z,2026-10-06T11:27:00+02:00,55,ajuntament-mercat,237,53,184,77.6
2026-10-06T09:28:00Z,2026-10-06T11:28:00+02:00,53,dr-robert,407,25,382,93.9
2026-10-06T09:28:00Z,2026-10-06T11:28:00+02:00,54,placa-vella,297,24,273,91.9
2026-10-06T09:28:00Z,2026-10-06T11:28:00+02:00,55,ajuntament-mercat,237,53,184,77.6
2026-10-06T09:29:00Z,2026-10-06T11:29:00+02:00,53,dr-robert,407,25,382,93.9
2026-10-06T09:29:00Z,2026-10-06T11:29:00+02:00,54,placa-vella,297,24,273,91.9
2026-10-06T09:29:00Z,2026-10-06T11:29:00+02:00,55,ajuntament-mercat,237,53,184,77.6
2026-10-06T09:30:00Z,2026-10-06T11:30:00+02:00,53,dr-robert,407,25,382,93.9
2026-10-06T09:30:00Z,2026-10-06T11:30:00+02:00,54,placa-vella,297,24,273,91.9
2026-10-06T09:30:00Z,2026-10-06T11:30:00+02:00,55,ajuntament-mercat,237,53,184,77.6
2026-10-06T09:31:00Z,2026-10-06T11:31:00+02:00,53,dr-robert,407,20,387,95.1
2026-10-06T09:31:00Z,2026-10-06T11:31:00+02:00,54,placa-vella,297,23,274,92.3
2026-10-06T09:31:00Z,2026-10-06T11:31:00+02:00,55,ajuntament-mercat,237,58,179,75.5
2026-10-06T09:32:00Z,2026-10-06T11:32:00+02:00,53,dr-robert,407,20,387,95.1
2026-10-06T09:32:00Z,2026-10-06T11:32:00+02:00,54,placa-vella,297,23,274,92.3
2026-10-06T09:32:00Z,2026-10-06T11:32:00+02:00,55,ajuntament-mercat,237,58,179,75.5
2026-10-06T09:33:00Z,2026-10-06T11:33:00+02:00,53,dr-robert,407,20,387,95.1
2026-10-06T09:33:00Z,2026-10-06T11:33:00+02:00,54,placa-vella,297,23,274,92.3
2026-10-06T09:33:00Z,2026-10-06T11:33:00+02:00,55,ajuntament-mercat,237,58,179,75.5
2026-10-06T09:34:00Z,2026-10-06T11:34:00+02:00,53,dr-robert,407,20,387,95.1
2026-10-06T09:34:00Z,2026-10-06T11:34:00+02:00,54,placa-vella,297,23,274,92.3
2026-10-06T09:34:00Z,2026-10-06T11:34:00+02:00,55,ajuntament-mercat,237,58,179,75.5
2026-10-06T09:35:00Z,2026-10-06T11:35:00+02:00,53,dr-robert,407,14,393,96.6
2026-10-06T09:35:00Z,2026-10-06T11:35:00+02:00,54,placa-vella,297,22,275,92.6
2026-10-06T09:35:00Z,2026-10-06T11:35:00+02:00,55,ajuntament-mercat,237,60,177,74.7
2026-10-06T09:36:00Z,2026-10-06T11:36:00+02:00,53,dr-robert,407,14,393,96.6
2026-10-06T09:36:00Z,2026-10-06T11:36:00+02:00,54,placa-vella,297,22,275,92.6
2026-10-06T09:36:00Z,2026-10-06T11:36:00+02:00,55,ajuntament-mercat,237,60,177,74.7
2026-10-06T09:37:00Z,2026-10-06T11:37:00+02:00,53,dr-robert,407,14,393,96.6
2026-10-06T09:37:00Z,2026-10-06T11:37:00+02:00,54,placa-vella,297,22,275,92.6
2026-10-06T09:37:00Z,2026-10-06T11:37:00+02:00,55,ajuntament-mercat,237,60,177,74.7
2026-10-06T09:38:00Z,2026-10-06T11:38:00+02:00,53,dr-robert,407,14,393,96.6
2026-10-06T09:38:00Z,2026-10-06T11:38:00+02:00,54,placa-vella,297,22,275,92.6
2026-10-06T09:38:00Z,2026-10-06T11:38:00+02:00,55,ajuntament-mercat,237,60,177,74.7
2026-10-06T09:39:00Z,2026-10-06T11:39:00+02:00,53,dr-robert,407,14,393,96.6
2026-10-06T09:39:00Z,2026-10-06T11:39:00+02:00,54,placa-vella,297,22,275,92.6
2026-10-06T09:39:00Z,2026-10-06T11:39:00+02:00,55,ajuntament-mercat,237,60,177,74.7
2026-10-06T09:40:00Z,2026-10-06T11:40:00+02:00,53,dr-robert,407,7,400,98.3
2026-10-06T09:40:00Z,2026-10-06T11:40:00+02:00,54,placa-vella,297,24,273,91.9
2026-10-06T09:40:00Z,2026-10-06T11:40:00+02:00,55,ajuntament-mercat,237,59,178,75.1
2026-10-06T09:41:00Z,2026-10-06T11:41:00+02:00,53,dr-robert,407,7,400,98.3
2026-10-06T09:41:00Z,2026-10-06T11:41:00+02:00,54,placa-vella,297,24,273,91.9
2026-10-06T09:41:00Z,2026-10-06T11:41:00+02:00,55,ajuntament-mercat,237,59,178,75.1
2026-10-06T09:42:00Z,2026-10-06T11:42:00+02:00,53,dr-robert,407,7,400,98.3
2026-10-06T09:42:00Z,2026-10-06T11:42:00+02:00,54,placa-vella,297,24,273,91.9
2026-10-06T09:42:00Z,2026-10-06T11:42:00+02:00,55,ajuntament-mercat,237,59,178,75.1
2026-10-06T09:43:00Z,2026-10-06T11:43:00+02:00,53,dr-robert,407,7,400,98.3
2026-10-06T09:43:00Z,2026-10-06T11:43:00+02:00,54,placa-vella,297,24,273,91.9
2026-10-06T09:43:00Z,2026-10-06T11:43:00+02:00,55,ajuntament-mercat,237,59,178,75.1
2026-10-06T09:44:00Z,2026-10-06T11:44:00+02:00,53,dr-robert,407,7,400,98.3
2026-10-06T09:44:00Z,2026-10-06T11:44:00+02:00,54,placa-vella,297,24,273,91.9
2026-10-06T09:44:00Z,2026-10-06T11:44:00+02:00,55,ajuntament-mercat,237,59,178,75.1
2026-10-06T09:45:00Z,2026-10-06T11:45:00+02:00,53,dr-robert,407,7,400,98.3
2026-10-06T09:45:00Z,2026-10-06T11:45:00+02:00,54,placa-vella,297,24,273,91.9
2026-10-06T09:45:00Z,2026-10-06T11:45:00+02:00,55,ajuntament-mercat,237,59,178,75.1
2026-10-06T09:46:00Z,2026-10-06T11:46:00+02:00,53,dr-robert,407,7,400,98.3
2026-10-06T09:46:00Z,2026-10-06T11:46:00+02:00,54,placa-vella,297,30,267,89.9
2026-10-06T09:46:00Z,2026-10-06T11:46:00+02:00,55,ajuntament-mercat,237,60,177,74.7
2026-10-06T09:47:00Z,2026-10-06T11:47:00+02:00,53,dr-robert,407,7,400,98.3
2026-10-06T09:47:00Z,2026-10-06T11:47:00+02:00,54,placa-vella,297,30,267,89.9
2026-10-06T09:47:00Z,2026-10-06T11:47:00+02:00,55,ajuntament-mercat,237,60,177,74.7
2026-10-06T09:48:00Z,2026-10-06T11:48:00+02:00,53,dr-robert,407,7,400,98.3
2026-10-06T09:48:00Z,2026-10-06T11:48:00+02:00,54,placa-vella,297,30,267,89.9
2026-10-06T09:48:00Z,2026-10-06T11:48:00+02:00,55,ajuntament-mercat,237,60,177,74.7
2026-10-06T09:49:00Z,2026-10-06T11:49:00+02:00,53,dr-robert,407,7,400,98.3
2026-10-06T09:49:00Z,2026-10-06T11:49:00+02:00,54,placa-vella,297,30,267,89.9
2026-10-06T09:49:00Z,2026-10-06T11:49:00+02:00,55,ajuntament-mercat,237,60,177,74.7
2026-10-06T09:50:00Z,2026-10-06T11:50:00+02:00,53,dr-robert,407,6,401,98.5
2026-10-06T09:50:00Z,2026-10-06T11:50:00+02:00,54,placa-vella,297,31,266,89.6
2026-10-06T09:50:00Z,2026-10-06T11:50:00+02:00,55,ajuntament-mercat,237,57,180,75.9
2026-10-06T09:51:00Z,2026-10-06T11:51:00+02:00,53,dr-robert,407,6,401,98.5
2026-10-06T09:51:00Z,2026-10-06T11:51:00+02:00,54,placa-vella,297,31,266,89.6
2026-10-06T09:51:00Z,2026-10-06T11:51:00+02:00,55,ajuntament-mercat,237,57,180,75.9
2026-10-06T09:52:00Z,2026-10-06T11:52:00+02:00,53,dr-robert,407,6,401,98.5
2026-10-06T09:52:00Z,2026-10-06T11:52:00+02:00,54,placa-vella,297,31,266,89.6
2026-10-06T09:52:00Z,2026-10-06T11:52:00+02:00,55,ajuntament-mercat,237,57,180,75.9
2026-10-06T09:53:00Z,2026-10-06T11:53:00+02:00,53,dr-robert,407,6,401,98.5
2026-10-06T09:53:00Z,2026-10-06T11:53:00+02:00,54,placa-vella,297,31,266,89.6
2026-10-06T09:53:00Z,2026-10-06T11:53:00+02:00,55,ajuntament-mercat,237,57,180,75.9
2026-10-06T09:54:00Z,2026-10-06T11:54:00+02:00,53,dr-robert,407,6,401,98.5
2026-10-06T09:54:00Z,2026-10-06T11:54:00+02:00,54,placa-vella,297,31,266,89.6
2026-10-06T09:54:00Z,2026-10-06T11:54:00+02:00,55,ajuntament-mercat,237,57,180,75.9
2026-10-06T09:55:00Z,2026-10-06T11:55:00+02:00,53,dr-robert,407,1,406,99.8
2026-10-06T09:55:00Z,2026-10-06T11:55:00+02:00,54,placa-vella,297,35,262,88.2
2026-10-06T09:55:00Z,2026-10-06T11:55:00+02:00,55,ajuntament-mercat,237,55,182,76.8
2026-10-06T09:56:00Z,2026-10-06T11:56:00+02:00,53,dr-robert,407,1,406,99.8
2026-10-06T09:56:00Z,2026-10-06T11:56:00+02:00,54,placa-vella,297,35,262,88.2
2026-10-06T09:56:00Z,2026-10-06T11:56:00+02:00,55,ajuntament-mercat,237,55,182,76.8
2026-10-06T09:57:00Z,2026-10-06T11:57:00+02:00,53,dr-robert,407,1,406,99.8
2026-10-06T09:57:00Z,2026-10-06T11:57:00+02:00,54,placa-vella,297,35,262,88.2
2026-10-06T09:57:00Z,2026-10-06T11:57:00+02:00,55,ajuntament-mercat,237,55,182,76.8
2026-10-06T09:58:00Z,2026-10-06T11:58:00+02:00,53,dr-robert,407,1,406,99.8
2026-10-06T09:58:00Z,2026-10-06T11:58:00+02:00,54,placa-vella,297,35,262,88.2
2026-10-06T09:58:00Z,2026-10-06T11:58:00+02:00,55,ajuntament-mercat,237,55,182,76.8
2026-10-06T09:59:00Z,2026-10-06T11:59:00+02:00,53,dr-robert,407,1,406,99.8
2026-10-06T09:59:00Z,2026-10-06T11:59:00+02:00,54,placa-vella,297,35,262,88.2
2026-10-06T09:59:00Z,2026-10-06T11:59:00+02:00,55,ajuntament-mercat,237,55,182,76.8
2026-10-06T10:00:00Z,2026-10-06T12:00:00+02:00,53,dr-robert,407,1,406,99.8
2026-10-06T10:00:00Z,2026-10-06T12:00:00+02:00,54,placa-vella,297,35,262,88.2
2026-10-06T10:00:00Z,2026-10-06T12:00:00+02:00,55,ajuntament-mercat,237,55,182,76.8
2026-10-06T10:01:00Z,2026-10-06T12:01:00+02:00,53,dr-robert,407,7,400,98.3
2026-10-06T10:01:00Z,2026-10-06T12:01:00+02:00,54,placa-vella,297,38,259,87.2
2026-10-06T10:01:00Z,2026-10-06T12:01:00+02:00,55,ajuntament-mercat,237,55,182,76.8
2026-10-06T10:02:00Z,2026-10-06T12:02:00+02:00,53,dr-robert,407,7,400,98.3
2026-10-06T10:02:00Z,2026-10-06T12:02:00+02:00,54,placa-vella,297,38,259,87.2
2026-10-06T10:02:00Z,2026-10-06T12:02:00+02:00,55,ajuntament-mercat,237,55,182,76.8
2026-10-06T10:03:00Z,2026-10-06T12:03:00+02:00,53,dr-robert,407,7,400,98.3
2026-10-06T10:03:00Z,2026-10-06T12:03:00+02:00,54,placa-vella,297,38,259,87.2
2026-10-06T10:03:00Z,2026-10-06T12:03:00+02:00,55,ajuntament-mercat,237,55,182,76.8
2026-10-06T10:04:00Z,2026-10-06T12:04:00+02:00,53,dr-robert,407,7,400,98.3
2026-10-06T10:04:00Z,2026-10-06T12:04:00+02:00,54,placa-vella,297,38,259,87.2
2026-10-06T10:04:00Z,2026-10-06T12:04:00+02:00,55,ajuntament-mercat,237,55,182,76.8
2026-10-06T10:05:00Z,2026-10-06T12:05:00+02:00,53,dr-robert,407,11,396,97.3
2026-10-06T10:05:00Z,2026-10-06T12:05:00+02:00,54,placa-vella,297,35,262,88.2
2026-10-06T10:05:00Z,2026-10-06T12:05:00+02:00,55,ajuntament-mercat,237,55,182,76.8
2026-10-06T10:06:00Z,2026-10-06T12:06:00+02:00,53,dr-robert,407,11,396,97.3
2026-10-06T10:06:00Z,2026-10-06T12:06:00+02:00,54,placa-vella,297,35,262,88.2
2026-10-06T10:06:00Z,2026-10-06T12:06:00+02:00,55,ajuntament-mercat,237,55,182,76.8
2026-10-06T10:07:00Z,2026-10-06T12:07:00+02:00,53,dr-robert,407,11,396,97.3
2026-10-06T10:07:00Z,2026-10-06T12:07:00+02:00,54,placa-vella,297,35,262,88.2
2026-10-06T10:07:00Z,2026-10-06T12:07:00+02:00,55,ajuntament-mercat,237,55,182,76.8
2026-10-06T10:08:00Z,2026-10-06T12:08:00+02:00,53,dr-robert,407,11,396,97.3
2026-10-06T10:08:00Z,2026-10-06T12:08:00+02:00,54,placa-vella,297,35,262,88.2
2026-10-06T10:08:00Z,2026-10-06T12:08:00+02:00,55,ajuntament-mercat,237,55,182,76.8
2026-10-06T10:09:00Z,2026-10-06T12:09:00+02:00,53,dr-robert,407,11,396,97.3
2026-10-06T10:09:00Z,2026-10-06T12:09:00+02:00,54,placa-vella,297,35,262,88.2
2026-10-06T10:09:00Z,2026-10-06T12:09:00+02:00,55,ajuntament-mercat,237,55,182,76.8
2026-10-06T10:15:00Z,2026-10-06T12:15:00+02:00,53,dr-robert,407,17,390,95.8
2026-10-06T10:15:00Z,2026-10-06T12:15:00+02:00,54,placa-vella,297,34,263,88.6
2026-10-06T10:15:00Z,2026-10-06T12:15:00+02:00,55,ajuntament-mercat,237,57,180,75.9
2026-10-06T10:16:00Z,2026-10-06T12:16:00+02:00,53,dr-robert,407,17,390,95.8
2026-10-06T10:16:00Z,2026-10-06T12:16:00+02:00,54,placa-vella,297,34,263,88.6
2026-10-06T10:16:00Z,2026-10-06T12:16:00+02:00,55,ajuntament-mercat,237,57,180,75.9
2026-10-06T10:17:00Z,2026-10-06T12:17:00+02:00,53,dr-robert,407,17,390,95.8
2026-10-06T10:17:00Z,2026-10-06T12:17:00+02:00,54,placa-vella,297,34,263,88.6
2026-10-06T10:17:00Z,2026-10-06T12:17:00+02:00,55,ajuntament-mercat,237,57,180,75.9
2026-10-06T10:18:00Z,2026-10-06T12:18:00+02:00,53,dr-robert,407,17,390,95.8
2026-10-06T10:18:00Z,2026-10-06T12:18:00+02:00,54,placa-vella,297,34,263,88.6
2026-10-06T10:18:00Z,2026-10-06T12:18:00+02:00,55,ajuntament-mercat,237,57,180,75.9
2026-10-06T10:19:00Z,2026-10-06T12:19:00+02:00,53,dr-robert,407,17,390,95.8
2026-10-06T10:19:00Z,2026-10-06T12:19:00+02:00,54,placa-vella,297,34,263,88.6
2026-10-06T10:19:00Z,2026-10-06T12:19:00+02:00,55,ajuntament-mercat,237,57,180,75.9
2026-10-06T10:20:00Z,2026-10-06T12:20:00+02:00,53,dr-robert,407,16,391,96.1
2026-10-06T10:20:00Z,2026-10-06T12:20:00+02:00,54,placa-vella,297,31,266,89.6
2026-10-06T10:20:00Z,2026-10-06T12:20:00+02:00,55,ajuntament-mercat,237,57,180,75.9
2026-10-06T10:21:00Z,2026-10-06T12:21:00+02:00,53,dr-robert,407,16,391,96.1
2026-10-06T10:21:00Z,2026-10-06T12:21:00+02:00,54,placa-vella,297,31,266,89.6
2026-10-06T10:21:00Z,2026-10-06T12:21:00+02:00,55,ajuntament-mercat,237,57,180,75.9
2026-10-06T10:22:00Z,2026-10-06T12:22:00+02:00,53,dr-robert,407,16,391,96.1
2026-10-06T10:22:00Z,2026-10-06T12:22:00+02:00,54,placa-vella,297,31,266,89.6
2026-10-06T10:22:00Z,2026-10-06T12:22:00+02:00,55,ajuntament-mercat,237,57,180,75.9
2026-10-06T10:23:00Z,2026-10-06T12:23:00+02:00,53,dr-robert,407,16,391,96.1
2026-10-06T10:23:00Z,2026-10-06T12:23:00+02:00,54,placa-vella,297,31,266,89.6
2026-10-06T10:23:00Z,2026-10-06T12:23:00+02:00,55,ajuntament-mercat,237,57,180,75.9
2026-10-06T10:24:00Z,2026-10-06T12:24:00+02:00,53,dr-robert,407,16,391,96.1
2026-10-06T10:24:00Z,2026-10-06T12:24:00+02:00,54,placa-vella,297,31,266,89.6
2026-10-06T10:24:00Z,2026-10-06T12:24:00+02:00,55,ajuntament-mercat,237,57,180,75.9
2026-10-06T10:25:00Z,2026-10-06T12:25:00+02:00,53,dr-robert,407,11,396,97.3
2026-10-06T10:25:00Z,2026-10-06T12:25:00+02:00,54,placa-vella,297,32,265,89.2
2026-10-06T10:25:00Z,2026-10-06T12:25:00+02:00,55,ajuntament-mercat,237,53,184,77.6
2026-10-06T10:26:00Z,2026-10-06T12:26:00+02:00,53,dr-robert,407,11,396,97.3
2026-10-06T10:26:00Z,2026-10-06T12:26:00+02:00,54,placa-vella,297,32,265,89.2
2026-10-06T10:26:00Z,2026-10-06T12:26:00+02:00,55,ajuntament-mercat,237,53,184,77.6
2026-10-06T10:27:00Z,2026-10-06T12:27:00+02:00,53,dr-robert,407,11,396,97.3
2026-10-06T10:27:00Z,2026-10-06T12:27:00+02:00,54,placa-vella,297,32,265,89.2
2026-10-06T10:27:00Z,2026-10-06T12:27:00+02:00,55,ajuntament-mercat,237,53,184,77.6
2026-10-06T10:28:00Z,2026-10-06T12:28:00+02:00,53,dr-robert,407,11,396,97.3
2026-10-06T10:28:00Z,2026-10-06T12:28:00+02:00,54,placa-vella,297,32,265,89.2
2026-10-06T10:28:00Z,2026-10-06T12:28:00+02:00,55,ajuntament-mercat,237,53,184,77.6
2026-10-06T10:29:00Z,2026-10-06T12:29:00+02:00,53,dr-robert,407,11,396,97.3
2026-10-06T10:29:00Z,2026-10-06T12:29:00+02:00,54,placa-vella,297,32,265,89.2
2026-10-06T10:29:00Z,2026-10-06T12:29:00+02:00,55,ajuntament-mercat,237,53,184,77.6
2026-10-06T10:30:00Z,2026-10-06T12:30:00+02:00,53,dr-robert,407,17,390,95.8
2026-10-06T10:30:00Z,2026-10-06T12:30:00+02:00,54,placa-vella,297,30,267,89.9
2026-10-06T10:30:00Z,2026-10-06T12:30:00+02:00,55,ajuntament-mercat,237,51,186,78.5
2026-10-06T10:31:00Z,2026-10-06T12:31:00+02:00,53,dr-robert,407,17,390,95.8
2026-10-06T10:31:00Z,2026-10-06T12:31:00+02:00,54,placa-vella,297,30,267,89.9
2026-10-06T10:31:00Z,2026-10-06T12:31:00+02:00,55,ajuntament-mercat,237,51,186,78.5
2026-10-06T10:32:00Z,2026-10-06T12:32:00+02:00,53,dr-robert,407,17,390,95.8
2026-10-06T10:32:00Z,2026-10-06T12:32:00+02:00,54,placa-vella,297,30,267,89.9
2026-10-06T10:32:00Z,2026-10-06T12:32:00+02:00,55,ajuntament-mercat,237,51,186,78.5
2026-10-06T10:33:00Z,2026-10-06T12:33:00+02:00,53,dr-robert,407,17,390,95.8
2026-10-06T10:33:00Z,2026-10-06T12:33:00+02:00,54,placa-vella,297,30,267,89.9
2026-10-06T10:33:00Z,2026-10-06T12:33:00+02:00,55,ajuntament-mercat,237,51,186,78.5
2026-10-06T10:34:00Z,2026-10-06T12:34:00+02:00,53,dr-robert,407,17,390,95.8
2026-10-06T10:34:00Z,2026-10-06T12:34:00+02:00,54,placa-vella,297,30,267,89.9
2026-10-06T10:34:00Z,2026-10-06T12:34:00+02:00,55,ajuntament-mercat,237,51,186,78.5
2026-10-06T10:35:00Z,2026-10-06T12:35:00+02:00,53,dr-robert,407,18,389,95.6
2026-10-06T10:35:00Z,2026-10-06T12:35:00+02:00,54,placa-vella,297,37,260,87.5
2026-10-06T10:35:00Z,2026-10-06T12:35:00+02:00,55,ajuntament-mercat,237,51,186,78.5
2026-10-06T10:36:00Z,2026-10-06T12:36:00+02:00,53,dr-robert,407,18,389,95.6
2026-10-06T10:36:00Z,2026-10-06T12:36:00+02:00,54,placa-vella,297,37,260,87.5
2026-10-06T10:36:00Z,2026-10-06T12:36:00+02:00,55,ajuntament-mercat,237,51,186,78.5
2026-10-06T10:37:00Z,2026-10-06T12:37:00+02:00,53,dr-robert,407,18,389,95.6
2026-10-06T10:37:00Z,2026-10-06T12:37:00+02:00,54,placa-vella,297,37,260,87.5
2026-10-06T10:37:00Z,2026-10-06T12:37:00+02:00,55,ajuntament-mercat,237,51,186,78.5
2026-10-06T10:38:00Z,2026-10-06T12:38:00+02:00,53,dr-robert,407,18,389,95.6
2026-10-06T10:38:00Z,2026-10-06T12:38:00+02:00,54,placa-vella,297,37,260,87.5
2026-10-06T10:38:00Z,2026-10-06T12:38:00+02:00,55,ajuntament-mercat,237,51,186,78.5
2026-10-06T10:39:00Z,2026-10-06T12:39:00+02:00,53,dr-robert,407,18,389,95.6
2026-10-06T10:39:00Z,2026-10-06T12:39:00+02:00,54,placa-vella,297,37,260,87.5
2026-10-06T10:39:00Z,2026-10-06T12:39:00+02:00,55,ajuntament-mercat,237,51,186,78.5
2026-10-06T10:40:00Z,2026-10-06T12:40:00+02:00,53,dr-robert,407,20,387,95.1
2026-10-06T10:40:00Z,2026-10-06T12:40:00+02:00,54,placa-vella,297,42,255,85.9
2026-10-06T10:40:00Z,2026-10-06T12:40:00+02:00,55,ajuntament-mercat,237,52,185,78.1
2026-10-06T10:41:00Z,2026-10-06T12:41:00+02:00,53,dr-robert,407,20,387,95.1
2026-10-06T10:41:00Z,2026-10-06T12:41:00+02:00,54,placa-vella,297,42,255,85.9
2026-10-06T10:41:00Z,2026-10-06T12:41:00+02:00,55,ajuntament-mercat,237,52,185,78.1
2026-10-06T10:42:00Z,2026-10-06T12:42:00+02:00,53,dr-robert,407,20,387,95.1
2026-10-06T10:42:00Z,2026-10-06T12:42:00+02:00,54,placa-vella,297,42,255,85.9
2026-10-06T10:42:00Z,2026-10-06T12:42:00+02:00,55,ajuntament-mercat,237,52,185,78.1
2026-10-06T10:43:00Z,2026-10-06T12:43:00+02:00,53,dr-robert,407,20,387,95.1
2026-10-06T10:43:00Z,2026-10-06T12:43:00+02:00,54,placa-vella,297,42,255,85.9
2026-10-06T10:43:00Z,2026-10-06T12:43:00+02:00,55,ajuntament-mercat,237,52,185,78.1
2026-10-06T10:44:00Z,2026-10-06T12:44:00+02:00,53,dr-robert,407,20,387,95.1
2026-10-06T10:44:00Z,2026-10-06T12:44:00+02:00,54,placa-vella,297,42,255,85.9
2026-10-06T10:44:00Z,2026-10-06T12:44:00+02:00,55,ajuntament-mercat,237,52,185,78.1
2026-10-06T10:45:00Z,2026-10-06T12:45:00+02:00,53,dr-robert,407,19,388,95.3
2026-10-06T10:45:00Z,2026-10-06T12:45:00+02:00,54,placa-vella,297,53,244,82.2
2026-10-06T10:45:00Z,2026-10-06T12:45:00+02:00,55,ajuntament-mercat,237,56,181,76.4
2026-10-06T10:46:00Z,2026-10-06T12:46:00+02:00,53,dr-robert,407,19,388,95.3
2026-10-06T10:46:00Z,2026-10-06T12:46:00+02:00,54,placa-vella,297,53,244,82.2
2026-10-06T10:46:00Z,2026-10-06T12:46:00+02:00,55,ajuntament-mercat,237,56,181,76.4
2026-10-06T10:47:00Z,2026-10-06T12:47:00+02:00,53,dr-robert,407,19,388,95.3
2026-10-06T10:47:00Z,2026-10-06T12:47:00+02:00,54,placa-vella,297,53,244,82.2
2026-10-06T10:47:00Z,2026-10-06T12:47:00+02:00,55,ajuntament-mercat,237,56,181,76.4
2026-10-06T10:48:00Z,2026-10-06T12:48:00+02:00,53,dr-robert,407,19,388,95.3
2026-10-06T10:48:00Z,2026-10-06T12:48:00+02:00,54,placa-vella,297,53,244,82.2
2026-10-06T10:48:00Z,2026-10-06T12:48:00+02:00,55,ajuntament-mercat,237,56,181,76.4
2026-10-06T10:49:00Z,2026-10-06T12:49:00+02:00,53,dr-robert,407,19,388,95.3
2026-10-06T10:49:00Z,2026-10-06T12:49:00+02:00,54,placa-vella,297,53,244,82.2
2026-10-06T10:49:00Z,2026-10-06T12:49:00+02:00,55,ajuntament-mercat,237,56,181,76.4
2026-10-06T10:50:00Z,2026-10-06T12:50:00+02:00,53,dr-robert,407,18,389,95.6
2026-10-06T10:50:00Z,2026-10-06T12:50:00+02:00,54,placa-vella,297,55,242,81.5
2026-10-06T10:50:00Z,2026-10-06T12:50:00+02:00,55,ajuntament-mercat,237,57,180,75.9
2026-10-06T10:51:00Z,2026-10-06T12:51:00+02:00,53,dr-robert,407,18,389,95.6
2026-10-06T10:51:00Z,2026-10-06T12:51:00+02:00,54,placa-vella,297,55,242,81.5
2026-10-06T10:51:00Z,2026-10-06T12:51:00+02:00,55,ajuntament-mercat,237,57,180,75.9
2026-10-06T10:52:00Z,2026-10-06T12:52:00+02:00,53,dr-robert,407,18,389,95.6
2026-10-06T10:52:00Z,2026-10-06T12:52:00+02:00,54,placa-vella,297,55,242,81.5
2026-10-06T10:52:00Z,2026-10-06T12:52:00+02:00,55,ajuntament-mercat,237,57,180,75.9
2026-10-06T10:53:00Z,2026-10-06T12:53:00+02:00,53,dr-robert,407,18,389,95.6
2026-10-06T10:53:00Z,2026-10-06T12:53:00+02:00,54,placa-vella,297,55,242,81.5
2026-10-06T10:53:00Z,2026-10-06T12:53:00+02:00,55,ajuntament-mercat,237,57,180,75.9
2026-10-06T10:54:00Z,2026-10-06T12:54:00+02:00,53,dr-robert,407,18,389,95.6
2026-10-06T10:54:00Z,2026-10-06T12:54:00+02:00,54,placa-vella,297,55,242,81.5
2026-10-06T10:54:00Z,2026-10-06T12:54:00+02:00,55,ajuntament-mercat,237,57,180,75.9
2026-10-06T10:55:00Z,2026-10-06T12:55:00+02:00,53,dr-robert,407,18,389,95.6
2026-10-06T10:55:00Z,2026-10-06T12:55:00+02:00,54,placa-vella,297,57,240,80.8
2026-10-06T10:55:00Z,2026-10-06T12:55:00+02:00,55,ajuntament-mercat,237,58,179,75.5
2026-10-06T10:56:00Z,2026-10-06T12:56:00+02:00,53,dr-robert,407,18,389,95.6
2026-10-06T10:56:00Z,2026-10-06T12:56:00+02:00,54,placa-vella,297,57,240,80.8
2026-10-06T10:56:00Z,2026-10-06T12:56:00+02:00,55,ajuntament-mercat,237,58,179,75.5
2026-10-06T10:57:00Z,2026-10-06T12:57:00+02:00,53,dr-robert,407,18,389,95.6
2026-10-06T10:57:00Z,2026-10-06T12:57:00+02:00,54,placa-vella,297,57,240,80.8
2026-10-06T10:57:00Z,2026-10-06T12:57:00+02:00,55,ajuntament-mercat,237,58,179,75.5
2026-10-06T10:58:00Z,2026-10-06T12:58:00+02:00,53,dr-robert,407,18,389,95.6
2026-10-06T10:58:00Z,2026-10-06T12:58:00+02:00,54,placa-vella,297,57,240,80.8
2026-10-06T10:58:00Z,2026-10-06T12:58:00+02:00,55,ajuntament-mercat,237,58,179,75.5
2026-10-06T10:59:00Z,2026-10-06T12:59:00+02:00,53,dr-robert,407,18,389,95.6
2026-10-06T10:59:00Z,2026-10-06T12:59:00+02:00,54,placa-vella,297,57,240,80.8
2026-10-06T10:59:00Z,2026-10-06T12:59:00+02:00,55,ajuntament-mercat,237,58,179,75.5
2026-10-06T11:00:00Z,2026-10-06T13:00:00+02:00,53,dr-robert,407,21,386,94.8
2026-10-06T11:00:00Z,2026-10-06T13:00:00+02:00,54,placa-vella,297,65,232,78.1
2026-10-06T11:00:00Z,2026-10-06T13:00:00+02:00,55,ajuntament-mercat,237,60,177,74.7
2026-10-06T11:01:00Z,2026-10-06T13:01:00+02:00,53,dr-robert,407,21,386,94.8
2026-10-06T11:01:00Z,2026-10-06T13:01:00+02:00,54,placa-vella,297,65,232,78.1
2026-10-06T11:01:00Z,2026-10-06T13:01:00+02:00,55,ajuntament-mercat,237,60,177,74.7
2026-10-06T11:02:00Z,2026-10-06T13:02:00+02:00,53,dr-robert,407,21,386,94.8
2026-10-06T11:02:00Z,2026-10-06T13:02:00+02:00,54,placa-vella,297,65,232,78.1
2026-10-06T11:02:00Z,2026-10-06T13:02:00+02:00,55,ajuntament-mercat,237,60,177,74.7
2026-10-06T11:03:00Z,2026-10-06T13:03:00+02:00,53,dr-robert,407,21,386,94.8
2026-10-06T11:03:00Z,2026-10-06T13:03:00+02:00,54,placa-vella,297,65,232,78.1
2026-10-06T11:03:00Z,2026-10-06T13:03:00+02:00,55,ajuntament-mercat,237,60,177,74.7
2026-10-06T11:04:00Z,2026-10-06T13:04:00+02:00,53,dr-robert,407,21,386,94.8
2026-10-06T11:04:00Z,2026-10-06T13:04:00+02:00,54,placa-vella,297,65,232,78.1
2026-10-06T11:04:00Z,2026-10-06T13:04:00+02:00,55,ajuntament-mercat,237,60,177,74.7
2026-10-06T11:05:00Z,2026-10-06T13:05:00+02:00,53,dr-robert,407,21,386,94.8
2026-10-06T11:05:00Z,2026-10-06T13:05:00+02:00,54,placa-vella,297,65,232,78.1
2026-10-06T11:05:00Z,2026-10-06T13:05:00+02:00,55,ajuntament-mercat,237,60,177,74.7
2026-10-06T11:06:00Z,2026-10-06T13:06:00+02:00,53,dr-robert,407,24,383,94.1
2026-10-06T11:06:00Z,2026-10-06T13:06:00+02:00,54,placa-vella,297,70,227,76.4
2026-10-06T11:06:00Z,2026-10-06T13:06:00+02:00,55,ajuntament-mercat,237,62,175,73.8
2026-10-06T11:07:00Z,2026-10-06T13:07:00+02:00,53,dr-robert,407,24,383,94.1
2026-10-06T11:07:00Z,2026-10-06T13:07:00+02:00,54,placa-vella,297,70,227,76.4
2026-10-06T11:07:00Z,2026-10-06T13:07:00+02:00,55,ajuntament-mercat,237,62,175,73.8
2026-10-06T11:08:00Z,2026-10-06T13:08:00+02:00,53,dr-robert,407,24,383,94.1
2026-10-06T11:08:00Z,2026-10-06T13:08:00+02:00,54,placa-vella,297,70,227,76.4
2026-10-06T11:08:00Z,2026-10-06T13:08:00+02:00,55,ajuntament-mercat,237,62,175,73.8
2026-10-06T11:09:00Z,2026-10-06T13:09:00+02:00,53,dr-robert,407,24,383,94.1
2026-10-06T11:09:00Z,2026-10-06T13:09:00+02:00,54,placa-vella,297,70,227,76.4
2026-10-06T11:09:00Z,2026-10-06T13:09:00+02:00,55,ajuntament-mercat,237,62,175,73.8
2026-10-06T11:10:00Z,2026-10-06T13:10:00+02:00,53,dr-robert,407,24,383,94.1
2026-10-06T11:10:00Z,2026-10-06T13:10:00+02:00,54,placa-vella,297,68,229,77.1
2026-10-06T11:10:00Z,2026-10-06T13:10:00+02:00,55,ajuntament-mercat,237,64,173,73
2026-10-06T11:11:00Z,2026-10-06T13:11:00+02:00,53,dr-robert,407,24,383,94.1
2026-10-06T11:11:00Z,2026-10-06T13:11:00+02:00,54,placa-vella,297,68,229,77.1
2026-10-06T11:11:00Z,2026-10-06T13:11:00+02:00,55,ajuntament-mercat,237,64,173,73
2026-10-06T11:12:00Z,2026-10-06T13:12:00+02:00,53,dr-robert,407,24,383,94.1
2026-10-06T11:12:00Z,2026-10-06T13:12:00+02:00,54,placa-vella,297,68,229,77.1
2026-10-06T11:12:00Z,2026-10-06T13:12:00+02:00,55,ajuntament-mercat,237,64,173,73
2026-10-06T11:13:00Z,2026-10-06T13:13:00+02:00,53,dr-robert,407,24,383,94.1
2026-10-06T11:13:00Z,2026-10-06T13:13:00+02:00,54,placa-vella,297,68,229,77.1
2026-10-06T11:13:00Z,2026-10-06T13:13:00+02:00,55,ajuntament-mercat,237,64,173,73
2026-10-06T11:14:00Z,2026-10-06T13:14:00+02:00,53,dr-robert,407,24,383,94.1
2026-10-06T11:14:00Z,2026-10-06T13:14:00+02:00,54,placa-vella,297,68,229,77.1
2026-10-06T11:14:00Z,2026-10-06T13:14:00+02:00,55,ajuntament-mercat,237,64,173,73
2026-10-06T11:15:00Z,2026-10-06T13:15:00+02:00,53,dr-robert,407,31,376,92.4
2026-10-06T11:15:00Z,2026-10-06T13:15:00+02:00,54,placa-vella,297,67,230,77.4
2026-10-06T11:15:00Z,2026-10-06T13:15:00+02:00,55,ajuntament-mercat,237,63,174,73.4
2026-10-06T11:16:00Z,2026-10-06T13:16:00+02:00,53,dr-robert,407,31,376,92.4
2026-10-06T11:16:00Z,2026-10-06T13:16:00+02:00,54,placa-vella,297,67,230,77.4
2026-10-06T11:16:00Z,2026-10-06T13:16:00+02:00,55,ajuntament-mercat,237,63,174,73.4
2026-10-06T11:17:00Z,2026-10-06T13:17:00+02:00,53,dr-robert,407,31,376,92.4
2026-10-06T11:17:00Z,2026-10-06T13:17:00+02:00,54,placa-vella,297,67,230,77.4
2026-10-06T11:17:00Z,2026-10-06T13:17:00+02:00,55,ajuntament-mercat,237,63,174,73.4
2026-10-06T11:18:00Z,2026-10-06T13:18:00+02:00,53,dr-robert,407,31,376,92.4
2026-10-06T11:18:00Z,2026-10-06T13:18:00+02:00,54,placa-vella,297,67,230,77.4
2026-10-06T11:18:00Z,2026-10-06T13:18:00+02:00,55,ajuntament-mercat,237,63,174,73.4
2026-10-06T11:19:00Z,2026-10-06T13:19:00+02:00,53,dr-robert,407,31,376,92.4
2026-10-06T11:19:00Z,2026-10-06T13:19:00+02:00,54,placa-vella,297,67,230,77.4
2026-10-06T11:19:00Z,2026-10-06T13:19:00+02:00,55,ajuntament-mercat,237,63,174,73.4
2026-10-06T11:20:00Z,2026-10-06T13:20:00+02:00,53,dr-robert,407,38,369,90.7
2026-10-06T11:20:00Z,2026-10-06T13:20:00+02:00,54,placa-vella,297,72,225,75.8
2026-10-06T11:20:00Z,2026-10-06T13:20:00+02:00,55,ajuntament-mercat,237,64,173,73
2026-10-06T11:21:00Z,2026-10-06T13:21:00+02:00,53,dr-robert,407,38,369,90.7
2026-10-06T11:21:00Z,2026-10-06T13:21:00+02:00,54,placa-vella,297,72,225,75.8
2026-10-06T11:21:00Z,2026-10-06T13:21:00+02:00,55,ajuntament-mercat,237,64,173,73
2026-10-06T11:22:00Z,2026-10-06T13:22:00+02:00,53,dr-robert,407,38,369,90.7
2026-10-06T11:22:00Z,2026-10-06T13:22:00+02:00,54,placa-vella,297,72,225,75.8
2026-10-06T11:22:00Z,2026-10-06T13:22:00+02:00,55,ajuntament-mercat,237,64,173,73
2026-10-06T11:23:00Z,2026-10-06T13:23:00+02:00,53,dr-robert,407,38,369,90.7
2026-10-06T11:23:00Z,2026-10-06T13:23:00+02:00,54,placa-vella,297,72,225,75.8
2026-10-06T11:23:00Z,2026-10-06T13:23:00+02:00,55,ajuntament-mercat,237,64,173,73
2026-10-06T11:24:00Z,2026-10-06T13:24:00+02:00,53,dr-robert,407,38,369,90.7
2026-10-06T11:24:00Z,2026-10-06T13:24:00+02:00,54,placa-vella,297,72,225,75.8
2026-10-06T11:24:00Z,2026-10-06T13:24:00+02:00,55,ajuntament-mercat,237,64,173,73
2026-10-06T11:25:00Z,2026-10-06T13:25:00+02:00,53,dr-robert,407,49,358,88
2026-10-06T11:25:00Z,2026-10-06T13:25:00+02:00,54,placa-vella,297,76,221,74.4
2026-10-06T11:25:00Z,2026-10-06T13:25:00+02:00,55,ajuntament-mercat,237,66,171,72.2
2026-10-06T11:26:00Z,2026-10-06T13:26:00+02:00,53,dr-robert,407,49,358,88
2026-10-06T11:26:00Z,2026-10-06T13:26:00+02:00,54,placa-vella,297,76,221,74.4
2026-10-06T11:26:00Z,2026-10-06T13:26:00+02:00,55,ajuntament-mercat,237,66,171,72.2
2026-10-06T11:27:00Z,2026-10-06T13:27:00+02:00,53,dr-robert,407,49,358,88
2026-10-06T11:27:00Z,2026-10-06T13:27:00+02:00,54,placa-vella,297,76,221,74.4
2026-10-06T11:27:00Z,2026-10-06T13:27:00+02:00,55,ajuntament-mercat,237,66,171,72.2
2026-10-06T11:28:00Z,2026-10-06T13:28:00+02:00,53,dr-robert,407,49,358,88
2026-10-06T11:28:00Z,2026-10-06T13:28:00+02:00,54,placa-vella,297,76,221,74.4
2026-10-06T11:28:00Z,2026-10-06T13:28:00+02:00,55,ajuntament-mercat,237,66,171,72.2
2026-10-06T11:29:00Z,2026-10-06T13:29:00+02:00,53,dr-robert,407,49,358,88
2026-10-06T11:29:00Z,2026-10-06T13:29:00+02:00,54,placa-vella,297,76,221,74.4
2026-10-06T11:29:00Z,2026-10-06T13:29:00+02:00,55,ajuntament-mercat,237,66,171,72.2
2026-10-06T11:30:00Z,2026-10-06T13:30:00+02:00,53,dr-robert,407,53,354,87
2026-10-06T11:30:00Z,2026-10-06T13:30:00+02:00,54,placa-vella,297,78,219,73.7
2026-10-06T11:30:00Z,2026-10-06T13:30:00+02:00,55,ajuntament-mercat,237,69,168,70.9
2026-10-06T11:31:00Z,2026-10-06T13:31:00+02:00,53,dr-robert,407,53,354,87
2026-10-06T11:31:00Z,2026-10-06T13:31:00+02:00,54,placa-vella,297,78,219,73.7
2026-10-06T11:31:00Z,2026-10-06T13:31:00+02:00,55,ajuntament-mercat,237,69,168,70.9
2026-10-06T11:32:00Z,2026-10-06T13:32:00+02:00,53,dr-robert,407,53,354,87
2026-10-06T11:32:00Z,2026-10-06T13:32:00+02:00,54,placa-vella,297,78,219,73.7
2026-10-06T11:32:00Z,2026-10-06T13:32:00+02:00,55,ajuntament-mercat,237,69,168,70.9
2026-10-06T11:33:00Z,2026-10-06T13:33:00+02:00,53,dr-robert,407,53,354,87
2026-10-06T11:33:00Z,2026-10-06T13:33:00+02:00,54,placa-vella,297,78,219,73.7
2026-10-06T11:33:00Z,2026-10-06T13:33:00+02:00,55,ajuntament-mercat,237,69,168,70.9
2026-10-06T11:34:00Z,2026-10-06T13:34:00+02:00,53,dr-robert,407,53,354,87
2026-10-06T11:34:00Z,2026-10-06T13:34:00+02:00,54,placa-vella,297,78,219,73.7
2026-10-06T11:34:00Z,2026-10-06T13:34:00+02:00,55,ajuntament-mercat,237,69,168,70.9
2026-10-06T11:35:00Z,2026-10-06T13:35:00+02:00,53,dr-robert,407,55,352,86.5
2026-10-06T11:35:00Z,2026-10-06T13:35:00+02:00,54,placa-vella,297,83,214,72.1
2026-10-06T11:35:00Z,2026-10-06T13:35:00+02:00,55,ajuntament-mercat,237,71,166,70
2026-10-06T11:36:00Z,2026-10-06T13:36:00+02:00,53,dr-robert,407,55,352,86.5
2026-10-06T11:36:00Z,2026-10-06T13:36:00+02:00,54,placa-vella,297,83,214,72.1
2026-10-06T11:36:00Z,2026-10-06T13:36:00+02:00,55,ajuntament-mercat,237,71,166,70
2026-10-06T11:37:00Z,2026-10-06T13:37:00+02:00,53,dr-robert,407,55,352,86.5
2026-10-06T11:37:00Z,2026-10-06T13:37:00+02:00,54,placa-vella,297,83,214,72.1
2026-10-06T11:37:00Z,2026-10-06T13:37:00+02:00,55,ajuntament-mercat,237,71,166,70
2026-10-06T11:38:00Z,2026-10-06T13:38:00+02:00,53,dr-robert,407,55,352,86.5
2026-10-06T11:38:00Z,2026-10-06T13:38:00+02:00,54,placa-vella,297,83,214,72.1
2026-10-06T11:38:00Z,2026-10-06T13:38:00+02:00,55,ajuntament-mercat,237,71,166,70
2026-10-06T11:39:00Z,2026-10-06T13:39:00+02:00,53,dr-robert,407,55,352,86.5
2026-10-06T11:39:00Z,2026-10-06T13:39:00+02:00,54,placa-vella,297,83,214,72.1
2026-10-06T11:39:00Z,2026-10-06T13:39:00+02:00,55,ajuntament-mercat,237,71,166,70
2026-10-06T11:40:00Z,2026-10-06T13:40:00+02:00,53,dr-robert,407,55,352,86.5
2026-10-06T11:40:00Z,2026-10-06T13:40:00+02:00,54,placa-vella,297,84,213,71.7
2026-10-06T11:40:00Z,2026-10-06T13:40:00+02:00,55,ajuntament-mercat,237,76,161,67.9
2026-10-06T11:41:00Z,2026-10-06T13:41:00+02:00,53,dr-robert,407,55,352,86.5
2026-10-06T11:41:00Z,2026-10-06T13:41:00+02:00,54,placa-vella,297,84,213,71.7
2026-10-06T11:41:00Z,2026-10-06T13:41:00+02:00,55,ajuntament-mercat,237,76,161,67.9
2026-10-06T11:42:00Z,2026-10-06T13:42:00+02:00,53,dr-robert,407,55,352,86.5
2026-10-06T11:42:00Z,2026-10-06T13:42:00+02:00,54,placa-vella,297,84,213,71.7
2026-10-06T11:42:00Z,2026-10-06T13:42:00+02:00,55,ajuntament-mercat,237,76,161,67.9
2026-10-06T11:43:00Z,2026-10-06T13:43:00+02:00,53,dr-robert,407,55,352,86.5
2026-10-06T11:43:00Z,2026-10-06T13:43:00+02:00,54,placa-vella,297,84,213,71.7
2026-10-06T11:43:00Z,2026-10-06T13:43:00+02:00,55,ajuntament-mercat,237,76,161,67.9
2026-10-06T11:44:00Z,2026-10-06T13:44:00+02:00,53,dr-robert,407,55,352,86.5
2026-10-06T11:44:00Z,2026-10-06T13:44:00+02:00,54,placa-vella,297,84,213,71.7
2026-10-06T11:44:00Z,2026-10-06T13:44:00+02:00,55,ajuntament-mercat,237,76,161,67.9
2026-10-06T11:45:00Z,2026-10-06T13:45:00+02:00,53,dr-robert,407,66,341,83.8
2026-10-06T11:45:00Z,2026-10-06T13:45:00+02:00,54,placa-vella,297,89,208,70
2026-10-06T11:45:00Z,2026-10-06T13:45:00+02:00,55,ajuntament-mercat,237,78,159,67.1
2026-10-06T11:46:00Z,2026-10-06T13:46:00+02:00,53,dr-robert,407,66,341,83.8
2026-10-06T11:46:00Z,2026-10-06T13:46:00+02:00,54,placa-vella,297,89,208,70
2026-10-06T11:46:00Z,2026-10-06T13:46:00+02:00,55,ajuntament-mercat,237,78,159,67.1
2026-10-06T11:47:00Z,2026-10-06T13:47:00+02:00,53,dr-robert,407,66,341,83.8
2026-10-06T11:47:00Z,2026-10-06T13:47:00+02:00,54,placa-vella,297,89,208,70
2026-10-06T11:47:00Z,2026-10-06T13:47:00+02:00,55,ajuntament-mercat,237,78,159,67.1
2026-10-06T11:48:00Z,2026-10-06T13:48:00+02:00,53,dr-robert,407,66,341,83.8
2026-10-06T11:48:00Z,2026-10-06T13:48:00+02:00,54,placa-vella,297,89,208,70
2026-10-06T11:48:00Z,2026-10-06T13:48:00+02:00,55,ajuntament-mercat,237,78,159,67.1
2026-10-06T11:49:00Z,2026-10-06T13:49:00+02:00,53,dr-robert,407,66,341,83.8
2026-10-06T11:49:00Z,2026-10-06T13:49:00+02:00,54,placa-vella,297,89,208,70
2026-10-06T11:49:00Z,2026-10-06T13:49:00+02:00,55,ajuntament-mercat,237,78,159,67.1
2026-10-06T11:50:00Z,2026-10-06T13:50:00+02:00,53,dr-robert,407,72,335,82.3
2026-10-06T11:50:00Z,2026-10-06T13:50:00+02:00,54,placa-vella,297,88,209,70.4
2026-10-06T11:50:00Z,2026-10-06T13:50:00+02:00,55,ajuntament-mercat,237,78,159,67.1
2026-10-06T11:51:00Z,2026-10-06T13:51:00+02:00,53,dr-robert,407,72,335,82.3
2026-10-06T11:51:00Z,2026-10-06T13:51:00+02:00,54,placa-vella,297,88,209,70.4
2026-10-06T11:51:00Z,2026-10-06T13:51:00+02:00,55,ajuntament-mercat,237,78,159,67.1
2026-10-06T11:52:00Z,2026-10-06T13:52:00+02:00,53,dr-robert,407,72,335,82.3
2026-10-06T11:52:00Z,2026-10-06T13:52:00+02:00,54,placa-vella,297,88,209,70.4
2026-10-06T11:52:00Z,2026-10-06T13:52:00+02:00,55,ajuntament-mercat,237,78,159,67.1
2026-10-06T11:53:00Z,2026-10-06T13:53:00+02:00,53,dr-robert,407,72,335,82.3
2026-10-06T11:53:00Z,2026-10-06T13:53:00+02:00,54,placa-vella,297,88,209,70.4
2026-10-06T11:53:00Z,2026-10-06T13:53:00+02:00,55,ajuntament-mercat,237,78,159,67.1
2026-10-06T11:54:00Z,2026-10-06T13:54:00+02:00,53,dr-robert,407,72,335,82.3
2026-10-06T11:54:00Z,2026-10-06T13:54:00+02:00,54,placa-vella,297,88,209,70.4
2026-10-06T11:54:00Z,2026-10-06T13:54:00+02:00,55,ajuntament-mercat,237,78,159,67.1
2026-10-06T11:55:00Z,2026-10-06T13:55:00+02:00,53,dr-robert,407,76,331,81.3
2026-10-06T11:55:00Z,2026-10-06T13:55:00+02:00,54,placa-vella,297,90,207,69.7
2026-10-06T11:55:00Z,2026-10-06T13:55:00+02:00,55,ajuntament-mercat,237,80,157,66.2
2026-10-06T11:56:00Z,2026-10-06T13:56:00+02:00,53,dr-robert,407,76,331,81.3
2026-10-06T11:56:00Z,2026-10-06T13:56:00+02:00,54,placa-vella,297,90,207,69.7
2026-10-06T11:56:00Z,2026-10-06T13:56:00+02:00,55,ajuntament-mercat,237,80,157,66.2
2026-10-06T11:57:00Z,2026-10-06T13:57:00+02:00,53,dr-robert,407,76,331,81.3
2026-10-06T11:57:00Z,2026-10-06T13:57:00+02:00,54,placa-vella,297,90,207,69.7
2026-10-06T11:57:00Z,2026-10-06T13:57:00+02:00,55,ajuntament-mercat,237,80,157,66.2
2026-10-06T11:58:00Z,2026-10-06T13:58:00+02:00,53,dr-robert,407,76,331,81.3
2026-10-06T11:58:00Z,2026-10-06T13:58:00+02:00,54,placa-vella,297,90,207,69.7
2026-10-06T11:58:00Z,2026-10-06T13:58:00+02:00,55,ajuntament-mercat,237,80,157,66.2
2026-10-06T11:59:00Z,2026-10-06T13:59:00+02:00,53,dr-robert,407,76,331,81.3
2026-10-06T11:59:00Z,2026-10-06T13:59:00+02:00,54,placa-vella,297,90,207,69.7
2026-10-06T11:59:00Z,2026-10-06T13:59:00+02:00,55,ajuntament-mercat,237,80,157,66.2
2026-10-06T12:00:00Z,2026-10-06T14:00:00+02:00,53,dr-robert,407,76,331,81.3
2026-10-06T12:00:00Z,2026-10-06T14:00:00+02:00,54,placa-vella,297,90,207,69.7
2026-10-06T12:00:00Z,2026-10-06T14:00:00+02:00,55,ajuntament-mercat,237,80,157,66.2
2026-10-06T12:01:00Z,2026-10-06T14:01:00+02:00,53,dr-robert,407,76,331,81.3
2026-10-06T12:01:00Z,2026-10-06T14:01:00+02:00,54,placa-vella,297,90,207,69.7
2026-10-06T12:01:00Z,2026-10-06T14:01:00+02:00,55,ajuntament-mercat,237,80,157,66.2
2026-10-06T12:02:00Z,2026-10-06T14:02:00+02:00,53,dr-robert,407,76,331,81.3
2026-10-06T12:02:00Z,2026-10-06T14:02:00+02:00,54,placa-vella,297,90,207,69.7
2026-10-06T12:02:00Z,2026-10-06T14:02:00+02:00,55,ajuntament-mercat,237,80,157,66.2
2026-10-06T12:03:00Z,2026-10-06T14:03:00+02:00,53,dr-robert,407,85,322,79.1
2026-10-06T12:03:00Z,2026-10-06T14:03:00+02:00,54,placa-vella,297,100,197,66.3
2026-10-06T12:03:00Z,2026-10-06T14:03:00+02:00,55,ajuntament-mercat,237,85,152,64.1
2026-10-06T12:04:00Z,2026-10-06T14:04:00+02:00,53,dr-robert,407,85,322,79.1
2026-10-06T12:04:00Z,2026-10-06T14:04:00+02:00,54,placa-vella,297,100,197,66.3
2026-10-06T12:04:00Z,2026-10-06T14:04:00+02:00,55,ajuntament-mercat,237,85,152,64.1
2026-10-06T12:05:00Z,2026-10-06T14:05:00+02:00,53,dr-robert,407,84,323,79.4
2026-10-06T12:05:00Z,2026-10-06T14:05:00+02:00,54,placa-vella,297,102,195,65.7
2026-10-06T12:05:00Z,2026-10-06T14:05:00+02:00,55,ajuntament-mercat,237,86,151,63.7
2026-10-06T12:06:00Z,2026-10-06T14:06:00+02:00,53,dr-robert,407,84,323,79.4
2026-10-06T12:06:00Z,2026-10-06T14:06:00+02:00,54,placa-vella,297,102,195,65.7
2026-10-06T12:06:00Z,2026-10-06T14:06:00+02:00,55,ajuntament-mercat,237,86,151,63.7
2026-10-06T12:07:00Z,2026-10-06T14:07:00+02:00,53,dr-robert,407,84,323,79.4
2026-10-06T12:07:00Z,2026-10-06T14:07:00+02:00,54,placa-vella,297,102,195,65.7
2026-10-06T12:07:00Z,2026-10-06T14:07:00+02:00,55,ajuntament-mercat,237,86,151,63.7
2026-10-06T12:08:00Z,2026-10-06T14:08:00+02:00,53,dr-robert,407,84,323,79.4
2026-10-06T12:08:00Z,2026-10-06T14:08:00+02:00,54,placa-vella,297,102,195,65.7
2026-10-06T12:08:00Z,2026-10-06T14:08:00+02:00,55,ajuntament-mercat,237,86,151,63.7
2026-10-06T12:09:00Z,2026-10-06T14:09:00+02:00,53,dr-robert,407,84,323,79.4
2026-10-06T12:09:00Z,2026-10-06T14:09:00+02:00,54,placa-vella,297,102,195,65.7
2026-10-06T12:09:00Z,2026-10-06T14:09:00+02:00,55,ajuntament-mercat,237,86,151,63.7
2026-10-06T12:10:00Z,2026-10-06T14:10:00+02:00,53,dr-robert,407,97,310,76.2
2026-10-06T12:10:00Z,2026-10-06T14:10:00+02:00,54,placa-vella,297,107,190,64
2026-10-06T12:10:00Z,2026-10-06T14:10:00+02:00,55,ajuntament-mercat,237,93,144,60.8
2026-10-06T12:11:00Z,2026-10-06T14:11:00+02:00,53,dr-robert,407,97,310,76.2
2026-10-06T12:11:00Z,2026-10-06T14:11:00+02:00,54,placa-vella,297,107,190,64
2026-10-06T12:11:00Z,2026-10-06T14:11:00+02:00,55,ajuntament-mercat,237,93,144,60.8
2026-10-06T12:12:00Z,2026-10-06T14:12:00+02:00,53,dr-robert,407,97,310,76.2
2026-10-06T12:12:00Z,2026-10-06T14:12:00+02:00,54,placa-vella,297,107,190,64
2026-10-06T12:12:00Z,2026-10-06T14:12:00+02:00,55,ajuntament-mercat,237,93,144,60.8
2026-10-06T12:13:00Z,2026-10-06T14:13:00+02:00,53,dr-robert,407,97,310,76.2
2026-10-06T12:13:00Z,2026-10-06T14:13:00+02:00,54,placa-vella,297,107,190,64
2026-10-06T12:13:00Z,2026-10-06T14:13:00+02:00,55,ajuntament-mercat,237,93,144,60.8
2026-10-06T12:14:00Z,2026-10-06T14:14:00+02:00,53,dr-robert,407,97,310,76.2
2026-10-06T12:14:00Z,2026-10-06T14:14:00+02:00,54,placa-vella,297,107,190,64
2026-10-06T12:14:00Z,2026-10-06T14:14:00+02:00,55,ajuntament-mercat,237,93,144,60.8
2026-10-06T12:15:00Z,2026-10-06T14:15:00+02:00,53,dr-robert,407,95,312,76.7
2026-10-06T12:15:00Z,2026-10-06T14:15:00+02:00,54,placa-vella,297,110,187,63
2026-10-06T12:15:00Z,2026-10-06T14:15:00+02:00,55,ajuntament-mercat,237,95,142,59.9
2026-10-06T12:16:00Z,2026-10-06T14:16:00+02:00,53,dr-robert,407,95,312,76.7
2026-10-06T12:16:00Z,2026-10-06T14:16:00+02:00,54,placa-vella,297,110,187,63
2026-10-06T12:16:00Z,2026-10-06T14:16:00+02:00,55,ajuntament-mercat,237,95,142,59.9
2026-10-06T12:17:00Z,2026-10-06T14:17:00+02:00,53,dr-robert,407,95,312,76.7
2026-10-06T12:17:00Z,2026-10-06T14:17:00+02:00,54,placa-vella,297,110,187,63
2026-10-06T12:17:00Z,2026-10-06T14:17:00+02:00,55,ajuntament-mercat,237,95,142,59.9
2026-10-06T12:18:00Z,2026-10-06T14:18:00+02:00,53,dr-robert,407,95,312,76.7
2026-10-06T12:18:00Z,2026-10-06T14:18:00+02:00,54,placa-vella,297,110,187,63
2026-10-06T12:18:00Z,2026-10-06T14:18:00+02:00,55,ajuntament-mercat,237,95,142,59.9
2026-10-06T12:19:00Z,2026-10-06T14:19:00+02:00,53,dr-robert,407,95,312,76.7
2026-10-06T12:19:00Z,2026-10-06T14:19:00+02:00,54,placa-vella,297,110,187,63
2026-10-06T12:19:00Z,2026-10-06T14:19:00+02:00,55,ajuntament-mercat,237,95,142,59.9
2026-10-06T12:20:00Z,2026-10-06T14:20:00+02:00,53,dr-robert,407,103,304,74.7
2026-10-06T12:20:00Z,2026-10-06T14:20:00+02:00,54,placa-vella,297,114,183,61.6
2026-10-06T12:20:00Z,2026-10-06T14:20:00+02:00,55,ajuntament-mercat,237,96,141,59.5
2026-10-06T12:21:00Z,2026-10-06T14:21:00+02:00,53,dr-robert,407,103,304,74.7
2026-10-06T12:21:00Z,2026-10-06T14:21:00+02:00,54,placa-vella,297,114,183,61.6
2026-10-06T12:21:00Z,2026-10-06T14:21:00+02:00,55,ajuntament-mercat,237,96,141,59.5
2026-10-06T12:22:00Z,2026-10-06T14:22:00+02:00,53,dr-robert,407,103,304,74.7
2026-10-06T12:22:00Z,2026-10-06T14:22:00+02:00,54,placa-vella,297,114,183,61.6
2026-10-06T12:22:00Z,2026-10-06T14:22:00+02:00,55,ajuntament-mercat,237,96,141,59.5
2026-10-06T12:23:00Z,2026-10-06T14:23:00+02:00,53,dr-robert,407,103,304,74.7
2026-10-06T12:23:00Z,2026-10-06T14:23:00+02:00,54,placa-vella,297,114,183,61.6
2026-10-06T12:23:00Z,2026-10-06T14:23:00+02:00,55,ajuntament-mercat,237,96,141,59.5
2026-10-06T12:24:00Z,2026-10-06T14:24:00+02:00,53,dr-robert,407,103,304,74.7
2026-10-06T12:24:00Z,2026-10-06T14:24:00+02:00,54,placa-vella,297,114,183,61.6
2026-10-06T12:24:00Z,2026-10-06T14:24:00+02:00,55,ajuntament-mercat,237,96,141,59.5
2026-10-06T12:25:00Z,2026-10-06T14:25:00+02:00,53,dr-robert,407,106,301,74
2026-10-06T12:25:00Z,2026-10-06T14:25:00+02:00,54,placa-vella,297,116,181,60.9
2026-10-06T12:25:00Z,2026-10-06T14:25:00+02:00,55,ajuntament-mercat,237,96,141,59.5
2026-10-06T12:26:00Z,2026-10-06T14:26:00+02:00,53,dr-robert,407,106,301,74
2026-10-06T12:26:00Z,2026-10-06T14:26:00+02:00,54,placa-vella,297,116,181,60.9
2026-10-06T12:26:00Z,2026-10-06T14:26:00+02:00,55,ajuntament-mercat,237,96,141,59.5
2026-10-06T12:27:00Z,2026-10-06T14:27:00+02:00,53,dr-robert,407,106,301,74
2026-10-06T12:27:00Z,2026-10-06T14:27:00+02:00,54,placa-vella,297,116,181,60.9
2026-10-06T12:27:00Z,2026-10-06T14:27:00+02:00,55,ajuntament-mercat,237,96,141,59.5
2026-10-06T12:28:00Z,2026-10-06T14:28:00+02:00,53,dr-robert,407,106,301,74
2026-10-06T12:28:00Z,2026-10-06T14:28:00+02:00,54,placa-vella,297,116,181,60.9
2026-10-06T12:28:00Z,2026-10-06T14:28:00+02:00,55,ajuntament-mercat,237,96,141,59.5
2026-10-06T12:29:00Z,2026-10-06T14:29:00+02:00,53,dr-robert,407,106,301,74
2026-10-06T12:29:00Z,2026-10-06T14:29:00+02:00,54,placa-vella,297,116,181,60.9
2026-10-06T12:29:00Z,2026-10-06T14:29:00+02:00,55,ajuntament-mercat,237,96,141,59.5
2026-10-06T12:30:00Z,2026-10-06T14:30:00+02:00,53,dr-robert,407,111,296,72.7
2026-10-06T12:30:00Z,2026-10-06T14:30:00+02:00,54,placa-vella,297,119,178,59.9
2026-10-06T12:30:00Z,2026-10-06T14:30:00+02:00,55,ajuntament-mercat,237,100,137,57.8
2026-10-06T12:31:00Z,2026-10-06T14:31:00+02:00,53,dr-robert,407,111,296,72.7
2026-10-06T12:31:00Z,2026-10-06T14:31:00+02:00,54,placa-vella,297,119,178,59.9
2026-10-06T12:31:00Z,2026-10-06T14:31:00+02:00,55,ajuntament-mercat,237,100,137,57.8
2026-10-06T12:32:00Z,2026-10-06T14:32:00+02:00,53,dr-robert,407,111,296,72.7
2026-10-06T12:32:00Z,2026-10-06T14:32:00+02:00,54,placa-vella,297,119,178,59.9
2026-10-06T12:32:00Z,2026-10-06T14:32:00+02:00,55,ajuntament-mercat,237,100,137,57.8
2026-10-06T12:33:00Z,2026-10-06T14:33:00+02:00,53,dr-robert,407,111,296,72.7
2026-10-06T12:33:00Z,2026-10-06T14:33:00+02:00,54,placa-vella,297,119,178,59.9
2026-10-06T12:33:00Z,2026-10-06T14:33:00+02:00,55,ajuntament-mercat,237,100,137,57.8
2026-10-06T12:34:00Z,2026-10-06T14:34:00+02:00,53,dr-robert,407,111,296,72.7
2026-10-06T12:34:00Z,2026-10-06T14:34:00+02:00,54,placa-vella,297,119,178,59.9
2026-10-06T12:34:00Z,2026-10-06T14:34:00+02:00,55,ajuntament-mercat,237,100,137,57.8
2026-10-06T12:35:00Z,2026-10-06T14:35:00+02:00,53,dr-robert,407,119,288,70.8
2026-10-06T12:35:00Z,2026-10-06T14:35:00+02:00,54,placa-vella,297,123,174,58.6
2026-10-06T12:35:00Z,2026-10-06T14:35:00+02:00,55,ajuntament-mercat,237,99,138,58.2
2026-10-06T12:36:00Z,2026-10-06T14:36:00+02:00,53,dr-robert,407,119,288,70.8
2026-10-06T12:36:00Z,2026-10-06T14:36:00+02:00,54,placa-vella,297,123,174,58.6
2026-10-06T12:36:00Z,2026-10-06T14:36:00+02:00,55,ajuntament-mercat,237,99,138,58.2
2026-10-06T12:37:00Z,2026-10-06T14:37:00+02:00,53,dr-robert,407,119,288,70.8
2026-10-06T12:37:00Z,2026-10-06T14:37:00+02:00,54,placa-vella,297,123,174,58.6
2026-10-06T12:37:00Z,2026-10-06T14:37:00+02:00,55,ajuntament-mercat,237,99,138,58.2
2026-10-06T12:38:00Z,2026-10-06T14:38:00+02:00,53,dr-robert,407,119,288,70.8
2026-10-06T12:38:00Z,2026-10-06T14:38:00+02:00,54,placa-vella,297,123,174,58.6
2026-10-06T12:38:00Z,2026-10-06T14:38:00+02:00,55,ajuntament-mercat,237,99,138,58.2
2026-10-06T12:39:00Z,2026-10-06T14:39:00+02:00,53,dr-robert,407,119,288,70.8
2026-10-06T12:39:00Z,2026-10-06T14:39:00+02:00,54,placa-vella,297,123,174,58.6
2026-10-06T12:39:00Z,2026-10-06T14:39:00+02:00,55,ajuntament-mercat,237,99,138,58.2
2026-10-06T12:40:00Z,2026-10-06T14:40:00+02:00,53,dr-robert,407,122,285,70
2026-10-06T12:40:00Z,2026-10-06T14:40:00+02:00,54,placa-vella,297,124,173,58.2
2026-10-06T12:40:00Z,2026-10-06T14:40:00+02:00,55,ajuntament-mercat,237,103,134,56.5
2026-10-06T12:41:00Z,2026-10-06T14:41:00+02:00,53,dr-robert,407,122,285,70
2026-10-06T12:41:00Z,2026-10-06T14:41:00+02:00,54,placa-vella,297,124,173,58.2
2026-10-06T12:41:00Z,2026-10-06T14:41:00+02:00,55,ajuntament-mercat,237,103,134,56.5
2026-10-06T12:42:00Z,2026-10-06T14:42:00+02:00,53,dr-robert,407,122,285,70
2026-10-06T12:42:00Z,2026-10-06T14:42:00+02:00,54,placa-vella,297,124,173,58.2
2026-10-06T12:42:00Z,2026-10-06T14:42:00+02:00,55,ajuntament-mercat,237,103,134,56.5
2026-10-06T12:43:00Z,2026-10-06T14:43:00+02:00,53,dr-robert,407,122,285,70
2026-10-06T12:43:00Z,2026-10-06T14:43:00+02:00,54,placa-vella,297,124,173,58.2
2026-10-06T12:43:00Z,2026-10-06T14:43:00+02:00,55,ajuntament-mercat,237,103,134,56.5
2026-10-06T12:44:00Z,2026-10-06T14:44:00+02:00,53,dr-robert,407,122,285,70
2026-10-06T12:44:00Z,2026-10-06T14:44:00+02:00,54,placa-vella,297,124,173,58.2
2026-10-06T12:44:00Z,2026-10-06T14:44:00+02:00,55,ajuntament-mercat,237,103,134,56.5
2026-10-06T12:45:00Z,2026-10-06T14:45:00+02:00,53,dr-robert,407,126,281,69
2026-10-06T12:45:00Z,2026-10-06T14:45:00+02:00,54,placa-vella,297,124,173,58.2
2026-10-06T12:45:00Z,2026-10-06T14:45:00+02:00,55,ajuntament-mercat,237,104,133,56.1
2026-10-06T12:46:00Z,2026-10-06T14:46:00+02:00,53,dr-robert,407,126,281,69
2026-10-06T12:46:00Z,2026-10-06T14:46:00+02:00,54,placa-vella,297,124,173,58.2
2026-10-06T12:46:00Z,2026-10-06T14:46:00+02:00,55,ajuntament-mercat,237,104,133,56.1
2026-10-06T12:47:00Z,2026-10-06T14:47:00+02:00,53,dr-robert,407,126,281,69
2026-10-06T12:47:00Z,2026-10-06T14:47:00+02:00,54,placa-vella,297,124,173,58.2
2026-10-06T12:47:00Z,2026-10-06T14:47:00+02:00,55,ajuntament-mercat,237,104,133,56.1
2026-10-06T12:48:00Z,2026-10-06T14:48:00+02:00,53,dr-robert,407,126,281,69
2026-10-06T12:48:00Z,2026-10-06T14:48:00+02:00,54,placa-vella,297,124,173,58.2
2026-10-06T12:48:00Z,2026-10-06T14:48:00+02:00,55,ajuntament-mercat,237,104,133,56.1
2026-10-06T12:49:00Z,2026-10-06T14:49:00+02:00,53,dr-robert,407,126,281,69
2026-10-06T12:49:00Z,2026-10-06T14:49:00+02:00,54,placa-vella,297,124,173,58.2
2026-10-06T12:49:00Z,2026-10-06T14:49:00+02:00,55,ajuntament-mercat,237,104,133,56.1
2026-10-06T12:50:00Z,2026-10-06T14:50:00+02:00,53,dr-robert,407,132,275,67.6
2026-10-06T12:50:00Z,2026-10-06T14:50:00+02:00,54,placa-vella,297,129,168,56.6
2026-10-06T12:50:00Z,2026-10-06T14:50:00+02:00,55,ajuntament-mercat,237,103,134,56.5
2026-10-06T12:51:00Z,2026-10-06T14:51:00+02:00,53,dr-robert,407,132,275,67.6
2026-10-06T12:51:00Z,2026-10-06T14:51:00+02:00,54,placa-vella,297,129,168,56.6
2026-10-06T12:51:00Z,2026-10-06T14:51:00+02:00,55,ajuntament-mercat,237,103,134,56.5
2026-10-06T12:52:00Z,2026-10-06T14:52:00+02:00,53,dr-robert,407,132,275,67.6
2026-10-06T12:52:00Z,2026-10-06T14:52:00+02:00,54,placa-vella,297,129,168,56.6
2026-10-06T12:52:00Z,2026-10-06T14:52:00+02:00,55,ajuntament-mercat,237,103,134,56.5
2026-10-06T12:53:00Z,2026-10-06T14:53:00+02:00,53,dr-robert,407,132,275,67.6
2026-10-06T12:53:00Z,2026-10-06T14:53:00+02:00,54,placa-vella,297,129,168,56.6
2026-10-06T12:53:00Z,2026-10-06T14:53:00+02:00,55,ajuntament-mercat,237,103,134,56.5
2026-10-06T12:54:00Z,2026-10-06T14:54:00+02:00,53,dr-robert,407,132,275,67.6
2026-10-06T12:54:00Z,2026-10-06T14:54:00+02:00,54,placa-vella,297,129,168,56.6
2026-10-06T12:54:00Z,2026-10-06T14:54:00+02:00,55,ajuntament-mercat,237,103,134,56.5
2026-10-06T12:55:00Z,2026-10-06T14:55:00+02:00,53,dr-robert,407,136,271,66.6
2026-10-06T12:55:00Z,2026-10-06T14:55:00+02:00,54,placa-vella,297,128,169,56.9
2026-10-06T12:55:00Z,2026-10-06T14:55:00+02:00,55,ajuntament-mercat,237,103,134,56.5
2026-10-06T12:56:00Z,2026-10-06T14:56:00+02:00,53,dr-robert,407,136,271,66.6
2026-10-06T12:56:00Z,2026-10-06T14:56:00+02:00,54,placa-vella,297,128,169,56.9
2026-10-06T12:56:00Z,2026-10-06T14:56:00+02:00,55,ajuntament-mercat,237,103,134,56.5
2026-10-06T12:57:00Z,2026-10-06T14:57:00+02:00,53,dr-robert,407,136,271,66.6
2026-10-06T12:57:00Z,2026-10-06T14:57:00+02:00,54,placa-vella,297,128,169,56.9
2026-10-06T12:57:00Z,2026-10-06T14:57:00+02:00,55,ajuntament-mercat,237,103,134,56.5
2026-10-06T12:58:00Z,2026-10-06T14:58:00+02:00,53,dr-robert,407,136,271,66.6
2026-10-06T12:58:00Z,2026-10-06T14:58:00+02:00,54,placa-vella,297,128,169,56.9
2026-10-06T12:58:00Z,2026-10-06T14:58:00+02:00,55,ajuntament-mercat,237,103,134,56.5
2026-10-06T12:59:00Z,2026-10-06T14:59:00+02:00,53,dr-robert,407,136,271,66.6
2026-10-06T12:59:00Z,2026-10-06T14:59:00+02:00,54,placa-vella,297,128,169,56.9
2026-10-06T12:59:00Z,2026-10-06T14:59:00+02:00,55,ajuntament-mercat,237,103,134,56.5
2026-10-06T13:00:00Z,2026-10-06T15:00:00+02:00,53,dr-robert,407,136,271,66.6
2026-10-06T13:00:00Z,2026-10-06T15:00:00+02:00,54,placa-vella,297,128,169,56.9
2026-10-06T13:00:00Z,2026-10-06T15:00:00+02:00,55,ajuntament-mercat,237,103,134,56.5
2026-10-06T13:01:00Z,2026-10-06T15:01:00+02:00,53,dr-robert,407,134,273,67.1
2026-10-06T13:01:00Z,2026-10-06T15:01:00+02:00,54,placa-vella,297,130,167,56.2
2026-10-06T13:01:00Z,2026-10-06T15:01:00+02:00,55,ajuntament-mercat,237,103,134,56.5
2026-10-06T13:02:00Z,2026-10-06T15:02:00+02:00,53,dr-robert,407,134,273,67.1
2026-10-06T13:02:00Z,2026-10-06T15:02:00+02:00,54,placa-vella,297,130,167,56.2
2026-10-06T13:02:00Z,2026-10-06T15:02:00+02:00,55,ajuntament-mercat,237,103,134,56.5
2026-10-06T13:03:00Z,2026-10-06T15:03:00+02:00,53,dr-robert,407,134,273,67.1
2026-10-06T13:03:00Z,2026-10-06T15:03:00+02:00,54,placa-vella,297,130,167,56.2
2026-10-06T13:03:00Z,2026-10-06T15:03:00+02:00,55,ajuntament-mercat,237,103,134,56.5
2026-10-06T13:04:00Z,2026-10-06T15:04:00+02:00,53,dr-robert,407,134,273,67.1
2026-10-06T13:04:00Z,2026-10-06T15:04:00+02:00,54,placa-vella,297,130,167,56.2
2026-10-06T13:04:00Z,2026-10-06T15:04:00+02:00,55,ajuntament-mercat,237,103,134,56.5
2026-10-06T13:05:00Z,2026-10-06T15:05:00+02:00,53,dr-robert,407,128,279,68.6
2026-10-06T13:05:00Z,2026-10-06T15:05:00+02:00,54,placa-vella,297,135,162,54.5
2026-10-06T13:05:00Z,2026-10-06T15:05:00+02:00,55,ajuntament-mercat,237,105,132,55.7
2026-10-06T13:06:00Z,2026-10-06T15:06:00+02:00,53,dr-robert,407,128,279,68.6
2026-10-06T13:06:00Z,2026-10-06T15:06:00+02:00,54,placa-vella,297,135,162,54.5
2026-10-06T13:06:00Z,2026-10-06T15:06:00+02:00,55,ajuntament-mercat,237,105,132,55.7
2026-10-06T13:07:00Z,2026-10-06T15:07:00+02:00,53,dr-robert,407,128,279,68.6
2026-10-06T13:07:00Z,2026-10-06T15:07:00+02:00,54,placa-vella,297,135,162,54.5
2026-10-06T13:07:00Z,2026-10-06T15:07:00+02:00,55,ajuntament-mercat,237,105,132,55.7
2026-10-06T13:08:00Z,2026-10-06T15:08:00+02:00,53,dr-robert,407,128,279,68.6
2026-10-06T13:08:00Z,2026-10-06T15:08:00+02:00,54,placa-vella,297,135,162,54.5
2026-10-06T13:08:00Z,2026-10-06T15:08:00+02:00,55,ajuntament-mercat,237,105,132,55.7
2026-10-06T13:09:00Z,2026-10-06T15:09:00+02:00,53,dr-robert,407,128,279,68.6
2026-10-06T13:09:00Z,2026-10-06T15:09:00+02:00,54,placa-vella,297,135,162,54.5
2026-10-06T13:09:00Z,2026-10-06T15:09:00+02:00,55,ajuntament-mercat,237,105,132,55.7
2026-10-06T13:10:00Z,2026-10-06T15:10:00+02:00,53,dr-robert,407,136,271,66.6
2026-10-06T13:10:00Z,2026-10-06T15:10:00+02:00,54,placa-vella,297,137,160,53.9
2026-10-06T13:10:00Z,2026-10-06T15:10:00+02:00,55,ajuntament-mercat,237,108,129,54.4
2026-10-06T13:11:00Z,2026-10-06T15:11:00+02:00,53,dr-robert,407,136,271,66.6
2026-10-06T13:11:00Z,2026-10-06T15:11:00+02:00,54,placa-vella,297,137,160,53.9
2026-10-06T13:11:00Z,2026-10-06T15:11:00+02:00,55,ajuntament-mercat,237,108,129,54.4
2026-10-06T13:12:00Z,2026-10-06T15:12:00+02:00,53,dr-robert,407,136,271,66.6
2026-10-06T13:12:00Z,2026-10-06T15:12:00+02:00,54,placa-vella,297,137,160,53.9
2026-10-06T13:12:00Z,2026-10-06T15:12:00+02:00,55,ajuntament-mercat,237,108,129,54.4
2026-10-06T13:13:00Z,2026-10-06T15:13:00+02:00,53,dr-robert,407,136,271,66.6
2026-10-06T13:13:00Z,2026-10-06T15:13:00+02:00,54,placa-vella,297,137,160,53.9
2026-10-06T13:13:00Z,2026-10-06T15:13:00+02:00,55,ajuntament-mercat,237,108,129,54.4
2026-10-06T13:14:00Z,2026-10-06T15:14:00+02:00,53,dr-robert,407,136,271,66.6
2026-10-06T13:14:00Z,2026-10-06T15:14:00+02:00,54,placa-vella,297,137,160,53.9
2026-10-06T13:14:00Z,2026-10-06T15:14:00+02:00,55,ajuntament-mercat,237,108,129,54.4
2026-10-06T13:15:00Z,2026-10-06T15:15:00+02:00,53,dr-robert,407,146,261,64.1
2026-10-06T13:15:00Z,2026-10-06T15:15:00+02:00,54,placa-vella,297,140,157,52.9
2026-10-06T13:15:00Z,2026-10-06T15:15:00+02:00,55,ajuntament-mercat,237,107,130,54.9
2026-10-06T13:16:00Z,2026-10-06T15:16:00+02:00,53,dr-robert,407,146,261,64.1
2026-10-06T13:16:00Z,2026-10-06T15:16:00+02:00,54,placa-vella,297,140,157,52.9
2026-10-06T13:16:00Z,2026-10-06T15:16:00+02:00,55,ajuntament-mercat,237,107,130,54.9
2026-10-06T13:17:00Z,2026-10-06T15:17:00+02:00,53,dr-robert,407,146,261,64.1
2026-10-06T13:17:00Z,2026-10-06T15:17:00+02:00,54,placa-vella,297,140,157,52.9
2026-10-06T13:17:00Z,2026-10-06T15:17:00+02:00,55,ajuntament-mercat,237,107,130,54.9
2026-10-06T13:18:00Z,2026-10-06T15:18:00+02:00,53,dr-robert,407,146,261,64.1
2026-10-06T13:18:00Z,2026-10-06T15:18:00+02:00,54,placa-vella,297,140,157,52.9
2026-10-06T13:18:00Z,2026-10-06T15:18:00+02:00,55,ajuntament-mercat,237,107,130,54.9
2026-10-06T13:19:00Z,2026-10-06T15:19:00+02:00,53,dr-robert,407,146,261,64.1
2026-10-06T13:19:00Z,2026-10-06T15:19:00+02:00,54,placa-vella,297,140,157,52.9
2026-10-06T13:19:00Z,2026-10-06T15:19:00+02:00,55,ajuntament-mercat,237,107,130,54.9
2026-10-06T13:20:00Z,2026-10-06T15:20:00+02:00,53,dr-robert,407,150,257,63.1
2026-10-06T13:20:00Z,2026-10-06T15:20:00+02:00,54,placa-vella,297,135,162,54.5
2026-10-06T13:20:00Z,2026-10-06T15:20:00+02:00,55,ajuntament-mercat,237,111,126,53.2
2026-10-06T13:21:00Z,2026-10-06T15:21:00+02:00,53,dr-robert,407,150,257,63.1
2026-10-06T13:21:00Z,2026-10-06T15:21:00+02:00,54,placa-vella,297,135,162,54.5
2026-10-06T13:21:00Z,2026-10-06T15:21:00+02:00,55,ajuntament-mercat,237,111,126,53.2
2026-10-06T13:22:00Z,2026-10-06T15:22:00+02:00,53,dr-robert,407,150,257,63.1
2026-10-06T13:22:00Z,2026-10-06T15:22:00+02:00,54,placa-vella,297,135,162,54.5
2026-10-06T13:22:00Z,2026-10-06T15:22:00+02:00,55,ajuntament-mercat,237,111,126,53.2
2026-10-06T13:23:00Z,2026-10-06T15:23:00+02:00,53,dr-robert,407,150,257,63.1
2026-10-06T13:23:00Z,2026-10-06T15:23:00+02:00,54,placa-vella,297,135,162,54.5
2026-10-06T13:23:00Z,2026-10-06T15:23:00+02:00,55,ajuntament-mercat,237,111,126,53.2
2026-10-06T13:24:00Z,2026-10-06T15:24:00+02:00,53,dr-robert,407,150,257,63.1
2026-10-06T13:24:00Z,2026-10-06T15:24:00+02:00,54,placa-vella,297,135,162,54.5
2026-10-06T13:24:00Z,2026-10-06T15:24:00+02:00,55,ajuntament-mercat,237,111,126,53.2
2026-10-06T13:25:00Z,2026-10-06T15:25:00+02:00,53,dr-robert,407,151,256,62.9
2026-10-06T13:25:00Z,2026-10-06T15:25:00+02:00,54,placa-vella,297,131,166,55.9
2026-10-06T13:25:00Z,2026-10-06T15:25:00+02:00,55,ajuntament-mercat,237,116,121,51.1
2026-10-06T13:26:00Z,2026-10-06T15:26:00+02:00,53,dr-robert,407,151,256,62.9
2026-10-06T13:26:00Z,2026-10-06T15:26:00+02:00,54,placa-vella,297,131,166,55.9
2026-10-06T13:26:00Z,2026-10-06T15:26:00+02:00,55,ajuntament-mercat,237,116,121,51.1
2026-10-06T13:27:00Z,2026-10-06T15:27:00+02:00,53,dr-robert,407,151,256,62.9
2026-10-06T13:27:00Z,2026-10-06T15:27:00+02:00,54,placa-vella,297,131,166,55.9
2026-10-06T13:27:00Z,2026-10-06T15:27:00+02:00,55,ajuntament-mercat,237,116,121,51.1
2026-10-06T13:28:00Z,2026-10-06T15:28:00+02:00,53,dr-robert,407,151,256,62.9
2026-10-06T13:28:00Z,2026-10-06T15:28:00+02:00,54,placa-vella,297,131,166,55.9
2026-10-06T13:28:00Z,2026-10-06T15:28:00+02:00,55,ajuntament-mercat,237,116,121,51.1
2026-10-06T13:29:00Z,2026-10-06T15:29:00+02:00,53,dr-robert,407,151,256,62.9
2026-10-06T13:29:00Z,2026-10-06T15:29:00+02:00,54,placa-vella,297,131,166,55.9
2026-10-06T13:29:00Z,2026-10-06T15:29:00+02:00,55,ajuntament-mercat,237,116,121,51.1
2026-10-06T13:30:00Z,2026-10-06T15:30:00+02:00,53,dr-robert,407,153,254,62.4
2026-10-06T13:30:00Z,2026-10-06T15:30:00+02:00,54,placa-vella,297,132,165,55.6
2026-10-06T13:30:00Z,2026-10-06T15:30:00+02:00,55,ajuntament-mercat,237,120,117,49.4
2026-10-06T13:31:00Z,2026-10-06T15:31:00+02:00,53,dr-robert,407,153,254,62.4
2026-10-06T13:31:00Z,2026-10-06T15:31:00+02:00,54,placa-vella,297,132,165,55.6
2026-10-06T13:31:00Z,2026-10-06T15:31:00+02:00,55,ajuntament-mercat,237,120,117,49.4
2026-10-06T13:32:00Z,2026-10-06T15:32:00+02:00,53,dr-robert,407,153,254,62.4
2026-10-06T13:32:00Z,2026-10-06T15:32:00+02:00,54,placa-vella,297,132,165,55.6
2026-10-06T13:32:00Z,2026-10-06T15:32:00+02:00,55,ajuntament-mercat,237,120,117,49.4
2026-10-06T13:33:00Z,2026-10-06T15:33:00+02:00,53,dr-robert,407,153,254,62.4
2026-10-06T13:33:00Z,2026-10-06T15:33:00+02:00,54,placa-vella,297,132,165,55.6
2026-10-06T13:33:00Z,2026-10-06T15:33:00+02:00,55,ajuntament-mercat,237,120,117,49.4
2026-10-06T13:34:00Z,2026-10-06T15:34:00+02:00,53,dr-robert,407,153,254,62.4
2026-10-06T13:34:00Z,2026-10-06T15:34:00+02:00,54,placa-vella,297,132,165,55.6
2026-10-06T13:34:00Z,2026-10-06T15:34:00+02:00,55,ajuntament-mercat,237,120,117,49.4
2026-10-06T13:35:00Z,2026-10-06T15:35:00+02:00,53,dr-robert,407,147,260,63.9
2026-10-06T13:35:00Z,2026-10-06T15:35:00+02:00,54,placa-vella,297,129,168,56.6
2026-10-06T13:35:00Z,2026-10-06T15:35:00+02:00,55,ajuntament-mercat,237,121,116,48.9
2026-10-06T13:36:00Z,2026-10-06T15:36:00+02:00,53,dr-robert,407,147,260,63.9
2026-10-06T13:36:00Z,2026-10-06T15:36:00+02:00,54,placa-vella,297,129,168,56.6
2026-10-06T13:36:00Z,2026-10-06T15:36:00+02:00,55,ajuntament-mercat,237,121,116,48.9
2026-10-06T13:37:00Z,2026-10-06T15:37:00+02:00,53,dr-robert,407,147,260,63.9
2026-10-06T13:37:00Z,2026-10-06T15:37:00+02:00,54,placa-vella,297,129,168,56.6
2026-10-06T13:37:00Z,2026-10-06T15:37:00+02:00,55,ajuntament-mercat,237,121,116,48.9
2026-10-06T13:38:00Z,2026-10-06T15:38:00+02:00,53,dr-robert,407,147,260,63.9
2026-10-06T13:38:00Z,2026-10-06T15:38:00+02:00,54,placa-vella,297,129,168,56.6
2026-10-06T13:38:00Z,2026-10-06T15:38:00+02:00,55,ajuntament-mercat,237,121,116,48.9
2026-10-06T13:39:00Z,2026-10-06T15:39:00+02:00,53,dr-robert,407,147,260,63.9
2026-10-06T13:39:00Z,2026-10-06T15:39:00+02:00,54,placa-vella,297,129,168,56.6
2026-10-06T13:39:00Z,2026-10-06T15:39:00+02:00,55,ajuntament-mercat,237,121,116,48.9
2026-10-06T13:40:00Z,2026-10-06T15:40:00+02:00,53,dr-robert,407,152,255,62.7
2026-10-06T13:40:00Z,2026-10-06T15:40:00+02:00,54,placa-vella,297,130,167,56.2
2026-10-06T13:40:00Z,2026-10-06T15:40:00+02:00,55,ajuntament-mercat,237,121,116,48.9
2026-10-06T13:41:00Z,2026-10-06T15:41:00+02:00,53,dr-robert,407,152,255,62.7
2026-10-06T13:41:00Z,2026-10-06T15:41:00+02:00,54,placa-vella,297,130,167,56.2
2026-10-06T13:41:00Z,2026-10-06T15:41:00+02:00,55,ajuntament-mercat,237,121,116,48.9
2026-10-06T13:42:00Z,2026-10-06T15:42:00+02:00,53,dr-robert,407,152,255,62.7
2026-10-06T13:42:00Z,2026-10-06T15:42:00+02:00,54,placa-vella,297,130,167,56.2
2026-10-06T13:42:00Z,2026-10-06T15:42:00+02:00,55,ajuntament-mercat,237,121,116,48.9
2026-10-06T13:43:00Z,2026-10-06T15:43:00+02:00,53,dr-robert,407,152,255,62.7
2026-10-06T13:43:00Z,2026-10-06T15:43:00+02:00,54,placa-vella,297,130,167,56.2
2026-10-06T13:43:00Z,2026-10-06T15:43:00+02:00,55,ajuntament-mercat,237,121,116,48.9
2026-10-06T13:44:00Z,2026-10-06T15:44:00+02:00,53,dr-robert,407,152,255,62.7
2026-10-06T13:44:00Z,2026-10-06T15:44:00+02:00,54,placa-vella,297,130,167,56.2
2026-10-06T13:44:00Z,2026-10-06T15:44:00+02:00,55,ajuntament-mercat,237,121,116,48.9
2026-10-06T13:45:00Z,2026-10-06T15:45:00+02:00,53,dr-robert,407,154,253,62.2
2026-10-06T13:45:00Z,2026-10-06T15:45:00+02:00,54,placa-vella,297,130,167,56.2
2026-10-06T13:45:00Z,2026-10-06T15:45:00+02:00,55,ajuntament-mercat,237,124,113,47.7
2026-10-06T13:46:00Z,2026-10-06T15:46:00+02:00,53,dr-robert,407,154,253,62.2
2026-10-06T13:46:00Z,2026-10-06T15:46:00+02:00,54,placa-vella,297,130,167,56.2
2026-10-06T13:46:00Z,2026-10-06T15:46:00+02:00,55,ajuntament-mercat,237,124,113,47.7
2026-10-06T13:47:00Z,2026-10-06T15:47:00+02:00,53,dr-robert,407,154,253,62.2
2026-10-06T13:47:00Z,2026-10-06T15:47:00+02:00,54,placa-vella,297,130,167,56.2
2026-10-06T13:47:00Z,2026-10-06T15:47:00+02:00,55,ajuntament-mercat,237,124,113,47.7
2026-10-06T13:48:00Z,2026-10-06T15:48:00+02:00,53,dr-robert,407,154,253,62.2
2026-10-06T13:48:00Z,2026-10-06T15:48:00+02:00,54,placa-vella,297,130,167,56.2
2026-10-06T13:48:00Z,2026-10-06T15:48:00+02:00,55,ajuntament-mercat,237,124,113,47.7
2026-10-06T13:49:00Z,2026-10-06T15:49:00+02:00,53,dr-robert,407,154,253,62.2
2026-10-06T13:49:00Z,2026-10-06T15:49:00+02:00,54,placa-vella,297,130,167,56.2
2026-10-06T13:49:00Z,2026-10-06T15:49:00+02:00,55,ajuntament-mercat,237,124,113,47.7
2026-10-06T13:50:00Z,2026-10-06T15:50:00+02:00,53,dr-robert,407,152,255,62.7
2026-10-06T13:50:00Z,2026-10-06T15:50:00+02:00,54,placa-vella,297,129,168,56.6
2026-10-06T13:50:00Z,2026-10-06T15:50:00+02:00,55,ajuntament-mercat,237,120,117,49.4
2026-10-06T13:51:00Z,2026-10-06T15:51:00+02:00,53,dr-robert,407,152,255,62.7
2026-10-06T13:51:00Z,2026-10-06T15:51:00+02:00,54,placa-vella,297,129,168,56.6
2026-10-06T13:51:00Z,2026-10-06T15:51:00+02:00,55,ajuntament-mercat,237,120,117,49.4
2026-10-06T13:52:00Z,2026-10-06T15:52:00+02:00,53,dr-robert,407,152,255,62.7
2026-10-06T13:52:00Z,2026-10-06T15:52:00+02:00,54,placa-vella,297,129,168,56.6
2026-10-06T13:52:00Z,2026-10-06T15:52:00+02:00,55,ajuntament-mercat,237,120,117,49.4
2026-10-06T13:53:00Z,2026-10-06T15:53:00+02:00,53,dr-robert,407,152,255,62.7
2026-10-06T13:53:00Z,2026-10-06T15:53:00+02:00,54,placa-vella,297,129,168,56.6
2026-10-06T13:53:00Z,2026-10-06T15:53:00+02:00,55,ajuntament-mercat,237,120,117,49.4
2026-10-06T13:54:00Z,2026-10-06T15:54:00+02:00,53,dr-robert,407,152,255,62.7
2026-10-06T13:54:00Z,2026-10-06T15:54:00+02:00,54,placa-vella,297,129,168,56.6
2026-10-06T13:54:00Z,2026-10-06T15:54:00+02:00,55,ajuntament-mercat,237,120,117,49.4
2026-10-06T13:55:00Z,2026-10-06T15:55:00+02:00,53,dr-robert,407,152,255,62.7
2026-10-06T13:55:00Z,2026-10-06T15:55:00+02:00,54,placa-vella,297,125,172,57.9
2026-10-06T13:55:00Z,2026-10-06T15:55:00+02:00,55,ajuntament-mercat,237,118,119,50.2
2026-10-06T13:56:00Z,2026-10-06T15:56:00+02:00,53,dr-robert,407,152,255,62.7
2026-10-06T13:56:00Z,2026-10-06T15:56:00+02:00,54,placa-vella,297,125,172,57.9
2026-10-06T13:56:00Z,2026-10-06T15:56:00+02:00,55,ajuntament-mercat,237,118,119,50.2
2026-10-06T13:57:00Z,2026-10-06T15:57:00+02:00,53,dr-robert,407,152,255,62.7
2026-10-06T13:57:00Z,2026-10-06T15:57:00+02:00,54,placa-vella,297,125,172,57.9
2026-10-06T13:57:00Z,2026-10-06T15:57:00+02:00,55,ajuntament-mercat,237,118,119,50.2
2026-10-06T13:58:00Z,2026-10-06T15:58:00+02:00,53,dr-robert,407,152,255,62.7
2026-10-06T13:58:00Z,2026-10-06T15:58:00+02:00,54,placa-vella,297,125,172,57.9
2026-10-06T13:58:00Z,2026-10-06T15:58:00+02:00,55,ajuntament-mercat,237,118,119,50.2
2026-10-06T13:59:00Z,2026-10-06T15:59:00+02:00,53,dr-robert,407,152,255,62.7
2026-10-06T13:59:00Z,2026-10-06T15:59:00+02:00,54,placa-vella,297,125,172,57.9
2026-10-06T13:59:00Z,2026-10-06T15:59:00+02:00,55,ajuntament-mercat,237,118,119,50.2
2026-10-06T14:00:00Z,2026-10-06T16:00:00+02:00,53,dr-robert,407,152,255,62.7
2026-10-06T14:00:00Z,2026-10-06T16:00:00+02:00,54,placa-vella,297,125,172,57.9
2026-10-06T14:00:00Z,2026-10-06T16:00:00+02:00,55,ajuntament-mercat,237,118,119,50.2
2026-10-06T14:01:00Z,2026-10-06T16:01:00+02:00,53,dr-robert,407,157,250,61.4
2026-10-06T14:01:00Z,2026-10-06T16:01:00+02:00,54,placa-vella,297,122,175,58.9
2026-10-06T14:01:00Z,2026-10-06T16:01:00+02:00,55,ajuntament-mercat,237,120,117,49.4
2026-10-06T14:02:00Z,2026-10-06T16:02:00+02:00,53,dr-robert,407,157,250,61.4
2026-10-06T14:02:00Z,2026-10-06T16:02:00+02:00,54,placa-vella,297,122,175,58.9
2026-10-06T14:02:00Z,2026-10-06T16:02:00+02:00,55,ajuntament-mercat,237,120,117,49.4
2026-10-06T14:03:00Z,2026-10-06T16:03:00+02:00,53,dr-robert,407,157,250,61.4
2026-10-06T14:03:00Z,2026-10-06T16:03:00+02:00,54,placa-vella,297,122,175,58.9
2026-10-06T14:03:00Z,2026-10-06T16:03:00+02:00,55,ajuntament-mercat,237,120,117,49.4
2026-10-06T14:04:00Z,2026-10-06T16:04:00+02:00,53,dr-robert,407,157,250,61.4
2026-10-06T14:04:00Z,2026-10-06T16:04:00+02:00,54,placa-vella,297,122,175,58.9
2026-10-06T14:04:00Z,2026-10-06T16:04:00+02:00,55,ajuntament-mercat,237,120,117,49.4
2026-10-06T14:05:00Z,2026-10-06T16:05:00+02:00,53,dr-robert,407,161,246,60.4
2026-10-06T14:05:00Z,2026-10-06T16:05:00+02:00,54,placa-vella,297,119,178,59.9
2026-10-06T14:05:00Z,2026-10-06T16:05:00+02:00,55,ajuntament-mercat,237,120,117,49.4
2026-10-06T14:06:00Z,2026-10-06T16:06:00+02:00,53,dr-robert,407,161,246,60.4
2026-10-06T14:06:00Z,2026-10-06T16:06:00+02:00,54,placa-vella,297,119,178,59.9
2026-10-06T14:06:00Z,2026-10-06T16:06:00+02:00,55,ajuntament-mercat,237,120,117,49.4
2026-10-06T14:07:00Z,2026-10-06T16:07:00+02:00,53,dr-robert,407,161,246,60.4
2026-10-06T14:07:00Z,2026-10-06T16:07:00+02:00,54,placa-vella,297,119,178,59.9
2026-10-06T14:07:00Z,2026-10-06T16:07:00+02:00,55,ajuntament-mercat,237,120,117,49.4
2026-10-06T14:08:00Z,2026-10-06T16:08:00+02:00,53,dr-robert,407,161,246,60.4
2026-10-06T14:08:00Z,2026-10-06T16:08:00+02:00,54,placa-vella,297,119,178,59.9
2026-10-06T14:08:00Z,2026-10-06T16:08:00+02:00,55,ajuntament-mercat,237,120,117,49.4
2026-10-06T14:09:00Z,2026-10-06T16:09:00+02:00,53,dr-robert,407,161,246,60.4
2026-10-06T14:09:00Z,2026-10-06T16:09:00+02:00,54,placa-vella,297,119,178,59.9
2026-10-06T14:09:00Z,2026-10-06T16:09:00+02:00,55,ajuntament-mercat,237,120,117,49.4
2026-10-06T14:10:00Z,2026-10-06T16:10:00+02:00,53,dr-robert,407,165,242,59.5
2026-10-06T14:10:00Z,2026-10-06T16:10:00+02:00,54,placa-vella,297,115,182,61.3
2026-10-06T14:10:00Z,2026-10-06T16:10:00+02:00,55,ajuntament-mercat,237,123,114,48.1
2026-10-06T14:11:00Z,2026-10-06T16:11:00+02:00,53,dr-robert,407,165,242,59.5
2026-10-06T14:11:00Z,2026-10-06T16:11:00+02:00,54,placa-vella,297,115,182,61.3
2026-10-06T14:11:00Z,2026-10-06T16:11:00+02:00,55,ajuntament-mercat,237,123,114,48.1
2026-10-06T14:12:00Z,2026-10-06T16:12:00+02:00,53,dr-robert,407,165,242,59.5
2026-10-06T14:12:00Z,2026-10-06T16:12:00+02:00,54,placa-vella,297,115,182,61.3
2026-10-06T14:12:00Z,2026-10-06T16:12:00+02:00,55,ajuntament-mercat,237,123,114,48.1
2026-10-06T14:13:00Z,2026-10-06T16:13:00+02:00,53,dr-robert,407,165,242,59.5
2026-10-06T14:13:00Z,2026-10-06T16:13:00+02:00,54,placa-vella,297,115,182,61.3
2026-10-06T14:13:00Z,2026-10-06T16:13:00+02:00,55,ajuntament-mercat,237,123,114,48.1
2026-10-06T14:14:00Z,2026-10-06T16:14:00+02:00,53,dr-robert,407,165,242,59.5
2026-10-06T14:14:00Z,2026-10-06T16:14:00+02:00,54,placa-vella,297,115,182,61.3
2026-10-06T14:14:00Z,2026-10-06T16:14:00+02:00,55,ajuntament-mercat,237,123,114,48.1
2026-10-06T14:15:00Z,2026-10-06T16:15:00+02:00,53,dr-robert,407,170,237,58.2
2026-10-06T14:15:00Z,2026-10-06T16:15:00+02:00,54,placa-vella,297,113,184,62
2026-10-06T14:15:00Z,2026-10-06T16:15:00+02:00,55,ajuntament-mercat,237,123,114,48.1
2026-10-06T14:16:00Z,2026-10-06T16:16:00+02:00,53,dr-robert,407,170,237,58.2
2026-10-06T14:16:00Z,2026-10-06T16:16:00+02:00,54,placa-vella,297,113,184,62
2026-10-06T14:16:00Z,2026-10-06T16:16:00+02:00,55,ajuntament-mercat,237,123,114,48.1
2026-10-06T14:17:00Z,2026-10-06T16:17:00+02:00,53,dr-robert,407,170,237,58.2
2026-10-06T14:17:00Z,2026-10-06T16:17:00+02:00,54,placa-vella,297,113,184,62
2026-10-06T14:17:00Z,2026-10-06T16:17:00+02:00,55,ajuntament-mercat,237,123,114,48.1
2026-10-06T14:18:00Z,2026-10-06T16:18:00+02:00,53,dr-robert,407,170,237,58.2
2026-10-06T14:18:00Z,2026-10-06T16:18:00+02:00,54,placa-vella,297,113,184,62
2026-10-06T14:18:00Z,2026-10-06T16:18:00+02:00,55,ajuntament-mercat,237,123,114,48.1
2026-10-06T14:19:00Z,2026-10-06T16:19:00+02:00,53,dr-robert,407,170,237,58.2
2026-10-06T14:19:00Z,2026-10-06T16:19:00+02:00,54,placa-vella,297,113,184,62
2026-10-06T14:19:00Z,2026-10-06T16:19:00+02:00,55,ajuntament-mercat,237,123,114,48.1
2026-10-06T14:20:00Z,2026-10-06T16:20:00+02:00,53,dr-robert,407,172,235,57.7
2026-10-06T14:20:00Z,2026-10-06T16:20:00+02:00,54,placa-vella,297,116,181,60.9
2026-10-06T14:20:00Z,2026-10-06T16:20:00+02:00,55,ajuntament-mercat,237,121,116,48.9
2026-10-06T14:21:00Z,2026-10-06T16:21:00+02:00,53,dr-robert,407,172,235,57.7
2026-10-06T14:21:00Z,2026-10-06T16:21:00+02:00,54,placa-vella,297,116,181,60.9
2026-10-06T14:21:00Z,2026-10-06T16:21:00+02:00,55,ajuntament-mercat,237,121,116,48.9
2026-10-06T14:22:00Z,2026-10-06T16:22:00+02:00,53,dr-robert,407,172,235,57.7
2026-10-06T14:22:00Z,2026-10-06T16:22:00+02:00,54,placa-vella,297,116,181,60.9
2026-10-06T14:22:00Z,2026-10-06T16:22:00+02:00,55,ajuntament-mercat,237,121,116,48.9
2026-10-06T14:23:00Z,2026-10-06T16:23:00+02:00,53,dr-robert,407,172,235,57.7
2026-10-06T14:23:00Z,2026-10-06T16:23:00+02:00,54,placa-vella,297,116,181,60.9
2026-10-06T14:23:00Z,2026-10-06T16:23:00+02:00,55,ajuntament-mercat,237,121,116,48.9
2026-10-06T14:24:00Z,2026-10-06T16:24:00+02:00,53,dr-robert,407,172,235,57.7
2026-10-06T14:24:00Z,2026-10-06T16:24:00+02:00,54,placa-vella,297,116,181,60.9
2026-10-06T14:24:00Z,2026-10-06T16:24:00+02:00,55,ajuntament-mercat,237,121,116,48.9
2026-10-06T14:25:00Z,2026-10-06T16:25:00+02:00,53,dr-robert,407,172,235,57.7
2026-10-06T14:25:00Z,2026-10-06T16:25:00+02:00,54,placa-vella,297,116,181,60.9
2026-10-06T14:25:00Z,2026-10-06T16:25:00+02:00,55,ajuntament-mercat,237,122,115,48.5
2026-10-06T14:26:00Z,2026-10-06T16:26:00+02:00,53,dr-robert,407,172,235,57.7
2026-10-06T14:26:00Z,2026-10-06T16:26:00+02:00,54,placa-vella,297,116,181,60.9
2026-10-06T14:26:00Z,2026-10-06T16:26:00+02:00,55,ajuntament-mercat,237,122,115,48.5
2026-10-06T14:27:00Z,2026-10-06T16:27:00+02:00,53,dr-robert,407,172,235,57.7
2026-10-06T14:27:00Z,2026-10-06T16:27:00+02:00,54,placa-vella,297,116,181,60.9
2026-10-06T14:27:00Z,2026-10-06T16:27:00+02:00,55,ajuntament-mercat,237,122,115,48.5
2026-10-06T14:28:00Z,2026-10-06T16:28:00+02:00,53,dr-robert,407,172,235,57.7
2026-10-06T14:28:00Z,2026-10-06T16:28:00+02:00,54,placa-vella,297,116,181,60.9
2026-10-06T14:28:00Z,2026-10-06T16:28:00+02:00,55,ajuntament-mercat,237,122,115,48.5
2026-10-06T14:29:00Z,2026-10-06T16:29:00+02:00,53,dr-robert,407,172,235,57.7
2026-10-06T14:29:00Z,2026-10-06T16:29:00+02:00,54,placa-vella,297,116,181,60.9
2026-10-06T14:29:00Z,2026-10-06T16:29:00+02:00,55,ajuntament-mercat,237,122,115,48.5
2026-10-06T14:30:00Z,2026-10-06T16:30:00+02:00,53,dr-robert,407,169,238,58.5
2026-10-06T14:30:00Z,2026-10-06T16:30:00+02:00,54,placa-vella,297,118,179,60.3
2026-10-06T14:30:00Z,2026-10-06T16:30:00+02:00,55,ajuntament-mercat,237,122,115,48.5
2026-10-06T14:31:00Z,2026-10-06T16:31:00+02:00,53,dr-robert,407,169,238,58.5
2026-10-06T14:31:00Z,2026-10-06T16:31:00+02:00,54,placa-vella,297,118,179,60.3
2026-10-06T14:31:00Z,2026-10-06T16:31:00+02:00,55,ajuntament-mercat,237,122,115,48.5
2026-10-06T14:32:00Z,2026-10-06T16:32:00+02:00,53,dr-robert,407,169,238,58.5
2026-10-06T14:32:00Z,2026-10-06T16:32:00+02:00,54,placa-vella,297,118,179,60.3
2026-10-06T14:32:00Z,2026-10-06T16:32:00+02:00,55,ajuntament-mercat,237,122,115,48.5
2026-10-06T14:33:00Z,2026-10-06T16:33:00+02:00,53,dr-robert,407,169,238,58.5
2026-10-06T14:33:00Z,2026-10-06T16:33:00+02:00,54,placa-vella,297,118,179,60.3
2026-10-06T14:33:00Z,2026-10-06T16:33:00+02:00,55,ajuntament-mercat,237,122,115,48.5
2026-10-06T14:34:00Z,2026-10-06T16:34:00+02:00,53,dr-robert,407,169,238,58.5
2026-10-06T14:34:00Z,2026-10-06T16:34:00+02:00,54,placa-vella,297,118,179,60.3
2026-10-06T14:34:00Z,2026-10-06T16:34:00+02:00,55,ajuntament-mercat,237,122,115,48.5
2026-10-06T14:35:00Z,2026-10-06T16:35:00+02:00,53,dr-robert,407,169,238,58.5
2026-10-06T14:35:00Z,2026-10-06T16:35:00+02:00,54,placa-vella,297,117,180,60.6
2026-10-06T14:35:00Z,2026-10-06T16:35:00+02:00,55,ajuntament-mercat,237,124,113,47.7
2026-10-06T14:36:00Z,2026-10-06T16:36:00+02:00,53,dr-robert,407,169,238,58.5
2026-10-06T14:36:00Z,2026-10-06T16:36:00+02:00,54,placa-vella,297,117,180,60.6
2026-10-06T14:36:00Z,2026-10-06T16:36:00+02:00,55,ajuntament-mercat,237,124,113,47.7
2026-10-06T14:37:00Z,2026-10-06T16:37:00+02:00,53,dr-robert,407,169,238,58.5
2026-10-06T14:37:00Z,2026-10-06T16:37:00+02:00,54,placa-vella,297,117,180,60.6
2026-10-06T14:37:00Z,2026-10-06T16:37:00+02:00,55,ajuntament-mercat,237,124,113,47.7
2026-10-06T14:38:00Z,2026-10-06T16:38:00+02:00,53,dr-robert,407,169,238,58.5
2026-10-06T14:38:00Z,2026-10-06T16:38:00+02:00,54,placa-vella,297,117,180,60.6
2026-10-06T14:38:00Z,2026-10-06T16:38:00+02:00,55,ajuntament-mercat,237,124,113,47.7
2026-10-06T14:39:00Z,2026-10-06T16:39:00+02:00,53,dr-robert,407,169,238,58.5
2026-10-06T14:39:00Z,2026-10-06T16:39:00+02:00,54,placa-vella,297,117,180,60.6
2026-10-06T14:39:00Z,2026-10-06T16:39:00+02:00,55,ajuntament-mercat,237,124,113,47.7
2026-10-06T14:40:00Z,2026-10-06T16:40:00+02:00,53,dr-robert,407,163,244,60
2026-10-06T14:40:00Z,2026-10-06T16:40:00+02:00,54,placa-vella,297,118,179,60.3
2026-10-06T14:40:00Z,2026-10-06T16:40:00+02:00,55,ajuntament-mercat,237,126,111,46.8
2026-10-06T14:41:00Z,2026-10-06T16:41:00+02:00,53,dr-robert,407,163,244,60
2026-10-06T14:41:00Z,2026-10-06T16:41:00+02:00,54,placa-vella,297,118,179,60.3
2026-10-06T14:41:00Z,2026-10-06T16:41:00+02:00,55,ajuntament-mercat,237,126,111,46.8
2026-10-06T14:42:00Z,2026-10-06T16:42:00+02:00,53,dr-robert,407,163,244,60
2026-10-06T14:42:00Z,2026-10-06T16:42:00+02:00,54,placa-vella,297,118,179,60.3
2026-10-06T14:42:00Z,2026-10-06T16:42:00+02:00,55,ajuntament-mercat,237,126,111,46.8
2026-10-06T14:43:00Z,2026-10-06T16:43:00+02:00,53,dr-robert,407,163,244,60
2026-10-06T14:43:00Z,2026-10-06T16:43:00+02:00,54,placa-vella,297,118,179,60.3
2026-10-06T14:43:00Z,2026-10-06T16:43:00+02:00,55,ajuntament-mercat,237,126,111,46.8
2026-10-06T14:44:00Z,2026-10-06T16:44:00+02:00,53,dr-robert,407,163,244,60
2026-10-06T14:44:00Z,2026-10-06T16:44:00+02:00,54,placa-vella,297,118,179,60.3
2026-10-06T14:44:00Z,2026-10-06T16:44:00+02:00,55,ajuntament-mercat,237,126,111,46.8
2026-10-06T14:45:00Z,2026-10-06T16:45:00+02:00,53,dr-robert,407,153,254,62.4
2026-10-06T14:45:00Z,2026-10-06T16:45:00+02:00,54,placa-vella,297,118,179,60.3
2026-10-06T14:45:00Z,2026-10-06T16:45:00+02:00,55,ajuntament-mercat,237,125,112,47.3
2026-10-06T14:46:00Z,2026-10-06T16:46:00+02:00,53,dr-robert,407,153,254,62.4
2026-10-06T14:46:00Z,2026-10-06T16:46:00+02:00,54,placa-vella,297,118,179,60.3
2026-10-06T14:46:00Z,2026-10-06T16:46:00+02:00,55,ajuntament-mercat,237,125,112,47.3
2026-10-06T14:47:00Z,2026-10-06T16:47:00+02:00,53,dr-robert,407,153,254,62.4
2026-10-06T14:47:00Z,2026-10-06T16:47:00+02:00,54,placa-vella,297,118,179,60.3
2026-10-06T14:47:00Z,2026-10-06T16:47:00+02:00,55,ajuntament-mercat,237,125,112,47.3
2026-10-06T14:48:00Z,2026-10-06T16:48:00+02:00,53,dr-robert,407,153,254,62.4
2026-10-06T14:48:00Z,2026-10-06T16:48:00+02:00,54,placa-vella,297,118,179,60.3
2026-10-06T14:48:00Z,2026-10-06T16:48:00+02:00,55,ajuntament-mercat,237,125,112,47.3
2026-10-06T14:49:00Z,2026-10-06T16:49:00+02:00,53,dr-robert,407,153,254,62.4
2026-10-06T14:49:00Z,2026-10-06T16:49:00+02:00,54,placa-vella,297,118,179,60.3
2026-10-06T14:49:00Z,2026-10-06T16:49:00+02:00,55,ajuntament-mercat,237,125,112,47.3
2026-10-06T14:50:00Z,2026-10-06T16:50:00+02:00,53,dr-robert,407,144,263,64.6
2026-10-06T14:50:00Z,2026-10-06T16:50:00+02:00,54,placa-vella,297,116,181,60.9
2026-10-06T14:50:00Z,2026-10-06T16:50:00+02:00,55,ajuntament-mercat,237,125,112,47.3
2026-10-06T14:51:00Z,2026-10-06T16:51:00+02:00,53,dr-robert,407,144,263,64.6
2026-10-06T14:51:00Z,2026-10-06T16:51:00+02:00,54,placa-vella,297,116,181,60.9
2026-10-06T14:51:00Z,2026-10-06T16:51:00+02:00,55,ajuntament-mercat,237,125,112,47.3
2026-10-06T14:52:00Z,2026-10-06T16:52:00+02:00,53,dr-robert,407,144,263,64.6
2026-10-06T14:52:00Z,2026-10-06T16:52:00+02:00,54,placa-vella,297,116,181,60.9
2026-10-06T14:52:00Z,2026-10-06T16:52:00+02:00,55,ajuntament-mercat,237,125,112,47.3
2026-10-06T14:53:00Z,2026-10-06T16:53:00+02:00,53,dr-robert,407,144,263,64.6
2026-10-06T14:53:00Z,2026-10-06T16:53:00+02:00,54,placa-vella,297,116,181,60.9
2026-10-06T14:53:00Z,2026-10-06T16:53:00+02:00,55,ajuntament-mercat,237,125,112,47.3
2026-10-06T14:54:00Z,2026-10-06T16:54:00+02:00,53,dr-robert,407,144,263,64.6
2026-10-06T14:54:00Z,2026-10-06T16:54:00+02:00,54,placa-vella,297,116,181,60.9
2026-10-06T14:54:00Z,2026-10-06T16:54:00+02:00,55,ajuntament-mercat,237,125,112,47.3
2026-10-06T14:55:00Z,2026-10-06T16:55:00+02:00,53,dr-robert,407,134,273,67.1
2026-10-06T14:55:00Z,2026-10-06T16:55:00+02:00,54,placa-vella,297,106,191,64.3
2026-10-06T14:55:00Z,2026-10-06T16:55:00+02:00,55,ajuntament-mercat,237,122,115,48.5
2026-10-06T14:56:00Z,2026-10-06T16:56:00+02:00,53,dr-robert,407,134,273,67.1
2026-10-06T14:56:00Z,2026-10-06T16:56:00+02:00,54,placa-vella,297,106,191,64.3
2026-10-06T14:56:00Z,2026-10-06T16:56:00+02:00,55,ajuntament-mercat,237,122,115,48.5
2026-10-06T14:57:00Z,2026-10-06T16:57:00+02:00,53,dr-robert,407,134,273,67.1
2026-10-06T14:57:00Z,2026-10-06T16:57:00+02:00,54,placa-vella,297,106,191,64.3
2026-10-06T14:57:00Z,2026-10-06T16:57:00+02:00,55,ajuntament-mercat,237,122,115,48.5
2026-10-06T14:58:00Z,2026-10-06T16:58:00+02:00,53,dr-robert,407,134,273,67.1
2026-10-06T14:58:00Z,2026-10-06T16:58:00+02:00,54,placa-vella,297,106,191,64.3
2026-10-06T14:58:00Z,2026-10-06T16:58:00+02:00,55,ajuntament-mercat,237,122,115,48.5
2026-10-06T14:59:00Z,2026-10-06T16:59:00+02:00,53,dr-robert,407,134,273,67.1
2026-10-06T14:59:00Z,2026-10-06T16:59:00+02:00,54,placa-vella,297,106,191,64.3
2026-10-06T14:59:00Z,2026-10-06T16:59:00+02:00,55,ajuntament-mercat,237,122,115,48.5
2026-10-06T15:00:00Z,2026-10-06T17:00:00+02:00,53,dr-robert,407,134,273,67.1
2026-10-06T15:00:00Z,2026-10-06T17:00:00+02:00,54,placa-vella,297,106,191,64.3
2026-10-06T15:00:00Z,2026-10-06T17:00:00+02:00,55,ajuntament-mercat,237,122,115,48.5
2026-10-06T15:01:00Z,2026-10-06T17:01:00+02:00,53,dr-robert,407,134,273,67.1
2026-10-06T15:01:00Z,2026-10-06T17:01:00+02:00,54,placa-vella,297,106,191,64.3
2026-10-06T15:01:00Z,2026-10-06T17:01:00+02:00,55,ajuntament-mercat,237,122,115,48.5
2026-10-06T15:02:00Z,2026-10-06T17:02:00+02:00,53,dr-robert,407,127,280,68.8
2026-10-06T15:02:00Z,2026-10-06T17:02:00+02:00,54,placa-vella,297,99,198,66.7
2026-10-06T15:02:00Z,2026-10-06T17:02:00+02:00,55,ajuntament-mercat,237,118,119,50.2
2026-10-06T15:03:00Z,2026-10-06T17:03:00+02:00,53,dr-robert,407,127,280,68.8
2026-10-06T15:03:00Z,2026-10-06T17:03:00+02:00,54,placa-vella,297,99,198,66.7
2026-10-06T15:03:00Z,2026-10-06T17:03:00+02:00,55,ajuntament-mercat,237,118,119,50.2
2026-10-06T15:04:00Z,2026-10-06T17:04:00+02:00,53,dr-robert,407,127,280,68.8
2026-10-06T15:04:00Z,2026-10-06T17:04:00+02:00,54,placa-vella,297,99,198,66.7
2026-10-06T15:04:00Z,2026-10-06T17:04:00+02:00,55,ajuntament-mercat,237,118,119,50.2
2026-10-06T15:05:00Z,2026-10-06T17:05:00+02:00,53,dr-robert,407,124,283,69.5
2026-10-06T15:05:00Z,2026-10-06T17:05:00+02:00,54,placa-vella,297,95,202,68
2026-10-06T15:05:00Z,2026-10-06T17:05:00+02:00,55,ajuntament-mercat,237,121,116,48.9
2026-10-06T15:06:00Z,2026-10-06T17:06:00+02:00,53,dr-robert,407,124,283,69.5
2026-10-06T15:06:00Z,2026-10-06T17:06:00+02:00,54,placa-vella,297,95,202,68
2026-10-06T15:06:00Z,2026-10-06T17:06:00+02:00,55,ajuntament-mercat,237,121,116,48.9
2026-10-06T15:07:00Z,2026-10-06T17:07:00+02:00,53,dr-robert,407,124,283,69.5
2026-10-06T15:07:00Z,2026-10-06T17:07:00+02:00,54,placa-vella,297,95,202,68
2026-10-06T15:07:00Z,2026-10-06T17:07:00+02:00,55,ajuntament-mercat,237,121,116,48.9
2026-10-06T15:08:00Z,2026-10-06T17:08:00+02:00,53,dr-robert,407,124,283,69.5
2026-10-06T15:08:00Z,2026-10-06T17:08:00+02:00,54,placa-vella,297,95,202,68
2026-10-06T15:08:00Z,2026-10-06T17:08:00+02:00,55,ajuntament-mercat,237,121,116,48.9
2026-10-06T15:09:00Z,2026-10-06T17:09:00+02:00,53,dr-robert,407,124,283,69.5
2026-10-06T15:09:00Z,2026-10-06T17:09:00+02:00,54,placa-vella,297,95,202,68
2026-10-06T15:09:00Z,2026-10-06T17:09:00+02:00,55,ajuntament-mercat,237,121,116,48.9
2026-10-06T15:10:00Z,2026-10-06T17:10:00+02:00,53,dr-robert,407,124,283,69.5
2026-10-06T15:10:00Z,2026-10-06T17:10:00+02:00,54,placa-vella,297,95,202,68
2026-10-06T15:10:00Z,2026-10-06T17:10:00+02:00,55,ajuntament-mercat,237,121,116,48.9
2026-10-06T15:11:00Z,2026-10-06T17:11:00+02:00,53,dr-robert,407,138,269,66.1
2026-10-06T15:11:00Z,2026-10-06T17:11:00+02:00,54,placa-vella,297,99,198,66.7
2026-10-06T15:11:00Z,2026-10-06T17:11:00+02:00,55,ajuntament-mercat,237,121,116,48.9
2026-10-06T15:12:00Z,2026-10-06T17:12:00+02:00,53,dr-robert,407,138,269,66.1
2026-10-06T15:12:00Z,2026-10-06T17:12:00+02:00,54,placa-vella,297,99,198,66.7
2026-10-06T15:12:00Z,2026-10-06T17:12:00+02:00,55,ajuntament-mercat,237,121,116,48.9
2026-10-06T15:13:00Z,2026-10-06T17:13:00+02:00,53,dr-robert,407,138,269,66.1
2026-10-06T15:13:00Z,2026-10-06T17:13:00+02:00,54,placa-vella,297,99,198,66.7
2026-10-06T15:13:00Z,2026-10-06T17:13:00+02:00,55,ajuntament-mercat,237,121,116,48.9
2026-10-06T15:14:00Z,2026-10-06T17:14:00+02:00,53,dr-robert,407,138,269,66.1
2026-10-06T15:14:00Z,2026-10-06T17:14:00+02:00,54,placa-vella,297,99,198,66.7
2026-10-06T15:14:00Z,2026-10-06T17:14:00+02:00,55,ajuntament-mercat,237,121,116,48.9
2026-10-06T15:15:00Z,2026-10-06T17:15:00+02:00,53,dr-robert,407,146,261,64.1
2026-10-06T15:15:00Z,2026-10-06T17:15:00+02:00,54,placa-vella,297,102,195,65.7
2026-10-06T15:15:00Z,2026-10-06T17:15:00+02:00,55,ajuntament-mercat,237,120,117,49.4
2026-10-06T15:16:00Z,2026-10-06T17:16:00+02:00,53,dr-robert,407,146,261,64.1
2026-10-06T15:16:00Z,2026-10-06T17:16:00+02:00,54,placa-vella,297,102,195,65.7
2026-10-06T15:16:00Z,2026-10-06T17:16:00+02:00,55,ajuntament-mercat,237,120,117,49.4
2026-10-06T15:17:00Z,2026-10-06T17:17:00+02:00,53,dr-robert,407,146,261,64.1
2026-10-06T15:17:00Z,2026-10-06T17:17:00+02:00,54,placa-vella,297,102,195,65.7
2026-10-06T15:17:00Z,2026-10-06T17:17:00+02:00,55,ajuntament-mercat,237,120,117,49.4
2026-10-06T15:18:00Z,2026-10-06T17:18:00+02:00,53,dr-robert,407,146,261,64.1
2026-10-06T15:18:00Z,2026-10-06T17:18:00+02:00,54,placa-vella,297,102,195,65.7
2026-10-06T15:18:00Z,2026-10-06T17:18:00+02:00,55,ajuntament-mercat,237,120,117,49.4
2026-10-06T15:19:00Z,2026-10-06T17:19:00+02:00,53,dr-robert,407,146,261,64.1
2026-10-06T15:19:00Z,2026-10-06T17:19:00+02:00,54,placa-vella,297,102,195,65.7
2026-10-06T15:19:00Z,2026-10-06T17:19:00+02:00,55,ajuntament-mercat,237,120,117,49.4
2026-10-06T15:20:00Z,2026-10-06T17:20:00+02:00,53,dr-robert,407,153,254,62.4
2026-10-06T15:20:00Z,2026-10-06T17:20:00+02:00,54,placa-vella,297,105,192,64.6
2026-10-06T15:20:00Z,2026-10-06T17:20:00+02:00,55,ajuntament-mercat,237,125,112,47.3
2026-10-06T15:21:00Z,2026-10-06T17:21:00+02:00,53,dr-robert,407,153,254,62.4
2026-10-06T15:21:00Z,2026-10-06T17:21:00+02:00,54,placa-vella,297,105,192,64.6
2026-10-06T15:21:00Z,2026-10-06T17:21:00+02:00,55,ajuntament-mercat,237,125,112,47.3
2026-10-06T15:22:00Z,2026-10-06T17:22:00+02:00,53,dr-robert,407,153,254,62.4
2026-10-06T15:22:00Z,2026-10-06T17:22:00+02:00,54,placa-vella,297,105,192,64.6
2026-10-06T15:22:00Z,2026-10-06T17:22:00+02:00,55,ajuntament-mercat,237,125,112,47.3
2026-10-06T15:23:00Z,2026-10-06T17:23:00+02:00,53,dr-robert,407,153,254,62.4
2026-10-06T15:23:00Z,2026-10-06T17:23:00+02:00,54,placa-vella,297,105,192,64.6
2026-10-06T15:23:00Z,2026-10-06T17:23:00+02:00,55,ajuntament-mercat,237,125,112,47.3
2026-10-06T15:24:00Z,2026-10-06T17:24:00+02:00,53,dr-robert,407,153,254,62.4
2026-10-06T15:24:00Z,2026-10-06T17:24:00+02:00,54,placa-vella,297,105,192,64.6
2026-10-06T15:24:00Z,2026-10-06T17:24:00+02:00,55,ajuntament-mercat,237,125,112,47.3
2026-10-06T15:25:00Z,2026-10-06T17:25:00+02:00,53,dr-robert,407,153,254,62.4
2026-10-06T15:25:00Z,2026-10-06T17:25:00+02:00,54,placa-vella,297,100,197,66.3
2026-10-06T15:25:00Z,2026-10-06T17:25:00+02:00,55,ajuntament-mercat,237,123,114,48.1
2026-10-06T15:26:00Z,2026-10-06T17:26:00+02:00,53,dr-robert,407,153,254,62.4
2026-10-06T15:26:00Z,2026-10-06T17:26:00+02:00,54,placa-vella,297,100,197,66.3
2026-10-06T15:26:00Z,2026-10-06T17:26:00+02:00,55,ajuntament-mercat,237,123,114,48.1
2026-10-06T15:27:00Z,2026-10-06T17:27:00+02:00,53,dr-robert,407,153,254,62.4
2026-10-06T15:27:00Z,2026-10-06T17:27:00+02:00,54,placa-vella,297,100,197,66.3
2026-10-06T15:27:00Z,2026-10-06T17:27:00+02:00,55,ajuntament-mercat,237,123,114,48.1
2026-10-06T15:28:00Z,2026-10-06T17:28:00+02:00,53,dr-robert,407,153,254,62.4
2026-10-06T15:28:00Z,2026-10-06T17:28:00+02:00,54,placa-vella,297,100,197,66.3
2026-10-06T15:28:00Z,2026-10-06T17:28:00+02:00,55,ajuntament-mercat,237,123,114,48.1
2026-10-06T15:29:00Z,2026-10-06T17:29:00+02:00,53,dr-robert,407,153,254,62.4
2026-10-06T15:29:00Z,2026-10-06T17:29:00+02:00,54,placa-vella,297,100,197,66.3
2026-10-06T15:29:00Z,2026-10-06T17:29:00+02:00,55,ajuntament-mercat,237,123,114,48.1
2026-10-06T15:30:00Z,2026-10-06T17:30:00+02:00,53,dr-robert,407,163,244,60
2026-10-06T15:30:00Z,2026-10-06T17:30:00+02:00,54,placa-vella,297,103,194,65.3
2026-10-06T15:30:00Z,2026-10-06T17:30:00+02:00,55,ajuntament-mercat,237,125,112,47.3
2026-10-06T15:31:00Z,2026-10-06T17:31:00+02:00,53,dr-robert,407,163,244,60
2026-10-06T15:31:00Z,2026-10-06T17:31:00+02:00,54,placa-vella,297,103,194,65.3
2026-10-06T15:31:00Z,2026-10-06T17:31:00+02:00,55,ajuntament-mercat,237,125,112,47.3
2026-10-06T15:32:00Z,2026-10-06T17:32:00+02:00,53,dr-robert,407,163,244,60
2026-10-06T15:32:00Z,2026-10-06T17:32:00+02:00,54,placa-vella,297,103,194,65.3
2026-10-06T15:32:00Z,2026-10-06T17:32:00+02:00,55,ajuntament-mercat,237,125,112,47.3
2026-10-06T15:33:00Z,2026-10-06T17:33:00+02:00,53,dr-robert,407,163,244,60
2026-10-06T15:33:00Z,2026-10-06T17:33:00+02:00,54,placa-vella,297,103,194,65.3
2026-10-06T15:33:00Z,2026-10-06T17:33:00+02:00,55,ajuntament-mercat,237,125,112,47.3
2026-10-06T15:34:00Z,2026-10-06T17:34:00+02:00,53,dr-robert,407,163,244,60
2026-10-06T15:34:00Z,2026-10-06T17:34:00+02:00,54,placa-vella,297,103,194,65.3
2026-10-06T15:34:00Z,2026-10-06T17:34:00+02:00,55,ajuntament-mercat,237,125,112,47.3
2026-10-06T15:35:00Z,2026-10-06T17:35:00+02:00,53,dr-robert,407,166,241,59.2
2026-10-06T15:35:00Z,2026-10-06T17:35:00+02:00,54,placa-vella,297,105,192,64.6
2026-10-06T15:35:00Z,2026-10-06T17:35:00+02:00,55,ajuntament-mercat,237,125,112,47.3
2026-10-06T15:36:00Z,2026-10-06T17:36:00+02:00,53,dr-robert,407,166,241,59.2
2026-10-06T15:36:00Z,2026-10-06T17:36:00+02:00,54,placa-vella,297,105,192,64.6
2026-10-06T15:36:00Z,2026-10-06T17:36:00+02:00,55,ajuntament-mercat,237,125,112,47.3
2026-10-06T15:37:00Z,2026-10-06T17:37:00+02:00,53,dr-robert,407,166,241,59.2
2026-10-06T15:37:00Z,2026-10-06T17:37:00+02:00,54,placa-vella,297,105,192,64.6
2026-10-06T15:37:00Z,2026-10-06T17:37:00+02:00,55,ajuntament-mercat,237,125,112,47.3
2026-10-06T15:38:00Z,2026-10-06T17:38:00+02:00,53,dr-robert,407,166,241,59.2
2026-10-06T15:38:00Z,2026-10-06T17:38:00+02:00,54,placa-vella,297,105,192,64.6
2026-10-06T15:38:00Z,2026-10-06T17:38:00+02:00,55,ajuntament-mercat,237,125,112,47.3
2026-10-06T15:39:00Z,2026-10-06T17:39:00+02:00,53,dr-robert,407,166,241,59.2
2026-10-06T15:39:00Z,2026-10-06T17:39:00+02:00,54,placa-vella,297,105,192,64.6
2026-10-06T15:39:00Z,2026-10-06T17:39:00+02:00,55,ajuntament-mercat,237,125,112,47.3
2026-10-06T15:40:00Z,2026-10-06T17:40:00+02:00,53,dr-robert,407,167,240,59
2026-10-06T15:40:00Z,2026-10-06T17:40:00+02:00,54,placa-vella,297,105,192,64.6
2026-10-06T15:40:00Z,2026-10-06T17:40:00+02:00,55,ajuntament-mercat,237,126,111,46.8
2026-10-06T15:41:00Z,2026-10-06T17:41:00+02:00,53,dr-robert,407,167,240,59
2026-10-06T15:41:00Z,2026-10-06T17:41:00+02:00,54,placa-vella,297,105,192,64.6
2026-10-06T15:41:00Z,2026-10-06T17:41:00+02:00,55,ajuntament-mercat,237,126,111,46.8
2026-10-06T15:42:00Z,2026-10-06T17:42:00+02:00,53,dr-robert,407,167,240,59
2026-10-06T15:42:00Z,2026-10-06T17:42:00+02:00,54,placa-vella,297,105,192,64.6
2026-10-06T15:42:00Z,2026-10-06T17:42:00+02:00,55,ajuntament-mercat,237,126,111,46.8
2026-10-06T15:43:00Z,2026-10-06T17:43:00+02:00,53,dr-robert,407,167,240,59
2026-10-06T15:43:00Z,2026-10-06T17:43:00+02:00,54,placa-vella,297,105,192,64.6
2026-10-06T15:43:00Z,2026-10-06T17:43:00+02:00,55,ajuntament-mercat,237,126,111,46.8
2026-10-06T15:44:00Z,2026-10-06T17:44:00+02:00,53,dr-robert,407,167,240,59
2026-10-06T15:44:00Z,2026-10-06T17:44:00+02:00,54,placa-vella,297,105,192,64.6
2026-10-06T15:44:00Z,2026-10-06T17:44:00+02:00,55,ajuntament-mercat,237,126,111,46.8
2026-10-06T15:45:00Z,2026-10-06T17:45:00+02:00,53,dr-robert,407,169,238,58.5
2026-10-06T15:45:00Z,2026-10-06T17:45:00+02:00,54,placa-vella,297,111,186,62.6
2026-10-06T15:45:00Z,2026-10-06T17:45:00+02:00,55,ajuntament-mercat,237,126,111,46.8
2026-10-06T15:46:00Z,2026-10-06T17:46:00+02:00,53,dr-robert,407,169,238,58.5
2026-10-06T15:46:00Z,2026-10-06T17:46:00+02:00,54,placa-vella,297,111,186,62.6
2026-10-06T15:46:00Z,2026-10-06T17:46:00+02:00,55,ajuntament-mercat,237,126,111,46.8
2026-10-06T15:47:00Z,2026-10-06T17:47:00+02:00,53,dr-robert,407,169,238,58.5
2026-10-06T15:47:00Z,2026-10-06T17:47:00+02:00,54,placa-vella,297,111,186,62.6
2026-10-06T15:47:00Z,2026-10-06T17:47:00+02:00,55,ajuntament-mercat,237,126,111,46.8
2026-10-06T15:48:00Z,2026-10-06T17:48:00+02:00,53,dr-robert,407,169,238,58.5
2026-10-06T15:48:00Z,2026-10-06T17:48:00+02:00,54,placa-vella,297,111,186,62.6
2026-10-06T15:48:00Z,2026-10-06T17:48:00+02:00,55,ajuntament-mercat,237,126,111,46.8
2026-10-06T15:49:00Z,2026-10-06T17:49:00+02:00,53,dr-robert,407,169,238,58.5
2026-10-06T15:49:00Z,2026-10-06T17:49:00+02:00,54,placa-vella,297,111,186,62.6
2026-10-06T15:49:00Z,2026-10-06T17:49:00+02:00,55,ajuntament-mercat,237,126,111,46.8
2026-10-06T15:50:00Z,2026-10-06T17:50:00+02:00,53,dr-robert,407,169,238,58.5
2026-10-06T15:50:00Z,2026-10-06T17:50:00+02:00,54,placa-vella,297,114,183,61.6
2026-10-06T15:50:00Z,2026-10-06T17:50:00+02:00,55,ajuntament-mercat,237,127,110,46.4
2026-10-06T15:51:00Z,2026-10-06T17:51:00+02:00,53,dr-robert,407,169,238,58.5
2026-10-06T15:51:00Z,2026-10-06T17:51:00+02:00,54,placa-vella,297,114,183,61.6
2026-10-06T15:51:00Z,2026-10-06T17:51:00+02:00,55,ajuntament-mercat,237,127,110,46.4
2026-10-06T15:52:00Z,2026-10-06T17:52:00+02:00,53,dr-robert,407,169,238,58.5
2026-10-06T15:52:00Z,2026-10-06T17:52:00+02:00,54,placa-vella,297,114,183,61.6
2026-10-06T15:52:00Z,2026-10-06T17:52:00+02:00,55,ajuntament-mercat,237,127,110,46.4
2026-10-06T15:53:00Z,2026-10-06T17:53:00+02:00,53,dr-robert,407,169,238,58.5
2026-10-06T15:53:00Z,2026-10-06T17:53:00+02:00,54,placa-vella,297,114,183,61.6
2026-10-06T15:53:00Z,2026-10-06T17:53:00+02:00,55,ajuntament-mercat,237,127,110,46.4
2026-10-06T15:54:00Z,2026-10-06T17:54:00+02:00,53,dr-robert,407,169,238,58.5
2026-10-06T15:54:00Z,2026-10-06T17:54:00+02:00,54,placa-vella,297,114,183,61.6
2026-10-06T15:54:00Z,2026-10-06T17:54:00+02:00,55,ajuntament-mercat,237,127,110,46.4
2026-10-06T15:55:00Z,2026-10-06T17:55:00+02:00,53,dr-robert,407,166,241,59.2
2026-10-06T15:55:00Z,2026-10-06T17:55:00+02:00,54,placa-vella,297,111,186,62.6
2026-10-06T15:55:00Z,2026-10-06T17:55:00+02:00,55,ajuntament-mercat,237,127,110,46.4
2026-10-06T15:56:00Z,2026-10-06T17:56:00+02:00,53,dr-robert,407,166,241,59.2
2026-10-06T15:56:00Z,2026-10-06T17:56:00+02:00,54,placa-vella,297,111,186,62.6
2026-10-06T15:56:00Z,2026-10-06T17:56:00+02:00,55,ajuntament-mercat,237,127,110,46.4
2026-10-06T15:57:00Z,2026-10-06T17:57:00+02:00,53,dr-robert,407,166,241,59.2
2026-10-06T15:57:00Z,2026-10-06T17:57:00+02:00,54,placa-vella,297,111,186,62.6
2026-10-06T15:57:00Z,2026-10-06T17:57:00+02:00,55,ajuntament-mercat,237,127,110,46.4
2026-10-06T15:58:00Z,2026-10-06T17:58:00+02:00,53,dr-robert,407,166,241,59.2
2026-10-06T15:58:00Z,2026-10-06T17:58:00+02:00,54,placa-vella,297,111,186,62.6
2026-10-06T15:58:00Z,2026-10-06T17:58:00+02:00,55,ajuntament-mercat,237,127,110,46.4
2026-10-06T15:59:00Z,2026-10-06T17:59:00+02:00,53,dr-robert,407,166,241,59.2
2026-10-06T15:59:00Z,2026-10-06T17:59:00+02:00,54,placa-vella,297,111,186,62.6
2026-10-06T15:59:00Z,2026-10-06T17:59:00+02:00,55,ajuntament-mercat,237,127,110,46.4
2026-10-06T16:00:00Z,2026-10-06T18:00:00+02:00,53,dr-robert,407,166,241,59.2
2026-10-06T16:00:00Z,2026-10-06T18:00:00+02:00,54,placa-vella,297,111,186,62.6
2026-10-06T16:00:00Z,2026-10-06T18:00:00+02:00,55,ajuntament-mercat,237,127,110,46.4
2026-10-06T16:01:00Z,2026-10-06T18:01:00+02:00,53,dr-robert,407,169,238,58.5
2026-10-06T16:01:00Z,2026-10-06T18:01:00+02:00,54,placa-vella,297,112,185,62.3
2026-10-06T16:01:00Z,2026-10-06T18:01:00+02:00,55,ajuntament-mercat,237,124,113,47.7
2026-10-06T16:02:00Z,2026-10-06T18:02:00+02:00,53,dr-robert,407,169,238,58.5
2026-10-06T16:02:00Z,2026-10-06T18:02:00+02:00,54,placa-vella,297,112,185,62.3
2026-10-06T16:02:00Z,2026-10-06T18:02:00+02:00,55,ajuntament-mercat,237,124,113,47.7
2026-10-06T16:03:00Z,2026-10-06T18:03:00+02:00,53,dr-robert,407,169,238,58.5
2026-10-06T16:03:00Z,2026-10-06T18:03:00+02:00,54,placa-vella,297,112,185,62.3
2026-10-06T16:03:00Z,2026-10-06T18:03:00+02:00,55,ajuntament-mercat,237,124,113,47.7
2026-10-06T16:04:00Z,2026-10-06T18:04:00+02:00,53,dr-robert,407,169,238,58.5
2026-10-06T16:04:00Z,2026-10-06T18:04:00+02:00,54,placa-vella,297,112,185,62.3
2026-10-06T16:04:00Z,2026-10-06T18:04:00+02:00,55,ajuntament-mercat,237,124,113,47.7
2026-10-06T16:05:00Z,2026-10-06T18:05:00+02:00,53,dr-robert,407,174,233,57.2
2026-10-06T16:05:00Z,2026-10-06T18:05:00+02:00,54,placa-vella,297,114,183,61.6
2026-10-06T16:05:00Z,2026-10-06T18:05:00+02:00,55,ajuntament-mercat,237,124,113,47.7
2026-10-06T16:06:00Z,2026-10-06T18:06:00+02:00,53,dr-robert,407,174,233,57.2
2026-10-06T16:06:00Z,2026-10-06T18:06:00+02:00,54,placa-vella,297,114,183,61.6
2026-10-06T16:06:00Z,2026-10-06T18:06:00+02:00,55,ajuntament-mercat,237,124,113,47.7
2026-10-06T16:07:00Z,2026-10-06T18:07:00+02:00,53,dr-robert,407,174,233,57.2
2026-10-06T16:07:00Z,2026-10-06T18:07:00+02:00,54,placa-vella,297,114,183,61.6
2026-10-06T16:07:00Z,2026-10-06T18:07:00+02:00,55,ajuntament-mercat,237,124,113,47.7
2026-10-06T16:08:00Z,2026-10-06T18:08:00+02:00,53,dr-robert,407,174,233,57.2
2026-10-06T16:08:00Z,2026-10-06T18:08:00+02:00,54,placa-vella,297,114,183,61.6
2026-10-06T16:08:00Z,2026-10-06T18:08:00+02:00,55,ajuntament-mercat,237,124,113,47.7
2026-10-06T16:09:00Z,2026-10-06T18:09:00+02:00,53,dr-robert,407,174,233,57.2
2026-10-06T16:09:00Z,2026-10-06T18:09:00+02:00,54,placa-vella,297,114,183,61.6
2026-10-06T16:09:00Z,2026-10-06T18:09:00+02:00,55,ajuntament-mercat,237,124,113,47.7
2026-10-06T16:10:00Z,2026-10-06T18:10:00+02:00,53,dr-robert,407,175,232,57
2026-10-06T16:10:00Z,2026-10-06T18:10:00+02:00,54,placa-vella,297,119,178,59.9
2026-10-06T16:10:00Z,2026-10-06T18:10:00+02:00,55,ajuntament-mercat,237,123,114,48.1
2026-10-06T16:11:00Z,2026-10-06T18:11:00+02:00,53,dr-robert,407,175,232,57
2026-10-06T16:11:00Z,2026-10-06T18:11:00+02:00,54,placa-vella,297,119,178,59.9
2026-10-06T16:11:00Z,2026-10-06T18:11:00+02:00,55,ajuntament-mercat,237,123,114,48.1
2026-10-06T16:12:00Z,2026-10-06T18:12:00+02:00,53,dr-robert,407,175,232,57
2026-10-06T16:12:00Z,2026-10-06T18:12:00+02:00,54,placa-vella,297,119,178,59.9
2026-10-06T16:12:00Z,2026-10-06T18:12:00+02:00,55,ajuntament-mercat,237,123,114,48.1
2026-10-06T16:13:00Z,2026-10-06T18:13:00+02:00,53,dr-robert,407,175,232,57
2026-10-06T16:13:00Z,2026-10-06T18:13:00+02:00,54,placa-vella,297,119,178,59.9
2026-10-06T16:13:00Z,2026-10-06T18:13:00+02:00,55,ajuntament-mercat,237,123,114,48.1
2026-10-06T16:14:00Z,2026-10-06T18:14:00+02:00,53,dr-robert,407,175,232,57
2026-10-06T16:14:00Z,2026-10-06T18:14:00+02:00,54,placa-vella,297,119,178,59.9
2026-10-06T16:14:00Z,2026-10-06T18:14:00+02:00,55,ajuntament-mercat,237,123,114,48.1
2026-10-06T16:15:00Z,2026-10-06T18:15:00+02:00,53,dr-robert,407,180,227,55.8
2026-10-06T16:15:00Z,2026-10-06T18:15:00+02:00,54,placa-vella,297,128,169,56.9
2026-10-06T16:15:00Z,2026-10-06T18:15:00+02:00,55,ajuntament-mercat,237,127,110,46.4
2026-10-06T16:16:00Z,2026-10-06T18:16:00+02:00,53,dr-robert,407,180,227,55.8
2026-10-06T16:16:00Z,2026-10-06T18:16:00+02:00,54,placa-vella,297,128,169,56.9
2026-10-06T16:16:00Z,2026-10-06T18:16:00+02:00,55,ajuntament-mercat,237,127,110,46.4
2026-10-06T16:17:00Z,2026-10-06T18:17:00+02:00,53,dr-robert,407,180,227,55.8
2026-10-06T16:17:00Z,2026-10-06T18:17:00+02:00,54,placa-vella,297,128,169,56.9
2026-10-06T16:17:00Z,2026-10-06T18:17:00+02:00,55,ajuntament-mercat,237,127,110,46.4
2026-10-06T16:18:00Z,2026-10-06T18:18:00+02:00,53,dr-robert,407,180,227,55.8
2026-10-06T16:18:00Z,2026-10-06T18:18:00+02:00,54,placa-vella,297,128,169,56.9
2026-10-06T16:18:00Z,2026-10-06T18:18:00+02:00,55,ajuntament-mercat,237,127,110,46.4
2026-10-06T16:19:00Z,2026-10-06T18:19:00+02:00,53,dr-robert,407,180,227,55.8
2026-10-06T16:19:00Z,2026-10-06T18:19:00+02:00,54,placa-vella,297,128,169,56.9
2026-10-06T16:19:00Z,2026-10-06T18:19:00+02:00,55,ajuntament-mercat,237,127,110,46.4
2026-10-06T16:20:00Z,2026-10-06T18:20:00+02:00,53,dr-robert,407,180,227,55.8
2026-10-06T16:20:00Z,2026-10-06T18:20:00+02:00,54,placa-vella,297,131,166,55.9
2026-10-06T16:20:00Z,2026-10-06T18:20:00+02:00,55,ajuntament-mercat,237,125,112,47.3
2026-10-06T16:21:00Z,2026-10-06T18:21:00+02:00,53,dr-robert,407,180,227,55.8
2026-10-06T16:21:00Z,2026-10-06T18:21:00+02:00,54,placa-vella,297,131,166,55.9
2026-10-06T16:21:00Z,2026-10-06T18:21:00+02:00,55,ajuntament-mercat,237,125,112,47.3
2026-10-06T16:22:00Z,2026-10-06T18:22:00+02:00,53,dr-robert,407,180,227,55.8
2026-10-06T16:22:00Z,2026-10-06T18:22:00+02:00,54,placa-vella,297,131,166,55.9
2026-10-06T16:22:00Z,2026-10-06T18:22:00+02:00,55,ajuntament-mercat,237,125,112,47.3
2026-10-06T16:23:00Z,2026-10-06T18:23:00+02:00,53,dr-robert,407,180,227,55.8
2026-10-06T16:23:00Z,2026-10-06T18:23:00+02:00,54,placa-vella,297,131,166,55.9
2026-10-06T16:23:00Z,2026-10-06T18:23:00+02:00,55,ajuntament-mercat,237,125,112,47.3
2026-10-06T16:24:00Z,2026-10-06T18:24:00+02:00,53,dr-robert,407,180,227,55.8
2026-10-06T16:24:00Z,2026-10-06T18:24:00+02:00,54,placa-vella,297,131,166,55.9
2026-10-06T16:24:00Z,2026-10-06T18:24:00+02:00,55,ajuntament-mercat,237,125,112,47.3
2026-10-06T16:25:00Z,2026-10-06T18:25:00+02:00,53,dr-robert,407,180,227,55.8
2026-10-06T16:25:00Z,2026-10-06T18:25:00+02:00,54,placa-vella,297,132,165,55.6
2026-10-06T16:25:00Z,2026-10-06T18:25:00+02:00,55,ajuntament-mercat,237,127,110,46.4
2026-10-06T16:26:00Z,2026-10-06T18:26:00+02:00,53,dr-robert,407,180,227,55.8
2026-10-06T16:26:00Z,2026-10-06T18:26:00+02:00,54,placa-vella,297,132,165,55.6
2026-10-06T16:26:00Z,2026-10-06T18:26:00+02:00,55,ajuntament-mercat,237,127,110,46.4
2026-10-06T16:27:00Z,2026-10-06T18:27:00+02:00,53,dr-robert,407,180,227,55.8
2026-10-06T16:27:00Z,2026-10-06T18:27:00+02:00,54,placa-vella,297,132,165,55.6
2026-10-06T16:27:00Z,2026-10-06T18:27:00+02:00,55,ajuntament-mercat,237,127,110,46.4
2026-10-06T16:28:00Z,2026-10-06T18:28:00+02:00,53,dr-robert,407,180,227,55.8
2026-10-06T16:28:00Z,2026-10-06T18:28:00+02:00,54,placa-vella,297,132,165,55.6
2026-10-06T16:28:00Z,2026-10-06T18:28:00+02:00,55,ajuntament-mercat,237,127,110,46.4
2026-10-06T16:29:00Z,2026-10-06T18:29:00+02:00,53,dr-robert,407,180,227,55.8
2026-10-06T16:29:00Z,2026-10-06T18:29:00+02:00,54,placa-vella,297,132,165,55.6
2026-10-06T16:29:00Z,2026-10-06T18:29:00+02:00,55,ajuntament-mercat,237,127,110,46.4
2026-10-06T16:30:00Z,2026-10-06T18:30:00+02:00,53,dr-robert,407,193,214,52.6
2026-10-06T16:30:00Z,2026-10-06T18:30:00+02:00,54,placa-vella,297,131,166,55.9
2026-10-06T16:30:00Z,2026-10-06T18:30:00+02:00,55,ajuntament-mercat,237,125,112,47.3
2026-10-06T16:31:00Z,2026-10-06T18:31:00+02:00,53,dr-robert,407,193,214,52.6
2026-10-06T16:31:00Z,2026-10-06T18:31:00+02:00,54,placa-vella,297,131,166,55.9
2026-10-06T16:31:00Z,2026-10-06T18:31:00+02:00,55,ajuntament-mercat,237,125,112,47.3
2026-10-06T16:32:00Z,2026-10-06T18:32:00+02:00,53,dr-robert,407,193,214,52.6
2026-10-06T16:32:00Z,2026-10-06T18:32:00+02:00,54,placa-vella,297,131,166,55.9
2026-10-06T16:32:00Z,2026-10-06T18:32:00+02:00,55,ajuntament-mercat,237,125,112,47.3
2026-10-06T16:33:00Z,2026-10-06T18:33:00+02:00,53,dr-robert,407,193,214,52.6
2026-10-06T16:33:00Z,2026-10-06T18:33:00+02:00,54,placa-vella,297,131,166,55.9
2026-10-06T16:33:00Z,2026-10-06T18:33:00+02:00,55,ajuntament-mercat,237,125,112,47.3
2026-10-06T16:34:00Z,2026-10-06T18:34:00+02:00,53,dr-robert,407,193,214,52.6
2026-10-06T16:34:00Z,2026-10-06T18:34:00+02:00,54,placa-vella,297,131,166,55.9
2026-10-06T16:34:00Z,2026-10-06T18:34:00+02:00,55,ajuntament-mercat,237,125,112,47.3
2026-10-06T16:35:00Z,2026-10-06T18:35:00+02:00,53,dr-robert,407,190,217,53.3
2026-10-06T16:35:00Z,2026-10-06T18:35:00+02:00,54,placa-vella,297,128,169,56.9
2026-10-06T16:35:00Z,2026-10-06T18:35:00+02:00,55,ajuntament-mercat,237,130,107,45.1
2026-10-06T16:36:00Z,2026-10-06T18:36:00+02:00,53,dr-robert,407,190,217,53.3
2026-10-06T16:36:00Z,2026-10-06T18:36:00+02:00,54,placa-vella,297,128,169,56.9
2026-10-06T16:36:00Z,2026-10-06T18:36:00+02:00,55,ajuntament-mercat,237,130,107,45.1
2026-10-06T16:37:00Z,2026-10-06T18:37:00+02:00,53,dr-robert,407,190,217,53.3
2026-10-06T16:37:00Z,2026-10-06T18:37:00+02:00,54,placa-vella,297,128,169,56.9
2026-10-06T16:37:00Z,2026-10-06T18:37:00+02:00,55,ajuntament-mercat,237,130,107,45.1
2026-10-06T16:38:00Z,2026-10-06T18:38:00+02:00,53,dr-robert,407,190,217,53.3
2026-10-06T16:38:00Z,2026-10-06T18:38:00+02:00,54,placa-vella,297,128,169,56.9
2026-10-06T16:38:00Z,2026-10-06T18:38:00+02:00,55,ajuntament-mercat,237,130,107,45.1
2026-10-06T16:39:00Z,2026-10-06T18:39:00+02:00,53,dr-robert,407,190,217,53.3
2026-10-06T16:39:00Z,2026-10-06T18:39:00+02:00,54,placa-vella,297,128,169,56.9
2026-10-06T16:39:00Z,2026-10-06T18:39:00+02:00,55,ajuntament-mercat,237,130,107,45.1
2026-10-06T16:40:00Z,2026-10-06T18:40:00+02:00,53,dr-robert,407,195,212,52.1
2026-10-06T16:40:00Z,2026-10-06T18:40:00+02:00,54,placa-vella,297,125,172,57.9
2026-10-06T16:40:00Z,2026-10-06T18:40:00+02:00,55,ajuntament-mercat,237,131,106,44.7
2026-10-06T16:41:00Z,2026-10-06T18:41:00+02:00,53,dr-robert,407,195,212,52.1
2026-10-06T16:41:00Z,2026-10-06T18:41:00+02:00,54,placa-vella,297,125,172,57.9
2026-10-06T16:41:00Z,2026-10-06T18:41:00+02:00,55,ajuntament-mercat,237,131,106,44.7
2026-10-06T16:42:00Z,2026-10-06T18:42:00+02:00,53,dr-robert,407,195,212,52.1
2026-10-06T16:42:00Z,2026-10-06T18:42:00+02:00,54,placa-vella,297,125,172,57.9
2026-10-06T16:42:00Z,2026-10-06T18:42:00+02:00,55,ajuntament-mercat,237,131,106,44.7
2026-10-06T16:43:00Z,2026-10-06T18:43:00+02:00,53,dr-robert,407,195,212,52.1
2026-10-06T16:43:00Z,2026-10-06T18:43:00+02:00,54,placa-vella,297,125,172,57.9
2026-10-06T16:43:00Z,2026-10-06T18:43:00+02:00,55,ajuntament-mercat,237,131,106,44.7
2026-10-06T16:44:00Z,2026-10-06T18:44:00+02:00,53,dr-robert,407,195,212,52.1
2026-10-06T16:44:00Z,2026-10-06T18:44:00+02:00,54,placa-vella,297,125,172,57.9
2026-10-06T16:44:00Z,2026-10-06T18:44:00+02:00,55,ajuntament-mercat,237,131,106,44.7
2026-10-06T16:45:00Z,2026-10-06T18:45:00+02:00,53,dr-robert,407,193,214,52.6
2026-10-06T16:45:00Z,2026-10-06T18:45:00+02:00,54,placa-vella,297,116,181,60.9
2026-10-06T16:45:00Z,2026-10-06T18:45:00+02:00,55,ajuntament-mercat,237,129,108,45.6
2026-10-06T16:46:00Z,2026-10-06T18:46:00+02:00,53,dr-robert,407,193,214,52.6
2026-10-06T16:46:00Z,2026-10-06T18:46:00+02:00,54,placa-vella,297,116,181,60.9
2026-10-06T16:46:00Z,2026-10-06T18:46:00+02:00,55,ajuntament-mercat,237,129,108,45.6
2026-10-06T16:47:00Z,2026-10-06T18:47:00+02:00,53,dr-robert,407,193,214,52.6
2026-10-06T16:47:00Z,2026-10-06T18:47:00+02:00,54,placa-vella,297,116,181,60.9
2026-10-06T16:47:00Z,2026-10-06T18:47:00+02:00,55,ajuntament-mercat,237,129,108,45.6
2026-10-06T16:48:00Z,2026-10-06T18:48:00+02:00,53,dr-robert,407,193,214,52.6
2026-10-06T16:48:00Z,2026-10-06T18:48:00+02:00,54,placa-vella,297,116,181,60.9
2026-10-06T16:48:00Z,2026-10-06T18:48:00+02:00,55,ajuntament-mercat,237,129,108,45.6
2026-10-06T16:49:00Z,2026-10-06T18:49:00+02:00,53,dr-robert,407,193,214,52.6
2026-10-06T16:49:00Z,2026-10-06T18:49:00+02:00,54,placa-vella,297,116,181,60.9
2026-10-06T16:49:00Z,2026-10-06T18:49:00+02:00,55,ajuntament-mercat,237,129,108,45.6
2026-10-06T16:50:00Z,2026-10-06T18:50:00+02:00,53,dr-robert,407,190,217,53.3
2026-10-06T16:50:00Z,2026-10-06T18:50:00+02:00,54,placa-vella,297,112,185,62.3
2026-10-06T16:50:00Z,2026-10-06T18:50:00+02:00,55,ajuntament-mercat,237,131,106,44.7
2026-10-06T16:51:00Z,2026-10-06T18:51:00+02:00,53,dr-robert,407,190,217,53.3
2026-10-06T16:51:00Z,2026-10-06T18:51:00+02:00,54,placa-vella,297,112,185,62.3
2026-10-06T16:51:00Z,2026-10-06T18:51:00+02:00,55,ajuntament-mercat,237,131,106,44.7
2026-10-06T16:52:00Z,2026-10-06T18:52:00+02:00,53,dr-robert,407,190,217,53.3
2026-10-06T16:52:00Z,2026-10-06T18:52:00+02:00,54,placa-vella,297,112,185,62.3
2026-10-06T16:52:00Z,2026-10-06T18:52:00+02:00,55,ajuntament-mercat,237,131,106,44.7
2026-10-06T16:53:00Z,2026-10-06T18:53:00+02:00,53,dr-robert,407,190,217,53.3
2026-10-06T16:53:00Z,2026-10-06T18:53:00+02:00,54,placa-vella,297,112,185,62.3
2026-10-06T16:53:00Z,2026-10-06T18:53:00+02:00,55,ajuntament-mercat,237,131,106,44.7
2026-10-06T16:54:00Z,2026-10-06T18:54:00+02:00,53,dr-robert,407,190,217,53.3
2026-10-06T16:54:00Z,2026-10-06T18:54:00+02:00,54,placa-vella,297,112,185,62.3
2026-10-06T16:54:00Z,2026-10-06T18:54:00+02:00,55,ajuntament-mercat,237,131,106,44.7
2026-10-06T16:55:00Z,2026-10-06T18:55:00+02:00,53,dr-robert,407,195,212,52.1
2026-10-06T16:55:00Z,2026-10-06T18:55:00+02:00,54,placa-vella,297,114,183,61.6
2026-10-06T16:55:00Z,2026-10-06T18:55:00+02:00,55,ajuntament-mercat,237,135,102,43
2026-10-06T16:56:00Z,2026-10-06T18:56:00+02:00,53,dr-robert,407,195,212,52.1
2026-10-06T16:56:00Z,2026-10-06T18:56:00+02:00,54,placa-vella,297,114,183,61.6
2026-10-06T16:56:00Z,2026-10-06T18:56:00+02:00,55,ajuntament-mercat,237,135,102,43
2026-10-06T16:57:00Z,2026-10-06T18:57:00+02:00,53,dr-robert,407,195,212,52.1
2026-10-06T16:57:00Z,2026-10-06T18:57:00+02:00,54,placa-vella,297,114,183,61.6
2026-10-06T16:57:00Z,2026-10-06T18:57:00+02:00,55,ajuntament-mercat,237,135,102,43
2026-10-06T16:58:00Z,2026-10-06T18:58:00+02:00,53,dr-robert,407,195,212,52.1
2026-10-06T16:58:00Z,2026-10-06T18:58:00+02:00,54,placa-vella,297,114,183,61.6
2026-10-06T16:58:00Z,2026-10-06T18:58:00+02:00,55,ajuntament-mercat,237,135,102,43
2026-10-06T16:59:00Z,2026-10-06T18:59:00+02:00,53,dr-robert,407,195,212,52.1
2026-10-06T16:59:00Z,2026-10-06T18:59:00+02:00,54,placa-vella,297,114,183,61.6
2026-10-06T16:59:00Z,2026-10-06T18:59:00+02:00,55,ajuntament-mercat,237,135,102,43
2026-10-06T17:00:00Z,2026-10-06T19:00:00+02:00,53,dr-robert,407,195,212,52.1
2026-10-06T17:00:00Z,2026-10-06T19:00:00+02:00,54,placa-vella,297,114,183,61.6
2026-10-06T17:00:00Z,2026-10-06T19:00:00+02:00,55,ajuntament-mercat,237,135,102,43
2026-10-06T17:01:00Z,2026-10-06T19:01:00+02:00,53,dr-robert,407,195,212,52.1
2026-10-06T17:01:00Z,2026-10-06T19:01:00+02:00,54,placa-vella,297,114,183,61.6
2026-10-06T17:01:00Z,2026-10-06T19:01:00+02:00,55,ajuntament-mercat,237,139,98,41.4
2026-10-06T17:02:00Z,2026-10-06T19:02:00+02:00,53,dr-robert,407,195,212,52.1
2026-10-06T17:02:00Z,2026-10-06T19:02:00+02:00,54,placa-vella,297,114,183,61.6
2026-10-06T17:02:00Z,2026-10-06T19:02:00+02:00,55,ajuntament-mercat,237,139,98,41.4
2026-10-06T17:03:00Z,2026-10-06T19:03:00+02:00,53,dr-robert,407,195,212,52.1
2026-10-06T17:03:00Z,2026-10-06T19:03:00+02:00,54,placa-vella,297,114,183,61.6
2026-10-06T17:03:00Z,2026-10-06T19:03:00+02:00,55,ajuntament-mercat,237,139,98,41.4
2026-10-06T17:04:00Z,2026-10-06T19:04:00+02:00,53,dr-robert,407,195,212,52.1
2026-10-06T17:04:00Z,2026-10-06T19:04:00+02:00,54,placa-vella,297,114,183,61.6
2026-10-06T17:04:00Z,2026-10-06T19:04:00+02:00,55,ajuntament-mercat,237,139,98,41.4
2026-10-06T17:05:00Z,2026-10-06T19:05:00+02:00,53,dr-robert,407,192,215,52.8
2026-10-06T17:05:00Z,2026-10-06T19:05:00+02:00,54,placa-vella,297,113,184,62
2026-10-06T17:05:00Z,2026-10-06T19:05:00+02:00,55,ajuntament-mercat,237,142,95,40.1
2026-10-06T17:06:00Z,2026-10-06T19:06:00+02:00,53,dr-robert,407,192,215,52.8
2026-10-06T17:06:00Z,2026-10-06T19:06:00+02:00,54,placa-vella,297,113,184,62
2026-10-06T17:06:00Z,2026-10-06T19:06:00+02:00,55,ajuntament-mercat,237,142,95,40.1
2026-10-06T17:07:00Z,2026-10-06T19:07:00+02:00,53,dr-robert,407,192,215,52.8
2026-10-06T17:07:00Z,2026-10-06T19:07:00+02:00,54,placa-vella,297,113,184,62
2026-10-06T17:07:00Z,2026-10-06T19:07:00+02:00,55,ajuntament-mercat,237,142,95,40.1
2026-10-06T17:08:00Z,2026-10-06T19:08:00+02:00,53,dr-robert,407,192,215,52.8
2026-10-06T17:08:00Z,2026-10-06T19:08:00+02:00,54,placa-vella,297,113,184,62
2026-10-06T17:08:00Z,2026-10-06T19:08:00+02:00,55,ajuntament-mercat,237,142,95,40.1
2026-10-06T17:09:00Z,2026-10-06T19:09:00+02:00,53,dr-robert,407,192,215,52.8
2026-10-06T17:09:00Z,2026-10-06T19:09:00+02:00,54,placa-vella,297,113,184,62
2026-10-06T17:09:00Z,2026-10-06T19:09:00+02:00,55,ajuntament-mercat,237,142,95,40.1
2026-10-06T17:10:00Z,2026-10-06T19:10:00+02:00,53,dr-robert,407,190,217,53.3
2026-10-06T17:10:00Z,2026-10-06T19:10:00+02:00,54,placa-vella,297,111,186,62.6
2026-10-06T17:10:00Z,2026-10-06T19:10:00+02:00,55,ajuntament-mercat,237,145,92,38.8
2026-10-06T17:11:00Z,2026-10-06T19:11:00+02:00,53,dr-robert,407,190,217,53.3
2026-10-06T17:11:00Z,2026-10-06T19:11:00+02:00,54,placa-vella,297,111,186,62.6
2026-10-06T17:11:00Z,2026-10-06T19:11:00+02:00,55,ajuntament-mercat,237,145,92,38.8
2026-10-06T17:12:00Z,2026-10-06T19:12:00+02:00,53,dr-robert,407,190,217,53.3
2026-10-06T17:12:00Z,2026-10-06T19:12:00+02:00,54,placa-vella,297,111,186,62.6
2026-10-06T17:12:00Z,2026-10-06T19:12:00+02:00,55,ajuntament-mercat,237,145,92,38.8
2026-10-06T17:13:00Z,2026-10-06T19:13:00+02:00,53,dr-robert,407,190,217,53.3
2026-10-06T17:13:00Z,2026-10-06T19:13:00+02:00,54,placa-vella,297,111,186,62.6
2026-10-06T17:13:00Z,2026-10-06T19:13:00+02:00,55,ajuntament-mercat,237,145,92,38.8
2026-10-06T17:14:00Z,2026-10-06T19:14:00+02:00,53,dr-robert,407,190,217,53.3
2026-10-06T17:14:00Z,2026-10-06T19:14:00+02:00,54,placa-vella,297,111,186,62.6
2026-10-06T17:14:00Z,2026-10-06T19:14:00+02:00,55,ajuntament-mercat,237,145,92,38.8
2026-10-06T17:15:00Z,2026-10-06T19:15:00+02:00,53,dr-robert,407,194,213,52.3
2026-10-06T17:15:00Z,2026-10-06T19:15:00+02:00,54,placa-vella,297,117,180,60.6
2026-10-06T17:15:00Z,2026-10-06T19:15:00+02:00,55,ajuntament-mercat,237,146,91,38.4
2026-10-06T17:16:00Z,2026-10-06T19:16:00+02:00,53,dr-robert,407,194,213,52.3
2026-10-06T17:16:00Z,2026-10-06T19:16:00+02:00,54,placa-vella,297,117,180,60.6
2026-10-06T17:16:00Z,2026-10-06T19:16:00+02:00,55,ajuntament-mercat,237,146,91,38.4
2026-10-06T17:17:00Z,2026-10-06T19:17:00+02:00,53,dr-robert,407,194,213,52.3
2026-10-06T17:17:00Z,2026-10-06T19:17:00+02:00,54,placa-vella,297,117,180,60.6
2026-10-06T17:17:00Z,2026-10-06T19:17:00+02:00,55,ajuntament-mercat,237,146,91,38.4
2026-10-06T17:18:00Z,2026-10-06T19:18:00+02:00,53,dr-robert,407,194,213,52.3
2026-10-06T17:18:00Z,2026-10-06T19:18:00+02:00,54,placa-vella,297,117,180,60.6
2026-10-06T17:18:00Z,2026-10-06T19:18:00+02:00,55,ajuntament-mercat,237,146,91,38.4
2026-10-06T17:19:00Z,2026-10-06T19:19:00+02:00,53,dr-robert,407,194,213,52.3
2026-10-06T17:19:00Z,2026-10-06T19:19:00+02:00,54,placa-vella,297,117,180,60.6
2026-10-06T17:19:00Z,2026-10-06T19:19:00+02:00,55,ajuntament-mercat,237,146,91,38.4
2026-10-06T17:20:00Z,2026-10-06T19:20:00+02:00,53,dr-robert,407,192,215,52.8
2026-10-06T17:20:00Z,2026-10-06T19:20:00+02:00,54,placa-vella,297,121,176,59.3
2026-10-06T17:20:00Z,2026-10-06T19:20:00+02:00,55,ajuntament-mercat,237,150,87,36.7
2026-10-06T17:21:00Z,2026-10-06T19:21:00+02:00,53,dr-robert,407,192,215,52.8
2026-10-06T17:21:00Z,2026-10-06T19:21:00+02:00,54,placa-vella,297,121,176,59.3
2026-10-06T17:21:00Z,2026-10-06T19:21:00+02:00,55,ajuntament-mercat,237,150,87,36.7
2026-10-06T17:22:00Z,2026-10-06T19:22:00+02:00,53,dr-robert,407,192,215,52.8
2026-10-06T17:22:00Z,2026-10-06T19:22:00+02:00,54,placa-vella,297,121,176,59.3
2026-10-06T17:22:00Z,2026-10-06T19:22:00+02:00,55,ajuntament-mercat,237,150,87,36.7
2026-10-06T17:23:00Z,2026-10-06T19:23:00+02:00,53,dr-robert,407,192,215,52.8
2026-10-06T17:23:00Z,2026-10-06T19:23:00+02:00,54,placa-vella,297,121,176,59.3
2026-10-06T17:23:00Z,2026-10-06T19:23:00+02:00,55,ajuntament-mercat,237,150,87,36.7
2026-10-06T17:24:00Z,2026-10-06T19:24:00+02:00,53,dr-robert,407,192,215,52.8
2026-10-06T17:24:00Z,2026-10-06T19:24:00+02:00,54,placa-vella,297,121,176,59.3
2026-10-06T17:24:00Z,2026-10-06T19:24:00+02:00,55,ajuntament-mercat,237,150,87,36.7
2026-10-06T17:25:00Z,2026-10-06T19:25:00+02:00,53,dr-robert,407,190,217,53.3
2026-10-06T17:25:00Z,2026-10-06T19:25:00+02:00,54,placa-vella,297,120,177,59.6
2026-10-06T17:25:00Z,2026-10-06T19:25:00+02:00,55,ajuntament-mercat,237,151,86,36.3
2026-10-06T17:26:00Z,2026-10-06T19:26:00+02:00,53,dr-robert,407,190,217,53.3
2026-10-06T17:26:00Z,2026-10-06T19:26:00+02:00,54,placa-vella,297,120,177,59.6
2026-10-06T17:26:00Z,2026-10-06T19:26:00+02:00,55,ajuntament-mercat,237,151,86,36.3
2026-10-06T17:27:00Z,2026-10-06T19:27:00+02:00,53,dr-robert,407,190,217,53.3
2026-10-06T17:27:00Z,2026-10-06T19:27:00+02:00,54,placa-vella,297,120,177,59.6
2026-10-06T17:27:00Z,2026-10-06T19:27:00+02:00,55,ajuntament-mercat,237,151,86,36.3
2026-10-06T17:28:00Z,2026-10-06T19:28:00+02:00,53,dr-robert,407,190,217,53.3
2026-10-06T17:28:00Z,2026-10-06T19:28:00+02:00,54,placa-vella,297,120,177,59.6
2026-10-06T17:28:00Z,2026-10-06T19:28:00+02:00,55,ajuntament-mercat,237,151,86,36.3
2026-10-06T17:29:00Z,2026-10-06T19:29:00+02:00,53,dr-robert,407,190,217,53.3
2026-10-06T17:29:00Z,2026-10-06T19:29:00+02:00,54,placa-vella,297,120,177,59.6
2026-10-06T17:29:00Z,2026-10-06T19:29:00+02:00,55,ajuntament-mercat,237,151,86,36.3
2026-10-06T17:30:00Z,2026-10-06T19:30:00+02:00,53,dr-robert,407,196,211,51.8
2026-10-06T17:30:00Z,2026-10-06T19:30:00+02:00,54,placa-vella,297,124,173,58.2
2026-10-06T17:30:00Z,2026-10-06T19:30:00+02:00,55,ajuntament-mercat,237,150,87,36.7
2026-10-06T17:31:00Z,2026-10-06T19:31:00+02:00,53,dr-robert,407,196,211,51.8
2026-10-06T17:31:00Z,2026-10-06T19:31:00+02:00,54,placa-vella,297,124,173,58.2
2026-10-06T17:31:00Z,2026-10-06T19:31:00+02:00,55,ajuntament-mercat,237,150,87,36.7
2026-10-06T17:32:00Z,2026-10-06T19:32:00+02:00,53,dr-robert,407,196,211,51.8
2026-10-06T17:32:00Z,2026-10-06T19:32:00+02:00,54,placa-vella,297,124,173,58.2
2026-10-06T17:32:00Z,2026-10-06T19:32:00+02:00,55,ajuntament-mercat,237,150,87,36.7
2026-10-06T17:33:00Z,2026-10-06T19:33:00+02:00,53,dr-robert,407,196,211,51.8
2026-10-06T17:33:00Z,2026-10-06T19:33:00+02:00,54,placa-vella,297,124,173,58.2
2026-10-06T17:33:00Z,2026-10-06T19:33:00+02:00,55,ajuntament-mercat,237,150,87,36.7
2026-10-06T17:34:00Z,2026-10-06T19:34:00+02:00,53,dr-robert,407,196,211,51.8
2026-10-06T17:34:00Z,2026-10-06T19:34:00+02:00,54,placa-vella,297,124,173,58.2
2026-10-06T17:34:00Z,2026-10-06T19:34:00+02:00,55,ajuntament-mercat,237,150,87,36.7
2026-10-06T17:35:00Z,2026-10-06T19:35:00+02:00,53,dr-robert,407,204,203,49.9
2026-10-06T17:35:00Z,2026-10-06T19:35:00+02:00,54,placa-vella,297,127,170,57.2
2026-10-06T17:35:00Z,2026-10-06T19:35:00+02:00,55,ajuntament-mercat,237,151,86,36.3
2026-10-06T17:36:00Z,2026-10-06T19:36:00+02:00,53,dr-robert,407,204,203,49.9
2026-10-06T17:36:00Z,2026-10-06T19:36:00+02:00,54,placa-vella,297,127,170,57.2
2026-10-06T17:36:00Z,2026-10-06T19:36:00+02:00,55,ajuntament-mercat,237,151,86,36.3
2026-10-06T17:37:00Z,2026-10-06T19:37:00+02:00,53,dr-robert,407,204,203,49.9
2026-10-06T17:37:00Z,2026-10-06T19:37:00+02:00,54,placa-vella,297,127,170,57.2
2026-10-06T17:37:00Z,2026-10-06T19:37:00+02:00,55,ajuntament-mercat,237,151,86,36.3
2026-10-06T17:38:00Z,2026-10-06T19:38:00+02:00,53,dr-robert,407,204,203,49.9
2026-10-06T17:38:00Z,2026-10-06T19:38:00+02:00,54,placa-vella,297,127,170,57.2
2026-10-06T17:38:00Z,2026-10-06T19:38:00+02:00,55,ajuntament-mercat,237,151,86,36.3
2026-10-06T17:39:00Z,2026-10-06T19:39:00+02:00,53,dr-robert,407,204,203,49.9
2026-10-06T17:39:00Z,2026-10-06T19:39:00+02:00,54,placa-vella,297,127,170,57.2
2026-10-06T17:39:00Z,2026-10-06T19:39:00+02:00,55,ajuntament-mercat,237,151,86,36.3
2026-10-06T17:40:00Z,2026-10-06T19:40:00+02:00,53,dr-robert,407,212,195,47.9
2026-10-06T17:40:00Z,2026-10-06T19:40:00+02:00,54,placa-vella,297,127,170,57.2
2026-10-06T17:40:00Z,2026-10-06T19:40:00+02:00,55,ajuntament-mercat,237,153,84,35.4
2026-10-06T17:41:00Z,2026-10-06T19:41:00+02:00,53,dr-robert,407,212,195,47.9
2026-10-06T17:41:00Z,2026-10-06T19:41:00+02:00,54,placa-vella,297,127,170,57.2
2026-10-06T17:41:00Z,2026-10-06T19:41:00+02:00,55,ajuntament-mercat,237,153,84,35.4
2026-10-06T17:42:00Z,2026-10-06T19:42:00+02:00,53,dr-robert,407,212,195,47.9
2026-10-06T17:42:00Z,2026-10-06T19:42:00+02:00,54,placa-vella,297,127,170,57.2
2026-10-06T17:42:00Z,2026-10-06T19:42:00+02:00,55,ajuntament-mercat,237,153,84,35.4
2026-10-06T17:43:00Z,2026-10-06T19:43:00+02:00,53,dr-robert,407,212,195,47.9
2026-10-06T17:43:00Z,2026-10-06T19:43:00+02:00,54,placa-vella,297,127,170,57.2
2026-10-06T17:43:00Z,2026-10-06T19:43:00+02:00,55,ajuntament-mercat,237,153,84,35.4
2026-10-06T17:44:00Z,2026-10-06T19:44:00+02:00,53,dr-robert,407,212,195,47.9
2026-10-06T17:44:00Z,2026-10-06T19:44:00+02:00,54,placa-vella,297,127,170,57.2
2026-10-06T17:44:00Z,2026-10-06T19:44:00+02:00,55,ajuntament-mercat,237,153,84,35.4
2026-10-06T17:45:00Z,2026-10-06T19:45:00+02:00,53,dr-robert,407,220,187,45.9
2026-10-06T17:45:00Z,2026-10-06T19:45:00+02:00,54,placa-vella,297,135,162,54.5
2026-10-06T17:45:00Z,2026-10-06T19:45:00+02:00,55,ajuntament-mercat,237,154,83,35
2026-10-06T17:46:00Z,2026-10-06T19:46:00+02:00,53,dr-robert,407,220,187,45.9
2026-10-06T17:46:00Z,2026-10-06T19:46:00+02:00,54,placa-vella,297,135,162,54.5
2026-10-06T17:46:00Z,2026-10-06T19:46:00+02:00,55,ajuntament-mercat,237,154,83,35
2026-10-06T17:47:00Z,2026-10-06T19:47:00+02:00,53,dr-robert,407,220,187,45.9
2026-10-06T17:47:00Z,2026-10-06T19:47:00+02:00,54,placa-vella,297,135,162,54.5
2026-10-06T17:47:00Z,2026-10-06T19:47:00+02:00,55,ajuntament-mercat,237,154,83,35
2026-10-06T17:48:00Z,2026-10-06T19:48:00+02:00,53,dr-robert,407,220,187,45.9
2026-10-06T17:48:00Z,2026-10-06T19:48:00+02:00,54,placa-vella,297,135,162,54.5
2026-10-06T17:48:00Z,2026-10-06T19:48:00+02:00,55,ajuntament-mercat,237,154,83,35
2026-10-06T17:49:00Z,2026-10-06T19:49:00+02:00,53,dr-robert,407,220,187,45.9
2026-10-06T17:49:00Z,2026-10-06T19:49:00+02:00,54,placa-vella,297,135,162,54.5
2026-10-06T17:49:00Z,2026-10-06T19:49:00+02:00,55,ajuntament-mercat,237,154,83,35
2026-10-06T17:50:00Z,2026-10-06T19:50:00+02:00,53,dr-robert,407,230,177,43.5
2026-10-06T17:50:00Z,2026-10-06T19:50:00+02:00,54,placa-vella,297,139,158,53.2
2026-10-06T17:50:00Z,2026-10-06T19:50:00+02:00,55,ajuntament-mercat,237,158,79,33.3
2026-10-06T17:51:00Z,2026-10-06T19:51:00+02:00,53,dr-robert,407,230,177,43.5
2026-10-06T17:51:00Z,2026-10-06T19:51:00+02:00,54,placa-vella,297,139,158,53.2
2026-10-06T17:51:00Z,2026-10-06T19:51:00+02:00,55,ajuntament-mercat,237,158,79,33.3
2026-10-06T17:52:00Z,2026-10-06T19:52:00+02:00,53,dr-robert,407,230,177,43.5
2026-10-06T17:52:00Z,2026-10-06T19:52:00+02:00,54,placa-vella,297,139,158,53.2
2026-10-06T17:52:00Z,2026-10-06T19:52:00+02:00,55,ajuntament-mercat,237,158,79,33.3
2026-10-06T17:53:00Z,2026-10-06T19:53:00+02:00,53,dr-robert,407,230,177,43.5
2026-10-06T17:53:00Z,2026-10-06T19:53:00+02:00,54,placa-vella,297,139,158,53.2
2026-10-06T17:53:00Z,2026-10-06T19:53:00+02:00,55,ajuntament-mercat,237,158,79,33.3
2026-10-06T17:54:00Z,2026-10-06T19:54:00+02:00,53,dr-robert,407,230,177,43.5
2026-10-06T17:54:00Z,2026-10-06T19:54:00+02:00,54,placa-vella,297,139,158,53.2
2026-10-06T17:54:00Z,2026-10-06T19:54:00+02:00,55,ajuntament-mercat,237,158,79,33.3
2026-10-06T17:55:00Z,2026-10-06T19:55:00+02:00,53,dr-robert,407,234,173,42.5
2026-10-06T17:55:00Z,2026-10-06T19:55:00+02:00,54,placa-vella,297,145,152,51.2
2026-10-06T17:55:00Z,2026-10-06T19:55:00+02:00,55,ajuntament-mercat,237,159,78,32.9
2026-10-06T17:56:00Z,2026-10-06T19:56:00+02:00,53,dr-robert,407,234,173,42.5
2026-10-06T17:56:00Z,2026-10-06T19:56:00+02:00,54,placa-vella,297,145,152,51.2
2026-10-06T17:56:00Z,2026-10-06T19:56:00+02:00,55,ajuntament-mercat,237,159,78,32.9
2026-10-06T17:57:00Z,2026-10-06T19:57:00+02:00,53,dr-robert,407,234,173,42.5
2026-10-06T17:57:00Z,2026-10-06T19:57:00+02:00,54,placa-vella,297,145,152,51.2
2026-10-06T17:57:00Z,2026-10-06T19:57:00+02:00,55,ajuntament-mercat,237,159,78,32.9
2026-10-06T17:58:00Z,2026-10-06T19:58:00+02:00,53,dr-robert,407,234,173,42.5
2026-10-06T17:58:00Z,2026-10-06T19:58:00+02:00,54,placa-vella,297,145,152,51.2
2026-10-06T17:58:00Z,2026-10-06T19:58:00+02:00,55,ajuntament-mercat,237,159,78,32.9
2026-10-06T17:59:00Z,2026-10-06T19:59:00+02:00,53,dr-robert,407,234,173,42.5
2026-10-06T17:59:00Z,2026-10-06T19:59:00+02:00,54,placa-vella,297,145,152,51.2
2026-10-06T17:59:00Z,2026-10-06T19:59:00+02:00,55,ajuntament-mercat,237,159,78,32.9
2026-10-06T18:00:00Z,2026-10-06T20:00:00+02:00,53,dr-robert,407,234,173,42.5
2026-10-06T18:00:00Z,2026-10-06T20:00:00+02:00,54,placa-vella,297,145,152,51.2
2026-10-06T18:00:00Z,2026-10-06T20:00:00+02:00,55,ajuntament-mercat,237,159,78,32.9
2026-10-06T18:01:00Z,2026-10-06T20:01:00+02:00,53,dr-robert,407,236,171,42
2026-10-06T18:01:00Z,2026-10-06T20:01:00+02:00,54,placa-vella,297,147,150,50.5
2026-10-06T18:01:00Z,2026-10-06T20:01:00+02:00,55,ajuntament-mercat,237,163,74,31.2
2026-10-06T18:02:00Z,2026-10-06T20:02:00+02:00,53,dr-robert,407,236,171,42
2026-10-06T18:02:00Z,2026-10-06T20:02:00+02:00,54,placa-vella,297,147,150,50.5
2026-10-06T18:02:00Z,2026-10-06T20:02:00+02:00,55,ajuntament-mercat,237,163,74,31.2
2026-10-06T18:03:00Z,2026-10-06T20:03:00+02:00,53,dr-robert,407,236,171,42
2026-10-06T18:03:00Z,2026-10-06T20:03:00+02:00,54,placa-vella,297,147,150,50.5
2026-10-06T18:03:00Z,2026-10-06T20:03:00+02:00,55,ajuntament-mercat,237,163,74,31.2
2026-10-06T18:04:00Z,2026-10-06T20:04:00+02:00,53,dr-robert,407,236,171,42
2026-10-06T18:04:00Z,2026-10-06T20:04:00+02:00,54,placa-vella,297,147,150,50.5
2026-10-06T18:04:00Z,2026-10-06T20:04:00+02:00,55,ajuntament-mercat,237,163,74,31.2
2026-10-06T18:05:00Z,2026-10-06T20:05:00+02:00,53,dr-robert,407,235,172,42.3
2026-10-06T18:05:00Z,2026-10-06T20:05:00+02:00,54,placa-vella,297,152,145,48.8
2026-10-06T18:05:00Z,2026-10-06T20:05:00+02:00,55,ajuntament-mercat,237,163,74,31.2
2026-10-06T18:06:00Z,2026-10-06T20:06:00+02:00,53,dr-robert,407,235,172,42.3
2026-10-06T18:06:00Z,2026-10-06T20:06:00+02:00,54,placa-vella,297,152,145,48.8
2026-10-06T18:06:00Z,2026-10-06T20:06:00+02:00,55,ajuntament-mercat,237,163,74,31.2
2026-10-06T18:07:00Z,2026-10-06T20:07:00+02:00,53,dr-robert,407,235,172,42.3
2026-10-06T18:07:00Z,2026-10-06T20:07:00+02:00,54,placa-vella,297,152,145,48.8
2026-10-06T18:07:00Z,2026-10-06T20:07:00+02:00,55,ajuntament-mercat,237,163,74,31.2
2026-10-06T18:08:00Z,2026-10-06T20:08:00+02:00,53,dr-robert,407,235,172,42.3
2026-10-06T18:08:00Z,2026-10-06T20:08:00+02:00,54,placa-vella,297,152,145,48.8
2026-10-06T18:08:00Z,2026-10-06T20:08:00+02:00,55,ajuntament-mercat,237,163,74,31.2
2026-10-06T18:09:00Z,2026-10-06T20:09:00+02:00,53,dr-robert,407,235,172,42.3
2026-10-06T18:09:00Z,2026-10-06T20:09:00+02:00,54,placa-vella,297,152,145,48.8
2026-10-06T18:09:00Z,2026-10-06T20:09:00+02:00,55,ajuntament-mercat,237,163,74,31.2
2026-10-06T18:10:00Z,2026-10-06T20:10:00+02:00,53,dr-robert,407,241,166,40.8
2026-10-06T18:10:00Z,2026-10-06T20:10:00+02:00,54,placa-vella,297,155,142,47.8
2026-10-06T18:10:00Z,2026-10-06T20:10:00+02:00,55,ajuntament-mercat,237,166,71,30
2026-10-06T18:11:00Z,2026-10-06T20:11:00+02:00,53,dr-robert,407,241,166,40.8
2026-10-06T18:11:00Z,2026-10-06T20:11:00+02:00,54,placa-vella,297,155,142,47.8
2026-10-06T18:11:00Z,2026-10-06T20:11:00+02:00,55,ajuntament-mercat,237,166,71,30
2026-10-06T18:12:00Z,2026-10-06T20:12:00+02:00,53,dr-robert,407,241,166,40.8
2026-10-06T18:12:00Z,2026-10-06T20:12:00+02:00,54,placa-vella,297,155,142,47.8
2026-10-06T18:12:00Z,2026-10-06T20:12:00+02:00,55,ajuntament-mercat,237,166,71,30
2026-10-06T18:13:00Z,2026-10-06T20:13:00+02:00,53,dr-robert,407,241,166,40.8
2026-10-06T18:13:00Z,2026-10-06T20:13:00+02:00,54,placa-vella,297,155,142,47.8
2026-10-06T18:13:00Z,2026-10-06T20:13:00+02:00,55,ajuntament-mercat,237,166,71,30
2026-10-06T18:14:00Z,2026-10-06T20:14:00+02:00,53,dr-robert,407,241,166,40.8
2026-10-06T18:14:00Z,2026-10-06T20:14:00+02:00,54,placa-vella,297,155,142,47.8
2026-10-06T18:14:00Z,2026-10-06T20:14:00+02:00,55,ajuntament-mercat,237,166,71,30
2026-10-06T18:15:00Z,2026-10-06T20:15:00+02:00,53,dr-robert,407,247,160,39.3
2026-10-06T18:15:00Z,2026-10-06T20:15:00+02:00,54,placa-vella,297,164,133,44.8
2026-10-06T18:15:00Z,2026-10-06T20:15:00+02:00,55,ajuntament-mercat,237,171,66,27.8
2026-10-06T18:16:00Z,2026-10-06T20:16:00+02:00,53,dr-robert,407,247,160,39.3
2026-10-06T18:16:00Z,2026-10-06T20:16:00+02:00,54,placa-vella,297,164,133,44.8
2026-10-06T18:16:00Z,2026-10-06T20:16:00+02:00,55,ajuntament-mercat,237,171,66,27.8
2026-10-06T18:17:00Z,2026-10-06T20:17:00+02:00,53,dr-robert,407,247,160,39.3
2026-10-06T18:17:00Z,2026-10-06T20:17:00+02:00,54,placa-vella,297,164,133,44.8
2026-10-06T18:17:00Z,2026-10-06T20:17:00+02:00,55,ajuntament-mercat,237,171,66,27.8
2026-10-06T18:18:00Z,2026-10-06T20:18:00+02:00,53,dr-robert,407,247,160,39.3
2026-10-06T18:18:00Z,2026-10-06T20:18:00+02:00,54,placa-vella,297,164,133,44.8
2026-10-06T18:18:00Z,2026-10-06T20:18:00+02:00,55,ajuntament-mercat,237,171,66,27.8
2026-10-06T18:19:00Z,2026-10-06T20:19:00+02:00,53,dr-robert,407,247,160,39.3
2026-10-06T18:19:00Z,2026-10-06T20:19:00+02:00,54,placa-vella,297,164,133,44.8
2026-10-06T18:19:00Z,2026-10-06T20:19:00+02:00,55,ajuntament-mercat,237,171,66,27.8
2026-10-06T18:20:00Z,2026-10-06T20:20:00+02:00,53,dr-robert,407,260,147,36.1
2026-10-06T18:20:00Z,2026-10-06T20:20:00+02:00,54,placa-vella,297,165,132,44.4
2026-10-06T18:20:00Z,2026-10-06T20:20:00+02:00,55,ajuntament-mercat,237,172,65,27.4
2026-10-06T18:21:00Z,2026-10-06T20:21:00+02:00,53,dr-robert,407,260,147,36.1
2026-10-06T18:21:00Z,2026-10-06T20:21:00+02:00,54,placa-vella,297,165,132,44.4
2026-10-06T18:21:00Z,2026-10-06T20:21:00+02:00,55,ajuntament-mercat,237,172,65,27.4
2026-10-06T18:22:00Z,2026-10-06T20:22:00+02:00,53,dr-robert,407,260,147,36.1
2026-10-06T18:22:00Z,2026-10-06T20:22:00+02:00,54,placa-vella,297,165,132,44.4
2026-10-06T18:22:00Z,2026-10-06T20:22:00+02:00,55,ajuntament-mercat,237,172,65,27.4
2026-10-06T18:23:00Z,2026-10-06T20:23:00+02:00,53,dr-robert,407,260,147,36.1
2026-10-06T18:23:00Z,2026-10-06T20:23:00+02:00,54,placa-vella,297,165,132,44.4
2026-10-06T18:23:00Z,2026-10-06T20:23:00+02:00,55,ajuntament-mercat,237,172,65,27.4
2026-10-06T18:24:00Z,2026-10-06T20:24:00+02:00,53,dr-robert,407,260,147,36.1
2026-10-06T18:24:00Z,2026-10-06T20:24:00+02:00,54,placa-vella,297,165,132,44.4
2026-10-06T18:24:00Z,2026-10-06T20:24:00+02:00,55,ajuntament-mercat,237,172,65,27.4
2026-10-06T18:25:00Z,2026-10-06T20:25:00+02:00,53,dr-robert,407,267,140,34.4
2026-10-06T18:25:00Z,2026-10-06T20:25:00+02:00,54,placa-vella,297,171,126,42.4
2026-10-06T18:25:00Z,2026-10-06T20:25:00+02:00,55,ajuntament-mercat,237,172,65,27.4
2026-10-06T18:26:00Z,2026-10-06T20:26:00+02:00,53,dr-robert,407,267,140,34.4
2026-10-06T18:26:00Z,2026-10-06T20:26:00+02:00,54,placa-vella,297,171,126,42.4
2026-10-06T18:26:00Z,2026-10-06T20:26:00+02:00,55,ajuntament-mercat,237,172,65,27.4
2026-10-06T18:27:00Z,2026-10-06T20:27:00+02:00,53,dr-robert,407,267,140,34.4
2026-10-06T18:27:00Z,2026-10-06T20:27:00+02:00,54,placa-vella,297,171,126,42.4
2026-10-06T18:27:00Z,2026-10-06T20:27:00+02:00,55,ajuntament-mercat,237,172,65,27.4
2026-10-06T18:28:00Z,2026-10-06T20:28:00+02:00,53,dr-robert,407,267,140,34.4
2026-10-06T18:28:00Z,2026-10-06T20:28:00+02:00,54,placa-vella,297,171,126,42.4
2026-10-06T18:28:00Z,2026-10-06T20:28:00+02:00,55,ajuntament-mercat,237,172,65,27.4
2026-10-06T18:29:00Z,2026-10-06T20:29:00+02:00,53,dr-robert,407,267,140,34.4
2026-10-06T18:29:00Z,2026-10-06T20:29:00+02:00,54,placa-vella,297,171,126,42.4
2026-10-06T18:29:00Z,2026-10-06T20:29:00+02:00,55,ajuntament-mercat,237,172,65,27.4
2026-10-06T18:30:00Z,2026-10-06T20:30:00+02:00,53,dr-robert,407,269,138,33.9
2026-10-06T18:30:00Z,2026-10-06T20:30:00+02:00,54,placa-vella,297,171,126,42.4
2026-10-06T18:30:00Z,2026-10-06T20:30:00+02:00,55,ajuntament-mercat,237,171,66,27.8
2026-10-06T18:31:00Z,2026-10-06T20:31:00+02:00,53,dr-robert,407,269,138,33.9
2026-10-06T18:31:00Z,2026-10-06T20:31:00+02:00,54,placa-vella,297,171,126,42.4
2026-10-06T18:31:00Z,2026-10-06T20:31:00+02:00,55,ajuntament-mercat,237,171,66,27.8
2026-10-06T18:32:00Z,2026-10-06T20:32:00+02:00,53,dr-robert,407,269,138,33.9
2026-10-06T18:32:00Z,2026-10-06T20:32:00+02:00,54,placa-vella,297,171,126,42.4
2026-10-06T18:32:00Z,2026-10-06T20:32:00+02:00,55,ajuntament-mercat,237,171,66,27.8
2026-10-06T18:33:00Z,2026-10-06T20:33:00+02:00,53,dr-robert,407,269,138,33.9
2026-10-06T18:33:00Z,2026-10-06T20:33:00+02:00,54,placa-vella,297,171,126,42.4
2026-10-06T18:33:00Z,2026-10-06T20:33:00+02:00,55,ajuntament-mercat,237,171,66,27.8
2026-10-06T18:34:00Z,2026-10-06T20:34:00+02:00,53,dr-robert,407,269,138,33.9
2026-10-06T18:34:00Z,2026-10-06T20:34:00+02:00,54,placa-vella,297,171,126,42.4
2026-10-06T18:34:00Z,2026-10-06T20:34:00+02:00,55,ajuntament-mercat,237,171,66,27.8
2026-10-06T18:35:00Z,2026-10-06T20:35:00+02:00,53,dr-robert,407,272,135,33.2
2026-10-06T18:35:00Z,2026-10-06T20:35:00+02:00,54,placa-vella,297,177,120,40.4
2026-10-06T18:35:00Z,2026-10-06T20:35:00+02:00,55,ajuntament-mercat,237,170,67,28.3
2026-10-06T18:36:00Z,2026-10-06T20:36:00+02:00,53,dr-robert,407,272,135,33.2
2026-10-06T18:36:00Z,2026-10-06T20:36:00+02:00,54,placa-vella,297,177,120,40.4
2026-10-06T18:36:00Z,2026-10-06T20:36:00+02:00,55,ajuntament-mercat,237,170,67,28.3
2026-10-06T18:37:00Z,2026-10-06T20:37:00+02:00,53,dr-robert,407,272,135,33.2
2026-10-06T18:37:00Z,2026-10-06T20:37:00+02:00,54,placa-vella,297,177,120,40.4
2026-10-06T18:37:00Z,2026-10-06T20:37:00+02:00,55,ajuntament-mercat,237,170,67,28.3
2026-10-06T18:38:00Z,2026-10-06T20:38:00+02:00,53,dr-robert,407,272,135,33.2
2026-10-06T18:38:00Z,2026-10-06T20:38:00+02:00,54,placa-vella,297,177,120,40.4
2026-10-06T18:38:00Z,2026-10-06T20:38:00+02:00,55,ajuntament-mercat,237,170,67,28.3
2026-10-06T18:39:00Z,2026-10-06T20:39:00+02:00,53,dr-robert,407,272,135,33.2
2026-10-06T18:39:00Z,2026-10-06T20:39:00+02:00,54,placa-vella,297,177,120,40.4
2026-10-06T18:39:00Z,2026-10-06T20:39:00+02:00,55,ajuntament-mercat,237,170,67,28.3
2026-10-06T18:40:00Z,2026-10-06T20:40:00+02:00,53,dr-robert,407,278,129,31.7
2026-10-06T18:40:00Z,2026-10-06T20:40:00+02:00,54,placa-vella,297,178,119,40.1
2026-10-06T18:40:00Z,2026-10-06T20:40:00+02:00,55,ajuntament-mercat,237,173,64,27
2026-10-06T18:41:00Z,2026-10-06T20:41:00+02:00,53,dr-robert,407,278,129,31.7
2026-10-06T18:41:00Z,2026-10-06T20:41:00+02:00,54,placa-vella,297,178,119,40.1
2026-10-06T18:41:00Z,2026-10-06T20:41:00+02:00,55,ajuntament-mercat,237,173,64,27
2026-10-06T18:42:00Z,2026-10-06T20:42:00+02:00,53,dr-robert,407,278,129,31.7
2026-10-06T18:42:00Z,2026-10-06T20:42:00+02:00,54,placa-vella,297,178,119,40.1
2026-10-06T18:42:00Z,2026-10-06T20:42:00+02:00,55,ajuntament-mercat,237,173,64,27
2026-10-06T18:43:00Z,2026-10-06T20:43:00+02:00,53,dr-robert,407,278,129,31.7
2026-10-06T18:43:00Z,2026-10-06T20:43:00+02:00,54,placa-vella,297,178,119,40.1
2026-10-06T18:43:00Z,2026-10-06T20:43:00+02:00,55,ajuntament-mercat,237,173,64,27
2026-10-06T18:44:00Z,2026-10-06T20:44:00+02:00,53,dr-robert,407,278,129,31.7
2026-10-06T18:44:00Z,2026-10-06T20:44:00+02:00,54,placa-vella,297,178,119,40.1
2026-10-06T18:44:00Z,2026-10-06T20:44:00+02:00,55,ajuntament-mercat,237,173,64,27
2026-10-06T18:45:00Z,2026-10-06T20:45:00+02:00,53,dr-robert,407,280,127,31.2
2026-10-06T18:45:00Z,2026-10-06T20:45:00+02:00,54,placa-vella,297,181,116,39.1
2026-10-06T18:45:00Z,2026-10-06T20:45:00+02:00,55,ajuntament-mercat,237,175,62,26.2
2026-10-06T18:46:00Z,2026-10-06T20:46:00+02:00,53,dr-robert,407,280,127,31.2
2026-10-06T18:46:00Z,2026-10-06T20:46:00+02:00,54,placa-vella,297,181,116,39.1
2026-10-06T18:46:00Z,2026-10-06T20:46:00+02:00,55,ajuntament-mercat,237,175,62,26.2
2026-10-06T18:47:00Z,2026-10-06T20:47:00+02:00,53,dr-robert,407,280,127,31.2
2026-10-06T18:47:00Z,2026-10-06T20:47:00+02:00,54,placa-vella,297,181,116,39.1
2026-10-06T18:47:00Z,2026-10-06T20:47:00+02:00,55,ajuntament-mercat,237,175,62,26.2
2026-10-06T18:48:00Z,2026-10-06T20:48:00+02:00,53,dr-robert,407,280,127,31.2
2026-10-06T18:48:00Z,2026-10-06T20:48:00+02:00,54,placa-vella,297,181,116,39.1
2026-10-06T18:48:00Z,2026-10-06T20:48:00+02:00,55,ajuntament-mercat,237,175,62,26.2
2026-10-06T18:49:00Z,2026-10-06T20:49:00+02:00,53,dr-robert,407,280,127,31.2
2026-10-06T18:49:00Z,2026-10-06T20:49:00+02:00,54,placa-vella,297,181,116,39.1
2026-10-06T18:49:00Z,2026-10-06T20:49:00+02:00,55,ajuntament-mercat,237,175,62,26.2
2026-10-06T18:50:00Z,2026-10-06T20:50:00+02:00,53,dr-robert,407,279,128,31.4
2026-10-06T18:50:00Z,2026-10-06T20:50:00+02:00,54,placa-vella,297,184,113,38
2026-10-06T18:50:00Z,2026-10-06T20:50:00+02:00,55,ajuntament-mercat,237,177,60,25.3
2026-10-06T18:51:00Z,2026-10-06T20:51:00+02:00,53,dr-robert,407,279,128,31.4
2026-10-06T18:51:00Z,2026-10-06T20:51:00+02:00,54,placa-vella,297,184,113,38
2026-10-06T18:51:00Z,2026-10-06T20:51:00+02:00,55,ajuntament-mercat,237,177,60,25.3
2026-10-06T18:52:00Z,2026-10-06T20:52:00+02:00,53,dr-robert,407,279,128,31.4
2026-10-06T18:52:00Z,2026-10-06T20:52:00+02:00,54,placa-vella,297,184,113,38
2026-10-06T18:52:00Z,2026-10-06T20:52:00+02:00,55,ajuntament-mercat,237,177,60,25.3
2026-10-06T18:53:00Z,2026-10-06T20:53:00+02:00,53,dr-robert,407,279,128,31.4
2026-10-06T18:53:00Z,2026-10-06T20:53:00+02:00,54,placa-vella,297,184,113,38
2026-10-06T18:53:00Z,2026-10-06T20:53:00+02:00,55,ajuntament-mercat,237,177,60,25.3
2026-10-06T18:54:00Z,2026-10-06T20:54:00+02:00,53,dr-robert,407,279,128,31.4
2026-10-06T18:54:00Z,2026-10-06T20:54:00+02:00,54,placa-vella,297,184,113,38
2026-10-06T18:54:00Z,2026-10-06T20:54:00+02:00,55,ajuntament-mercat,237,177,60,25.3
2026-10-06T18:55:00Z,2026-10-06T20:55:00+02:00,53,dr-robert,407,276,131,32.2
2026-10-06T18:55:00Z,2026-10-06T20:55:00+02:00,54,placa-vella,297,184,113,38
2026-10-06T18:55:00Z,2026-10-06T20:55:00+02:00,55,ajuntament-mercat,237,178,59,24.9
2026-10-06T18:56:00Z,2026-10-06T20:56:00+02:00,53,dr-robert,407,276,131,32.2
2026-10-06T18:56:00Z,2026-10-06T20:56:00+02:00,54,placa-vella,297,184,113,38
2026-10-06T18:56:00Z,2026-10-06T20:56:00+02:00,55,ajuntament-mercat,237,178,59,24.9
2026-10-06T18:57:00Z,2026-10-06T20:57:00+02:00,53,dr-robert,407,276,131,32.2
2026-10-06T18:57:00Z,2026-10-06T20:57:00+02:00,54,placa-vella,297,184,113,38
2026-10-06T18:57:00Z,2026-10-06T20:57:00+02:00,55,ajuntament-mercat,237,178,59,24.9
2026-10-06T18:58:00Z,2026-10-06T20:58:00+02:00,53,dr-robert,407,276,131,32.2
2026-10-06T18:58:00Z,2026-10-06T20:58:00+02:00,54,placa-vella,297,184,113,38
2026-10-06T18:58:00Z,2026-10-06T20:58:00+02:00,55,ajuntament-mercat,237,178,59,24.9
2026-10-06T18:59:00Z,2026-10-06T20:59:00+02:00,53,dr-robert,407,276,131,32.2
2026-10-06T18:59:00Z,2026-10-06T20:59:00+02:00,54,placa-vella,297,184,113,38
2026-10-06T18:59:00Z,2026-10-06T20:59:00+02:00,55,ajuntament-mercat,237,178,59,24.9
2026-10-06T19:00:00Z,2026-10-06T21:00:00+02:00,53,dr-robert,407,283,124,30.5
2026-10-06T19:00:00Z,2026-10-06T21:00:00+02:00,54,placa-vella,297,189,108,36.4
2026-10-06T19:00:00Z,2026-10-06T21:00:00+02:00,55,ajuntament-mercat,237,179,58,24.5
2026-10-06T19:01:00Z,2026-10-06T21:01:00+02:00,53,dr-robert,407,283,124,30.5
2026-10-06T19:01:00Z,2026-10-06T21:01:00+02:00,54,placa-vella,297,189,108,36.4
2026-10-06T19:01:00Z,2026-10-06T21:01:00+02:00,55,ajuntament-mercat,237,179,58,24.5
2026-10-06T19:02:00Z,2026-10-06T21:02:00+02:00,53,dr-robert,407,283,124,30.5
2026-10-06T19:02:00Z,2026-10-06T21:02:00+02:00,54,placa-vella,297,189,108,36.4
2026-10-06T19:02:00Z,2026-10-06T21:02:00+02:00,55,ajuntament-mercat,237,179,58,24.5
2026-10-06T19:03:00Z,2026-10-06T21:03:00+02:00,53,dr-robert,407,283,124,30.5
2026-10-06T19:03:00Z,2026-10-06T21:03:00+02:00,54,placa-vella,297,189,108,36.4
2026-10-06T19:03:00Z,2026-10-06T21:03:00+02:00,55,ajuntament-mercat,237,179,58,24.5
2026-10-06T19:04:00Z,2026-10-06T21:04:00+02:00,53,dr-robert,407,283,124,30.5
2026-10-06T19:04:00Z,2026-10-06T21:04:00+02:00,54,placa-vella,297,189,108,36.4
2026-10-06T19:04:00Z,2026-10-06T21:04:00+02:00,55,ajuntament-mercat,237,179,58,24.5
2026-10-06T19:05:00Z,2026-10-06T21:05:00+02:00,53,dr-robert,407,285,122,30
2026-10-06T19:05:00Z,2026-10-06T21:05:00+02:00,54,placa-vella,297,192,105,35.4
2026-10-06T19:05:00Z,2026-10-06T21:05:00+02:00,55,ajuntament-mercat,237,183,54,22.8
2026-10-06T19:06:00Z,2026-10-06T21:06:00+02:00,53,dr-robert,407,285,122,30
2026-10-06T19:06:00Z,2026-10-06T21:06:00+02:00,54,placa-vella,297,192,105,35.4
2026-10-06T19:06:00Z,2026-10-06T21:06:00+02:00,55,ajuntament-mercat,237,183,54,22.8
2026-10-06T19:07:00Z,2026-10-06T21:07:00+02:00,53,dr-robert,407,285,122,30
2026-10-06T19:07:00Z,2026-10-06T21:07:00+02:00,54,placa-vella,297,192,105,35.4
2026-10-06T19:07:00Z,2026-10-06T21:07:00+02:00,55,ajuntament-mercat,237,183,54,22.8
2026-10-06T19:08:00Z,2026-10-06T21:08:00+02:00,53,dr-robert,407,285,122,30
2026-10-06T19:08:00Z,2026-10-06T21:08:00+02:00,54,placa-vella,297,192,105,35.4
2026-10-06T19:08:00Z,2026-10-06T21:08:00+02:00,55,ajuntament-mercat,237,183,54,22.8
2026-10-06T19:09:00Z,2026-10-06T21:09:00+02:00,53,dr-robert,407,285,122,30
2026-10-06T19:09:00Z,2026-10-06T21:09:00+02:00,54,placa-vella,297,192,105,35.4
2026-10-06T19:09:00Z,2026-10-06T21:09:00+02:00,55,ajuntament-mercat,237,183,54,22.8
2026-10-06T19:10:00Z,2026-10-06T21:10:00+02:00,53,dr-robert,407,285,122,30
2026-10-06T19:10:00Z,2026-10-06T21:10:00+02:00,54,placa-vella,297,192,105,35.4
2026-10-06T19:10:00Z,2026-10-06T21:10:00+02:00,55,ajuntament-mercat,237,184,53,22.4
2026-10-06T19:11:00Z,2026-10-06T21:11:00+02:00,53,dr-robert,407,285,122,30
2026-10-06T19:11:00Z,2026-10-06T21:11:00+02:00,54,placa-vella,297,192,105,35.4
2026-10-06T19:11:00Z,2026-10-06T21:11:00+02:00,55,ajuntament-mercat,237,184,53,22.4
2026-10-06T19:12:00Z,2026-10-06T21:12:00+02:00,53,dr-robert,407,285,122,30
2026-10-06T19:12:00Z,2026-10-06T21:12:00+02:00,54,placa-vella,297,192,105,35.4
2026-10-06T19:12:00Z,2026-10-06T21:12:00+02:00,55,ajuntament-mercat,237,184,53,22.4
2026-10-06T19:13:00Z,2026-10-06T21:13:00+02:00,53,dr-robert,407,285,122,30
2026-10-06T19:13:00Z,2026-10-06T21:13:00+02:00,54,placa-vella,297,192,105,35.4
2026-10-06T19:13:00Z,2026-10-06T21:13:00+02:00,55,ajuntament-mercat,237,184,53,22.4
2026-10-06T19:14:00Z,2026-10-06T21:14:00+02:00,53,dr-robert,407,285,122,30
2026-10-06T19:14:00Z,2026-10-06T21:14:00+02:00,54,placa-vella,297,192,105,35.4
2026-10-06T19:14:00Z,2026-10-06T21:14:00+02:00,55,ajuntament-mercat,237,184,53,22.4
2026-10-06T19:15:00Z,2026-10-06T21:15:00+02:00,53,dr-robert,407,286,121,29.7
2026-10-06T19:15:00Z,2026-10-06T21:15:00+02:00,54,placa-vella,297,193,104,35
2026-10-06T19:15:00Z,2026-10-06T21:15:00+02:00,55,ajuntament-mercat,237,185,52,21.9
2026-10-06T19:16:00Z,2026-10-06T21:16:00+02:00,53,dr-robert,407,286,121,29.7
2026-10-06T19:16:00Z,2026-10-06T21:16:00+02:00,54,placa-vella,297,193,104,35
2026-10-06T19:16:00Z,2026-10-06T21:16:00+02:00,55,ajuntament-mercat,237,185,52,21.9
2026-10-06T19:17:00Z,2026-10-06T21:17:00+02:00,53,dr-robert,407,286,121,29.7
2026-10-06T19:17:00Z,2026-10-06T21:17:00+02:00,54,placa-vella,297,193,104,35
2026-10-06T19:17:00Z,2026-10-06T21:17:00+02:00,55,ajuntament-mercat,237,185,52,21.9
2026-10-06T19:18:00Z,2026-10-06T21:18:00+02:00,53,dr-robert,407,286,121,29.7
2026-10-06T19:18:00Z,2026-10-06T21:18:00+02:00,54,placa-vella,297,193,104,35
2026-10-06T19:18:00Z,2026-10-06T21:18:00+02:00,55,ajuntament-mercat,237,185,52,21.9
2026-10-06T19:19:00Z,2026-10-06T21:19:00+02:00,53,dr-robert,407,286,121,29.7
2026-10-06T19:19:00Z,2026-10-06T21:19:00+02:00,54,placa-vella,297,193,104,35
2026-10-06T19:19:00Z,2026-10-06T21:19:00+02:00,55,ajuntament-mercat,237,185,52,21.9
2026-10-06T19:20:00Z,2026-10-06T21:20:00+02:00,53,dr-robert,407,290,117,28.7
2026-10-06T19:20:00Z,2026-10-06T21:20:00+02:00,54,placa-vella,297,193,104,35
2026-10-06T19:20:00Z,2026-10-06T21:20:00+02:00,55,ajuntament-mercat,237,186,51,21.5
2026-10-06T19:21:00Z,2026-10-06T21:21:00+02:00,53,dr-robert,407,290,117,28.7
2026-10-06T19:21:00Z,2026-10-06T21:21:00+02:00,54,placa-vella,297,193,104,35
2026-10-06T19:21:00Z,2026-10-06T21:21:00+02:00,55,ajuntament-mercat,237,186,51,21.5
2026-10-06T19:22:00Z,2026-10-06T21:22:00+02:00,53,dr-robert,407,290,117,28.7
2026-10-06T19:22:00Z,2026-10-06T21:22:00+02:00,54,placa-vella,297,193,104,35
2026-10-06T19:22:00Z,2026-10-06T21:22:00+02:00,55,ajuntament-mercat,237,186,51,21.5
2026-10-06T19:23:00Z,2026-10-06T21:23:00+02:00,53,dr-robert,407,290,117,28.7
2026-10-06T19:23:00Z,2026-10-06T21:23:00+02:00,54,placa-vella,297,193,104,35
2026-10-06T19:23:00Z,2026-10-06T21:23:00+02:00,55,ajuntament-mercat,237,186,51,21.5
2026-10-06T19:24:00Z,2026-10-06T21:24:00+02:00,53,dr-robert,407,290,117,28.7
2026-10-06T19:24:00Z,2026-10-06T21:24:00+02:00,54,placa-vella,297,193,104,35
2026-10-06T19:24:00Z,2026-10-06T21:24:00+02:00,55,ajuntament-mercat,237,186,51,21.5
2026-10-06T19:25:00Z,2026-10-06T21:25:00+02:00,53,dr-robert,407,293,114,28
2026-10-06T19:25:00Z,2026-10-06T21:25:00+02:00,54,placa-vella,297,194,103,34.7
2026-10-06T19:25:00Z,2026-10-06T21:25:00+02:00,55,ajuntament-mercat,237,189,48,20.3
2026-10-06T19:26:00Z,2026-10-06T21:26:00+02:00,53,dr-robert,407,293,114,28
2026-10-06T19:26:00Z,2026-10-06T21:26:00+02:00,54,placa-vella,297,194,103,34.7
2026-10-06T19:26:00Z,2026-10-06T21:26:00+02:00,55,ajuntament-mercat,237,189,48,20.3
2026-10-06T19:27:00Z,2026-10-06T21:27:00+02:00,53,dr-robert,407,293,114,28
2026-10-06T19:27:00Z,2026-10-06T21:27:00+02:00,54,placa-vella,297,194,103,34.7
2026-10-06T19:27:00Z,2026-10-06T21:27:00+02:00,55,ajuntament-mercat,237,189,48,20.3
2026-10-06T19:28:00Z,2026-10-06T21:28:00+02:00,53,dr-robert,407,293,114,28
2026-10-06T19:28:00Z,2026-10-06T21:28:00+02:00,54,placa-vella,297,194,103,34.7
2026-10-06T19:28:00Z,2026-10-06T21:28:00+02:00,55,ajuntament-mercat,237,189,48,20.3
2026-10-06T19:29:00Z,2026-10-06T21:29:00+02:00,53,dr-robert,407,293,114,28
2026-10-06T19:29:00Z,2026-10-06T21:29:00+02:00,54,placa-vella,297,194,103,34.7
2026-10-06T19:29:00Z,2026-10-06T21:29:00+02:00,55,ajuntament-mercat,237,189,48,20.3
2026-10-06T19:30:00Z,2026-10-06T21:30:00+02:00,53,dr-robert,407,295,112,27.5
2026-10-06T19:30:00Z,2026-10-06T21:30:00+02:00,54,placa-vella,297,192,105,35.4
2026-10-06T19:30:00Z,2026-10-06T21:30:00+02:00,55,ajuntament-mercat,237,189,48,20.3
2026-10-06T19:31:00Z,2026-10-06T21:31:00+02:00,53,dr-robert,407,295,112,27.5
2026-10-06T19:31:00Z,2026-10-06T21:31:00+02:00,54,placa-vella,297,192,105,35.4
2026-10-06T19:31:00Z,2026-10-06T21:31:00+02:00,55,ajuntament-mercat,237,189,48,20.3
2026-10-06T19:32:00Z,2026-10-06T21:32:00+02:00,53,dr-robert,407,295,112,27.5
2026-10-06T19:32:00Z,2026-10-06T21:32:00+02:00,54,placa-vella,297,192,105,35.4
2026-10-06T19:32:00Z,2026-10-06T21:32:00+02:00,55,ajuntament-mercat,237,189,48,20.3
2026-10-06T19:33:00Z,2026-10-06T21:33:00+02:00,53,dr-robert,407,295,112,27.5
2026-10-06T19:33:00Z,2026-10-06T21:33:00+02:00,54,placa-vella,297,192,105,35.4
2026-10-06T19:33:00Z,2026-10-06T21:33:00+02:00,55,ajuntament-mercat,237,189,48,20.3
2026-10-06T19:34:00Z,2026-10-06T21:34:00+02:00,53,dr-robert,407,295,112,27.5
2026-10-06T19:34:00Z,2026-10-06T21:34:00+02:00,54,placa-vella,297,192,105,35.4
2026-10-06T19:34:00Z,2026-10-06T21:34:00+02:00,55,ajuntament-mercat,237,189,48,20.3
2026-10-06T19:35:00Z,2026-10-06T21:35:00+02:00,53,dr-robert,407,300,107,26.3
2026-10-06T19:35:00Z,2026-10-06T21:35:00+02:00,54,placa-vella,297,194,103,34.7
2026-10-06T19:35:00Z,2026-10-06T21:35:00+02:00,55,ajuntament-mercat,237,189,48,20.3
2026-10-06T19:36:00Z,2026-10-06T21:36:00+02:00,53,dr-robert,407,300,107,26.3
2026-10-06T19:36:00Z,2026-10-06T21:36:00+02:00,54,placa-vella,297,194,103,34.7
2026-10-06T19:36:00Z,2026-10-06T21:36:00+02:00,55,ajuntament-mercat,237,189,48,20.3
2026-10-06T19:37:00Z,2026-10-06T21:37:00+02:00,53,dr-robert,407,300,107,26.3
2026-10-06T19:37:00Z,2026-10-06T21:37:00+02:00,54,placa-vella,297,194,103,34.7
2026-10-06T19:37:00Z,2026-10-06T21:37:00+02:00,55,ajuntament-mercat,237,189,48,20.3
2026-10-06T19:38:00Z,2026-10-06T21:38:00+02:00,53,dr-robert,407,300,107,26.3
2026-10-06T19:38:00Z,2026-10-06T21:38:00+02:00,54,placa-vella,297,194,103,34.7
2026-10-06T19:38:00Z,2026-10-06T21:38:00+02:00,55,ajuntament-mercat,237,189,48,20.3
2026-10-06T19:39:00Z,2026-10-06T21:39:00+02:00,53,dr-robert,407,300,107,26.3
2026-10-06T19:39:00Z,2026-10-06T21:39:00+02:00,54,placa-vella,297,194,103,34.7
2026-10-06T19:39:00Z,2026-10-06T21:39:00+02:00,55,ajuntament-mercat,237,189,48,20.3
2026-10-06T19:40:00Z,2026-10-06T21:40:00+02:00,53,dr-robert,407,300,107,26.3
2026-10-06T19:40:00Z,2026-10-06T21:40:00+02:00,54,placa-vella,297,195,102,34.3
2026-10-06T19:40:00Z,2026-10-06T21:40:00+02:00,55,ajuntament-mercat,237,189,48,20.3
2026-10-06T19:41:00Z,2026-10-06T21:41:00+02:00,53,dr-robert,407,300,107,26.3
2026-10-06T19:41:00Z,2026-10-06T21:41:00+02:00,54,placa-vella,297,195,102,34.3
2026-10-06T19:41:00Z,2026-10-06T21:41:00+02:00,55,ajuntament-mercat,237,189,48,20.3
2026-10-06T19:42:00Z,2026-10-06T21:42:00+02:00,53,dr-robert,407,300,107,26.3
2026-10-06T19:42:00Z,2026-10-06T21:42:00+02:00,54,placa-vella,297,195,102,34.3
2026-10-06T19:42:00Z,2026-10-06T21:42:00+02:00,55,ajuntament-mercat,237,189,48,20.3
2026-10-06T19:43:00Z,2026-10-06T21:43:00+02:00,53,dr-robert,407,300,107,26.3
2026-10-06T19:43:00Z,2026-10-06T21:43:00+02:00,54,placa-vella,297,195,102,34.3
2026-10-06T19:43:00Z,2026-10-06T21:43:00+02:00,55,ajuntament-mercat,237,189,48,20.3
2026-10-06T19:44:00Z,2026-10-06T21:44:00+02:00,53,dr-robert,407,300,107,26.3
2026-10-06T19:44:00Z,2026-10-06T21:44:00+02:00,54,placa-vella,297,195,102,34.3
2026-10-06T19:44:00Z,2026-10-06T21:44:00+02:00,55,ajuntament-mercat,237,189,48,20.3
2026-10-06T19:45:00Z,2026-10-06T21:45:00+02:00,53,dr-robert,407,303,104,25.6
2026-10-06T19:45:00Z,2026-10-06T21:45:00+02:00,54,placa-vella,297,194,103,34.7
2026-10-06T19:45:00Z,2026-10-06T21:45:00+02:00,55,ajuntament-mercat,237,191,46,19.4
2026-10-06T19:46:00Z,2026-10-06T21:46:00+02:00,53,dr-robert,407,303,104,25.6
2026-10-06T19:46:00Z,2026-10-06T21:46:00+02:00,54,placa-vella,297,194,103,34.7
2026-10-06T19:46:00Z,2026-10-06T21:46:00+02:00,55,ajuntament-mercat,237,191,46,19.4
2026-10-06T19:47:00Z,2026-10-06T21:47:00+02:00,53,dr-robert,407,303,104,25.6
2026-10-06T19:47:00Z,2026-10-06T21:47:00+02:00,54,placa-vella,297,194,103,34.7
2026-10-06T19:47:00Z,2026-10-06T21:47:00+02:00,55,ajuntament-mercat,237,191,46,19.4
2026-10-06T19:48:00Z,2026-10-06T21:48:00+02:00,53,dr-robert,407,303,104,25.6
2026-10-06T19:48:00Z,2026-10-06T21:48:00+02:00,54,placa-vella,297,194,103,34.7
2026-10-06T19:48:00Z,2026-10-06T21:48:00+02:00,55,ajuntament-mercat,237,191,46,19.4
2026-10-06T19:49:00Z,2026-10-06T21:49:00+02:00,53,dr-robert,407,303,104,25.6
2026-10-06T19:49:00Z,2026-10-06T21:49:00+02:00,54,placa-vella,297,194,103,34.7
2026-10-06T19:49:00Z,2026-10-06T21:49:00+02:00,55,ajuntament-mercat,237,191,46,19.4
2026-10-06T19:50:00Z,2026-10-06T21:50:00+02:00,53,dr-robert,407,309,98,24.1
2026-10-06T19:50:00Z,2026-10-06T21:50:00+02:00,54,placa-vella,297,196,101,34
2026-10-06T19:50:00Z,2026-10-06T21:50:00+02:00,55,ajuntament-mercat,237,193,44,18.6
2026-10-06T19:51:00Z,2026-10-06T21:51:00+02:00,53,dr-robert,407,309,98,24.1
2026-10-06T19:51:00Z,2026-10-06T21:51:00+02:00,54,placa-vella,297,196,101,34
2026-10-06T19:51:00Z,2026-10-06T21:51:00+02:00,55,ajuntament-mercat,237,193,44,18.6
2026-10-06T19:52:00Z,2026-10-06T21:52:00+02:00,53,dr-robert,407,309,98,24.1
2026-10-06T19:52:00Z,2026-10-06T21:52:00+02:00,54,placa-vella,297,196,101,34
2026-10-06T19:52:00Z,2026-10-06T21:52:00+02:00,55,ajuntament-mercat,237,193,44,18.6
2026-10-06T19:53:00Z,2026-10-06T21:53:00+02:00,53,dr-robert,407,309,98,24.1
2026-10-06T19:53:00Z,2026-10-06T21:53:00+02:00,54,placa-vella,297,196,101,34
2026-10-06T19:53:00Z,2026-10-06T21:53:00+02:00,55,ajuntament-mercat,237,193,44,18.6
2026-10-06T19:54:00Z,2026-10-06T21:54:00+02:00,53,dr-robert,407,309,98,24.1
2026-10-06T19:54:00Z,2026-10-06T21:54:00+02:00,54,placa-vella,297,196,101,34
2026-10-06T19:54:00Z,2026-10-06T21:54:00+02:00,55,ajuntament-mercat,237,193,44,18.6
2026-10-06T19:55:00Z,2026-10-06T21:55:00+02:00,53,dr-robert,407,310,97,23.8
2026-10-06T19:55:00Z,2026-10-06T21:55:00+02:00,54,placa-vella,297,197,100,33.7
2026-10-06T19:55:00Z,2026-10-06T21:55:00+02:00,55,ajuntament-mercat,237,195,42,17.7
2026-10-06T19:56:00Z,2026-10-06T21:56:00+02:00,53,dr-robert,407,310,97,23.8
2026-10-06T19:56:00Z,2026-10-06T21:56:00+02:00,54,placa-vella,297,197,100,33.7
2026-10-06T19:56:00Z,2026-10-06T21:56:00+02:00,55,ajuntament-mercat,237,195,42,17.7
2026-10-06T19:57:00Z,2026-10-06T21:57:00+02:00,53,dr-robert,407,310,97,23.8
2026-10-06T19:57:00Z,2026-10-06T21:57:00+02:00,54,placa-vella,297,197,100,33.7
2026-10-06T19:57:00Z,2026-10-06T21:57:00+02:00,55,ajuntament-mercat,237,195,42,17.7
2026-10-06T19:58:00Z,2026-10-06T21:58:00+02:00,53,dr-robert,407,310,97,23.8
2026-10-06T19:58:00Z,2026-10-06T21:58:00+02:00,54,placa-vella,297,197,100,33.7
2026-10-06T19:58:00Z,2026-10-06T21:58:00+02:00,55,ajuntament-mercat,237,195,42,17.7
2026-10-06T19:59:00Z,2026-10-06T21:59:00+02:00,53,dr-robert,407,310,97,23.8
2026-10-06T19:59:00Z,2026-10-06T21:59:00+02:00,54,placa-vella,297,197,100,33.7
2026-10-06T19:59:00Z,2026-10-06T21:59:00+02:00,55,ajuntament-mercat,237,195,42,17.7
2026-10-06T20:00:00Z,2026-10-06T22:00:00+02:00,53,dr-robert,407,311,96,23.6
2026-10-06T20:00:00Z,2026-10-06T22:00:00+02:00,54,placa-vella,297,198,99,33.3
2026-10-06T20:00:00Z,2026-10-06T22:00:00+02:00,55,ajuntament-mercat,237,195,42,17.7
2026-10-06T20:01:00Z,2026-10-06T22:01:00+02:00,53,dr-robert,407,311,96,23.6
2026-10-06T20:01:00Z,2026-10-06T22:01:00+02:00,54,placa-vella,297,198,99,33.3
2026-10-06T20:01:00Z,2026-10-06T22:01:00+02:00,55,ajuntament-mercat,237,195,42,17.7
2026-10-06T20:02:00Z,2026-10-06T22:02:00+02:00,53,dr-robert,407,311,96,23.6
2026-10-06T20:02:00Z,2026-10-06T22:02:00+02:00,54,placa-vella,297,198,99,33.3
2026-10-06T20:02:00Z,2026-10-06T22:02:00+02:00,55,ajuntament-mercat,237,195,42,17.7
2026-10-06T20:03:00Z,2026-10-06T22:03:00+02:00,53,dr-robert,407,311,96,23.6
2026-10-06T20:03:00Z,2026-10-06T22:03:00+02:00,54,placa-vella,297,198,99,33.3
2026-10-06T20:03:00Z,2026-10-06T22:03:00+02:00,55,ajuntament-mercat,237,195,42,17.7
2026-10-06T20:04:00Z,2026-10-06T22:04:00+02:00,53,dr-robert,407,311,96,23.6
2026-10-06T20:04:00Z,2026-10-06T22:04:00+02:00,54,placa-vella,297,198,99,33.3
2026-10-06T20:04:00Z,2026-10-06T22:04:00+02:00,55,ajuntament-mercat,237,195,42,17.7
2026-10-06T20:05:00Z,2026-10-06T22:05:00+02:00,53,dr-robert,407,312,95,23.3
2026-10-06T20:05:00Z,2026-10-06T22:05:00+02:00,54,placa-vella,297,199,98,33
2026-10-06T20:05:00Z,2026-10-06T22:05:00+02:00,55,ajuntament-mercat,237,195,42,17.7
2026-10-06T20:06:00Z,2026-10-06T22:06:00+02:00,53,dr-robert,407,312,95,23.3
2026-10-06T20:06:00Z,2026-10-06T22:06:00+02:00,54,placa-vella,297,199,98,33
2026-10-06T20:06:00Z,2026-10-06T22:06:00+02:00,55,ajuntament-mercat,237,195,42,17.7
2026-10-06T20:07:00Z,2026-10-06T22:07:00+02:00,53,dr-robert,407,312,95,23.3
2026-10-06T20:07:00Z,2026-10-06T22:07:00+02:00,54,placa-vella,297,199,98,33
2026-10-06T20:07:00Z,2026-10-06T22:07:00+02:00,55,ajuntament-mercat,237,195,42,17.7
2026-10-06T20:08:00Z,2026-10-06T22:08:00+02:00,53,dr-robert,407,312,95,23.3
2026-10-06T20:08:00Z,2026-10-06T22:08:00+02:00,54,placa-vella,297,199,98,33
2026-10-06T20:08:00Z,2026-10-06T22:08:00+02:00,55,ajuntament-mercat,237,195,42,17.7
2026-10-06T20:09:00Z,2026-10-06T22:09:00+02:00,53,dr-robert,407,312,95,23.3
2026-10-06T20:09:00Z,2026-10-06T22:09:00+02:00,54,placa-vella,297,199,98,33
2026-10-06T20:09:00Z,2026-10-06T22:09:00+02:00,55,ajuntament-mercat,237,195,42,17.7
2026-10-06T20:10:00Z,2026-10-06T22:10:00+02:00,53,dr-robert,407,312,95,23.3
2026-10-06T20:10:00Z,2026-10-06T22:10:00+02:00,54,placa-vella,297,201,96,32.3
2026-10-06T20:10:00Z,2026-10-06T22:10:00+02:00,55,ajuntament-mercat,237,195,42,17.7
2026-10-06T20:11:00Z,2026-10-06T22:11:00+02:00,53,dr-robert,407,312,95,23.3
2026-10-06T20:11:00Z,2026-10-06T22:11:00+02:00,54,placa-vella,297,201,96,32.3
2026-10-06T20:11:00Z,2026-10-06T22:11:00+02:00,55,ajuntament-mercat,237,195,42,17.7
2026-10-06T20:12:00Z,2026-10-06T22:12:00+02:00,53,dr-robert,407,312,95,23.3
2026-10-06T20:12:00Z,2026-10-06T22:12:00+02:00,54,placa-vella,297,201,96,32.3
2026-10-06T20:12:00Z,2026-10-06T22:12:00+02:00,55,ajuntament-mercat,237,195,42,17.7
2026-10-06T20:13:00Z,2026-10-06T22:13:00+02:00,53,dr-robert,407,312,95,23.3
2026-10-06T20:13:00Z,2026-10-06T22:13:00+02:00,54,placa-vella,297,201,96,32.3
2026-10-06T20:13:00Z,2026-10-06T22:13:00+02:00,55,ajuntament-mercat,237,195,42,17.7
2026-10-06T20:14:00Z,2026-10-06T22:14:00+02:00,53,dr-robert,407,312,95,23.3
2026-10-06T20:14:00Z,2026-10-06T22:14:00+02:00,54,placa-vella,297,201,96,32.3
2026-10-06T20:14:00Z,2026-10-06T22:14:00+02:00,55,ajuntament-mercat,237,195,42,17.7
2026-10-06T20:15:00Z,2026-10-06T22:15:00+02:00,53,dr-robert,407,314,93,22.9
2026-10-06T20:15:00Z,2026-10-06T22:15:00+02:00,54,placa-vella,297,201,96,32.3
2026-10-06T20:15:00Z,2026-10-06T22:15:00+02:00,55,ajuntament-mercat,237,194,43,18.1
2026-10-06T20:16:00Z,2026-10-06T22:16:00+02:00,53,dr-robert,407,314,93,22.9
2026-10-06T20:16:00Z,2026-10-06T22:16:00+02:00,54,placa-vella,297,201,96,32.3
2026-10-06T20:16:00Z,2026-10-06T22:16:00+02:00,55,ajuntament-mercat,237,194,43,18.1
2026-10-06T20:17:00Z,2026-10-06T22:17:00+02:00,53,dr-robert,407,314,93,22.9
2026-10-06T20:17:00Z,2026-10-06T22:17:00+02:00,54,placa-vella,297,201,96,32.3
2026-10-06T20:17:00Z,2026-10-06T22:17:00+02:00,55,ajuntament-mercat,237,194,43,18.1
2026-10-06T20:18:00Z,2026-10-06T22:18:00+02:00,53,dr-robert,407,314,93,22.9
2026-10-06T20:18:00Z,2026-10-06T22:18:00+02:00,54,placa-vella,297,201,96,32.3
2026-10-06T20:18:00Z,2026-10-06T22:18:00+02:00,55,ajuntament-mercat,237,194,43,18.1
2026-10-06T20:19:00Z,2026-10-06T22:19:00+02:00,53,dr-robert,407,314,93,22.9
2026-10-06T20:19:00Z,2026-10-06T22:19:00+02:00,54,placa-vella,297,201,96,32.3
2026-10-06T20:19:00Z,2026-10-06T22:19:00+02:00,55,ajuntament-mercat,237,194,43,18.1
2026-10-06T20:25:00Z,2026-10-06T22:25:00+02:00,53,dr-robert,407,316,91,22.4
2026-10-06T20:25:00Z,2026-10-06T22:25:00+02:00,54,placa-vella,297,203,94,31.6
2026-10-06T20:25:00Z,2026-10-06T22:25:00+02:00,55,ajuntament-mercat,237,196,41,17.3
2026-10-06T20:26:00Z,2026-10-06T22:26:00+02:00,53,dr-robert,407,316,91,22.4
2026-10-06T20:26:00Z,2026-10-06T22:26:00+02:00,54,placa-vella,297,203,94,31.6
2026-10-06T20:26:00Z,2026-10-06T22:26:00+02:00,55,ajuntament-mercat,237,196,41,17.3
2026-10-06T20:27:00Z,2026-10-06T22:27:00+02:00,53,dr-robert,407,316,91,22.4
2026-10-06T20:27:00Z,2026-10-06T22:27:00+02:00,54,placa-vella,297,203,94,31.6
2026-10-06T20:27:00Z,2026-10-06T22:27:00+02:00,55,ajuntament-mercat,237,196,41,17.3
2026-10-06T20:28:00Z,2026-10-06T22:28:00+02:00,53,dr-robert,407,316,91,22.4
2026-10-06T20:28:00Z,2026-10-06T22:28:00+02:00,54,placa-vella,297,203,94,31.6
2026-10-06T20:28:00Z,2026-10-06T22:28:00+02:00,55,ajuntament-mercat,237,196,41,17.3
2026-10-06T20:29:00Z,2026-10-06T22:29:00+02:00,53,dr-robert,407,316,91,22.4
2026-10-06T20:29:00Z,2026-10-06T22:29:00+02:00,54,placa-vella,297,203,94,31.6
2026-10-06T20:29:00Z,2026-10-06T22:29:00+02:00,55,ajuntament-mercat,237,196,41,17.3
2026-10-06T20:30:00Z,2026-10-06T22:30:00+02:00,53,dr-robert,407,320,87,21.4
2026-10-06T20:30:00Z,2026-10-06T22:30:00+02:00,54,placa-vella,297,204,93,31.3
2026-10-06T20:30:00Z,2026-10-06T22:30:00+02:00,55,ajuntament-mercat,237,197,40,16.9
2026-10-06T20:31:00Z,2026-10-06T22:31:00+02:00,53,dr-robert,407,320,87,21.4
2026-10-06T20:31:00Z,2026-10-06T22:31:00+02:00,54,placa-vella,297,204,93,31.3
2026-10-06T20:31:00Z,2026-10-06T22:31:00+02:00,55,ajuntament-mercat,237,197,40,16.9
2026-10-06T20:32:00Z,2026-10-06T22:32:00+02:00,53,dr-robert,407,320,87,21.4
2026-10-06T20:32:00Z,2026-10-06T22:32:00+02:00,54,placa-vella,297,204,93,31.3
2026-10-06T20:32:00Z,2026-10-06T22:32:00+02:00,55,ajuntament-mercat,237,197,40,16.9
2026-10-06T20:33:00Z,2026-10-06T22:33:00+02:00,53,dr-robert,407,320,87,21.4
2026-10-06T20:33:00Z,2026-10-06T22:33:00+02:00,54,placa-vella,297,204,93,31.3
2026-10-06T20:33:00Z,2026-10-06T22:33:00+02:00,55,ajuntament-mercat,237,197,40,16.9
2026-10-06T20:34:00Z,2026-10-06T22:34:00+02:00,53,dr-robert,407,320,87,21.4
2026-10-06T20:34:00Z,2026-10-06T22:34:00+02:00,54,placa-vella,297,204,93,31.3
2026-10-06T20:34:00Z,2026-10-06T22:34:00+02:00,55,ajuntament-mercat,237,197,40,16.9
2026-10-06T20:35:00Z,2026-10-06T22:35:00+02:00,53,dr-robert,407,321,86,21.1
2026-10-06T20:35:00Z,2026-10-06T22:35:00+02:00,54,placa-vella,297,204,93,31.3
2026-10-06T20:35:00Z,2026-10-06T22:35:00+02:00,55,ajuntament-mercat,237,197,40,16.9
2026-10-06T20:36:00Z,2026-10-06T22:36:00+02:00,53,dr-robert,407,321,86,21.1
2026-10-06T20:36:00Z,2026-10-06T22:36:00+02:00,54,placa-vella,297,204,93,31.3
2026-10-06T20:36:00Z,2026-10-06T22:36:00+02:00,55,ajuntament-mercat,237,197,40,16.9
2026-10-06T20:37:00Z,2026-10-06T22:37:00+02:00,53,dr-robert,407,321,86,21.1
2026-10-06T20:37:00Z,2026-10-06T22:37:00+02:00,54,placa-vella,297,204,93,31.3
2026-10-06T20:37:00Z,2026-10-06T22:37:00+02:00,55,ajuntament-mercat,237,197,40,16.9
2026-10-06T20:38:00Z,2026-10-06T22:38:00+02:00,53,dr-robert,407,321,86,21.1
2026-10-06T20:38:00Z,2026-10-06T22:38:00+02:00,54,placa-vella,297,204,93,31.3
2026-10-06T20:38:00Z,2026-10-06T22:38:00+02:00,55,ajuntament-mercat,237,197,40,16.9
2026-10-06T20:39:00Z,2026-10-06T22:39:00+02:00,53,dr-robert,407,321,86,21.1
2026-10-06T20:39:00Z,2026-10-06T22:39:00+02:00,54,placa-vella,297,204,93,31.3
2026-10-06T20:39:00Z,2026-10-06T22:39:00+02:00,55,ajuntament-mercat,237,197,40,16.9
2026-10-06T20:40:00Z,2026-10-06T22:40:00+02:00,53,dr-robert,407,322,85,20.9
2026-10-06T20:40:00Z,2026-10-06T22:40:00+02:00,54,placa-vella,297,206,91,30.6
2026-10-06T20:40:00Z,2026-10-06T22:40:00+02:00,55,ajuntament-mercat,237,197,40,16.9
2026-10-06T20:41:00Z,2026-10-06T22:41:00+02:00,53,dr-robert,407,322,85,20.9
2026-10-06T20:41:00Z,2026-10-06T22:41:00+02:00,54,placa-vella,297,206,91,30.6
2026-10-06T20:41:00Z,2026-10-06T22:41:00+02:00,55,ajuntament-mercat,237,197,40,16.9
2026-10-06T20:42:00Z,2026-10-06T22:42:00+02:00,53,dr-robert,407,322,85,20.9
2026-10-06T20:42:00Z,2026-10-06T22:42:00+02:00,54,placa-vella,297,206,91,30.6
2026-10-06T20:42:00Z,2026-10-06T22:42:00+02:00,55,ajuntament-mercat,237,197,40,16.9
2026-10-06T20:43:00Z,2026-10-06T22:43:00+02:00,53,dr-robert,407,322,85,20.9
2026-10-06T20:43:00Z,2026-10-06T22:43:00+02:00,54,placa-vella,297,206,91,30.6
2026-10-06T20:43:00Z,2026-10-06T22:43:00+02:00,55,ajuntament-mercat,237,197,40,16.9
2026-10-06T20:44:00Z,2026-10-06T22:44:00+02:00,53,dr-robert,407,322,85,20.9
2026-10-06T20:44:00Z,2026-10-06T22:44:00+02:00,54,placa-vella,297,206,91,30.6
2026-10-06T20:44:00Z,2026-10-06T22:44:00+02:00,55,ajuntament-mercat,237,197,40,16.9
2026-10-06T20:45:00Z,2026-10-06T22:45:00+02:00,53,dr-robert,407,323,84,20.6
2026-10-06T20:45:00Z,2026-10-06T22:45:00+02:00,54,placa-vella,297,206,91,30.6
2026-10-06T20:45:00Z,2026-10-06T22:45:00+02:00,55,ajuntament-mercat,237,197,40,16.9
2026-10-06T20:46:00Z,2026-10-06T22:46:00+02:00,53,dr-robert,407,323,84,20.6
2026-10-06T20:46:00Z,2026-10-06T22:46:00+02:00,54,placa-vella,297,206,91,30.6
2026-10-06T20:46:00Z,2026-10-06T22:46:00+02:00,55,ajuntament-mercat,237,197,40,16.9
2026-10-06T20:47:00Z,2026-10-06T22:47:00+02:00,53,dr-robert,407,323,84,20.6
2026-10-06T20:47:00Z,2026-10-06T22:47:00+02:00,54,placa-vella,297,206,91,30.6
2026-10-06T20:47:00Z,2026-10-06T22:47:00+02:00,55,ajuntament-mercat,237,197,40,16.9
2026-10-06T20:48:00Z,2026-10-06T22:48:00+02:00,53,dr-robert,407,323,84,20.6
2026-10-06T20:48:00Z,2026-10-06T22:48:00+02:00,54,placa-vella,297,206,91,30.6
2026-10-06T20:48:00Z,2026-10-06T22:48:00+02:00,55,ajuntament-mercat,237,197,40,16.9
2026-10-06T20:49:00Z,2026-10-06T22:49:00+02:00,53,dr-robert,407,323,84,20.6
2026-10-06T20:49:00Z,2026-10-06T22:49:00+02:00,54,placa-vella,297,206,91,30.6
2026-10-06T20:49:00Z,2026-10-06T22:49:00+02:00,55,ajuntament-mercat,237,197,40,16.9
2026-10-06T20:50:00Z,2026-10-06T22:50:00+02:00,53,dr-robert,407,324,83,20.4
2026-10-06T20:50:00Z,2026-10-06T22:50:00+02:00,54,placa-vella,297,206,91,30.6
2026-10-06T20:50:00Z,2026-10-06T22:50:00+02:00,55,ajuntament-mercat,237,198,39,16.5
2026-10-06T20:51:00Z,2026-10-06T22:51:00+02:00,53,dr-robert,407,324,83,20.4
2026-10-06T20:51:00Z,2026-10-06T22:51:00+02:00,54,placa-vella,297,206,91,30.6
2026-10-06T20:51:00Z,2026-10-06T22:51:00+02:00,55,ajuntament-mercat,237,198,39,16.5
2026-10-06T20:52:00Z,2026-10-06T22:52:00+02:00,53,dr-robert,407,324,83,20.4
2026-10-06T20:52:00Z,2026-10-06T22:52:00+02:00,54,placa-vella,297,206,91,30.6
2026-10-06T20:52:00Z,2026-10-06T22:52:00+02:00,55,ajuntament-mercat,237,198,39,16.5
2026-10-06T20:53:00Z,2026-10-06T22:53:00+02:00,53,dr-robert,407,324,83,20.4
2026-10-06T20:53:00Z,2026-10-06T22:53:00+02:00,54,placa-vella,297,206,91,30.6
2026-10-06T20:53:00Z,2026-10-06T22:53:00+02:00,55,ajuntament-mercat,237,198,39,16.5
2026-10-06T20:54:00Z,2026-10-06T22:54:00+02:00,53,dr-robert,407,324,83,20.4
2026-10-06T20:54:00Z,2026-10-06T22:54:00+02:00,54,placa-vella,297,206,91,30.6
2026-10-06T20:54:00Z,2026-10-06T22:54:00+02:00,55,ajuntament-mercat,237,198,39,16.5
2026-10-06T20:55:00Z,2026-10-06T22:55:00+02:00,53,dr-robert,407,325,82,20.1
2026-10-06T20:55:00Z,2026-10-06T22:55:00+02:00,54,placa-vella,297,206,91,30.6
2026-10-06T20:55:00Z,2026-10-06T22:55:00+02:00,55,ajuntament-mercat,237,198,39,16.5
2026-10-06T20:56:00Z,2026-10-06T22:56:00+02:00,53,dr-robert,407,325,82,20.1
2026-10-06T20:56:00Z,2026-10-06T22:56:00+02:00,54,placa-vella,297,206,91,30.6
2026-10-06T20:56:00Z,2026-10-06T22:56:00+02:00,55,ajuntament-mercat,237,198,39,16.5
2026-10-06T20:57:00Z,2026-10-06T22:57:00+02:00,53,dr-robert,407,325,82,20.1
2026-10-06T20:57:00Z,2026-10-06T22:57:00+02:00,54,placa-vella,297,206,91,30.6
2026-10-06T20:57:00Z,2026-10-06T22:57:00+02:00,55,ajuntament-mercat,237,198,39,16.5
2026-10-06T20:58:00Z,2026-10-06T22:58:00+02:00,53,dr-robert,407,325,82,20.1
2026-10-06T20:58:00Z,2026-10-06T22:58:00+02:00,54,placa-vella,297,206,91,30.6
2026-10-06T20:58:00Z,2026-10-06T22:58:00+02:00,55,ajuntament-mercat,237,198,39,16.5
2026-10-06T20:59:00Z,2026-10-06T22:59:00+02:00,53,dr-robert,407,325,82,20.1
2026-10-06T20:59:00Z,2026-10-06T22:59:00+02:00,54,placa-vella,297,206,91,30.6
2026-10-06T20:59:00Z,2026-10-06T22:59:00+02:00,55,ajuntament-mercat,237,198,39,16.5
2026-10-06T21:00:00Z,2026-10-06T23:00:00+02:00,53,dr-robert,407,325,82,20.1
2026-10-06T21:00:00Z,2026-10-06T23:00:00+02:00,54,placa-vella,297,206,91,30.6
2026-10-06T21:00:00Z,2026-10-06T23:00:00+02:00,55,ajuntament-mercat,237,198,39,16.5
2026-10-06T21:01:00Z,2026-10-06T23:01:00+02:00,53,dr-robert,407,325,82,20.1
2026-10-06T21:01:00Z,2026-10-06T23:01:00+02:00,54,placa-vella,297,206,91,30.6
2026-10-06T21:01:00Z,2026-10-06T23:01:00+02:00,55,ajuntament-mercat,237,198,39,16.5
2026-10-06T21:02:00Z,2026-10-06T23:02:00+02:00,53,dr-robert,407,326,81,19.9
2026-10-06T21:02:00Z,2026-10-06T23:02:00+02:00,54,placa-vella,297,209,88,29.6
2026-10-06T21:02:00Z,2026-10-06T23:02:00+02:00,55,ajuntament-mercat,237,199,38,16
2026-10-06T21:03:00Z,2026-10-06T23:03:00+02:00,53,dr-robert,407,326,81,19.9
2026-10-06T21:03:00Z,2026-10-06T23:03:00+02:00,54,placa-vella,297,209,88,29.6
2026-10-06T21:03:00Z,2026-10-06T23:03:00+02:00,55,ajuntament-mercat,237,199,38,16
2026-10-06T21:04:00Z,2026-10-06T23:04:00+02:00,53,dr-robert,407,326,81,19.9
2026-10-06T21:04:00Z,2026-10-06T23:04:00+02:00,54,placa-vella,297,209,88,29.6
2026-10-06T21:04:00Z,2026-10-06T23:04:00+02:00,55,ajuntament-mercat,237,199,38,16
2026-10-06T21:05:00Z,2026-10-06T23:05:00+02:00,53,dr-robert,407,326,81,19.9
2026-10-06T21:05:00Z,2026-10-06T23:05:00+02:00,54,placa-vella,297,209,88,29.6
2026-10-06T21:05:00Z,2026-10-06T23:05:00+02:00,55,ajuntament-mercat,237,201,36,15.2
2026-10-06T21:06:00Z,2026-10-06T23:06:00+02:00,53,dr-robert,407,326,81,19.9
2026-10-06T21:06:00Z,2026-10-06T23:06:00+02:00,54,placa-vella,297,209,88,29.6
2026-10-06T21:06:00Z,2026-10-06T23:06:00+02:00,55,ajuntament-mercat,237,201,36,15.2
2026-10-06T21:07:00Z,2026-10-06T23:07:00+02:00,53,dr-robert,407,326,81,19.9
2026-10-06T21:07:00Z,2026-10-06T23:07:00+02:00,54,placa-vella,297,209,88,29.6
2026-10-06T21:07:00Z,2026-10-06T23:07:00+02:00,55,ajuntament-mercat,237,201,36,15.2
2026-10-06T21:08:00Z,2026-10-06T23:08:00+02:00,53,dr-robert,407,326,81,19.9
2026-10-06T21:08:00Z,2026-10-06T23:08:00+02:00,54,placa-vella,297,209,88,29.6
2026-10-06T21:08:00Z,2026-10-06T23:08:00+02:00,55,ajuntament-mercat,237,201,36,15.2
2026-10-06T21:09:00Z,2026-10-06T23:09:00+02:00,53,dr-robert,407,326,81,19.9
2026-10-06T21:09:00Z,2026-10-06T23:09:00+02:00,54,placa-vella,297,209,88,29.6
2026-10-06T21:09:00Z,2026-10-06T23:09:00+02:00,55,ajuntament-mercat,237,201,36,15.2
2026-10-06T21:10:00Z,2026-10-06T23:10:00+02:00,53,dr-robert,407,326,81,19.9
2026-10-06T21:10:00Z,2026-10-06T23:10:00+02:00,54,placa-vella,297,209,88,29.6
2026-10-06T21:10:00Z,2026-10-06T23:10:00+02:00,55,ajuntament-mercat,237,201,36,15.2
2026-10-06T21:11:00Z,2026-10-06T23:11:00+02:00,53,dr-robert,407,326,81,19.9
2026-10-06T21:11:00Z,2026-10-06T23:11:00+02:00,54,placa-vella,297,209,88,29.6
2026-10-06T21:11:00Z,2026-10-06T23:11:00+02:00,55,ajuntament-mercat,237,201,36,15.2
2026-10-06T21:12:00Z,2026-10-06T23:12:00+02:00,53,dr-robert,407,326,81,19.9
2026-10-06T21:12:00Z,2026-10-06T23:12:00+02:00,54,placa-vella,297,209,88,29.6
2026-10-06T21:12:00Z,2026-10-06T23:12:00+02:00,55,ajuntament-mercat,237,201,36,15.2
2026-10-06T21:13:00Z,2026-10-06T23:13:00+02:00,53,dr-robert,407,326,81,19.9
2026-10-06T21:13:00Z,2026-10-06T23:13:00+02:00,54,placa-vella,297,209,88,29.6
2026-10-06T21:13:00Z,2026-10-06T23:13:00+02:00,55,ajuntament-mercat,237,201,36,15.2
2026-10-06T21:14:00Z,2026-10-06T23:14:00+02:00,53,dr-robert,407,326,81,19.9
2026-10-06T21:14:00Z,2026-10-06T23:14:00+02:00,54,placa-vella,297,209,88,29.6
2026-10-06T21:14:00Z,2026-10-06T23:14:00+02:00,55,ajuntament-mercat,237,201,36,15.2
2026-10-06T21:15:00Z,2026-10-06T23:15:00+02:00,53,dr-robert,407,325,82,20.1
2026-10-06T21:15:00Z,2026-10-06T23:15:00+02:00,54,placa-vella,297,208,89,30
2026-10-06T21:15:00Z,2026-10-06T23:15:00+02:00,55,ajuntament-mercat,237,203,34,14.3
2026-10-06T21:16:00Z,2026-10-06T23:16:00+02:00,53,dr-robert,407,325,82,20.1
2026-10-06T21:16:00Z,2026-10-06T23:16:00+02:00,54,placa-vella,297,208,89,30
2026-10-06T21:16:00Z,2026-10-06T23:16:00+02:00,55,ajuntament-mercat,237,203,34,14.3
2026-10-06T21:17:00Z,2026-10-06T23:17:00+02:00,53,dr-robert,407,325,82,20.1
2026-10-06T21:17:00Z,2026-10-06T23:17:00+02:00,54,placa-vella,297,208,89,30
2026-10-06T21:17:00Z,2026-10-06T23:17:00+02:00,55,ajuntament-mercat,237,203,34,14.3
2026-10-06T21:18:00Z,2026-10-06T23:18:00+02:00,53,dr-robert,407,325,82,20.1
2026-10-06T21:18:00Z,2026-10-06T23:18:00+02:00,54,placa-vella,297,208,89,30
2026-10-06T21:18:00Z,2026-10-06T23:18:00+02:00,55,ajuntament-mercat,237,203,34,14.3
2026-10-06T21:19:00Z,2026-10-06T23:19:00+02:00,53,dr-robert,407,325,82,20.1
2026-10-06T21:19:00Z,2026-10-06T23:19:00+02:00,54,placa-vella,297,208,89,30
2026-10-06T21:19:00Z,2026-10-06T23:19:00+02:00,55,ajuntament-mercat,237,203,34,14.3
2026-10-06T21:20:00Z,2026-10-06T23:20:00+02:00,53,dr-robert,407,325,82,20.1
2026-10-06T21:20:00Z,2026-10-06T23:20:00+02:00,54,placa-vella,297,208,89,30
2026-10-06T21:20:00Z,2026-10-06T23:20:00+02:00,55,ajuntament-mercat,237,203,34,14.3
2026-10-06T21:21:00Z,2026-10-06T23:21:00+02:00,53,dr-robert,407,325,82,20.1
2026-10-06T21:21:00Z,2026-10-06T23:21:00+02:00,54,placa-vella,297,208,89,30
2026-10-06T21:21:00Z,2026-10-06T23:21:00+02:00,55,ajuntament-mercat,237,203,34,14.3
2026-10-06T21:22:00Z,2026-10-06T23:22:00+02:00,53,dr-robert,407,325,82,20.1
2026-10-06T21:22:00Z,2026-10-06T23:22:00+02:00,54,placa-vella,297,208,89,30
2026-10-06T21:22:00Z,2026-10-06T23:22:00+02:00,55,ajuntament-mercat,237,203,34,14.3
2026-10-06T21:23:00Z,2026-10-06T23:23:00+02:00,53,dr-robert,407,325,82,20.1
2026-10-06T21:23:00Z,2026-10-06T23:23:00+02:00,54,placa-vella,297,208,89,30
2026-10-06T21:23:00Z,2026-10-06T23:23:00+02:00,55,ajuntament-mercat,237,203,34,14.3
2026-10-06T21:24:00Z,2026-10-06T23:24:00+02:00,53,dr-robert,407,325,82,20.1
2026-10-06T21:24:00Z,2026-10-06T23:24:00+02:00,54,placa-vella,297,208,89,30
2026-10-06T21:24:00Z,2026-10-06T23:24:00+02:00,55,ajuntament-mercat,237,203,34,14.3
2026-10-06T21:25:00Z,2026-10-06T23:25:00+02:00,53,dr-robert,407,326,81,19.9
2026-10-06T21:25:00Z,2026-10-06T23:25:00+02:00,54,placa-vella,297,208,89,30
2026-10-06T21:25:00Z,2026-10-06T23:25:00+02:00,55,ajuntament-mercat,237,203,34,14.3
2026-10-06T21:26:00Z,2026-10-06T23:26:00+02:00,53,dr-robert,407,326,81,19.9
2026-10-06T21:26:00Z,2026-10-06T23:26:00+02:00,54,placa-vella,297,208,89,30
2026-10-06T21:26:00Z,2026-10-06T23:26:00+02:00,55,ajuntament-mercat,237,203,34,14.3
2026-10-06T21:27:00Z,2026-10-06T23:27:00+02:00,53,dr-robert,407,326,81,19.9
2026-10-06T21:27:00Z,2026-10-06T23:27:00+02:00,54,placa-vella,297,208,89,30
2026-10-06T21:27:00Z,2026-10-06T23:27:00+02:00,55,ajuntament-mercat,237,203,34,14.3
2026-10-06T21:28:00Z,2026-10-06T23:28:00+02:00,53,dr-robert,407,326,81,19.9
2026-10-06T21:28:00Z,2026-10-06T23:28:00+02:00,54,placa-vella,297,208,89,30
2026-10-06T21:28:00Z,2026-10-06T23:28:00+02:00,55,ajuntament-mercat,237,203,34,14.3
2026-10-06T21:29:00Z,2026-10-06T23:29:00+02:00,53,dr-robert,407,326,81,19.9
2026-10-06T21:29:00Z,2026-10-06T23:29:00+02:00,54,placa-vella,297,208,89,30
2026-10-06T21:29:00Z,2026-10-06T23:29:00+02:00,55,ajuntament-mercat,237,203,34,14.3
2026-10-06T21:30:00Z,2026-10-06T23:30:00+02:00,53,dr-robert,407,324,83,20.4
2026-10-06T21:30:00Z,2026-10-06T23:30:00+02:00,54,placa-vella,297,209,88,29.6
2026-10-06T21:30:00Z,2026-10-06T23:30:00+02:00,55,ajuntament-mercat,237,203,34,14.3
2026-10-06T21:31:00Z,2026-10-06T23:31:00+02:00,53,dr-robert,407,324,83,20.4
2026-10-06T21:31:00Z,2026-10-06T23:31:00+02:00,54,placa-vella,297,209,88,29.6
2026-10-06T21:31:00Z,2026-10-06T23:31:00+02:00,55,ajuntament-mercat,237,203,34,14.3
2026-10-06T21:32:00Z,2026-10-06T23:32:00+02:00,53,dr-robert,407,324,83,20.4
2026-10-06T21:32:00Z,2026-10-06T23:32:00+02:00,54,placa-vella,297,209,88,29.6
2026-10-06T21:32:00Z,2026-10-06T23:32:00+02:00,55,ajuntament-mercat,237,203,34,14.3
2026-10-06T21:33:00Z,2026-10-06T23:33:00+02:00,53,dr-robert,407,324,83,20.4
2026-10-06T21:33:00Z,2026-10-06T23:33:00+02:00,54,placa-vella,297,209,88,29.6
2026-10-06T21:33:00Z,2026-10-06T23:33:00+02:00,55,ajuntament-mercat,237,203,34,14.3
2026-10-06T21:34:00Z,2026-10-06T23:34:00+02:00,53,dr-robert,407,324,83,20.4
2026-10-06T21:34:00Z,2026-10-06T23:34:00+02:00,54,placa-vella,297,209,88,29.6
2026-10-06T21:34:00Z,2026-10-06T23:34:00+02:00,55,ajuntament-mercat,237,203,34,14.3
2026-10-06T21:35:00Z,2026-10-06T23:35:00+02:00,53,dr-robert,407,324,83,20.4
2026-10-06T21:35:00Z,2026-10-06T23:35:00+02:00,54,placa-vella,297,209,88,29.6
2026-10-06T21:35:00Z,2026-10-06T23:35:00+02:00,55,ajuntament-mercat,237,203,34,14.3
2026-10-06T21:36:00Z,2026-10-06T23:36:00+02:00,53,dr-robert,407,324,83,20.4
2026-10-06T21:36:00Z,2026-10-06T23:36:00+02:00,54,placa-vella,297,209,88,29.6
2026-10-06T21:36:00Z,2026-10-06T23:36:00+02:00,55,ajuntament-mercat,237,203,34,14.3
2026-10-06T21:37:00Z,2026-10-06T23:37:00+02:00,53,dr-robert,407,324,83,20.4
2026-10-06T21:37:00Z,2026-10-06T23:37:00+02:00,54,placa-vella,297,209,88,29.6
2026-10-06T21:37:00Z,2026-10-06T23:37:00+02:00,55,ajuntament-mercat,237,203,34,14.3
2026-10-06T21:38:00Z,2026-10-06T23:38:00+02:00,53,dr-robert,407,324,83,20.4
2026-10-06T21:38:00Z,2026-10-06T23:38:00+02:00,54,placa-vella,297,209,88,29.6
2026-10-06T21:38:00Z,2026-10-06T23:38:00+02:00,55,ajuntament-mercat,237,203,34,14.3
2026-10-06T21:39:00Z,2026-10-06T23:39:00+02:00,53,dr-robert,407,324,83,20.4
2026-10-06T21:39:00Z,2026-10-06T23:39:00+02:00,54,placa-vella,297,209,88,29.6
2026-10-06T21:39:00Z,2026-10-06T23:39:00+02:00,55,ajuntament-mercat,237,203,34,14.3
2026-10-06T21:40:00Z,2026-10-06T23:40:00+02:00,53,dr-robert,407,324,83,20.4
2026-10-06T21:40:00Z,2026-10-06T23:40:00+02:00,54,placa-vella,297,211,86,29
2026-10-06T21:40:00Z,2026-10-06T23:40:00+02:00,55,ajuntament-mercat,237,203,34,14.3
2026-10-06T21:41:00Z,2026-10-06T23:41:00+02:00,53,dr-robert,407,324,83,20.4
2026-10-06T21:41:00Z,2026-10-06T23:41:00+02:00,54,placa-vella,297,211,86,29
2026-10-06T21:41:00Z,2026-10-06T23:41:00+02:00,55,ajuntament-mercat,237,203,34,14.3
2026-10-06T21:42:00Z,2026-10-06T23:42:00+02:00,53,dr-robert,407,324,83,20.4
2026-10-06T21:42:00Z,2026-10-06T23:42:00+02:00,54,placa-vella,297,211,86,29
2026-10-06T21:42:00Z,2026-10-06T23:42:00+02:00,55,ajuntament-mercat,237,203,34,14.3
2026-10-06T21:43:00Z,2026-10-06T23:43:00+02:00,53,dr-robert,407,324,83,20.4
2026-10-06T21:43:00Z,2026-10-06T23:43:00+02:00,54,placa-vella,297,211,86,29
2026-10-06T21:43:00Z,2026-10-06T23:43:00+02:00,55,ajuntament-mercat,237,203,34,14.3
2026-10-06T21:44:00Z,2026-10-06T23:44:00+02:00,53,dr-robert,407,324,83,20.4
2026-10-06T21:44:00Z,2026-10-06T23:44:00+02:00,54,placa-vella,297,211,86,29
2026-10-06T21:44:00Z,2026-10-06T23:44:00+02:00,55,ajuntament-mercat,237,203,34,14.3
2026-10-06T21:45:00Z,2026-10-06T23:45:00+02:00,53,dr-robert,407,325,82,20.1
2026-10-06T21:45:00Z,2026-10-06T23:45:00+02:00,54,placa-vella,297,210,87,29.3
2026-10-06T21:45:00Z,2026-10-06T23:45:00+02:00,55,ajuntament-mercat,237,203,34,14.3
2026-10-06T21:46:00Z,2026-10-06T23:46:00+02:00,53,dr-robert,407,325,82,20.1
2026-10-06T21:46:00Z,2026-10-06T23:46:00+02:00,54,placa-vella,297,210,87,29.3
2026-10-06T21:46:00Z,2026-10-06T23:46:00+02:00,55,ajuntament-mercat,237,203,34,14.3
2026-10-06T21:47:00Z,2026-10-06T23:47:00+02:00,53,dr-robert,407,325,82,20.1
2026-10-06T21:47:00Z,2026-10-06T23:47:00+02:00,54,placa-vella,297,210,87,29.3
2026-10-06T21:47:00Z,2026-10-06T23:47:00+02:00,55,ajuntament-mercat,237,203,34,14.3
2026-10-06T21:48:00Z,2026-10-06T23:48:00+02:00,53,dr-robert,407,325,82,20.1
2026-10-06T21:48:00Z,2026-10-06T23:48:00+02:00,54,placa-vella,297,210,87,29.3
2026-10-06T21:48:00Z,2026-10-06T23:48:00+02:00,55,ajuntament-mercat,237,203,34,14.3
2026-10-06T21:49:00Z,2026-10-06T23:49:00+02:00,53,dr-robert,407,325,82,20.1
2026-10-06T21:49:00Z,2026-10-06T23:49:00+02:00,54,placa-vella,297,210,87,29.3
2026-10-06T21:49:00Z,2026-10-06T23:49:00+02:00,55,ajuntament-mercat,237,203,34,14.3
2026-10-06T21:50:00Z,2026-10-06T23:50:00+02:00,53,dr-robert,407,326,81,19.9
2026-10-06T21:50:00Z,2026-10-06T23:50:00+02:00,54,placa-vella,297,209,88,29.6
2026-10-06T21:50:00Z,2026-10-06T23:50:00+02:00,55,ajuntament-mercat,237,203,34,14.3
2026-10-06T21:51:00Z,2026-10-06T23:51:00+02:00,53,dr-robert,407,326,81,19.9
2026-10-06T21:51:00Z,2026-10-06T23:51:00+02:00,54,placa-vella,297,209,88,29.6
2026-10-06T21:51:00Z,2026-10-06T23:51:00+02:00,55,ajuntament-mercat,237,203,34,14.3
2026-10-06T21:52:00Z,2026-10-06T23:52:00+02:00,53,dr-robert,407,326,81,19.9
2026-10-06T21:52:00Z,2026-10-06T23:52:00+02:00,54,placa-vella,297,209,88,29.6
2026-10-06T21:52:00Z,2026-10-06T23:52:00+02:00,55,ajuntament-mercat,237,203,34,14.3
2026-10-06T21:53:00Z,2026-10-06T23:53:00+02:00,53,dr-robert,407,326,81,19.9
2026-10-06T21:53:00Z,2026-10-06T23:53:00+02:00,54,placa-vella,297,209,88,29.6
2026-10-06T21:53:00Z,2026-10-06T23:53:00+02:00,55,ajuntament-mercat,237,203,34,14.3
2026-10-06T21:54:00Z,2026-10-06T23:54:00+02:00,53,dr-robert,407,326,81,19.9
2026-10-06T21:54:00Z,2026-10-06T23:54:00+02:00,54,placa-vella,297,209,88,29.6
2026-10-06T21:54:00Z,2026-10-06T23:54:00+02:00,55,ajuntament-mercat,237,203,34,14.3
2026-10-06T21:55:00Z,2026-10-06T23:55:00+02:00,53,dr-robert,407,325,82,20.1
2026-10-06T21:55:00Z,2026-10-06T23:55:00+02:00,54,placa-vella,297,209,88,29.6
2026-10-06T21:55:00Z,2026-10-06T23:55:00+02:00,55,ajuntament-mercat,237,203,34,14.3
2026-10-06T21:56:00Z,2026-10-06T23:56:00+02:00,53,dr-robert,407,325,82,20.1
2026-10-06T21:56:00Z,2026-10-06T23:56:00+02:00,54,placa-vella,297,209,88,29.6
2026-10-06T21:56:00Z,2026-10-06T23:56:00+02:00,55,ajuntament-mercat,237,203,34,14.3
2026-10-06T21:57:00Z,2026-10-06T23:57:00+02:00,53,dr-robert,407,325,82,20.1
2026-10-06T21:57:00Z,2026-10-06T23:57:00+02:00,54,placa-vella,297,209,88,29.6
2026-10-06T21:57:00Z,2026-10-06T23:57:00+02:00,55,ajuntament-mercat,237,203,34,14.3
2026-10-06T21:58:00Z,2026-10-06T23:58:00+02:00,53,dr-robert,407,325,82,20.1
2026-10-06T21:58:00Z,2026-10-06T23:58:00+02:00,54,placa-vella,297,209,88,29.6
2026-10-06T21:58:00Z,2026-10-06T23:58:00+02:00,55,ajuntament-mercat,237,203,34,14.3
2026-10-06T21:59:00Z,2026-10-06T23:59:00+02:00,53,dr-robert,407,325,82,20.1
2026-10-06T21:59:00Z,2026-10-06T23:59:00+02:00,54,placa-vella,297,209,88,29.6
2026-10-06T21:59:00Z,2026-10-06T23:59:00+02:00,55,ajuntament-mercat,237,203,34,14.3
