timestamp_utc,timestamp_local,parking_id,parking_slug,capacity,available,occupied,occupancy_pct
2026-09-16T22:00:00Z,2026-09-17T00:00:00+02:00,53,dr-robert,407,321,86,21.1
2026-09-16T22:00:00Z,2026-09-17T00:00:00+02:00,54,placa-vella,297,218,79,26.6
2026-09-16T22:00:00Z,2026-09-17T00:00:00+02:00,55,ajuntament-mercat,237,187,50,21.1
2026-09-16T22:01:00Z,2026-09-17T00:01:00+02:00,53,dr-robert,407,321,86,21.1
2026-09-16T22:01:00Z,2026-09-17T00:01:00+02:00,54,placa-vella,297,220,77,25.9
2026-09-16T22:01:00Z,2026-09-17T00:01:00+02:00,55,ajuntament-mercat,237,186,51,21.5
2026-09-16T22:02:00Z,2026-09-17T00:02:00+02:00,53,dr-robert,407,321,86,21.1
2026-09-16T22:02:00Z,2026-09-17T00:02:00+02:00,54,placa-vella,297,220,77,25.9
2026-09-16T22:02:00Z,2026-09-17T00:02:00+02:00,55,ajuntament-mercat,237,186,51,21.5
2026-09-16T22:03:00Z,2026-09-17T00:03:00+02:00,53,dr-robert,407,321,86,21.1
2026-09-16T22:03:00Z,2026-09-17T00:03:00+02:00,54,placa-vella,297,220,77,25.9
2026-09-16T22:03:00Z,2026-09-17T00:03:00+02:00,55,ajuntament-mercat,237,186,51,21.5
2026-09-16T22:04:00Z,2026-09-17T00:04:00+02:00,53,dr-robert,407,321,86,21.1
2026-09-16T22:04:00Z,2026-09-17T00:04:00+02:00,54,placa-vella,297,220,77,25.9
2026-09-16T22:04:00Z,2026-09-17T00:04:00+02:00,55,ajuntament-mercat,237,186,51,21.5
2026-09-16T22:05:00Z,2026-09-17T00:05:00+02:00,53,dr-robert,407,321,86,21.1
2026-09-16T22:05:00Z,2026-09-17T00:05:00+02:00,54,placa-vella,297,220,77,25.9
2026-09-16T22:05:00Z,2026-09-17T00:05:00+02:00,55,ajuntament-mercat,237,186,51,21.5
2026-09-16T22:06:00Z,2026-09-17T00:06:00+02:00,53,dr-robert,407,320,87,21.4
2026-09-16T22:06:00Z,2026-09-17T00:06:00+02:00,54,placa-vella,297,220,77,25.9
2026-09-16T22:06:00Z,2026-09-17T00:06:00+02:00,55,ajuntament-mercat,237,186,51,21.5
2026-09-16T22:07:00Z,2026-09-17T00:07:00+02:00,53,dr-robert,407,320,87,21.4
2026-09-16T22:07:00Z,2026-09-17T00:07:00+02:00,54,placa-vella,297,220,77,25.9
2026-09-16T22:07:00Z,2026-09-17T00:07:00+02:00,55,ajuntament-mercat,237,186,51,21.5
2026-09-16T22:08:00Z,2026-09-17T00:08:00+02:00,53,dr-robert,407,320,87,21.4
2026-09-16T22:08:00Z,2026-09-17T00:08:00+02:00,54,placa-vella,297,220,77,25.9
2026-09-16T22:08:00Z,2026-09-17T00:08:00+02:00,55,ajuntament-mercat,237,186,51,21.5
2026-09-16T22:09:00Z,2026-09-17T00:09:00+02:00,53,dr-robert,407,320,87,21.4
2026-09-16T22:09:00Z,2026-09-17T00:09:00+02:00,54,placa-vella,297,220,77,25.9
2026-09-16T22:09:00Z,2026-09-17T00:09:00+02:00,55,ajuntament-mercat,237,186,51,21.5
2026-09-16T22:10:00Z,2026-09-17T00:10:00+02:00,53,dr-robert,407,321,86,21.1
2026-09-16T22:10:00Z,2026-09-17T00:10:00+02:00,54,placa-vella,297,219,78,26.3
2026-09-16T22:10:00Z,2026-09-17T00:10:00+02:00,55,ajuntament-mercat,237,186,51,21.5
2026-09-16T22:11:00Z,2026-09-17T00:11:00+02:00,53,dr-robert,407,321,86,21.1
2026-09-16T22:11:00Z,2026-09-17T00:11:00+02:00,54,placa-vella,297,219,78,26.3
2026-09-16T22:11:00Z,2026-09-17T00:11:00+02:00,55,ajuntament-mercat,237,186,51,21.5
2026-09-16T22:12:00Z,2026-09-17T00:12:00+02:00,53,dr-robert,407,321,86,21.1
2026-09-16T22:12:00Z,2026-09-17T00:12:00+02:00,54,placa-vella,297,219,78,26.3
2026-09-16T22:12:00Z,2026-09-17T00:12:00+02:00,55,ajuntament-mercat,237,186,51,21.5
2026-09-16T22:13:00Z,2026-09-17T00:13:00+02:00,53,dr-robert,407,321,86,21.1
2026-09-16T22:13:00Z,2026-09-17T00:13:00+02:00,54,placa-vella,297,219,78,26.3
2026-09-16T22:13:00Z,2026-09-17T00:13:00+02:00,55,ajuntament-mercat,237,186,51,21.5
2026-09-16T22:14:00Z,2026-09-17T00:14:00+02:00,53,dr-robert,407,321,86,21.1
2026-09-16T22:14:00Z,2026-09-17T00:14:00+02:00,54,placa-vella,297,219,78,26.3
2026-09-16T22:14:00Z,2026-09-17T00:14:00+02:00,55,ajuntament-mercat,237,186,51,21.5
2026-09-16T22:15:00Z,2026-09-17T00:15:00+02:00,53,dr-robert,407,321,86,21.1
2026-09-16T22:15:00Z,2026-09-17T00:15:00+02:00,54,placa-vella,297,219,78,26.3
2026-09-16T22:15:00Z,2026-09-17T00:15:00+02:00,55,ajuntament-mercat,237,186,51,21.5
2026-09-16T22:16:00Z,2026-09-17T00:16:00+02:00,53,dr-robert,407,323,84,20.6
2026-09-16T22:16:00Z,2026-09-17T00:16:00+02:00,54,placa-vella,297,219,78,26.3
2026-09-16T22:16:00Z,2026-09-17T00:16:00+02:00,55,ajuntament-mercat,237,186,51,21.5
2026-09-16T22:17:00Z,2026-09-17T00:17:00+02:00,53,dr-robert,407,323,84,20.6
2026-09-16T22:17:00Z,2026-09-17T00:17:00+02:00,54,placa-vella,297,219,78,26.3
2026-09-16T22:17:00Z,2026-09-17T00:17:00+02:00,55,ajuntament-mercat,237,186,51,21.5
2026-09-16T22:18:00Z,2026-09-17T00:18:00+02:00,53,dr-robert,407,323,84,20.6
2026-09-16T22:18:00Z,2026-09-17T00:18:00+02:00,54,placa-vella,297,219,78,26.3
2026-09-16T22:18:00Z,2026-09-17T00:18:00+02:00,55,ajuntament-mercat,237,186,51,21.5
2026-09-16T22:19:00Z,2026-09-17T00:19:00+02:00,53,dr-robert,407,323,84,20.6
2026-09-16T22:19:00Z,2026-09-17T00:19:00+02:00,54,placa-vella,297,219,78,26.3
2026-09-16T22:19:00Z,2026-09-17T00:19:00+02:00,55,ajuntament-mercat,237,186,51,21.5
2026-09-16T22:20:00Z,2026-09-17T00:20:00+02:00,53,dr-robert,407,322,85,20.9
2026-09-16T22:20:00Z,2026-09-17T00:20:00+02:00,54,placa-vella,297,219,78,26.3
2026-09-16T22:20:00Z,2026-09-17T00:20:00+02:00,55,ajuntament-mercat,237,186,51,21.5
2026-09-16T22:21:00Z,2026-09-17T00:21:00+02:00,53,dr-robert,407,322,85,20.9
2026-09-16T22:21:00Z,2026-09-17T00:21:00+02:00,54,placa-vella,297,219,78,26.3
2026-09-16T22:21:00Z,2026-09-17T00:21:00+02:00,55,ajuntament-mercat,237,186,51,21.5
2026-09-16T22:22:00Z,2026-09-17T00:22:00+02:00,53,dr-robert,407,322,85,20.9
2026-09-16T22:22:00Z,2026-09-17T00:22:00+02:00,54,placa-vella,297,219,78,26.3
2026-09-16T22:22:00Z,2026-09-17T00:22:00+02:00,55,ajuntament-mercat,237,186,51,21.5
2026-09-16T22:23:00Z,2026-09-17T00:23:00+02:00,53,dr-robert,407,322,85,20.9
2026-09-16T22:23:00Z,2026-09-17T00:23:00+02:00,54,placa-vella,297,219,78,26.3
2026-09-16T22:23:00Z,2026-09-17T00:23:00+02:00,55,ajuntament-mercat,237,186,51,21.5
2026-09-16T22:24:00Z,2026-09-17T00:24:00+02:00,53,dr-robert,407,322,85,20.9
2026-09-16T22:24:00Z,2026-09-17T00:24:00+02:00,54,placa-vella,297,219,78,26.3
2026-09-16T22:24:00Z,2026-09-17T00:24:00+02:00,55,ajuntament-mercat,237,186,51,21.5
2026-09-16T22:25:00Z,2026-09-17T00:25:00+02:00,53,dr-robert,407,322,85,20.9
2026-09-16T22:25:00Z,2026-09-17T00:25:00+02:00,54,placa-vella,297,218,79,26.6
2026-09-16T22:25:00Z,2026-09-17T00:25:00+02:00,55,ajuntament-mercat,237,186,51,21.5
2026-09-16T22:26:00Z,2026-09-17T00:26:00+02:00,53,dr-robert,407,322,85,20.9
2026-09-16T22:26:00Z,2026-09-17T00:26:00+02:00,54,placa-vella,297,218,79,26.6
2026-09-16T22:26:00Z,2026-09-17T00:26:00+02:00,55,ajuntament-mercat,237,186,51,21.5
2026-09-16T22:27:00Z,2026-09-17T00:27:00+02:00,53,dr-robert,407,322,85,20.9
2026-09-16T22:27:00Z,2026-09-17T00:27:00+02:00,54,placa-vella,297,218,79,26.6
2026-09-16T22:27:00Z,2026-09-17T00:27:00+02:00,55,ajuntament-mercat,237,186,51,21.5
2026-09-16T22:28:00Z,2026-09-17T00:28:00+02:00,53,dr-robert,407,322,85,20.9
2026-09-16T22:28:00Z,2026-09-17T00:28:00+02:00,54,placa-vella,297,218,79,26.6
2026-09-16T22:28:00Z,2026-09-17T00:28:00+02:00,55,ajuntament-mercat,237,186,51,21.5
2026-09-16T22:29:00Z,2026-09-17T00:29:00+02:00,53,dr-robert,407,322,85,20.9
2026-09-16T22:29:00Z,2026-09-17T00:29:00+02:00,54,placa-vella,297,218,79,26.6
2026-09-16T22:29:00Z,2026-09-17T00:29:00+02:00,55,ajuntament-mercat,237,186,51,21.5
2026-09-16T22:30:00Z,2026-09-17T00:30:00+02:00,53,dr-robert,407,324,83,20.4
2026-09-16T22:30:00Z,2026-09-17T00:30:00+02:00,54,placa-vella,297,218,79,26.6
2026-09-16T22:30:00Z,2026-09-17T00:30:00+02:00,55,ajuntament-mercat,237,186,51,21.5
2026-09-16T22:31:00Z,2026-09-17T00:31:00+02:00,53,dr-robert,407,324,83,20.4
2026-09-16T22:31:00Z,2026-09-17T00:31:00+02:00,54,placa-vella,297,218,79,26.6
2026-09-16T22:31:00Z,2026-09-17T00:31:00+02:00,55,ajuntament-mercat,237,186,51,21.5
2026-09-16T22:32:00Z,2026-09-17T00:32:00+02:00,53,dr-robert,407,324,83,20.4
2026-09-16T22:32:00Z,2026-09-17T00:32:00+02:00,54,placa-vella,297,218,79,26.6
2026-09-16T22:32:00Z,2026-09-17T00:32:00+02:00,55,ajuntament-mercat,237,186,51,21.5
2026-09-16T22:33:00Z,2026-09-17T00:33:00+02:00,53,dr-robert,407,324,83,20.4
2026-09-16T22:33:00Z,2026-09-17T00:33:00+02:00,54,placa-vella,297,218,79,26.6
2026-09-16T22:33:00Z,2026-09-17T00:33:00+02:00,55,ajuntament-mercat,237,186,51,21.5
2026-09-16T22:34:00Z,2026-09-17T00:34:00+02:00,53,dr-robert,407,324,83,20.4
2026-09-16T22:34:00Z,2026-09-17T00:34:00+02:00,54,placa-vella,297,218,79,26.6
2026-09-16T22:34:00Z,2026-09-17T00:34:00+02:00,55,ajuntament-mercat,237,186,51,21.5
2026-09-16T22:35:00Z,2026-09-17T00:35:00+02:00,53,dr-robert,407,324,83,20.4
2026-09-16T22:35:00Z,2026-09-17T00:35:00+02:00,54,placa-vella,297,218,79,26.6
2026-09-16T22:35:00Z,2026-09-17T00:35:00+02:00,55,ajuntament-mercat,237,186,51,21.5
2026-09-16T22:36:00Z,2026-09-17T00:36:00+02:00,53,dr-robert,407,324,83,20.4
2026-09-16T22:36:00Z,2026-09-17T00:36:00+02:00,54,placa-vella,297,218,79,26.6
2026-09-16T22:36:00Z,2026-09-17T00:36:00+02:00,55,ajuntament-mercat,237,186,51,21.5
2026-09-16T22:37:00Z,2026-09-17T00:37:00+02:00,53,dr-robert,407,324,83,20.4
2026-09-16T22:37:00Z,2026-09-17T00:37:00+02:00,54,placa-vella,297,218,79,26.6
2026-09-16T22:37:00Z,2026-09-17T00:37:00+02:00,55,ajuntament-mercat,237,186,51,21.5
2026-09-16T22:38:00Z,2026-09-17T00:38:00+02:00,53,dr-robert,407,324,83,20.4
2026-09-16T22:38:00Z,2026-09-17T00:38:00+02:00,54,placa-vella,297,218,79,26.6
2026-09-16T22:38:00Z,2026-09-17T00:38:00+02:00,55,ajuntament-mercat,237,186,51,21.5
2026-09-16T22:39:00Z,2026-09-17T00:39:00+02:00,53,dr-robert,407,324,83,20.4
2026-09-16T22:39:00Z,2026-09-17T00:39:00+02:00,54,placa-vella,297,218,79,26.6
2026-09-16T22:39:00Z,2026-09-17T00:39:00+02:00,55,ajuntament-mercat,237,186,51,21.5
2026-09-16T22:40:00Z,2026-09-17T00:40:00+02:00,53,dr-robert,407,324,83,20.4
2026-09-16T22:40:00Z,2026-09-17T00:40:00+02:00,54,placa-vella,297,218,79,26.6
2026-09-16T22:40:00Z,2026-09-17T00:40:00+02:00,55,ajuntament-mercat,237,186,51,21.5
2026-09-16T22:41:00Z,2026-09-17T00:41:00+02:00,53,dr-robert,407,324,83,20.4
2026-09-16T22:41:00Z,2026-09-17T00:41:00+02:00,54,placa-vella,297,218,79,26.6
2026-09-16T22:41:00Z,2026-09-17T00:41:00+02:00,55,ajuntament-mercat,237,186,51,21.5
2026-09-16T22:42:00Z,2026-09-17T00:42:00+02:00,53,dr-robert,407,324,83,20.4
2026-09-16T22:42:00Z,2026-09-17T00:42:00+02:00,54,placa-vella,297,218,79,26.6
2026-09-16T22:42:00Z,2026-09-17T00:42:00+02:00,55,ajuntament-mercat,237,186,51,21.5
2026-09-16T22:43:00Z,2026-09-17T00:43:00+02:00,53,dr-robert,407,324,83,20.4
2026-09-16T22:43:00Z,2026-09-17T00:43:00+02:00,54,placa-vella,297,218,79,26.6
2026-09-16T22:43:00Z,2026-09-17T00:43:00+02:00,55,ajuntament-mercat,237,186,51,21.5
2026-09-16T22:44:00Z,2026-09-17T00:44:00+02:00,53,dr-robert,407,324,83,20.4
2026-09-16T22:44:00Z,2026-09-17T00:44:00+02:00,54,placa-vella,297,218,79,26.6
2026-09-16T22:44:00Z,2026-09-17T00:44:00+02:00,55,ajuntament-mercat,237,186,51,21.5
2026-09-16T22:45:00Z,2026-09-17T00:45:00+02:00,53,dr-robert,407,324,83,20.4
2026-09-16T22:45:00Z,2026-09-17T00:45:00+02:00,54,placa-vella,297,218,79,26.6
2026-09-16T22:45:00Z,2026-09-17T00:45:00+02:00,55,ajuntament-mercat,237,186,51,21.5
2026-09-16T22:46:00Z,2026-09-17T00:46:00+02:00,53,dr-robert,407,324,83,20.4
2026-09-16T22:46:00Z,2026-09-17T00:46:00+02:00,54,placa-vella,297,218,79,26.6
2026-09-16T22:46:00Z,2026-09-17T00:46:00+02:00,55,ajuntament-mercat,237,186,51,21.5
2026-09-16T22:47:00Z,2026-09-17T00:47:00+02:00,53,dr-robert,407,324,83,20.4
2026-09-16T22:47:00Z,2026-09-17T00:47:00+02:00,54,placa-vella,297,218,79,26.6
2026-09-16T22:47:00Z,2026-09-17T00:47:00+02:00,55,ajuntament-mercat,237,186,51,21.5
2026-09-16T22:48:00Z,2026-09-17T00:48:00+02:00,53,dr-robert,407,324,83,20.4
2026-09-16T22:48:00Z,2026-09-17T00:48:00+02:00,54,placa-vella,297,218,79,26.6
2026-09-16T22:48:00Z,2026-09-17T00:48:00+02:00,55,ajuntament-mercat,237,186,51,21.5
2026-09-16T22:49:00Z,2026-09-17T00:49:00+02:00,53,dr-robert,407,324,83,20.4
2026-09-16T22:49:00Z,2026-09-17T00:49:00+02:00,54,placa-vella,297,218,79,26.6
2026-09-16T22:49:00Z,2026-09-17T00:49:00+02:00,55,ajuntament-mercat,237,186,51,21.5
2026-09-16T22:50:00Z,2026-09-17T00:50:00+02:00,53,dr-robert,407,326,81,19.9
2026-09-16T22:50:00Z,2026-09-17T00:50:00+02:00,54,placa-vella,297,218,79,26.6
2026-09-16T22:50:00Z,2026-09-17T00:50:00+02:00,55,ajuntament-mercat,237,186,51,21.5
2026-09-16T22:51:00Z,2026-09-17T00:51:00+02:00,53,dr-robert,407,326,81,19.9
2026-09-16T22:51:00Z,2026-09-17T00:51:00+02:00,54,placa-vella,297,218,79,26.6
2026-09-16T22:51:00Z,2026-09-17T00:51:00+02:00,55,ajuntament-mercat,237,186,51,21.5
2026-09-16T22:52:00Z,2026-09-17T00:52:00+02:00,53,dr-robert,407,326,81,19.9
2026-09-16T22:52:00Z,2026-09-17T00:52:00+02:00,54,placa-vella,297,218,79,26.6
2026-09-16T22:52:00Z,2026-09-17T00:52:00+02:00,55,ajuntament-mercat,237,186,51,21.5
2026-09-16T22:53:00Z,2026-09-17T00:53:00+02:00,53,dr-robert,407,326,81,19.9
2026-09-16T22:53:00Z,2026-09-17T00:53:00+02:00,54,placa-vella,297,218,79,26.6
2026-09-16T22:53:00Z,2026-09-17T00:53:00+02:00,55,ajuntament-mercat,237,186,51,21.5
2026-09-16T22:54:00Z,2026-09-17T00:54:00+02:00,53,dr-robert,407,326,81,19.9
2026-09-16T22:54:00Z,2026-09-17T00:54:00+02:00,54,placa-vella,297,218,79,26.6
2026-09-16T22:54:00Z,2026-09-17T00:54:00+02:00,55,ajuntament-mercat,237,186,51,21.5
2026-09-16T22:55:00Z,2026-09-17T00:55:00+02:00,53,dr-robert,407,327,80,19.7
2026-09-16T22:55:00Z,2026-09-17T00:55:00+02:00,54,placa-vella,297,218,79,26.6
2026-09-16T22:55:00Z,2026-09-17T00:55:00+02:00,55,ajuntament-mercat,237,186,51,21.5
2026-09-16T22:56:00Z,2026-09-17T00:56:00+02:00,53,dr-robert,407,327,80,19.7
2026-09-16T22:56:00Z,2026-09-17T00:56:00+02:00,54,placa-vella,297,218,79,26.6
2026-09-16T22:56:00Z,2026-09-17T00:56:00+02:00,55,ajuntament-mercat,237,186,51,21.5
2026-09-16T22:57:00Z,2026-09-17T00:57:00+02:00,53,dr-robert,407,327,80,19.7
2026-09-16T22:57:00Z,2026-09-17T00:57:00+02:00,54,placa-vella,297,218,79,26.6
2026-09-16T22:57:00Z,2026-09-17T00:57:00+02:00,55,ajuntament-mercat,237,186,51,21.5
2026-09-16T22:58:00Z,2026-09-17T00:58:00+02:00,53,dr-robert,407,327,80,19.7
2026-09-16T22:58:00Z,2026-09-17T00:58:00+02:00,54,placa-vella,297,218,79,26.6
2026-09-16T22:58:00Z,2026-09-17T00:58:00+02:00,55,ajuntament-mercat,237,186,51,21.5
2026-09-16T22:59:00Z,2026-09-17T00:59:00+02:00,53,dr-robert,407,327,80,19.7
2026-09-16T22:59:00Z,2026-09-17T00:59:00+02:00,54,placa-vella,297,218,79,26.6
2026-09-16T22:59:00Z,2026-09-17T00:59:00+02:00,55,ajuntament-mercat,237,186,51,21.5
2026-09-16T23:00:00Z,2026-09-17T01:00:00+02:00,53,dr-robert,407,327,80,19.7
2026-09-16T23:00:00Z,2026-09-17T01:00:00+02:00,54,placa-vella,297,218,79,26.6
2026-09-16T23:00:00Z,2026-09-17T01:00:00+02:00,55,ajuntament-mercat,237,186,51,21.5
2026-09-16T23:01:00Z,2026-09-17T01:01:00+02:00,53,dr-robert,407,327,80,19.7
2026-09-16T23:01:00Z,2026-09-17T01:01:00+02:00,54,placa-vella,297,218,79,26.6
2026-09-16T23:01:00Z,2026-09-17T01:01:00+02:00,55,ajuntament-mercat,237,186,51,21.5
2026-09-16T23:02:00Z,2026-09-17T01:02:00+02:00,53,dr-robert,407,329,78,19.2
2026-09-16T23:02:00Z,2026-09-17T01:02:00+02:00,54,placa-vella,297,218,79,26.6
2026-09-16T23:02:00Z,2026-09-17T01:02:00+02:00,55,ajuntament-mercat,237,186,51,21.5
2026-09-16T23:03:00Z,2026-09-17T01:03:00+02:00,53,dr-robert,407,329,78,19.2
2026-09-16T23:03:00Z,2026-09-17T01:03:00+02:00,54,placa-vella,297,218,79,26.6
2026-09-16T23:03:00Z,2026-09-17T01:03:00+02:00,55,ajuntament-mercat,237,186,51,21.5
2026-09-16T23:04:00Z,2026-09-17T01:04:00+02:00,53,dr-robert,407,329,78,19.2
2026-09-16T23:04:00Z,2026-09-17T01:04:00+02:00,54,placa-vella,297,218,79,26.6
2026-09-16T23:04:00Z,2026-09-17T01:04:00+02:00,55,ajuntament-mercat,237,186,51,21.5
2026-09-16T23:05:00Z,2026-09-17T01:05:00+02:00,53,dr-robert,407,329,78,19.2
2026-09-16T23:05:00Z,2026-09-17T01:05:00+02:00,54,placa-vella,297,218,79,26.6
2026-09-16T23:05:00Z,2026-09-17T01:05:00+02:00,55,ajuntament-mercat,237,186,51,21.5
2026-09-16T23:06:00Z,2026-09-17T01:06:00+02:00,53,dr-robert,407,329,78,19.2
2026-09-16T23:06:00Z,2026-09-17T01:06:00+02:00,54,placa-vella,297,218,79,26.6
2026-09-16T23:06:00Z,2026-09-17T01:06:00+02:00,55,ajuntament-mercat,237,186,51,21.5
2026-09-16T23:07:00Z,2026-09-17T01:07:00+02:00,53,dr-robert,407,329,78,19.2
2026-09-16T23:07:00Z,2026-09-17T01:07:00+02:00,54,placa-vella,297,218,79,26.6
2026-09-16T23:07:00Z,2026-09-17T01:07:00+02:00,55,ajuntament-mercat,237,186,51,21.5
2026-09-16T23:08:00Z,2026-09-17T01:08:00+02:00,53,dr-robert,407,329,78,19.2
2026-09-16T23:08:00Z,2026-09-17T01:08:00+02:00,54,placa-vella,297,218,79,26.6
2026-09-16T23:08:00Z,2026-09-17T01:08:00+02:00,55,ajuntament-mercat,237,186,51,21.5
2026-09-16T23:09:00Z,2026-09-17T01:09:00+02:00,53,dr-robert,407,329,78,19.2
2026-09-16T23:09:00Z,2026-09-17T01:09:00+02:00,54,placa-vella,297,218,79,26.6
2026-09-16T23:09:00Z,2026-09-17T01:09:00+02:00,55,ajuntament-mercat,237,186,51,21.5
2026-09-16T23:10:00Z,2026-09-17T01:10:00+02:00,53,dr-robert,407,328,79,19.4
2026-09-16T23:10:00Z,2026-09-17T01:10:00+02:00,54,placa-vella,297,218,79,26.6
2026-09-16T23:10:00Z,2026-09-17T01:10:00+02:00,55,ajuntament-mercat,237,186,51,21.5
2026-09-16T23:11:00Z,2026-09-17T01:11:00+02:00,53,dr-robert,407,328,79,19.4
2026-09-16T23:11:00Z,2026-09-17T01:11:00+02:00,54,placa-vella,297,218,79,26.6
2026-09-16T23:11:00Z,2026-09-17T01:11:00+02:00,55,ajuntament-mercat,237,186,51,21.5
2026-09-16T23:12:00Z,2026-09-17T01:12:00+02:00,53,dr-robert,407,328,79,19.4
2026-09-16T23:12:00Z,2026-09-17T01:12:00+02:00,54,placa-vella,297,218,79,26.6
2026-09-16T23:12:00Z,2026-09-17T01:12:00+02:00,55,ajuntament-mercat,237,186,51,21.5
2026-09-16T23:13:00Z,2026-09-17T01:13:00+02:00,53,dr-robert,407,328,79,19.4
2026-09-16T23:13:00Z,2026-09-17T01:13:00+02:00,54,placa-vella,297,218,79,26.6
2026-09-16T23:13:00Z,2026-09-17T01:13:00+02:00,55,ajuntament-mercat,237,186,51,21.5
2026-09-16T23:14:00Z,2026-09-17T01:14:00+02:00,53,dr-robert,407,328,79,19.4
2026-09-16T23:14:00Z,2026-09-17T01:14:00+02:00,54,placa-vella,297,218,79,26.6
2026-09-16T23:14:00Z,2026-09-17T01:14:00+02:00,55,ajuntament-mercat,237,186,51,21.5
2026-09-16T23:15:00Z,2026-09-17T01:15:00+02:00,53,dr-robert,407,328,79,19.4
2026-09-16T23:15:00Z,2026-09-17T01:15:00+02:00,54,placa-vella,297,218,79,26.6
2026-09-16T23:15:00Z,2026-09-17T01:15:00+02:00,55,ajuntament-mercat,237,186,51,21.5
2026-09-16T23:16:00Z,2026-09-17T01:16:00+02:00,53,dr-robert,407,328,79,19.4
2026-09-16T23:16:00Z,2026-09-17T01:16:00+02:00,54,placa-vella,297,218,79,26.6
2026-09-16T23:16:00Z,2026-09-17T01:16:00+02:00,55,ajuntament-mercat,237,186,51,21.5
2026-09-16T23:17:00Z,2026-09-17T01:17:00+02:00,53,dr-robert,407,328,79,19.4
2026-09-16T23:17:00Z,2026-09-17T01:17:00+02:00,54,placa-vella,297,218,79,26.6
2026-09-16T23:17:00Z,2026-09-17T01:17:00+02:00,55,ajuntament-mercat,237,186,51,21.5
2026-09-16T23:18:00Z,2026-09-17T01:18:00+02:00,53,dr-robert,407,328,79,19.4
2026-09-16T23:18:00Z,2026-09-17T01:18:00+02:00,54,placa-vella,297,218,79,26.6
2026-09-16T23:18:00Z,2026-09-17T01:18:00+02:00,55,ajuntament-mercat,237,186,51,21.5
2026-09-16T23:19:00Z,2026-09-17T01:19:00+02:00,53,dr-robert,407,328,79,19.4
2026-09-16T23:19:00Z,2026-09-17T01:19:00+02:00,54,placa-vella,297,218,79,26.6
2026-09-16T23:19:00Z,2026-09-17T01:19:00+02:00,55,ajuntament-mercat,237,186,51,21.5
2026-09-16T23:20:00Z,2026-09-17T01:20:00+02:00,53,dr-robert,407,328,79,19.4
2026-09-16T23:20:00Z,2026-09-17T01:20:00+02:00,54,placa-vella,297,218,79,26.6
2026-09-16T23:20:00Z,2026-09-17T01:20:00+02:00,55,ajuntament-mercat,237,187,50,21.1
2026-09-16T23:21:00Z,2026-09-17T01:21:00+02:00,53,dr-robert,407,328,79,19.4
2026-09-16T23:21:00Z,2026-09-17T01:21:00+02:00,54,placa-vella,297,218,79,26.6
2026-09-16T23:21:00Z,2026-09-17T01:21:00+02:00,55,ajuntament-mercat,237,187,50,21.1
2026-09-16T23:22:00Z,2026-09-17T01:22:00+02:00,53,dr-robert,407,328,79,19.4
2026-09-16T23:22:00Z,2026-09-17T01:22:00+02:00,54,placa-vella,297,218,79,26.6
2026-09-16T23:22:00Z,2026-09-17T01:22:00+02:00,55,ajuntament-mercat,237,187,50,21.1
2026-09-16T23:23:00Z,2026-09-17T01:23:00+02:00,53,dr-robert,407,328,79,19.4
2026-09-16T23:23:00Z,2026-09-17T01:23:00+02:00,54,placa-vella,297,218,79,26.6
2026-09-16T23:23:00Z,2026-09-17T01:23:00+02:00,55,ajuntament-mercat,237,187,50,21.1
2026-09-16T23:24:00Z,2026-09-17T01:24:00+02:00,53,dr-robert,407,328,79,19.4
2026-09-16T23:24:00Z,2026-09-17T01:24:00+02:00,54,placa-vella,297,218,79,26.6
2026-09-16T23:24:00Z,2026-09-17T01:24:00+02:00,55,ajuntament-mercat,237,187,50,21.1
2026-09-16T23:25:00Z,2026-09-17T01:25:00+02:00,53,dr-robert,407,327,80,19.7
2026-09-16T23:25:00Z,2026-09-17T01:25:00+02:00,54,placa-vella,297,217,80,26.9
2026-09-16T23:25:00Z,2026-09-17T01:25:00+02:00,55,ajuntament-mercat,237,187,50,21.1
2026-09-16T23:26:00Z,2026-09-17T01:26:00+02:00,53,dr-robert,407,327,80,19.7
2026-09-16T23:26:00Z,2026-09-17T01:26:00+02:00,54,placa-vella,297,217,80,26.9
2026-09-16T23:26:00Z,2026-09-17T01:26:00+02:00,55,ajuntament-mercat,237,187,50,21.1
2026-09-16T23:27:00Z,2026-09-17T01:27:00+02:00,53,dr-robert,407,327,80,19.7
2026-09-16T23:27:00Z,2026-09-17T01:27:00+02:00,54,placa-vella,297,217,80,26.9
2026-09-16T23:27:00Z,2026-09-17T01:27:00+02:00,55,ajuntament-mercat,237,187,50,21.1
2026-09-16T23:28:00Z,2026-09-17T01:28:00+02:00,53,dr-robert,407,327,80,19.7
2026-09-16T23:28:00Z,2026-09-17T01:28:00+02:00,54,placa-vella,297,217,80,26.9
2026-09-16T23:28:00Z,2026-09-17T01:28:00+02:00,55,ajuntament-mercat,237,187,50,21.1
2026-09-16T23:29:00Z,2026-09-17T01:29:00+02:00,53,dr-robert,407,327,80,19.7
2026-09-16T23:29:00Z,2026-09-17T01:29:00+02:00,54,placa-vella,297,217,80,26.9
2026-09-16T23:29:00Z,2026-09-17T01:29:00+02:00,55,ajuntament-mercat,237,187,50,21.1
2026-09-16T23:30:00Z,2026-09-17T01:30:00+02:00,53,dr-robert,407,328,79,19.4
2026-09-16T23:30:00Z,2026-09-17T01:30:00+02:00,54,placa-vella,297,216,81,27.3
2026-09-16T23:30:00Z,2026-09-17T01:30:00+02:00,55,ajuntament-mercat,237,187,50,21.1
2026-09-16T23:31:00Z,2026-09-17T01:31:00+02:00,53,dr-robert,407,328,79,19.4
2026-09-16T23:31:00Z,2026-09-17T01:31:00+02:00,54,placa-vella,297,216,81,27.3
2026-09-16T23:31:00Z,2026-09-17T01:31:00+02:00,55,ajuntament-mercat,237,187,50,21.1
2026-09-16T23:32:00Z,2026-09-17T01:32:00+02:00,53,dr-robert,407,328,79,19.4
2026-09-16T23:32:00Z,2026-09-17T01:32:00+02:00,54,placa-vella,297,216,81,27.3
2026-09-16T23:32:00Z,2026-09-17T01:32:00+02:00,55,ajuntament-mercat,237,187,50,21.1
2026-09-16T23:33:00Z,2026-09-17T01:33:00+02:00,53,dr-robert,407,328,79,19.4
2026-09-16T23:33:00Z,2026-09-17T01:33:00+02:00,54,placa-vella,297,216,81,27.3
2026-09-16T23:33:00Z,2026-09-17T01:33:00+02:00,55,ajuntament-mercat,237,187,50,21.1
2026-09-16T23:34:00Z,2026-09-17T01:34:00+02:00,53,dr-robert,407,328,79,19.4
2026-09-16T23:34:00Z,2026-09-17T01:34:00+02:00,54,placa-vella,297,216,81,27.3
2026-09-16T23:34:00Z,2026-09-17T01:34:00+02:00,55,ajuntament-mercat,237,187,50,21.1
2026-09-16T23:35:00Z,2026-09-17T01:35:00+02:00,53,dr-robert,407,328,79,19.4
2026-09-16T23:35:00Z,2026-09-17T01:35:00+02:00,54,placa-vella,297,216,81,27.3
2026-09-16T23:35:00Z,2026-09-17T01:35:00+02:00,55,ajuntament-mercat,237,187,50,21.1
2026-09-16T23:36:00Z,2026-09-17T01:36:00+02:00,53,dr-robert,407,328,79,19.4
2026-09-16T23:36:00Z,2026-09-17T01:36:00+02:00,54,placa-vella,297,216,81,27.3
2026-09-16T23:36:00Z,2026-09-17T01:36:00+02:00,55,ajuntament-mercat,237,187,50,21.1
2026-09-16T23:37:00Z,2026-09-17T01:37:00+02:00,53,dr-robert,407,328,79,19.4
2026-09-16T23:37:00Z,2026-09-17T01:37:00+02:00,54,placa-vella,297,216,81,27.3
2026-09-16T23:37:00Z,2026-09-17T01:37:00+02:00,55,ajuntament-mercat,237,187,50,21.1
2026-09-16T23:38:00Z,2026-09-17T01:38:00+02:00,53,dr-robert,407,328,79,19.4
2026-09-16T23:38:00Z,2026-09-17T01:38:00+02:00,54,placa-vella,297,216,81,27.3
2026-09-16T23:38:00Z,2026-09-17T01:38:00+02:00,55,ajuntament-mercat,237,187,50,21.1
2026-09-16T23:39:00Z,2026-09-17T01:39:00+02:00,53,dr-robert,407,328,79,19.4
2026-09-16T23:39:00Z,2026-09-17T01:39:00+02:00,54,placa-vella,297,216,81,27.3
2026-09-16T23:39:00Z,2026-09-17T01:39:00+02:00,55,ajuntament-mercat,237,187,50,21.1
2026-09-16T23:40:00Z,2026-09-17T01:40:00+02:00,53,dr-robert,407,330,77,18.9
2026-09-16T23:40:00Z,2026-09-17T01:40:00+02:00,54,placa-vella,297,216,81,27.3
2026-09-16T23:40:00Z,2026-09-17T01:40:00+02:00,55,ajuntament-mercat,237,187,50,21.1
2026-09-16T23:41:00Z,2026-09-17T01:41:00+02:00,53,dr-robert,407,330,77,18.9
2026-09-16T23:41:00Z,2026-09-17T01:41:00+02:00,54,placa-vella,297,216,81,27.3
2026-09-16T23:41:00Z,2026-09-17T01:41:00+02:00,55,ajuntament-mercat,237,187,50,21.1
2026-09-16T23:42:00Z,2026-09-17T01:42:00+02:00,53,dr-robert,407,330,77,18.9
2026-09-16T23:42:00Z,2026-09-17T01:42:00+02:00,54,placa-vella,297,216,81,27.3
2026-09-16T23:42:00Z,2026-09-17T01:42:00+02:00,55,ajuntament-mercat,237,187,50,21.1
2026-09-16T23:43:00Z,2026-09-17T01:43:00+02:00,53,dr-robert,407,330,77,18.9
2026-09-16T23:43:00Z,2026-09-17T01:43:00+02:00,54,placa-vella,297,216,81,27.3
2026-09-16T23:43:00Z,2026-09-17T01:43:00+02:00,55,ajuntament-mercat,237,187,50,21.1
2026-09-16T23:44:00Z,2026-09-17T01:44:00+02:00,53,dr-robert,407,330,77,18.9
2026-09-16T23:44:00Z,2026-09-17T01:44:00+02:00,54,placa-vella,297,216,81,27.3
2026-09-16T23:44:00Z,2026-09-17T01:44:00+02:00,55,ajuntament-mercat,237,187,50,21.1
2026-09-16T23:45:00Z,2026-09-17T01:45:00+02:00,53,dr-robert,407,332,75,18.4
2026-09-16T23:45:00Z,2026-09-17T01:45:00+02:00,54,placa-vella,297,216,81,27.3
2026-09-16T23:45:00Z,2026-09-17T01:45:00+02:00,55,ajuntament-mercat,237,187,50,21.1
2026-09-16T23:46:00Z,2026-09-17T01:46:00+02:00,53,dr-robert,407,332,75,18.4
2026-09-16T23:46:00Z,2026-09-17T01:46:00+02:00,54,placa-vella,297,216,81,27.3
2026-09-16T23:46:00Z,2026-09-17T01:46:00+02:00,55,ajuntament-mercat,237,187,50,21.1
2026-09-16T23:47:00Z,2026-09-17T01:47:00+02:00,53,dr-robert,407,332,75,18.4
2026-09-16T23:47:00Z,2026-09-17T01:47:00+02:00,54,placa-vella,297,216,81,27.3
2026-09-16T23:47:00Z,2026-09-17T01:47:00+02:00,55,ajuntament-mercat,237,187,50,21.1
2026-09-16T23:48:00Z,2026-09-17T01:48:00+02:00,53,dr-robert,407,332,75,18.4
2026-09-16T23:48:00Z,2026-09-17T01:48:00+02:00,54,placa-vella,297,216,81,27.3
2026-09-16T23:48:00Z,2026-09-17T01:48:00+02:00,55,ajuntament-mercat,237,187,50,21.1
2026-09-16T23:49:00Z,2026-09-17T01:49:00+02:00,53,dr-robert,407,332,75,18.4
2026-09-16T23:49:00Z,2026-09-17T01:49:00+02:00,54,placa-vella,297,216,81,27.3
2026-09-16T23:49:00Z,2026-09-17T01:49:00+02:00,55,ajuntament-mercat,237,187,50,21.1
2026-09-16T23:50:00Z,2026-09-17T01:50:00+02:00,53,dr-robert,407,332,75,18.4
2026-09-16T23:50:00Z,2026-09-17T01:50:00+02:00,54,placa-vella,297,216,81,27.3
2026-09-16T23:50:00Z,2026-09-17T01:50:00+02:00,55,ajuntament-mercat,237,187,50,21.1
2026-09-16T23:51:00Z,2026-09-17T01:51:00+02:00,53,dr-robert,407,332,75,18.4
2026-09-16T23:51:00Z,2026-09-17T01:51:00+02:00,54,placa-vella,297,216,81,27.3
2026-09-16T23:51:00Z,2026-09-17T01:51:00+02:00,55,ajuntament-mercat,237,187,50,21.1
2026-09-16T23:52:00Z,2026-09-17T01:52:00+02:00,53,dr-robert,407,332,75,18.4
2026-09-16T23:52:00Z,2026-09-17T01:52:00+02:00,54,placa-vella,297,216,81,27.3
2026-09-16T23:52:00Z,2026-09-17T01:52:00+02:00,55,ajuntament-mercat,237,187,50,21.1
2026-09-16T23:53:00Z,2026-09-17T01:53:00+02:00,53,dr-robert,407,332,75,18.4
2026-09-16T23:53:00Z,2026-09-17T01:53:00+02:00,54,placa-vella,297,216,81,27.3
2026-09-16T23:53:00Z,2026-09-17T01:53:00+02:00,55,ajuntament-mercat,237,187,50,21.1
2026-09-16T23:54:00Z,2026-09-17T01:54:00+02:00,53,dr-robert,407,332,75,18.4
2026-09-16T23:54:00Z,2026-09-17T01:54:00+02:00,54,placa-vella,297,216,81,27.3
2026-09-16T23:54:00Z,2026-09-17T01:54:00+02:00,55,ajuntament-mercat,237,187,50,21.1
2026-09-16T23:55:00Z,2026-09-17T01:55:00+02:00,53,dr-robert,407,333,74,18.2
2026-09-16T23:55:00Z,2026-09-17T01:55:00+02:00,54,placa-vella,297,216,81,27.3
2026-09-16T23:55:00Z,2026-09-17T01:55:00+02:00,55,ajuntament-mercat,237,187,50,21.1
2026-09-16T23:56:00Z,2026-09-17T01:56:00+02:00,53,dr-robert,407,333,74,18.2
2026-09-16T23:56:00Z,2026-09-17T01:56:00+02:00,54,placa-vella,297,216,81,27.3
2026-09-16T23:56:00Z,2026-09-17T01:56:00+02:00,55,ajuntament-mercat,237,187,50,21.1
2026-09-16T23:57:00Z,2026-09-17T01:57:00+02:00,53,dr-robert,407,333,74,18.2
2026-09-16T23:57:00Z,2026-09-17T01:57:00+02:00,54,placa-vella,297,216,81,27.3
2026-09-16T23:57:00Z,2026-09-17T01:57:00+02:00,55,ajuntament-mercat,237,187,50,21.1
2026-09-16T23:58:00Z,2026-09-17T01:58:00+02:00,53,dr-robert,407,333,74,18.2
2026-09-16T23:58:00Z,2026-09-17T01:58:00+02:00,54,placa-vella,297,216,81,27.3
2026-09-16T23:58:00Z,2026-09-17T01:58:00+02:00,55,ajuntament-mercat,237,187,50,21.1
2026-09-16T23:59:00Z,2026-09-17T01:59:00+02:00,53,dr-robert,407,333,74,18.2
2026-09-16T23:59:00Z,2026-09-17T01:59:00+02:00,54,placa-vella,297,216,81,27.3
2026-09-16T23:59:00Z,2026-09-17T01:59:00+02:00,55,ajuntament-mercat,237,187,50,21.1
2026-09-17T00:00:00Z,2026-09-17T02:00:00+02:00,53,dr-robert,407,333,74,18.2
2026-09-17T00:00:00Z,2026-09-17T02:00:00+02:00,54,placa-vella,297,217,80,26.9
2026-09-17T00:00:00Z,2026-09-17T02:00:00+02:00,55,ajuntament-mercat,237,187,50,21.1
2026-09-17T00:01:00Z,2026-09-17T02:01:00+02:00,53,dr-robert,407,333,74,18.2
2026-09-17T00:01:00Z,2026-09-17T02:01:00+02:00,54,placa-vella,297,217,80,26.9
2026-09-17T00:01:00Z,2026-09-17T02:01:00+02:00,55,ajuntament-mercat,237,187,50,21.1
2026-09-17T00:02:00Z,2026-09-17T02:02:00+02:00,53,dr-robert,407,333,74,18.2
2026-09-17T00:02:00Z,2026-09-17T02:02:00+02:00,54,placa-vella,297,217,80,26.9
2026-09-17T00:02:00Z,2026-09-17T02:02:00+02:00,55,ajuntament-mercat,237,187,50,21.1
2026-09-17T00:03:00Z,2026-09-17T02:03:00+02:00,53,dr-robert,407,333,74,18.2
2026-09-17T00:03:00Z,2026-09-17T02:03:00+02:00,54,placa-vella,297,217,80,26.9
2026-09-17T00:03:00Z,2026-09-17T02:03:00+02:00,55,ajuntament-mercat,237,187,50,21.1
2026-09-17T00:04:00Z,2026-09-17T02:04:00+02:00,53,dr-robert,407,333,74,18.2
2026-09-17T00:04:00Z,2026-09-17T02:04:00+02:00,54,placa-vella,297,217,80,26.9
2026-09-17T00:04:00Z,2026-09-17T02:04:00+02:00,55,ajuntament-mercat,237,187,50,21.1
2026-09-17T00:05:00Z,2026-09-17T02:05:00+02:00,53,dr-robert,407,333,74,18.2
2026-09-17T00:05:00Z,2026-09-17T02:05:00+02:00,54,placa-vella,297,217,80,26.9
2026-09-17T00:05:00Z,2026-09-17T02:05:00+02:00,55,ajuntament-mercat,237,187,50,21.1
2026-09-17T00:06:00Z,2026-09-17T02:06:00+02:00,53,dr-robert,407,333,74,18.2
2026-09-17T00:06:00Z,2026-09-17T02:06:00+02:00,54,placa-vella,297,217,80,26.9
2026-09-17T00:06:00Z,2026-09-17T02:06:00+02:00,55,ajuntament-mercat,237,187,50,21.1
2026-09-17T00:07:00Z,2026-09-17T02:07:00+02:00,53,dr-robert,407,333,74,18.2
2026-09-17T00:07:00Z,2026-09-17T02:07:00+02:00,54,placa-vella,297,217,80,26.9
2026-09-17T00:07:00Z,2026-09-17T02:07:00+02:00,55,ajuntament-mercat,237,187,50,21.1
2026-09-17T00:08:00Z,2026-09-17T02:08:00+02:00,53,dr-robert,407,333,74,18.2
2026-09-17T00:08:00Z,2026-09-17T02:08:00+02:00,54,placa-vella,297,217,80,26.9
2026-09-17T00:08:00Z,2026-09-17T02:08:00+02:00,55,ajuntament-mercat,237,187,50,21.1
2026-09-17T00:09:00Z,2026-09-17T02:09:00+02:00,53,dr-robert,407,333,74,18.2
2026-09-17T00:09:00Z,2026-09-17T02:09:00+02:00,54,placa-vella,297,217,80,26.9
2026-09-17T00:09:00Z,2026-09-17T02:09:00+02:00,55,ajuntament-mercat,237,187,50,21.1
2026-09-17T00:10:00Z,2026-09-17T02:10:00+02:00,53,dr-robert,407,334,73,17.9
2026-09-17T00:10:00Z,2026-09-17T02:10:00+02:00,54,placa-vella,297,217,80,26.9
2026-09-17T00:10:00Z,2026-09-17T02:10:00+02:00,55,ajuntament-mercat,237,187,50,21.1
2026-09-17T00:11:00Z,2026-09-17T02:11:00+02:00,53,dr-robert,407,334,73,17.9
2026-09-17T00:11:00Z,2026-09-17T02:11:00+02:00,54,placa-vella,297,217,80,26.9
2026-09-17T00:11:00Z,2026-09-17T02:11:00+02:00,55,ajuntament-mercat,237,187,50,21.1
2026-09-17T00:12:00Z,2026-09-17T02:12:00+02:00,53,dr-robert,407,334,73,17.9
2026-09-17T00:12:00Z,2026-09-17T02:12:00+02:00,54,placa-vella,297,217,80,26.9
2026-09-17T00:12:00Z,2026-09-17T02:12:00+02:00,55,ajuntament-mercat,237,187,50,21.1
2026-09-17T00:13:00Z,2026-09-17T02:13:00+02:00,53,dr-robert,407,334,73,17.9
2026-09-17T00:13:00Z,2026-09-17T02:13:00+02:00,54,placa-vella,297,217,80,26.9
2026-09-17T00:13:00Z,2026-09-17T02:13:00+02:00,55,ajuntament-mercat,237,187,50,21.1
2026-09-17T00:14:00Z,2026-09-17T02:14:00+02:00,53,dr-robert,407,334,73,17.9
2026-09-17T00:14:00Z,2026-09-17T02:14:00+02:00,54,placa-vella,297,217,80,26.9
2026-09-17T00:14:00Z,2026-09-17T02:14:00+02:00,55,ajuntament-mercat,237,187,50,21.1
2026-09-17T00:15:00Z,2026-09-17T02:15:00+02:00,53,dr-robert,407,334,73,17.9
2026-09-17T00:15:00Z,2026-09-17T02:15:00+02:00,54,placa-vella,297,217,80,26.9
2026-09-17T00:15:00Z,2026-09-17T02:15:00+02:00,55,ajuntament-mercat,237,187,50,21.1
2026-09-17T00:16:00Z,2026-09-17T02:16:00+02:00,53,dr-robert,407,334,73,17.9
2026-09-17T00:16:00Z,2026-09-17T02:16:00+02:00,54,placa-vella,297,217,80,26.9
2026-09-17T00:16:00Z,2026-09-17T02:16:00+02:00,55,ajuntament-mercat,237,187,50,21.1
2026-09-17T00:17:00Z,2026-09-17T02:17:00+02:00,53,dr-robert,407,334,73,17.9
2026-09-17T00:17:00Z,2026-09-17T02:17:00+02:00,54,placa-vella,297,217,80,26.9
2026-09-17T00:17:00Z,2026-09-17T02:17:00+02:00,55,ajuntament-mercat,237,187,50,21.1
2026-09-17T00:18:00Z,2026-09-17T02:18:00+02:00,53,dr-robert,407,334,73,17.9
2026-09-17T00:18:00Z,2026-09-17T02:18:00+02:00,54,placa-vella,297,217,80,26.9
2026-09-17T00:18:00Z,2026-09-17T02:18:00+02:00,55,ajuntament-mercat,237,187,50,21.1
2026-09-17T00:19:00Z,2026-09-17T02:19:00+02:00,53,dr-robert,407,334,73,17.9
2026-09-17T00:19:00Z,2026-09-17T02:19:00+02:00,54,placa-vella,297,217,80,26.9
2026-09-17T00:19:00Z,2026-09-17T02:19:00+02:00,55,ajuntament-mercat,237,187,50,21.1
2026-09-17T00:20:00Z,2026-09-17T02:20:00+02:00,53,dr-robert,407,334,73,17.9
2026-09-17T00:20:00Z,2026-09-17T02:20:00+02:00,54,placa-vella,297,218,79,26.6
2026-09-17T00:20:00Z,2026-09-17T02:20:00+02:00,55,ajuntament-mercat,237,187,50,21.1
2026-09-17T00:21:00Z,2026-09-17T02:21:00+02:00,53,dr-robert,407,334,73,17.9
2026-09-17T00:21:00Z,2026-09-17T02:21:00+02:00,54,placa-vella,297,218,79,26.6
2026-09-17T00:21:00Z,2026-09-17T02:21:00+02:00,55,ajuntament-mercat,237,187,50,21.1
2026-09-17T00:22:00Z,2026-09-17T02:22:00+02:00,53,dr-robert,407,334,73,17.9
2026-09-17T00:22:00Z,2026-09-17T02:22:00+02:00,54,placa-vella,297,218,79,26.6
2026-09-17T00:22:00Z,2026-09-17T02:22:00+02:00,55,ajuntament-mercat,237,187,50,21.1
2026-09-17T00:23:00Z,2026-09-17T02:23:00+02:00,53,dr-robert,407,334,73,17.9
2026-09-17T00:23:00Z,2026-09-17T02:23:00+02:00,54,placa-vella,297,218,79,26.6
2026-09-17T00:23:00Z,2026-09-17T02:23:00+02:00,55,ajuntament-mercat,237,187,50,21.1
2026-09-17T00:24:00Z,2026-09-17T02:24:00+02:00,53,dr-robert,407,334,73,17.9
2026-09-17T00:24:00Z,2026-09-17T02:24:00+02:00,54,placa-vella,297,218,79,26.6
2026-09-17T00:24:00Z,2026-09-17T02:24:00+02:00,55,ajuntament-mercat,237,187,50,21.1
2026-09-17T00:25:00Z,2026-09-17T02:25:00+02:00,53,dr-robert,407,333,74,18.2
2026-09-17T00:25:00Z,2026-09-17T02:25:00+02:00,54,placa-vella,297,218,79,26.6
2026-09-17T00:25:00Z,2026-09-17T02:25:00+02:00,55,ajuntament-mercat,237,187,50,21.1
2026-09-17T00:26:00Z,2026-09-17T02:26:00+02:00,53,dr-robert,407,333,74,18.2
2026-09-17T00:26:00Z,2026-09-17T02:26:00+02:00,54,placa-vella,297,218,79,26.6
2026-09-17T00:26:00Z,2026-09-17T02:26:00+02:00,55,ajuntament-mercat,237,187,50,21.1
2026-09-17T00:27:00Z,2026-09-17T02:27:00+02:00,53,dr-robert,407,333,74,18.2
2026-09-17T00:27:00Z,2026-09-17T02:27:00+02:00,54,placa-vella,297,218,79,26.6
2026-09-17T00:27:00Z,2026-09-17T02:27:00+02:00,55,ajuntament-mercat,237,187,50,21.1
2026-09-17T00:28:00Z,2026-09-17T02:28:00+02:00,53,dr-robert,407,333,74,18.2
2026-09-17T00:28:00Z,2026-09-17T02:28:00+02:00,54,placa-vella,297,218,79,26.6
2026-09-17T00:28:00Z,2026-09-17T02:28:00+02:00,55,ajuntament-mercat,237,187,50,21.1
2026-09-17T00:29:00Z,2026-09-17T02:29:00+02:00,53,dr-robert,407,333,74,18.2
2026-09-17T00:29:00Z,2026-09-17T02:29:00+02:00,54,placa-vella,297,218,79,26.6
2026-09-17T00:29:00Z,2026-09-17T02:29:00+02:00,55,ajuntament-mercat,237,187,50,21.1
2026-09-17T00:30:00Z,2026-09-17T02:30:00+02:00,53,dr-robert,407,333,74,18.2
2026-09-17T00:30:00Z,2026-09-17T02:30:00+02:00,54,placa-vella,297,218,79,26.6
2026-09-17T00:30:00Z,2026-09-17T02:30:00+02:00,55,ajuntament-mercat,237,187,50,21.1
2026-09-17T00:31:00Z,2026-09-17T02:31:00+02:00,53,dr-robert,407,333,74,18.2
2026-09-17T00:31:00Z,2026-09-17T02:31:00+02:00,54,placa-vella,297,218,79,26.6
2026-09-17T00:31:00Z,2026-09-17T02:31:00+02:00,55,ajuntament-mercat,237,187,50,21.1
2026-09-17T00:32:00Z,2026-09-17T02:32:00+02:00,53,dr-robert,407,333,74,18.2
2026-09-17T00:32:00Z,2026-09-17T02:32:00+02:00,54,placa-vella,297,218,79,26.6
2026-09-17T00:32:00Z,2026-09-17T02:32:00+02:00,55,ajuntament-mercat,237,187,50,21.1
2026-09-17T00:33:00Z,2026-09-17T02:33:00+02:00,53,dr-robert,407,333,74,18.2
2026-09-17T00:33:00Z,2026-09-17T02:33:00+02:00,54,placa-vella,297,218,79,26.6
2026-09-17T00:33:00Z,2026-09-17T02:33:00+02:00,55,ajuntament-mercat,237,187,50,21.1
2026-09-17T00:34:00Z,2026-09-17T02:34:00+02:00,53,dr-robert,407,333,74,18.2
2026-09-17T00:34:00Z,2026-09-17T02:34:00+02:00,54,placa-vella,297,218,79,26.6
2026-09-17T00:34:00Z,2026-09-17T02:34:00+02:00,55,ajuntament-mercat,237,187,50,21.1
2026-09-17T00:35:00Z,2026-09-17T02:35:00+02:00,53,dr-robert,407,333,74,18.2
2026-09-17T00:35:00Z,2026-09-17T02:35:00+02:00,54,placa-vella,297,218,79,26.6
2026-09-17T00:35:00Z,2026-09-17T02:35:00+02:00,55,ajuntament-mercat,237,187,50,21.1
2026-09-17T00:36:00Z,2026-09-17T02:36:00+02:00,53,dr-robert,407,333,74,18.2
2026-09-17T00:36:00Z,2026-09-17T02:36:00+02:00,54,placa-vella,297,218,79,26.6
2026-09-17T00:36:00Z,2026-09-17T02:36:00+02:00,55,ajuntament-mercat,237,187,50,21.1
2026-09-17T00:37:00Z,2026-09-17T02:37:00+02:00,53,dr-robert,407,333,74,18.2
2026-09-17T00:37:00Z,2026-09-17T02:37:00+02:00,54,placa-vella,297,218,79,26.6
2026-09-17T00:37:00Z,2026-09-17T02:37:00+02:00,55,ajuntament-mercat,237,187,50,21.1
2026-09-17T00:38:00Z,2026-09-17T02:38:00+02:00,53,dr-robert,407,333,74,18.2
2026-09-17T00:38:00Z,2026-09-17T02:38:00+02:00,54,placa-vella,297,218,79,26.6
2026-09-17T00:38:00Z,2026-09-17T02:38:00+02:00,55,ajuntament-mercat,237,187,50,21.1
2026-09-17T00:39:00Z,2026-09-17T02:39:00+02:00,53,dr-robert,407,333,74,18.2
2026-09-17T00:39:00Z,2026-09-17T02:39:00+02:00,54,placa-vella,297,218,79,26.6
2026-09-17T00:39:00Z,2026-09-17T02:39:00+02:00,55,ajuntament-mercat,237,187,50,21.1
2026-09-17T00:40:00Z,2026-09-17T02:40:00+02:00,53,dr-robert,407,333,74,18.2
2026-09-17T00:40:00Z,2026-09-17T02:40:00+02:00,54,placa-vella,297,218,79,26.6
2026-09-17T00:40:00Z,2026-09-17T02:40:00+02:00,55,ajuntament-mercat,237,187,50,21.1
2026-09-17T00:41:00Z,2026-09-17T02:41:00+02:00,53,dr-robert,407,333,74,18.2
2026-09-17T00:41:00Z,2026-09-17T02:41:00+02:00,54,placa-vella,297,218,79,26.6
2026-09-17T00:41:00Z,2026-09-17T02:41:00+02:00,55,ajuntament-mercat,237,187,50,21.1
2026-09-17T00:42:00Z,2026-09-17T02:42:00+02:00,53,dr-robert,407,333,74,18.2
2026-09-17T00:42:00Z,2026-09-17T02:42:00+02:00,54,placa-vella,297,218,79,26.6
2026-09-17T00:42:00Z,2026-09-17T02:42:00+02:00,55,ajuntament-mercat,237,187,50,21.1
2026-09-17T00:43:00Z,2026-09-17T02:43:00+02:00,53,dr-robert,407,333,74,18.2
2026-09-17T00:43:00Z,2026-09-17T02:43:00+02:00,54,placa-vella,297,218,79,26.6
2026-09-17T00:43:00Z,2026-09-17T02:43:00+02:00,55,ajuntament-mercat,237,187,50,21.1
2026-09-17T00:44:00Z,2026-09-17T02:44:00+02:00,53,dr-robert,407,333,74,18.2
2026-09-17T00:44:00Z,2026-09-17T02:44:00+02:00,54,placa-vella,297,218,79,26.6
2026-09-17T00:44:00Z,2026-09-17T02:44:00+02:00,55,ajuntament-mercat,237,187,50,21.1
2026-09-17T00:45:00Z,2026-09-17T02:45:00+02:00,53,dr-robert,407,334,73,17.9
2026-09-17T00:45:00Z,2026-09-17T02:45:00+02:00,54,placa-vella,297,218,79,26.6
2026-09-17T00:45:00Z,2026-09-17T02:45:00+02:00,55,ajuntament-mercat,237,187,50,21.1
2026-09-17T00:46:00Z,2026-09-17T02:46:00+02:00,53,dr-robert,407,334,73,17.9
2026-09-17T00:46:00Z,2026-09-17T02:46:00+02:00,54,placa-vella,297,218,79,26.6
2026-09-17T00:46:00Z,2026-09-17T02:46:00+02:00,55,ajuntament-mercat,237,187,50,21.1
2026-09-17T00:47:00Z,2026-09-17T02:47:00+02:00,53,dr-robert,407,334,73,17.9
2026-09-17T00:47:00Z,2026-09-17T02:47:00+02:00,54,placa-vella,297,218,79,26.6
2026-09-17T00:47:00Z,2026-09-17T02:47:00+02:00,55,ajuntament-mercat,237,187,50,21.1
2026-09-17T00:48:00Z,2026-09-17T02:48:00+02:00,53,dr-robert,407,334,73,17.9
2026-09-17T00:48:00Z,2026-09-17T02:48:00+02:00,54,placa-vella,297,218,79,26.6
2026-09-17T00:48:00Z,2026-09-17T02:48:00+02:00,55,ajuntament-mercat,237,187,50,21.1
2026-09-17T00:49:00Z,2026-09-17T02:49:00+02:00,53,dr-robert,407,334,73,17.9
2026-09-17T00:49:00Z,2026-09-17T02:49:00+02:00,54,placa-vella,297,218,79,26.6
2026-09-17T00:49:00Z,2026-09-17T02:49:00+02:00,55,ajuntament-mercat,237,187,50,21.1
2026-09-17T00:50:00Z,2026-09-17T02:50:00+02:00,53,dr-robert,407,334,73,17.9
2026-09-17T00:50:00Z,2026-09-17T02:50:00+02:00,54,placa-vella,297,218,79,26.6
2026-09-17T00:50:00Z,2026-09-17T02:50:00+02:00,55,ajuntament-mercat,237,187,50,21.1
2026-09-17T00:51:00Z,2026-09-17T02:51:00+02:00,53,dr-robert,407,334,73,17.9
2026-09-17T00:51:00Z,2026-09-17T02:51:00+02:00,54,placa-vella,297,218,79,26.6
2026-09-17T00:51:00Z,2026-09-17T02:51:00+02:00,55,ajuntament-mercat,237,187,50,21.1
2026-09-17T00:52:00Z,2026-09-17T02:52:00+02:00,53,dr-robert,407,334,73,17.9
2026-09-17T00:52:00Z,2026-09-17T02:52:00+02:00,54,placa-vella,297,218,79,26.6
2026-09-17T00:52:00Z,2026-09-17T02:52:00+02:00,55,ajuntament-mercat,237,187,50,21.1
2026-09-17T00:53:00Z,2026-09-17T02:53:00+02:00,53,dr-robert,407,334,73,17.9
2026-09-17T00:53:00Z,2026-09-17T02:53:00+02:00,54,placa-vella,297,218,79,26.6
2026-09-17T00:53:00Z,2026-09-17T02:53:00+02:00,55,ajuntament-mercat,237,187,50,21.1
2026-09-17T00:54:00Z,2026-09-17T02:54:00+02:00,53,dr-robert,407,334,73,17.9
2026-09-17T00:54:00Z,2026-09-17T02:54:00+02:00,54,placa-vella,297,218,79,26.6
2026-09-17T00:54:00Z,2026-09-17T02:54:00+02:00,55,ajuntament-mercat,237,187,50,21.1
2026-09-17T00:55:00Z,2026-09-17T02:55:00+02:00,53,dr-robert,407,334,73,17.9
2026-09-17T00:55:00Z,2026-09-17T02:55:00+02:00,54,placa-vella,297,218,79,26.6
2026-09-17T00:55:00Z,2026-09-17T02:55:00+02:00,55,ajuntament-mercat,237,187,50,21.1
2026-09-17T00:56:00Z,2026-09-17T02:56:00+02:00,53,dr-robert,407,334,73,17.9
2026-09-17T00:56:00Z,2026-09-17T02:56:00+02:00,54,placa-vella,297,218,79,26.6
2026-09-17T00:56:00Z,2026-09-17T02:56:00+02:00,55,ajuntament-mercat,237,187,50,21.1
2026-09-17T00:57:00Z,2026-09-17T02:57:00+02:00,53,dr-robert,407,334,73,17.9
2026-09-17T00:57:00Z,2026-09-17T02:57:00+02:00,54,placa-vella,297,218,79,26.6
2026-09-17T00:57:00Z,2026-09-17T02:57:00+02:00,55,ajuntament-mercat,237,187,50,21.1
2026-09-17T00:58:00Z,2026-09-17T02:58:00+02:00,53,dr-robert,407,334,73,17.9
2026-09-17T00:58:00Z,2026-09-17T02:58:00+02:00,54,placa-vella,297,218,79,26.6
2026-09-17T00:58:00Z,2026-09-17T02:58:00+02:00,55,ajuntament-mercat,237,187,50,21.1
2026-09-17T00:59:00Z,2026-09-17T02:59:00+02:00,53,dr-robert,407,334,73,17.9
2026-09-17T00:59:00Z,2026-09-17T02:59:00+02:00,54,placa-vella,297,218,79,26.6
2026-09-17T00:59:00Z,2026-09-17T02:59:00+02:00,55,ajuntament-mercat,237,187,50,21.1
2026-09-17T01:00:00Z,2026-09-17T03:00:00+02:00,53,dr-robert,407,334,73,17.9
2026-09-17T01:00:00Z,2026-09-17T03:00:00+02:00,54,placa-vella,297,218,79,26.6
2026-09-17T01:00:00Z,2026-09-17T03:00:00+02:00,55,ajuntament-mercat,237,187,50,21.1
2026-09-17T01:01:00Z,2026-09-17T03:01:00+02:00,53,dr-robert,407,334,73,17.9
2026-09-17T01:01:00Z,2026-09-17T03:01:00+02:00,54,placa-vella,297,218,79,26.6
2026-09-17T01:01:00Z,2026-09-17T03:01:00+02:00,55,ajuntament-mercat,237,187,50,21.1
2026-09-17T01:02:00Z,2026-09-17T03:02:00+02:00,53,dr-robert,407,334,73,17.9
2026-09-17T01:02:00Z,2026-09-17T03:02:00+02:00,54,placa-vella,297,218,79,26.6
2026-09-17T01:02:00Z,2026-09-17T03:02:00+02:00,55,ajuntament-mercat,237,187,50,21.1
2026-09-17T01:03:00Z,2026-09-17T03:03:00+02:00,53,dr-robert,407,334,73,17.9
2026-09-17T01:03:00Z,2026-09-17T03:03:00+02:00,54,placa-vella,297,218,79,26.6
2026-09-17T01:03:00Z,2026-09-17T03:03:00+02:00,55,ajuntament-mercat,237,187,50,21.1
2026-09-17T01:04:00Z,2026-09-17T03:04:00+02:00,53,dr-robert,407,334,73,17.9
2026-09-17T01:04:00Z,2026-09-17T03:04:00+02:00,54,placa-vella,297,218,79,26.6
2026-09-17T01:04:00Z,2026-09-17T03:04:00+02:00,55,ajuntament-mercat,237,187,50,21.1
2026-09-17T01:05:00Z,2026-09-17T03:05:00+02:00,53,dr-robert,407,335,72,17.7
2026-09-17T01:05:00Z,2026-09-17T03:05:00+02:00,54,placa-vella,297,218,79,26.6
2026-09-17T01:05:00Z,2026-09-17T03:05:00+02:00,55,ajuntament-mercat,237,187,50,21.1
2026-09-17T01:06:00Z,2026-09-17T03:06:00+02:00,53,dr-robert,407,335,72,17.7
2026-09-17T01:06:00Z,2026-09-17T03:06:00+02:00,54,placa-vella,297,218,79,26.6
2026-09-17T01:06:00Z,2026-09-17T03:06:00+02:00,55,ajuntament-mercat,237,187,50,21.1
2026-09-17T01:07:00Z,2026-09-17T03:07:00+02:00,53,dr-robert,407,335,72,17.7
2026-09-17T01:07:00Z,2026-09-17T03:07:00+02:00,54,placa-vella,297,218,79,26.6
2026-09-17T01:07:00Z,2026-09-17T03:07:00+02:00,55,ajuntament-mercat,237,187,50,21.1
2026-09-17T01:08:00Z,2026-09-17T03:08:00+02:00,53,dr-robert,407,335,72,17.7
2026-09-17T01:08:00Z,2026-09-17T03:08:00+02:00,54,placa-vella,297,218,79,26.6
2026-09-17T01:08:00Z,2026-09-17T03:08:00+02:00,55,ajuntament-mercat,237,187,50,21.1
2026-09-17T01:09:00Z,2026-09-17T03:09:00+02:00,53,dr-robert,407,335,72,17.7
2026-09-17T01:09:00Z,2026-09-17T03:09:00+02:00,54,placa-vella,297,218,79,26.6
2026-09-17T01:09:00Z,2026-09-17T03:09:00+02:00,55,ajuntament-mercat,237,187,50,21.1
2026-09-17T01:10:00Z,2026-09-17T03:10:00+02:00,53,dr-robert,407,335,72,17.7
2026-09-17T01:10:00Z,2026-09-17T03:10:00+02:00,54,placa-vella,297,218,79,26.6
2026-09-17T01:10:00Z,2026-09-17T03:10:00+02:00,55,ajuntament-mercat,237,187,50,21.1
2026-09-17T01:11:00Z,2026-09-17T03:11:00+02:00,53,dr-robert,407,335,72,17.7
2026-09-17T01:11:00Z,2026-09-17T03:11:00+02:00,54,placa-vella,297,218,79,26.6
2026-09-17T01:11:00Z,2026-09-17T03:11:00+02:00,55,ajuntament-mercat,237,187,50,21.1
2026-09-17T01:12:00Z,2026-09-17T03:12:00+02:00,53,dr-robert,407,335,72,17.7
2026-09-17T01:12:00Z,2026-09-17T03:12:00+02:00,54,placa-vella,297,218,79,26.6
2026-09-17T01:12:00Z,2026-09-17T03:12:00+02:00,55,ajuntament-mercat,237,187,50,21.1
2026-09-17T01:13:00Z,2026-09-17T03:13:00+02:00,53,dr-robert,407,335,72,17.7
2026-09-17T01:13:00Z,2026-09-17T03:13:00+02:00,54,placa-vella,297,218,79,26.6
2026-09-17T01:13:00Z,2026-09-17T03:13:00+02:00,55,ajuntament-mercat,237,187,50,21.1
2026-09-17T01:14:00Z,2026-09-17T03:14:00+02:00,53,dr-robert,407,335,72,17.7
2026-09-17T01:14:00Z,2026-09-17T03:14:00+02:00,54,placa-vella,297,218,79,26.6
2026-09-17T01:14:00Z,2026-09-17T03:14:00+02:00,55,ajuntament-mercat,237,187,50,21.1
2026-09-17T01:15:00Z,2026-09-17T03:15:00+02:00,53,dr-robert,407,336,71,17.4
2026-09-17T01:15:00Z,2026-09-17T03:15:00+02:00,54,placa-vella,297,218,79,26.6
2026-09-17T01:15:00Z,2026-09-17T03:15:00+02:00,55,ajuntament-mercat,237,187,50,21.1
2026-09-17T01:16:00Z,2026-09-17T03:16:00+02:00,53,dr-robert,407,336,71,17.4
2026-09-17T01:16:00Z,2026-09-17T03:16:00+02:00,54,placa-vella,297,218,79,26.6
2026-09-17T01:16:00Z,2026-09-17T03:16:00+02:00,55,ajuntament-mercat,237,187,50,21.1
2026-09-17T01:17:00Z,2026-09-17T03:17:00+02:00,53,dr-robert,407,336,71,17.4
2026-09-17T01:17:00Z,2026-09-17T03:17:00+02:00,54,placa-vella,297,218,79,26.6
2026-09-17T01:17:00Z,2026-09-17T03:17:00+02:00,55,ajuntament-mercat,237,187,50,21.1
2026-09-17T01:18:00Z,2026-09-17T03:18:00+02:00,53,dr-robert,407,336,71,17.4
2026-09-17T01:18:00Z,2026-09-17T03:18:00+02:00,54,placa-vella,297,218,79,26.6
2026-09-17T01:18:00Z,2026-09-17T03:18:00+02:00,55,ajuntament-mercat,237,187,50,21.1
2026-09-17T01:19:00Z,2026-09-17T03:19:00+02:00,53,dr-robert,407,336,71,17.4
2026-09-17T01:19:00Z,2026-09-17T03:19:00+02:00,54,placa-vella,297,218,79,26.6
2026-09-17T01:19:00Z,2026-09-17T03:19:00+02:00,55,ajuntament-mercat,237,187,50,21.1
2026-09-17T01:20:00Z,2026-09-17T03:20:00+02:00,53,dr-robert,407,336,71,17.4
2026-09-17T01:20:00Z,2026-09-17T03:20:00+02:00,54,placa-vella,297,218,79,26.6
2026-09-17T01:20:00Z,2026-09-17T03:20:00+02:00,55,ajuntament-mercat,237,187,50,21.1
2026-09-17T01:21:00Z,2026-09-17T03:21:00+02:00,53,dr-robert,407,336,71,17.4
2026-09-17T01:21:00Z,2026-09-17T03:21:00+02:00,54,placa-vella,297,218,79,26.6
2026-09-17T01:21:00Z,2026-09-17T03:21:00+02:00,55,ajuntament-mercat,237,187,50,21.1
2026-09-17T01:22:00Z,2026-09-17T03:22:00+02:00,53,dr-robert,407,336,71,17.4
2026-09-17T01:22:00Z,2026-09-17T03:22:00+02:00,54,placa-vella,297,218,79,26.6
2026-09-17T01:22:00Z,2026-09-17T03:22:00+02:00,55,ajuntament-mercat,237,187,50,21.1
2026-09-17T01:23:00Z,2026-09-17T03:23:00+02:00,53,dr-robert,407,336,71,17.4
2026-09-17T01:23:00Z,2026-09-17T03:23:00+02:00,54,placa-vella,297,218,79,26.6
2026-09-17T01:23:00Z,2026-09-17T03:23:00+02:00,55,ajuntament-mercat,237,187,50,21.1
2026-09-17T01:24:00Z,2026-09-17T03:24:00+02:00,53,dr-robert,407,336,71,17.4
2026-09-17T01:24:00Z,2026-09-17T03:24:00+02:00,54,placa-vella,297,218,79,26.6
2026-09-17T01:24:00Z,2026-09-17T03:24:00+02:00,55,ajuntament-mercat,237,187,50,21.1
2026-09-17T01:25:00Z,2026-09-17T03:25:00+02:00,53,dr-robert,407,336,71,17.4
2026-09-17T01:25:00Z,2026-09-17T03:25:00+02:00,54,placa-vella,297,218,79,26.6
2026-09-17T01:25:00Z,2026-09-17T03:25:00+02:00,55,ajuntament-mercat,237,187,50,21.1
2026-09-17T01:26:00Z,2026-09-17T03:26:00+02:00,53,dr-robert,407,336,71,17.4
2026-09-17T01:26:00Z,2026-09-17T03:26:00+02:00,54,placa-vella,297,218,79,26.6
2026-09-17T01:26:00Z,2026-09-17T03:26:00+02:00,55,ajuntament-mercat,237,187,50,21.1
2026-09-17T01:27:00Z,2026-09-17T03:27:00+02:00,53,dr-robert,407,336,71,17.4
2026-09-17T01:27:00Z,2026-09-17T03:27:00+02:00,54,placa-vella,297,218,79,26.6
2026-09-17T01:27:00Z,2026-09-17T03:27:00+02:00,55,ajuntament-mercat,237,187,50,21.1
2026-09-17T01:28:00Z,2026-09-17T03:28:00+02:00,53,dr-robert,407,336,71,17.4
2026-09-17T01:28:00Z,2026-09-17T03:28:00+02:00,54,placa-vella,297,218,79,26.6
2026-09-17T01:28:00Z,2026-09-17T03:28:00+02:00,55,ajuntament-mercat,237,187,50,21.1
2026-09-17T01:29:00Z,2026-09-17T03:29:00+02:00,53,dr-robert,407,336,71,17.4
2026-09-17T01:29:00Z,2026-09-17T03:29:00+02:00,54,placa-vella,297,218,79,26.6
2026-09-17T01:29:00Z,2026-09-17T03:29:00+02:00,55,ajuntament-mercat,237,187,50,21.1
2026-09-17T01:30:00Z,2026-09-17T03:30:00+02:00,53,dr-robert,407,336,71,17.4
2026-09-17T01:30:00Z,2026-09-17T03:30:00+02:00,54,placa-vella,297,218,79,26.6
2026-09-17T01:30:00Z,2026-09-17T03:30:00+02:00,55,ajuntament-mercat,237,187,50,21.1
2026-09-17T01:31:00Z,2026-09-17T03:31:00+02:00,53,dr-robert,407,336,71,17.4
2026-09-17T01:31:00Z,2026-09-17T03:31:00+02:00,54,placa-vella,297,218,79,26.6
2026-09-17T01:31:00Z,2026-09-17T03:31:00+02:00,55,ajuntament-mercat,237,187,50,21.1
2026-09-17T01:32:00Z,2026-09-17T03:32:00+02:00,53,dr-robert,407,336,71,17.4
2026-09-17T01:32:00Z,2026-09-17T03:32:00+02:00,54,placa-vella,297,218,79,26.6
2026-09-17T01:32:00Z,2026-09-17T03:32:00+02:00,55,ajuntament-mercat,237,187,50,21.1
2026-09-17T01:33:00Z,2026-09-17T03:33:00+02:00,53,dr-robert,407,336,71,17.4
2026-09-17T01:33:00Z,2026-09-17T03:33:00+02:00,54,placa-vella,297,218,79,26.6
2026-09-17T01:33:00Z,2026-09-17T03:33:00+02:00,55,ajuntament-mercat,237,187,50,21.1
2026-09-17T01:34:00Z,2026-09-17T03:34:00+02:00,53,dr-robert,407,336,71,17.4
2026-09-17T01:34:00Z,2026-09-17T03:34:00+02:00,54,placa-vella,297,218,79,26.6
2026-09-17T01:34:00Z,2026-09-17T03:34:00+02:00,55,ajuntament-mercat,237,187,50,21.1
2026-09-17T01:35:00Z,2026-09-17T03:35:00+02:00,53,dr-robert,407,336,71,17.4
2026-09-17T01:35:00Z,2026-09-17T03:35:00+02:00,54,placa-vella,297,218,79,26.6
2026-09-17T01:35:00Z,2026-09-17T03:35:00+02:00,55,ajuntament-mercat,237,187,50,21.1
2026-09-17T01:36:00Z,2026-09-17T03:36:00+02:00,53,dr-robert,407,336,71,17.4
2026-09-17T01:36:00Z,2026-09-17T03:36:00+02:00,54,placa-vella,297,218,79,26.6
2026-09-17T01:36:00Z,2026-09-17T03:36:00+02:00,55,ajuntament-mercat,237,187,50,21.1
2026-09-17T01:37:00Z,2026-09-17T03:37:00+02:00,53,dr-robert,407,336,71,17.4
2026-09-17T01:37:00Z,2026-09-17T03:37:00+02:00,54,placa-vella,297,218,79,26.6
2026-09-17T01:37:00Z,2026-09-17T03:37:00+02:00,55,ajuntament-mercat,237,187,50,21.1
2026-09-17T01:38:00Z,2026-09-17T03:38:00+02:00,53,dr-robert,407,336,71,17.4
2026-09-17T01:38:00Z,2026-09-17T03:38:00+02:00,54,placa-vella,297,218,79,26.6
2026-09-17T01:38:00Z,2026-09-17T03:38:00+02:00,55,ajuntament-mercat,237,187,50,21.1
2026-09-17T01:39:00Z,2026-09-17T03:39:00+02:00,53,dr-robert,407,336,71,17.4
2026-09-17T01:39:00Z,2026-09-17T03:39:00+02:00,54,placa-vella,297,218,79,26.6
2026-09-17T01:39:00Z,2026-09-17T03:39:00+02:00,55,ajuntament-mercat,237,187,50,21.1
2026-09-17T01:40:00Z,2026-09-17T03:40:00+02:00,53,dr-robert,407,336,71,17.4
2026-09-17T01:40:00Z,2026-09-17T03:40:00+02:00,54,placa-vella,297,218,79,26.6
2026-09-17T01:40:00Z,2026-09-17T03:40:00+02:00,55,ajuntament-mercat,237,187,50,21.1
2026-09-17T01:41:00Z,2026-09-17T03:41:00+02:00,53,dr-robert,407,336,71,17.4
2026-09-17T01:41:00Z,2026-09-17T03:41:00+02:00,54,placa-vella,297,218,79,26.6
2026-09-17T01:41:00Z,2026-09-17T03:41:00+02:00,55,ajuntament-mercat,237,187,50,21.1
2026-09-17T01:42:00Z,2026-09-17T03:42:00+02:00,53,dr-robert,407,336,71,17.4
2026-09-17T01:42:00Z,2026-09-17T03:42:00+02:00,54,placa-vella,297,218,79,26.6
2026-09-17T01:42:00Z,2026-09-17T03:42:00+02:00,55,ajuntament-mercat,237,187,50,21.1
2026-09-17T01:43:00Z,2026-09-17T03:43:00+02:00,53,dr-robert,407,336,71,17.4
2026-09-17T01:43:00Z,2026-09-17T03:43:00+02:00,54,placa-vella,297,218,79,26.6
2026-09-17T01:43:00Z,2026-09-17T03:43:00+02:00,55,ajuntament-mercat,237,187,50,21.1
2026-09-17T01:44:00Z,2026-09-17T03:44:00+02:00,53,dr-robert,407,336,71,17.4
2026-09-17T01:44:00Z,2026-09-17T03:44:00+02:00,54,placa-vella,297,218,79,26.6
2026-09-17T01:44:00Z,2026-09-17T03:44:00+02:00,55,ajuntament-mercat,237,187,50,21.1
2026-09-17T01:45:00Z,2026-09-17T03:45:00+02:00,53,dr-robert,407,341,66,16.2
2026-09-17T01:45:00Z,2026-09-17T03:45:00+02:00,54,placa-vella,297,218,79,26.6
2026-09-17T01:45:00Z,2026-09-17T03:45:00+02:00,55,ajuntament-mercat,237,187,50,21.1
2026-09-17T01:46:00Z,2026-09-17T03:46:00+02:00,53,dr-robert,407,341,66,16.2
2026-09-17T01:46:00Z,2026-09-17T03:46:00+02:00,54,placa-vella,297,218,79,26.6
2026-09-17T01:46:00Z,2026-09-17T03:46:00+02:00,55,ajuntament-mercat,237,187,50,21.1
2026-09-17T01:47:00Z,2026-09-17T03:47:00+02:00,53,dr-robert,407,341,66,16.2
2026-09-17T01:47:00Z,2026-09-17T03:47:00+02:00,54,placa-vella,297,218,79,26.6
2026-09-17T01:47:00Z,2026-09-17T03:47:00+02:00,55,ajuntament-mercat,237,187,50,21.1
2026-09-17T01:48:00Z,2026-09-17T03:48:00+02:00,53,dr-robert,407,341,66,16.2
2026-09-17T01:48:00Z,2026-09-17T03:48:00+02:00,54,placa-vella,297,218,79,26.6
2026-09-17T01:48:00Z,2026-09-17T03:48:00+02:00,55,ajuntament-mercat,237,187,50,21.1
2026-09-17T01:49:00Z,2026-09-17T03:49:00+02:00,53,dr-robert,407,341,66,16.2
2026-09-17T01:49:00Z,2026-09-17T03:49:00+02:00,54,placa-vella,297,218,79,26.6
2026-09-17T01:49:00Z,2026-09-17T03:49:00+02:00,55,ajuntament-mercat,237,187,50,21.1
2026-09-17T01:50:00Z,2026-09-17T03:50:00+02:00,53,dr-robert,407,341,66,16.2
2026-09-17T01:50:00Z,2026-09-17T03:50:00+02:00,54,placa-vella,297,218,79,26.6
2026-09-17T01:50:00Z,2026-09-17T03:50:00+02:00,55,ajuntament-mercat,237,187,50,21.1
2026-09-17T01:51:00Z,2026-09-17T03:51:00+02:00,53,dr-robert,407,341,66,16.2
2026-09-17T01:51:00Z,2026-09-17T03:51:00+02:00,54,placa-vella,297,218,79,26.6
2026-09-17T01:51:00Z,2026-09-17T03:51:00+02:00,55,ajuntament-mercat,237,187,50,21.1
2026-09-17T01:52:00Z,2026-09-17T03:52:00+02:00,53,dr-robert,407,341,66,16.2
2026-09-17T01:52:00Z,2026-09-17T03:52:00+02:00,54,placa-vella,297,218,79,26.6
2026-09-17T01:52:00Z,2026-09-17T03:52:00+02:00,55,ajuntament-mercat,237,187,50,21.1
2026-09-17T01:53:00Z,2026-09-17T03:53:00+02:00,53,dr-robert,407,341,66,16.2
2026-09-17T01:53:00Z,2026-09-17T03:53:00+02:00,54,placa-vella,297,218,79,26.6
2026-09-17T01:53:00Z,2026-09-17T03:53:00+02:00,55,ajuntament-mercat,237,187,50,21.1
2026-09-17T01:54:00Z,2026-09-17T03:54:00+02:00,53,dr-robert,407,341,66,16.2
2026-09-17T01:54:00Z,2026-09-17T03:54:00+02:00,54,placa-vella,297,218,79,26.6
2026-09-17T01:54:00Z,2026-09-17T03:54:00+02:00,55,ajuntament-mercat,237,187,50,21.1
2026-09-17T01:55:00Z,2026-09-17T03:55:00+02:00,53,dr-robert,407,341,66,16.2
2026-09-17T01:55:00Z,2026-09-17T03:55:00+02:00,54,placa-vella,297,218,79,26.6
2026-09-17T01:55:00Z,2026-09-17T03:55:00+02:00,55,ajuntament-mercat,237,187,50,21.1
2026-09-17T01:56:00Z,2026-09-17T03:56:00+02:00,53,dr-robert,407,341,66,16.2
2026-09-17T01:56:00Z,2026-09-17T03:56:00+02:00,54,placa-vella,297,218,79,26.6
2026-09-17T01:56:00Z,2026-09-17T03:56:00+02:00,55,ajuntament-mercat,237,187,50,21.1
2026-09-17T01:57:00Z,2026-09-17T03:57:00+02:00,53,dr-robert,407,341,66,16.2
2026-09-17T01:57:00Z,2026-09-17T03:57:00+02:00,54,placa-vella,297,218,79,26.6
2026-09-17T01:57:00Z,2026-09-17T03:57:00+02:00,55,ajuntament-mercat,237,187,50,21.1
2026-09-17T01:58:00Z,2026-09-17T03:58:00+02:00,53,dr-robert,407,341,66,16.2
2026-09-17T01:58:00Z,2026-09-17T03:58:00+02:00,54,placa-vella,297,218,79,26.6
2026-09-17T01:58:00Z,2026-09-17T03:58:00+02:00,55,ajuntament-mercat,237,187,50,21.1
2026-09-17T01:59:00Z,2026-09-17T03:59:00+02:00,53,dr-robert,407,341,66,16.2
2026-09-17T01:59:00Z,2026-09-17T03:59:00+02:00,54,placa-vella,297,218,79,26.6
2026-09-17T01:59:00Z,2026-09-17T03:59:00+02:00,55,ajuntament-mercat,237,187,50,21.1
2026-09-17T02:00:00Z,2026-09-17T04:00:00+02:00,53,dr-robert,407,341,66,16.2
2026-09-17T02:00:00Z,2026-09-17T04:00:00+02:00,54,placa-vella,297,218,79,26.6
2026-09-17T02:00:00Z,2026-09-17T04:00:00+02:00,55,ajuntament-mercat,237,187,50,21.1
2026-09-17T02:01:00Z,2026-09-17T04:01:00+02:00,53,dr-robert,407,341,66,16.2
2026-09-17T02:01:00Z,2026-09-17T04:01:00+02:00,54,placa-vella,297,218,79,26.6
2026-09-17T02:01:00Z,2026-09-17T04:01:00+02:00,55,ajuntament-mercat,237,187,50,21.1
2026-09-17T02:02:00Z,2026-09-17T04:02:00+02:00,53,dr-robert,407,342,65,16
2026-09-17T02:02:00Z,2026-09-17T04:02:00+02:00,54,placa-vella,297,218,79,26.6
2026-09-17T02:02:00Z,2026-09-17T04:02:00+02:00,55,ajuntament-mercat,237,187,50,21.1
2026-09-17T02:03:00Z,2026-09-17T04:03:00+02:00,53,dr-robert,407,342,65,16
2026-09-17T02:03:00Z,2026-09-17T04:03:00+02:00,54,placa-vella,297,218,79,26.6
2026-09-17T02:03:00Z,2026-09-17T04:03:00+02:00,55,ajuntament-mercat,237,187,50,21.1
2026-09-17T02:04:00Z,2026-09-17T04:04:00+02:00,53,dr-robert,407,342,65,16
2026-09-17T02:04:00Z,2026-09-17T04:04:00+02:00,54,placa-vella,297,218,79,26.6
2026-09-17T02:04:00Z,2026-09-17T04:04:00+02:00,55,ajuntament-mercat,237,187,50,21.1
2026-09-17T02:05:00Z,2026-09-17T04:05:00+02:00,53,dr-robert,407,342,65,16
2026-09-17T02:05:00Z,2026-09-17T04:05:00+02:00,54,placa-vella,297,218,79,26.6
2026-09-17T02:05:00Z,2026-09-17T04:05:00+02:00,55,ajuntament-mercat,237,187,50,21.1
2026-09-17T02:06:00Z,2026-09-17T04:06:00+02:00,53,dr-robert,407,342,65,16
2026-09-17T02:06:00Z,2026-09-17T04:06:00+02:00,54,placa-vella,297,218,79,26.6
2026-09-17T02:06:00Z,2026-09-17T04:06:00+02:00,55,ajuntament-mercat,237,187,50,21.1
2026-09-17T02:07:00Z,2026-09-17T04:07:00+02:00,53,dr-robert,407,342,65,16
2026-09-17T02:07:00Z,2026-09-17T04:07:00+02:00,54,placa-vella,297,218,79,26.6
2026-09-17T02:07:00Z,2026-09-17T04:07:00+02:00,55,ajuntament-mercat,237,187,50,21.1
2026-09-17T02:08:00Z,2026-09-17T04:08:00+02:00,53,dr-robert,407,342,65,16
2026-09-17T02:08:00Z,2026-09-17T04:08:00+02:00,54,placa-vella,297,218,79,26.6
2026-09-17T02:08:00Z,2026-09-17T04:08:00+02:00,55,ajuntament-mercat,237,187,50,21.1
2026-09-17T02:09:00Z,2026-09-17T04:09:00+02:00,53,dr-robert,407,342,65,16
2026-09-17T02:09:00Z,2026-09-17T04:09:00+02:00,54,placa-vella,297,218,79,26.6
2026-09-17T02:09:00Z,2026-09-17T04:09:00+02:00,55,ajuntament-mercat,237,187,50,21.1
2026-09-17T02:10:00Z,2026-09-17T04:10:00+02:00,53,dr-robert,407,342,65,16
2026-09-17T02:10:00Z,2026-09-17T04:10:00+02:00,54,placa-vella,297,218,79,26.6
2026-09-17T02:10:00Z,2026-09-17T04:10:00+02:00,55,ajuntament-mercat,237,187,50,21.1
2026-09-17T02:11:00Z,2026-09-17T04:11:00+02:00,53,dr-robert,407,342,65,16
2026-09-17T02:11:00Z,2026-09-17T04:11:00+02:00,54,placa-vella,297,218,79,26.6
2026-09-17T02:11:00Z,2026-09-17T04:11:00+02:00,55,ajuntament-mercat,237,187,50,21.1
2026-09-17T02:12:00Z,2026-09-17T04:12:00+02:00,53,dr-robert,407,342,65,16
2026-09-17T02:12:00Z,2026-09-17T04:12:00+02:00,54,placa-vella,297,218,79,26.6
2026-09-17T02:12:00Z,2026-09-17T04:12:00+02:00,55,ajuntament-mercat,237,187,50,21.1
2026-09-17T02:13:00Z,2026-09-17T04:13:00+02:00,53,dr-robert,407,342,65,16
2026-09-17T02:13:00Z,2026-09-17T04:13:00+02:00,54,placa-vella,297,218,79,26.6
2026-09-17T02:13:00Z,2026-09-17T04:13:00+02:00,55,ajuntament-mercat,237,187,50,21.1
2026-09-17T02:14:00Z,2026-09-17T04:14:00+02:00,53,dr-robert,407,342,65,16
2026-09-17T02:14:00Z,2026-09-17T04:14:00+02:00,54,placa-vella,297,218,79,26.6
2026-09-17T02:14:00Z,2026-09-17T04:14:00+02:00,55,ajuntament-mercat,237,187,50,21.1
2026-09-17T02:15:00Z,2026-09-17T04:15:00+02:00,53,dr-robert,407,343,64,15.7
2026-09-17T02:15:00Z,2026-09-17T04:15:00+02:00,54,placa-vella,297,218,79,26.6
2026-09-17T02:15:00Z,2026-09-17T04:15:00+02:00,55,ajuntament-mercat,237,187,50,21.1
2026-09-17T02:16:00Z,2026-09-17T04:16:00+02:00,53,dr-robert,407,343,64,15.7
2026-09-17T02:16:00Z,2026-09-17T04:16:00+02:00,54,placa-vella,297,218,79,26.6
2026-09-17T02:16:00Z,2026-09-17T04:16:00+02:00,55,ajuntament-mercat,237,187,50,21.1
2026-09-17T02:17:00Z,2026-09-17T04:17:00+02:00,53,dr-robert,407,343,64,15.7
2026-09-17T02:17:00Z,2026-09-17T04:17:00+02:00,54,placa-vella,297,218,79,26.6
2026-09-17T02:17:00Z,2026-09-17T04:17:00+02:00,55,ajuntament-mercat,237,187,50,21.1
2026-09-17T02:18:00Z,2026-09-17T04:18:00+02:00,53,dr-robert,407,343,64,15.7
2026-09-17T02:18:00Z,2026-09-17T04:18:00+02:00,54,placa-vella,297,218,79,26.6
2026-09-17T02:18:00Z,2026-09-17T04:18:00+02:00,55,ajuntament-mercat,237,187,50,21.1
2026-09-17T02:19:00Z,2026-09-17T04:19:00+02:00,53,dr-robert,407,343,64,15.7
2026-09-17T02:19:00Z,2026-09-17T04:19:00+02:00,54,placa-vella,297,218,79,26.6
2026-09-17T02:19:00Z,2026-09-17T04:19:00+02:00,55,ajuntament-mercat,237,187,50,21.1
2026-09-17T02:20:00Z,2026-09-17T04:20:00+02:00,53,dr-robert,407,343,64,15.7
2026-09-17T02:20:00Z,2026-09-17T04:20:00+02:00,54,placa-vella,297,218,79,26.6
2026-09-17T02:20:00Z,2026-09-17T04:20:00+02:00,55,ajuntament-mercat,237,187,50,21.1
2026-09-17T02:21:00Z,2026-09-17T04:21:00+02:00,53,dr-robert,407,343,64,15.7
2026-09-17T02:21:00Z,2026-09-17T04:21:00+02:00,54,placa-vella,297,218,79,26.6
2026-09-17T02:21:00Z,2026-09-17T04:21:00+02:00,55,ajuntament-mercat,237,187,50,21.1
2026-09-17T02:22:00Z,2026-09-17T04:22:00+02:00,53,dr-robert,407,343,64,15.7
2026-09-17T02:22:00Z,2026-09-17T04:22:00+02:00,54,placa-vella,297,218,79,26.6
2026-09-17T02:22:00Z,2026-09-17T04:22:00+02:00,55,ajuntament-mercat,237,187,50,21.1
2026-09-17T02:23:00Z,2026-09-17T04:23:00+02:00,53,dr-robert,407,343,64,15.7
2026-09-17T02:23:00Z,2026-09-17T04:23:00+02:00,54,placa-vella,297,218,79,26.6
2026-09-17T02:23:00Z,2026-09-17T04:23:00+02:00,55,ajuntament-mercat,237,187,50,21.1
2026-09-17T02:24:00Z,2026-09-17T04:24:00+02:00,53,dr-robert,407,343,64,15.7
2026-09-17T02:24:00Z,2026-09-17T04:24:00+02:00,54,placa-vella,297,218,79,26.6
2026-09-17T02:24:00Z,2026-09-17T04:24:00+02:00,55,ajuntament-mercat,237,187,50,21.1
2026-09-17T02:25:00Z,2026-09-17T04:25:00+02:00,53,dr-robert,407,342,65,16
2026-09-17T02:25:00Z,2026-09-17T04:25:00+02:00,54,placa-vella,297,218,79,26.6
2026-09-17T02:25:00Z,2026-09-17T04:25:00+02:00,55,ajuntament-mercat,237,187,50,21.1
2026-09-17T02:26:00Z,2026-09-17T04:26:00+02:00,53,dr-robert,407,342,65,16
2026-09-17T02:26:00Z,2026-09-17T04:26:00+02:00,54,placa-vella,297,218,79,26.6
2026-09-17T02:26:00Z,2026-09-17T04:26:00+02:00,55,ajuntament-mercat,237,187,50,21.1
2026-09-17T02:27:00Z,2026-09-17T04:27:00+02:00,53,dr-robert,407,342,65,16
2026-09-17T02:27:00Z,2026-09-17T04:27:00+02:00,54,placa-vella,297,218,79,26.6
2026-09-17T02:27:00Z,2026-09-17T04:27:00+02:00,55,ajuntament-mercat,237,187,50,21.1
2026-09-17T02:28:00Z,2026-09-17T04:28:00+02:00,53,dr-robert,407,342,65,16
2026-09-17T02:28:00Z,2026-09-17T04:28:00+02:00,54,placa-vella,297,218,79,26.6
2026-09-17T02:28:00Z,2026-09-17T04:28:00+02:00,55,ajuntament-mercat,237,187,50,21.1
2026-09-17T02:29:00Z,2026-09-17T04:29:00+02:00,53,dr-robert,407,342,65,16
2026-09-17T02:29:00Z,2026-09-17T04:29:00+02:00,54,placa-vella,297,218,79,26.6
2026-09-17T02:29:00Z,2026-09-17T04:29:00+02:00,55,ajuntament-mercat,237,187,50,21.1
2026-09-17T02:30:00Z,2026-09-17T04:30:00+02:00,53,dr-robert,407,342,65,16
2026-09-17T02:30:00Z,2026-09-17T04:30:00+02:00,54,placa-vella,297,218,79,26.6
2026-09-17T02:30:00Z,2026-09-17T04:30:00+02:00,55,ajuntament-mercat,237,187,50,21.1
2026-09-17T02:31:00Z,2026-09-17T04:31:00+02:00,53,dr-robert,407,342,65,16
2026-09-17T02:31:00Z,2026-09-17T04:31:00+02:00,54,placa-vella,297,218,79,26.6
2026-09-17T02:31:00Z,2026-09-17T04:31:00+02:00,55,ajuntament-mercat,237,187,50,21.1
2026-09-17T02:32:00Z,2026-09-17T04:32:00+02:00,53,dr-robert,407,342,65,16
2026-09-17T02:32:00Z,2026-09-17T04:32:00+02:00,54,placa-vella,297,218,79,26.6
2026-09-17T02:32:00Z,2026-09-17T04:32:00+02:00,55,ajuntament-mercat,237,187,50,21.1
2026-09-17T02:33:00Z,2026-09-17T04:33:00+02:00,53,dr-robert,407,342,65,16
2026-09-17T02:33:00Z,2026-09-17T04:33:00+02:00,54,placa-vella,297,218,79,26.6
2026-09-17T02:33:00Z,2026-09-17T04:33:00+02:00,55,ajuntament-mercat,237,187,50,21.1
2026-09-17T02:34:00Z,2026-09-17T04:34:00+02:00,53,dr-robert,407,342,65,16
2026-09-17T02:34:00Z,2026-09-17T04:34:00+02:00,54,placa-vella,297,218,79,26.6
2026-09-17T02:34:00Z,2026-09-17T04:34:00+02:00,55,ajuntament-mercat,237,187,50,21.1
2026-09-17T02:35:00Z,2026-09-17T04:35:00+02:00,53,dr-robert,407,342,65,16
2026-09-17T02:35:00Z,2026-09-17T04:35:00+02:00,54,placa-vella,297,218,79,26.6
2026-09-17T02:35:00Z,2026-09-17T04:35:00+02:00,55,ajuntament-mercat,237,187,50,21.1
2026-09-17T02:36:00Z,2026-09-17T04:36:00+02:00,53,dr-robert,407,342,65,16
2026-09-17T02:36:00Z,2026-09-17T04:36:00+02:00,54,placa-vella,297,218,79,26.6
2026-09-17T02:36:00Z,2026-09-17T04:36:00+02:00,55,ajuntament-mercat,237,187,50,21.1
2026-09-17T02:37:00Z,2026-09-17T04:37:00+02:00,53,dr-robert,407,342,65,16
2026-09-17T02:37:00Z,2026-09-17T04:37:00+02:00,54,placa-vella,297,218,79,26.6
2026-09-17T02:37:00Z,2026-09-17T04:37:00+02:00,55,ajuntament-mercat,237,187,50,21.1
2026-09-17T02:38:00Z,2026-09-17T04:38:00+02:00,53,dr-robert,407,342,65,16
2026-09-17T02:38:00Z,2026-09-17T04:38:00+02:00,54,placa-vella,297,218,79,26.6
2026-09-17T02:38:00Z,2026-09-17T04:38:00+02:00,55,ajuntament-mercat,237,187,50,21.1
2026-09-17T02:39:00Z,2026-09-17T04:39:00+02:00,53,dr-robert,407,342,65,16
2026-09-17T02:39:00Z,2026-09-17T04:39:00+02:00,54,placa-vella,297,218,79,26.6
2026-09-17T02:39:00Z,2026-09-17T04:39:00+02:00,55,ajuntament-mercat,237,187,50,21.1
2026-09-17T02:40:00Z,2026-09-17T04:40:00+02:00,53,dr-robert,407,341,66,16.2
2026-09-17T02:40:00Z,2026-09-17T04:40:00+02:00,54,placa-vella,297,218,79,26.6
2026-09-17T02:40:00Z,2026-09-17T04:40:00+02:00,55,ajuntament-mercat,237,187,50,21.1
2026-09-17T02:41:00Z,2026-09-17T04:41:00+02:00,53,dr-robert,407,341,66,16.2
2026-09-17T02:41:00Z,2026-09-17T04:41:00+02:00,54,placa-vella,297,218,79,26.6
2026-09-17T02:41:00Z,2026-09-17T04:41:00+02:00,55,ajuntament-mercat,237,187,50,21.1
2026-09-17T02:42:00Z,2026-09-17T04:42:00+02:00,53,dr-robert,407,341,66,16.2
2026-09-17T02:42:00Z,2026-09-17T04:42:00+02:00,54,placa-vella,297,218,79,26.6
2026-09-17T02:42:00Z,2026-09-17T04:42:00+02:00,55,ajuntament-mercat,237,187,50,21.1
2026-09-17T02:43:00Z,2026-09-17T04:43:00+02:00,53,dr-robert,407,341,66,16.2
2026-09-17T02:43:00Z,2026-09-17T04:43:00+02:00,54,placa-vella,297,218,79,26.6
2026-09-17T02:43:00Z,2026-09-17T04:43:00+02:00,55,ajuntament-mercat,237,187,50,21.1
2026-09-17T02:44:00Z,2026-09-17T04:44:00+02:00,53,dr-robert,407,341,66,16.2
2026-09-17T02:44:00Z,2026-09-17T04:44:00+02:00,54,placa-vella,297,218,79,26.6
2026-09-17T02:44:00Z,2026-09-17T04:44:00+02:00,55,ajuntament-mercat,237,187,50,21.1
2026-09-17T02:45:00Z,2026-09-17T04:45:00+02:00,53,dr-robert,407,340,67,16.5
2026-09-17T02:45:00Z,2026-09-17T04:45:00+02:00,54,placa-vella,297,218,79,26.6
2026-09-17T02:45:00Z,2026-09-17T04:45:00+02:00,55,ajuntament-mercat,237,187,50,21.1
2026-09-17T02:46:00Z,2026-09-17T04:46:00+02:00,53,dr-robert,407,340,67,16.5
2026-09-17T02:46:00Z,2026-09-17T04:46:00+02:00,54,placa-vella,297,218,79,26.6
2026-09-17T02:46:00Z,2026-09-17T04:46:00+02:00,55,ajuntament-mercat,237,187,50,21.1
2026-09-17T02:47:00Z,2026-09-17T04:47:00+02:00,53,dr-robert,407,340,67,16.5
2026-09-17T02:47:00Z,2026-09-17T04:47:00+02:00,54,placa-vella,297,218,79,26.6
2026-09-17T02:47:00Z,2026-09-17T04:47:00+02:00,55,ajuntament-mercat,237,187,50,21.1
2026-09-17T02:48:00Z,2026-09-17T04:48:00+02:00,53,dr-robert,407,340,67,16.5
2026-09-17T02:48:00Z,2026-09-17T04:48:00+02:00,54,placa-vella,297,218,79,26.6
2026-09-17T02:48:00Z,2026-09-17T04:48:00+02:00,55,ajuntament-mercat,237,187,50,21.1
2026-09-17T02:49:00Z,2026-09-17T04:49:00+02:00,53,dr-robert,407,340,67,16.5
2026-09-17T02:49:00Z,2026-09-17T04:49:00+02:00,54,placa-vella,297,218,79,26.6
2026-09-17T02:49:00Z,2026-09-17T04:49:00+02:00,55,ajuntament-mercat,237,187,50,21.1
2026-09-17T02:50:00Z,2026-09-17T04:50:00+02:00,53,dr-robert,407,340,67,16.5
2026-09-17T02:50:00Z,2026-09-17T04:50:00+02:00,54,placa-vella,297,218,79,26.6
2026-09-17T02:50:00Z,2026-09-17T04:50:00+02:00,55,ajuntament-mercat,237,187,50,21.1
2026-09-17T02:51:00Z,2026-09-17T04:51:00+02:00,53,dr-robert,407,340,67,16.5
2026-09-17T02:51:00Z,2026-09-17T04:51:00+02:00,54,placa-vella,297,218,79,26.6
2026-09-17T02:51:00Z,2026-09-17T04:51:00+02:00,55,ajuntament-mercat,237,187,50,21.1
2026-09-17T02:52:00Z,2026-09-17T04:52:00+02:00,53,dr-robert,407,340,67,16.5
2026-09-17T02:52:00Z,2026-09-17T04:52:00+02:00,54,placa-vella,297,218,79,26.6
2026-09-17T02:52:00Z,2026-09-17T04:52:00+02:00,55,ajuntament-mercat,237,187,50,21.1
2026-09-17T02:53:00Z,2026-09-17T04:53:00+02:00,53,dr-robert,407,340,67,16.5
2026-09-17T02:53:00Z,2026-09-17T04:53:00+02:00,54,placa-vella,297,218,79,26.6
2026-09-17T02:53:00Z,2026-09-17T04:53:00+02:00,55,ajuntament-mercat,237,187,50,21.1
2026-09-17T02:54:00Z,2026-09-17T04:54:00+02:00,53,dr-robert,407,340,67,16.5
2026-09-17T02:54:00Z,2026-09-17T04:54:00+02:00,54,placa-vella,297,218,79,26.6
2026-09-17T02:54:00Z,2026-09-17T04:54:00+02:00,55,ajuntament-mercat,237,187,50,21.1
2026-09-17T02:55:00Z,2026-09-17T04:55:00+02:00,53,dr-robert,407,340,67,16.5
2026-09-17T02:55:00Z,2026-09-17T04:55:00+02:00,54,placa-vella,297,218,79,26.6
2026-09-17T02:55:00Z,2026-09-17T04:55:00+02:00,55,ajuntament-mercat,237,187,50,21.1
2026-09-17T02:56:00Z,2026-09-17T04:56:00+02:00,53,dr-robert,407,340,67,16.5
2026-09-17T02:56:00Z,2026-09-17T04:56:00+02:00,54,placa-vella,297,218,79,26.6
2026-09-17T02:56:00Z,2026-09-17T04:56:00+02:00,55,ajuntament-mercat,237,187,50,21.1
2026-09-17T02:57:00Z,2026-09-17T04:57:00+02:00,53,dr-robert,407,340,67,16.5
2026-09-17T02:57:00Z,2026-09-17T04:57:00+02:00,54,placa-vella,297,218,79,26.6
2026-09-17T02:57:00Z,2026-09-17T04:57:00+02:00,55,ajuntament-mercat,237,187,50,21.1
2026-09-17T02:58:00Z,2026-09-17T04:58:00+02:00,53,dr-robert,407,340,67,16.5
2026-09-17T02:58:00Z,2026-09-17T04:58:00+02:00,54,placa-vella,297,218,79,26.6
2026-09-17T02:58:00Z,2026-09-17T04:58:00+02:00,55,ajuntament-mercat,237,187,50,21.1
2026-09-17T02:59:00Z,2026-09-17T04:59:00+02:00,53,dr-robert,407,340,67,16.5
2026-09-17T02:59:00Z,2026-09-17T04:59:00+02:00,54,placa-vella,297,218,79,26.6
2026-09-17T02:59:00Z,2026-09-17T04:59:00+02:00,55,ajuntament-mercat,237,187,50,21.1
2026-09-17T03:00:00Z,2026-09-17T05:00:00+02:00,53,dr-robert,407,340,67,16.5
2026-09-17T03:00:00Z,2026-09-17T05:00:00+02:00,54,placa-vella,297,218,79,26.6
2026-09-17T03:00:00Z,2026-09-17T05:00:00+02:00,55,ajuntament-mercat,237,187,50,21.1
2026-09-17T03:01:00Z,2026-09-17T05:01:00+02:00,53,dr-robert,407,340,67,16.5
2026-09-17T03:01:00Z,2026-09-17T05:01:00+02:00,54,placa-vella,297,218,79,26.6
2026-09-17T03:01:00Z,2026-09-17T05:01:00+02:00,55,ajuntament-mercat,237,187,50,21.1
2026-09-17T03:02:00Z,2026-09-17T05:02:00+02:00,53,dr-robert,407,340,67,16.5
2026-09-17T03:02:00Z,2026-09-17T05:02:00+02:00,54,placa-vella,297,218,79,26.6
2026-09-17T03:02:00Z,2026-09-17T05:02:00+02:00,55,ajuntament-mercat,237,187,50,21.1
2026-09-17T03:03:00Z,2026-09-17T05:03:00+02:00,53,dr-robert,407,340,67,16.5
2026-09-17T03:03:00Z,2026-09-17T05:03:00+02:00,54,placa-vella,297,218,79,26.6
2026-09-17T03:03:00Z,2026-09-17T05:03:00+02:00,55,ajuntament-mercat,237,187,50,21.1
2026-09-17T03:04:00Z,2026-09-17T05:04:00+02:00,53,dr-robert,407,340,67,16.5
2026-09-17T03:04:00Z,2026-09-17T05:04:00+02:00,54,placa-vella,297,218,79,26.6
2026-09-17T03:04:00Z,2026-09-17T05:04:00+02:00,55,ajuntament-mercat,237,187,50,21.1
2026-09-17T03:05:00Z,2026-09-17T05:05:00+02:00,53,dr-robert,407,340,67,16.5
2026-09-17T03:05:00Z,2026-09-17T05:05:00+02:00,54,placa-vella,297,218,79,26.6
2026-09-17T03:05:00Z,2026-09-17T05:05:00+02:00,55,ajuntament-mercat,237,187,50,21.1
2026-09-17T03:06:00Z,2026-09-17T05:06:00+02:00,54,placa-vella,297,218,79,26.6
2026-09-17T03:06:00Z,2026-09-17T05:06:00+02:00,55,ajuntament-mercat,237,187,50,21.1
2026-09-17T03:07:00Z,2026-09-17T05:07:00+02:00,54,placa-vella,297,218,79,26.6
2026-09-17T03:07:00Z,2026-09-17T05:07:00+02:00,55,ajuntament-mercat,237,187,50,21.1
2026-09-17T03:08:00Z,2026-09-17T05:08:00+02:00,54,placa-vella,297,218,79,26.6
2026-09-17T03:08:00Z,2026-09-17T05:08:00+02:00,55,ajuntament-mercat,237,187,50,21.1
2026-09-17T03:09:00Z,2026-09-17T05:09:00+02:00,54,placa-vella,297,218,79,26.6
2026-09-17T03:09:00Z,2026-09-17T05:09:00+02:00,55,ajuntament-mercat,237,187,50,21.1
2026-09-17T03:10:00Z,2026-09-17T05:10:00+02:00,53,dr-robert,407,337,70,17.2
2026-09-17T03:10:00Z,2026-09-17T05:10:00+02:00,54,placa-vella,297,218,79,26.6
2026-09-17T03:10:00Z,2026-09-17T05:10:00+02:00,55,ajuntament-mercat,237,187,50,21.1
2026-09-17T03:11:00Z,2026-09-17T05:11:00+02:00,53,dr-robert,407,337,70,17.2
2026-09-17T03:11:00Z,2026-09-17T05:11:00+02:00,54,placa-vella,297,218,79,26.6
2026-09-17T03:11:00Z,2026-09-17T05:11:00+02:00,55,ajuntament-mercat,237,187,50,21.1
2026-09-17T03:12:00Z,2026-09-17T05:12:00+02:00,53,dr-robert,407,337,70,17.2
2026-09-17T03:12:00Z,2026-09-17T05:12:00+02:00,54,placa-vella,297,218,79,26.6
2026-09-17T03:12:00Z,2026-09-17T05:12:00+02:00,55,ajuntament-mercat,237,187,50,21.1
2026-09-17T03:13:00Z,2026-09-17T05:13:00+02:00,53,dr-robert,407,337,70,17.2
2026-09-17T03:13:00Z,2026-09-17T05:13:00+02:00,54,placa-vella,297,218,79,26.6
2026-09-17T03:13:00Z,2026-09-17T05:13:00+02:00,55,ajuntament-mercat,237,187,50,21.1
2026-09-17T03:14:00Z,2026-09-17T05:14:00+02:00,53,dr-robert,407,337,70,17.2
2026-09-17T03:14:00Z,2026-09-17T05:14:00+02:00,54,placa-vella,297,218,79,26.6
2026-09-17T03:14:00Z,2026-09-17T05:14:00+02:00,55,ajuntament-mercat,237,187,50,21.1
2026-09-17T03:15:00Z,2026-09-17T05:15:00+02:00,53,dr-robert,407,338,69,17
2026-09-17T03:15:00Z,2026-09-17T05:15:00+02:00,54,placa-vella,297,218,79,26.6
2026-09-17T03:15:00Z,2026-09-17T05:15:00+02:00,55,ajuntament-mercat,237,187,50,21.1
2026-09-17T03:16:00Z,2026-09-17T05:16:00+02:00,53,dr-robert,407,338,69,17
2026-09-17T03:16:00Z,2026-09-17T05:16:00+02:00,54,placa-vella,297,218,79,26.6
2026-09-17T03:16:00Z,2026-09-17T05:16:00+02:00,55,ajuntament-mercat,237,187,50,21.1
2026-09-17T03:17:00Z,2026-09-17T05:17:00+02:00,53,dr-robert,407,338,69,17
2026-09-17T03:17:00Z,2026-09-17T05:17:00+02:00,54,placa-vella,297,218,79,26.6
2026-09-17T03:17:00Z,2026-09-17T05:17:00+02:00,55,ajuntament-mercat,237,187,50,21.1
2026-09-17T03:18:00Z,2026-09-17T05:18:00+02:00,53,dr-robert,407,338,69,17
2026-09-17T03:18:00Z,2026-09-17T05:18:00+02:00,54,placa-vella,297,218,79,26.6
2026-09-17T03:18:00Z,2026-09-17T05:18:00+02:00,55,ajuntament-mercat,237,187,50,21.1
2026-09-17T03:19:00Z,2026-09-17T05:19:00+02:00,53,dr-robert,407,338,69,17
2026-09-17T03:19:00Z,2026-09-17T05:19:00+02:00,54,placa-vella,297,218,79,26.6
2026-09-17T03:19:00Z,2026-09-17T05:19:00+02:00,55,ajuntament-mercat,237,187,50,21.1
2026-09-17T03:20:00Z,2026-09-17T05:20:00+02:00,53,dr-robert,407,337,70,17.2
2026-09-17T03:20:00Z,2026-09-17T05:20:00+02:00,54,placa-vella,297,218,79,26.6
2026-09-17T03:20:00Z,2026-09-17T05:20:00+02:00,55,ajuntament-mercat,237,187,50,21.1
2026-09-17T03:21:00Z,2026-09-17T05:21:00+02:00,53,dr-robert,407,337,70,17.2
2026-09-17T03:21:00Z,2026-09-17T05:21:00+02:00,54,placa-vella,297,218,79,26.6
2026-09-17T03:21:00Z,2026-09-17T05:21:00+02:00,55,ajuntament-mercat,237,187,50,21.1
2026-09-17T03:22:00Z,2026-09-17T05:22:00+02:00,53,dr-robert,407,337,70,17.2
2026-09-17T03:22:00Z,2026-09-17T05:22:00+02:00,54,placa-vella,297,218,79,26.6
2026-09-17T03:22:00Z,2026-09-17T05:22:00+02:00,55,ajuntament-mercat,237,187,50,21.1
2026-09-17T03:23:00Z,2026-09-17T05:23:00+02:00,53,dr-robert,407,337,70,17.2
2026-09-17T03:23:00Z,2026-09-17T05:23:00+02:00,54,placa-vella,297,218,79,26.6
2026-09-17T03:23:00Z,2026-09-17T05:23:00+02:00,55,ajuntament-mercat,237,187,50,21.1
2026-09-17T03:24:00Z,2026-09-17T05:24:00+02:00,53,dr-robert,407,337,70,17.2
2026-09-17T03:24:00Z,2026-09-17T05:24:00+02:00,54,placa-vella,297,218,79,26.6
2026-09-17T03:24:00Z,2026-09-17T05:24:00+02:00,55,ajuntament-mercat,237,187,50,21.1
2026-09-17T03:25:00Z,2026-09-17T05:25:00+02:00,53,dr-robert,407,338,69,17
2026-09-17T03:25:00Z,2026-09-17T05:25:00+02:00,54,placa-vella,297,218,79,26.6
2026-09-17T03:25:00Z,2026-09-17T05:25:00+02:00,55,ajuntament-mercat,237,187,50,21.1
2026-09-17T03:26:00Z,2026-09-17T05:26:00+02:00,53,dr-robert,407,338,69,17
2026-09-17T03:26:00Z,2026-09-17T05:26:00+02:00,54,placa-vella,297,218,79,26.6
2026-09-17T03:26:00Z,2026-09-17T05:26:00+02:00,55,ajuntament-mercat,237,187,50,21.1
2026-09-17T03:27:00Z,2026-09-17T05:27:00+02:00,53,dr-robert,407,338,69,17
2026-09-17T03:27:00Z,2026-09-17T05:27:00+02:00,54,placa-vella,297,218,79,26.6
2026-09-17T03:27:00Z,2026-09-17T05:27:00+02:00,55,ajuntament-mercat,237,187,50,21.1
2026-09-17T03:28:00Z,2026-09-17T05:28:00+02:00,53,dr-robert,407,338,69,17
2026-09-17T03:28:00Z,2026-09-17T05:28:00+02:00,54,placa-vella,297,218,79,26.6
2026-09-17T03:28:00Z,2026-09-17T05:28:00+02:00,55,ajuntament-mercat,237,187,50,21.1
2026-09-17T03:29:00Z,2026-09-17T05:29:00+02:00,53,dr-robert,407,338,69,17
2026-09-17T03:29:00Z,2026-09-17T05:29:00+02:00,54,placa-vella,297,218,79,26.6
2026-09-17T03:29:00Z,2026-09-17T05:29:00+02:00,55,ajuntament-mercat,237,187,50,21.1
2026-09-17T03:30:00Z,2026-09-17T05:30:00+02:00,53,dr-robert,407,338,69,17
2026-09-17T03:30:00Z,2026-09-17T05:30:00+02:00,54,placa-vella,297,218,79,26.6
2026-09-17T03:30:00Z,2026-09-17T05:30:00+02:00,55,ajuntament-mercat,237,187,50,21.1
2026-09-17T03:31:00Z,2026-09-17T05:31:00+02:00,53,dr-robert,407,338,69,17
2026-09-17T03:31:00Z,2026-09-17T05:31:00+02:00,54,placa-vella,297,218,79,26.6
2026-09-17T03:31:00Z,2026-09-17T05:31:00+02:00,55,ajuntament-mercat,237,187,50,21.1
2026-09-17T03:32:00Z,2026-09-17T05:32:00+02:00,53,dr-robert,407,338,69,17
2026-09-17T03:32:00Z,2026-09-17T05:32:00+02:00,54,placa-vella,297,218,79,26.6
2026-09-17T03:32:00Z,2026-09-17T05:32:00+02:00,55,ajuntament-mercat,237,187,50,21.1
2026-09-17T03:33:00Z,2026-09-17T05:33:00+02:00,53,dr-robert,407,338,69,17
2026-09-17T03:33:00Z,2026-09-17T05:33:00+02:00,54,placa-vella,297,218,79,26.6
2026-09-17T03:33:00Z,2026-09-17T05:33:00+02:00,55,ajuntament-mercat,237,187,50,21.1
2026-09-17T03:34:00Z,2026-09-17T05:34:00+02:00,53,dr-robert,407,338,69,17
2026-09-17T03:34:00Z,2026-09-17T05:34:00+02:00,54,placa-vella,297,218,79,26.6
2026-09-17T03:34:00Z,2026-09-17T05:34:00+02:00,55,ajuntament-mercat,237,187,50,21.1
2026-09-17T03:35:00Z,2026-09-17T05:35:00+02:00,53,dr-robert,407,336,71,17.4
2026-09-17T03:35:00Z,2026-09-17T05:35:00+02:00,54,placa-vella,297,218,79,26.6
2026-09-17T03:35:00Z,2026-09-17T05:35:00+02:00,55,ajuntament-mercat,237,187,50,21.1
2026-09-17T03:36:00Z,2026-09-17T05:36:00+02:00,53,dr-robert,407,336,71,17.4
2026-09-17T03:36:00Z,2026-09-17T05:36:00+02:00,54,placa-vella,297,218,79,26.6
2026-09-17T03:36:00Z,2026-09-17T05:36:00+02:00,55,ajuntament-mercat,237,187,50,21.1
2026-09-17T03:37:00Z,2026-09-17T05:37:00+02:00,53,dr-robert,407,336,71,17.4
2026-09-17T03:37:00Z,2026-09-17T05:37:00+02:00,54,placa-vella,297,218,79,26.6
2026-09-17T03:37:00Z,2026-09-17T05:37:00+02:00,55,ajuntament-mercat,237,187,50,21.1
2026-09-17T03:38:00Z,2026-09-17T05:38:00+02:00,53,dr-robert,407,336,71,17.4
2026-09-17T03:38:00Z,2026-09-17T05:38:00+02:00,54,placa-vella,297,218,79,26.6
2026-09-17T03:38:00Z,2026-09-17T05:38:00+02:00,55,ajuntament-mercat,237,187,50,21.1
2026-09-17T03:39:00Z,2026-09-17T05:39:00+02:00,53,dr-robert,407,336,71,17.4
2026-09-17T03:39:00Z,2026-09-17T05:39:00+02:00,54,placa-vella,297,218,79,26.6
2026-09-17T03:39:00Z,2026-09-17T05:39:00+02:00,55,ajuntament-mercat,237,187,50,21.1
2026-09-17T03:40:00Z,2026-09-17T05:40:00+02:00,53,dr-robert,407,336,71,17.4
2026-09-17T03:40:00Z,2026-09-17T05:40:00+02:00,54,placa-vella,297,218,79,26.6
2026-09-17T03:40:00Z,2026-09-17T05:40:00+02:00,55,ajuntament-mercat,237,187,50,21.1
2026-09-17T03:41:00Z,2026-09-17T05:41:00+02:00,53,dr-robert,407,336,71,17.4
2026-09-17T03:41:00Z,2026-09-17T05:41:00+02:00,54,placa-vella,297,218,79,26.6
2026-09-17T03:41:00Z,2026-09-17T05:41:00+02:00,55,ajuntament-mercat,237,187,50,21.1
2026-09-17T03:42:00Z,2026-09-17T05:42:00+02:00,53,dr-robert,407,336,71,17.4
2026-09-17T03:42:00Z,2026-09-17T05:42:00+02:00,54,placa-vella,297,218,79,26.6
2026-09-17T03:42:00Z,2026-09-17T05:42:00+02:00,55,ajuntament-mercat,237,187,50,21.1
2026-09-17T03:43:00Z,2026-09-17T05:43:00+02:00,53,dr-robert,407,336,71,17.4
2026-09-17T03:43:00Z,2026-09-17T05:43:00+02:00,54,placa-vella,297,218,79,26.6
2026-09-17T03:43:00Z,2026-09-17T05:43:00+02:00,55,ajuntament-mercat,237,187,50,21.1
2026-09-17T03:44:00Z,2026-09-17T05:44:00+02:00,53,dr-robert,407,336,71,17.4
2026-09-17T03:44:00Z,2026-09-17T05:44:00+02:00,54,placa-vella,297,218,79,26.6
2026-09-17T03:44:00Z,2026-09-17T05:44:00+02:00,55,ajuntament-mercat,237,187,50,21.1
2026-09-17T03:45:00Z,2026-09-17T05:45:00+02:00,53,dr-robert,407,335,72,17.7
2026-09-17T03:45:00Z,2026-09-17T05:45:00+02:00,54,placa-vella,297,219,78,26.3
2026-09-17T03:45:00Z,2026-09-17T05:45:00+02:00,55,ajuntament-mercat,237,187,50,21.1
2026-09-17T03:46:00Z,2026-09-17T05:46:00+02:00,53,dr-robert,407,335,72,17.7
2026-09-17T03:46:00Z,2026-09-17T05:46:00+02:00,54,placa-vella,297,219,78,26.3
2026-09-17T03:46:00Z,2026-09-17T05:46:00+02:00,55,ajuntament-mercat,237,187,50,21.1
2026-09-17T03:47:00Z,2026-09-17T05:47:00+02:00,53,dr-robert,407,335,72,17.7
2026-09-17T03:47:00Z,2026-09-17T05:47:00+02:00,54,placa-vella,297,219,78,26.3
2026-09-17T03:47:00Z,2026-09-17T05:47:00+02:00,55,ajuntament-mercat,237,187,50,21.1
2026-09-17T03:48:00Z,2026-09-17T05:48:00+02:00,53,dr-robert,407,335,72,17.7
2026-09-17T03:48:00Z,2026-09-17T05:48:00+02:00,54,placa-vella,297,219,78,26.3
2026-09-17T03:48:00Z,2026-09-17T05:48:00+02:00,55,ajuntament-mercat,237,187,50,21.1
2026-09-17T03:49:00Z,2026-09-17T05:49:00+02:00,53,dr-robert,407,335,72,17.7
2026-09-17T03:49:00Z,2026-09-17T05:49:00+02:00,54,placa-vella,297,219,78,26.3
2026-09-17T03:49:00Z,2026-09-17T05:49:00+02:00,55,ajuntament-mercat,237,187,50,21.1
2026-09-17T03:50:00Z,2026-09-17T05:50:00+02:00,53,dr-robert,407,336,71,17.4
2026-09-17T03:50:00Z,2026-09-17T05:50:00+02:00,54,placa-vella,297,219,78,26.3
2026-09-17T03:50:00Z,2026-09-17T05:50:00+02:00,55,ajuntament-mercat,237,187,50,21.1
2026-09-17T03:51:00Z,2026-09-17T05:51:00+02:00,53,dr-robert,407,336,71,17.4
2026-09-17T03:51:00Z,2026-09-17T05:51:00+02:00,54,placa-vella,297,219,78,26.3
2026-09-17T03:51:00Z,2026-09-17T05:51:00+02:00,55,ajuntament-mercat,237,187,50,21.1
2026-09-17T03:52:00Z,2026-09-17T05:52:00+02:00,53,dr-robert,407,336,71,17.4
2026-09-17T03:52:00Z,2026-09-17T05:52:00+02:00,54,placa-vella,297,219,78,26.3
2026-09-17T03:52:00Z,2026-09-17T05:52:00+02:00,55,ajuntament-mercat,237,187,50,21.1
2026-09-17T03:53:00Z,2026-09-17T05:53:00+02:00,53,dr-robert,407,336,71,17.4
2026-09-17T03:53:00Z,2026-09-17T05:53:00+02:00,54,placa-vella,297,219,78,26.3
2026-09-17T03:53:00Z,2026-09-17T05:53:00+02:00,55,ajuntament-mercat,237,187,50,21.1
2026-09-17T03:54:00Z,2026-09-17T05:54:00+02:00,53,dr-robert,407,336,71,17.4
2026-09-17T03:54:00Z,2026-09-17T05:54:00+02:00,54,placa-vella,297,219,78,26.3
2026-09-17T03:54:00Z,2026-09-17T05:54:00+02:00,55,ajuntament-mercat,237,187,50,21.1
2026-09-17T03:55:00Z,2026-09-17T05:55:00+02:00,53,dr-robert,407,334,73,17.9
2026-09-17T03:55:00Z,2026-09-17T05:55:00+02:00,54,placa-vella,297,218,79,26.6
2026-09-17T03:55:00Z,2026-09-17T05:55:00+02:00,55,ajuntament-mercat,237,185,52,21.9
2026-09-17T03:56:00Z,2026-09-17T05:56:00+02:00,53,dr-robert,407,334,73,17.9
2026-09-17T03:56:00Z,2026-09-17T05:56:00+02:00,54,placa-vella,297,218,79,26.6
2026-09-17T03:56:00Z,2026-09-17T05:56:00+02:00,55,ajuntament-mercat,237,185,52,21.9
2026-09-17T03:57:00Z,2026-09-17T05:57:00+02:00,53,dr-robert,407,334,73,17.9
2026-09-17T03:57:00Z,2026-09-17T05:57:00+02:00,54,placa-vella,297,218,79,26.6
2026-09-17T03:57:00Z,2026-09-17T05:57:00+02:00,55,ajuntament-mercat,237,185,52,21.9
2026-09-17T03:58:00Z,2026-09-17T05:58:00+02:00,53,dr-robert,407,334,73,17.9
2026-09-17T03:58:00Z,2026-09-17T05:58:00+02:00,54,placa-vella,297,218,79,26.6
2026-09-17T03:58:00Z,2026-09-17T05:58:00+02:00,55,ajuntament-mercat,237,185,52,21.9
2026-09-17T03:59:00Z,2026-09-17T05:59:00+02:00,53,dr-robert,407,334,73,17.9
2026-09-17T03:59:00Z,2026-09-17T05:59:00+02:00,54,placa-vella,297,218,79,26.6
2026-09-17T03:59:00Z,2026-09-17T05:59:00+02:00,55,ajuntament-mercat,237,185,52,21.9
2026-09-17T04:00:00Z,2026-09-17T06:00:00+02:00,53,dr-robert,407,334,73,17.9
2026-09-17T04:00:00Z,2026-09-17T06:00:00+02:00,54,placa-vella,297,218,79,26.6
2026-09-17T04:00:00Z,2026-09-17T06:00:00+02:00,55,ajuntament-mercat,237,185,52,21.9
2026-09-17T04:01:00Z,2026-09-17T06:01:00+02:00,53,dr-robert,407,334,73,17.9
2026-09-17T04:01:00Z,2026-09-17T06:01:00+02:00,54,placa-vella,297,218,79,26.6
2026-09-17T04:01:00Z,2026-09-17T06:01:00+02:00,55,ajuntament-mercat,237,185,52,21.9
2026-09-17T04:02:00Z,2026-09-17T06:02:00+02:00,53,dr-robert,407,334,73,17.9
2026-09-17T04:02:00Z,2026-09-17T06:02:00+02:00,54,placa-vella,297,218,79,26.6
2026-09-17T04:02:00Z,2026-09-17T06:02:00+02:00,55,ajuntament-mercat,237,185,52,21.9
2026-09-17T04:03:00Z,2026-09-17T06:03:00+02:00,53,dr-robert,407,334,73,17.9
2026-09-17T04:03:00Z,2026-09-17T06:03:00+02:00,54,placa-vella,297,218,79,26.6
2026-09-17T04:03:00Z,2026-09-17T06:03:00+02:00,55,ajuntament-mercat,237,185,52,21.9
2026-09-17T04:04:00Z,2026-09-17T06:04:00+02:00,53,dr-robert,407,333,74,18.2
2026-09-17T04:04:00Z,2026-09-17T06:04:00+02:00,54,placa-vella,297,217,80,26.9
2026-09-17T04:04:00Z,2026-09-17T06:04:00+02:00,55,ajuntament-mercat,237,189,48,20.3
2026-09-17T04:05:00Z,2026-09-17T06:05:00+02:00,53,dr-robert,407,333,74,18.2
2026-09-17T04:05:00Z,2026-09-17T06:05:00+02:00,54,placa-vella,297,217,80,26.9
2026-09-17T04:05:00Z,2026-09-17T06:05:00+02:00,55,ajuntament-mercat,237,189,48,20.3
2026-09-17T04:06:00Z,2026-09-17T06:06:00+02:00,53,dr-robert,407,333,74,18.2
2026-09-17T04:06:00Z,2026-09-17T06:06:00+02:00,54,placa-vella,297,218,79,26.6
2026-09-17T04:06:00Z,2026-09-17T06:06:00+02:00,55,ajuntament-mercat,237,189,48,20.3
2026-09-17T04:07:00Z,2026-09-17T06:07:00+02:00,53,dr-robert,407,333,74,18.2
2026-09-17T04:07:00Z,2026-09-17T06:07:00+02:00,54,placa-vella,297,218,79,26.6
2026-09-17T04:07:00Z,2026-09-17T06:07:00+02:00,55,ajuntament-mercat,237,189,48,20.3
2026-09-17T04:08:00Z,2026-09-17T06:08:00+02:00,53,dr-robert,407,333,74,18.2
2026-09-17T04:08:00Z,2026-09-17T06:08:00+02:00,54,placa-vella,297,218,79,26.6
2026-09-17T04:08:00Z,2026-09-17T06:08:00+02:00,55,ajuntament-mercat,237,189,48,20.3
2026-09-17T04:09:00Z,2026-09-17T06:09:00+02:00,53,dr-robert,407,333,74,18.2
2026-09-17T04:09:00Z,2026-09-17T06:09:00+02:00,54,placa-vella,297,218,79,26.6
2026-09-17T04:09:00Z,2026-09-17T06:09:00+02:00,55,ajuntament-mercat,237,189,48,20.3
2026-09-17T04:10:00Z,2026-09-17T06:10:00+02:00,53,dr-robert,407,333,74,18.2
2026-09-17T04:10:00Z,2026-09-17T06:10:00+02:00,54,placa-vella,297,226,71,23.9
2026-09-17T04:10:00Z,2026-09-17T06:10:00+02:00,55,ajuntament-mercat,237,189,48,20.3
2026-09-17T04:11:00Z,2026-09-17T06:11:00+02:00,53,dr-robert,407,332,75,18.4
2026-09-17T04:11:00Z,2026-09-17T06:11:00+02:00,54,placa-vella,297,226,71,23.9
2026-09-17T04:11:00Z,2026-09-17T06:11:00+02:00,55,ajuntament-mercat,237,189,48,20.3
2026-09-17T04:12:00Z,2026-09-17T06:12:00+02:00,53,dr-robert,407,332,75,18.4
2026-09-17T04:12:00Z,2026-09-17T06:12:00+02:00,54,placa-vella,297,226,71,23.9
2026-09-17T04:12:00Z,2026-09-17T06:12:00+02:00,55,ajuntament-mercat,237,189,48,20.3
2026-09-17T04:13:00Z,2026-09-17T06:13:00+02:00,53,dr-robert,407,332,75,18.4
2026-09-17T04:13:00Z,2026-09-17T06:13:00+02:00,54,placa-vella,297,226,71,23.9
2026-09-17T04:13:00Z,2026-09-17T06:13:00+02:00,55,ajuntament-mercat,237,189,48,20.3
2026-09-17T04:14:00Z,2026-09-17T06:14:00+02:00,53,dr-robert,407,332,75,18.4
2026-09-17T04:14:00Z,2026-09-17T06:14:00+02:00,54,placa-vella,297,226,71,23.9
2026-09-17T04:14:00Z,2026-09-17T06:14:00+02:00,55,ajuntament-mercat,237,189,48,20.3
2026-09-17T04:15:00Z,2026-09-17T06:15:00+02:00,53,dr-robert,407,332,75,18.4
2026-09-17T04:15:00Z,2026-09-17T06:15:00+02:00,54,placa-vella,297,225,72,24.2
2026-09-17T04:15:00Z,2026-09-17T06:15:00+02:00,55,ajuntament-mercat,237,188,49,20.7
2026-09-17T04:16:00Z,2026-09-17T06:16:00+02:00,53,dr-robert,407,332,75,18.4
2026-09-17T04:16:00Z,2026-09-17T06:16:00+02:00,54,placa-vella,297,225,72,24.2
2026-09-17T04:16:00Z,2026-09-17T06:16:00+02:00,55,ajuntament-mercat,237,188,49,20.7
2026-09-17T04:17:00Z,2026-09-17T06:17:00+02:00,53,dr-robert,407,332,75,18.4
2026-09-17T04:17:00Z,2026-09-17T06:17:00+02:00,54,placa-vella,297,225,72,24.2
2026-09-17T04:17:00Z,2026-09-17T06:17:00+02:00,55,ajuntament-mercat,237,188,49,20.7
2026-09-17T04:18:00Z,2026-09-17T06:18:00+02:00,53,dr-robert,407,332,75,18.4
2026-09-17T04:18:00Z,2026-09-17T06:18:00+02:00,54,placa-vella,297,225,72,24.2
2026-09-17T04:18:00Z,2026-09-17T06:18:00+02:00,55,ajuntament-mercat,237,188,49,20.7
2026-09-17T04:19:00Z,2026-09-17T06:19:00+02:00,53,dr-robert,407,332,75,18.4
2026-09-17T04:19:00Z,2026-09-17T06:19:00+02:00,54,placa-vella,297,225,72,24.2
2026-09-17T04:19:00Z,2026-09-17T06:19:00+02:00,55,ajuntament-mercat,237,188,49,20.7
2026-09-17T04:20:00Z,2026-09-17T06:20:00+02:00,53,dr-robert,407,335,72,17.7
2026-09-17T04:20:00Z,2026-09-17T06:20:00+02:00,54,placa-vella,297,226,71,23.9
2026-09-17T04:20:00Z,2026-09-17T06:20:00+02:00,55,ajuntament-mercat,237,188,49,20.7
2026-09-17T04:21:00Z,2026-09-17T06:21:00+02:00,53,dr-robert,407,335,72,17.7
2026-09-17T04:21:00Z,2026-09-17T06:21:00+02:00,54,placa-vella,297,226,71,23.9
2026-09-17T04:21:00Z,2026-09-17T06:21:00+02:00,55,ajuntament-mercat,237,188,49,20.7
2026-09-17T04:22:00Z,2026-09-17T06:22:00+02:00,53,dr-robert,407,335,72,17.7
2026-09-17T04:22:00Z,2026-09-17T06:22:00+02:00,54,placa-vella,297,226,71,23.9
2026-09-17T04:22:00Z,2026-09-17T06:22:00+02:00,55,ajuntament-mercat,237,188,49,20.7
2026-09-17T04:23:00Z,2026-09-17T06:23:00+02:00,53,dr-robert,407,335,72,17.7
2026-09-17T04:23:00Z,2026-09-17T06:23:00+02:00,54,placa-vella,297,226,71,23.9
2026-09-17T04:23:00Z,2026-09-17T06:23:00+02:00,55,ajuntament-mercat,237,188,49,20.7
2026-09-17T04:24:00Z,2026-09-17T06:24:00+02:00,53,dr-robert,407,335,72,17.7
2026-09-17T04:24:00Z,2026-09-17T06:24:00+02:00,54,placa-vella,297,226,71,23.9
2026-09-17T04:24:00Z,2026-09-17T06:24:00+02:00,55,ajuntament-mercat,237,188,49,20.7
2026-09-17T04:25:00Z,2026-09-17T06:25:00+02:00,53,dr-robert,407,334,73,17.9
2026-09-17T04:25:00Z,2026-09-17T06:25:00+02:00,54,placa-vella,297,226,71,23.9
2026-09-17T04:25:00Z,2026-09-17T06:25:00+02:00,55,ajuntament-mercat,237,187,50,21.1
2026-09-17T04:26:00Z,2026-09-17T06:26:00+02:00,53,dr-robert,407,334,73,17.9
2026-09-17T04:26:00Z,2026-09-17T06:26:00+02:00,54,placa-vella,297,226,71,23.9
2026-09-17T04:26:00Z,2026-09-17T06:26:00+02:00,55,ajuntament-mercat,237,187,50,21.1
2026-09-17T04:27:00Z,2026-09-17T06:27:00+02:00,53,dr-robert,407,334,73,17.9
2026-09-17T04:27:00Z,2026-09-17T06:27:00+02:00,54,placa-vella,297,226,71,23.9
2026-09-17T04:27:00Z,2026-09-17T06:27:00+02:00,55,ajuntament-mercat,237,187,50,21.1
2026-09-17T04:28:00Z,2026-09-17T06:28:00+02:00,53,dr-robert,407,334,73,17.9
2026-09-17T04:28:00Z,2026-09-17T06:28:00+02:00,54,placa-vella,297,226,71,23.9
2026-09-17T04:28:00Z,2026-09-17T06:28:00+02:00,55,ajuntament-mercat,237,187,50,21.1
2026-09-17T04:29:00Z,2026-09-17T06:29:00+02:00,53,dr-robert,407,334,73,17.9
2026-09-17T04:29:00Z,2026-09-17T06:29:00+02:00,54,placa-vella,297,226,71,23.9
2026-09-17T04:29:00Z,2026-09-17T06:29:00+02:00,55,ajuntament-mercat,237,187,50,21.1
2026-09-17T04:30:00Z,2026-09-17T06:30:00+02:00,53,dr-robert,407,335,72,17.7
2026-09-17T04:30:00Z,2026-09-17T06:30:00+02:00,54,placa-vella,297,226,71,23.9
2026-09-17T04:30:00Z,2026-09-17T06:30:00+02:00,55,ajuntament-mercat,237,187,50,21.1
2026-09-17T04:31:00Z,2026-09-17T06:31:00+02:00,53,dr-robert,407,335,72,17.7
2026-09-17T04:31:00Z,2026-09-17T06:31:00+02:00,54,placa-vella,297,226,71,23.9
2026-09-17T04:31:00Z,2026-09-17T06:31:00+02:00,55,ajuntament-mercat,237,187,50,21.1
2026-09-17T04:32:00Z,2026-09-17T06:32:00+02:00,53,dr-robert,407,335,72,17.7
2026-09-17T04:32:00Z,2026-09-17T06:32:00+02:00,54,placa-vella,297,226,71,23.9
2026-09-17T04:32:00Z,2026-09-17T06:32:00+02:00,55,ajuntament-mercat,237,187,50,21.1
2026-09-17T04:33:00Z,2026-09-17T06:33:00+02:00,53,dr-robert,407,335,72,17.7
2026-09-17T04:33:00Z,2026-09-17T06:33:00+02:00,54,placa-vella,297,226,71,23.9
2026-09-17T04:33:00Z,2026-09-17T06:33:00+02:00,55,ajuntament-mercat,237,187,50,21.1
2026-09-17T04:34:00Z,2026-09-17T06:34:00+02:00,53,dr-robert,407,335,72,17.7
2026-09-17T04:34:00Z,2026-09-17T06:34:00+02:00,54,placa-vella,297,226,71,23.9
2026-09-17T04:34:00Z,2026-09-17T06:34:00+02:00,55,ajuntament-mercat,237,187,50,21.1
2026-09-17T04:35:00Z,2026-09-17T06:35:00+02:00,53,dr-robert,407,334,73,17.9
2026-09-17T04:35:00Z,2026-09-17T06:35:00+02:00,54,placa-vella,297,225,72,24.2
2026-09-17T04:35:00Z,2026-09-17T06:35:00+02:00,55,ajuntament-mercat,237,187,50,21.1
2026-09-17T04:36:00Z,2026-09-17T06:36:00+02:00,53,dr-robert,407,334,73,17.9
2026-09-17T04:36:00Z,2026-09-17T06:36:00+02:00,54,placa-vella,297,225,72,24.2
2026-09-17T04:36:00Z,2026-09-17T06:36:00+02:00,55,ajuntament-mercat,237,187,50,21.1
2026-09-17T04:37:00Z,2026-09-17T06:37:00+02:00,53,dr-robert,407,334,73,17.9
2026-09-17T04:37:00Z,2026-09-17T06:37:00+02:00,54,placa-vella,297,225,72,24.2
2026-09-17T04:37:00Z,2026-09-17T06:37:00+02:00,55,ajuntament-mercat,237,187,50,21.1
2026-09-17T04:38:00Z,2026-09-17T06:38:00+02:00,53,dr-robert,407,334,73,17.9
2026-09-17T04:38:00Z,2026-09-17T06:38:00+02:00,54,placa-vella,297,225,72,24.2
2026-09-17T04:38:00Z,2026-09-17T06:38:00+02:00,55,ajuntament-mercat,237,187,50,21.1
2026-09-17T04:39:00Z,2026-09-17T06:39:00+02:00,53,dr-robert,407,334,73,17.9
2026-09-17T04:39:00Z,2026-09-17T06:39:00+02:00,54,placa-vella,297,225,72,24.2
2026-09-17T04:39:00Z,2026-09-17T06:39:00+02:00,55,ajuntament-mercat,237,187,50,21.1
2026-09-17T04:40:00Z,2026-09-17T06:40:00+02:00,53,dr-robert,407,334,73,17.9
2026-09-17T04:40:00Z,2026-09-17T06:40:00+02:00,54,placa-vella,297,225,72,24.2
2026-09-17T04:40:00Z,2026-09-17T06:40:00+02:00,55,ajuntament-mercat,237,186,51,21.5
2026-09-17T04:41:00Z,2026-09-17T06:41:00+02:00,53,dr-robert,407,334,73,17.9
2026-09-17T04:41:00Z,2026-09-17T06:41:00+02:00,54,placa-vella,297,225,72,24.2
2026-09-17T04:41:00Z,2026-09-17T06:41:00+02:00,55,ajuntament-mercat,237,186,51,21.5
2026-09-17T04:42:00Z,2026-09-17T06:42:00+02:00,53,dr-robert,407,334,73,17.9
2026-09-17T04:42:00Z,2026-09-17T06:42:00+02:00,54,placa-vella,297,225,72,24.2
2026-09-17T04:42:00Z,2026-09-17T06:42:00+02:00,55,ajuntament-mercat,237,186,51,21.5
2026-09-17T04:43:00Z,2026-09-17T06:43:00+02:00,53,dr-robert,407,334,73,17.9
2026-09-17T04:43:00Z,2026-09-17T06:43:00+02:00,54,placa-vella,297,225,72,24.2
2026-09-17T04:43:00Z,2026-09-17T06:43:00+02:00,55,ajuntament-mercat,237,186,51,21.5
2026-09-17T04:44:00Z,2026-09-17T06:44:00+02:00,53,dr-robert,407,334,73,17.9
2026-09-17T04:44:00Z,2026-09-17T06:44:00+02:00,54,placa-vella,297,225,72,24.2
2026-09-17T04:44:00Z,2026-09-17T06:44:00+02:00,55,ajuntament-mercat,237,186,51,21.5
2026-09-17T04:45:00Z,2026-09-17T06:45:00+02:00,53,dr-robert,407,333,74,18.2
2026-09-17T04:45:00Z,2026-09-17T06:45:00+02:00,54,placa-vella,297,223,74,24.9
2026-09-17T04:45:00Z,2026-09-17T06:45:00+02:00,55,ajuntament-mercat,237,184,53,22.4
2026-09-17T04:46:00Z,2026-09-17T06:46:00+02:00,53,dr-robert,407,333,74,18.2
2026-09-17T04:46:00Z,2026-09-17T06:46:00+02:00,54,placa-vella,297,223,74,24.9
2026-09-17T04:46:00Z,2026-09-17T06:46:00+02:00,55,ajuntament-mercat,237,184,53,22.4
2026-09-17T04:47:00Z,2026-09-17T06:47:00+02:00,53,dr-robert,407,333,74,18.2
2026-09-17T04:47:00Z,2026-09-17T06:47:00+02:00,54,placa-vella,297,223,74,24.9
2026-09-17T04:47:00Z,2026-09-17T06:47:00+02:00,55,ajuntament-mercat,237,184,53,22.4
2026-09-17T04:48:00Z,2026-09-17T06:48:00+02:00,53,dr-robert,407,333,74,18.2
2026-09-17T04:48:00Z,2026-09-17T06:48:00+02:00,54,placa-vella,297,223,74,24.9
2026-09-17T04:48:00Z,2026-09-17T06:48:00+02:00,55,ajuntament-mercat,237,184,53,22.4
2026-09-17T04:49:00Z,2026-09-17T06:49:00+02:00,53,dr-robert,407,333,74,18.2
2026-09-17T04:49:00Z,2026-09-17T06:49:00+02:00,54,placa-vella,297,223,74,24.9
2026-09-17T04:49:00Z,2026-09-17T06:49:00+02:00,55,ajuntament-mercat,237,184,53,22.4
2026-09-17T04:50:00Z,2026-09-17T06:50:00+02:00,53,dr-robert,407,331,76,18.7
2026-09-17T04:50:00Z,2026-09-17T06:50:00+02:00,54,placa-vella,297,223,74,24.9
2026-09-17T04:50:00Z,2026-09-17T06:50:00+02:00,55,ajuntament-mercat,237,183,54,22.8
2026-09-17T04:51:00Z,2026-09-17T06:51:00+02:00,53,dr-robert,407,331,76,18.7
2026-09-17T04:51:00Z,2026-09-17T06:51:00+02:00,54,placa-vella,297,223,74,24.9
2026-09-17T04:51:00Z,2026-09-17T06:51:00+02:00,55,ajuntament-mercat,237,183,54,22.8
2026-09-17T04:52:00Z,2026-09-17T06:52:00+02:00,53,dr-robert,407,331,76,18.7
2026-09-17T04:52:00Z,2026-09-17T06:52:00+02:00,54,placa-vella,297,223,74,24.9
2026-09-17T04:52:00Z,2026-09-17T06:52:00+02:00,55,ajuntament-mercat,237,183,54,22.8
2026-09-17T04:53:00Z,2026-09-17T06:53:00+02:00,53,dr-robert,407,331,76,18.7
2026-09-17T04:53:00Z,2026-09-17T06:53:00+02:00,54,placa-vella,297,223,74,24.9
2026-09-17T04:53:00Z,2026-09-17T06:53:00+02:00,55,ajuntament-mercat,237,183,54,22.8
2026-09-17T04:54:00Z,2026-09-17T06:54:00+02:00,53,dr-robert,407,331,76,18.7
2026-09-17T04:54:00Z,2026-09-17T06:54:00+02:00,54,placa-vella,297,223,74,24.9
2026-09-17T04:54:00Z,2026-09-17T06:54:00+02:00,55,ajuntament-mercat,237,183,54,22.8
2026-09-17T04:55:00Z,2026-09-17T06:55:00+02:00,53,dr-robert,407,329,78,19.2
2026-09-17T04:55:00Z,2026-09-17T06:55:00+02:00,54,placa-vella,297,223,74,24.9
2026-09-17T04:55:00Z,2026-09-17T06:55:00+02:00,55,ajuntament-mercat,237,182,55,23.2
2026-09-17T04:56:00Z,2026-09-17T06:56:00+02:00,53,dr-robert,407,329,78,19.2
2026-09-17T04:56:00Z,2026-09-17T06:56:00+02:00,54,placa-vella,297,223,74,24.9
2026-09-17T04:56:00Z,2026-09-17T06:56:00+02:00,55,ajuntament-mercat,237,182,55,23.2
2026-09-17T04:57:00Z,2026-09-17T06:57:00+02:00,53,dr-robert,407,329,78,19.2
2026-09-17T04:57:00Z,2026-09-17T06:57:00+02:00,54,placa-vella,297,223,74,24.9
2026-09-17T04:57:00Z,2026-09-17T06:57:00+02:00,55,ajuntament-mercat,237,182,55,23.2
2026-09-17T04:58:00Z,2026-09-17T06:58:00+02:00,53,dr-robert,407,329,78,19.2
2026-09-17T04:58:00Z,2026-09-17T06:58:00+02:00,54,placa-vella,297,223,74,24.9
2026-09-17T04:58:00Z,2026-09-17T06:58:00+02:00,55,ajuntament-mercat,237,182,55,23.2
2026-09-17T04:59:00Z,2026-09-17T06:59:00+02:00,53,dr-robert,407,329,78,19.2
2026-09-17T04:59:00Z,2026-09-17T06:59:00+02:00,54,placa-vella,297,223,74,24.9
2026-09-17T04:59:00Z,2026-09-17T06:59:00+02:00,55,ajuntament-mercat,237,182,55,23.2
2026-09-17T05:00:00Z,2026-09-17T07:00:00+02:00,53,dr-robert,407,329,78,19.2
2026-09-17T05:00:00Z,2026-09-17T07:00:00+02:00,54,placa-vella,297,223,74,24.9
2026-09-17T05:00:00Z,2026-09-17T07:00:00+02:00,55,ajuntament-mercat,237,182,55,23.2
2026-09-17T05:01:00Z,2026-09-17T07:01:00+02:00,53,dr-robert,407,329,78,19.2
2026-09-17T05:01:00Z,2026-09-17T07:01:00+02:00,54,placa-vella,297,223,74,24.9
2026-09-17T05:01:00Z,2026-09-17T07:01:00+02:00,55,ajuntament-mercat,237,182,55,23.2
2026-09-17T05:02:00Z,2026-09-17T07:02:00+02:00,53,dr-robert,407,329,78,19.2
2026-09-17T05:02:00Z,2026-09-17T07:02:00+02:00,54,placa-vella,297,223,74,24.9
2026-09-17T05:02:00Z,2026-09-17T07:02:00+02:00,55,ajuntament-mercat,237,182,55,23.2
2026-09-17T05:03:00Z,2026-09-17T07:03:00+02:00,53,dr-robert,407,324,83,20.4
2026-09-17T05:03:00Z,2026-09-17T07:03:00+02:00,54,placa-vella,297,223,74,24.9
2026-09-17T05:03:00Z,2026-09-17T07:03:00+02:00,55,ajuntament-mercat,237,180,57,24.1
2026-09-17T05:04:00Z,2026-09-17T07:04:00+02:00,53,dr-robert,407,324,83,20.4
2026-09-17T05:04:00Z,2026-09-17T07:04:00+02:00,54,placa-vella,297,223,74,24.9
2026-09-17T05:04:00Z,2026-09-17T07:04:00+02:00,55,ajuntament-mercat,237,180,57,24.1
2026-09-17T05:05:00Z,2026-09-17T07:05:00+02:00,53,dr-robert,407,323,84,20.6
2026-09-17T05:05:00Z,2026-09-17T07:05:00+02:00,54,placa-vella,297,223,74,24.9
2026-09-17T05:05:00Z,2026-09-17T07:05:00+02:00,55,ajuntament-mercat,237,179,58,24.5
2026-09-17T05:06:00Z,2026-09-17T07:06:00+02:00,53,dr-robert,407,323,84,20.6
2026-09-17T05:06:00Z,2026-09-17T07:06:00+02:00,54,placa-vella,297,223,74,24.9
2026-09-17T05:06:00Z,2026-09-17T07:06:00+02:00,55,ajuntament-mercat,237,179,58,24.5
2026-09-17T05:07:00Z,2026-09-17T07:07:00+02:00,53,dr-robert,407,323,84,20.6
2026-09-17T05:07:00Z,2026-09-17T07:07:00+02:00,54,placa-vella,297,223,74,24.9
2026-09-17T05:07:00Z,2026-09-17T07:07:00+02:00,55,ajuntament-mercat,237,179,58,24.5
2026-09-17T05:08:00Z,2026-09-17T07:08:00+02:00,53,dr-robert,407,323,84,20.6
2026-09-17T05:08:00Z,2026-09-17T07:08:00+02:00,54,placa-vella,297,223,74,24.9
2026-09-17T05:08:00Z,2026-09-17T07:08:00+02:00,55,ajuntament-mercat,237,179,58,24.5
2026-09-17T05:09:00Z,2026-09-17T07:09:00+02:00,53,dr-robert,407,323,84,20.6
2026-09-17T05:09:00Z,2026-09-17T07:09:00+02:00,54,placa-vella,297,223,74,24.9
2026-09-17T05:09:00Z,2026-09-17T07:09:00+02:00,55,ajuntament-mercat,237,179,58,24.5
2026-09-17T05:10:00Z,2026-09-17T07:10:00+02:00,53,dr-robert,407,321,86,21.1
2026-09-17T05:10:00Z,2026-09-17T07:10:00+02:00,54,placa-vella,297,223,74,24.9
2026-09-17T05:10:00Z,2026-09-17T07:10:00+02:00,55,ajuntament-mercat,237,178,59,24.9
2026-09-17T05:11:00Z,2026-09-17T07:11:00+02:00,53,dr-robert,407,321,86,21.1
2026-09-17T05:11:00Z,2026-09-17T07:11:00+02:00,54,placa-vella,297,223,74,24.9
2026-09-17T05:11:00Z,2026-09-17T07:11:00+02:00,55,ajuntament-mercat,237,178,59,24.9
2026-09-17T05:12:00Z,2026-09-17T07:12:00+02:00,53,dr-robert,407,321,86,21.1
2026-09-17T05:12:00Z,2026-09-17T07:12:00+02:00,54,placa-vella,297,223,74,24.9
2026-09-17T05:12:00Z,2026-09-17T07:12:00+02:00,55,ajuntament-mercat,237,178,59,24.9
2026-09-17T05:13:00Z,2026-09-17T07:13:00+02:00,53,dr-robert,407,321,86,21.1
2026-09-17T05:13:00Z,2026-09-17T07:13:00+02:00,54,placa-vella,297,223,74,24.9
2026-09-17T05:13:00Z,2026-09-17T07:13:00+02:00,55,ajuntament-mercat,237,178,59,24.9
2026-09-17T05:14:00Z,2026-09-17T07:14:00+02:00,53,dr-robert,407,321,86,21.1
2026-09-17T05:14:00Z,2026-09-17T07:14:00+02:00,54,placa-vella,297,223,74,24.9
2026-09-17T05:14:00Z,2026-09-17T07:14:00+02:00,55,ajuntament-mercat,237,178,59,24.9
2026-09-17T05:15:00Z,2026-09-17T07:15:00+02:00,53,dr-robert,407,313,94,23.1
2026-09-17T05:15:00Z,2026-09-17T07:15:00+02:00,54,placa-vella,297,223,74,24.9
2026-09-17T05:15:00Z,2026-09-17T07:15:00+02:00,55,ajuntament-mercat,237,177,60,25.3
2026-09-17T05:16:00Z,2026-09-17T07:16:00+02:00,53,dr-robert,407,313,94,23.1
2026-09-17T05:16:00Z,2026-09-17T07:16:00+02:00,54,placa-vella,297,223,74,24.9
2026-09-17T05:16:00Z,2026-09-17T07:16:00+02:00,55,ajuntament-mercat,237,177,60,25.3
2026-09-17T05:17:00Z,2026-09-17T07:17:00+02:00,53,dr-robert,407,313,94,23.1
2026-09-17T05:17:00Z,2026-09-17T07:17:00+02:00,54,placa-vella,297,223,74,24.9
2026-09-17T05:17:00Z,2026-09-17T07:17:00+02:00,55,ajuntament-mercat,237,177,60,25.3
2026-09-17T05:18:00Z,2026-09-17T07:18:00+02:00,53,dr-robert,407,313,94,23.1
2026-09-17T05:18:00Z,2026-09-17T07:18:00+02:00,54,placa-vella,297,223,74,24.9
2026-09-17T05:18:00Z,2026-09-17T07:18:00+02:00,55,ajuntament-mercat,237,177,60,25.3
2026-09-17T05:19:00Z,2026-09-17T07:19:00+02:00,53,dr-robert,407,313,94,23.1
2026-09-17T05:19:00Z,2026-09-17T07:19:00+02:00,54,placa-vella,297,223,74,24.9
2026-09-17T05:19:00Z,2026-09-17T07:19:00+02:00,55,ajuntament-mercat,237,177,60,25.3
2026-09-17T05:20:00Z,2026-09-17T07:20:00+02:00,53,dr-robert,407,310,97,23.8
2026-09-17T05:20:00Z,2026-09-17T07:20:00+02:00,54,placa-vella,297,223,74,24.9
2026-09-17T05:20:00Z,2026-09-17T07:20:00+02:00,55,ajuntament-mercat,237,177,60,25.3
2026-09-17T05:21:00Z,2026-09-17T07:21:00+02:00,53,dr-robert,407,310,97,23.8
2026-09-17T05:21:00Z,2026-09-17T07:21:00+02:00,54,placa-vella,297,223,74,24.9
2026-09-17T05:21:00Z,2026-09-17T07:21:00+02:00,55,ajuntament-mercat,237,177,60,25.3
2026-09-17T05:22:00Z,2026-09-17T07:22:00+02:00,53,dr-robert,407,310,97,23.8
2026-09-17T05:22:00Z,2026-09-17T07:22:00+02:00,54,placa-vella,297,223,74,24.9
2026-09-17T05:22:00Z,2026-09-17T07:22:00+02:00,55,ajuntament-mercat,237,177,60,25.3
2026-09-17T05:23:00Z,2026-09-17T07:23:00+02:00,53,dr-robert,407,310,97,23.8
2026-09-17T05:23:00Z,2026-09-17T07:23:00+02:00,54,placa-vella,297,223,74,24.9
2026-09-17T05:23:00Z,2026-09-17T07:23:00+02:00,55,ajuntament-mercat,237,177,60,25.3
2026-09-17T05:24:00Z,2026-09-17T07:24:00+02:00,53,dr-robert,407,310,97,23.8
2026-09-17T05:24:00Z,2026-09-17T07:24:00+02:00,54,placa-vella,297,223,74,24.9
2026-09-17T05:24:00Z,2026-09-17T07:24:00+02:00,55,ajuntament-mercat,237,177,60,25.3
2026-09-17T05:25:00Z,2026-09-17T07:25:00+02:00,53,dr-robert,407,309,98,24.1
2026-09-17T05:25:00Z,2026-09-17T07:25:00+02:00,54,placa-vella,297,218,79,26.6
2026-09-17T05:25:00Z,2026-09-17T07:25:00+02:00,55,ajuntament-mercat,237,174,63,26.6
2026-09-17T05:26:00Z,2026-09-17T07:26:00+02:00,53,dr-robert,407,309,98,24.1
2026-09-17T05:26:00Z,2026-09-17T07:26:00+02:00,54,placa-vella,297,218,79,26.6
2026-09-17T05:26:00Z,2026-09-17T07:26:00+02:00,55,ajuntament-mercat,237,174,63,26.6
2026-09-17T05:27:00Z,2026-09-17T07:27:00+02:00,53,dr-robert,407,309,98,24.1
2026-09-17T05:27:00Z,2026-09-17T07:27:00+02:00,54,placa-vella,297,218,79,26.6
2026-09-17T05:27:00Z,2026-09-17T07:27:00+02:00,55,ajuntament-mercat,237,174,63,26.6
2026-09-17T05:28:00Z,2026-09-17T07:28:00+02:00,53,dr-robert,407,309,98,24.1
2026-09-17T05:28:00Z,2026-09-17T07:28:00+02:00,54,placa-vella,297,218,79,26.6
2026-09-17T05:28:00Z,2026-09-17T07:28:00+02:00,55,ajuntament-mercat,237,174,63,26.6
2026-09-17T05:29:00Z,2026-09-17T07:29:00+02:00,53,dr-robert,407,309,98,24.1
2026-09-17T05:29:00Z,2026-09-17T07:29:00+02:00,54,placa-vella,297,218,79,26.6
2026-09-17T05:29:00Z,2026-09-17T07:29:00+02:00,55,ajuntament-mercat,237,174,63,26.6
2026-09-17T05:30:00Z,2026-09-17T07:30:00+02:00,53,dr-robert,407,305,102,25.1
2026-09-17T05:30:00Z,2026-09-17T07:30:00+02:00,54,placa-vella,297,219,78,26.3
2026-09-17T05:30:00Z,2026-09-17T07:30:00+02:00,55,ajuntament-mercat,237,172,65,27.4
2026-09-17T05:31:00Z,2026-09-17T07:31:00+02:00,53,dr-robert,407,305,102,25.1
2026-09-17T05:31:00Z,2026-09-17T07:31:00+02:00,54,placa-vella,297,219,78,26.3
2026-09-17T05:31:00Z,2026-09-17T07:31:00+02:00,55,ajuntament-mercat,237,172,65,27.4
2026-09-17T05:32:00Z,2026-09-17T07:32:00+02:00,53,dr-robert,407,305,102,25.1
2026-09-17T05:32:00Z,2026-09-17T07:32:00+02:00,54,placa-vella,297,219,78,26.3
2026-09-17T05:32:00Z,2026-09-17T07:32:00+02:00,55,ajuntament-mercat,237,172,65,27.4
2026-09-17T05:33:00Z,2026-09-17T07:33:00+02:00,53,dr-robert,407,305,102,25.1
2026-09-17T05:33:00Z,2026-09-17T07:33:00+02:00,54,placa-vella,297,219,78,26.3
2026-09-17T05:33:00Z,2026-09-17T07:33:00+02:00,55,ajuntament-mercat,237,172,65,27.4
2026-09-17T05:34:00Z,2026-09-17T07:34:00+02:00,53,dr-robert,407,305,102,25.1
2026-09-17T05:34:00Z,2026-09-17T07:34:00+02:00,54,placa-vella,297,219,78,26.3
2026-09-17T05:34:00Z,2026-09-17T07:34:00+02:00,55,ajuntament-mercat,237,172,65,27.4
2026-09-17T05:35:00Z,2026-09-17T07:35:00+02:00,53,dr-robert,407,299,108,26.5
2026-09-17T05:35:00Z,2026-09-17T07:35:00+02:00,54,placa-vella,297,215,82,27.6
2026-09-17T05:35:00Z,2026-09-17T07:35:00+02:00,55,ajuntament-mercat,237,170,67,28.3
2026-09-17T05:36:00Z,2026-09-17T07:36:00+02:00,53,dr-robert,407,299,108,26.5
2026-09-17T05:36:00Z,2026-09-17T07:36:00+02:00,54,placa-vella,297,215,82,27.6
2026-09-17T05:36:00Z,2026-09-17T07:36:00+02:00,55,ajuntament-mercat,237,170,67,28.3
2026-09-17T05:37:00Z,2026-09-17T07:37:00+02:00,53,dr-robert,407,299,108,26.5
2026-09-17T05:37:00Z,2026-09-17T07:37:00+02:00,54,placa-vella,297,215,82,27.6
2026-09-17T05:37:00Z,2026-09-17T07:37:00+02:00,55,ajuntament-mercat,237,170,67,28.3
2026-09-17T05:38:00Z,2026-09-17T07:38:00+02:00,53,dr-robert,407,299,108,26.5
2026-09-17T05:38:00Z,2026-09-17T07:38:00+02:00,54,placa-vella,297,215,82,27.6
2026-09-17T05:38:00Z,2026-09-17T07:38:00+02:00,55,ajuntament-mercat,237,170,67,28.3
2026-09-17T05:39:00Z,2026-09-17T07:39:00+02:00,53,dr-robert,407,299,108,26.5
2026-09-17T05:39:00Z,2026-09-17T07:39:00+02:00,54,placa-vella,297,215,82,27.6
2026-09-17T05:39:00Z,2026-09-17T07:39:00+02:00,55,ajuntament-mercat,237,170,67,28.3
2026-09-17T05:40:00Z,2026-09-17T07:40:00+02:00,53,dr-robert,407,287,120,29.5
2026-09-17T05:40:00Z,2026-09-17T07:40:00+02:00,54,placa-vella,297,214,83,27.9
2026-09-17T05:40:00Z,2026-09-17T07:40:00+02:00,55,ajuntament-mercat,237,167,70,29.5
2026-09-17T05:41:00Z,2026-09-17T07:41:00+02:00,53,dr-robert,407,287,120,29.5
2026-09-17T05:41:00Z,2026-09-17T07:41:00+02:00,54,placa-vella,297,214,83,27.9
2026-09-17T05:41:00Z,2026-09-17T07:41:00+02:00,55,ajuntament-mercat,237,167,70,29.5
2026-09-17T05:42:00Z,2026-09-17T07:42:00+02:00,53,dr-robert,407,287,120,29.5
2026-09-17T05:42:00Z,2026-09-17T07:42:00+02:00,54,placa-vella,297,214,83,27.9
2026-09-17T05:42:00Z,2026-09-17T07:42:00+02:00,55,ajuntament-mercat,237,167,70,29.5
2026-09-17T05:43:00Z,2026-09-17T07:43:00+02:00,53,dr-robert,407,287,120,29.5
2026-09-17T05:43:00Z,2026-09-17T07:43:00+02:00,54,placa-vella,297,214,83,27.9
2026-09-17T05:43:00Z,2026-09-17T07:43:00+02:00,55,ajuntament-mercat,237,167,70,29.5
2026-09-17T05:44:00Z,2026-09-17T07:44:00+02:00,53,dr-robert,407,287,120,29.5
2026-09-17T05:44:00Z,2026-09-17T07:44:00+02:00,54,placa-vella,297,214,83,27.9
2026-09-17T05:44:00Z,2026-09-17T07:44:00+02:00,55,ajuntament-mercat,237,167,70,29.5
2026-09-17T05:45:00Z,2026-09-17T07:45:00+02:00,53,dr-robert,407,280,127,31.2
2026-09-17T05:45:00Z,2026-09-17T07:45:00+02:00,54,placa-vella,297,211,86,29
2026-09-17T05:45:00Z,2026-09-17T07:45:00+02:00,55,ajuntament-mercat,237,168,69,29.1
2026-09-17T05:46:00Z,2026-09-17T07:46:00+02:00,53,dr-robert,407,280,127,31.2
2026-09-17T05:46:00Z,2026-09-17T07:46:00+02:00,54,placa-vella,297,211,86,29
2026-09-17T05:46:00Z,2026-09-17T07:46:00+02:00,55,ajuntament-mercat,237,168,69,29.1
2026-09-17T05:47:00Z,2026-09-17T07:47:00+02:00,53,dr-robert,407,280,127,31.2
2026-09-17T05:47:00Z,2026-09-17T07:47:00+02:00,54,placa-vella,297,211,86,29
2026-09-17T05:47:00Z,2026-09-17T07:47:00+02:00,55,ajuntament-mercat,237,168,69,29.1
2026-09-17T05:48:00Z,2026-09-17T07:48:00+02:00,53,dr-robert,407,280,127,31.2
2026-09-17T05:48:00Z,2026-09-17T07:48:00+02:00,54,placa-vella,297,211,86,29
2026-09-17T05:48:00Z,2026-09-17T07:48:00+02:00,55,ajuntament-mercat,237,168,69,29.1
2026-09-17T05:49:00Z,2026-09-17T07:49:00+02:00,53,dr-robert,407,280,127,31.2
2026-09-17T05:49:00Z,2026-09-17T07:49:00+02:00,54,placa-vella,297,211,86,29
2026-09-17T05:49:00Z,2026-09-17T07:49:00+02:00,55,ajuntament-mercat,237,168,69,29.1
2026-09-17T05:50:00Z,2026-09-17T07:50:00+02:00,53,dr-robert,407,274,133,32.7
2026-09-17T05:50:00Z,2026-09-17T07:50:00+02:00,54,placa-vella,297,209,88,29.6
2026-09-17T05:50:00Z,2026-09-17T07:50:00+02:00,55,ajuntament-mercat,237,163,74,31.2
2026-09-17T05:51:00Z,2026-09-17T07:51:00+02:00,53,dr-robert,407,274,133,32.7
2026-09-17T05:51:00Z,2026-09-17T07:51:00+02:00,54,placa-vella,297,209,88,29.6
2026-09-17T05:51:00Z,2026-09-17T07:51:00+02:00,55,ajuntament-mercat,237,163,74,31.2
2026-09-17T05:52:00Z,2026-09-17T07:52:00+02:00,53,dr-robert,407,274,133,32.7
2026-09-17T05:52:00Z,2026-09-17T07:52:00+02:00,54,placa-vella,297,209,88,29.6
2026-09-17T05:52:00Z,2026-09-17T07:52:00+02:00,55,ajuntament-mercat,237,163,74,31.2
2026-09-17T05:53:00Z,2026-09-17T07:53:00+02:00,53,dr-robert,407,274,133,32.7
2026-09-17T05:53:00Z,2026-09-17T07:53:00+02:00,54,placa-vella,297,209,88,29.6
2026-09-17T05:53:00Z,2026-09-17T07:53:00+02:00,55,ajuntament-mercat,237,163,74,31.2
2026-09-17T05:54:00Z,2026-09-17T07:54:00+02:00,53,dr-robert,407,274,133,32.7
2026-09-17T05:54:00Z,2026-09-17T07:54:00+02:00,54,placa-vella,297,209,88,29.6
2026-09-17T05:54:00Z,2026-09-17T07:54:00+02:00,55,ajuntament-mercat,237,163,74,31.2
2026-09-17T05:55:00Z,2026-09-17T07:55:00+02:00,53,dr-robert,407,265,142,34.9
2026-09-17T05:55:00Z,2026-09-17T07:55:00+02:00,54,placa-vella,297,207,90,30.3
2026-09-17T05:55:00Z,2026-09-17T07:55:00+02:00,55,ajuntament-mercat,237,161,76,32.1
2026-09-17T05:56:00Z,2026-09-17T07:56:00+02:00,53,dr-robert,407,265,142,34.9
2026-09-17T05:56:00Z,2026-09-17T07:56:00+02:00,54,placa-vella,297,207,90,30.3
2026-09-17T05:56:00Z,2026-09-17T07:56:00+02:00,55,ajuntament-mercat,237,161,76,32.1
2026-09-17T05:57:00Z,2026-09-17T07:57:00+02:00,53,dr-robert,407,265,142,34.9
2026-09-17T05:57:00Z,2026-09-17T07:57:00+02:00,54,placa-vella,297,207,90,30.3
2026-09-17T05:57:00Z,2026-09-17T07:57:00+02:00,55,ajuntament-mercat,237,161,76,32.1
2026-09-17T05:58:00Z,2026-09-17T07:58:00+02:00,53,dr-robert,407,265,142,34.9
2026-09-17T05:58:00Z,2026-09-17T07:58:00+02:00,54,placa-vella,297,207,90,30.3
2026-09-17T05:58:00Z,2026-09-17T07:58:00+02:00,55,ajuntament-mercat,237,161,76,32.1
2026-09-17T05:59:00Z,2026-09-17T07:59:00+02:00,53,dr-robert,407,265,142,34.9
2026-09-17T05:59:00Z,2026-09-17T07:59:00+02:00,54,placa-vella,297,207,90,30.3
2026-09-17T05:59:00Z,2026-09-17T07:59:00+02:00,55,ajuntament-mercat,237,161,76,32.1
2026-09-17T06:00:00Z,2026-09-17T08:00:00+02:00,53,dr-robert,407,265,142,34.9
2026-09-17T06:00:00Z,2026-09-17T08:00:00+02:00,54,placa-vella,297,207,90,30.3
2026-09-17T06:00:00Z,2026-09-17T08:00:00+02:00,55,ajuntament-mercat,237,161,76,32.1
2026-09-17T06:01:00Z,2026-09-17T08:01:00+02:00,53,dr-robert,407,265,142,34.9
2026-09-17T06:01:00Z,2026-09-17T08:01:00+02:00,54,placa-vella,297,207,90,30.3
2026-09-17T06:01:00Z,2026-09-17T08:01:00+02:00,55,ajuntament-mercat,237,161,76,32.1
2026-09-17T06:02:00Z,2026-09-17T08:02:00+02:00,53,dr-robert,407,265,142,34.9
2026-09-17T06:02:00Z,2026-09-17T08:02:00+02:00,54,placa-vella,297,207,90,30.3
2026-09-17T06:02:00Z,2026-09-17T08:02:00+02:00,55,ajuntament-mercat,237,161,76,32.1
2026-09-17T06:03:00Z,2026-09-17T08:03:00+02:00,53,dr-robert,407,265,142,34.9
2026-09-17T06:03:00Z,2026-09-17T08:03:00+02:00,54,placa-vella,297,207,90,30.3
2026-09-17T06:03:00Z,2026-09-17T08:03:00+02:00,55,ajuntament-mercat,237,161,76,32.1
2026-09-17T06:04:00Z,2026-09-17T08:04:00+02:00,53,dr-robert,407,265,142,34.9
2026-09-17T06:04:00Z,2026-09-17T08:04:00+02:00,54,placa-vella,297,207,90,30.3
2026-09-17T06:04:00Z,2026-09-17T08:04:00+02:00,55,ajuntament-mercat,237,161,76,32.1
2026-09-17T06:05:00Z,2026-09-17T08:05:00+02:00,53,dr-robert,407,234,173,42.5
2026-09-17T06:05:00Z,2026-09-17T08:05:00+02:00,54,placa-vella,297,195,102,34.3
2026-09-17T06:05:00Z,2026-09-17T08:05:00+02:00,55,ajuntament-mercat,237,154,83,35
2026-09-17T06:06:00Z,2026-09-17T08:06:00+02:00,53,dr-robert,407,234,173,42.5
2026-09-17T06:06:00Z,2026-09-17T08:06:00+02:00,54,placa-vella,297,195,102,34.3
2026-09-17T06:06:00Z,2026-09-17T08:06:00+02:00,55,ajuntament-mercat,237,154,83,35
2026-09-17T06:07:00Z,2026-09-17T08:07:00+02:00,53,dr-robert,407,234,173,42.5
2026-09-17T06:07:00Z,2026-09-17T08:07:00+02:00,54,placa-vella,297,195,102,34.3
2026-09-17T06:07:00Z,2026-09-17T08:07:00+02:00,55,ajuntament-mercat,237,154,83,35
2026-09-17T06:08:00Z,2026-09-17T08:08:00+02:00,53,dr-robert,407,234,173,42.5
2026-09-17T06:08:00Z,2026-09-17T08:08:00+02:00,54,placa-vella,297,195,102,34.3
2026-09-17T06:08:00Z,2026-09-17T08:08:00+02:00,55,ajuntament-mercat,237,154,83,35
2026-09-17T06:09:00Z,2026-09-17T08:09:00+02:00,53,dr-robert,407,234,173,42.5
2026-09-17T06:09:00Z,2026-09-17T08:09:00+02:00,54,placa-vella,297,195,102,34.3
2026-09-17T06:09:00Z,2026-09-17T08:09:00+02:00,55,ajuntament-mercat,237,154,83,35
2026-09-17T06:10:00Z,2026-09-17T08:10:00+02:00,53,dr-robert,407,234,173,42.5
2026-09-17T06:10:00Z,2026-09-17T08:10:00+02:00,54,placa-vella,297,195,102,34.3
2026-09-17T06:10:00Z,2026-09-17T08:10:00+02:00,55,ajuntament-mercat,237,154,83,35
2026-09-17T06:11:00Z,2026-09-17T08:11:00+02:00,53,dr-robert,407,220,187,45.9
2026-09-17T06:11:00Z,2026-09-17T08:11:00+02:00,54,placa-vella,297,188,109,36.7
2026-09-17T06:11:00Z,2026-09-17T08:11:00+02:00,55,ajuntament-mercat,237,148,89,37.6
2026-09-17T06:12:00Z,2026-09-17T08:12:00+02:00,53,dr-robert,407,220,187,45.9
2026-09-17T06:12:00Z,2026-09-17T08:12:00+02:00,54,placa-vella,297,188,109,36.7
2026-09-17T06:12:00Z,2026-09-17T08:12:00+02:00,55,ajuntament-mercat,237,148,89,37.6
2026-09-17T06:13:00Z,2026-09-17T08:13:00+02:00,53,dr-robert,407,220,187,45.9
2026-09-17T06:13:00Z,2026-09-17T08:13:00+02:00,54,placa-vella,297,188,109,36.7
2026-09-17T06:13:00Z,2026-09-17T08:13:00+02:00,55,ajuntament-mercat,237,148,89,37.6
2026-09-17T06:14:00Z,2026-09-17T08:14:00+02:00,53,dr-robert,407,220,187,45.9
2026-09-17T06:14:00Z,2026-09-17T08:14:00+02:00,54,placa-vella,297,188,109,36.7
2026-09-17T06:14:00Z,2026-09-17T08:14:00+02:00,55,ajuntament-mercat,237,148,89,37.6
2026-09-17T06:15:00Z,2026-09-17T08:15:00+02:00,53,dr-robert,407,201,206,50.6
2026-09-17T06:15:00Z,2026-09-17T08:15:00+02:00,54,placa-vella,297,186,111,37.4
2026-09-17T06:15:00Z,2026-09-17T08:15:00+02:00,55,ajuntament-mercat,237,144,93,39.2
2026-09-17T06:16:00Z,2026-09-17T08:16:00+02:00,53,dr-robert,407,201,206,50.6
2026-09-17T06:16:00Z,2026-09-17T08:16:00+02:00,54,placa-vella,297,186,111,37.4
2026-09-17T06:16:00Z,2026-09-17T08:16:00+02:00,55,ajuntament-mercat,237,144,93,39.2
2026-09-17T06:17:00Z,2026-09-17T08:17:00+02:00,53,dr-robert,407,201,206,50.6
2026-09-17T06:17:00Z,2026-09-17T08:17:00+02:00,54,placa-vella,297,186,111,37.4
2026-09-17T06:17:00Z,2026-09-17T08:17:00+02:00,55,ajuntament-mercat,237,144,93,39.2
2026-09-17T06:18:00Z,2026-09-17T08:18:00+02:00,53,dr-robert,407,201,206,50.6
2026-09-17T06:18:00Z,2026-09-17T08:18:00+02:00,54,placa-vella,297,186,111,37.4
2026-09-17T06:18:00Z,2026-09-17T08:18:00+02:00,55,ajuntament-mercat,237,144,93,39.2
2026-09-17T06:19:00Z,2026-09-17T08:19:00+02:00,53,dr-robert,407,201,206,50.6
2026-09-17T06:19:00Z,2026-09-17T08:19:00+02:00,54,placa-vella,297,186,111,37.4
2026-09-17T06:19:00Z,2026-09-17T08:19:00+02:00,55,ajuntament-mercat,237,144,93,39.2
2026-09-17T06:20:00Z,2026-09-17T08:20:00+02:00,53,dr-robert,407,187,220,54.1
2026-09-17T06:20:00Z,2026-09-17T08:20:00+02:00,54,placa-vella,297,183,114,38.4
2026-09-17T06:20:00Z,2026-09-17T08:20:00+02:00,55,ajuntament-mercat,237,138,99,41.8
2026-09-17T06:21:00Z,2026-09-17T08:21:00+02:00,53,dr-robert,407,187,220,54.1
2026-09-17T06:21:00Z,2026-09-17T08:21:00+02:00,54,placa-vella,297,183,114,38.4
2026-09-17T06:21:00Z,2026-09-17T08:21:00+02:00,55,ajuntament-mercat,237,138,99,41.8
2026-09-17T06:22:00Z,2026-09-17T08:22:00+02:00,53,dr-robert,407,187,220,54.1
2026-09-17T06:22:00Z,2026-09-17T08:22:00+02:00,54,placa-vella,297,183,114,38.4
2026-09-17T06:22:00Z,2026-09-17T08:22:00+02:00,55,ajuntament-mercat,237,138,99,41.8
2026-09-17T06:23:00Z,2026-09-17T08:23:00+02:00,53,dr-robert,407,187,220,54.1
2026-09-17T06:23:00Z,2026-09-17T08:23:00+02:00,54,placa-vella,297,183,114,38.4
2026-09-17T06:23:00Z,2026-09-17T08:23:00+02:00,55,ajuntament-mercat,237,138,99,41.8
2026-09-17T06:24:00Z,2026-09-17T08:24:00+02:00,53,dr-robert,407,187,220,54.1
2026-09-17T06:24:00Z,2026-09-17T08:24:00+02:00,54,placa-vella,297,183,114,38.4
2026-09-17T06:24:00Z,2026-09-17T08:24:00+02:00,55,ajuntament-mercat,237,138,99,41.8
2026-09-17T06:25:00Z,2026-09-17T08:25:00+02:00,53,dr-robert,407,187,220,54.1
2026-09-17T06:25:00Z,2026-09-17T08:25:00+02:00,54,placa-vella,297,183,114,38.4
2026-09-17T06:25:00Z,2026-09-17T08:25:00+02:00,55,ajuntament-mercat,237,138,99,41.8
2026-09-17T06:26:00Z,2026-09-17T08:26:00+02:00,53,dr-robert,407,169,238,58.5
2026-09-17T06:26:00Z,2026-09-17T08:26:00+02:00,54,placa-vella,297,172,125,42.1
2026-09-17T06:26:00Z,2026-09-17T08:26:00+02:00,55,ajuntament-mercat,237,130,107,45.1
2026-09-17T06:27:00Z,2026-09-17T08:27:00+02:00,53,dr-robert,407,169,238,58.5
2026-09-17T06:27:00Z,2026-09-17T08:27:00+02:00,54,placa-vella,297,172,125,42.1
2026-09-17T06:27:00Z,2026-09-17T08:27:00+02:00,55,ajuntament-mercat,237,130,107,45.1
2026-09-17T06:28:00Z,2026-09-17T08:28:00+02:00,53,dr-robert,407,169,238,58.5
2026-09-17T06:28:00Z,2026-09-17T08:28:00+02:00,54,placa-vella,297,172,125,42.1
2026-09-17T06:28:00Z,2026-09-17T08:28:00+02:00,55,ajuntament-mercat,237,130,107,45.1
2026-09-17T06:29:00Z,2026-09-17T08:29:00+02:00,53,dr-robert,407,169,238,58.5
2026-09-17T06:29:00Z,2026-09-17T08:29:00+02:00,54,placa-vella,297,172,125,42.1
2026-09-17T06:29:00Z,2026-09-17T08:29:00+02:00,55,ajuntament-mercat,237,130,107,45.1
2026-09-17T06:30:00Z,2026-09-17T08:30:00+02:00,53,dr-robert,407,162,245,60.2
2026-09-17T06:30:00Z,2026-09-17T08:30:00+02:00,54,placa-vella,297,169,128,43.1
2026-09-17T06:30:00Z,2026-09-17T08:30:00+02:00,55,ajuntament-mercat,237,127,110,46.4
2026-09-17T06:31:00Z,2026-09-17T08:31:00+02:00,53,dr-robert,407,162,245,60.2
2026-09-17T06:31:00Z,2026-09-17T08:31:00+02:00,54,placa-vella,297,169,128,43.1
2026-09-17T06:31:00Z,2026-09-17T08:31:00+02:00,55,ajuntament-mercat,237,127,110,46.4
2026-09-17T06:32:00Z,2026-09-17T08:32:00+02:00,53,dr-robert,407,162,245,60.2
2026-09-17T06:32:00Z,2026-09-17T08:32:00+02:00,54,placa-vella,297,169,128,43.1
2026-09-17T06:32:00Z,2026-09-17T08:32:00+02:00,55,ajuntament-mercat,237,127,110,46.4
2026-09-17T06:33:00Z,2026-09-17T08:33:00+02:00,53,dr-robert,407,162,245,60.2
2026-09-17T06:33:00Z,2026-09-17T08:33:00+02:00,54,placa-vella,297,169,128,43.1
2026-09-17T06:33:00Z,2026-09-17T08:33:00+02:00,55,ajuntament-mercat,237,127,110,46.4
2026-09-17T06:34:00Z,2026-09-17T08:34:00+02:00,53,dr-robert,407,162,245,60.2
2026-09-17T06:34:00Z,2026-09-17T08:34:00+02:00,54,placa-vella,297,169,128,43.1
2026-09-17T06:34:00Z,2026-09-17T08:34:00+02:00,55,ajuntament-mercat,237,127,110,46.4
2026-09-17T06:35:00Z,2026-09-17T08:35:00+02:00,53,dr-robert,407,155,252,61.9
2026-09-17T06:35:00Z,2026-09-17T08:35:00+02:00,54,placa-vella,297,161,136,45.8
2026-09-17T06:35:00Z,2026-09-17T08:35:00+02:00,55,ajuntament-mercat,237,123,114,48.1
2026-09-17T06:36:00Z,2026-09-17T08:36:00+02:00,53,dr-robert,407,155,252,61.9
2026-09-17T06:36:00Z,2026-09-17T08:36:00+02:00,54,placa-vella,297,161,136,45.8
2026-09-17T06:36:00Z,2026-09-17T08:36:00+02:00,55,ajuntament-mercat,237,123,114,48.1
2026-09-17T06:37:00Z,2026-09-17T08:37:00+02:00,53,dr-robert,407,155,252,61.9
2026-09-17T06:37:00Z,2026-09-17T08:37:00+02:00,54,placa-vella,297,161,136,45.8
2026-09-17T06:37:00Z,2026-09-17T08:37:00+02:00,55,ajuntament-mercat,237,123,114,48.1
2026-09-17T06:38:00Z,2026-09-17T08:38:00+02:00,53,dr-robert,407,155,252,61.9
2026-09-17T06:38:00Z,2026-09-17T08:38:00+02:00,54,placa-vella,297,161,136,45.8
2026-09-17T06:38:00Z,2026-09-17T08:38:00+02:00,55,ajuntament-mercat,237,123,114,48.1
2026-09-17T06:39:00Z,2026-09-17T08:39:00+02:00,53,dr-robert,407,155,252,61.9
2026-09-17T06:39:00Z,2026-09-17T08:39:00+02:00,54,placa-vella,297,161,136,45.8
2026-09-17T06:39:00Z,2026-09-17T08:39:00+02:00,55,ajuntament-mercat,237,123,114,48.1
2026-09-17T06:40:00Z,2026-09-17T08:40:00+02:00,53,dr-robert,407,138,269,66.1
2026-09-17T06:40:00Z,2026-09-17T08:40:00+02:00,54,placa-vella,297,158,139,46.8
2026-09-17T06:40:00Z,2026-09-17T08:40:00+02:00,55,ajuntament-mercat,237,118,119,50.2
2026-09-17T06:41:00Z,2026-09-17T08:41:00+02:00,53,dr-robert,407,138,269,66.1
2026-09-17T06:41:00Z,2026-09-17T08:41:00+02:00,54,placa-vella,297,158,139,46.8
2026-09-17T06:41:00Z,2026-09-17T08:41:00+02:00,55,ajuntament-mercat,237,118,119,50.2
2026-09-17T06:42:00Z,2026-09-17T08:42:00+02:00,53,dr-robert,407,138,269,66.1
2026-09-17T06:42:00Z,2026-09-17T08:42:00+02:00,54,placa-vella,297,158,139,46.8
2026-09-17T06:42:00Z,2026-09-17T08:42:00+02:00,55,ajuntament-mercat,237,118,119,50.2
2026-09-17T06:43:00Z,2026-09-17T08:43:00+02:00,53,dr-robert,407,138,269,66.1
2026-09-17T06:43:00Z,2026-09-17T08:43:00+02:00,54,placa-vella,297,158,139,46.8
2026-09-17T06:43:00Z,2026-09-17T08:43:00+02:00,55,ajuntament-mercat,237,118,119,50.2
2026-09-17T06:44:00Z,2026-09-17T08:44:00+02:00,53,dr-robert,407,138,269,66.1
2026-09-17T06:44:00Z,2026-09-17T08:44:00+02:00,54,placa-vella,297,158,139,46.8
2026-09-17T06:44:00Z,2026-09-17T08:44:00+02:00,55,ajuntament-mercat,237,118,119,50.2
2026-09-17T06:45:00Z,2026-09-17T08:45:00+02:00,53,dr-robert,407,129,278,68.3
2026-09-17T06:45:00Z,2026-09-17T08:45:00+02:00,54,placa-vella,297,155,142,47.8
2026-09-17T06:45:00Z,2026-09-17T08:45:00+02:00,55,ajuntament-mercat,237,113,124,52.3
2026-09-17T06:46:00Z,2026-09-17T08:46:00+02:00,53,dr-robert,407,129,278,68.3
2026-09-17T06:46:00Z,2026-09-17T08:46:00+02:00,54,placa-vella,297,155,142,47.8
2026-09-17T06:46:00Z,2026-09-17T08:46:00+02:00,55,ajuntament-mercat,237,113,124,52.3
2026-09-17T06:47:00Z,2026-09-17T08:47:00+02:00,53,dr-robert,407,129,278,68.3
2026-09-17T06:47:00Z,2026-09-17T08:47:00+02:00,54,placa-vella,297,155,142,47.8
2026-09-17T06:47:00Z,2026-09-17T08:47:00+02:00,55,ajuntament-mercat,237,113,124,52.3
2026-09-17T06:48:00Z,2026-09-17T08:48:00+02:00,53,dr-robert,407,129,278,68.3
2026-09-17T06:48:00Z,2026-09-17T08:48:00+02:00,54,placa-vella,297,155,142,47.8
2026-09-17T06:48:00Z,2026-09-17T08:48:00+02:00,55,ajuntament-mercat,237,113,124,52.3
2026-09-17T06:49:00Z,2026-09-17T08:49:00+02:00,53,dr-robert,407,129,278,68.3
2026-09-17T06:49:00Z,2026-09-17T08:49:00+02:00,54,placa-vella,297,155,142,47.8
2026-09-17T06:49:00Z,2026-09-17T08:49:00+02:00,55,ajuntament-mercat,237,113,124,52.3
2026-09-17T06:50:00Z,2026-09-17T08:50:00+02:00,53,dr-robert,407,118,289,71
2026-09-17T06:50:00Z,2026-09-17T08:50:00+02:00,54,placa-vella,297,151,146,49.2
2026-09-17T06:50:00Z,2026-09-17T08:50:00+02:00,55,ajuntament-mercat,237,109,128,54
2026-09-17T06:51:00Z,2026-09-17T08:51:00+02:00,53,dr-robert,407,118,289,71
2026-09-17T06:51:00Z,2026-09-17T08:51:00+02:00,54,placa-vella,297,151,146,49.2
2026-09-17T06:51:00Z,2026-09-17T08:51:00+02:00,55,ajuntament-mercat,237,109,128,54
2026-09-17T06:52:00Z,2026-09-17T08:52:00+02:00,53,dr-robert,407,118,289,71
2026-09-17T06:52:00Z,2026-09-17T08:52:00+02:00,54,placa-vella,297,151,146,49.2
2026-09-17T06:52:00Z,2026-09-17T08:52:00+02:00,55,ajuntament-mercat,237,109,128,54
2026-09-17T06:53:00Z,2026-09-17T08:53:00+02:00,53,dr-robert,407,118,289,71
2026-09-17T06:53:00Z,2026-09-17T08:53:00+02:00,54,placa-vella,297,151,146,49.2
2026-09-17T06:53:00Z,2026-09-17T08:53:00+02:00,55,ajuntament-mercat,237,109,128,54
2026-09-17T06:54:00Z,2026-09-17T08:54:00+02:00,53,dr-robert,407,118,289,71
2026-09-17T06:54:00Z,2026-09-17T08:54:00+02:00,54,placa-vella,297,151,146,49.2
2026-09-17T06:54:00Z,2026-09-17T08:54:00+02:00,55,ajuntament-mercat,237,109,128,54
2026-09-17T06:55:00Z,2026-09-17T08:55:00+02:00,53,dr-robert,407,111,296,72.7
2026-09-17T06:55:00Z,2026-09-17T08:55:00+02:00,54,placa-vella,297,146,151,50.8
2026-09-17T06:55:00Z,2026-09-17T08:55:00+02:00,55,ajuntament-mercat,237,108,129,54.4
2026-09-17T06:56:00Z,2026-09-17T08:56:00+02:00,53,dr-robert,407,111,296,72.7
2026-09-17T06:56:00Z,2026-09-17T08:56:00+02:00,54,placa-vella,297,146,151,50.8
2026-09-17T06:56:00Z,2026-09-17T08:56:00+02:00,55,ajuntament-mercat,237,108,129,54.4
2026-09-17T06:57:00Z,2026-09-17T08:57:00+02:00,53,dr-robert,407,111,296,72.7
2026-09-17T06:57:00Z,2026-09-17T08:57:00+02:00,54,placa-vella,297,146,151,50.8
2026-09-17T06:57:00Z,2026-09-17T08:57:00+02:00,55,ajuntament-mercat,237,108,129,54.4
2026-09-17T06:58:00Z,2026-09-17T08:58:00+02:00,53,dr-robert,407,111,296,72.7
2026-09-17T06:58:00Z,2026-09-17T08:58:00+02:00,54,placa-vella,297,146,151,50.8
2026-09-17T06:58:00Z,2026-09-17T08:58:00+02:00,55,ajuntament-mercat,237,108,129,54.4
2026-09-17T06:59:00Z,2026-09-17T08:59:00+02:00,53,dr-robert,407,111,296,72.7
2026-09-17T06:59:00Z,2026-09-17T08:59:00+02:00,54,placa-vella,297,146,151,50.8
2026-09-17T06:59:00Z,2026-09-17T08:59:00+02:00,55,ajuntament-mercat,237,108,129,54.4
2026-09-17T07:00:00Z,2026-09-17T09:00:00+02:00,53,dr-robert,407,108,299,73.5
2026-09-17T07:00:00Z,2026-09-17T09:00:00+02:00,54,placa-vella,297,139,158,53.2
2026-09-17T07:00:00Z,2026-09-17T09:00:00+02:00,55,ajuntament-mercat,237,105,132,55.7
2026-09-17T07:01:00Z,2026-09-17T09:01:00+02:00,53,dr-robert,407,108,299,73.5
2026-09-17T07:01:00Z,2026-09-17T09:01:00+02:00,54,placa-vella,297,139,158,53.2
2026-09-17T07:01:00Z,2026-09-17T09:01:00+02:00,55,ajuntament-mercat,237,105,132,55.7
2026-09-17T07:02:00Z,2026-09-17T09:02:00+02:00,53,dr-robert,407,108,299,73.5
2026-09-17T07:02:00Z,2026-09-17T09:02:00+02:00,54,placa-vella,297,139,158,53.2
2026-09-17T07:02:00Z,2026-09-17T09:02:00+02:00,55,ajuntament-mercat,237,105,132,55.7
2026-09-17T07:03:00Z,2026-09-17T09:03:00+02:00,53,dr-robert,407,108,299,73.5
2026-09-17T07:03:00Z,2026-09-17T09:03:00+02:00,54,placa-vella,297,139,158,53.2
2026-09-17T07:03:00Z,2026-09-17T09:03:00+02:00,55,ajuntament-mercat,237,105,132,55.7
2026-09-17T07:04:00Z,2026-09-17T09:04:00+02:00,53,dr-robert,407,108,299,73.5
2026-09-17T07:04:00Z,2026-09-17T09:04:00+02:00,54,placa-vella,297,139,158,53.2
2026-09-17T07:04:00Z,2026-09-17T09:04:00+02:00,55,ajuntament-mercat,237,105,132,55.7
2026-09-17T07:05:00Z,2026-09-17T09:05:00+02:00,53,dr-robert,407,100,307,75.4
2026-09-17T07:05:00Z,2026-09-17T09:05:00+02:00,54,placa-vella,297,128,169,56.9
2026-09-17T07:05:00Z,2026-09-17T09:05:00+02:00,55,ajuntament-mercat,237,102,135,57
2026-09-17T07:06:00Z,2026-09-17T09:06:00+02:00,53,dr-robert,407,100,307,75.4
2026-09-17T07:06:00Z,2026-09-17T09:06:00+02:00,54,placa-vella,297,128,169,56.9
2026-09-17T07:06:00Z,2026-09-17T09:06:00+02:00,55,ajuntament-mercat,237,102,135,57
2026-09-17T07:07:00Z,2026-09-17T09:07:00+02:00,53,dr-robert,407,100,307,75.4
2026-09-17T07:07:00Z,2026-09-17T09:07:00+02:00,54,placa-vella,297,128,169,56.9
2026-09-17T07:07:00Z,2026-09-17T09:07:00+02:00,55,ajuntament-mercat,237,102,135,57
2026-09-17T07:08:00Z,2026-09-17T09:08:00+02:00,53,dr-robert,407,100,307,75.4
2026-09-17T07:08:00Z,2026-09-17T09:08:00+02:00,54,placa-vella,297,128,169,56.9
2026-09-17T07:08:00Z,2026-09-17T09:08:00+02:00,55,ajuntament-mercat,237,102,135,57
2026-09-17T07:09:00Z,2026-09-17T09:09:00+02:00,53,dr-robert,407,100,307,75.4
2026-09-17T07:09:00Z,2026-09-17T09:09:00+02:00,54,placa-vella,297,128,169,56.9
2026-09-17T07:09:00Z,2026-09-17T09:09:00+02:00,55,ajuntament-mercat,237,102,135,57
2026-09-17T07:10:00Z,2026-09-17T09:10:00+02:00,53,dr-robert,407,100,307,75.4
2026-09-17T07:10:00Z,2026-09-17T09:10:00+02:00,54,placa-vella,297,123,174,58.6
2026-09-17T07:10:00Z,2026-09-17T09:10:00+02:00,55,ajuntament-mercat,237,98,139,58.6
2026-09-17T07:11:00Z,2026-09-17T09:11:00+02:00,53,dr-robert,407,100,307,75.4
2026-09-17T07:11:00Z,2026-09-17T09:11:00+02:00,54,placa-vella,297,123,174,58.6
2026-09-17T07:11:00Z,2026-09-17T09:11:00+02:00,55,ajuntament-mercat,237,98,139,58.6
2026-09-17T07:12:00Z,2026-09-17T09:12:00+02:00,53,dr-robert,407,100,307,75.4
2026-09-17T07:12:00Z,2026-09-17T09:12:00+02:00,54,placa-vella,297,123,174,58.6
2026-09-17T07:12:00Z,2026-09-17T09:12:00+02:00,55,ajuntament-mercat,237,98,139,58.6
2026-09-17T07:13:00Z,2026-09-17T09:13:00+02:00,53,dr-robert,407,100,307,75.4
2026-09-17T07:13:00Z,2026-09-17T09:13:00+02:00,54,placa-vella,297,123,174,58.6
2026-09-17T07:13:00Z,2026-09-17T09:13:00+02:00,55,ajuntament-mercat,237,98,139,58.6
2026-09-17T07:14:00Z,2026-09-17T09:14:00+02:00,53,dr-robert,407,100,307,75.4
2026-09-17T07:14:00Z,2026-09-17T09:14:00+02:00,54,placa-vella,297,123,174,58.6
2026-09-17T07:14:00Z,2026-09-17T09:14:00+02:00,55,ajuntament-mercat,237,98,139,58.6
2026-09-17T07:15:00Z,2026-09-17T09:15:00+02:00,53,dr-robert,407,96,311,76.4
2026-09-17T07:15:00Z,2026-09-17T09:15:00+02:00,54,placa-vella,297,119,178,59.9
2026-09-17T07:15:00Z,2026-09-17T09:15:00+02:00,55,ajuntament-mercat,237,90,147,62
2026-09-17T07:16:00Z,2026-09-17T09:16:00+02:00,53,dr-robert,407,96,311,76.4
2026-09-17T07:16:00Z,2026-09-17T09:16:00+02:00,54,placa-vella,297,119,178,59.9
2026-09-17T07:16:00Z,2026-09-17T09:16:00+02:00,55,ajuntament-mercat,237,90,147,62
2026-09-17T07:17:00Z,2026-09-17T09:17:00+02:00,53,dr-robert,407,96,311,76.4
2026-09-17T07:17:00Z,2026-09-17T09:17:00+02:00,54,placa-vella,297,119,178,59.9
2026-09-17T07:17:00Z,2026-09-17T09:17:00+02:00,55,ajuntament-mercat,237,90,147,62
2026-09-17T07:18:00Z,2026-09-17T09:18:00+02:00,53,dr-robert,407,96,311,76.4
2026-09-17T07:18:00Z,2026-09-17T09:18:00+02:00,54,placa-vella,297,119,178,59.9
2026-09-17T07:18:00Z,2026-09-17T09:18:00+02:00,55,ajuntament-mercat,237,90,147,62
2026-09-17T07:19:00Z,2026-09-17T09:19:00+02:00,53,dr-robert,407,96,311,76.4
2026-09-17T07:19:00Z,2026-09-17T09:19:00+02:00,54,placa-vella,297,119,178,59.9
2026-09-17T07:19:00Z,2026-09-17T09:19:00+02:00,55,ajuntament-mercat,237,90,147,62
2026-09-17T07:20:00Z,2026-09-17T09:20:00+02:00,53,dr-robert,407,93,314,77.1
2026-09-17T07:20:00Z,2026-09-17T09:20:00+02:00,54,placa-vella,297,117,180,60.6
2026-09-17T07:20:00Z,2026-09-17T09:20:00+02:00,55,ajuntament-mercat,237,89,148,62.4
2026-09-17T07:21:00Z,2026-09-17T09:21:00+02:00,53,dr-robert,407,93,314,77.1
2026-09-17T07:21:00Z,2026-09-17T09:21:00+02:00,54,placa-vella,297,117,180,60.6
2026-09-17T07:21:00Z,2026-09-17T09:21:00+02:00,55,ajuntament-mercat,237,89,148,62.4
2026-09-17T07:22:00Z,2026-09-17T09:22:00+02:00,53,dr-robert,407,93,314,77.1
2026-09-17T07:22:00Z,2026-09-17T09:22:00+02:00,54,placa-vella,297,117,180,60.6
2026-09-17T07:22:00Z,2026-09-17T09:22:00+02:00,55,ajuntament-mercat,237,89,148,62.4
2026-09-17T07:23:00Z,2026-09-17T09:23:00+02:00,53,dr-robert,407,93,314,77.1
2026-09-17T07:23:00Z,2026-09-17T09:23:00+02:00,54,placa-vella,297,117,180,60.6
2026-09-17T07:23:00Z,2026-09-17T09:23:00+02:00,55,ajuntament-mercat,237,89,148,62.4
2026-09-17T07:24:00Z,2026-09-17T09:24:00+02:00,53,dr-robert,407,93,314,77.1
2026-09-17T07:24:00Z,2026-09-17T09:24:00+02:00,54,placa-vella,297,117,180,60.6
2026-09-17T07:24:00Z,2026-09-17T09:24:00+02:00,55,ajuntament-mercat,237,89,148,62.4
2026-09-17T07:25:00Z,2026-09-17T09:25:00+02:00,53,dr-robert,407,80,327,80.3
2026-09-17T07:25:00Z,2026-09-17T09:25:00+02:00,54,placa-vella,297,114,183,61.6
2026-09-17T07:25:00Z,2026-09-17T09:25:00+02:00,55,ajuntament-mercat,237,88,149,62.9
2026-09-17T07:26:00Z,2026-09-17T09:26:00+02:00,53,dr-robert,407,80,327,80.3
2026-09-17T07:26:00Z,2026-09-17T09:26:00+02:00,54,placa-vella,297,114,183,61.6
2026-09-17T07:26:00Z,2026-09-17T09:26:00+02:00,55,ajuntament-mercat,237,88,149,62.9
2026-09-17T07:27:00Z,2026-09-17T09:27:00+02:00,53,dr-robert,407,80,327,80.3
2026-09-17T07:27:00Z,2026-09-17T09:27:00+02:00,54,placa-vella,297,114,183,61.6
2026-09-17T07:27:00Z,2026-09-17T09:27:00+02:00,55,ajuntament-mercat,237,88,149,62.9
2026-09-17T07:28:00Z,2026-09-17T09:28:00+02:00,53,dr-robert,407,80,327,80.3
2026-09-17T07:28:00Z,2026-09-17T09:28:00+02:00,54,placa-vella,297,114,183,61.6
2026-09-17T07:28:00Z,2026-09-17T09:28:00+02:00,55,ajuntament-mercat,237,88,149,62.9
2026-09-17T07:29:00Z,2026-09-17T09:29:00+02:00,53,dr-robert,407,80,327,80.3
2026-09-17T07:29:00Z,2026-09-17T09:29:00+02:00,54,placa-vella,297,114,183,61.6
2026-09-17T07:29:00Z,2026-09-17T09:29:00+02:00,55,ajuntament-mercat,237,88,149,62.9
2026-09-17T07:30:00Z,2026-09-17T09:30:00+02:00,53,dr-robert,407,68,339,83.3
2026-09-17T07:30:00Z,2026-09-17T09:30:00+02:00,54,placa-vella,297,109,188,63.3
2026-09-17T07:30:00Z,2026-09-17T09:30:00+02:00,55,ajuntament-mercat,237,85,152,64.1
2026-09-17T07:31:00Z,2026-09-17T09:31:00+02:00,53,dr-robert,407,68,339,83.3
2026-09-17T07:31:00Z,2026-09-17T09:31:00+02:00,54,placa-vella,297,109,188,63.3
2026-09-17T07:31:00Z,2026-09-17T09:31:00+02:00,55,ajuntament-mercat,237,85,152,64.1
2026-09-17T07:32:00Z,2026-09-17T09:32:00+02:00,53,dr-robert,407,68,339,83.3
2026-09-17T07:32:00Z,2026-09-17T09:32:00+02:00,54,placa-vella,297,109,188,63.3
2026-09-17T07:32:00Z,2026-09-17T09:32:00+02:00,55,ajuntament-mercat,237,85,152,64.1
2026-09-17T07:33:00Z,2026-09-17T09:33:00+02:00,53,dr-robert,407,68,339,83.3
2026-09-17T07:33:00Z,2026-09-17T09:33:00+02:00,54,placa-vella,297,109,188,63.3
2026-09-17T07:33:00Z,2026-09-17T09:33:00+02:00,55,ajuntament-mercat,237,85,152,64.1
2026-09-17T07:34:00Z,2026-09-17T09:34:00+02:00,53,dr-robert,407,68,339,83.3
2026-09-17T07:34:00Z,2026-09-17T09:34:00+02:00,54,placa-vella,297,109,188,63.3
2026-09-17T07:34:00Z,2026-09-17T09:34:00+02:00,55,ajuntament-mercat,237,85,152,64.1
2026-09-17T07:35:00Z,2026-09-17T09:35:00+02:00,53,dr-robert,407,59,348,85.5
2026-09-17T07:35:00Z,2026-09-17T09:35:00+02:00,54,placa-vella,297,110,187,63
2026-09-17T07:35:00Z,2026-09-17T09:35:00+02:00,55,ajuntament-mercat,237,82,155,65.4
2026-09-17T07:36:00Z,2026-09-17T09:36:00+02:00,53,dr-robert,407,59,348,85.5
2026-09-17T07:36:00Z,2026-09-17T09:36:00+02:00,54,placa-vella,297,110,187,63
2026-09-17T07:36:00Z,2026-09-17T09:36:00+02:00,55,ajuntament-mercat,237,82,155,65.4
2026-09-17T07:37:00Z,2026-09-17T09:37:00+02:00,53,dr-robert,407,59,348,85.5
2026-09-17T07:37:00Z,2026-09-17T09:37:00+02:00,54,placa-vella,297,110,187,63
2026-09-17T07:37:00Z,2026-09-17T09:37:00+02:00,55,ajuntament-mercat,237,82,155,65.4
2026-09-17T07:38:00Z,2026-09-17T09:38:00+02:00,53,dr-robert,407,59,348,85.5
2026-09-17T07:38:00Z,2026-09-17T09:38:00+02:00,54,placa-vella,297,110,187,63
2026-09-17T07:38:00Z,2026-09-17T09:38:00+02:00,55,ajuntament-mercat,237,82,155,65.4
2026-09-17T07:39:00Z,2026-09-17T09:39:00+02:00,53,dr-robert,407,59,348,85.5
2026-09-17T07:39:00Z,2026-09-17T09:39:00+02:00,54,placa-vella,297,110,187,63
2026-09-17T07:39:00Z,2026-09-17T09:39:00+02:00,55,ajuntament-mercat,237,82,155,65.4
2026-09-17T07:40:00Z,2026-09-17T09:40:00+02:00,53,dr-robert,407,59,348,85.5
2026-09-17T07:40:00Z,2026-09-17T09:40:00+02:00,54,placa-vella,297,104,193,65
2026-09-17T07:40:00Z,2026-09-17T09:40:00+02:00,55,ajuntament-mercat,237,80,157,66.2
2026-09-17T07:41:00Z,2026-09-17T09:41:00+02:00,53,dr-robert,407,59,348,85.5
2026-09-17T07:41:00Z,2026-09-17T09:41:00+02:00,54,placa-vella,297,104,193,65
2026-09-17T07:41:00Z,2026-09-17T09:41:00+02:00,55,ajuntament-mercat,237,80,157,66.2
2026-09-17T07:42:00Z,2026-09-17T09:42:00+02:00,53,dr-robert,407,59,348,85.5
2026-09-17T07:42:00Z,2026-09-17T09:42:00+02:00,54,placa-vella,297,104,193,65
2026-09-17T07:42:00Z,2026-09-17T09:42:00+02:00,55,ajuntament-mercat,237,80,157,66.2
2026-09-17T07:43:00Z,2026-09-17T09:43:00+02:00,53,dr-robert,407,59,348,85.5
2026-09-17T07:43:00Z,2026-09-17T09:43:00+02:00,54,placa-vella,297,104,193,65
2026-09-17T07:43:00Z,2026-09-17T09:43:00+02:00,55,ajuntament-mercat,237,80,157,66.2
2026-09-17T07:44:00Z,2026-09-17T09:44:00+02:00,53,dr-robert,407,59,348,85.5
2026-09-17T07:44:00Z,2026-09-17T09:44:00+02:00,54,placa-vella,297,104,193,65
2026-09-17T07:44:00Z,2026-09-17T09:44:00+02:00,55,ajuntament-mercat,237,80,157,66.2
2026-09-17T07:45:00Z,2026-09-17T09:45:00+02:00,53,dr-robert,407,50,357,87.7
2026-09-17T07:45:00Z,2026-09-17T09:45:00+02:00,54,placa-vella,297,97,200,67.3
2026-09-17T07:45:00Z,2026-09-17T09:45:00+02:00,55,ajuntament-mercat,237,76,161,67.9
2026-09-17T07:46:00Z,2026-09-17T09:46:00+02:00,53,dr-robert,407,50,357,87.7
2026-09-17T07:46:00Z,2026-09-17T09:46:00+02:00,54,placa-vella,297,97,200,67.3
2026-09-17T07:46:00Z,2026-09-17T09:46:00+02:00,55,ajuntament-mercat,237,76,161,67.9
2026-09-17T07:47:00Z,2026-09-17T09:47:00+02:00,53,dr-robert,407,50,357,87.7
2026-09-17T07:47:00Z,2026-09-17T09:47:00+02:00,54,placa-vella,297,97,200,67.3
2026-09-17T07:47:00Z,2026-09-17T09:47:00+02:00,55,ajuntament-mercat,237,76,161,67.9
2026-09-17T07:48:00Z,2026-09-17T09:48:00+02:00,53,dr-robert,407,50,357,87.7
2026-09-17T07:48:00Z,2026-09-17T09:48:00+02:00,54,placa-vella,297,97,200,67.3
2026-09-17T07:48:00Z,2026-09-17T09:48:00+02:00,55,ajuntament-mercat,237,76,161,67.9
2026-09-17T07:49:00Z,2026-09-17T09:49:00+02:00,53,dr-robert,407,50,357,87.7
2026-09-17T07:49:00Z,2026-09-17T09:49:00+02:00,54,placa-vella,297,97,200,67.3
2026-09-17T07:49:00Z,2026-09-17T09:49:00+02:00,55,ajuntament-mercat,237,76,161,67.9
2026-09-17T07:50:00Z,2026-09-17T09:50:00+02:00,53,dr-robert,407,44,363,89.2
2026-09-17T07:50:00Z,2026-09-17T09:50:00+02:00,54,placa-vella,297,95,202,68
2026-09-17T07:50:00Z,2026-09-17T09:50:00+02:00,55,ajuntament-mercat,237,73,164,69.2
2026-09-17T07:51:00Z,2026-09-17T09:51:00+02:00,53,dr-robert,407,44,363,89.2
2026-09-17T07:51:00Z,2026-09-17T09:51:00+02:00,54,placa-vella,297,95,202,68
2026-09-17T07:51:00Z,2026-09-17T09:51:00+02:00,55,ajuntament-mercat,237,73,164,69.2
2026-09-17T07:52:00Z,2026-09-17T09:52:00+02:00,53,dr-robert,407,44,363,89.2
2026-09-17T07:52:00Z,2026-09-17T09:52:00+02:00,54,placa-vella,297,95,202,68
2026-09-17T07:52:00Z,2026-09-17T09:52:00+02:00,55,ajuntament-mercat,237,73,164,69.2
2026-09-17T07:53:00Z,2026-09-17T09:53:00+02:00,53,dr-robert,407,44,363,89.2
2026-09-17T07:53:00Z,2026-09-17T09:53:00+02:00,54,placa-vella,297,95,202,68
2026-09-17T07:53:00Z,2026-09-17T09:53:00+02:00,55,ajuntament-mercat,237,73,164,69.2
2026-09-17T07:54:00Z,2026-09-17T09:54:00+02:00,53,dr-robert,407,44,363,89.2
2026-09-17T07:54:00Z,2026-09-17T09:54:00+02:00,54,placa-vella,297,95,202,68
2026-09-17T07:54:00Z,2026-09-17T09:54:00+02:00,55,ajuntament-mercat,237,73,164,69.2
2026-09-17T07:55:00Z,2026-09-17T09:55:00+02:00,53,dr-robert,407,42,365,89.7
2026-09-17T07:55:00Z,2026-09-17T09:55:00+02:00,54,placa-vella,297,90,207,69.7
2026-09-17T07:55:00Z,2026-09-17T09:55:00+02:00,55,ajuntament-mercat,237,71,166,70
2026-09-17T07:56:00Z,2026-09-17T09:56:00+02:00,53,dr-robert,407,42,365,89.7
2026-09-17T07:56:00Z,2026-09-17T09:56:00+02:00,54,placa-vella,297,90,207,69.7
2026-09-17T07:56:00Z,2026-09-17T09:56:00+02:00,55,ajuntament-mercat,237,71,166,70
2026-09-17T07:57:00Z,2026-09-17T09:57:00+02:00,53,dr-robert,407,42,365,89.7
2026-09-17T07:57:00Z,2026-09-17T09:57:00+02:00,54,placa-vella,297,90,207,69.7
2026-09-17T07:57:00Z,2026-09-17T09:57:00+02:00,55,ajuntament-mercat,237,71,166,70
2026-09-17T07:58:00Z,2026-09-17T09:58:00+02:00,53,dr-robert,407,42,365,89.7
2026-09-17T07:58:00Z,2026-09-17T09:58:00+02:00,54,placa-vella,297,90,207,69.7
2026-09-17T07:58:00Z,2026-09-17T09:58:00+02:00,55,ajuntament-mercat,237,71,166,70
2026-09-17T07:59:00Z,2026-09-17T09:59:00+02:00,53,dr-robert,407,42,365,89.7
2026-09-17T07:59:00Z,2026-09-17T09:59:00+02:00,54,placa-vella,297,90,207,69.7
2026-09-17T07:59:00Z,2026-09-17T09:59:00+02:00,55,ajuntament-mercat,237,71,166,70
2026-09-17T08:00:00Z,2026-09-17T10:00:00+02:00,53,dr-robert,407,37,370,90.9
2026-09-17T08:00:00Z,2026-09-17T10:00:00+02:00,54,placa-vella,297,82,215,72.4
2026-09-17T08:00:00Z,2026-09-17T10:00:00+02:00,55,ajuntament-mercat,237,66,171,72.2
2026-09-17T08:01:00Z,2026-09-17T10:01:00+02:00,53,dr-robert,407,37,370,90.9
2026-09-17T08:01:00Z,2026-09-17T10:01:00+02:00,54,placa-vella,297,82,215,72.4
2026-09-17T08:01:00Z,2026-09-17T10:01:00+02:00,55,ajuntament-mercat,237,66,171,72.2
2026-09-17T08:02:00Z,2026-09-17T10:02:00+02:00,53,dr-robert,407,37,370,90.9
2026-09-17T08:02:00Z,2026-09-17T10:02:00+02:00,54,placa-vella,297,82,215,72.4
2026-09-17T08:02:00Z,2026-09-17T10:02:00+02:00,55,ajuntament-mercat,237,66,171,72.2
2026-09-17T08:03:00Z,2026-09-17T10:03:00+02:00,53,dr-robert,407,37,370,90.9
2026-09-17T08:03:00Z,2026-09-17T10:03:00+02:00,54,placa-vella,297,82,215,72.4
2026-09-17T08:03:00Z,2026-09-17T10:03:00+02:00,55,ajuntament-mercat,237,66,171,72.2
2026-09-17T08:04:00Z,2026-09-17T10:04:00+02:00,53,dr-robert,407,37,370,90.9
2026-09-17T08:04:00Z,2026-09-17T10:04:00+02:00,54,placa-vella,297,82,215,72.4
2026-09-17T08:04:00Z,2026-09-17T10:04:00+02:00,55,ajuntament-mercat,237,66,171,72.2
2026-09-17T08:05:00Z,2026-09-17T10:05:00+02:00,53,dr-robert,407,30,377,92.6
2026-09-17T08:05:00Z,2026-09-17T10:05:00+02:00,54,placa-vella,297,81,216,72.7
2026-09-17T08:05:00Z,2026-09-17T10:05:00+02:00,55,ajuntament-mercat,237,62,175,73.8
2026-09-17T08:06:00Z,2026-09-17T10:06:00+02:00,53,dr-robert,407,30,377,92.6
2026-09-17T08:06:00Z,2026-09-17T10:06:00+02:00,54,placa-vella,297,81,216,72.7
2026-09-17T08:06:00Z,2026-09-17T10:06:00+02:00,55,ajuntament-mercat,237,62,175,73.8
2026-09-17T08:07:00Z,2026-09-17T10:07:00+02:00,53,dr-robert,407,30,377,92.6
2026-09-17T08:07:00Z,2026-09-17T10:07:00+02:00,54,placa-vella,297,81,216,72.7
2026-09-17T08:07:00Z,2026-09-17T10:07:00+02:00,55,ajuntament-mercat,237,62,175,73.8
2026-09-17T08:08:00Z,2026-09-17T10:08:00+02:00,53,dr-robert,407,30,377,92.6
2026-09-17T08:08:00Z,2026-09-17T10:08:00+02:00,54,placa-vella,297,81,216,72.7
2026-09-17T08:08:00Z,2026-09-17T10:08:00+02:00,55,ajuntament-mercat,237,62,175,73.8
2026-09-17T08:09:00Z,2026-09-17T10:09:00+02:00,53,dr-robert,407,30,377,92.6
2026-09-17T08:09:00Z,2026-09-17T10:09:00+02:00,54,placa-vella,297,81,216,72.7
2026-09-17T08:09:00Z,2026-09-17T10:09:00+02:00,55,ajuntament-mercat,237,62,175,73.8
2026-09-17T08:10:00Z,2026-09-17T10:10:00+02:00,53,dr-robert,407,26,381,93.6
2026-09-17T08:10:00Z,2026-09-17T10:10:00+02:00,54,placa-vella,297,76,221,74.4
2026-09-17T08:10:00Z,2026-09-17T10:10:00+02:00,55,ajuntament-mercat,237,60,177,74.7
2026-09-17T08:11:00Z,2026-09-17T10:11:00+02:00,53,dr-robert,407,26,381,93.6
2026-09-17T08:11:00Z,2026-09-17T10:11:00+02:00,54,placa-vella,297,76,221,74.4
2026-09-17T08:11:00Z,2026-09-17T10:11:00+02:00,55,ajuntament-mercat,237,60,177,74.7
2026-09-17T08:12:00Z,2026-09-17T10:12:00+02:00,53,dr-robert,407,26,381,93.6
2026-09-17T08:12:00Z,2026-09-17T10:12:00+02:00,54,placa-vella,297,76,221,74.4
2026-09-17T08:12:00Z,2026-09-17T10:12:00+02:00,55,ajuntament-mercat,237,60,177,74.7
2026-09-17T08:13:00Z,2026-09-17T10:13:00+02:00,53,dr-robert,407,26,381,93.6
2026-09-17T08:13:00Z,2026-09-17T10:13:00+02:00,54,placa-vella,297,76,221,74.4
2026-09-17T08:13:00Z,2026-09-17T10:13:00+02:00,55,ajuntament-mercat,237,60,177,74.7
2026-09-17T08:14:00Z,2026-09-17T10:14:00+02:00,53,dr-robert,407,26,381,93.6
2026-09-17T08:14:00Z,2026-09-17T10:14:00+02:00,54,placa-vella,297,76,221,74.4
2026-09-17T08:14:00Z,2026-09-17T10:14:00+02:00,55,ajuntament-mercat,237,60,177,74.7
2026-09-17T08:15:00Z,2026-09-17T10:15:00+02:00,53,dr-robert,407,17,390,95.8
2026-09-17T08:15:00Z,2026-09-17T10:15:00+02:00,54,placa-vella,297,71,226,76.1
2026-09-17T08:15:00Z,2026-09-17T10:15:00+02:00,55,ajuntament-mercat,237,59,178,75.1
2026-09-17T08:16:00Z,2026-09-17T10:16:00+02:00,53,dr-robert,407,17,390,95.8
2026-09-17T08:16:00Z,2026-09-17T10:16:00+02:00,54,placa-vella,297,71,226,76.1
2026-09-17T08:16:00Z,2026-09-17T10:16:00+02:00,55,ajuntament-mercat,237,59,178,75.1
2026-09-17T08:17:00Z,2026-09-17T10:17:00+02:00,53,dr-robert,407,17,390,95.8
2026-09-17T08:17:00Z,2026-09-17T10:17:00+02:00,54,placa-vella,297,71,226,76.1
2026-09-17T08:17:00Z,2026-09-17T10:17:00+02:00,55,ajuntament-mercat,237,59,178,75.1
2026-09-17T08:18:00Z,2026-09-17T10:18:00+02:00,53,dr-robert,407,17,390,95.8
2026-09-17T08:18:00Z,2026-09-17T10:18:00+02:00,54,placa-vella,297,71,226,76.1
2026-09-17T08:18:00Z,2026-09-17T10:18:00+02:00,55,ajuntament-mercat,237,59,178,75.1
2026-09-17T08:19:00Z,2026-09-17T10:19:00+02:00,53,dr-robert,407,17,390,95.8
2026-09-17T08:19:00Z,2026-09-17T10:19:00+02:00,54,placa-vella,297,71,226,76.1
2026-09-17T08:19:00Z,2026-09-17T10:19:00+02:00,55,ajuntament-mercat,237,59,178,75.1
2026-09-17T08:20:00Z,2026-09-17T10:20:00+02:00,53,dr-robert,407,12,395,97.1
2026-09-17T08:20:00Z,2026-09-17T10:20:00+02:00,54,placa-vella,297,67,230,77.4
2026-09-17T08:20:00Z,2026-09-17T10:20:00+02:00,55,ajuntament-mercat,237,58,179,75.5
2026-09-17T08:21:00Z,2026-09-17T10:21:00+02:00,53,dr-robert,407,12,395,97.1
2026-09-17T08:21:00Z,2026-09-17T10:21:00+02:00,54,placa-vella,297,67,230,77.4
2026-09-17T08:21:00Z,2026-09-17T10:21:00+02:00,55,ajuntament-mercat,237,58,179,75.5
2026-09-17T08:22:00Z,2026-09-17T10:22:00+02:00,53,dr-robert,407,12,395,97.1
2026-09-17T08:22:00Z,2026-09-17T10:22:00+02:00,54,placa-vella,297,67,230,77.4
2026-09-17T08:22:00Z,2026-09-17T10:22:00+02:00,55,ajuntament-mercat,237,58,179,75.5
2026-09-17T08:23:00Z,2026-09-17T10:23:00+02:00,53,dr-robert,407,12,395,97.1
2026-09-17T08:23:00Z,2026-09-17T10:23:00+02:00,54,placa-vella,297,67,230,77.4
2026-09-17T08:23:00Z,2026-09-17T10:23:00+02:00,55,ajuntament-mercat,237,58,179,75.5
2026-09-17T08:24:00Z,2026-09-17T10:24:00+02:00,53,dr-robert,407,12,395,97.1
2026-09-17T08:24:00Z,2026-09-17T10:24:00+02:00,54,placa-vella,297,67,230,77.4
2026-09-17T08:24:00Z,2026-09-17T10:24:00+02:00,55,ajuntament-mercat,237,58,179,75.5
2026-09-17T08:25:00Z,2026-09-17T10:25:00+02:00,53,dr-robert,407,9,398,97.8
2026-09-17T08:25:00Z,2026-09-17T10:25:00+02:00,54,placa-vella,297,66,231,77.8
2026-09-17T08:25:00Z,2026-09-17T10:25:00+02:00,55,ajuntament-mercat,237,55,182,76.8
2026-09-17T08:26:00Z,2026-09-17T10:26:00+02:00,53,dr-robert,407,9,398,97.8
2026-09-17T08:26:00Z,2026-09-17T10:26:00+02:00,54,placa-vella,297,66,231,77.8
2026-09-17T08:26:00Z,2026-09-17T10:26:00+02:00,55,ajuntament-mercat,237,55,182,76.8
2026-09-17T08:27:00Z,2026-09-17T10:27:00+02:00,53,dr-robert,407,9,398,97.8
2026-09-17T08:27:00Z,2026-09-17T10:27:00+02:00,54,placa-vella,297,66,231,77.8
2026-09-17T08:27:00Z,2026-09-17T10:27:00+02:00,55,ajuntament-mercat,237,55,182,76.8
2026-09-17T08:28:00Z,2026-09-17T10:28:00+02:00,53,dr-robert,407,9,398,97.8
2026-09-17T08:28:00Z,2026-09-17T10:28:00+02:00,54,placa-vella,297,66,231,77.8
2026-09-17T08:28:00Z,2026-09-17T10:28:00+02:00,55,ajuntament-mercat,237,55,182,76.8
2026-09-17T08:29:00Z,2026-09-17T10:29:00+02:00,53,dr-robert,407,9,398,97.8
2026-09-17T08:29:00Z,2026-09-17T10:29:00+02:00,54,placa-vella,297,66,231,77.8
2026-09-17T08:29:00Z,2026-09-17T10:29:00+02:00,55,ajuntament-mercat,237,55,182,76.8
2026-09-17T08:30:00Z,2026-09-17T10:30:00+02:00,53,dr-robert,407,7,400,98.3
2026-09-17T08:30:00Z,2026-09-17T10:30:00+02:00,54,placa-vella,297,67,230,77.4
2026-09-17T08:30:00Z,2026-09-17T10:30:00+02:00,55,ajuntament-mercat,237,52,185,78.1
2026-09-17T08:31:00Z,2026-09-17T10:31:00+02:00,53,dr-robert,407,7,400,98.3
2026-09-17T08:31:00Z,2026-09-17T10:31:00+02:00,54,placa-vella,297,67,230,77.4
2026-09-17T08:31:00Z,2026-09-17T10:31:00+02:00,55,ajuntament-mercat,237,52,185,78.1
2026-09-17T08:32:00Z,2026-09-17T10:32:00+02:00,53,dr-robert,407,7,400,98.3
2026-09-17T08:32:00Z,2026-09-17T10:32:00+02:00,54,placa-vella,297,67,230,77.4
2026-09-17T08:32:00Z,2026-09-17T10:32:00+02:00,55,ajuntament-mercat,237,52,185,78.1
2026-09-17T08:33:00Z,2026-09-17T10:33:00+02:00,53,dr-robert,407,7,400,98.3
2026-09-17T08:33:00Z,2026-09-17T10:33:00+02:00,54,placa-vella,297,67,230,77.4
2026-09-17T08:33:00Z,2026-09-17T10:33:00+02:00,55,ajuntament-mercat,237,52,185,78.1
2026-09-17T08:34:00Z,2026-09-17T10:34:00+02:00,53,dr-robert,407,7,400,98.3
2026-09-17T08:34:00Z,2026-09-17T10:34:00+02:00,54,placa-vella,297,67,230,77.4
2026-09-17T08:34:00Z,2026-09-17T10:34:00+02:00,55,ajuntament-mercat,237,52,185,78.1
2026-09-17T08:35:00Z,2026-09-17T10:35:00+02:00,53,dr-robert,407,8,399,98
2026-09-17T08:35:00Z,2026-09-17T10:35:00+02:00,54,placa-vella,297,69,228,76.8
2026-09-17T08:35:00Z,2026-09-17T10:35:00+02:00,55,ajuntament-mercat,237,47,190,80.2
2026-09-17T08:36:00Z,2026-09-17T10:36:00+02:00,53,dr-robert,407,8,399,98
2026-09-17T08:36:00Z,2026-09-17T10:36:00+02:00,54,placa-vella,297,69,228,76.8
2026-09-17T08:36:00Z,2026-09-17T10:36:00+02:00,55,ajuntament-mercat,237,47,190,80.2
2026-09-17T08:37:00Z,2026-09-17T10:37:00+02:00,53,dr-robert,407,8,399,98
2026-09-17T08:37:00Z,2026-09-17T10:37:00+02:00,54,placa-vella,297,69,228,76.8
2026-09-17T08:37:00Z,2026-09-17T10:37:00+02:00,55,ajuntament-mercat,237,47,190,80.2
2026-09-17T08:38:00Z,2026-09-17T10:38:00+02:00,53,dr-robert,407,8,399,98
2026-09-17T08:38:00Z,2026-09-17T10:38:00+02:00,54,placa-vella,297,69,228,76.8
2026-09-17T08:38:00Z,2026-09-17T10:38:00+02:00,55,ajuntament-mercat,237,47,190,80.2
2026-09-17T08:39:00Z,2026-09-17T10:39:00+02:00,53,dr-robert,407,8,399,98
2026-09-17T08:39:00Z,2026-09-17T10:39:00+02:00,54,placa-vella,297,69,228,76.8
2026-09-17T08:39:00Z,2026-09-17T10:39:00+02:00,55,ajuntament-mercat,237,47,190,80.2
2026-09-17T08:40:00Z,2026-09-17T10:40:00+02:00,53,dr-robert,407,8,399,98
2026-09-17T08:40:00Z,2026-09-17T10:40:00+02:00,54,placa-vella,297,63,234,78.8
2026-09-17T08:40:00Z,2026-09-17T10:40:00+02:00,55,ajuntament-mercat,237,42,195,82.3
2026-09-17T08:41:00Z,2026-09-17T10:41:00+02:00,53,dr-robert,407,8,399,98
2026-09-17T08:41:00Z,2026-09-17T10:41:00+02:00,54,placa-vella,297,63,234,78.8
2026-09-17T08:41:00Z,2026-09-17T10:41:00+02:00,55,ajuntament-mercat,237,42,195,82.3
2026-09-17T08:42:00Z,2026-09-17T10:42:00+02:00,53,dr-robert,407,8,399,98
2026-09-17T08:42:00Z,2026-09-17T10:42:00+02:00,54,placa-vella,297,63,234,78.8
2026-09-17T08:42:00Z,2026-09-17T10:42:00+02:00,55,ajuntament-mercat,237,42,195,82.3
2026-09-17T08:43:00Z,2026-09-17T10:43:00+02:00,53,dr-robert,407,8,399,98
2026-09-17T08:43:00Z,2026-09-17T10:43:00+02:00,54,placa-vella,297,63,234,78.8
2026-09-17T08:43:00Z,2026-09-17T10:43:00+02:00,55,ajuntament-mercat,237,42,195,82.3
2026-09-17T08:44:00Z,2026-09-17T10:44:00+02:00,53,dr-robert,407,8,399,98
2026-09-17T08:44:00Z,2026-09-17T10:44:00+02:00,54,placa-vella,297,63,234,78.8
2026-09-17T08:44:00Z,2026-09-17T10:44:00+02:00,55,ajuntament-mercat,237,42,195,82.3
2026-09-17T08:45:00Z,2026-09-17T10:45:00+02:00,53,dr-robert,407,14,393,96.6
2026-09-17T08:45:00Z,2026-09-17T10:45:00+02:00,54,placa-vella,297,60,237,79.8
2026-09-17T08:45:00Z,2026-09-17T10:45:00+02:00,55,ajuntament-mercat,237,40,197,83.1
2026-09-17T08:46:00Z,2026-09-17T10:46:00+02:00,53,dr-robert,407,10,397,97.5
2026-09-17T08:46:00Z,2026-09-17T10:46:00+02:00,54,placa-vella,297,59,238,80.1
2026-09-17T08:46:00Z,2026-09-17T10:46:00+02:00,55,ajuntament-mercat,237,38,199,84
2026-09-17T08:47:00Z,2026-09-17T10:47:00+02:00,53,dr-robert,407,10,397,97.5
2026-09-17T08:47:00Z,2026-09-17T10:47:00+02:00,54,placa-vella,297,59,238,80.1
2026-09-17T08:47:00Z,2026-09-17T10:47:00+02:00,55,ajuntament-mercat,237,38,199,84
2026-09-17T08:48:00Z,2026-09-17T10:48:00+02:00,53,dr-robert,407,10,397,97.5
2026-09-17T08:48:00Z,2026-09-17T10:48:00+02:00,54,placa-vella,297,59,238,80.1
2026-09-17T08:48:00Z,2026-09-17T10:48:00+02:00,55,ajuntament-mercat,237,38,199,84
2026-09-17T08:49:00Z,2026-09-17T10:49:00+02:00,53,dr-robert,407,6,401,98.5
2026-09-17T08:49:00Z,2026-09-17T10:49:00+02:00,54,placa-vella,297,63,234,78.8
2026-09-17T08:49:00Z,2026-09-17T10:49:00+02:00,55,ajuntament-mercat,237,31,206,86.9
2026-09-17T08:50:00Z,2026-09-17T10:50:00+02:00,53,dr-robert,407,6,401,98.5
2026-09-17T08:50:00Z,2026-09-17T10:50:00+02:00,54,placa-vella,297,63,234,78.8
2026-09-17T08:50:00Z,2026-09-17T10:50:00+02:00,55,ajuntament-mercat,237,31,206,86.9
2026-09-17T08:51:00Z,2026-09-17T10:51:00+02:00,53,dr-robert,407,10,397,97.5
2026-09-17T08:51:00Z,2026-09-17T10:51:00+02:00,54,placa-vella,297,59,238,80.1
2026-09-17T08:51:00Z,2026-09-17T10:51:00+02:00,55,ajuntament-mercat,237,38,199,84
2026-09-17T08:52:00Z,2026-09-17T10:52:00+02:00,53,dr-robert,407,10,397,97.5
2026-09-17T08:52:00Z,2026-09-17T10:52:00+02:00,54,placa-vella,297,59,238,80.1
2026-09-17T08:52:00Z,2026-09-17T10:52:00+02:00,55,ajuntament-mercat,237,38,199,84
2026-09-17T08:53:00Z,2026-09-17T10:53:00+02:00,53,dr-robert,407,6,401,98.5
2026-09-17T08:53:00Z,2026-09-17T10:53:00+02:00,54,placa-vella,297,63,234,78.8
2026-09-17T08:53:00Z,2026-09-17T10:53:00+02:00,55,ajuntament-mercat,237,31,206,86.9
2026-09-17T08:54:00Z,2026-09-17T10:54:00+02:00,53,dr-robert,407,6,401,98.5
2026-09-17T08:54:00Z,2026-09-17T10:54:00+02:00,54,placa-vella,297,63,234,78.8
2026-09-17T08:54:00Z,2026-09-17T10:54:00+02:00,55,ajuntament-mercat,237,31,206,86.9
2026-09-17T08:55:00Z,2026-09-17T10:55:00+02:00,53,dr-robert,407,6,401,98.5
2026-09-17T08:55:00Z,2026-09-17T10:55:00+02:00,54,placa-vella,297,63,234,78.8
2026-09-17T08:55:00Z,2026-09-17T10:55:00+02:00,55,ajuntament-mercat,237,31,206,86.9
2026-09-17T08:56:00Z,2026-09-17T10:56:00+02:00,53,dr-robert,407,6,401,98.5
2026-09-17T08:56:00Z,2026-09-17T10:56:00+02:00,54,placa-vella,297,63,234,78.8
2026-09-17T08:56:00Z,2026-09-17T10:56:00+02:00,55,ajuntament-mercat,237,31,206,86.9
2026-09-17T08:57:00Z,2026-09-17T10:57:00+02:00,53,dr-robert,407,6,401,98.5
2026-09-17T08:57:00Z,2026-09-17T10:57:00+02:00,54,placa-vella,297,63,234,78.8
2026-09-17T08:57:00Z,2026-09-17T10:57:00+02:00,55,ajuntament-mercat,237,31,206,86.9
2026-09-17T08:58:00Z,2026-09-17T10:58:00+02:00,53,dr-robert,407,6,401,98.5
2026-09-17T08:58:00Z,2026-09-17T10:58:00+02:00,54,placa-vella,297,63,234,78.8
2026-09-17T08:58:00Z,2026-09-17T10:58:00+02:00,55,ajuntament-mercat,237,31,206,86.9
2026-09-17T08:59:00Z,2026-09-17T10:59:00+02:00,53,dr-robert,407,15,392,96.3
2026-09-17T08:59:00Z,2026-09-17T10:59:00+02:00,54,placa-vella,297,64,233,78.5
2026-09-17T08:59:00Z,2026-09-17T10:59:00+02:00,55,ajuntament-mercat,237,28,209,88.2
2026-09-17T09:00:00Z,2026-09-17T11:00:00+02:00,53,dr-robert,407,15,392,96.3
2026-09-17T09:00:00Z,2026-09-17T11:00:00+02:00,54,placa-vella,297,64,233,78.5
2026-09-17T09:00:00Z,2026-09-17T11:00:00+02:00,55,ajuntament-mercat,237,28,209,88.2
2026-09-17T09:01:00Z,2026-09-17T11:01:00+02:00,53,dr-robert,407,15,392,96.3
2026-09-17T09:01:00Z,2026-09-17T11:01:00+02:00,54,placa-vella,297,64,233,78.5
2026-09-17T09:01:00Z,2026-09-17T11:01:00+02:00,55,ajuntament-mercat,237,28,209,88.2
2026-09-17T09:02:00Z,2026-09-17T11:02:00+02:00,53,dr-robert,407,15,392,96.3
2026-09-17T09:02:00Z,2026-09-17T11:02:00+02:00,54,placa-vella,297,61,236,79.5
2026-09-17T09:02:00Z,2026-09-17T11:02:00+02:00,55,ajuntament-mercat,237,30,207,87.3
2026-09-17T09:03:00Z,2026-09-17T11:03:00+02:00,53,dr-robert,407,15,392,96.3
2026-09-17T09:03:00Z,2026-09-17T11:03:00+02:00,54,placa-vella,297,61,236,79.5
2026-09-17T09:03:00Z,2026-09-17T11:03:00+02:00,55,ajuntament-mercat,237,30,207,87.3
2026-09-17T09:04:00Z,2026-09-17T11:04:00+02:00,53,dr-robert,407,15,392,96.3
2026-09-17T09:04:00Z,2026-09-17T11:04:00+02:00,54,placa-vella,297,61,236,79.5
2026-09-17T09:04:00Z,2026-09-17T11:04:00+02:00,55,ajuntament-mercat,237,30,207,87.3
2026-09-17T09:05:00Z,2026-09-17T11:05:00+02:00,53,dr-robert,407,15,392,96.3
2026-09-17T09:05:00Z,2026-09-17T11:05:00+02:00,54,placa-vella,297,61,236,79.5
2026-09-17T09:05:00Z,2026-09-17T11:05:00+02:00,55,ajuntament-mercat,237,30,207,87.3
2026-09-17T09:06:00Z,2026-09-17T11:06:00+02:00,53,dr-robert,407,15,392,96.3
2026-09-17T09:06:00Z,2026-09-17T11:06:00+02:00,54,placa-vella,297,61,236,79.5
2026-09-17T09:06:00Z,2026-09-17T11:06:00+02:00,55,ajuntament-mercat,237,30,207,87.3
2026-09-17T09:07:00Z,2026-09-17T11:07:00+02:00,53,dr-robert,407,15,392,96.3
2026-09-17T09:07:00Z,2026-09-17T11:07:00+02:00,54,placa-vella,297,61,236,79.5
2026-09-17T09:07:00Z,2026-09-17T11:07:00+02:00,55,ajuntament-mercat,237,30,207,87.3
2026-09-17T09:08:00Z,2026-09-17T11:08:00+02:00,53,dr-robert,407,15,392,96.3
2026-09-17T09:08:00Z,2026-09-17T11:08:00+02:00,54,placa-vella,297,61,236,79.5
2026-09-17T09:08:00Z,2026-09-17T11:08:00+02:00,55,ajuntament-mercat,237,30,207,87.3
2026-09-17T09:09:00Z,2026-09-17T11:09:00+02:00,53,dr-robert,407,17,390,95.8
2026-09-17T09:09:00Z,2026-09-17T11:09:00+02:00,54,placa-vella,297,60,237,79.8
2026-09-17T09:09:00Z,2026-09-17T11:09:00+02:00,55,ajuntament-mercat,237,28,209,88.2
2026-09-17T09:10:00Z,2026-09-17T11:10:00+02:00,53,dr-robert,407,17,390,95.8
2026-09-17T09:10:00Z,2026-09-17T11:10:00+02:00,54,placa-vella,297,60,237,79.8
2026-09-17T09:10:00Z,2026-09-17T11:10:00+02:00,55,ajuntament-mercat,237,28,209,88.2
2026-09-17T09:11:00Z,2026-09-17T11:11:00+02:00,53,dr-robert,407,17,390,95.8
2026-09-17T09:11:00Z,2026-09-17T11:11:00+02:00,54,placa-vella,297,60,237,79.8
2026-09-17T09:11:00Z,2026-09-17T11:11:00+02:00,55,ajuntament-mercat,237,28,209,88.2
2026-09-17T09:12:00Z,2026-09-17T11:12:00+02:00,53,dr-robert,407,17,390,95.8
2026-09-17T09:12:00Z,2026-09-17T11:12:00+02:00,54,placa-vella,297,60,237,79.8
2026-09-17T09:12:00Z,2026-09-17T11:12:00+02:00,55,ajuntament-mercat,237,28,209,88.2
2026-09-17T09:13:00Z,2026-09-17T11:13:00+02:00,53,dr-robert,407,17,390,95.8
2026-09-17T09:13:00Z,2026-09-17T11:13:00+02:00,54,placa-vella,297,60,237,79.8
2026-09-17T09:13:00Z,2026-09-17T11:13:00+02:00,55,ajuntament-mercat,237,28,209,88.2
2026-09-17T09:14:00Z,2026-09-17T11:14:00+02:00,53,dr-robert,407,16,391,96.1
2026-09-17T09:14:00Z,2026-09-17T11:14:00+02:00,54,placa-vella,297,64,233,78.5
2026-09-17T09:14:00Z,2026-09-17T11:14:00+02:00,55,ajuntament-mercat,237,27,210,88.6
2026-09-17T09:15:00Z,2026-09-17T11:15:00+02:00,53,dr-robert,407,16,391,96.1
2026-09-17T09:15:00Z,2026-09-17T11:15:00+02:00,54,placa-vella,297,64,233,78.5
2026-09-17T09:15:00Z,2026-09-17T11:15:00+02:00,55,ajuntament-mercat,237,27,210,88.6
2026-09-17T09:16:00Z,2026-09-17T11:16:00+02:00,53,dr-robert,407,16,391,96.1
2026-09-17T09:16:00Z,2026-09-17T11:16:00+02:00,54,placa-vella,297,64,233,78.5
2026-09-17T09:16:00Z,2026-09-17T11:16:00+02:00,55,ajuntament-mercat,237,27,210,88.6
2026-09-17T09:17:00Z,2026-09-17T11:17:00+02:00,53,dr-robert,407,16,391,96.1
2026-09-17T09:17:00Z,2026-09-17T11:17:00+02:00,54,placa-vella,297,64,233,78.5
2026-09-17T09:17:00Z,2026-09-17T11:17:00+02:00,55,ajuntament-mercat,237,27,210,88.6
2026-09-17T09:18:00Z,2026-09-17T11:18:00+02:00,53,dr-robert,407,14,393,96.6
2026-09-17T09:18:00Z,2026-09-17T11:18:00+02:00,54,placa-vella,297,64,233,78.5
2026-09-17T09:18:00Z,2026-09-17T11:18:00+02:00,55,ajuntament-mercat,237,30,207,87.3
2026-09-17T09:19:00Z,2026-09-17T11:19:00+02:00,53,dr-robert,407,14,393,96.6
2026-09-17T09:19:00Z,2026-09-17T11:19:00+02:00,54,placa-vella,297,64,233,78.5
2026-09-17T09:19:00Z,2026-09-17T11:19:00+02:00,55,ajuntament-mercat,237,30,207,87.3
2026-09-17T09:20:00Z,2026-09-17T11:20:00+02:00,53,dr-robert,407,14,393,96.6
2026-09-17T09:20:00Z,2026-09-17T11:20:00+02:00,54,placa-vella,297,64,233,78.5
2026-09-17T09:20:00Z,2026-09-17T11:20:00+02:00,55,ajuntament-mercat,237,30,207,87.3
2026-09-17T09:21:00Z,2026-09-17T11:21:00+02:00,53,dr-robert,407,14,393,96.6
2026-09-17T09:21:00Z,2026-09-17T11:21:00+02:00,54,placa-vella,297,64,233,78.5
2026-09-17T09:21:00Z,2026-09-17T11:21:00+02:00,55,ajuntament-mercat,237,30,207,87.3
2026-09-17T09:22:00Z,2026-09-17T11:22:00+02:00,53,dr-robert,407,14,393,96.6
2026-09-17T09:22:00Z,2026-09-17T11:22:00+02:00,54,placa-vella,297,64,233,78.5
2026-09-17T09:22:00Z,2026-09-17T11:22:00+02:00,55,ajuntament-mercat,237,30,207,87.3
2026-09-17T09:23:00Z,2026-09-17T11:23:00+02:00,53,dr-robert,407,14,393,96.6
2026-09-17T09:23:00Z,2026-09-17T11:23:00+02:00,54,placa-vella,297,64,233,78.5
2026-09-17T09:23:00Z,2026-09-17T11:23:00+02:00,55,ajuntament-mercat,237,30,207,87.3
2026-09-17T09:24:00Z,2026-09-17T11:24:00+02:00,53,dr-robert,407,14,393,96.6
2026-09-17T09:24:00Z,2026-09-17T11:24:00+02:00,54,placa-vella,297,64,233,78.5
2026-09-17T09:24:00Z,2026-09-17T11:24:00+02:00,55,ajuntament-mercat,237,30,207,87.3
2026-09-17T09:25:00Z,2026-09-17T11:25:00+02:00,53,dr-robert,407,15,392,96.3
2026-09-17T09:25:00Z,2026-09-17T11:25:00+02:00,54,placa-vella,297,65,232,78.1
2026-09-17T09:25:00Z,2026-09-17T11:25:00+02:00,55,ajuntament-mercat,237,34,203,85.7
2026-09-17T09:26:00Z,2026-09-17T11:26:00+02:00,53,dr-robert,407,15,392,96.3
2026-09-17T09:26:00Z,2026-09-17T11:26:00+02:00,54,placa-vella,297,65,232,78.1
2026-09-17T09:26:00Z,2026-09-17T11:26:00+02:00,55,ajuntament-mercat,237,34,203,85.7
2026-09-17T09:27:00Z,2026-09-17T11:27:00+02:00,53,dr-robert,407,15,392,96.3
2026-09-17T09:27:00Z,2026-09-17T11:27:00+02:00,54,placa-vella,297,65,232,78.1
2026-09-17T09:27:00Z,2026-09-17T11:27:00+02:00,55,ajuntament-mercat,237,34,203,85.7
2026-09-17T09:28:00Z,2026-09-17T11:28:00+02:00,53,dr-robert,407,15,392,96.3
2026-09-17T09:28:00Z,2026-09-17T11:28:00+02:00,54,placa-vella,297,65,232,78.1
2026-09-17T09:28:00Z,2026-09-17T11:28:00+02:00,55,ajuntament-mercat,237,34,203,85.7
2026-09-17T09:29:00Z,2026-09-17T11:29:00+02:00,53,dr-robert,407,15,392,96.3
2026-09-17T09:29:00Z,2026-09-17T11:29:00+02:00,54,placa-vella,297,65,232,78.1
2026-09-17T09:29:00Z,2026-09-17T11:29:00+02:00,55,ajuntament-mercat,237,34,203,85.7
2026-09-17T09:30:00Z,2026-09-17T11:30:00+02:00,53,dr-robert,407,23,384,94.3
2026-09-17T09:30:00Z,2026-09-17T11:30:00+02:00,54,placa-vella,297,66,231,77.8
2026-09-17T09:30:00Z,2026-09-17T11:30:00+02:00,55,ajuntament-mercat,237,41,196,82.7
2026-09-17T09:31:00Z,2026-09-17T11:31:00+02:00,53,dr-robert,407,23,384,94.3
2026-09-17T09:31:00Z,2026-09-17T11:31:00+02:00,54,placa-vella,297,66,231,77.8
2026-09-17T09:31:00Z,2026-09-17T11:31:00+02:00,55,ajuntament-mercat,237,41,196,82.7
2026-09-17T09:32:00Z,2026-09-17T11:32:00+02:00,53,dr-robert,407,23,384,94.3
2026-09-17T09:32:00Z,2026-09-17T11:32:00+02:00,54,placa-vella,297,66,231,77.8
2026-09-17T09:32:00Z,2026-09-17T11:32:00+02:00,55,ajuntament-mercat,237,41,196,82.7
2026-09-17T09:33:00Z,2026-09-17T11:33:00+02:00,53,dr-robert,407,23,384,94.3
2026-09-17T09:33:00Z,2026-09-17T11:33:00+02:00,54,placa-vella,297,66,231,77.8
2026-09-17T09:33:00Z,2026-09-17T11:33:00+02:00,55,ajuntament-mercat,237,41,196,82.7
2026-09-17T09:34:00Z,2026-09-17T11:34:00+02:00,53,dr-robert,407,23,384,94.3
2026-09-17T09:34:00Z,2026-09-17T11:34:00+02:00,54,placa-vella,297,66,231,77.8
2026-09-17T09:34:00Z,2026-09-17T11:34:00+02:00,55,ajuntament-mercat,237,41,196,82.7
2026-09-17T09:35:00Z,2026-09-17T11:35:00+02:00,53,dr-robert,407,24,383,94.1
2026-09-17T09:35:00Z,2026-09-17T11:35:00+02:00,54,placa-vella,297,65,232,78.1
2026-09-17T09:35:00Z,2026-09-17T11:35:00+02:00,55,ajuntament-mercat,237,42,195,82.3
2026-09-17T09:36:00Z,2026-09-17T11:36:00+02:00,53,dr-robert,407,24,383,94.1
2026-09-17T09:36:00Z,2026-09-17T11:36:00+02:00,54,placa-vella,297,65,232,78.1
2026-09-17T09:36:00Z,2026-09-17T11:36:00+02:00,55,ajuntament-mercat,237,42,195,82.3
2026-09-17T09:37:00Z,2026-09-17T11:37:00+02:00,53,dr-robert,407,24,383,94.1
2026-09-17T09:37:00Z,2026-09-17T11:37:00+02:00,54,placa-vella,297,65,232,78.1
2026-09-17T09:37:00Z,2026-09-17T11:37:00+02:00,55,ajuntament-mercat,237,42,195,82.3
2026-09-17T09:38:00Z,2026-09-17T11:38:00+02:00,53,dr-robert,407,24,383,94.1
2026-09-17T09:38:00Z,2026-09-17T11:38:00+02:00,54,placa-vella,297,65,232,78.1
2026-09-17T09:38:00Z,2026-09-17T11:38:00+02:00,55,ajuntament-mercat,237,42,195,82.3
2026-09-17T09:39:00Z,2026-09-17T11:39:00+02:00,53,dr-robert,407,24,383,94.1
2026-09-17T09:39:00Z,2026-09-17T11:39:00+02:00,54,placa-vella,297,65,232,78.1
2026-09-17T09:39:00Z,2026-09-17T11:39:00+02:00,55,ajuntament-mercat,237,42,195,82.3
2026-09-17T09:40:00Z,2026-09-17T11:40:00+02:00,53,dr-robert,407,19,388,95.3
2026-09-17T09:40:00Z,2026-09-17T11:40:00+02:00,54,placa-vella,297,61,236,79.5
2026-09-17T09:40:00Z,2026-09-17T11:40:00+02:00,55,ajuntament-mercat,237,45,192,81
2026-09-17T09:41:00Z,2026-09-17T11:41:00+02:00,53,dr-robert,407,19,388,95.3
2026-09-17T09:41:00Z,2026-09-17T11:41:00+02:00,54,placa-vella,297,61,236,79.5
2026-09-17T09:41:00Z,2026-09-17T11:41:00+02:00,55,ajuntament-mercat,237,45,192,81
2026-09-17T09:42:00Z,2026-09-17T11:42:00+02:00,53,dr-robert,407,19,388,95.3
2026-09-17T09:42:00Z,2026-09-17T11:42:00+02:00,54,placa-vella,297,61,236,79.5
2026-09-17T09:42:00Z,2026-09-17T11:42:00+02:00,55,ajuntament-mercat,237,45,192,81
2026-09-17T09:43:00Z,2026-09-17T11:43:00+02:00,53,dr-robert,407,19,388,95.3
2026-09-17T09:43:00Z,2026-09-17T11:43:00+02:00,54,placa-vella,297,61,236,79.5
2026-09-17T09:43:00Z,2026-09-17T11:43:00+02:00,55,ajuntament-mercat,237,45,192,81
2026-09-17T09:44:00Z,2026-09-17T11:44:00+02:00,53,dr-robert,407,19,388,95.3
2026-09-17T09:44:00Z,2026-09-17T11:44:00+02:00,54,placa-vella,297,61,236,79.5
2026-09-17T09:44:00Z,2026-09-17T11:44:00+02:00,55,ajuntament-mercat,237,45,192,81
2026-09-17T09:45:00Z,2026-09-17T11:45:00+02:00,53,dr-robert,407,23,384,94.3
2026-09-17T09:45:00Z,2026-09-17T11:45:00+02:00,54,placa-vella,297,59,238,80.1
2026-09-17T09:45:00Z,2026-09-17T11:45:00+02:00,55,ajuntament-mercat,237,44,193,81.4
2026-09-17T09:46:00Z,2026-09-17T11:46:00+02:00,53,dr-robert,407,23,384,94.3
2026-09-17T09:46:00Z,2026-09-17T11:46:00+02:00,54,placa-vella,297,59,238,80.1
2026-09-17T09:46:00Z,2026-09-17T11:46:00+02:00,55,ajuntament-mercat,237,44,193,81.4
2026-09-17T09:47:00Z,2026-09-17T11:47:00+02:00,53,dr-robert,407,23,384,94.3
2026-09-17T09:47:00Z,2026-09-17T11:47:00+02:00,54,placa-vella,297,59,238,80.1
2026-09-17T09:47:00Z,2026-09-17T11:47:00+02:00,55,ajuntament-mercat,237,44,193,81.4
2026-09-17T09:48:00Z,2026-09-17T11:48:00+02:00,53,dr-robert,407,23,384,94.3
2026-09-17T09:48:00Z,2026-09-17T11:48:00+02:00,54,placa-vella,297,59,238,80.1
2026-09-17T09:48:00Z,2026-09-17T11:48:00+02:00,55,ajuntament-mercat,237,44,193,81.4
2026-09-17T09:49:00Z,2026-09-17T11:49:00+02:00,53,dr-robert,407,23,384,94.3
2026-09-17T09:49:00Z,2026-09-17T11:49:00+02:00,54,placa-vella,297,59,238,80.1
2026-09-17T09:49:00Z,2026-09-17T11:49:00+02:00,55,ajuntament-mercat,237,44,193,81.4
2026-09-17T09:50:00Z,2026-09-17T11:50:00+02:00,53,dr-robert,407,28,379,93.1
2026-09-17T09:50:00Z,2026-09-17T11:50:00+02:00,54,placa-vella,297,63,234,78.8
2026-09-17T09:50:00Z,2026-09-17T11:50:00+02:00,55,ajuntament-mercat,237,45,192,81
2026-09-17T09:51:00Z,2026-09-17T11:51:00+02:00,53,dr-robert,407,28,379,93.1
2026-09-17T09:51:00Z,2026-09-17T11:51:00+02:00,54,placa-vella,297,63,234,78.8
2026-09-17T09:51:00Z,2026-09-17T11:51:00+02:00,55,ajuntament-mercat,237,45,192,81
2026-09-17T09:52:00Z,2026-09-17T11:52:00+02:00,53,dr-robert,407,28,379,93.1
2026-09-17T09:52:00Z,2026-09-17T11:52:00+02:00,54,placa-vella,297,63,234,78.8
2026-09-17T09:52:00Z,2026-09-17T11:52:00+02:00,55,ajuntament-mercat,237,45,192,81
2026-09-17T09:53:00Z,2026-09-17T11:53:00+02:00,53,dr-robert,407,28,379,93.1
2026-09-17T09:53:00Z,2026-09-17T11:53:00+02:00,54,placa-vella,297,63,234,78.8
2026-09-17T09:53:00Z,2026-09-17T11:53:00+02:00,55,ajuntament-mercat,237,45,192,81
2026-09-17T09:54:00Z,2026-09-17T11:54:00+02:00,53,dr-robert,407,28,379,93.1
2026-09-17T09:54:00Z,2026-09-17T11:54:00+02:00,54,placa-vella,297,63,234,78.8
2026-09-17T09:54:00Z,2026-09-17T11:54:00+02:00,55,ajuntament-mercat,237,45,192,81
2026-09-17T09:55:00Z,2026-09-17T11:55:00+02:00,53,dr-robert,407,27,380,93.4
2026-09-17T09:55:00Z,2026-09-17T11:55:00+02:00,54,placa-vella,297,62,235,79.1
2026-09-17T09:55:00Z,2026-09-17T11:55:00+02:00,55,ajuntament-mercat,237,46,191,80.6
2026-09-17T09:56:00Z,2026-09-17T11:56:00+02:00,53,dr-robert,407,27,380,93.4
2026-09-17T09:56:00Z,2026-09-17T11:56:00+02:00,54,placa-vella,297,62,235,79.1
2026-09-17T09:56:00Z,2026-09-17T11:56:00+02:00,55,ajuntament-mercat,237,46,191,80.6
2026-09-17T09:57:00Z,2026-09-17T11:57:00+02:00,53,dr-robert,407,27,380,93.4
2026-09-17T09:57:00Z,2026-09-17T11:57:00+02:00,54,placa-vella,297,62,235,79.1
2026-09-17T09:57:00Z,2026-09-17T11:57:00+02:00,55,ajuntament-mercat,237,46,191,80.6
2026-09-17T09:58:00Z,2026-09-17T11:58:00+02:00,53,dr-robert,407,27,380,93.4
2026-09-17T09:58:00Z,2026-09-17T11:58:00+02:00,54,placa-vella,297,62,235,79.1
2026-09-17T09:58:00Z,2026-09-17T11:58:00+02:00,55,ajuntament-mercat,237,46,191,80.6
2026-09-17T09:59:00Z,2026-09-17T11:59:00+02:00,53,dr-robert,407,27,380,93.4
2026-09-17T09:59:00Z,2026-09-17T11:59:00+02:00,54,placa-vella,297,62,235,79.1
2026-09-17T09:59:00Z,2026-09-17T11:59:00+02:00,55,ajuntament-mercat,237,46,191,80.6
2026-09-17T10:00:00Z,2026-09-17T12:00:00+02:00,53,dr-robert,407,27,380,93.4
2026-09-17T10:00:00Z,2026-09-17T12:00:00+02:00,54,placa-vella,297,62,235,79.1
2026-09-17T10:00:00Z,2026-09-17T12:00:00+02:00,55,ajuntament-mercat,237,46,191,80.6
2026-09-17T10:01:00Z,2026-09-17T12:01:00+02:00,53,dr-robert,407,25,382,93.9
2026-09-17T10:01:00Z,2026-09-17T12:01:00+02:00,54,placa-vella,297,61,236,79.5
2026-09-17T10:01:00Z,2026-09-17T12:01:00+02:00,55,ajuntament-mercat,237,45,192,81
2026-09-17T10:02:00Z,2026-09-17T12:02:00+02:00,53,dr-robert,407,25,382,93.9
2026-09-17T10:02:00Z,2026-09-17T12:02:00+02:00,54,placa-vella,297,61,236,79.5
2026-09-17T10:02:00Z,2026-09-17T12:02:00+02:00,55,ajuntament-mercat,237,45,192,81
2026-09-17T10:03:00Z,2026-09-17T12:03:00+02:00,53,dr-robert,407,25,382,93.9
2026-09-17T10:03:00Z,2026-09-17T12:03:00+02:00,54,placa-vella,297,61,236,79.5
2026-09-17T10:03:00Z,2026-09-17T12:03:00+02:00,55,ajuntament-mercat,237,45,192,81
2026-09-17T10:04:00Z,2026-09-17T12:04:00+02:00,53,dr-robert,407,25,382,93.9
2026-09-17T10:04:00Z,2026-09-17T12:04:00+02:00,54,placa-vella,297,61,236,79.5
2026-09-17T10:04:00Z,2026-09-17T12:04:00+02:00,55,ajuntament-mercat,237,45,192,81
2026-09-17T10:05:00Z,2026-09-17T12:05:00+02:00,53,dr-robert,407,24,383,94.1
2026-09-17T10:05:00Z,2026-09-17T12:05:00+02:00,54,placa-vella,297,63,234,78.8
2026-09-17T10:05:00Z,2026-09-17T12:05:00+02:00,55,ajuntament-mercat,237,45,192,81
2026-09-17T10:06:00Z,2026-09-17T12:06:00+02:00,53,dr-robert,407,24,383,94.1
2026-09-17T10:06:00Z,2026-09-17T12:06:00+02:00,54,placa-vella,297,63,234,78.8
2026-09-17T10:06:00Z,2026-09-17T12:06:00+02:00,55,ajuntament-mercat,237,45,192,81
2026-09-17T10:07:00Z,2026-09-17T12:07:00+02:00,53,dr-robert,407,24,383,94.1
2026-09-17T10:07:00Z,2026-09-17T12:07:00+02:00,54,placa-vella,297,63,234,78.8
2026-09-17T10:07:00Z,2026-09-17T12:07:00+02:00,55,ajuntament-mercat,237,45,192,81
2026-09-17T10:08:00Z,2026-09-17T12:08:00+02:00,53,dr-robert,407,24,383,94.1
2026-09-17T10:08:00Z,2026-09-17T12:08:00+02:00,54,placa-vella,297,63,234,78.8
2026-09-17T10:08:00Z,2026-09-17T12:08:00+02:00,55,ajuntament-mercat,237,45,192,81
2026-09-17T10:09:00Z,2026-09-17T12:09:00+02:00,53,dr-robert,407,24,383,94.1
2026-09-17T10:09:00Z,2026-09-17T12:09:00+02:00,54,placa-vella,297,63,234,78.8
2026-09-17T10:09:00Z,2026-09-17T12:09:00+02:00,55,ajuntament-mercat,237,45,192,81
2026-09-17T10:10:00Z,2026-09-17T12:10:00+02:00,53,dr-robert,407,20,387,95.1
2026-09-17T10:10:00Z,2026-09-17T12:10:00+02:00,54,placa-vella,297,65,232,78.1
2026-09-17T10:10:00Z,2026-09-17T12:10:00+02:00,55,ajuntament-mercat,237,41,196,82.7
2026-09-17T10:11:00Z,2026-09-17T12:11:00+02:00,53,dr-robert,407,20,387,95.1
2026-09-17T10:11:00Z,2026-09-17T12:11:00+02:00,54,placa-vella,297,65,232,78.1
2026-09-17T10:11:00Z,2026-09-17T12:11:00+02:00,55,ajuntament-mercat,237,41,196,82.7
2026-09-17T10:12:00Z,2026-09-17T12:12:00+02:00,53,dr-robert,407,20,387,95.1
2026-09-17T10:12:00Z,2026-09-17T12:12:00+02:00,54,placa-vella,297,65,232,78.1
2026-09-17T10:12:00Z,2026-09-17T12:12:00+02:00,55,ajuntament-mercat,237,41,196,82.7
2026-09-17T10:13:00Z,2026-09-17T12:13:00+02:00,53,dr-robert,407,20,387,95.1
2026-09-17T10:13:00Z,2026-09-17T12:13:00+02:00,54,placa-vella,297,65,232,78.1
2026-09-17T10:13:00Z,2026-09-17T12:13:00+02:00,55,ajuntament-mercat,237,41,196,82.7
2026-09-17T10:14:00Z,2026-09-17T12:14:00+02:00,53,dr-robert,407,20,387,95.1
2026-09-17T10:14:00Z,2026-09-17T12:14:00+02:00,54,placa-vella,297,65,232,78.1
2026-09-17T10:14:00Z,2026-09-17T12:14:00+02:00,55,ajuntament-mercat,237,41,196,82.7
2026-09-17T10:15:00Z,2026-09-17T12:15:00+02:00,53,dr-robert,407,25,382,93.9
2026-09-17T10:15:00Z,2026-09-17T12:15:00+02:00,54,placa-vella,297,67,230,77.4
2026-09-17T10:15:00Z,2026-09-17T12:15:00+02:00,55,ajuntament-mercat,237,45,192,81
2026-09-17T10:16:00Z,2026-09-17T12:16:00+02:00,53,dr-robert,407,25,382,93.9
2026-09-17T10:16:00Z,2026-09-17T12:16:00+02:00,54,placa-vella,297,67,230,77.4
2026-09-17T10:16:00Z,2026-09-17T12:16:00+02:00,55,ajuntament-mercat,237,45,192,81
2026-09-17T10:17:00Z,2026-09-17T12:17:00+02:00,53,dr-robert,407,25,382,93.9
2026-09-17T10:17:00Z,2026-09-17T12:17:00+02:00,54,placa-vella,297,67,230,77.4
2026-09-17T10:17:00Z,2026-09-17T12:17:00+02:00,55,ajuntament-mercat,237,45,192,81
2026-09-17T10:18:00Z,2026-09-17T12:18:00+02:00,53,dr-robert,407,25,382,93.9
2026-09-17T10:18:00Z,2026-09-17T12:18:00+02:00,54,placa-vella,297,67,230,77.4
2026-09-17T10:18:00Z,2026-09-17T12:18:00+02:00,55,ajuntament-mercat,237,45,192,81
2026-09-17T10:19:00Z,2026-09-17T12:19:00+02:00,53,dr-robert,407,25,382,93.9
2026-09-17T10:19:00Z,2026-09-17T12:19:00+02:00,54,placa-vella,297,67,230,77.4
2026-09-17T10:19:00Z,2026-09-17T12:19:00+02:00,55,ajuntament-mercat,237,45,192,81
2026-09-17T10:20:00Z,2026-09-17T12:20:00+02:00,53,dr-robert,407,26,381,93.6
2026-09-17T10:20:00Z,2026-09-17T12:20:00+02:00,54,placa-vella,297,65,232,78.1
2026-09-17T10:20:00Z,2026-09-17T12:20:00+02:00,55,ajuntament-mercat,237,47,190,80.2
2026-09-17T10:21:00Z,2026-09-17T12:21:00+02:00,53,dr-robert,407,26,381,93.6
2026-09-17T10:21:00Z,2026-09-17T12:21:00+02:00,54,placa-vella,297,65,232,78.1
2026-09-17T10:21:00Z,2026-09-17T12:21:00+02:00,55,ajuntament-mercat,237,47,190,80.2
2026-09-17T10:22:00Z,2026-09-17T12:22:00+02:00,53,dr-robert,407,26,381,93.6
2026-09-17T10:22:00Z,2026-09-17T12:22:00+02:00,54,placa-vella,297,65,232,78.1
2026-09-17T10:22:00Z,2026-09-17T12:22:00+02:00,55,ajuntament-mercat,237,47,190,80.2
2026-09-17T10:23:00Z,2026-09-17T12:23:00+02:00,53,dr-robert,407,26,381,93.6
2026-09-17T10:23:00Z,2026-09-17T12:23:00+02:00,54,placa-vella,297,65,232,78.1
2026-09-17T10:23:00Z,2026-09-17T12:23:00+02:00,55,ajuntament-mercat,237,47,190,80.2
2026-09-17T10:24:00Z,2026-09-17T12:24:00+02:00,53,dr-robert,407,26,381,93.6
2026-09-17T10:24:00Z,2026-09-17T12:24:00+02:00,54,placa-vella,297,65,232,78.1
2026-09-17T10:24:00Z,2026-09-17T12:24:00+02:00,55,ajuntament-mercat,237,47,190,80.2
2026-09-17T10:25:00Z,2026-09-17T12:25:00+02:00,53,dr-robert,407,25,382,93.9
2026-09-17T10:25:00Z,2026-09-17T12:25:00+02:00,54,placa-vella,297,63,234,78.8
2026-09-17T10:25:00Z,2026-09-17T12:25:00+02:00,55,ajuntament-mercat,237,44,193,81.4
2026-09-17T10:26:00Z,2026-09-17T12:26:00+02:00,53,dr-robert,407,25,382,93.9
2026-09-17T10:26:00Z,2026-09-17T12:26:00+02:00,54,placa-vella,297,63,234,78.8
2026-09-17T10:26:00Z,2026-09-17T12:26:00+02:00,55,ajuntament-mercat,237,44,193,81.4
2026-09-17T10:27:00Z,2026-09-17T12:27:00+02:00,53,dr-robert,407,25,382,93.9
2026-09-17T10:27:00Z,2026-09-17T12:27:00+02:00,54,placa-vella,297,63,234,78.8
2026-09-17T10:27:00Z,2026-09-17T12:27:00+02:00,55,ajuntament-mercat,237,44,193,81.4
2026-09-17T10:28:00Z,2026-09-17T12:28:00+02:00,53,dr-robert,407,25,382,93.9
2026-09-17T10:28:00Z,2026-09-17T12:28:00+02:00,54,placa-vella,297,63,234,78.8
2026-09-17T10:28:00Z,2026-09-17T12:28:00+02:00,55,ajuntament-mercat,237,44,193,81.4
2026-09-17T10:29:00Z,2026-09-17T12:29:00+02:00,53,dr-robert,407,25,382,93.9
2026-09-17T10:29:00Z,2026-09-17T12:29:00+02:00,54,placa-vella,297,63,234,78.8
2026-09-17T10:29:00Z,2026-09-17T12:29:00+02:00,55,ajuntament-mercat,237,44,193,81.4
2026-09-17T10:30:00Z,2026-09-17T12:30:00+02:00,53,dr-robert,407,29,378,92.9
2026-09-17T10:30:00Z,2026-09-17T12:30:00+02:00,54,placa-vella,297,66,231,77.8
2026-09-17T10:30:00Z,2026-09-17T12:30:00+02:00,55,ajuntament-mercat,237,44,193,81.4
2026-09-17T10:31:00Z,2026-09-17T12:31:00+02:00,53,dr-robert,407,29,378,92.9
2026-09-17T10:31:00Z,2026-09-17T12:31:00+02:00,54,placa-vella,297,66,231,77.8
2026-09-17T10:31:00Z,2026-09-17T12:31:00+02:00,55,ajuntament-mercat,237,44,193,81.4
2026-09-17T10:32:00Z,2026-09-17T12:32:00+02:00,53,dr-robert,407,29,378,92.9
2026-09-17T10:32:00Z,2026-09-17T12:32:00+02:00,54,placa-vella,297,66,231,77.8
2026-09-17T10:32:00Z,2026-09-17T12:32:00+02:00,55,ajuntament-mercat,237,44,193,81.4
2026-09-17T10:33:00Z,2026-09-17T12:33:00+02:00,53,dr-robert,407,29,378,92.9
2026-09-17T10:33:00Z,2026-09-17T12:33:00+02:00,54,placa-vella,297,66,231,77.8
2026-09-17T10:33:00Z,2026-09-17T12:33:00+02:00,55,ajuntament-mercat,237,44,193,81.4
2026-09-17T10:34:00Z,2026-09-17T12:34:00+02:00,53,dr-robert,407,29,378,92.9
2026-09-17T10:34:00Z,2026-09-17T12:34:00+02:00,54,placa-vella,297,66,231,77.8
2026-09-17T10:34:00Z,2026-09-17T12:34:00+02:00,55,ajuntament-mercat,237,44,193,81.4
2026-09-17T10:35:00Z,2026-09-17T12:35:00+02:00,53,dr-robert,407,29,378,92.9
2026-09-17T10:35:00Z,2026-09-17T12:35:00+02:00,54,placa-vella,297,63,234,78.8
2026-09-17T10:35:00Z,2026-09-17T12:35:00+02:00,55,ajuntament-mercat,237,44,193,81.4
2026-09-17T10:36:00Z,2026-09-17T12:36:00+02:00,53,dr-robert,407,29,378,92.9
2026-09-17T10:36:00Z,2026-09-17T12:36:00+02:00,54,placa-vella,297,63,234,78.8
2026-09-17T10:36:00Z,2026-09-17T12:36:00+02:00,55,ajuntament-mercat,237,44,193,81.4
2026-09-17T10:37:00Z,2026-09-17T12:37:00+02:00,53,dr-robert,407,29,378,92.9
2026-09-17T10:37:00Z,2026-09-17T12:37:00+02:00,54,placa-vella,297,63,234,78.8
2026-09-17T10:37:00Z,2026-09-17T12:37:00+02:00,55,ajuntament-mercat,237,44,193,81.4
2026-09-17T10:38:00Z,2026-09-17T12:38:00+02:00,53,dr-robert,407,29,378,92.9
2026-09-17T10:38:00Z,2026-09-17T12:38:00+02:00,54,placa-vella,297,63,234,78.8
2026-09-17T10:38:00Z,2026-09-17T12:38:00+02:00,55,ajuntament-mercat,237,44,193,81.4
2026-09-17T10:39:00Z,2026-09-17T12:39:00+02:00,53,dr-robert,407,29,378,92.9
2026-09-17T10:39:00Z,2026-09-17T12:39:00+02:00,54,placa-vella,297,63,234,78.8
2026-09-17T10:39:00Z,2026-09-17T12:39:00+02:00,55,ajuntament-mercat,237,44,193,81.4
2026-09-17T10:40:00Z,2026-09-17T12:40:00+02:00,53,dr-robert,407,28,379,93.1
2026-09-17T10:40:00Z,2026-09-17T12:40:00+02:00,54,placa-vella,297,63,234,78.8
2026-09-17T10:40:00Z,2026-09-17T12:40:00+02:00,55,ajuntament-mercat,237,46,191,80.6
2026-09-17T10:41:00Z,2026-09-17T12:41:00+02:00,53,dr-robert,407,28,379,93.1
2026-09-17T10:41:00Z,2026-09-17T12:41:00+02:00,54,placa-vella,297,63,234,78.8
2026-09-17T10:41:00Z,2026-09-17T12:41:00+02:00,55,ajuntament-mercat,237,46,191,80.6
2026-09-17T10:42:00Z,2026-09-17T12:42:00+02:00,53,dr-robert,407,28,379,93.1
2026-09-17T10:42:00Z,2026-09-17T12:42:00+02:00,54,placa-vella,297,63,234,78.8
2026-09-17T10:42:00Z,2026-09-17T12:42:00+02:00,55,ajuntament-mercat,237,46,191,80.6
2026-09-17T10:43:00Z,2026-09-17T12:43:00+02:00,53,dr-robert,407,28,379,93.1
2026-09-17T10:43:00Z,2026-09-17T12:43:00+02:00,54,placa-vella,297,63,234,78.8
2026-09-17T10:43:00Z,2026-09-17T12:43:00+02:00,55,ajuntament-mercat,237,46,191,80.6
2026-09-17T10:44:00Z,2026-09-17T12:44:00+02:00,53,dr-robert,407,28,379,93.1
2026-09-17T10:44:00Z,2026-09-17T12:44:00+02:00,54,placa-vella,297,63,234,78.8
2026-09-17T10:44:00Z,2026-09-17T12:44:00+02:00,55,ajuntament-mercat,237,46,191,80.6
2026-09-17T10:45:00Z,2026-09-17T12:45:00+02:00,53,dr-robert,407,33,374,91.9
2026-09-17T10:45:00Z,2026-09-17T12:45:00+02:00,54,placa-vella,297,66,231,77.8
2026-09-17T10:45:00Z,2026-09-17T12:45:00+02:00,55,ajuntament-mercat,237,50,187,78.9
2026-09-17T10:46:00Z,2026-09-17T12:46:00+02:00,53,dr-robert,407,33,374,91.9
2026-09-17T10:46:00Z,2026-09-17T12:46:00+02:00,54,placa-vella,297,66,231,77.8
2026-09-17T10:46:00Z,2026-09-17T12:46:00+02:00,55,ajuntament-mercat,237,50,187,78.9
2026-09-17T10:47:00Z,2026-09-17T12:47:00+02:00,53,dr-robert,407,33,374,91.9
2026-09-17T10:47:00Z,2026-09-17T12:47:00+02:00,54,placa-vella,297,66,231,77.8
2026-09-17T10:47:00Z,2026-09-17T12:47:00+02:00,55,ajuntament-mercat,237,50,187,78.9
2026-09-17T10:48:00Z,2026-09-17T12:48:00+02:00,53,dr-robert,407,33,374,91.9
2026-09-17T10:48:00Z,2026-09-17T12:48:00+02:00,54,placa-vella,297,66,231,77.8
2026-09-17T10:48:00Z,2026-09-17T12:48:00+02:00,55,ajuntament-mercat,237,50,187,78.9
2026-09-17T10:49:00Z,2026-09-17T12:49:00+02:00,53,dr-robert,407,33,374,91.9
2026-09-17T10:49:00Z,2026-09-17T12:49:00+02:00,54,placa-vella,297,66,231,77.8
2026-09-17T10:49:00Z,2026-09-17T12:49:00+02:00,55,ajuntament-mercat,237,50,187,78.9
2026-09-17T10:50:00Z,2026-09-17T12:50:00+02:00,53,dr-robert,407,41,366,89.9
2026-09-17T10:50:00Z,2026-09-17T12:50:00+02:00,54,placa-vella,297,71,226,76.1
2026-09-17T10:50:00Z,2026-09-17T12:50:00+02:00,55,ajuntament-mercat,237,51,186,78.5
2026-09-17T10:51:00Z,2026-09-17T12:51:00+02:00,53,dr-robert,407,41,366,89.9
2026-09-17T10:51:00Z,2026-09-17T12:51:00+02:00,54,placa-vella,297,71,226,76.1
2026-09-17T10:51:00Z,2026-09-17T12:51:00+02:00,55,ajuntament-mercat,237,51,186,78.5
2026-09-17T10:52:00Z,2026-09-17T12:52:00+02:00,53,dr-robert,407,41,366,89.9
2026-09-17T10:52:00Z,2026-09-17T12:52:00+02:00,54,placa-vella,297,71,226,76.1
2026-09-17T10:52:00Z,2026-09-17T12:52:00+02:00,55,ajuntament-mercat,237,51,186,78.5
2026-09-17T10:53:00Z,2026-09-17T12:53:00+02:00,53,dr-robert,407,41,366,89.9
2026-09-17T10:53:00Z,2026-09-17T12:53:00+02:00,54,placa-vella,297,71,226,76.1
2026-09-17T10:53:00Z,2026-09-17T12:53:00+02:00,55,ajuntament-mercat,237,51,186,78.5
2026-09-17T10:54:00Z,2026-09-17T12:54:00+02:00,53,dr-robert,407,41,366,89.9
2026-09-17T10:54:00Z,2026-09-17T12:54:00+02:00,54,placa-vella,297,71,226,76.1
2026-09-17T10:54:00Z,2026-09-17T12:54:00+02:00,55,ajuntament-mercat,237,51,186,78.5
2026-09-17T10:55:00Z,2026-09-17T12:55:00+02:00,53,dr-robert,407,37,370,90.9
2026-09-17T10:55:00Z,2026-09-17T12:55:00+02:00,54,placa-vella,297,75,222,74.7
2026-09-17T10:55:00Z,2026-09-17T12:55:00+02:00,55,ajuntament-mercat,237,55,182,76.8
2026-09-17T10:56:00Z,2026-09-17T12:56:00+02:00,53,dr-robert,407,37,370,90.9
2026-09-17T10:56:00Z,2026-09-17T12:56:00+02:00,54,placa-vella,297,75,222,74.7
2026-09-17T10:56:00Z,2026-09-17T12:56:00+02:00,55,ajuntament-mercat,237,55,182,76.8
2026-09-17T10:57:00Z,2026-09-17T12:57:00+02:00,53,dr-robert,407,37,370,90.9
2026-09-17T10:57:00Z,2026-09-17T12:57:00+02:00,54,placa-vella,297,75,222,74.7
2026-09-17T10:57:00Z,2026-09-17T12:57:00+02:00,55,ajuntament-mercat,237,55,182,76.8
2026-09-17T10:58:00Z,2026-09-17T12:58:00+02:00,53,dr-robert,407,37,370,90.9
2026-09-17T10:58:00Z,2026-09-17T12:58:00+02:00,54,placa-vella,297,75,222,74.7
2026-09-17T10:58:00Z,2026-09-17T12:58:00+02:00,55,ajuntament-mercat,237,55,182,76.8
2026-09-17T10:59:00Z,2026-09-17T12:59:00+02:00,53,dr-robert,407,37,370,90.9
2026-09-17T10:59:00Z,2026-09-17T12:59:00+02:00,54,placa-vella,297,75,222,74.7
2026-09-17T10:59:00Z,2026-09-17T12:59:00+02:00,55,ajuntament-mercat,237,55,182,76.8
2026-09-17T11:00:00Z,2026-09-17T13:00:00+02:00,53,dr-robert,407,37,370,90.9
2026-09-17T11:00:00Z,2026-09-17T13:00:00+02:00,54,placa-vella,297,75,222,74.7
2026-09-17T11:00:00Z,2026-09-17T13:00:00+02:00,55,ajuntament-mercat,237,55,182,76.8
2026-09-17T11:01:00Z,2026-09-17T13:01:00+02:00,53,dr-robert,407,37,370,90.9
2026-09-17T11:01:00Z,2026-09-17T13:01:00+02:00,54,placa-vella,297,75,222,74.7
2026-09-17T11:01:00Z,2026-09-17T13:01:00+02:00,55,ajuntament-mercat,237,55,182,76.8
2026-09-17T11:02:00Z,2026-09-17T13:02:00+02:00,53,dr-robert,407,44,363,89.2
2026-09-17T11:02:00Z,2026-09-17T13:02:00+02:00,54,placa-vella,297,82,215,72.4
2026-09-17T11:02:00Z,2026-09-17T13:02:00+02:00,55,ajuntament-mercat,237,60,177,74.7
2026-09-17T11:03:00Z,2026-09-17T13:03:00+02:00,53,dr-robert,407,44,363,89.2
2026-09-17T11:03:00Z,2026-09-17T13:03:00+02:00,54,placa-vella,297,82,215,72.4
2026-09-17T11:03:00Z,2026-09-17T13:03:00+02:00,55,ajuntament-mercat,237,60,177,74.7
2026-09-17T11:04:00Z,2026-09-17T13:04:00+02:00,53,dr-robert,407,44,363,89.2
2026-09-17T11:04:00Z,2026-09-17T13:04:00+02:00,54,placa-vella,297,82,215,72.4
2026-09-17T11:04:00Z,2026-09-17T13:04:00+02:00,55,ajuntament-mercat,237,60,177,74.7
2026-09-17T11:05:00Z,2026-09-17T13:05:00+02:00,53,dr-robert,407,46,361,88.7
2026-09-17T11:05:00Z,2026-09-17T13:05:00+02:00,54,placa-vella,297,81,216,72.7
2026-09-17T11:05:00Z,2026-09-17T13:05:00+02:00,55,ajuntament-mercat,237,61,176,74.3
2026-09-17T11:06:00Z,2026-09-17T13:06:00+02:00,53,dr-robert,407,46,361,88.7
2026-09-17T11:06:00Z,2026-09-17T13:06:00+02:00,54,placa-vella,297,81,216,72.7
2026-09-17T11:06:00Z,2026-09-17T13:06:00+02:00,55,ajuntament-mercat,237,61,176,74.3
2026-09-17T11:07:00Z,2026-09-17T13:07:00+02:00,53,dr-robert,407,46,361,88.7
2026-09-17T11:07:00Z,2026-09-17T13:07:00+02:00,54,placa-vella,297,81,216,72.7
2026-09-17T11:07:00Z,2026-09-17T13:07:00+02:00,55,ajuntament-mercat,237,61,176,74.3
2026-09-17T11:08:00Z,2026-09-17T13:08:00+02:00,53,dr-robert,407,46,361,88.7
2026-09-17T11:08:00Z,2026-09-17T13:08:00+02:00,54,placa-vella,297,81,216,72.7
2026-09-17T11:08:00Z,2026-09-17T13:08:00+02:00,55,ajuntament-mercat,237,61,176,74.3
2026-09-17T11:09:00Z,2026-09-17T13:09:00+02:00,53,dr-robert,407,46,361,88.7
2026-09-17T11:09:00Z,2026-09-17T13:09:00+02:00,54,placa-vella,297,81,216,72.7
2026-09-17T11:09:00Z,2026-09-17T13:09:00+02:00,55,ajuntament-mercat,237,61,176,74.3
2026-09-17T11:10:00Z,2026-09-17T13:10:00+02:00,53,dr-robert,407,49,358,88
2026-09-17T11:10:00Z,2026-09-17T13:10:00+02:00,54,placa-vella,297,83,214,72.1
2026-09-17T11:10:00Z,2026-09-17T13:10:00+02:00,55,ajuntament-mercat,237,65,172,72.6
2026-09-17T11:11:00Z,2026-09-17T13:11:00+02:00,53,dr-robert,407,49,358,88
2026-09-17T11:11:00Z,2026-09-17T13:11:00+02:00,54,placa-vella,297,83,214,72.1
2026-09-17T11:11:00Z,2026-09-17T13:11:00+02:00,55,ajuntament-mercat,237,65,172,72.6
2026-09-17T11:12:00Z,2026-09-17T13:12:00+02:00,53,dr-robert,407,49,358,88
2026-09-17T11:12:00Z,2026-09-17T13:12:00+02:00,54,placa-vella,297,83,214,72.1
2026-09-17T11:12:00Z,2026-09-17T13:12:00+02:00,55,ajuntament-mercat,237,65,172,72.6
2026-09-17T11:13:00Z,2026-09-17T13:13:00+02:00,53,dr-robert,407,49,358,88
2026-09-17T11:13:00Z,2026-09-17T13:13:00+02:00,54,placa-vella,297,83,214,72.1
2026-09-17T11:13:00Z,2026-09-17T13:13:00+02:00,55,ajuntament-mercat,237,65,172,72.6
2026-09-17T11:14:00Z,2026-09-17T13:14:00+02:00,53,dr-robert,407,49,358,88
2026-09-17T11:14:00Z,2026-09-17T13:14:00+02:00,54,placa-vella,297,83,214,72.1
2026-09-17T11:14:00Z,2026-09-17T13:14:00+02:00,55,ajuntament-mercat,237,65,172,72.6
2026-09-17T11:15:00Z,2026-09-17T13:15:00+02:00,53,dr-robert,407,56,351,86.2
2026-09-17T11:15:00Z,2026-09-17T13:15:00+02:00,54,placa-vella,297,87,210,70.7
2026-09-17T11:15:00Z,2026-09-17T13:15:00+02:00,55,ajuntament-mercat,237,69,168,70.9
2026-09-17T11:16:00Z,2026-09-17T13:16:00+02:00,53,dr-robert,407,56,351,86.2
2026-09-17T11:16:00Z,2026-09-17T13:16:00+02:00,54,placa-vella,297,87,210,70.7
2026-09-17T11:16:00Z,2026-09-17T13:16:00+02:00,55,ajuntament-mercat,237,69,168,70.9
2026-09-17T11:17:00Z,2026-09-17T13:17:00+02:00,53,dr-robert,407,56,351,86.2
2026-09-17T11:17:00Z,2026-09-17T13:17:00+02:00,54,placa-vella,297,87,210,70.7
2026-09-17T11:17:00Z,2026-09-17T13:17:00+02:00,55,ajuntament-mercat,237,69,168,70.9
2026-09-17T11:18:00Z,2026-09-17T13:18:00+02:00,53,dr-robert,407,56,351,86.2
2026-09-17T11:18:00Z,2026-09-17T13:18:00+02:00,54,placa-vella,297,87,210,70.7
2026-09-17T11:18:00Z,2026-09-17T13:18:00+02:00,55,ajuntament-mercat,237,69,168,70.9
2026-09-17T11:19:00Z,2026-09-17T13:19:00+02:00,53,dr-robert,407,56,351,86.2
2026-09-17T11:19:00Z,2026-09-17T13:19:00+02:00,54,placa-vella,297,87,210,70.7
2026-09-17T11:19:00Z,2026-09-17T13:19:00+02:00,55,ajuntament-mercat,237,69,168,70.9
2026-09-17T11:20:00Z,2026-09-17T13:20:00+02:00,53,dr-robert,407,69,338,83
2026-09-17T11:20:00Z,2026-09-17T13:20:00+02:00,54,placa-vella,297,88,209,70.4
2026-09-17T11:20:00Z,2026-09-17T13:20:00+02:00,55,ajuntament-mercat,237,68,169,71.3
2026-09-17T11:21:00Z,2026-09-17T13:21:00+02:00,53,dr-robert,407,69,338,83
2026-09-17T11:21:00Z,2026-09-17T13:21:00+02:00,54,placa-vella,297,88,209,70.4
2026-09-17T11:21:00Z,2026-09-17T13:21:00+02:00,55,ajuntament-mercat,237,68,169,71.3
2026-09-17T11:22:00Z,2026-09-17T13:22:00+02:00,53,dr-robert,407,69,338,83
2026-09-17T11:22:00Z,2026-09-17T13:22:00+02:00,54,placa-vella,297,88,209,70.4
2026-09-17T11:22:00Z,2026-09-17T13:22:00+02:00,55,ajuntament-mercat,237,68,169,71.3
2026-09-17T11:23:00Z,2026-09-17T13:23:00+02:00,53,dr-robert,407,69,338,83
2026-09-17T11:23:00Z,2026-09-17T13:23:00+02:00,54,placa-vella,297,88,209,70.4
2026-09-17T11:23:00Z,2026-09-17T13:23:00+02:00,55,ajuntament-mercat,237,68,169,71.3
2026-09-17T11:24:00Z,2026-09-17T13:24:00+02:00,53,dr-robert,407,69,338,83
2026-09-17T11:24:00Z,2026-09-17T13:24:00+02:00,54,placa-vella,297,88,209,70.4
2026-09-17T11:24:00Z,2026-09-17T13:24:00+02:00,55,ajuntament-mercat,237,68,169,71.3
2026-09-17T11:25:00Z,2026-09-17T13:25:00+02:00,53,dr-robert,407,73,334,82.1
2026-09-17T11:25:00Z,2026-09-17T13:25:00+02:00,54,placa-vella,297,88,209,70.4
2026-09-17T11:25:00Z,2026-09-17T13:25:00+02:00,55,ajuntament-mercat,237,70,167,70.5
2026-09-17T11:26:00Z,2026-09-17T13:26:00+02:00,53,dr-robert,407,73,334,82.1
2026-09-17T11:26:00Z,2026-09-17T13:26:00+02:00,54,placa-vella,297,88,209,70.4
2026-09-17T11:26:00Z,2026-09-17T13:26:00+02:00,55,ajuntament-mercat,237,70,167,70.5
2026-09-17T11:27:00Z,2026-09-17T13:27:00+02:00,53,dr-robert,407,73,334,82.1
2026-09-17T11:27:00Z,2026-09-17T13:27:00+02:00,54,placa-vella,297,88,209,70.4
2026-09-17T11:27:00Z,2026-09-17T13:27:00+02:00,55,ajuntament-mercat,237,70,167,70.5
2026-09-17T11:28:00Z,2026-09-17T13:28:00+02:00,53,dr-robert,407,73,334,82.1
2026-09-17T11:28:00Z,2026-09-17T13:28:00+02:00,54,placa-vella,297,88,209,70.4
2026-09-17T11:28:00Z,2026-09-17T13:28:00+02:00,55,ajuntament-mercat,237,70,167,70.5
2026-09-17T11:29:00Z,2026-09-17T13:29:00+02:00,53,dr-robert,407,73,334,82.1
2026-09-17T11:29:00Z,2026-09-17T13:29:00+02:00,54,placa-vella,297,88,209,70.4
2026-09-17T11:29:00Z,2026-09-17T13:29:00+02:00,55,ajuntament-mercat,237,70,167,70.5
2026-09-17T11:30:00Z,2026-09-17T13:30:00+02:00,53,dr-robert,407,82,325,79.9
2026-09-17T11:30:00Z,2026-09-17T13:30:00+02:00,54,placa-vella,297,88,209,70.4
2026-09-17T11:30:00Z,2026-09-17T13:30:00+02:00,55,ajuntament-mercat,237,73,164,69.2
2026-09-17T11:31:00Z,2026-09-17T13:31:00+02:00,53,dr-robert,407,82,325,79.9
2026-09-17T11:31:00Z,2026-09-17T13:31:00+02:00,54,placa-vella,297,88,209,70.4
2026-09-17T11:31:00Z,2026-09-17T13:31:00+02:00,55,ajuntament-mercat,237,73,164,69.2
2026-09-17T11:32:00Z,2026-09-17T13:32:00+02:00,53,dr-robert,407,82,325,79.9
2026-09-17T11:32:00Z,2026-09-17T13:32:00+02:00,54,placa-vella,297,88,209,70.4
2026-09-17T11:32:00Z,2026-09-17T13:32:00+02:00,55,ajuntament-mercat,237,73,164,69.2
2026-09-17T11:33:00Z,2026-09-17T13:33:00+02:00,53,dr-robert,407,82,325,79.9
2026-09-17T11:33:00Z,2026-09-17T13:33:00+02:00,54,placa-vella,297,88,209,70.4
2026-09-17T11:33:00Z,2026-09-17T13:33:00+02:00,55,ajuntament-mercat,237,73,164,69.2
2026-09-17T11:34:00Z,2026-09-17T13:34:00+02:00,53,dr-robert,407,82,325,79.9
2026-09-17T11:34:00Z,2026-09-17T13:34:00+02:00,54,placa-vella,297,88,209,70.4
2026-09-17T11:34:00Z,2026-09-17T13:34:00+02:00,55,ajuntament-mercat,237,73,164,69.2
2026-09-17T11:35:00Z,2026-09-17T13:35:00+02:00,53,dr-robert,407,88,319,78.4
2026-09-17T11:35:00Z,2026-09-17T13:35:00+02:00,54,placa-vella,297,89,208,70
2026-09-17T11:35:00Z,2026-09-17T13:35:00+02:00,55,ajuntament-mercat,237,70,167,70.5
2026-09-17T11:36:00Z,2026-09-17T13:36:00+02:00,53,dr-robert,407,88,319,78.4
2026-09-17T11:36:00Z,2026-09-17T13:36:00+02:00,54,placa-vella,297,89,208,70
2026-09-17T11:36:00Z,2026-09-17T13:36:00+02:00,55,ajuntament-mercat,237,70,167,70.5
2026-09-17T11:37:00Z,2026-09-17T13:37:00+02:00,53,dr-robert,407,88,319,78.4
2026-09-17T11:37:00Z,2026-09-17T13:37:00+02:00,54,placa-vella,297,89,208,70
2026-09-17T11:37:00Z,2026-09-17T13:37:00+02:00,55,ajuntament-mercat,237,70,167,70.5
2026-09-17T11:38:00Z,2026-09-17T13:38:00+02:00,53,dr-robert,407,88,319,78.4
2026-09-17T11:38:00Z,2026-09-17T13:38:00+02:00,54,placa-vella,297,89,208,70
2026-09-17T11:38:00Z,2026-09-17T13:38:00+02:00,55,ajuntament-mercat,237,70,167,70.5
2026-09-17T11:39:00Z,2026-09-17T13:39:00+02:00,53,dr-robert,407,88,319,78.4
2026-09-17T11:39:00Z,2026-09-17T13:39:00+02:00,54,placa-vella,297,89,208,70
2026-09-17T11:39:00Z,2026-09-17T13:39:00+02:00,55,ajuntament-mercat,237,70,167,70.5
2026-09-17T11:40:00Z,2026-09-17T13:40:00+02:00,53,dr-robert,407,98,309,75.9
2026-09-17T11:40:00Z,2026-09-17T13:40:00+02:00,54,placa-vella,297,90,207,69.7
2026-09-17T11:40:00Z,2026-09-17T13:40:00+02:00,55,ajuntament-mercat,237,72,165,69.6
2026-09-17T11:41:00Z,2026-09-17T13:41:00+02:00,53,dr-robert,407,98,309,75.9
2026-09-17T11:41:00Z,2026-09-17T13:41:00+02:00,54,placa-vella,297,90,207,69.7
2026-09-17T11:41:00Z,2026-09-17T13:41:00+02:00,55,ajuntament-mercat,237,72,165,69.6
2026-09-17T11:42:00Z,2026-09-17T13:42:00+02:00,53,dr-robert,407,98,309,75.9
2026-09-17T11:42:00Z,2026-09-17T13:42:00+02:00,54,placa-vella,297,90,207,69.7
2026-09-17T11:42:00Z,2026-09-17T13:42:00+02:00,55,ajuntament-mercat,237,72,165,69.6
2026-09-17T11:43:00Z,2026-09-17T13:43:00+02:00,53,dr-robert,407,98,309,75.9
2026-09-17T11:43:00Z,2026-09-17T13:43:00+02:00,54,placa-vella,297,90,207,69.7
2026-09-17T11:43:00Z,2026-09-17T13:43:00+02:00,55,ajuntament-mercat,237,72,165,69.6
2026-09-17T11:44:00Z,2026-09-17T13:44:00+02:00,53,dr-robert,407,98,309,75.9
2026-09-17T11:44:00Z,2026-09-17T13:44:00+02:00,54,placa-vella,297,90,207,69.7
2026-09-17T11:44:00Z,2026-09-17T13:44:00+02:00,55,ajuntament-mercat,237,72,165,69.6
2026-09-17T11:45:00Z,2026-09-17T13:45:00+02:00,53,dr-robert,407,101,306,75.2
2026-09-17T11:45:00Z,2026-09-17T13:45:00+02:00,54,placa-vella,297,91,206,69.4
2026-09-17T11:45:00Z,2026-09-17T13:45:00+02:00,55,ajuntament-mercat,237,70,167,70.5
2026-09-17T11:46:00Z,2026-09-17T13:46:00+02:00,53,dr-robert,407,101,306,75.2
2026-09-17T11:46:00Z,2026-09-17T13:46:00+02:00,54,placa-vella,297,91,206,69.4
2026-09-17T11:46:00Z,2026-09-17T13:46:00+02:00,55,ajuntament-mercat,237,70,167,70.5
2026-09-17T11:47:00Z,2026-09-17T13:47:00+02:00,53,dr-robert,407,101,306,75.2
2026-09-17T11:47:00Z,2026-09-17T13:47:00+02:00,54,placa-vella,297,91,206,69.4
2026-09-17T11:47:00Z,2026-09-17T13:47:00+02:00,55,ajuntament-mercat,237,70,167,70.5
2026-09-17T11:48:00Z,2026-09-17T13:48:00+02:00,53,dr-robert,407,101,306,75.2
2026-09-17T11:48:00Z,2026-09-17T13:48:00+02:00,54,placa-vella,297,91,206,69.4
2026-09-17T11:48:00Z,2026-09-17T13:48:00+02:00,55,ajuntament-mercat,237,70,167,70.5
2026-09-17T11:49:00Z,2026-09-17T13:49:00+02:00,53,dr-robert,407,101,306,75.2
2026-09-17T11:49:00Z,2026-09-17T13:49:00+02:00,54,placa-vella,297,91,206,69.4
2026-09-17T11:49:00Z,2026-09-17T13:49:00+02:00,55,ajuntament-mercat,237,70,167,70.5
2026-09-17T11:50:00Z,2026-09-17T13:50:00+02:00,53,dr-robert,407,111,296,72.7
2026-09-17T11:50:00Z,2026-09-17T13:50:00+02:00,54,placa-vella,297,97,200,67.3
2026-09-17T11:50:00Z,2026-09-17T13:50:00+02:00,55,ajuntament-mercat,237,72,165,69.6
2026-09-17T11:51:00Z,2026-09-17T13:51:00+02:00,53,dr-robert,407,111,296,72.7
2026-09-17T11:51:00Z,2026-09-17T13:51:00+02:00,54,placa-vella,297,97,200,67.3
2026-09-17T11:51:00Z,2026-09-17T13:51:00+02:00,55,ajuntament-mercat,237,72,165,69.6
2026-09-17T11:52:00Z,2026-09-17T13:52:00+02:00,53,dr-robert,407,111,296,72.7
2026-09-17T11:52:00Z,2026-09-17T13:52:00+02:00,54,placa-vella,297,97,200,67.3
2026-09-17T11:52:00Z,2026-09-17T13:52:00+02:00,55,ajuntament-mercat,237,72,165,69.6
2026-09-17T11:53:00Z,2026-09-17T13:53:00+02:00,53,dr-robert,407,111,296,72.7
2026-09-17T11:53:00Z,2026-09-17T13:53:00+02:00,54,placa-vella,297,97,200,67.3
2026-09-17T11:53:00Z,2026-09-17T13:53:00+02:00,55,ajuntament-mercat,237,72,165,69.6
2026-09-17T11:54:00Z,2026-09-17T13:54:00+02:00,53,dr-robert,407,111,296,72.7
2026-09-17T11:54:00Z,2026-09-17T13:54:00+02:00,54,placa-vella,297,97,200,67.3
2026-09-17T11:54:00Z,2026-09-17T13:54:00+02:00,55,ajuntament-mercat,237,72,165,69.6
2026-09-17T11:55:00Z,2026-09-17T13:55:00+02:00,53,dr-robert,407,114,293,72
2026-09-17T11:55:00Z,2026-09-17T13:55:00+02:00,54,placa-vella,297,94,203,68.4
2026-09-17T11:55:00Z,2026-09-17T13:55:00+02:00,55,ajuntament-mercat,237,77,160,67.5
2026-09-17T11:56:00Z,2026-09-17T13:56:00+02:00,53,dr-robert,407,114,293,72
2026-09-17T11:56:00Z,2026-09-17T13:56:00+02:00,54,placa-vella,297,94,203,68.4
2026-09-17T11:56:00Z,2026-09-17T13:56:00+02:00,55,ajuntament-mercat,237,77,160,67.5
2026-09-17T11:57:00Z,2026-09-17T13:57:00+02:00,53,dr-robert,407,114,293,72
2026-09-17T11:57:00Z,2026-09-17T13:57:00+02:00,54,placa-vella,297,94,203,68.4
2026-09-17T11:57:00Z,2026-09-17T13:57:00+02:00,55,ajuntament-mercat,237,77,160,67.5
2026-09-17T11:58:00Z,2026-09-17T13:58:00+02:00,53,dr-robert,407,114,293,72
2026-09-17T11:58:00Z,2026-09-17T13:58:00+02:00,54,placa-vella,297,94,203,68.4
2026-09-17T11:58:00Z,2026-09-17T13:58:00+02:00,55,ajuntament-mercat,237,77,160,67.5
2026-09-17T11:59:00Z,2026-09-17T13:59:00+02:00,53,dr-robert,407,114,293,72
2026-09-17T11:59:00Z,2026-09-17T13:59:00+02:00,54,placa-vella,297,94,203,68.4
2026-09-17T11:59:00Z,2026-09-17T13:59:00+02:00,55,ajuntament-mercat,237,77,160,67.5
2026-09-17T12:00:00Z,2026-09-17T14:00:00+02:00,53,dr-robert,407,114,293,72
2026-09-17T12:00:00Z,2026-09-17T14:00:00+02:00,54,placa-vella,297,96,201,67.7
2026-09-17T12:00:00Z,2026-09-17T14:00:00+02:00,55,ajuntament-mercat,237,81,156,65.8
2026-09-17T12:01:00Z,2026-09-17T14:01:00+02:00,53,dr-robert,407,114,293,72
2026-09-17T12:01:00Z,2026-09-17T14:01:00+02:00,54,placa-vella,297,96,201,67.7
2026-09-17T12:01:00Z,2026-09-17T14:01:00+02:00,55,ajuntament-mercat,237,81,156,65.8
2026-09-17T12:02:00Z,2026-09-17T14:02:00+02:00,53,dr-robert,407,114,293,72
2026-09-17T12:02:00Z,2026-09-17T14:02:00+02:00,54,placa-vella,297,96,201,67.7
2026-09-17T12:02:00Z,2026-09-17T14:02:00+02:00,55,ajuntament-mercat,237,81,156,65.8
2026-09-17T12:03:00Z,2026-09-17T14:03:00+02:00,53,dr-robert,407,114,293,72
2026-09-17T12:03:00Z,2026-09-17T14:03:00+02:00,54,placa-vella,297,96,201,67.7
2026-09-17T12:03:00Z,2026-09-17T14:03:00+02:00,55,ajuntament-mercat,237,81,156,65.8
2026-09-17T12:04:00Z,2026-09-17T14:04:00+02:00,53,dr-robert,407,114,293,72
2026-09-17T12:04:00Z,2026-09-17T14:04:00+02:00,54,placa-vella,297,96,201,67.7
2026-09-17T12:04:00Z,2026-09-17T14:04:00+02:00,55,ajuntament-mercat,237,81,156,65.8
2026-09-17T12:05:00Z,2026-09-17T14:05:00+02:00,53,dr-robert,407,113,294,72.2
2026-09-17T12:05:00Z,2026-09-17T14:05:00+02:00,54,placa-vella,297,96,201,67.7
2026-09-17T12:05:00Z,2026-09-17T14:05:00+02:00,55,ajuntament-mercat,237,82,155,65.4
2026-09-17T12:06:00Z,2026-09-17T14:06:00+02:00,53,dr-robert,407,113,294,72.2
2026-09-17T12:06:00Z,2026-09-17T14:06:00+02:00,54,placa-vella,297,96,201,67.7
2026-09-17T12:06:00Z,2026-09-17T14:06:00+02:00,55,ajuntament-mercat,237,82,155,65.4
2026-09-17T12:07:00Z,2026-09-17T14:07:00+02:00,53,dr-robert,407,113,294,72.2
2026-09-17T12:07:00Z,2026-09-17T14:07:00+02:00,54,placa-vella,297,96,201,67.7
2026-09-17T12:07:00Z,2026-09-17T14:07:00+02:00,55,ajuntament-mercat,237,82,155,65.4
2026-09-17T12:08:00Z,2026-09-17T14:08:00+02:00,53,dr-robert,407,113,294,72.2
2026-09-17T12:08:00Z,2026-09-17T14:08:00+02:00,54,placa-vella,297,96,201,67.7
2026-09-17T12:08:00Z,2026-09-17T14:08:00+02:00,55,ajuntament-mercat,237,82,155,65.4
2026-09-17T12:09:00Z,2026-09-17T14:09:00+02:00,53,dr-robert,407,113,294,72.2
2026-09-17T12:09:00Z,2026-09-17T14:09:00+02:00,54,placa-vella,297,96,201,67.7
2026-09-17T12:09:00Z,2026-09-17T14:09:00+02:00,55,ajuntament-mercat,237,82,155,65.4
2026-09-17T12:10:00Z,2026-09-17T14:10:00+02:00,53,dr-robert,407,119,288,70.8
2026-09-17T12:10:00Z,2026-09-17T14:10:00+02:00,54,placa-vella,297,100,197,66.3
2026-09-17T12:10:00Z,2026-09-17T14:10:00+02:00,55,ajuntament-mercat,237,83,154,65
2026-09-17T12:11:00Z,2026-09-17T14:11:00+02:00,53,dr-robert,407,119,288,70.8
2026-09-17T12:11:00Z,2026-09-17T14:11:00+02:00,54,placa-vella,297,100,197,66.3
2026-09-17T12:11:00Z,2026-09-17T14:11:00+02:00,55,ajuntament-mercat,237,83,154,65
2026-09-17T12:12:00Z,2026-09-17T14:12:00+02:00,53,dr-robert,407,119,288,70.8
2026-09-17T12:12:00Z,2026-09-17T14:12:00+02:00,54,placa-vella,297,100,197,66.3
2026-09-17T12:12:00Z,2026-09-17T14:12:00+02:00,55,ajuntament-mercat,237,83,154,65
2026-09-17T12:13:00Z,2026-09-17T14:13:00+02:00,53,dr-robert,407,119,288,70.8
2026-09-17T12:13:00Z,2026-09-17T14:13:00+02:00,54,placa-vella,297,100,197,66.3
2026-09-17T12:13:00Z,2026-09-17T14:13:00+02:00,55,ajuntament-mercat,237,83,154,65
2026-09-17T12:14:00Z,2026-09-17T14:14:00+02:00,53,dr-robert,407,119,288,70.8
2026-09-17T12:14:00Z,2026-09-17T14:14:00+02:00,54,placa-vella,297,100,197,66.3
2026-09-17T12:14:00Z,2026-09-17T14:14:00+02:00,55,ajuntament-mercat,237,83,154,65
2026-09-17T12:15:00Z,2026-09-17T14:15:00+02:00,53,dr-robert,407,114,293,72
2026-09-17T12:15:00Z,2026-09-17T14:15:00+02:00,54,placa-vella,297,102,195,65.7
2026-09-17T12:15:00Z,2026-09-17T14:15:00+02:00,55,ajuntament-mercat,237,88,149,62.9
2026-09-17T12:16:00Z,2026-09-17T14:16:00+02:00,53,dr-robert,407,114,293,72
2026-09-17T12:16:00Z,2026-09-17T14:16:00+02:00,54,placa-vella,297,102,195,65.7
2026-09-17T12:16:00Z,2026-09-17T14:16:00+02:00,55,ajuntament-mercat,237,88,149,62.9
2026-09-17T12:17:00Z,2026-09-17T14:17:00+02:00,53,dr-robert,407,114,293,72
2026-09-17T12:17:00Z,2026-09-17T14:17:00+02:00,54,placa-vella,297,102,195,65.7
2026-09-17T12:17:00Z,2026-09-17T14:17:00+02:00,55,ajuntament-mercat,237,88,149,62.9
2026-09-17T12:18:00Z,2026-09-17T14:18:00+02:00,53,dr-robert,407,114,293,72
2026-09-17T12:18:00Z,2026-09-17T14:18:00+02:00,54,placa-vella,297,102,195,65.7
2026-09-17T12:18:00Z,2026-09-17T14:18:00+02:00,55,ajuntament-mercat,237,88,149,62.9
2026-09-17T12:19:00Z,2026-09-17T14:19:00+02:00,53,dr-robert,407,114,293,72
2026-09-17T12:19:00Z,2026-09-17T14:19:00+02:00,54,placa-vella,297,102,195,65.7
2026-09-17T12:19:00Z,2026-09-17T14:19:00+02:00,55,ajuntament-mercat,237,88,149,62.9
2026-09-17T12:20:00Z,2026-09-17T14:20:00+02:00,53,dr-robert,407,114,293,72
2026-09-17T12:20:00Z,2026-09-17T14:20:00+02:00,54,placa-vella,297,106,191,64.3
2026-09-17T12:20:00Z,2026-09-17T14:20:00+02:00,55,ajuntament-mercat,237,89,148,62.4
2026-09-17T12:21:00Z,2026-09-17T14:21:00+02:00,53,dr-robert,407,114,293,72
2026-09-17T12:21:00Z,2026-09-17T14:21:00+02:00,54,placa-vella,297,106,191,64.3
2026-09-17T12:21:00Z,2026-09-17T14:21:00+02:00,55,ajuntament-mercat,237,89,148,62.4
2026-09-17T12:22:00Z,2026-09-17T14:22:00+02:00,53,dr-robert,407,114,293,72
2026-09-17T12:22:00Z,2026-09-17T14:22:00+02:00,54,placa-vella,297,106,191,64.3
2026-09-17T12:22:00Z,2026-09-17T14:22:00+02:00,55,ajuntament-mercat,237,89,148,62.4
2026-09-17T12:23:00Z,2026-09-17T14:23:00+02:00,53,dr-robert,407,114,293,72
2026-09-17T12:23:00Z,2026-09-17T14:23:00+02:00,54,placa-vella,297,106,191,64.3
2026-09-17T12:23:00Z,2026-09-17T14:23:00+02:00,55,ajuntament-mercat,237,89,148,62.4
2026-09-17T12:24:00Z,2026-09-17T14:24:00+02:00,53,dr-robert,407,114,293,72
2026-09-17T12:24:00Z,2026-09-17T14:24:00+02:00,54,placa-vella,297,106,191,64.3
2026-09-17T12:24:00Z,2026-09-17T14:24:00+02:00,55,ajuntament-mercat,237,89,148,62.4
2026-09-17T12:25:00Z,2026-09-17T14:25:00+02:00,53,dr-robert,407,115,292,71.7
2026-09-17T12:25:00Z,2026-09-17T14:25:00+02:00,54,placa-vella,297,108,189,63.6
2026-09-17T12:25:00Z,2026-09-17T14:25:00+02:00,55,ajuntament-mercat,237,92,145,61.2
2026-09-17T12:26:00Z,2026-09-17T14:26:00+02:00,53,dr-robert,407,115,292,71.7
2026-09-17T12:26:00Z,2026-09-17T14:26:00+02:00,54,placa-vella,297,108,189,63.6
2026-09-17T12:26:00Z,2026-09-17T14:26:00+02:00,55,ajuntament-mercat,237,92,145,61.2
2026-09-17T12:27:00Z,2026-09-17T14:27:00+02:00,53,dr-robert,407,115,292,71.7
2026-09-17T12:27:00Z,2026-09-17T14:27:00+02:00,54,placa-vella,297,108,189,63.6
2026-09-17T12:27:00Z,2026-09-17T14:27:00+02:00,55,ajuntament-mercat,237,92,145,61.2
2026-09-17T12:28:00Z,2026-09-17T14:28:00+02:00,53,dr-robert,407,115,292,71.7
2026-09-17T12:28:00Z,2026-09-17T14:28:00+02:00,54,placa-vella,297,108,189,63.6
2026-09-17T12:28:00Z,2026-09-17T14:28:00+02:00,55,ajuntament-mercat,237,92,145,61.2
2026-09-17T12:29:00Z,2026-09-17T14:29:00+02:00,53,dr-robert,407,115,292,71.7
2026-09-17T12:29:00Z,2026-09-17T14:29:00+02:00,54,placa-vella,297,108,189,63.6
2026-09-17T12:29:00Z,2026-09-17T14:29:00+02:00,55,ajuntament-mercat,237,92,145,61.2
2026-09-17T12:30:00Z,2026-09-17T14:30:00+02:00,53,dr-robert,407,121,286,70.3
2026-09-17T12:30:00Z,2026-09-17T14:30:00+02:00,54,placa-vella,297,111,186,62.6
2026-09-17T12:30:00Z,2026-09-17T14:30:00+02:00,55,ajuntament-mercat,237,93,144,60.8
2026-09-17T12:31:00Z,2026-09-17T14:31:00+02:00,53,dr-robert,407,121,286,70.3
2026-09-17T12:31:00Z,2026-09-17T14:31:00+02:00,54,placa-vella,297,111,186,62.6
2026-09-17T12:31:00Z,2026-09-17T14:31:00+02:00,55,ajuntament-mercat,237,93,144,60.8
2026-09-17T12:32:00Z,2026-09-17T14:32:00+02:00,53,dr-robert,407,121,286,70.3
2026-09-17T12:32:00Z,2026-09-17T14:32:00+02:00,54,placa-vella,297,111,186,62.6
2026-09-17T12:32:00Z,2026-09-17T14:32:00+02:00,55,ajuntament-mercat,237,93,144,60.8
2026-09-17T12:33:00Z,2026-09-17T14:33:00+02:00,53,dr-robert,407,121,286,70.3
2026-09-17T12:33:00Z,2026-09-17T14:33:00+02:00,54,placa-vella,297,111,186,62.6
2026-09-17T12:33:00Z,2026-09-17T14:33:00+02:00,55,ajuntament-mercat,237,93,144,60.8
2026-09-17T12:34:00Z,2026-09-17T14:34:00+02:00,53,dr-robert,407,121,286,70.3
2026-09-17T12:34:00Z,2026-09-17T14:34:00+02:00,54,placa-vella,297,111,186,62.6
2026-09-17T12:34:00Z,2026-09-17T14:34:00+02:00,55,ajuntament-mercat,237,93,144,60.8
2026-09-17T12:35:00Z,2026-09-17T14:35:00+02:00,53,dr-robert,407,123,284,69.8
2026-09-17T12:35:00Z,2026-09-17T14:35:00+02:00,54,placa-vella,297,112,185,62.3
2026-09-17T12:35:00Z,2026-09-17T14:35:00+02:00,55,ajuntament-mercat,237,95,142,59.9
2026-09-17T12:36:00Z,2026-09-17T14:36:00+02:00,53,dr-robert,407,123,284,69.8
2026-09-17T12:36:00Z,2026-09-17T14:36:00+02:00,54,placa-vella,297,112,185,62.3
2026-09-17T12:36:00Z,2026-09-17T14:36:00+02:00,55,ajuntament-mercat,237,95,142,59.9
2026-09-17T12:37:00Z,2026-09-17T14:37:00+02:00,53,dr-robert,407,123,284,69.8
2026-09-17T12:37:00Z,2026-09-17T14:37:00+02:00,54,placa-vella,297,112,185,62.3
2026-09-17T12:37:00Z,2026-09-17T14:37:00+02:00,55,ajuntament-mercat,237,95,142,59.9
2026-09-17T12:38:00Z,2026-09-17T14:38:00+02:00,53,dr-robert,407,123,284,69.8
2026-09-17T12:38:00Z,2026-09-17T14:38:00+02:00,54,placa-vella,297,112,185,62.3
2026-09-17T12:38:00Z,2026-09-17T14:38:00+02:00,55,ajuntament-mercat,237,95,142,59.9
2026-09-17T12:39:00Z,2026-09-17T14:39:00+02:00,53,dr-robert,407,123,284,69.8
2026-09-17T12:39:00Z,2026-09-17T14:39:00+02:00,54,placa-vella,297,112,185,62.3
2026-09-17T12:39:00Z,2026-09-17T14:39:00+02:00,55,ajuntament-mercat,237,95,142,59.9
2026-09-17T12:40:00Z,2026-09-17T14:40:00+02:00,53,dr-robert,407,119,288,70.8
2026-09-17T12:40:00Z,2026-09-17T14:40:00+02:00,54,placa-vella,297,112,185,62.3
2026-09-17T12:40:00Z,2026-09-17T14:40:00+02:00,55,ajuntament-mercat,237,96,141,59.5
2026-09-17T12:41:00Z,2026-09-17T14:41:00+02:00,53,dr-robert,407,119,288,70.8
2026-09-17T12:41:00Z,2026-09-17T14:41:00+02:00,54,placa-vella,297,112,185,62.3
2026-09-17T12:41:00Z,2026-09-17T14:41:00+02:00,55,ajuntament-mercat,237,96,141,59.5
2026-09-17T12:42:00Z,2026-09-17T14:42:00+02:00,53,dr-robert,407,119,288,70.8
2026-09-17T12:42:00Z,2026-09-17T14:42:00+02:00,54,placa-vella,297,112,185,62.3
2026-09-17T12:42:00Z,2026-09-17T14:42:00+02:00,55,ajuntament-mercat,237,96,141,59.5
2026-09-17T12:43:00Z,2026-09-17T14:43:00+02:00,53,dr-robert,407,119,288,70.8
2026-09-17T12:43:00Z,2026-09-17T14:43:00+02:00,54,placa-vella,297,112,185,62.3
2026-09-17T12:43:00Z,2026-09-17T14:43:00+02:00,55,ajuntament-mercat,237,96,141,59.5
2026-09-17T12:44:00Z,2026-09-17T14:44:00+02:00,53,dr-robert,407,119,288,70.8
2026-09-17T12:44:00Z,2026-09-17T14:44:00+02:00,54,placa-vella,297,112,185,62.3
2026-09-17T12:44:00Z,2026-09-17T14:44:00+02:00,55,ajuntament-mercat,237,96,141,59.5
2026-09-17T12:45:00Z,2026-09-17T14:45:00+02:00,53,dr-robert,407,127,280,68.8
2026-09-17T12:45:00Z,2026-09-17T14:45:00+02:00,54,placa-vella,297,117,180,60.6
2026-09-17T12:45:00Z,2026-09-17T14:45:00+02:00,55,ajuntament-mercat,237,99,138,58.2
2026-09-17T12:46:00Z,2026-09-17T14:46:00+02:00,53,dr-robert,407,127,280,68.8
2026-09-17T12:46:00Z,2026-09-17T14:46:00+02:00,54,placa-vella,297,117,180,60.6
2026-09-17T12:46:00Z,2026-09-17T14:46:00+02:00,55,ajuntament-mercat,237,99,138,58.2
2026-09-17T12:47:00Z,2026-09-17T14:47:00+02:00,53,dr-robert,407,127,280,68.8
2026-09-17T12:47:00Z,2026-09-17T14:47:00+02:00,54,placa-vella,297,117,180,60.6
2026-09-17T12:47:00Z,2026-09-17T14:47:00+02:00,55,ajuntament-mercat,237,99,138,58.2
2026-09-17T12:48:00Z,2026-09-17T14:48:00+02:00,53,dr-robert,407,127,280,68.8
2026-09-17T12:48:00Z,2026-09-17T14:48:00+02:00,54,placa-vella,297,117,180,60.6
2026-09-17T12:48:00Z,2026-09-17T14:48:00+02:00,55,ajuntament-mercat,237,99,138,58.2
2026-09-17T12:49:00Z,2026-09-17T14:49:00+02:00,53,dr-robert,407,127,280,68.8
2026-09-17T12:49:00Z,2026-09-17T14:49:00+02:00,54,placa-vella,297,117,180,60.6
2026-09-17T12:49:00Z,2026-09-17T14:49:00+02:00,55,ajuntament-mercat,237,99,138,58.2
2026-09-17T12:50:00Z,2026-09-17T14:50:00+02:00,53,dr-robert,407,131,276,67.8
2026-09-17T12:50:00Z,2026-09-17T14:50:00+02:00,54,placa-vella,297,120,177,59.6
2026-09-17T12:50:00Z,2026-09-17T14:50:00+02:00,55,ajuntament-mercat,237,105,132,55.7
2026-09-17T12:51:00Z,2026-09-17T14:51:00+02:00,53,dr-robert,407,131,276,67.8
2026-09-17T12:51:00Z,2026-09-17T14:51:00+02:00,54,placa-vella,297,120,177,59.6
2026-09-17T12:51:00Z,2026-09-17T14:51:00+02:00,55,ajuntament-mercat,237,105,132,55.7
2026-09-17T12:52:00Z,2026-09-17T14:52:00+02:00,53,dr-robert,407,131,276,67.8
2026-09-17T12:52:00Z,2026-09-17T14:52:00+02:00,54,placa-vella,297,120,177,59.6
2026-09-17T12:52:00Z,2026-09-17T14:52:00+02:00,55,ajuntament-mercat,237,105,132,55.7
2026-09-17T12:53:00Z,2026-09-17T14:53:00+02:00,53,dr-robert,407,131,276,67.8
2026-09-17T12:53:00Z,2026-09-17T14:53:00+02:00,54,placa-vella,297,120,177,59.6
2026-09-17T12:53:00Z,2026-09-17T14:53:00+02:00,55,ajuntament-mercat,237,105,132,55.7
2026-09-17T12:54:00Z,2026-09-17T14:54:00+02:00,53,dr-robert,407,131,276,67.8
2026-09-17T12:54:00Z,2026-09-17T14:54:00+02:00,54,placa-vella,297,120,177,59.6
2026-09-17T12:54:00Z,2026-09-17T14:54:00+02:00,55,ajuntament-mercat,237,105,132,55.7
2026-09-17T12:55:00Z,2026-09-17T14:55:00+02:00,53,dr-robert,407,131,276,67.8
2026-09-17T12:55:00Z,2026-09-17T14:55:00+02:00,54,placa-vella,297,117,180,60.6
2026-09-17T12:55:00Z,2026-09-17T14:55:00+02:00,55,ajuntament-mercat,237,104,133,56.1
2026-09-17T12:56:00Z,2026-09-17T14:56:00+02:00,53,dr-robert,407,131,276,67.8
2026-09-17T12:56:00Z,2026-09-17T14:56:00+02:00,54,placa-vella,297,117,180,60.6
2026-09-17T12:56:00Z,2026-09-17T14:56:00+02:00,55,ajuntament-mercat,237,104,133,56.1
2026-09-17T12:57:00Z,2026-09-17T14:57:00+02:00,53,dr-robert,407,131,276,67.8
2026-09-17T12:57:00Z,2026-09-17T14:57:00+02:00,54,placa-vella,297,117,180,60.6
2026-09-17T12:57:00Z,2026-09-17T14:57:00+02:00,55,ajuntament-mercat,237,104,133,56.1
2026-09-17T12:58:00Z,2026-09-17T14:58:00+02:00,53,dr-robert,407,131,276,67.8
2026-09-17T12:58:00Z,2026-09-17T14:58:00+02:00,54,placa-vella,297,117,180,60.6
2026-09-17T12:58:00Z,2026-09-17T14:58:00+02:00,55,ajuntament-mercat,237,104,133,56.1
2026-09-17T12:59:00Z,2026-09-17T14:59:00+02:00,53,dr-robert,407,131,276,67.8
2026-09-17T12:59:00Z,2026-09-17T14:59:00+02:00,54,placa-vella,297,117,180,60.6
2026-09-17T12:59:00Z,2026-09-17T14:59:00+02:00,55,ajuntament-mercat,237,104,133,56.1
2026-09-17T13:00:00Z,2026-09-17T15:00:00+02:00,53,dr-robert,407,129,278,68.3
2026-09-17T13:00:00Z,2026-09-17T15:00:00+02:00,54,placa-vella,297,117,180,60.6
2026-09-17T13:00:00Z,2026-09-17T15:00:00+02:00,55,ajuntament-mercat,237,106,131,55.3
2026-09-17T13:01:00Z,2026-09-17T15:01:00+02:00,53,dr-robert,407,129,278,68.3
2026-09-17T13:01:00Z,2026-09-17T15:01:00+02:00,54,placa-vella,297,117,180,60.6
2026-09-17T13:01:00Z,2026-09-17T15:01:00+02:00,55,ajuntament-mercat,237,106,131,55.3
2026-09-17T13:02:00Z,2026-09-17T15:02:00+02:00,53,dr-robert,407,129,278,68.3
2026-09-17T13:02:00Z,2026-09-17T15:02:00+02:00,54,placa-vella,297,117,180,60.6
2026-09-17T13:02:00Z,2026-09-17T15:02:00+02:00,55,ajuntament-mercat,237,106,131,55.3
2026-09-17T13:03:00Z,2026-09-17T15:03:00+02:00,53,dr-robert,407,129,278,68.3
2026-09-17T13:03:00Z,2026-09-17T15:03:00+02:00,54,placa-vella,297,117,180,60.6
2026-09-17T13:03:00Z,2026-09-17T15:03:00+02:00,55,ajuntament-mercat,237,106,131,55.3
2026-09-17T13:04:00Z,2026-09-17T15:04:00+02:00,53,dr-robert,407,129,278,68.3
2026-09-17T13:04:00Z,2026-09-17T15:04:00+02:00,54,placa-vella,297,117,180,60.6
2026-09-17T13:04:00Z,2026-09-17T15:04:00+02:00,55,ajuntament-mercat,237,106,131,55.3
2026-09-17T13:05:00Z,2026-09-17T15:05:00+02:00,53,dr-robert,407,128,279,68.6
2026-09-17T13:05:00Z,2026-09-17T15:05:00+02:00,54,placa-vella,297,118,179,60.3
2026-09-17T13:05:00Z,2026-09-17T15:05:00+02:00,55,ajuntament-mercat,237,108,129,54.4
2026-09-17T13:06:00Z,2026-09-17T15:06:00+02:00,53,dr-robert,407,128,279,68.6
2026-09-17T13:06:00Z,2026-09-17T15:06:00+02:00,54,placa-vella,297,118,179,60.3
2026-09-17T13:06:00Z,2026-09-17T15:06:00+02:00,55,ajuntament-mercat,237,108,129,54.4
2026-09-17T13:07:00Z,2026-09-17T15:07:00+02:00,53,dr-robert,407,128,279,68.6
2026-09-17T13:07:00Z,2026-09-17T15:07:00+02:00,54,placa-vella,297,118,179,60.3
2026-09-17T13:07:00Z,2026-09-17T15:07:00+02:00,55,ajuntament-mercat,237,108,129,54.4
2026-09-17T13:08:00Z,2026-09-17T15:08:00+02:00,53,dr-robert,407,128,279,68.6
2026-09-17T13:08:00Z,2026-09-17T15:08:00+02:00,54,placa-vella,297,118,179,60.3
2026-09-17T13:08:00Z,2026-09-17T15:08:00+02:00,55,ajuntament-mercat,237,108,129,54.4
2026-09-17T13:09:00Z,2026-09-17T15:09:00+02:00,53,dr-robert,407,128,279,68.6
2026-09-17T13:09:00Z,2026-09-17T15:09:00+02:00,54,placa-vella,297,118,179,60.3
2026-09-17T13:09:00Z,2026-09-17T15:09:00+02:00,55,ajuntament-mercat,237,108,129,54.4
2026-09-17T13:10:00Z,2026-09-17T15:10:00+02:00,53,dr-robert,407,132,275,67.6
2026-09-17T13:10:00Z,2026-09-17T15:10:00+02:00,54,placa-vella,297,123,174,58.6
2026-09-17T13:10:00Z,2026-09-17T15:10:00+02:00,55,ajuntament-mercat,237,110,127,53.6
2026-09-17T13:11:00Z,2026-09-17T15:11:00+02:00,53,dr-robert,407,132,275,67.6
2026-09-17T13:11:00Z,2026-09-17T15:11:00+02:00,54,placa-vella,297,123,174,58.6
2026-09-17T13:11:00Z,2026-09-17T15:11:00+02:00,55,ajuntament-mercat,237,110,127,53.6
2026-09-17T13:12:00Z,2026-09-17T15:12:00+02:00,53,dr-robert,407,132,275,67.6
2026-09-17T13:12:00Z,2026-09-17T15:12:00+02:00,54,placa-vella,297,123,174,58.6
2026-09-17T13:12:00Z,2026-09-17T15:12:00+02:00,55,ajuntament-mercat,237,110,127,53.6
2026-09-17T13:13:00Z,2026-09-17T15:13:00+02:00,53,dr-robert,407,132,275,67.6
2026-09-17T13:13:00Z,2026-09-17T15:13:00+02:00,54,placa-vella,297,123,174,58.6
2026-09-17T13:13:00Z,2026-09-17T15:13:00+02:00,55,ajuntament-mercat,237,110,127,53.6
2026-09-17T13:14:00Z,2026-09-17T15:14:00+02:00,53,dr-robert,407,132,275,67.6
2026-09-17T13:14:00Z,2026-09-17T15:14:00+02:00,54,placa-vella,297,123,174,58.6
2026-09-17T13:14:00Z,2026-09-17T15:14:00+02:00,55,ajuntament-mercat,237,110,127,53.6
2026-09-17T13:15:00Z,2026-09-17T15:15:00+02:00,53,dr-robert,407,140,267,65.6
2026-09-17T13:15:00Z,2026-09-17T15:15:00+02:00,54,placa-vella,297,122,175,58.9
2026-09-17T13:15:00Z,2026-09-17T15:15:00+02:00,55,ajuntament-mercat,237,113,124,52.3
2026-09-17T13:16:00Z,2026-09-17T15:16:00+02:00,53,dr-robert,407,140,267,65.6
2026-09-17T13:16:00Z,2026-09-17T15:16:00+02:00,54,placa-vella,297,122,175,58.9
2026-09-17T13:16:00Z,2026-09-17T15:16:00+02:00,55,ajuntament-mercat,237,113,124,52.3
2026-09-17T13:17:00Z,2026-09-17T15:17:00+02:00,53,dr-robert,407,140,267,65.6
2026-09-17T13:17:00Z,2026-09-17T15:17:00+02:00,54,placa-vella,297,122,175,58.9
2026-09-17T13:17:00Z,2026-09-17T15:17:00+02:00,55,ajuntament-mercat,237,113,124,52.3
2026-09-17T13:18:00Z,2026-09-17T15:18:00+02:00,53,dr-robert,407,140,267,65.6
2026-09-17T13:18:00Z,2026-09-17T15:18:00+02:00,54,placa-vella,297,122,175,58.9
2026-09-17T13:18:00Z,2026-09-17T15:18:00+02:00,55,ajuntament-mercat,237,113,124,52.3
2026-09-17T13:19:00Z,2026-09-17T15:19:00+02:00,53,dr-robert,407,140,267,65.6
2026-09-17T13:19:00Z,2026-09-17T15:19:00+02:00,54,placa-vella,297,122,175,58.9
2026-09-17T13:19:00Z,2026-09-17T15:19:00+02:00,55,ajuntament-mercat,237,113,124,52.3
2026-09-17T13:20:00Z,2026-09-17T15:20:00+02:00,53,dr-robert,407,141,266,65.4
2026-09-17T13:20:00Z,2026-09-17T15:20:00+02:00,54,placa-vella,297,128,169,56.9
2026-09-17T13:20:00Z,2026-09-17T15:20:00+02:00,55,ajuntament-mercat,237,113,124,52.3
2026-09-17T13:21:00Z,2026-09-17T15:21:00+02:00,53,dr-robert,407,141,266,65.4
2026-09-17T13:21:00Z,2026-09-17T15:21:00+02:00,54,placa-vella,297,128,169,56.9
2026-09-17T13:21:00Z,2026-09-17T15:21:00+02:00,55,ajuntament-mercat,237,113,124,52.3
2026-09-17T13:22:00Z,2026-09-17T15:22:00+02:00,53,dr-robert,407,141,266,65.4
2026-09-17T13:22:00Z,2026-09-17T15:22:00+02:00,54,placa-vella,297,128,169,56.9
2026-09-17T13:22:00Z,2026-09-17T15:22:00+02:00,55,ajuntament-mercat,237,113,124,52.3
2026-09-17T13:23:00Z,2026-09-17T15:23:00+02:00,53,dr-robert,407,141,266,65.4
2026-09-17T13:23:00Z,2026-09-17T15:23:00+02:00,54,placa-vella,297,128,169,56.9
2026-09-17T13:23:00Z,2026-09-17T15:23:00+02:00,55,ajuntament-mercat,237,113,124,52.3
2026-09-17T13:24:00Z,2026-09-17T15:24:00+02:00,53,dr-robert,407,141,266,65.4
2026-09-17T13:24:00Z,2026-09-17T15:24:00+02:00,54,placa-vella,297,128,169,56.9
2026-09-17T13:24:00Z,2026-09-17T15:24:00+02:00,55,ajuntament-mercat,237,113,124,52.3
2026-09-17T13:25:00Z,2026-09-17T15:25:00+02:00,53,dr-robert,407,144,263,64.6
2026-09-17T13:25:00Z,2026-09-17T15:25:00+02:00,54,placa-vella,297,129,168,56.6
2026-09-17T13:25:00Z,2026-09-17T15:25:00+02:00,55,ajuntament-mercat,237,115,122,51.5
2026-09-17T13:26:00Z,2026-09-17T15:26:00+02:00,53,dr-robert,407,144,263,64.6
2026-09-17T13:26:00Z,2026-09-17T15:26:00+02:00,54,placa-vella,297,129,168,56.6
2026-09-17T13:26:00Z,2026-09-17T15:26:00+02:00,55,ajuntament-mercat,237,115,122,51.5
2026-09-17T13:27:00Z,2026-09-17T15:27:00+02:00,53,dr-robert,407,144,263,64.6
2026-09-17T13:27:00Z,2026-09-17T15:27:00+02:00,54,placa-vella,297,129,168,56.6
2026-09-17T13:27:00Z,2026-09-17T15:27:00+02:00,55,ajuntament-mercat,237,115,122,51.5
2026-09-17T13:28:00Z,2026-09-17T15:28:00+02:00,53,dr-robert,407,144,263,64.6
2026-09-17T13:28:00Z,2026-09-17T15:28:00+02:00,54,placa-vella,297,129,168,56.6
2026-09-17T13:28:00Z,2026-09-17T15:28:00+02:00,55,ajuntament-mercat,237,115,122,51.5
2026-09-17T13:29:00Z,2026-09-17T15:29:00+02:00,53,dr-robert,407,144,263,64.6
2026-09-17T13:29:00Z,2026-09-17T15:29:00+02:00,54,placa-vella,297,129,168,56.6
2026-09-17T13:29:00Z,2026-09-17T15:29:00+02:00,55,ajuntament-mercat,237,115,122,51.5
2026-09-17T13:30:00Z,2026-09-17T15:30:00+02:00,53,dr-robert,407,147,260,63.9
2026-09-17T13:30:00Z,2026-09-17T15:30:00+02:00,54,placa-vella,297,132,165,55.6
2026-09-17T13:30:00Z,2026-09-17T15:30:00+02:00,55,ajuntament-mercat,237,117,120,50.6
2026-09-17T13:31:00Z,2026-09-17T15:31:00+02:00,53,dr-robert,407,147,260,63.9
2026-09-17T13:31:00Z,2026-09-17T15:31:00+02:00,54,placa-vella,297,132,165,55.6
2026-09-17T13:31:00Z,2026-09-17T15:31:00+02:00,55,ajuntament-mercat,237,117,120,50.6
2026-09-17T13:32:00Z,2026-09-17T15:32:00+02:00,53,dr-robert,407,147,260,63.9
2026-09-17T13:32:00Z,2026-09-17T15:32:00+02:00,54,placa-vella,297,132,165,55.6
2026-09-17T13:32:00Z,2026-09-17T15:32:00+02:00,55,ajuntament-mercat,237,117,120,50.6
2026-09-17T13:33:00Z,2026-09-17T15:33:00+02:00,53,dr-robert,407,147,260,63.9
2026-09-17T13:33:00Z,2026-09-17T15:33:00+02:00,54,placa-vella,297,132,165,55.6
2026-09-17T13:33:00Z,2026-09-17T15:33:00+02:00,55,ajuntament-mercat,237,117,120,50.6
2026-09-17T13:34:00Z,2026-09-17T15:34:00+02:00,53,dr-robert,407,147,260,63.9
2026-09-17T13:34:00Z,2026-09-17T15:34:00+02:00,54,placa-vella,297,132,165,55.6
2026-09-17T13:34:00Z,2026-09-17T15:34:00+02:00,55,ajuntament-mercat,237,117,120,50.6
2026-09-17T13:35:00Z,2026-09-17T15:35:00+02:00,53,dr-robert,407,145,262,64.4
2026-09-17T13:35:00Z,2026-09-17T15:35:00+02:00,54,placa-vella,297,135,162,54.5
2026-09-17T13:35:00Z,2026-09-17T15:35:00+02:00,55,ajuntament-mercat,237,118,119,50.2
2026-09-17T13:36:00Z,2026-09-17T15:36:00+02:00,53,dr-robert,407,145,262,64.4
2026-09-17T13:36:00Z,2026-09-17T15:36:00+02:00,54,placa-vella,297,135,162,54.5
2026-09-17T13:36:00Z,2026-09-17T15:36:00+02:00,55,ajuntament-mercat,237,118,119,50.2
2026-09-17T13:37:00Z,2026-09-17T15:37:00+02:00,53,dr-robert,407,145,262,64.4
2026-09-17T13:37:00Z,2026-09-17T15:37:00+02:00,54,placa-vella,297,135,162,54.5
2026-09-17T13:37:00Z,2026-09-17T15:37:00+02:00,55,ajuntament-mercat,237,118,119,50.2
2026-09-17T13:38:00Z,2026-09-17T15:38:00+02:00,53,dr-robert,407,145,262,64.4
2026-09-17T13:38:00Z,2026-09-17T15:38:00+02:00,54,placa-vella,297,135,162,54.5
2026-09-17T13:38:00Z,2026-09-17T15:38:00+02:00,55,ajuntament-mercat,237,118,119,50.2
2026-09-17T13:39:00Z,2026-09-17T15:39:00+02:00,53,dr-robert,407,145,262,64.4
2026-09-17T13:39:00Z,2026-09-17T15:39:00+02:00,54,placa-vella,297,135,162,54.5
2026-09-17T13:39:00Z,2026-09-17T15:39:00+02:00,55,ajuntament-mercat,237,118,119,50.2
2026-09-17T13:40:00Z,2026-09-17T15:40:00+02:00,53,dr-robert,407,146,261,64.1
2026-09-17T13:40:00Z,2026-09-17T15:40:00+02:00,54,placa-vella,297,133,164,55.2
2026-09-17T13:40:00Z,2026-09-17T15:40:00+02:00,55,ajuntament-mercat,237,117,120,50.6
2026-09-17T13:41:00Z,2026-09-17T15:41:00+02:00,53,dr-robert,407,146,261,64.1
2026-09-17T13:41:00Z,2026-09-17T15:41:00+02:00,54,placa-vella,297,133,164,55.2
2026-09-17T13:41:00Z,2026-09-17T15:41:00+02:00,55,ajuntament-mercat,237,117,120,50.6
2026-09-17T13:42:00Z,2026-09-17T15:42:00+02:00,53,dr-robert,407,146,261,64.1
2026-09-17T13:42:00Z,2026-09-17T15:42:00+02:00,54,placa-vella,297,133,164,55.2
2026-09-17T13:42:00Z,2026-09-17T15:42:00+02:00,55,ajuntament-mercat,237,117,120,50.6
2026-09-17T13:43:00Z,2026-09-17T15:43:00+02:00,53,dr-robert,407,146,261,64.1
2026-09-17T13:43:00Z,2026-09-17T15:43:00+02:00,54,placa-vella,297,133,164,55.2
2026-09-17T13:43:00Z,2026-09-17T15:43:00+02:00,55,ajuntament-mercat,237,117,120,50.6
2026-09-17T13:44:00Z,2026-09-17T15:44:00+02:00,53,dr-robert,407,146,261,64.1
2026-09-17T13:44:00Z,2026-09-17T15:44:00+02:00,54,placa-vella,297,133,164,55.2
2026-09-17T13:44:00Z,2026-09-17T15:44:00+02:00,55,ajuntament-mercat,237,117,120,50.6
2026-09-17T13:45:00Z,2026-09-17T15:45:00+02:00,53,dr-robert,407,149,258,63.4
2026-09-17T13:45:00Z,2026-09-17T15:45:00+02:00,54,placa-vella,297,132,165,55.6
2026-09-17T13:45:00Z,2026-09-17T15:45:00+02:00,55,ajuntament-mercat,237,119,118,49.8
2026-09-17T13:46:00Z,2026-09-17T15:46:00+02:00,53,dr-robert,407,149,258,63.4
2026-09-17T13:46:00Z,2026-09-17T15:46:00+02:00,54,placa-vella,297,132,165,55.6
2026-09-17T13:46:00Z,2026-09-17T15:46:00+02:00,55,ajuntament-mercat,237,119,118,49.8
2026-09-17T13:47:00Z,2026-09-17T15:47:00+02:00,53,dr-robert,407,149,258,63.4
2026-09-17T13:47:00Z,2026-09-17T15:47:00+02:00,54,placa-vella,297,132,165,55.6
2026-09-17T13:47:00Z,2026-09-17T15:47:00+02:00,55,ajuntament-mercat,237,119,118,49.8
2026-09-17T13:48:00Z,2026-09-17T15:48:00+02:00,53,dr-robert,407,149,258,63.4
2026-09-17T13:48:00Z,2026-09-17T15:48:00+02:00,54,placa-vella,297,132,165,55.6
2026-09-17T13:48:00Z,2026-09-17T15:48:00+02:00,55,ajuntament-mercat,237,119,118,49.8
2026-09-17T13:49:00Z,2026-09-17T15:49:00+02:00,53,dr-robert,407,149,258,63.4
2026-09-17T13:49:00Z,2026-09-17T15:49:00+02:00,54,placa-vella,297,132,165,55.6
2026-09-17T13:49:00Z,2026-09-17T15:49:00+02:00,55,ajuntament-mercat,237,119,118,49.8
2026-09-17T13:50:00Z,2026-09-17T15:50:00+02:00,53,dr-robert,407,150,257,63.1
2026-09-17T13:50:00Z,2026-09-17T15:50:00+02:00,54,placa-vella,297,131,166,55.9
2026-09-17T13:50:00Z,2026-09-17T15:50:00+02:00,55,ajuntament-mercat,237,117,120,50.6
2026-09-17T13:51:00Z,2026-09-17T15:51:00+02:00,53,dr-robert,407,150,257,63.1
2026-09-17T13:51:00Z,2026-09-17T15:51:00+02:00,54,placa-vella,297,131,166,55.9
2026-09-17T13:51:00Z,2026-09-17T15:51:00+02:00,55,ajuntament-mercat,237,117,120,50.6
2026-09-17T13:52:00Z,2026-09-17T15:52:00+02:00,53,dr-robert,407,150,257,63.1
2026-09-17T13:52:00Z,2026-09-17T15:52:00+02:00,54,placa-vella,297,131,166,55.9
2026-09-17T13:52:00Z,2026-09-17T15:52:00+02:00,55,ajuntament-mercat,237,117,120,50.6
2026-09-17T13:53:00Z,2026-09-17T15:53:00+02:00,53,dr-robert,407,150,257,63.1
2026-09-17T13:53:00Z,2026-09-17T15:53:00+02:00,54,placa-vella,297,131,166,55.9
2026-09-17T13:53:00Z,2026-09-17T15:53:00+02:00,55,ajuntament-mercat,237,117,120,50.6
2026-09-17T13:54:00Z,2026-09-17T15:54:00+02:00,53,dr-robert,407,150,257,63.1
2026-09-17T13:54:00Z,2026-09-17T15:54:00+02:00,54,placa-vella,297,131,166,55.9
2026-09-17T13:54:00Z,2026-09-17T15:54:00+02:00,55,ajuntament-mercat,237,117,120,50.6
2026-09-17T13:55:00Z,2026-09-17T15:55:00+02:00,53,dr-robert,407,152,255,62.7
2026-09-17T13:55:00Z,2026-09-17T15:55:00+02:00,54,placa-vella,297,130,167,56.2
2026-09-17T13:55:00Z,2026-09-17T15:55:00+02:00,55,ajuntament-mercat,237,114,123,51.9
2026-09-17T13:56:00Z,2026-09-17T15:56:00+02:00,53,dr-robert,407,152,255,62.7
2026-09-17T13:56:00Z,2026-09-17T15:56:00+02:00,54,placa-vella,297,130,167,56.2
2026-09-17T13:56:00Z,2026-09-17T15:56:00+02:00,55,ajuntament-mercat,237,114,123,51.9
2026-09-17T13:57:00Z,2026-09-17T15:57:00+02:00,53,dr-robert,407,152,255,62.7
2026-09-17T13:57:00Z,2026-09-17T15:57:00+02:00,54,placa-vella,297,130,167,56.2
2026-09-17T13:57:00Z,2026-09-17T15:57:00+02:00,55,ajuntament-mercat,237,114,123,51.9
2026-09-17T13:58:00Z,2026-09-17T15:58:00+02:00,53,dr-robert,407,152,255,62.7
2026-09-17T13:58:00Z,2026-09-17T15:58:00+02:00,54,placa-vella,297,130,167,56.2
2026-09-17T13:58:00Z,2026-09-17T15:58:00+02:00,55,ajuntament-mercat,237,114,123,51.9
2026-09-17T13:59:00Z,2026-09-17T15:59:00+02:00,53,dr-robert,407,152,255,62.7
2026-09-17T13:59:00Z,2026-09-17T15:59:00+02:00,54,placa-vella,297,130,167,56.2
2026-09-17T13:59:00Z,2026-09-17T15:59:00+02:00,55,ajuntament-mercat,237,114,123,51.9
2026-09-17T14:00:00Z,2026-09-17T16:00:00+02:00,53,dr-robert,407,152,255,62.7
2026-09-17T14:00:00Z,2026-09-17T16:00:00+02:00,54,placa-vella,297,130,167,56.2
2026-09-17T14:00:00Z,2026-09-17T16:00:00+02:00,55,ajuntament-mercat,237,114,123,51.9
2026-09-17T14:01:00Z,2026-09-17T16:01:00+02:00,53,dr-robert,407,147,260,63.9
2026-09-17T14:01:00Z,2026-09-17T16:01:00+02:00,54,placa-vella,297,121,176,59.3
2026-09-17T14:01:00Z,2026-09-17T16:01:00+02:00,55,ajuntament-mercat,237,112,125,52.7
2026-09-17T14:02:00Z,2026-09-17T16:02:00+02:00,53,dr-robert,407,147,260,63.9
2026-09-17T14:02:00Z,2026-09-17T16:02:00+02:00,54,placa-vella,297,121,176,59.3
2026-09-17T14:02:00Z,2026-09-17T16:02:00+02:00,55,ajuntament-mercat,237,112,125,52.7
2026-09-17T14:03:00Z,2026-09-17T16:03:00+02:00,53,dr-robert,407,147,260,63.9
2026-09-17T14:03:00Z,2026-09-17T16:03:00+02:00,54,placa-vella,297,121,176,59.3
2026-09-17T14:03:00Z,2026-09-17T16:03:00+02:00,55,ajuntament-mercat,237,112,125,52.7
2026-09-17T14:04:00Z,2026-09-17T16:04:00+02:00,53,dr-robert,407,144,263,64.6
2026-09-17T14:04:00Z,2026-09-17T16:04:00+02:00,54,placa-vella,297,120,177,59.6
2026-09-17T14:04:00Z,2026-09-17T16:04:00+02:00,55,ajuntament-mercat,237,112,125,52.7
2026-09-17T14:05:00Z,2026-09-17T16:05:00+02:00,53,dr-robert,407,144,263,64.6
2026-09-17T14:05:00Z,2026-09-17T16:05:00+02:00,54,placa-vella,297,120,177,59.6
2026-09-17T14:05:00Z,2026-09-17T16:05:00+02:00,55,ajuntament-mercat,237,112,125,52.7
2026-09-17T14:06:00Z,2026-09-17T16:06:00+02:00,53,dr-robert,407,144,263,64.6
2026-09-17T14:06:00Z,2026-09-17T16:06:00+02:00,54,placa-vella,297,120,177,59.6
2026-09-17T14:06:00Z,2026-09-17T16:06:00+02:00,55,ajuntament-mercat,237,112,125,52.7
2026-09-17T14:07:00Z,2026-09-17T16:07:00+02:00,53,dr-robert,407,144,263,64.6
2026-09-17T14:07:00Z,2026-09-17T16:07:00+02:00,54,placa-vella,297,120,177,59.6
2026-09-17T14:07:00Z,2026-09-17T16:07:00+02:00,55,ajuntament-mercat,237,112,125,52.7
2026-09-17T14:08:00Z,2026-09-17T16:08:00+02:00,53,dr-robert,407,144,263,64.6
2026-09-17T14:08:00Z,2026-09-17T16:08:00+02:00,54,placa-vella,297,120,177,59.6
2026-09-17T14:08:00Z,2026-09-17T16:08:00+02:00,55,ajuntament-mercat,237,112,125,52.7
2026-09-17T14:09:00Z,2026-09-17T16:09:00+02:00,53,dr-robert,407,144,263,64.6
2026-09-17T14:09:00Z,2026-09-17T16:09:00+02:00,54,placa-vella,297,120,177,59.6
2026-09-17T14:09:00Z,2026-09-17T16:09:00+02:00,55,ajuntament-mercat,237,112,125,52.7
2026-09-17T14:10:00Z,2026-09-17T16:10:00+02:00,53,dr-robert,407,150,257,63.1
2026-09-17T14:10:00Z,2026-09-17T16:10:00+02:00,54,placa-vella,297,120,177,59.6
2026-09-17T14:10:00Z,2026-09-17T16:10:00+02:00,55,ajuntament-mercat,237,111,126,53.2
2026-09-17T14:11:00Z,2026-09-17T16:11:00+02:00,53,dr-robert,407,150,257,63.1
2026-09-17T14:11:00Z,2026-09-17T16:11:00+02:00,54,placa-vella,297,120,177,59.6
2026-09-17T14:11:00Z,2026-09-17T16:11:00+02:00,55,ajuntament-mercat,237,111,126,53.2
2026-09-17T14:12:00Z,2026-09-17T16:12:00+02:00,53,dr-robert,407,150,257,63.1
2026-09-17T14:12:00Z,2026-09-17T16:12:00+02:00,54,placa-vella,297,120,177,59.6
2026-09-17T14:12:00Z,2026-09-17T16:12:00+02:00,55,ajuntament-mercat,237,111,126,53.2
2026-09-17T14:13:00Z,2026-09-17T16:13:00+02:00,53,dr-robert,407,150,257,63.1
2026-09-17T14:13:00Z,2026-09-17T16:13:00+02:00,54,placa-vella,297,120,177,59.6
2026-09-17T14:13:00Z,2026-09-17T16:13:00+02:00,55,ajuntament-mercat,237,111,126,53.2
2026-09-17T14:14:00Z,2026-09-17T16:14:00+02:00,53,dr-robert,407,150,257,63.1
2026-09-17T14:14:00Z,2026-09-17T16:14:00+02:00,54,placa-vella,297,120,177,59.6
2026-09-17T14:14:00Z,2026-09-17T16:14:00+02:00,55,ajuntament-mercat,237,111,126,53.2
2026-09-17T14:15:00Z,2026-09-17T16:15:00+02:00,53,dr-robert,407,154,253,62.2
2026-09-17T14:15:00Z,2026-09-17T16:15:00+02:00,54,placa-vella,297,121,176,59.3
2026-09-17T14:15:00Z,2026-09-17T16:15:00+02:00,55,ajuntament-mercat,237,107,130,54.9
2026-09-17T14:16:00Z,2026-09-17T16:16:00+02:00,53,dr-robert,407,154,253,62.2
2026-09-17T14:16:00Z,2026-09-17T16:16:00+02:00,54,placa-vella,297,121,176,59.3
2026-09-17T14:16:00Z,2026-09-17T16:16:00+02:00,55,ajuntament-mercat,237,107,130,54.9
2026-09-17T14:17:00Z,2026-09-17T16:17:00+02:00,53,dr-robert,407,154,253,62.2
2026-09-17T14:17:00Z,2026-09-17T16:17:00+02:00,54,placa-vella,297,121,176,59.3
2026-09-17T14:17:00Z,2026-09-17T16:17:00+02:00,55,ajuntament-mercat,237,107,130,54.9
2026-09-17T14:18:00Z,2026-09-17T16:18:00+02:00,53,dr-robert,407,154,253,62.2
2026-09-17T14:18:00Z,2026-09-17T16:18:00+02:00,54,placa-vella,297,121,176,59.3
2026-09-17T14:18:00Z,2026-09-17T16:18:00+02:00,55,ajuntament-mercat,237,107,130,54.9
2026-09-17T14:19:00Z,2026-09-17T16:19:00+02:00,53,dr-robert,407,154,253,62.2
2026-09-17T14:19:00Z,2026-09-17T16:19:00+02:00,54,placa-vella,297,121,176,59.3
2026-09-17T14:19:00Z,2026-09-17T16:19:00+02:00,55,ajuntament-mercat,237,107,130,54.9
2026-09-17T14:20:00Z,2026-09-17T16:20:00+02:00,53,dr-robert,407,157,250,61.4
2026-09-17T14:20:00Z,2026-09-17T16:20:00+02:00,54,placa-vella,297,119,178,59.9
2026-09-17T14:20:00Z,2026-09-17T16:20:00+02:00,55,ajuntament-mercat,237,107,130,54.9
2026-09-17T14:21:00Z,2026-09-17T16:21:00+02:00,53,dr-robert,407,157,250,61.4
2026-09-17T14:21:00Z,2026-09-17T16:21:00+02:00,54,placa-vella,297,119,178,59.9
2026-09-17T14:21:00Z,2026-09-17T16:21:00+02:00,55,ajuntament-mercat,237,107,130,54.9
2026-09-17T14:22:00Z,2026-09-17T16:22:00+02:00,53,dr-robert,407,157,250,61.4
2026-09-17T14:22:00Z,2026-09-17T16:22:00+02:00,54,placa-vella,297,119,178,59.9
2026-09-17T14:22:00Z,2026-09-17T16:22:00+02:00,55,ajuntament-mercat,237,107,130,54.9
2026-09-17T14:23:00Z,2026-09-17T16:23:00+02:00,53,dr-robert,407,157,250,61.4
2026-09-17T14:23:00Z,2026-09-17T16:23:00+02:00,54,placa-vella,297,119,178,59.9
2026-09-17T14:23:00Z,2026-09-17T16:23:00+02:00,55,ajuntament-mercat,237,107,130,54.9
2026-09-17T14:24:00Z,2026-09-17T16:24:00+02:00,53,dr-robert,407,157,250,61.4
2026-09-17T14:24:00Z,2026-09-17T16:24:00+02:00,54,placa-vella,297,119,178,59.9
2026-09-17T14:24:00Z,2026-09-17T16:24:00+02:00,55,ajuntament-mercat,237,107,130,54.9
2026-09-17T14:25:00Z,2026-09-17T16:25:00+02:00,53,dr-robert,407,154,253,62.2
2026-09-17T14:25:00Z,2026-09-17T16:25:00+02:00,54,placa-vella,297,114,183,61.6
2026-09-17T14:25:00Z,2026-09-17T16:25:00+02:00,55,ajuntament-mercat,237,107,130,54.9
2026-09-17T14:26:00Z,2026-09-17T16:26:00+02:00,53,dr-robert,407,154,253,62.2
2026-09-17T14:26:00Z,2026-09-17T16:26:00+02:00,54,placa-vella,297,114,183,61.6
2026-09-17T14:26:00Z,2026-09-17T16:26:00+02:00,55,ajuntament-mercat,237,107,130,54.9
2026-09-17T14:27:00Z,2026-09-17T16:27:00+02:00,53,dr-robert,407,154,253,62.2
2026-09-17T14:27:00Z,2026-09-17T16:27:00+02:00,54,placa-vella,297,114,183,61.6
2026-09-17T14:27:00Z,2026-09-17T16:27:00+02:00,55,ajuntament-mercat,237,107,130,54.9
2026-09-17T14:28:00Z,2026-09-17T16:28:00+02:00,53,dr-robert,407,154,253,62.2
2026-09-17T14:28:00Z,2026-09-17T16:28:00+02:00,54,placa-vella,297,114,183,61.6
2026-09-17T14:28:00Z,2026-09-17T16:28:00+02:00,55,ajuntament-mercat,237,107,130,54.9
2026-09-17T14:29:00Z,2026-09-17T16:29:00+02:00,53,dr-robert,407,154,253,62.2
2026-09-17T14:29:00Z,2026-09-17T16:29:00+02:00,54,placa-vella,297,114,183,61.6
2026-09-17T14:29:00Z,2026-09-17T16:29:00+02:00,55,ajuntament-mercat,237,107,130,54.9
2026-09-17T14:30:00Z,2026-09-17T16:30:00+02:00,53,dr-robert,407,154,253,62.2
2026-09-17T14:30:00Z,2026-09-17T16:30:00+02:00,54,placa-vella,297,110,187,63
2026-09-17T14:30:00Z,2026-09-17T16:30:00+02:00,55,ajuntament-mercat,237,106,131,55.3
2026-09-17T14:31:00Z,2026-09-17T16:31:00+02:00,53,dr-robert,407,154,253,62.2
2026-09-17T14:31:00Z,2026-09-17T16:31:00+02:00,54,placa-vella,297,110,187,63
2026-09-17T14:31:00Z,2026-09-17T16:31:00+02:00,55,ajuntament-mercat,237,106,131,55.3
2026-09-17T14:32:00Z,2026-09-17T16:32:00+02:00,53,dr-robert,407,154,253,62.2
2026-09-17T14:32:00Z,2026-09-17T16:32:00+02:00,54,placa-vella,297,110,187,63
2026-09-17T14:32:00Z,2026-09-17T16:32:00+02:00,55,ajuntament-mercat,237,106,131,55.3
2026-09-17T14:33:00Z,2026-09-17T16:33:00+02:00,53,dr-robert,407,154,253,62.2
2026-09-17T14:33:00Z,2026-09-17T16:33:00+02:00,54,placa-vella,297,110,187,63
2026-09-17T14:33:00Z,2026-09-17T16:33:00+02:00,55,ajuntament-mercat,237,106,131,55.3
2026-09-17T14:34:00Z,2026-09-17T16:34:00+02:00,53,dr-robert,407,154,253,62.2
2026-09-17T14:34:00Z,2026-09-17T16:34:00+02:00,54,placa-vella,297,110,187,63
2026-09-17T14:34:00Z,2026-09-17T16:34:00+02:00,55,ajuntament-mercat,237,106,131,55.3
2026-09-17T14:35:00Z,2026-09-17T16:35:00+02:00,53,dr-robert,407,151,256,62.9
2026-09-17T14:35:00Z,2026-09-17T16:35:00+02:00,54,placa-vella,297,108,189,63.6
2026-09-17T14:35:00Z,2026-09-17T16:35:00+02:00,55,ajuntament-mercat,237,106,131,55.3
2026-09-17T14:36:00Z,2026-09-17T16:36:00+02:00,53,dr-robert,407,151,256,62.9
2026-09-17T14:36:00Z,2026-09-17T16:36:00+02:00,54,placa-vella,297,108,189,63.6
2026-09-17T14:36:00Z,2026-09-17T16:36:00+02:00,55,ajuntament-mercat,237,106,131,55.3
2026-09-17T14:37:00Z,2026-09-17T16:37:00+02:00,53,dr-robert,407,151,256,62.9
2026-09-17T14:37:00Z,2026-09-17T16:37:00+02:00,54,placa-vella,297,108,189,63.6
2026-09-17T14:37:00Z,2026-09-17T16:37:00+02:00,55,ajuntament-mercat,237,106,131,55.3
2026-09-17T14:38:00Z,2026-09-17T16:38:00+02:00,53,dr-robert,407,151,256,62.9
2026-09-17T14:38:00Z,2026-09-17T16:38:00+02:00,54,placa-vella,297,108,189,63.6
2026-09-17T14:38:00Z,2026-09-17T16:38:00+02:00,55,ajuntament-mercat,237,106,131,55.3
2026-09-17T14:39:00Z,2026-09-17T16:39:00+02:00,53,dr-robert,407,151,256,62.9
2026-09-17T14:39:00Z,2026-09-17T16:39:00+02:00,54,placa-vella,297,108,189,63.6
2026-09-17T14:39:00Z,2026-09-17T16:39:00+02:00,55,ajuntament-mercat,237,106,131,55.3
2026-09-17T14:40:00Z,2026-09-17T16:40:00+02:00,53,dr-robert,407,146,261,64.1
2026-09-17T14:40:00Z,2026-09-17T16:40:00+02:00,54,placa-vella,297,109,188,63.3
2026-09-17T14:40:00Z,2026-09-17T16:40:00+02:00,55,ajuntament-mercat,237,106,131,55.3
2026-09-17T14:41:00Z,2026-09-17T16:41:00+02:00,53,dr-robert,407,146,261,64.1
2026-09-17T14:41:00Z,2026-09-17T16:41:00+02:00,54,placa-vella,297,109,188,63.3
2026-09-17T14:41:00Z,2026-09-17T16:41:00+02:00,55,ajuntament-mercat,237,106,131,55.3
2026-09-17T14:42:00Z,2026-09-17T16:42:00+02:00,53,dr-robert,407,146,261,64.1
2026-09-17T14:42:00Z,2026-09-17T16:42:00+02:00,54,placa-vella,297,109,188,63.3
2026-09-17T14:42:00Z,2026-09-17T16:42:00+02:00,55,ajuntament-mercat,237,106,131,55.3
2026-09-17T14:43:00Z,2026-09-17T16:43:00+02:00,53,dr-robert,407,146,261,64.1
2026-09-17T14:43:00Z,2026-09-17T16:43:00+02:00,54,placa-vella,297,109,188,63.3
2026-09-17T14:43:00Z,2026-09-17T16:43:00+02:00,55,ajuntament-mercat,237,106,131,55.3
2026-09-17T14:44:00Z,2026-09-17T16:44:00+02:00,53,dr-robert,407,146,261,64.1
2026-09-17T14:44:00Z,2026-09-17T16:44:00+02:00,54,placa-vella,297,109,188,63.3
2026-09-17T14:44:00Z,2026-09-17T16:44:00+02:00,55,ajuntament-mercat,237,106,131,55.3
2026-09-17T14:45:00Z,2026-09-17T16:45:00+02:00,53,dr-robert,407,147,260,63.9
2026-09-17T14:45:00Z,2026-09-17T16:45:00+02:00,54,placa-vella,297,103,194,65.3
2026-09-17T14:45:00Z,2026-09-17T16:45:00+02:00,55,ajuntament-mercat,237,101,136,57.4
2026-09-17T14:46:00Z,2026-09-17T16:46:00+02:00,53,dr-robert,407,147,260,63.9
2026-09-17T14:46:00Z,2026-09-17T16:46:00+02:00,54,placa-vella,297,103,194,65.3
2026-09-17T14:46:00Z,2026-09-17T16:46:00+02:00,55,ajuntament-mercat,237,101,136,57.4
2026-09-17T14:47:00Z,2026-09-17T16:47:00+02:00,53,dr-robert,407,147,260,63.9
2026-09-17T14:47:00Z,2026-09-17T16:47:00+02:00,54,placa-vella,297,103,194,65.3
2026-09-17T14:47:00Z,2026-09-17T16:47:00+02:00,55,ajuntament-mercat,237,101,136,57.4
2026-09-17T14:48:00Z,2026-09-17T16:48:00+02:00,53,dr-robert,407,147,260,63.9
2026-09-17T14:48:00Z,2026-09-17T16:48:00+02:00,54,placa-vella,297,103,194,65.3
2026-09-17T14:48:00Z,2026-09-17T16:48:00+02:00,55,ajuntament-mercat,237,101,136,57.4
2026-09-17T14:49:00Z,2026-09-17T16:49:00+02:00,53,dr-robert,407,147,260,63.9
2026-09-17T14:49:00Z,2026-09-17T16:49:00+02:00,54,placa-vella,297,103,194,65.3
2026-09-17T14:49:00Z,2026-09-17T16:49:00+02:00,55,ajuntament-mercat,237,101,136,57.4
2026-09-17T14:50:00Z,2026-09-17T16:50:00+02:00,53,dr-robert,407,136,271,66.6
2026-09-17T14:50:00Z,2026-09-17T16:50:00+02:00,54,placa-vella,297,102,195,65.7
2026-09-17T14:50:00Z,2026-09-17T16:50:00+02:00,55,ajuntament-mercat,237,103,134,56.5
2026-09-17T14:51:00Z,2026-09-17T16:51:00+02:00,53,dr-robert,407,136,271,66.6
2026-09-17T14:51:00Z,2026-09-17T16:51:00+02:00,54,placa-vella,297,102,195,65.7
2026-09-17T14:51:00Z,2026-09-17T16:51:00+02:00,55,ajuntament-mercat,237,103,134,56.5
2026-09-17T14:52:00Z,2026-09-17T16:52:00+02:00,53,dr-robert,407,136,271,66.6
2026-09-17T14:52:00Z,2026-09-17T16:52:00+02:00,54,placa-vella,297,102,195,65.7
2026-09-17T14:52:00Z,2026-09-17T16:52:00+02:00,55,ajuntament-mercat,237,103,134,56.5
2026-09-17T14:53:00Z,2026-09-17T16:53:00+02:00,53,dr-robert,407,136,271,66.6
2026-09-17T14:53:00Z,2026-09-17T16:53:00+02:00,54,placa-vella,297,102,195,65.7
2026-09-17T14:53:00Z,2026-09-17T16:53:00+02:00,55,ajuntament-mercat,237,103,134,56.5
2026-09-17T14:54:00Z,2026-09-17T16:54:00+02:00,53,dr-robert,407,136,271,66.6
2026-09-17T14:54:00Z,2026-09-17T16:54:00+02:00,54,placa-vella,297,102,195,65.7
2026-09-17T14:54:00Z,2026-09-17T16:54:00+02:00,55,ajuntament-mercat,237,103,134,56.5
2026-09-17T14:55:00Z,2026-09-17T16:55:00+02:00,53,dr-robert,407,125,282,69.3
2026-09-17T14:55:00Z,2026-09-17T16:55:00+02:00,54,placa-vella,297,100,197,66.3
2026-09-17T14:55:00Z,2026-09-17T16:55:00+02:00,55,ajuntament-mercat,237,100,137,57.8
2026-09-17T14:56:00Z,2026-09-17T16:56:00+02:00,53,dr-robert,407,125,282,69.3
2026-09-17T14:56:00Z,2026-09-17T16:56:00+02:00,54,placa-vella,297,100,197,66.3
2026-09-17T14:56:00Z,2026-09-17T16:56:00+02:00,55,ajuntament-mercat,237,100,137,57.8
2026-09-17T14:57:00Z,2026-09-17T16:57:00+02:00,53,dr-robert,407,125,282,69.3
2026-09-17T14:57:00Z,2026-09-17T16:57:00+02:00,54,placa-vella,297,100,197,66.3
2026-09-17T14:57:00Z,2026-09-17T16:57:00+02:00,55,ajuntament-mercat,237,100,137,57.8
2026-09-17T14:58:00Z,2026-09-17T16:58:00+02:00,53,dr-robert,407,125,282,69.3
2026-09-17T14:58:00Z,2026-09-17T16:58:00+02:00,54,placa-vella,297,100,197,66.3
2026-09-17T14:58:00Z,2026-09-17T16:58:00+02:00,55,ajuntament-mercat,237,100,137,57.8
2026-09-17T14:59:00Z,2026-09-17T16:59:00+02:00,53,dr-robert,407,125,282,69.3
2026-09-17T14:59:00Z,2026-09-17T16:59:00+02:00,54,placa-vella,297,100,197,66.3
2026-09-17T14:59:00Z,2026-09-17T16:59:00+02:00,55,ajuntament-mercat,237,100,137,57.8
2026-09-17T15:00:00Z,2026-09-17T17:00:00+02:00,53,dr-robert,407,120,287,70.5
2026-09-17T15:00:00Z,2026-09-17T17:00:00+02:00,54,placa-vella,297,95,202,68
2026-09-17T15:00:00Z,2026-09-17T17:00:00+02:00,55,ajuntament-mercat,237,101,136,57.4
2026-09-17T15:01:00Z,2026-09-17T17:01:00+02:00,53,dr-robert,407,120,287,70.5
2026-09-17T15:01:00Z,2026-09-17T17:01:00+02:00,54,placa-vella,297,95,202,68
2026-09-17T15:01:00Z,2026-09-17T17:01:00+02:00,55,ajuntament-mercat,237,101,136,57.4
2026-09-17T15:02:00Z,2026-09-17T17:02:00+02:00,53,dr-robert,407,120,287,70.5
2026-09-17T15:02:00Z,2026-09-17T17:02:00+02:00,54,placa-vella,297,95,202,68
2026-09-17T15:02:00Z,2026-09-17T17:02:00+02:00,55,ajuntament-mercat,237,101,136,57.4
2026-09-17T15:03:00Z,2026-09-17T17:03:00+02:00,53,dr-robert,407,120,287,70.5
2026-09-17T15:03:00Z,2026-09-17T17:03:00+02:00,54,placa-vella,297,95,202,68
2026-09-17T15:03:00Z,2026-09-17T17:03:00+02:00,55,ajuntament-mercat,237,101,136,57.4
2026-09-17T15:04:00Z,2026-09-17T17:04:00+02:00,53,dr-robert,407,120,287,70.5
2026-09-17T15:04:00Z,2026-09-17T17:04:00+02:00,54,placa-vella,297,95,202,68
2026-09-17T15:04:00Z,2026-09-17T17:04:00+02:00,55,ajuntament-mercat,237,101,136,57.4
2026-09-17T15:05:00Z,2026-09-17T17:05:00+02:00,53,dr-robert,407,124,283,69.5
2026-09-17T15:05:00Z,2026-09-17T17:05:00+02:00,54,placa-vella,297,94,203,68.4
2026-09-17T15:05:00Z,2026-09-17T17:05:00+02:00,55,ajuntament-mercat,237,103,134,56.5
2026-09-17T15:06:00Z,2026-09-17T17:06:00+02:00,53,dr-robert,407,124,283,69.5
2026-09-17T15:06:00Z,2026-09-17T17:06:00+02:00,54,placa-vella,297,94,203,68.4
2026-09-17T15:06:00Z,2026-09-17T17:06:00+02:00,55,ajuntament-mercat,237,103,134,56.5
2026-09-17T15:07:00Z,2026-09-17T17:07:00+02:00,53,dr-robert,407,124,283,69.5
2026-09-17T15:07:00Z,2026-09-17T17:07:00+02:00,54,placa-vella,297,94,203,68.4
2026-09-17T15:07:00Z,2026-09-17T17:07:00+02:00,55,ajuntament-mercat,237,103,134,56.5
2026-09-17T15:08:00Z,2026-09-17T17:08:00+02:00,53,dr-robert,407,124,283,69.5
2026-09-17T15:08:00Z,2026-09-17T17:08:00+02:00,54,placa-vella,297,94,203,68.4
2026-09-17T15:08:00Z,2026-09-17T17:08:00+02:00,55,ajuntament-mercat,237,103,134,56.5
2026-09-17T15:09:00Z,2026-09-17T17:09:00+02:00,53,dr-robert,407,124,283,69.5
2026-09-17T15:09:00Z,2026-09-17T17:09:00+02:00,54,placa-vella,297,94,203,68.4
2026-09-17T15:09:00Z,2026-09-17T17:09:00+02:00,55,ajuntament-mercat,237,103,134,56.5
2026-09-17T15:10:00Z,2026-09-17T17:10:00+02:00,53,dr-robert,407,130,277,68.1
2026-09-17T15:10:00Z,2026-09-17T17:10:00+02:00,54,placa-vella,297,85,212,71.4
2026-09-17T15:10:00Z,2026-09-17T17:10:00+02:00,55,ajuntament-mercat,237,95,142,59.9
2026-09-17T15:11:00Z,2026-09-17T17:11:00+02:00,53,dr-robert,407,130,277,68.1
2026-09-17T15:11:00Z,2026-09-17T17:11:00+02:00,54,placa-vella,297,85,212,71.4
2026-09-17T15:11:00Z,2026-09-17T17:11:00+02:00,55,ajuntament-mercat,237,95,142,59.9
2026-09-17T15:12:00Z,2026-09-17T17:12:00+02:00,53,dr-robert,407,130,277,68.1
2026-09-17T15:12:00Z,2026-09-17T17:12:00+02:00,54,placa-vella,297,85,212,71.4
2026-09-17T15:12:00Z,2026-09-17T17:12:00+02:00,55,ajuntament-mercat,237,95,142,59.9
2026-09-17T15:13:00Z,2026-09-17T17:13:00+02:00,53,dr-robert,407,130,277,68.1
2026-09-17T15:13:00Z,2026-09-17T17:13:00+02:00,54,placa-vella,297,85,212,71.4
2026-09-17T15:13:00Z,2026-09-17T17:13:00+02:00,55,ajuntament-mercat,237,95,142,59.9
2026-09-17T15:14:00Z,2026-09-17T17:14:00+02:00,53,dr-robert,407,130,277,68.1
2026-09-17T15:14:00Z,2026-09-17T17:14:00+02:00,54,placa-vella,297,85,212,71.4
2026-09-17T15:14:00Z,2026-09-17T17:14:00+02:00,55,ajuntament-mercat,237,95,142,59.9
2026-09-17T15:15:00Z,2026-09-17T17:15:00+02:00,53,dr-robert,407,138,269,66.1
2026-09-17T15:15:00Z,2026-09-17T17:15:00+02:00,54,placa-vella,297,79,218,73.4
2026-09-17T15:15:00Z,2026-09-17T17:15:00+02:00,55,ajuntament-mercat,237,95,142,59.9
2026-09-17T15:16:00Z,2026-09-17T17:16:00+02:00,53,dr-robert,407,138,269,66.1
2026-09-17T15:16:00Z,2026-09-17T17:16:00+02:00,54,placa-vella,297,79,218,73.4
2026-09-17T15:16:00Z,2026-09-17T17:16:00+02:00,55,ajuntament-mercat,237,95,142,59.9
2026-09-17T15:17:00Z,2026-09-17T17:17:00+02:00,53,dr-robert,407,138,269,66.1
2026-09-17T15:17:00Z,2026-09-17T17:17:00+02:00,54,placa-vella,297,79,218,73.4
2026-09-17T15:17:00Z,2026-09-17T17:17:00+02:00,55,ajuntament-mercat,237,95,142,59.9
2026-09-17T15:18:00Z,2026-09-17T17:18:00+02:00,53,dr-robert,407,138,269,66.1
2026-09-17T15:18:00Z,2026-09-17T17:18:00+02:00,54,placa-vella,297,79,218,73.4
2026-09-17T15:18:00Z,2026-09-17T17:18:00+02:00,55,ajuntament-mercat,237,95,142,59.9
2026-09-17T15:19:00Z,2026-09-17T17:19:00+02:00,53,dr-robert,407,138,269,66.1
2026-09-17T15:19:00Z,2026-09-17T17:19:00+02:00,54,placa-vella,297,79,218,73.4
2026-09-17T15:19:00Z,2026-09-17T17:19:00+02:00,55,ajuntament-mercat,237,95,142,59.9
2026-09-17T15:20:00Z,2026-09-17T17:20:00+02:00,53,dr-robert,407,138,269,66.1
2026-09-17T15:20:00Z,2026-09-17T17:20:00+02:00,54,placa-vella,297,79,218,73.4
2026-09-17T15:20:00Z,2026-09-17T17:20:00+02:00,55,ajuntament-mercat,237,97,140,59.1
2026-09-17T15:21:00Z,2026-09-17T17:21:00+02:00,53,dr-robert,407,138,269,66.1
2026-09-17T15:21:00Z,2026-09-17T17:21:00+02:00,54,placa-vella,297,79,218,73.4
2026-09-17T15:21:00Z,2026-09-17T17:21:00+02:00,55,ajuntament-mercat,237,97,140,59.1
2026-09-17T15:22:00Z,2026-09-17T17:22:00+02:00,53,dr-robert,407,138,269,66.1
2026-09-17T15:22:00Z,2026-09-17T17:22:00+02:00,54,placa-vella,297,79,218,73.4
2026-09-17T15:22:00Z,2026-09-17T17:22:00+02:00,55,ajuntament-mercat,237,97,140,59.1
2026-09-17T15:23:00Z,2026-09-17T17:23:00+02:00,53,dr-robert,407,138,269,66.1
2026-09-17T15:23:00Z,2026-09-17T17:23:00+02:00,54,placa-vella,297,79,218,73.4
2026-09-17T15:23:00Z,2026-09-17T17:23:00+02:00,55,ajuntament-mercat,237,97,140,59.1
2026-09-17T15:24:00Z,2026-09-17T17:24:00+02:00,53,dr-robert,407,138,269,66.1
2026-09-17T15:24:00Z,2026-09-17T17:24:00+02:00,54,placa-vella,297,79,218,73.4
2026-09-17T15:24:00Z,2026-09-17T17:24:00+02:00,55,ajuntament-mercat,237,97,140,59.1
2026-09-17T15:25:00Z,2026-09-17T17:25:00+02:00,53,dr-robert,407,138,269,66.1
2026-09-17T15:25:00Z,2026-09-17T17:25:00+02:00,54,placa-vella,297,79,218,73.4
2026-09-17T15:25:00Z,2026-09-17T17:25:00+02:00,55,ajuntament-mercat,237,97,140,59.1
2026-09-17T15:26:00Z,2026-09-17T17:26:00+02:00,53,dr-robert,407,136,271,66.6
2026-09-17T15:26:00Z,2026-09-17T17:26:00+02:00,54,placa-vella,297,78,219,73.7
2026-09-17T15:26:00Z,2026-09-17T17:26:00+02:00,55,ajuntament-mercat,237,99,138,58.2
2026-09-17T15:27:00Z,2026-09-17T17:27:00+02:00,53,dr-robert,407,136,271,66.6
2026-09-17T15:27:00Z,2026-09-17T17:27:00+02:00,54,placa-vella,297,78,219,73.7
2026-09-17T15:27:00Z,2026-09-17T17:27:00+02:00,55,ajuntament-mercat,237,99,138,58.2
2026-09-17T15:28:00Z,2026-09-17T17:28:00+02:00,53,dr-robert,407,136,271,66.6
2026-09-17T15:28:00Z,2026-09-17T17:28:00+02:00,54,placa-vella,297,78,219,73.7
2026-09-17T15:28:00Z,2026-09-17T17:28:00+02:00,55,ajuntament-mercat,237,99,138,58.2
2026-09-17T15:29:00Z,2026-09-17T17:29:00+02:00,53,dr-robert,407,136,271,66.6
2026-09-17T15:29:00Z,2026-09-17T17:29:00+02:00,54,placa-vella,297,78,219,73.7
2026-09-17T15:29:00Z,2026-09-17T17:29:00+02:00,55,ajuntament-mercat,237,99,138,58.2
2026-09-17T15:30:00Z,2026-09-17T17:30:00+02:00,53,dr-robert,407,129,278,68.3
2026-09-17T15:30:00Z,2026-09-17T17:30:00+02:00,54,placa-vella,297,80,217,73.1
2026-09-17T15:30:00Z,2026-09-17T17:30:00+02:00,55,ajuntament-mercat,237,101,136,57.4
2026-09-17T15:31:00Z,2026-09-17T17:31:00+02:00,53,dr-robert,407,129,278,68.3
2026-09-17T15:31:00Z,2026-09-17T17:31:00+02:00,54,placa-vella,297,80,217,73.1
2026-09-17T15:31:00Z,2026-09-17T17:31:00+02:00,55,ajuntament-mercat,237,101,136,57.4
2026-09-17T15:32:00Z,2026-09-17T17:32:00+02:00,53,dr-robert,407,129,278,68.3
2026-09-17T15:32:00Z,2026-09-17T17:32:00+02:00,54,placa-vella,297,80,217,73.1
2026-09-17T15:32:00Z,2026-09-17T17:32:00+02:00,55,ajuntament-mercat,237,101,136,57.4
2026-09-17T15:33:00Z,2026-09-17T17:33:00+02:00,53,dr-robert,407,129,278,68.3
2026-09-17T15:33:00Z,2026-09-17T17:33:00+02:00,54,placa-vella,297,80,217,73.1
2026-09-17T15:33:00Z,2026-09-17T17:33:00+02:00,55,ajuntament-mercat,237,101,136,57.4
2026-09-17T15:34:00Z,2026-09-17T17:34:00+02:00,53,dr-robert,407,129,278,68.3
2026-09-17T15:34:00Z,2026-09-17T17:34:00+02:00,54,placa-vella,297,80,217,73.1
2026-09-17T15:34:00Z,2026-09-17T17:34:00+02:00,55,ajuntament-mercat,237,101,136,57.4
2026-09-17T15:35:00Z,2026-09-17T17:35:00+02:00,53,dr-robert,407,129,278,68.3
2026-09-17T15:35:00Z,2026-09-17T17:35:00+02:00,54,placa-vella,297,80,217,73.1
2026-09-17T15:35:00Z,2026-09-17T17:35:00+02:00,55,ajuntament-mercat,237,101,136,57.4
2026-09-17T15:36:00Z,2026-09-17T17:36:00+02:00,53,dr-robert,407,139,268,65.8
2026-09-17T15:36:00Z,2026-09-17T17:36:00+02:00,54,placa-vella,297,79,218,73.4
2026-09-17T15:36:00Z,2026-09-17T17:36:00+02:00,55,ajuntament-mercat,237,104,133,56.1
2026-09-17T15:37:00Z,2026-09-17T17:37:00+02:00,53,dr-robert,407,139,268,65.8
2026-09-17T15:37:00Z,2026-09-17T17:37:00+02:00,54,placa-vella,297,79,218,73.4
2026-09-17T15:37:00Z,2026-09-17T17:37:00+02:00,55,ajuntament-mercat,237,104,133,56.1
2026-09-17T15:38:00Z,2026-09-17T17:38:00+02:00,53,dr-robert,407,139,268,65.8
2026-09-17T15:38:00Z,2026-09-17T17:38:00+02:00,54,placa-vella,297,79,218,73.4
2026-09-17T15:38:00Z,2026-09-17T17:38:00+02:00,55,ajuntament-mercat,237,104,133,56.1
2026-09-17T15:39:00Z,2026-09-17T17:39:00+02:00,53,dr-robert,407,139,268,65.8
2026-09-17T15:39:00Z,2026-09-17T17:39:00+02:00,54,placa-vella,297,79,218,73.4
2026-09-17T15:39:00Z,2026-09-17T17:39:00+02:00,55,ajuntament-mercat,237,104,133,56.1
2026-09-17T15:40:00Z,2026-09-17T17:40:00+02:00,53,dr-robert,407,140,267,65.6
2026-09-17T15:40:00Z,2026-09-17T17:40:00+02:00,54,placa-vella,297,81,216,72.7
2026-09-17T15:40:00Z,2026-09-17T17:40:00+02:00,55,ajuntament-mercat,237,109,128,54
2026-09-17T15:41:00Z,2026-09-17T17:41:00+02:00,53,dr-robert,407,140,267,65.6
2026-09-17T15:41:00Z,2026-09-17T17:41:00+02:00,54,placa-vella,297,81,216,72.7
2026-09-17T15:41:00Z,2026-09-17T17:41:00+02:00,55,ajuntament-mercat,237,109,128,54
2026-09-17T15:42:00Z,2026-09-17T17:42:00+02:00,53,dr-robert,407,140,267,65.6
2026-09-17T15:42:00Z,2026-09-17T17:42:00+02:00,54,placa-vella,297,81,216,72.7
2026-09-17T15:42:00Z,2026-09-17T17:42:00+02:00,55,ajuntament-mercat,237,109,128,54
2026-09-17T15:43:00Z,2026-09-17T17:43:00+02:00,53,dr-robert,407,140,267,65.6
2026-09-17T15:43:00Z,2026-09-17T17:43:00+02:00,54,placa-vella,297,81,216,72.7
2026-09-17T15:43:00Z,2026-09-17T17:43:00+02:00,55,ajuntament-mercat,237,109,128,54
2026-09-17T15:44:00Z,2026-09-17T17:44:00+02:00,53,dr-robert,407,140,267,65.6
2026-09-17T15:44:00Z,2026-09-17T17:44:00+02:00,54,placa-vella,297,81,216,72.7
2026-09-17T15:44:00Z,2026-09-17T17:44:00+02:00,55,ajuntament-mercat,237,109,128,54
2026-09-17T15:45:00Z,2026-09-17T17:45:00+02:00,53,dr-robert,407,140,267,65.6
2026-09-17T15:45:00Z,2026-09-17T17:45:00+02:00,54,placa-vella,297,83,214,72.1
2026-09-17T15:45:00Z,2026-09-17T17:45:00+02:00,55,ajuntament-mercat,237,116,121,51.1
2026-09-17T15:46:00Z,2026-09-17T17:46:00+02:00,53,dr-robert,407,140,267,65.6
2026-09-17T15:46:00Z,2026-09-17T17:46:00+02:00,54,placa-vella,297,83,214,72.1
2026-09-17T15:46:00Z,2026-09-17T17:46:00+02:00,55,ajuntament-mercat,237,116,121,51.1
2026-09-17T15:47:00Z,2026-09-17T17:47:00+02:00,53,dr-robert,407,140,267,65.6
2026-09-17T15:47:00Z,2026-09-17T17:47:00+02:00,54,placa-vella,297,83,214,72.1
2026-09-17T15:47:00Z,2026-09-17T17:47:00+02:00,55,ajuntament-mercat,237,116,121,51.1
2026-09-17T15:48:00Z,2026-09-17T17:48:00+02:00,53,dr-robert,407,140,267,65.6
2026-09-17T15:48:00Z,2026-09-17T17:48:00+02:00,54,placa-vella,297,83,214,72.1
2026-09-17T15:48:00Z,2026-09-17T17:48:00+02:00,55,ajuntament-mercat,237,116,121,51.1
2026-09-17T15:49:00Z,2026-09-17T17:49:00+02:00,53,dr-robert,407,140,267,65.6
2026-09-17T15:49:00Z,2026-09-17T17:49:00+02:00,54,placa-vella,297,83,214,72.1
2026-09-17T15:49:00Z,2026-09-17T17:49:00+02:00,55,ajuntament-mercat,237,116,121,51.1
2026-09-17T15:50:00Z,2026-09-17T17:50:00+02:00,53,dr-robert,407,138,269,66.1
2026-09-17T15:50:00Z,2026-09-17T17:50:00+02:00,54,placa-vella,297,82,215,72.4
2026-09-17T15:50:00Z,2026-09-17T17:50:00+02:00,55,ajuntament-mercat,237,117,120,50.6
2026-09-17T15:51:00Z,2026-09-17T17:51:00+02:00,53,dr-robert,407,138,269,66.1
2026-09-17T15:51:00Z,2026-09-17T17:51:00+02:00,54,placa-vella,297,82,215,72.4
2026-09-17T15:51:00Z,2026-09-17T17:51:00+02:00,55,ajuntament-mercat,237,117,120,50.6
2026-09-17T15:52:00Z,2026-09-17T17:52:00+02:00,53,dr-robert,407,138,269,66.1
2026-09-17T15:52:00Z,2026-09-17T17:52:00+02:00,54,placa-vella,297,82,215,72.4
2026-09-17T15:52:00Z,2026-09-17T17:52:00+02:00,55,ajuntament-mercat,237,117,120,50.6
2026-09-17T15:53:00Z,2026-09-17T17:53:00+02:00,53,dr-robert,407,138,269,66.1
2026-09-17T15:53:00Z,2026-09-17T17:53:00+02:00,54,placa-vella,297,82,215,72.4
2026-09-17T15:53:00Z,2026-09-17T17:53:00+02:00,55,ajuntament-mercat,237,117,120,50.6
2026-09-17T15:54:00Z,2026-09-17T17:54:00+02:00,53,dr-robert,407,138,269,66.1
2026-09-17T15:54:00Z,2026-09-17T17:54:00+02:00,54,placa-vella,297,82,215,72.4
2026-09-17T15:54:00Z,2026-09-17T17:54:00+02:00,55,ajuntament-mercat,237,117,120,50.6
2026-09-17T15:55:00Z,2026-09-17T17:55:00+02:00,53,dr-robert,407,135,272,66.8
2026-09-17T15:55:00Z,2026-09-17T17:55:00+02:00,54,placa-vella,297,82,215,72.4
2026-09-17T15:55:00Z,2026-09-17T17:55:00+02:00,55,ajuntament-mercat,237,120,117,49.4
2026-09-17T15:56:00Z,2026-09-17T17:56:00+02:00,53,dr-robert,407,135,272,66.8
2026-09-17T15:56:00Z,2026-09-17T17:56:00+02:00,54,placa-vella,297,82,215,72.4
2026-09-17T15:56:00Z,2026-09-17T17:56:00+02:00,55,ajuntament-mercat,237,120,117,49.4
2026-09-17T15:57:00Z,2026-09-17T17:57:00+02:00,53,dr-robert,407,135,272,66.8
2026-09-17T15:57:00Z,2026-09-17T17:57:00+02:00,54,placa-vella,297,82,215,72.4
2026-09-17T15:57:00Z,2026-09-17T17:57:00+02:00,55,ajuntament-mercat,237,120,117,49.4
2026-09-17T15:58:00Z,2026-09-17T17:58:00+02:00,53,dr-robert,407,135,272,66.8
2026-09-17T15:58:00Z,2026-09-17T17:58:00+02:00,54,placa-vella,297,82,215,72.4
2026-09-17T15:58:00Z,2026-09-17T17:58:00+02:00,55,ajuntament-mercat,237,120,117,49.4
2026-09-17T15:59:00Z,2026-09-17T17:59:00+02:00,53,dr-robert,407,135,272,66.8
2026-09-17T15:59:00Z,2026-09-17T17:59:00+02:00,54,placa-vella,297,82,215,72.4
2026-09-17T15:59:00Z,2026-09-17T17:59:00+02:00,55,ajuntament-mercat,237,120,117,49.4
2026-09-17T16:00:00Z,2026-09-17T18:00:00+02:00,53,dr-robert,407,135,272,66.8
2026-09-17T16:00:00Z,2026-09-17T18:00:00+02:00,54,placa-vella,297,82,215,72.4
2026-09-17T16:00:00Z,2026-09-17T18:00:00+02:00,55,ajuntament-mercat,237,120,117,49.4
2026-09-17T16:01:00Z,2026-09-17T18:01:00+02:00,53,dr-robert,407,140,267,65.6
2026-09-17T16:01:00Z,2026-09-17T18:01:00+02:00,54,placa-vella,297,81,216,72.7
2026-09-17T16:01:00Z,2026-09-17T18:01:00+02:00,55,ajuntament-mercat,237,115,122,51.5
2026-09-17T16:02:00Z,2026-09-17T18:02:00+02:00,53,dr-robert,407,140,267,65.6
2026-09-17T16:02:00Z,2026-09-17T18:02:00+02:00,54,placa-vella,297,81,216,72.7
2026-09-17T16:02:00Z,2026-09-17T18:02:00+02:00,55,ajuntament-mercat,237,115,122,51.5
2026-09-17T16:03:00Z,2026-09-17T18:03:00+02:00,53,dr-robert,407,140,267,65.6
2026-09-17T16:03:00Z,2026-09-17T18:03:00+02:00,54,placa-vella,297,81,216,72.7
2026-09-17T16:03:00Z,2026-09-17T18:03:00+02:00,55,ajuntament-mercat,237,115,122,51.5
2026-09-17T16:04:00Z,2026-09-17T18:04:00+02:00,53,dr-robert,407,140,267,65.6
2026-09-17T16:04:00Z,2026-09-17T18:04:00+02:00,54,placa-vella,297,81,216,72.7
2026-09-17T16:04:00Z,2026-09-17T18:04:00+02:00,55,ajuntament-mercat,237,115,122,51.5
2026-09-17T16:05:00Z,2026-09-17T18:05:00+02:00,53,dr-robert,407,144,263,64.6
2026-09-17T16:05:00Z,2026-09-17T18:05:00+02:00,54,placa-vella,297,83,214,72.1
2026-09-17T16:05:00Z,2026-09-17T18:05:00+02:00,55,ajuntament-mercat,237,114,123,51.9
2026-09-17T16:06:00Z,2026-09-17T18:06:00+02:00,53,dr-robert,407,144,263,64.6
2026-09-17T16:06:00Z,2026-09-17T18:06:00+02:00,54,placa-vella,297,83,214,72.1
2026-09-17T16:06:00Z,2026-09-17T18:06:00+02:00,55,ajuntament-mercat,237,114,123,51.9
2026-09-17T16:07:00Z,2026-09-17T18:07:00+02:00,53,dr-robert,407,144,263,64.6
2026-09-17T16:07:00Z,2026-09-17T18:07:00+02:00,54,placa-vella,297,83,214,72.1
2026-09-17T16:07:00Z,2026-09-17T18:07:00+02:00,55,ajuntament-mercat,237,114,123,51.9
2026-09-17T16:08:00Z,2026-09-17T18:08:00+02:00,53,dr-robert,407,144,263,64.6
2026-09-17T16:08:00Z,2026-09-17T18:08:00+02:00,54,placa-vella,297,83,214,72.1
2026-09-17T16:08:00Z,2026-09-17T18:08:00+02:00,55,ajuntament-mercat,237,114,123,51.9
2026-09-17T16:09:00Z,2026-09-17T18:09:00+02:00,53,dr-robert,407,144,263,64.6
2026-09-17T16:09:00Z,2026-09-17T18:09:00+02:00,54,placa-vella,297,83,214,72.1
2026-09-17T16:09:00Z,2026-09-17T18:09:00+02:00,55,ajuntament-mercat,237,114,123,51.9
2026-09-17T16:10:00Z,2026-09-17T18:10:00+02:00,53,dr-robert,407,141,266,65.4
2026-09-17T16:10:00Z,2026-09-17T18:10:00+02:00,54,placa-vella,297,87,210,70.7
2026-09-17T16:10:00Z,2026-09-17T18:10:00+02:00,55,ajuntament-mercat,237,112,125,52.7
2026-09-17T16:11:00Z,2026-09-17T18:11:00+02:00,53,dr-robert,407,141,266,65.4
2026-09-17T16:11:00Z,2026-09-17T18:11:00+02:00,54,placa-vella,297,87,210,70.7
2026-09-17T16:11:00Z,2026-09-17T18:11:00+02:00,55,ajuntament-mercat,237,112,125,52.7
2026-09-17T16:12:00Z,2026-09-17T18:12:00+02:00,53,dr-robert,407,141,266,65.4
2026-09-17T16:12:00Z,2026-09-17T18:12:00+02:00,54,placa-vella,297,87,210,70.7
2026-09-17T16:12:00Z,2026-09-17T18:12:00+02:00,55,ajuntament-mercat,237,112,125,52.7
2026-09-17T16:13:00Z,2026-09-17T18:13:00+02:00,53,dr-robert,407,141,266,65.4
2026-09-17T16:13:00Z,2026-09-17T18:13:00+02:00,54,placa-vella,297,87,210,70.7
2026-09-17T16:13:00Z,2026-09-17T18:13:00+02:00,55,ajuntament-mercat,237,112,125,52.7
2026-09-17T16:14:00Z,2026-09-17T18:14:00+02:00,53,dr-robert,407,141,266,65.4
2026-09-17T16:14:00Z,2026-09-17T18:14:00+02:00,54,placa-vella,297,87,210,70.7
2026-09-17T16:14:00Z,2026-09-17T18:14:00+02:00,55,ajuntament-mercat,237,112,125,52.7
2026-09-17T16:15:00Z,2026-09-17T18:15:00+02:00,53,dr-robert,407,139,268,65.8
2026-09-17T16:15:00Z,2026-09-17T18:15:00+02:00,54,placa-vella,297,95,202,68
2026-09-17T16:15:00Z,2026-09-17T18:15:00+02:00,55,ajuntament-mercat,237,113,124,52.3
2026-09-17T16:16:00Z,2026-09-17T18:16:00+02:00,53,dr-robert,407,139,268,65.8
2026-09-17T16:16:00Z,2026-09-17T18:16:00+02:00,54,placa-vella,297,95,202,68
2026-09-17T16:16:00Z,2026-09-17T18:16:00+02:00,55,ajuntament-mercat,237,113,124,52.3
2026-09-17T16:17:00Z,2026-09-17T18:17:00+02:00,53,dr-robert,407,139,268,65.8
2026-09-17T16:17:00Z,2026-09-17T18:17:00+02:00,54,placa-vella,297,95,202,68
2026-09-17T16:17:00Z,2026-09-17T18:17:00+02:00,55,ajuntament-mercat,237,113,124,52.3
2026-09-17T16:18:00Z,2026-09-17T18:18:00+02:00,53,dr-robert,407,139,268,65.8
2026-09-17T16:18:00Z,2026-09-17T18:18:00+02:00,54,placa-vella,297,95,202,68
2026-09-17T16:18:00Z,2026-09-17T18:18:00+02:00,55,ajuntament-mercat,237,113,124,52.3
2026-09-17T16:19:00Z,2026-09-17T18:19:00+02:00,53,dr-robert,407,139,268,65.8
2026-09-17T16:19:00Z,2026-09-17T18:19:00+02:00,54,placa-vella,297,95,202,68
2026-09-17T16:19:00Z,2026-09-17T18:19:00+02:00,55,ajuntament-mercat,237,113,124,52.3
2026-09-17T16:20:00Z,2026-09-17T18:20:00+02:00,53,dr-robert,407,135,272,66.8
2026-09-17T16:20:00Z,2026-09-17T18:20:00+02:00,54,placa-vella,297,99,198,66.7
2026-09-17T16:20:00Z,2026-09-17T18:20:00+02:00,55,ajuntament-mercat,237,116,121,51.1
2026-09-17T16:21:00Z,2026-09-17T18:21:00+02:00,53,dr-robert,407,135,272,66.8
2026-09-17T16:21:00Z,2026-09-17T18:21:00+02:00,54,placa-vella,297,99,198,66.7
2026-09-17T16:21:00Z,2026-09-17T18:21:00+02:00,55,ajuntament-mercat,237,116,121,51.1
2026-09-17T16:22:00Z,2026-09-17T18:22:00+02:00,53,dr-robert,407,135,272,66.8
2026-09-17T16:22:00Z,2026-09-17T18:22:00+02:00,54,placa-vella,297,99,198,66.7
2026-09-17T16:22:00Z,2026-09-17T18:22:00+02:00,55,ajuntament-mercat,237,116,121,51.1
2026-09-17T16:23:00Z,2026-09-17T18:23:00+02:00,53,dr-robert,407,135,272,66.8
2026-09-17T16:23:00Z,2026-09-17T18:23:00+02:00,54,placa-vella,297,99,198,66.7
2026-09-17T16:23:00Z,2026-09-17T18:23:00+02:00,55,ajuntament-mercat,237,116,121,51.1
2026-09-17T16:24:00Z,2026-09-17T18:24:00+02:00,53,dr-robert,407,135,272,66.8
2026-09-17T16:24:00Z,2026-09-17T18:24:00+02:00,54,placa-vella,297,99,198,66.7
2026-09-17T16:24:00Z,2026-09-17T18:24:00+02:00,55,ajuntament-mercat,237,116,121,51.1
2026-09-17T16:25:00Z,2026-09-17T18:25:00+02:00,53,dr-robert,407,146,261,64.1
2026-09-17T16:25:00Z,2026-09-17T18:25:00+02:00,54,placa-vella,297,96,201,67.7
2026-09-17T16:25:00Z,2026-09-17T18:25:00+02:00,55,ajuntament-mercat,237,115,122,51.5
2026-09-17T16:26:00Z,2026-09-17T18:26:00+02:00,53,dr-robert,407,146,261,64.1
2026-09-17T16:26:00Z,2026-09-17T18:26:00+02:00,54,placa-vella,297,96,201,67.7
2026-09-17T16:26:00Z,2026-09-17T18:26:00+02:00,55,ajuntament-mercat,237,115,122,51.5
2026-09-17T16:27:00Z,2026-09-17T18:27:00+02:00,53,dr-robert,407,146,261,64.1
2026-09-17T16:27:00Z,2026-09-17T18:27:00+02:00,54,placa-vella,297,96,201,67.7
2026-09-17T16:27:00Z,2026-09-17T18:27:00+02:00,55,ajuntament-mercat,237,115,122,51.5
2026-09-17T16:28:00Z,2026-09-17T18:28:00+02:00,53,dr-robert,407,146,261,64.1
2026-09-17T16:28:00Z,2026-09-17T18:28:00+02:00,54,placa-vella,297,96,201,67.7
2026-09-17T16:28:00Z,2026-09-17T18:28:00+02:00,55,ajuntament-mercat,237,115,122,51.5
2026-09-17T16:29:00Z,2026-09-17T18:29:00+02:00,53,dr-robert,407,146,261,64.1
2026-09-17T16:29:00Z,2026-09-17T18:29:00+02:00,54,placa-vella,297,96,201,67.7
2026-09-17T16:29:00Z,2026-09-17T18:29:00+02:00,55,ajuntament-mercat,237,115,122,51.5
2026-09-17T16:30:00Z,2026-09-17T18:30:00+02:00,53,dr-robert,407,153,254,62.4
2026-09-17T16:30:00Z,2026-09-17T18:30:00+02:00,54,placa-vella,297,97,200,67.3
2026-09-17T16:30:00Z,2026-09-17T18:30:00+02:00,55,ajuntament-mercat,237,117,120,50.6
2026-09-17T16:31:00Z,2026-09-17T18:31:00+02:00,53,dr-robert,407,153,254,62.4
2026-09-17T16:31:00Z,2026-09-17T18:31:00+02:00,54,placa-vella,297,97,200,67.3
2026-09-17T16:31:00Z,2026-09-17T18:31:00+02:00,55,ajuntament-mercat,237,117,120,50.6
2026-09-17T16:32:00Z,2026-09-17T18:32:00+02:00,53,dr-robert,407,153,254,62.4
2026-09-17T16:32:00Z,2026-09-17T18:32:00+02:00,54,placa-vella,297,97,200,67.3
2026-09-17T16:32:00Z,2026-09-17T18:32:00+02:00,55,ajuntament-mercat,237,117,120,50.6
2026-09-17T16:33:00Z,2026-09-17T18:33:00+02:00,53,dr-robert,407,153,254,62.4
2026-09-17T16:33:00Z,2026-09-17T18:33:00+02:00,54,placa-vella,297,97,200,67.3
2026-09-17T16:33:00Z,2026-09-17T18:33:00+02:00,55,ajuntament-mercat,237,117,120,50.6
2026-09-17T16:34:00Z,2026-09-17T18:34:00+02:00,53,dr-robert,407,153,254,62.4
2026-09-17T16:34:00Z,2026-09-17T18:34:00+02:00,54,placa-vella,297,97,200,67.3
2026-09-17T16:34:00Z,2026-09-17T18:34:00+02:00,55,ajuntament-mercat,237,117,120,50.6
2026-09-17T16:35:00Z,2026-09-17T18:35:00+02:00,53,dr-robert,407,154,253,62.2
2026-09-17T16:35:00Z,2026-09-17T18:35:00+02:00,54,placa-vella,297,99,198,66.7
2026-09-17T16:35:00Z,2026-09-17T18:35:00+02:00,55,ajuntament-mercat,237,117,120,50.6
2026-09-17T16:36:00Z,2026-09-17T18:36:00+02:00,53,dr-robert,407,154,253,62.2
2026-09-17T16:36:00Z,2026-09-17T18:36:00+02:00,54,placa-vella,297,99,198,66.7
2026-09-17T16:36:00Z,2026-09-17T18:36:00+02:00,55,ajuntament-mercat,237,117,120,50.6
2026-09-17T16:37:00Z,2026-09-17T18:37:00+02:00,53,dr-robert,407,154,253,62.2
2026-09-17T16:37:00Z,2026-09-17T18:37:00+02:00,54,placa-vella,297,99,198,66.7
2026-09-17T16:37:00Z,2026-09-17T18:37:00+02:00,55,ajuntament-mercat,237,117,120,50.6
2026-09-17T16:38:00Z,2026-09-17T18:38:00+02:00,53,dr-robert,407,154,253,62.2
2026-09-17T16:38:00Z,2026-09-17T18:38:00+02:00,54,placa-vella,297,99,198,66.7
2026-09-17T16:38:00Z,2026-09-17T18:38:00+02:00,55,ajuntament-mercat,237,117,120,50.6
2026-09-17T16:39:00Z,2026-09-17T18:39:00+02:00,53,dr-robert,407,154,253,62.2
2026-09-17T16:39:00Z,2026-09-17T18:39:00+02:00,54,placa-vella,297,99,198,66.7
2026-09-17T16:39:00Z,2026-09-17T18:39:00+02:00,55,ajuntament-mercat,237,117,120,50.6
2026-09-17T16:40:00Z,2026-09-17T18:40:00+02:00,53,dr-robert,407,154,253,62.2
2026-09-17T16:40:00Z,2026-09-17T18:40:00+02:00,54,placa-vella,297,99,198,66.7
2026-09-17T16:40:00Z,2026-09-17T18:40:00+02:00,55,ajuntament-mercat,237,117,120,50.6
2026-09-17T16:41:00Z,2026-09-17T18:41:00+02:00,53,dr-robert,407,152,255,62.7
2026-09-17T16:41:00Z,2026-09-17T18:41:00+02:00,54,placa-vella,297,101,196,66
2026-09-17T16:41:00Z,2026-09-17T18:41:00+02:00,55,ajuntament-mercat,237,121,116,48.9
2026-09-17T16:42:00Z,2026-09-17T18:42:00+02:00,53,dr-robert,407,152,255,62.7
2026-09-17T16:42:00Z,2026-09-17T18:42:00+02:00,54,placa-vella,297,101,196,66
2026-09-17T16:42:00Z,2026-09-17T18:42:00+02:00,55,ajuntament-mercat,237,121,116,48.9
2026-09-17T16:43:00Z,2026-09-17T18:43:00+02:00,53,dr-robert,407,152,255,62.7
2026-09-17T16:43:00Z,2026-09-17T18:43:00+02:00,54,placa-vella,297,101,196,66
2026-09-17T16:43:00Z,2026-09-17T18:43:00+02:00,55,ajuntament-mercat,237,121,116,48.9
2026-09-17T16:44:00Z,2026-09-17T18:44:00+02:00,53,dr-robert,407,152,255,62.7
2026-09-17T16:44:00Z,2026-09-17T18:44:00+02:00,54,placa-vella,297,101,196,66
2026-09-17T16:44:00Z,2026-09-17T18:44:00+02:00,55,ajuntament-mercat,237,121,116,48.9
2026-09-17T16:45:00Z,2026-09-17T18:45:00+02:00,53,dr-robert,407,160,247,60.7
2026-09-17T16:45:00Z,2026-09-17T18:45:00+02:00,54,placa-vella,297,105,192,64.6
2026-09-17T16:45:00Z,2026-09-17T18:45:00+02:00,55,ajuntament-mercat,237,120,117,49.4
2026-09-17T16:46:00Z,2026-09-17T18:46:00+02:00,53,dr-robert,407,160,247,60.7
2026-09-17T16:46:00Z,2026-09-17T18:46:00+02:00,54,placa-vella,297,105,192,64.6
2026-09-17T16:46:00Z,2026-09-17T18:46:00+02:00,55,ajuntament-mercat,237,120,117,49.4
2026-09-17T16:47:00Z,2026-09-17T18:47:00+02:00,53,dr-robert,407,160,247,60.7
2026-09-17T16:47:00Z,2026-09-17T18:47:00+02:00,54,placa-vella,297,105,192,64.6
2026-09-17T16:47:00Z,2026-09-17T18:47:00+02:00,55,ajuntament-mercat,237,120,117,49.4
2026-09-17T16:48:00Z,2026-09-17T18:48:00+02:00,53,dr-robert,407,160,247,60.7
2026-09-17T16:48:00Z,2026-09-17T18:48:00+02:00,54,placa-vella,297,105,192,64.6
2026-09-17T16:48:00Z,2026-09-17T18:48:00+02:00,55,ajuntament-mercat,237,120,117,49.4
2026-09-17T16:49:00Z,2026-09-17T18:49:00+02:00,53,dr-robert,407,160,247,60.7
2026-09-17T16:49:00Z,2026-09-17T18:49:00+02:00,54,placa-vella,297,105,192,64.6
2026-09-17T16:49:00Z,2026-09-17T18:49:00+02:00,55,ajuntament-mercat,237,120,117,49.4
2026-09-17T16:50:00Z,2026-09-17T18:50:00+02:00,53,dr-robert,407,160,247,60.7
2026-09-17T16:50:00Z,2026-09-17T18:50:00+02:00,54,placa-vella,297,105,192,64.6
2026-09-17T16:50:00Z,2026-09-17T18:50:00+02:00,55,ajuntament-mercat,237,120,117,49.4
2026-09-17T16:51:00Z,2026-09-17T18:51:00+02:00,53,dr-robert,407,169,238,58.5
2026-09-17T16:51:00Z,2026-09-17T18:51:00+02:00,54,placa-vella,297,103,194,65.3
2026-09-17T16:51:00Z,2026-09-17T18:51:00+02:00,55,ajuntament-mercat,237,121,116,48.9
2026-09-17T16:52:00Z,2026-09-17T18:52:00+02:00,53,dr-robert,407,169,238,58.5
2026-09-17T16:52:00Z,2026-09-17T18:52:00+02:00,54,placa-vella,297,103,194,65.3
2026-09-17T16:52:00Z,2026-09-17T18:52:00+02:00,55,ajuntament-mercat,237,121,116,48.9
2026-09-17T16:53:00Z,2026-09-17T18:53:00+02:00,53,dr-robert,407,169,238,58.5
2026-09-17T16:53:00Z,2026-09-17T18:53:00+02:00,54,placa-vella,297,103,194,65.3
2026-09-17T16:53:00Z,2026-09-17T18:53:00+02:00,55,ajuntament-mercat,237,121,116,48.9
2026-09-17T16:54:00Z,2026-09-17T18:54:00+02:00,53,dr-robert,407,169,238,58.5
2026-09-17T16:54:00Z,2026-09-17T18:54:00+02:00,54,placa-vella,297,103,194,65.3
2026-09-17T16:54:00Z,2026-09-17T18:54:00+02:00,55,ajuntament-mercat,237,121,116,48.9
2026-09-17T16:55:00Z,2026-09-17T18:55:00+02:00,53,dr-robert,407,168,239,58.7
2026-09-17T16:55:00Z,2026-09-17T18:55:00+02:00,54,placa-vella,297,99,198,66.7
2026-09-17T16:55:00Z,2026-09-17T18:55:00+02:00,55,ajuntament-mercat,237,122,115,48.5
2026-09-17T16:56:00Z,2026-09-17T18:56:00+02:00,53,dr-robert,407,168,239,58.7
2026-09-17T16:56:00Z,2026-09-17T18:56:00+02:00,54,placa-vella,297,99,198,66.7
2026-09-17T16:56:00Z,2026-09-17T18:56:00+02:00,55,ajuntament-mercat,237,122,115,48.5
2026-09-17T16:57:00Z,2026-09-17T18:57:00+02:00,53,dr-robert,407,168,239,58.7
2026-09-17T16:57:00Z,2026-09-17T18:57:00+02:00,54,placa-vella,297,99,198,66.7
2026-09-17T16:57:00Z,2026-09-17T18:57:00+02:00,55,ajuntament-mercat,237,122,115,48.5
2026-09-17T16:58:00Z,2026-09-17T18:58:00+02:00,53,dr-robert,407,168,239,58.7
2026-09-17T16:58:00Z,2026-09-17T18:58:00+02:00,54,placa-vella,297,99,198,66.7
2026-09-17T16:58:00Z,2026-09-17T18:58:00+02:00,55,ajuntament-mercat,237,122,115,48.5
2026-09-17T16:59:00Z,2026-09-17T18:59:00+02:00,53,dr-robert,407,168,239,58.7
2026-09-17T16:59:00Z,2026-09-17T18:59:00+02:00,54,placa-vella,297,99,198,66.7
2026-09-17T16:59:00Z,2026-09-17T18:59:00+02:00,55,ajuntament-mercat,237,122,115,48.5
2026-09-17T17:00:00Z,2026-09-17T19:00:00+02:00,53,dr-robert,407,165,242,59.5
2026-09-17T17:00:00Z,2026-09-17T19:00:00+02:00,54,placa-vella,297,97,200,67.3
2026-09-17T17:00:00Z,2026-09-17T19:00:00+02:00,55,ajuntament-mercat,237,122,115,48.5
2026-09-17T17:01:00Z,2026-09-17T19:01:00+02:00,53,dr-robert,407,165,242,59.5
2026-09-17T17:01:00Z,2026-09-17T19:01:00+02:00,54,placa-vella,297,97,200,67.3
2026-09-17T17:01:00Z,2026-09-17T19:01:00+02:00,55,ajuntament-mercat,237,122,115,48.5
2026-09-17T17:02:00Z,2026-09-17T19:02:00+02:00,53,dr-robert,407,165,242,59.5
2026-09-17T17:02:00Z,2026-09-17T19:02:00+02:00,54,placa-vella,297,97,200,67.3
2026-09-17T17:02:00Z,2026-09-17T19:02:00+02:00,55,ajuntament-mercat,237,122,115,48.5
2026-09-17T17:03:00Z,2026-09-17T19:03:00+02:00,53,dr-robert,407,165,242,59.5
2026-09-17T17:03:00Z,2026-09-17T19:03:00+02:00,54,placa-vella,297,97,200,67.3
2026-09-17T17:03:00Z,2026-09-17T19:03:00+02:00,55,ajuntament-mercat,237,122,115,48.5
2026-09-17T17:04:00Z,2026-09-17T19:04:00+02:00,53,dr-robert,407,165,242,59.5
2026-09-17T17:04:00Z,2026-09-17T19:04:00+02:00,54,placa-vella,297,97,200,67.3
2026-09-17T17:04:00Z,2026-09-17T19:04:00+02:00,55,ajuntament-mercat,237,122,115,48.5
2026-09-17T17:05:00Z,2026-09-17T19:05:00+02:00,53,dr-robert,407,169,238,58.5
2026-09-17T17:05:00Z,2026-09-17T19:05:00+02:00,54,placa-vella,297,97,200,67.3
2026-09-17T17:05:00Z,2026-09-17T19:05:00+02:00,55,ajuntament-mercat,237,122,115,48.5
2026-09-17T17:06:00Z,2026-09-17T19:06:00+02:00,53,dr-robert,407,169,238,58.5
2026-09-17T17:06:00Z,2026-09-17T19:06:00+02:00,54,placa-vella,297,97,200,67.3
2026-09-17T17:06:00Z,2026-09-17T19:06:00+02:00,55,ajuntament-mercat,237,122,115,48.5
2026-09-17T17:07:00Z,2026-09-17T19:07:00+02:00,53,dr-robert,407,169,238,58.5
2026-09-17T17:07:00Z,2026-09-17T19:07:00+02:00,54,placa-vella,297,97,200,67.3
2026-09-17T17:07:00Z,2026-09-17T19:07:00+02:00,55,ajuntament-mercat,237,122,115,48.5
2026-09-17T17:08:00Z,2026-09-17T19:08:00+02:00,53,dr-robert,407,169,238,58.5
2026-09-17T17:08:00Z,2026-09-17T19:08:00+02:00,54,placa-vella,297,97,200,67.3
2026-09-17T17:08:00Z,2026-09-17T19:08:00+02:00,55,ajuntament-mercat,237,122,115,48.5
2026-09-17T17:09:00Z,2026-09-17T19:09:00+02:00,53,dr-robert,407,169,238,58.5
2026-09-17T17:09:00Z,2026-09-17T19:09:00+02:00,54,placa-vella,297,97,200,67.3
2026-09-17T17:09:00Z,2026-09-17T19:09:00+02:00,55,ajuntament-mercat,237,122,115,48.5
2026-09-17T17:10:00Z,2026-09-17T19:10:00+02:00,53,dr-robert,407,173,234,57.5
2026-09-17T17:10:00Z,2026-09-17T19:10:00+02:00,54,placa-vella,297,102,195,65.7
2026-09-17T17:10:00Z,2026-09-17T19:10:00+02:00,55,ajuntament-mercat,237,125,112,47.3
2026-09-17T17:11:00Z,2026-09-17T19:11:00+02:00,53,dr-robert,407,173,234,57.5
2026-09-17T17:11:00Z,2026-09-17T19:11:00+02:00,54,placa-vella,297,102,195,65.7
2026-09-17T17:11:00Z,2026-09-17T19:11:00+02:00,55,ajuntament-mercat,237,125,112,47.3
2026-09-17T17:12:00Z,2026-09-17T19:12:00+02:00,53,dr-robert,407,173,234,57.5
2026-09-17T17:12:00Z,2026-09-17T19:12:00+02:00,54,placa-vella,297,102,195,65.7
2026-09-17T17:12:00Z,2026-09-17T19:12:00+02:00,55,ajuntament-mercat,237,125,112,47.3
2026-09-17T17:13:00Z,2026-09-17T19:13:00+02:00,53,dr-robert,407,173,234,57.5
2026-09-17T17:13:00Z,2026-09-17T19:13:00+02:00,54,placa-vella,297,102,195,65.7
2026-09-17T17:13:00Z,2026-09-17T19:13:00+02:00,55,ajuntament-mercat,237,125,112,47.3
2026-09-17T17:14:00Z,2026-09-17T19:14:00+02:00,53,dr-robert,407,173,234,57.5
2026-09-17T17:14:00Z,2026-09-17T19:14:00+02:00,54,placa-vella,297,102,195,65.7
2026-09-17T17:14:00Z,2026-09-17T19:14:00+02:00,55,ajuntament-mercat,237,125,112,47.3
2026-09-17T17:15:00Z,2026-09-17T19:15:00+02:00,53,dr-robert,407,173,234,57.5
2026-09-17T17:15:00Z,2026-09-17T19:15:00+02:00,54,placa-vella,297,102,195,65.7
2026-09-17T17:15:00Z,2026-09-17T19:15:00+02:00,55,ajuntament-mercat,237,125,112,47.3
2026-09-17T17:16:00Z,2026-09-17T19:16:00+02:00,53,dr-robert,407,173,234,57.5
2026-09-17T17:16:00Z,2026-09-17T19:16:00+02:00,54,placa-vella,297,106,191,64.3
2026-09-17T17:16:00Z,2026-09-17T19:16:00+02:00,55,ajuntament-mercat,237,127,110,46.4
2026-09-17T17:17:00Z,2026-09-17T19:17:00+02:00,53,dr-robert,407,173,234,57.5
2026-09-17T17:17:00Z,2026-09-17T19:17:00+02:00,54,placa-vella,297,106,191,64.3
2026-09-17T17:17:00Z,2026-09-17T19:17:00+02:00,55,ajuntament-mercat,237,127,110,46.4
2026-09-17T17:18:00Z,2026-09-17T19:18:00+02:00,53,dr-robert,407,173,234,57.5
2026-09-17T17:18:00Z,2026-09-17T19:18:00+02:00,54,placa-vella,297,106,191,64.3
2026-09-17T17:18:00Z,2026-09-17T19:18:00+02:00,55,ajuntament-mercat,237,127,110,46.4
2026-09-17T17:19:00Z,2026-09-17T19:19:00+02:00,53,dr-robert,407,173,234,57.5
2026-09-17T17:19:00Z,2026-09-17T19:19:00+02:00,54,placa-vella,297,106,191,64.3
2026-09-17T17:19:00Z,2026-09-17T19:19:00+02:00,55,ajuntament-mercat,237,127,110,46.4
2026-09-17T17:20:00Z,2026-09-17T19:20:00+02:00,53,dr-robert,407,172,235,57.7
2026-09-17T17:20:00Z,2026-09-17T19:20:00+02:00,54,placa-vella,297,106,191,64.3
2026-09-17T17:20:00Z,2026-09-17T19:20:00+02:00,55,ajuntament-mercat,237,127,110,46.4
2026-09-17T17:21:00Z,2026-09-17T19:21:00+02:00,53,dr-robert,407,172,235,57.7
2026-09-17T17:21:00Z,2026-09-17T19:21:00+02:00,54,placa-vella,297,106,191,64.3
2026-09-17T17:21:00Z,2026-09-17T19:21:00+02:00,55,ajuntament-mercat,237,127,110,46.4
2026-09-17T17:22:00Z,2026-09-17T19:22:00+02:00,53,dr-robert,407,172,235,57.7
2026-09-17T17:22:00Z,2026-09-17T19:22:00+02:00,54,placa-vella,297,106,191,64.3
2026-09-17T17:22:00Z,2026-09-17T19:22:00+02:00,55,ajuntament-mercat,237,127,110,46.4
2026-09-17T17:23:00Z,2026-09-17T19:23:00+02:00,53,dr-robert,407,172,235,57.7
2026-09-17T17:23:00Z,2026-09-17T19:23:00+02:00,54,placa-vella,297,106,191,64.3
2026-09-17T17:23:00Z,2026-09-17T19:23:00+02:00,55,ajuntament-mercat,237,127,110,46.4
2026-09-17T17:24:00Z,2026-09-17T19:24:00+02:00,53,dr-robert,407,172,235,57.7
2026-09-17T17:24:00Z,2026-09-17T19:24:00+02:00,54,placa-vella,297,106,191,64.3
2026-09-17T17:24:00Z,2026-09-17T19:24:00+02:00,55,ajuntament-mercat,237,127,110,46.4
2026-09-17T17:25:00Z,2026-09-17T19:25:00+02:00,53,dr-robert,407,172,235,57.7
2026-09-17T17:25:00Z,2026-09-17T19:25:00+02:00,54,placa-vella,297,106,191,64.3
2026-09-17T17:25:00Z,2026-09-17T19:25:00+02:00,55,ajuntament-mercat,237,125,112,47.3
2026-09-17T17:26:00Z,2026-09-17T19:26:00+02:00,53,dr-robert,407,172,235,57.7
2026-09-17T17:26:00Z,2026-09-17T19:26:00+02:00,54,placa-vella,297,106,191,64.3
2026-09-17T17:26:00Z,2026-09-17T19:26:00+02:00,55,ajuntament-mercat,237,125,112,47.3
2026-09-17T17:27:00Z,2026-09-17T19:27:00+02:00,53,dr-robert,407,172,235,57.7
2026-09-17T17:27:00Z,2026-09-17T19:27:00+02:00,54,placa-vella,297,106,191,64.3
2026-09-17T17:27:00Z,2026-09-17T19:27:00+02:00,55,ajuntament-mercat,237,125,112,47.3
2026-09-17T17:28:00Z,2026-09-17T19:28:00+02:00,53,dr-robert,407,172,235,57.7
2026-09-17T17:28:00Z,2026-09-17T19:28:00+02:00,54,placa-vella,297,106,191,64.3
2026-09-17T17:28:00Z,2026-09-17T19:28:00+02:00,55,ajuntament-mercat,237,125,112,47.3
2026-09-17T17:29:00Z,2026-09-17T19:29:00+02:00,53,dr-robert,407,172,235,57.7
2026-09-17T17:29:00Z,2026-09-17T19:29:00+02:00,54,placa-vella,297,106,191,64.3
2026-09-17T17:29:00Z,2026-09-17T19:29:00+02:00,55,ajuntament-mercat,237,125,112,47.3
2026-09-17T17:30:00Z,2026-09-17T19:30:00+02:00,53,dr-robert,407,176,231,56.8
2026-09-17T17:30:00Z,2026-09-17T19:30:00+02:00,54,placa-vella,297,111,186,62.6
2026-09-17T17:30:00Z,2026-09-17T19:30:00+02:00,55,ajuntament-mercat,237,125,112,47.3
2026-09-17T17:31:00Z,2026-09-17T19:31:00+02:00,53,dr-robert,407,176,231,56.8
2026-09-17T17:31:00Z,2026-09-17T19:31:00+02:00,54,placa-vella,297,111,186,62.6
2026-09-17T17:31:00Z,2026-09-17T19:31:00+02:00,55,ajuntament-mercat,237,125,112,47.3
2026-09-17T17:32:00Z,2026-09-17T19:32:00+02:00,53,dr-robert,407,176,231,56.8
2026-09-17T17:32:00Z,2026-09-17T19:32:00+02:00,54,placa-vella,297,111,186,62.6
2026-09-17T17:32:00Z,2026-09-17T19:32:00+02:00,55,ajuntament-mercat,237,125,112,47.3
2026-09-17T17:33:00Z,2026-09-17T19:33:00+02:00,53,dr-robert,407,176,231,56.8
2026-09-17T17:33:00Z,2026-09-17T19:33:00+02:00,54,placa-vella,297,111,186,62.6
2026-09-17T17:33:00Z,2026-09-17T19:33:00+02:00,55,ajuntament-mercat,237,125,112,47.3
2026-09-17T17:34:00Z,2026-09-17T19:34:00+02:00,53,dr-robert,407,176,231,56.8
2026-09-17T17:34:00Z,2026-09-17T19:34:00+02:00,54,placa-vella,297,111,186,62.6
2026-09-17T17:34:00Z,2026-09-17T19:34:00+02:00,55,ajuntament-mercat,237,125,112,47.3
2026-09-17T17:35:00Z,2026-09-17T19:35:00+02:00,53,dr-robert,407,182,225,55.3
2026-09-17T17:35:00Z,2026-09-17T19:35:00+02:00,54,placa-vella,297,115,182,61.3
2026-09-17T17:35:00Z,2026-09-17T19:35:00+02:00,55,ajuntament-mercat,237,127,110,46.4
2026-09-17T17:36:00Z,2026-09-17T19:36:00+02:00,53,dr-robert,407,182,225,55.3
2026-09-17T17:36:00Z,2026-09-17T19:36:00+02:00,54,placa-vella,297,115,182,61.3
2026-09-17T17:36:00Z,2026-09-17T19:36:00+02:00,55,ajuntament-mercat,237,127,110,46.4
2026-09-17T17:37:00Z,2026-09-17T19:37:00+02:00,53,dr-robert,407,182,225,55.3
2026-09-17T17:37:00Z,2026-09-17T19:37:00+02:00,54,placa-vella,297,115,182,61.3
2026-09-17T17:37:00Z,2026-09-17T19:37:00+02:00,55,ajuntament-mercat,237,127,110,46.4
2026-09-17T17:38:00Z,2026-09-17T19:38:00+02:00,53,dr-robert,407,182,225,55.3
2026-09-17T17:38:00Z,2026-09-17T19:38:00+02:00,54,placa-vella,297,115,182,61.3
2026-09-17T17:38:00Z,2026-09-17T19:38:00+02:00,55,ajuntament-mercat,237,127,110,46.4
2026-09-17T17:39:00Z,2026-09-17T19:39:00+02:00,53,dr-robert,407,182,225,55.3
2026-09-17T17:39:00Z,2026-09-17T19:39:00+02:00,54,placa-vella,297,115,182,61.3
2026-09-17T17:39:00Z,2026-09-17T19:39:00+02:00,55,ajuntament-mercat,237,127,110,46.4
2026-09-17T17:40:00Z,2026-09-17T19:40:00+02:00,53,dr-robert,407,181,226,55.5
2026-09-17T17:40:00Z,2026-09-17T19:40:00+02:00,54,placa-vella,297,117,180,60.6
2026-09-17T17:40:00Z,2026-09-17T19:40:00+02:00,55,ajuntament-mercat,237,129,108,45.6
2026-09-17T17:41:00Z,2026-09-17T19:41:00+02:00,53,dr-robert,407,181,226,55.5
2026-09-17T17:41:00Z,2026-09-17T19:41:00+02:00,54,placa-vella,297,117,180,60.6
2026-09-17T17:41:00Z,2026-09-17T19:41:00+02:00,55,ajuntament-mercat,237,129,108,45.6
2026-09-17T17:42:00Z,2026-09-17T19:42:00+02:00,53,dr-robert,407,181,226,55.5
2026-09-17T17:42:00Z,2026-09-17T19:42:00+02:00,54,placa-vella,297,117,180,60.6
2026-09-17T17:42:00Z,2026-09-17T19:42:00+02:00,55,ajuntament-mercat,237,129,108,45.6
2026-09-17T17:43:00Z,2026-09-17T19:43:00+02:00,53,dr-robert,407,181,226,55.5
2026-09-17T17:43:00Z,2026-09-17T19:43:00+02:00,54,placa-vella,297,117,180,60.6
2026-09-17T17:43:00Z,2026-09-17T19:43:00+02:00,55,ajuntament-mercat,237,129,108,45.6
2026-09-17T17:44:00Z,2026-09-17T19:44:00+02:00,53,dr-robert,407,181,226,55.5
2026-09-17T17:44:00Z,2026-09-17T19:44:00+02:00,54,placa-vella,297,117,180,60.6
2026-09-17T17:44:00Z,2026-09-17T19:44:00+02:00,55,ajuntament-mercat,237,129,108,45.6
2026-09-17T17:45:00Z,2026-09-17T19:45:00+02:00,53,dr-robert,407,185,222,54.5
2026-09-17T17:45:00Z,2026-09-17T19:45:00+02:00,54,placa-vella,297,119,178,59.9
2026-09-17T17:45:00Z,2026-09-17T19:45:00+02:00,55,ajuntament-mercat,237,130,107,45.1
2026-09-17T17:46:00Z,2026-09-17T19:46:00+02:00,53,dr-robert,407,185,222,54.5
2026-09-17T17:46:00Z,2026-09-17T19:46:00+02:00,54,placa-vella,297,119,178,59.9
2026-09-17T17:46:00Z,2026-09-17T19:46:00+02:00,55,ajuntament-mercat,237,130,107,45.1
2026-09-17T17:47:00Z,2026-09-17T19:47:00+02:00,53,dr-robert,407,185,222,54.5
2026-09-17T17:47:00Z,2026-09-17T19:47:00+02:00,54,placa-vella,297,119,178,59.9
2026-09-17T17:47:00Z,2026-09-17T19:47:00+02:00,55,ajuntament-mercat,237,130,107,45.1
2026-09-17T17:48:00Z,2026-09-17T19:48:00+02:00,53,dr-robert,407,185,222,54.5
2026-09-17T17:48:00Z,2026-09-17T19:48:00+02:00,54,placa-vella,297,119,178,59.9
2026-09-17T17:48:00Z,2026-09-17T19:48:00+02:00,55,ajuntament-mercat,237,130,107,45.1
2026-09-17T17:49:00Z,2026-09-17T19:49:00+02:00,53,dr-robert,407,185,222,54.5
2026-09-17T17:49:00Z,2026-09-17T19:49:00+02:00,54,placa-vella,297,119,178,59.9
2026-09-17T17:49:00Z,2026-09-17T19:49:00+02:00,55,ajuntament-mercat,237,130,107,45.1
2026-09-17T17:50:00Z,2026-09-17T19:50:00+02:00,53,dr-robert,407,191,216,53.1
2026-09-17T17:50:00Z,2026-09-17T19:50:00+02:00,54,placa-vella,297,121,176,59.3
2026-09-17T17:50:00Z,2026-09-17T19:50:00+02:00,55,ajuntament-mercat,237,132,105,44.3
2026-09-17T17:51:00Z,2026-09-17T19:51:00+02:00,53,dr-robert,407,191,216,53.1
2026-09-17T17:51:00Z,2026-09-17T19:51:00+02:00,54,placa-vella,297,121,176,59.3
2026-09-17T17:51:00Z,2026-09-17T19:51:00+02:00,55,ajuntament-mercat,237,132,105,44.3
2026-09-17T17:52:00Z,2026-09-17T19:52:00+02:00,53,dr-robert,407,191,216,53.1
2026-09-17T17:52:00Z,2026-09-17T19:52:00+02:00,54,placa-vella,297,121,176,59.3
2026-09-17T17:52:00Z,2026-09-17T19:52:00+02:00,55,ajuntament-mercat,237,132,105,44.3
2026-09-17T17:53:00Z,2026-09-17T19:53:00+02:00,53,dr-robert,407,191,216,53.1
2026-09-17T17:53:00Z,2026-09-17T19:53:00+02:00,54,placa-vella,297,121,176,59.3
2026-09-17T17:53:00Z,2026-09-17T19:53:00+02:00,55,ajuntament-mercat,237,132,105,44.3
2026-09-17T17:54:00Z,2026-09-17T19:54:00+02:00,53,dr-robert,407,191,216,53.1
2026-09-17T17:54:00Z,2026-09-17T19:54:00+02:00,54,placa-vella,297,121,176,59.3
2026-09-17T17:54:00Z,2026-09-17T19:54:00+02:00,55,ajuntament-mercat,237,132,105,44.3
2026-09-17T17:55:00Z,2026-09-17T19:55:00+02:00,53,dr-robert,407,198,209,51.4
2026-09-17T17:55:00Z,2026-09-17T19:55:00+02:00,54,placa-vella,297,130,167,56.2
2026-09-17T17:55:00Z,2026-09-17T19:55:00+02:00,55,ajuntament-mercat,237,131,106,44.7
2026-09-17T17:56:00Z,2026-09-17T19:56:00+02:00,53,dr-robert,407,198,209,51.4
2026-09-17T17:56:00Z,2026-09-17T19:56:00+02:00,54,placa-vella,297,130,167,56.2
2026-09-17T17:56:00Z,2026-09-17T19:56:00+02:00,55,ajuntament-mercat,237,131,106,44.7
2026-09-17T17:57:00Z,2026-09-17T19:57:00+02:00,53,dr-robert,407,198,209,51.4
2026-09-17T17:57:00Z,2026-09-17T19:57:00+02:00,54,placa-vella,297,130,167,56.2
2026-09-17T17:57:00Z,2026-09-17T19:57:00+02:00,55,ajuntament-mercat,237,131,106,44.7
2026-09-17T17:58:00Z,2026-09-17T19:58:00+02:00,53,dr-robert,407,198,209,51.4
2026-09-17T17:58:00Z,2026-09-17T19:58:00+02:00,54,placa-vella,297,130,167,56.2
2026-09-17T17:58:00Z,2026-09-17T19:58:00+02:00,55,ajuntament-mercat,237,131,106,44.7
2026-09-17T17:59:00Z,2026-09-17T19:59:00+02:00,53,dr-robert,407,198,209,51.4
2026-09-17T17:59:00Z,2026-09-17T19:59:00+02:00,54,placa-vella,297,130,167,56.2
2026-09-17T17:59:00Z,2026-09-17T19:59:00+02:00,55,ajuntament-mercat,237,131,106,44.7
2026-09-17T18:00:00Z,2026-09-17T20:00:00+02:00,53,dr-robert,407,198,209,51.4
2026-09-17T18:00:00Z,2026-09-17T20:00:00+02:00,54,placa-vella,297,130,167,56.2
2026-09-17T18:00:00Z,2026-09-17T20:00:00+02:00,55,ajuntament-mercat,237,131,106,44.7
2026-09-17T18:01:00Z,2026-09-17T20:01:00+02:00,53,dr-robert,407,204,203,49.9
2026-09-17T18:01:00Z,2026-09-17T20:01:00+02:00,54,placa-vella,297,136,161,54.2
2026-09-17T18:01:00Z,2026-09-17T20:01:00+02:00,55,ajuntament-mercat,237,139,98,41.4
2026-09-17T18:02:00Z,2026-09-17T20:02:00+02:00,53,dr-robert,407,204,203,49.9
2026-09-17T18:02:00Z,2026-09-17T20:02:00+02:00,54,placa-vella,297,136,161,54.2
2026-09-17T18:02:00Z,2026-09-17T20:02:00+02:00,55,ajuntament-mercat,237,139,98,41.4
2026-09-17T18:03:00Z,2026-09-17T20:03:00+02:00,53,dr-robert,407,204,203,49.9
2026-09-17T18:03:00Z,2026-09-17T20:03:00+02:00,54,placa-vella,297,136,161,54.2
2026-09-17T18:03:00Z,2026-09-17T20:03:00+02:00,55,ajuntament-mercat,237,139,98,41.4
2026-09-17T18:04:00Z,2026-09-17T20:04:00+02:00,53,dr-robert,407,207,200,49.1
2026-09-17T18:04:00Z,2026-09-17T20:04:00+02:00,54,placa-vella,297,141,156,52.5
2026-09-17T18:04:00Z,2026-09-17T20:04:00+02:00,55,ajuntament-mercat,237,143,94,39.7
2026-09-17T18:05:00Z,2026-09-17T20:05:00+02:00,53,dr-robert,407,207,200,49.1
2026-09-17T18:05:00Z,2026-09-17T20:05:00+02:00,54,placa-vella,297,141,156,52.5
2026-09-17T18:05:00Z,2026-09-17T20:05:00+02:00,55,ajuntament-mercat,237,143,94,39.7
2026-09-17T18:06:00Z,2026-09-17T20:06:00+02:00,53,dr-robert,407,207,200,49.1
2026-09-17T18:06:00Z,2026-09-17T20:06:00+02:00,54,placa-vella,297,141,156,52.5
2026-09-17T18:06:00Z,2026-09-17T20:06:00+02:00,55,ajuntament-mercat,237,143,94,39.7
2026-09-17T18:07:00Z,2026-09-17T20:07:00+02:00,53,dr-robert,407,207,200,49.1
2026-09-17T18:07:00Z,2026-09-17T20:07:00+02:00,54,placa-vella,297,141,156,52.5
2026-09-17T18:07:00Z,2026-09-17T20:07:00+02:00,55,ajuntament-mercat,237,143,94,39.7
2026-09-17T18:08:00Z,2026-09-17T20:08:00+02:00,53,dr-robert,407,207,200,49.1
2026-09-17T18:08:00Z,2026-09-17T20:08:00+02:00,54,placa-vella,297,141,156,52.5
2026-09-17T18:08:00Z,2026-09-17T20:08:00+02:00,55,ajuntament-mercat,237,143,94,39.7
2026-09-17T18:09:00Z,2026-09-17T20:09:00+02:00,53,dr-robert,407,207,200,49.1
2026-09-17T18:09:00Z,2026-09-17T20:09:00+02:00,54,placa-vella,297,141,156,52.5
2026-09-17T18:09:00Z,2026-09-17T20:09:00+02:00,55,ajuntament-mercat,237,143,94,39.7
2026-09-17T18:10:00Z,2026-09-17T20:10:00+02:00,53,dr-robert,407,219,188,46.2
2026-09-17T18:10:00Z,2026-09-17T20:10:00+02:00,54,placa-vella,297,146,151,50.8
2026-09-17T18:10:00Z,2026-09-17T20:10:00+02:00,55,ajuntament-mercat,237,145,92,38.8
2026-09-17T18:11:00Z,2026-09-17T20:11:00+02:00,53,dr-robert,407,219,188,46.2
2026-09-17T18:11:00Z,2026-09-17T20:11:00+02:00,54,placa-vella,297,146,151,50.8
2026-09-17T18:11:00Z,2026-09-17T20:11:00+02:00,55,ajuntament-mercat,237,145,92,38.8
2026-09-17T18:12:00Z,2026-09-17T20:12:00+02:00,53,dr-robert,407,219,188,46.2
2026-09-17T18:12:00Z,2026-09-17T20:12:00+02:00,54,placa-vella,297,146,151,50.8
2026-09-17T18:12:00Z,2026-09-17T20:12:00+02:00,55,ajuntament-mercat,237,145,92,38.8
2026-09-17T18:13:00Z,2026-09-17T20:13:00+02:00,53,dr-robert,407,219,188,46.2
2026-09-17T18:13:00Z,2026-09-17T20:13:00+02:00,54,placa-vella,297,146,151,50.8
2026-09-17T18:13:00Z,2026-09-17T20:13:00+02:00,55,ajuntament-mercat,237,145,92,38.8
2026-09-17T18:14:00Z,2026-09-17T20:14:00+02:00,53,dr-robert,407,219,188,46.2
2026-09-17T18:14:00Z,2026-09-17T20:14:00+02:00,54,placa-vella,297,146,151,50.8
2026-09-17T18:14:00Z,2026-09-17T20:14:00+02:00,55,ajuntament-mercat,237,145,92,38.8
2026-09-17T18:15:00Z,2026-09-17T20:15:00+02:00,53,dr-robert,407,231,176,43.2
2026-09-17T18:15:00Z,2026-09-17T20:15:00+02:00,54,placa-vella,297,151,146,49.2
2026-09-17T18:15:00Z,2026-09-17T20:15:00+02:00,55,ajuntament-mercat,237,151,86,36.3
2026-09-17T18:16:00Z,2026-09-17T20:16:00+02:00,53,dr-robert,407,231,176,43.2
2026-09-17T18:16:00Z,2026-09-17T20:16:00+02:00,54,placa-vella,297,151,146,49.2
2026-09-17T18:16:00Z,2026-09-17T20:16:00+02:00,55,ajuntament-mercat,237,151,86,36.3
2026-09-17T18:17:00Z,2026-09-17T20:17:00+02:00,53,dr-robert,407,231,176,43.2
2026-09-17T18:17:00Z,2026-09-17T20:17:00+02:00,54,placa-vella,297,151,146,49.2
2026-09-17T18:17:00Z,2026-09-17T20:17:00+02:00,55,ajuntament-mercat,237,151,86,36.3
2026-09-17T18:18:00Z,2026-09-17T20:18:00+02:00,53,dr-robert,407,231,176,43.2
2026-09-17T18:18:00Z,2026-09-17T20:18:00+02:00,54,placa-vella,297,151,146,49.2
2026-09-17T18:18:00Z,2026-09-17T20:18:00+02:00,55,ajuntament-mercat,237,151,86,36.3
2026-09-17T18:19:00Z,2026-09-17T20:19:00+02:00,53,dr-robert,407,231,176,43.2
2026-09-17T18:19:00Z,2026-09-17T20:19:00+02:00,54,placa-vella,297,151,146,49.2
2026-09-17T18:19:00Z,2026-09-17T20:19:00+02:00,55,ajuntament-mercat,237,151,86,36.3
2026-09-17T18:20:00Z,2026-09-17T20:20:00+02:00,53,dr-robert,407,235,172,42.3
2026-09-17T18:20:00Z,2026-09-17T20:20:00+02:00,54,placa-vella,297,153,144,48.5
2026-09-17T18:20:00Z,2026-09-17T20:20:00+02:00,55,ajuntament-mercat,237,154,83,35
2026-09-17T18:21:00Z,2026-09-17T20:21:00+02:00,53,dr-robert,407,235,172,42.3
2026-09-17T18:21:00Z,2026-09-17T20:21:00+02:00,54,placa-vella,297,153,144,48.5
2026-09-17T18:21:00Z,2026-09-17T20:21:00+02:00,55,ajuntament-mercat,237,154,83,35
2026-09-17T18:22:00Z,2026-09-17T20:22:00+02:00,53,dr-robert,407,235,172,42.3
2026-09-17T18:22:00Z,2026-09-17T20:22:00+02:00,54,placa-vella,297,153,144,48.5
2026-09-17T18:22:00Z,2026-09-17T20:22:00+02:00,55,ajuntament-mercat,237,154,83,35
2026-09-17T18:23:00Z,2026-09-17T20:23:00+02:00,53,dr-robert,407,235,172,42.3
2026-09-17T18:23:00Z,2026-09-17T20:23:00+02:00,54,placa-vella,297,153,144,48.5
2026-09-17T18:23:00Z,2026-09-17T20:23:00+02:00,55,ajuntament-mercat,237,154,83,35
2026-09-17T18:24:00Z,2026-09-17T20:24:00+02:00,53,dr-robert,407,235,172,42.3
2026-09-17T18:24:00Z,2026-09-17T20:24:00+02:00,54,placa-vella,297,153,144,48.5
2026-09-17T18:24:00Z,2026-09-17T20:24:00+02:00,55,ajuntament-mercat,237,154,83,35
2026-09-17T18:25:00Z,2026-09-17T20:25:00+02:00,53,dr-robert,407,239,168,41.3
2026-09-17T18:25:00Z,2026-09-17T20:25:00+02:00,54,placa-vella,297,157,140,47.1
2026-09-17T18:25:00Z,2026-09-17T20:25:00+02:00,55,ajuntament-mercat,237,160,77,32.5
2026-09-17T18:26:00Z,2026-09-17T20:26:00+02:00,53,dr-robert,407,239,168,41.3
2026-09-17T18:26:00Z,2026-09-17T20:26:00+02:00,54,placa-vella,297,157,140,47.1
2026-09-17T18:26:00Z,2026-09-17T20:26:00+02:00,55,ajuntament-mercat,237,160,77,32.5
2026-09-17T18:27:00Z,2026-09-17T20:27:00+02:00,53,dr-robert,407,239,168,41.3
2026-09-17T18:27:00Z,2026-09-17T20:27:00+02:00,54,placa-vella,297,157,140,47.1
2026-09-17T18:27:00Z,2026-09-17T20:27:00+02:00,55,ajuntament-mercat,237,160,77,32.5
2026-09-17T18:28:00Z,2026-09-17T20:28:00+02:00,53,dr-robert,407,239,168,41.3
2026-09-17T18:28:00Z,2026-09-17T20:28:00+02:00,54,placa-vella,297,157,140,47.1
2026-09-17T18:28:00Z,2026-09-17T20:28:00+02:00,55,ajuntament-mercat,237,160,77,32.5
2026-09-17T18:29:00Z,2026-09-17T20:29:00+02:00,53,dr-robert,407,239,168,41.3
2026-09-17T18:29:00Z,2026-09-17T20:29:00+02:00,54,placa-vella,297,157,140,47.1
2026-09-17T18:29:00Z,2026-09-17T20:29:00+02:00,55,ajuntament-mercat,237,160,77,32.5
2026-09-17T18:30:00Z,2026-09-17T20:30:00+02:00,53,dr-robert,407,238,169,41.5
2026-09-17T18:30:00Z,2026-09-17T20:30:00+02:00,54,placa-vella,297,163,134,45.1
2026-09-17T18:30:00Z,2026-09-17T20:30:00+02:00,55,ajuntament-mercat,237,162,75,31.6
2026-09-17T18:31:00Z,2026-09-17T20:31:00+02:00,53,dr-robert,407,238,169,41.5
2026-09-17T18:31:00Z,2026-09-17T20:31:00+02:00,54,placa-vella,297,163,134,45.1
2026-09-17T18:31:00Z,2026-09-17T20:31:00+02:00,55,ajuntament-mercat,237,162,75,31.6
2026-09-17T18:32:00Z,2026-09-17T20:32:00+02:00,53,dr-robert,407,238,169,41.5
2026-09-17T18:32:00Z,2026-09-17T20:32:00+02:00,54,placa-vella,297,163,134,45.1
2026-09-17T18:32:00Z,2026-09-17T20:32:00+02:00,55,ajuntament-mercat,237,162,75,31.6
2026-09-17T18:33:00Z,2026-09-17T20:33:00+02:00,53,dr-robert,407,238,169,41.5
2026-09-17T18:33:00Z,2026-09-17T20:33:00+02:00,54,placa-vella,297,163,134,45.1
2026-09-17T18:33:00Z,2026-09-17T20:33:00+02:00,55,ajuntament-mercat,237,162,75,31.6
2026-09-17T18:34:00Z,2026-09-17T20:34:00+02:00,53,dr-robert,407,242,165,40.5
2026-09-17T18:34:00Z,2026-09-17T20:34:00+02:00,54,placa-vella,297,166,131,44.1
2026-09-17T18:34:00Z,2026-09-17T20:34:00+02:00,55,ajuntament-mercat,237,163,74,31.2
2026-09-17T18:35:00Z,2026-09-17T20:35:00+02:00,53,dr-robert,407,242,165,40.5
2026-09-17T18:35:00Z,2026-09-17T20:35:00+02:00,54,placa-vella,297,166,131,44.1
2026-09-17T18:35:00Z,2026-09-17T20:35:00+02:00,55,ajuntament-mercat,237,163,74,31.2
2026-09-17T18:36:00Z,2026-09-17T20:36:00+02:00,53,dr-robert,407,242,165,40.5
2026-09-17T18:36:00Z,2026-09-17T20:36:00+02:00,54,placa-vella,297,166,131,44.1
2026-09-17T18:36:00Z,2026-09-17T20:36:00+02:00,55,ajuntament-mercat,237,163,74,31.2
2026-09-17T18:37:00Z,2026-09-17T20:37:00+02:00,53,dr-robert,407,242,165,40.5
2026-09-17T18:37:00Z,2026-09-17T20:37:00+02:00,54,placa-vella,297,166,131,44.1
2026-09-17T18:37:00Z,2026-09-17T20:37:00+02:00,55,ajuntament-mercat,237,163,74,31.2
2026-09-17T18:38:00Z,2026-09-17T20:38:00+02:00,53,dr-robert,407,242,165,40.5
2026-09-17T18:38:00Z,2026-09-17T20:38:00+02:00,54,placa-vella,297,166,131,44.1
2026-09-17T18:38:00Z,2026-09-17T20:38:00+02:00,55,ajuntament-mercat,237,163,74,31.2
2026-09-17T18:39:00Z,2026-09-17T20:39:00+02:00,53,dr-robert,407,242,165,40.5
2026-09-17T18:39:00Z,2026-09-17T20:39:00+02:00,54,placa-vella,297,166,131,44.1
2026-09-17T18:39:00Z,2026-09-17T20:39:00+02:00,55,ajuntament-mercat,237,163,74,31.2
2026-09-17T18:40:00Z,2026-09-17T20:40:00+02:00,53,dr-robert,407,245,162,39.8
2026-09-17T18:40:00Z,2026-09-17T20:40:00+02:00,54,placa-vella,297,168,129,43.4
2026-09-17T18:40:00Z,2026-09-17T20:40:00+02:00,55,ajuntament-mercat,237,164,73,30.8
2026-09-17T18:41:00Z,2026-09-17T20:41:00+02:00,53,dr-robert,407,245,162,39.8
2026-09-17T18:41:00Z,2026-09-17T20:41:00+02:00,54,placa-vella,297,168,129,43.4
2026-09-17T18:41:00Z,2026-09-17T20:41:00+02:00,55,ajuntament-mercat,237,164,73,30.8
2026-09-17T18:42:00Z,2026-09-17T20:42:00+02:00,53,dr-robert,407,245,162,39.8
2026-09-17T18:42:00Z,2026-09-17T20:42:00+02:00,54,placa-vella,297,168,129,43.4
2026-09-17T18:42:00Z,2026-09-17T20:42:00+02:00,55,ajuntament-mercat,237,164,73,30.8
2026-09-17T18:43:00Z,2026-09-17T20:43:00+02:00,53,dr-robert,407,245,162,39.8
2026-09-17T18:43:00Z,2026-09-17T20:43:00+02:00,54,placa-vella,297,168,129,43.4
2026-09-17T18:43:00Z,2026-09-17T20:43:00+02:00,55,ajuntament-mercat,237,164,73,30.8
2026-09-17T18:44:00Z,2026-09-17T20:44:00+02:00,53,dr-robert,407,245,162,39.8
2026-09-17T18:44:00Z,2026-09-17T20:44:00+02:00,54,placa-vella,297,168,129,43.4
2026-09-17T18:44:00Z,2026-09-17T20:44:00+02:00,55,ajuntament-mercat,237,164,73,30.8
2026-09-17T18:45:00Z,2026-09-17T20:45:00+02:00,53,dr-robert,407,245,162,39.8
2026-09-17T18:45:00Z,2026-09-17T20:45:00+02:00,54,placa-vella,297,168,129,43.4
2026-09-17T18:45:00Z,2026-09-17T20:45:00+02:00,55,ajuntament-mercat,237,164,73,30.8
2026-09-17T18:46:00Z,2026-09-17T20:46:00+02:00,53,dr-robert,407,249,158,38.8
2026-09-17T18:46:00Z,2026-09-17T20:46:00+02:00,54,placa-vella,297,173,124,41.8
2026-09-17T18:46:00Z,2026-09-17T20:46:00+02:00,55,ajuntament-mercat,237,165,72,30.4
2026-09-17T18:47:00Z,2026-09-17T20:47:00+02:00,53,dr-robert,407,249,158,38.8
2026-09-17T18:47:00Z,2026-09-17T20:47:00+02:00,54,placa-vella,297,173,124,41.8
2026-09-17T18:47:00Z,2026-09-17T20:47:00+02:00,55,ajuntament-mercat,237,165,72,30.4
2026-09-17T18:48:00Z,2026-09-17T20:48:00+02:00,53,dr-robert,407,249,158,38.8
2026-09-17T18:48:00Z,2026-09-17T20:48:00+02:00,54,placa-vella,297,173,124,41.8
2026-09-17T18:48:00Z,2026-09-17T20:48:00+02:00,55,ajuntament-mercat,237,165,72,30.4
2026-09-17T18:49:00Z,2026-09-17T20:49:00+02:00,53,dr-robert,407,249,158,38.8
2026-09-17T18:49:00Z,2026-09-17T20:49:00+02:00,54,placa-vella,297,173,124,41.8
2026-09-17T18:49:00Z,2026-09-17T20:49:00+02:00,55,ajuntament-mercat,237,165,72,30.4
2026-09-17T18:50:00Z,2026-09-17T20:50:00+02:00,53,dr-robert,407,249,158,38.8
2026-09-17T18:50:00Z,2026-09-17T20:50:00+02:00,54,placa-vella,297,175,122,41.1
2026-09-17T18:50:00Z,2026-09-17T20:50:00+02:00,55,ajuntament-mercat,237,167,70,29.5
2026-09-17T18:51:00Z,2026-09-17T20:51:00+02:00,53,dr-robert,407,249,158,38.8
2026-09-17T18:51:00Z,2026-09-17T20:51:00+02:00,54,placa-vella,297,175,122,41.1
2026-09-17T18:51:00Z,2026-09-17T20:51:00+02:00,55,ajuntament-mercat,237,167,70,29.5
2026-09-17T18:52:00Z,2026-09-17T20:52:00+02:00,53,dr-robert,407,249,158,38.8
2026-09-17T18:52:00Z,2026-09-17T20:52:00+02:00,54,placa-vella,297,175,122,41.1
2026-09-17T18:52:00Z,2026-09-17T20:52:00+02:00,55,ajuntament-mercat,237,167,70,29.5
2026-09-17T18:53:00Z,2026-09-17T20:53:00+02:00,53,dr-robert,407,249,158,38.8
2026-09-17T18:53:00Z,2026-09-17T20:53:00+02:00,54,placa-vella,297,175,122,41.1
2026-09-17T18:53:00Z,2026-09-17T20:53:00+02:00,55,ajuntament-mercat,237,167,70,29.5
2026-09-17T18:54:00Z,2026-09-17T20:54:00+02:00,53,dr-robert,407,249,158,38.8
2026-09-17T18:54:00Z,2026-09-17T20:54:00+02:00,54,placa-vella,297,175,122,41.1
2026-09-17T18:54:00Z,2026-09-17T20:54:00+02:00,55,ajuntament-mercat,237,167,70,29.5
2026-09-17T18:55:00Z,2026-09-17T20:55:00+02:00,53,dr-robert,407,249,158,38.8
2026-09-17T18:55:00Z,2026-09-17T20:55:00+02:00,54,placa-vella,297,182,115,38.7
2026-09-17T18:55:00Z,2026-09-17T20:55:00+02:00,55,ajuntament-mercat,237,169,68,28.7
2026-09-17T18:56:00Z,2026-09-17T20:56:00+02:00,53,dr-robert,407,249,158,38.8
2026-09-17T18:56:00Z,2026-09-17T20:56:00+02:00,54,placa-vella,297,182,115,38.7
2026-09-17T18:56:00Z,2026-09-17T20:56:00+02:00,55,ajuntament-mercat,237,169,68,28.7
2026-09-17T18:57:00Z,2026-09-17T20:57:00+02:00,53,dr-robert,407,249,158,38.8
2026-09-17T18:57:00Z,2026-09-17T20:57:00+02:00,54,placa-vella,297,182,115,38.7
2026-09-17T18:57:00Z,2026-09-17T20:57:00+02:00,55,ajuntament-mercat,237,169,68,28.7
2026-09-17T18:58:00Z,2026-09-17T20:58:00+02:00,53,dr-robert,407,249,158,38.8
2026-09-17T18:58:00Z,2026-09-17T20:58:00+02:00,54,placa-vella,297,182,115,38.7
2026-09-17T18:58:00Z,2026-09-17T20:58:00+02:00,55,ajuntament-mercat,237,169,68,28.7
2026-09-17T18:59:00Z,2026-09-17T20:59:00+02:00,53,dr-robert,407,249,158,38.8
2026-09-17T18:59:00Z,2026-09-17T20:59:00+02:00,54,placa-vella,297,182,115,38.7
2026-09-17T18:59:00Z,2026-09-17T20:59:00+02:00,55,ajuntament-mercat,237,169,68,28.7
2026-09-17T19:00:00Z,2026-09-17T21:00:00+02:00,53,dr-robert,407,249,158,38.8
2026-09-17T19:00:00Z,2026-09-17T21:00:00+02:00,54,placa-vella,297,182,115,38.7
2026-09-17T19:00:00Z,2026-09-17T21:00:00+02:00,55,ajuntament-mercat,237,169,68,28.7
2026-09-17T19:01:00Z,2026-09-17T21:01:00+02:00,53,dr-robert,407,252,155,38.1
2026-09-17T19:01:00Z,2026-09-17T21:01:00+02:00,54,placa-vella,297,181,116,39.1
2026-09-17T19:01:00Z,2026-09-17T21:01:00+02:00,55,ajuntament-mercat,237,173,64,27
2026-09-17T19:02:00Z,2026-09-17T21:02:00+02:00,53,dr-robert,407,252,155,38.1
2026-09-17T19:02:00Z,2026-09-17T21:02:00+02:00,54,placa-vella,297,181,116,39.1
2026-09-17T19:02:00Z,2026-09-17T21:02:00+02:00,55,ajuntament-mercat,237,173,64,27
2026-09-17T19:03:00Z,2026-09-17T21:03:00+02:00,53,dr-robert,407,252,155,38.1
2026-09-17T19:03:00Z,2026-09-17T21:03:00+02:00,54,placa-vella,297,181,116,39.1
2026-09-17T19:03:00Z,2026-09-17T21:03:00+02:00,55,ajuntament-mercat,237,173,64,27
2026-09-17T19:04:00Z,2026-09-17T21:04:00+02:00,53,dr-robert,407,252,155,38.1
2026-09-17T19:04:00Z,2026-09-17T21:04:00+02:00,54,placa-vella,297,181,116,39.1
2026-09-17T19:04:00Z,2026-09-17T21:04:00+02:00,55,ajuntament-mercat,237,173,64,27
2026-09-17T19:05:00Z,2026-09-17T21:05:00+02:00,53,dr-robert,407,252,155,38.1
2026-09-17T19:05:00Z,2026-09-17T21:05:00+02:00,54,placa-vella,297,186,111,37.4
2026-09-17T19:05:00Z,2026-09-17T21:05:00+02:00,55,ajuntament-mercat,237,173,64,27
2026-09-17T19:06:00Z,2026-09-17T21:06:00+02:00,53,dr-robert,407,252,155,38.1
2026-09-17T19:06:00Z,2026-09-17T21:06:00+02:00,54,placa-vella,297,186,111,37.4
2026-09-17T19:06:00Z,2026-09-17T21:06:00+02:00,55,ajuntament-mercat,237,173,64,27
2026-09-17T19:07:00Z,2026-09-17T21:07:00+02:00,53,dr-robert,407,252,155,38.1
2026-09-17T19:07:00Z,2026-09-17T21:07:00+02:00,54,placa-vella,297,186,111,37.4
2026-09-17T19:07:00Z,2026-09-17T21:07:00+02:00,55,ajuntament-mercat,237,173,64,27
2026-09-17T19:08:00Z,2026-09-17T21:08:00+02:00,53,dr-robert,407,252,155,38.1
2026-09-17T19:08:00Z,2026-09-17T21:08:00+02:00,54,placa-vella,297,186,111,37.4
2026-09-17T19:08:00Z,2026-09-17T21:08:00+02:00,55,ajuntament-mercat,237,173,64,27
2026-09-17T19:09:00Z,2026-09-17T21:09:00+02:00,53,dr-robert,407,252,155,38.1
2026-09-17T19:09:00Z,2026-09-17T21:09:00+02:00,54,placa-vella,297,186,111,37.4
2026-09-17T19:09:00Z,2026-09-17T21:09:00+02:00,55,ajuntament-mercat,237,173,64,27
2026-09-17T19:10:00Z,2026-09-17T21:10:00+02:00,53,dr-robert,407,253,154,37.8
2026-09-17T19:10:00Z,2026-09-17T21:10:00+02:00,54,placa-vella,297,187,110,37
2026-09-17T19:10:00Z,2026-09-17T21:10:00+02:00,55,ajuntament-mercat,237,171,66,27.8
2026-09-17T19:11:00Z,2026-09-17T21:11:00+02:00,53,dr-robert,407,253,154,37.8
2026-09-17T19:11:00Z,2026-09-17T21:11:00+02:00,54,placa-vella,297,187,110,37
2026-09-17T19:11:00Z,2026-09-17T21:11:00+02:00,55,ajuntament-mercat,237,171,66,27.8
2026-09-17T19:12:00Z,2026-09-17T21:12:00+02:00,53,dr-robert,407,253,154,37.8
2026-09-17T19:12:00Z,2026-09-17T21:12:00+02:00,54,placa-vella,297,187,110,37
2026-09-17T19:12:00Z,2026-09-17T21:12:00+02:00,55,ajuntament-mercat,237,171,66,27.8
2026-09-17T19:13:00Z,2026-09-17T21:13:00+02:00,53,dr-robert,407,253,154,37.8
2026-09-17T19:13:00Z,2026-09-17T21:13:00+02:00,54,placa-vella,297,187,110,37
2026-09-17T19:13:00Z,2026-09-17T21:13:00+02:00,55,ajuntament-mercat,237,171,66,27.8
2026-09-17T19:14:00Z,2026-09-17T21:14:00+02:00,53,dr-robert,407,253,154,37.8
2026-09-17T19:14:00Z,2026-09-17T21:14:00+02:00,54,placa-vella,297,187,110,37
2026-09-17T19:14:00Z,2026-09-17T21:14:00+02:00,55,ajuntament-mercat,237,171,66,27.8
2026-09-17T19:15:00Z,2026-09-17T21:15:00+02:00,53,dr-robert,407,255,152,37.3
2026-09-17T19:15:00Z,2026-09-17T21:15:00+02:00,54,placa-vella,297,188,109,36.7
2026-09-17T19:15:00Z,2026-09-17T21:15:00+02:00,55,ajuntament-mercat,237,172,65,27.4
2026-09-17T19:16:00Z,2026-09-17T21:16:00+02:00,53,dr-robert,407,255,152,37.3
2026-09-17T19:16:00Z,2026-09-17T21:16:00+02:00,54,placa-vella,297,188,109,36.7
2026-09-17T19:16:00Z,2026-09-17T21:16:00+02:00,55,ajuntament-mercat,237,172,65,27.4
2026-09-17T19:17:00Z,2026-09-17T21:17:00+02:00,53,dr-robert,407,255,152,37.3
2026-09-17T19:17:00Z,2026-09-17T21:17:00+02:00,54,placa-vella,297,188,109,36.7
2026-09-17T19:17:00Z,2026-09-17T21:17:00+02:00,55,ajuntament-mercat,237,172,65,27.4
2026-09-17T19:18:00Z,2026-09-17T21:18:00+02:00,53,dr-robert,407,255,152,37.3
2026-09-17T19:18:00Z,2026-09-17T21:18:00+02:00,54,placa-vella,297,188,109,36.7
2026-09-17T19:18:00Z,2026-09-17T21:18:00+02:00,55,ajuntament-mercat,237,172,65,27.4
2026-09-17T19:19:00Z,2026-09-17T21:19:00+02:00,53,dr-robert,407,255,152,37.3
2026-09-17T19:19:00Z,2026-09-17T21:19:00+02:00,54,placa-vella,297,188,109,36.7
2026-09-17T19:19:00Z,2026-09-17T21:19:00+02:00,55,ajuntament-mercat,237,172,65,27.4
2026-09-17T19:20:00Z,2026-09-17T21:20:00+02:00,53,dr-robert,407,259,148,36.4
2026-09-17T19:20:00Z,2026-09-17T21:20:00+02:00,54,placa-vella,297,189,108,36.4
2026-09-17T19:20:00Z,2026-09-17T21:20:00+02:00,55,ajuntament-mercat,237,171,66,27.8
2026-09-17T19:21:00Z,2026-09-17T21:21:00+02:00,53,dr-robert,407,259,148,36.4
2026-09-17T19:21:00Z,2026-09-17T21:21:00+02:00,54,placa-vella,297,189,108,36.4
2026-09-17T19:21:00Z,2026-09-17T21:21:00+02:00,55,ajuntament-mercat,237,171,66,27.8
2026-09-17T19:22:00Z,2026-09-17T21:22:00+02:00,53,dr-robert,407,259,148,36.4
2026-09-17T19:22:00Z,2026-09-17T21:22:00+02:00,54,placa-vella,297,189,108,36.4
2026-09-17T19:22:00Z,2026-09-17T21:22:00+02:00,55,ajuntament-mercat,237,171,66,27.8
2026-09-17T19:23:00Z,2026-09-17T21:23:00+02:00,53,dr-robert,407,259,148,36.4
2026-09-17T19:23:00Z,2026-09-17T21:23:00+02:00,54,placa-vella,297,189,108,36.4
2026-09-17T19:23:00Z,2026-09-17T21:23:00+02:00,55,ajuntament-mercat,237,171,66,27.8
2026-09-17T19:24:00Z,2026-09-17T21:24:00+02:00,53,dr-robert,407,259,148,36.4
2026-09-17T19:24:00Z,2026-09-17T21:24:00+02:00,54,placa-vella,297,189,108,36.4
2026-09-17T19:24:00Z,2026-09-17T21:24:00+02:00,55,ajuntament-mercat,237,171,66,27.8
2026-09-17T19:25:00Z,2026-09-17T21:25:00+02:00,53,dr-robert,407,266,141,34.6
2026-09-17T19:25:00Z,2026-09-17T21:25:00+02:00,54,placa-vella,297,188,109,36.7
2026-09-17T19:25:00Z,2026-09-17T21:25:00+02:00,55,ajuntament-mercat,237,171,66,27.8
2026-09-17T19:26:00Z,2026-09-17T21:26:00+02:00,53,dr-robert,407,266,141,34.6
2026-09-17T19:26:00Z,2026-09-17T21:26:00+02:00,54,placa-vella,297,188,109,36.7
2026-09-17T19:26:00Z,2026-09-17T21:26:00+02:00,55,ajuntament-mercat,237,171,66,27.8
2026-09-17T19:27:00Z,2026-09-17T21:27:00+02:00,53,dr-robert,407,266,141,34.6
2026-09-17T19:27:00Z,2026-09-17T21:27:00+02:00,54,placa-vella,297,188,109,36.7
2026-09-17T19:27:00Z,2026-09-17T21:27:00+02:00,55,ajuntament-mercat,237,171,66,27.8
2026-09-17T19:28:00Z,2026-09-17T21:28:00+02:00,53,dr-robert,407,266,141,34.6
2026-09-17T19:28:00Z,2026-09-17T21:28:00+02:00,54,placa-vella,297,188,109,36.7
2026-09-17T19:28:00Z,2026-09-17T21:28:00+02:00,55,ajuntament-mercat,237,171,66,27.8
2026-09-17T19:29:00Z,2026-09-17T21:29:00+02:00,53,dr-robert,407,266,141,34.6
2026-09-17T19:29:00Z,2026-09-17T21:29:00+02:00,54,placa-vella,297,188,109,36.7
2026-09-17T19:29:00Z,2026-09-17T21:29:00+02:00,55,ajuntament-mercat,237,171,66,27.8
2026-09-17T19:30:00Z,2026-09-17T21:30:00+02:00,53,dr-robert,407,271,136,33.4
2026-09-17T19:30:00Z,2026-09-17T21:30:00+02:00,54,placa-vella,297,190,107,36
2026-09-17T19:30:00Z,2026-09-17T21:30:00+02:00,55,ajuntament-mercat,237,171,66,27.8
2026-09-17T19:31:00Z,2026-09-17T21:31:00+02:00,53,dr-robert,407,271,136,33.4
2026-09-17T19:31:00Z,2026-09-17T21:31:00+02:00,54,placa-vella,297,190,107,36
2026-09-17T19:31:00Z,2026-09-17T21:31:00+02:00,55,ajuntament-mercat,237,171,66,27.8
2026-09-17T19:32:00Z,2026-09-17T21:32:00+02:00,53,dr-robert,407,271,136,33.4
2026-09-17T19:32:00Z,2026-09-17T21:32:00+02:00,54,placa-vella,297,190,107,36
2026-09-17T19:32:00Z,2026-09-17T21:32:00+02:00,55,ajuntament-mercat,237,171,66,27.8
2026-09-17T19:33:00Z,2026-09-17T21:33:00+02:00,53,dr-robert,407,271,136,33.4
2026-09-17T19:33:00Z,2026-09-17T21:33:00+02:00,54,placa-vella,297,190,107,36
2026-09-17T19:33:00Z,2026-09-17T21:33:00+02:00,55,ajuntament-mercat,237,171,66,27.8
2026-09-17T19:34:00Z,2026-09-17T21:34:00+02:00,53,dr-robert,407,271,136,33.4
2026-09-17T19:34:00Z,2026-09-17T21:34:00+02:00,54,placa-vella,297,190,107,36
2026-09-17T19:34:00Z,2026-09-17T21:34:00+02:00,55,ajuntament-mercat,237,171,66,27.8
2026-09-17T19:35:00Z,2026-09-17T21:35:00+02:00,53,dr-robert,407,272,135,33.2
2026-09-17T19:35:00Z,2026-09-17T21:35:00+02:00,54,placa-vella,297,192,105,35.4
2026-09-17T19:35:00Z,2026-09-17T21:35:00+02:00,55,ajuntament-mercat,237,172,65,27.4
2026-09-17T19:36:00Z,2026-09-17T21:36:00+02:00,53,dr-robert,407,272,135,33.2
2026-09-17T19:36:00Z,2026-09-17T21:36:00+02:00,54,placa-vella,297,192,105,35.4
2026-09-17T19:36:00Z,2026-09-17T21:36:00+02:00,55,ajuntament-mercat,237,172,65,27.4
2026-09-17T19:37:00Z,2026-09-17T21:37:00+02:00,53,dr-robert,407,272,135,33.2
2026-09-17T19:37:00Z,2026-09-17T21:37:00+02:00,54,placa-vella,297,192,105,35.4
2026-09-17T19:37:00Z,2026-09-17T21:37:00+02:00,55,ajuntament-mercat,237,172,65,27.4
2026-09-17T19:38:00Z,2026-09-17T21:38:00+02:00,53,dr-robert,407,272,135,33.2
2026-09-17T19:38:00Z,2026-09-17T21:38:00+02:00,54,placa-vella,297,192,105,35.4
2026-09-17T19:38:00Z,2026-09-17T21:38:00+02:00,55,ajuntament-mercat,237,172,65,27.4
2026-09-17T19:39:00Z,2026-09-17T21:39:00+02:00,53,dr-robert,407,272,135,33.2
2026-09-17T19:39:00Z,2026-09-17T21:39:00+02:00,54,placa-vella,297,192,105,35.4
2026-09-17T19:39:00Z,2026-09-17T21:39:00+02:00,55,ajuntament-mercat,237,172,65,27.4
2026-09-17T19:40:00Z,2026-09-17T21:40:00+02:00,53,dr-robert,407,271,136,33.4
2026-09-17T19:40:00Z,2026-09-17T21:40:00+02:00,54,placa-vella,297,192,105,35.4
2026-09-17T19:40:00Z,2026-09-17T21:40:00+02:00,55,ajuntament-mercat,237,174,63,26.6
2026-09-17T19:41:00Z,2026-09-17T21:41:00+02:00,53,dr-robert,407,271,136,33.4
2026-09-17T19:41:00Z,2026-09-17T21:41:00+02:00,54,placa-vella,297,192,105,35.4
2026-09-17T19:41:00Z,2026-09-17T21:41:00+02:00,55,ajuntament-mercat,237,174,63,26.6
2026-09-17T19:42:00Z,2026-09-17T21:42:00+02:00,53,dr-robert,407,271,136,33.4
2026-09-17T19:42:00Z,2026-09-17T21:42:00+02:00,54,placa-vella,297,192,105,35.4
2026-09-17T19:42:00Z,2026-09-17T21:42:00+02:00,55,ajuntament-mercat,237,174,63,26.6
2026-09-17T19:43:00Z,2026-09-17T21:43:00+02:00,53,dr-robert,407,271,136,33.4
2026-09-17T19:43:00Z,2026-09-17T21:43:00+02:00,54,placa-vella,297,192,105,35.4
2026-09-17T19:43:00Z,2026-09-17T21:43:00+02:00,55,ajuntament-mercat,237,174,63,26.6
2026-09-17T19:44:00Z,2026-09-17T21:44:00+02:00,53,dr-robert,407,271,136,33.4
2026-09-17T19:44:00Z,2026-09-17T21:44:00+02:00,54,placa-vella,297,192,105,35.4
2026-09-17T19:44:00Z,2026-09-17T21:44:00+02:00,55,ajuntament-mercat,237,174,63,26.6
2026-09-17T19:45:00Z,2026-09-17T21:45:00+02:00,53,dr-robert,407,272,135,33.2
2026-09-17T19:45:00Z,2026-09-17T21:45:00+02:00,54,placa-vella,297,196,101,34
2026-09-17T19:45:00Z,2026-09-17T21:45:00+02:00,55,ajuntament-mercat,237,175,62,26.2
2026-09-17T19:46:00Z,2026-09-17T21:46:00+02:00,53,dr-robert,407,272,135,33.2
2026-09-17T19:46:00Z,2026-09-17T21:46:00+02:00,54,placa-vella,297,196,101,34
2026-09-17T19:46:00Z,2026-09-17T21:46:00+02:00,55,ajuntament-mercat,237,175,62,26.2
2026-09-17T19:47:00Z,2026-09-17T21:47:00+02:00,53,dr-robert,407,272,135,33.2
2026-09-17T19:47:00Z,2026-09-17T21:47:00+02:00,54,placa-vella,297,196,101,34
2026-09-17T19:47:00Z,2026-09-17T21:47:00+02:00,55,ajuntament-mercat,237,175,62,26.2
2026-09-17T19:48:00Z,2026-09-17T21:48:00+02:00,53,dr-robert,407,272,135,33.2
2026-09-17T19:48:00Z,2026-09-17T21:48:00+02:00,54,placa-vella,297,196,101,34
2026-09-17T19:48:00Z,2026-09-17T21:48:00+02:00,55,ajuntament-mercat,237,175,62,26.2
2026-09-17T19:49:00Z,2026-09-17T21:49:00+02:00,53,dr-robert,407,272,135,33.2
2026-09-17T19:49:00Z,2026-09-17T21:49:00+02:00,54,placa-vella,297,196,101,34
2026-09-17T19:49:00Z,2026-09-17T21:49:00+02:00,55,ajuntament-mercat,237,175,62,26.2
2026-09-17T19:50:00Z,2026-09-17T21:50:00+02:00,53,dr-robert,407,282,125,30.7
2026-09-17T19:50:00Z,2026-09-17T21:50:00+02:00,54,placa-vella,297,196,101,34
2026-09-17T19:50:00Z,2026-09-17T21:50:00+02:00,55,ajuntament-mercat,237,174,63,26.6
2026-09-17T19:51:00Z,2026-09-17T21:51:00+02:00,53,dr-robert,407,282,125,30.7
2026-09-17T19:51:00Z,2026-09-17T21:51:00+02:00,54,placa-vella,297,196,101,34
2026-09-17T19:51:00Z,2026-09-17T21:51:00+02:00,55,ajuntament-mercat,237,174,63,26.6
2026-09-17T19:52:00Z,2026-09-17T21:52:00+02:00,53,dr-robert,407,282,125,30.7
2026-09-17T19:52:00Z,2026-09-17T21:52:00+02:00,54,placa-vella,297,196,101,34
2026-09-17T19:52:00Z,2026-09-17T21:52:00+02:00,55,ajuntament-mercat,237,174,63,26.6
2026-09-17T19:53:00Z,2026-09-17T21:53:00+02:00,53,dr-robert,407,282,125,30.7
2026-09-17T19:53:00Z,2026-09-17T21:53:00+02:00,54,placa-vella,297,196,101,34
2026-09-17T19:53:00Z,2026-09-17T21:53:00+02:00,55,ajuntament-mercat,237,174,63,26.6
2026-09-17T19:54:00Z,2026-09-17T21:54:00+02:00,53,dr-robert,407,282,125,30.7
2026-09-17T19:54:00Z,2026-09-17T21:54:00+02:00,54,placa-vella,297,196,101,34
2026-09-17T19:54:00Z,2026-09-17T21:54:00+02:00,55,ajuntament-mercat,237,174,63,26.6
2026-09-17T19:55:00Z,2026-09-17T21:55:00+02:00,53,dr-robert,407,287,120,29.5
2026-09-17T19:55:00Z,2026-09-17T21:55:00+02:00,54,placa-vella,297,197,100,33.7
2026-09-17T19:55:00Z,2026-09-17T21:55:00+02:00,55,ajuntament-mercat,237,174,63,26.6
2026-09-17T19:56:00Z,2026-09-17T21:56:00+02:00,53,dr-robert,407,287,120,29.5
2026-09-17T19:56:00Z,2026-09-17T21:56:00+02:00,54,placa-vella,297,197,100,33.7
2026-09-17T19:56:00Z,2026-09-17T21:56:00+02:00,55,ajuntament-mercat,237,174,63,26.6
2026-09-17T19:57:00Z,2026-09-17T21:57:00+02:00,53,dr-robert,407,287,120,29.5
2026-09-17T19:57:00Z,2026-09-17T21:57:00+02:00,54,placa-vella,297,197,100,33.7
2026-09-17T19:57:00Z,2026-09-17T21:57:00+02:00,55,ajuntament-mercat,237,174,63,26.6
2026-09-17T19:58:00Z,2026-09-17T21:58:00+02:00,53,dr-robert,407,287,120,29.5
2026-09-17T19:58:00Z,2026-09-17T21:58:00+02:00,54,placa-vella,297,197,100,33.7
2026-09-17T19:58:00Z,2026-09-17T21:58:00+02:00,55,ajuntament-mercat,237,174,63,26.6
2026-09-17T19:59:00Z,2026-09-17T21:59:00+02:00,53,dr-robert,407,287,120,29.5
2026-09-17T19:59:00Z,2026-09-17T21:59:00+02:00,54,placa-vella,297,197,100,33.7
2026-09-17T19:59:00Z,2026-09-17T21:59:00+02:00,55,ajuntament-mercat,237,174,63,26.6
2026-09-17T20:00:00Z,2026-09-17T22:00:00+02:00,53,dr-robert,407,287,120,29.5
2026-09-17T20:00:00Z,2026-09-17T22:00:00+02:00,54,placa-vella,297,197,100,33.7
2026-09-17T20:00:00Z,2026-09-17T22:00:00+02:00,55,ajuntament-mercat,237,174,63,26.6
2026-09-17T20:01:00Z,2026-09-17T22:01:00+02:00,53,dr-robert,407,287,120,29.5
2026-09-17T20:01:00Z,2026-09-17T22:01:00+02:00,54,placa-vella,297,197,100,33.7
2026-09-17T20:01:00Z,2026-09-17T22:01:00+02:00,55,ajuntament-mercat,237,174,63,26.6
2026-09-17T20:02:00Z,2026-09-17T22:02:00+02:00,53,dr-robert,407,292,115,28.3
2026-09-17T20:02:00Z,2026-09-17T22:02:00+02:00,54,placa-vella,297,197,100,33.7
2026-09-17T20:02:00Z,2026-09-17T22:02:00+02:00,55,ajuntament-mercat,237,175,62,26.2
2026-09-17T20:03:00Z,2026-09-17T22:03:00+02:00,53,dr-robert,407,292,115,28.3
2026-09-17T20:03:00Z,2026-09-17T22:03:00+02:00,54,placa-vella,297,197,100,33.7
2026-09-17T20:03:00Z,2026-09-17T22:03:00+02:00,55,ajuntament-mercat,237,175,62,26.2
2026-09-17T20:04:00Z,2026-09-17T22:04:00+02:00,53,dr-robert,407,292,115,28.3
2026-09-17T20:04:00Z,2026-09-17T22:04:00+02:00,54,placa-vella,297,197,100,33.7
2026-09-17T20:04:00Z,2026-09-17T22:04:00+02:00,55,ajuntament-mercat,237,175,62,26.2
2026-09-17T20:05:00Z,2026-09-17T22:05:00+02:00,53,dr-robert,407,292,115,28.3
2026-09-17T20:05:00Z,2026-09-17T22:05:00+02:00,54,placa-vella,297,197,100,33.7
2026-09-17T20:05:00Z,2026-09-17T22:05:00+02:00,55,ajuntament-mercat,237,175,62,26.2
2026-09-17T20:06:00Z,2026-09-17T22:06:00+02:00,53,dr-robert,407,294,113,27.8
2026-09-17T20:06:00Z,2026-09-17T22:06:00+02:00,54,placa-vella,297,196,101,34
2026-09-17T20:06:00Z,2026-09-17T22:06:00+02:00,55,ajuntament-mercat,237,175,62,26.2
2026-09-17T20:07:00Z,2026-09-17T22:07:00+02:00,53,dr-robert,407,294,113,27.8
2026-09-17T20:07:00Z,2026-09-17T22:07:00+02:00,54,placa-vella,297,196,101,34
2026-09-17T20:07:00Z,2026-09-17T22:07:00+02:00,55,ajuntament-mercat,237,175,62,26.2
2026-09-17T20:08:00Z,2026-09-17T22:08:00+02:00,53,dr-robert,407,294,113,27.8
2026-09-17T20:08:00Z,2026-09-17T22:08:00+02:00,54,placa-vella,297,196,101,34
2026-09-17T20:08:00Z,2026-09-17T22:08:00+02:00,55,ajuntament-mercat,237,175,62,26.2
2026-09-17T20:09:00Z,2026-09-17T22:09:00+02:00,53,dr-robert,407,294,113,27.8
2026-09-17T20:09:00Z,2026-09-17T22:09:00+02:00,54,placa-vella,297,196,101,34
2026-09-17T20:09:00Z,2026-09-17T22:09:00+02:00,55,ajuntament-mercat,237,175,62,26.2
2026-09-17T20:10:00Z,2026-09-17T22:10:00+02:00,53,dr-robert,407,294,113,27.8
2026-09-17T20:10:00Z,2026-09-17T22:10:00+02:00,54,placa-vella,297,196,101,34
2026-09-17T20:10:00Z,2026-09-17T22:10:00+02:00,55,ajuntament-mercat,237,175,62,26.2
2026-09-17T20:11:00Z,2026-09-17T22:11:00+02:00,53,dr-robert,407,294,113,27.8
2026-09-17T20:11:00Z,2026-09-17T22:11:00+02:00,54,placa-vella,297,196,101,34
2026-09-17T20:11:00Z,2026-09-17T22:11:00+02:00,55,ajuntament-mercat,237,175,62,26.2
2026-09-17T20:12:00Z,2026-09-17T22:12:00+02:00,53,dr-robert,407,294,113,27.8
2026-09-17T20:12:00Z,2026-09-17T22:12:00+02:00,54,placa-vella,297,196,101,34
2026-09-17T20:12:00Z,2026-09-17T22:12:00+02:00,55,ajuntament-mercat,237,175,62,26.2
2026-09-17T20:13:00Z,2026-09-17T22:13:00+02:00,53,dr-robert,407,294,113,27.8
2026-09-17T20:13:00Z,2026-09-17T22:13:00+02:00,54,placa-vella,297,196,101,34
2026-09-17T20:13:00Z,2026-09-17T22:13:00+02:00,55,ajuntament-mercat,237,175,62,26.2
2026-09-17T20:14:00Z,2026-09-17T22:14:00+02:00,53,dr-robert,407,294,113,27.8
2026-09-17T20:14:00Z,2026-09-17T22:14:00+02:00,54,placa-vella,297,196,101,34
2026-09-17T20:14:00Z,2026-09-17T22:14:00+02:00,55,ajuntament-mercat,237,175,62,26.2
2026-09-17T20:15:00Z,2026-09-17T22:15:00+02:00,53,dr-robert,407,294,113,27.8
2026-09-17T20:15:00Z,2026-09-17T22:15:00+02:00,54,placa-vella,297,196,101,34
2026-09-17T20:15:00Z,2026-09-17T22:15:00+02:00,55,ajuntament-mercat,237,175,62,26.2
2026-09-17T20:16:00Z,2026-09-17T22:16:00+02:00,53,dr-robert,407,299,108,26.5
2026-09-17T20:16:00Z,2026-09-17T22:16:00+02:00,54,placa-vella,297,197,100,33.7
2026-09-17T20:16:00Z,2026-09-17T22:16:00+02:00,55,ajuntament-mercat,237,176,61,25.7
2026-09-17T20:17:00Z,2026-09-17T22:17:00+02:00,53,dr-robert,407,299,108,26.5
2026-09-17T20:17:00Z,2026-09-17T22:17:00+02:00,54,placa-vella,297,197,100,33.7
2026-09-17T20:17:00Z,2026-09-17T22:17:00+02:00,55,ajuntament-mercat,237,176,61,25.7
2026-09-17T20:18:00Z,2026-09-17T22:18:00+02:00,53,dr-robert,407,299,108,26.5
2026-09-17T20:18:00Z,2026-09-17T22:18:00+02:00,54,placa-vella,297,197,100,33.7
2026-09-17T20:18:00Z,2026-09-17T22:18:00+02:00,55,ajuntament-mercat,237,176,61,25.7
2026-09-17T20:19:00Z,2026-09-17T22:19:00+02:00,53,dr-robert,407,299,108,26.5
2026-09-17T20:19:00Z,2026-09-17T22:19:00+02:00,54,placa-vella,297,197,100,33.7
2026-09-17T20:19:00Z,2026-09-17T22:19:00+02:00,55,ajuntament-mercat,237,176,61,25.7
2026-09-17T20:20:00Z,2026-09-17T22:20:00+02:00,53,dr-robert,407,303,104,25.6
2026-09-17T20:20:00Z,2026-09-17T22:20:00+02:00,54,placa-vella,297,197,100,33.7
2026-09-17T20:20:00Z,2026-09-17T22:20:00+02:00,55,ajuntament-mercat,237,177,60,25.3
2026-09-17T20:21:00Z,2026-09-17T22:21:00+02:00,53,dr-robert,407,303,104,25.6
2026-09-17T20:21:00Z,2026-09-17T22:21:00+02:00,54,placa-vella,297,197,100,33.7
2026-09-17T20:21:00Z,2026-09-17T22:21:00+02:00,55,ajuntament-mercat,237,177,60,25.3
2026-09-17T20:22:00Z,2026-09-17T22:22:00+02:00,53,dr-robert,407,303,104,25.6
2026-09-17T20:22:00Z,2026-09-17T22:22:00+02:00,54,placa-vella,297,197,100,33.7
2026-09-17T20:22:00Z,2026-09-17T22:22:00+02:00,55,ajuntament-mercat,237,177,60,25.3
2026-09-17T20:23:00Z,2026-09-17T22:23:00+02:00,53,dr-robert,407,303,104,25.6
2026-09-17T20:23:00Z,2026-09-17T22:23:00+02:00,54,placa-vella,297,197,100,33.7
2026-09-17T20:23:00Z,2026-09-17T22:23:00+02:00,55,ajuntament-mercat,237,177,60,25.3
2026-09-17T20:24:00Z,2026-09-17T22:24:00+02:00,53,dr-robert,407,303,104,25.6
2026-09-17T20:24:00Z,2026-09-17T22:24:00+02:00,54,placa-vella,297,197,100,33.7
2026-09-17T20:24:00Z,2026-09-17T22:24:00+02:00,55,ajuntament-mercat,237,177,60,25.3
2026-09-17T20:25:00Z,2026-09-17T22:25:00+02:00,53,dr-robert,407,303,104,25.6
2026-09-17T20:25:00Z,2026-09-17T22:25:00+02:00,54,placa-vella,297,199,98,33
2026-09-17T20:25:00Z,2026-09-17T22:25:00+02:00,55,ajuntament-mercat,237,178,59,24.9
2026-09-17T20:26:00Z,2026-09-17T22:26:00+02:00,53,dr-robert,407,303,104,25.6
2026-09-17T20:26:00Z,2026-09-17T22:26:00+02:00,54,placa-vella,297,199,98,33
2026-09-17T20:26:00Z,2026-09-17T22:26:00+02:00,55,ajuntament-mercat,237,178,59,24.9
2026-09-17T20:27:00Z,2026-09-17T22:27:00+02:00,53,dr-robert,407,303,104,25.6
2026-09-17T20:27:00Z,2026-09-17T22:27:00+02:00,54,placa-vella,297,199,98,33
2026-09-17T20:27:00Z,2026-09-17T22:27:00+02:00,55,ajuntament-mercat,237,178,59,24.9
2026-09-17T20:28:00Z,2026-09-17T22:28:00+02:00,53,dr-robert,407,303,104,25.6
2026-09-17T20:28:00Z,2026-09-17T22:28:00+02:00,54,placa-vella,297,199,98,33
2026-09-17T20:28:00Z,2026-09-17T22:28:00+02:00,55,ajuntament-mercat,237,178,59,24.9
2026-09-17T20:29:00Z,2026-09-17T22:29:00+02:00,53,dr-robert,407,303,104,25.6
2026-09-17T20:29:00Z,2026-09-17T22:29:00+02:00,54,placa-vella,297,199,98,33
2026-09-17T20:29:00Z,2026-09-17T22:29:00+02:00,55,ajuntament-mercat,237,178,59,24.9
2026-09-17T20:30:00Z,2026-09-17T22:30:00+02:00,53,dr-robert,407,304,103,25.3
2026-09-17T20:30:00Z,2026-09-17T22:30:00+02:00,54,placa-vella,297,199,98,33
2026-09-17T20:30:00Z,2026-09-17T22:30:00+02:00,55,ajuntament-mercat,237,179,58,24.5
2026-09-17T20:31:00Z,2026-09-17T22:31:00+02:00,53,dr-robert,407,304,103,25.3
2026-09-17T20:31:00Z,2026-09-17T22:31:00+02:00,54,placa-vella,297,199,98,33
2026-09-17T20:31:00Z,2026-09-17T22:31:00+02:00,55,ajuntament-mercat,237,179,58,24.5
2026-09-17T20:32:00Z,2026-09-17T22:32:00+02:00,53,dr-robert,407,304,103,25.3
2026-09-17T20:32:00Z,2026-09-17T22:32:00+02:00,54,placa-vella,297,199,98,33
2026-09-17T20:32:00Z,2026-09-17T22:32:00+02:00,55,ajuntament-mercat,237,179,58,24.5
2026-09-17T20:33:00Z,2026-09-17T22:33:00+02:00,53,dr-robert,407,304,103,25.3
2026-09-17T20:33:00Z,2026-09-17T22:33:00+02:00,54,placa-vella,297,199,98,33
2026-09-17T20:33:00Z,2026-09-17T22:33:00+02:00,55,ajuntament-mercat,237,179,58,24.5
2026-09-17T20:34:00Z,2026-09-17T22:34:00+02:00,53,dr-robert,407,304,103,25.3
2026-09-17T20:34:00Z,2026-09-17T22:34:00+02:00,54,placa-vella,297,199,98,33
2026-09-17T20:34:00Z,2026-09-17T22:34:00+02:00,55,ajuntament-mercat,237,179,58,24.5
2026-09-17T20:35:00Z,2026-09-17T22:35:00+02:00,53,dr-robert,407,305,102,25.1
2026-09-17T20:35:00Z,2026-09-17T22:35:00+02:00,54,placa-vella,297,201,96,32.3
2026-09-17T20:35:00Z,2026-09-17T22:35:00+02:00,55,ajuntament-mercat,237,179,58,24.5
2026-09-17T20:36:00Z,2026-09-17T22:36:00+02:00,53,dr-robert,407,305,102,25.1
2026-09-17T20:36:00Z,2026-09-17T22:36:00+02:00,54,placa-vella,297,201,96,32.3
2026-09-17T20:36:00Z,2026-09-17T22:36:00+02:00,55,ajuntament-mercat,237,179,58,24.5
2026-09-17T20:37:00Z,2026-09-17T22:37:00+02:00,53,dr-robert,407,305,102,25.1
2026-09-17T20:37:00Z,2026-09-17T22:37:00+02:00,54,placa-vella,297,201,96,32.3
2026-09-17T20:37:00Z,2026-09-17T22:37:00+02:00,55,ajuntament-mercat,237,179,58,24.5
2026-09-17T20:38:00Z,2026-09-17T22:38:00+02:00,53,dr-robert,407,305,102,25.1
2026-09-17T20:38:00Z,2026-09-17T22:38:00+02:00,54,placa-vella,297,201,96,32.3
2026-09-17T20:38:00Z,2026-09-17T22:38:00+02:00,55,ajuntament-mercat,237,179,58,24.5
2026-09-17T20:39:00Z,2026-09-17T22:39:00+02:00,53,dr-robert,407,305,102,25.1
2026-09-17T20:39:00Z,2026-09-17T22:39:00+02:00,54,placa-vella,297,201,96,32.3
2026-09-17T20:39:00Z,2026-09-17T22:39:00+02:00,55,ajuntament-mercat,237,179,58,24.5
2026-09-17T20:40:00Z,2026-09-17T22:40:00+02:00,53,dr-robert,407,308,99,24.3
2026-09-17T20:40:00Z,2026-09-17T22:40:00+02:00,54,placa-vella,297,201,96,32.3
2026-09-17T20:40:00Z,2026-09-17T22:40:00+02:00,55,ajuntament-mercat,237,180,57,24.1
2026-09-17T20:41:00Z,2026-09-17T22:41:00+02:00,53,dr-robert,407,308,99,24.3
2026-09-17T20:41:00Z,2026-09-17T22:41:00+02:00,54,placa-vella,297,201,96,32.3
2026-09-17T20:41:00Z,2026-09-17T22:41:00+02:00,55,ajuntament-mercat,237,180,57,24.1
2026-09-17T20:42:00Z,2026-09-17T22:42:00+02:00,53,dr-robert,407,308,99,24.3
2026-09-17T20:42:00Z,2026-09-17T22:42:00+02:00,54,placa-vella,297,201,96,32.3
2026-09-17T20:42:00Z,2026-09-17T22:42:00+02:00,55,ajuntament-mercat,237,180,57,24.1
2026-09-17T20:43:00Z,2026-09-17T22:43:00+02:00,53,dr-robert,407,308,99,24.3
2026-09-17T20:43:00Z,2026-09-17T22:43:00+02:00,54,placa-vella,297,201,96,32.3
2026-09-17T20:43:00Z,2026-09-17T22:43:00+02:00,55,ajuntament-mercat,237,180,57,24.1
2026-09-17T20:44:00Z,2026-09-17T22:44:00+02:00,53,dr-robert,407,308,99,24.3
2026-09-17T20:44:00Z,2026-09-17T22:44:00+02:00,54,placa-vella,297,201,96,32.3
2026-09-17T20:44:00Z,2026-09-17T22:44:00+02:00,55,ajuntament-mercat,237,180,57,24.1
2026-09-17T20:45:00Z,2026-09-17T22:45:00+02:00,53,dr-robert,407,308,99,24.3
2026-09-17T20:45:00Z,2026-09-17T22:45:00+02:00,54,placa-vella,297,200,97,32.7
2026-09-17T20:45:00Z,2026-09-17T22:45:00+02:00,55,ajuntament-mercat,237,180,57,24.1
2026-09-17T20:46:00Z,2026-09-17T22:46:00+02:00,53,dr-robert,407,308,99,24.3
2026-09-17T20:46:00Z,2026-09-17T22:46:00+02:00,54,placa-vella,297,200,97,32.7
2026-09-17T20:46:00Z,2026-09-17T22:46:00+02:00,55,ajuntament-mercat,237,180,57,24.1
2026-09-17T20:47:00Z,2026-09-17T22:47:00+02:00,53,dr-robert,407,308,99,24.3
2026-09-17T20:47:00Z,2026-09-17T22:47:00+02:00,54,placa-vella,297,200,97,32.7
2026-09-17T20:47:00Z,2026-09-17T22:47:00+02:00,55,ajuntament-mercat,237,180,57,24.1
2026-09-17T20:48:00Z,2026-09-17T22:48:00+02:00,53,dr-robert,407,308,99,24.3
2026-09-17T20:48:00Z,2026-09-17T22:48:00+02:00,54,placa-vella,297,200,97,32.7
2026-09-17T20:48:00Z,2026-09-17T22:48:00+02:00,55,ajuntament-mercat,237,180,57,24.1
2026-09-17T20:49:00Z,2026-09-17T22:49:00+02:00,53,dr-robert,407,308,99,24.3
2026-09-17T20:49:00Z,2026-09-17T22:49:00+02:00,54,placa-vella,297,200,97,32.7
2026-09-17T20:49:00Z,2026-09-17T22:49:00+02:00,55,ajuntament-mercat,237,180,57,24.1
2026-09-17T20:50:00Z,2026-09-17T22:50:00+02:00,53,dr-robert,407,306,101,24.8
2026-09-17T20:50:00Z,2026-09-17T22:50:00+02:00,54,placa-vella,297,202,95,32
2026-09-17T20:50:00Z,2026-09-17T22:50:00+02:00,55,ajuntament-mercat,237,181,56,23.6
2026-09-17T20:51:00Z,2026-09-17T22:51:00+02:00,53,dr-robert,407,306,101,24.8
2026-09-17T20:51:00Z,2026-09-17T22:51:00+02:00,54,placa-vella,297,202,95,32
2026-09-17T20:51:00Z,2026-09-17T22:51:00+02:00,55,ajuntament-mercat,237,181,56,23.6
2026-09-17T20:52:00Z,2026-09-17T22:52:00+02:00,53,dr-robert,407,306,101,24.8
2026-09-17T20:52:00Z,2026-09-17T22:52:00+02:00,54,placa-vella,297,202,95,32
2026-09-17T20:52:00Z,2026-09-17T22:52:00+02:00,55,ajuntament-mercat,237,181,56,23.6
2026-09-17T20:53:00Z,2026-09-17T22:53:00+02:00,53,dr-robert,407,306,101,24.8
2026-09-17T20:53:00Z,2026-09-17T22:53:00+02:00,54,placa-vella,297,202,95,32
2026-09-17T20:53:00Z,2026-09-17T22:53:00+02:00,55,ajuntament-mercat,237,181,56,23.6
2026-09-17T20:54:00Z,2026-09-17T22:54:00+02:00,53,dr-robert,407,306,101,24.8
2026-09-17T20:54:00Z,2026-09-17T22:54:00+02:00,54,placa-vella,297,202,95,32
2026-09-17T20:54:00Z,2026-09-17T22:54:00+02:00,55,ajuntament-mercat,237,181,56,23.6
2026-09-17T20:55:00Z,2026-09-17T22:55:00+02:00,53,dr-robert,407,310,97,23.8
2026-09-17T20:55:00Z,2026-09-17T22:55:00+02:00,54,placa-vella,297,202,95,32
2026-09-17T20:55:00Z,2026-09-17T22:55:00+02:00,55,ajuntament-mercat,237,182,55,23.2
2026-09-17T20:56:00Z,2026-09-17T22:56:00+02:00,53,dr-robert,407,310,97,23.8
2026-09-17T20:56:00Z,2026-09-17T22:56:00+02:00,54,placa-vella,297,202,95,32
2026-09-17T20:56:00Z,2026-09-17T22:56:00+02:00,55,ajuntament-mercat,237,182,55,23.2
2026-09-17T20:57:00Z,2026-09-17T22:57:00+02:00,53,dr-robert,407,310,97,23.8
2026-09-17T20:57:00Z,2026-09-17T22:57:00+02:00,54,placa-vella,297,202,95,32
2026-09-17T20:57:00Z,2026-09-17T22:57:00+02:00,55,ajuntament-mercat,237,182,55,23.2
2026-09-17T20:58:00Z,2026-09-17T22:58:00+02:00,53,dr-robert,407,310,97,23.8
2026-09-17T20:58:00Z,2026-09-17T22:58:00+02:00,54,placa-vella,297,202,95,32
2026-09-17T20:58:00Z,2026-09-17T22:58:00+02:00,55,ajuntament-mercat,237,182,55,23.2
2026-09-17T20:59:00Z,2026-09-17T22:59:00+02:00,53,dr-robert,407,310,97,23.8
2026-09-17T20:59:00Z,2026-09-17T22:59:00+02:00,54,placa-vella,297,202,95,32
2026-09-17T20:59:00Z,2026-09-17T22:59:00+02:00,55,ajuntament-mercat,237,182,55,23.2
2026-09-17T21:00:00Z,2026-09-17T23:00:00+02:00,53,dr-robert,407,310,97,23.8
2026-09-17T21:00:00Z,2026-09-17T23:00:00+02:00,54,placa-vella,297,202,95,32
2026-09-17T21:00:00Z,2026-09-17T23:00:00+02:00,55,ajuntament-mercat,237,182,55,23.2
2026-09-17T21:01:00Z,2026-09-17T23:01:00+02:00,53,dr-robert,407,311,96,23.6
2026-09-17T21:01:00Z,2026-09-17T23:01:00+02:00,54,placa-vella,297,202,95,32
2026-09-17T21:01:00Z,2026-09-17T23:01:00+02:00,55,ajuntament-mercat,237,183,54,22.8
2026-09-17T21:02:00Z,2026-09-17T23:02:00+02:00,53,dr-robert,407,311,96,23.6
2026-09-17T21:02:00Z,2026-09-17T23:02:00+02:00,54,placa-vella,297,202,95,32
2026-09-17T21:02:00Z,2026-09-17T23:02:00+02:00,55,ajuntament-mercat,237,183,54,22.8
2026-09-17T21:03:00Z,2026-09-17T23:03:00+02:00,53,dr-robert,407,311,96,23.6
2026-09-17T21:03:00Z,2026-09-17T23:03:00+02:00,54,placa-vella,297,202,95,32
2026-09-17T21:03:00Z,2026-09-17T23:03:00+02:00,55,ajuntament-mercat,237,183,54,22.8
2026-09-17T21:04:00Z,2026-09-17T23:04:00+02:00,53,dr-robert,407,311,96,23.6
2026-09-17T21:04:00Z,2026-09-17T23:04:00+02:00,54,placa-vella,297,202,95,32
2026-09-17T21:04:00Z,2026-09-17T23:04:00+02:00,55,ajuntament-mercat,237,183,54,22.8
2026-09-17T21:05:00Z,2026-09-17T23:05:00+02:00,53,dr-robert,407,310,97,23.8
2026-09-17T21:05:00Z,2026-09-17T23:05:00+02:00,54,placa-vella,297,203,94,31.6
2026-09-17T21:05:00Z,2026-09-17T23:05:00+02:00,55,ajuntament-mercat,237,183,54,22.8
2026-09-17T21:06:00Z,2026-09-17T23:06:00+02:00,53,dr-robert,407,310,97,23.8
2026-09-17T21:06:00Z,2026-09-17T23:06:00+02:00,54,placa-vella,297,203,94,31.6
2026-09-17T21:06:00Z,2026-09-17T23:06:00+02:00,55,ajuntament-mercat,237,183,54,22.8
2026-09-17T21:07:00Z,2026-09-17T23:07:00+02:00,53,dr-robert,407,310,97,23.8
2026-09-17T21:07:00Z,2026-09-17T23:07:00+02:00,54,placa-vella,297,203,94,31.6
2026-09-17T21:07:00Z,2026-09-17T23:07:00+02:00,55,ajuntament-mercat,237,183,54,22.8
2026-09-17T21:08:00Z,2026-09-17T23:08:00+02:00,53,dr-robert,407,310,97,23.8
2026-09-17T21:08:00Z,2026-09-17T23:08:00+02:00,54,placa-vella,297,203,94,31.6
2026-09-17T21:08:00Z,2026-09-17T23:08:00+02:00,55,ajuntament-mercat,237,183,54,22.8
2026-09-17T21:09:00Z,2026-09-17T23:09:00+02:00,53,dr-robert,407,310,97,23.8
2026-09-17T21:09:00Z,2026-09-17T23:09:00+02:00,54,placa-vella,297,203,94,31.6
2026-09-17T21:09:00Z,2026-09-17T23:09:00+02:00,55,ajuntament-mercat,237,183,54,22.8
2026-09-17T21:10:00Z,2026-09-17T23:10:00+02:00,53,dr-robert,407,308,99,24.3
2026-09-17T21:10:00Z,2026-09-17T23:10:00+02:00,54,placa-vella,297,204,93,31.3
2026-09-17T21:10:00Z,2026-09-17T23:10:00+02:00,55,ajuntament-mercat,237,184,53,22.4
2026-09-17T21:11:00Z,2026-09-17T23:11:00+02:00,53,dr-robert,407,308,99,24.3
2026-09-17T21:11:00Z,2026-09-17T23:11:00+02:00,54,placa-vella,297,204,93,31.3
2026-09-17T21:11:00Z,2026-09-17T23:11:00+02:00,55,ajuntament-mercat,237,184,53,22.4
2026-09-17T21:12:00Z,2026-09-17T23:12:00+02:00,53,dr-robert,407,308,99,24.3
2026-09-17T21:12:00Z,2026-09-17T23:12:00+02:00,54,placa-vella,297,204,93,31.3
2026-09-17T21:12:00Z,2026-09-17T23:12:00+02:00,55,ajuntament-mercat,237,184,53,22.4
2026-09-17T21:13:00Z,2026-09-17T23:13:00+02:00,53,dr-robert,407,308,99,24.3
2026-09-17T21:13:00Z,2026-09-17T23:13:00+02:00,54,placa-vella,297,204,93,31.3
2026-09-17T21:13:00Z,2026-09-17T23:13:00+02:00,55,ajuntament-mercat,237,184,53,22.4
2026-09-17T21:14:00Z,2026-09-17T23:14:00+02:00,53,dr-robert,407,308,99,24.3
2026-09-17T21:14:00Z,2026-09-17T23:14:00+02:00,54,placa-vella,297,204,93,31.3
2026-09-17T21:14:00Z,2026-09-17T23:14:00+02:00,55,ajuntament-mercat,237,184,53,22.4
2026-09-17T21:15:00Z,2026-09-17T23:15:00+02:00,53,dr-robert,407,309,98,24.1
2026-09-17T21:15:00Z,2026-09-17T23:15:00+02:00,54,placa-vella,297,205,92,31
2026-09-17T21:15:00Z,2026-09-17T23:15:00+02:00,55,ajuntament-mercat,237,187,50,21.1
2026-09-17T21:16:00Z,2026-09-17T23:16:00+02:00,53,dr-robert,407,309,98,24.1
2026-09-17T21:16:00Z,2026-09-17T23:16:00+02:00,54,placa-vella,297,205,92,31
2026-09-17T21:16:00Z,2026-09-17T23:16:00+02:00,55,ajuntament-mercat,237,187,50,21.1
2026-09-17T21:17:00Z,2026-09-17T23:17:00+02:00,53,dr-robert,407,309,98,24.1
2026-09-17T21:17:00Z,2026-09-17T23:17:00+02:00,54,placa-vella,297,205,92,31
2026-09-17T21:17:00Z,2026-09-17T23:17:00+02:00,55,ajuntament-mercat,237,187,50,21.1
2026-09-17T21:18:00Z,2026-09-17T23:18:00+02:00,53,dr-robert,407,309,98,24.1
2026-09-17T21:18:00Z,2026-09-17T23:18:00+02:00,54,placa-vella,297,205,92,31
2026-09-17T21:18:00Z,2026-09-17T23:18:00+02:00,55,ajuntament-mercat,237,187,50,21.1
2026-09-17T21:19:00Z,2026-09-17T23:19:00+02:00,53,dr-robert,407,309,98,24.1
2026-09-17T21:19:00Z,2026-09-17T23:19:00+02:00,54,placa-vella,297,205,92,31
2026-09-17T21:19:00Z,2026-09-17T23:19:00+02:00,55,ajuntament-mercat,237,187,50,21.1
2026-09-17T21:20:00Z,2026-09-17T23:20:00+02:00,53,dr-robert,407,308,99,24.3
2026-09-17T21:20:00Z,2026-09-17T23:20:00+02:00,54,placa-vella,297,206,91,30.6
2026-09-17T21:20:00Z,2026-09-17T23:20:00+02:00,55,ajuntament-mercat,237,187,50,21.1
2026-09-17T21:21:00Z,2026-09-17T23:21:00+02:00,53,dr-robert,407,308,99,24.3
2026-09-17T21:21:00Z,2026-09-17T23:21:00+02:00,54,placa-vella,297,206,91,30.6
2026-09-17T21:21:00Z,2026-09-17T23:21:00+02:00,55,ajuntament-mercat,237,187,50,21.1
2026-09-17T21:22:00Z,2026-09-17T23:22:00+02:00,53,dr-robert,407,308,99,24.3
2026-09-17T21:22:00Z,2026-09-17T23:22:00+02:00,54,placa-vella,297,206,91,30.6
2026-09-17T21:22:00Z,2026-09-17T23:22:00+02:00,55,ajuntament-mercat,237,187,50,21.1
2026-09-17T21:23:00Z,2026-09-17T23:23:00+02:00,53,dr-robert,407,308,99,24.3
2026-09-17T21:23:00Z,2026-09-17T23:23:00+02:00,54,placa-vella,297,206,91,30.6
2026-09-17T21:23:00Z,2026-09-17T23:23:00+02:00,55,ajuntament-mercat,237,187,50,21.1
2026-09-17T21:24:00Z,2026-09-17T23:24:00+02:00,53,dr-robert,407,308,99,24.3
2026-09-17T21:24:00Z,2026-09-17T23:24:00+02:00,54,placa-vella,297,206,91,30.6
2026-09-17T21:24:00Z,2026-09-17T23:24:00+02:00,55,ajuntament-mercat,237,187,50,21.1
2026-09-17T21:25:00Z,2026-09-17T23:25:00+02:00,53,dr-robert,407,309,98,24.1
2026-09-17T21:25:00Z,2026-09-17T23:25:00+02:00,54,placa-vella,297,208,89,30
2026-09-17T21:25:00Z,2026-09-17T23:25:00+02:00,55,ajuntament-mercat,237,187,50,21.1
2026-09-17T21:26:00Z,2026-09-17T23:26:00+02:00,53,dr-robert,407,309,98,24.1
2026-09-17T21:26:00Z,2026-09-17T23:26:00+02:00,54,placa-vella,297,208,89,30
2026-09-17T21:26:00Z,2026-09-17T23:26:00+02:00,55,ajuntament-mercat,237,187,50,21.1
2026-09-17T21:27:00Z,2026-09-17T23:27:00+02:00,53,dr-robert,407,309,98,24.1
2026-09-17T21:27:00Z,2026-09-17T23:27:00+02:00,54,placa-vella,297,208,89,30
2026-09-17T21:27:00Z,2026-09-17T23:27:00+02:00,55,ajuntament-mercat,237,187,50,21.1
2026-09-17T21:28:00Z,2026-09-17T23:28:00+02:00,53,dr-robert,407,309,98,24.1
2026-09-17T21:28:00Z,2026-09-17T23:28:00+02:00,54,placa-vella,297,208,89,30
2026-09-17T21:28:00Z,2026-09-17T23:28:00+02:00,55,ajuntament-mercat,237,187,50,21.1
2026-09-17T21:29:00Z,2026-09-17T23:29:00+02:00,53,dr-robert,407,309,98,24.1
2026-09-17T21:29:00Z,2026-09-17T23:29:00+02:00,54,placa-vella,297,208,89,30
2026-09-17T21:29:00Z,2026-09-17T23:29:00+02:00,55,ajuntament-mercat,237,187,50,21.1
2026-09-17T21:30:00Z,2026-09-17T23:30:00+02:00,53,dr-robert,407,312,95,23.3
2026-09-17T21:30:00Z,2026-09-17T23:30:00+02:00,54,placa-vella,297,208,89,30
2026-09-17T21:30:00Z,2026-09-17T23:30:00+02:00,55,ajuntament-mercat,237,187,50,21.1
2026-09-17T21:31:00Z,2026-09-17T23:31:00+02:00,53,dr-robert,407,312,95,23.3
2026-09-17T21:31:00Z,2026-09-17T23:31:00+02:00,54,placa-vella,297,208,89,30
2026-09-17T21:31:00Z,2026-09-17T23:31:00+02:00,55,ajuntament-mercat,237,187,50,21.1
2026-09-17T21:32:00Z,2026-09-17T23:32:00+02:00,53,dr-robert,407,312,95,23.3
2026-09-17T21:32:00Z,2026-09-17T23:32:00+02:00,54,placa-vella,297,208,89,30
2026-09-17T21:32:00Z,2026-09-17T23:32:00+02:00,55,ajuntament-mercat,237,187,50,21.1
2026-09-17T21:33:00Z,2026-09-17T23:33:00+02:00,53,dr-robert,407,312,95,23.3
2026-09-17T21:33:00Z,2026-09-17T23:33:00+02:00,54,placa-vella,297,208,89,30
2026-09-17T21:33:00Z,2026-09-17T23:33:00+02:00,55,ajuntament-mercat,237,187,50,21.1
2026-09-17T21:34:00Z,2026-09-17T23:34:00+02:00,53,dr-robert,407,312,95,23.3
2026-09-17T21:34:00Z,2026-09-17T23:34:00+02:00,54,placa-vella,297,208,89,30
2026-09-17T21:34:00Z,2026-09-17T23:34:00+02:00,55,ajuntament-mercat,237,187,50,21.1
2026-09-17T21:35:00Z,2026-09-17T23:35:00+02:00,53,dr-robert,407,313,94,23.1
2026-09-17T21:35:00Z,2026-09-17T23:35:00+02:00,54,placa-vella,297,208,89,30
2026-09-17T21:35:00Z,2026-09-17T23:35:00+02:00,55,ajuntament-mercat,237,188,49,20.7
2026-09-17T21:36:00Z,2026-09-17T23:36:00+02:00,53,dr-robert,407,313,94,23.1
2026-09-17T21:36:00Z,2026-09-17T23:36:00+02:00,54,placa-vella,297,208,89,30
2026-09-17T21:36:00Z,2026-09-17T23:36:00+02:00,55,ajuntament-mercat,237,188,49,20.7
2026-09-17T21:37:00Z,2026-09-17T23:37:00+02:00,53,dr-robert,407,313,94,23.1
2026-09-17T21:37:00Z,2026-09-17T23:37:00+02:00,54,placa-vella,297,208,89,30
2026-09-17T21:37:00Z,2026-09-17T23:37:00+02:00,55,ajuntament-mercat,237,188,49,20.7
2026-09-17T21:38:00Z,2026-09-17T23:38:00+02:00,53,dr-robert,407,313,94,23.1
2026-09-17T21:38:00Z,2026-09-17T23:38:00+02:00,54,placa-vella,297,208,89,30
2026-09-17T21:38:00Z,2026-09-17T23:38:00+02:00,55,ajuntament-mercat,237,188,49,20.7
2026-09-17T21:39:00Z,2026-09-17T23:39:00+02:00,53,dr-robert,407,313,94,23.1
2026-09-17T21:39:00Z,2026-09-17T23:39:00+02:00,54,placa-vella,297,208,89,30
2026-09-17T21:39:00Z,2026-09-17T23:39:00+02:00,55,ajuntament-mercat,237,188,49,20.7
2026-09-17T21:40:00Z,2026-09-17T23:40:00+02:00,53,dr-robert,407,312,95,23.3
2026-09-17T21:40:00Z,2026-09-17T23:40:00+02:00,54,placa-vella,297,208,89,30
2026-09-17T21:40:00Z,2026-09-17T23:40:00+02:00,55,ajuntament-mercat,237,188,49,20.7
2026-09-17T21:41:00Z,2026-09-17T23:41:00+02:00,53,dr-robert,407,312,95,23.3
2026-09-17T21:41:00Z,2026-09-17T23:41:00+02:00,54,placa-vella,297,208,89,30
2026-09-17T21:41:00Z,2026-09-17T23:41:00+02:00,55,ajuntament-mercat,237,188,49,20.7
2026-09-17T21:42:00Z,2026-09-17T23:42:00+02:00,53,dr-robert,407,312,95,23.3
2026-09-17T21:42:00Z,2026-09-17T23:42:00+02:00,54,placa-vella,297,208,89,30
2026-09-17T21:42:00Z,2026-09-17T23:42:00+02:00,55,ajuntament-mercat,237,188,49,20.7
2026-09-17T21:43:00Z,2026-09-17T23:43:00+02:00,53,dr-robert,407,312,95,23.3
2026-09-17T21:43:00Z,2026-09-17T23:43:00+02:00,54,placa-vella,297,208,89,30
2026-09-17T21:43:00Z,2026-09-17T23:43:00+02:00,55,ajuntament-mercat,237,188,49,20.7
2026-09-17T21:44:00Z,2026-09-17T23:44:00+02:00,53,dr-robert,407,312,95,23.3
2026-09-17T21:44:00Z,2026-09-17T23:44:00+02:00,54,placa-vella,297,208,89,30
2026-09-17T21:44:00Z,2026-09-17T23:44:00+02:00,55,ajuntament-mercat,237,188,49,20.7
2026-09-17T21:45:00Z,2026-09-17T23:45:00+02:00,53,dr-robert,407,313,94,23.1
2026-09-17T21:45:00Z,2026-09-17T23:45:00+02:00,54,placa-vella,297,208,89,30
2026-09-17T21:45:00Z,2026-09-17T23:45:00+02:00,55,ajuntament-mercat,237,188,49,20.7
2026-09-17T21:46:00Z,2026-09-17T23:46:00+02:00,53,dr-robert,407,313,94,23.1
2026-09-17T21:46:00Z,2026-09-17T23:46:00+02:00,54,placa-vella,297,208,89,30
2026-09-17T21:46:00Z,2026-09-17T23:46:00+02:00,55,ajuntament-mercat,237,188,49,20.7
2026-09-17T21:47:00Z,2026-09-17T23:47:00+02:00,53,dr-robert,407,313,94,23.1
2026-09-17T21:47:00Z,2026-09-17T23:47:00+02:00,54,placa-vella,297,208,89,30
2026-09-17T21:47:00Z,2026-09-17T23:47:00+02:00,55,ajuntament-mercat,237,188,49,20.7
2026-09-17T21:48:00Z,2026-09-17T23:48:00+02:00,53,dr-robert,407,313,94,23.1
2026-09-17T21:48:00Z,2026-09-17T23:48:00+02:00,54,placa-vella,297,208,89,30
2026-09-17T21:48:00Z,2026-09-17T23:48:00+02:00,55,ajuntament-mercat,237,188,49,20.7
2026-09-17T21:49:00Z,2026-09-17T23:49:00+02:00,53,dr-robert,407,313,94,23.1
2026-09-17T21:49:00Z,2026-09-17T23:49:00+02:00,54,placa-vella,297,208,89,30
2026-09-17T21:49:00Z,2026-09-17T23:49:00+02:00,55,ajuntament-mercat,237,188,49,20.7
2026-09-17T21:50:00Z,2026-09-17T23:50:00+02:00,53,dr-robert,407,313,94,23.1
2026-09-17T21:50:00Z,2026-09-17T23:50:00+02:00,54,placa-vella,297,208,89,30
2026-09-17T21:50:00Z,2026-09-17T23:50:00+02:00,55,ajuntament-mercat,237,187,50,21.1
2026-09-17T21:51:00Z,2026-09-17T23:51:00+02:00,53,dr-robert,407,313,94,23.1
2026-09-17T21:51:00Z,2026-09-17T23:51:00+02:00,54,placa-vella,297,208,89,30
2026-09-17T21:51:00Z,2026-09-17T23:51:00+02:00,55,ajuntament-mercat,237,187,50,21.1
2026-09-17T21:52:00Z,2026-09-17T23:52:00+02:00,53,dr-robert,407,313,94,23.1
2026-09-17T21:52:00Z,2026-09-17T23:52:00+02:00,54,placa-vella,297,208,89,30
2026-09-17T21:52:00Z,2026-09-17T23:52:00+02:00,55,ajuntament-mercat,237,187,50,21.1
2026-09-17T21:53:00Z,2026-09-17T23:53:00+02:00,53,dr-robert,407,313,94,23.1
2026-09-17T21:53:00Z,2026-09-17T23:53:00+02:00,54,placa-vella,297,208,89,30
2026-09-17T21:53:00Z,2026-09-17T23:53:00+02:00,55,ajuntament-mercat,237,187,50,21.1
2026-09-17T21:54:00Z,2026-09-17T23:54:00+02:00,53,dr-robert,407,313,94,23.1
2026-09-17T21:54:00Z,2026-09-17T23:54:00+02:00,54,placa-vella,297,208,89,30
2026-09-17T21:54:00Z,2026-09-17T23:54:00+02:00,55,ajuntament-mercat,237,187,50,21.1
2026-09-17T21:55:00Z,2026-09-17T23:55:00+02:00,53,dr-robert,407,314,93,22.9
2026-09-17T21:55:00Z,2026-09-17T23:55:00+02:00,54,placa-vella,297,207,90,30.3
2026-09-17T21:55:00Z,2026-09-17T23:55:00+02:00,55,ajuntament-mercat,237,188,49,20.7
2026-09-17T21:56:00Z,2026-09-17T23:56:00+02:00,53,dr-robert,407,314,93,22.9
2026-09-17T21:56:00Z,2026-09-17T23:56:00+02:00,54,placa-vella,297,207,90,30.3
2026-09-17T21:56:00Z,2026-09-17T23:56:00+02:00,55,ajuntament-mercat,237,188,49,20.7
2026-09-17T21:57:00Z,2026-09-17T23:57:00+02:00,53,dr-robert,407,314,93,22.9
2026-09-17T21:57:00Z,2026-09-17T23:57:00+02:00,54,placa-vella,297,207,90,30.3
2026-09-17T21:57:00Z,2026-09-17T23:57:00+02:00,55,ajuntament-mercat,237,188,49,20.7
2026-09-17T21:58:00Z,2026-09-17T23:58:00+02:00,53,dr-robert,407,314,93,22.9
2026-09-17T21:58:00Z,2026-09-17T23:58:00+02:00,54,placa-vella,297,207,90,30.3
2026-09-17T21:58:00Z,2026-09-17T23:58:00+02:00,55,ajuntament-mercat,237,188,49,20.7
2026-09-17T21:59:00Z,2026-09-17T23:59:00+02:00,53,dr-robert,407,314,93,22.9
2026-09-17T21:59:00Z,2026-09-17T23:59:00+02:00,54,placa-vella,297,207,90,30.3
2026-09-17T21:59:00Z,2026-09-17T23:59:00+02:00,55,ajuntament-mercat,237,188,49,20.7
