timestamp_utc,timestamp_local,parking_id,parking_slug,capacity,available,occupied,occupancy_pct
2026-09-21T22:00:00Z,2026-09-22T00:00:00+02:00,53,dr-robert,407,323,84,20.6
2026-09-21T22:00:00Z,2026-09-22T00:00:00+02:00,54,placa-vella,297,217,80,26.9
2026-09-21T22:00:00Z,2026-09-22T00:00:00+02:00,55,ajuntament-mercat,237,189,48,20.3
2026-09-21T22:01:00Z,2026-09-22T00:01:00+02:00,53,dr-robert,407,323,84,20.6
2026-09-21T22:01:00Z,2026-09-22T00:01:00+02:00,54,placa-vella,297,217,80,26.9
2026-09-21T22:01:00Z,2026-09-22T00:01:00+02:00,55,ajuntament-mercat,237,189,48,20.3
2026-09-21T22:02:00Z,2026-09-22T00:02:00+02:00,53,dr-robert,407,323,84,20.6
2026-09-21T22:02:00Z,2026-09-22T00:02:00+02:00,54,placa-vella,297,217,80,26.9
2026-09-21T22:02:00Z,2026-09-22T00:02:00+02:00,55,ajuntament-mercat,237,189,48,20.3
2026-09-21T22:03:00Z,2026-09-22T00:03:00+02:00,53,dr-robert,407,323,84,20.6
2026-09-21T22:03:00Z,2026-09-22T00:03:00+02:00,54,placa-vella,297,217,80,26.9
2026-09-21T22:03:00Z,2026-09-22T00:03:00+02:00,55,ajuntament-mercat,237,189,48,20.3
2026-09-21T22:04:00Z,2026-09-22T00:04:00+02:00,53,dr-robert,407,323,84,20.6
2026-09-21T22:04:00Z,2026-09-22T00:04:00+02:00,54,placa-vella,297,217,80,26.9
2026-09-21T22:04:00Z,2026-09-22T00:04:00+02:00,55,ajuntament-mercat,237,189,48,20.3
2026-09-21T22:05:00Z,2026-09-22T00:05:00+02:00,53,dr-robert,407,323,84,20.6
2026-09-21T22:05:00Z,2026-09-22T00:05:00+02:00,54,placa-vella,297,217,80,26.9
2026-09-21T22:05:00Z,2026-09-22T00:05:00+02:00,55,ajuntament-mercat,237,189,48,20.3
2026-09-21T22:06:00Z,2026-09-22T00:06:00+02:00,53,dr-robert,407,323,84,20.6
2026-09-21T22:06:00Z,2026-09-22T00:06:00+02:00,54,placa-vella,297,217,80,26.9
2026-09-21T22:06:00Z,2026-09-22T00:06:00+02:00,55,ajuntament-mercat,237,189,48,20.3
2026-09-21T22:07:00Z,2026-09-22T00:07:00+02:00,53,dr-robert,407,323,84,20.6
2026-09-21T22:07:00Z,2026-09-22T00:07:00+02:00,54,placa-vella,297,217,80,26.9
2026-09-21T22:07:00Z,2026-09-22T00:07:00+02:00,55,ajuntament-mercat,237,189,48,20.3
2026-09-21T22:08:00Z,2026-09-22T00:08:00+02:00,53,dr-robert,407,323,84,20.6
2026-09-21T22:08:00Z,2026-09-22T00:08:00+02:00,54,placa-vella,297,217,80,26.9
2026-09-21T22:08:00Z,2026-09-22T00:08:00+02:00,55,ajuntament-mercat,237,189,48,20.3
2026-09-21T22:09:00Z,2026-09-22T00:09:00+02:00,53,dr-robert,407,323,84,20.6
2026-09-21T22:09:00Z,2026-09-22T00:09:00+02:00,54,placa-vella,297,217,80,26.9
2026-09-21T22:09:00Z,2026-09-22T00:09:00+02:00,55,ajuntament-mercat,237,189,48,20.3
2026-09-21T22:10:00Z,2026-09-22T00:10:00+02:00,53,dr-robert,407,323,84,20.6
2026-09-21T22:10:00Z,2026-09-22T00:10:00+02:00,54,placa-vella,297,217,80,26.9
2026-09-21T22:10:00Z,2026-09-22T00:10:00+02:00,55,ajuntament-mercat,237,189,48,20.3
2026-09-21T22:11:00Z,2026-09-22T00:11:00+02:00,53,dr-robert,407,323,84,20.6
2026-09-21T22:11:00Z,2026-09-22T00:11:00+02:00,54,placa-vella,297,217,80,26.9
2026-09-21T22:11:00Z,2026-09-22T00:11:00+02:00,55,ajuntament-mercat,237,189,48,20.3
2026-09-21T22:12:00Z,2026-09-22T00:12:00+02:00,53,dr-robert,407,323,84,20.6
2026-09-21T22:12:00Z,2026-09-22T00:12:00+02:00,54,placa-vella,297,217,80,26.9
2026-09-21T22:12:00Z,2026-09-22T00:12:00+02:00,55,ajuntament-mercat,237,189,48,20.3
2026-09-21T22:13:00Z,2026-09-22T00:13:00+02:00,53,dr-robert,407,323,84,20.6
2026-09-21T22:13:00Z,2026-09-22T00:13:00+02:00,54,placa-vella,297,217,80,26.9
2026-09-21T22:13:00Z,2026-09-22T00:13:00+02:00,55,ajuntament-mercat,237,189,48,20.3
2026-09-21T22:14:00Z,2026-09-22T00:14:00+02:00,53,dr-robert,407,323,84,20.6
2026-09-21T22:14:00Z,2026-09-22T00:14:00+02:00,54,placa-vella,297,217,80,26.9
2026-09-21T22:14:00Z,2026-09-22T00:14:00+02:00,55,ajuntament-mercat,237,189,48,20.3
2026-09-21T22:15:00Z,2026-09-22T00:15:00+02:00,53,dr-robert,407,323,84,20.6
2026-09-21T22:15:00Z,2026-09-22T00:15:00+02:00,54,placa-vella,297,217,80,26.9
2026-09-21T22:15:00Z,2026-09-22T00:15:00+02:00,55,ajuntament-mercat,237,189,48,20.3
2026-09-21T22:16:00Z,2026-09-22T00:16:00+02:00,53,dr-robert,407,323,84,20.6
2026-09-21T22:16:00Z,2026-09-22T00:16:00+02:00,54,placa-vella,297,217,80,26.9
2026-09-21T22:16:00Z,2026-09-22T00:16:00+02:00,55,ajuntament-mercat,237,189,48,20.3
2026-09-21T22:17:00Z,2026-09-22T00:17:00+02:00,53,dr-robert,407,323,84,20.6
2026-09-21T22:17:00Z,2026-09-22T00:17:00+02:00,54,placa-vella,297,217,80,26.9
2026-09-21T22:17:00Z,2026-09-22T00:17:00+02:00,55,ajuntament-mercat,237,189,48,20.3
2026-09-21T22:18:00Z,2026-09-22T00:18:00+02:00,53,dr-robert,407,323,84,20.6
2026-09-21T22:18:00Z,2026-09-22T00:18:00+02:00,54,placa-vella,297,217,80,26.9
2026-09-21T22:18:00Z,2026-09-22T00:18:00+02:00,55,ajuntament-mercat,237,189,48,20.3
2026-09-21T22:19:00Z,2026-09-22T00:19:00+02:00,53,dr-robert,407,323,84,20.6
2026-09-21T22:19:00Z,2026-09-22T00:19:00+02:00,54,placa-vella,297,217,80,26.9
2026-09-21T22:19:00Z,2026-09-22T00:19:00+02:00,55,ajuntament-mercat,237,189,48,20.3
2026-09-21T22:20:00Z,2026-09-22T00:20:00+02:00,53,dr-robert,407,323,84,20.6
2026-09-21T22:20:00Z,2026-09-22T00:20:00+02:00,54,placa-vella,297,217,80,26.9
2026-09-21T22:20:00Z,2026-09-22T00:20:00+02:00,55,ajuntament-mercat,237,189,48,20.3
2026-09-21T22:21:00Z,2026-09-22T00:21:00+02:00,53,dr-robert,407,323,84,20.6
2026-09-21T22:21:00Z,2026-09-22T00:21:00+02:00,54,placa-vella,297,217,80,26.9
2026-09-21T22:21:00Z,2026-09-22T00:21:00+02:00,55,ajuntament-mercat,237,189,48,20.3
2026-09-21T22:22:00Z,2026-09-22T00:22:00+02:00,53,dr-robert,407,323,84,20.6
2026-09-21T22:22:00Z,2026-09-22T00:22:00+02:00,54,placa-vella,297,217,80,26.9
2026-09-21T22:22:00Z,2026-09-22T00:22:00+02:00,55,ajuntament-mercat,237,189,48,20.3
2026-09-21T22:23:00Z,2026-09-22T00:23:00+02:00,53,dr-robert,407,323,84,20.6
2026-09-21T22:23:00Z,2026-09-22T00:23:00+02:00,54,placa-vella,297,217,80,26.9
2026-09-21T22:23:00Z,2026-09-22T00:23:00+02:00,55,ajuntament-mercat,237,189,48,20.3
2026-09-21T22:24:00Z,2026-09-22T00:24:00+02:00,53,dr-robert,407,323,84,20.6
2026-09-21T22:24:00Z,2026-09-22T00:24:00+02:00,54,placa-vella,297,217,80,26.9
2026-09-21T22:24:00Z,2026-09-22T00:24:00+02:00,55,ajuntament-mercat,237,189,48,20.3
2026-09-21T22:25:00Z,2026-09-22T00:25:00+02:00,53,dr-robert,407,323,84,20.6
2026-09-21T22:25:00Z,2026-09-22T00:25:00+02:00,54,placa-vella,297,216,81,27.3
2026-09-21T22:25:00Z,2026-09-22T00:25:00+02:00,55,ajuntament-mercat,237,189,48,20.3
2026-09-21T22:26:00Z,2026-09-22T00:26:00+02:00,53,dr-robert,407,323,84,20.6
2026-09-21T22:26:00Z,2026-09-22T00:26:00+02:00,54,placa-vella,297,216,81,27.3
2026-09-21T22:26:00Z,2026-09-22T00:26:00+02:00,55,ajuntament-mercat,237,189,48,20.3
2026-09-21T22:27:00Z,2026-09-22T00:27:00+02:00,53,dr-robert,407,323,84,20.6
2026-09-21T22:27:00Z,2026-09-22T00:27:00+02:00,54,placa-vella,297,216,81,27.3
2026-09-21T22:27:00Z,2026-09-22T00:27:00+02:00,55,ajuntament-mercat,237,189,48,20.3
2026-09-21T22:28:00Z,2026-09-22T00:28:00+02:00,53,dr-robert,407,323,84,20.6
2026-09-21T22:28:00Z,2026-09-22T00:28:00+02:00,54,placa-vella,297,216,81,27.3
2026-09-21T22:28:00Z,2026-09-22T00:28:00+02:00,55,ajuntament-mercat,237,189,48,20.3
2026-09-21T22:29:00Z,2026-09-22T00:29:00+02:00,53,dr-robert,407,323,84,20.6
2026-09-21T22:29:00Z,2026-09-22T00:29:00+02:00,54,placa-vella,297,216,81,27.3
2026-09-21T22:29:00Z,2026-09-22T00:29:00+02:00,55,ajuntament-mercat,237,189,48,20.3
2026-09-21T22:30:00Z,2026-09-22T00:30:00+02:00,53,dr-robert,407,323,84,20.6
2026-09-21T22:30:00Z,2026-09-22T00:30:00+02:00,54,placa-vella,297,216,81,27.3
2026-09-21T22:30:00Z,2026-09-22T00:30:00+02:00,55,ajuntament-mercat,237,189,48,20.3
2026-09-21T22:31:00Z,2026-09-22T00:31:00+02:00,53,dr-robert,407,323,84,20.6
2026-09-21T22:31:00Z,2026-09-22T00:31:00+02:00,54,placa-vella,297,216,81,27.3
2026-09-21T22:31:00Z,2026-09-22T00:31:00+02:00,55,ajuntament-mercat,237,189,48,20.3
2026-09-21T22:32:00Z,2026-09-22T00:32:00+02:00,53,dr-robert,407,323,84,20.6
2026-09-21T22:32:00Z,2026-09-22T00:32:00+02:00,54,placa-vella,297,216,81,27.3
2026-09-21T22:32:00Z,2026-09-22T00:32:00+02:00,55,ajuntament-mercat,237,189,48,20.3
2026-09-21T22:33:00Z,2026-09-22T00:33:00+02:00,53,dr-robert,407,323,84,20.6
2026-09-21T22:33:00Z,2026-09-22T00:33:00+02:00,54,placa-vella,297,216,81,27.3
2026-09-21T22:33:00Z,2026-09-22T00:33:00+02:00,55,ajuntament-mercat,237,189,48,20.3
2026-09-21T22:34:00Z,2026-09-22T00:34:00+02:00,53,dr-robert,407,323,84,20.6
2026-09-21T22:34:00Z,2026-09-22T00:34:00+02:00,54,placa-vella,297,216,81,27.3
2026-09-21T22:34:00Z,2026-09-22T00:34:00+02:00,55,ajuntament-mercat,237,189,48,20.3
2026-09-21T22:35:00Z,2026-09-22T00:35:00+02:00,53,dr-robert,407,323,84,20.6
2026-09-21T22:35:00Z,2026-09-22T00:35:00+02:00,54,placa-vella,297,215,82,27.6
2026-09-21T22:35:00Z,2026-09-22T00:35:00+02:00,55,ajuntament-mercat,237,189,48,20.3
2026-09-21T22:36:00Z,2026-09-22T00:36:00+02:00,53,dr-robert,407,323,84,20.6
2026-09-21T22:36:00Z,2026-09-22T00:36:00+02:00,54,placa-vella,297,215,82,27.6
2026-09-21T22:36:00Z,2026-09-22T00:36:00+02:00,55,ajuntament-mercat,237,189,48,20.3
2026-09-21T22:37:00Z,2026-09-22T00:37:00+02:00,53,dr-robert,407,323,84,20.6
2026-09-21T22:37:00Z,2026-09-22T00:37:00+02:00,54,placa-vella,297,215,82,27.6
2026-09-21T22:37:00Z,2026-09-22T00:37:00+02:00,55,ajuntament-mercat,237,189,48,20.3
2026-09-21T22:38:00Z,2026-09-22T00:38:00+02:00,53,dr-robert,407,323,84,20.6
2026-09-21T22:38:00Z,2026-09-22T00:38:00+02:00,54,placa-vella,297,215,82,27.6
2026-09-21T22:38:00Z,2026-09-22T00:38:00+02:00,55,ajuntament-mercat,237,189,48,20.3
2026-09-21T22:39:00Z,2026-09-22T00:39:00+02:00,53,dr-robert,407,323,84,20.6
2026-09-21T22:39:00Z,2026-09-22T00:39:00+02:00,54,placa-vella,297,215,82,27.6
2026-09-21T22:39:00Z,2026-09-22T00:39:00+02:00,55,ajuntament-mercat,237,189,48,20.3
2026-09-21T22:40:00Z,2026-09-22T00:40:00+02:00,53,dr-robert,407,322,85,20.9
2026-09-21T22:40:00Z,2026-09-22T00:40:00+02:00,54,placa-vella,297,215,82,27.6
2026-09-21T22:40:00Z,2026-09-22T00:40:00+02:00,55,ajuntament-mercat,237,189,48,20.3
2026-09-21T22:41:00Z,2026-09-22T00:41:00+02:00,53,dr-robert,407,322,85,20.9
2026-09-21T22:41:00Z,2026-09-22T00:41:00+02:00,54,placa-vella,297,215,82,27.6
2026-09-21T22:41:00Z,2026-09-22T00:41:00+02:00,55,ajuntament-mercat,237,189,48,20.3
2026-09-21T22:42:00Z,2026-09-22T00:42:00+02:00,53,dr-robert,407,322,85,20.9
2026-09-21T22:42:00Z,2026-09-22T00:42:00+02:00,54,placa-vella,297,215,82,27.6
2026-09-21T22:42:00Z,2026-09-22T00:42:00+02:00,55,ajuntament-mercat,237,189,48,20.3
2026-09-21T22:43:00Z,2026-09-22T00:43:00+02:00,53,dr-robert,407,322,85,20.9
2026-09-21T22:43:00Z,2026-09-22T00:43:00+02:00,54,placa-vella,297,215,82,27.6
2026-09-21T22:43:00Z,2026-09-22T00:43:00+02:00,55,ajuntament-mercat,237,189,48,20.3
2026-09-21T22:44:00Z,2026-09-22T00:44:00+02:00,53,dr-robert,407,322,85,20.9
2026-09-21T22:44:00Z,2026-09-22T00:44:00+02:00,54,placa-vella,297,215,82,27.6
2026-09-21T22:44:00Z,2026-09-22T00:44:00+02:00,55,ajuntament-mercat,237,189,48,20.3
2026-09-21T22:45:00Z,2026-09-22T00:45:00+02:00,53,dr-robert,407,322,85,20.9
2026-09-21T22:45:00Z,2026-09-22T00:45:00+02:00,54,placa-vella,297,215,82,27.6
2026-09-21T22:45:00Z,2026-09-22T00:45:00+02:00,55,ajuntament-mercat,237,189,48,20.3
2026-09-21T22:46:00Z,2026-09-22T00:46:00+02:00,53,dr-robert,407,322,85,20.9
2026-09-21T22:46:00Z,2026-09-22T00:46:00+02:00,54,placa-vella,297,215,82,27.6
2026-09-21T22:46:00Z,2026-09-22T00:46:00+02:00,55,ajuntament-mercat,237,189,48,20.3
2026-09-21T22:47:00Z,2026-09-22T00:47:00+02:00,53,dr-robert,407,322,85,20.9
2026-09-21T22:47:00Z,2026-09-22T00:47:00+02:00,54,placa-vella,297,215,82,27.6
2026-09-21T22:47:00Z,2026-09-22T00:47:00+02:00,55,ajuntament-mercat,237,189,48,20.3
2026-09-21T22:48:00Z,2026-09-22T00:48:00+02:00,53,dr-robert,407,322,85,20.9
2026-09-21T22:48:00Z,2026-09-22T00:48:00+02:00,54,placa-vella,297,215,82,27.6
2026-09-21T22:48:00Z,2026-09-22T00:48:00+02:00,55,ajuntament-mercat,237,189,48,20.3
2026-09-21T22:49:00Z,2026-09-22T00:49:00+02:00,53,dr-robert,407,322,85,20.9
2026-09-21T22:49:00Z,2026-09-22T00:49:00+02:00,54,placa-vella,297,215,82,27.6
2026-09-21T22:49:00Z,2026-09-22T00:49:00+02:00,55,ajuntament-mercat,237,189,48,20.3
2026-09-21T22:50:00Z,2026-09-22T00:50:00+02:00,53,dr-robert,407,322,85,20.9
2026-09-21T22:50:00Z,2026-09-22T00:50:00+02:00,54,placa-vella,297,215,82,27.6
2026-09-21T22:50:00Z,2026-09-22T00:50:00+02:00,55,ajuntament-mercat,237,189,48,20.3
2026-09-21T22:51:00Z,2026-09-22T00:51:00+02:00,53,dr-robert,407,322,85,20.9
2026-09-21T22:51:00Z,2026-09-22T00:51:00+02:00,54,placa-vella,297,215,82,27.6
2026-09-21T22:51:00Z,2026-09-22T00:51:00+02:00,55,ajuntament-mercat,237,189,48,20.3
2026-09-21T22:52:00Z,2026-09-22T00:52:00+02:00,53,dr-robert,407,322,85,20.9
2026-09-21T22:52:00Z,2026-09-22T00:52:00+02:00,54,placa-vella,297,215,82,27.6
2026-09-21T22:52:00Z,2026-09-22T00:52:00+02:00,55,ajuntament-mercat,237,189,48,20.3
2026-09-21T22:53:00Z,2026-09-22T00:53:00+02:00,53,dr-robert,407,322,85,20.9
2026-09-21T22:53:00Z,2026-09-22T00:53:00+02:00,54,placa-vella,297,215,82,27.6
2026-09-21T22:53:00Z,2026-09-22T00:53:00+02:00,55,ajuntament-mercat,237,189,48,20.3
2026-09-21T22:54:00Z,2026-09-22T00:54:00+02:00,53,dr-robert,407,322,85,20.9
2026-09-21T22:54:00Z,2026-09-22T00:54:00+02:00,54,placa-vella,297,215,82,27.6
2026-09-21T22:54:00Z,2026-09-22T00:54:00+02:00,55,ajuntament-mercat,237,189,48,20.3
2026-09-21T22:55:00Z,2026-09-22T00:55:00+02:00,53,dr-robert,407,322,85,20.9
2026-09-21T22:55:00Z,2026-09-22T00:55:00+02:00,54,placa-vella,297,215,82,27.6
2026-09-21T22:55:00Z,2026-09-22T00:55:00+02:00,55,ajuntament-mercat,237,189,48,20.3
2026-09-21T22:56:00Z,2026-09-22T00:56:00+02:00,53,dr-robert,407,322,85,20.9
2026-09-21T22:56:00Z,2026-09-22T00:56:00+02:00,54,placa-vella,297,215,82,27.6
2026-09-21T22:56:00Z,2026-09-22T00:56:00+02:00,55,ajuntament-mercat,237,189,48,20.3
2026-09-21T22:57:00Z,2026-09-22T00:57:00+02:00,53,dr-robert,407,322,85,20.9
2026-09-21T22:57:00Z,2026-09-22T00:57:00+02:00,54,placa-vella,297,215,82,27.6
2026-09-21T22:57:00Z,2026-09-22T00:57:00+02:00,55,ajuntament-mercat,237,189,48,20.3
2026-09-21T22:58:00Z,2026-09-22T00:58:00+02:00,53,dr-robert,407,322,85,20.9
2026-09-21T22:58:00Z,2026-09-22T00:58:00+02:00,54,placa-vella,297,215,82,27.6
2026-09-21T22:58:00Z,2026-09-22T00:58:00+02:00,55,ajuntament-mercat,237,189,48,20.3
2026-09-21T22:59:00Z,2026-09-22T00:59:00+02:00,53,dr-robert,407,322,85,20.9
2026-09-21T22:59:00Z,2026-09-22T00:59:00+02:00,54,placa-vella,297,215,82,27.6
2026-09-21T22:59:00Z,2026-09-22T00:59:00+02:00,55,ajuntament-mercat,237,189,48,20.3
2026-09-21T23:00:00Z,2026-09-22T01:00:00+02:00,53,dr-robert,407,322,85,20.9
2026-09-21T23:00:00Z,2026-09-22T01:00:00+02:00,54,placa-vella,297,215,82,27.6
2026-09-21T23:00:00Z,2026-09-22T01:00:00+02:00,55,ajuntament-mercat,237,189,48,20.3
2026-09-21T23:01:00Z,2026-09-22T01:01:00+02:00,53,dr-robert,407,322,85,20.9
2026-09-21T23:01:00Z,2026-09-22T01:01:00+02:00,55,ajuntament-mercat,237,189,48,20.3
2026-09-21T23:02:00Z,2026-09-22T01:02:00+02:00,53,dr-robert,407,322,85,20.9
2026-09-21T23:02:00Z,2026-09-22T01:02:00+02:00,55,ajuntament-mercat,237,189,48,20.3
2026-09-21T23:03:00Z,2026-09-22T01:03:00+02:00,53,dr-robert,407,322,85,20.9
2026-09-21T23:03:00Z,2026-09-22T01:03:00+02:00,55,ajuntament-mercat,237,189,48,20.3
2026-09-21T23:04:00Z,2026-09-22T01:04:00+02:00,53,dr-robert,407,322,85,20.9
2026-09-21T23:04:00Z,2026-09-22T01:04:00+02:00,55,ajuntament-mercat,237,189,48,20.3
2026-09-21T23:05:00Z,2026-09-22T01:05:00+02:00,53,dr-robert,407,322,85,20.9
2026-09-21T23:05:00Z,2026-09-22T01:05:00+02:00,54,placa-vella,297,215,82,27.6
2026-09-21T23:05:00Z,2026-09-22T01:05:00+02:00,55,ajuntament-mercat,237,189,48,20.3
2026-09-21T23:06:00Z,2026-09-22T01:06:00+02:00,53,dr-robert,407,322,85,20.9
2026-09-21T23:06:00Z,2026-09-22T01:06:00+02:00,54,placa-vella,297,215,82,27.6
2026-09-21T23:06:00Z,2026-09-22T01:06:00+02:00,55,ajuntament-mercat,237,189,48,20.3
2026-09-21T23:07:00Z,2026-09-22T01:07:00+02:00,53,dr-robert,407,322,85,20.9
2026-09-21T23:07:00Z,2026-09-22T01:07:00+02:00,54,placa-vella,297,215,82,27.6
2026-09-21T23:07:00Z,2026-09-22T01:07:00+02:00,55,ajuntament-mercat,237,189,48,20.3
2026-09-21T23:08:00Z,2026-09-22T01:08:00+02:00,53,dr-robert,407,322,85,20.9
2026-09-21T23:08:00Z,2026-09-22T01:08:00+02:00,54,placa-vella,297,215,82,27.6
2026-09-21T23:08:00Z,2026-09-22T01:08:00+02:00,55,ajuntament-mercat,237,189,48,20.3
2026-09-21T23:09:00Z,2026-09-22T01:09:00+02:00,53,dr-robert,407,322,85,20.9
2026-09-21T23:09:00Z,2026-09-22T01:09:00+02:00,54,placa-vella,297,215,82,27.6
2026-09-21T23:09:00Z,2026-09-22T01:09:00+02:00,55,ajuntament-mercat,237,189,48,20.3
2026-09-21T23:10:00Z,2026-09-22T01:10:00+02:00,53,dr-robert,407,323,84,20.6
2026-09-21T23:10:00Z,2026-09-22T01:10:00+02:00,54,placa-vella,297,215,82,27.6
2026-09-21T23:10:00Z,2026-09-22T01:10:00+02:00,55,ajuntament-mercat,237,188,49,20.7
2026-09-21T23:11:00Z,2026-09-22T01:11:00+02:00,53,dr-robert,407,323,84,20.6
2026-09-21T23:11:00Z,2026-09-22T01:11:00+02:00,54,placa-vella,297,215,82,27.6
2026-09-21T23:11:00Z,2026-09-22T01:11:00+02:00,55,ajuntament-mercat,237,188,49,20.7
2026-09-21T23:12:00Z,2026-09-22T01:12:00+02:00,53,dr-robert,407,323,84,20.6
2026-09-21T23:12:00Z,2026-09-22T01:12:00+02:00,54,placa-vella,297,215,82,27.6
2026-09-21T23:12:00Z,2026-09-22T01:12:00+02:00,55,ajuntament-mercat,237,188,49,20.7
2026-09-21T23:13:00Z,2026-09-22T01:13:00+02:00,53,dr-robert,407,323,84,20.6
2026-09-21T23:13:00Z,2026-09-22T01:13:00+02:00,54,placa-vella,297,215,82,27.6
2026-09-21T23:13:00Z,2026-09-22T01:13:00+02:00,55,ajuntament-mercat,237,188,49,20.7
2026-09-21T23:14:00Z,2026-09-22T01:14:00+02:00,53,dr-robert,407,323,84,20.6
2026-09-21T23:14:00Z,2026-09-22T01:14:00+02:00,54,placa-vella,297,215,82,27.6
2026-09-21T23:14:00Z,2026-09-22T01:14:00+02:00,55,ajuntament-mercat,237,188,49,20.7
2026-09-21T23:15:00Z,2026-09-22T01:15:00+02:00,53,dr-robert,407,322,85,20.9
2026-09-21T23:15:00Z,2026-09-22T01:15:00+02:00,54,placa-vella,297,215,82,27.6
2026-09-21T23:15:00Z,2026-09-22T01:15:00+02:00,55,ajuntament-mercat,237,188,49,20.7
2026-09-21T23:16:00Z,2026-09-22T01:16:00+02:00,53,dr-robert,407,322,85,20.9
2026-09-21T23:16:00Z,2026-09-22T01:16:00+02:00,54,placa-vella,297,215,82,27.6
2026-09-21T23:16:00Z,2026-09-22T01:16:00+02:00,55,ajuntament-mercat,237,188,49,20.7
2026-09-21T23:17:00Z,2026-09-22T01:17:00+02:00,53,dr-robert,407,322,85,20.9
2026-09-21T23:17:00Z,2026-09-22T01:17:00+02:00,54,placa-vella,297,215,82,27.6
2026-09-21T23:17:00Z,2026-09-22T01:17:00+02:00,55,ajuntament-mercat,237,188,49,20.7
2026-09-21T23:18:00Z,2026-09-22T01:18:00+02:00,53,dr-robert,407,322,85,20.9
2026-09-21T23:18:00Z,2026-09-22T01:18:00+02:00,54,placa-vella,297,215,82,27.6
2026-09-21T23:18:00Z,2026-09-22T01:18:00+02:00,55,ajuntament-mercat,237,188,49,20.7
2026-09-21T23:19:00Z,2026-09-22T01:19:00+02:00,53,dr-robert,407,322,85,20.9
2026-09-21T23:19:00Z,2026-09-22T01:19:00+02:00,54,placa-vella,297,215,82,27.6
2026-09-21T23:19:00Z,2026-09-22T01:19:00+02:00,55,ajuntament-mercat,237,188,49,20.7
2026-09-21T23:20:00Z,2026-09-22T01:20:00+02:00,53,dr-robert,407,322,85,20.9
2026-09-21T23:20:00Z,2026-09-22T01:20:00+02:00,54,placa-vella,297,215,82,27.6
2026-09-21T23:20:00Z,2026-09-22T01:20:00+02:00,55,ajuntament-mercat,237,188,49,20.7
2026-09-21T23:21:00Z,2026-09-22T01:21:00+02:00,53,dr-robert,407,322,85,20.9
2026-09-21T23:21:00Z,2026-09-22T01:21:00+02:00,54,placa-vella,297,215,82,27.6
2026-09-21T23:21:00Z,2026-09-22T01:21:00+02:00,55,ajuntament-mercat,237,188,49,20.7
2026-09-21T23:22:00Z,2026-09-22T01:22:00+02:00,53,dr-robert,407,322,85,20.9
2026-09-21T23:22:00Z,2026-09-22T01:22:00+02:00,54,placa-vella,297,215,82,27.6
2026-09-21T23:22:00Z,2026-09-22T01:22:00+02:00,55,ajuntament-mercat,237,188,49,20.7
2026-09-21T23:23:00Z,2026-09-22T01:23:00+02:00,53,dr-robert,407,322,85,20.9
2026-09-21T23:23:00Z,2026-09-22T01:23:00+02:00,54,placa-vella,297,215,82,27.6
2026-09-21T23:23:00Z,2026-09-22T01:23:00+02:00,55,ajuntament-mercat,237,188,49,20.7
2026-09-21T23:24:00Z,2026-09-22T01:24:00+02:00,53,dr-robert,407,322,85,20.9
2026-09-21T23:24:00Z,2026-09-22T01:24:00+02:00,54,placa-vella,297,215,82,27.6
2026-09-21T23:24:00Z,2026-09-22T01:24:00+02:00,55,ajuntament-mercat,237,188,49,20.7
2026-09-21T23:25:00Z,2026-09-22T01:25:00+02:00,53,dr-robert,407,322,85,20.9
2026-09-21T23:25:00Z,2026-09-22T01:25:00+02:00,54,placa-vella,297,215,82,27.6
2026-09-21T23:25:00Z,2026-09-22T01:25:00+02:00,55,ajuntament-mercat,237,188,49,20.7
2026-09-21T23:26:00Z,2026-09-22T01:26:00+02:00,53,dr-robert,407,322,85,20.9
2026-09-21T23:26:00Z,2026-09-22T01:26:00+02:00,54,placa-vella,297,215,82,27.6
2026-09-21T23:26:00Z,2026-09-22T01:26:00+02:00,55,ajuntament-mercat,237,188,49,20.7
2026-09-21T23:27:00Z,2026-09-22T01:27:00+02:00,53,dr-robert,407,322,85,20.9
2026-09-21T23:27:00Z,2026-09-22T01:27:00+02:00,54,placa-vella,297,215,82,27.6
2026-09-21T23:27:00Z,2026-09-22T01:27:00+02:00,55,ajuntament-mercat,237,188,49,20.7
2026-09-21T23:28:00Z,2026-09-22T01:28:00+02:00,53,dr-robert,407,322,85,20.9
2026-09-21T23:28:00Z,2026-09-22T01:28:00+02:00,54,placa-vella,297,215,82,27.6
2026-09-21T23:28:00Z,2026-09-22T01:28:00+02:00,55,ajuntament-mercat,237,188,49,20.7
2026-09-21T23:29:00Z,2026-09-22T01:29:00+02:00,53,dr-robert,407,322,85,20.9
2026-09-21T23:29:00Z,2026-09-22T01:29:00+02:00,54,placa-vella,297,215,82,27.6
2026-09-21T23:29:00Z,2026-09-22T01:29:00+02:00,55,ajuntament-mercat,237,188,49,20.7
2026-09-21T23:35:00Z,2026-09-22T01:35:00+02:00,53,dr-robert,407,323,84,20.6
2026-09-21T23:35:00Z,2026-09-22T01:35:00+02:00,54,placa-vella,297,215,82,27.6
2026-09-21T23:35:00Z,2026-09-22T01:35:00+02:00,55,ajuntament-mercat,237,188,49,20.7
2026-09-21T23:36:00Z,2026-09-22T01:36:00+02:00,53,dr-robert,407,323,84,20.6
2026-09-21T23:36:00Z,2026-09-22T01:36:00+02:00,54,placa-vella,297,215,82,27.6
2026-09-21T23:36:00Z,2026-09-22T01:36:00+02:00,55,ajuntament-mercat,237,188,49,20.7
2026-09-21T23:37:00Z,2026-09-22T01:37:00+02:00,53,dr-robert,407,323,84,20.6
2026-09-21T23:37:00Z,2026-09-22T01:37:00+02:00,54,placa-vella,297,215,82,27.6
2026-09-21T23:37:00Z,2026-09-22T01:37:00+02:00,55,ajuntament-mercat,237,188,49,20.7
2026-09-21T23:38:00Z,2026-09-22T01:38:00+02:00,53,dr-robert,407,323,84,20.6
2026-09-21T23:38:00Z,2026-09-22T01:38:00+02:00,54,placa-vella,297,215,82,27.6
2026-09-21T23:38:00Z,2026-09-22T01:38:00+02:00,55,ajuntament-mercat,237,188,49,20.7
2026-09-21T23:39:00Z,2026-09-22T01:39:00+02:00,53,dr-robert,407,323,84,20.6
2026-09-21T23:39:00Z,2026-09-22T01:39:00+02:00,54,placa-vella,297,215,82,27.6
2026-09-21T23:39:00Z,2026-09-22T01:39:00+02:00,55,ajuntament-mercat,237,188,49,20.7
2026-09-21T23:40:00Z,2026-09-22T01:40:00+02:00,53,dr-robert,407,323,84,20.6
2026-09-21T23:40:00Z,2026-09-22T01:40:00+02:00,54,placa-vella,297,215,82,27.6
2026-09-21T23:40:00Z,2026-09-22T01:40:00+02:00,55,ajuntament-mercat,237,188,49,20.7
2026-09-21T23:41:00Z,2026-09-22T01:41:00+02:00,53,dr-robert,407,323,84,20.6
2026-09-21T23:41:00Z,2026-09-22T01:41:00+02:00,54,placa-vella,297,215,82,27.6
2026-09-21T23:41:00Z,2026-09-22T01:41:00+02:00,55,ajuntament-mercat,237,188,49,20.7
2026-09-21T23:42:00Z,2026-09-22T01:42:00+02:00,53,dr-robert,407,323,84,20.6
2026-09-21T23:42:00Z,2026-09-22T01:42:00+02:00,54,placa-vella,297,215,82,27.6
2026-09-21T23:42:00Z,2026-09-22T01:42:00+02:00,55,ajuntament-mercat,237,188,49,20.7
2026-09-21T23:43:00Z,2026-09-22T01:43:00+02:00,53,dr-robert,407,323,84,20.6
2026-09-21T23:43:00Z,2026-09-22T01:43:00+02:00,54,placa-vella,297,215,82,27.6
2026-09-21T23:43:00Z,2026-09-22T01:43:00+02:00,55,ajuntament-mercat,237,188,49,20.7
2026-09-21T23:44:00Z,2026-09-22T01:44:00+02:00,53,dr-robert,407,323,84,20.6
2026-09-21T23:44:00Z,2026-09-22T01:44:00+02:00,54,placa-vella,297,215,82,27.6
2026-09-21T23:44:00Z,2026-09-22T01:44:00+02:00,55,ajuntament-mercat,237,188,49,20.7
2026-09-21T23:45:00Z,2026-09-22T01:45:00+02:00,53,dr-robert,407,323,84,20.6
2026-09-21T23:45:00Z,2026-09-22T01:45:00+02:00,54,placa-vella,297,214,83,27.9
2026-09-21T23:45:00Z,2026-09-22T01:45:00+02:00,55,ajuntament-mercat,237,188,49,20.7
2026-09-21T23:46:00Z,2026-09-22T01:46:00+02:00,53,dr-robert,407,323,84,20.6
2026-09-21T23:46:00Z,2026-09-22T01:46:00+02:00,54,placa-vella,297,214,83,27.9
2026-09-21T23:46:00Z,2026-09-22T01:46:00+02:00,55,ajuntament-mercat,237,188,49,20.7
2026-09-21T23:47:00Z,2026-09-22T01:47:00+02:00,53,dr-robert,407,323,84,20.6
2026-09-21T23:47:00Z,2026-09-22T01:47:00+02:00,54,placa-vella,297,214,83,27.9
2026-09-21T23:47:00Z,2026-09-22T01:47:00+02:00,55,ajuntament-mercat,237,188,49,20.7
2026-09-21T23:48:00Z,2026-09-22T01:48:00+02:00,53,dr-robert,407,323,84,20.6
2026-09-21T23:48:00Z,2026-09-22T01:48:00+02:00,54,placa-vella,297,214,83,27.9
2026-09-21T23:48:00Z,2026-09-22T01:48:00+02:00,55,ajuntament-mercat,237,188,49,20.7
2026-09-21T23:49:00Z,2026-09-22T01:49:00+02:00,53,dr-robert,407,323,84,20.6
2026-09-21T23:49:00Z,2026-09-22T01:49:00+02:00,54,placa-vella,297,214,83,27.9
2026-09-21T23:49:00Z,2026-09-22T01:49:00+02:00,55,ajuntament-mercat,237,188,49,20.7
2026-09-21T23:50:00Z,2026-09-22T01:50:00+02:00,53,dr-robert,407,324,83,20.4
2026-09-21T23:50:00Z,2026-09-22T01:50:00+02:00,54,placa-vella,297,214,83,27.9
2026-09-21T23:50:00Z,2026-09-22T01:50:00+02:00,55,ajuntament-mercat,237,188,49,20.7
2026-09-21T23:51:00Z,2026-09-22T01:51:00+02:00,53,dr-robert,407,324,83,20.4
2026-09-21T23:51:00Z,2026-09-22T01:51:00+02:00,54,placa-vella,297,214,83,27.9
2026-09-21T23:51:00Z,2026-09-22T01:51:00+02:00,55,ajuntament-mercat,237,188,49,20.7
2026-09-21T23:52:00Z,2026-09-22T01:52:00+02:00,53,dr-robert,407,324,83,20.4
2026-09-21T23:52:00Z,2026-09-22T01:52:00+02:00,54,placa-vella,297,214,83,27.9
2026-09-21T23:52:00Z,2026-09-22T01:52:00+02:00,55,ajuntament-mercat,237,188,49,20.7
2026-09-21T23:53:00Z,2026-09-22T01:53:00+02:00,53,dr-robert,407,324,83,20.4
2026-09-21T23:53:00Z,2026-09-22T01:53:00+02:00,54,placa-vella,297,214,83,27.9
2026-09-21T23:53:00Z,2026-09-22T01:53:00+02:00,55,ajuntament-mercat,237,188,49,20.7
2026-09-21T23:54:00Z,2026-09-22T01:54:00+02:00,53,dr-robert,407,324,83,20.4
2026-09-21T23:54:00Z,2026-09-22T01:54:00+02:00,54,placa-vella,297,214,83,27.9
2026-09-21T23:54:00Z,2026-09-22T01:54:00+02:00,55,ajuntament-mercat,237,188,49,20.7
2026-09-21T23:55:00Z,2026-09-22T01:55:00+02:00,53,dr-robert,407,324,83,20.4
2026-09-21T23:55:00Z,2026-09-22T01:55:00+02:00,54,placa-vella,297,214,83,27.9
2026-09-21T23:55:00Z,2026-09-22T01:55:00+02:00,55,ajuntament-mercat,237,188,49,20.7
2026-09-21T23:56:00Z,2026-09-22T01:56:00+02:00,53,dr-robert,407,324,83,20.4
2026-09-21T23:56:00Z,2026-09-22T01:56:00+02:00,54,placa-vella,297,214,83,27.9
2026-09-21T23:56:00Z,2026-09-22T01:56:00+02:00,55,ajuntament-mercat,237,188,49,20.7
2026-09-21T23:57:00Z,2026-09-22T01:57:00+02:00,53,dr-robert,407,324,83,20.4
2026-09-21T23:57:00Z,2026-09-22T01:57:00+02:00,54,placa-vella,297,214,83,27.9
2026-09-21T23:57:00Z,2026-09-22T01:57:00+02:00,55,ajuntament-mercat,237,188,49,20.7
2026-09-21T23:58:00Z,2026-09-22T01:58:00+02:00,53,dr-robert,407,324,83,20.4
2026-09-21T23:58:00Z,2026-09-22T01:58:00+02:00,54,placa-vella,297,214,83,27.9
2026-09-21T23:58:00Z,2026-09-22T01:58:00+02:00,55,ajuntament-mercat,237,188,49,20.7
2026-09-21T23:59:00Z,2026-09-22T01:59:00+02:00,53,dr-robert,407,324,83,20.4
2026-09-21T23:59:00Z,2026-09-22T01:59:00+02:00,54,placa-vella,297,214,83,27.9
2026-09-21T23:59:00Z,2026-09-22T01:59:00+02:00,55,ajuntament-mercat,237,188,49,20.7
2026-09-22T00:00:00Z,2026-09-22T02:00:00+02:00,53,dr-robert,407,324,83,20.4
2026-09-22T00:00:00Z,2026-09-22T02:00:00+02:00,54,placa-vella,297,214,83,27.9
2026-09-22T00:00:00Z,2026-09-22T02:00:00+02:00,55,ajuntament-mercat,237,188,49,20.7
2026-09-22T00:01:00Z,2026-09-22T02:01:00+02:00,53,dr-robert,407,324,83,20.4
2026-09-22T00:01:00Z,2026-09-22T02:01:00+02:00,54,placa-vella,297,214,83,27.9
2026-09-22T00:01:00Z,2026-09-22T02:01:00+02:00,55,ajuntament-mercat,237,188,49,20.7
2026-09-22T00:02:00Z,2026-09-22T02:02:00+02:00,53,dr-robert,407,325,82,20.1
2026-09-22T00:02:00Z,2026-09-22T02:02:00+02:00,54,placa-vella,297,214,83,27.9
2026-09-22T00:02:00Z,2026-09-22T02:02:00+02:00,55,ajuntament-mercat,237,188,49,20.7
2026-09-22T00:03:00Z,2026-09-22T02:03:00+02:00,53,dr-robert,407,325,82,20.1
2026-09-22T00:03:00Z,2026-09-22T02:03:00+02:00,54,placa-vella,297,214,83,27.9
2026-09-22T00:03:00Z,2026-09-22T02:03:00+02:00,55,ajuntament-mercat,237,188,49,20.7
2026-09-22T00:04:00Z,2026-09-22T02:04:00+02:00,53,dr-robert,407,325,82,20.1
2026-09-22T00:04:00Z,2026-09-22T02:04:00+02:00,54,placa-vella,297,214,83,27.9
2026-09-22T00:04:00Z,2026-09-22T02:04:00+02:00,55,ajuntament-mercat,237,188,49,20.7
2026-09-22T00:05:00Z,2026-09-22T02:05:00+02:00,53,dr-robert,407,325,82,20.1
2026-09-22T00:05:00Z,2026-09-22T02:05:00+02:00,54,placa-vella,297,214,83,27.9
2026-09-22T00:05:00Z,2026-09-22T02:05:00+02:00,55,ajuntament-mercat,237,188,49,20.7
2026-09-22T00:06:00Z,2026-09-22T02:06:00+02:00,53,dr-robert,407,326,81,19.9
2026-09-22T00:06:00Z,2026-09-22T02:06:00+02:00,54,placa-vella,297,214,83,27.9
2026-09-22T00:06:00Z,2026-09-22T02:06:00+02:00,55,ajuntament-mercat,237,188,49,20.7
2026-09-22T00:07:00Z,2026-09-22T02:07:00+02:00,53,dr-robert,407,326,81,19.9
2026-09-22T00:07:00Z,2026-09-22T02:07:00+02:00,54,placa-vella,297,214,83,27.9
2026-09-22T00:07:00Z,2026-09-22T02:07:00+02:00,55,ajuntament-mercat,237,188,49,20.7
2026-09-22T00:08:00Z,2026-09-22T02:08:00+02:00,53,dr-robert,407,326,81,19.9
2026-09-22T00:08:00Z,2026-09-22T02:08:00+02:00,54,placa-vella,297,214,83,27.9
2026-09-22T00:08:00Z,2026-09-22T02:08:00+02:00,55,ajuntament-mercat,237,188,49,20.7
2026-09-22T00:09:00Z,2026-09-22T02:09:00+02:00,53,dr-robert,407,326,81,19.9
2026-09-22T00:09:00Z,2026-09-22T02:09:00+02:00,54,placa-vella,297,214,83,27.9
2026-09-22T00:09:00Z,2026-09-22T02:09:00+02:00,55,ajuntament-mercat,237,188,49,20.7
2026-09-22T00:10:00Z,2026-09-22T02:10:00+02:00,53,dr-robert,407,325,82,20.1
2026-09-22T00:10:00Z,2026-09-22T02:10:00+02:00,54,placa-vella,297,214,83,27.9
2026-09-22T00:10:00Z,2026-09-22T02:10:00+02:00,55,ajuntament-mercat,237,188,49,20.7
2026-09-22T00:11:00Z,2026-09-22T02:11:00+02:00,53,dr-robert,407,325,82,20.1
2026-09-22T00:11:00Z,2026-09-22T02:11:00+02:00,54,placa-vella,297,214,83,27.9
2026-09-22T00:11:00Z,2026-09-22T02:11:00+02:00,55,ajuntament-mercat,237,188,49,20.7
2026-09-22T00:12:00Z,2026-09-22T02:12:00+02:00,53,dr-robert,407,325,82,20.1
2026-09-22T00:12:00Z,2026-09-22T02:12:00+02:00,54,placa-vella,297,214,83,27.9
2026-09-22T00:12:00Z,2026-09-22T02:12:00+02:00,55,ajuntament-mercat,237,188,49,20.7
2026-09-22T00:13:00Z,2026-09-22T02:13:00+02:00,53,dr-robert,407,325,82,20.1
2026-09-22T00:13:00Z,2026-09-22T02:13:00+02:00,54,placa-vella,297,214,83,27.9
2026-09-22T00:13:00Z,2026-09-22T02:13:00+02:00,55,ajuntament-mercat,237,188,49,20.7
2026-09-22T00:14:00Z,2026-09-22T02:14:00+02:00,53,dr-robert,407,325,82,20.1
2026-09-22T00:14:00Z,2026-09-22T02:14:00+02:00,54,placa-vella,297,214,83,27.9
2026-09-22T00:14:00Z,2026-09-22T02:14:00+02:00,55,ajuntament-mercat,237,188,49,20.7
2026-09-22T00:15:00Z,2026-09-22T02:15:00+02:00,53,dr-robert,407,325,82,20.1
2026-09-22T00:15:00Z,2026-09-22T02:15:00+02:00,54,placa-vella,297,214,83,27.9
2026-09-22T00:15:00Z,2026-09-22T02:15:00+02:00,55,ajuntament-mercat,237,188,49,20.7
2026-09-22T00:16:00Z,2026-09-22T02:16:00+02:00,53,dr-robert,407,325,82,20.1
2026-09-22T00:16:00Z,2026-09-22T02:16:00+02:00,54,placa-vella,297,214,83,27.9
2026-09-22T00:16:00Z,2026-09-22T02:16:00+02:00,55,ajuntament-mercat,237,188,49,20.7
2026-09-22T00:17:00Z,2026-09-22T02:17:00+02:00,53,dr-robert,407,325,82,20.1
2026-09-22T00:17:00Z,2026-09-22T02:17:00+02:00,54,placa-vella,297,214,83,27.9
2026-09-22T00:17:00Z,2026-09-22T02:17:00+02:00,55,ajuntament-mercat,237,188,49,20.7
2026-09-22T00:18:00Z,2026-09-22T02:18:00+02:00,53,dr-robert,407,325,82,20.1
2026-09-22T00:18:00Z,2026-09-22T02:18:00+02:00,54,placa-vella,297,214,83,27.9
2026-09-22T00:18:00Z,2026-09-22T02:18:00+02:00,55,ajuntament-mercat,237,188,49,20.7
2026-09-22T00:19:00Z,2026-09-22T02:19:00+02:00,53,dr-robert,407,325,82,20.1
2026-09-22T00:19:00Z,2026-09-22T02:19:00+02:00,54,placa-vella,297,214,83,27.9
2026-09-22T00:19:00Z,2026-09-22T02:19:00+02:00,55,ajuntament-mercat,237,188,49,20.7
2026-09-22T00:20:00Z,2026-09-22T02:20:00+02:00,53,dr-robert,407,324,83,20.4
2026-09-22T00:20:00Z,2026-09-22T02:20:00+02:00,54,placa-vella,297,214,83,27.9
2026-09-22T00:20:00Z,2026-09-22T02:20:00+02:00,55,ajuntament-mercat,237,188,49,20.7
2026-09-22T00:21:00Z,2026-09-22T02:21:00+02:00,53,dr-robert,407,324,83,20.4
2026-09-22T00:21:00Z,2026-09-22T02:21:00+02:00,54,placa-vella,297,214,83,27.9
2026-09-22T00:21:00Z,2026-09-22T02:21:00+02:00,55,ajuntament-mercat,237,188,49,20.7
2026-09-22T00:22:00Z,2026-09-22T02:22:00+02:00,53,dr-robert,407,324,83,20.4
2026-09-22T00:22:00Z,2026-09-22T02:22:00+02:00,54,placa-vella,297,214,83,27.9
2026-09-22T00:22:00Z,2026-09-22T02:22:00+02:00,55,ajuntament-mercat,237,188,49,20.7
2026-09-22T00:23:00Z,2026-09-22T02:23:00+02:00,53,dr-robert,407,324,83,20.4
2026-09-22T00:23:00Z,2026-09-22T02:23:00+02:00,54,placa-vella,297,214,83,27.9
2026-09-22T00:23:00Z,2026-09-22T02:23:00+02:00,55,ajuntament-mercat,237,188,49,20.7
2026-09-22T00:24:00Z,2026-09-22T02:24:00+02:00,53,dr-robert,407,324,83,20.4
2026-09-22T00:24:00Z,2026-09-22T02:24:00+02:00,54,placa-vella,297,214,83,27.9
2026-09-22T00:24:00Z,2026-09-22T02:24:00+02:00,55,ajuntament-mercat,237,188,49,20.7
2026-09-22T00:25:00Z,2026-09-22T02:25:00+02:00,53,dr-robert,407,324,83,20.4
2026-09-22T00:25:00Z,2026-09-22T02:25:00+02:00,54,placa-vella,297,214,83,27.9
2026-09-22T00:25:00Z,2026-09-22T02:25:00+02:00,55,ajuntament-mercat,237,188,49,20.7
2026-09-22T00:26:00Z,2026-09-22T02:26:00+02:00,53,dr-robert,407,324,83,20.4
2026-09-22T00:26:00Z,2026-09-22T02:26:00+02:00,54,placa-vella,297,214,83,27.9
2026-09-22T00:26:00Z,2026-09-22T02:26:00+02:00,55,ajuntament-mercat,237,188,49,20.7
2026-09-22T00:27:00Z,2026-09-22T02:27:00+02:00,53,dr-robert,407,324,83,20.4
2026-09-22T00:27:00Z,2026-09-22T02:27:00+02:00,54,placa-vella,297,214,83,27.9
2026-09-22T00:27:00Z,2026-09-22T02:27:00+02:00,55,ajuntament-mercat,237,188,49,20.7
2026-09-22T00:28:00Z,2026-09-22T02:28:00+02:00,53,dr-robert,407,324,83,20.4
2026-09-22T00:28:00Z,2026-09-22T02:28:00+02:00,54,placa-vella,297,214,83,27.9
2026-09-22T00:28:00Z,2026-09-22T02:28:00+02:00,55,ajuntament-mercat,237,188,49,20.7
2026-09-22T00:29:00Z,2026-09-22T02:29:00+02:00,53,dr-robert,407,324,83,20.4
2026-09-22T00:29:00Z,2026-09-22T02:29:00+02:00,54,placa-vella,297,214,83,27.9
2026-09-22T00:29:00Z,2026-09-22T02:29:00+02:00,55,ajuntament-mercat,237,188,49,20.7
2026-09-22T00:30:00Z,2026-09-22T02:30:00+02:00,53,dr-robert,407,325,82,20.1
2026-09-22T00:30:00Z,2026-09-22T02:30:00+02:00,54,placa-vella,297,214,83,27.9
2026-09-22T00:30:00Z,2026-09-22T02:30:00+02:00,55,ajuntament-mercat,237,188,49,20.7
2026-09-22T00:31:00Z,2026-09-22T02:31:00+02:00,53,dr-robert,407,325,82,20.1
2026-09-22T00:31:00Z,2026-09-22T02:31:00+02:00,54,placa-vella,297,214,83,27.9
2026-09-22T00:31:00Z,2026-09-22T02:31:00+02:00,55,ajuntament-mercat,237,188,49,20.7
2026-09-22T00:32:00Z,2026-09-22T02:32:00+02:00,53,dr-robert,407,325,82,20.1
2026-09-22T00:32:00Z,2026-09-22T02:32:00+02:00,54,placa-vella,297,214,83,27.9
2026-09-22T00:32:00Z,2026-09-22T02:32:00+02:00,55,ajuntament-mercat,237,188,49,20.7
2026-09-22T00:33:00Z,2026-09-22T02:33:00+02:00,53,dr-robert,407,325,82,20.1
2026-09-22T00:33:00Z,2026-09-22T02:33:00+02:00,54,placa-vella,297,214,83,27.9
2026-09-22T00:33:00Z,2026-09-22T02:33:00+02:00,55,ajuntament-mercat,237,188,49,20.7
2026-09-22T00:34:00Z,2026-09-22T02:34:00+02:00,53,dr-robert,407,325,82,20.1
2026-09-22T00:34:00Z,2026-09-22T02:34:00+02:00,54,placa-vella,297,214,83,27.9
2026-09-22T00:34:00Z,2026-09-22T02:34:00+02:00,55,ajuntament-mercat,237,188,49,20.7
2026-09-22T00:35:00Z,2026-09-22T02:35:00+02:00,53,dr-robert,407,325,82,20.1
2026-09-22T00:35:00Z,2026-09-22T02:35:00+02:00,54,placa-vella,297,214,83,27.9
2026-09-22T00:35:00Z,2026-09-22T02:35:00+02:00,55,ajuntament-mercat,237,188,49,20.7
2026-09-22T00:36:00Z,2026-09-22T02:36:00+02:00,53,dr-robert,407,325,82,20.1
2026-09-22T00:36:00Z,2026-09-22T02:36:00+02:00,54,placa-vella,297,214,83,27.9
2026-09-22T00:36:00Z,2026-09-22T02:36:00+02:00,55,ajuntament-mercat,237,188,49,20.7
2026-09-22T00:37:00Z,2026-09-22T02:37:00+02:00,53,dr-robert,407,325,82,20.1
2026-09-22T00:37:00Z,2026-09-22T02:37:00+02:00,54,placa-vella,297,214,83,27.9
2026-09-22T00:37:00Z,2026-09-22T02:37:00+02:00,55,ajuntament-mercat,237,188,49,20.7
2026-09-22T00:38:00Z,2026-09-22T02:38:00+02:00,53,dr-robert,407,325,82,20.1
2026-09-22T00:38:00Z,2026-09-22T02:38:00+02:00,54,placa-vella,297,214,83,27.9
2026-09-22T00:38:00Z,2026-09-22T02:38:00+02:00,55,ajuntament-mercat,237,188,49,20.7
2026-09-22T00:39:00Z,2026-09-22T02:39:00+02:00,53,dr-robert,407,325,82,20.1
2026-09-22T00:39:00Z,2026-09-22T02:39:00+02:00,54,placa-vella,297,214,83,27.9
2026-09-22T00:39:00Z,2026-09-22T02:39:00+02:00,55,ajuntament-mercat,237,188,49,20.7
2026-09-22T00:40:00Z,2026-09-22T02:40:00+02:00,53,dr-robert,407,326,81,19.9
2026-09-22T00:40:00Z,2026-09-22T02:40:00+02:00,54,placa-vella,297,214,83,27.9
2026-09-22T00:40:00Z,2026-09-22T02:40:00+02:00,55,ajuntament-mercat,237,188,49,20.7
2026-09-22T00:41:00Z,2026-09-22T02:41:00+02:00,53,dr-robert,407,326,81,19.9
2026-09-22T00:41:00Z,2026-09-22T02:41:00+02:00,54,placa-vella,297,214,83,27.9
2026-09-22T00:41:00Z,2026-09-22T02:41:00+02:00,55,ajuntament-mercat,237,188,49,20.7
2026-09-22T00:42:00Z,2026-09-22T02:42:00+02:00,53,dr-robert,407,326,81,19.9
2026-09-22T00:42:00Z,2026-09-22T02:42:00+02:00,54,placa-vella,297,214,83,27.9
2026-09-22T00:42:00Z,2026-09-22T02:42:00+02:00,55,ajuntament-mercat,237,188,49,20.7
2026-09-22T00:43:00Z,2026-09-22T02:43:00+02:00,53,dr-robert,407,326,81,19.9
2026-09-22T00:43:00Z,2026-09-22T02:43:00+02:00,54,placa-vella,297,214,83,27.9
2026-09-22T00:43:00Z,2026-09-22T02:43:00+02:00,55,ajuntament-mercat,237,188,49,20.7
2026-09-22T00:44:00Z,2026-09-22T02:44:00+02:00,53,dr-robert,407,326,81,19.9
2026-09-22T00:44:00Z,2026-09-22T02:44:00+02:00,54,placa-vella,297,214,83,27.9
2026-09-22T00:44:00Z,2026-09-22T02:44:00+02:00,55,ajuntament-mercat,237,188,49,20.7
2026-09-22T00:45:00Z,2026-09-22T02:45:00+02:00,53,dr-robert,407,326,81,19.9
2026-09-22T00:45:00Z,2026-09-22T02:45:00+02:00,54,placa-vella,297,214,83,27.9
2026-09-22T00:45:00Z,2026-09-22T02:45:00+02:00,55,ajuntament-mercat,237,188,49,20.7
2026-09-22T00:46:00Z,2026-09-22T02:46:00+02:00,53,dr-robert,407,326,81,19.9
2026-09-22T00:46:00Z,2026-09-22T02:46:00+02:00,54,placa-vella,297,214,83,27.9
2026-09-22T00:46:00Z,2026-09-22T02:46:00+02:00,55,ajuntament-mercat,237,188,49,20.7
2026-09-22T00:47:00Z,2026-09-22T02:47:00+02:00,53,dr-robert,407,326,81,19.9
2026-09-22T00:47:00Z,2026-09-22T02:47:00+02:00,54,placa-vella,297,214,83,27.9
2026-09-22T00:47:00Z,2026-09-22T02:47:00+02:00,55,ajuntament-mercat,237,188,49,20.7
2026-09-22T00:48:00Z,2026-09-22T02:48:00+02:00,53,dr-robert,407,326,81,19.9
2026-09-22T00:48:00Z,2026-09-22T02:48:00+02:00,54,placa-vella,297,214,83,27.9
2026-09-22T00:48:00Z,2026-09-22T02:48:00+02:00,55,ajuntament-mercat,237,188,49,20.7
2026-09-22T00:49:00Z,2026-09-22T02:49:00+02:00,53,dr-robert,407,326,81,19.9
2026-09-22T00:49:00Z,2026-09-22T02:49:00+02:00,54,placa-vella,297,214,83,27.9
2026-09-22T00:49:00Z,2026-09-22T02:49:00+02:00,55,ajuntament-mercat,237,188,49,20.7
2026-09-22T00:50:00Z,2026-09-22T02:50:00+02:00,53,dr-robert,407,326,81,19.9
2026-09-22T00:50:00Z,2026-09-22T02:50:00+02:00,54,placa-vella,297,214,83,27.9
2026-09-22T00:50:00Z,2026-09-22T02:50:00+02:00,55,ajuntament-mercat,237,188,49,20.7
2026-09-22T00:51:00Z,2026-09-22T02:51:00+02:00,53,dr-robert,407,326,81,19.9
2026-09-22T00:51:00Z,2026-09-22T02:51:00+02:00,54,placa-vella,297,214,83,27.9
2026-09-22T00:51:00Z,2026-09-22T02:51:00+02:00,55,ajuntament-mercat,237,188,49,20.7
2026-09-22T00:52:00Z,2026-09-22T02:52:00+02:00,53,dr-robert,407,326,81,19.9
2026-09-22T00:52:00Z,2026-09-22T02:52:00+02:00,54,placa-vella,297,214,83,27.9
2026-09-22T00:52:00Z,2026-09-22T02:52:00+02:00,55,ajuntament-mercat,237,188,49,20.7
2026-09-22T00:53:00Z,2026-09-22T02:53:00+02:00,53,dr-robert,407,326,81,19.9
2026-09-22T00:53:00Z,2026-09-22T02:53:00+02:00,54,placa-vella,297,214,83,27.9
2026-09-22T00:53:00Z,2026-09-22T02:53:00+02:00,55,ajuntament-mercat,237,188,49,20.7
2026-09-22T00:54:00Z,2026-09-22T02:54:00+02:00,53,dr-robert,407,326,81,19.9
2026-09-22T00:54:00Z,2026-09-22T02:54:00+02:00,54,placa-vella,297,214,83,27.9
2026-09-22T00:54:00Z,2026-09-22T02:54:00+02:00,55,ajuntament-mercat,237,188,49,20.7
2026-09-22T00:55:00Z,2026-09-22T02:55:00+02:00,53,dr-robert,407,325,82,20.1
2026-09-22T00:55:00Z,2026-09-22T02:55:00+02:00,54,placa-vella,297,213,84,28.3
2026-09-22T00:55:00Z,2026-09-22T02:55:00+02:00,55,ajuntament-mercat,237,188,49,20.7
2026-09-22T00:56:00Z,2026-09-22T02:56:00+02:00,53,dr-robert,407,325,82,20.1
2026-09-22T00:56:00Z,2026-09-22T02:56:00+02:00,54,placa-vella,297,213,84,28.3
2026-09-22T00:56:00Z,2026-09-22T02:56:00+02:00,55,ajuntament-mercat,237,188,49,20.7
2026-09-22T00:57:00Z,2026-09-22T02:57:00+02:00,53,dr-robert,407,325,82,20.1
2026-09-22T00:57:00Z,2026-09-22T02:57:00+02:00,54,placa-vella,297,213,84,28.3
2026-09-22T00:57:00Z,2026-09-22T02:57:00+02:00,55,ajuntament-mercat,237,188,49,20.7
2026-09-22T00:58:00Z,2026-09-22T02:58:00+02:00,53,dr-robert,407,325,82,20.1
2026-09-22T00:58:00Z,2026-09-22T02:58:00+02:00,54,placa-vella,297,213,84,28.3
2026-09-22T00:58:00Z,2026-09-22T02:58:00+02:00,55,ajuntament-mercat,237,188,49,20.7
2026-09-22T00:59:00Z,2026-09-22T02:59:00+02:00,53,dr-robert,407,325,82,20.1
2026-09-22T00:59:00Z,2026-09-22T02:59:00+02:00,54,placa-vella,297,213,84,28.3
2026-09-22T00:59:00Z,2026-09-22T02:59:00+02:00,55,ajuntament-mercat,237,188,49,20.7
2026-09-22T01:00:00Z,2026-09-22T03:00:00+02:00,53,dr-robert,407,325,82,20.1
2026-09-22T01:00:00Z,2026-09-22T03:00:00+02:00,54,placa-vella,297,213,84,28.3
2026-09-22T01:00:00Z,2026-09-22T03:00:00+02:00,55,ajuntament-mercat,237,188,49,20.7
2026-09-22T01:01:00Z,2026-09-22T03:01:00+02:00,53,dr-robert,407,325,82,20.1
2026-09-22T01:01:00Z,2026-09-22T03:01:00+02:00,54,placa-vella,297,213,84,28.3
2026-09-22T01:01:00Z,2026-09-22T03:01:00+02:00,55,ajuntament-mercat,237,188,49,20.7
2026-09-22T01:02:00Z,2026-09-22T03:02:00+02:00,53,dr-robert,407,325,82,20.1
2026-09-22T01:02:00Z,2026-09-22T03:02:00+02:00,54,placa-vella,297,213,84,28.3
2026-09-22T01:02:00Z,2026-09-22T03:02:00+02:00,55,ajuntament-mercat,237,188,49,20.7
2026-09-22T01:03:00Z,2026-09-22T03:03:00+02:00,53,dr-robert,407,325,82,20.1
2026-09-22T01:03:00Z,2026-09-22T03:03:00+02:00,54,placa-vella,297,213,84,28.3
2026-09-22T01:03:00Z,2026-09-22T03:03:00+02:00,55,ajuntament-mercat,237,188,49,20.7
2026-09-22T01:04:00Z,2026-09-22T03:04:00+02:00,53,dr-robert,407,325,82,20.1
2026-09-22T01:04:00Z,2026-09-22T03:04:00+02:00,54,placa-vella,297,213,84,28.3
2026-09-22T01:04:00Z,2026-09-22T03:04:00+02:00,55,ajuntament-mercat,237,188,49,20.7
2026-09-22T01:05:00Z,2026-09-22T03:05:00+02:00,53,dr-robert,407,325,82,20.1
2026-09-22T01:05:00Z,2026-09-22T03:05:00+02:00,54,placa-vella,297,213,84,28.3
2026-09-22T01:05:00Z,2026-09-22T03:05:00+02:00,55,ajuntament-mercat,237,188,49,20.7
2026-09-22T01:06:00Z,2026-09-22T03:06:00+02:00,53,dr-robert,407,327,80,19.7
2026-09-22T01:06:00Z,2026-09-22T03:06:00+02:00,54,placa-vella,297,213,84,28.3
2026-09-22T01:06:00Z,2026-09-22T03:06:00+02:00,55,ajuntament-mercat,237,188,49,20.7
2026-09-22T01:07:00Z,2026-09-22T03:07:00+02:00,53,dr-robert,407,327,80,19.7
2026-09-22T01:07:00Z,2026-09-22T03:07:00+02:00,54,placa-vella,297,213,84,28.3
2026-09-22T01:07:00Z,2026-09-22T03:07:00+02:00,55,ajuntament-mercat,237,188,49,20.7
2026-09-22T01:08:00Z,2026-09-22T03:08:00+02:00,53,dr-robert,407,327,80,19.7
2026-09-22T01:08:00Z,2026-09-22T03:08:00+02:00,54,placa-vella,297,213,84,28.3
2026-09-22T01:08:00Z,2026-09-22T03:08:00+02:00,55,ajuntament-mercat,237,188,49,20.7
2026-09-22T01:09:00Z,2026-09-22T03:09:00+02:00,53,dr-robert,407,327,80,19.7
2026-09-22T01:09:00Z,2026-09-22T03:09:00+02:00,54,placa-vella,297,213,84,28.3
2026-09-22T01:09:00Z,2026-09-22T03:09:00+02:00,55,ajuntament-mercat,237,188,49,20.7
2026-09-22T01:10:00Z,2026-09-22T03:10:00+02:00,53,dr-robert,407,327,80,19.7
2026-09-22T01:10:00Z,2026-09-22T03:10:00+02:00,54,placa-vella,297,213,84,28.3
2026-09-22T01:10:00Z,2026-09-22T03:10:00+02:00,55,ajuntament-mercat,237,188,49,20.7
2026-09-22T01:11:00Z,2026-09-22T03:11:00+02:00,53,dr-robert,407,327,80,19.7
2026-09-22T01:11:00Z,2026-09-22T03:11:00+02:00,54,placa-vella,297,213,84,28.3
2026-09-22T01:11:00Z,2026-09-22T03:11:00+02:00,55,ajuntament-mercat,237,188,49,20.7
2026-09-22T01:12:00Z,2026-09-22T03:12:00+02:00,53,dr-robert,407,327,80,19.7
2026-09-22T01:12:00Z,2026-09-22T03:12:00+02:00,54,placa-vella,297,213,84,28.3
2026-09-22T01:12:00Z,2026-09-22T03:12:00+02:00,55,ajuntament-mercat,237,188,49,20.7
2026-09-22T01:13:00Z,2026-09-22T03:13:00+02:00,53,dr-robert,407,327,80,19.7
2026-09-22T01:13:00Z,2026-09-22T03:13:00+02:00,54,placa-vella,297,213,84,28.3
2026-09-22T01:13:00Z,2026-09-22T03:13:00+02:00,55,ajuntament-mercat,237,188,49,20.7
2026-09-22T01:14:00Z,2026-09-22T03:14:00+02:00,53,dr-robert,407,327,80,19.7
2026-09-22T01:14:00Z,2026-09-22T03:14:00+02:00,54,placa-vella,297,213,84,28.3
2026-09-22T01:14:00Z,2026-09-22T03:14:00+02:00,55,ajuntament-mercat,237,188,49,20.7
2026-09-22T01:15:00Z,2026-09-22T03:15:00+02:00,53,dr-robert,407,327,80,19.7
2026-09-22T01:15:00Z,2026-09-22T03:15:00+02:00,54,placa-vella,297,213,84,28.3
2026-09-22T01:15:00Z,2026-09-22T03:15:00+02:00,55,ajuntament-mercat,237,188,49,20.7
2026-09-22T01:16:00Z,2026-09-22T03:16:00+02:00,53,dr-robert,407,327,80,19.7
2026-09-22T01:16:00Z,2026-09-22T03:16:00+02:00,54,placa-vella,297,213,84,28.3
2026-09-22T01:16:00Z,2026-09-22T03:16:00+02:00,55,ajuntament-mercat,237,188,49,20.7
2026-09-22T01:17:00Z,2026-09-22T03:17:00+02:00,53,dr-robert,407,327,80,19.7
2026-09-22T01:17:00Z,2026-09-22T03:17:00+02:00,54,placa-vella,297,213,84,28.3
2026-09-22T01:17:00Z,2026-09-22T03:17:00+02:00,55,ajuntament-mercat,237,188,49,20.7
2026-09-22T01:18:00Z,2026-09-22T03:18:00+02:00,53,dr-robert,407,327,80,19.7
2026-09-22T01:18:00Z,2026-09-22T03:18:00+02:00,54,placa-vella,297,213,84,28.3
2026-09-22T01:18:00Z,2026-09-22T03:18:00+02:00,55,ajuntament-mercat,237,188,49,20.7
2026-09-22T01:19:00Z,2026-09-22T03:19:00+02:00,53,dr-robert,407,327,80,19.7
2026-09-22T01:19:00Z,2026-09-22T03:19:00+02:00,54,placa-vella,297,213,84,28.3
2026-09-22T01:19:00Z,2026-09-22T03:19:00+02:00,55,ajuntament-mercat,237,188,49,20.7
2026-09-22T01:20:00Z,2026-09-22T03:20:00+02:00,53,dr-robert,407,327,80,19.7
2026-09-22T01:20:00Z,2026-09-22T03:20:00+02:00,54,placa-vella,297,213,84,28.3
2026-09-22T01:20:00Z,2026-09-22T03:20:00+02:00,55,ajuntament-mercat,237,188,49,20.7
2026-09-22T01:21:00Z,2026-09-22T03:21:00+02:00,53,dr-robert,407,327,80,19.7
2026-09-22T01:21:00Z,2026-09-22T03:21:00+02:00,54,placa-vella,297,213,84,28.3
2026-09-22T01:21:00Z,2026-09-22T03:21:00+02:00,55,ajuntament-mercat,237,188,49,20.7
2026-09-22T01:22:00Z,2026-09-22T03:22:00+02:00,53,dr-robert,407,327,80,19.7
2026-09-22T01:22:00Z,2026-09-22T03:22:00+02:00,54,placa-vella,297,213,84,28.3
2026-09-22T01:22:00Z,2026-09-22T03:22:00+02:00,55,ajuntament-mercat,237,188,49,20.7
2026-09-22T01:23:00Z,2026-09-22T03:23:00+02:00,53,dr-robert,407,327,80,19.7
2026-09-22T01:23:00Z,2026-09-22T03:23:00+02:00,54,placa-vella,297,213,84,28.3
2026-09-22T01:23:00Z,2026-09-22T03:23:00+02:00,55,ajuntament-mercat,237,188,49,20.7
2026-09-22T01:24:00Z,2026-09-22T03:24:00+02:00,53,dr-robert,407,327,80,19.7
2026-09-22T01:24:00Z,2026-09-22T03:24:00+02:00,54,placa-vella,297,213,84,28.3
2026-09-22T01:24:00Z,2026-09-22T03:24:00+02:00,55,ajuntament-mercat,237,188,49,20.7
2026-09-22T01:25:00Z,2026-09-22T03:25:00+02:00,53,dr-robert,407,327,80,19.7
2026-09-22T01:25:00Z,2026-09-22T03:25:00+02:00,54,placa-vella,297,213,84,28.3
2026-09-22T01:25:00Z,2026-09-22T03:25:00+02:00,55,ajuntament-mercat,237,188,49,20.7
2026-09-22T01:26:00Z,2026-09-22T03:26:00+02:00,53,dr-robert,407,327,80,19.7
2026-09-22T01:26:00Z,2026-09-22T03:26:00+02:00,54,placa-vella,297,213,84,28.3
2026-09-22T01:26:00Z,2026-09-22T03:26:00+02:00,55,ajuntament-mercat,237,188,49,20.7
2026-09-22T01:27:00Z,2026-09-22T03:27:00+02:00,53,dr-robert,407,327,80,19.7
2026-09-22T01:27:00Z,2026-09-22T03:27:00+02:00,54,placa-vella,297,213,84,28.3
2026-09-22T01:27:00Z,2026-09-22T03:27:00+02:00,55,ajuntament-mercat,237,188,49,20.7
2026-09-22T01:28:00Z,2026-09-22T03:28:00+02:00,53,dr-robert,407,327,80,19.7
2026-09-22T01:28:00Z,2026-09-22T03:28:00+02:00,54,placa-vella,297,213,84,28.3
2026-09-22T01:28:00Z,2026-09-22T03:28:00+02:00,55,ajuntament-mercat,237,188,49,20.7
2026-09-22T01:29:00Z,2026-09-22T03:29:00+02:00,53,dr-robert,407,327,80,19.7
2026-09-22T01:29:00Z,2026-09-22T03:29:00+02:00,54,placa-vella,297,213,84,28.3
2026-09-22T01:29:00Z,2026-09-22T03:29:00+02:00,55,ajuntament-mercat,237,188,49,20.7
2026-09-22T01:30:00Z,2026-09-22T03:30:00+02:00,53,dr-robert,407,328,79,19.4
2026-09-22T01:30:00Z,2026-09-22T03:30:00+02:00,54,placa-vella,297,213,84,28.3
2026-09-22T01:30:00Z,2026-09-22T03:30:00+02:00,55,ajuntament-mercat,237,188,49,20.7
2026-09-22T01:31:00Z,2026-09-22T03:31:00+02:00,53,dr-robert,407,328,79,19.4
2026-09-22T01:31:00Z,2026-09-22T03:31:00+02:00,54,placa-vella,297,213,84,28.3
2026-09-22T01:31:00Z,2026-09-22T03:31:00+02:00,55,ajuntament-mercat,237,188,49,20.7
2026-09-22T01:32:00Z,2026-09-22T03:32:00+02:00,53,dr-robert,407,328,79,19.4
2026-09-22T01:32:00Z,2026-09-22T03:32:00+02:00,54,placa-vella,297,213,84,28.3
2026-09-22T01:32:00Z,2026-09-22T03:32:00+02:00,55,ajuntament-mercat,237,188,49,20.7
2026-09-22T01:33:00Z,2026-09-22T03:33:00+02:00,53,dr-robert,407,328,79,19.4
2026-09-22T01:33:00Z,2026-09-22T03:33:00+02:00,54,placa-vella,297,213,84,28.3
2026-09-22T01:33:00Z,2026-09-22T03:33:00+02:00,55,ajuntament-mercat,237,188,49,20.7
2026-09-22T01:34:00Z,2026-09-22T03:34:00+02:00,53,dr-robert,407,328,79,19.4
2026-09-22T01:34:00Z,2026-09-22T03:34:00+02:00,54,placa-vella,297,213,84,28.3
2026-09-22T01:34:00Z,2026-09-22T03:34:00+02:00,55,ajuntament-mercat,237,188,49,20.7
2026-09-22T01:35:00Z,2026-09-22T03:35:00+02:00,53,dr-robert,407,328,79,19.4
2026-09-22T01:35:00Z,2026-09-22T03:35:00+02:00,54,placa-vella,297,213,84,28.3
2026-09-22T01:35:00Z,2026-09-22T03:35:00+02:00,55,ajuntament-mercat,237,188,49,20.7
2026-09-22T01:36:00Z,2026-09-22T03:36:00+02:00,53,dr-robert,407,328,79,19.4
2026-09-22T01:36:00Z,2026-09-22T03:36:00+02:00,54,placa-vella,297,213,84,28.3
2026-09-22T01:36:00Z,2026-09-22T03:36:00+02:00,55,ajuntament-mercat,237,188,49,20.7
2026-09-22T01:37:00Z,2026-09-22T03:37:00+02:00,53,dr-robert,407,328,79,19.4
2026-09-22T01:37:00Z,2026-09-22T03:37:00+02:00,54,placa-vella,297,213,84,28.3
2026-09-22T01:37:00Z,2026-09-22T03:37:00+02:00,55,ajuntament-mercat,237,188,49,20.7
2026-09-22T01:38:00Z,2026-09-22T03:38:00+02:00,53,dr-robert,407,328,79,19.4
2026-09-22T01:38:00Z,2026-09-22T03:38:00+02:00,54,placa-vella,297,213,84,28.3
2026-09-22T01:38:00Z,2026-09-22T03:38:00+02:00,55,ajuntament-mercat,237,188,49,20.7
2026-09-22T01:39:00Z,2026-09-22T03:39:00+02:00,53,dr-robert,407,328,79,19.4
2026-09-22T01:39:00Z,2026-09-22T03:39:00+02:00,54,placa-vella,297,213,84,28.3
2026-09-22T01:39:00Z,2026-09-22T03:39:00+02:00,55,ajuntament-mercat,237,188,49,20.7
2026-09-22T01:40:00Z,2026-09-22T03:40:00+02:00,53,dr-robert,407,328,79,19.4
2026-09-22T01:40:00Z,2026-09-22T03:40:00+02:00,54,placa-vella,297,213,84,28.3
2026-09-22T01:40:00Z,2026-09-22T03:40:00+02:00,55,ajuntament-mercat,237,188,49,20.7
2026-09-22T01:41:00Z,2026-09-22T03:41:00+02:00,53,dr-robert,407,328,79,19.4
2026-09-22T01:41:00Z,2026-09-22T03:41:00+02:00,54,placa-vella,297,213,84,28.3
2026-09-22T01:41:00Z,2026-09-22T03:41:00+02:00,55,ajuntament-mercat,237,188,49,20.7
2026-09-22T01:42:00Z,2026-09-22T03:42:00+02:00,53,dr-robert,407,328,79,19.4
2026-09-22T01:42:00Z,2026-09-22T03:42:00+02:00,54,placa-vella,297,213,84,28.3
2026-09-22T01:42:00Z,2026-09-22T03:42:00+02:00,55,ajuntament-mercat,237,188,49,20.7
2026-09-22T01:43:00Z,2026-09-22T03:43:00+02:00,53,dr-robert,407,328,79,19.4
2026-09-22T01:43:00Z,2026-09-22T03:43:00+02:00,54,placa-vella,297,213,84,28.3
2026-09-22T01:43:00Z,2026-09-22T03:43:00+02:00,55,ajuntament-mercat,237,188,49,20.7
2026-09-22T01:44:00Z,2026-09-22T03:44:00+02:00,53,dr-robert,407,328,79,19.4
2026-09-22T01:44:00Z,2026-09-22T03:44:00+02:00,54,placa-vella,297,213,84,28.3
2026-09-22T01:44:00Z,2026-09-22T03:44:00+02:00,55,ajuntament-mercat,237,188,49,20.7
2026-09-22T01:45:00Z,2026-09-22T03:45:00+02:00,53,dr-robert,407,328,79,19.4
2026-09-22T01:45:00Z,2026-09-22T03:45:00+02:00,54,placa-vella,297,213,84,28.3
2026-09-22T01:45:00Z,2026-09-22T03:45:00+02:00,55,ajuntament-mercat,237,188,49,20.7
2026-09-22T01:46:00Z,2026-09-22T03:46:00+02:00,53,dr-robert,407,328,79,19.4
2026-09-22T01:46:00Z,2026-09-22T03:46:00+02:00,54,placa-vella,297,213,84,28.3
2026-09-22T01:46:00Z,2026-09-22T03:46:00+02:00,55,ajuntament-mercat,237,188,49,20.7
2026-09-22T01:47:00Z,2026-09-22T03:47:00+02:00,53,dr-robert,407,328,79,19.4
2026-09-22T01:47:00Z,2026-09-22T03:47:00+02:00,54,placa-vella,297,213,84,28.3
2026-09-22T01:47:00Z,2026-09-22T03:47:00+02:00,55,ajuntament-mercat,237,188,49,20.7
2026-09-22T01:48:00Z,2026-09-22T03:48:00+02:00,53,dr-robert,407,328,79,19.4
2026-09-22T01:48:00Z,2026-09-22T03:48:00+02:00,54,placa-vella,297,213,84,28.3
2026-09-22T01:48:00Z,2026-09-22T03:48:00+02:00,55,ajuntament-mercat,237,188,49,20.7
2026-09-22T01:49:00Z,2026-09-22T03:49:00+02:00,53,dr-robert,407,328,79,19.4
2026-09-22T01:49:00Z,2026-09-22T03:49:00+02:00,54,placa-vella,297,213,84,28.3
2026-09-22T01:49:00Z,2026-09-22T03:49:00+02:00,55,ajuntament-mercat,237,188,49,20.7
2026-09-22T01:50:00Z,2026-09-22T03:50:00+02:00,53,dr-robert,407,328,79,19.4
2026-09-22T01:50:00Z,2026-09-22T03:50:00+02:00,54,placa-vella,297,213,84,28.3
2026-09-22T01:50:00Z,2026-09-22T03:50:00+02:00,55,ajuntament-mercat,237,188,49,20.7
2026-09-22T01:51:00Z,2026-09-22T03:51:00+02:00,53,dr-robert,407,328,79,19.4
2026-09-22T01:51:00Z,2026-09-22T03:51:00+02:00,54,placa-vella,297,213,84,28.3
2026-09-22T01:51:00Z,2026-09-22T03:51:00+02:00,55,ajuntament-mercat,237,188,49,20.7
2026-09-22T01:52:00Z,2026-09-22T03:52:00+02:00,53,dr-robert,407,328,79,19.4
2026-09-22T01:52:00Z,2026-09-22T03:52:00+02:00,54,placa-vella,297,213,84,28.3
2026-09-22T01:52:00Z,2026-09-22T03:52:00+02:00,55,ajuntament-mercat,237,188,49,20.7
2026-09-22T01:53:00Z,2026-09-22T03:53:00+02:00,53,dr-robert,407,328,79,19.4
2026-09-22T01:53:00Z,2026-09-22T03:53:00+02:00,54,placa-vella,297,213,84,28.3
2026-09-22T01:53:00Z,2026-09-22T03:53:00+02:00,55,ajuntament-mercat,237,188,49,20.7
2026-09-22T01:54:00Z,2026-09-22T03:54:00+02:00,53,dr-robert,407,328,79,19.4
2026-09-22T01:54:00Z,2026-09-22T03:54:00+02:00,54,placa-vella,297,213,84,28.3
2026-09-22T01:54:00Z,2026-09-22T03:54:00+02:00,55,ajuntament-mercat,237,188,49,20.7
2026-09-22T01:55:00Z,2026-09-22T03:55:00+02:00,53,dr-robert,407,328,79,19.4
2026-09-22T01:55:00Z,2026-09-22T03:55:00+02:00,54,placa-vella,297,213,84,28.3
2026-09-22T01:55:00Z,2026-09-22T03:55:00+02:00,55,ajuntament-mercat,237,188,49,20.7
2026-09-22T01:56:00Z,2026-09-22T03:56:00+02:00,53,dr-robert,407,328,79,19.4
2026-09-22T01:56:00Z,2026-09-22T03:56:00+02:00,54,placa-vella,297,213,84,28.3
2026-09-22T01:56:00Z,2026-09-22T03:56:00+02:00,55,ajuntament-mercat,237,188,49,20.7
2026-09-22T01:57:00Z,2026-09-22T03:57:00+02:00,53,dr-robert,407,328,79,19.4
2026-09-22T01:57:00Z,2026-09-22T03:57:00+02:00,54,placa-vella,297,213,84,28.3
2026-09-22T01:57:00Z,2026-09-22T03:57:00+02:00,55,ajuntament-mercat,237,188,49,20.7
2026-09-22T01:58:00Z,2026-09-22T03:58:00+02:00,53,dr-robert,407,328,79,19.4
2026-09-22T01:58:00Z,2026-09-22T03:58:00+02:00,54,placa-vella,297,213,84,28.3
2026-09-22T01:58:00Z,2026-09-22T03:58:00+02:00,55,ajuntament-mercat,237,188,49,20.7
2026-09-22T01:59:00Z,2026-09-22T03:59:00+02:00,53,dr-robert,407,328,79,19.4
2026-09-22T01:59:00Z,2026-09-22T03:59:00+02:00,54,placa-vella,297,213,84,28.3
2026-09-22T01:59:00Z,2026-09-22T03:59:00+02:00,55,ajuntament-mercat,237,188,49,20.7
2026-09-22T02:00:00Z,2026-09-22T04:00:00+02:00,53,dr-robert,407,328,79,19.4
2026-09-22T02:00:00Z,2026-09-22T04:00:00+02:00,54,placa-vella,297,213,84,28.3
2026-09-22T02:00:00Z,2026-09-22T04:00:00+02:00,55,ajuntament-mercat,237,188,49,20.7
2026-09-22T02:01:00Z,2026-09-22T04:01:00+02:00,53,dr-robert,407,328,79,19.4
2026-09-22T02:01:00Z,2026-09-22T04:01:00+02:00,54,placa-vella,297,213,84,28.3
2026-09-22T02:01:00Z,2026-09-22T04:01:00+02:00,55,ajuntament-mercat,237,188,49,20.7
2026-09-22T02:02:00Z,2026-09-22T04:02:00+02:00,53,dr-robert,407,328,79,19.4
2026-09-22T02:02:00Z,2026-09-22T04:02:00+02:00,54,placa-vella,297,213,84,28.3
2026-09-22T02:02:00Z,2026-09-22T04:02:00+02:00,55,ajuntament-mercat,237,188,49,20.7
2026-09-22T02:03:00Z,2026-09-22T04:03:00+02:00,53,dr-robert,407,328,79,19.4
2026-09-22T02:03:00Z,2026-09-22T04:03:00+02:00,54,placa-vella,297,213,84,28.3
2026-09-22T02:03:00Z,2026-09-22T04:03:00+02:00,55,ajuntament-mercat,237,188,49,20.7
2026-09-22T02:04:00Z,2026-09-22T04:04:00+02:00,53,dr-robert,407,328,79,19.4
2026-09-22T02:04:00Z,2026-09-22T04:04:00+02:00,54,placa-vella,297,213,84,28.3
2026-09-22T02:04:00Z,2026-09-22T04:04:00+02:00,55,ajuntament-mercat,237,188,49,20.7
2026-09-22T02:05:00Z,2026-09-22T04:05:00+02:00,53,dr-robert,407,328,79,19.4
2026-09-22T02:05:00Z,2026-09-22T04:05:00+02:00,54,placa-vella,297,213,84,28.3
2026-09-22T02:05:00Z,2026-09-22T04:05:00+02:00,55,ajuntament-mercat,237,188,49,20.7
2026-09-22T02:06:00Z,2026-09-22T04:06:00+02:00,53,dr-robert,407,328,79,19.4
2026-09-22T02:06:00Z,2026-09-22T04:06:00+02:00,54,placa-vella,297,213,84,28.3
2026-09-22T02:06:00Z,2026-09-22T04:06:00+02:00,55,ajuntament-mercat,237,188,49,20.7
2026-09-22T02:07:00Z,2026-09-22T04:07:00+02:00,53,dr-robert,407,328,79,19.4
2026-09-22T02:07:00Z,2026-09-22T04:07:00+02:00,54,placa-vella,297,213,84,28.3
2026-09-22T02:07:00Z,2026-09-22T04:07:00+02:00,55,ajuntament-mercat,237,188,49,20.7
2026-09-22T02:08:00Z,2026-09-22T04:08:00+02:00,53,dr-robert,407,328,79,19.4
2026-09-22T02:08:00Z,2026-09-22T04:08:00+02:00,54,placa-vella,297,213,84,28.3
2026-09-22T02:08:00Z,2026-09-22T04:08:00+02:00,55,ajuntament-mercat,237,188,49,20.7
2026-09-22T02:09:00Z,2026-09-22T04:09:00+02:00,53,dr-robert,407,330,77,18.9
2026-09-22T02:09:00Z,2026-09-22T04:09:00+02:00,54,placa-vella,297,213,84,28.3
2026-09-22T02:09:00Z,2026-09-22T04:09:00+02:00,55,ajuntament-mercat,237,188,49,20.7
2026-09-22T02:10:00Z,2026-09-22T04:10:00+02:00,53,dr-robert,407,330,77,18.9
2026-09-22T02:10:00Z,2026-09-22T04:10:00+02:00,54,placa-vella,297,213,84,28.3
2026-09-22T02:10:00Z,2026-09-22T04:10:00+02:00,55,ajuntament-mercat,237,188,49,20.7
2026-09-22T02:11:00Z,2026-09-22T04:11:00+02:00,53,dr-robert,407,330,77,18.9
2026-09-22T02:11:00Z,2026-09-22T04:11:00+02:00,54,placa-vella,297,213,84,28.3
2026-09-22T02:11:00Z,2026-09-22T04:11:00+02:00,55,ajuntament-mercat,237,188,49,20.7
2026-09-22T02:12:00Z,2026-09-22T04:12:00+02:00,53,dr-robert,407,330,77,18.9
2026-09-22T02:12:00Z,2026-09-22T04:12:00+02:00,54,placa-vella,297,213,84,28.3
2026-09-22T02:12:00Z,2026-09-22T04:12:00+02:00,55,ajuntament-mercat,237,188,49,20.7
2026-09-22T02:13:00Z,2026-09-22T04:13:00+02:00,53,dr-robert,407,330,77,18.9
2026-09-22T02:13:00Z,2026-09-22T04:13:00+02:00,54,placa-vella,297,213,84,28.3
2026-09-22T02:13:00Z,2026-09-22T04:13:00+02:00,55,ajuntament-mercat,237,188,49,20.7
2026-09-22T02:14:00Z,2026-09-22T04:14:00+02:00,53,dr-robert,407,330,77,18.9
2026-09-22T02:14:00Z,2026-09-22T04:14:00+02:00,54,placa-vella,297,213,84,28.3
2026-09-22T02:14:00Z,2026-09-22T04:14:00+02:00,55,ajuntament-mercat,237,188,49,20.7
2026-09-22T02:15:00Z,2026-09-22T04:15:00+02:00,53,dr-robert,407,330,77,18.9
2026-09-22T02:15:00Z,2026-09-22T04:15:00+02:00,54,placa-vella,297,213,84,28.3
2026-09-22T02:15:00Z,2026-09-22T04:15:00+02:00,55,ajuntament-mercat,237,188,49,20.7
2026-09-22T02:16:00Z,2026-09-22T04:16:00+02:00,53,dr-robert,407,330,77,18.9
2026-09-22T02:16:00Z,2026-09-22T04:16:00+02:00,54,placa-vella,297,213,84,28.3
2026-09-22T02:16:00Z,2026-09-22T04:16:00+02:00,55,ajuntament-mercat,237,188,49,20.7
2026-09-22T02:17:00Z,2026-09-22T04:17:00+02:00,53,dr-robert,407,330,77,18.9
2026-09-22T02:17:00Z,2026-09-22T04:17:00+02:00,54,placa-vella,297,213,84,28.3
2026-09-22T02:17:00Z,2026-09-22T04:17:00+02:00,55,ajuntament-mercat,237,188,49,20.7
2026-09-22T02:18:00Z,2026-09-22T04:18:00+02:00,53,dr-robert,407,330,77,18.9
2026-09-22T02:18:00Z,2026-09-22T04:18:00+02:00,54,placa-vella,297,213,84,28.3
2026-09-22T02:18:00Z,2026-09-22T04:18:00+02:00,55,ajuntament-mercat,237,188,49,20.7
2026-09-22T02:19:00Z,2026-09-22T04:19:00+02:00,53,dr-robert,407,330,77,18.9
2026-09-22T02:19:00Z,2026-09-22T04:19:00+02:00,54,placa-vella,297,213,84,28.3
2026-09-22T02:19:00Z,2026-09-22T04:19:00+02:00,55,ajuntament-mercat,237,188,49,20.7
2026-09-22T02:20:00Z,2026-09-22T04:20:00+02:00,53,dr-robert,407,330,77,18.9
2026-09-22T02:20:00Z,2026-09-22T04:20:00+02:00,54,placa-vella,297,213,84,28.3
2026-09-22T02:20:00Z,2026-09-22T04:20:00+02:00,55,ajuntament-mercat,237,188,49,20.7
2026-09-22T02:21:00Z,2026-09-22T04:21:00+02:00,53,dr-robert,407,330,77,18.9
2026-09-22T02:21:00Z,2026-09-22T04:21:00+02:00,54,placa-vella,297,213,84,28.3
2026-09-22T02:21:00Z,2026-09-22T04:21:00+02:00,55,ajuntament-mercat,237,188,49,20.7
2026-09-22T02:22:00Z,2026-09-22T04:22:00+02:00,53,dr-robert,407,330,77,18.9
2026-09-22T02:22:00Z,2026-09-22T04:22:00+02:00,54,placa-vella,297,213,84,28.3
2026-09-22T02:22:00Z,2026-09-22T04:22:00+02:00,55,ajuntament-mercat,237,188,49,20.7
2026-09-22T02:23:00Z,2026-09-22T04:23:00+02:00,53,dr-robert,407,330,77,18.9
2026-09-22T02:23:00Z,2026-09-22T04:23:00+02:00,54,placa-vella,297,213,84,28.3
2026-09-22T02:23:00Z,2026-09-22T04:23:00+02:00,55,ajuntament-mercat,237,188,49,20.7
2026-09-22T02:24:00Z,2026-09-22T04:24:00+02:00,53,dr-robert,407,330,77,18.9
2026-09-22T02:24:00Z,2026-09-22T04:24:00+02:00,54,placa-vella,297,213,84,28.3
2026-09-22T02:24:00Z,2026-09-22T04:24:00+02:00,55,ajuntament-mercat,237,188,49,20.7
2026-09-22T02:25:00Z,2026-09-22T04:25:00+02:00,53,dr-robert,407,330,77,18.9
2026-09-22T02:25:00Z,2026-09-22T04:25:00+02:00,54,placa-vella,297,213,84,28.3
2026-09-22T02:25:00Z,2026-09-22T04:25:00+02:00,55,ajuntament-mercat,237,188,49,20.7
2026-09-22T02:26:00Z,2026-09-22T04:26:00+02:00,53,dr-robert,407,330,77,18.9
2026-09-22T02:26:00Z,2026-09-22T04:26:00+02:00,54,placa-vella,297,213,84,28.3
2026-09-22T02:26:00Z,2026-09-22T04:26:00+02:00,55,ajuntament-mercat,237,188,49,20.7
2026-09-22T02:27:00Z,2026-09-22T04:27:00+02:00,53,dr-robert,407,330,77,18.9
2026-09-22T02:27:00Z,2026-09-22T04:27:00+02:00,54,placa-vella,297,213,84,28.3
2026-09-22T02:27:00Z,2026-09-22T04:27:00+02:00,55,ajuntament-mercat,237,188,49,20.7
2026-09-22T02:28:00Z,2026-09-22T04:28:00+02:00,53,dr-robert,407,330,77,18.9
2026-09-22T02:28:00Z,2026-09-22T04:28:00+02:00,54,placa-vella,297,213,84,28.3
2026-09-22T02:28:00Z,2026-09-22T04:28:00+02:00,55,ajuntament-mercat,237,188,49,20.7
2026-09-22T02:29:00Z,2026-09-22T04:29:00+02:00,53,dr-robert,407,330,77,18.9
2026-09-22T02:29:00Z,2026-09-22T04:29:00+02:00,54,placa-vella,297,213,84,28.3
2026-09-22T02:29:00Z,2026-09-22T04:29:00+02:00,55,ajuntament-mercat,237,188,49,20.7
2026-09-22T02:30:00Z,2026-09-22T04:30:00+02:00,53,dr-robert,407,330,77,18.9
2026-09-22T02:30:00Z,2026-09-22T04:30:00+02:00,54,placa-vella,297,213,84,28.3
2026-09-22T02:30:00Z,2026-09-22T04:30:00+02:00,55,ajuntament-mercat,237,188,49,20.7
2026-09-22T02:31:00Z,2026-09-22T04:31:00+02:00,53,dr-robert,407,330,77,18.9
2026-09-22T02:31:00Z,2026-09-22T04:31:00+02:00,54,placa-vella,297,213,84,28.3
2026-09-22T02:31:00Z,2026-09-22T04:31:00+02:00,55,ajuntament-mercat,237,188,49,20.7
2026-09-22T02:32:00Z,2026-09-22T04:32:00+02:00,53,dr-robert,407,330,77,18.9
2026-09-22T02:32:00Z,2026-09-22T04:32:00+02:00,54,placa-vella,297,213,84,28.3
2026-09-22T02:32:00Z,2026-09-22T04:32:00+02:00,55,ajuntament-mercat,237,188,49,20.7
2026-09-22T02:33:00Z,2026-09-22T04:33:00+02:00,53,dr-robert,407,330,77,18.9
2026-09-22T02:33:00Z,2026-09-22T04:33:00+02:00,54,placa-vella,297,213,84,28.3
2026-09-22T02:33:00Z,2026-09-22T04:33:00+02:00,55,ajuntament-mercat,237,188,49,20.7
2026-09-22T02:34:00Z,2026-09-22T04:34:00+02:00,53,dr-robert,407,330,77,18.9
2026-09-22T02:34:00Z,2026-09-22T04:34:00+02:00,54,placa-vella,297,213,84,28.3
2026-09-22T02:34:00Z,2026-09-22T04:34:00+02:00,55,ajuntament-mercat,237,188,49,20.7
2026-09-22T02:35:00Z,2026-09-22T04:35:00+02:00,53,dr-robert,407,343,64,15.7
2026-09-22T02:35:00Z,2026-09-22T04:35:00+02:00,54,placa-vella,297,213,84,28.3
2026-09-22T02:35:00Z,2026-09-22T04:35:00+02:00,55,ajuntament-mercat,237,188,49,20.7
2026-09-22T02:36:00Z,2026-09-22T04:36:00+02:00,53,dr-robert,407,343,64,15.7
2026-09-22T02:36:00Z,2026-09-22T04:36:00+02:00,54,placa-vella,297,213,84,28.3
2026-09-22T02:36:00Z,2026-09-22T04:36:00+02:00,55,ajuntament-mercat,237,188,49,20.7
2026-09-22T02:37:00Z,2026-09-22T04:37:00+02:00,53,dr-robert,407,343,64,15.7
2026-09-22T02:37:00Z,2026-09-22T04:37:00+02:00,54,placa-vella,297,213,84,28.3
2026-09-22T02:37:00Z,2026-09-22T04:37:00+02:00,55,ajuntament-mercat,237,188,49,20.7
2026-09-22T02:38:00Z,2026-09-22T04:38:00+02:00,53,dr-robert,407,343,64,15.7
2026-09-22T02:38:00Z,2026-09-22T04:38:00+02:00,54,placa-vella,297,213,84,28.3
2026-09-22T02:38:00Z,2026-09-22T04:38:00+02:00,55,ajuntament-mercat,237,188,49,20.7
2026-09-22T02:39:00Z,2026-09-22T04:39:00+02:00,53,dr-robert,407,343,64,15.7
2026-09-22T02:39:00Z,2026-09-22T04:39:00+02:00,54,placa-vella,297,213,84,28.3
2026-09-22T02:39:00Z,2026-09-22T04:39:00+02:00,55,ajuntament-mercat,237,188,49,20.7
2026-09-22T02:40:00Z,2026-09-22T04:40:00+02:00,53,dr-robert,407,343,64,15.7
2026-09-22T02:40:00Z,2026-09-22T04:40:00+02:00,54,placa-vella,297,213,84,28.3
2026-09-22T02:40:00Z,2026-09-22T04:40:00+02:00,55,ajuntament-mercat,237,188,49,20.7
2026-09-22T02:41:00Z,2026-09-22T04:41:00+02:00,53,dr-robert,407,343,64,15.7
2026-09-22T02:41:00Z,2026-09-22T04:41:00+02:00,54,placa-vella,297,213,84,28.3
2026-09-22T02:41:00Z,2026-09-22T04:41:00+02:00,55,ajuntament-mercat,237,188,49,20.7
2026-09-22T02:42:00Z,2026-09-22T04:42:00+02:00,53,dr-robert,407,343,64,15.7
2026-09-22T02:42:00Z,2026-09-22T04:42:00+02:00,54,placa-vella,297,213,84,28.3
2026-09-22T02:42:00Z,2026-09-22T04:42:00+02:00,55,ajuntament-mercat,237,188,49,20.7
2026-09-22T02:43:00Z,2026-09-22T04:43:00+02:00,53,dr-robert,407,343,64,15.7
2026-09-22T02:43:00Z,2026-09-22T04:43:00+02:00,54,placa-vella,297,213,84,28.3
2026-09-22T02:43:00Z,2026-09-22T04:43:00+02:00,55,ajuntament-mercat,237,188,49,20.7
2026-09-22T02:44:00Z,2026-09-22T04:44:00+02:00,53,dr-robert,407,343,64,15.7
2026-09-22T02:44:00Z,2026-09-22T04:44:00+02:00,54,placa-vella,297,213,84,28.3
2026-09-22T02:44:00Z,2026-09-22T04:44:00+02:00,55,ajuntament-mercat,237,188,49,20.7
2026-09-22T02:45:00Z,2026-09-22T04:45:00+02:00,53,dr-robert,407,343,64,15.7
2026-09-22T02:45:00Z,2026-09-22T04:45:00+02:00,54,placa-vella,297,213,84,28.3
2026-09-22T02:45:00Z,2026-09-22T04:45:00+02:00,55,ajuntament-mercat,237,188,49,20.7
2026-09-22T02:46:00Z,2026-09-22T04:46:00+02:00,53,dr-robert,407,342,65,16
2026-09-22T02:46:00Z,2026-09-22T04:46:00+02:00,54,placa-vella,297,213,84,28.3
2026-09-22T02:46:00Z,2026-09-22T04:46:00+02:00,55,ajuntament-mercat,237,188,49,20.7
2026-09-22T02:47:00Z,2026-09-22T04:47:00+02:00,53,dr-robert,407,342,65,16
2026-09-22T02:47:00Z,2026-09-22T04:47:00+02:00,54,placa-vella,297,213,84,28.3
2026-09-22T02:47:00Z,2026-09-22T04:47:00+02:00,55,ajuntament-mercat,237,188,49,20.7
2026-09-22T02:48:00Z,2026-09-22T04:48:00+02:00,53,dr-robert,407,342,65,16
2026-09-22T02:48:00Z,2026-09-22T04:48:00+02:00,54,placa-vella,297,213,84,28.3
2026-09-22T02:48:00Z,2026-09-22T04:48:00+02:00,55,ajuntament-mercat,237,188,49,20.7
2026-09-22T02:49:00Z,2026-09-22T04:49:00+02:00,53,dr-robert,407,342,65,16
2026-09-22T02:49:00Z,2026-09-22T04:49:00+02:00,54,placa-vella,297,213,84,28.3
2026-09-22T02:49:00Z,2026-09-22T04:49:00+02:00,55,ajuntament-mercat,237,188,49,20.7
2026-09-22T02:50:00Z,2026-09-22T04:50:00+02:00,53,dr-robert,407,342,65,16
2026-09-22T02:50:00Z,2026-09-22T04:50:00+02:00,54,placa-vella,297,213,84,28.3
2026-09-22T02:50:00Z,2026-09-22T04:50:00+02:00,55,ajuntament-mercat,237,188,49,20.7
2026-09-22T02:51:00Z,2026-09-22T04:51:00+02:00,53,dr-robert,407,342,65,16
2026-09-22T02:51:00Z,2026-09-22T04:51:00+02:00,54,placa-vella,297,213,84,28.3
2026-09-22T02:51:00Z,2026-09-22T04:51:00+02:00,55,ajuntament-mercat,237,188,49,20.7
2026-09-22T02:52:00Z,2026-09-22T04:52:00+02:00,53,dr-robert,407,342,65,16
2026-09-22T02:52:00Z,2026-09-22T04:52:00+02:00,54,placa-vella,297,213,84,28.3
2026-09-22T02:52:00Z,2026-09-22T04:52:00+02:00,55,ajuntament-mercat,237,188,49,20.7
2026-09-22T02:53:00Z,2026-09-22T04:53:00+02:00,53,dr-robert,407,342,65,16
2026-09-22T02:53:00Z,2026-09-22T04:53:00+02:00,54,placa-vella,297,213,84,28.3
2026-09-22T02:53:00Z,2026-09-22T04:53:00+02:00,55,ajuntament-mercat,237,188,49,20.7
2026-09-22T02:54:00Z,2026-09-22T04:54:00+02:00,53,dr-robert,407,342,65,16
2026-09-22T02:54:00Z,2026-09-22T04:54:00+02:00,54,placa-vella,297,213,84,28.3
2026-09-22T02:54:00Z,2026-09-22T04:54:00+02:00,55,ajuntament-mercat,237,188,49,20.7
2026-09-22T02:55:00Z,2026-09-22T04:55:00+02:00,53,dr-robert,407,342,65,16
2026-09-22T02:55:00Z,2026-09-22T04:55:00+02:00,54,placa-vella,297,213,84,28.3
2026-09-22T02:55:00Z,2026-09-22T04:55:00+02:00,55,ajuntament-mercat,237,188,49,20.7
2026-09-22T02:56:00Z,2026-09-22T04:56:00+02:00,53,dr-robert,407,342,65,16
2026-09-22T02:56:00Z,2026-09-22T04:56:00+02:00,54,placa-vella,297,213,84,28.3
2026-09-22T02:56:00Z,2026-09-22T04:56:00+02:00,55,ajuntament-mercat,237,188,49,20.7
2026-09-22T02:57:00Z,2026-09-22T04:57:00+02:00,53,dr-robert,407,342,65,16
2026-09-22T02:57:00Z,2026-09-22T04:57:00+02:00,54,placa-vella,297,213,84,28.3
2026-09-22T02:57:00Z,2026-09-22T04:57:00+02:00,55,ajuntament-mercat,237,188,49,20.7
2026-09-22T02:58:00Z,2026-09-22T04:58:00+02:00,53,dr-robert,407,342,65,16
2026-09-22T02:58:00Z,2026-09-22T04:58:00+02:00,54,placa-vella,297,213,84,28.3
2026-09-22T02:58:00Z,2026-09-22T04:58:00+02:00,55,ajuntament-mercat,237,188,49,20.7
2026-09-22T02:59:00Z,2026-09-22T04:59:00+02:00,53,dr-robert,407,342,65,16
2026-09-22T02:59:00Z,2026-09-22T04:59:00+02:00,54,placa-vella,297,213,84,28.3
2026-09-22T02:59:00Z,2026-09-22T04:59:00+02:00,55,ajuntament-mercat,237,188,49,20.7
2026-09-22T03:00:00Z,2026-09-22T05:00:00+02:00,53,dr-robert,407,342,65,16
2026-09-22T03:00:00Z,2026-09-22T05:00:00+02:00,54,placa-vella,297,213,84,28.3
2026-09-22T03:00:00Z,2026-09-22T05:00:00+02:00,55,ajuntament-mercat,237,188,49,20.7
2026-09-22T03:01:00Z,2026-09-22T05:01:00+02:00,53,dr-robert,407,342,65,16
2026-09-22T03:01:00Z,2026-09-22T05:01:00+02:00,54,placa-vella,297,213,84,28.3
2026-09-22T03:01:00Z,2026-09-22T05:01:00+02:00,55,ajuntament-mercat,237,188,49,20.7
2026-09-22T03:02:00Z,2026-09-22T05:02:00+02:00,53,dr-robert,407,342,65,16
2026-09-22T03:02:00Z,2026-09-22T05:02:00+02:00,54,placa-vella,297,213,84,28.3
2026-09-22T03:02:00Z,2026-09-22T05:02:00+02:00,55,ajuntament-mercat,237,188,49,20.7
2026-09-22T03:03:00Z,2026-09-22T05:03:00+02:00,53,dr-robert,407,342,65,16
2026-09-22T03:03:00Z,2026-09-22T05:03:00+02:00,54,placa-vella,297,213,84,28.3
2026-09-22T03:03:00Z,2026-09-22T05:03:00+02:00,55,ajuntament-mercat,237,188,49,20.7
2026-09-22T03:04:00Z,2026-09-22T05:04:00+02:00,53,dr-robert,407,342,65,16
2026-09-22T03:04:00Z,2026-09-22T05:04:00+02:00,54,placa-vella,297,213,84,28.3
2026-09-22T03:04:00Z,2026-09-22T05:04:00+02:00,55,ajuntament-mercat,237,188,49,20.7
2026-09-22T03:05:00Z,2026-09-22T05:05:00+02:00,53,dr-robert,407,342,65,16
2026-09-22T03:05:00Z,2026-09-22T05:05:00+02:00,54,placa-vella,297,213,84,28.3
2026-09-22T03:05:00Z,2026-09-22T05:05:00+02:00,55,ajuntament-mercat,237,188,49,20.7
2026-09-22T03:06:00Z,2026-09-22T05:06:00+02:00,53,dr-robert,407,342,65,16
2026-09-22T03:06:00Z,2026-09-22T05:06:00+02:00,54,placa-vella,297,213,84,28.3
2026-09-22T03:06:00Z,2026-09-22T05:06:00+02:00,55,ajuntament-mercat,237,188,49,20.7
2026-09-22T03:07:00Z,2026-09-22T05:07:00+02:00,53,dr-robert,407,342,65,16
2026-09-22T03:07:00Z,2026-09-22T05:07:00+02:00,54,placa-vella,297,213,84,28.3
2026-09-22T03:07:00Z,2026-09-22T05:07:00+02:00,55,ajuntament-mercat,237,188,49,20.7
2026-09-22T03:08:00Z,2026-09-22T05:08:00+02:00,53,dr-robert,407,342,65,16
2026-09-22T03:08:00Z,2026-09-22T05:08:00+02:00,54,placa-vella,297,213,84,28.3
2026-09-22T03:08:00Z,2026-09-22T05:08:00+02:00,55,ajuntament-mercat,237,188,49,20.7
2026-09-22T03:09:00Z,2026-09-22T05:09:00+02:00,53,dr-robert,407,342,65,16
2026-09-22T03:09:00Z,2026-09-22T05:09:00+02:00,54,placa-vella,297,213,84,28.3
2026-09-22T03:09:00Z,2026-09-22T05:09:00+02:00,55,ajuntament-mercat,237,188,49,20.7
2026-09-22T03:10:00Z,2026-09-22T05:10:00+02:00,53,dr-robert,407,342,65,16
2026-09-22T03:10:00Z,2026-09-22T05:10:00+02:00,54,placa-vella,297,213,84,28.3
2026-09-22T03:10:00Z,2026-09-22T05:10:00+02:00,55,ajuntament-mercat,237,188,49,20.7
2026-09-22T03:11:00Z,2026-09-22T05:11:00+02:00,53,dr-robert,407,342,65,16
2026-09-22T03:11:00Z,2026-09-22T05:11:00+02:00,54,placa-vella,297,213,84,28.3
2026-09-22T03:11:00Z,2026-09-22T05:11:00+02:00,55,ajuntament-mercat,237,188,49,20.7
2026-09-22T03:12:00Z,2026-09-22T05:12:00+02:00,53,dr-robert,407,342,65,16
2026-09-22T03:12:00Z,2026-09-22T05:12:00+02:00,54,placa-vella,297,213,84,28.3
2026-09-22T03:12:00Z,2026-09-22T05:12:00+02:00,55,ajuntament-mercat,237,188,49,20.7
2026-09-22T03:13:00Z,2026-09-22T05:13:00+02:00,53,dr-robert,407,342,65,16
2026-09-22T03:13:00Z,2026-09-22T05:13:00+02:00,54,placa-vella,297,213,84,28.3
2026-09-22T03:13:00Z,2026-09-22T05:13:00+02:00,55,ajuntament-mercat,237,188,49,20.7
2026-09-22T03:14:00Z,2026-09-22T05:14:00+02:00,53,dr-robert,407,342,65,16
2026-09-22T03:14:00Z,2026-09-22T05:14:00+02:00,54,placa-vella,297,213,84,28.3
2026-09-22T03:14:00Z,2026-09-22T05:14:00+02:00,55,ajuntament-mercat,237,188,49,20.7
2026-09-22T03:15:00Z,2026-09-22T05:15:00+02:00,53,dr-robert,407,343,64,15.7
2026-09-22T03:15:00Z,2026-09-22T05:15:00+02:00,54,placa-vella,297,213,84,28.3
2026-09-22T03:15:00Z,2026-09-22T05:15:00+02:00,55,ajuntament-mercat,237,188,49,20.7
2026-09-22T03:16:00Z,2026-09-22T05:16:00+02:00,53,dr-robert,407,343,64,15.7
2026-09-22T03:16:00Z,2026-09-22T05:16:00+02:00,54,placa-vella,297,213,84,28.3
2026-09-22T03:16:00Z,2026-09-22T05:16:00+02:00,55,ajuntament-mercat,237,188,49,20.7
2026-09-22T03:17:00Z,2026-09-22T05:17:00+02:00,53,dr-robert,407,343,64,15.7
2026-09-22T03:17:00Z,2026-09-22T05:17:00+02:00,54,placa-vella,297,213,84,28.3
2026-09-22T03:17:00Z,2026-09-22T05:17:00+02:00,55,ajuntament-mercat,237,188,49,20.7
2026-09-22T03:18:00Z,2026-09-22T05:18:00+02:00,53,dr-robert,407,343,64,15.7
2026-09-22T03:18:00Z,2026-09-22T05:18:00+02:00,54,placa-vella,297,213,84,28.3
2026-09-22T03:18:00Z,2026-09-22T05:18:00+02:00,55,ajuntament-mercat,237,188,49,20.7
2026-09-22T03:19:00Z,2026-09-22T05:19:00+02:00,53,dr-robert,407,343,64,15.7
2026-09-22T03:19:00Z,2026-09-22T05:19:00+02:00,54,placa-vella,297,213,84,28.3
2026-09-22T03:19:00Z,2026-09-22T05:19:00+02:00,55,ajuntament-mercat,237,188,49,20.7
2026-09-22T03:20:00Z,2026-09-22T05:20:00+02:00,53,dr-robert,407,343,64,15.7
2026-09-22T03:20:00Z,2026-09-22T05:20:00+02:00,54,placa-vella,297,213,84,28.3
2026-09-22T03:20:00Z,2026-09-22T05:20:00+02:00,55,ajuntament-mercat,237,188,49,20.7
2026-09-22T03:21:00Z,2026-09-22T05:21:00+02:00,53,dr-robert,407,343,64,15.7
2026-09-22T03:21:00Z,2026-09-22T05:21:00+02:00,54,placa-vella,297,213,84,28.3
2026-09-22T03:21:00Z,2026-09-22T05:21:00+02:00,55,ajuntament-mercat,237,188,49,20.7
2026-09-22T03:22:00Z,2026-09-22T05:22:00+02:00,53,dr-robert,407,343,64,15.7
2026-09-22T03:22:00Z,2026-09-22T05:22:00+02:00,54,placa-vella,297,213,84,28.3
2026-09-22T03:22:00Z,2026-09-22T05:22:00+02:00,55,ajuntament-mercat,237,188,49,20.7
2026-09-22T03:23:00Z,2026-09-22T05:23:00+02:00,53,dr-robert,407,343,64,15.7
2026-09-22T03:23:00Z,2026-09-22T05:23:00+02:00,54,placa-vella,297,213,84,28.3
2026-09-22T03:23:00Z,2026-09-22T05:23:00+02:00,55,ajuntament-mercat,237,188,49,20.7
2026-09-22T03:24:00Z,2026-09-22T05:24:00+02:00,53,dr-robert,407,343,64,15.7
2026-09-22T03:24:00Z,2026-09-22T05:24:00+02:00,54,placa-vella,297,213,84,28.3
2026-09-22T03:24:00Z,2026-09-22T05:24:00+02:00,55,ajuntament-mercat,237,188,49,20.7
2026-09-22T03:25:00Z,2026-09-22T05:25:00+02:00,53,dr-robert,407,344,63,15.5
2026-09-22T03:25:00Z,2026-09-22T05:25:00+02:00,54,placa-vella,297,213,84,28.3
2026-09-22T03:25:00Z,2026-09-22T05:25:00+02:00,55,ajuntament-mercat,237,188,49,20.7
2026-09-22T03:26:00Z,2026-09-22T05:26:00+02:00,53,dr-robert,407,344,63,15.5
2026-09-22T03:26:00Z,2026-09-22T05:26:00+02:00,54,placa-vella,297,213,84,28.3
2026-09-22T03:26:00Z,2026-09-22T05:26:00+02:00,55,ajuntament-mercat,237,188,49,20.7
2026-09-22T03:27:00Z,2026-09-22T05:27:00+02:00,53,dr-robert,407,344,63,15.5
2026-09-22T03:27:00Z,2026-09-22T05:27:00+02:00,54,placa-vella,297,213,84,28.3
2026-09-22T03:27:00Z,2026-09-22T05:27:00+02:00,55,ajuntament-mercat,237,188,49,20.7
2026-09-22T03:28:00Z,2026-09-22T05:28:00+02:00,53,dr-robert,407,344,63,15.5
2026-09-22T03:28:00Z,2026-09-22T05:28:00+02:00,54,placa-vella,297,213,84,28.3
2026-09-22T03:28:00Z,2026-09-22T05:28:00+02:00,55,ajuntament-mercat,237,188,49,20.7
2026-09-22T03:29:00Z,2026-09-22T05:29:00+02:00,53,dr-robert,407,344,63,15.5
2026-09-22T03:29:00Z,2026-09-22T05:29:00+02:00,54,placa-vella,297,213,84,28.3
2026-09-22T03:29:00Z,2026-09-22T05:29:00+02:00,55,ajuntament-mercat,237,188,49,20.7
2026-09-22T03:30:00Z,2026-09-22T05:30:00+02:00,53,dr-robert,407,344,63,15.5
2026-09-22T03:30:00Z,2026-09-22T05:30:00+02:00,54,placa-vella,297,213,84,28.3
2026-09-22T03:30:00Z,2026-09-22T05:30:00+02:00,55,ajuntament-mercat,237,188,49,20.7
2026-09-22T03:31:00Z,2026-09-22T05:31:00+02:00,53,dr-robert,407,344,63,15.5
2026-09-22T03:31:00Z,2026-09-22T05:31:00+02:00,54,placa-vella,297,213,84,28.3
2026-09-22T03:31:00Z,2026-09-22T05:31:00+02:00,55,ajuntament-mercat,237,188,49,20.7
2026-09-22T03:32:00Z,2026-09-22T05:32:00+02:00,53,dr-robert,407,344,63,15.5
2026-09-22T03:32:00Z,2026-09-22T05:32:00+02:00,54,placa-vella,297,213,84,28.3
2026-09-22T03:32:00Z,2026-09-22T05:32:00+02:00,55,ajuntament-mercat,237,187,50,21.1
2026-09-22T03:33:00Z,2026-09-22T05:33:00+02:00,53,dr-robert,407,344,63,15.5
2026-09-22T03:33:00Z,2026-09-22T05:33:00+02:00,54,placa-vella,297,213,84,28.3
2026-09-22T03:33:00Z,2026-09-22T05:33:00+02:00,55,ajuntament-mercat,237,187,50,21.1
2026-09-22T03:34:00Z,2026-09-22T05:34:00+02:00,53,dr-robert,407,344,63,15.5
2026-09-22T03:34:00Z,2026-09-22T05:34:00+02:00,54,placa-vella,297,213,84,28.3
2026-09-22T03:34:00Z,2026-09-22T05:34:00+02:00,55,ajuntament-mercat,237,187,50,21.1
2026-09-22T03:35:00Z,2026-09-22T05:35:00+02:00,53,dr-robert,407,343,64,15.7
2026-09-22T03:35:00Z,2026-09-22T05:35:00+02:00,54,placa-vella,297,213,84,28.3
2026-09-22T03:35:00Z,2026-09-22T05:35:00+02:00,55,ajuntament-mercat,237,187,50,21.1
2026-09-22T03:36:00Z,2026-09-22T05:36:00+02:00,53,dr-robert,407,343,64,15.7
2026-09-22T03:36:00Z,2026-09-22T05:36:00+02:00,54,placa-vella,297,213,84,28.3
2026-09-22T03:36:00Z,2026-09-22T05:36:00+02:00,55,ajuntament-mercat,237,187,50,21.1
2026-09-22T03:37:00Z,2026-09-22T05:37:00+02:00,53,dr-robert,407,343,64,15.7
2026-09-22T03:37:00Z,2026-09-22T05:37:00+02:00,54,placa-vella,297,213,84,28.3
2026-09-22T03:37:00Z,2026-09-22T05:37:00+02:00,55,ajuntament-mercat,237,187,50,21.1
2026-09-22T03:38:00Z,2026-09-22T05:38:00+02:00,53,dr-robert,407,343,64,15.7
2026-09-22T03:38:00Z,2026-09-22T05:38:00+02:00,54,placa-vella,297,213,84,28.3
2026-09-22T03:38:00Z,2026-09-22T05:38:00+02:00,55,ajuntament-mercat,237,187,50,21.1
2026-09-22T03:39:00Z,2026-09-22T05:39:00+02:00,53,dr-robert,407,343,64,15.7
2026-09-22T03:39:00Z,2026-09-22T05:39:00+02:00,54,placa-vella,297,213,84,28.3
2026-09-22T03:39:00Z,2026-09-22T05:39:00+02:00,55,ajuntament-mercat,237,187,50,21.1
2026-09-22T03:40:00Z,2026-09-22T05:40:00+02:00,53,dr-robert,407,342,65,16
2026-09-22T03:40:00Z,2026-09-22T05:40:00+02:00,54,placa-vella,297,213,84,28.3
2026-09-22T03:40:00Z,2026-09-22T05:40:00+02:00,55,ajuntament-mercat,237,187,50,21.1
2026-09-22T03:41:00Z,2026-09-22T05:41:00+02:00,53,dr-robert,407,342,65,16
2026-09-22T03:41:00Z,2026-09-22T05:41:00+02:00,54,placa-vella,297,213,84,28.3
2026-09-22T03:41:00Z,2026-09-22T05:41:00+02:00,55,ajuntament-mercat,237,187,50,21.1
2026-09-22T03:42:00Z,2026-09-22T05:42:00+02:00,53,dr-robert,407,342,65,16
2026-09-22T03:42:00Z,2026-09-22T05:42:00+02:00,54,placa-vella,297,213,84,28.3
2026-09-22T03:42:00Z,2026-09-22T05:42:00+02:00,55,ajuntament-mercat,237,187,50,21.1
2026-09-22T03:43:00Z,2026-09-22T05:43:00+02:00,53,dr-robert,407,342,65,16
2026-09-22T03:43:00Z,2026-09-22T05:43:00+02:00,54,placa-vella,297,213,84,28.3
2026-09-22T03:43:00Z,2026-09-22T05:43:00+02:00,55,ajuntament-mercat,237,187,50,21.1
2026-09-22T03:44:00Z,2026-09-22T05:44:00+02:00,53,dr-robert,407,342,65,16
2026-09-22T03:44:00Z,2026-09-22T05:44:00+02:00,54,placa-vella,297,213,84,28.3
2026-09-22T03:44:00Z,2026-09-22T05:44:00+02:00,55,ajuntament-mercat,237,187,50,21.1
2026-09-22T03:45:00Z,2026-09-22T05:45:00+02:00,53,dr-robert,407,341,66,16.2
2026-09-22T03:45:00Z,2026-09-22T05:45:00+02:00,54,placa-vella,297,215,82,27.6
2026-09-22T03:45:00Z,2026-09-22T05:45:00+02:00,55,ajuntament-mercat,237,189,48,20.3
2026-09-22T03:46:00Z,2026-09-22T05:46:00+02:00,53,dr-robert,407,341,66,16.2
2026-09-22T03:46:00Z,2026-09-22T05:46:00+02:00,54,placa-vella,297,215,82,27.6
2026-09-22T03:46:00Z,2026-09-22T05:46:00+02:00,55,ajuntament-mercat,237,189,48,20.3
2026-09-22T03:47:00Z,2026-09-22T05:47:00+02:00,53,dr-robert,407,341,66,16.2
2026-09-22T03:47:00Z,2026-09-22T05:47:00+02:00,54,placa-vella,297,215,82,27.6
2026-09-22T03:47:00Z,2026-09-22T05:47:00+02:00,55,ajuntament-mercat,237,189,48,20.3
2026-09-22T03:48:00Z,2026-09-22T05:48:00+02:00,53,dr-robert,407,341,66,16.2
2026-09-22T03:48:00Z,2026-09-22T05:48:00+02:00,54,placa-vella,297,215,82,27.6
2026-09-22T03:48:00Z,2026-09-22T05:48:00+02:00,55,ajuntament-mercat,237,189,48,20.3
2026-09-22T03:49:00Z,2026-09-22T05:49:00+02:00,53,dr-robert,407,341,66,16.2
2026-09-22T03:49:00Z,2026-09-22T05:49:00+02:00,54,placa-vella,297,215,82,27.6
2026-09-22T03:49:00Z,2026-09-22T05:49:00+02:00,55,ajuntament-mercat,237,189,48,20.3
2026-09-22T03:50:00Z,2026-09-22T05:50:00+02:00,53,dr-robert,407,341,66,16.2
2026-09-22T03:50:00Z,2026-09-22T05:50:00+02:00,54,placa-vella,297,215,82,27.6
2026-09-22T03:50:00Z,2026-09-22T05:50:00+02:00,55,ajuntament-mercat,237,189,48,20.3
2026-09-22T03:51:00Z,2026-09-22T05:51:00+02:00,53,dr-robert,407,341,66,16.2
2026-09-22T03:51:00Z,2026-09-22T05:51:00+02:00,54,placa-vella,297,215,82,27.6
2026-09-22T03:51:00Z,2026-09-22T05:51:00+02:00,55,ajuntament-mercat,237,189,48,20.3
2026-09-22T03:52:00Z,2026-09-22T05:52:00+02:00,53,dr-robert,407,341,66,16.2
2026-09-22T03:52:00Z,2026-09-22T05:52:00+02:00,54,placa-vella,297,215,82,27.6
2026-09-22T03:52:00Z,2026-09-22T05:52:00+02:00,55,ajuntament-mercat,237,189,48,20.3
2026-09-22T03:53:00Z,2026-09-22T05:53:00+02:00,53,dr-robert,407,341,66,16.2
2026-09-22T03:53:00Z,2026-09-22T05:53:00+02:00,54,placa-vella,297,215,82,27.6
2026-09-22T03:53:00Z,2026-09-22T05:53:00+02:00,55,ajuntament-mercat,237,189,48,20.3
2026-09-22T03:54:00Z,2026-09-22T05:54:00+02:00,53,dr-robert,407,341,66,16.2
2026-09-22T03:54:00Z,2026-09-22T05:54:00+02:00,54,placa-vella,297,215,82,27.6
2026-09-22T03:54:00Z,2026-09-22T05:54:00+02:00,55,ajuntament-mercat,237,189,48,20.3
2026-09-22T03:55:00Z,2026-09-22T05:55:00+02:00,53,dr-robert,407,340,67,16.5
2026-09-22T03:55:00Z,2026-09-22T05:55:00+02:00,54,placa-vella,297,216,81,27.3
2026-09-22T03:55:00Z,2026-09-22T05:55:00+02:00,55,ajuntament-mercat,237,189,48,20.3
2026-09-22T03:56:00Z,2026-09-22T05:56:00+02:00,53,dr-robert,407,340,67,16.5
2026-09-22T03:56:00Z,2026-09-22T05:56:00+02:00,54,placa-vella,297,216,81,27.3
2026-09-22T03:56:00Z,2026-09-22T05:56:00+02:00,55,ajuntament-mercat,237,189,48,20.3
2026-09-22T03:57:00Z,2026-09-22T05:57:00+02:00,53,dr-robert,407,340,67,16.5
2026-09-22T03:57:00Z,2026-09-22T05:57:00+02:00,54,placa-vella,297,216,81,27.3
2026-09-22T03:57:00Z,2026-09-22T05:57:00+02:00,55,ajuntament-mercat,237,189,48,20.3
2026-09-22T03:58:00Z,2026-09-22T05:58:00+02:00,53,dr-robert,407,340,67,16.5
2026-09-22T03:58:00Z,2026-09-22T05:58:00+02:00,54,placa-vella,297,216,81,27.3
2026-09-22T03:58:00Z,2026-09-22T05:58:00+02:00,55,ajuntament-mercat,237,189,48,20.3
2026-09-22T03:59:00Z,2026-09-22T05:59:00+02:00,53,dr-robert,407,340,67,16.5
2026-09-22T03:59:00Z,2026-09-22T05:59:00+02:00,54,placa-vella,297,216,81,27.3
2026-09-22T03:59:00Z,2026-09-22T05:59:00+02:00,55,ajuntament-mercat,237,189,48,20.3
2026-09-22T04:00:00Z,2026-09-22T06:00:00+02:00,53,dr-robert,407,340,67,16.5
2026-09-22T04:00:00Z,2026-09-22T06:00:00+02:00,54,placa-vella,297,216,81,27.3
2026-09-22T04:00:00Z,2026-09-22T06:00:00+02:00,55,ajuntament-mercat,237,189,48,20.3
2026-09-22T04:01:00Z,2026-09-22T06:01:00+02:00,53,dr-robert,407,340,67,16.5
2026-09-22T04:01:00Z,2026-09-22T06:01:00+02:00,54,placa-vella,297,216,81,27.3
2026-09-22T04:01:00Z,2026-09-22T06:01:00+02:00,55,ajuntament-mercat,237,189,48,20.3
2026-09-22T04:02:00Z,2026-09-22T06:02:00+02:00,53,dr-robert,407,340,67,16.5
2026-09-22T04:02:00Z,2026-09-22T06:02:00+02:00,54,placa-vella,297,216,81,27.3
2026-09-22T04:02:00Z,2026-09-22T06:02:00+02:00,55,ajuntament-mercat,237,189,48,20.3
2026-09-22T04:03:00Z,2026-09-22T06:03:00+02:00,53,dr-robert,407,340,67,16.5
2026-09-22T04:03:00Z,2026-09-22T06:03:00+02:00,54,placa-vella,297,216,81,27.3
2026-09-22T04:03:00Z,2026-09-22T06:03:00+02:00,55,ajuntament-mercat,237,189,48,20.3
2026-09-22T04:04:00Z,2026-09-22T06:04:00+02:00,53,dr-robert,407,340,67,16.5
2026-09-22T04:04:00Z,2026-09-22T06:04:00+02:00,54,placa-vella,297,216,81,27.3
2026-09-22T04:04:00Z,2026-09-22T06:04:00+02:00,55,ajuntament-mercat,237,189,48,20.3
2026-09-22T04:05:00Z,2026-09-22T06:05:00+02:00,53,dr-robert,407,340,67,16.5
2026-09-22T04:05:00Z,2026-09-22T06:05:00+02:00,54,placa-vella,297,216,81,27.3
2026-09-22T04:05:00Z,2026-09-22T06:05:00+02:00,55,ajuntament-mercat,237,189,48,20.3
2026-09-22T04:06:00Z,2026-09-22T06:06:00+02:00,53,dr-robert,407,340,67,16.5
2026-09-22T04:06:00Z,2026-09-22T06:06:00+02:00,54,placa-vella,297,216,81,27.3
2026-09-22T04:06:00Z,2026-09-22T06:06:00+02:00,55,ajuntament-mercat,237,189,48,20.3
2026-09-22T04:07:00Z,2026-09-22T06:07:00+02:00,53,dr-robert,407,340,67,16.5
2026-09-22T04:07:00Z,2026-09-22T06:07:00+02:00,54,placa-vella,297,216,81,27.3
2026-09-22T04:07:00Z,2026-09-22T06:07:00+02:00,55,ajuntament-mercat,237,189,48,20.3
2026-09-22T04:08:00Z,2026-09-22T06:08:00+02:00,53,dr-robert,407,339,68,16.7
2026-09-22T04:08:00Z,2026-09-22T06:08:00+02:00,54,placa-vella,297,218,79,26.6
2026-09-22T04:08:00Z,2026-09-22T06:08:00+02:00,55,ajuntament-mercat,237,188,49,20.7
2026-09-22T04:09:00Z,2026-09-22T06:09:00+02:00,53,dr-robert,407,339,68,16.7
2026-09-22T04:09:00Z,2026-09-22T06:09:00+02:00,54,placa-vella,297,218,79,26.6
2026-09-22T04:09:00Z,2026-09-22T06:09:00+02:00,55,ajuntament-mercat,237,188,49,20.7
2026-09-22T04:10:00Z,2026-09-22T06:10:00+02:00,53,dr-robert,407,339,68,16.7
2026-09-22T04:10:00Z,2026-09-22T06:10:00+02:00,54,placa-vella,297,218,79,26.6
2026-09-22T04:10:00Z,2026-09-22T06:10:00+02:00,55,ajuntament-mercat,237,188,49,20.7
2026-09-22T04:11:00Z,2026-09-22T06:11:00+02:00,53,dr-robert,407,339,68,16.7
2026-09-22T04:11:00Z,2026-09-22T06:11:00+02:00,54,placa-vella,297,218,79,26.6
2026-09-22T04:11:00Z,2026-09-22T06:11:00+02:00,55,ajuntament-mercat,237,188,49,20.7
2026-09-22T04:12:00Z,2026-09-22T06:12:00+02:00,53,dr-robert,407,338,69,17
2026-09-22T04:12:00Z,2026-09-22T06:12:00+02:00,54,placa-vella,297,218,79,26.6
2026-09-22T04:12:00Z,2026-09-22T06:12:00+02:00,55,ajuntament-mercat,237,188,49,20.7
2026-09-22T04:13:00Z,2026-09-22T06:13:00+02:00,53,dr-robert,407,338,69,17
2026-09-22T04:13:00Z,2026-09-22T06:13:00+02:00,54,placa-vella,297,218,79,26.6
2026-09-22T04:13:00Z,2026-09-22T06:13:00+02:00,55,ajuntament-mercat,237,188,49,20.7
2026-09-22T04:14:00Z,2026-09-22T06:14:00+02:00,53,dr-robert,407,338,69,17
2026-09-22T04:14:00Z,2026-09-22T06:14:00+02:00,54,placa-vella,297,218,79,26.6
2026-09-22T04:14:00Z,2026-09-22T06:14:00+02:00,55,ajuntament-mercat,237,188,49,20.7
2026-09-22T04:15:00Z,2026-09-22T06:15:00+02:00,53,dr-robert,407,338,69,17
2026-09-22T04:15:00Z,2026-09-22T06:15:00+02:00,54,placa-vella,297,218,79,26.6
2026-09-22T04:15:00Z,2026-09-22T06:15:00+02:00,55,ajuntament-mercat,237,187,50,21.1
2026-09-22T04:16:00Z,2026-09-22T06:16:00+02:00,53,dr-robert,407,338,69,17
2026-09-22T04:16:00Z,2026-09-22T06:16:00+02:00,54,placa-vella,297,218,79,26.6
2026-09-22T04:16:00Z,2026-09-22T06:16:00+02:00,55,ajuntament-mercat,237,187,50,21.1
2026-09-22T04:17:00Z,2026-09-22T06:17:00+02:00,53,dr-robert,407,338,69,17
2026-09-22T04:17:00Z,2026-09-22T06:17:00+02:00,54,placa-vella,297,218,79,26.6
2026-09-22T04:17:00Z,2026-09-22T06:17:00+02:00,55,ajuntament-mercat,237,187,50,21.1
2026-09-22T04:18:00Z,2026-09-22T06:18:00+02:00,53,dr-robert,407,338,69,17
2026-09-22T04:18:00Z,2026-09-22T06:18:00+02:00,54,placa-vella,297,218,79,26.6
2026-09-22T04:18:00Z,2026-09-22T06:18:00+02:00,55,ajuntament-mercat,237,187,50,21.1
2026-09-22T04:19:00Z,2026-09-22T06:19:00+02:00,53,dr-robert,407,338,69,17
2026-09-22T04:19:00Z,2026-09-22T06:19:00+02:00,54,placa-vella,297,218,79,26.6
2026-09-22T04:19:00Z,2026-09-22T06:19:00+02:00,55,ajuntament-mercat,237,187,50,21.1
2026-09-22T04:20:00Z,2026-09-22T06:20:00+02:00,53,dr-robert,407,341,66,16.2
2026-09-22T04:20:00Z,2026-09-22T06:20:00+02:00,54,placa-vella,297,218,79,26.6
2026-09-22T04:20:00Z,2026-09-22T06:20:00+02:00,55,ajuntament-mercat,237,187,50,21.1
2026-09-22T04:21:00Z,2026-09-22T06:21:00+02:00,53,dr-robert,407,341,66,16.2
2026-09-22T04:21:00Z,2026-09-22T06:21:00+02:00,54,placa-vella,297,218,79,26.6
2026-09-22T04:21:00Z,2026-09-22T06:21:00+02:00,55,ajuntament-mercat,237,187,50,21.1
2026-09-22T04:22:00Z,2026-09-22T06:22:00+02:00,53,dr-robert,407,341,66,16.2
2026-09-22T04:22:00Z,2026-09-22T06:22:00+02:00,54,placa-vella,297,218,79,26.6
2026-09-22T04:22:00Z,2026-09-22T06:22:00+02:00,55,ajuntament-mercat,237,187,50,21.1
2026-09-22T04:23:00Z,2026-09-22T06:23:00+02:00,53,dr-robert,407,341,66,16.2
2026-09-22T04:23:00Z,2026-09-22T06:23:00+02:00,54,placa-vella,297,218,79,26.6
2026-09-22T04:23:00Z,2026-09-22T06:23:00+02:00,55,ajuntament-mercat,237,187,50,21.1
2026-09-22T04:24:00Z,2026-09-22T06:24:00+02:00,53,dr-robert,407,341,66,16.2
2026-09-22T04:24:00Z,2026-09-22T06:24:00+02:00,54,placa-vella,297,218,79,26.6
2026-09-22T04:24:00Z,2026-09-22T06:24:00+02:00,55,ajuntament-mercat,237,187,50,21.1
2026-09-22T04:25:00Z,2026-09-22T06:25:00+02:00,53,dr-robert,407,340,67,16.5
2026-09-22T04:25:00Z,2026-09-22T06:25:00+02:00,54,placa-vella,297,218,79,26.6
2026-09-22T04:25:00Z,2026-09-22T06:25:00+02:00,55,ajuntament-mercat,237,187,50,21.1
2026-09-22T04:26:00Z,2026-09-22T06:26:00+02:00,53,dr-robert,407,340,67,16.5
2026-09-22T04:26:00Z,2026-09-22T06:26:00+02:00,54,placa-vella,297,218,79,26.6
2026-09-22T04:26:00Z,2026-09-22T06:26:00+02:00,55,ajuntament-mercat,237,187,50,21.1
2026-09-22T04:27:00Z,2026-09-22T06:27:00+02:00,53,dr-robert,407,340,67,16.5
2026-09-22T04:27:00Z,2026-09-22T06:27:00+02:00,54,placa-vella,297,218,79,26.6
2026-09-22T04:27:00Z,2026-09-22T06:27:00+02:00,55,ajuntament-mercat,237,187,50,21.1
2026-09-22T04:28:00Z,2026-09-22T06:28:00+02:00,53,dr-robert,407,340,67,16.5
2026-09-22T04:28:00Z,2026-09-22T06:28:00+02:00,54,placa-vella,297,218,79,26.6
2026-09-22T04:28:00Z,2026-09-22T06:28:00+02:00,55,ajuntament-mercat,237,187,50,21.1
2026-09-22T04:29:00Z,2026-09-22T06:29:00+02:00,53,dr-robert,407,340,67,16.5
2026-09-22T04:29:00Z,2026-09-22T06:29:00+02:00,54,placa-vella,297,218,79,26.6
2026-09-22T04:29:00Z,2026-09-22T06:29:00+02:00,55,ajuntament-mercat,237,187,50,21.1
2026-09-22T04:30:00Z,2026-09-22T06:30:00+02:00,53,dr-robert,407,339,68,16.7
2026-09-22T04:30:00Z,2026-09-22T06:30:00+02:00,54,placa-vella,297,216,81,27.3
2026-09-22T04:30:00Z,2026-09-22T06:30:00+02:00,55,ajuntament-mercat,237,185,52,21.9
2026-09-22T04:31:00Z,2026-09-22T06:31:00+02:00,53,dr-robert,407,339,68,16.7
2026-09-22T04:31:00Z,2026-09-22T06:31:00+02:00,54,placa-vella,297,216,81,27.3
2026-09-22T04:31:00Z,2026-09-22T06:31:00+02:00,55,ajuntament-mercat,237,185,52,21.9
2026-09-22T04:32:00Z,2026-09-22T06:32:00+02:00,53,dr-robert,407,339,68,16.7
2026-09-22T04:32:00Z,2026-09-22T06:32:00+02:00,54,placa-vella,297,216,81,27.3
2026-09-22T04:32:00Z,2026-09-22T06:32:00+02:00,55,ajuntament-mercat,237,185,52,21.9
2026-09-22T04:33:00Z,2026-09-22T06:33:00+02:00,53,dr-robert,407,339,68,16.7
2026-09-22T04:33:00Z,2026-09-22T06:33:00+02:00,54,placa-vella,297,216,81,27.3
2026-09-22T04:33:00Z,2026-09-22T06:33:00+02:00,55,ajuntament-mercat,237,185,52,21.9
2026-09-22T04:34:00Z,2026-09-22T06:34:00+02:00,53,dr-robert,407,339,68,16.7
2026-09-22T04:34:00Z,2026-09-22T06:34:00+02:00,54,placa-vella,297,216,81,27.3
2026-09-22T04:34:00Z,2026-09-22T06:34:00+02:00,55,ajuntament-mercat,237,185,52,21.9
2026-09-22T04:35:00Z,2026-09-22T06:35:00+02:00,53,dr-robert,407,338,69,17
2026-09-22T04:35:00Z,2026-09-22T06:35:00+02:00,54,placa-vella,297,215,82,27.6
2026-09-22T04:35:00Z,2026-09-22T06:35:00+02:00,55,ajuntament-mercat,237,185,52,21.9
2026-09-22T04:36:00Z,2026-09-22T06:36:00+02:00,53,dr-robert,407,338,69,17
2026-09-22T04:36:00Z,2026-09-22T06:36:00+02:00,54,placa-vella,297,215,82,27.6
2026-09-22T04:36:00Z,2026-09-22T06:36:00+02:00,55,ajuntament-mercat,237,185,52,21.9
2026-09-22T04:37:00Z,2026-09-22T06:37:00+02:00,53,dr-robert,407,338,69,17
2026-09-22T04:37:00Z,2026-09-22T06:37:00+02:00,54,placa-vella,297,215,82,27.6
2026-09-22T04:37:00Z,2026-09-22T06:37:00+02:00,55,ajuntament-mercat,237,185,52,21.9
2026-09-22T04:38:00Z,2026-09-22T06:38:00+02:00,53,dr-robert,407,338,69,17
2026-09-22T04:38:00Z,2026-09-22T06:38:00+02:00,54,placa-vella,297,215,82,27.6
2026-09-22T04:38:00Z,2026-09-22T06:38:00+02:00,55,ajuntament-mercat,237,185,52,21.9
2026-09-22T04:39:00Z,2026-09-22T06:39:00+02:00,53,dr-robert,407,338,69,17
2026-09-22T04:39:00Z,2026-09-22T06:39:00+02:00,54,placa-vella,297,215,82,27.6
2026-09-22T04:39:00Z,2026-09-22T06:39:00+02:00,55,ajuntament-mercat,237,185,52,21.9
2026-09-22T04:40:00Z,2026-09-22T06:40:00+02:00,53,dr-robert,407,337,70,17.2
2026-09-22T04:40:00Z,2026-09-22T06:40:00+02:00,54,placa-vella,297,215,82,27.6
2026-09-22T04:40:00Z,2026-09-22T06:40:00+02:00,55,ajuntament-mercat,237,183,54,22.8
2026-09-22T04:41:00Z,2026-09-22T06:41:00+02:00,53,dr-robert,407,337,70,17.2
2026-09-22T04:41:00Z,2026-09-22T06:41:00+02:00,54,placa-vella,297,215,82,27.6
2026-09-22T04:41:00Z,2026-09-22T06:41:00+02:00,55,ajuntament-mercat,237,183,54,22.8
2026-09-22T04:42:00Z,2026-09-22T06:42:00+02:00,53,dr-robert,407,337,70,17.2
2026-09-22T04:42:00Z,2026-09-22T06:42:00+02:00,54,placa-vella,297,215,82,27.6
2026-09-22T04:42:00Z,2026-09-22T06:42:00+02:00,55,ajuntament-mercat,237,183,54,22.8
2026-09-22T04:43:00Z,2026-09-22T06:43:00+02:00,53,dr-robert,407,337,70,17.2
2026-09-22T04:43:00Z,2026-09-22T06:43:00+02:00,54,placa-vella,297,215,82,27.6
2026-09-22T04:43:00Z,2026-09-22T06:43:00+02:00,55,ajuntament-mercat,237,183,54,22.8
2026-09-22T04:44:00Z,2026-09-22T06:44:00+02:00,53,dr-robert,407,337,70,17.2
2026-09-22T04:44:00Z,2026-09-22T06:44:00+02:00,54,placa-vella,297,215,82,27.6
2026-09-22T04:44:00Z,2026-09-22T06:44:00+02:00,55,ajuntament-mercat,237,183,54,22.8
2026-09-22T04:45:00Z,2026-09-22T06:45:00+02:00,53,dr-robert,407,337,70,17.2
2026-09-22T04:45:00Z,2026-09-22T06:45:00+02:00,54,placa-vella,297,212,85,28.6
2026-09-22T04:45:00Z,2026-09-22T06:45:00+02:00,55,ajuntament-mercat,237,183,54,22.8
2026-09-22T04:46:00Z,2026-09-22T06:46:00+02:00,53,dr-robert,407,337,70,17.2
2026-09-22T04:46:00Z,2026-09-22T06:46:00+02:00,54,placa-vella,297,212,85,28.6
2026-09-22T04:46:00Z,2026-09-22T06:46:00+02:00,55,ajuntament-mercat,237,183,54,22.8
2026-09-22T04:47:00Z,2026-09-22T06:47:00+02:00,53,dr-robert,407,337,70,17.2
2026-09-22T04:47:00Z,2026-09-22T06:47:00+02:00,54,placa-vella,297,212,85,28.6
2026-09-22T04:47:00Z,2026-09-22T06:47:00+02:00,55,ajuntament-mercat,237,183,54,22.8
2026-09-22T04:48:00Z,2026-09-22T06:48:00+02:00,53,dr-robert,407,337,70,17.2
2026-09-22T04:48:00Z,2026-09-22T06:48:00+02:00,54,placa-vella,297,212,85,28.6
2026-09-22T04:48:00Z,2026-09-22T06:48:00+02:00,55,ajuntament-mercat,237,183,54,22.8
2026-09-22T04:49:00Z,2026-09-22T06:49:00+02:00,53,dr-robert,407,337,70,17.2
2026-09-22T04:49:00Z,2026-09-22T06:49:00+02:00,54,placa-vella,297,212,85,28.6
2026-09-22T04:49:00Z,2026-09-22T06:49:00+02:00,55,ajuntament-mercat,237,183,54,22.8
2026-09-22T04:50:00Z,2026-09-22T06:50:00+02:00,53,dr-robert,407,335,72,17.7
2026-09-22T04:50:00Z,2026-09-22T06:50:00+02:00,54,placa-vella,297,212,85,28.6
2026-09-22T04:50:00Z,2026-09-22T06:50:00+02:00,55,ajuntament-mercat,237,182,55,23.2
2026-09-22T04:51:00Z,2026-09-22T06:51:00+02:00,53,dr-robert,407,335,72,17.7
2026-09-22T04:51:00Z,2026-09-22T06:51:00+02:00,54,placa-vella,297,212,85,28.6
2026-09-22T04:51:00Z,2026-09-22T06:51:00+02:00,55,ajuntament-mercat,237,182,55,23.2
2026-09-22T04:52:00Z,2026-09-22T06:52:00+02:00,53,dr-robert,407,335,72,17.7
2026-09-22T04:52:00Z,2026-09-22T06:52:00+02:00,54,placa-vella,297,212,85,28.6
2026-09-22T04:52:00Z,2026-09-22T06:52:00+02:00,55,ajuntament-mercat,237,182,55,23.2
2026-09-22T04:53:00Z,2026-09-22T06:53:00+02:00,53,dr-robert,407,335,72,17.7
2026-09-22T04:53:00Z,2026-09-22T06:53:00+02:00,54,placa-vella,297,212,85,28.6
2026-09-22T04:53:00Z,2026-09-22T06:53:00+02:00,55,ajuntament-mercat,237,182,55,23.2
2026-09-22T04:54:00Z,2026-09-22T06:54:00+02:00,53,dr-robert,407,335,72,17.7
2026-09-22T04:54:00Z,2026-09-22T06:54:00+02:00,54,placa-vella,297,212,85,28.6
2026-09-22T04:54:00Z,2026-09-22T06:54:00+02:00,55,ajuntament-mercat,237,182,55,23.2
2026-09-22T04:55:00Z,2026-09-22T06:55:00+02:00,53,dr-robert,407,332,75,18.4
2026-09-22T04:55:00Z,2026-09-22T06:55:00+02:00,54,placa-vella,297,211,86,29
2026-09-22T04:55:00Z,2026-09-22T06:55:00+02:00,55,ajuntament-mercat,237,181,56,23.6
2026-09-22T04:56:00Z,2026-09-22T06:56:00+02:00,53,dr-robert,407,332,75,18.4
2026-09-22T04:56:00Z,2026-09-22T06:56:00+02:00,54,placa-vella,297,211,86,29
2026-09-22T04:56:00Z,2026-09-22T06:56:00+02:00,55,ajuntament-mercat,237,181,56,23.6
2026-09-22T04:57:00Z,2026-09-22T06:57:00+02:00,53,dr-robert,407,332,75,18.4
2026-09-22T04:57:00Z,2026-09-22T06:57:00+02:00,54,placa-vella,297,211,86,29
2026-09-22T04:57:00Z,2026-09-22T06:57:00+02:00,55,ajuntament-mercat,237,181,56,23.6
2026-09-22T04:58:00Z,2026-09-22T06:58:00+02:00,53,dr-robert,407,332,75,18.4
2026-09-22T04:58:00Z,2026-09-22T06:58:00+02:00,54,placa-vella,297,211,86,29
2026-09-22T04:58:00Z,2026-09-22T06:58:00+02:00,55,ajuntament-mercat,237,181,56,23.6
2026-09-22T04:59:00Z,2026-09-22T06:59:00+02:00,53,dr-robert,407,332,75,18.4
2026-09-22T04:59:00Z,2026-09-22T06:59:00+02:00,54,placa-vella,297,211,86,29
2026-09-22T04:59:00Z,2026-09-22T06:59:00+02:00,55,ajuntament-mercat,237,181,56,23.6
2026-09-22T05:00:00Z,2026-09-22T07:00:00+02:00,53,dr-robert,407,332,75,18.4
2026-09-22T05:00:00Z,2026-09-22T07:00:00+02:00,54,placa-vella,297,211,86,29
2026-09-22T05:00:00Z,2026-09-22T07:00:00+02:00,55,ajuntament-mercat,237,181,56,23.6
2026-09-22T05:01:00Z,2026-09-22T07:01:00+02:00,53,dr-robert,407,332,75,18.4
2026-09-22T05:01:00Z,2026-09-22T07:01:00+02:00,54,placa-vella,297,211,86,29
2026-09-22T05:01:00Z,2026-09-22T07:01:00+02:00,55,ajuntament-mercat,237,181,56,23.6
2026-09-22T05:02:00Z,2026-09-22T07:02:00+02:00,53,dr-robert,407,332,75,18.4
2026-09-22T05:02:00Z,2026-09-22T07:02:00+02:00,54,placa-vella,297,211,86,29
2026-09-22T05:02:00Z,2026-09-22T07:02:00+02:00,55,ajuntament-mercat,237,181,56,23.6
2026-09-22T05:03:00Z,2026-09-22T07:03:00+02:00,53,dr-robert,407,323,84,20.6
2026-09-22T05:03:00Z,2026-09-22T07:03:00+02:00,54,placa-vella,297,213,84,28.3
2026-09-22T05:03:00Z,2026-09-22T07:03:00+02:00,55,ajuntament-mercat,237,180,57,24.1
2026-09-22T05:04:00Z,2026-09-22T07:04:00+02:00,53,dr-robert,407,323,84,20.6
2026-09-22T05:04:00Z,2026-09-22T07:04:00+02:00,54,placa-vella,297,213,84,28.3
2026-09-22T05:04:00Z,2026-09-22T07:04:00+02:00,55,ajuntament-mercat,237,180,57,24.1
2026-09-22T05:05:00Z,2026-09-22T07:05:00+02:00,53,dr-robert,407,321,86,21.1
2026-09-22T05:05:00Z,2026-09-22T07:05:00+02:00,54,placa-vella,297,213,84,28.3
2026-09-22T05:05:00Z,2026-09-22T07:05:00+02:00,55,ajuntament-mercat,237,179,58,24.5
2026-09-22T05:06:00Z,2026-09-22T07:06:00+02:00,53,dr-robert,407,321,86,21.1
2026-09-22T05:06:00Z,2026-09-22T07:06:00+02:00,54,placa-vella,297,213,84,28.3
2026-09-22T05:06:00Z,2026-09-22T07:06:00+02:00,55,ajuntament-mercat,237,179,58,24.5
2026-09-22T05:07:00Z,2026-09-22T07:07:00+02:00,53,dr-robert,407,321,86,21.1
2026-09-22T05:07:00Z,2026-09-22T07:07:00+02:00,54,placa-vella,297,213,84,28.3
2026-09-22T05:07:00Z,2026-09-22T07:07:00+02:00,55,ajuntament-mercat,237,179,58,24.5
2026-09-22T05:08:00Z,2026-09-22T07:08:00+02:00,53,dr-robert,407,321,86,21.1
2026-09-22T05:08:00Z,2026-09-22T07:08:00+02:00,54,placa-vella,297,213,84,28.3
2026-09-22T05:08:00Z,2026-09-22T07:08:00+02:00,55,ajuntament-mercat,237,179,58,24.5
2026-09-22T05:09:00Z,2026-09-22T07:09:00+02:00,53,dr-robert,407,321,86,21.1
2026-09-22T05:09:00Z,2026-09-22T07:09:00+02:00,54,placa-vella,297,213,84,28.3
2026-09-22T05:09:00Z,2026-09-22T07:09:00+02:00,55,ajuntament-mercat,237,179,58,24.5
2026-09-22T05:10:00Z,2026-09-22T07:10:00+02:00,53,dr-robert,407,316,91,22.4
2026-09-22T05:10:00Z,2026-09-22T07:10:00+02:00,54,placa-vella,297,212,85,28.6
2026-09-22T05:10:00Z,2026-09-22T07:10:00+02:00,55,ajuntament-mercat,237,179,58,24.5
2026-09-22T05:11:00Z,2026-09-22T07:11:00+02:00,53,dr-robert,407,316,91,22.4
2026-09-22T05:11:00Z,2026-09-22T07:11:00+02:00,54,placa-vella,297,212,85,28.6
2026-09-22T05:11:00Z,2026-09-22T07:11:00+02:00,55,ajuntament-mercat,237,179,58,24.5
2026-09-22T05:12:00Z,2026-09-22T07:12:00+02:00,53,dr-robert,407,316,91,22.4
2026-09-22T05:12:00Z,2026-09-22T07:12:00+02:00,54,placa-vella,297,212,85,28.6
2026-09-22T05:12:00Z,2026-09-22T07:12:00+02:00,55,ajuntament-mercat,237,179,58,24.5
2026-09-22T05:13:00Z,2026-09-22T07:13:00+02:00,53,dr-robert,407,316,91,22.4
2026-09-22T05:13:00Z,2026-09-22T07:13:00+02:00,54,placa-vella,297,212,85,28.6
2026-09-22T05:13:00Z,2026-09-22T07:13:00+02:00,55,ajuntament-mercat,237,179,58,24.5
2026-09-22T05:14:00Z,2026-09-22T07:14:00+02:00,53,dr-robert,407,316,91,22.4
2026-09-22T05:14:00Z,2026-09-22T07:14:00+02:00,54,placa-vella,297,212,85,28.6
2026-09-22T05:14:00Z,2026-09-22T07:14:00+02:00,55,ajuntament-mercat,237,179,58,24.5
2026-09-22T05:15:00Z,2026-09-22T07:15:00+02:00,53,dr-robert,407,311,96,23.6
2026-09-22T05:15:00Z,2026-09-22T07:15:00+02:00,54,placa-vella,297,214,83,27.9
2026-09-22T05:15:00Z,2026-09-22T07:15:00+02:00,55,ajuntament-mercat,237,178,59,24.9
2026-09-22T05:16:00Z,2026-09-22T07:16:00+02:00,53,dr-robert,407,311,96,23.6
2026-09-22T05:16:00Z,2026-09-22T07:16:00+02:00,54,placa-vella,297,214,83,27.9
2026-09-22T05:16:00Z,2026-09-22T07:16:00+02:00,55,ajuntament-mercat,237,178,59,24.9
2026-09-22T05:17:00Z,2026-09-22T07:17:00+02:00,53,dr-robert,407,311,96,23.6
2026-09-22T05:17:00Z,2026-09-22T07:17:00+02:00,54,placa-vella,297,214,83,27.9
2026-09-22T05:17:00Z,2026-09-22T07:17:00+02:00,55,ajuntament-mercat,237,178,59,24.9
2026-09-22T05:18:00Z,2026-09-22T07:18:00+02:00,53,dr-robert,407,311,96,23.6
2026-09-22T05:18:00Z,2026-09-22T07:18:00+02:00,54,placa-vella,297,214,83,27.9
2026-09-22T05:18:00Z,2026-09-22T07:18:00+02:00,55,ajuntament-mercat,237,178,59,24.9
2026-09-22T05:19:00Z,2026-09-22T07:19:00+02:00,53,dr-robert,407,311,96,23.6
2026-09-22T05:19:00Z,2026-09-22T07:19:00+02:00,54,placa-vella,297,214,83,27.9
2026-09-22T05:19:00Z,2026-09-22T07:19:00+02:00,55,ajuntament-mercat,237,178,59,24.9
2026-09-22T05:20:00Z,2026-09-22T07:20:00+02:00,53,dr-robert,407,309,98,24.1
2026-09-22T05:20:00Z,2026-09-22T07:20:00+02:00,54,placa-vella,297,213,84,28.3
2026-09-22T05:20:00Z,2026-09-22T07:20:00+02:00,55,ajuntament-mercat,237,176,61,25.7
2026-09-22T05:21:00Z,2026-09-22T07:21:00+02:00,53,dr-robert,407,309,98,24.1
2026-09-22T05:21:00Z,2026-09-22T07:21:00+02:00,54,placa-vella,297,213,84,28.3
2026-09-22T05:21:00Z,2026-09-22T07:21:00+02:00,55,ajuntament-mercat,237,176,61,25.7
2026-09-22T05:22:00Z,2026-09-22T07:22:00+02:00,53,dr-robert,407,309,98,24.1
2026-09-22T05:22:00Z,2026-09-22T07:22:00+02:00,54,placa-vella,297,213,84,28.3
2026-09-22T05:22:00Z,2026-09-22T07:22:00+02:00,55,ajuntament-mercat,237,176,61,25.7
2026-09-22T05:23:00Z,2026-09-22T07:23:00+02:00,53,dr-robert,407,309,98,24.1
2026-09-22T05:23:00Z,2026-09-22T07:23:00+02:00,54,placa-vella,297,213,84,28.3
2026-09-22T05:23:00Z,2026-09-22T07:23:00+02:00,55,ajuntament-mercat,237,176,61,25.7
2026-09-22T05:24:00Z,2026-09-22T07:24:00+02:00,53,dr-robert,407,309,98,24.1
2026-09-22T05:24:00Z,2026-09-22T07:24:00+02:00,54,placa-vella,297,213,84,28.3
2026-09-22T05:24:00Z,2026-09-22T07:24:00+02:00,55,ajuntament-mercat,237,176,61,25.7
2026-09-22T05:25:00Z,2026-09-22T07:25:00+02:00,53,dr-robert,407,305,102,25.1
2026-09-22T05:25:00Z,2026-09-22T07:25:00+02:00,54,placa-vella,297,214,83,27.9
2026-09-22T05:25:00Z,2026-09-22T07:25:00+02:00,55,ajuntament-mercat,237,176,61,25.7
2026-09-22T05:26:00Z,2026-09-22T07:26:00+02:00,53,dr-robert,407,305,102,25.1
2026-09-22T05:26:00Z,2026-09-22T07:26:00+02:00,54,placa-vella,297,214,83,27.9
2026-09-22T05:26:00Z,2026-09-22T07:26:00+02:00,55,ajuntament-mercat,237,176,61,25.7
2026-09-22T05:27:00Z,2026-09-22T07:27:00+02:00,53,dr-robert,407,305,102,25.1
2026-09-22T05:27:00Z,2026-09-22T07:27:00+02:00,54,placa-vella,297,214,83,27.9
2026-09-22T05:27:00Z,2026-09-22T07:27:00+02:00,55,ajuntament-mercat,237,176,61,25.7
2026-09-22T05:28:00Z,2026-09-22T07:28:00+02:00,53,dr-robert,407,305,102,25.1
2026-09-22T05:28:00Z,2026-09-22T07:28:00+02:00,54,placa-vella,297,214,83,27.9
2026-09-22T05:28:00Z,2026-09-22T07:28:00+02:00,55,ajuntament-mercat,237,176,61,25.7
2026-09-22T05:29:00Z,2026-09-22T07:29:00+02:00,53,dr-robert,407,305,102,25.1
2026-09-22T05:29:00Z,2026-09-22T07:29:00+02:00,54,placa-vella,297,214,83,27.9
2026-09-22T05:29:00Z,2026-09-22T07:29:00+02:00,55,ajuntament-mercat,237,176,61,25.7
2026-09-22T05:30:00Z,2026-09-22T07:30:00+02:00,53,dr-robert,407,305,102,25.1
2026-09-22T05:30:00Z,2026-09-22T07:30:00+02:00,54,placa-vella,297,214,83,27.9
2026-09-22T05:30:00Z,2026-09-22T07:30:00+02:00,55,ajuntament-mercat,237,176,61,25.7
2026-09-22T05:31:00Z,2026-09-22T07:31:00+02:00,53,dr-robert,407,294,113,27.8
2026-09-22T05:31:00Z,2026-09-22T07:31:00+02:00,54,placa-vella,297,213,84,28.3
2026-09-22T05:31:00Z,2026-09-22T07:31:00+02:00,55,ajuntament-mercat,237,172,65,27.4
2026-09-22T05:32:00Z,2026-09-22T07:32:00+02:00,53,dr-robert,407,294,113,27.8
2026-09-22T05:32:00Z,2026-09-22T07:32:00+02:00,54,placa-vella,297,213,84,28.3
2026-09-22T05:32:00Z,2026-09-22T07:32:00+02:00,55,ajuntament-mercat,237,172,65,27.4
2026-09-22T05:33:00Z,2026-09-22T07:33:00+02:00,53,dr-robert,407,294,113,27.8
2026-09-22T05:33:00Z,2026-09-22T07:33:00+02:00,54,placa-vella,297,213,84,28.3
2026-09-22T05:33:00Z,2026-09-22T07:33:00+02:00,55,ajuntament-mercat,237,172,65,27.4
2026-09-22T05:34:00Z,2026-09-22T07:34:00+02:00,53,dr-robert,407,294,113,27.8
2026-09-22T05:34:00Z,2026-09-22T07:34:00+02:00,54,placa-vella,297,213,84,28.3
2026-09-22T05:34:00Z,2026-09-22T07:34:00+02:00,55,ajuntament-mercat,237,172,65,27.4
2026-09-22T05:35:00Z,2026-09-22T07:35:00+02:00,53,dr-robert,407,290,117,28.7
2026-09-22T05:35:00Z,2026-09-22T07:35:00+02:00,54,placa-vella,297,211,86,29
2026-09-22T05:35:00Z,2026-09-22T07:35:00+02:00,55,ajuntament-mercat,237,168,69,29.1
2026-09-22T05:36:00Z,2026-09-22T07:36:00+02:00,53,dr-robert,407,290,117,28.7
2026-09-22T05:36:00Z,2026-09-22T07:36:00+02:00,54,placa-vella,297,211,86,29
2026-09-22T05:36:00Z,2026-09-22T07:36:00+02:00,55,ajuntament-mercat,237,168,69,29.1
2026-09-22T05:37:00Z,2026-09-22T07:37:00+02:00,53,dr-robert,407,290,117,28.7
2026-09-22T05:37:00Z,2026-09-22T07:37:00+02:00,54,placa-vella,297,211,86,29
2026-09-22T05:37:00Z,2026-09-22T07:37:00+02:00,55,ajuntament-mercat,237,168,69,29.1
2026-09-22T05:38:00Z,2026-09-22T07:38:00+02:00,53,dr-robert,407,290,117,28.7
2026-09-22T05:38:00Z,2026-09-22T07:38:00+02:00,54,placa-vella,297,211,86,29
2026-09-22T05:38:00Z,2026-09-22T07:38:00+02:00,55,ajuntament-mercat,237,168,69,29.1
2026-09-22T05:39:00Z,2026-09-22T07:39:00+02:00,53,dr-robert,407,290,117,28.7
2026-09-22T05:39:00Z,2026-09-22T07:39:00+02:00,54,placa-vella,297,211,86,29
2026-09-22T05:39:00Z,2026-09-22T07:39:00+02:00,55,ajuntament-mercat,237,168,69,29.1
2026-09-22T05:40:00Z,2026-09-22T07:40:00+02:00,53,dr-robert,407,278,129,31.7
2026-09-22T05:40:00Z,2026-09-22T07:40:00+02:00,54,placa-vella,297,210,87,29.3
2026-09-22T05:40:00Z,2026-09-22T07:40:00+02:00,55,ajuntament-mercat,237,166,71,30
2026-09-22T05:41:00Z,2026-09-22T07:41:00+02:00,53,dr-robert,407,278,129,31.7
2026-09-22T05:41:00Z,2026-09-22T07:41:00+02:00,54,placa-vella,297,210,87,29.3
2026-09-22T05:41:00Z,2026-09-22T07:41:00+02:00,55,ajuntament-mercat,237,166,71,30
2026-09-22T05:42:00Z,2026-09-22T07:42:00+02:00,53,dr-robert,407,278,129,31.7
2026-09-22T05:42:00Z,2026-09-22T07:42:00+02:00,54,placa-vella,297,210,87,29.3
2026-09-22T05:42:00Z,2026-09-22T07:42:00+02:00,55,ajuntament-mercat,237,166,71,30
2026-09-22T05:43:00Z,2026-09-22T07:43:00+02:00,53,dr-robert,407,278,129,31.7
2026-09-22T05:43:00Z,2026-09-22T07:43:00+02:00,54,placa-vella,297,210,87,29.3
2026-09-22T05:43:00Z,2026-09-22T07:43:00+02:00,55,ajuntament-mercat,237,166,71,30
2026-09-22T05:44:00Z,2026-09-22T07:44:00+02:00,53,dr-robert,407,278,129,31.7
2026-09-22T05:44:00Z,2026-09-22T07:44:00+02:00,54,placa-vella,297,210,87,29.3
2026-09-22T05:44:00Z,2026-09-22T07:44:00+02:00,55,ajuntament-mercat,237,166,71,30
2026-09-22T05:45:00Z,2026-09-22T07:45:00+02:00,53,dr-robert,407,266,141,34.6
2026-09-22T05:45:00Z,2026-09-22T07:45:00+02:00,54,placa-vella,297,205,92,31
2026-09-22T05:45:00Z,2026-09-22T07:45:00+02:00,55,ajuntament-mercat,237,163,74,31.2
2026-09-22T05:46:00Z,2026-09-22T07:46:00+02:00,53,dr-robert,407,266,141,34.6
2026-09-22T05:46:00Z,2026-09-22T07:46:00+02:00,54,placa-vella,297,205,92,31
2026-09-22T05:46:00Z,2026-09-22T07:46:00+02:00,55,ajuntament-mercat,237,163,74,31.2
2026-09-22T05:47:00Z,2026-09-22T07:47:00+02:00,53,dr-robert,407,266,141,34.6
2026-09-22T05:47:00Z,2026-09-22T07:47:00+02:00,54,placa-vella,297,205,92,31
2026-09-22T05:47:00Z,2026-09-22T07:47:00+02:00,55,ajuntament-mercat,237,163,74,31.2
2026-09-22T05:48:00Z,2026-09-22T07:48:00+02:00,53,dr-robert,407,266,141,34.6
2026-09-22T05:48:00Z,2026-09-22T07:48:00+02:00,54,placa-vella,297,205,92,31
2026-09-22T05:48:00Z,2026-09-22T07:48:00+02:00,55,ajuntament-mercat,237,163,74,31.2
2026-09-22T05:49:00Z,2026-09-22T07:49:00+02:00,53,dr-robert,407,266,141,34.6
2026-09-22T05:49:00Z,2026-09-22T07:49:00+02:00,54,placa-vella,297,205,92,31
2026-09-22T05:49:00Z,2026-09-22T07:49:00+02:00,55,ajuntament-mercat,237,163,74,31.2
2026-09-22T05:50:00Z,2026-09-22T07:50:00+02:00,53,dr-robert,407,266,141,34.6
2026-09-22T05:50:00Z,2026-09-22T07:50:00+02:00,54,placa-vella,297,204,93,31.3
2026-09-22T05:50:00Z,2026-09-22T07:50:00+02:00,55,ajuntament-mercat,237,157,80,33.8
2026-09-22T05:51:00Z,2026-09-22T07:51:00+02:00,53,dr-robert,407,266,141,34.6
2026-09-22T05:51:00Z,2026-09-22T07:51:00+02:00,54,placa-vella,297,204,93,31.3
2026-09-22T05:51:00Z,2026-09-22T07:51:00+02:00,55,ajuntament-mercat,237,157,80,33.8
2026-09-22T05:52:00Z,2026-09-22T07:52:00+02:00,53,dr-robert,407,266,141,34.6
2026-09-22T05:52:00Z,2026-09-22T07:52:00+02:00,54,placa-vella,297,204,93,31.3
2026-09-22T05:52:00Z,2026-09-22T07:52:00+02:00,55,ajuntament-mercat,237,157,80,33.8
2026-09-22T05:53:00Z,2026-09-22T07:53:00+02:00,53,dr-robert,407,266,141,34.6
2026-09-22T05:53:00Z,2026-09-22T07:53:00+02:00,54,placa-vella,297,204,93,31.3
2026-09-22T05:53:00Z,2026-09-22T07:53:00+02:00,55,ajuntament-mercat,237,157,80,33.8
2026-09-22T05:54:00Z,2026-09-22T07:54:00+02:00,53,dr-robert,407,266,141,34.6
2026-09-22T05:54:00Z,2026-09-22T07:54:00+02:00,54,placa-vella,297,204,93,31.3
2026-09-22T05:54:00Z,2026-09-22T07:54:00+02:00,55,ajuntament-mercat,237,157,80,33.8
2026-09-22T05:55:00Z,2026-09-22T07:55:00+02:00,53,dr-robert,407,266,141,34.6
2026-09-22T05:55:00Z,2026-09-22T07:55:00+02:00,54,placa-vella,297,204,93,31.3
2026-09-22T05:55:00Z,2026-09-22T07:55:00+02:00,55,ajuntament-mercat,237,157,80,33.8
2026-09-22T05:56:00Z,2026-09-22T07:56:00+02:00,53,dr-robert,407,252,155,38.1
2026-09-22T05:56:00Z,2026-09-22T07:56:00+02:00,54,placa-vella,297,199,98,33
2026-09-22T05:56:00Z,2026-09-22T07:56:00+02:00,55,ajuntament-mercat,237,151,86,36.3
2026-09-22T05:57:00Z,2026-09-22T07:57:00+02:00,53,dr-robert,407,252,155,38.1
2026-09-22T05:57:00Z,2026-09-22T07:57:00+02:00,54,placa-vella,297,199,98,33
2026-09-22T05:57:00Z,2026-09-22T07:57:00+02:00,55,ajuntament-mercat,237,151,86,36.3
2026-09-22T05:58:00Z,2026-09-22T07:58:00+02:00,53,dr-robert,407,252,155,38.1
2026-09-22T05:58:00Z,2026-09-22T07:58:00+02:00,54,placa-vella,297,199,98,33
2026-09-22T05:58:00Z,2026-09-22T07:58:00+02:00,55,ajuntament-mercat,237,151,86,36.3
2026-09-22T05:59:00Z,2026-09-22T07:59:00+02:00,53,dr-robert,407,252,155,38.1
2026-09-22T05:59:00Z,2026-09-22T07:59:00+02:00,54,placa-vella,297,199,98,33
2026-09-22T05:59:00Z,2026-09-22T07:59:00+02:00,55,ajuntament-mercat,237,151,86,36.3
2026-09-22T06:00:00Z,2026-09-22T08:00:00+02:00,53,dr-robert,407,252,155,38.1
2026-09-22T06:00:00Z,2026-09-22T08:00:00+02:00,54,placa-vella,297,199,98,33
2026-09-22T06:00:00Z,2026-09-22T08:00:00+02:00,55,ajuntament-mercat,237,151,86,36.3
2026-09-22T06:01:00Z,2026-09-22T08:01:00+02:00,53,dr-robert,407,252,155,38.1
2026-09-22T06:01:00Z,2026-09-22T08:01:00+02:00,54,placa-vella,297,199,98,33
2026-09-22T06:01:00Z,2026-09-22T08:01:00+02:00,55,ajuntament-mercat,237,151,86,36.3
2026-09-22T06:02:00Z,2026-09-22T08:02:00+02:00,53,dr-robert,407,252,155,38.1
2026-09-22T06:02:00Z,2026-09-22T08:02:00+02:00,54,placa-vella,297,199,98,33
2026-09-22T06:02:00Z,2026-09-22T08:02:00+02:00,55,ajuntament-mercat,237,151,86,36.3
2026-09-22T06:03:00Z,2026-09-22T08:03:00+02:00,53,dr-robert,407,252,155,38.1
2026-09-22T06:03:00Z,2026-09-22T08:03:00+02:00,54,placa-vella,297,199,98,33
2026-09-22T06:03:00Z,2026-09-22T08:03:00+02:00,55,ajuntament-mercat,237,151,86,36.3
2026-09-22T06:04:00Z,2026-09-22T08:04:00+02:00,53,dr-robert,407,252,155,38.1
2026-09-22T06:04:00Z,2026-09-22T08:04:00+02:00,54,placa-vella,297,199,98,33
2026-09-22T06:04:00Z,2026-09-22T08:04:00+02:00,55,ajuntament-mercat,237,151,86,36.3
2026-09-22T06:05:00Z,2026-09-22T08:05:00+02:00,53,dr-robert,407,226,181,44.5
2026-09-22T06:05:00Z,2026-09-22T08:05:00+02:00,54,placa-vella,297,189,108,36.4
2026-09-22T06:05:00Z,2026-09-22T08:05:00+02:00,55,ajuntament-mercat,237,137,100,42.2
2026-09-22T06:06:00Z,2026-09-22T08:06:00+02:00,53,dr-robert,407,226,181,44.5
2026-09-22T06:06:00Z,2026-09-22T08:06:00+02:00,54,placa-vella,297,189,108,36.4
2026-09-22T06:06:00Z,2026-09-22T08:06:00+02:00,55,ajuntament-mercat,237,137,100,42.2
2026-09-22T06:07:00Z,2026-09-22T08:07:00+02:00,53,dr-robert,407,226,181,44.5
2026-09-22T06:07:00Z,2026-09-22T08:07:00+02:00,54,placa-vella,297,189,108,36.4
2026-09-22T06:07:00Z,2026-09-22T08:07:00+02:00,55,ajuntament-mercat,237,137,100,42.2
2026-09-22T06:08:00Z,2026-09-22T08:08:00+02:00,53,dr-robert,407,226,181,44.5
2026-09-22T06:08:00Z,2026-09-22T08:08:00+02:00,54,placa-vella,297,189,108,36.4
2026-09-22T06:08:00Z,2026-09-22T08:08:00+02:00,55,ajuntament-mercat,237,137,100,42.2
2026-09-22T06:09:00Z,2026-09-22T08:09:00+02:00,53,dr-robert,407,226,181,44.5
2026-09-22T06:09:00Z,2026-09-22T08:09:00+02:00,54,placa-vella,297,189,108,36.4
2026-09-22T06:09:00Z,2026-09-22T08:09:00+02:00,55,ajuntament-mercat,237,137,100,42.2
2026-09-22T06:10:00Z,2026-09-22T08:10:00+02:00,53,dr-robert,407,226,181,44.5
2026-09-22T06:10:00Z,2026-09-22T08:10:00+02:00,54,placa-vella,297,189,108,36.4
2026-09-22T06:10:00Z,2026-09-22T08:10:00+02:00,55,ajuntament-mercat,237,137,100,42.2
2026-09-22T06:11:00Z,2026-09-22T08:11:00+02:00,53,dr-robert,407,204,203,49.9
2026-09-22T06:11:00Z,2026-09-22T08:11:00+02:00,54,placa-vella,297,189,108,36.4
2026-09-22T06:11:00Z,2026-09-22T08:11:00+02:00,55,ajuntament-mercat,237,130,107,45.1
2026-09-22T06:12:00Z,2026-09-22T08:12:00+02:00,53,dr-robert,407,204,203,49.9
2026-09-22T06:12:00Z,2026-09-22T08:12:00+02:00,54,placa-vella,297,189,108,36.4
2026-09-22T06:12:00Z,2026-09-22T08:12:00+02:00,55,ajuntament-mercat,237,130,107,45.1
2026-09-22T06:13:00Z,2026-09-22T08:13:00+02:00,53,dr-robert,407,204,203,49.9
2026-09-22T06:13:00Z,2026-09-22T08:13:00+02:00,54,placa-vella,297,189,108,36.4
2026-09-22T06:13:00Z,2026-09-22T08:13:00+02:00,55,ajuntament-mercat,237,130,107,45.1
2026-09-22T06:14:00Z,2026-09-22T08:14:00+02:00,53,dr-robert,407,204,203,49.9
2026-09-22T06:14:00Z,2026-09-22T08:14:00+02:00,54,placa-vella,297,189,108,36.4
2026-09-22T06:14:00Z,2026-09-22T08:14:00+02:00,55,ajuntament-mercat,237,130,107,45.1
2026-09-22T06:15:00Z,2026-09-22T08:15:00+02:00,53,dr-robert,407,204,203,49.9
2026-09-22T06:15:00Z,2026-09-22T08:15:00+02:00,54,placa-vella,297,189,108,36.4
2026-09-22T06:15:00Z,2026-09-22T08:15:00+02:00,55,ajuntament-mercat,237,130,107,45.1
2026-09-22T06:16:00Z,2026-09-22T08:16:00+02:00,53,dr-robert,407,193,214,52.6
2026-09-22T06:16:00Z,2026-09-22T08:16:00+02:00,54,placa-vella,297,182,115,38.7
2026-09-22T06:16:00Z,2026-09-22T08:16:00+02:00,55,ajuntament-mercat,237,127,110,46.4
2026-09-22T06:17:00Z,2026-09-22T08:17:00+02:00,53,dr-robert,407,193,214,52.6
2026-09-22T06:17:00Z,2026-09-22T08:17:00+02:00,54,placa-vella,297,182,115,38.7
2026-09-22T06:17:00Z,2026-09-22T08:17:00+02:00,55,ajuntament-mercat,237,127,110,46.4
2026-09-22T06:18:00Z,2026-09-22T08:18:00+02:00,53,dr-robert,407,193,214,52.6
2026-09-22T06:18:00Z,2026-09-22T08:18:00+02:00,54,placa-vella,297,182,115,38.7
2026-09-22T06:18:00Z,2026-09-22T08:18:00+02:00,55,ajuntament-mercat,237,127,110,46.4
2026-09-22T06:19:00Z,2026-09-22T08:19:00+02:00,53,dr-robert,407,193,214,52.6
2026-09-22T06:19:00Z,2026-09-22T08:19:00+02:00,54,placa-vella,297,182,115,38.7
2026-09-22T06:19:00Z,2026-09-22T08:19:00+02:00,55,ajuntament-mercat,237,127,110,46.4
2026-09-22T06:20:00Z,2026-09-22T08:20:00+02:00,53,dr-robert,407,187,220,54.1
2026-09-22T06:20:00Z,2026-09-22T08:20:00+02:00,54,placa-vella,297,181,116,39.1
2026-09-22T06:20:00Z,2026-09-22T08:20:00+02:00,55,ajuntament-mercat,237,124,113,47.7
2026-09-22T06:21:00Z,2026-09-22T08:21:00+02:00,53,dr-robert,407,187,220,54.1
2026-09-22T06:21:00Z,2026-09-22T08:21:00+02:00,54,placa-vella,297,181,116,39.1
2026-09-22T06:21:00Z,2026-09-22T08:21:00+02:00,55,ajuntament-mercat,237,124,113,47.7
2026-09-22T06:22:00Z,2026-09-22T08:22:00+02:00,53,dr-robert,407,187,220,54.1
2026-09-22T06:22:00Z,2026-09-22T08:22:00+02:00,54,placa-vella,297,181,116,39.1
2026-09-22T06:22:00Z,2026-09-22T08:22:00+02:00,55,ajuntament-mercat,237,124,113,47.7
2026-09-22T06:23:00Z,2026-09-22T08:23:00+02:00,53,dr-robert,407,187,220,54.1
2026-09-22T06:23:00Z,2026-09-22T08:23:00+02:00,54,placa-vella,297,181,116,39.1
2026-09-22T06:23:00Z,2026-09-22T08:23:00+02:00,55,ajuntament-mercat,237,124,113,47.7
2026-09-22T06:24:00Z,2026-09-22T08:24:00+02:00,53,dr-robert,407,187,220,54.1
2026-09-22T06:24:00Z,2026-09-22T08:24:00+02:00,54,placa-vella,297,181,116,39.1
2026-09-22T06:24:00Z,2026-09-22T08:24:00+02:00,55,ajuntament-mercat,237,124,113,47.7
2026-09-22T06:26:00Z,2026-09-22T08:26:00+02:00,53,dr-robert,407,187,220,54.1
2026-09-22T06:26:00Z,2026-09-22T08:26:00+02:00,54,placa-vella,297,181,116,39.1
2026-09-22T06:26:00Z,2026-09-22T08:26:00+02:00,55,ajuntament-mercat,237,124,113,47.7
2026-09-22T06:27:00Z,2026-09-22T08:27:00+02:00,53,dr-robert,407,187,220,54.1
2026-09-22T06:27:00Z,2026-09-22T08:27:00+02:00,54,placa-vella,297,181,116,39.1
2026-09-22T06:27:00Z,2026-09-22T08:27:00+02:00,55,ajuntament-mercat,237,124,113,47.7
2026-09-22T06:28:00Z,2026-09-22T08:28:00+02:00,53,dr-robert,407,187,220,54.1
2026-09-22T06:28:00Z,2026-09-22T08:28:00+02:00,54,placa-vella,297,181,116,39.1
2026-09-22T06:28:00Z,2026-09-22T08:28:00+02:00,55,ajuntament-mercat,237,124,113,47.7
2026-09-22T06:29:00Z,2026-09-22T08:29:00+02:00,53,dr-robert,407,169,238,58.5
2026-09-22T06:29:00Z,2026-09-22T08:29:00+02:00,54,placa-vella,297,177,120,40.4
2026-09-22T06:29:00Z,2026-09-22T08:29:00+02:00,55,ajuntament-mercat,237,121,116,48.9
2026-09-22T06:30:00Z,2026-09-22T08:30:00+02:00,53,dr-robert,407,166,241,59.2
2026-09-22T06:30:00Z,2026-09-22T08:30:00+02:00,54,placa-vella,297,177,120,40.4
2026-09-22T06:30:00Z,2026-09-22T08:30:00+02:00,55,ajuntament-mercat,237,119,118,49.8
2026-09-22T06:31:00Z,2026-09-22T08:31:00+02:00,53,dr-robert,407,166,241,59.2
2026-09-22T06:31:00Z,2026-09-22T08:31:00+02:00,54,placa-vella,297,177,120,40.4
2026-09-22T06:31:00Z,2026-09-22T08:31:00+02:00,55,ajuntament-mercat,237,119,118,49.8
2026-09-22T06:32:00Z,2026-09-22T08:32:00+02:00,53,dr-robert,407,166,241,59.2
2026-09-22T06:32:00Z,2026-09-22T08:32:00+02:00,54,placa-vella,297,177,120,40.4
2026-09-22T06:32:00Z,2026-09-22T08:32:00+02:00,55,ajuntament-mercat,237,119,118,49.8
2026-09-22T06:33:00Z,2026-09-22T08:33:00+02:00,53,dr-robert,407,166,241,59.2
2026-09-22T06:33:00Z,2026-09-22T08:33:00+02:00,54,placa-vella,297,177,120,40.4
2026-09-22T06:33:00Z,2026-09-22T08:33:00+02:00,55,ajuntament-mercat,237,119,118,49.8
2026-09-22T06:34:00Z,2026-09-22T08:34:00+02:00,53,dr-robert,407,166,241,59.2
2026-09-22T06:34:00Z,2026-09-22T08:34:00+02:00,54,placa-vella,297,177,120,40.4
2026-09-22T06:34:00Z,2026-09-22T08:34:00+02:00,55,ajuntament-mercat,237,119,118,49.8
2026-09-22T06:35:00Z,2026-09-22T08:35:00+02:00,53,dr-robert,407,159,248,60.9
2026-09-22T06:35:00Z,2026-09-22T08:35:00+02:00,54,placa-vella,297,176,121,40.7
2026-09-22T06:35:00Z,2026-09-22T08:35:00+02:00,55,ajuntament-mercat,237,118,119,50.2
2026-09-22T06:36:00Z,2026-09-22T08:36:00+02:00,53,dr-robert,407,159,248,60.9
2026-09-22T06:36:00Z,2026-09-22T08:36:00+02:00,54,placa-vella,297,176,121,40.7
2026-09-22T06:36:00Z,2026-09-22T08:36:00+02:00,55,ajuntament-mercat,237,118,119,50.2
2026-09-22T06:37:00Z,2026-09-22T08:37:00+02:00,53,dr-robert,407,159,248,60.9
2026-09-22T06:37:00Z,2026-09-22T08:37:00+02:00,54,placa-vella,297,176,121,40.7
2026-09-22T06:37:00Z,2026-09-22T08:37:00+02:00,55,ajuntament-mercat,237,118,119,50.2
2026-09-22T06:38:00Z,2026-09-22T08:38:00+02:00,53,dr-robert,407,159,248,60.9
2026-09-22T06:38:00Z,2026-09-22T08:38:00+02:00,54,placa-vella,297,176,121,40.7
2026-09-22T06:38:00Z,2026-09-22T08:38:00+02:00,55,ajuntament-mercat,237,118,119,50.2
2026-09-22T06:39:00Z,2026-09-22T08:39:00+02:00,53,dr-robert,407,159,248,60.9
2026-09-22T06:39:00Z,2026-09-22T08:39:00+02:00,54,placa-vella,297,176,121,40.7
2026-09-22T06:39:00Z,2026-09-22T08:39:00+02:00,55,ajuntament-mercat,237,118,119,50.2
2026-09-22T06:40:00Z,2026-09-22T08:40:00+02:00,53,dr-robert,407,144,263,64.6
2026-09-22T06:40:00Z,2026-09-22T08:40:00+02:00,54,placa-vella,297,173,124,41.8
2026-09-22T06:40:00Z,2026-09-22T08:40:00+02:00,55,ajuntament-mercat,237,111,126,53.2
2026-09-22T06:41:00Z,2026-09-22T08:41:00+02:00,53,dr-robert,407,144,263,64.6
2026-09-22T06:41:00Z,2026-09-22T08:41:00+02:00,54,placa-vella,297,173,124,41.8
2026-09-22T06:41:00Z,2026-09-22T08:41:00+02:00,55,ajuntament-mercat,237,111,126,53.2
2026-09-22T06:42:00Z,2026-09-22T08:42:00+02:00,53,dr-robert,407,144,263,64.6
2026-09-22T06:42:00Z,2026-09-22T08:42:00+02:00,54,placa-vella,297,173,124,41.8
2026-09-22T06:42:00Z,2026-09-22T08:42:00+02:00,55,ajuntament-mercat,237,111,126,53.2
2026-09-22T06:43:00Z,2026-09-22T08:43:00+02:00,53,dr-robert,407,144,263,64.6
2026-09-22T06:43:00Z,2026-09-22T08:43:00+02:00,54,placa-vella,297,173,124,41.8
2026-09-22T06:43:00Z,2026-09-22T08:43:00+02:00,55,ajuntament-mercat,237,111,126,53.2
2026-09-22T06:44:00Z,2026-09-22T08:44:00+02:00,53,dr-robert,407,144,263,64.6
2026-09-22T06:44:00Z,2026-09-22T08:44:00+02:00,54,placa-vella,297,173,124,41.8
2026-09-22T06:44:00Z,2026-09-22T08:44:00+02:00,55,ajuntament-mercat,237,111,126,53.2
2026-09-22T06:45:00Z,2026-09-22T08:45:00+02:00,53,dr-robert,407,130,277,68.1
2026-09-22T06:45:00Z,2026-09-22T08:45:00+02:00,54,placa-vella,297,170,127,42.8
2026-09-22T06:45:00Z,2026-09-22T08:45:00+02:00,55,ajuntament-mercat,237,108,129,54.4
2026-09-22T06:46:00Z,2026-09-22T08:46:00+02:00,53,dr-robert,407,130,277,68.1
2026-09-22T06:46:00Z,2026-09-22T08:46:00+02:00,54,placa-vella,297,170,127,42.8
2026-09-22T06:46:00Z,2026-09-22T08:46:00+02:00,55,ajuntament-mercat,237,108,129,54.4
2026-09-22T06:47:00Z,2026-09-22T08:47:00+02:00,53,dr-robert,407,130,277,68.1
2026-09-22T06:47:00Z,2026-09-22T08:47:00+02:00,54,placa-vella,297,170,127,42.8
2026-09-22T06:47:00Z,2026-09-22T08:47:00+02:00,55,ajuntament-mercat,237,108,129,54.4
2026-09-22T06:48:00Z,2026-09-22T08:48:00+02:00,53,dr-robert,407,130,277,68.1
2026-09-22T06:48:00Z,2026-09-22T08:48:00+02:00,54,placa-vella,297,170,127,42.8
2026-09-22T06:48:00Z,2026-09-22T08:48:00+02:00,55,ajuntament-mercat,237,108,129,54.4
2026-09-22T06:49:00Z,2026-09-22T08:49:00+02:00,53,dr-robert,407,130,277,68.1
2026-09-22T06:49:00Z,2026-09-22T08:49:00+02:00,54,placa-vella,297,170,127,42.8
2026-09-22T06:49:00Z,2026-09-22T08:49:00+02:00,55,ajuntament-mercat,237,108,129,54.4
2026-09-22T06:50:00Z,2026-09-22T08:50:00+02:00,53,dr-robert,407,116,291,71.5
2026-09-22T06:50:00Z,2026-09-22T08:50:00+02:00,54,placa-vella,297,168,129,43.4
2026-09-22T06:50:00Z,2026-09-22T08:50:00+02:00,55,ajuntament-mercat,237,103,134,56.5
2026-09-22T06:51:00Z,2026-09-22T08:51:00+02:00,53,dr-robert,407,116,291,71.5
2026-09-22T06:51:00Z,2026-09-22T08:51:00+02:00,54,placa-vella,297,168,129,43.4
2026-09-22T06:51:00Z,2026-09-22T08:51:00+02:00,55,ajuntament-mercat,237,103,134,56.5
2026-09-22T06:52:00Z,2026-09-22T08:52:00+02:00,53,dr-robert,407,116,291,71.5
2026-09-22T06:52:00Z,2026-09-22T08:52:00+02:00,54,placa-vella,297,168,129,43.4
2026-09-22T06:52:00Z,2026-09-22T08:52:00+02:00,55,ajuntament-mercat,237,103,134,56.5
2026-09-22T06:53:00Z,2026-09-22T08:53:00+02:00,53,dr-robert,407,116,291,71.5
2026-09-22T06:53:00Z,2026-09-22T08:53:00+02:00,54,placa-vella,297,168,129,43.4
2026-09-22T06:53:00Z,2026-09-22T08:53:00+02:00,55,ajuntament-mercat,237,103,134,56.5
2026-09-22T06:54:00Z,2026-09-22T08:54:00+02:00,53,dr-robert,407,116,291,71.5
2026-09-22T06:54:00Z,2026-09-22T08:54:00+02:00,54,placa-vella,297,168,129,43.4
2026-09-22T06:54:00Z,2026-09-22T08:54:00+02:00,55,ajuntament-mercat,237,103,134,56.5
2026-09-22T06:55:00Z,2026-09-22T08:55:00+02:00,53,dr-robert,407,109,298,73.2
2026-09-22T06:55:00Z,2026-09-22T08:55:00+02:00,54,placa-vella,297,157,140,47.1
2026-09-22T06:55:00Z,2026-09-22T08:55:00+02:00,55,ajuntament-mercat,237,100,137,57.8
2026-09-22T06:56:00Z,2026-09-22T08:56:00+02:00,53,dr-robert,407,109,298,73.2
2026-09-22T06:56:00Z,2026-09-22T08:56:00+02:00,54,placa-vella,297,157,140,47.1
2026-09-22T06:56:00Z,2026-09-22T08:56:00+02:00,55,ajuntament-mercat,237,100,137,57.8
2026-09-22T06:57:00Z,2026-09-22T08:57:00+02:00,53,dr-robert,407,109,298,73.2
2026-09-22T06:57:00Z,2026-09-22T08:57:00+02:00,54,placa-vella,297,157,140,47.1
2026-09-22T06:57:00Z,2026-09-22T08:57:00+02:00,55,ajuntament-mercat,237,100,137,57.8
2026-09-22T06:58:00Z,2026-09-22T08:58:00+02:00,53,dr-robert,407,109,298,73.2
2026-09-22T06:58:00Z,2026-09-22T08:58:00+02:00,54,placa-vella,297,157,140,47.1
2026-09-22T06:58:00Z,2026-09-22T08:58:00+02:00,55,ajuntament-mercat,237,100,137,57.8
2026-09-22T06:59:00Z,2026-09-22T08:59:00+02:00,53,dr-robert,407,109,298,73.2
2026-09-22T06:59:00Z,2026-09-22T08:59:00+02:00,54,placa-vella,297,157,140,47.1
2026-09-22T06:59:00Z,2026-09-22T08:59:00+02:00,55,ajuntament-mercat,237,100,137,57.8
2026-09-22T07:00:00Z,2026-09-22T09:00:00+02:00,53,dr-robert,407,109,298,73.2
2026-09-22T07:00:00Z,2026-09-22T09:00:00+02:00,54,placa-vella,297,157,140,47.1
2026-09-22T07:00:00Z,2026-09-22T09:00:00+02:00,55,ajuntament-mercat,237,100,137,57.8
2026-09-22T07:01:00Z,2026-09-22T09:01:00+02:00,53,dr-robert,407,109,298,73.2
2026-09-22T07:01:00Z,2026-09-22T09:01:00+02:00,54,placa-vella,297,157,140,47.1
2026-09-22T07:01:00Z,2026-09-22T09:01:00+02:00,55,ajuntament-mercat,237,100,137,57.8
2026-09-22T07:02:00Z,2026-09-22T09:02:00+02:00,53,dr-robert,407,117,290,71.3
2026-09-22T07:02:00Z,2026-09-22T09:02:00+02:00,54,placa-vella,297,151,146,49.2
2026-09-22T07:02:00Z,2026-09-22T09:02:00+02:00,55,ajuntament-mercat,237,92,145,61.2
2026-09-22T07:03:00Z,2026-09-22T09:03:00+02:00,53,dr-robert,407,117,290,71.3
2026-09-22T07:03:00Z,2026-09-22T09:03:00+02:00,54,placa-vella,297,151,146,49.2
2026-09-22T07:03:00Z,2026-09-22T09:03:00+02:00,55,ajuntament-mercat,237,92,145,61.2
2026-09-22T07:04:00Z,2026-09-22T09:04:00+02:00,53,dr-robert,407,117,290,71.3
2026-09-22T07:04:00Z,2026-09-22T09:04:00+02:00,54,placa-vella,297,151,146,49.2
2026-09-22T07:04:00Z,2026-09-22T09:04:00+02:00,55,ajuntament-mercat,237,92,145,61.2
2026-09-22T07:05:00Z,2026-09-22T09:05:00+02:00,53,dr-robert,407,116,291,71.5
2026-09-22T07:05:00Z,2026-09-22T09:05:00+02:00,54,placa-vella,297,145,152,51.2
2026-09-22T07:05:00Z,2026-09-22T09:05:00+02:00,55,ajuntament-mercat,237,91,146,61.6
2026-09-22T07:06:00Z,2026-09-22T09:06:00+02:00,53,dr-robert,407,116,291,71.5
2026-09-22T07:06:00Z,2026-09-22T09:06:00+02:00,54,placa-vella,297,145,152,51.2
2026-09-22T07:06:00Z,2026-09-22T09:06:00+02:00,55,ajuntament-mercat,237,91,146,61.6
2026-09-22T07:07:00Z,2026-09-22T09:07:00+02:00,53,dr-robert,407,116,291,71.5
2026-09-22T07:07:00Z,2026-09-22T09:07:00+02:00,54,placa-vella,297,145,152,51.2
2026-09-22T07:07:00Z,2026-09-22T09:07:00+02:00,55,ajuntament-mercat,237,91,146,61.6
2026-09-22T07:08:00Z,2026-09-22T09:08:00+02:00,53,dr-robert,407,116,291,71.5
2026-09-22T07:08:00Z,2026-09-22T09:08:00+02:00,54,placa-vella,297,145,152,51.2
2026-09-22T07:08:00Z,2026-09-22T09:08:00+02:00,55,ajuntament-mercat,237,91,146,61.6
2026-09-22T07:09:00Z,2026-09-22T09:09:00+02:00,53,dr-robert,407,116,291,71.5
2026-09-22T07:09:00Z,2026-09-22T09:09:00+02:00,54,placa-vella,297,145,152,51.2
2026-09-22T07:09:00Z,2026-09-22T09:09:00+02:00,55,ajuntament-mercat,237,91,146,61.6
2026-09-22T07:10:00Z,2026-09-22T09:10:00+02:00,53,dr-robert,407,110,297,73
2026-09-22T07:10:00Z,2026-09-22T09:10:00+02:00,54,placa-vella,297,139,158,53.2
2026-09-22T07:10:00Z,2026-09-22T09:10:00+02:00,55,ajuntament-mercat,237,88,149,62.9
2026-09-22T07:11:00Z,2026-09-22T09:11:00+02:00,53,dr-robert,407,110,297,73
2026-09-22T07:11:00Z,2026-09-22T09:11:00+02:00,54,placa-vella,297,139,158,53.2
2026-09-22T07:11:00Z,2026-09-22T09:11:00+02:00,55,ajuntament-mercat,237,88,149,62.9
2026-09-22T07:12:00Z,2026-09-22T09:12:00+02:00,53,dr-robert,407,110,297,73
2026-09-22T07:12:00Z,2026-09-22T09:12:00+02:00,54,placa-vella,297,139,158,53.2
2026-09-22T07:12:00Z,2026-09-22T09:12:00+02:00,55,ajuntament-mercat,237,88,149,62.9
2026-09-22T07:13:00Z,2026-09-22T09:13:00+02:00,53,dr-robert,407,110,297,73
2026-09-22T07:13:00Z,2026-09-22T09:13:00+02:00,54,placa-vella,297,139,158,53.2
2026-09-22T07:13:00Z,2026-09-22T09:13:00+02:00,55,ajuntament-mercat,237,88,149,62.9
2026-09-22T07:14:00Z,2026-09-22T09:14:00+02:00,53,dr-robert,407,110,297,73
2026-09-22T07:14:00Z,2026-09-22T09:14:00+02:00,54,placa-vella,297,139,158,53.2
2026-09-22T07:14:00Z,2026-09-22T09:14:00+02:00,55,ajuntament-mercat,237,88,149,62.9
2026-09-22T07:15:00Z,2026-09-22T09:15:00+02:00,53,dr-robert,407,102,305,74.9
2026-09-22T07:15:00Z,2026-09-22T09:15:00+02:00,54,placa-vella,297,130,167,56.2
2026-09-22T07:15:00Z,2026-09-22T09:15:00+02:00,55,ajuntament-mercat,237,84,153,64.6
2026-09-22T07:16:00Z,2026-09-22T09:16:00+02:00,53,dr-robert,407,102,305,74.9
2026-09-22T07:16:00Z,2026-09-22T09:16:00+02:00,54,placa-vella,297,130,167,56.2
2026-09-22T07:16:00Z,2026-09-22T09:16:00+02:00,55,ajuntament-mercat,237,84,153,64.6
2026-09-22T07:17:00Z,2026-09-22T09:17:00+02:00,53,dr-robert,407,102,305,74.9
2026-09-22T07:17:00Z,2026-09-22T09:17:00+02:00,54,placa-vella,297,130,167,56.2
2026-09-22T07:17:00Z,2026-09-22T09:17:00+02:00,55,ajuntament-mercat,237,84,153,64.6
2026-09-22T07:18:00Z,2026-09-22T09:18:00+02:00,53,dr-robert,407,102,305,74.9
2026-09-22T07:18:00Z,2026-09-22T09:18:00+02:00,54,placa-vella,297,130,167,56.2
2026-09-22T07:18:00Z,2026-09-22T09:18:00+02:00,55,ajuntament-mercat,237,84,153,64.6
2026-09-22T07:19:00Z,2026-09-22T09:19:00+02:00,53,dr-robert,407,102,305,74.9
2026-09-22T07:19:00Z,2026-09-22T09:19:00+02:00,54,placa-vella,297,130,167,56.2
2026-09-22T07:19:00Z,2026-09-22T09:19:00+02:00,55,ajuntament-mercat,237,84,153,64.6
2026-09-22T07:20:00Z,2026-09-22T09:20:00+02:00,53,dr-robert,407,99,308,75.7
2026-09-22T07:20:00Z,2026-09-22T09:20:00+02:00,54,placa-vella,297,130,167,56.2
2026-09-22T07:20:00Z,2026-09-22T09:20:00+02:00,55,ajuntament-mercat,237,80,157,66.2
2026-09-22T07:21:00Z,2026-09-22T09:21:00+02:00,53,dr-robert,407,99,308,75.7
2026-09-22T07:21:00Z,2026-09-22T09:21:00+02:00,54,placa-vella,297,130,167,56.2
2026-09-22T07:21:00Z,2026-09-22T09:21:00+02:00,55,ajuntament-mercat,237,80,157,66.2
2026-09-22T07:22:00Z,2026-09-22T09:22:00+02:00,53,dr-robert,407,99,308,75.7
2026-09-22T07:22:00Z,2026-09-22T09:22:00+02:00,54,placa-vella,297,130,167,56.2
2026-09-22T07:22:00Z,2026-09-22T09:22:00+02:00,55,ajuntament-mercat,237,80,157,66.2
2026-09-22T07:23:00Z,2026-09-22T09:23:00+02:00,53,dr-robert,407,99,308,75.7
2026-09-22T07:23:00Z,2026-09-22T09:23:00+02:00,54,placa-vella,297,130,167,56.2
2026-09-22T07:23:00Z,2026-09-22T09:23:00+02:00,55,ajuntament-mercat,237,80,157,66.2
2026-09-22T07:24:00Z,2026-09-22T09:24:00+02:00,53,dr-robert,407,99,308,75.7
2026-09-22T07:24:00Z,2026-09-22T09:24:00+02:00,54,placa-vella,297,130,167,56.2
2026-09-22T07:24:00Z,2026-09-22T09:24:00+02:00,55,ajuntament-mercat,237,80,157,66.2
2026-09-22T07:25:00Z,2026-09-22T09:25:00+02:00,53,dr-robert,407,91,316,77.6
2026-09-22T07:25:00Z,2026-09-22T09:25:00+02:00,54,placa-vella,297,123,174,58.6
2026-09-22T07:25:00Z,2026-09-22T09:25:00+02:00,55,ajuntament-mercat,237,73,164,69.2
2026-09-22T07:26:00Z,2026-09-22T09:26:00+02:00,53,dr-robert,407,91,316,77.6
2026-09-22T07:26:00Z,2026-09-22T09:26:00+02:00,54,placa-vella,297,123,174,58.6
2026-09-22T07:26:00Z,2026-09-22T09:26:00+02:00,55,ajuntament-mercat,237,73,164,69.2
2026-09-22T07:27:00Z,2026-09-22T09:27:00+02:00,53,dr-robert,407,91,316,77.6
2026-09-22T07:27:00Z,2026-09-22T09:27:00+02:00,54,placa-vella,297,123,174,58.6
2026-09-22T07:27:00Z,2026-09-22T09:27:00+02:00,55,ajuntament-mercat,237,73,164,69.2
2026-09-22T07:28:00Z,2026-09-22T09:28:00+02:00,53,dr-robert,407,91,316,77.6
2026-09-22T07:28:00Z,2026-09-22T09:28:00+02:00,54,placa-vella,297,123,174,58.6
2026-09-22T07:28:00Z,2026-09-22T09:28:00+02:00,55,ajuntament-mercat,237,73,164,69.2
2026-09-22T07:29:00Z,2026-09-22T09:29:00+02:00,53,dr-robert,407,91,316,77.6
2026-09-22T07:29:00Z,2026-09-22T09:29:00+02:00,54,placa-vella,297,123,174,58.6
2026-09-22T07:29:00Z,2026-09-22T09:29:00+02:00,55,ajuntament-mercat,237,73,164,69.2
2026-09-22T07:30:00Z,2026-09-22T09:30:00+02:00,53,dr-robert,407,91,316,77.6
2026-09-22T07:30:00Z,2026-09-22T09:30:00+02:00,54,placa-vella,297,118,179,60.3
2026-09-22T07:30:00Z,2026-09-22T09:30:00+02:00,55,ajuntament-mercat,237,66,171,72.2
2026-09-22T07:31:00Z,2026-09-22T09:31:00+02:00,53,dr-robert,407,91,316,77.6
2026-09-22T07:31:00Z,2026-09-22T09:31:00+02:00,54,placa-vella,297,118,179,60.3
2026-09-22T07:31:00Z,2026-09-22T09:31:00+02:00,55,ajuntament-mercat,237,66,171,72.2
2026-09-22T07:32:00Z,2026-09-22T09:32:00+02:00,53,dr-robert,407,91,316,77.6
2026-09-22T07:32:00Z,2026-09-22T09:32:00+02:00,54,placa-vella,297,118,179,60.3
2026-09-22T07:32:00Z,2026-09-22T09:32:00+02:00,55,ajuntament-mercat,237,66,171,72.2
2026-09-22T07:33:00Z,2026-09-22T09:33:00+02:00,53,dr-robert,407,91,316,77.6
2026-09-22T07:33:00Z,2026-09-22T09:33:00+02:00,54,placa-vella,297,118,179,60.3
2026-09-22T07:33:00Z,2026-09-22T09:33:00+02:00,55,ajuntament-mercat,237,66,171,72.2
2026-09-22T07:34:00Z,2026-09-22T09:34:00+02:00,53,dr-robert,407,91,316,77.6
2026-09-22T07:34:00Z,2026-09-22T09:34:00+02:00,54,placa-vella,297,118,179,60.3
2026-09-22T07:34:00Z,2026-09-22T09:34:00+02:00,55,ajuntament-mercat,237,66,171,72.2
2026-09-22T07:35:00Z,2026-09-22T09:35:00+02:00,53,dr-robert,407,84,323,79.4
2026-09-22T07:35:00Z,2026-09-22T09:35:00+02:00,54,placa-vella,297,110,187,63
2026-09-22T07:35:00Z,2026-09-22T09:35:00+02:00,55,ajuntament-mercat,237,60,177,74.7
2026-09-22T07:36:00Z,2026-09-22T09:36:00+02:00,53,dr-robert,407,84,323,79.4
2026-09-22T07:36:00Z,2026-09-22T09:36:00+02:00,54,placa-vella,297,110,187,63
2026-09-22T07:36:00Z,2026-09-22T09:36:00+02:00,55,ajuntament-mercat,237,60,177,74.7
2026-09-22T07:37:00Z,2026-09-22T09:37:00+02:00,53,dr-robert,407,84,323,79.4
2026-09-22T07:37:00Z,2026-09-22T09:37:00+02:00,54,placa-vella,297,110,187,63
2026-09-22T07:37:00Z,2026-09-22T09:37:00+02:00,55,ajuntament-mercat,237,60,177,74.7
2026-09-22T07:38:00Z,2026-09-22T09:38:00+02:00,53,dr-robert,407,84,323,79.4
2026-09-22T07:38:00Z,2026-09-22T09:38:00+02:00,54,placa-vella,297,110,187,63
2026-09-22T07:38:00Z,2026-09-22T09:38:00+02:00,55,ajuntament-mercat,237,60,177,74.7
2026-09-22T07:39:00Z,2026-09-22T09:39:00+02:00,53,dr-robert,407,84,323,79.4
2026-09-22T07:39:00Z,2026-09-22T09:39:00+02:00,54,placa-vella,297,110,187,63
2026-09-22T07:39:00Z,2026-09-22T09:39:00+02:00,55,ajuntament-mercat,237,60,177,74.7
2026-09-22T07:40:00Z,2026-09-22T09:40:00+02:00,53,dr-robert,407,80,327,80.3
2026-09-22T07:40:00Z,2026-09-22T09:40:00+02:00,54,placa-vella,297,107,190,64
2026-09-22T07:40:00Z,2026-09-22T09:40:00+02:00,55,ajuntament-mercat,237,57,180,75.9
2026-09-22T07:41:00Z,2026-09-22T09:41:00+02:00,53,dr-robert,407,80,327,80.3
2026-09-22T07:41:00Z,2026-09-22T09:41:00+02:00,54,placa-vella,297,107,190,64
2026-09-22T07:41:00Z,2026-09-22T09:41:00+02:00,55,ajuntament-mercat,237,57,180,75.9
2026-09-22T07:42:00Z,2026-09-22T09:42:00+02:00,53,dr-robert,407,80,327,80.3
2026-09-22T07:42:00Z,2026-09-22T09:42:00+02:00,54,placa-vella,297,107,190,64
2026-09-22T07:42:00Z,2026-09-22T09:42:00+02:00,55,ajuntament-mercat,237,57,180,75.9
2026-09-22T07:43:00Z,2026-09-22T09:43:00+02:00,53,dr-robert,407,80,327,80.3
2026-09-22T07:43:00Z,2026-09-22T09:43:00+02:00,54,placa-vella,297,107,190,64
2026-09-22T07:43:00Z,2026-09-22T09:43:00+02:00,55,ajuntament-mercat,237,57,180,75.9
2026-09-22T07:44:00Z,2026-09-22T09:44:00+02:00,53,dr-robert,407,80,327,80.3
2026-09-22T07:44:00Z,2026-09-22T09:44:00+02:00,54,placa-vella,297,107,190,64
2026-09-22T07:44:00Z,2026-09-22T09:44:00+02:00,55,ajuntament-mercat,237,57,180,75.9
2026-09-22T07:45:00Z,2026-09-22T09:45:00+02:00,53,dr-robert,407,80,327,80.3
2026-09-22T07:45:00Z,2026-09-22T09:45:00+02:00,54,placa-vella,297,101,196,66
2026-09-22T07:45:00Z,2026-09-22T09:45:00+02:00,55,ajuntament-mercat,237,57,180,75.9
2026-09-22T07:46:00Z,2026-09-22T09:46:00+02:00,53,dr-robert,407,80,327,80.3
2026-09-22T07:46:00Z,2026-09-22T09:46:00+02:00,54,placa-vella,297,101,196,66
2026-09-22T07:46:00Z,2026-09-22T09:46:00+02:00,55,ajuntament-mercat,237,57,180,75.9
2026-09-22T07:47:00Z,2026-09-22T09:47:00+02:00,53,dr-robert,407,80,327,80.3
2026-09-22T07:47:00Z,2026-09-22T09:47:00+02:00,54,placa-vella,297,101,196,66
2026-09-22T07:47:00Z,2026-09-22T09:47:00+02:00,55,ajuntament-mercat,237,57,180,75.9
2026-09-22T07:48:00Z,2026-09-22T09:48:00+02:00,53,dr-robert,407,80,327,80.3
2026-09-22T07:48:00Z,2026-09-22T09:48:00+02:00,54,placa-vella,297,101,196,66
2026-09-22T07:48:00Z,2026-09-22T09:48:00+02:00,55,ajuntament-mercat,237,57,180,75.9
2026-09-22T07:49:00Z,2026-09-22T09:49:00+02:00,53,dr-robert,407,80,327,80.3
2026-09-22T07:49:00Z,2026-09-22T09:49:00+02:00,54,placa-vella,297,101,196,66
2026-09-22T07:49:00Z,2026-09-22T09:49:00+02:00,55,ajuntament-mercat,237,57,180,75.9
2026-09-22T07:50:00Z,2026-09-22T09:50:00+02:00,53,dr-robert,407,74,333,81.8
2026-09-22T07:50:00Z,2026-09-22T09:50:00+02:00,54,placa-vella,297,95,202,68
2026-09-22T07:50:00Z,2026-09-22T09:50:00+02:00,55,ajuntament-mercat,237,56,181,76.4
2026-09-22T07:51:00Z,2026-09-22T09:51:00+02:00,53,dr-robert,407,74,333,81.8
2026-09-22T07:51:00Z,2026-09-22T09:51:00+02:00,54,placa-vella,297,95,202,68
2026-09-22T07:51:00Z,2026-09-22T09:51:00+02:00,55,ajuntament-mercat,237,56,181,76.4
2026-09-22T07:52:00Z,2026-09-22T09:52:00+02:00,53,dr-robert,407,74,333,81.8
2026-09-22T07:52:00Z,2026-09-22T09:52:00+02:00,54,placa-vella,297,95,202,68
2026-09-22T07:52:00Z,2026-09-22T09:52:00+02:00,55,ajuntament-mercat,237,56,181,76.4
2026-09-22T07:53:00Z,2026-09-22T09:53:00+02:00,53,dr-robert,407,74,333,81.8
2026-09-22T07:53:00Z,2026-09-22T09:53:00+02:00,54,placa-vella,297,95,202,68
2026-09-22T07:53:00Z,2026-09-22T09:53:00+02:00,55,ajuntament-mercat,237,56,181,76.4
2026-09-22T07:54:00Z,2026-09-22T09:54:00+02:00,53,dr-robert,407,74,333,81.8
2026-09-22T07:54:00Z,2026-09-22T09:54:00+02:00,54,placa-vella,297,95,202,68
2026-09-22T07:54:00Z,2026-09-22T09:54:00+02:00,55,ajuntament-mercat,237,56,181,76.4
2026-09-22T07:55:00Z,2026-09-22T09:55:00+02:00,53,dr-robert,407,75,332,81.6
2026-09-22T07:55:00Z,2026-09-22T09:55:00+02:00,54,placa-vella,297,92,205,69
2026-09-22T07:55:00Z,2026-09-22T09:55:00+02:00,55,ajuntament-mercat,237,51,186,78.5
2026-09-22T07:56:00Z,2026-09-22T09:56:00+02:00,53,dr-robert,407,75,332,81.6
2026-09-22T07:56:00Z,2026-09-22T09:56:00+02:00,54,placa-vella,297,92,205,69
2026-09-22T07:56:00Z,2026-09-22T09:56:00+02:00,55,ajuntament-mercat,237,51,186,78.5
2026-09-22T07:57:00Z,2026-09-22T09:57:00+02:00,53,dr-robert,407,75,332,81.6
2026-09-22T07:57:00Z,2026-09-22T09:57:00+02:00,54,placa-vella,297,92,205,69
2026-09-22T07:57:00Z,2026-09-22T09:57:00+02:00,55,ajuntament-mercat,237,51,186,78.5
2026-09-22T07:58:00Z,2026-09-22T09:58:00+02:00,53,dr-robert,407,75,332,81.6
2026-09-22T07:58:00Z,2026-09-22T09:58:00+02:00,54,placa-vella,297,92,205,69
2026-09-22T07:58:00Z,2026-09-22T09:58:00+02:00,55,ajuntament-mercat,237,51,186,78.5
2026-09-22T07:59:00Z,2026-09-22T09:59:00+02:00,53,dr-robert,407,75,332,81.6
2026-09-22T07:59:00Z,2026-09-22T09:59:00+02:00,54,placa-vella,297,92,205,69
2026-09-22T07:59:00Z,2026-09-22T09:59:00+02:00,55,ajuntament-mercat,237,51,186,78.5
2026-09-22T08:00:00Z,2026-09-22T10:00:00+02:00,53,dr-robert,407,75,332,81.6
2026-09-22T08:00:00Z,2026-09-22T10:00:00+02:00,54,placa-vella,297,92,205,69
2026-09-22T08:00:00Z,2026-09-22T10:00:00+02:00,55,ajuntament-mercat,237,51,186,78.5
2026-09-22T08:01:00Z,2026-09-22T10:01:00+02:00,53,dr-robert,407,73,334,82.1
2026-09-22T08:01:00Z,2026-09-22T10:01:00+02:00,54,placa-vella,297,82,215,72.4
2026-09-22T08:01:00Z,2026-09-22T10:01:00+02:00,55,ajuntament-mercat,237,47,190,80.2
2026-09-22T08:02:00Z,2026-09-22T10:02:00+02:00,53,dr-robert,407,73,334,82.1
2026-09-22T08:02:00Z,2026-09-22T10:02:00+02:00,54,placa-vella,297,82,215,72.4
2026-09-22T08:02:00Z,2026-09-22T10:02:00+02:00,55,ajuntament-mercat,237,47,190,80.2
2026-09-22T08:03:00Z,2026-09-22T10:03:00+02:00,53,dr-robert,407,73,334,82.1
2026-09-22T08:03:00Z,2026-09-22T10:03:00+02:00,54,placa-vella,297,82,215,72.4
2026-09-22T08:03:00Z,2026-09-22T10:03:00+02:00,55,ajuntament-mercat,237,47,190,80.2
2026-09-22T08:04:00Z,2026-09-22T10:04:00+02:00,53,dr-robert,407,73,334,82.1
2026-09-22T08:04:00Z,2026-09-22T10:04:00+02:00,54,placa-vella,297,82,215,72.4
2026-09-22T08:04:00Z,2026-09-22T10:04:00+02:00,55,ajuntament-mercat,237,47,190,80.2
2026-09-22T08:05:00Z,2026-09-22T10:05:00+02:00,53,dr-robert,407,75,332,81.6
2026-09-22T08:05:00Z,2026-09-22T10:05:00+02:00,54,placa-vella,297,79,218,73.4
2026-09-22T08:05:00Z,2026-09-22T10:05:00+02:00,55,ajuntament-mercat,237,44,193,81.4
2026-09-22T08:06:00Z,2026-09-22T10:06:00+02:00,53,dr-robert,407,75,332,81.6
2026-09-22T08:06:00Z,2026-09-22T10:06:00+02:00,54,placa-vella,297,79,218,73.4
2026-09-22T08:06:00Z,2026-09-22T10:06:00+02:00,55,ajuntament-mercat,237,44,193,81.4
2026-09-22T08:07:00Z,2026-09-22T10:07:00+02:00,53,dr-robert,407,75,332,81.6
2026-09-22T08:07:00Z,2026-09-22T10:07:00+02:00,54,placa-vella,297,79,218,73.4
2026-09-22T08:07:00Z,2026-09-22T10:07:00+02:00,55,ajuntament-mercat,237,44,193,81.4
2026-09-22T08:08:00Z,2026-09-22T10:08:00+02:00,53,dr-robert,407,75,332,81.6
2026-09-22T08:08:00Z,2026-09-22T10:08:00+02:00,54,placa-vella,297,79,218,73.4
2026-09-22T08:08:00Z,2026-09-22T10:08:00+02:00,55,ajuntament-mercat,237,44,193,81.4
2026-09-22T08:09:00Z,2026-09-22T10:09:00+02:00,53,dr-robert,407,75,332,81.6
2026-09-22T08:09:00Z,2026-09-22T10:09:00+02:00,54,placa-vella,297,79,218,73.4
2026-09-22T08:09:00Z,2026-09-22T10:09:00+02:00,55,ajuntament-mercat,237,44,193,81.4
2026-09-22T08:10:00Z,2026-09-22T10:10:00+02:00,53,dr-robert,407,73,334,82.1
2026-09-22T08:10:00Z,2026-09-22T10:10:00+02:00,54,placa-vella,297,79,218,73.4
2026-09-22T08:10:00Z,2026-09-22T10:10:00+02:00,55,ajuntament-mercat,237,40,197,83.1
2026-09-22T08:11:00Z,2026-09-22T10:11:00+02:00,53,dr-robert,407,73,334,82.1
2026-09-22T08:11:00Z,2026-09-22T10:11:00+02:00,54,placa-vella,297,79,218,73.4
2026-09-22T08:11:00Z,2026-09-22T10:11:00+02:00,55,ajuntament-mercat,237,40,197,83.1
2026-09-22T08:12:00Z,2026-09-22T10:12:00+02:00,53,dr-robert,407,73,334,82.1
2026-09-22T08:12:00Z,2026-09-22T10:12:00+02:00,54,placa-vella,297,79,218,73.4
2026-09-22T08:12:00Z,2026-09-22T10:12:00+02:00,55,ajuntament-mercat,237,40,197,83.1
2026-09-22T08:13:00Z,2026-09-22T10:13:00+02:00,53,dr-robert,407,73,334,82.1
2026-09-22T08:13:00Z,2026-09-22T10:13:00+02:00,54,placa-vella,297,79,218,73.4
2026-09-22T08:13:00Z,2026-09-22T10:13:00+02:00,55,ajuntament-mercat,237,40,197,83.1
2026-09-22T08:14:00Z,2026-09-22T10:14:00+02:00,53,dr-robert,407,73,334,82.1
2026-09-22T08:14:00Z,2026-09-22T10:14:00+02:00,54,placa-vella,297,79,218,73.4
2026-09-22T08:14:00Z,2026-09-22T10:14:00+02:00,55,ajuntament-mercat,237,40,197,83.1
2026-09-22T08:15:00Z,2026-09-22T10:15:00+02:00,53,dr-robert,407,72,335,82.3
2026-09-22T08:15:00Z,2026-09-22T10:15:00+02:00,54,placa-vella,297,77,220,74.1
2026-09-22T08:15:00Z,2026-09-22T10:15:00+02:00,55,ajuntament-mercat,237,35,202,85.2
2026-09-22T08:16:00Z,2026-09-22T10:16:00+02:00,53,dr-robert,407,72,335,82.3
2026-09-22T08:16:00Z,2026-09-22T10:16:00+02:00,54,placa-vella,297,77,220,74.1
2026-09-22T08:16:00Z,2026-09-22T10:16:00+02:00,55,ajuntament-mercat,237,35,202,85.2
2026-09-22T08:17:00Z,2026-09-22T10:17:00+02:00,53,dr-robert,407,72,335,82.3
2026-09-22T08:17:00Z,2026-09-22T10:17:00+02:00,54,placa-vella,297,77,220,74.1
2026-09-22T08:17:00Z,2026-09-22T10:17:00+02:00,55,ajuntament-mercat,237,35,202,85.2
2026-09-22T08:18:00Z,2026-09-22T10:18:00+02:00,53,dr-robert,407,72,335,82.3
2026-09-22T08:18:00Z,2026-09-22T10:18:00+02:00,54,placa-vella,297,77,220,74.1
2026-09-22T08:18:00Z,2026-09-22T10:18:00+02:00,55,ajuntament-mercat,237,35,202,85.2
2026-09-22T08:19:00Z,2026-09-22T10:19:00+02:00,53,dr-robert,407,72,335,82.3
2026-09-22T08:19:00Z,2026-09-22T10:19:00+02:00,54,placa-vella,297,77,220,74.1
2026-09-22T08:19:00Z,2026-09-22T10:19:00+02:00,55,ajuntament-mercat,237,35,202,85.2
2026-09-22T08:20:00Z,2026-09-22T10:20:00+02:00,53,dr-robert,407,67,340,83.5
2026-09-22T08:20:00Z,2026-09-22T10:20:00+02:00,54,placa-vella,297,78,219,73.7
2026-09-22T08:20:00Z,2026-09-22T10:20:00+02:00,55,ajuntament-mercat,237,34,203,85.7
2026-09-22T08:21:00Z,2026-09-22T10:21:00+02:00,53,dr-robert,407,67,340,83.5
2026-09-22T08:21:00Z,2026-09-22T10:21:00+02:00,54,placa-vella,297,78,219,73.7
2026-09-22T08:21:00Z,2026-09-22T10:21:00+02:00,55,ajuntament-mercat,237,34,203,85.7
2026-09-22T08:22:00Z,2026-09-22T10:22:00+02:00,53,dr-robert,407,67,340,83.5
2026-09-22T08:22:00Z,2026-09-22T10:22:00+02:00,54,placa-vella,297,78,219,73.7
2026-09-22T08:22:00Z,2026-09-22T10:22:00+02:00,55,ajuntament-mercat,237,34,203,85.7
2026-09-22T08:23:00Z,2026-09-22T10:23:00+02:00,53,dr-robert,407,67,340,83.5
2026-09-22T08:23:00Z,2026-09-22T10:23:00+02:00,54,placa-vella,297,78,219,73.7
2026-09-22T08:23:00Z,2026-09-22T10:23:00+02:00,55,ajuntament-mercat,237,34,203,85.7
2026-09-22T08:24:00Z,2026-09-22T10:24:00+02:00,53,dr-robert,407,67,340,83.5
2026-09-22T08:24:00Z,2026-09-22T10:24:00+02:00,54,placa-vella,297,78,219,73.7
2026-09-22T08:24:00Z,2026-09-22T10:24:00+02:00,55,ajuntament-mercat,237,34,203,85.7
2026-09-22T08:25:00Z,2026-09-22T10:25:00+02:00,53,dr-robert,407,71,336,82.6
2026-09-22T08:25:00Z,2026-09-22T10:25:00+02:00,54,placa-vella,297,73,224,75.4
2026-09-22T08:25:00Z,2026-09-22T10:25:00+02:00,55,ajuntament-mercat,237,35,202,85.2
2026-09-22T08:26:00Z,2026-09-22T10:26:00+02:00,53,dr-robert,407,71,336,82.6
2026-09-22T08:26:00Z,2026-09-22T10:26:00+02:00,54,placa-vella,297,73,224,75.4
2026-09-22T08:26:00Z,2026-09-22T10:26:00+02:00,55,ajuntament-mercat,237,35,202,85.2
2026-09-22T08:27:00Z,2026-09-22T10:27:00+02:00,53,dr-robert,407,71,336,82.6
2026-09-22T08:27:00Z,2026-09-22T10:27:00+02:00,54,placa-vella,297,73,224,75.4
2026-09-22T08:27:00Z,2026-09-22T10:27:00+02:00,55,ajuntament-mercat,237,35,202,85.2
2026-09-22T08:28:00Z,2026-09-22T10:28:00+02:00,53,dr-robert,407,71,336,82.6
2026-09-22T08:28:00Z,2026-09-22T10:28:00+02:00,54,placa-vella,297,73,224,75.4
2026-09-22T08:28:00Z,2026-09-22T10:28:00+02:00,55,ajuntament-mercat,237,35,202,85.2
2026-09-22T08:29:00Z,2026-09-22T10:29:00+02:00,53,dr-robert,407,71,336,82.6
2026-09-22T08:29:00Z,2026-09-22T10:29:00+02:00,54,placa-vella,297,73,224,75.4
2026-09-22T08:29:00Z,2026-09-22T10:29:00+02:00,55,ajuntament-mercat,237,35,202,85.2
2026-09-22T08:30:00Z,2026-09-22T10:30:00+02:00,53,dr-robert,407,71,336,82.6
2026-09-22T08:30:00Z,2026-09-22T10:30:00+02:00,54,placa-vella,297,73,224,75.4
2026-09-22T08:30:00Z,2026-09-22T10:30:00+02:00,55,ajuntament-mercat,237,35,202,85.2
2026-09-22T08:35:00Z,2026-09-22T10:35:00+02:00,53,dr-robert,407,62,345,84.8
2026-09-22T08:35:00Z,2026-09-22T10:35:00+02:00,54,placa-vella,297,66,231,77.8
2026-09-22T08:35:00Z,2026-09-22T10:35:00+02:00,55,ajuntament-mercat,237,42,195,82.3
2026-09-22T08:36:00Z,2026-09-22T10:36:00+02:00,53,dr-robert,407,62,345,84.8
2026-09-22T08:36:00Z,2026-09-22T10:36:00+02:00,54,placa-vella,297,66,231,77.8
2026-09-22T08:36:00Z,2026-09-22T10:36:00+02:00,55,ajuntament-mercat,237,42,195,82.3
2026-09-22T08:37:00Z,2026-09-22T10:37:00+02:00,53,dr-robert,407,62,345,84.8
2026-09-22T08:37:00Z,2026-09-22T10:37:00+02:00,54,placa-vella,297,66,231,77.8
2026-09-22T08:37:00Z,2026-09-22T10:37:00+02:00,55,ajuntament-mercat,237,42,195,82.3
2026-09-22T08:38:00Z,2026-09-22T10:38:00+02:00,53,dr-robert,407,62,345,84.8
2026-09-22T08:38:00Z,2026-09-22T10:38:00+02:00,54,placa-vella,297,66,231,77.8
2026-09-22T08:38:00Z,2026-09-22T10:38:00+02:00,55,ajuntament-mercat,237,42,195,82.3
2026-09-22T08:39:00Z,2026-09-22T10:39:00+02:00,53,dr-robert,407,62,345,84.8
2026-09-22T08:39:00Z,2026-09-22T10:39:00+02:00,54,placa-vella,297,66,231,77.8
2026-09-22T08:39:00Z,2026-09-22T10:39:00+02:00,55,ajuntament-mercat,237,42,195,82.3
2026-09-22T08:40:00Z,2026-09-22T10:40:00+02:00,53,dr-robert,407,60,347,85.3
2026-09-22T08:40:00Z,2026-09-22T10:40:00+02:00,54,placa-vella,297,65,232,78.1
2026-09-22T08:40:00Z,2026-09-22T10:40:00+02:00,55,ajuntament-mercat,237,40,197,83.1
2026-09-22T08:41:00Z,2026-09-22T10:41:00+02:00,53,dr-robert,407,60,347,85.3
2026-09-22T08:41:00Z,2026-09-22T10:41:00+02:00,54,placa-vella,297,65,232,78.1
2026-09-22T08:41:00Z,2026-09-22T10:41:00+02:00,55,ajuntament-mercat,237,40,197,83.1
2026-09-22T08:42:00Z,2026-09-22T10:42:00+02:00,53,dr-robert,407,60,347,85.3
2026-09-22T08:42:00Z,2026-09-22T10:42:00+02:00,54,placa-vella,297,65,232,78.1
2026-09-22T08:42:00Z,2026-09-22T10:42:00+02:00,55,ajuntament-mercat,237,40,197,83.1
2026-09-22T08:43:00Z,2026-09-22T10:43:00+02:00,53,dr-robert,407,60,347,85.3
2026-09-22T08:43:00Z,2026-09-22T10:43:00+02:00,54,placa-vella,297,65,232,78.1
2026-09-22T08:43:00Z,2026-09-22T10:43:00+02:00,55,ajuntament-mercat,237,40,197,83.1
2026-09-22T08:44:00Z,2026-09-22T10:44:00+02:00,53,dr-robert,407,60,347,85.3
2026-09-22T08:44:00Z,2026-09-22T10:44:00+02:00,54,placa-vella,297,65,232,78.1
2026-09-22T08:44:00Z,2026-09-22T10:44:00+02:00,55,ajuntament-mercat,237,40,197,83.1
2026-09-22T08:45:00Z,2026-09-22T10:45:00+02:00,53,dr-robert,407,58,349,85.7
2026-09-22T08:45:00Z,2026-09-22T10:45:00+02:00,54,placa-vella,297,64,233,78.5
2026-09-22T08:45:00Z,2026-09-22T10:45:00+02:00,55,ajuntament-mercat,237,42,195,82.3
2026-09-22T08:46:00Z,2026-09-22T10:46:00+02:00,53,dr-robert,407,58,349,85.7
2026-09-22T08:46:00Z,2026-09-22T10:46:00+02:00,54,placa-vella,297,64,233,78.5
2026-09-22T08:46:00Z,2026-09-22T10:46:00+02:00,55,ajuntament-mercat,237,42,195,82.3
2026-09-22T08:47:00Z,2026-09-22T10:47:00+02:00,53,dr-robert,407,58,349,85.7
2026-09-22T08:47:00Z,2026-09-22T10:47:00+02:00,54,placa-vella,297,64,233,78.5
2026-09-22T08:47:00Z,2026-09-22T10:47:00+02:00,55,ajuntament-mercat,237,42,195,82.3
2026-09-22T08:48:00Z,2026-09-22T10:48:00+02:00,53,dr-robert,407,58,349,85.7
2026-09-22T08:48:00Z,2026-09-22T10:48:00+02:00,54,placa-vella,297,64,233,78.5
2026-09-22T08:48:00Z,2026-09-22T10:48:00+02:00,55,ajuntament-mercat,237,42,195,82.3
2026-09-22T08:49:00Z,2026-09-22T10:49:00+02:00,53,dr-robert,407,58,349,85.7
2026-09-22T08:49:00Z,2026-09-22T10:49:00+02:00,54,placa-vella,297,64,233,78.5
2026-09-22T08:49:00Z,2026-09-22T10:49:00+02:00,55,ajuntament-mercat,237,42,195,82.3
2026-09-22T08:50:00Z,2026-09-22T10:50:00+02:00,53,dr-robert,407,57,350,86
2026-09-22T08:50:00Z,2026-09-22T10:50:00+02:00,54,placa-vella,297,63,234,78.8
2026-09-22T08:50:00Z,2026-09-22T10:50:00+02:00,55,ajuntament-mercat,237,45,192,81
2026-09-22T08:51:00Z,2026-09-22T10:51:00+02:00,53,dr-robert,407,57,350,86
2026-09-22T08:51:00Z,2026-09-22T10:51:00+02:00,54,placa-vella,297,63,234,78.8
2026-09-22T08:51:00Z,2026-09-22T10:51:00+02:00,55,ajuntament-mercat,237,45,192,81
2026-09-22T08:52:00Z,2026-09-22T10:52:00+02:00,53,dr-robert,407,57,350,86
2026-09-22T08:52:00Z,2026-09-22T10:52:00+02:00,54,placa-vella,297,63,234,78.8
2026-09-22T08:52:00Z,2026-09-22T10:52:00+02:00,55,ajuntament-mercat,237,45,192,81
2026-09-22T08:53:00Z,2026-09-22T10:53:00+02:00,53,dr-robert,407,57,350,86
2026-09-22T08:53:00Z,2026-09-22T10:53:00+02:00,54,placa-vella,297,63,234,78.8
2026-09-22T08:53:00Z,2026-09-22T10:53:00+02:00,55,ajuntament-mercat,237,45,192,81
2026-09-22T08:54:00Z,2026-09-22T10:54:00+02:00,53,dr-robert,407,57,350,86
2026-09-22T08:54:00Z,2026-09-22T10:54:00+02:00,54,placa-vella,297,63,234,78.8
2026-09-22T08:54:00Z,2026-09-22T10:54:00+02:00,55,ajuntament-mercat,237,45,192,81
2026-09-22T08:55:00Z,2026-09-22T10:55:00+02:00,53,dr-robert,407,55,352,86.5
2026-09-22T08:55:00Z,2026-09-22T10:55:00+02:00,54,placa-vella,297,59,238,80.1
2026-09-22T08:55:00Z,2026-09-22T10:55:00+02:00,55,ajuntament-mercat,237,43,194,81.9
2026-09-22T08:56:00Z,2026-09-22T10:56:00+02:00,53,dr-robert,407,55,352,86.5
2026-09-22T08:56:00Z,2026-09-22T10:56:00+02:00,54,placa-vella,297,59,238,80.1
2026-09-22T08:56:00Z,2026-09-22T10:56:00+02:00,55,ajuntament-mercat,237,43,194,81.9
2026-09-22T08:57:00Z,2026-09-22T10:57:00+02:00,53,dr-robert,407,55,352,86.5
2026-09-22T08:57:00Z,2026-09-22T10:57:00+02:00,54,placa-vella,297,59,238,80.1
2026-09-22T08:57:00Z,2026-09-22T10:57:00+02:00,55,ajuntament-mercat,237,43,194,81.9
2026-09-22T08:58:00Z,2026-09-22T10:58:00+02:00,53,dr-robert,407,55,352,86.5
2026-09-22T08:58:00Z,2026-09-22T10:58:00+02:00,54,placa-vella,297,59,238,80.1
2026-09-22T08:58:00Z,2026-09-22T10:58:00+02:00,55,ajuntament-mercat,237,43,194,81.9
2026-09-22T08:59:00Z,2026-09-22T10:59:00+02:00,53,dr-robert,407,55,352,86.5
2026-09-22T08:59:00Z,2026-09-22T10:59:00+02:00,54,placa-vella,297,59,238,80.1
2026-09-22T08:59:00Z,2026-09-22T10:59:00+02:00,55,ajuntament-mercat,237,43,194,81.9
2026-09-22T09:00:00Z,2026-09-22T11:00:00+02:00,53,dr-robert,407,55,352,86.5
2026-09-22T09:00:00Z,2026-09-22T11:00:00+02:00,54,placa-vella,297,59,238,80.1
2026-09-22T09:00:00Z,2026-09-22T11:00:00+02:00,55,ajuntament-mercat,237,43,194,81.9
2026-09-22T09:01:00Z,2026-09-22T11:01:00+02:00,53,dr-robert,407,55,352,86.5
2026-09-22T09:01:00Z,2026-09-22T11:01:00+02:00,54,placa-vella,297,59,238,80.1
2026-09-22T09:01:00Z,2026-09-22T11:01:00+02:00,55,ajuntament-mercat,237,43,194,81.9
2026-09-22T09:02:00Z,2026-09-22T11:02:00+02:00,53,dr-robert,407,54,353,86.7
2026-09-22T09:02:00Z,2026-09-22T11:02:00+02:00,54,placa-vella,297,63,234,78.8
2026-09-22T09:02:00Z,2026-09-22T11:02:00+02:00,55,ajuntament-mercat,237,42,195,82.3
2026-09-22T09:03:00Z,2026-09-22T11:03:00+02:00,53,dr-robert,407,54,353,86.7
2026-09-22T09:03:00Z,2026-09-22T11:03:00+02:00,54,placa-vella,297,63,234,78.8
2026-09-22T09:03:00Z,2026-09-22T11:03:00+02:00,55,ajuntament-mercat,237,42,195,82.3
2026-09-22T09:04:00Z,2026-09-22T11:04:00+02:00,53,dr-robert,407,54,353,86.7
2026-09-22T09:04:00Z,2026-09-22T11:04:00+02:00,54,placa-vella,297,63,234,78.8
2026-09-22T09:04:00Z,2026-09-22T11:04:00+02:00,55,ajuntament-mercat,237,42,195,82.3
2026-09-22T09:05:00Z,2026-09-22T11:05:00+02:00,53,dr-robert,407,51,356,87.5
2026-09-22T09:05:00Z,2026-09-22T11:05:00+02:00,54,placa-vella,297,62,235,79.1
2026-09-22T09:05:00Z,2026-09-22T11:05:00+02:00,55,ajuntament-mercat,237,42,195,82.3
2026-09-22T09:06:00Z,2026-09-22T11:06:00+02:00,53,dr-robert,407,51,356,87.5
2026-09-22T09:06:00Z,2026-09-22T11:06:00+02:00,54,placa-vella,297,62,235,79.1
2026-09-22T09:06:00Z,2026-09-22T11:06:00+02:00,55,ajuntament-mercat,237,42,195,82.3
2026-09-22T09:07:00Z,2026-09-22T11:07:00+02:00,53,dr-robert,407,51,356,87.5
2026-09-22T09:07:00Z,2026-09-22T11:07:00+02:00,54,placa-vella,297,62,235,79.1
2026-09-22T09:07:00Z,2026-09-22T11:07:00+02:00,55,ajuntament-mercat,237,42,195,82.3
2026-09-22T09:08:00Z,2026-09-22T11:08:00+02:00,53,dr-robert,407,51,356,87.5
2026-09-22T09:08:00Z,2026-09-22T11:08:00+02:00,54,placa-vella,297,62,235,79.1
2026-09-22T09:08:00Z,2026-09-22T11:08:00+02:00,55,ajuntament-mercat,237,42,195,82.3
2026-09-22T09:09:00Z,2026-09-22T11:09:00+02:00,53,dr-robert,407,51,356,87.5
2026-09-22T09:09:00Z,2026-09-22T11:09:00+02:00,54,placa-vella,297,62,235,79.1
2026-09-22T09:09:00Z,2026-09-22T11:09:00+02:00,55,ajuntament-mercat,237,42,195,82.3
2026-09-22T09:10:00Z,2026-09-22T11:10:00+02:00,53,dr-robert,407,51,356,87.5
2026-09-22T09:10:00Z,2026-09-22T11:10:00+02:00,54,placa-vella,297,62,235,79.1
2026-09-22T09:10:00Z,2026-09-22T11:10:00+02:00,55,ajuntament-mercat,237,42,195,82.3
2026-09-22T09:11:00Z,2026-09-22T11:11:00+02:00,53,dr-robert,407,55,352,86.5
2026-09-22T09:11:00Z,2026-09-22T11:11:00+02:00,54,placa-vella,297,59,238,80.1
2026-09-22T09:11:00Z,2026-09-22T11:11:00+02:00,55,ajuntament-mercat,237,46,191,80.6
2026-09-22T09:12:00Z,2026-09-22T11:12:00+02:00,53,dr-robert,407,55,352,86.5
2026-09-22T09:12:00Z,2026-09-22T11:12:00+02:00,54,placa-vella,297,59,238,80.1
2026-09-22T09:12:00Z,2026-09-22T11:12:00+02:00,55,ajuntament-mercat,237,46,191,80.6
2026-09-22T09:13:00Z,2026-09-22T11:13:00+02:00,53,dr-robert,407,55,352,86.5
2026-09-22T09:13:00Z,2026-09-22T11:13:00+02:00,54,placa-vella,297,59,238,80.1
2026-09-22T09:13:00Z,2026-09-22T11:13:00+02:00,55,ajuntament-mercat,237,46,191,80.6
2026-09-22T09:14:00Z,2026-09-22T11:14:00+02:00,53,dr-robert,407,55,352,86.5
2026-09-22T09:14:00Z,2026-09-22T11:14:00+02:00,54,placa-vella,297,59,238,80.1
2026-09-22T09:14:00Z,2026-09-22T11:14:00+02:00,55,ajuntament-mercat,237,46,191,80.6
2026-09-22T09:15:00Z,2026-09-22T11:15:00+02:00,53,dr-robert,407,58,349,85.7
2026-09-22T09:15:00Z,2026-09-22T11:15:00+02:00,54,placa-vella,297,57,240,80.8
2026-09-22T09:15:00Z,2026-09-22T11:15:00+02:00,55,ajuntament-mercat,237,47,190,80.2
2026-09-22T09:16:00Z,2026-09-22T11:16:00+02:00,53,dr-robert,407,58,349,85.7
2026-09-22T09:16:00Z,2026-09-22T11:16:00+02:00,54,placa-vella,297,57,240,80.8
2026-09-22T09:16:00Z,2026-09-22T11:16:00+02:00,55,ajuntament-mercat,237,47,190,80.2
2026-09-22T09:17:00Z,2026-09-22T11:17:00+02:00,53,dr-robert,407,58,349,85.7
2026-09-22T09:17:00Z,2026-09-22T11:17:00+02:00,54,placa-vella,297,57,240,80.8
2026-09-22T09:17:00Z,2026-09-22T11:17:00+02:00,55,ajuntament-mercat,237,47,190,80.2
2026-09-22T09:18:00Z,2026-09-22T11:18:00+02:00,53,dr-robert,407,58,349,85.7
2026-09-22T09:18:00Z,2026-09-22T11:18:00+02:00,54,placa-vella,297,57,240,80.8
2026-09-22T09:18:00Z,2026-09-22T11:18:00+02:00,55,ajuntament-mercat,237,47,190,80.2
2026-09-22T09:19:00Z,2026-09-22T11:19:00+02:00,53,dr-robert,407,58,349,85.7
2026-09-22T09:19:00Z,2026-09-22T11:19:00+02:00,54,placa-vella,297,57,240,80.8
2026-09-22T09:19:00Z,2026-09-22T11:19:00+02:00,55,ajuntament-mercat,237,47,190,80.2
2026-09-22T09:20:00Z,2026-09-22T11:20:00+02:00,53,dr-robert,407,54,353,86.7
2026-09-22T09:20:00Z,2026-09-22T11:20:00+02:00,54,placa-vella,297,59,238,80.1
2026-09-22T09:20:00Z,2026-09-22T11:20:00+02:00,55,ajuntament-mercat,237,47,190,80.2
2026-09-22T09:21:00Z,2026-09-22T11:21:00+02:00,53,dr-robert,407,54,353,86.7
2026-09-22T09:21:00Z,2026-09-22T11:21:00+02:00,54,placa-vella,297,59,238,80.1
2026-09-22T09:21:00Z,2026-09-22T11:21:00+02:00,55,ajuntament-mercat,237,47,190,80.2
2026-09-22T09:22:00Z,2026-09-22T11:22:00+02:00,53,dr-robert,407,54,353,86.7
2026-09-22T09:22:00Z,2026-09-22T11:22:00+02:00,54,placa-vella,297,59,238,80.1
2026-09-22T09:22:00Z,2026-09-22T11:22:00+02:00,55,ajuntament-mercat,237,47,190,80.2
2026-09-22T09:23:00Z,2026-09-22T11:23:00+02:00,53,dr-robert,407,54,353,86.7
2026-09-22T09:23:00Z,2026-09-22T11:23:00+02:00,54,placa-vella,297,59,238,80.1
2026-09-22T09:23:00Z,2026-09-22T11:23:00+02:00,55,ajuntament-mercat,237,47,190,80.2
2026-09-22T09:24:00Z,2026-09-22T11:24:00+02:00,53,dr-robert,407,54,353,86.7
2026-09-22T09:24:00Z,2026-09-22T11:24:00+02:00,54,placa-vella,297,59,238,80.1
2026-09-22T09:24:00Z,2026-09-22T11:24:00+02:00,55,ajuntament-mercat,237,47,190,80.2
2026-09-22T09:25:00Z,2026-09-22T11:25:00+02:00,53,dr-robert,407,50,357,87.7
2026-09-22T09:25:00Z,2026-09-22T11:25:00+02:00,54,placa-vella,297,60,237,79.8
2026-09-22T09:25:00Z,2026-09-22T11:25:00+02:00,55,ajuntament-mercat,237,49,188,79.3
2026-09-22T09:26:00Z,2026-09-22T11:26:00+02:00,53,dr-robert,407,50,357,87.7
2026-09-22T09:26:00Z,2026-09-22T11:26:00+02:00,54,placa-vella,297,60,237,79.8
2026-09-22T09:26:00Z,2026-09-22T11:26:00+02:00,55,ajuntament-mercat,237,49,188,79.3
2026-09-22T09:27:00Z,2026-09-22T11:27:00+02:00,53,dr-robert,407,50,357,87.7
2026-09-22T09:27:00Z,2026-09-22T11:27:00+02:00,54,placa-vella,297,60,237,79.8
2026-09-22T09:27:00Z,2026-09-22T11:27:00+02:00,55,ajuntament-mercat,237,49,188,79.3
2026-09-22T09:28:00Z,2026-09-22T11:28:00+02:00,53,dr-robert,407,50,357,87.7
2026-09-22T09:28:00Z,2026-09-22T11:28:00+02:00,54,placa-vella,297,60,237,79.8
2026-09-22T09:28:00Z,2026-09-22T11:28:00+02:00,55,ajuntament-mercat,237,49,188,79.3
2026-09-22T09:29:00Z,2026-09-22T11:29:00+02:00,53,dr-robert,407,50,357,87.7
2026-09-22T09:29:00Z,2026-09-22T11:29:00+02:00,54,placa-vella,297,60,237,79.8
2026-09-22T09:29:00Z,2026-09-22T11:29:00+02:00,55,ajuntament-mercat,237,49,188,79.3
2026-09-22T09:30:00Z,2026-09-22T11:30:00+02:00,53,dr-robert,407,50,357,87.7
2026-09-22T09:30:00Z,2026-09-22T11:30:00+02:00,54,placa-vella,297,60,237,79.8
2026-09-22T09:30:00Z,2026-09-22T11:30:00+02:00,55,ajuntament-mercat,237,43,194,81.9
2026-09-22T09:31:00Z,2026-09-22T11:31:00+02:00,53,dr-robert,407,50,357,87.7
2026-09-22T09:31:00Z,2026-09-22T11:31:00+02:00,54,placa-vella,297,60,237,79.8
2026-09-22T09:31:00Z,2026-09-22T11:31:00+02:00,55,ajuntament-mercat,237,43,194,81.9
2026-09-22T09:32:00Z,2026-09-22T11:32:00+02:00,53,dr-robert,407,50,357,87.7
2026-09-22T09:32:00Z,2026-09-22T11:32:00+02:00,54,placa-vella,297,60,237,79.8
2026-09-22T09:32:00Z,2026-09-22T11:32:00+02:00,55,ajuntament-mercat,237,43,194,81.9
2026-09-22T09:33:00Z,2026-09-22T11:33:00+02:00,53,dr-robert,407,50,357,87.7
2026-09-22T09:33:00Z,2026-09-22T11:33:00+02:00,54,placa-vella,297,60,237,79.8
2026-09-22T09:33:00Z,2026-09-22T11:33:00+02:00,55,ajuntament-mercat,237,43,194,81.9
2026-09-22T09:34:00Z,2026-09-22T11:34:00+02:00,53,dr-robert,407,50,357,87.7
2026-09-22T09:34:00Z,2026-09-22T11:34:00+02:00,54,placa-vella,297,60,237,79.8
2026-09-22T09:34:00Z,2026-09-22T11:34:00+02:00,55,ajuntament-mercat,237,43,194,81.9
2026-09-22T09:35:00Z,2026-09-22T11:35:00+02:00,53,dr-robert,407,59,348,85.5
2026-09-22T09:35:00Z,2026-09-22T11:35:00+02:00,54,placa-vella,297,65,232,78.1
2026-09-22T09:35:00Z,2026-09-22T11:35:00+02:00,55,ajuntament-mercat,237,45,192,81
2026-09-22T09:36:00Z,2026-09-22T11:36:00+02:00,53,dr-robert,407,59,348,85.5
2026-09-22T09:36:00Z,2026-09-22T11:36:00+02:00,54,placa-vella,297,65,232,78.1
2026-09-22T09:36:00Z,2026-09-22T11:36:00+02:00,55,ajuntament-mercat,237,45,192,81
2026-09-22T09:37:00Z,2026-09-22T11:37:00+02:00,53,dr-robert,407,59,348,85.5
2026-09-22T09:37:00Z,2026-09-22T11:37:00+02:00,54,placa-vella,297,65,232,78.1
2026-09-22T09:37:00Z,2026-09-22T11:37:00+02:00,55,ajuntament-mercat,237,45,192,81
2026-09-22T09:38:00Z,2026-09-22T11:38:00+02:00,53,dr-robert,407,59,348,85.5
2026-09-22T09:38:00Z,2026-09-22T11:38:00+02:00,54,placa-vella,297,65,232,78.1
2026-09-22T09:38:00Z,2026-09-22T11:38:00+02:00,55,ajuntament-mercat,237,45,192,81
2026-09-22T09:39:00Z,2026-09-22T11:39:00+02:00,53,dr-robert,407,59,348,85.5
2026-09-22T09:39:00Z,2026-09-22T11:39:00+02:00,54,placa-vella,297,65,232,78.1
2026-09-22T09:39:00Z,2026-09-22T11:39:00+02:00,55,ajuntament-mercat,237,45,192,81
2026-09-22T09:40:00Z,2026-09-22T11:40:00+02:00,53,dr-robert,407,55,352,86.5
2026-09-22T09:40:00Z,2026-09-22T11:40:00+02:00,54,placa-vella,297,60,237,79.8
2026-09-22T09:40:00Z,2026-09-22T11:40:00+02:00,55,ajuntament-mercat,237,46,191,80.6
2026-09-22T09:41:00Z,2026-09-22T11:41:00+02:00,53,dr-robert,407,55,352,86.5
2026-09-22T09:41:00Z,2026-09-22T11:41:00+02:00,54,placa-vella,297,60,237,79.8
2026-09-22T09:41:00Z,2026-09-22T11:41:00+02:00,55,ajuntament-mercat,237,46,191,80.6
2026-09-22T09:42:00Z,2026-09-22T11:42:00+02:00,53,dr-robert,407,55,352,86.5
2026-09-22T09:42:00Z,2026-09-22T11:42:00+02:00,54,placa-vella,297,60,237,79.8
2026-09-22T09:42:00Z,2026-09-22T11:42:00+02:00,55,ajuntament-mercat,237,46,191,80.6
2026-09-22T09:43:00Z,2026-09-22T11:43:00+02:00,53,dr-robert,407,55,352,86.5
2026-09-22T09:43:00Z,2026-09-22T11:43:00+02:00,54,placa-vella,297,60,237,79.8
2026-09-22T09:43:00Z,2026-09-22T11:43:00+02:00,55,ajuntament-mercat,237,46,191,80.6
2026-09-22T09:44:00Z,2026-09-22T11:44:00+02:00,53,dr-robert,407,55,352,86.5
2026-09-22T09:44:00Z,2026-09-22T11:44:00+02:00,54,placa-vella,297,60,237,79.8
2026-09-22T09:44:00Z,2026-09-22T11:44:00+02:00,55,ajuntament-mercat,237,46,191,80.6
2026-09-22T09:45:00Z,2026-09-22T11:45:00+02:00,53,dr-robert,407,55,352,86.5
2026-09-22T09:45:00Z,2026-09-22T11:45:00+02:00,54,placa-vella,297,60,237,79.8
2026-09-22T09:45:00Z,2026-09-22T11:45:00+02:00,55,ajuntament-mercat,237,47,190,80.2
2026-09-22T09:46:00Z,2026-09-22T11:46:00+02:00,53,dr-robert,407,55,352,86.5
2026-09-22T09:46:00Z,2026-09-22T11:46:00+02:00,54,placa-vella,297,60,237,79.8
2026-09-22T09:46:00Z,2026-09-22T11:46:00+02:00,55,ajuntament-mercat,237,47,190,80.2
2026-09-22T09:47:00Z,2026-09-22T11:47:00+02:00,53,dr-robert,407,55,352,86.5
2026-09-22T09:47:00Z,2026-09-22T11:47:00+02:00,54,placa-vella,297,60,237,79.8
2026-09-22T09:47:00Z,2026-09-22T11:47:00+02:00,55,ajuntament-mercat,237,47,190,80.2
2026-09-22T09:48:00Z,2026-09-22T11:48:00+02:00,53,dr-robert,407,55,352,86.5
2026-09-22T09:48:00Z,2026-09-22T11:48:00+02:00,54,placa-vella,297,60,237,79.8
2026-09-22T09:48:00Z,2026-09-22T11:48:00+02:00,55,ajuntament-mercat,237,47,190,80.2
2026-09-22T09:49:00Z,2026-09-22T11:49:00+02:00,53,dr-robert,407,55,352,86.5
2026-09-22T09:49:00Z,2026-09-22T11:49:00+02:00,54,placa-vella,297,60,237,79.8
2026-09-22T09:49:00Z,2026-09-22T11:49:00+02:00,55,ajuntament-mercat,237,47,190,80.2
2026-09-22T09:50:00Z,2026-09-22T11:50:00+02:00,53,dr-robert,407,50,357,87.7
2026-09-22T09:50:00Z,2026-09-22T11:50:00+02:00,54,placa-vella,297,54,243,81.8
2026-09-22T09:50:00Z,2026-09-22T11:50:00+02:00,55,ajuntament-mercat,237,48,189,79.7
2026-09-22T09:51:00Z,2026-09-22T11:51:00+02:00,53,dr-robert,407,50,357,87.7
2026-09-22T09:51:00Z,2026-09-22T11:51:00+02:00,54,placa-vella,297,54,243,81.8
2026-09-22T09:51:00Z,2026-09-22T11:51:00+02:00,55,ajuntament-mercat,237,48,189,79.7
2026-09-22T09:52:00Z,2026-09-22T11:52:00+02:00,53,dr-robert,407,50,357,87.7
2026-09-22T09:52:00Z,2026-09-22T11:52:00+02:00,54,placa-vella,297,54,243,81.8
2026-09-22T09:52:00Z,2026-09-22T11:52:00+02:00,55,ajuntament-mercat,237,48,189,79.7
2026-09-22T09:53:00Z,2026-09-22T11:53:00+02:00,53,dr-robert,407,50,357,87.7
2026-09-22T09:53:00Z,2026-09-22T11:53:00+02:00,54,placa-vella,297,54,243,81.8
2026-09-22T09:53:00Z,2026-09-22T11:53:00+02:00,55,ajuntament-mercat,237,48,189,79.7
2026-09-22T09:54:00Z,2026-09-22T11:54:00+02:00,53,dr-robert,407,50,357,87.7
2026-09-22T09:54:00Z,2026-09-22T11:54:00+02:00,54,placa-vella,297,54,243,81.8
2026-09-22T09:54:00Z,2026-09-22T11:54:00+02:00,55,ajuntament-mercat,237,48,189,79.7
2026-09-22T09:55:00Z,2026-09-22T11:55:00+02:00,53,dr-robert,407,46,361,88.7
2026-09-22T09:55:00Z,2026-09-22T11:55:00+02:00,54,placa-vella,297,56,241,81.1
2026-09-22T09:55:00Z,2026-09-22T11:55:00+02:00,55,ajuntament-mercat,237,47,190,80.2
2026-09-22T09:56:00Z,2026-09-22T11:56:00+02:00,53,dr-robert,407,46,361,88.7
2026-09-22T09:56:00Z,2026-09-22T11:56:00+02:00,54,placa-vella,297,56,241,81.1
2026-09-22T09:56:00Z,2026-09-22T11:56:00+02:00,55,ajuntament-mercat,237,47,190,80.2
2026-09-22T09:57:00Z,2026-09-22T11:57:00+02:00,53,dr-robert,407,46,361,88.7
2026-09-22T09:57:00Z,2026-09-22T11:57:00+02:00,54,placa-vella,297,56,241,81.1
2026-09-22T09:57:00Z,2026-09-22T11:57:00+02:00,55,ajuntament-mercat,237,47,190,80.2
2026-09-22T09:58:00Z,2026-09-22T11:58:00+02:00,53,dr-robert,407,46,361,88.7
2026-09-22T09:58:00Z,2026-09-22T11:58:00+02:00,54,placa-vella,297,56,241,81.1
2026-09-22T09:58:00Z,2026-09-22T11:58:00+02:00,55,ajuntament-mercat,237,47,190,80.2
2026-09-22T09:59:00Z,2026-09-22T11:59:00+02:00,53,dr-robert,407,46,361,88.7
2026-09-22T09:59:00Z,2026-09-22T11:59:00+02:00,54,placa-vella,297,56,241,81.1
2026-09-22T09:59:00Z,2026-09-22T11:59:00+02:00,55,ajuntament-mercat,237,47,190,80.2
2026-09-22T10:00:00Z,2026-09-22T12:00:00+02:00,53,dr-robert,407,46,361,88.7
2026-09-22T10:00:00Z,2026-09-22T12:00:00+02:00,54,placa-vella,297,56,241,81.1
2026-09-22T10:00:00Z,2026-09-22T12:00:00+02:00,55,ajuntament-mercat,237,47,190,80.2
2026-09-22T10:01:00Z,2026-09-22T12:01:00+02:00,53,dr-robert,407,42,365,89.7
2026-09-22T10:01:00Z,2026-09-22T12:01:00+02:00,54,placa-vella,297,57,240,80.8
2026-09-22T10:01:00Z,2026-09-22T12:01:00+02:00,55,ajuntament-mercat,237,49,188,79.3
2026-09-22T10:02:00Z,2026-09-22T12:02:00+02:00,53,dr-robert,407,42,365,89.7
2026-09-22T10:02:00Z,2026-09-22T12:02:00+02:00,54,placa-vella,297,57,240,80.8
2026-09-22T10:02:00Z,2026-09-22T12:02:00+02:00,55,ajuntament-mercat,237,49,188,79.3
2026-09-22T10:03:00Z,2026-09-22T12:03:00+02:00,53,dr-robert,407,42,365,89.7
2026-09-22T10:03:00Z,2026-09-22T12:03:00+02:00,54,placa-vella,297,57,240,80.8
2026-09-22T10:03:00Z,2026-09-22T12:03:00+02:00,55,ajuntament-mercat,237,49,188,79.3
2026-09-22T10:04:00Z,2026-09-22T12:04:00+02:00,53,dr-robert,407,42,365,89.7
2026-09-22T10:04:00Z,2026-09-22T12:04:00+02:00,54,placa-vella,297,57,240,80.8
2026-09-22T10:04:00Z,2026-09-22T12:04:00+02:00,55,ajuntament-mercat,237,49,188,79.3
2026-09-22T10:05:00Z,2026-09-22T12:05:00+02:00,53,dr-robert,407,40,367,90.2
2026-09-22T10:05:00Z,2026-09-22T12:05:00+02:00,54,placa-vella,297,60,237,79.8
2026-09-22T10:05:00Z,2026-09-22T12:05:00+02:00,55,ajuntament-mercat,237,49,188,79.3
2026-09-22T10:06:00Z,2026-09-22T12:06:00+02:00,53,dr-robert,407,40,367,90.2
2026-09-22T10:06:00Z,2026-09-22T12:06:00+02:00,54,placa-vella,297,60,237,79.8
2026-09-22T10:06:00Z,2026-09-22T12:06:00+02:00,55,ajuntament-mercat,237,49,188,79.3
2026-09-22T10:07:00Z,2026-09-22T12:07:00+02:00,53,dr-robert,407,40,367,90.2
2026-09-22T10:07:00Z,2026-09-22T12:07:00+02:00,54,placa-vella,297,60,237,79.8
2026-09-22T10:07:00Z,2026-09-22T12:07:00+02:00,55,ajuntament-mercat,237,49,188,79.3
2026-09-22T10:08:00Z,2026-09-22T12:08:00+02:00,53,dr-robert,407,40,367,90.2
2026-09-22T10:08:00Z,2026-09-22T12:08:00+02:00,54,placa-vella,297,60,237,79.8
2026-09-22T10:08:00Z,2026-09-22T12:08:00+02:00,55,ajuntament-mercat,237,49,188,79.3
2026-09-22T10:09:00Z,2026-09-22T12:09:00+02:00,53,dr-robert,407,40,367,90.2
2026-09-22T10:09:00Z,2026-09-22T12:09:00+02:00,54,placa-vella,297,60,237,79.8
2026-09-22T10:09:00Z,2026-09-22T12:09:00+02:00,55,ajuntament-mercat,237,49,188,79.3
2026-09-22T10:10:00Z,2026-09-22T12:10:00+02:00,53,dr-robert,407,35,372,91.4
2026-09-22T10:10:00Z,2026-09-22T12:10:00+02:00,54,placa-vella,297,60,237,79.8
2026-09-22T10:10:00Z,2026-09-22T12:10:00+02:00,55,ajuntament-mercat,237,51,186,78.5
2026-09-22T10:11:00Z,2026-09-22T12:11:00+02:00,53,dr-robert,407,35,372,91.4
2026-09-22T10:11:00Z,2026-09-22T12:11:00+02:00,54,placa-vella,297,60,237,79.8
2026-09-22T10:11:00Z,2026-09-22T12:11:00+02:00,55,ajuntament-mercat,237,51,186,78.5
2026-09-22T10:12:00Z,2026-09-22T12:12:00+02:00,53,dr-robert,407,35,372,91.4
2026-09-22T10:12:00Z,2026-09-22T12:12:00+02:00,54,placa-vella,297,60,237,79.8
2026-09-22T10:12:00Z,2026-09-22T12:12:00+02:00,55,ajuntament-mercat,237,51,186,78.5
2026-09-22T10:13:00Z,2026-09-22T12:13:00+02:00,53,dr-robert,407,35,372,91.4
2026-09-22T10:13:00Z,2026-09-22T12:13:00+02:00,54,placa-vella,297,60,237,79.8
2026-09-22T10:13:00Z,2026-09-22T12:13:00+02:00,55,ajuntament-mercat,237,51,186,78.5
2026-09-22T10:14:00Z,2026-09-22T12:14:00+02:00,53,dr-robert,407,35,372,91.4
2026-09-22T10:14:00Z,2026-09-22T12:14:00+02:00,54,placa-vella,297,60,237,79.8
2026-09-22T10:14:00Z,2026-09-22T12:14:00+02:00,55,ajuntament-mercat,237,51,186,78.5
2026-09-22T10:15:00Z,2026-09-22T12:15:00+02:00,53,dr-robert,407,40,367,90.2
2026-09-22T10:15:00Z,2026-09-22T12:15:00+02:00,54,placa-vella,297,64,233,78.5
2026-09-22T10:15:00Z,2026-09-22T12:15:00+02:00,55,ajuntament-mercat,237,48,189,79.7
2026-09-22T10:16:00Z,2026-09-22T12:16:00+02:00,53,dr-robert,407,40,367,90.2
2026-09-22T10:16:00Z,2026-09-22T12:16:00+02:00,54,placa-vella,297,64,233,78.5
2026-09-22T10:16:00Z,2026-09-22T12:16:00+02:00,55,ajuntament-mercat,237,48,189,79.7
2026-09-22T10:17:00Z,2026-09-22T12:17:00+02:00,53,dr-robert,407,40,367,90.2
2026-09-22T10:17:00Z,2026-09-22T12:17:00+02:00,54,placa-vella,297,64,233,78.5
2026-09-22T10:17:00Z,2026-09-22T12:17:00+02:00,55,ajuntament-mercat,237,48,189,79.7
2026-09-22T10:18:00Z,2026-09-22T12:18:00+02:00,53,dr-robert,407,40,367,90.2
2026-09-22T10:18:00Z,2026-09-22T12:18:00+02:00,54,placa-vella,297,64,233,78.5
2026-09-22T10:18:00Z,2026-09-22T12:18:00+02:00,55,ajuntament-mercat,237,48,189,79.7
2026-09-22T10:19:00Z,2026-09-22T12:19:00+02:00,53,dr-robert,407,40,367,90.2
2026-09-22T10:19:00Z,2026-09-22T12:19:00+02:00,54,placa-vella,297,64,233,78.5
2026-09-22T10:19:00Z,2026-09-22T12:19:00+02:00,55,ajuntament-mercat,237,48,189,79.7
2026-09-22T10:20:00Z,2026-09-22T12:20:00+02:00,53,dr-robert,407,43,364,89.4
2026-09-22T10:20:00Z,2026-09-22T12:20:00+02:00,54,placa-vella,297,62,235,79.1
2026-09-22T10:20:00Z,2026-09-22T12:20:00+02:00,55,ajuntament-mercat,237,46,191,80.6
2026-09-22T10:21:00Z,2026-09-22T12:21:00+02:00,53,dr-robert,407,43,364,89.4
2026-09-22T10:21:00Z,2026-09-22T12:21:00+02:00,54,placa-vella,297,62,235,79.1
2026-09-22T10:21:00Z,2026-09-22T12:21:00+02:00,55,ajuntament-mercat,237,46,191,80.6
2026-09-22T10:22:00Z,2026-09-22T12:22:00+02:00,53,dr-robert,407,43,364,89.4
2026-09-22T10:22:00Z,2026-09-22T12:22:00+02:00,54,placa-vella,297,62,235,79.1
2026-09-22T10:22:00Z,2026-09-22T12:22:00+02:00,55,ajuntament-mercat,237,46,191,80.6
2026-09-22T10:23:00Z,2026-09-22T12:23:00+02:00,53,dr-robert,407,43,364,89.4
2026-09-22T10:23:00Z,2026-09-22T12:23:00+02:00,54,placa-vella,297,62,235,79.1
2026-09-22T10:23:00Z,2026-09-22T12:23:00+02:00,55,ajuntament-mercat,237,46,191,80.6
2026-09-22T10:24:00Z,2026-09-22T12:24:00+02:00,53,dr-robert,407,43,364,89.4
2026-09-22T10:24:00Z,2026-09-22T12:24:00+02:00,54,placa-vella,297,62,235,79.1
2026-09-22T10:24:00Z,2026-09-22T12:24:00+02:00,55,ajuntament-mercat,237,46,191,80.6
2026-09-22T10:25:00Z,2026-09-22T12:25:00+02:00,53,dr-robert,407,51,356,87.5
2026-09-22T10:25:00Z,2026-09-22T12:25:00+02:00,54,placa-vella,297,67,230,77.4
2026-09-22T10:25:00Z,2026-09-22T12:25:00+02:00,55,ajuntament-mercat,237,45,192,81
2026-09-22T10:26:00Z,2026-09-22T12:26:00+02:00,53,dr-robert,407,51,356,87.5
2026-09-22T10:26:00Z,2026-09-22T12:26:00+02:00,54,placa-vella,297,67,230,77.4
2026-09-22T10:26:00Z,2026-09-22T12:26:00+02:00,55,ajuntament-mercat,237,45,192,81
2026-09-22T10:27:00Z,2026-09-22T12:27:00+02:00,53,dr-robert,407,51,356,87.5
2026-09-22T10:27:00Z,2026-09-22T12:27:00+02:00,54,placa-vella,297,67,230,77.4
2026-09-22T10:27:00Z,2026-09-22T12:27:00+02:00,55,ajuntament-mercat,237,45,192,81
2026-09-22T10:28:00Z,2026-09-22T12:28:00+02:00,53,dr-robert,407,51,356,87.5
2026-09-22T10:28:00Z,2026-09-22T12:28:00+02:00,54,placa-vella,297,67,230,77.4
2026-09-22T10:28:00Z,2026-09-22T12:28:00+02:00,55,ajuntament-mercat,237,45,192,81
2026-09-22T10:29:00Z,2026-09-22T12:29:00+02:00,53,dr-robert,407,51,356,87.5
2026-09-22T10:29:00Z,2026-09-22T12:29:00+02:00,54,placa-vella,297,67,230,77.4
2026-09-22T10:29:00Z,2026-09-22T12:29:00+02:00,55,ajuntament-mercat,237,45,192,81
2026-09-22T10:30:00Z,2026-09-22T12:30:00+02:00,53,dr-robert,407,55,352,86.5
2026-09-22T10:30:00Z,2026-09-22T12:30:00+02:00,54,placa-vella,297,68,229,77.1
2026-09-22T10:30:00Z,2026-09-22T12:30:00+02:00,55,ajuntament-mercat,237,47,190,80.2
2026-09-22T10:31:00Z,2026-09-22T12:31:00+02:00,53,dr-robert,407,55,352,86.5
2026-09-22T10:31:00Z,2026-09-22T12:31:00+02:00,54,placa-vella,297,68,229,77.1
2026-09-22T10:31:00Z,2026-09-22T12:31:00+02:00,55,ajuntament-mercat,237,47,190,80.2
2026-09-22T10:32:00Z,2026-09-22T12:32:00+02:00,53,dr-robert,407,55,352,86.5
2026-09-22T10:32:00Z,2026-09-22T12:32:00+02:00,54,placa-vella,297,68,229,77.1
2026-09-22T10:32:00Z,2026-09-22T12:32:00+02:00,55,ajuntament-mercat,237,47,190,80.2
2026-09-22T10:33:00Z,2026-09-22T12:33:00+02:00,53,dr-robert,407,55,352,86.5
2026-09-22T10:33:00Z,2026-09-22T12:33:00+02:00,54,placa-vella,297,68,229,77.1
2026-09-22T10:33:00Z,2026-09-22T12:33:00+02:00,55,ajuntament-mercat,237,47,190,80.2
2026-09-22T10:34:00Z,2026-09-22T12:34:00+02:00,53,dr-robert,407,55,352,86.5
2026-09-22T10:34:00Z,2026-09-22T12:34:00+02:00,54,placa-vella,297,68,229,77.1
2026-09-22T10:34:00Z,2026-09-22T12:34:00+02:00,55,ajuntament-mercat,237,47,190,80.2
2026-09-22T10:35:00Z,2026-09-22T12:35:00+02:00,53,dr-robert,407,52,355,87.2
2026-09-22T10:35:00Z,2026-09-22T12:35:00+02:00,54,placa-vella,297,70,227,76.4
2026-09-22T10:35:00Z,2026-09-22T12:35:00+02:00,55,ajuntament-mercat,237,46,191,80.6
2026-09-22T10:36:00Z,2026-09-22T12:36:00+02:00,53,dr-robert,407,52,355,87.2
2026-09-22T10:36:00Z,2026-09-22T12:36:00+02:00,54,placa-vella,297,70,227,76.4
2026-09-22T10:36:00Z,2026-09-22T12:36:00+02:00,55,ajuntament-mercat,237,46,191,80.6
2026-09-22T10:37:00Z,2026-09-22T12:37:00+02:00,53,dr-robert,407,52,355,87.2
2026-09-22T10:37:00Z,2026-09-22T12:37:00+02:00,54,placa-vella,297,70,227,76.4
2026-09-22T10:37:00Z,2026-09-22T12:37:00+02:00,55,ajuntament-mercat,237,46,191,80.6
2026-09-22T10:38:00Z,2026-09-22T12:38:00+02:00,53,dr-robert,407,52,355,87.2
2026-09-22T10:38:00Z,2026-09-22T12:38:00+02:00,54,placa-vella,297,70,227,76.4
2026-09-22T10:38:00Z,2026-09-22T12:38:00+02:00,55,ajuntament-mercat,237,46,191,80.6
2026-09-22T10:39:00Z,2026-09-22T12:39:00+02:00,53,dr-robert,407,52,355,87.2
2026-09-22T10:39:00Z,2026-09-22T12:39:00+02:00,54,placa-vella,297,70,227,76.4
2026-09-22T10:39:00Z,2026-09-22T12:39:00+02:00,55,ajuntament-mercat,237,46,191,80.6
2026-09-22T10:40:00Z,2026-09-22T12:40:00+02:00,53,dr-robert,407,64,343,84.3
2026-09-22T10:40:00Z,2026-09-22T12:40:00+02:00,54,placa-vella,297,73,224,75.4
2026-09-22T10:40:00Z,2026-09-22T12:40:00+02:00,55,ajuntament-mercat,237,45,192,81
2026-09-22T10:41:00Z,2026-09-22T12:41:00+02:00,53,dr-robert,407,64,343,84.3
2026-09-22T10:41:00Z,2026-09-22T12:41:00+02:00,54,placa-vella,297,73,224,75.4
2026-09-22T10:41:00Z,2026-09-22T12:41:00+02:00,55,ajuntament-mercat,237,45,192,81
2026-09-22T10:42:00Z,2026-09-22T12:42:00+02:00,53,dr-robert,407,64,343,84.3
2026-09-22T10:42:00Z,2026-09-22T12:42:00+02:00,54,placa-vella,297,73,224,75.4
2026-09-22T10:42:00Z,2026-09-22T12:42:00+02:00,55,ajuntament-mercat,237,45,192,81
2026-09-22T10:43:00Z,2026-09-22T12:43:00+02:00,53,dr-robert,407,64,343,84.3
2026-09-22T10:43:00Z,2026-09-22T12:43:00+02:00,54,placa-vella,297,73,224,75.4
2026-09-22T10:43:00Z,2026-09-22T12:43:00+02:00,55,ajuntament-mercat,237,45,192,81
2026-09-22T10:44:00Z,2026-09-22T12:44:00+02:00,53,dr-robert,407,64,343,84.3
2026-09-22T10:44:00Z,2026-09-22T12:44:00+02:00,54,placa-vella,297,73,224,75.4
2026-09-22T10:44:00Z,2026-09-22T12:44:00+02:00,55,ajuntament-mercat,237,45,192,81
2026-09-22T10:45:00Z,2026-09-22T12:45:00+02:00,53,dr-robert,407,58,349,85.7
2026-09-22T10:45:00Z,2026-09-22T12:45:00+02:00,54,placa-vella,297,77,220,74.1
2026-09-22T10:45:00Z,2026-09-22T12:45:00+02:00,55,ajuntament-mercat,237,44,193,81.4
2026-09-22T10:46:00Z,2026-09-22T12:46:00+02:00,53,dr-robert,407,58,349,85.7
2026-09-22T10:46:00Z,2026-09-22T12:46:00+02:00,54,placa-vella,297,77,220,74.1
2026-09-22T10:46:00Z,2026-09-22T12:46:00+02:00,55,ajuntament-mercat,237,44,193,81.4
2026-09-22T10:47:00Z,2026-09-22T12:47:00+02:00,53,dr-robert,407,58,349,85.7
2026-09-22T10:47:00Z,2026-09-22T12:47:00+02:00,54,placa-vella,297,77,220,74.1
2026-09-22T10:47:00Z,2026-09-22T12:47:00+02:00,55,ajuntament-mercat,237,44,193,81.4
2026-09-22T10:48:00Z,2026-09-22T12:48:00+02:00,53,dr-robert,407,58,349,85.7
2026-09-22T10:48:00Z,2026-09-22T12:48:00+02:00,54,placa-vella,297,77,220,74.1
2026-09-22T10:48:00Z,2026-09-22T12:48:00+02:00,55,ajuntament-mercat,237,44,193,81.4
2026-09-22T10:49:00Z,2026-09-22T12:49:00+02:00,53,dr-robert,407,58,349,85.7
2026-09-22T10:49:00Z,2026-09-22T12:49:00+02:00,54,placa-vella,297,77,220,74.1
2026-09-22T10:49:00Z,2026-09-22T12:49:00+02:00,55,ajuntament-mercat,237,44,193,81.4
2026-09-22T10:50:00Z,2026-09-22T12:50:00+02:00,53,dr-robert,407,58,349,85.7
2026-09-22T10:50:00Z,2026-09-22T12:50:00+02:00,54,placa-vella,297,77,220,74.1
2026-09-22T10:50:00Z,2026-09-22T12:50:00+02:00,55,ajuntament-mercat,237,44,193,81.4
2026-09-22T10:51:00Z,2026-09-22T12:51:00+02:00,53,dr-robert,407,54,353,86.7
2026-09-22T10:51:00Z,2026-09-22T12:51:00+02:00,54,placa-vella,297,81,216,72.7
2026-09-22T10:51:00Z,2026-09-22T12:51:00+02:00,55,ajuntament-mercat,237,46,191,80.6
2026-09-22T10:52:00Z,2026-09-22T12:52:00+02:00,53,dr-robert,407,54,353,86.7
2026-09-22T10:52:00Z,2026-09-22T12:52:00+02:00,54,placa-vella,297,81,216,72.7
2026-09-22T10:52:00Z,2026-09-22T12:52:00+02:00,55,ajuntament-mercat,237,46,191,80.6
2026-09-22T10:53:00Z,2026-09-22T12:53:00+02:00,53,dr-robert,407,54,353,86.7
2026-09-22T10:53:00Z,2026-09-22T12:53:00+02:00,54,placa-vella,297,81,216,72.7
2026-09-22T10:53:00Z,2026-09-22T12:53:00+02:00,55,ajuntament-mercat,237,46,191,80.6
2026-09-22T10:54:00Z,2026-09-22T12:54:00+02:00,53,dr-robert,407,54,353,86.7
2026-09-22T10:54:00Z,2026-09-22T12:54:00+02:00,54,placa-vella,297,81,216,72.7
2026-09-22T10:54:00Z,2026-09-22T12:54:00+02:00,55,ajuntament-mercat,237,46,191,80.6
2026-09-22T10:55:00Z,2026-09-22T12:55:00+02:00,53,dr-robert,407,55,352,86.5
2026-09-22T10:55:00Z,2026-09-22T12:55:00+02:00,54,placa-vella,297,89,208,70
2026-09-22T10:55:00Z,2026-09-22T12:55:00+02:00,55,ajuntament-mercat,237,47,190,80.2
2026-09-22T10:56:00Z,2026-09-22T12:56:00+02:00,53,dr-robert,407,55,352,86.5
2026-09-22T10:56:00Z,2026-09-22T12:56:00+02:00,54,placa-vella,297,89,208,70
2026-09-22T10:56:00Z,2026-09-22T12:56:00+02:00,55,ajuntament-mercat,237,47,190,80.2
2026-09-22T10:57:00Z,2026-09-22T12:57:00+02:00,53,dr-robert,407,55,352,86.5
2026-09-22T10:57:00Z,2026-09-22T12:57:00+02:00,54,placa-vella,297,89,208,70
2026-09-22T10:57:00Z,2026-09-22T12:57:00+02:00,55,ajuntament-mercat,237,47,190,80.2
2026-09-22T10:58:00Z,2026-09-22T12:58:00+02:00,53,dr-robert,407,55,352,86.5
2026-09-22T10:58:00Z,2026-09-22T12:58:00+02:00,54,placa-vella,297,89,208,70
2026-09-22T10:58:00Z,2026-09-22T12:58:00+02:00,55,ajuntament-mercat,237,47,190,80.2
2026-09-22T10:59:00Z,2026-09-22T12:59:00+02:00,53,dr-robert,407,55,352,86.5
2026-09-22T10:59:00Z,2026-09-22T12:59:00+02:00,54,placa-vella,297,89,208,70
2026-09-22T10:59:00Z,2026-09-22T12:59:00+02:00,55,ajuntament-mercat,237,47,190,80.2
2026-09-22T11:00:00Z,2026-09-22T13:00:00+02:00,53,dr-robert,407,58,349,85.7
2026-09-22T11:00:00Z,2026-09-22T13:00:00+02:00,54,placa-vella,297,92,205,69
2026-09-22T11:00:00Z,2026-09-22T13:00:00+02:00,55,ajuntament-mercat,237,53,184,77.6
2026-09-22T11:01:00Z,2026-09-22T13:01:00+02:00,53,dr-robert,407,58,349,85.7
2026-09-22T11:01:00Z,2026-09-22T13:01:00+02:00,54,placa-vella,297,92,205,69
2026-09-22T11:01:00Z,2026-09-22T13:01:00+02:00,55,ajuntament-mercat,237,53,184,77.6
2026-09-22T11:02:00Z,2026-09-22T13:02:00+02:00,53,dr-robert,407,58,349,85.7
2026-09-22T11:02:00Z,2026-09-22T13:02:00+02:00,54,placa-vella,297,92,205,69
2026-09-22T11:02:00Z,2026-09-22T13:02:00+02:00,55,ajuntament-mercat,237,53,184,77.6
2026-09-22T11:03:00Z,2026-09-22T13:03:00+02:00,53,dr-robert,407,58,349,85.7
2026-09-22T11:03:00Z,2026-09-22T13:03:00+02:00,54,placa-vella,297,92,205,69
2026-09-22T11:03:00Z,2026-09-22T13:03:00+02:00,55,ajuntament-mercat,237,53,184,77.6
2026-09-22T11:04:00Z,2026-09-22T13:04:00+02:00,53,dr-robert,407,58,349,85.7
2026-09-22T11:04:00Z,2026-09-22T13:04:00+02:00,54,placa-vella,297,92,205,69
2026-09-22T11:04:00Z,2026-09-22T13:04:00+02:00,55,ajuntament-mercat,237,53,184,77.6
2026-09-22T11:05:00Z,2026-09-22T13:05:00+02:00,53,dr-robert,407,62,345,84.8
2026-09-22T11:05:00Z,2026-09-22T13:05:00+02:00,54,placa-vella,297,92,205,69
2026-09-22T11:05:00Z,2026-09-22T13:05:00+02:00,55,ajuntament-mercat,237,56,181,76.4
2026-09-22T11:06:00Z,2026-09-22T13:06:00+02:00,53,dr-robert,407,62,345,84.8
2026-09-22T11:06:00Z,2026-09-22T13:06:00+02:00,54,placa-vella,297,92,205,69
2026-09-22T11:06:00Z,2026-09-22T13:06:00+02:00,55,ajuntament-mercat,237,56,181,76.4
2026-09-22T11:07:00Z,2026-09-22T13:07:00+02:00,53,dr-robert,407,62,345,84.8
2026-09-22T11:07:00Z,2026-09-22T13:07:00+02:00,54,placa-vella,297,92,205,69
2026-09-22T11:07:00Z,2026-09-22T13:07:00+02:00,55,ajuntament-mercat,237,56,181,76.4
2026-09-22T11:08:00Z,2026-09-22T13:08:00+02:00,53,dr-robert,407,62,345,84.8
2026-09-22T11:08:00Z,2026-09-22T13:08:00+02:00,54,placa-vella,297,92,205,69
2026-09-22T11:08:00Z,2026-09-22T13:08:00+02:00,55,ajuntament-mercat,237,56,181,76.4
2026-09-22T11:09:00Z,2026-09-22T13:09:00+02:00,53,dr-robert,407,62,345,84.8
2026-09-22T11:09:00Z,2026-09-22T13:09:00+02:00,54,placa-vella,297,92,205,69
2026-09-22T11:09:00Z,2026-09-22T13:09:00+02:00,55,ajuntament-mercat,237,56,181,76.4
2026-09-22T11:10:00Z,2026-09-22T13:10:00+02:00,53,dr-robert,407,64,343,84.3
2026-09-22T11:10:00Z,2026-09-22T13:10:00+02:00,54,placa-vella,297,92,205,69
2026-09-22T11:10:00Z,2026-09-22T13:10:00+02:00,55,ajuntament-mercat,237,55,182,76.8
2026-09-22T11:11:00Z,2026-09-22T13:11:00+02:00,53,dr-robert,407,64,343,84.3
2026-09-22T11:11:00Z,2026-09-22T13:11:00+02:00,54,placa-vella,297,92,205,69
2026-09-22T11:11:00Z,2026-09-22T13:11:00+02:00,55,ajuntament-mercat,237,55,182,76.8
2026-09-22T11:12:00Z,2026-09-22T13:12:00+02:00,53,dr-robert,407,64,343,84.3
2026-09-22T11:12:00Z,2026-09-22T13:12:00+02:00,54,placa-vella,297,92,205,69
2026-09-22T11:12:00Z,2026-09-22T13:12:00+02:00,55,ajuntament-mercat,237,55,182,76.8
2026-09-22T11:13:00Z,2026-09-22T13:13:00+02:00,53,dr-robert,407,64,343,84.3
2026-09-22T11:13:00Z,2026-09-22T13:13:00+02:00,54,placa-vella,297,92,205,69
2026-09-22T11:13:00Z,2026-09-22T13:13:00+02:00,55,ajuntament-mercat,237,55,182,76.8
2026-09-22T11:14:00Z,2026-09-22T13:14:00+02:00,53,dr-robert,407,64,343,84.3
2026-09-22T11:14:00Z,2026-09-22T13:14:00+02:00,54,placa-vella,297,92,205,69
2026-09-22T11:14:00Z,2026-09-22T13:14:00+02:00,55,ajuntament-mercat,237,55,182,76.8
2026-09-22T11:15:00Z,2026-09-22T13:15:00+02:00,53,dr-robert,407,72,335,82.3
2026-09-22T11:15:00Z,2026-09-22T13:15:00+02:00,54,placa-vella,297,94,203,68.4
2026-09-22T11:15:00Z,2026-09-22T13:15:00+02:00,55,ajuntament-mercat,237,59,178,75.1
2026-09-22T11:16:00Z,2026-09-22T13:16:00+02:00,53,dr-robert,407,72,335,82.3
2026-09-22T11:16:00Z,2026-09-22T13:16:00+02:00,54,placa-vella,297,94,203,68.4
2026-09-22T11:16:00Z,2026-09-22T13:16:00+02:00,55,ajuntament-mercat,237,59,178,75.1
2026-09-22T11:17:00Z,2026-09-22T13:17:00+02:00,53,dr-robert,407,72,335,82.3
2026-09-22T11:17:00Z,2026-09-22T13:17:00+02:00,54,placa-vella,297,94,203,68.4
2026-09-22T11:17:00Z,2026-09-22T13:17:00+02:00,55,ajuntament-mercat,237,59,178,75.1
2026-09-22T11:18:00Z,2026-09-22T13:18:00+02:00,53,dr-robert,407,72,335,82.3
2026-09-22T11:18:00Z,2026-09-22T13:18:00+02:00,54,placa-vella,297,94,203,68.4
2026-09-22T11:18:00Z,2026-09-22T13:18:00+02:00,55,ajuntament-mercat,237,59,178,75.1
2026-09-22T11:19:00Z,2026-09-22T13:19:00+02:00,53,dr-robert,407,72,335,82.3
2026-09-22T11:19:00Z,2026-09-22T13:19:00+02:00,54,placa-vella,297,94,203,68.4
2026-09-22T11:19:00Z,2026-09-22T13:19:00+02:00,55,ajuntament-mercat,237,59,178,75.1
2026-09-22T11:25:00Z,2026-09-22T13:25:00+02:00,53,dr-robert,407,80,327,80.3
2026-09-22T11:25:00Z,2026-09-22T13:25:00+02:00,54,placa-vella,297,95,202,68
2026-09-22T11:25:00Z,2026-09-22T13:25:00+02:00,55,ajuntament-mercat,237,58,179,75.5
2026-09-22T11:26:00Z,2026-09-22T13:26:00+02:00,53,dr-robert,407,80,327,80.3
2026-09-22T11:26:00Z,2026-09-22T13:26:00+02:00,54,placa-vella,297,95,202,68
2026-09-22T11:26:00Z,2026-09-22T13:26:00+02:00,55,ajuntament-mercat,237,58,179,75.5
2026-09-22T11:27:00Z,2026-09-22T13:27:00+02:00,53,dr-robert,407,80,327,80.3
2026-09-22T11:27:00Z,2026-09-22T13:27:00+02:00,54,placa-vella,297,95,202,68
2026-09-22T11:27:00Z,2026-09-22T13:27:00+02:00,55,ajuntament-mercat,237,58,179,75.5
2026-09-22T11:28:00Z,2026-09-22T13:28:00+02:00,53,dr-robert,407,80,327,80.3
2026-09-22T11:28:00Z,2026-09-22T13:28:00+02:00,54,placa-vella,297,95,202,68
2026-09-22T11:28:00Z,2026-09-22T13:28:00+02:00,55,ajuntament-mercat,237,58,179,75.5
2026-09-22T11:29:00Z,2026-09-22T13:29:00+02:00,53,dr-robert,407,80,327,80.3
2026-09-22T11:29:00Z,2026-09-22T13:29:00+02:00,54,placa-vella,297,95,202,68
2026-09-22T11:29:00Z,2026-09-22T13:29:00+02:00,55,ajuntament-mercat,237,58,179,75.5
2026-09-22T11:30:00Z,2026-09-22T13:30:00+02:00,53,dr-robert,407,89,318,78.1
2026-09-22T11:30:00Z,2026-09-22T13:30:00+02:00,54,placa-vella,297,99,198,66.7
2026-09-22T11:30:00Z,2026-09-22T13:30:00+02:00,55,ajuntament-mercat,237,59,178,75.1
2026-09-22T11:31:00Z,2026-09-22T13:31:00+02:00,53,dr-robert,407,89,318,78.1
2026-09-22T11:31:00Z,2026-09-22T13:31:00+02:00,54,placa-vella,297,99,198,66.7
2026-09-22T11:31:00Z,2026-09-22T13:31:00+02:00,55,ajuntament-mercat,237,59,178,75.1
2026-09-22T11:32:00Z,2026-09-22T13:32:00+02:00,53,dr-robert,407,89,318,78.1
2026-09-22T11:32:00Z,2026-09-22T13:32:00+02:00,54,placa-vella,297,99,198,66.7
2026-09-22T11:32:00Z,2026-09-22T13:32:00+02:00,55,ajuntament-mercat,237,59,178,75.1
2026-09-22T11:33:00Z,2026-09-22T13:33:00+02:00,53,dr-robert,407,89,318,78.1
2026-09-22T11:33:00Z,2026-09-22T13:33:00+02:00,54,placa-vella,297,99,198,66.7
2026-09-22T11:33:00Z,2026-09-22T13:33:00+02:00,55,ajuntament-mercat,237,59,178,75.1
2026-09-22T11:34:00Z,2026-09-22T13:34:00+02:00,53,dr-robert,407,89,318,78.1
2026-09-22T11:34:00Z,2026-09-22T13:34:00+02:00,54,placa-vella,297,99,198,66.7
2026-09-22T11:34:00Z,2026-09-22T13:34:00+02:00,55,ajuntament-mercat,237,59,178,75.1
2026-09-22T11:35:00Z,2026-09-22T13:35:00+02:00,53,dr-robert,407,90,317,77.9
2026-09-22T11:35:00Z,2026-09-22T13:35:00+02:00,54,placa-vella,297,100,197,66.3
2026-09-22T11:35:00Z,2026-09-22T13:35:00+02:00,55,ajuntament-mercat,237,60,177,74.7
2026-09-22T11:36:00Z,2026-09-22T13:36:00+02:00,53,dr-robert,407,90,317,77.9
2026-09-22T11:36:00Z,2026-09-22T13:36:00+02:00,54,placa-vella,297,100,197,66.3
2026-09-22T11:36:00Z,2026-09-22T13:36:00+02:00,55,ajuntament-mercat,237,60,177,74.7
2026-09-22T11:37:00Z,2026-09-22T13:37:00+02:00,53,dr-robert,407,90,317,77.9
2026-09-22T11:37:00Z,2026-09-22T13:37:00+02:00,54,placa-vella,297,100,197,66.3
2026-09-22T11:37:00Z,2026-09-22T13:37:00+02:00,55,ajuntament-mercat,237,60,177,74.7
2026-09-22T11:38:00Z,2026-09-22T13:38:00+02:00,53,dr-robert,407,90,317,77.9
2026-09-22T11:38:00Z,2026-09-22T13:38:00+02:00,54,placa-vella,297,100,197,66.3
2026-09-22T11:38:00Z,2026-09-22T13:38:00+02:00,55,ajuntament-mercat,237,60,177,74.7
2026-09-22T11:39:00Z,2026-09-22T13:39:00+02:00,53,dr-robert,407,90,317,77.9
2026-09-22T11:39:00Z,2026-09-22T13:39:00+02:00,54,placa-vella,297,100,197,66.3
2026-09-22T11:39:00Z,2026-09-22T13:39:00+02:00,55,ajuntament-mercat,237,60,177,74.7
2026-09-22T11:40:00Z,2026-09-22T13:40:00+02:00,53,dr-robert,407,93,314,77.1
2026-09-22T11:40:00Z,2026-09-22T13:40:00+02:00,54,placa-vella,297,106,191,64.3
2026-09-22T11:40:00Z,2026-09-22T13:40:00+02:00,55,ajuntament-mercat,237,63,174,73.4
2026-09-22T11:41:00Z,2026-09-22T13:41:00+02:00,53,dr-robert,407,93,314,77.1
2026-09-22T11:41:00Z,2026-09-22T13:41:00+02:00,54,placa-vella,297,106,191,64.3
2026-09-22T11:41:00Z,2026-09-22T13:41:00+02:00,55,ajuntament-mercat,237,63,174,73.4
2026-09-22T11:42:00Z,2026-09-22T13:42:00+02:00,53,dr-robert,407,93,314,77.1
2026-09-22T11:42:00Z,2026-09-22T13:42:00+02:00,54,placa-vella,297,106,191,64.3
2026-09-22T11:42:00Z,2026-09-22T13:42:00+02:00,55,ajuntament-mercat,237,63,174,73.4
2026-09-22T11:43:00Z,2026-09-22T13:43:00+02:00,53,dr-robert,407,93,314,77.1
2026-09-22T11:43:00Z,2026-09-22T13:43:00+02:00,54,placa-vella,297,106,191,64.3
2026-09-22T11:43:00Z,2026-09-22T13:43:00+02:00,55,ajuntament-mercat,237,63,174,73.4
2026-09-22T11:44:00Z,2026-09-22T13:44:00+02:00,53,dr-robert,407,93,314,77.1
2026-09-22T11:44:00Z,2026-09-22T13:44:00+02:00,54,placa-vella,297,106,191,64.3
2026-09-22T11:44:00Z,2026-09-22T13:44:00+02:00,55,ajuntament-mercat,237,63,174,73.4
2026-09-22T11:45:00Z,2026-09-22T13:45:00+02:00,53,dr-robert,407,99,308,75.7
2026-09-22T11:45:00Z,2026-09-22T13:45:00+02:00,54,placa-vella,297,112,185,62.3
2026-09-22T11:45:00Z,2026-09-22T13:45:00+02:00,55,ajuntament-mercat,237,62,175,73.8
2026-09-22T11:46:00Z,2026-09-22T13:46:00+02:00,53,dr-robert,407,99,308,75.7
2026-09-22T11:46:00Z,2026-09-22T13:46:00+02:00,54,placa-vella,297,112,185,62.3
2026-09-22T11:46:00Z,2026-09-22T13:46:00+02:00,55,ajuntament-mercat,237,62,175,73.8
2026-09-22T11:47:00Z,2026-09-22T13:47:00+02:00,53,dr-robert,407,99,308,75.7
2026-09-22T11:47:00Z,2026-09-22T13:47:00+02:00,54,placa-vella,297,112,185,62.3
2026-09-22T11:47:00Z,2026-09-22T13:47:00+02:00,55,ajuntament-mercat,237,62,175,73.8
2026-09-22T11:48:00Z,2026-09-22T13:48:00+02:00,53,dr-robert,407,99,308,75.7
2026-09-22T11:48:00Z,2026-09-22T13:48:00+02:00,54,placa-vella,297,112,185,62.3
2026-09-22T11:48:00Z,2026-09-22T13:48:00+02:00,55,ajuntament-mercat,237,62,175,73.8
2026-09-22T11:49:00Z,2026-09-22T13:49:00+02:00,53,dr-robert,407,99,308,75.7
2026-09-22T11:49:00Z,2026-09-22T13:49:00+02:00,54,placa-vella,297,112,185,62.3
2026-09-22T11:49:00Z,2026-09-22T13:49:00+02:00,55,ajuntament-mercat,237,62,175,73.8
2026-09-22T11:50:00Z,2026-09-22T13:50:00+02:00,53,dr-robert,407,105,302,74.2
2026-09-22T11:50:00Z,2026-09-22T13:50:00+02:00,54,placa-vella,297,110,187,63
2026-09-22T11:50:00Z,2026-09-22T13:50:00+02:00,55,ajuntament-mercat,237,66,171,72.2
2026-09-22T11:51:00Z,2026-09-22T13:51:00+02:00,53,dr-robert,407,105,302,74.2
2026-09-22T11:51:00Z,2026-09-22T13:51:00+02:00,54,placa-vella,297,110,187,63
2026-09-22T11:51:00Z,2026-09-22T13:51:00+02:00,55,ajuntament-mercat,237,66,171,72.2
2026-09-22T11:52:00Z,2026-09-22T13:52:00+02:00,53,dr-robert,407,105,302,74.2
2026-09-22T11:52:00Z,2026-09-22T13:52:00+02:00,54,placa-vella,297,110,187,63
2026-09-22T11:52:00Z,2026-09-22T13:52:00+02:00,55,ajuntament-mercat,237,66,171,72.2
2026-09-22T11:53:00Z,2026-09-22T13:53:00+02:00,53,dr-robert,407,105,302,74.2
2026-09-22T11:53:00Z,2026-09-22T13:53:00+02:00,54,placa-vella,297,110,187,63
2026-09-22T11:53:00Z,2026-09-22T13:53:00+02:00,55,ajuntament-mercat,237,66,171,72.2
2026-09-22T11:54:00Z,2026-09-22T13:54:00+02:00,53,dr-robert,407,105,302,74.2
2026-09-22T11:54:00Z,2026-09-22T13:54:00+02:00,54,placa-vella,297,110,187,63
2026-09-22T11:54:00Z,2026-09-22T13:54:00+02:00,55,ajuntament-mercat,237,66,171,72.2
2026-09-22T11:55:00Z,2026-09-22T13:55:00+02:00,53,dr-robert,407,108,299,73.5
2026-09-22T11:55:00Z,2026-09-22T13:55:00+02:00,54,placa-vella,297,113,184,62
2026-09-22T11:55:00Z,2026-09-22T13:55:00+02:00,55,ajuntament-mercat,237,66,171,72.2
2026-09-22T11:56:00Z,2026-09-22T13:56:00+02:00,53,dr-robert,407,108,299,73.5
2026-09-22T11:56:00Z,2026-09-22T13:56:00+02:00,54,placa-vella,297,113,184,62
2026-09-22T11:56:00Z,2026-09-22T13:56:00+02:00,55,ajuntament-mercat,237,66,171,72.2
2026-09-22T11:57:00Z,2026-09-22T13:57:00+02:00,53,dr-robert,407,108,299,73.5
2026-09-22T11:57:00Z,2026-09-22T13:57:00+02:00,54,placa-vella,297,113,184,62
2026-09-22T11:57:00Z,2026-09-22T13:57:00+02:00,55,ajuntament-mercat,237,66,171,72.2
2026-09-22T11:58:00Z,2026-09-22T13:58:00+02:00,53,dr-robert,407,108,299,73.5
2026-09-22T11:58:00Z,2026-09-22T13:58:00+02:00,54,placa-vella,297,113,184,62
2026-09-22T11:58:00Z,2026-09-22T13:58:00+02:00,55,ajuntament-mercat,237,66,171,72.2
2026-09-22T11:59:00Z,2026-09-22T13:59:00+02:00,53,dr-robert,407,108,299,73.5
2026-09-22T11:59:00Z,2026-09-22T13:59:00+02:00,54,placa-vella,297,113,184,62
2026-09-22T11:59:00Z,2026-09-22T13:59:00+02:00,55,ajuntament-mercat,237,66,171,72.2
2026-09-22T12:00:00Z,2026-09-22T14:00:00+02:00,53,dr-robert,407,108,299,73.5
2026-09-22T12:00:00Z,2026-09-22T14:00:00+02:00,54,placa-vella,297,113,184,62
2026-09-22T12:00:00Z,2026-09-22T14:00:00+02:00,55,ajuntament-mercat,237,66,171,72.2
2026-09-22T12:01:00Z,2026-09-22T14:01:00+02:00,53,dr-robert,407,109,298,73.2
2026-09-22T12:01:00Z,2026-09-22T14:01:00+02:00,54,placa-vella,297,113,184,62
2026-09-22T12:01:00Z,2026-09-22T14:01:00+02:00,55,ajuntament-mercat,237,69,168,70.9
2026-09-22T12:02:00Z,2026-09-22T14:02:00+02:00,53,dr-robert,407,109,298,73.2
2026-09-22T12:02:00Z,2026-09-22T14:02:00+02:00,54,placa-vella,297,113,184,62
2026-09-22T12:02:00Z,2026-09-22T14:02:00+02:00,55,ajuntament-mercat,237,69,168,70.9
2026-09-22T12:03:00Z,2026-09-22T14:03:00+02:00,53,dr-robert,407,109,298,73.2
2026-09-22T12:03:00Z,2026-09-22T14:03:00+02:00,54,placa-vella,297,113,184,62
2026-09-22T12:03:00Z,2026-09-22T14:03:00+02:00,55,ajuntament-mercat,237,69,168,70.9
2026-09-22T12:04:00Z,2026-09-22T14:04:00+02:00,53,dr-robert,407,109,298,73.2
2026-09-22T12:04:00Z,2026-09-22T14:04:00+02:00,54,placa-vella,297,113,184,62
2026-09-22T12:04:00Z,2026-09-22T14:04:00+02:00,55,ajuntament-mercat,237,69,168,70.9
2026-09-22T12:05:00Z,2026-09-22T14:05:00+02:00,53,dr-robert,407,112,295,72.5
2026-09-22T12:05:00Z,2026-09-22T14:05:00+02:00,54,placa-vella,297,114,183,61.6
2026-09-22T12:05:00Z,2026-09-22T14:05:00+02:00,55,ajuntament-mercat,237,72,165,69.6
2026-09-22T12:06:00Z,2026-09-22T14:06:00+02:00,53,dr-robert,407,112,295,72.5
2026-09-22T12:06:00Z,2026-09-22T14:06:00+02:00,54,placa-vella,297,114,183,61.6
2026-09-22T12:06:00Z,2026-09-22T14:06:00+02:00,55,ajuntament-mercat,237,72,165,69.6
2026-09-22T12:07:00Z,2026-09-22T14:07:00+02:00,53,dr-robert,407,112,295,72.5
2026-09-22T12:07:00Z,2026-09-22T14:07:00+02:00,54,placa-vella,297,114,183,61.6
2026-09-22T12:07:00Z,2026-09-22T14:07:00+02:00,55,ajuntament-mercat,237,72,165,69.6
2026-09-22T12:08:00Z,2026-09-22T14:08:00+02:00,53,dr-robert,407,112,295,72.5
2026-09-22T12:08:00Z,2026-09-22T14:08:00+02:00,54,placa-vella,297,114,183,61.6
2026-09-22T12:08:00Z,2026-09-22T14:08:00+02:00,55,ajuntament-mercat,237,72,165,69.6
2026-09-22T12:09:00Z,2026-09-22T14:09:00+02:00,53,dr-robert,407,112,295,72.5
2026-09-22T12:09:00Z,2026-09-22T14:09:00+02:00,54,placa-vella,297,114,183,61.6
2026-09-22T12:09:00Z,2026-09-22T14:09:00+02:00,55,ajuntament-mercat,237,72,165,69.6
2026-09-22T12:10:00Z,2026-09-22T14:10:00+02:00,53,dr-robert,407,120,287,70.5
2026-09-22T12:10:00Z,2026-09-22T14:10:00+02:00,54,placa-vella,297,118,179,60.3
2026-09-22T12:10:00Z,2026-09-22T14:10:00+02:00,55,ajuntament-mercat,237,79,158,66.7
2026-09-22T12:11:00Z,2026-09-22T14:11:00+02:00,53,dr-robert,407,120,287,70.5
2026-09-22T12:11:00Z,2026-09-22T14:11:00+02:00,54,placa-vella,297,118,179,60.3
2026-09-22T12:11:00Z,2026-09-22T14:11:00+02:00,55,ajuntament-mercat,237,79,158,66.7
2026-09-22T12:12:00Z,2026-09-22T14:12:00+02:00,53,dr-robert,407,120,287,70.5
2026-09-22T12:12:00Z,2026-09-22T14:12:00+02:00,54,placa-vella,297,118,179,60.3
2026-09-22T12:12:00Z,2026-09-22T14:12:00+02:00,55,ajuntament-mercat,237,79,158,66.7
2026-09-22T12:13:00Z,2026-09-22T14:13:00+02:00,53,dr-robert,407,120,287,70.5
2026-09-22T12:13:00Z,2026-09-22T14:13:00+02:00,54,placa-vella,297,118,179,60.3
2026-09-22T12:13:00Z,2026-09-22T14:13:00+02:00,55,ajuntament-mercat,237,79,158,66.7
2026-09-22T12:14:00Z,2026-09-22T14:14:00+02:00,53,dr-robert,407,120,287,70.5
2026-09-22T12:14:00Z,2026-09-22T14:14:00+02:00,54,placa-vella,297,118,179,60.3
2026-09-22T12:14:00Z,2026-09-22T14:14:00+02:00,55,ajuntament-mercat,237,79,158,66.7
2026-09-22T12:15:00Z,2026-09-22T14:15:00+02:00,53,dr-robert,407,122,285,70
2026-09-22T12:15:00Z,2026-09-22T14:15:00+02:00,54,placa-vella,297,122,175,58.9
2026-09-22T12:15:00Z,2026-09-22T14:15:00+02:00,55,ajuntament-mercat,237,81,156,65.8
2026-09-22T12:16:00Z,2026-09-22T14:16:00+02:00,53,dr-robert,407,122,285,70
2026-09-22T12:16:00Z,2026-09-22T14:16:00+02:00,54,placa-vella,297,122,175,58.9
2026-09-22T12:16:00Z,2026-09-22T14:16:00+02:00,55,ajuntament-mercat,237,81,156,65.8
2026-09-22T12:17:00Z,2026-09-22T14:17:00+02:00,53,dr-robert,407,122,285,70
2026-09-22T12:17:00Z,2026-09-22T14:17:00+02:00,54,placa-vella,297,122,175,58.9
2026-09-22T12:17:00Z,2026-09-22T14:17:00+02:00,55,ajuntament-mercat,237,81,156,65.8
2026-09-22T12:18:00Z,2026-09-22T14:18:00+02:00,53,dr-robert,407,122,285,70
2026-09-22T12:18:00Z,2026-09-22T14:18:00+02:00,54,placa-vella,297,122,175,58.9
2026-09-22T12:18:00Z,2026-09-22T14:18:00+02:00,55,ajuntament-mercat,237,81,156,65.8
2026-09-22T12:19:00Z,2026-09-22T14:19:00+02:00,53,dr-robert,407,122,285,70
2026-09-22T12:19:00Z,2026-09-22T14:19:00+02:00,54,placa-vella,297,122,175,58.9
2026-09-22T12:19:00Z,2026-09-22T14:19:00+02:00,55,ajuntament-mercat,237,81,156,65.8
2026-09-22T12:20:00Z,2026-09-22T14:20:00+02:00,53,dr-robert,407,128,279,68.6
2026-09-22T12:20:00Z,2026-09-22T14:20:00+02:00,54,placa-vella,297,129,168,56.6
2026-09-22T12:20:00Z,2026-09-22T14:20:00+02:00,55,ajuntament-mercat,237,82,155,65.4
2026-09-22T12:21:00Z,2026-09-22T14:21:00+02:00,53,dr-robert,407,128,279,68.6
2026-09-22T12:21:00Z,2026-09-22T14:21:00+02:00,54,placa-vella,297,129,168,56.6
2026-09-22T12:21:00Z,2026-09-22T14:21:00+02:00,55,ajuntament-mercat,237,82,155,65.4
2026-09-22T12:22:00Z,2026-09-22T14:22:00+02:00,53,dr-robert,407,128,279,68.6
2026-09-22T12:22:00Z,2026-09-22T14:22:00+02:00,54,placa-vella,297,129,168,56.6
2026-09-22T12:22:00Z,2026-09-22T14:22:00+02:00,55,ajuntament-mercat,237,82,155,65.4
2026-09-22T12:23:00Z,2026-09-22T14:23:00+02:00,53,dr-robert,407,128,279,68.6
2026-09-22T12:23:00Z,2026-09-22T14:23:00+02:00,54,placa-vella,297,129,168,56.6
2026-09-22T12:23:00Z,2026-09-22T14:23:00+02:00,55,ajuntament-mercat,237,82,155,65.4
2026-09-22T12:24:00Z,2026-09-22T14:24:00+02:00,53,dr-robert,407,128,279,68.6
2026-09-22T12:24:00Z,2026-09-22T14:24:00+02:00,54,placa-vella,297,129,168,56.6
2026-09-22T12:24:00Z,2026-09-22T14:24:00+02:00,55,ajuntament-mercat,237,82,155,65.4
2026-09-22T12:25:00Z,2026-09-22T14:25:00+02:00,53,dr-robert,407,130,277,68.1
2026-09-22T12:25:00Z,2026-09-22T14:25:00+02:00,54,placa-vella,297,126,171,57.6
2026-09-22T12:25:00Z,2026-09-22T14:25:00+02:00,55,ajuntament-mercat,237,83,154,65
2026-09-22T12:26:00Z,2026-09-22T14:26:00+02:00,53,dr-robert,407,130,277,68.1
2026-09-22T12:26:00Z,2026-09-22T14:26:00+02:00,54,placa-vella,297,126,171,57.6
2026-09-22T12:26:00Z,2026-09-22T14:26:00+02:00,55,ajuntament-mercat,237,83,154,65
2026-09-22T12:27:00Z,2026-09-22T14:27:00+02:00,53,dr-robert,407,130,277,68.1
2026-09-22T12:27:00Z,2026-09-22T14:27:00+02:00,54,placa-vella,297,126,171,57.6
2026-09-22T12:27:00Z,2026-09-22T14:27:00+02:00,55,ajuntament-mercat,237,83,154,65
2026-09-22T12:28:00Z,2026-09-22T14:28:00+02:00,53,dr-robert,407,130,277,68.1
2026-09-22T12:28:00Z,2026-09-22T14:28:00+02:00,54,placa-vella,297,126,171,57.6
2026-09-22T12:28:00Z,2026-09-22T14:28:00+02:00,55,ajuntament-mercat,237,83,154,65
2026-09-22T12:29:00Z,2026-09-22T14:29:00+02:00,53,dr-robert,407,130,277,68.1
2026-09-22T12:29:00Z,2026-09-22T14:29:00+02:00,54,placa-vella,297,126,171,57.6
2026-09-22T12:29:00Z,2026-09-22T14:29:00+02:00,55,ajuntament-mercat,237,83,154,65
2026-09-22T12:30:00Z,2026-09-22T14:30:00+02:00,53,dr-robert,407,130,277,68.1
2026-09-22T12:30:00Z,2026-09-22T14:30:00+02:00,54,placa-vella,297,129,168,56.6
2026-09-22T12:30:00Z,2026-09-22T14:30:00+02:00,55,ajuntament-mercat,237,86,151,63.7
2026-09-22T12:31:00Z,2026-09-22T14:31:00+02:00,53,dr-robert,407,130,277,68.1
2026-09-22T12:31:00Z,2026-09-22T14:31:00+02:00,54,placa-vella,297,129,168,56.6
2026-09-22T12:31:00Z,2026-09-22T14:31:00+02:00,55,ajuntament-mercat,237,86,151,63.7
2026-09-22T12:32:00Z,2026-09-22T14:32:00+02:00,53,dr-robert,407,130,277,68.1
2026-09-22T12:32:00Z,2026-09-22T14:32:00+02:00,54,placa-vella,297,129,168,56.6
2026-09-22T12:32:00Z,2026-09-22T14:32:00+02:00,55,ajuntament-mercat,237,86,151,63.7
2026-09-22T12:33:00Z,2026-09-22T14:33:00+02:00,53,dr-robert,407,130,277,68.1
2026-09-22T12:33:00Z,2026-09-22T14:33:00+02:00,54,placa-vella,297,129,168,56.6
2026-09-22T12:33:00Z,2026-09-22T14:33:00+02:00,55,ajuntament-mercat,237,86,151,63.7
2026-09-22T12:34:00Z,2026-09-22T14:34:00+02:00,53,dr-robert,407,130,277,68.1
2026-09-22T12:34:00Z,2026-09-22T14:34:00+02:00,54,placa-vella,297,129,168,56.6
2026-09-22T12:34:00Z,2026-09-22T14:34:00+02:00,55,ajuntament-mercat,237,86,151,63.7
2026-09-22T12:35:00Z,2026-09-22T14:35:00+02:00,53,dr-robert,407,131,276,67.8
2026-09-22T12:35:00Z,2026-09-22T14:35:00+02:00,54,placa-vella,297,130,167,56.2
2026-09-22T12:35:00Z,2026-09-22T14:35:00+02:00,55,ajuntament-mercat,237,87,150,63.3
2026-09-22T12:36:00Z,2026-09-22T14:36:00+02:00,53,dr-robert,407,131,276,67.8
2026-09-22T12:36:00Z,2026-09-22T14:36:00+02:00,54,placa-vella,297,130,167,56.2
2026-09-22T12:36:00Z,2026-09-22T14:36:00+02:00,55,ajuntament-mercat,237,87,150,63.3
2026-09-22T12:37:00Z,2026-09-22T14:37:00+02:00,53,dr-robert,407,131,276,67.8
2026-09-22T12:37:00Z,2026-09-22T14:37:00+02:00,54,placa-vella,297,130,167,56.2
2026-09-22T12:37:00Z,2026-09-22T14:37:00+02:00,55,ajuntament-mercat,237,87,150,63.3
2026-09-22T12:38:00Z,2026-09-22T14:38:00+02:00,53,dr-robert,407,131,276,67.8
2026-09-22T12:38:00Z,2026-09-22T14:38:00+02:00,54,placa-vella,297,130,167,56.2
2026-09-22T12:38:00Z,2026-09-22T14:38:00+02:00,55,ajuntament-mercat,237,87,150,63.3
2026-09-22T12:39:00Z,2026-09-22T14:39:00+02:00,53,dr-robert,407,131,276,67.8
2026-09-22T12:39:00Z,2026-09-22T14:39:00+02:00,54,placa-vella,297,130,167,56.2
2026-09-22T12:39:00Z,2026-09-22T14:39:00+02:00,55,ajuntament-mercat,237,87,150,63.3
2026-09-22T12:40:00Z,2026-09-22T14:40:00+02:00,53,dr-robert,407,136,271,66.6
2026-09-22T12:40:00Z,2026-09-22T14:40:00+02:00,54,placa-vella,297,130,167,56.2
2026-09-22T12:40:00Z,2026-09-22T14:40:00+02:00,55,ajuntament-mercat,237,88,149,62.9
2026-09-22T12:41:00Z,2026-09-22T14:41:00+02:00,53,dr-robert,407,136,271,66.6
2026-09-22T12:41:00Z,2026-09-22T14:41:00+02:00,54,placa-vella,297,130,167,56.2
2026-09-22T12:41:00Z,2026-09-22T14:41:00+02:00,55,ajuntament-mercat,237,88,149,62.9
2026-09-22T12:42:00Z,2026-09-22T14:42:00+02:00,53,dr-robert,407,136,271,66.6
2026-09-22T12:42:00Z,2026-09-22T14:42:00+02:00,54,placa-vella,297,130,167,56.2
2026-09-22T12:42:00Z,2026-09-22T14:42:00+02:00,55,ajuntament-mercat,237,88,149,62.9
2026-09-22T12:43:00Z,2026-09-22T14:43:00+02:00,53,dr-robert,407,136,271,66.6
2026-09-22T12:43:00Z,2026-09-22T14:43:00+02:00,54,placa-vella,297,130,167,56.2
2026-09-22T12:43:00Z,2026-09-22T14:43:00+02:00,55,ajuntament-mercat,237,88,149,62.9
2026-09-22T12:44:00Z,2026-09-22T14:44:00+02:00,53,dr-robert,407,136,271,66.6
2026-09-22T12:44:00Z,2026-09-22T14:44:00+02:00,54,placa-vella,297,130,167,56.2
2026-09-22T12:44:00Z,2026-09-22T14:44:00+02:00,55,ajuntament-mercat,237,88,149,62.9
2026-09-22T12:45:00Z,2026-09-22T14:45:00+02:00,53,dr-robert,407,141,266,65.4
2026-09-22T12:45:00Z,2026-09-22T14:45:00+02:00,54,placa-vella,297,135,162,54.5
2026-09-22T12:45:00Z,2026-09-22T14:45:00+02:00,55,ajuntament-mercat,237,90,147,62
2026-09-22T12:46:00Z,2026-09-22T14:46:00+02:00,53,dr-robert,407,141,266,65.4
2026-09-22T12:46:00Z,2026-09-22T14:46:00+02:00,54,placa-vella,297,135,162,54.5
2026-09-22T12:46:00Z,2026-09-22T14:46:00+02:00,55,ajuntament-mercat,237,90,147,62
2026-09-22T12:47:00Z,2026-09-22T14:47:00+02:00,53,dr-robert,407,141,266,65.4
2026-09-22T12:47:00Z,2026-09-22T14:47:00+02:00,54,placa-vella,297,135,162,54.5
2026-09-22T12:47:00Z,2026-09-22T14:47:00+02:00,55,ajuntament-mercat,237,90,147,62
2026-09-22T12:48:00Z,2026-09-22T14:48:00+02:00,53,dr-robert,407,141,266,65.4
2026-09-22T12:48:00Z,2026-09-22T14:48:00+02:00,54,placa-vella,297,135,162,54.5
2026-09-22T12:48:00Z,2026-09-22T14:48:00+02:00,55,ajuntament-mercat,237,90,147,62
2026-09-22T12:49:00Z,2026-09-22T14:49:00+02:00,53,dr-robert,407,141,266,65.4
2026-09-22T12:49:00Z,2026-09-22T14:49:00+02:00,54,placa-vella,297,135,162,54.5
2026-09-22T12:49:00Z,2026-09-22T14:49:00+02:00,55,ajuntament-mercat,237,90,147,62
2026-09-22T12:50:00Z,2026-09-22T14:50:00+02:00,53,dr-robert,407,144,263,64.6
2026-09-22T12:50:00Z,2026-09-22T14:50:00+02:00,54,placa-vella,297,135,162,54.5
2026-09-22T12:50:00Z,2026-09-22T14:50:00+02:00,55,ajuntament-mercat,237,90,147,62
2026-09-22T12:51:00Z,2026-09-22T14:51:00+02:00,53,dr-robert,407,144,263,64.6
2026-09-22T12:51:00Z,2026-09-22T14:51:00+02:00,54,placa-vella,297,135,162,54.5
2026-09-22T12:51:00Z,2026-09-22T14:51:00+02:00,55,ajuntament-mercat,237,90,147,62
2026-09-22T12:52:00Z,2026-09-22T14:52:00+02:00,53,dr-robert,407,144,263,64.6
2026-09-22T12:52:00Z,2026-09-22T14:52:00+02:00,54,placa-vella,297,135,162,54.5
2026-09-22T12:52:00Z,2026-09-22T14:52:00+02:00,55,ajuntament-mercat,237,90,147,62
2026-09-22T12:53:00Z,2026-09-22T14:53:00+02:00,53,dr-robert,407,144,263,64.6
2026-09-22T12:53:00Z,2026-09-22T14:53:00+02:00,54,placa-vella,297,135,162,54.5
2026-09-22T12:53:00Z,2026-09-22T14:53:00+02:00,55,ajuntament-mercat,237,90,147,62
2026-09-22T12:54:00Z,2026-09-22T14:54:00+02:00,53,dr-robert,407,144,263,64.6
2026-09-22T12:54:00Z,2026-09-22T14:54:00+02:00,54,placa-vella,297,135,162,54.5
2026-09-22T12:54:00Z,2026-09-22T14:54:00+02:00,55,ajuntament-mercat,237,90,147,62
2026-09-22T12:55:00Z,2026-09-22T14:55:00+02:00,53,dr-robert,407,144,263,64.6
2026-09-22T12:55:00Z,2026-09-22T14:55:00+02:00,54,placa-vella,297,134,163,54.9
2026-09-22T12:55:00Z,2026-09-22T14:55:00+02:00,55,ajuntament-mercat,237,91,146,61.6
2026-09-22T12:56:00Z,2026-09-22T14:56:00+02:00,53,dr-robert,407,144,263,64.6
2026-09-22T12:56:00Z,2026-09-22T14:56:00+02:00,54,placa-vella,297,134,163,54.9
2026-09-22T12:56:00Z,2026-09-22T14:56:00+02:00,55,ajuntament-mercat,237,91,146,61.6
2026-09-22T12:57:00Z,2026-09-22T14:57:00+02:00,53,dr-robert,407,144,263,64.6
2026-09-22T12:57:00Z,2026-09-22T14:57:00+02:00,54,placa-vella,297,134,163,54.9
2026-09-22T12:57:00Z,2026-09-22T14:57:00+02:00,55,ajuntament-mercat,237,91,146,61.6
2026-09-22T12:58:00Z,2026-09-22T14:58:00+02:00,53,dr-robert,407,144,263,64.6
2026-09-22T12:58:00Z,2026-09-22T14:58:00+02:00,54,placa-vella,297,134,163,54.9
2026-09-22T12:58:00Z,2026-09-22T14:58:00+02:00,55,ajuntament-mercat,237,91,146,61.6
2026-09-22T12:59:00Z,2026-09-22T14:59:00+02:00,53,dr-robert,407,144,263,64.6
2026-09-22T12:59:00Z,2026-09-22T14:59:00+02:00,54,placa-vella,297,134,163,54.9
2026-09-22T12:59:00Z,2026-09-22T14:59:00+02:00,55,ajuntament-mercat,237,91,146,61.6
2026-09-22T13:00:00Z,2026-09-22T15:00:00+02:00,53,dr-robert,407,149,258,63.4
2026-09-22T13:00:00Z,2026-09-22T15:00:00+02:00,54,placa-vella,297,134,163,54.9
2026-09-22T13:00:00Z,2026-09-22T15:00:00+02:00,55,ajuntament-mercat,237,91,146,61.6
2026-09-22T13:01:00Z,2026-09-22T15:01:00+02:00,53,dr-robert,407,149,258,63.4
2026-09-22T13:01:00Z,2026-09-22T15:01:00+02:00,54,placa-vella,297,134,163,54.9
2026-09-22T13:01:00Z,2026-09-22T15:01:00+02:00,55,ajuntament-mercat,237,91,146,61.6
2026-09-22T13:02:00Z,2026-09-22T15:02:00+02:00,53,dr-robert,407,149,258,63.4
2026-09-22T13:02:00Z,2026-09-22T15:02:00+02:00,54,placa-vella,297,134,163,54.9
2026-09-22T13:02:00Z,2026-09-22T15:02:00+02:00,55,ajuntament-mercat,237,91,146,61.6
2026-09-22T13:03:00Z,2026-09-22T15:03:00+02:00,53,dr-robert,407,149,258,63.4
2026-09-22T13:03:00Z,2026-09-22T15:03:00+02:00,54,placa-vella,297,134,163,54.9
2026-09-22T13:03:00Z,2026-09-22T15:03:00+02:00,55,ajuntament-mercat,237,91,146,61.6
2026-09-22T13:04:00Z,2026-09-22T15:04:00+02:00,53,dr-robert,407,149,258,63.4
2026-09-22T13:04:00Z,2026-09-22T15:04:00+02:00,54,placa-vella,297,134,163,54.9
2026-09-22T13:04:00Z,2026-09-22T15:04:00+02:00,55,ajuntament-mercat,237,91,146,61.6
2026-09-22T13:05:00Z,2026-09-22T15:05:00+02:00,53,dr-robert,407,154,253,62.2
2026-09-22T13:05:00Z,2026-09-22T15:05:00+02:00,54,placa-vella,297,134,163,54.9
2026-09-22T13:05:00Z,2026-09-22T15:05:00+02:00,55,ajuntament-mercat,237,93,144,60.8
2026-09-22T13:06:00Z,2026-09-22T15:06:00+02:00,53,dr-robert,407,154,253,62.2
2026-09-22T13:06:00Z,2026-09-22T15:06:00+02:00,54,placa-vella,297,134,163,54.9
2026-09-22T13:06:00Z,2026-09-22T15:06:00+02:00,55,ajuntament-mercat,237,93,144,60.8
2026-09-22T13:07:00Z,2026-09-22T15:07:00+02:00,53,dr-robert,407,154,253,62.2
2026-09-22T13:07:00Z,2026-09-22T15:07:00+02:00,54,placa-vella,297,134,163,54.9
2026-09-22T13:07:00Z,2026-09-22T15:07:00+02:00,55,ajuntament-mercat,237,93,144,60.8
2026-09-22T13:08:00Z,2026-09-22T15:08:00+02:00,53,dr-robert,407,154,253,62.2
2026-09-22T13:08:00Z,2026-09-22T15:08:00+02:00,54,placa-vella,297,134,163,54.9
2026-09-22T13:08:00Z,2026-09-22T15:08:00+02:00,55,ajuntament-mercat,237,93,144,60.8
2026-09-22T13:09:00Z,2026-09-22T15:09:00+02:00,53,dr-robert,407,154,253,62.2
2026-09-22T13:09:00Z,2026-09-22T15:09:00+02:00,54,placa-vella,297,134,163,54.9
2026-09-22T13:09:00Z,2026-09-22T15:09:00+02:00,55,ajuntament-mercat,237,93,144,60.8
2026-09-22T13:10:00Z,2026-09-22T15:10:00+02:00,53,dr-robert,407,160,247,60.7
2026-09-22T13:10:00Z,2026-09-22T15:10:00+02:00,54,placa-vella,297,134,163,54.9
2026-09-22T13:10:00Z,2026-09-22T15:10:00+02:00,55,ajuntament-mercat,237,96,141,59.5
2026-09-22T13:11:00Z,2026-09-22T15:11:00+02:00,53,dr-robert,407,160,247,60.7
2026-09-22T13:11:00Z,2026-09-22T15:11:00+02:00,54,placa-vella,297,134,163,54.9
2026-09-22T13:11:00Z,2026-09-22T15:11:00+02:00,55,ajuntament-mercat,237,96,141,59.5
2026-09-22T13:12:00Z,2026-09-22T15:12:00+02:00,53,dr-robert,407,160,247,60.7
2026-09-22T13:12:00Z,2026-09-22T15:12:00+02:00,54,placa-vella,297,134,163,54.9
2026-09-22T13:12:00Z,2026-09-22T15:12:00+02:00,55,ajuntament-mercat,237,96,141,59.5
2026-09-22T13:13:00Z,2026-09-22T15:13:00+02:00,53,dr-robert,407,160,247,60.7
2026-09-22T13:13:00Z,2026-09-22T15:13:00+02:00,54,placa-vella,297,134,163,54.9
2026-09-22T13:13:00Z,2026-09-22T15:13:00+02:00,55,ajuntament-mercat,237,96,141,59.5
2026-09-22T13:14:00Z,2026-09-22T15:14:00+02:00,53,dr-robert,407,160,247,60.7
2026-09-22T13:14:00Z,2026-09-22T15:14:00+02:00,54,placa-vella,297,134,163,54.9
2026-09-22T13:14:00Z,2026-09-22T15:14:00+02:00,55,ajuntament-mercat,237,96,141,59.5
2026-09-22T13:15:00Z,2026-09-22T15:15:00+02:00,53,dr-robert,407,160,247,60.7
2026-09-22T13:15:00Z,2026-09-22T15:15:00+02:00,54,placa-vella,297,135,162,54.5
2026-09-22T13:15:00Z,2026-09-22T15:15:00+02:00,55,ajuntament-mercat,237,103,134,56.5
2026-09-22T13:16:00Z,2026-09-22T15:16:00+02:00,53,dr-robert,407,160,247,60.7
2026-09-22T13:16:00Z,2026-09-22T15:16:00+02:00,54,placa-vella,297,135,162,54.5
2026-09-22T13:16:00Z,2026-09-22T15:16:00+02:00,55,ajuntament-mercat,237,103,134,56.5
2026-09-22T13:17:00Z,2026-09-22T15:17:00+02:00,53,dr-robert,407,160,247,60.7
2026-09-22T13:17:00Z,2026-09-22T15:17:00+02:00,54,placa-vella,297,135,162,54.5
2026-09-22T13:17:00Z,2026-09-22T15:17:00+02:00,55,ajuntament-mercat,237,103,134,56.5
2026-09-22T13:18:00Z,2026-09-22T15:18:00+02:00,53,dr-robert,407,160,247,60.7
2026-09-22T13:18:00Z,2026-09-22T15:18:00+02:00,54,placa-vella,297,135,162,54.5
2026-09-22T13:18:00Z,2026-09-22T15:18:00+02:00,55,ajuntament-mercat,237,103,134,56.5
2026-09-22T13:19:00Z,2026-09-22T15:19:00+02:00,53,dr-robert,407,160,247,60.7
2026-09-22T13:19:00Z,2026-09-22T15:19:00+02:00,54,placa-vella,297,135,162,54.5
2026-09-22T13:19:00Z,2026-09-22T15:19:00+02:00,55,ajuntament-mercat,237,103,134,56.5
2026-09-22T13:20:00Z,2026-09-22T15:20:00+02:00,53,dr-robert,407,163,244,60
2026-09-22T13:20:00Z,2026-09-22T15:20:00+02:00,54,placa-vella,297,139,158,53.2
2026-09-22T13:20:00Z,2026-09-22T15:20:00+02:00,55,ajuntament-mercat,237,104,133,56.1
2026-09-22T13:21:00Z,2026-09-22T15:21:00+02:00,53,dr-robert,407,163,244,60
2026-09-22T13:21:00Z,2026-09-22T15:21:00+02:00,54,placa-vella,297,139,158,53.2
2026-09-22T13:21:00Z,2026-09-22T15:21:00+02:00,55,ajuntament-mercat,237,104,133,56.1
2026-09-22T13:22:00Z,2026-09-22T15:22:00+02:00,53,dr-robert,407,163,244,60
2026-09-22T13:22:00Z,2026-09-22T15:22:00+02:00,54,placa-vella,297,139,158,53.2
2026-09-22T13:22:00Z,2026-09-22T15:22:00+02:00,55,ajuntament-mercat,237,104,133,56.1
2026-09-22T13:23:00Z,2026-09-22T15:23:00+02:00,53,dr-robert,407,163,244,60
2026-09-22T13:23:00Z,2026-09-22T15:23:00+02:00,54,placa-vella,297,139,158,53.2
2026-09-22T13:23:00Z,2026-09-22T15:23:00+02:00,55,ajuntament-mercat,237,104,133,56.1
2026-09-22T13:24:00Z,2026-09-22T15:24:00+02:00,53,dr-robert,407,163,244,60
2026-09-22T13:24:00Z,2026-09-22T15:24:00+02:00,54,placa-vella,297,139,158,53.2
2026-09-22T13:24:00Z,2026-09-22T15:24:00+02:00,55,ajuntament-mercat,237,104,133,56.1
2026-09-22T13:25:00Z,2026-09-22T15:25:00+02:00,53,dr-robert,407,166,241,59.2
2026-09-22T13:25:00Z,2026-09-22T15:25:00+02:00,54,placa-vella,297,138,159,53.5
2026-09-22T13:25:00Z,2026-09-22T15:25:00+02:00,55,ajuntament-mercat,237,103,134,56.5
2026-09-22T13:26:00Z,2026-09-22T15:26:00+02:00,53,dr-robert,407,166,241,59.2
2026-09-22T13:26:00Z,2026-09-22T15:26:00+02:00,54,placa-vella,297,138,159,53.5
2026-09-22T13:26:00Z,2026-09-22T15:26:00+02:00,55,ajuntament-mercat,237,103,134,56.5
2026-09-22T13:27:00Z,2026-09-22T15:27:00+02:00,53,dr-robert,407,166,241,59.2
2026-09-22T13:27:00Z,2026-09-22T15:27:00+02:00,54,placa-vella,297,138,159,53.5
2026-09-22T13:27:00Z,2026-09-22T15:27:00+02:00,55,ajuntament-mercat,237,103,134,56.5
2026-09-22T13:28:00Z,2026-09-22T15:28:00+02:00,53,dr-robert,407,166,241,59.2
2026-09-22T13:28:00Z,2026-09-22T15:28:00+02:00,54,placa-vella,297,138,159,53.5
2026-09-22T13:28:00Z,2026-09-22T15:28:00+02:00,55,ajuntament-mercat,237,103,134,56.5
2026-09-22T13:29:00Z,2026-09-22T15:29:00+02:00,53,dr-robert,407,166,241,59.2
2026-09-22T13:29:00Z,2026-09-22T15:29:00+02:00,54,placa-vella,297,138,159,53.5
2026-09-22T13:29:00Z,2026-09-22T15:29:00+02:00,55,ajuntament-mercat,237,103,134,56.5
2026-09-22T13:30:00Z,2026-09-22T15:30:00+02:00,53,dr-robert,407,162,245,60.2
2026-09-22T13:30:00Z,2026-09-22T15:30:00+02:00,54,placa-vella,297,140,157,52.9
2026-09-22T13:30:00Z,2026-09-22T15:30:00+02:00,55,ajuntament-mercat,237,109,128,54
2026-09-22T13:31:00Z,2026-09-22T15:31:00+02:00,53,dr-robert,407,162,245,60.2
2026-09-22T13:31:00Z,2026-09-22T15:31:00+02:00,54,placa-vella,297,140,157,52.9
2026-09-22T13:31:00Z,2026-09-22T15:31:00+02:00,55,ajuntament-mercat,237,109,128,54
2026-09-22T13:32:00Z,2026-09-22T15:32:00+02:00,53,dr-robert,407,162,245,60.2
2026-09-22T13:32:00Z,2026-09-22T15:32:00+02:00,54,placa-vella,297,140,157,52.9
2026-09-22T13:32:00Z,2026-09-22T15:32:00+02:00,55,ajuntament-mercat,237,109,128,54
2026-09-22T13:33:00Z,2026-09-22T15:33:00+02:00,53,dr-robert,407,162,245,60.2
2026-09-22T13:33:00Z,2026-09-22T15:33:00+02:00,54,placa-vella,297,140,157,52.9
2026-09-22T13:33:00Z,2026-09-22T15:33:00+02:00,55,ajuntament-mercat,237,109,128,54
2026-09-22T13:34:00Z,2026-09-22T15:34:00+02:00,53,dr-robert,407,162,245,60.2
2026-09-22T13:34:00Z,2026-09-22T15:34:00+02:00,54,placa-vella,297,140,157,52.9
2026-09-22T13:34:00Z,2026-09-22T15:34:00+02:00,55,ajuntament-mercat,237,109,128,54
2026-09-22T13:35:00Z,2026-09-22T15:35:00+02:00,53,dr-robert,407,164,243,59.7
2026-09-22T13:35:00Z,2026-09-22T15:35:00+02:00,54,placa-vella,297,139,158,53.2
2026-09-22T13:35:00Z,2026-09-22T15:35:00+02:00,55,ajuntament-mercat,237,113,124,52.3
2026-09-22T13:36:00Z,2026-09-22T15:36:00+02:00,53,dr-robert,407,164,243,59.7
2026-09-22T13:36:00Z,2026-09-22T15:36:00+02:00,54,placa-vella,297,139,158,53.2
2026-09-22T13:36:00Z,2026-09-22T15:36:00+02:00,55,ajuntament-mercat,237,113,124,52.3
2026-09-22T13:37:00Z,2026-09-22T15:37:00+02:00,53,dr-robert,407,164,243,59.7
2026-09-22T13:37:00Z,2026-09-22T15:37:00+02:00,54,placa-vella,297,139,158,53.2
2026-09-22T13:37:00Z,2026-09-22T15:37:00+02:00,55,ajuntament-mercat,237,113,124,52.3
2026-09-22T13:38:00Z,2026-09-22T15:38:00+02:00,53,dr-robert,407,164,243,59.7
2026-09-22T13:38:00Z,2026-09-22T15:38:00+02:00,54,placa-vella,297,139,158,53.2
2026-09-22T13:38:00Z,2026-09-22T15:38:00+02:00,55,ajuntament-mercat,237,113,124,52.3
2026-09-22T13:39:00Z,2026-09-22T15:39:00+02:00,53,dr-robert,407,164,243,59.7
2026-09-22T13:39:00Z,2026-09-22T15:39:00+02:00,54,placa-vella,297,139,158,53.2
2026-09-22T13:39:00Z,2026-09-22T15:39:00+02:00,55,ajuntament-mercat,237,113,124,52.3
2026-09-22T13:40:00Z,2026-09-22T15:40:00+02:00,53,dr-robert,407,165,242,59.5
2026-09-22T13:40:00Z,2026-09-22T15:40:00+02:00,54,placa-vella,297,137,160,53.9
2026-09-22T13:40:00Z,2026-09-22T15:40:00+02:00,55,ajuntament-mercat,237,112,125,52.7
2026-09-22T13:41:00Z,2026-09-22T15:41:00+02:00,53,dr-robert,407,165,242,59.5
2026-09-22T13:41:00Z,2026-09-22T15:41:00+02:00,54,placa-vella,297,137,160,53.9
2026-09-22T13:41:00Z,2026-09-22T15:41:00+02:00,55,ajuntament-mercat,237,112,125,52.7
2026-09-22T13:42:00Z,2026-09-22T15:42:00+02:00,53,dr-robert,407,165,242,59.5
2026-09-22T13:42:00Z,2026-09-22T15:42:00+02:00,54,placa-vella,297,137,160,53.9
2026-09-22T13:42:00Z,2026-09-22T15:42:00+02:00,55,ajuntament-mercat,237,112,125,52.7
2026-09-22T13:43:00Z,2026-09-22T15:43:00+02:00,53,dr-robert,407,165,242,59.5
2026-09-22T13:43:00Z,2026-09-22T15:43:00+02:00,54,placa-vella,297,137,160,53.9
2026-09-22T13:43:00Z,2026-09-22T15:43:00+02:00,55,ajuntament-mercat,237,112,125,52.7
2026-09-22T13:44:00Z,2026-09-22T15:44:00+02:00,53,dr-robert,407,165,242,59.5
2026-09-22T13:44:00Z,2026-09-22T15:44:00+02:00,54,placa-vella,297,137,160,53.9
2026-09-22T13:44:00Z,2026-09-22T15:44:00+02:00,55,ajuntament-mercat,237,112,125,52.7
2026-09-22T13:45:00Z,2026-09-22T15:45:00+02:00,53,dr-robert,407,161,246,60.4
2026-09-22T13:45:00Z,2026-09-22T15:45:00+02:00,54,placa-vella,297,140,157,52.9
2026-09-22T13:45:00Z,2026-09-22T15:45:00+02:00,55,ajuntament-mercat,237,110,127,53.6
2026-09-22T13:46:00Z,2026-09-22T15:46:00+02:00,53,dr-robert,407,161,246,60.4
2026-09-22T13:46:00Z,2026-09-22T15:46:00+02:00,54,placa-vella,297,140,157,52.9
2026-09-22T13:46:00Z,2026-09-22T15:46:00+02:00,55,ajuntament-mercat,237,110,127,53.6
2026-09-22T13:47:00Z,2026-09-22T15:47:00+02:00,53,dr-robert,407,161,246,60.4
2026-09-22T13:47:00Z,2026-09-22T15:47:00+02:00,54,placa-vella,297,140,157,52.9
2026-09-22T13:47:00Z,2026-09-22T15:47:00+02:00,55,ajuntament-mercat,237,110,127,53.6
2026-09-22T13:48:00Z,2026-09-22T15:48:00+02:00,53,dr-robert,407,161,246,60.4
2026-09-22T13:48:00Z,2026-09-22T15:48:00+02:00,54,placa-vella,297,140,157,52.9
2026-09-22T13:48:00Z,2026-09-22T15:48:00+02:00,55,ajuntament-mercat,237,110,127,53.6
2026-09-22T13:49:00Z,2026-09-22T15:49:00+02:00,53,dr-robert,407,161,246,60.4
2026-09-22T13:49:00Z,2026-09-22T15:49:00+02:00,54,placa-vella,297,140,157,52.9
2026-09-22T13:49:00Z,2026-09-22T15:49:00+02:00,55,ajuntament-mercat,237,110,127,53.6
2026-09-22T13:50:00Z,2026-09-22T15:50:00+02:00,53,dr-robert,407,153,254,62.4
2026-09-22T13:50:00Z,2026-09-22T15:50:00+02:00,54,placa-vella,297,138,159,53.5
2026-09-22T13:50:00Z,2026-09-22T15:50:00+02:00,55,ajuntament-mercat,237,110,127,53.6
2026-09-22T13:51:00Z,2026-09-22T15:51:00+02:00,53,dr-robert,407,153,254,62.4
2026-09-22T13:51:00Z,2026-09-22T15:51:00+02:00,54,placa-vella,297,138,159,53.5
2026-09-22T13:51:00Z,2026-09-22T15:51:00+02:00,55,ajuntament-mercat,237,110,127,53.6
2026-09-22T13:52:00Z,2026-09-22T15:52:00+02:00,53,dr-robert,407,153,254,62.4
2026-09-22T13:52:00Z,2026-09-22T15:52:00+02:00,54,placa-vella,297,138,159,53.5
2026-09-22T13:52:00Z,2026-09-22T15:52:00+02:00,55,ajuntament-mercat,237,110,127,53.6
2026-09-22T13:53:00Z,2026-09-22T15:53:00+02:00,53,dr-robert,407,153,254,62.4
2026-09-22T13:53:00Z,2026-09-22T15:53:00+02:00,54,placa-vella,297,138,159,53.5
2026-09-22T13:53:00Z,2026-09-22T15:53:00+02:00,55,ajuntament-mercat,237,110,127,53.6
2026-09-22T13:54:00Z,2026-09-22T15:54:00+02:00,53,dr-robert,407,153,254,62.4
2026-09-22T13:54:00Z,2026-09-22T15:54:00+02:00,54,placa-vella,297,138,159,53.5
2026-09-22T13:54:00Z,2026-09-22T15:54:00+02:00,55,ajuntament-mercat,237,110,127,53.6
2026-09-22T13:55:00Z,2026-09-22T15:55:00+02:00,53,dr-robert,407,150,257,63.1
2026-09-22T13:55:00Z,2026-09-22T15:55:00+02:00,54,placa-vella,297,139,158,53.2
2026-09-22T13:55:00Z,2026-09-22T15:55:00+02:00,55,ajuntament-mercat,237,114,123,51.9
2026-09-22T13:56:00Z,2026-09-22T15:56:00+02:00,53,dr-robert,407,150,257,63.1
2026-09-22T13:56:00Z,2026-09-22T15:56:00+02:00,54,placa-vella,297,139,158,53.2
2026-09-22T13:56:00Z,2026-09-22T15:56:00+02:00,55,ajuntament-mercat,237,114,123,51.9
2026-09-22T13:57:00Z,2026-09-22T15:57:00+02:00,53,dr-robert,407,150,257,63.1
2026-09-22T13:57:00Z,2026-09-22T15:57:00+02:00,54,placa-vella,297,139,158,53.2
2026-09-22T13:57:00Z,2026-09-22T15:57:00+02:00,55,ajuntament-mercat,237,114,123,51.9
2026-09-22T13:58:00Z,2026-09-22T15:58:00+02:00,53,dr-robert,407,150,257,63.1
2026-09-22T13:58:00Z,2026-09-22T15:58:00+02:00,54,placa-vella,297,139,158,53.2
2026-09-22T13:58:00Z,2026-09-22T15:58:00+02:00,55,ajuntament-mercat,237,114,123,51.9
2026-09-22T13:59:00Z,2026-09-22T15:59:00+02:00,53,dr-robert,407,150,257,63.1
2026-09-22T13:59:00Z,2026-09-22T15:59:00+02:00,54,placa-vella,297,139,158,53.2
2026-09-22T13:59:00Z,2026-09-22T15:59:00+02:00,55,ajuntament-mercat,237,114,123,51.9
2026-09-22T14:00:00Z,2026-09-22T16:00:00+02:00,53,dr-robert,407,150,257,63.1
2026-09-22T14:00:00Z,2026-09-22T16:00:00+02:00,54,placa-vella,297,139,158,53.2
2026-09-22T14:00:00Z,2026-09-22T16:00:00+02:00,55,ajuntament-mercat,237,114,123,51.9
2026-09-22T14:01:00Z,2026-09-22T16:01:00+02:00,53,dr-robert,407,150,257,63.1
2026-09-22T14:01:00Z,2026-09-22T16:01:00+02:00,54,placa-vella,297,139,158,53.2
2026-09-22T14:01:00Z,2026-09-22T16:01:00+02:00,55,ajuntament-mercat,237,114,123,51.9
2026-09-22T14:02:00Z,2026-09-22T16:02:00+02:00,53,dr-robert,407,150,257,63.1
2026-09-22T14:02:00Z,2026-09-22T16:02:00+02:00,54,placa-vella,297,139,158,53.2
2026-09-22T14:02:00Z,2026-09-22T16:02:00+02:00,55,ajuntament-mercat,237,114,123,51.9
2026-09-22T14:03:00Z,2026-09-22T16:03:00+02:00,53,dr-robert,407,158,249,61.2
2026-09-22T14:03:00Z,2026-09-22T16:03:00+02:00,54,placa-vella,297,132,165,55.6
2026-09-22T14:03:00Z,2026-09-22T16:03:00+02:00,55,ajuntament-mercat,237,115,122,51.5
2026-09-22T14:04:00Z,2026-09-22T16:04:00+02:00,53,dr-robert,407,158,249,61.2
2026-09-22T14:04:00Z,2026-09-22T16:04:00+02:00,54,placa-vella,297,132,165,55.6
2026-09-22T14:04:00Z,2026-09-22T16:04:00+02:00,55,ajuntament-mercat,237,115,122,51.5
2026-09-22T14:05:00Z,2026-09-22T16:05:00+02:00,53,dr-robert,407,160,247,60.7
2026-09-22T14:05:00Z,2026-09-22T16:05:00+02:00,54,placa-vella,297,130,167,56.2
2026-09-22T14:05:00Z,2026-09-22T16:05:00+02:00,55,ajuntament-mercat,237,116,121,51.1
2026-09-22T14:06:00Z,2026-09-22T16:06:00+02:00,53,dr-robert,407,160,247,60.7
2026-09-22T14:06:00Z,2026-09-22T16:06:00+02:00,54,placa-vella,297,130,167,56.2
2026-09-22T14:06:00Z,2026-09-22T16:06:00+02:00,55,ajuntament-mercat,237,116,121,51.1
2026-09-22T14:07:00Z,2026-09-22T16:07:00+02:00,53,dr-robert,407,160,247,60.7
2026-09-22T14:07:00Z,2026-09-22T16:07:00+02:00,54,placa-vella,297,130,167,56.2
2026-09-22T14:07:00Z,2026-09-22T16:07:00+02:00,55,ajuntament-mercat,237,116,121,51.1
2026-09-22T14:08:00Z,2026-09-22T16:08:00+02:00,53,dr-robert,407,160,247,60.7
2026-09-22T14:08:00Z,2026-09-22T16:08:00+02:00,54,placa-vella,297,130,167,56.2
2026-09-22T14:08:00Z,2026-09-22T16:08:00+02:00,55,ajuntament-mercat,237,116,121,51.1
2026-09-22T14:09:00Z,2026-09-22T16:09:00+02:00,53,dr-robert,407,160,247,60.7
2026-09-22T14:09:00Z,2026-09-22T16:09:00+02:00,54,placa-vella,297,130,167,56.2
2026-09-22T14:09:00Z,2026-09-22T16:09:00+02:00,55,ajuntament-mercat,237,116,121,51.1
2026-09-22T14:10:00Z,2026-09-22T16:10:00+02:00,53,dr-robert,407,164,243,59.7
2026-09-22T14:10:00Z,2026-09-22T16:10:00+02:00,54,placa-vella,297,126,171,57.6
2026-09-22T14:10:00Z,2026-09-22T16:10:00+02:00,55,ajuntament-mercat,237,118,119,50.2
2026-09-22T14:11:00Z,2026-09-22T16:11:00+02:00,53,dr-robert,407,164,243,59.7
2026-09-22T14:11:00Z,2026-09-22T16:11:00+02:00,54,placa-vella,297,126,171,57.6
2026-09-22T14:11:00Z,2026-09-22T16:11:00+02:00,55,ajuntament-mercat,237,118,119,50.2
2026-09-22T14:12:00Z,2026-09-22T16:12:00+02:00,53,dr-robert,407,164,243,59.7
2026-09-22T14:12:00Z,2026-09-22T16:12:00+02:00,54,placa-vella,297,126,171,57.6
2026-09-22T14:12:00Z,2026-09-22T16:12:00+02:00,55,ajuntament-mercat,237,118,119,50.2
2026-09-22T14:13:00Z,2026-09-22T16:13:00+02:00,53,dr-robert,407,164,243,59.7
2026-09-22T14:13:00Z,2026-09-22T16:13:00+02:00,54,placa-vella,297,126,171,57.6
2026-09-22T14:13:00Z,2026-09-22T16:13:00+02:00,55,ajuntament-mercat,237,118,119,50.2
2026-09-22T14:14:00Z,2026-09-22T16:14:00+02:00,53,dr-robert,407,164,243,59.7
2026-09-22T14:14:00Z,2026-09-22T16:14:00+02:00,54,placa-vella,297,126,171,57.6
2026-09-22T14:14:00Z,2026-09-22T16:14:00+02:00,55,ajuntament-mercat,237,118,119,50.2
2026-09-22T14:15:00Z,2026-09-22T16:15:00+02:00,53,dr-robert,407,164,243,59.7
2026-09-22T14:15:00Z,2026-09-22T16:15:00+02:00,54,placa-vella,297,129,168,56.6
2026-09-22T14:15:00Z,2026-09-22T16:15:00+02:00,55,ajuntament-mercat,237,116,121,51.1
2026-09-22T14:16:00Z,2026-09-22T16:16:00+02:00,53,dr-robert,407,164,243,59.7
2026-09-22T14:16:00Z,2026-09-22T16:16:00+02:00,54,placa-vella,297,129,168,56.6
2026-09-22T14:16:00Z,2026-09-22T16:16:00+02:00,55,ajuntament-mercat,237,116,121,51.1
2026-09-22T14:17:00Z,2026-09-22T16:17:00+02:00,53,dr-robert,407,164,243,59.7
2026-09-22T14:17:00Z,2026-09-22T16:17:00+02:00,54,placa-vella,297,129,168,56.6
2026-09-22T14:17:00Z,2026-09-22T16:17:00+02:00,55,ajuntament-mercat,237,116,121,51.1
2026-09-22T14:18:00Z,2026-09-22T16:18:00+02:00,53,dr-robert,407,164,243,59.7
2026-09-22T14:18:00Z,2026-09-22T16:18:00+02:00,54,placa-vella,297,129,168,56.6
2026-09-22T14:18:00Z,2026-09-22T16:18:00+02:00,55,ajuntament-mercat,237,116,121,51.1
2026-09-22T14:19:00Z,2026-09-22T16:19:00+02:00,53,dr-robert,407,164,243,59.7
2026-09-22T14:19:00Z,2026-09-22T16:19:00+02:00,54,placa-vella,297,129,168,56.6
2026-09-22T14:19:00Z,2026-09-22T16:19:00+02:00,55,ajuntament-mercat,237,116,121,51.1
2026-09-22T14:20:00Z,2026-09-22T16:20:00+02:00,53,dr-robert,407,173,234,57.5
2026-09-22T14:20:00Z,2026-09-22T16:20:00+02:00,54,placa-vella,297,129,168,56.6
2026-09-22T14:20:00Z,2026-09-22T16:20:00+02:00,55,ajuntament-mercat,237,116,121,51.1
2026-09-22T14:21:00Z,2026-09-22T16:21:00+02:00,53,dr-robert,407,173,234,57.5
2026-09-22T14:21:00Z,2026-09-22T16:21:00+02:00,54,placa-vella,297,129,168,56.6
2026-09-22T14:21:00Z,2026-09-22T16:21:00+02:00,55,ajuntament-mercat,237,116,121,51.1
2026-09-22T14:22:00Z,2026-09-22T16:22:00+02:00,53,dr-robert,407,173,234,57.5
2026-09-22T14:22:00Z,2026-09-22T16:22:00+02:00,54,placa-vella,297,129,168,56.6
2026-09-22T14:22:00Z,2026-09-22T16:22:00+02:00,55,ajuntament-mercat,237,116,121,51.1
2026-09-22T14:23:00Z,2026-09-22T16:23:00+02:00,53,dr-robert,407,173,234,57.5
2026-09-22T14:23:00Z,2026-09-22T16:23:00+02:00,54,placa-vella,297,129,168,56.6
2026-09-22T14:23:00Z,2026-09-22T16:23:00+02:00,55,ajuntament-mercat,237,116,121,51.1
2026-09-22T14:24:00Z,2026-09-22T16:24:00+02:00,53,dr-robert,407,173,234,57.5
2026-09-22T14:24:00Z,2026-09-22T16:24:00+02:00,54,placa-vella,297,129,168,56.6
2026-09-22T14:24:00Z,2026-09-22T16:24:00+02:00,55,ajuntament-mercat,237,116,121,51.1
2026-09-22T14:25:00Z,2026-09-22T16:25:00+02:00,53,dr-robert,407,170,237,58.2
2026-09-22T14:25:00Z,2026-09-22T16:25:00+02:00,54,placa-vella,297,125,172,57.9
2026-09-22T14:25:00Z,2026-09-22T16:25:00+02:00,55,ajuntament-mercat,237,109,128,54
2026-09-22T14:26:00Z,2026-09-22T16:26:00+02:00,53,dr-robert,407,170,237,58.2
2026-09-22T14:26:00Z,2026-09-22T16:26:00+02:00,54,placa-vella,297,125,172,57.9
2026-09-22T14:26:00Z,2026-09-22T16:26:00+02:00,55,ajuntament-mercat,237,109,128,54
2026-09-22T14:27:00Z,2026-09-22T16:27:00+02:00,53,dr-robert,407,170,237,58.2
2026-09-22T14:27:00Z,2026-09-22T16:27:00+02:00,54,placa-vella,297,125,172,57.9
2026-09-22T14:27:00Z,2026-09-22T16:27:00+02:00,55,ajuntament-mercat,237,109,128,54
2026-09-22T14:28:00Z,2026-09-22T16:28:00+02:00,53,dr-robert,407,170,237,58.2
2026-09-22T14:28:00Z,2026-09-22T16:28:00+02:00,54,placa-vella,297,125,172,57.9
2026-09-22T14:28:00Z,2026-09-22T16:28:00+02:00,55,ajuntament-mercat,237,109,128,54
2026-09-22T14:29:00Z,2026-09-22T16:29:00+02:00,53,dr-robert,407,170,237,58.2
2026-09-22T14:29:00Z,2026-09-22T16:29:00+02:00,54,placa-vella,297,125,172,57.9
2026-09-22T14:29:00Z,2026-09-22T16:29:00+02:00,55,ajuntament-mercat,237,109,128,54
2026-09-22T14:30:00Z,2026-09-22T16:30:00+02:00,53,dr-robert,407,164,243,59.7
2026-09-22T14:30:00Z,2026-09-22T16:30:00+02:00,54,placa-vella,297,123,174,58.6
2026-09-22T14:30:00Z,2026-09-22T16:30:00+02:00,55,ajuntament-mercat,237,106,131,55.3
2026-09-22T14:31:00Z,2026-09-22T16:31:00+02:00,53,dr-robert,407,164,243,59.7
2026-09-22T14:31:00Z,2026-09-22T16:31:00+02:00,54,placa-vella,297,123,174,58.6
2026-09-22T14:31:00Z,2026-09-22T16:31:00+02:00,55,ajuntament-mercat,237,106,131,55.3
2026-09-22T14:32:00Z,2026-09-22T16:32:00+02:00,53,dr-robert,407,164,243,59.7
2026-09-22T14:32:00Z,2026-09-22T16:32:00+02:00,54,placa-vella,297,123,174,58.6
2026-09-22T14:32:00Z,2026-09-22T16:32:00+02:00,55,ajuntament-mercat,237,106,131,55.3
2026-09-22T14:33:00Z,2026-09-22T16:33:00+02:00,53,dr-robert,407,164,243,59.7
2026-09-22T14:33:00Z,2026-09-22T16:33:00+02:00,54,placa-vella,297,123,174,58.6
2026-09-22T14:33:00Z,2026-09-22T16:33:00+02:00,55,ajuntament-mercat,237,106,131,55.3
2026-09-22T14:34:00Z,2026-09-22T16:34:00+02:00,53,dr-robert,407,164,243,59.7
2026-09-22T14:34:00Z,2026-09-22T16:34:00+02:00,54,placa-vella,297,123,174,58.6
2026-09-22T14:34:00Z,2026-09-22T16:34:00+02:00,55,ajuntament-mercat,237,106,131,55.3
2026-09-22T14:35:00Z,2026-09-22T16:35:00+02:00,53,dr-robert,407,166,241,59.2
2026-09-22T14:35:00Z,2026-09-22T16:35:00+02:00,54,placa-vella,297,123,174,58.6
2026-09-22T14:35:00Z,2026-09-22T16:35:00+02:00,55,ajuntament-mercat,237,107,130,54.9
2026-09-22T14:36:00Z,2026-09-22T16:36:00+02:00,53,dr-robert,407,166,241,59.2
2026-09-22T14:36:00Z,2026-09-22T16:36:00+02:00,54,placa-vella,297,123,174,58.6
2026-09-22T14:36:00Z,2026-09-22T16:36:00+02:00,55,ajuntament-mercat,237,107,130,54.9
2026-09-22T14:37:00Z,2026-09-22T16:37:00+02:00,53,dr-robert,407,166,241,59.2
2026-09-22T14:37:00Z,2026-09-22T16:37:00+02:00,54,placa-vella,297,123,174,58.6
2026-09-22T14:37:00Z,2026-09-22T16:37:00+02:00,55,ajuntament-mercat,237,107,130,54.9
2026-09-22T14:38:00Z,2026-09-22T16:38:00+02:00,53,dr-robert,407,166,241,59.2
2026-09-22T14:38:00Z,2026-09-22T16:38:00+02:00,54,placa-vella,297,123,174,58.6
2026-09-22T14:38:00Z,2026-09-22T16:38:00+02:00,55,ajuntament-mercat,237,107,130,54.9
2026-09-22T14:39:00Z,2026-09-22T16:39:00+02:00,53,dr-robert,407,166,241,59.2
2026-09-22T14:39:00Z,2026-09-22T16:39:00+02:00,54,placa-vella,297,123,174,58.6
2026-09-22T14:39:00Z,2026-09-22T16:39:00+02:00,55,ajuntament-mercat,237,107,130,54.9
2026-09-22T14:40:00Z,2026-09-22T16:40:00+02:00,53,dr-robert,407,160,247,60.7
2026-09-22T14:40:00Z,2026-09-22T16:40:00+02:00,54,placa-vella,297,122,175,58.9
2026-09-22T14:40:00Z,2026-09-22T16:40:00+02:00,55,ajuntament-mercat,237,106,131,55.3
2026-09-22T14:41:00Z,2026-09-22T16:41:00+02:00,53,dr-robert,407,160,247,60.7
2026-09-22T14:41:00Z,2026-09-22T16:41:00+02:00,54,placa-vella,297,122,175,58.9
2026-09-22T14:41:00Z,2026-09-22T16:41:00+02:00,55,ajuntament-mercat,237,106,131,55.3
2026-09-22T14:42:00Z,2026-09-22T16:42:00+02:00,53,dr-robert,407,160,247,60.7
2026-09-22T14:42:00Z,2026-09-22T16:42:00+02:00,54,placa-vella,297,122,175,58.9
2026-09-22T14:42:00Z,2026-09-22T16:42:00+02:00,55,ajuntament-mercat,237,106,131,55.3
2026-09-22T14:43:00Z,2026-09-22T16:43:00+02:00,53,dr-robert,407,160,247,60.7
2026-09-22T14:43:00Z,2026-09-22T16:43:00+02:00,54,placa-vella,297,122,175,58.9
2026-09-22T14:43:00Z,2026-09-22T16:43:00+02:00,55,ajuntament-mercat,237,106,131,55.3
2026-09-22T14:44:00Z,2026-09-22T16:44:00+02:00,53,dr-robert,407,160,247,60.7
2026-09-22T14:44:00Z,2026-09-22T16:44:00+02:00,54,placa-vella,297,122,175,58.9
2026-09-22T14:44:00Z,2026-09-22T16:44:00+02:00,55,ajuntament-mercat,237,106,131,55.3
2026-09-22T14:45:00Z,2026-09-22T16:45:00+02:00,53,dr-robert,407,162,245,60.2
2026-09-22T14:45:00Z,2026-09-22T16:45:00+02:00,54,placa-vella,297,121,176,59.3
2026-09-22T14:45:00Z,2026-09-22T16:45:00+02:00,55,ajuntament-mercat,237,109,128,54
2026-09-22T14:46:00Z,2026-09-22T16:46:00+02:00,53,dr-robert,407,162,245,60.2
2026-09-22T14:46:00Z,2026-09-22T16:46:00+02:00,54,placa-vella,297,121,176,59.3
2026-09-22T14:46:00Z,2026-09-22T16:46:00+02:00,55,ajuntament-mercat,237,109,128,54
2026-09-22T14:47:00Z,2026-09-22T16:47:00+02:00,53,dr-robert,407,162,245,60.2
2026-09-22T14:47:00Z,2026-09-22T16:47:00+02:00,54,placa-vella,297,121,176,59.3
2026-09-22T14:47:00Z,2026-09-22T16:47:00+02:00,55,ajuntament-mercat,237,109,128,54
2026-09-22T14:48:00Z,2026-09-22T16:48:00+02:00,53,dr-robert,407,162,245,60.2
2026-09-22T14:48:00Z,2026-09-22T16:48:00+02:00,54,placa-vella,297,121,176,59.3
2026-09-22T14:48:00Z,2026-09-22T16:48:00+02:00,55,ajuntament-mercat,237,109,128,54
2026-09-22T14:49:00Z,2026-09-22T16:49:00+02:00,53,dr-robert,407,162,245,60.2
2026-09-22T14:49:00Z,2026-09-22T16:49:00+02:00,54,placa-vella,297,121,176,59.3
2026-09-22T14:49:00Z,2026-09-22T16:49:00+02:00,55,ajuntament-mercat,237,109,128,54
2026-09-22T14:50:00Z,2026-09-22T16:50:00+02:00,53,dr-robert,407,163,244,60
2026-09-22T14:50:00Z,2026-09-22T16:50:00+02:00,54,placa-vella,297,120,177,59.6
2026-09-22T14:50:00Z,2026-09-22T16:50:00+02:00,55,ajuntament-mercat,237,109,128,54
2026-09-22T14:51:00Z,2026-09-22T16:51:00+02:00,53,dr-robert,407,163,244,60
2026-09-22T14:51:00Z,2026-09-22T16:51:00+02:00,54,placa-vella,297,120,177,59.6
2026-09-22T14:51:00Z,2026-09-22T16:51:00+02:00,55,ajuntament-mercat,237,109,128,54
2026-09-22T14:52:00Z,2026-09-22T16:52:00+02:00,53,dr-robert,407,163,244,60
2026-09-22T14:52:00Z,2026-09-22T16:52:00+02:00,54,placa-vella,297,120,177,59.6
2026-09-22T14:52:00Z,2026-09-22T16:52:00+02:00,55,ajuntament-mercat,237,109,128,54
2026-09-22T14:53:00Z,2026-09-22T16:53:00+02:00,53,dr-robert,407,163,244,60
2026-09-22T14:53:00Z,2026-09-22T16:53:00+02:00,54,placa-vella,297,120,177,59.6
2026-09-22T14:53:00Z,2026-09-22T16:53:00+02:00,55,ajuntament-mercat,237,109,128,54
2026-09-22T14:54:00Z,2026-09-22T16:54:00+02:00,53,dr-robert,407,163,244,60
2026-09-22T14:54:00Z,2026-09-22T16:54:00+02:00,54,placa-vella,297,120,177,59.6
2026-09-22T14:54:00Z,2026-09-22T16:54:00+02:00,55,ajuntament-mercat,237,109,128,54
2026-09-22T14:55:00Z,2026-09-22T16:55:00+02:00,53,dr-robert,407,161,246,60.4
2026-09-22T14:55:00Z,2026-09-22T16:55:00+02:00,54,placa-vella,297,112,185,62.3
2026-09-22T14:55:00Z,2026-09-22T16:55:00+02:00,55,ajuntament-mercat,237,109,128,54
2026-09-22T14:56:00Z,2026-09-22T16:56:00+02:00,53,dr-robert,407,161,246,60.4
2026-09-22T14:56:00Z,2026-09-22T16:56:00+02:00,54,placa-vella,297,112,185,62.3
2026-09-22T14:56:00Z,2026-09-22T16:56:00+02:00,55,ajuntament-mercat,237,109,128,54
2026-09-22T14:57:00Z,2026-09-22T16:57:00+02:00,53,dr-robert,407,161,246,60.4
2026-09-22T14:57:00Z,2026-09-22T16:57:00+02:00,54,placa-vella,297,112,185,62.3
2026-09-22T14:57:00Z,2026-09-22T16:57:00+02:00,55,ajuntament-mercat,237,109,128,54
2026-09-22T14:58:00Z,2026-09-22T16:58:00+02:00,53,dr-robert,407,161,246,60.4
2026-09-22T14:58:00Z,2026-09-22T16:58:00+02:00,54,placa-vella,297,112,185,62.3
2026-09-22T14:58:00Z,2026-09-22T16:58:00+02:00,55,ajuntament-mercat,237,109,128,54
2026-09-22T14:59:00Z,2026-09-22T16:59:00+02:00,53,dr-robert,407,161,246,60.4
2026-09-22T14:59:00Z,2026-09-22T16:59:00+02:00,54,placa-vella,297,112,185,62.3
2026-09-22T14:59:00Z,2026-09-22T16:59:00+02:00,55,ajuntament-mercat,237,109,128,54
2026-09-22T15:00:00Z,2026-09-22T17:00:00+02:00,53,dr-robert,407,161,246,60.4
2026-09-22T15:00:00Z,2026-09-22T17:00:00+02:00,54,placa-vella,297,105,192,64.6
2026-09-22T15:00:00Z,2026-09-22T17:00:00+02:00,55,ajuntament-mercat,237,109,128,54
2026-09-22T15:01:00Z,2026-09-22T17:01:00+02:00,53,dr-robert,407,161,246,60.4
2026-09-22T15:01:00Z,2026-09-22T17:01:00+02:00,54,placa-vella,297,105,192,64.6
2026-09-22T15:01:00Z,2026-09-22T17:01:00+02:00,55,ajuntament-mercat,237,109,128,54
2026-09-22T15:02:00Z,2026-09-22T17:02:00+02:00,53,dr-robert,407,161,246,60.4
2026-09-22T15:02:00Z,2026-09-22T17:02:00+02:00,54,placa-vella,297,105,192,64.6
2026-09-22T15:02:00Z,2026-09-22T17:02:00+02:00,55,ajuntament-mercat,237,109,128,54
2026-09-22T15:03:00Z,2026-09-22T17:03:00+02:00,53,dr-robert,407,161,246,60.4
2026-09-22T15:03:00Z,2026-09-22T17:03:00+02:00,54,placa-vella,297,105,192,64.6
2026-09-22T15:03:00Z,2026-09-22T17:03:00+02:00,55,ajuntament-mercat,237,109,128,54
2026-09-22T15:04:00Z,2026-09-22T17:04:00+02:00,53,dr-robert,407,161,246,60.4
2026-09-22T15:04:00Z,2026-09-22T17:04:00+02:00,54,placa-vella,297,105,192,64.6
2026-09-22T15:04:00Z,2026-09-22T17:04:00+02:00,55,ajuntament-mercat,237,109,128,54
2026-09-22T15:05:00Z,2026-09-22T17:05:00+02:00,53,dr-robert,407,161,246,60.4
2026-09-22T15:05:00Z,2026-09-22T17:05:00+02:00,54,placa-vella,297,103,194,65.3
2026-09-22T15:05:00Z,2026-09-22T17:05:00+02:00,55,ajuntament-mercat,237,110,127,53.6
2026-09-22T15:06:00Z,2026-09-22T17:06:00+02:00,53,dr-robert,407,161,246,60.4
2026-09-22T15:06:00Z,2026-09-22T17:06:00+02:00,54,placa-vella,297,103,194,65.3
2026-09-22T15:06:00Z,2026-09-22T17:06:00+02:00,55,ajuntament-mercat,237,110,127,53.6
2026-09-22T15:07:00Z,2026-09-22T17:07:00+02:00,53,dr-robert,407,161,246,60.4
2026-09-22T15:07:00Z,2026-09-22T17:07:00+02:00,54,placa-vella,297,103,194,65.3
2026-09-22T15:07:00Z,2026-09-22T17:07:00+02:00,55,ajuntament-mercat,237,110,127,53.6
2026-09-22T15:08:00Z,2026-09-22T17:08:00+02:00,53,dr-robert,407,161,246,60.4
2026-09-22T15:08:00Z,2026-09-22T17:08:00+02:00,54,placa-vella,297,103,194,65.3
2026-09-22T15:08:00Z,2026-09-22T17:08:00+02:00,55,ajuntament-mercat,237,110,127,53.6
2026-09-22T15:09:00Z,2026-09-22T17:09:00+02:00,53,dr-robert,407,161,246,60.4
2026-09-22T15:09:00Z,2026-09-22T17:09:00+02:00,54,placa-vella,297,103,194,65.3
2026-09-22T15:09:00Z,2026-09-22T17:09:00+02:00,55,ajuntament-mercat,237,110,127,53.6
2026-09-22T15:10:00Z,2026-09-22T17:10:00+02:00,53,dr-robert,407,172,235,57.7
2026-09-22T15:10:00Z,2026-09-22T17:10:00+02:00,54,placa-vella,297,99,198,66.7
2026-09-22T15:10:00Z,2026-09-22T17:10:00+02:00,55,ajuntament-mercat,237,108,129,54.4
2026-09-22T15:11:00Z,2026-09-22T17:11:00+02:00,53,dr-robert,407,172,235,57.7
2026-09-22T15:11:00Z,2026-09-22T17:11:00+02:00,54,placa-vella,297,99,198,66.7
2026-09-22T15:11:00Z,2026-09-22T17:11:00+02:00,55,ajuntament-mercat,237,108,129,54.4
2026-09-22T15:12:00Z,2026-09-22T17:12:00+02:00,53,dr-robert,407,172,235,57.7
2026-09-22T15:12:00Z,2026-09-22T17:12:00+02:00,54,placa-vella,297,99,198,66.7
2026-09-22T15:12:00Z,2026-09-22T17:12:00+02:00,55,ajuntament-mercat,237,108,129,54.4
2026-09-22T15:13:00Z,2026-09-22T17:13:00+02:00,53,dr-robert,407,172,235,57.7
2026-09-22T15:13:00Z,2026-09-22T17:13:00+02:00,54,placa-vella,297,99,198,66.7
2026-09-22T15:13:00Z,2026-09-22T17:13:00+02:00,55,ajuntament-mercat,237,108,129,54.4
2026-09-22T15:14:00Z,2026-09-22T17:14:00+02:00,53,dr-robert,407,172,235,57.7
2026-09-22T15:14:00Z,2026-09-22T17:14:00+02:00,54,placa-vella,297,99,198,66.7
2026-09-22T15:14:00Z,2026-09-22T17:14:00+02:00,55,ajuntament-mercat,237,108,129,54.4
2026-09-22T15:15:00Z,2026-09-22T17:15:00+02:00,53,dr-robert,407,172,235,57.7
2026-09-22T15:15:00Z,2026-09-22T17:15:00+02:00,54,placa-vella,297,98,199,67
2026-09-22T15:15:00Z,2026-09-22T17:15:00+02:00,55,ajuntament-mercat,237,112,125,52.7
2026-09-22T15:16:00Z,2026-09-22T17:16:00+02:00,53,dr-robert,407,172,235,57.7
2026-09-22T15:16:00Z,2026-09-22T17:16:00+02:00,54,placa-vella,297,98,199,67
2026-09-22T15:16:00Z,2026-09-22T17:16:00+02:00,55,ajuntament-mercat,237,112,125,52.7
2026-09-22T15:17:00Z,2026-09-22T17:17:00+02:00,53,dr-robert,407,172,235,57.7
2026-09-22T15:17:00Z,2026-09-22T17:17:00+02:00,54,placa-vella,297,98,199,67
2026-09-22T15:17:00Z,2026-09-22T17:17:00+02:00,55,ajuntament-mercat,237,112,125,52.7
2026-09-22T15:18:00Z,2026-09-22T17:18:00+02:00,53,dr-robert,407,172,235,57.7
2026-09-22T15:18:00Z,2026-09-22T17:18:00+02:00,54,placa-vella,297,98,199,67
2026-09-22T15:18:00Z,2026-09-22T17:18:00+02:00,55,ajuntament-mercat,237,112,125,52.7
2026-09-22T15:19:00Z,2026-09-22T17:19:00+02:00,53,dr-robert,407,172,235,57.7
2026-09-22T15:19:00Z,2026-09-22T17:19:00+02:00,54,placa-vella,297,98,199,67
2026-09-22T15:19:00Z,2026-09-22T17:19:00+02:00,55,ajuntament-mercat,237,112,125,52.7
2026-09-22T15:20:00Z,2026-09-22T17:20:00+02:00,53,dr-robert,407,170,237,58.2
2026-09-22T15:20:00Z,2026-09-22T17:20:00+02:00,54,placa-vella,297,93,204,68.7
2026-09-22T15:20:00Z,2026-09-22T17:20:00+02:00,55,ajuntament-mercat,237,109,128,54
2026-09-22T15:21:00Z,2026-09-22T17:21:00+02:00,53,dr-robert,407,170,237,58.2
2026-09-22T15:21:00Z,2026-09-22T17:21:00+02:00,54,placa-vella,297,93,204,68.7
2026-09-22T15:21:00Z,2026-09-22T17:21:00+02:00,55,ajuntament-mercat,237,109,128,54
2026-09-22T15:22:00Z,2026-09-22T17:22:00+02:00,53,dr-robert,407,170,237,58.2
2026-09-22T15:22:00Z,2026-09-22T17:22:00+02:00,54,placa-vella,297,93,204,68.7
2026-09-22T15:22:00Z,2026-09-22T17:22:00+02:00,55,ajuntament-mercat,237,109,128,54
2026-09-22T15:23:00Z,2026-09-22T17:23:00+02:00,53,dr-robert,407,170,237,58.2
2026-09-22T15:23:00Z,2026-09-22T17:23:00+02:00,54,placa-vella,297,93,204,68.7
2026-09-22T15:23:00Z,2026-09-22T17:23:00+02:00,55,ajuntament-mercat,237,109,128,54
2026-09-22T15:24:00Z,2026-09-22T17:24:00+02:00,53,dr-robert,407,170,237,58.2
2026-09-22T15:24:00Z,2026-09-22T17:24:00+02:00,54,placa-vella,297,93,204,68.7
2026-09-22T15:24:00Z,2026-09-22T17:24:00+02:00,55,ajuntament-mercat,237,109,128,54
2026-09-22T15:25:00Z,2026-09-22T17:25:00+02:00,53,dr-robert,407,170,237,58.2
2026-09-22T15:25:00Z,2026-09-22T17:25:00+02:00,54,placa-vella,297,93,204,68.7
2026-09-22T15:25:00Z,2026-09-22T17:25:00+02:00,55,ajuntament-mercat,237,108,129,54.4
2026-09-22T15:26:00Z,2026-09-22T17:26:00+02:00,53,dr-robert,407,170,237,58.2
2026-09-22T15:26:00Z,2026-09-22T17:26:00+02:00,54,placa-vella,297,93,204,68.7
2026-09-22T15:26:00Z,2026-09-22T17:26:00+02:00,55,ajuntament-mercat,237,108,129,54.4
2026-09-22T15:27:00Z,2026-09-22T17:27:00+02:00,53,dr-robert,407,170,237,58.2
2026-09-22T15:27:00Z,2026-09-22T17:27:00+02:00,54,placa-vella,297,93,204,68.7
2026-09-22T15:27:00Z,2026-09-22T17:27:00+02:00,55,ajuntament-mercat,237,108,129,54.4
2026-09-22T15:28:00Z,2026-09-22T17:28:00+02:00,53,dr-robert,407,170,237,58.2
2026-09-22T15:28:00Z,2026-09-22T17:28:00+02:00,54,placa-vella,297,93,204,68.7
2026-09-22T15:28:00Z,2026-09-22T17:28:00+02:00,55,ajuntament-mercat,237,108,129,54.4
2026-09-22T15:29:00Z,2026-09-22T17:29:00+02:00,53,dr-robert,407,170,237,58.2
2026-09-22T15:29:00Z,2026-09-22T17:29:00+02:00,54,placa-vella,297,93,204,68.7
2026-09-22T15:29:00Z,2026-09-22T17:29:00+02:00,55,ajuntament-mercat,237,108,129,54.4
2026-09-22T15:30:00Z,2026-09-22T17:30:00+02:00,53,dr-robert,407,173,234,57.5
2026-09-22T15:30:00Z,2026-09-22T17:30:00+02:00,54,placa-vella,297,91,206,69.4
2026-09-22T15:30:00Z,2026-09-22T17:30:00+02:00,55,ajuntament-mercat,237,109,128,54
2026-09-22T15:31:00Z,2026-09-22T17:31:00+02:00,53,dr-robert,407,173,234,57.5
2026-09-22T15:31:00Z,2026-09-22T17:31:00+02:00,54,placa-vella,297,91,206,69.4
2026-09-22T15:31:00Z,2026-09-22T17:31:00+02:00,55,ajuntament-mercat,237,109,128,54
2026-09-22T15:32:00Z,2026-09-22T17:32:00+02:00,53,dr-robert,407,173,234,57.5
2026-09-22T15:32:00Z,2026-09-22T17:32:00+02:00,54,placa-vella,297,91,206,69.4
2026-09-22T15:32:00Z,2026-09-22T17:32:00+02:00,55,ajuntament-mercat,237,109,128,54
2026-09-22T15:33:00Z,2026-09-22T17:33:00+02:00,53,dr-robert,407,173,234,57.5
2026-09-22T15:33:00Z,2026-09-22T17:33:00+02:00,54,placa-vella,297,91,206,69.4
2026-09-22T15:33:00Z,2026-09-22T17:33:00+02:00,55,ajuntament-mercat,237,109,128,54
2026-09-22T15:34:00Z,2026-09-22T17:34:00+02:00,53,dr-robert,407,173,234,57.5
2026-09-22T15:34:00Z,2026-09-22T17:34:00+02:00,54,placa-vella,297,91,206,69.4
2026-09-22T15:34:00Z,2026-09-22T17:34:00+02:00,55,ajuntament-mercat,237,109,128,54
2026-09-22T15:35:00Z,2026-09-22T17:35:00+02:00,53,dr-robert,407,172,235,57.7
2026-09-22T15:35:00Z,2026-09-22T17:35:00+02:00,54,placa-vella,297,85,212,71.4
2026-09-22T15:35:00Z,2026-09-22T17:35:00+02:00,55,ajuntament-mercat,237,110,127,53.6
2026-09-22T15:36:00Z,2026-09-22T17:36:00+02:00,53,dr-robert,407,172,235,57.7
2026-09-22T15:36:00Z,2026-09-22T17:36:00+02:00,54,placa-vella,297,85,212,71.4
2026-09-22T15:36:00Z,2026-09-22T17:36:00+02:00,55,ajuntament-mercat,237,110,127,53.6
2026-09-22T15:37:00Z,2026-09-22T17:37:00+02:00,53,dr-robert,407,172,235,57.7
2026-09-22T15:37:00Z,2026-09-22T17:37:00+02:00,54,placa-vella,297,85,212,71.4
2026-09-22T15:37:00Z,2026-09-22T17:37:00+02:00,55,ajuntament-mercat,237,110,127,53.6
2026-09-22T15:38:00Z,2026-09-22T17:38:00+02:00,53,dr-robert,407,172,235,57.7
2026-09-22T15:38:00Z,2026-09-22T17:38:00+02:00,54,placa-vella,297,85,212,71.4
2026-09-22T15:38:00Z,2026-09-22T17:38:00+02:00,55,ajuntament-mercat,237,110,127,53.6
2026-09-22T15:39:00Z,2026-09-22T17:39:00+02:00,53,dr-robert,407,172,235,57.7
2026-09-22T15:39:00Z,2026-09-22T17:39:00+02:00,54,placa-vella,297,85,212,71.4
2026-09-22T15:39:00Z,2026-09-22T17:39:00+02:00,55,ajuntament-mercat,237,110,127,53.6
2026-09-22T15:40:00Z,2026-09-22T17:40:00+02:00,53,dr-robert,407,167,240,59
2026-09-22T15:40:00Z,2026-09-22T17:40:00+02:00,54,placa-vella,297,86,211,71
2026-09-22T15:40:00Z,2026-09-22T17:40:00+02:00,55,ajuntament-mercat,237,107,130,54.9
2026-09-22T15:41:00Z,2026-09-22T17:41:00+02:00,53,dr-robert,407,167,240,59
2026-09-22T15:41:00Z,2026-09-22T17:41:00+02:00,54,placa-vella,297,86,211,71
2026-09-22T15:41:00Z,2026-09-22T17:41:00+02:00,55,ajuntament-mercat,237,107,130,54.9
2026-09-22T15:42:00Z,2026-09-22T17:42:00+02:00,53,dr-robert,407,167,240,59
2026-09-22T15:42:00Z,2026-09-22T17:42:00+02:00,54,placa-vella,297,86,211,71
2026-09-22T15:42:00Z,2026-09-22T17:42:00+02:00,55,ajuntament-mercat,237,107,130,54.9
2026-09-22T15:43:00Z,2026-09-22T17:43:00+02:00,53,dr-robert,407,167,240,59
2026-09-22T15:43:00Z,2026-09-22T17:43:00+02:00,54,placa-vella,297,86,211,71
2026-09-22T15:43:00Z,2026-09-22T17:43:00+02:00,55,ajuntament-mercat,237,107,130,54.9
2026-09-22T15:44:00Z,2026-09-22T17:44:00+02:00,53,dr-robert,407,167,240,59
2026-09-22T15:44:00Z,2026-09-22T17:44:00+02:00,54,placa-vella,297,86,211,71
2026-09-22T15:44:00Z,2026-09-22T17:44:00+02:00,55,ajuntament-mercat,237,107,130,54.9
2026-09-22T15:45:00Z,2026-09-22T17:45:00+02:00,53,dr-robert,407,169,238,58.5
2026-09-22T15:45:00Z,2026-09-22T17:45:00+02:00,54,placa-vella,297,91,206,69.4
2026-09-22T15:45:00Z,2026-09-22T17:45:00+02:00,55,ajuntament-mercat,237,109,128,54
2026-09-22T15:46:00Z,2026-09-22T17:46:00+02:00,53,dr-robert,407,169,238,58.5
2026-09-22T15:46:00Z,2026-09-22T17:46:00+02:00,54,placa-vella,297,91,206,69.4
2026-09-22T15:46:00Z,2026-09-22T17:46:00+02:00,55,ajuntament-mercat,237,109,128,54
2026-09-22T15:47:00Z,2026-09-22T17:47:00+02:00,53,dr-robert,407,169,238,58.5
2026-09-22T15:47:00Z,2026-09-22T17:47:00+02:00,54,placa-vella,297,91,206,69.4
2026-09-22T15:47:00Z,2026-09-22T17:47:00+02:00,55,ajuntament-mercat,237,109,128,54
2026-09-22T15:48:00Z,2026-09-22T17:48:00+02:00,53,dr-robert,407,169,238,58.5
2026-09-22T15:48:00Z,2026-09-22T17:48:00+02:00,54,placa-vella,297,91,206,69.4
2026-09-22T15:48:00Z,2026-09-22T17:48:00+02:00,55,ajuntament-mercat,237,109,128,54
2026-09-22T15:49:00Z,2026-09-22T17:49:00+02:00,53,dr-robert,407,169,238,58.5
2026-09-22T15:49:00Z,2026-09-22T17:49:00+02:00,54,placa-vella,297,91,206,69.4
2026-09-22T15:49:00Z,2026-09-22T17:49:00+02:00,55,ajuntament-mercat,237,109,128,54
2026-09-22T15:50:00Z,2026-09-22T17:50:00+02:00,53,dr-robert,407,168,239,58.7
2026-09-22T15:50:00Z,2026-09-22T17:50:00+02:00,54,placa-vella,297,96,201,67.7
2026-09-22T15:50:00Z,2026-09-22T17:50:00+02:00,55,ajuntament-mercat,237,105,132,55.7
2026-09-22T15:51:00Z,2026-09-22T17:51:00+02:00,53,dr-robert,407,168,239,58.7
2026-09-22T15:51:00Z,2026-09-22T17:51:00+02:00,54,placa-vella,297,96,201,67.7
2026-09-22T15:51:00Z,2026-09-22T17:51:00+02:00,55,ajuntament-mercat,237,105,132,55.7
2026-09-22T15:52:00Z,2026-09-22T17:52:00+02:00,53,dr-robert,407,168,239,58.7
2026-09-22T15:52:00Z,2026-09-22T17:52:00+02:00,54,placa-vella,297,96,201,67.7
2026-09-22T15:52:00Z,2026-09-22T17:52:00+02:00,55,ajuntament-mercat,237,105,132,55.7
2026-09-22T15:53:00Z,2026-09-22T17:53:00+02:00,53,dr-robert,407,168,239,58.7
2026-09-22T15:53:00Z,2026-09-22T17:53:00+02:00,54,placa-vella,297,96,201,67.7
2026-09-22T15:53:00Z,2026-09-22T17:53:00+02:00,55,ajuntament-mercat,237,105,132,55.7
2026-09-22T15:54:00Z,2026-09-22T17:54:00+02:00,53,dr-robert,407,168,239,58.7
2026-09-22T15:54:00Z,2026-09-22T17:54:00+02:00,54,placa-vella,297,96,201,67.7
2026-09-22T15:54:00Z,2026-09-22T17:54:00+02:00,55,ajuntament-mercat,237,105,132,55.7
2026-09-22T15:55:00Z,2026-09-22T17:55:00+02:00,53,dr-robert,407,168,239,58.7
2026-09-22T15:55:00Z,2026-09-22T17:55:00+02:00,54,placa-vella,297,94,203,68.4
2026-09-22T15:55:00Z,2026-09-22T17:55:00+02:00,55,ajuntament-mercat,237,108,129,54.4
2026-09-22T15:56:00Z,2026-09-22T17:56:00+02:00,53,dr-robert,407,168,239,58.7
2026-09-22T15:56:00Z,2026-09-22T17:56:00+02:00,54,placa-vella,297,94,203,68.4
2026-09-22T15:56:00Z,2026-09-22T17:56:00+02:00,55,ajuntament-mercat,237,108,129,54.4
2026-09-22T15:57:00Z,2026-09-22T17:57:00+02:00,53,dr-robert,407,168,239,58.7
2026-09-22T15:57:00Z,2026-09-22T17:57:00+02:00,54,placa-vella,297,94,203,68.4
2026-09-22T15:57:00Z,2026-09-22T17:57:00+02:00,55,ajuntament-mercat,237,108,129,54.4
2026-09-22T15:58:00Z,2026-09-22T17:58:00+02:00,53,dr-robert,407,168,239,58.7
2026-09-22T15:58:00Z,2026-09-22T17:58:00+02:00,54,placa-vella,297,94,203,68.4
2026-09-22T15:58:00Z,2026-09-22T17:58:00+02:00,55,ajuntament-mercat,237,108,129,54.4
2026-09-22T15:59:00Z,2026-09-22T17:59:00+02:00,53,dr-robert,407,168,239,58.7
2026-09-22T15:59:00Z,2026-09-22T17:59:00+02:00,54,placa-vella,297,94,203,68.4
2026-09-22T15:59:00Z,2026-09-22T17:59:00+02:00,55,ajuntament-mercat,237,108,129,54.4
2026-09-22T16:00:00Z,2026-09-22T18:00:00+02:00,53,dr-robert,407,168,239,58.7
2026-09-22T16:00:00Z,2026-09-22T18:00:00+02:00,54,placa-vella,297,94,203,68.4
2026-09-22T16:00:00Z,2026-09-22T18:00:00+02:00,55,ajuntament-mercat,237,108,129,54.4
2026-09-22T16:01:00Z,2026-09-22T18:01:00+02:00,53,dr-robert,407,168,239,58.7
2026-09-22T16:01:00Z,2026-09-22T18:01:00+02:00,54,placa-vella,297,94,203,68.4
2026-09-22T16:01:00Z,2026-09-22T18:01:00+02:00,55,ajuntament-mercat,237,108,129,54.4
2026-09-22T16:02:00Z,2026-09-22T18:02:00+02:00,53,dr-robert,407,178,229,56.3
2026-09-22T16:02:00Z,2026-09-22T18:02:00+02:00,54,placa-vella,297,96,201,67.7
2026-09-22T16:02:00Z,2026-09-22T18:02:00+02:00,55,ajuntament-mercat,237,114,123,51.9
2026-09-22T16:03:00Z,2026-09-22T18:03:00+02:00,53,dr-robert,407,178,229,56.3
2026-09-22T16:03:00Z,2026-09-22T18:03:00+02:00,54,placa-vella,297,96,201,67.7
2026-09-22T16:03:00Z,2026-09-22T18:03:00+02:00,55,ajuntament-mercat,237,114,123,51.9
2026-09-22T16:04:00Z,2026-09-22T18:04:00+02:00,53,dr-robert,407,178,229,56.3
2026-09-22T16:04:00Z,2026-09-22T18:04:00+02:00,54,placa-vella,297,96,201,67.7
2026-09-22T16:04:00Z,2026-09-22T18:04:00+02:00,55,ajuntament-mercat,237,114,123,51.9
2026-09-22T16:05:00Z,2026-09-22T18:05:00+02:00,53,dr-robert,407,180,227,55.8
2026-09-22T16:05:00Z,2026-09-22T18:05:00+02:00,54,placa-vella,297,94,203,68.4
2026-09-22T16:05:00Z,2026-09-22T18:05:00+02:00,55,ajuntament-mercat,237,113,124,52.3
2026-09-22T16:06:00Z,2026-09-22T18:06:00+02:00,53,dr-robert,407,180,227,55.8
2026-09-22T16:06:00Z,2026-09-22T18:06:00+02:00,54,placa-vella,297,94,203,68.4
2026-09-22T16:06:00Z,2026-09-22T18:06:00+02:00,55,ajuntament-mercat,237,113,124,52.3
2026-09-22T16:07:00Z,2026-09-22T18:07:00+02:00,53,dr-robert,407,180,227,55.8
2026-09-22T16:07:00Z,2026-09-22T18:07:00+02:00,54,placa-vella,297,94,203,68.4
2026-09-22T16:07:00Z,2026-09-22T18:07:00+02:00,55,ajuntament-mercat,237,113,124,52.3
2026-09-22T16:08:00Z,2026-09-22T18:08:00+02:00,53,dr-robert,407,180,227,55.8
2026-09-22T16:08:00Z,2026-09-22T18:08:00+02:00,54,placa-vella,297,94,203,68.4
2026-09-22T16:08:00Z,2026-09-22T18:08:00+02:00,55,ajuntament-mercat,237,113,124,52.3
2026-09-22T16:09:00Z,2026-09-22T18:09:00+02:00,53,dr-robert,407,180,227,55.8
2026-09-22T16:09:00Z,2026-09-22T18:09:00+02:00,54,placa-vella,297,94,203,68.4
2026-09-22T16:09:00Z,2026-09-22T18:09:00+02:00,55,ajuntament-mercat,237,113,124,52.3
2026-09-22T16:10:00Z,2026-09-22T18:10:00+02:00,53,dr-robert,407,184,223,54.8
2026-09-22T16:10:00Z,2026-09-22T18:10:00+02:00,54,placa-vella,297,99,198,66.7
2026-09-22T16:10:00Z,2026-09-22T18:10:00+02:00,55,ajuntament-mercat,237,113,124,52.3
2026-09-22T16:11:00Z,2026-09-22T18:11:00+02:00,53,dr-robert,407,184,223,54.8
2026-09-22T16:11:00Z,2026-09-22T18:11:00+02:00,54,placa-vella,297,99,198,66.7
2026-09-22T16:11:00Z,2026-09-22T18:11:00+02:00,55,ajuntament-mercat,237,113,124,52.3
2026-09-22T16:12:00Z,2026-09-22T18:12:00+02:00,53,dr-robert,407,184,223,54.8
2026-09-22T16:12:00Z,2026-09-22T18:12:00+02:00,54,placa-vella,297,99,198,66.7
2026-09-22T16:12:00Z,2026-09-22T18:12:00+02:00,55,ajuntament-mercat,237,113,124,52.3
2026-09-22T16:13:00Z,2026-09-22T18:13:00+02:00,53,dr-robert,407,184,223,54.8
2026-09-22T16:13:00Z,2026-09-22T18:13:00+02:00,54,placa-vella,297,99,198,66.7
2026-09-22T16:13:00Z,2026-09-22T18:13:00+02:00,55,ajuntament-mercat,237,113,124,52.3
2026-09-22T16:14:00Z,2026-09-22T18:14:00+02:00,53,dr-robert,407,184,223,54.8
2026-09-22T16:14:00Z,2026-09-22T18:14:00+02:00,54,placa-vella,297,99,198,66.7
2026-09-22T16:14:00Z,2026-09-22T18:14:00+02:00,55,ajuntament-mercat,237,113,124,52.3
2026-09-22T16:15:00Z,2026-09-22T18:15:00+02:00,53,dr-robert,407,183,224,55
2026-09-22T16:15:00Z,2026-09-22T18:15:00+02:00,54,placa-vella,297,98,199,67
2026-09-22T16:15:00Z,2026-09-22T18:15:00+02:00,55,ajuntament-mercat,237,112,125,52.7
2026-09-22T16:16:00Z,2026-09-22T18:16:00+02:00,53,dr-robert,407,183,224,55
2026-09-22T16:16:00Z,2026-09-22T18:16:00+02:00,54,placa-vella,297,98,199,67
2026-09-22T16:16:00Z,2026-09-22T18:16:00+02:00,55,ajuntament-mercat,237,112,125,52.7
2026-09-22T16:17:00Z,2026-09-22T18:17:00+02:00,53,dr-robert,407,183,224,55
2026-09-22T16:17:00Z,2026-09-22T18:17:00+02:00,54,placa-vella,297,98,199,67
2026-09-22T16:17:00Z,2026-09-22T18:17:00+02:00,55,ajuntament-mercat,237,112,125,52.7
2026-09-22T16:18:00Z,2026-09-22T18:18:00+02:00,53,dr-robert,407,183,224,55
2026-09-22T16:18:00Z,2026-09-22T18:18:00+02:00,54,placa-vella,297,98,199,67
2026-09-22T16:18:00Z,2026-09-22T18:18:00+02:00,55,ajuntament-mercat,237,112,125,52.7
2026-09-22T16:19:00Z,2026-09-22T18:19:00+02:00,53,dr-robert,407,183,224,55
2026-09-22T16:19:00Z,2026-09-22T18:19:00+02:00,54,placa-vella,297,98,199,67
2026-09-22T16:19:00Z,2026-09-22T18:19:00+02:00,55,ajuntament-mercat,237,112,125,52.7
2026-09-22T16:20:00Z,2026-09-22T18:20:00+02:00,53,dr-robert,407,178,229,56.3
2026-09-22T16:20:00Z,2026-09-22T18:20:00+02:00,54,placa-vella,297,105,192,64.6
2026-09-22T16:20:00Z,2026-09-22T18:20:00+02:00,55,ajuntament-mercat,237,113,124,52.3
2026-09-22T16:21:00Z,2026-09-22T18:21:00+02:00,53,dr-robert,407,178,229,56.3
2026-09-22T16:21:00Z,2026-09-22T18:21:00+02:00,54,placa-vella,297,105,192,64.6
2026-09-22T16:21:00Z,2026-09-22T18:21:00+02:00,55,ajuntament-mercat,237,113,124,52.3
2026-09-22T16:22:00Z,2026-09-22T18:22:00+02:00,53,dr-robert,407,178,229,56.3
2026-09-22T16:22:00Z,2026-09-22T18:22:00+02:00,54,placa-vella,297,105,192,64.6
2026-09-22T16:22:00Z,2026-09-22T18:22:00+02:00,55,ajuntament-mercat,237,113,124,52.3
2026-09-22T16:23:00Z,2026-09-22T18:23:00+02:00,53,dr-robert,407,178,229,56.3
2026-09-22T16:23:00Z,2026-09-22T18:23:00+02:00,54,placa-vella,297,105,192,64.6
2026-09-22T16:23:00Z,2026-09-22T18:23:00+02:00,55,ajuntament-mercat,237,113,124,52.3
2026-09-22T16:24:00Z,2026-09-22T18:24:00+02:00,53,dr-robert,407,178,229,56.3
2026-09-22T16:24:00Z,2026-09-22T18:24:00+02:00,54,placa-vella,297,105,192,64.6
2026-09-22T16:24:00Z,2026-09-22T18:24:00+02:00,55,ajuntament-mercat,237,113,124,52.3
2026-09-22T16:25:00Z,2026-09-22T18:25:00+02:00,53,dr-robert,407,175,232,57
2026-09-22T16:25:00Z,2026-09-22T18:25:00+02:00,54,placa-vella,297,108,189,63.6
2026-09-22T16:25:00Z,2026-09-22T18:25:00+02:00,55,ajuntament-mercat,237,117,120,50.6
2026-09-22T16:26:00Z,2026-09-22T18:26:00+02:00,53,dr-robert,407,175,232,57
2026-09-22T16:26:00Z,2026-09-22T18:26:00+02:00,54,placa-vella,297,108,189,63.6
2026-09-22T16:26:00Z,2026-09-22T18:26:00+02:00,55,ajuntament-mercat,237,117,120,50.6
2026-09-22T16:27:00Z,2026-09-22T18:27:00+02:00,53,dr-robert,407,175,232,57
2026-09-22T16:27:00Z,2026-09-22T18:27:00+02:00,54,placa-vella,297,108,189,63.6
2026-09-22T16:27:00Z,2026-09-22T18:27:00+02:00,55,ajuntament-mercat,237,117,120,50.6
2026-09-22T16:28:00Z,2026-09-22T18:28:00+02:00,53,dr-robert,407,175,232,57
2026-09-22T16:28:00Z,2026-09-22T18:28:00+02:00,54,placa-vella,297,108,189,63.6
2026-09-22T16:28:00Z,2026-09-22T18:28:00+02:00,55,ajuntament-mercat,237,117,120,50.6
2026-09-22T16:29:00Z,2026-09-22T18:29:00+02:00,53,dr-robert,407,175,232,57
2026-09-22T16:29:00Z,2026-09-22T18:29:00+02:00,54,placa-vella,297,108,189,63.6
2026-09-22T16:29:00Z,2026-09-22T18:29:00+02:00,55,ajuntament-mercat,237,117,120,50.6
2026-09-22T16:30:00Z,2026-09-22T18:30:00+02:00,53,dr-robert,407,179,228,56
2026-09-22T16:30:00Z,2026-09-22T18:30:00+02:00,54,placa-vella,297,105,192,64.6
2026-09-22T16:30:00Z,2026-09-22T18:30:00+02:00,55,ajuntament-mercat,237,118,119,50.2
2026-09-22T16:31:00Z,2026-09-22T18:31:00+02:00,53,dr-robert,407,179,228,56
2026-09-22T16:31:00Z,2026-09-22T18:31:00+02:00,54,placa-vella,297,105,192,64.6
2026-09-22T16:31:00Z,2026-09-22T18:31:00+02:00,55,ajuntament-mercat,237,118,119,50.2
2026-09-22T16:32:00Z,2026-09-22T18:32:00+02:00,53,dr-robert,407,179,228,56
2026-09-22T16:32:00Z,2026-09-22T18:32:00+02:00,54,placa-vella,297,105,192,64.6
2026-09-22T16:32:00Z,2026-09-22T18:32:00+02:00,55,ajuntament-mercat,237,118,119,50.2
2026-09-22T16:33:00Z,2026-09-22T18:33:00+02:00,53,dr-robert,407,179,228,56
2026-09-22T16:33:00Z,2026-09-22T18:33:00+02:00,54,placa-vella,297,105,192,64.6
2026-09-22T16:33:00Z,2026-09-22T18:33:00+02:00,55,ajuntament-mercat,237,118,119,50.2
2026-09-22T16:34:00Z,2026-09-22T18:34:00+02:00,53,dr-robert,407,179,228,56
2026-09-22T16:34:00Z,2026-09-22T18:34:00+02:00,54,placa-vella,297,105,192,64.6
2026-09-22T16:34:00Z,2026-09-22T18:34:00+02:00,55,ajuntament-mercat,237,118,119,50.2
2026-09-22T16:35:00Z,2026-09-22T18:35:00+02:00,53,dr-robert,407,180,227,55.8
2026-09-22T16:35:00Z,2026-09-22T18:35:00+02:00,54,placa-vella,297,109,188,63.3
2026-09-22T16:35:00Z,2026-09-22T18:35:00+02:00,55,ajuntament-mercat,237,122,115,48.5
2026-09-22T16:36:00Z,2026-09-22T18:36:00+02:00,53,dr-robert,407,180,227,55.8
2026-09-22T16:36:00Z,2026-09-22T18:36:00+02:00,54,placa-vella,297,109,188,63.3
2026-09-22T16:36:00Z,2026-09-22T18:36:00+02:00,55,ajuntament-mercat,237,122,115,48.5
2026-09-22T16:37:00Z,2026-09-22T18:37:00+02:00,53,dr-robert,407,180,227,55.8
2026-09-22T16:37:00Z,2026-09-22T18:37:00+02:00,54,placa-vella,297,109,188,63.3
2026-09-22T16:37:00Z,2026-09-22T18:37:00+02:00,55,ajuntament-mercat,237,122,115,48.5
2026-09-22T16:38:00Z,2026-09-22T18:38:00+02:00,53,dr-robert,407,180,227,55.8
2026-09-22T16:38:00Z,2026-09-22T18:38:00+02:00,54,placa-vella,297,109,188,63.3
2026-09-22T16:38:00Z,2026-09-22T18:38:00+02:00,55,ajuntament-mercat,237,122,115,48.5
2026-09-22T16:39:00Z,2026-09-22T18:39:00+02:00,53,dr-robert,407,180,227,55.8
2026-09-22T16:39:00Z,2026-09-22T18:39:00+02:00,54,placa-vella,297,109,188,63.3
2026-09-22T16:39:00Z,2026-09-22T18:39:00+02:00,55,ajuntament-mercat,237,122,115,48.5
2026-09-22T16:45:00Z,2026-09-22T18:45:00+02:00,53,dr-robert,407,184,223,54.8
2026-09-22T16:45:00Z,2026-09-22T18:45:00+02:00,54,placa-vella,297,104,193,65
2026-09-22T16:45:00Z,2026-09-22T18:45:00+02:00,55,ajuntament-mercat,237,127,110,46.4
2026-09-22T16:46:00Z,2026-09-22T18:46:00+02:00,53,dr-robert,407,184,223,54.8
2026-09-22T16:46:00Z,2026-09-22T18:46:00+02:00,54,placa-vella,297,104,193,65
2026-09-22T16:46:00Z,2026-09-22T18:46:00+02:00,55,ajuntament-mercat,237,127,110,46.4
2026-09-22T16:47:00Z,2026-09-22T18:47:00+02:00,53,dr-robert,407,184,223,54.8
2026-09-22T16:47:00Z,2026-09-22T18:47:00+02:00,54,placa-vella,297,104,193,65
2026-09-22T16:47:00Z,2026-09-22T18:47:00+02:00,55,ajuntament-mercat,237,127,110,46.4
2026-09-22T16:48:00Z,2026-09-22T18:48:00+02:00,53,dr-robert,407,184,223,54.8
2026-09-22T16:48:00Z,2026-09-22T18:48:00+02:00,54,placa-vella,297,104,193,65
2026-09-22T16:48:00Z,2026-09-22T18:48:00+02:00,55,ajuntament-mercat,237,127,110,46.4
2026-09-22T16:49:00Z,2026-09-22T18:49:00+02:00,53,dr-robert,407,184,223,54.8
2026-09-22T16:49:00Z,2026-09-22T18:49:00+02:00,54,placa-vella,297,104,193,65
2026-09-22T16:49:00Z,2026-09-22T18:49:00+02:00,55,ajuntament-mercat,237,127,110,46.4
2026-09-22T16:50:00Z,2026-09-22T18:50:00+02:00,53,dr-robert,407,186,221,54.3
2026-09-22T16:50:00Z,2026-09-22T18:50:00+02:00,54,placa-vella,297,107,190,64
2026-09-22T16:50:00Z,2026-09-22T18:50:00+02:00,55,ajuntament-mercat,237,128,109,46
2026-09-22T16:51:00Z,2026-09-22T18:51:00+02:00,53,dr-robert,407,186,221,54.3
2026-09-22T16:51:00Z,2026-09-22T18:51:00+02:00,54,placa-vella,297,107,190,64
2026-09-22T16:51:00Z,2026-09-22T18:51:00+02:00,55,ajuntament-mercat,237,128,109,46
2026-09-22T16:52:00Z,2026-09-22T18:52:00+02:00,53,dr-robert,407,186,221,54.3
2026-09-22T16:52:00Z,2026-09-22T18:52:00+02:00,54,placa-vella,297,107,190,64
2026-09-22T16:52:00Z,2026-09-22T18:52:00+02:00,55,ajuntament-mercat,237,128,109,46
2026-09-22T16:53:00Z,2026-09-22T18:53:00+02:00,53,dr-robert,407,186,221,54.3
2026-09-22T16:53:00Z,2026-09-22T18:53:00+02:00,54,placa-vella,297,107,190,64
2026-09-22T16:53:00Z,2026-09-22T18:53:00+02:00,55,ajuntament-mercat,237,128,109,46
2026-09-22T16:54:00Z,2026-09-22T18:54:00+02:00,53,dr-robert,407,186,221,54.3
2026-09-22T16:54:00Z,2026-09-22T18:54:00+02:00,54,placa-vella,297,107,190,64
2026-09-22T16:54:00Z,2026-09-22T18:54:00+02:00,55,ajuntament-mercat,237,128,109,46
2026-09-22T16:55:00Z,2026-09-22T18:55:00+02:00,53,dr-robert,407,191,216,53.1
2026-09-22T16:55:00Z,2026-09-22T18:55:00+02:00,54,placa-vella,297,110,187,63
2026-09-22T16:55:00Z,2026-09-22T18:55:00+02:00,55,ajuntament-mercat,237,128,109,46
2026-09-22T16:56:00Z,2026-09-22T18:56:00+02:00,53,dr-robert,407,191,216,53.1
2026-09-22T16:56:00Z,2026-09-22T18:56:00+02:00,54,placa-vella,297,110,187,63
2026-09-22T16:56:00Z,2026-09-22T18:56:00+02:00,55,ajuntament-mercat,237,128,109,46
2026-09-22T16:57:00Z,2026-09-22T18:57:00+02:00,53,dr-robert,407,191,216,53.1
2026-09-22T16:57:00Z,2026-09-22T18:57:00+02:00,54,placa-vella,297,110,187,63
2026-09-22T16:57:00Z,2026-09-22T18:57:00+02:00,55,ajuntament-mercat,237,128,109,46
2026-09-22T16:58:00Z,2026-09-22T18:58:00+02:00,53,dr-robert,407,191,216,53.1
2026-09-22T16:58:00Z,2026-09-22T18:58:00+02:00,54,placa-vella,297,110,187,63
2026-09-22T16:58:00Z,2026-09-22T18:58:00+02:00,55,ajuntament-mercat,237,128,109,46
2026-09-22T16:59:00Z,2026-09-22T18:59:00+02:00,53,dr-robert,407,191,216,53.1
2026-09-22T16:59:00Z,2026-09-22T18:59:00+02:00,54,placa-vella,297,110,187,63
2026-09-22T16:59:00Z,2026-09-22T18:59:00+02:00,55,ajuntament-mercat,237,128,109,46
2026-09-22T17:00:00Z,2026-09-22T19:00:00+02:00,53,dr-robert,407,191,216,53.1
2026-09-22T17:00:00Z,2026-09-22T19:00:00+02:00,54,placa-vella,297,110,187,63
2026-09-22T17:00:00Z,2026-09-22T19:00:00+02:00,55,ajuntament-mercat,237,128,109,46
2026-09-22T17:01:00Z,2026-09-22T19:01:00+02:00,53,dr-robert,407,190,217,53.3
2026-09-22T17:01:00Z,2026-09-22T19:01:00+02:00,54,placa-vella,297,111,186,62.6
2026-09-22T17:01:00Z,2026-09-22T19:01:00+02:00,55,ajuntament-mercat,237,130,107,45.1
2026-09-22T17:02:00Z,2026-09-22T19:02:00+02:00,53,dr-robert,407,190,217,53.3
2026-09-22T17:02:00Z,2026-09-22T19:02:00+02:00,54,placa-vella,297,111,186,62.6
2026-09-22T17:02:00Z,2026-09-22T19:02:00+02:00,55,ajuntament-mercat,237,130,107,45.1
2026-09-22T17:03:00Z,2026-09-22T19:03:00+02:00,53,dr-robert,407,190,217,53.3
2026-09-22T17:03:00Z,2026-09-22T19:03:00+02:00,54,placa-vella,297,111,186,62.6
2026-09-22T17:03:00Z,2026-09-22T19:03:00+02:00,55,ajuntament-mercat,237,130,107,45.1
2026-09-22T17:04:00Z,2026-09-22T19:04:00+02:00,53,dr-robert,407,190,217,53.3
2026-09-22T17:04:00Z,2026-09-22T19:04:00+02:00,54,placa-vella,297,111,186,62.6
2026-09-22T17:04:00Z,2026-09-22T19:04:00+02:00,55,ajuntament-mercat,237,130,107,45.1
2026-09-22T17:05:00Z,2026-09-22T19:05:00+02:00,53,dr-robert,407,190,217,53.3
2026-09-22T17:05:00Z,2026-09-22T19:05:00+02:00,54,placa-vella,297,111,186,62.6
2026-09-22T17:05:00Z,2026-09-22T19:05:00+02:00,55,ajuntament-mercat,237,130,107,45.1
2026-09-22T17:06:00Z,2026-09-22T19:06:00+02:00,53,dr-robert,407,188,219,53.8
2026-09-22T17:06:00Z,2026-09-22T19:06:00+02:00,54,placa-vella,297,110,187,63
2026-09-22T17:06:00Z,2026-09-22T19:06:00+02:00,55,ajuntament-mercat,237,130,107,45.1
2026-09-22T17:07:00Z,2026-09-22T19:07:00+02:00,53,dr-robert,407,188,219,53.8
2026-09-22T17:07:00Z,2026-09-22T19:07:00+02:00,54,placa-vella,297,110,187,63
2026-09-22T17:07:00Z,2026-09-22T19:07:00+02:00,55,ajuntament-mercat,237,130,107,45.1
2026-09-22T17:08:00Z,2026-09-22T19:08:00+02:00,53,dr-robert,407,188,219,53.8
2026-09-22T17:08:00Z,2026-09-22T19:08:00+02:00,54,placa-vella,297,110,187,63
2026-09-22T17:08:00Z,2026-09-22T19:08:00+02:00,55,ajuntament-mercat,237,130,107,45.1
2026-09-22T17:09:00Z,2026-09-22T19:09:00+02:00,53,dr-robert,407,188,219,53.8
2026-09-22T17:09:00Z,2026-09-22T19:09:00+02:00,54,placa-vella,297,110,187,63
2026-09-22T17:09:00Z,2026-09-22T19:09:00+02:00,55,ajuntament-mercat,237,130,107,45.1
2026-09-22T17:10:00Z,2026-09-22T19:10:00+02:00,53,dr-robert,407,190,217,53.3
2026-09-22T17:10:00Z,2026-09-22T19:10:00+02:00,54,placa-vella,297,116,181,60.9
2026-09-22T17:10:00Z,2026-09-22T19:10:00+02:00,55,ajuntament-mercat,237,132,105,44.3
2026-09-22T17:11:00Z,2026-09-22T19:11:00+02:00,53,dr-robert,407,190,217,53.3
2026-09-22T17:11:00Z,2026-09-22T19:11:00+02:00,54,placa-vella,297,116,181,60.9
2026-09-22T17:11:00Z,2026-09-22T19:11:00+02:00,55,ajuntament-mercat,237,132,105,44.3
2026-09-22T17:12:00Z,2026-09-22T19:12:00+02:00,53,dr-robert,407,190,217,53.3
2026-09-22T17:12:00Z,2026-09-22T19:12:00+02:00,54,placa-vella,297,116,181,60.9
2026-09-22T17:12:00Z,2026-09-22T19:12:00+02:00,55,ajuntament-mercat,237,132,105,44.3
2026-09-22T17:13:00Z,2026-09-22T19:13:00+02:00,53,dr-robert,407,190,217,53.3
2026-09-22T17:13:00Z,2026-09-22T19:13:00+02:00,54,placa-vella,297,116,181,60.9
2026-09-22T17:13:00Z,2026-09-22T19:13:00+02:00,55,ajuntament-mercat,237,132,105,44.3
2026-09-22T17:14:00Z,2026-09-22T19:14:00+02:00,53,dr-robert,407,190,217,53.3
2026-09-22T17:14:00Z,2026-09-22T19:14:00+02:00,54,placa-vella,297,116,181,60.9
2026-09-22T17:14:00Z,2026-09-22T19:14:00+02:00,55,ajuntament-mercat,237,132,105,44.3
2026-09-22T17:15:00Z,2026-09-22T19:15:00+02:00,53,dr-robert,407,196,211,51.8
2026-09-22T17:15:00Z,2026-09-22T19:15:00+02:00,54,placa-vella,297,120,177,59.6
2026-09-22T17:15:00Z,2026-09-22T19:15:00+02:00,55,ajuntament-mercat,237,136,101,42.6
2026-09-22T17:16:00Z,2026-09-22T19:16:00+02:00,53,dr-robert,407,196,211,51.8
2026-09-22T17:16:00Z,2026-09-22T19:16:00+02:00,54,placa-vella,297,120,177,59.6
2026-09-22T17:16:00Z,2026-09-22T19:16:00+02:00,55,ajuntament-mercat,237,136,101,42.6
2026-09-22T17:17:00Z,2026-09-22T19:17:00+02:00,53,dr-robert,407,196,211,51.8
2026-09-22T17:17:00Z,2026-09-22T19:17:00+02:00,54,placa-vella,297,120,177,59.6
2026-09-22T17:17:00Z,2026-09-22T19:17:00+02:00,55,ajuntament-mercat,237,136,101,42.6
2026-09-22T17:18:00Z,2026-09-22T19:18:00+02:00,53,dr-robert,407,196,211,51.8
2026-09-22T17:18:00Z,2026-09-22T19:18:00+02:00,54,placa-vella,297,120,177,59.6
2026-09-22T17:18:00Z,2026-09-22T19:18:00+02:00,55,ajuntament-mercat,237,136,101,42.6
2026-09-22T17:19:00Z,2026-09-22T19:19:00+02:00,53,dr-robert,407,196,211,51.8
2026-09-22T17:19:00Z,2026-09-22T19:19:00+02:00,54,placa-vella,297,120,177,59.6
2026-09-22T17:19:00Z,2026-09-22T19:19:00+02:00,55,ajuntament-mercat,237,136,101,42.6
2026-09-22T17:20:00Z,2026-09-22T19:20:00+02:00,53,dr-robert,407,200,207,50.9
2026-09-22T17:20:00Z,2026-09-22T19:20:00+02:00,54,placa-vella,297,122,175,58.9
2026-09-22T17:20:00Z,2026-09-22T19:20:00+02:00,55,ajuntament-mercat,237,136,101,42.6
2026-09-22T17:21:00Z,2026-09-22T19:21:00+02:00,53,dr-robert,407,200,207,50.9
2026-09-22T17:21:00Z,2026-09-22T19:21:00+02:00,54,placa-vella,297,122,175,58.9
2026-09-22T17:21:00Z,2026-09-22T19:21:00+02:00,55,ajuntament-mercat,237,136,101,42.6
2026-09-22T17:22:00Z,2026-09-22T19:22:00+02:00,53,dr-robert,407,200,207,50.9
2026-09-22T17:22:00Z,2026-09-22T19:22:00+02:00,54,placa-vella,297,122,175,58.9
2026-09-22T17:22:00Z,2026-09-22T19:22:00+02:00,55,ajuntament-mercat,237,136,101,42.6
2026-09-22T17:23:00Z,2026-09-22T19:23:00+02:00,53,dr-robert,407,200,207,50.9
2026-09-22T17:23:00Z,2026-09-22T19:23:00+02:00,54,placa-vella,297,122,175,58.9
2026-09-22T17:23:00Z,2026-09-22T19:23:00+02:00,55,ajuntament-mercat,237,136,101,42.6
2026-09-22T17:24:00Z,2026-09-22T19:24:00+02:00,53,dr-robert,407,200,207,50.9
2026-09-22T17:24:00Z,2026-09-22T19:24:00+02:00,54,placa-vella,297,122,175,58.9
2026-09-22T17:24:00Z,2026-09-22T19:24:00+02:00,55,ajuntament-mercat,237,136,101,42.6
2026-09-22T17:25:00Z,2026-09-22T19:25:00+02:00,53,dr-robert,407,201,206,50.6
2026-09-22T17:25:00Z,2026-09-22T19:25:00+02:00,54,placa-vella,297,127,170,57.2
2026-09-22T17:25:00Z,2026-09-22T19:25:00+02:00,55,ajuntament-mercat,237,140,97,40.9
2026-09-22T17:26:00Z,2026-09-22T19:26:00+02:00,53,dr-robert,407,201,206,50.6
2026-09-22T17:26:00Z,2026-09-22T19:26:00+02:00,54,placa-vella,297,127,170,57.2
2026-09-22T17:26:00Z,2026-09-22T19:26:00+02:00,55,ajuntament-mercat,237,140,97,40.9
2026-09-22T17:27:00Z,2026-09-22T19:27:00+02:00,53,dr-robert,407,201,206,50.6
2026-09-22T17:27:00Z,2026-09-22T19:27:00+02:00,54,placa-vella,297,127,170,57.2
2026-09-22T17:27:00Z,2026-09-22T19:27:00+02:00,55,ajuntament-mercat,237,140,97,40.9
2026-09-22T17:28:00Z,2026-09-22T19:28:00+02:00,53,dr-robert,407,201,206,50.6
2026-09-22T17:28:00Z,2026-09-22T19:28:00+02:00,54,placa-vella,297,127,170,57.2
2026-09-22T17:28:00Z,2026-09-22T19:28:00+02:00,55,ajuntament-mercat,237,140,97,40.9
2026-09-22T17:29:00Z,2026-09-22T19:29:00+02:00,53,dr-robert,407,201,206,50.6
2026-09-22T17:29:00Z,2026-09-22T19:29:00+02:00,54,placa-vella,297,127,170,57.2
2026-09-22T17:29:00Z,2026-09-22T19:29:00+02:00,55,ajuntament-mercat,237,140,97,40.9
2026-09-22T17:30:00Z,2026-09-22T19:30:00+02:00,53,dr-robert,407,201,206,50.6
2026-09-22T17:30:00Z,2026-09-22T19:30:00+02:00,54,placa-vella,297,132,165,55.6
2026-09-22T17:30:00Z,2026-09-22T19:30:00+02:00,55,ajuntament-mercat,237,142,95,40.1
2026-09-22T17:31:00Z,2026-09-22T19:31:00+02:00,53,dr-robert,407,201,206,50.6
2026-09-22T17:31:00Z,2026-09-22T19:31:00+02:00,54,placa-vella,297,132,165,55.6
2026-09-22T17:31:00Z,2026-09-22T19:31:00+02:00,55,ajuntament-mercat,237,142,95,40.1
2026-09-22T17:32:00Z,2026-09-22T19:32:00+02:00,53,dr-robert,407,201,206,50.6
2026-09-22T17:32:00Z,2026-09-22T19:32:00+02:00,54,placa-vella,297,132,165,55.6
2026-09-22T17:32:00Z,2026-09-22T19:32:00+02:00,55,ajuntament-mercat,237,142,95,40.1
2026-09-22T17:33:00Z,2026-09-22T19:33:00+02:00,53,dr-robert,407,201,206,50.6
2026-09-22T17:33:00Z,2026-09-22T19:33:00+02:00,54,placa-vella,297,132,165,55.6
2026-09-22T17:33:00Z,2026-09-22T19:33:00+02:00,55,ajuntament-mercat,237,142,95,40.1
2026-09-22T17:34:00Z,2026-09-22T19:34:00+02:00,53,dr-robert,407,201,206,50.6
2026-09-22T17:34:00Z,2026-09-22T19:34:00+02:00,54,placa-vella,297,132,165,55.6
2026-09-22T17:34:00Z,2026-09-22T19:34:00+02:00,55,ajuntament-mercat,237,142,95,40.1
2026-09-22T17:35:00Z,2026-09-22T19:35:00+02:00,53,dr-robert,407,207,200,49.1
2026-09-22T17:35:00Z,2026-09-22T19:35:00+02:00,54,placa-vella,297,134,163,54.9
2026-09-22T17:35:00Z,2026-09-22T19:35:00+02:00,55,ajuntament-mercat,237,142,95,40.1
2026-09-22T17:36:00Z,2026-09-22T19:36:00+02:00,53,dr-robert,407,207,200,49.1
2026-09-22T17:36:00Z,2026-09-22T19:36:00+02:00,54,placa-vella,297,134,163,54.9
2026-09-22T17:36:00Z,2026-09-22T19:36:00+02:00,55,ajuntament-mercat,237,142,95,40.1
2026-09-22T17:37:00Z,2026-09-22T19:37:00+02:00,53,dr-robert,407,207,200,49.1
2026-09-22T17:37:00Z,2026-09-22T19:37:00+02:00,54,placa-vella,297,134,163,54.9
2026-09-22T17:37:00Z,2026-09-22T19:37:00+02:00,55,ajuntament-mercat,237,142,95,40.1
2026-09-22T17:38:00Z,2026-09-22T19:38:00+02:00,53,dr-robert,407,207,200,49.1
2026-09-22T17:38:00Z,2026-09-22T19:38:00+02:00,54,placa-vella,297,134,163,54.9
2026-09-22T17:38:00Z,2026-09-22T19:38:00+02:00,55,ajuntament-mercat,237,142,95,40.1
2026-09-22T17:39:00Z,2026-09-22T19:39:00+02:00,53,dr-robert,407,207,200,49.1
2026-09-22T17:39:00Z,2026-09-22T19:39:00+02:00,54,placa-vella,297,134,163,54.9
2026-09-22T17:39:00Z,2026-09-22T19:39:00+02:00,55,ajuntament-mercat,237,142,95,40.1
2026-09-22T17:40:00Z,2026-09-22T19:40:00+02:00,53,dr-robert,407,205,202,49.6
2026-09-22T17:40:00Z,2026-09-22T19:40:00+02:00,54,placa-vella,297,139,158,53.2
2026-09-22T17:40:00Z,2026-09-22T19:40:00+02:00,55,ajuntament-mercat,237,142,95,40.1
2026-09-22T17:41:00Z,2026-09-22T19:41:00+02:00,53,dr-robert,407,205,202,49.6
2026-09-22T17:41:00Z,2026-09-22T19:41:00+02:00,54,placa-vella,297,139,158,53.2
2026-09-22T17:41:00Z,2026-09-22T19:41:00+02:00,55,ajuntament-mercat,237,142,95,40.1
2026-09-22T17:42:00Z,2026-09-22T19:42:00+02:00,53,dr-robert,407,205,202,49.6
2026-09-22T17:42:00Z,2026-09-22T19:42:00+02:00,54,placa-vella,297,139,158,53.2
2026-09-22T17:42:00Z,2026-09-22T19:42:00+02:00,55,ajuntament-mercat,237,142,95,40.1
2026-09-22T17:43:00Z,2026-09-22T19:43:00+02:00,53,dr-robert,407,205,202,49.6
2026-09-22T17:43:00Z,2026-09-22T19:43:00+02:00,54,placa-vella,297,139,158,53.2
2026-09-22T17:43:00Z,2026-09-22T19:43:00+02:00,55,ajuntament-mercat,237,142,95,40.1
2026-09-22T17:44:00Z,2026-09-22T19:44:00+02:00,53,dr-robert,407,205,202,49.6
2026-09-22T17:44:00Z,2026-09-22T19:44:00+02:00,54,placa-vella,297,139,158,53.2
2026-09-22T17:44:00Z,2026-09-22T19:44:00+02:00,55,ajuntament-mercat,237,142,95,40.1
2026-09-22T17:45:00Z,2026-09-22T19:45:00+02:00,53,dr-robert,407,209,198,48.6
2026-09-22T17:45:00Z,2026-09-22T19:45:00+02:00,54,placa-vella,297,139,158,53.2
2026-09-22T17:45:00Z,2026-09-22T19:45:00+02:00,55,ajuntament-mercat,237,147,90,38
2026-09-22T17:46:00Z,2026-09-22T19:46:00+02:00,53,dr-robert,407,209,198,48.6
2026-09-22T17:46:00Z,2026-09-22T19:46:00+02:00,54,placa-vella,297,139,158,53.2
2026-09-22T17:46:00Z,2026-09-22T19:46:00+02:00,55,ajuntament-mercat,237,147,90,38
2026-09-22T17:47:00Z,2026-09-22T19:47:00+02:00,53,dr-robert,407,209,198,48.6
2026-09-22T17:47:00Z,2026-09-22T19:47:00+02:00,54,placa-vella,297,139,158,53.2
2026-09-22T17:47:00Z,2026-09-22T19:47:00+02:00,55,ajuntament-mercat,237,147,90,38
2026-09-22T17:48:00Z,2026-09-22T19:48:00+02:00,53,dr-robert,407,209,198,48.6
2026-09-22T17:48:00Z,2026-09-22T19:48:00+02:00,54,placa-vella,297,139,158,53.2
2026-09-22T17:48:00Z,2026-09-22T19:48:00+02:00,55,ajuntament-mercat,237,147,90,38
2026-09-22T17:49:00Z,2026-09-22T19:49:00+02:00,53,dr-robert,407,209,198,48.6
2026-09-22T17:49:00Z,2026-09-22T19:49:00+02:00,54,placa-vella,297,139,158,53.2
2026-09-22T17:49:00Z,2026-09-22T19:49:00+02:00,55,ajuntament-mercat,237,147,90,38
2026-09-22T17:50:00Z,2026-09-22T19:50:00+02:00,53,dr-robert,407,213,194,47.7
2026-09-22T17:50:00Z,2026-09-22T19:50:00+02:00,54,placa-vella,297,143,154,51.9
2026-09-22T17:50:00Z,2026-09-22T19:50:00+02:00,55,ajuntament-mercat,237,148,89,37.6
2026-09-22T17:51:00Z,2026-09-22T19:51:00+02:00,53,dr-robert,407,213,194,47.7
2026-09-22T17:51:00Z,2026-09-22T19:51:00+02:00,54,placa-vella,297,143,154,51.9
2026-09-22T17:51:00Z,2026-09-22T19:51:00+02:00,55,ajuntament-mercat,237,148,89,37.6
2026-09-22T17:52:00Z,2026-09-22T19:52:00+02:00,53,dr-robert,407,213,194,47.7
2026-09-22T17:52:00Z,2026-09-22T19:52:00+02:00,54,placa-vella,297,143,154,51.9
2026-09-22T17:52:00Z,2026-09-22T19:52:00+02:00,55,ajuntament-mercat,237,148,89,37.6
2026-09-22T17:53:00Z,2026-09-22T19:53:00+02:00,53,dr-robert,407,213,194,47.7
2026-09-22T17:53:00Z,2026-09-22T19:53:00+02:00,54,placa-vella,297,143,154,51.9
2026-09-22T17:53:00Z,2026-09-22T19:53:00+02:00,55,ajuntament-mercat,237,148,89,37.6
2026-09-22T17:54:00Z,2026-09-22T19:54:00+02:00,53,dr-robert,407,213,194,47.7
2026-09-22T17:54:00Z,2026-09-22T19:54:00+02:00,54,placa-vella,297,143,154,51.9
2026-09-22T17:54:00Z,2026-09-22T19:54:00+02:00,55,ajuntament-mercat,237,148,89,37.6
2026-09-22T17:55:00Z,2026-09-22T19:55:00+02:00,53,dr-robert,407,213,194,47.7
2026-09-22T17:55:00Z,2026-09-22T19:55:00+02:00,54,placa-vella,297,147,150,50.5
2026-09-22T17:55:00Z,2026-09-22T19:55:00+02:00,55,ajuntament-mercat,237,148,89,37.6
2026-09-22T17:56:00Z,2026-09-22T19:56:00+02:00,53,dr-robert,407,213,194,47.7
2026-09-22T17:56:00Z,2026-09-22T19:56:00+02:00,54,placa-vella,297,147,150,50.5
2026-09-22T17:56:00Z,2026-09-22T19:56:00+02:00,55,ajuntament-mercat,237,148,89,37.6
2026-09-22T17:57:00Z,2026-09-22T19:57:00+02:00,53,dr-robert,407,213,194,47.7
2026-09-22T17:57:00Z,2026-09-22T19:57:00+02:00,54,placa-vella,297,147,150,50.5
2026-09-22T17:57:00Z,2026-09-22T19:57:00+02:00,55,ajuntament-mercat,237,148,89,37.6
2026-09-22T17:58:00Z,2026-09-22T19:58:00+02:00,53,dr-robert,407,213,194,47.7
2026-09-22T17:58:00Z,2026-09-22T19:58:00+02:00,54,placa-vella,297,147,150,50.5
2026-09-22T17:58:00Z,2026-09-22T19:58:00+02:00,55,ajuntament-mercat,237,148,89,37.6
2026-09-22T17:59:00Z,2026-09-22T19:59:00+02:00,53,dr-robert,407,213,194,47.7
2026-09-22T17:59:00Z,2026-09-22T19:59:00+02:00,54,placa-vella,297,147,150,50.5
2026-09-22T17:59:00Z,2026-09-22T19:59:00+02:00,55,ajuntament-mercat,237,148,89,37.6
2026-09-22T18:00:00Z,2026-09-22T20:00:00+02:00,53,dr-robert,407,213,194,47.7
2026-09-22T18:00:00Z,2026-09-22T20:00:00+02:00,54,placa-vella,297,147,150,50.5
2026-09-22T18:00:00Z,2026-09-22T20:00:00+02:00,55,ajuntament-mercat,237,148,89,37.6
2026-09-22T18:01:00Z,2026-09-22T20:01:00+02:00,53,dr-robert,407,220,187,45.9
2026-09-22T18:01:00Z,2026-09-22T20:01:00+02:00,54,placa-vella,297,149,148,49.8
2026-09-22T18:01:00Z,2026-09-22T20:01:00+02:00,55,ajuntament-mercat,237,155,82,34.6
2026-09-22T18:02:00Z,2026-09-22T20:02:00+02:00,53,dr-robert,407,220,187,45.9
2026-09-22T18:02:00Z,2026-09-22T20:02:00+02:00,54,placa-vella,297,149,148,49.8
2026-09-22T18:02:00Z,2026-09-22T20:02:00+02:00,55,ajuntament-mercat,237,155,82,34.6
2026-09-22T18:03:00Z,2026-09-22T20:03:00+02:00,53,dr-robert,407,220,187,45.9
2026-09-22T18:03:00Z,2026-09-22T20:03:00+02:00,54,placa-vella,297,149,148,49.8
2026-09-22T18:03:00Z,2026-09-22T20:03:00+02:00,55,ajuntament-mercat,237,155,82,34.6
2026-09-22T18:04:00Z,2026-09-22T20:04:00+02:00,53,dr-robert,407,220,187,45.9
2026-09-22T18:04:00Z,2026-09-22T20:04:00+02:00,54,placa-vella,297,149,148,49.8
2026-09-22T18:04:00Z,2026-09-22T20:04:00+02:00,55,ajuntament-mercat,237,155,82,34.6
2026-09-22T18:05:00Z,2026-09-22T20:05:00+02:00,53,dr-robert,407,221,186,45.7
2026-09-22T18:05:00Z,2026-09-22T20:05:00+02:00,54,placa-vella,297,158,139,46.8
2026-09-22T18:05:00Z,2026-09-22T20:05:00+02:00,55,ajuntament-mercat,237,157,80,33.8
2026-09-22T18:06:00Z,2026-09-22T20:06:00+02:00,53,dr-robert,407,221,186,45.7
2026-09-22T18:06:00Z,2026-09-22T20:06:00+02:00,54,placa-vella,297,158,139,46.8
2026-09-22T18:06:00Z,2026-09-22T20:06:00+02:00,55,ajuntament-mercat,237,157,80,33.8
2026-09-22T18:07:00Z,2026-09-22T20:07:00+02:00,53,dr-robert,407,221,186,45.7
2026-09-22T18:07:00Z,2026-09-22T20:07:00+02:00,54,placa-vella,297,158,139,46.8
2026-09-22T18:07:00Z,2026-09-22T20:07:00+02:00,55,ajuntament-mercat,237,157,80,33.8
2026-09-22T18:08:00Z,2026-09-22T20:08:00+02:00,53,dr-robert,407,221,186,45.7
2026-09-22T18:08:00Z,2026-09-22T20:08:00+02:00,54,placa-vella,297,158,139,46.8
2026-09-22T18:08:00Z,2026-09-22T20:08:00+02:00,55,ajuntament-mercat,237,157,80,33.8
2026-09-22T18:09:00Z,2026-09-22T20:09:00+02:00,53,dr-robert,407,221,186,45.7
2026-09-22T18:09:00Z,2026-09-22T20:09:00+02:00,54,placa-vella,297,158,139,46.8
2026-09-22T18:09:00Z,2026-09-22T20:09:00+02:00,55,ajuntament-mercat,237,157,80,33.8
2026-09-22T18:10:00Z,2026-09-22T20:10:00+02:00,53,dr-robert,407,225,182,44.7
2026-09-22T18:10:00Z,2026-09-22T20:10:00+02:00,54,placa-vella,297,161,136,45.8
2026-09-22T18:10:00Z,2026-09-22T20:10:00+02:00,55,ajuntament-mercat,237,155,82,34.6
2026-09-22T18:11:00Z,2026-09-22T20:11:00+02:00,53,dr-robert,407,225,182,44.7
2026-09-22T18:11:00Z,2026-09-22T20:11:00+02:00,54,placa-vella,297,161,136,45.8
2026-09-22T18:11:00Z,2026-09-22T20:11:00+02:00,55,ajuntament-mercat,237,155,82,34.6
2026-09-22T18:12:00Z,2026-09-22T20:12:00+02:00,53,dr-robert,407,225,182,44.7
2026-09-22T18:12:00Z,2026-09-22T20:12:00+02:00,54,placa-vella,297,161,136,45.8
2026-09-22T18:12:00Z,2026-09-22T20:12:00+02:00,55,ajuntament-mercat,237,155,82,34.6
2026-09-22T18:13:00Z,2026-09-22T20:13:00+02:00,53,dr-robert,407,225,182,44.7
2026-09-22T18:13:00Z,2026-09-22T20:13:00+02:00,54,placa-vella,297,161,136,45.8
2026-09-22T18:13:00Z,2026-09-22T20:13:00+02:00,55,ajuntament-mercat,237,155,82,34.6
2026-09-22T18:14:00Z,2026-09-22T20:14:00+02:00,53,dr-robert,407,225,182,44.7
2026-09-22T18:14:00Z,2026-09-22T20:14:00+02:00,54,placa-vella,297,161,136,45.8
2026-09-22T18:14:00Z,2026-09-22T20:14:00+02:00,55,ajuntament-mercat,237,155,82,34.6
2026-09-22T18:15:00Z,2026-09-22T20:15:00+02:00,53,dr-robert,407,230,177,43.5
2026-09-22T18:15:00Z,2026-09-22T20:15:00+02:00,54,placa-vella,297,168,129,43.4
2026-09-22T18:15:00Z,2026-09-22T20:15:00+02:00,55,ajuntament-mercat,237,163,74,31.2
2026-09-22T18:16:00Z,2026-09-22T20:16:00+02:00,53,dr-robert,407,230,177,43.5
2026-09-22T18:16:00Z,2026-09-22T20:16:00+02:00,54,placa-vella,297,168,129,43.4
2026-09-22T18:16:00Z,2026-09-22T20:16:00+02:00,55,ajuntament-mercat,237,163,74,31.2
2026-09-22T18:17:00Z,2026-09-22T20:17:00+02:00,53,dr-robert,407,230,177,43.5
2026-09-22T18:17:00Z,2026-09-22T20:17:00+02:00,54,placa-vella,297,168,129,43.4
2026-09-22T18:17:00Z,2026-09-22T20:17:00+02:00,55,ajuntament-mercat,237,163,74,31.2
2026-09-22T18:18:00Z,2026-09-22T20:18:00+02:00,53,dr-robert,407,230,177,43.5
2026-09-22T18:18:00Z,2026-09-22T20:18:00+02:00,54,placa-vella,297,168,129,43.4
2026-09-22T18:18:00Z,2026-09-22T20:18:00+02:00,55,ajuntament-mercat,237,163,74,31.2
2026-09-22T18:19:00Z,2026-09-22T20:19:00+02:00,53,dr-robert,407,230,177,43.5
2026-09-22T18:19:00Z,2026-09-22T20:19:00+02:00,54,placa-vella,297,168,129,43.4
2026-09-22T18:19:00Z,2026-09-22T20:19:00+02:00,55,ajuntament-mercat,237,163,74,31.2
2026-09-22T18:20:00Z,2026-09-22T20:20:00+02:00,53,dr-robert,407,236,171,42
2026-09-22T18:20:00Z,2026-09-22T20:20:00+02:00,54,placa-vella,297,172,125,42.1
2026-09-22T18:20:00Z,2026-09-22T20:20:00+02:00,55,ajuntament-mercat,237,167,70,29.5
2026-09-22T18:21:00Z,2026-09-22T20:21:00+02:00,53,dr-robert,407,236,171,42
2026-09-22T18:21:00Z,2026-09-22T20:21:00+02:00,54,placa-vella,297,172,125,42.1
2026-09-22T18:21:00Z,2026-09-22T20:21:00+02:00,55,ajuntament-mercat,237,167,70,29.5
2026-09-22T18:22:00Z,2026-09-22T20:22:00+02:00,53,dr-robert,407,236,171,42
2026-09-22T18:22:00Z,2026-09-22T20:22:00+02:00,54,placa-vella,297,172,125,42.1
2026-09-22T18:22:00Z,2026-09-22T20:22:00+02:00,55,ajuntament-mercat,237,167,70,29.5
2026-09-22T18:23:00Z,2026-09-22T20:23:00+02:00,53,dr-robert,407,236,171,42
2026-09-22T18:23:00Z,2026-09-22T20:23:00+02:00,54,placa-vella,297,172,125,42.1
2026-09-22T18:23:00Z,2026-09-22T20:23:00+02:00,55,ajuntament-mercat,237,167,70,29.5
2026-09-22T18:24:00Z,2026-09-22T20:24:00+02:00,53,dr-robert,407,236,171,42
2026-09-22T18:24:00Z,2026-09-22T20:24:00+02:00,54,placa-vella,297,172,125,42.1
2026-09-22T18:24:00Z,2026-09-22T20:24:00+02:00,55,ajuntament-mercat,237,167,70,29.5
2026-09-22T18:25:00Z,2026-09-22T20:25:00+02:00,53,dr-robert,407,239,168,41.3
2026-09-22T18:25:00Z,2026-09-22T20:25:00+02:00,54,placa-vella,297,175,122,41.1
2026-09-22T18:25:00Z,2026-09-22T20:25:00+02:00,55,ajuntament-mercat,237,171,66,27.8
2026-09-22T18:26:00Z,2026-09-22T20:26:00+02:00,53,dr-robert,407,239,168,41.3
2026-09-22T18:26:00Z,2026-09-22T20:26:00+02:00,54,placa-vella,297,175,122,41.1
2026-09-22T18:26:00Z,2026-09-22T20:26:00+02:00,55,ajuntament-mercat,237,171,66,27.8
2026-09-22T18:27:00Z,2026-09-22T20:27:00+02:00,53,dr-robert,407,239,168,41.3
2026-09-22T18:27:00Z,2026-09-22T20:27:00+02:00,54,placa-vella,297,175,122,41.1
2026-09-22T18:27:00Z,2026-09-22T20:27:00+02:00,55,ajuntament-mercat,237,171,66,27.8
2026-09-22T18:28:00Z,2026-09-22T20:28:00+02:00,53,dr-robert,407,239,168,41.3
2026-09-22T18:28:00Z,2026-09-22T20:28:00+02:00,54,placa-vella,297,175,122,41.1
2026-09-22T18:28:00Z,2026-09-22T20:28:00+02:00,55,ajuntament-mercat,237,171,66,27.8
2026-09-22T18:29:00Z,2026-09-22T20:29:00+02:00,53,dr-robert,407,239,168,41.3
2026-09-22T18:29:00Z,2026-09-22T20:29:00+02:00,54,placa-vella,297,175,122,41.1
2026-09-22T18:29:00Z,2026-09-22T20:29:00+02:00,55,ajuntament-mercat,237,171,66,27.8
2026-09-22T18:30:00Z,2026-09-22T20:30:00+02:00,53,dr-robert,407,240,167,41
2026-09-22T18:30:00Z,2026-09-22T20:30:00+02:00,54,placa-vella,297,177,120,40.4
2026-09-22T18:30:00Z,2026-09-22T20:30:00+02:00,55,ajuntament-mercat,237,173,64,27
2026-09-22T18:31:00Z,2026-09-22T20:31:00+02:00,53,dr-robert,407,240,167,41
2026-09-22T18:31:00Z,2026-09-22T20:31:00+02:00,54,placa-vella,297,177,120,40.4
2026-09-22T18:31:00Z,2026-09-22T20:31:00+02:00,55,ajuntament-mercat,237,173,64,27
2026-09-22T18:32:00Z,2026-09-22T20:32:00+02:00,53,dr-robert,407,240,167,41
2026-09-22T18:32:00Z,2026-09-22T20:32:00+02:00,54,placa-vella,297,177,120,40.4
2026-09-22T18:32:00Z,2026-09-22T20:32:00+02:00,55,ajuntament-mercat,237,173,64,27
2026-09-22T18:33:00Z,2026-09-22T20:33:00+02:00,53,dr-robert,407,240,167,41
2026-09-22T18:33:00Z,2026-09-22T20:33:00+02:00,54,placa-vella,297,177,120,40.4
2026-09-22T18:33:00Z,2026-09-22T20:33:00+02:00,55,ajuntament-mercat,237,173,64,27
2026-09-22T18:34:00Z,2026-09-22T20:34:00+02:00,53,dr-robert,407,240,167,41
2026-09-22T18:34:00Z,2026-09-22T20:34:00+02:00,54,placa-vella,297,177,120,40.4
2026-09-22T18:34:00Z,2026-09-22T20:34:00+02:00,55,ajuntament-mercat,237,173,64,27
2026-09-22T18:35:00Z,2026-09-22T20:35:00+02:00,53,dr-robert,407,247,160,39.3
2026-09-22T18:35:00Z,2026-09-22T20:35:00+02:00,54,placa-vella,297,183,114,38.4
2026-09-22T18:35:00Z,2026-09-22T20:35:00+02:00,55,ajuntament-mercat,237,172,65,27.4
2026-09-22T18:36:00Z,2026-09-22T20:36:00+02:00,53,dr-robert,407,247,160,39.3
2026-09-22T18:36:00Z,2026-09-22T20:36:00+02:00,54,placa-vella,297,183,114,38.4
2026-09-22T18:36:00Z,2026-09-22T20:36:00+02:00,55,ajuntament-mercat,237,172,65,27.4
2026-09-22T18:37:00Z,2026-09-22T20:37:00+02:00,53,dr-robert,407,247,160,39.3
2026-09-22T18:37:00Z,2026-09-22T20:37:00+02:00,54,placa-vella,297,183,114,38.4
2026-09-22T18:37:00Z,2026-09-22T20:37:00+02:00,55,ajuntament-mercat,237,172,65,27.4
2026-09-22T18:38:00Z,2026-09-22T20:38:00+02:00,53,dr-robert,407,247,160,39.3
2026-09-22T18:38:00Z,2026-09-22T20:38:00+02:00,54,placa-vella,297,183,114,38.4
2026-09-22T18:38:00Z,2026-09-22T20:38:00+02:00,55,ajuntament-mercat,237,172,65,27.4
2026-09-22T18:39:00Z,2026-09-22T20:39:00+02:00,53,dr-robert,407,247,160,39.3
2026-09-22T18:39:00Z,2026-09-22T20:39:00+02:00,54,placa-vella,297,183,114,38.4
2026-09-22T18:39:00Z,2026-09-22T20:39:00+02:00,55,ajuntament-mercat,237,172,65,27.4
2026-09-22T18:40:00Z,2026-09-22T20:40:00+02:00,53,dr-robert,407,249,158,38.8
2026-09-22T18:40:00Z,2026-09-22T20:40:00+02:00,54,placa-vella,297,188,109,36.7
2026-09-22T18:40:00Z,2026-09-22T20:40:00+02:00,55,ajuntament-mercat,237,173,64,27
2026-09-22T18:41:00Z,2026-09-22T20:41:00+02:00,53,dr-robert,407,249,158,38.8
2026-09-22T18:41:00Z,2026-09-22T20:41:00+02:00,54,placa-vella,297,188,109,36.7
2026-09-22T18:41:00Z,2026-09-22T20:41:00+02:00,55,ajuntament-mercat,237,173,64,27
2026-09-22T18:42:00Z,2026-09-22T20:42:00+02:00,53,dr-robert,407,249,158,38.8
2026-09-22T18:42:00Z,2026-09-22T20:42:00+02:00,54,placa-vella,297,188,109,36.7
2026-09-22T18:42:00Z,2026-09-22T20:42:00+02:00,55,ajuntament-mercat,237,173,64,27
2026-09-22T18:43:00Z,2026-09-22T20:43:00+02:00,53,dr-robert,407,249,158,38.8
2026-09-22T18:43:00Z,2026-09-22T20:43:00+02:00,54,placa-vella,297,188,109,36.7
2026-09-22T18:43:00Z,2026-09-22T20:43:00+02:00,55,ajuntament-mercat,237,173,64,27
2026-09-22T18:44:00Z,2026-09-22T20:44:00+02:00,53,dr-robert,407,249,158,38.8
2026-09-22T18:44:00Z,2026-09-22T20:44:00+02:00,54,placa-vella,297,188,109,36.7
2026-09-22T18:44:00Z,2026-09-22T20:44:00+02:00,55,ajuntament-mercat,237,173,64,27
2026-09-22T18:45:00Z,2026-09-22T20:45:00+02:00,53,dr-robert,407,252,155,38.1
2026-09-22T18:45:00Z,2026-09-22T20:45:00+02:00,54,placa-vella,297,190,107,36
2026-09-22T18:45:00Z,2026-09-22T20:45:00+02:00,55,ajuntament-mercat,237,175,62,26.2
2026-09-22T18:46:00Z,2026-09-22T20:46:00+02:00,53,dr-robert,407,252,155,38.1
2026-09-22T18:46:00Z,2026-09-22T20:46:00+02:00,54,placa-vella,297,190,107,36
2026-09-22T18:46:00Z,2026-09-22T20:46:00+02:00,55,ajuntament-mercat,237,175,62,26.2
2026-09-22T18:47:00Z,2026-09-22T20:47:00+02:00,53,dr-robert,407,252,155,38.1
2026-09-22T18:47:00Z,2026-09-22T20:47:00+02:00,54,placa-vella,297,190,107,36
2026-09-22T18:47:00Z,2026-09-22T20:47:00+02:00,55,ajuntament-mercat,237,175,62,26.2
2026-09-22T18:48:00Z,2026-09-22T20:48:00+02:00,53,dr-robert,407,252,155,38.1
2026-09-22T18:48:00Z,2026-09-22T20:48:00+02:00,54,placa-vella,297,190,107,36
2026-09-22T18:48:00Z,2026-09-22T20:48:00+02:00,55,ajuntament-mercat,237,175,62,26.2
2026-09-22T18:49:00Z,2026-09-22T20:49:00+02:00,53,dr-robert,407,252,155,38.1
2026-09-22T18:49:00Z,2026-09-22T20:49:00+02:00,54,placa-vella,297,190,107,36
2026-09-22T18:49:00Z,2026-09-22T20:49:00+02:00,55,ajuntament-mercat,237,175,62,26.2
2026-09-22T18:50:00Z,2026-09-22T20:50:00+02:00,53,dr-robert,407,252,155,38.1
2026-09-22T18:50:00Z,2026-09-22T20:50:00+02:00,54,placa-vella,297,194,103,34.7
2026-09-22T18:50:00Z,2026-09-22T20:50:00+02:00,55,ajuntament-mercat,237,178,59,24.9
2026-09-22T18:51:00Z,2026-09-22T20:51:00+02:00,53,dr-robert,407,252,155,38.1
2026-09-22T18:51:00Z,2026-09-22T20:51:00+02:00,54,placa-vella,297,194,103,34.7
2026-09-22T18:51:00Z,2026-09-22T20:51:00+02:00,55,ajuntament-mercat,237,178,59,24.9
2026-09-22T18:52:00Z,2026-09-22T20:52:00+02:00,53,dr-robert,407,252,155,38.1
2026-09-22T18:52:00Z,2026-09-22T20:52:00+02:00,54,placa-vella,297,194,103,34.7
2026-09-22T18:52:00Z,2026-09-22T20:52:00+02:00,55,ajuntament-mercat,237,178,59,24.9
2026-09-22T18:53:00Z,2026-09-22T20:53:00+02:00,53,dr-robert,407,252,155,38.1
2026-09-22T18:53:00Z,2026-09-22T20:53:00+02:00,54,placa-vella,297,194,103,34.7
2026-09-22T18:53:00Z,2026-09-22T20:53:00+02:00,55,ajuntament-mercat,237,178,59,24.9
2026-09-22T18:54:00Z,2026-09-22T20:54:00+02:00,53,dr-robert,407,252,155,38.1
2026-09-22T18:54:00Z,2026-09-22T20:54:00+02:00,54,placa-vella,297,194,103,34.7
2026-09-22T18:54:00Z,2026-09-22T20:54:00+02:00,55,ajuntament-mercat,237,178,59,24.9
2026-09-22T18:55:00Z,2026-09-22T20:55:00+02:00,53,dr-robert,407,248,159,39.1
2026-09-22T18:55:00Z,2026-09-22T20:55:00+02:00,54,placa-vella,297,194,103,34.7
2026-09-22T18:55:00Z,2026-09-22T20:55:00+02:00,55,ajuntament-mercat,237,178,59,24.9
2026-09-22T18:56:00Z,2026-09-22T20:56:00+02:00,53,dr-robert,407,248,159,39.1
2026-09-22T18:56:00Z,2026-09-22T20:56:00+02:00,54,placa-vella,297,194,103,34.7
2026-09-22T18:56:00Z,2026-09-22T20:56:00+02:00,55,ajuntament-mercat,237,178,59,24.9
2026-09-22T18:57:00Z,2026-09-22T20:57:00+02:00,53,dr-robert,407,248,159,39.1
2026-09-22T18:57:00Z,2026-09-22T20:57:00+02:00,54,placa-vella,297,194,103,34.7
2026-09-22T18:57:00Z,2026-09-22T20:57:00+02:00,55,ajuntament-mercat,237,178,59,24.9
2026-09-22T18:58:00Z,2026-09-22T20:58:00+02:00,53,dr-robert,407,248,159,39.1
2026-09-22T18:58:00Z,2026-09-22T20:58:00+02:00,54,placa-vella,297,194,103,34.7
2026-09-22T18:58:00Z,2026-09-22T20:58:00+02:00,55,ajuntament-mercat,237,178,59,24.9
2026-09-22T18:59:00Z,2026-09-22T20:59:00+02:00,53,dr-robert,407,248,159,39.1
2026-09-22T18:59:00Z,2026-09-22T20:59:00+02:00,54,placa-vella,297,194,103,34.7
2026-09-22T18:59:00Z,2026-09-22T20:59:00+02:00,55,ajuntament-mercat,237,178,59,24.9
2026-09-22T19:00:00Z,2026-09-22T21:00:00+02:00,53,dr-robert,407,248,159,39.1
2026-09-22T19:00:00Z,2026-09-22T21:00:00+02:00,54,placa-vella,297,194,103,34.7
2026-09-22T19:00:00Z,2026-09-22T21:00:00+02:00,55,ajuntament-mercat,237,178,59,24.9
2026-09-22T19:01:00Z,2026-09-22T21:01:00+02:00,53,dr-robert,407,250,157,38.6
2026-09-22T19:01:00Z,2026-09-22T21:01:00+02:00,54,placa-vella,297,192,105,35.4
2026-09-22T19:01:00Z,2026-09-22T21:01:00+02:00,55,ajuntament-mercat,237,177,60,25.3
2026-09-22T19:02:00Z,2026-09-22T21:02:00+02:00,53,dr-robert,407,250,157,38.6
2026-09-22T19:02:00Z,2026-09-22T21:02:00+02:00,54,placa-vella,297,192,105,35.4
2026-09-22T19:02:00Z,2026-09-22T21:02:00+02:00,55,ajuntament-mercat,237,177,60,25.3
2026-09-22T19:03:00Z,2026-09-22T21:03:00+02:00,53,dr-robert,407,250,157,38.6
2026-09-22T19:03:00Z,2026-09-22T21:03:00+02:00,54,placa-vella,297,192,105,35.4
2026-09-22T19:03:00Z,2026-09-22T21:03:00+02:00,55,ajuntament-mercat,237,177,60,25.3
2026-09-22T19:04:00Z,2026-09-22T21:04:00+02:00,53,dr-robert,407,250,157,38.6
2026-09-22T19:04:00Z,2026-09-22T21:04:00+02:00,54,placa-vella,297,192,105,35.4
2026-09-22T19:04:00Z,2026-09-22T21:04:00+02:00,55,ajuntament-mercat,237,177,60,25.3
2026-09-22T19:05:00Z,2026-09-22T21:05:00+02:00,53,dr-robert,407,254,153,37.6
2026-09-22T19:05:00Z,2026-09-22T21:05:00+02:00,54,placa-vella,297,191,106,35.7
2026-09-22T19:05:00Z,2026-09-22T21:05:00+02:00,55,ajuntament-mercat,237,177,60,25.3
2026-09-22T19:06:00Z,2026-09-22T21:06:00+02:00,53,dr-robert,407,254,153,37.6
2026-09-22T19:06:00Z,2026-09-22T21:06:00+02:00,54,placa-vella,297,191,106,35.7
2026-09-22T19:06:00Z,2026-09-22T21:06:00+02:00,55,ajuntament-mercat,237,177,60,25.3
2026-09-22T19:07:00Z,2026-09-22T21:07:00+02:00,53,dr-robert,407,254,153,37.6
2026-09-22T19:07:00Z,2026-09-22T21:07:00+02:00,54,placa-vella,297,191,106,35.7
2026-09-22T19:07:00Z,2026-09-22T21:07:00+02:00,55,ajuntament-mercat,237,177,60,25.3
2026-09-22T19:08:00Z,2026-09-22T21:08:00+02:00,53,dr-robert,407,254,153,37.6
2026-09-22T19:08:00Z,2026-09-22T21:08:00+02:00,54,placa-vella,297,191,106,35.7
2026-09-22T19:08:00Z,2026-09-22T21:08:00+02:00,55,ajuntament-mercat,237,177,60,25.3
2026-09-22T19:09:00Z,2026-09-22T21:09:00+02:00,53,dr-robert,407,254,153,37.6
2026-09-22T19:09:00Z,2026-09-22T21:09:00+02:00,54,placa-vella,297,191,106,35.7
2026-09-22T19:09:00Z,2026-09-22T21:09:00+02:00,55,ajuntament-mercat,237,177,60,25.3
2026-09-22T19:10:00Z,2026-09-22T21:10:00+02:00,53,dr-robert,407,254,153,37.6
2026-09-22T19:10:00Z,2026-09-22T21:10:00+02:00,54,placa-vella,297,194,103,34.7
2026-09-22T19:10:00Z,2026-09-22T21:10:00+02:00,55,ajuntament-mercat,237,177,60,25.3
2026-09-22T19:11:00Z,2026-09-22T21:11:00+02:00,53,dr-robert,407,254,153,37.6
2026-09-22T19:11:00Z,2026-09-22T21:11:00+02:00,54,placa-vella,297,194,103,34.7
2026-09-22T19:11:00Z,2026-09-22T21:11:00+02:00,55,ajuntament-mercat,237,177,60,25.3
2026-09-22T19:12:00Z,2026-09-22T21:12:00+02:00,53,dr-robert,407,254,153,37.6
2026-09-22T19:12:00Z,2026-09-22T21:12:00+02:00,54,placa-vella,297,194,103,34.7
2026-09-22T19:12:00Z,2026-09-22T21:12:00+02:00,55,ajuntament-mercat,237,177,60,25.3
2026-09-22T19:13:00Z,2026-09-22T21:13:00+02:00,53,dr-robert,407,254,153,37.6
2026-09-22T19:13:00Z,2026-09-22T21:13:00+02:00,54,placa-vella,297,194,103,34.7
2026-09-22T19:13:00Z,2026-09-22T21:13:00+02:00,55,ajuntament-mercat,237,177,60,25.3
2026-09-22T19:14:00Z,2026-09-22T21:14:00+02:00,53,dr-robert,407,254,153,37.6
2026-09-22T19:14:00Z,2026-09-22T21:14:00+02:00,54,placa-vella,297,194,103,34.7
2026-09-22T19:14:00Z,2026-09-22T21:14:00+02:00,55,ajuntament-mercat,237,177,60,25.3
2026-09-22T19:15:00Z,2026-09-22T21:15:00+02:00,53,dr-robert,407,257,150,36.9
2026-09-22T19:15:00Z,2026-09-22T21:15:00+02:00,54,placa-vella,297,193,104,35
2026-09-22T19:15:00Z,2026-09-22T21:15:00+02:00,55,ajuntament-mercat,237,178,59,24.9
2026-09-22T19:16:00Z,2026-09-22T21:16:00+02:00,53,dr-robert,407,257,150,36.9
2026-09-22T19:16:00Z,2026-09-22T21:16:00+02:00,54,placa-vella,297,193,104,35
2026-09-22T19:16:00Z,2026-09-22T21:16:00+02:00,55,ajuntament-mercat,237,178,59,24.9
2026-09-22T19:17:00Z,2026-09-22T21:17:00+02:00,53,dr-robert,407,257,150,36.9
2026-09-22T19:17:00Z,2026-09-22T21:17:00+02:00,54,placa-vella,297,193,104,35
2026-09-22T19:17:00Z,2026-09-22T21:17:00+02:00,55,ajuntament-mercat,237,178,59,24.9
2026-09-22T19:18:00Z,2026-09-22T21:18:00+02:00,53,dr-robert,407,257,150,36.9
2026-09-22T19:18:00Z,2026-09-22T21:18:00+02:00,54,placa-vella,297,193,104,35
2026-09-22T19:18:00Z,2026-09-22T21:18:00+02:00,55,ajuntament-mercat,237,178,59,24.9
2026-09-22T19:19:00Z,2026-09-22T21:19:00+02:00,53,dr-robert,407,257,150,36.9
2026-09-22T19:19:00Z,2026-09-22T21:19:00+02:00,54,placa-vella,297,193,104,35
2026-09-22T19:19:00Z,2026-09-22T21:19:00+02:00,55,ajuntament-mercat,237,178,59,24.9
2026-09-22T19:20:00Z,2026-09-22T21:20:00+02:00,53,dr-robert,407,257,150,36.9
2026-09-22T19:20:00Z,2026-09-22T21:20:00+02:00,54,placa-vella,297,193,104,35
2026-09-22T19:20:00Z,2026-09-22T21:20:00+02:00,55,ajuntament-mercat,237,178,59,24.9
2026-09-22T19:21:00Z,2026-09-22T21:21:00+02:00,53,dr-robert,407,260,147,36.1
2026-09-22T19:21:00Z,2026-09-22T21:21:00+02:00,54,placa-vella,297,192,105,35.4
2026-09-22T19:21:00Z,2026-09-22T21:21:00+02:00,55,ajuntament-mercat,237,178,59,24.9
2026-09-22T19:22:00Z,2026-09-22T21:22:00+02:00,53,dr-robert,407,260,147,36.1
2026-09-22T19:22:00Z,2026-09-22T21:22:00+02:00,54,placa-vella,297,192,105,35.4
2026-09-22T19:22:00Z,2026-09-22T21:22:00+02:00,55,ajuntament-mercat,237,178,59,24.9
2026-09-22T19:23:00Z,2026-09-22T21:23:00+02:00,53,dr-robert,407,260,147,36.1
2026-09-22T19:23:00Z,2026-09-22T21:23:00+02:00,54,placa-vella,297,192,105,35.4
2026-09-22T19:23:00Z,2026-09-22T21:23:00+02:00,55,ajuntament-mercat,237,178,59,24.9
2026-09-22T19:24:00Z,2026-09-22T21:24:00+02:00,53,dr-robert,407,260,147,36.1
2026-09-22T19:24:00Z,2026-09-22T21:24:00+02:00,54,placa-vella,297,192,105,35.4
2026-09-22T19:24:00Z,2026-09-22T21:24:00+02:00,55,ajuntament-mercat,237,178,59,24.9
2026-09-22T19:25:00Z,2026-09-22T21:25:00+02:00,53,dr-robert,407,263,144,35.4
2026-09-22T19:25:00Z,2026-09-22T21:25:00+02:00,54,placa-vella,297,192,105,35.4
2026-09-22T19:25:00Z,2026-09-22T21:25:00+02:00,55,ajuntament-mercat,237,177,60,25.3
2026-09-22T19:26:00Z,2026-09-22T21:26:00+02:00,53,dr-robert,407,263,144,35.4
2026-09-22T19:26:00Z,2026-09-22T21:26:00+02:00,54,placa-vella,297,192,105,35.4
2026-09-22T19:26:00Z,2026-09-22T21:26:00+02:00,55,ajuntament-mercat,237,177,60,25.3
2026-09-22T19:27:00Z,2026-09-22T21:27:00+02:00,53,dr-robert,407,263,144,35.4
2026-09-22T19:27:00Z,2026-09-22T21:27:00+02:00,54,placa-vella,297,192,105,35.4
2026-09-22T19:27:00Z,2026-09-22T21:27:00+02:00,55,ajuntament-mercat,237,177,60,25.3
2026-09-22T19:28:00Z,2026-09-22T21:28:00+02:00,53,dr-robert,407,263,144,35.4
2026-09-22T19:28:00Z,2026-09-22T21:28:00+02:00,54,placa-vella,297,192,105,35.4
2026-09-22T19:28:00Z,2026-09-22T21:28:00+02:00,55,ajuntament-mercat,237,177,60,25.3
2026-09-22T19:29:00Z,2026-09-22T21:29:00+02:00,53,dr-robert,407,263,144,35.4
2026-09-22T19:29:00Z,2026-09-22T21:29:00+02:00,54,placa-vella,297,192,105,35.4
2026-09-22T19:29:00Z,2026-09-22T21:29:00+02:00,55,ajuntament-mercat,237,177,60,25.3
2026-09-22T19:30:00Z,2026-09-22T21:30:00+02:00,53,dr-robert,407,265,142,34.9
2026-09-22T19:30:00Z,2026-09-22T21:30:00+02:00,54,placa-vella,297,194,103,34.7
2026-09-22T19:30:00Z,2026-09-22T21:30:00+02:00,55,ajuntament-mercat,237,180,57,24.1
2026-09-22T19:31:00Z,2026-09-22T21:31:00+02:00,53,dr-robert,407,265,142,34.9
2026-09-22T19:31:00Z,2026-09-22T21:31:00+02:00,54,placa-vella,297,194,103,34.7
2026-09-22T19:31:00Z,2026-09-22T21:31:00+02:00,55,ajuntament-mercat,237,180,57,24.1
2026-09-22T19:32:00Z,2026-09-22T21:32:00+02:00,53,dr-robert,407,265,142,34.9
2026-09-22T19:32:00Z,2026-09-22T21:32:00+02:00,54,placa-vella,297,194,103,34.7
2026-09-22T19:32:00Z,2026-09-22T21:32:00+02:00,55,ajuntament-mercat,237,180,57,24.1
2026-09-22T19:33:00Z,2026-09-22T21:33:00+02:00,53,dr-robert,407,265,142,34.9
2026-09-22T19:33:00Z,2026-09-22T21:33:00+02:00,54,placa-vella,297,194,103,34.7
2026-09-22T19:33:00Z,2026-09-22T21:33:00+02:00,55,ajuntament-mercat,237,180,57,24.1
2026-09-22T19:34:00Z,2026-09-22T21:34:00+02:00,53,dr-robert,407,265,142,34.9
2026-09-22T19:34:00Z,2026-09-22T21:34:00+02:00,54,placa-vella,297,194,103,34.7
2026-09-22T19:34:00Z,2026-09-22T21:34:00+02:00,55,ajuntament-mercat,237,180,57,24.1
2026-09-22T19:35:00Z,2026-09-22T21:35:00+02:00,53,dr-robert,407,274,133,32.7
2026-09-22T19:35:00Z,2026-09-22T21:35:00+02:00,54,placa-vella,297,195,102,34.3
2026-09-22T19:35:00Z,2026-09-22T21:35:00+02:00,55,ajuntament-mercat,237,180,57,24.1
2026-09-22T19:36:00Z,2026-09-22T21:36:00+02:00,53,dr-robert,407,274,133,32.7
2026-09-22T19:36:00Z,2026-09-22T21:36:00+02:00,54,placa-vella,297,195,102,34.3
2026-09-22T19:36:00Z,2026-09-22T21:36:00+02:00,55,ajuntament-mercat,237,180,57,24.1
2026-09-22T19:37:00Z,2026-09-22T21:37:00+02:00,53,dr-robert,407,274,133,32.7
2026-09-22T19:37:00Z,2026-09-22T21:37:00+02:00,54,placa-vella,297,195,102,34.3
2026-09-22T19:37:00Z,2026-09-22T21:37:00+02:00,55,ajuntament-mercat,237,180,57,24.1
2026-09-22T19:38:00Z,2026-09-22T21:38:00+02:00,53,dr-robert,407,274,133,32.7
2026-09-22T19:38:00Z,2026-09-22T21:38:00+02:00,54,placa-vella,297,195,102,34.3
2026-09-22T19:38:00Z,2026-09-22T21:38:00+02:00,55,ajuntament-mercat,237,180,57,24.1
2026-09-22T19:39:00Z,2026-09-22T21:39:00+02:00,53,dr-robert,407,274,133,32.7
2026-09-22T19:39:00Z,2026-09-22T21:39:00+02:00,54,placa-vella,297,195,102,34.3
2026-09-22T19:39:00Z,2026-09-22T21:39:00+02:00,55,ajuntament-mercat,237,180,57,24.1
2026-09-22T19:40:00Z,2026-09-22T21:40:00+02:00,53,dr-robert,407,281,126,31
2026-09-22T19:40:00Z,2026-09-22T21:40:00+02:00,54,placa-vella,297,196,101,34
2026-09-22T19:40:00Z,2026-09-22T21:40:00+02:00,55,ajuntament-mercat,237,180,57,24.1
2026-09-22T19:41:00Z,2026-09-22T21:41:00+02:00,53,dr-robert,407,281,126,31
2026-09-22T19:41:00Z,2026-09-22T21:41:00+02:00,54,placa-vella,297,196,101,34
2026-09-22T19:41:00Z,2026-09-22T21:41:00+02:00,55,ajuntament-mercat,237,180,57,24.1
2026-09-22T19:42:00Z,2026-09-22T21:42:00+02:00,53,dr-robert,407,281,126,31
2026-09-22T19:42:00Z,2026-09-22T21:42:00+02:00,54,placa-vella,297,196,101,34
2026-09-22T19:42:00Z,2026-09-22T21:42:00+02:00,55,ajuntament-mercat,237,180,57,24.1
2026-09-22T19:43:00Z,2026-09-22T21:43:00+02:00,53,dr-robert,407,281,126,31
2026-09-22T19:43:00Z,2026-09-22T21:43:00+02:00,54,placa-vella,297,196,101,34
2026-09-22T19:43:00Z,2026-09-22T21:43:00+02:00,55,ajuntament-mercat,237,180,57,24.1
2026-09-22T19:44:00Z,2026-09-22T21:44:00+02:00,53,dr-robert,407,281,126,31
2026-09-22T19:44:00Z,2026-09-22T21:44:00+02:00,54,placa-vella,297,196,101,34
2026-09-22T19:44:00Z,2026-09-22T21:44:00+02:00,55,ajuntament-mercat,237,180,57,24.1
2026-09-22T19:45:00Z,2026-09-22T21:45:00+02:00,53,dr-robert,407,281,126,31
2026-09-22T19:45:00Z,2026-09-22T21:45:00+02:00,54,placa-vella,297,198,99,33.3
2026-09-22T19:45:00Z,2026-09-22T21:45:00+02:00,55,ajuntament-mercat,237,180,57,24.1
2026-09-22T19:46:00Z,2026-09-22T21:46:00+02:00,53,dr-robert,407,281,126,31
2026-09-22T19:46:00Z,2026-09-22T21:46:00+02:00,54,placa-vella,297,198,99,33.3
2026-09-22T19:46:00Z,2026-09-22T21:46:00+02:00,55,ajuntament-mercat,237,180,57,24.1
2026-09-22T19:47:00Z,2026-09-22T21:47:00+02:00,53,dr-robert,407,281,126,31
2026-09-22T19:47:00Z,2026-09-22T21:47:00+02:00,54,placa-vella,297,198,99,33.3
2026-09-22T19:47:00Z,2026-09-22T21:47:00+02:00,55,ajuntament-mercat,237,180,57,24.1
2026-09-22T19:48:00Z,2026-09-22T21:48:00+02:00,53,dr-robert,407,281,126,31
2026-09-22T19:48:00Z,2026-09-22T21:48:00+02:00,54,placa-vella,297,198,99,33.3
2026-09-22T19:48:00Z,2026-09-22T21:48:00+02:00,55,ajuntament-mercat,237,180,57,24.1
2026-09-22T19:49:00Z,2026-09-22T21:49:00+02:00,53,dr-robert,407,281,126,31
2026-09-22T19:49:00Z,2026-09-22T21:49:00+02:00,54,placa-vella,297,198,99,33.3
2026-09-22T19:49:00Z,2026-09-22T21:49:00+02:00,55,ajuntament-mercat,237,180,57,24.1
2026-09-22T19:50:00Z,2026-09-22T21:50:00+02:00,53,dr-robert,407,281,126,31
2026-09-22T19:50:00Z,2026-09-22T21:50:00+02:00,54,placa-vella,297,198,99,33.3
2026-09-22T19:50:00Z,2026-09-22T21:50:00+02:00,55,ajuntament-mercat,237,180,57,24.1
2026-09-22T19:51:00Z,2026-09-22T21:51:00+02:00,53,dr-robert,407,291,116,28.5
2026-09-22T19:51:00Z,2026-09-22T21:51:00+02:00,54,placa-vella,297,198,99,33.3
2026-09-22T19:51:00Z,2026-09-22T21:51:00+02:00,55,ajuntament-mercat,237,181,56,23.6
2026-09-22T19:52:00Z,2026-09-22T21:52:00+02:00,53,dr-robert,407,291,116,28.5
2026-09-22T19:52:00Z,2026-09-22T21:52:00+02:00,54,placa-vella,297,198,99,33.3
2026-09-22T19:52:00Z,2026-09-22T21:52:00+02:00,55,ajuntament-mercat,237,181,56,23.6
2026-09-22T19:53:00Z,2026-09-22T21:53:00+02:00,53,dr-robert,407,291,116,28.5
2026-09-22T19:53:00Z,2026-09-22T21:53:00+02:00,54,placa-vella,297,198,99,33.3
2026-09-22T19:53:00Z,2026-09-22T21:53:00+02:00,55,ajuntament-mercat,237,181,56,23.6
2026-09-22T19:54:00Z,2026-09-22T21:54:00+02:00,53,dr-robert,407,291,116,28.5
2026-09-22T19:54:00Z,2026-09-22T21:54:00+02:00,54,placa-vella,297,198,99,33.3
2026-09-22T19:54:00Z,2026-09-22T21:54:00+02:00,55,ajuntament-mercat,237,181,56,23.6
2026-09-22T19:55:00Z,2026-09-22T21:55:00+02:00,53,dr-robert,407,294,113,27.8
2026-09-22T19:55:00Z,2026-09-22T21:55:00+02:00,54,placa-vella,297,197,100,33.7
2026-09-22T19:55:00Z,2026-09-22T21:55:00+02:00,55,ajuntament-mercat,237,181,56,23.6
2026-09-22T19:56:00Z,2026-09-22T21:56:00+02:00,53,dr-robert,407,294,113,27.8
2026-09-22T19:56:00Z,2026-09-22T21:56:00+02:00,54,placa-vella,297,197,100,33.7
2026-09-22T19:56:00Z,2026-09-22T21:56:00+02:00,55,ajuntament-mercat,237,181,56,23.6
2026-09-22T19:57:00Z,2026-09-22T21:57:00+02:00,53,dr-robert,407,294,113,27.8
2026-09-22T19:57:00Z,2026-09-22T21:57:00+02:00,54,placa-vella,297,197,100,33.7
2026-09-22T19:57:00Z,2026-09-22T21:57:00+02:00,55,ajuntament-mercat,237,181,56,23.6
2026-09-22T19:58:00Z,2026-09-22T21:58:00+02:00,53,dr-robert,407,294,113,27.8
2026-09-22T19:58:00Z,2026-09-22T21:58:00+02:00,54,placa-vella,297,197,100,33.7
2026-09-22T19:58:00Z,2026-09-22T21:58:00+02:00,55,ajuntament-mercat,237,181,56,23.6
2026-09-22T19:59:00Z,2026-09-22T21:59:00+02:00,53,dr-robert,407,294,113,27.8
2026-09-22T19:59:00Z,2026-09-22T21:59:00+02:00,54,placa-vella,297,197,100,33.7
2026-09-22T19:59:00Z,2026-09-22T21:59:00+02:00,55,ajuntament-mercat,237,181,56,23.6
2026-09-22T20:00:00Z,2026-09-22T22:00:00+02:00,53,dr-robert,407,294,113,27.8
2026-09-22T20:00:00Z,2026-09-22T22:00:00+02:00,54,placa-vella,297,197,100,33.7
2026-09-22T20:00:00Z,2026-09-22T22:00:00+02:00,55,ajuntament-mercat,237,181,56,23.6
2026-09-22T20:01:00Z,2026-09-22T22:01:00+02:00,53,dr-robert,407,291,116,28.5
2026-09-22T20:01:00Z,2026-09-22T22:01:00+02:00,54,placa-vella,297,197,100,33.7
2026-09-22T20:01:00Z,2026-09-22T22:01:00+02:00,55,ajuntament-mercat,237,181,56,23.6
2026-09-22T20:02:00Z,2026-09-22T22:02:00+02:00,53,dr-robert,407,291,116,28.5
2026-09-22T20:02:00Z,2026-09-22T22:02:00+02:00,54,placa-vella,297,197,100,33.7
2026-09-22T20:02:00Z,2026-09-22T22:02:00+02:00,55,ajuntament-mercat,237,181,56,23.6
2026-09-22T20:03:00Z,2026-09-22T22:03:00+02:00,53,dr-robert,407,291,116,28.5
2026-09-22T20:03:00Z,2026-09-22T22:03:00+02:00,54,placa-vella,297,197,100,33.7
2026-09-22T20:03:00Z,2026-09-22T22:03:00+02:00,55,ajuntament-mercat,237,181,56,23.6
2026-09-22T20:04:00Z,2026-09-22T22:04:00+02:00,53,dr-robert,407,291,116,28.5
2026-09-22T20:04:00Z,2026-09-22T22:04:00+02:00,54,placa-vella,297,197,100,33.7
2026-09-22T20:04:00Z,2026-09-22T22:04:00+02:00,55,ajuntament-mercat,237,181,56,23.6
2026-09-22T20:05:00Z,2026-09-22T22:05:00+02:00,53,dr-robert,407,291,116,28.5
2026-09-22T20:05:00Z,2026-09-22T22:05:00+02:00,54,placa-vella,297,197,100,33.7
2026-09-22T20:05:00Z,2026-09-22T22:05:00+02:00,55,ajuntament-mercat,237,182,55,23.2
2026-09-22T20:06:00Z,2026-09-22T22:06:00+02:00,53,dr-robert,407,291,116,28.5
2026-09-22T20:06:00Z,2026-09-22T22:06:00+02:00,54,placa-vella,297,197,100,33.7
2026-09-22T20:06:00Z,2026-09-22T22:06:00+02:00,55,ajuntament-mercat,237,182,55,23.2
2026-09-22T20:07:00Z,2026-09-22T22:07:00+02:00,53,dr-robert,407,291,116,28.5
2026-09-22T20:07:00Z,2026-09-22T22:07:00+02:00,54,placa-vella,297,197,100,33.7
2026-09-22T20:07:00Z,2026-09-22T22:07:00+02:00,55,ajuntament-mercat,237,182,55,23.2
2026-09-22T20:08:00Z,2026-09-22T22:08:00+02:00,53,dr-robert,407,291,116,28.5
2026-09-22T20:08:00Z,2026-09-22T22:08:00+02:00,54,placa-vella,297,197,100,33.7
2026-09-22T20:08:00Z,2026-09-22T22:08:00+02:00,55,ajuntament-mercat,237,182,55,23.2
2026-09-22T20:09:00Z,2026-09-22T22:09:00+02:00,53,dr-robert,407,291,116,28.5
2026-09-22T20:09:00Z,2026-09-22T22:09:00+02:00,54,placa-vella,297,197,100,33.7
2026-09-22T20:09:00Z,2026-09-22T22:09:00+02:00,55,ajuntament-mercat,237,182,55,23.2
2026-09-22T20:10:00Z,2026-09-22T22:10:00+02:00,53,dr-robert,407,297,110,27
2026-09-22T20:10:00Z,2026-09-22T22:10:00+02:00,54,placa-vella,297,197,100,33.7
2026-09-22T20:10:00Z,2026-09-22T22:10:00+02:00,55,ajuntament-mercat,237,182,55,23.2
2026-09-22T20:11:00Z,2026-09-22T22:11:00+02:00,53,dr-robert,407,297,110,27
2026-09-22T20:11:00Z,2026-09-22T22:11:00+02:00,54,placa-vella,297,197,100,33.7
2026-09-22T20:11:00Z,2026-09-22T22:11:00+02:00,55,ajuntament-mercat,237,182,55,23.2
2026-09-22T20:12:00Z,2026-09-22T22:12:00+02:00,53,dr-robert,407,297,110,27
2026-09-22T20:12:00Z,2026-09-22T22:12:00+02:00,54,placa-vella,297,197,100,33.7
2026-09-22T20:12:00Z,2026-09-22T22:12:00+02:00,55,ajuntament-mercat,237,182,55,23.2
2026-09-22T20:13:00Z,2026-09-22T22:13:00+02:00,53,dr-robert,407,297,110,27
2026-09-22T20:13:00Z,2026-09-22T22:13:00+02:00,54,placa-vella,297,197,100,33.7
2026-09-22T20:13:00Z,2026-09-22T22:13:00+02:00,55,ajuntament-mercat,237,182,55,23.2
2026-09-22T20:14:00Z,2026-09-22T22:14:00+02:00,53,dr-robert,407,297,110,27
2026-09-22T20:14:00Z,2026-09-22T22:14:00+02:00,54,placa-vella,297,197,100,33.7
2026-09-22T20:14:00Z,2026-09-22T22:14:00+02:00,55,ajuntament-mercat,237,182,55,23.2
2026-09-22T20:15:00Z,2026-09-22T22:15:00+02:00,53,dr-robert,407,300,107,26.3
2026-09-22T20:15:00Z,2026-09-22T22:15:00+02:00,54,placa-vella,297,197,100,33.7
2026-09-22T20:15:00Z,2026-09-22T22:15:00+02:00,55,ajuntament-mercat,237,183,54,22.8
2026-09-22T20:16:00Z,2026-09-22T22:16:00+02:00,53,dr-robert,407,300,107,26.3
2026-09-22T20:16:00Z,2026-09-22T22:16:00+02:00,54,placa-vella,297,197,100,33.7
2026-09-22T20:16:00Z,2026-09-22T22:16:00+02:00,55,ajuntament-mercat,237,183,54,22.8
2026-09-22T20:17:00Z,2026-09-22T22:17:00+02:00,53,dr-robert,407,300,107,26.3
2026-09-22T20:17:00Z,2026-09-22T22:17:00+02:00,54,placa-vella,297,197,100,33.7
2026-09-22T20:17:00Z,2026-09-22T22:17:00+02:00,55,ajuntament-mercat,237,183,54,22.8
2026-09-22T20:18:00Z,2026-09-22T22:18:00+02:00,53,dr-robert,407,300,107,26.3
2026-09-22T20:18:00Z,2026-09-22T22:18:00+02:00,54,placa-vella,297,197,100,33.7
2026-09-22T20:18:00Z,2026-09-22T22:18:00+02:00,55,ajuntament-mercat,237,183,54,22.8
2026-09-22T20:19:00Z,2026-09-22T22:19:00+02:00,53,dr-robert,407,300,107,26.3
2026-09-22T20:19:00Z,2026-09-22T22:19:00+02:00,54,placa-vella,297,197,100,33.7
2026-09-22T20:19:00Z,2026-09-22T22:19:00+02:00,55,ajuntament-mercat,237,183,54,22.8
2026-09-22T20:20:00Z,2026-09-22T22:20:00+02:00,53,dr-robert,407,300,107,26.3
2026-09-22T20:20:00Z,2026-09-22T22:20:00+02:00,54,placa-vella,297,201,96,32.3
2026-09-22T20:20:00Z,2026-09-22T22:20:00+02:00,55,ajuntament-mercat,237,184,53,22.4
2026-09-22T20:21:00Z,2026-09-22T22:21:00+02:00,53,dr-robert,407,300,107,26.3
2026-09-22T20:21:00Z,2026-09-22T22:21:00+02:00,54,placa-vella,297,201,96,32.3
2026-09-22T20:21:00Z,2026-09-22T22:21:00+02:00,55,ajuntament-mercat,237,184,53,22.4
2026-09-22T20:22:00Z,2026-09-22T22:22:00+02:00,53,dr-robert,407,300,107,26.3
2026-09-22T20:22:00Z,2026-09-22T22:22:00+02:00,54,placa-vella,297,201,96,32.3
2026-09-22T20:22:00Z,2026-09-22T22:22:00+02:00,55,ajuntament-mercat,237,184,53,22.4
2026-09-22T20:23:00Z,2026-09-22T22:23:00+02:00,53,dr-robert,407,300,107,26.3
2026-09-22T20:23:00Z,2026-09-22T22:23:00+02:00,54,placa-vella,297,201,96,32.3
2026-09-22T20:23:00Z,2026-09-22T22:23:00+02:00,55,ajuntament-mercat,237,184,53,22.4
2026-09-22T20:24:00Z,2026-09-22T22:24:00+02:00,53,dr-robert,407,300,107,26.3
2026-09-22T20:24:00Z,2026-09-22T22:24:00+02:00,54,placa-vella,297,201,96,32.3
2026-09-22T20:24:00Z,2026-09-22T22:24:00+02:00,55,ajuntament-mercat,237,184,53,22.4
2026-09-22T20:25:00Z,2026-09-22T22:25:00+02:00,53,dr-robert,407,302,105,25.8
2026-09-22T20:25:00Z,2026-09-22T22:25:00+02:00,54,placa-vella,297,201,96,32.3
2026-09-22T20:25:00Z,2026-09-22T22:25:00+02:00,55,ajuntament-mercat,237,184,53,22.4
2026-09-22T20:26:00Z,2026-09-22T22:26:00+02:00,53,dr-robert,407,302,105,25.8
2026-09-22T20:26:00Z,2026-09-22T22:26:00+02:00,54,placa-vella,297,201,96,32.3
2026-09-22T20:26:00Z,2026-09-22T22:26:00+02:00,55,ajuntament-mercat,237,184,53,22.4
2026-09-22T20:27:00Z,2026-09-22T22:27:00+02:00,53,dr-robert,407,302,105,25.8
2026-09-22T20:27:00Z,2026-09-22T22:27:00+02:00,54,placa-vella,297,201,96,32.3
2026-09-22T20:27:00Z,2026-09-22T22:27:00+02:00,55,ajuntament-mercat,237,184,53,22.4
2026-09-22T20:28:00Z,2026-09-22T22:28:00+02:00,53,dr-robert,407,302,105,25.8
2026-09-22T20:28:00Z,2026-09-22T22:28:00+02:00,54,placa-vella,297,201,96,32.3
2026-09-22T20:28:00Z,2026-09-22T22:28:00+02:00,55,ajuntament-mercat,237,184,53,22.4
2026-09-22T20:29:00Z,2026-09-22T22:29:00+02:00,53,dr-robert,407,302,105,25.8
2026-09-22T20:29:00Z,2026-09-22T22:29:00+02:00,54,placa-vella,297,201,96,32.3
2026-09-22T20:29:00Z,2026-09-22T22:29:00+02:00,55,ajuntament-mercat,237,184,53,22.4
2026-09-22T20:30:00Z,2026-09-22T22:30:00+02:00,53,dr-robert,407,305,102,25.1
2026-09-22T20:30:00Z,2026-09-22T22:30:00+02:00,54,placa-vella,297,202,95,32
2026-09-22T20:30:00Z,2026-09-22T22:30:00+02:00,55,ajuntament-mercat,237,184,53,22.4
2026-09-22T20:31:00Z,2026-09-22T22:31:00+02:00,53,dr-robert,407,305,102,25.1
2026-09-22T20:31:00Z,2026-09-22T22:31:00+02:00,54,placa-vella,297,202,95,32
2026-09-22T20:31:00Z,2026-09-22T22:31:00+02:00,55,ajuntament-mercat,237,184,53,22.4
2026-09-22T20:32:00Z,2026-09-22T22:32:00+02:00,53,dr-robert,407,305,102,25.1
2026-09-22T20:32:00Z,2026-09-22T22:32:00+02:00,54,placa-vella,297,202,95,32
2026-09-22T20:32:00Z,2026-09-22T22:32:00+02:00,55,ajuntament-mercat,237,184,53,22.4
2026-09-22T20:33:00Z,2026-09-22T22:33:00+02:00,53,dr-robert,407,305,102,25.1
2026-09-22T20:33:00Z,2026-09-22T22:33:00+02:00,54,placa-vella,297,202,95,32
2026-09-22T20:33:00Z,2026-09-22T22:33:00+02:00,55,ajuntament-mercat,237,184,53,22.4
2026-09-22T20:34:00Z,2026-09-22T22:34:00+02:00,53,dr-robert,407,305,102,25.1
2026-09-22T20:34:00Z,2026-09-22T22:34:00+02:00,54,placa-vella,297,202,95,32
2026-09-22T20:34:00Z,2026-09-22T22:34:00+02:00,55,ajuntament-mercat,237,184,53,22.4
2026-09-22T20:35:00Z,2026-09-22T22:35:00+02:00,53,dr-robert,407,305,102,25.1
2026-09-22T20:35:00Z,2026-09-22T22:35:00+02:00,54,placa-vella,297,201,96,32.3
2026-09-22T20:35:00Z,2026-09-22T22:35:00+02:00,55,ajuntament-mercat,237,184,53,22.4
2026-09-22T20:36:00Z,2026-09-22T22:36:00+02:00,53,dr-robert,407,305,102,25.1
2026-09-22T20:36:00Z,2026-09-22T22:36:00+02:00,54,placa-vella,297,201,96,32.3
2026-09-22T20:36:00Z,2026-09-22T22:36:00+02:00,55,ajuntament-mercat,237,184,53,22.4
2026-09-22T20:37:00Z,2026-09-22T22:37:00+02:00,53,dr-robert,407,305,102,25.1
2026-09-22T20:37:00Z,2026-09-22T22:37:00+02:00,54,placa-vella,297,201,96,32.3
2026-09-22T20:37:00Z,2026-09-22T22:37:00+02:00,55,ajuntament-mercat,237,184,53,22.4
2026-09-22T20:38:00Z,2026-09-22T22:38:00+02:00,53,dr-robert,407,305,102,25.1
2026-09-22T20:38:00Z,2026-09-22T22:38:00+02:00,54,placa-vella,297,201,96,32.3
2026-09-22T20:38:00Z,2026-09-22T22:38:00+02:00,55,ajuntament-mercat,237,184,53,22.4
2026-09-22T20:39:00Z,2026-09-22T22:39:00+02:00,53,dr-robert,407,305,102,25.1
2026-09-22T20:39:00Z,2026-09-22T22:39:00+02:00,54,placa-vella,297,201,96,32.3
2026-09-22T20:39:00Z,2026-09-22T22:39:00+02:00,55,ajuntament-mercat,237,184,53,22.4
2026-09-22T20:40:00Z,2026-09-22T22:40:00+02:00,53,dr-robert,407,305,102,25.1
2026-09-22T20:40:00Z,2026-09-22T22:40:00+02:00,54,placa-vella,297,201,96,32.3
2026-09-22T20:40:00Z,2026-09-22T22:40:00+02:00,55,ajuntament-mercat,237,183,54,22.8
2026-09-22T20:41:00Z,2026-09-22T22:41:00+02:00,53,dr-robert,407,305,102,25.1
2026-09-22T20:41:00Z,2026-09-22T22:41:00+02:00,54,placa-vella,297,201,96,32.3
2026-09-22T20:41:00Z,2026-09-22T22:41:00+02:00,55,ajuntament-mercat,237,183,54,22.8
2026-09-22T20:42:00Z,2026-09-22T22:42:00+02:00,53,dr-robert,407,305,102,25.1
2026-09-22T20:42:00Z,2026-09-22T22:42:00+02:00,54,placa-vella,297,201,96,32.3
2026-09-22T20:42:00Z,2026-09-22T22:42:00+02:00,55,ajuntament-mercat,237,183,54,22.8
2026-09-22T20:43:00Z,2026-09-22T22:43:00+02:00,53,dr-robert,407,305,102,25.1
2026-09-22T20:43:00Z,2026-09-22T22:43:00+02:00,54,placa-vella,297,201,96,32.3
2026-09-22T20:43:00Z,2026-09-22T22:43:00+02:00,55,ajuntament-mercat,237,183,54,22.8
2026-09-22T20:44:00Z,2026-09-22T22:44:00+02:00,53,dr-robert,407,305,102,25.1
2026-09-22T20:44:00Z,2026-09-22T22:44:00+02:00,54,placa-vella,297,201,96,32.3
2026-09-22T20:44:00Z,2026-09-22T22:44:00+02:00,55,ajuntament-mercat,237,183,54,22.8
2026-09-22T20:45:00Z,2026-09-22T22:45:00+02:00,53,dr-robert,407,304,103,25.3
2026-09-22T20:45:00Z,2026-09-22T22:45:00+02:00,54,placa-vella,297,201,96,32.3
2026-09-22T20:45:00Z,2026-09-22T22:45:00+02:00,55,ajuntament-mercat,237,183,54,22.8
2026-09-22T20:46:00Z,2026-09-22T22:46:00+02:00,53,dr-robert,407,304,103,25.3
2026-09-22T20:46:00Z,2026-09-22T22:46:00+02:00,54,placa-vella,297,201,96,32.3
2026-09-22T20:46:00Z,2026-09-22T22:46:00+02:00,55,ajuntament-mercat,237,183,54,22.8
2026-09-22T20:47:00Z,2026-09-22T22:47:00+02:00,53,dr-robert,407,304,103,25.3
2026-09-22T20:47:00Z,2026-09-22T22:47:00+02:00,54,placa-vella,297,201,96,32.3
2026-09-22T20:47:00Z,2026-09-22T22:47:00+02:00,55,ajuntament-mercat,237,183,54,22.8
2026-09-22T20:48:00Z,2026-09-22T22:48:00+02:00,53,dr-robert,407,304,103,25.3
2026-09-22T20:48:00Z,2026-09-22T22:48:00+02:00,54,placa-vella,297,201,96,32.3
2026-09-22T20:48:00Z,2026-09-22T22:48:00+02:00,55,ajuntament-mercat,237,183,54,22.8
2026-09-22T20:49:00Z,2026-09-22T22:49:00+02:00,53,dr-robert,407,304,103,25.3
2026-09-22T20:49:00Z,2026-09-22T22:49:00+02:00,54,placa-vella,297,201,96,32.3
2026-09-22T20:49:00Z,2026-09-22T22:49:00+02:00,55,ajuntament-mercat,237,183,54,22.8
2026-09-22T20:50:00Z,2026-09-22T22:50:00+02:00,53,dr-robert,407,305,102,25.1
2026-09-22T20:50:00Z,2026-09-22T22:50:00+02:00,54,placa-vella,297,203,94,31.6
2026-09-22T20:50:00Z,2026-09-22T22:50:00+02:00,55,ajuntament-mercat,237,183,54,22.8
2026-09-22T20:51:00Z,2026-09-22T22:51:00+02:00,53,dr-robert,407,305,102,25.1
2026-09-22T20:51:00Z,2026-09-22T22:51:00+02:00,54,placa-vella,297,203,94,31.6
2026-09-22T20:51:00Z,2026-09-22T22:51:00+02:00,55,ajuntament-mercat,237,183,54,22.8
2026-09-22T20:52:00Z,2026-09-22T22:52:00+02:00,53,dr-robert,407,305,102,25.1
2026-09-22T20:52:00Z,2026-09-22T22:52:00+02:00,54,placa-vella,297,203,94,31.6
2026-09-22T20:52:00Z,2026-09-22T22:52:00+02:00,55,ajuntament-mercat,237,183,54,22.8
2026-09-22T20:53:00Z,2026-09-22T22:53:00+02:00,53,dr-robert,407,305,102,25.1
2026-09-22T20:53:00Z,2026-09-22T22:53:00+02:00,54,placa-vella,297,203,94,31.6
2026-09-22T20:53:00Z,2026-09-22T22:53:00+02:00,55,ajuntament-mercat,237,183,54,22.8
2026-09-22T20:54:00Z,2026-09-22T22:54:00+02:00,53,dr-robert,407,305,102,25.1
2026-09-22T20:54:00Z,2026-09-22T22:54:00+02:00,54,placa-vella,297,203,94,31.6
2026-09-22T20:54:00Z,2026-09-22T22:54:00+02:00,55,ajuntament-mercat,237,183,54,22.8
2026-09-22T20:55:00Z,2026-09-22T22:55:00+02:00,53,dr-robert,407,307,100,24.6
2026-09-22T20:55:00Z,2026-09-22T22:55:00+02:00,54,placa-vella,297,202,95,32
2026-09-22T20:55:00Z,2026-09-22T22:55:00+02:00,55,ajuntament-mercat,237,184,53,22.4
2026-09-22T20:56:00Z,2026-09-22T22:56:00+02:00,53,dr-robert,407,307,100,24.6
2026-09-22T20:56:00Z,2026-09-22T22:56:00+02:00,54,placa-vella,297,202,95,32
2026-09-22T20:56:00Z,2026-09-22T22:56:00+02:00,55,ajuntament-mercat,237,184,53,22.4
2026-09-22T20:57:00Z,2026-09-22T22:57:00+02:00,53,dr-robert,407,307,100,24.6
2026-09-22T20:57:00Z,2026-09-22T22:57:00+02:00,54,placa-vella,297,202,95,32
2026-09-22T20:57:00Z,2026-09-22T22:57:00+02:00,55,ajuntament-mercat,237,184,53,22.4
2026-09-22T20:58:00Z,2026-09-22T22:58:00+02:00,53,dr-robert,407,307,100,24.6
2026-09-22T20:58:00Z,2026-09-22T22:58:00+02:00,54,placa-vella,297,202,95,32
2026-09-22T20:58:00Z,2026-09-22T22:58:00+02:00,55,ajuntament-mercat,237,184,53,22.4
2026-09-22T20:59:00Z,2026-09-22T22:59:00+02:00,53,dr-robert,407,307,100,24.6
2026-09-22T20:59:00Z,2026-09-22T22:59:00+02:00,54,placa-vella,297,202,95,32
2026-09-22T20:59:00Z,2026-09-22T22:59:00+02:00,55,ajuntament-mercat,237,184,53,22.4
2026-09-22T21:00:00Z,2026-09-22T23:00:00+02:00,53,dr-robert,407,307,100,24.6
2026-09-22T21:00:00Z,2026-09-22T23:00:00+02:00,54,placa-vella,297,202,95,32
2026-09-22T21:00:00Z,2026-09-22T23:00:00+02:00,55,ajuntament-mercat,237,184,53,22.4
2026-09-22T21:01:00Z,2026-09-22T23:01:00+02:00,53,dr-robert,407,307,100,24.6
2026-09-22T21:01:00Z,2026-09-22T23:01:00+02:00,54,placa-vella,297,202,95,32
2026-09-22T21:01:00Z,2026-09-22T23:01:00+02:00,55,ajuntament-mercat,237,184,53,22.4
2026-09-22T21:02:00Z,2026-09-22T23:02:00+02:00,53,dr-robert,407,307,100,24.6
2026-09-22T21:02:00Z,2026-09-22T23:02:00+02:00,54,placa-vella,297,202,95,32
2026-09-22T21:02:00Z,2026-09-22T23:02:00+02:00,55,ajuntament-mercat,237,184,53,22.4
2026-09-22T21:03:00Z,2026-09-22T23:03:00+02:00,53,dr-robert,407,307,100,24.6
2026-09-22T21:03:00Z,2026-09-22T23:03:00+02:00,54,placa-vella,297,204,93,31.3
2026-09-22T21:03:00Z,2026-09-22T23:03:00+02:00,55,ajuntament-mercat,237,184,53,22.4
2026-09-22T21:04:00Z,2026-09-22T23:04:00+02:00,53,dr-robert,407,307,100,24.6
2026-09-22T21:04:00Z,2026-09-22T23:04:00+02:00,54,placa-vella,297,204,93,31.3
2026-09-22T21:04:00Z,2026-09-22T23:04:00+02:00,55,ajuntament-mercat,237,184,53,22.4
2026-09-22T21:05:00Z,2026-09-22T23:05:00+02:00,53,dr-robert,407,308,99,24.3
2026-09-22T21:05:00Z,2026-09-22T23:05:00+02:00,54,placa-vella,297,204,93,31.3
2026-09-22T21:05:00Z,2026-09-22T23:05:00+02:00,55,ajuntament-mercat,237,184,53,22.4
2026-09-22T21:06:00Z,2026-09-22T23:06:00+02:00,53,dr-robert,407,308,99,24.3
2026-09-22T21:06:00Z,2026-09-22T23:06:00+02:00,54,placa-vella,297,204,93,31.3
2026-09-22T21:06:00Z,2026-09-22T23:06:00+02:00,55,ajuntament-mercat,237,184,53,22.4
2026-09-22T21:07:00Z,2026-09-22T23:07:00+02:00,53,dr-robert,407,308,99,24.3
2026-09-22T21:07:00Z,2026-09-22T23:07:00+02:00,54,placa-vella,297,204,93,31.3
2026-09-22T21:07:00Z,2026-09-22T23:07:00+02:00,55,ajuntament-mercat,237,184,53,22.4
2026-09-22T21:08:00Z,2026-09-22T23:08:00+02:00,53,dr-robert,407,308,99,24.3
2026-09-22T21:08:00Z,2026-09-22T23:08:00+02:00,54,placa-vella,297,204,93,31.3
2026-09-22T21:08:00Z,2026-09-22T23:08:00+02:00,55,ajuntament-mercat,237,184,53,22.4
2026-09-22T21:09:00Z,2026-09-22T23:09:00+02:00,53,dr-robert,407,308,99,24.3
2026-09-22T21:09:00Z,2026-09-22T23:09:00+02:00,54,placa-vella,297,204,93,31.3
2026-09-22T21:09:00Z,2026-09-22T23:09:00+02:00,55,ajuntament-mercat,237,184,53,22.4
2026-09-22T21:10:00Z,2026-09-22T23:10:00+02:00,53,dr-robert,407,310,97,23.8
2026-09-22T21:10:00Z,2026-09-22T23:10:00+02:00,54,placa-vella,297,204,93,31.3
2026-09-22T21:10:00Z,2026-09-22T23:10:00+02:00,55,ajuntament-mercat,237,184,53,22.4
2026-09-22T21:11:00Z,2026-09-22T23:11:00+02:00,53,dr-robert,407,310,97,23.8
2026-09-22T21:11:00Z,2026-09-22T23:11:00+02:00,54,placa-vella,297,204,93,31.3
2026-09-22T21:11:00Z,2026-09-22T23:11:00+02:00,55,ajuntament-mercat,237,184,53,22.4
2026-09-22T21:12:00Z,2026-09-22T23:12:00+02:00,53,dr-robert,407,310,97,23.8
2026-09-22T21:12:00Z,2026-09-22T23:12:00+02:00,54,placa-vella,297,204,93,31.3
2026-09-22T21:12:00Z,2026-09-22T23:12:00+02:00,55,ajuntament-mercat,237,184,53,22.4
2026-09-22T21:13:00Z,2026-09-22T23:13:00+02:00,53,dr-robert,407,310,97,23.8
2026-09-22T21:13:00Z,2026-09-22T23:13:00+02:00,54,placa-vella,297,204,93,31.3
2026-09-22T21:13:00Z,2026-09-22T23:13:00+02:00,55,ajuntament-mercat,237,184,53,22.4
2026-09-22T21:14:00Z,2026-09-22T23:14:00+02:00,53,dr-robert,407,310,97,23.8
2026-09-22T21:14:00Z,2026-09-22T23:14:00+02:00,54,placa-vella,297,204,93,31.3
2026-09-22T21:14:00Z,2026-09-22T23:14:00+02:00,55,ajuntament-mercat,237,184,53,22.4
2026-09-22T21:15:00Z,2026-09-22T23:15:00+02:00,53,dr-robert,407,310,97,23.8
2026-09-22T21:15:00Z,2026-09-22T23:15:00+02:00,54,placa-vella,297,204,93,31.3
2026-09-22T21:15:00Z,2026-09-22T23:15:00+02:00,55,ajuntament-mercat,237,183,54,22.8
2026-09-22T21:16:00Z,2026-09-22T23:16:00+02:00,53,dr-robert,407,310,97,23.8
2026-09-22T21:16:00Z,2026-09-22T23:16:00+02:00,54,placa-vella,297,204,93,31.3
2026-09-22T21:16:00Z,2026-09-22T23:16:00+02:00,55,ajuntament-mercat,237,183,54,22.8
2026-09-22T21:17:00Z,2026-09-22T23:17:00+02:00,53,dr-robert,407,310,97,23.8
2026-09-22T21:17:00Z,2026-09-22T23:17:00+02:00,54,placa-vella,297,204,93,31.3
2026-09-22T21:17:00Z,2026-09-22T23:17:00+02:00,55,ajuntament-mercat,237,183,54,22.8
2026-09-22T21:18:00Z,2026-09-22T23:18:00+02:00,53,dr-robert,407,310,97,23.8
2026-09-22T21:18:00Z,2026-09-22T23:18:00+02:00,54,placa-vella,297,204,93,31.3
2026-09-22T21:18:00Z,2026-09-22T23:18:00+02:00,55,ajuntament-mercat,237,183,54,22.8
2026-09-22T21:19:00Z,2026-09-22T23:19:00+02:00,53,dr-robert,407,310,97,23.8
2026-09-22T21:19:00Z,2026-09-22T23:19:00+02:00,54,placa-vella,297,204,93,31.3
2026-09-22T21:19:00Z,2026-09-22T23:19:00+02:00,55,ajuntament-mercat,237,183,54,22.8
2026-09-22T21:20:00Z,2026-09-22T23:20:00+02:00,53,dr-robert,407,310,97,23.8
2026-09-22T21:20:00Z,2026-09-22T23:20:00+02:00,54,placa-vella,297,204,93,31.3
2026-09-22T21:20:00Z,2026-09-22T23:20:00+02:00,55,ajuntament-mercat,237,185,52,21.9
2026-09-22T21:21:00Z,2026-09-22T23:21:00+02:00,53,dr-robert,407,310,97,23.8
2026-09-22T21:21:00Z,2026-09-22T23:21:00+02:00,54,placa-vella,297,204,93,31.3
2026-09-22T21:21:00Z,2026-09-22T23:21:00+02:00,55,ajuntament-mercat,237,185,52,21.9
2026-09-22T21:22:00Z,2026-09-22T23:22:00+02:00,53,dr-robert,407,310,97,23.8
2026-09-22T21:22:00Z,2026-09-22T23:22:00+02:00,54,placa-vella,297,204,93,31.3
2026-09-22T21:22:00Z,2026-09-22T23:22:00+02:00,55,ajuntament-mercat,237,185,52,21.9
2026-09-22T21:23:00Z,2026-09-22T23:23:00+02:00,53,dr-robert,407,310,97,23.8
2026-09-22T21:23:00Z,2026-09-22T23:23:00+02:00,54,placa-vella,297,204,93,31.3
2026-09-22T21:23:00Z,2026-09-22T23:23:00+02:00,55,ajuntament-mercat,237,185,52,21.9
2026-09-22T21:24:00Z,2026-09-22T23:24:00+02:00,53,dr-robert,407,310,97,23.8
2026-09-22T21:24:00Z,2026-09-22T23:24:00+02:00,54,placa-vella,297,204,93,31.3
2026-09-22T21:24:00Z,2026-09-22T23:24:00+02:00,55,ajuntament-mercat,237,185,52,21.9
2026-09-22T21:25:00Z,2026-09-22T23:25:00+02:00,53,dr-robert,407,310,97,23.8
2026-09-22T21:25:00Z,2026-09-22T23:25:00+02:00,54,placa-vella,297,205,92,31
2026-09-22T21:25:00Z,2026-09-22T23:25:00+02:00,55,ajuntament-mercat,237,185,52,21.9
2026-09-22T21:26:00Z,2026-09-22T23:26:00+02:00,53,dr-robert,407,310,97,23.8
2026-09-22T21:26:00Z,2026-09-22T23:26:00+02:00,54,placa-vella,297,205,92,31
2026-09-22T21:26:00Z,2026-09-22T23:26:00+02:00,55,ajuntament-mercat,237,185,52,21.9
2026-09-22T21:27:00Z,2026-09-22T23:27:00+02:00,53,dr-robert,407,310,97,23.8
2026-09-22T21:27:00Z,2026-09-22T23:27:00+02:00,54,placa-vella,297,205,92,31
2026-09-22T21:27:00Z,2026-09-22T23:27:00+02:00,55,ajuntament-mercat,237,185,52,21.9
2026-09-22T21:28:00Z,2026-09-22T23:28:00+02:00,53,dr-robert,407,310,97,23.8
2026-09-22T21:28:00Z,2026-09-22T23:28:00+02:00,54,placa-vella,297,205,92,31
2026-09-22T21:28:00Z,2026-09-22T23:28:00+02:00,55,ajuntament-mercat,237,185,52,21.9
2026-09-22T21:29:00Z,2026-09-22T23:29:00+02:00,53,dr-robert,407,310,97,23.8
2026-09-22T21:29:00Z,2026-09-22T23:29:00+02:00,54,placa-vella,297,205,92,31
2026-09-22T21:29:00Z,2026-09-22T23:29:00+02:00,55,ajuntament-mercat,237,185,52,21.9
2026-09-22T21:35:00Z,2026-09-22T23:35:00+02:00,53,dr-robert,407,310,97,23.8
2026-09-22T21:35:00Z,2026-09-22T23:35:00+02:00,54,placa-vella,297,207,90,30.3
2026-09-22T21:35:00Z,2026-09-22T23:35:00+02:00,55,ajuntament-mercat,237,187,50,21.1
2026-09-22T21:36:00Z,2026-09-22T23:36:00+02:00,53,dr-robert,407,310,97,23.8
2026-09-22T21:36:00Z,2026-09-22T23:36:00+02:00,54,placa-vella,297,207,90,30.3
2026-09-22T21:36:00Z,2026-09-22T23:36:00+02:00,55,ajuntament-mercat,237,187,50,21.1
2026-09-22T21:37:00Z,2026-09-22T23:37:00+02:00,53,dr-robert,407,310,97,23.8
2026-09-22T21:37:00Z,2026-09-22T23:37:00+02:00,54,placa-vella,297,207,90,30.3
2026-09-22T21:37:00Z,2026-09-22T23:37:00+02:00,55,ajuntament-mercat,237,187,50,21.1
2026-09-22T21:38:00Z,2026-09-22T23:38:00+02:00,53,dr-robert,407,310,97,23.8
2026-09-22T21:38:00Z,2026-09-22T23:38:00+02:00,54,placa-vella,297,207,90,30.3
2026-09-22T21:38:00Z,2026-09-22T23:38:00+02:00,55,ajuntament-mercat,237,187,50,21.1
2026-09-22T21:39:00Z,2026-09-22T23:39:00+02:00,53,dr-robert,407,310,97,23.8
2026-09-22T21:39:00Z,2026-09-22T23:39:00+02:00,54,placa-vella,297,207,90,30.3
2026-09-22T21:39:00Z,2026-09-22T23:39:00+02:00,55,ajuntament-mercat,237,187,50,21.1
2026-09-22T21:40:00Z,2026-09-22T23:40:00+02:00,53,dr-robert,407,311,96,23.6
2026-09-22T21:40:00Z,2026-09-22T23:40:00+02:00,54,placa-vella,297,208,89,30
2026-09-22T21:40:00Z,2026-09-22T23:40:00+02:00,55,ajuntament-mercat,237,188,49,20.7
2026-09-22T21:41:00Z,2026-09-22T23:41:00+02:00,53,dr-robert,407,311,96,23.6
2026-09-22T21:41:00Z,2026-09-22T23:41:00+02:00,54,placa-vella,297,208,89,30
2026-09-22T21:41:00Z,2026-09-22T23:41:00+02:00,55,ajuntament-mercat,237,188,49,20.7
2026-09-22T21:42:00Z,2026-09-22T23:42:00+02:00,53,dr-robert,407,311,96,23.6
2026-09-22T21:42:00Z,2026-09-22T23:42:00+02:00,54,placa-vella,297,208,89,30
2026-09-22T21:42:00Z,2026-09-22T23:42:00+02:00,55,ajuntament-mercat,237,188,49,20.7
2026-09-22T21:43:00Z,2026-09-22T23:43:00+02:00,53,dr-robert,407,311,96,23.6
2026-09-22T21:43:00Z,2026-09-22T23:43:00+02:00,54,placa-vella,297,208,89,30
2026-09-22T21:43:00Z,2026-09-22T23:43:00+02:00,55,ajuntament-mercat,237,188,49,20.7
2026-09-22T21:44:00Z,2026-09-22T23:44:00+02:00,53,dr-robert,407,311,96,23.6
2026-09-22T21:44:00Z,2026-09-22T23:44:00+02:00,54,placa-vella,297,208,89,30
2026-09-22T21:44:00Z,2026-09-22T23:44:00+02:00,55,ajuntament-mercat,237,188,49,20.7
2026-09-22T21:45:00Z,2026-09-22T23:45:00+02:00,53,dr-robert,407,311,96,23.6
2026-09-22T21:45:00Z,2026-09-22T23:45:00+02:00,54,placa-vella,297,207,90,30.3
2026-09-22T21:45:00Z,2026-09-22T23:45:00+02:00,55,ajuntament-mercat,237,188,49,20.7
2026-09-22T21:46:00Z,2026-09-22T23:46:00+02:00,53,dr-robert,407,311,96,23.6
2026-09-22T21:46:00Z,2026-09-22T23:46:00+02:00,54,placa-vella,297,207,90,30.3
2026-09-22T21:46:00Z,2026-09-22T23:46:00+02:00,55,ajuntament-mercat,237,188,49,20.7
2026-09-22T21:47:00Z,2026-09-22T23:47:00+02:00,53,dr-robert,407,311,96,23.6
2026-09-22T21:47:00Z,2026-09-22T23:47:00+02:00,54,placa-vella,297,207,90,30.3
2026-09-22T21:47:00Z,2026-09-22T23:47:00+02:00,55,ajuntament-mercat,237,188,49,20.7
2026-09-22T21:48:00Z,2026-09-22T23:48:00+02:00,53,dr-robert,407,311,96,23.6
2026-09-22T21:48:00Z,2026-09-22T23:48:00+02:00,54,placa-vella,297,207,90,30.3
2026-09-22T21:48:00Z,2026-09-22T23:48:00+02:00,55,ajuntament-mercat,237,188,49,20.7
2026-09-22T21:49:00Z,2026-09-22T23:49:00+02:00,53,dr-robert,407,311,96,23.6
2026-09-22T21:49:00Z,2026-09-22T23:49:00+02:00,54,placa-vella,297,207,90,30.3
2026-09-22T21:49:00Z,2026-09-22T23:49:00+02:00,55,ajuntament-mercat,237,188,49,20.7
2026-09-22T21:50:00Z,2026-09-22T23:50:00+02:00,53,dr-robert,407,313,94,23.1
2026-09-22T21:50:00Z,2026-09-22T23:50:00+02:00,54,placa-vella,297,208,89,30
2026-09-22T21:50:00Z,2026-09-22T23:50:00+02:00,55,ajuntament-mercat,237,188,49,20.7
2026-09-22T21:51:00Z,2026-09-22T23:51:00+02:00,53,dr-robert,407,313,94,23.1
2026-09-22T21:51:00Z,2026-09-22T23:51:00+02:00,54,placa-vella,297,208,89,30
2026-09-22T21:51:00Z,2026-09-22T23:51:00+02:00,55,ajuntament-mercat,237,188,49,20.7
2026-09-22T21:52:00Z,2026-09-22T23:52:00+02:00,53,dr-robert,407,313,94,23.1
2026-09-22T21:52:00Z,2026-09-22T23:52:00+02:00,54,placa-vella,297,208,89,30
2026-09-22T21:52:00Z,2026-09-22T23:52:00+02:00,55,ajuntament-mercat,237,188,49,20.7
2026-09-22T21:53:00Z,2026-09-22T23:53:00+02:00,53,dr-robert,407,313,94,23.1
2026-09-22T21:53:00Z,2026-09-22T23:53:00+02:00,54,placa-vella,297,208,89,30
2026-09-22T21:53:00Z,2026-09-22T23:53:00+02:00,55,ajuntament-mercat,237,188,49,20.7
2026-09-22T21:54:00Z,2026-09-22T23:54:00+02:00,53,dr-robert,407,313,94,23.1
2026-09-22T21:54:00Z,2026-09-22T23:54:00+02:00,54,placa-vella,297,208,89,30
2026-09-22T21:54:00Z,2026-09-22T23:54:00+02:00,55,ajuntament-mercat,237,188,49,20.7
2026-09-22T21:55:00Z,2026-09-22T23:55:00+02:00,53,dr-robert,407,314,93,22.9
2026-09-22T21:55:00Z,2026-09-22T23:55:00+02:00,54,placa-vella,297,208,89,30
2026-09-22T21:55:00Z,2026-09-22T23:55:00+02:00,55,ajuntament-mercat,237,188,49,20.7
2026-09-22T21:56:00Z,2026-09-22T23:56:00+02:00,53,dr-robert,407,314,93,22.9
2026-09-22T21:56:00Z,2026-09-22T23:56:00+02:00,54,placa-vella,297,208,89,30
2026-09-22T21:56:00Z,2026-09-22T23:56:00+02:00,55,ajuntament-mercat,237,188,49,20.7
2026-09-22T21:57:00Z,2026-09-22T23:57:00+02:00,53,dr-robert,407,314,93,22.9
2026-09-22T21:57:00Z,2026-09-22T23:57:00+02:00,54,placa-vella,297,208,89,30
2026-09-22T21:57:00Z,2026-09-22T23:57:00+02:00,55,ajuntament-mercat,237,188,49,20.7
2026-09-22T21:58:00Z,2026-09-22T23:58:00+02:00,53,dr-robert,407,314,93,22.9
2026-09-22T21:58:00Z,2026-09-22T23:58:00+02:00,54,placa-vella,297,208,89,30
2026-09-22T21:58:00Z,2026-09-22T23:58:00+02:00,55,ajuntament-mercat,237,188,49,20.7
2026-09-22T21:59:00Z,2026-09-22T23:59:00+02:00,53,dr-robert,407,314,93,22.9
2026-09-22T21:59:00Z,2026-09-22T23:59:00+02:00,54,placa-vella,297,208,89,30
2026-09-22T21:59:00Z,2026-09-22T23:59:00+02:00,55,ajuntament-mercat,237,188,49,20.7
