timestamp_utc,timestamp_local,parking_id,parking_slug,capacity,available,occupied,occupancy_pct
2026-10-07T22:00:00Z,2026-10-08T00:00:00+02:00,53,dr-robert,407,338,69,17
2026-10-07T22:00:00Z,2026-10-08T00:00:00+02:00,54,placa-vella,297,213,84,28.3
2026-10-07T22:00:00Z,2026-10-08T00:00:00+02:00,55,ajuntament-mercat,237,185,52,21.9
2026-10-07T22:01:00Z,2026-10-08T00:01:00+02:00,53,dr-robert,407,338,69,17
2026-10-07T22:01:00Z,2026-10-08T00:01:00+02:00,54,placa-vella,297,213,84,28.3
2026-10-07T22:01:00Z,2026-10-08T00:01:00+02:00,55,ajuntament-mercat,237,186,51,21.5
2026-10-07T22:02:00Z,2026-10-08T00:02:00+02:00,53,dr-robert,407,338,69,17
2026-10-07T22:02:00Z,2026-10-08T00:02:00+02:00,54,placa-vella,297,213,84,28.3
2026-10-07T22:02:00Z,2026-10-08T00:02:00+02:00,55,ajuntament-mercat,237,186,51,21.5
2026-10-07T22:03:00Z,2026-10-08T00:03:00+02:00,53,dr-robert,407,338,69,17
2026-10-07T22:03:00Z,2026-10-08T00:03:00+02:00,54,placa-vella,297,213,84,28.3
2026-10-07T22:03:00Z,2026-10-08T00:03:00+02:00,55,ajuntament-mercat,237,186,51,21.5
2026-10-07T22:04:00Z,2026-10-08T00:04:00+02:00,53,dr-robert,407,338,69,17
2026-10-07T22:04:00Z,2026-10-08T00:04:00+02:00,54,placa-vella,297,213,84,28.3
2026-10-07T22:04:00Z,2026-10-08T00:04:00+02:00,55,ajuntament-mercat,237,186,51,21.5
2026-10-07T22:05:00Z,2026-10-08T00:05:00+02:00,53,dr-robert,407,338,69,17
2026-10-07T22:05:00Z,2026-10-08T00:05:00+02:00,54,placa-vella,297,213,84,28.3
2026-10-07T22:05:00Z,2026-10-08T00:05:00+02:00,55,ajuntament-mercat,237,186,51,21.5
2026-10-07T22:06:00Z,2026-10-08T00:06:00+02:00,53,dr-robert,407,338,69,17
2026-10-07T22:06:00Z,2026-10-08T00:06:00+02:00,54,placa-vella,297,213,84,28.3
2026-10-07T22:06:00Z,2026-10-08T00:06:00+02:00,55,ajuntament-mercat,237,186,51,21.5
2026-10-07T22:07:00Z,2026-10-08T00:07:00+02:00,53,dr-robert,407,338,69,17
2026-10-07T22:07:00Z,2026-10-08T00:07:00+02:00,54,placa-vella,297,213,84,28.3
2026-10-07T22:07:00Z,2026-10-08T00:07:00+02:00,55,ajuntament-mercat,237,186,51,21.5
2026-10-07T22:08:00Z,2026-10-08T00:08:00+02:00,53,dr-robert,407,338,69,17
2026-10-07T22:08:00Z,2026-10-08T00:08:00+02:00,54,placa-vella,297,213,84,28.3
2026-10-07T22:08:00Z,2026-10-08T00:08:00+02:00,55,ajuntament-mercat,237,186,51,21.5
2026-10-07T22:09:00Z,2026-10-08T00:09:00+02:00,53,dr-robert,407,338,69,17
2026-10-07T22:09:00Z,2026-10-08T00:09:00+02:00,54,placa-vella,297,213,84,28.3
2026-10-07T22:09:00Z,2026-10-08T00:09:00+02:00,55,ajuntament-mercat,237,186,51,21.5
2026-10-07T22:10:00Z,2026-10-08T00:10:00+02:00,53,dr-robert,407,337,70,17.2
2026-10-07T22:10:00Z,2026-10-08T00:10:00+02:00,54,placa-vella,297,213,84,28.3
2026-10-07T22:10:00Z,2026-10-08T00:10:00+02:00,55,ajuntament-mercat,237,186,51,21.5
2026-10-07T22:11:00Z,2026-10-08T00:11:00+02:00,53,dr-robert,407,337,70,17.2
2026-10-07T22:11:00Z,2026-10-08T00:11:00+02:00,54,placa-vella,297,213,84,28.3
2026-10-07T22:11:00Z,2026-10-08T00:11:00+02:00,55,ajuntament-mercat,237,186,51,21.5
2026-10-07T22:12:00Z,2026-10-08T00:12:00+02:00,53,dr-robert,407,337,70,17.2
2026-10-07T22:12:00Z,2026-10-08T00:12:00+02:00,54,placa-vella,297,213,84,28.3
2026-10-07T22:12:00Z,2026-10-08T00:12:00+02:00,55,ajuntament-mercat,237,186,51,21.5
2026-10-07T22:13:00Z,2026-10-08T00:13:00+02:00,53,dr-robert,407,337,70,17.2
2026-10-07T22:13:00Z,2026-10-08T00:13:00+02:00,54,placa-vella,297,213,84,28.3
2026-10-07T22:13:00Z,2026-10-08T00:13:00+02:00,55,ajuntament-mercat,237,186,51,21.5
2026-10-07T22:14:00Z,2026-10-08T00:14:00+02:00,53,dr-robert,407,337,70,17.2
2026-10-07T22:14:00Z,2026-10-08T00:14:00+02:00,54,placa-vella,297,213,84,28.3
2026-10-07T22:14:00Z,2026-10-08T00:14:00+02:00,55,ajuntament-mercat,237,186,51,21.5
2026-10-07T22:15:00Z,2026-10-08T00:15:00+02:00,53,dr-robert,407,337,70,17.2
2026-10-07T22:15:00Z,2026-10-08T00:15:00+02:00,54,placa-vella,297,213,84,28.3
2026-10-07T22:15:00Z,2026-10-08T00:15:00+02:00,55,ajuntament-mercat,237,186,51,21.5
2026-10-07T22:16:00Z,2026-10-08T00:16:00+02:00,53,dr-robert,407,337,70,17.2
2026-10-07T22:16:00Z,2026-10-08T00:16:00+02:00,54,placa-vella,297,213,84,28.3
2026-10-07T22:16:00Z,2026-10-08T00:16:00+02:00,55,ajuntament-mercat,237,186,51,21.5
2026-10-07T22:17:00Z,2026-10-08T00:17:00+02:00,53,dr-robert,407,337,70,17.2
2026-10-07T22:17:00Z,2026-10-08T00:17:00+02:00,54,placa-vella,297,213,84,28.3
2026-10-07T22:17:00Z,2026-10-08T00:17:00+02:00,55,ajuntament-mercat,237,186,51,21.5
2026-10-07T22:18:00Z,2026-10-08T00:18:00+02:00,53,dr-robert,407,337,70,17.2
2026-10-07T22:18:00Z,2026-10-08T00:18:00+02:00,54,placa-vella,297,213,84,28.3
2026-10-07T22:18:00Z,2026-10-08T00:18:00+02:00,55,ajuntament-mercat,237,186,51,21.5
2026-10-07T22:19:00Z,2026-10-08T00:19:00+02:00,53,dr-robert,407,337,70,17.2
2026-10-07T22:19:00Z,2026-10-08T00:19:00+02:00,54,placa-vella,297,213,84,28.3
2026-10-07T22:19:00Z,2026-10-08T00:19:00+02:00,55,ajuntament-mercat,237,186,51,21.5
2026-10-07T22:20:00Z,2026-10-08T00:20:00+02:00,53,dr-robert,407,337,70,17.2
2026-10-07T22:20:00Z,2026-10-08T00:20:00+02:00,54,placa-vella,297,214,83,27.9
2026-10-07T22:20:00Z,2026-10-08T00:20:00+02:00,55,ajuntament-mercat,237,186,51,21.5
2026-10-07T22:21:00Z,2026-10-08T00:21:00+02:00,53,dr-robert,407,337,70,17.2
2026-10-07T22:21:00Z,2026-10-08T00:21:00+02:00,54,placa-vella,297,214,83,27.9
2026-10-07T22:21:00Z,2026-10-08T00:21:00+02:00,55,ajuntament-mercat,237,186,51,21.5
2026-10-07T22:22:00Z,2026-10-08T00:22:00+02:00,53,dr-robert,407,337,70,17.2
2026-10-07T22:22:00Z,2026-10-08T00:22:00+02:00,54,placa-vella,297,214,83,27.9
2026-10-07T22:22:00Z,2026-10-08T00:22:00+02:00,55,ajuntament-mercat,237,186,51,21.5
2026-10-07T22:23:00Z,2026-10-08T00:23:00+02:00,53,dr-robert,407,337,70,17.2
2026-10-07T22:23:00Z,2026-10-08T00:23:00+02:00,54,placa-vella,297,214,83,27.9
2026-10-07T22:23:00Z,2026-10-08T00:23:00+02:00,55,ajuntament-mercat,237,186,51,21.5
2026-10-07T22:24:00Z,2026-10-08T00:24:00+02:00,53,dr-robert,407,337,70,17.2
2026-10-07T22:24:00Z,2026-10-08T00:24:00+02:00,54,placa-vella,297,214,83,27.9
2026-10-07T22:24:00Z,2026-10-08T00:24:00+02:00,55,ajuntament-mercat,237,186,51,21.5
2026-10-07T22:25:00Z,2026-10-08T00:25:00+02:00,53,dr-robert,407,337,70,17.2
2026-10-07T22:25:00Z,2026-10-08T00:25:00+02:00,54,placa-vella,297,214,83,27.9
2026-10-07T22:25:00Z,2026-10-08T00:25:00+02:00,55,ajuntament-mercat,237,186,51,21.5
2026-10-07T22:26:00Z,2026-10-08T00:26:00+02:00,53,dr-robert,407,337,70,17.2
2026-10-07T22:26:00Z,2026-10-08T00:26:00+02:00,54,placa-vella,297,214,83,27.9
2026-10-07T22:26:00Z,2026-10-08T00:26:00+02:00,55,ajuntament-mercat,237,186,51,21.5
2026-10-07T22:27:00Z,2026-10-08T00:27:00+02:00,53,dr-robert,407,337,70,17.2
2026-10-07T22:27:00Z,2026-10-08T00:27:00+02:00,54,placa-vella,297,214,83,27.9
2026-10-07T22:27:00Z,2026-10-08T00:27:00+02:00,55,ajuntament-mercat,237,186,51,21.5
2026-10-07T22:28:00Z,2026-10-08T00:28:00+02:00,53,dr-robert,407,337,70,17.2
2026-10-07T22:28:00Z,2026-10-08T00:28:00+02:00,54,placa-vella,297,214,83,27.9
2026-10-07T22:28:00Z,2026-10-08T00:28:00+02:00,55,ajuntament-mercat,237,186,51,21.5
2026-10-07T22:29:00Z,2026-10-08T00:29:00+02:00,53,dr-robert,407,337,70,17.2
2026-10-07T22:29:00Z,2026-10-08T00:29:00+02:00,54,placa-vella,297,214,83,27.9
2026-10-07T22:29:00Z,2026-10-08T00:29:00+02:00,55,ajuntament-mercat,237,186,51,21.5
2026-10-07T22:30:00Z,2026-10-08T00:30:00+02:00,53,dr-robert,407,337,70,17.2
2026-10-07T22:30:00Z,2026-10-08T00:30:00+02:00,54,placa-vella,297,213,84,28.3
2026-10-07T22:30:00Z,2026-10-08T00:30:00+02:00,55,ajuntament-mercat,237,186,51,21.5
2026-10-07T22:31:00Z,2026-10-08T00:31:00+02:00,53,dr-robert,407,337,70,17.2
2026-10-07T22:31:00Z,2026-10-08T00:31:00+02:00,54,placa-vella,297,213,84,28.3
2026-10-07T22:31:00Z,2026-10-08T00:31:00+02:00,55,ajuntament-mercat,237,186,51,21.5
2026-10-07T22:32:00Z,2026-10-08T00:32:00+02:00,53,dr-robert,407,337,70,17.2
2026-10-07T22:32:00Z,2026-10-08T00:32:00+02:00,54,placa-vella,297,213,84,28.3
2026-10-07T22:32:00Z,2026-10-08T00:32:00+02:00,55,ajuntament-mercat,237,186,51,21.5
2026-10-07T22:33:00Z,2026-10-08T00:33:00+02:00,53,dr-robert,407,337,70,17.2
2026-10-07T22:33:00Z,2026-10-08T00:33:00+02:00,54,placa-vella,297,213,84,28.3
2026-10-07T22:33:00Z,2026-10-08T00:33:00+02:00,55,ajuntament-mercat,237,186,51,21.5
2026-10-07T22:34:00Z,2026-10-08T00:34:00+02:00,53,dr-robert,407,337,70,17.2
2026-10-07T22:34:00Z,2026-10-08T00:34:00+02:00,54,placa-vella,297,213,84,28.3
2026-10-07T22:34:00Z,2026-10-08T00:34:00+02:00,55,ajuntament-mercat,237,186,51,21.5
2026-10-07T22:35:00Z,2026-10-08T00:35:00+02:00,53,dr-robert,407,335,72,17.7
2026-10-07T22:35:00Z,2026-10-08T00:35:00+02:00,54,placa-vella,297,213,84,28.3
2026-10-07T22:35:00Z,2026-10-08T00:35:00+02:00,55,ajuntament-mercat,237,186,51,21.5
2026-10-07T22:36:00Z,2026-10-08T00:36:00+02:00,53,dr-robert,407,335,72,17.7
2026-10-07T22:36:00Z,2026-10-08T00:36:00+02:00,54,placa-vella,297,213,84,28.3
2026-10-07T22:36:00Z,2026-10-08T00:36:00+02:00,55,ajuntament-mercat,237,186,51,21.5
2026-10-07T22:37:00Z,2026-10-08T00:37:00+02:00,53,dr-robert,407,335,72,17.7
2026-10-07T22:37:00Z,2026-10-08T00:37:00+02:00,54,placa-vella,297,213,84,28.3
2026-10-07T22:37:00Z,2026-10-08T00:37:00+02:00,55,ajuntament-mercat,237,186,51,21.5
2026-10-07T22:38:00Z,2026-10-08T00:38:00+02:00,53,dr-robert,407,335,72,17.7
2026-10-07T22:38:00Z,2026-10-08T00:38:00+02:00,54,placa-vella,297,213,84,28.3
2026-10-07T22:38:00Z,2026-10-08T00:38:00+02:00,55,ajuntament-mercat,237,186,51,21.5
2026-10-07T22:39:00Z,2026-10-08T00:39:00+02:00,53,dr-robert,407,335,72,17.7
2026-10-07T22:39:00Z,2026-10-08T00:39:00+02:00,54,placa-vella,297,213,84,28.3
2026-10-07T22:39:00Z,2026-10-08T00:39:00+02:00,55,ajuntament-mercat,237,186,51,21.5
2026-10-07T22:40:00Z,2026-10-08T00:40:00+02:00,53,dr-robert,407,335,72,17.7
2026-10-07T22:40:00Z,2026-10-08T00:40:00+02:00,54,placa-vella,297,213,84,28.3
2026-10-07T22:40:00Z,2026-10-08T00:40:00+02:00,55,ajuntament-mercat,237,186,51,21.5
2026-10-07T22:41:00Z,2026-10-08T00:41:00+02:00,53,dr-robert,407,335,72,17.7
2026-10-07T22:41:00Z,2026-10-08T00:41:00+02:00,54,placa-vella,297,213,84,28.3
2026-10-07T22:41:00Z,2026-10-08T00:41:00+02:00,55,ajuntament-mercat,237,186,51,21.5
2026-10-07T22:42:00Z,2026-10-08T00:42:00+02:00,53,dr-robert,407,335,72,17.7
2026-10-07T22:42:00Z,2026-10-08T00:42:00+02:00,54,placa-vella,297,213,84,28.3
2026-10-07T22:42:00Z,2026-10-08T00:42:00+02:00,55,ajuntament-mercat,237,186,51,21.5
2026-10-07T22:43:00Z,2026-10-08T00:43:00+02:00,53,dr-robert,407,335,72,17.7
2026-10-07T22:43:00Z,2026-10-08T00:43:00+02:00,54,placa-vella,297,213,84,28.3
2026-10-07T22:43:00Z,2026-10-08T00:43:00+02:00,55,ajuntament-mercat,237,186,51,21.5
2026-10-07T22:44:00Z,2026-10-08T00:44:00+02:00,53,dr-robert,407,335,72,17.7
2026-10-07T22:44:00Z,2026-10-08T00:44:00+02:00,54,placa-vella,297,213,84,28.3
2026-10-07T22:44:00Z,2026-10-08T00:44:00+02:00,55,ajuntament-mercat,237,186,51,21.5
2026-10-07T22:45:00Z,2026-10-08T00:45:00+02:00,53,dr-robert,407,333,74,18.2
2026-10-07T22:45:00Z,2026-10-08T00:45:00+02:00,54,placa-vella,297,213,84,28.3
2026-10-07T22:45:00Z,2026-10-08T00:45:00+02:00,55,ajuntament-mercat,237,186,51,21.5
2026-10-07T22:46:00Z,2026-10-08T00:46:00+02:00,53,dr-robert,407,333,74,18.2
2026-10-07T22:46:00Z,2026-10-08T00:46:00+02:00,54,placa-vella,297,213,84,28.3
2026-10-07T22:46:00Z,2026-10-08T00:46:00+02:00,55,ajuntament-mercat,237,186,51,21.5
2026-10-07T22:47:00Z,2026-10-08T00:47:00+02:00,53,dr-robert,407,333,74,18.2
2026-10-07T22:47:00Z,2026-10-08T00:47:00+02:00,54,placa-vella,297,213,84,28.3
2026-10-07T22:47:00Z,2026-10-08T00:47:00+02:00,55,ajuntament-mercat,237,186,51,21.5
2026-10-07T22:48:00Z,2026-10-08T00:48:00+02:00,53,dr-robert,407,333,74,18.2
2026-10-07T22:48:00Z,2026-10-08T00:48:00+02:00,54,placa-vella,297,213,84,28.3
2026-10-07T22:48:00Z,2026-10-08T00:48:00+02:00,55,ajuntament-mercat,237,186,51,21.5
2026-10-07T22:49:00Z,2026-10-08T00:49:00+02:00,53,dr-robert,407,333,74,18.2
2026-10-07T22:49:00Z,2026-10-08T00:49:00+02:00,54,placa-vella,297,213,84,28.3
2026-10-07T22:49:00Z,2026-10-08T00:49:00+02:00,55,ajuntament-mercat,237,186,51,21.5
2026-10-07T22:50:00Z,2026-10-08T00:50:00+02:00,53,dr-robert,407,334,73,17.9
2026-10-07T22:50:00Z,2026-10-08T00:50:00+02:00,54,placa-vella,297,213,84,28.3
2026-10-07T22:50:00Z,2026-10-08T00:50:00+02:00,55,ajuntament-mercat,237,186,51,21.5
2026-10-07T22:51:00Z,2026-10-08T00:51:00+02:00,53,dr-robert,407,334,73,17.9
2026-10-07T22:51:00Z,2026-10-08T00:51:00+02:00,54,placa-vella,297,213,84,28.3
2026-10-07T22:51:00Z,2026-10-08T00:51:00+02:00,55,ajuntament-mercat,237,186,51,21.5
2026-10-07T22:52:00Z,2026-10-08T00:52:00+02:00,53,dr-robert,407,334,73,17.9
2026-10-07T22:52:00Z,2026-10-08T00:52:00+02:00,54,placa-vella,297,213,84,28.3
2026-10-07T22:52:00Z,2026-10-08T00:52:00+02:00,55,ajuntament-mercat,237,186,51,21.5
2026-10-07T22:53:00Z,2026-10-08T00:53:00+02:00,53,dr-robert,407,334,73,17.9
2026-10-07T22:53:00Z,2026-10-08T00:53:00+02:00,54,placa-vella,297,213,84,28.3
2026-10-07T22:53:00Z,2026-10-08T00:53:00+02:00,55,ajuntament-mercat,237,186,51,21.5
2026-10-07T22:54:00Z,2026-10-08T00:54:00+02:00,53,dr-robert,407,334,73,17.9
2026-10-07T22:54:00Z,2026-10-08T00:54:00+02:00,54,placa-vella,297,213,84,28.3
2026-10-07T22:54:00Z,2026-10-08T00:54:00+02:00,55,ajuntament-mercat,237,186,51,21.5
2026-10-07T22:55:00Z,2026-10-08T00:55:00+02:00,53,dr-robert,407,331,76,18.7
2026-10-07T22:55:00Z,2026-10-08T00:55:00+02:00,54,placa-vella,297,213,84,28.3
2026-10-07T22:55:00Z,2026-10-08T00:55:00+02:00,55,ajuntament-mercat,237,186,51,21.5
2026-10-07T22:56:00Z,2026-10-08T00:56:00+02:00,53,dr-robert,407,331,76,18.7
2026-10-07T22:56:00Z,2026-10-08T00:56:00+02:00,54,placa-vella,297,213,84,28.3
2026-10-07T22:56:00Z,2026-10-08T00:56:00+02:00,55,ajuntament-mercat,237,186,51,21.5
2026-10-07T22:57:00Z,2026-10-08T00:57:00+02:00,53,dr-robert,407,331,76,18.7
2026-10-07T22:57:00Z,2026-10-08T00:57:00+02:00,54,placa-vella,297,213,84,28.3
2026-10-07T22:57:00Z,2026-10-08T00:57:00+02:00,55,ajuntament-mercat,237,186,51,21.5
2026-10-07T22:58:00Z,2026-10-08T00:58:00+02:00,53,dr-robert,407,331,76,18.7
2026-10-07T22:58:00Z,2026-10-08T00:58:00+02:00,54,placa-vella,297,213,84,28.3
2026-10-07T22:58:00Z,2026-10-08T00:58:00+02:00,55,ajuntament-mercat,237,186,51,21.5
2026-10-07T22:59:00Z,2026-10-08T00:59:00+02:00,53,dr-robert,407,331,76,18.7
2026-10-07T22:59:00Z,2026-10-08T00:59:00+02:00,54,placa-vella,297,213,84,28.3
2026-10-07T22:59:00Z,2026-10-08T00:59:00+02:00,55,ajuntament-mercat,237,186,51,21.5
2026-10-07T23:00:00Z,2026-10-08T01:00:00+02:00,53,dr-robert,407,331,76,18.7
2026-10-07T23:00:00Z,2026-10-08T01:00:00+02:00,54,placa-vella,297,213,84,28.3
2026-10-07T23:00:00Z,2026-10-08T01:00:00+02:00,55,ajuntament-mercat,237,186,51,21.5
2026-10-07T23:01:00Z,2026-10-08T01:01:00+02:00,53,dr-robert,407,331,76,18.7
2026-10-07T23:01:00Z,2026-10-08T01:01:00+02:00,54,placa-vella,297,213,84,28.3
2026-10-07T23:01:00Z,2026-10-08T01:01:00+02:00,55,ajuntament-mercat,237,186,51,21.5
2026-10-07T23:02:00Z,2026-10-08T01:02:00+02:00,53,dr-robert,407,331,76,18.7
2026-10-07T23:02:00Z,2026-10-08T01:02:00+02:00,54,placa-vella,297,213,84,28.3
2026-10-07T23:02:00Z,2026-10-08T01:02:00+02:00,55,ajuntament-mercat,237,186,51,21.5
2026-10-07T23:03:00Z,2026-10-08T01:03:00+02:00,53,dr-robert,407,331,76,18.7
2026-10-07T23:03:00Z,2026-10-08T01:03:00+02:00,54,placa-vella,297,213,84,28.3
2026-10-07T23:03:00Z,2026-10-08T01:03:00+02:00,55,ajuntament-mercat,237,186,51,21.5
2026-10-07T23:04:00Z,2026-10-08T01:04:00+02:00,53,dr-robert,407,331,76,18.7
2026-10-07T23:04:00Z,2026-10-08T01:04:00+02:00,54,placa-vella,297,213,84,28.3
2026-10-07T23:04:00Z,2026-10-08T01:04:00+02:00,55,ajuntament-mercat,237,186,51,21.5
2026-10-07T23:05:00Z,2026-10-08T01:05:00+02:00,53,dr-robert,407,331,76,18.7
2026-10-07T23:05:00Z,2026-10-08T01:05:00+02:00,54,placa-vella,297,213,84,28.3
2026-10-07T23:05:00Z,2026-10-08T01:05:00+02:00,55,ajuntament-mercat,237,186,51,21.5
2026-10-07T23:06:00Z,2026-10-08T01:06:00+02:00,53,dr-robert,407,331,76,18.7
2026-10-07T23:06:00Z,2026-10-08T01:06:00+02:00,54,placa-vella,297,213,84,28.3
2026-10-07T23:06:00Z,2026-10-08T01:06:00+02:00,55,ajuntament-mercat,237,186,51,21.5
2026-10-07T23:07:00Z,2026-10-08T01:07:00+02:00,53,dr-robert,407,331,76,18.7
2026-10-07T23:07:00Z,2026-10-08T01:07:00+02:00,54,placa-vella,297,213,84,28.3
2026-10-07T23:07:00Z,2026-10-08T01:07:00+02:00,55,ajuntament-mercat,237,186,51,21.5
2026-10-07T23:08:00Z,2026-10-08T01:08:00+02:00,53,dr-robert,407,331,76,18.7
2026-10-07T23:08:00Z,2026-10-08T01:08:00+02:00,54,placa-vella,297,213,84,28.3
2026-10-07T23:08:00Z,2026-10-08T01:08:00+02:00,55,ajuntament-mercat,237,186,51,21.5
2026-10-07T23:09:00Z,2026-10-08T01:09:00+02:00,53,dr-robert,407,331,76,18.7
2026-10-07T23:09:00Z,2026-10-08T01:09:00+02:00,54,placa-vella,297,213,84,28.3
2026-10-07T23:09:00Z,2026-10-08T01:09:00+02:00,55,ajuntament-mercat,237,186,51,21.5
2026-10-07T23:10:00Z,2026-10-08T01:10:00+02:00,53,dr-robert,407,333,74,18.2
2026-10-07T23:10:00Z,2026-10-08T01:10:00+02:00,54,placa-vella,297,213,84,28.3
2026-10-07T23:10:00Z,2026-10-08T01:10:00+02:00,55,ajuntament-mercat,237,186,51,21.5
2026-10-07T23:11:00Z,2026-10-08T01:11:00+02:00,53,dr-robert,407,333,74,18.2
2026-10-07T23:11:00Z,2026-10-08T01:11:00+02:00,54,placa-vella,297,213,84,28.3
2026-10-07T23:11:00Z,2026-10-08T01:11:00+02:00,55,ajuntament-mercat,237,186,51,21.5
2026-10-07T23:12:00Z,2026-10-08T01:12:00+02:00,53,dr-robert,407,333,74,18.2
2026-10-07T23:12:00Z,2026-10-08T01:12:00+02:00,54,placa-vella,297,213,84,28.3
2026-10-07T23:12:00Z,2026-10-08T01:12:00+02:00,55,ajuntament-mercat,237,186,51,21.5
2026-10-07T23:13:00Z,2026-10-08T01:13:00+02:00,53,dr-robert,407,333,74,18.2
2026-10-07T23:13:00Z,2026-10-08T01:13:00+02:00,54,placa-vella,297,213,84,28.3
2026-10-07T23:13:00Z,2026-10-08T01:13:00+02:00,55,ajuntament-mercat,237,186,51,21.5
2026-10-07T23:14:00Z,2026-10-08T01:14:00+02:00,53,dr-robert,407,333,74,18.2
2026-10-07T23:14:00Z,2026-10-08T01:14:00+02:00,54,placa-vella,297,213,84,28.3
2026-10-07T23:14:00Z,2026-10-08T01:14:00+02:00,55,ajuntament-mercat,237,186,51,21.5
2026-10-07T23:15:00Z,2026-10-08T01:15:00+02:00,53,dr-robert,407,333,74,18.2
2026-10-07T23:15:00Z,2026-10-08T01:15:00+02:00,54,placa-vella,297,212,85,28.6
2026-10-07T23:15:00Z,2026-10-08T01:15:00+02:00,55,ajuntament-mercat,237,186,51,21.5
2026-10-07T23:16:00Z,2026-10-08T01:16:00+02:00,53,dr-robert,407,333,74,18.2
2026-10-07T23:16:00Z,2026-10-08T01:16:00+02:00,54,placa-vella,297,212,85,28.6
2026-10-07T23:16:00Z,2026-10-08T01:16:00+02:00,55,ajuntament-mercat,237,186,51,21.5
2026-10-07T23:17:00Z,2026-10-08T01:17:00+02:00,53,dr-robert,407,333,74,18.2
2026-10-07T23:17:00Z,2026-10-08T01:17:00+02:00,54,placa-vella,297,212,85,28.6
2026-10-07T23:17:00Z,2026-10-08T01:17:00+02:00,55,ajuntament-mercat,237,186,51,21.5
2026-10-07T23:18:00Z,2026-10-08T01:18:00+02:00,53,dr-robert,407,333,74,18.2
2026-10-07T23:18:00Z,2026-10-08T01:18:00+02:00,54,placa-vella,297,212,85,28.6
2026-10-07T23:18:00Z,2026-10-08T01:18:00+02:00,55,ajuntament-mercat,237,186,51,21.5
2026-10-07T23:19:00Z,2026-10-08T01:19:00+02:00,53,dr-robert,407,333,74,18.2
2026-10-07T23:19:00Z,2026-10-08T01:19:00+02:00,54,placa-vella,297,212,85,28.6
2026-10-07T23:19:00Z,2026-10-08T01:19:00+02:00,55,ajuntament-mercat,237,186,51,21.5
2026-10-07T23:20:00Z,2026-10-08T01:20:00+02:00,53,dr-robert,407,333,74,18.2
2026-10-07T23:20:00Z,2026-10-08T01:20:00+02:00,54,placa-vella,297,212,85,28.6
2026-10-07T23:20:00Z,2026-10-08T01:20:00+02:00,55,ajuntament-mercat,237,186,51,21.5
2026-10-07T23:21:00Z,2026-10-08T01:21:00+02:00,53,dr-robert,407,333,74,18.2
2026-10-07T23:21:00Z,2026-10-08T01:21:00+02:00,54,placa-vella,297,212,85,28.6
2026-10-07T23:21:00Z,2026-10-08T01:21:00+02:00,55,ajuntament-mercat,237,186,51,21.5
2026-10-07T23:22:00Z,2026-10-08T01:22:00+02:00,53,dr-robert,407,333,74,18.2
2026-10-07T23:22:00Z,2026-10-08T01:22:00+02:00,54,placa-vella,297,212,85,28.6
2026-10-07T23:22:00Z,2026-10-08T01:22:00+02:00,55,ajuntament-mercat,237,186,51,21.5
2026-10-07T23:23:00Z,2026-10-08T01:23:00+02:00,53,dr-robert,407,333,74,18.2
2026-10-07T23:23:00Z,2026-10-08T01:23:00+02:00,54,placa-vella,297,212,85,28.6
2026-10-07T23:23:00Z,2026-10-08T01:23:00+02:00,55,ajuntament-mercat,237,186,51,21.5
2026-10-07T23:24:00Z,2026-10-08T01:24:00+02:00,53,dr-robert,407,333,74,18.2
2026-10-07T23:24:00Z,2026-10-08T01:24:00+02:00,54,placa-vella,297,212,85,28.6
2026-10-07T23:24:00Z,2026-10-08T01:24:00+02:00,55,ajuntament-mercat,237,186,51,21.5
2026-10-07T23:25:00Z,2026-10-08T01:25:00+02:00,53,dr-robert,407,333,74,18.2
2026-10-07T23:25:00Z,2026-10-08T01:25:00+02:00,54,placa-vella,297,212,85,28.6
2026-10-07T23:25:00Z,2026-10-08T01:25:00+02:00,55,ajuntament-mercat,237,186,51,21.5
2026-10-07T23:26:00Z,2026-10-08T01:26:00+02:00,53,dr-robert,407,333,74,18.2
2026-10-07T23:26:00Z,2026-10-08T01:26:00+02:00,54,placa-vella,297,212,85,28.6
2026-10-07T23:26:00Z,2026-10-08T01:26:00+02:00,55,ajuntament-mercat,237,186,51,21.5
2026-10-07T23:27:00Z,2026-10-08T01:27:00+02:00,53,dr-robert,407,333,74,18.2
2026-10-07T23:27:00Z,2026-10-08T01:27:00+02:00,54,placa-vella,297,212,85,28.6
2026-10-07T23:27:00Z,2026-10-08T01:27:00+02:00,55,ajuntament-mercat,237,186,51,21.5
2026-10-07T23:28:00Z,2026-10-08T01:28:00+02:00,53,dr-robert,407,333,74,18.2
2026-10-07T23:28:00Z,2026-10-08T01:28:00+02:00,54,placa-vella,297,212,85,28.6
2026-10-07T23:28:00Z,2026-10-08T01:28:00+02:00,55,ajuntament-mercat,237,186,51,21.5
2026-10-07T23:29:00Z,2026-10-08T01:29:00+02:00,53,dr-robert,407,333,74,18.2
2026-10-07T23:29:00Z,2026-10-08T01:29:00+02:00,54,placa-vella,297,212,85,28.6
2026-10-07T23:29:00Z,2026-10-08T01:29:00+02:00,55,ajuntament-mercat,237,186,51,21.5
2026-10-07T23:30:00Z,2026-10-08T01:30:00+02:00,53,dr-robert,407,335,72,17.7
2026-10-07T23:30:00Z,2026-10-08T01:30:00+02:00,54,placa-vella,297,212,85,28.6
2026-10-07T23:30:00Z,2026-10-08T01:30:00+02:00,55,ajuntament-mercat,237,186,51,21.5
2026-10-07T23:31:00Z,2026-10-08T01:31:00+02:00,53,dr-robert,407,335,72,17.7
2026-10-07T23:31:00Z,2026-10-08T01:31:00+02:00,54,placa-vella,297,212,85,28.6
2026-10-07T23:31:00Z,2026-10-08T01:31:00+02:00,55,ajuntament-mercat,237,186,51,21.5
2026-10-07T23:32:00Z,2026-10-08T01:32:00+02:00,53,dr-robert,407,335,72,17.7
2026-10-07T23:32:00Z,2026-10-08T01:32:00+02:00,54,placa-vella,297,212,85,28.6
2026-10-07T23:32:00Z,2026-10-08T01:32:00+02:00,55,ajuntament-mercat,237,186,51,21.5
2026-10-07T23:33:00Z,2026-10-08T01:33:00+02:00,53,dr-robert,407,335,72,17.7
2026-10-07T23:33:00Z,2026-10-08T01:33:00+02:00,54,placa-vella,297,212,85,28.6
2026-10-07T23:33:00Z,2026-10-08T01:33:00+02:00,55,ajuntament-mercat,237,186,51,21.5
2026-10-07T23:34:00Z,2026-10-08T01:34:00+02:00,53,dr-robert,407,335,72,17.7
2026-10-07T23:34:00Z,2026-10-08T01:34:00+02:00,54,placa-vella,297,212,85,28.6
2026-10-07T23:34:00Z,2026-10-08T01:34:00+02:00,55,ajuntament-mercat,237,186,51,21.5
2026-10-07T23:35:00Z,2026-10-08T01:35:00+02:00,53,dr-robert,407,336,71,17.4
2026-10-07T23:35:00Z,2026-10-08T01:35:00+02:00,54,placa-vella,297,212,85,28.6
2026-10-07T23:35:00Z,2026-10-08T01:35:00+02:00,55,ajuntament-mercat,237,186,51,21.5
2026-10-07T23:36:00Z,2026-10-08T01:36:00+02:00,53,dr-robert,407,336,71,17.4
2026-10-07T23:36:00Z,2026-10-08T01:36:00+02:00,54,placa-vella,297,212,85,28.6
2026-10-07T23:36:00Z,2026-10-08T01:36:00+02:00,55,ajuntament-mercat,237,186,51,21.5
2026-10-07T23:37:00Z,2026-10-08T01:37:00+02:00,53,dr-robert,407,336,71,17.4
2026-10-07T23:37:00Z,2026-10-08T01:37:00+02:00,54,placa-vella,297,212,85,28.6
2026-10-07T23:37:00Z,2026-10-08T01:37:00+02:00,55,ajuntament-mercat,237,186,51,21.5
2026-10-07T23:38:00Z,2026-10-08T01:38:00+02:00,53,dr-robert,407,336,71,17.4
2026-10-07T23:38:00Z,2026-10-08T01:38:00+02:00,54,placa-vella,297,212,85,28.6
2026-10-07T23:38:00Z,2026-10-08T01:38:00+02:00,55,ajuntament-mercat,237,186,51,21.5
2026-10-07T23:39:00Z,2026-10-08T01:39:00+02:00,53,dr-robert,407,336,71,17.4
2026-10-07T23:39:00Z,2026-10-08T01:39:00+02:00,54,placa-vella,297,212,85,28.6
2026-10-07T23:39:00Z,2026-10-08T01:39:00+02:00,55,ajuntament-mercat,237,186,51,21.5
2026-10-07T23:40:00Z,2026-10-08T01:40:00+02:00,53,dr-robert,407,336,71,17.4
2026-10-07T23:40:00Z,2026-10-08T01:40:00+02:00,54,placa-vella,297,212,85,28.6
2026-10-07T23:40:00Z,2026-10-08T01:40:00+02:00,55,ajuntament-mercat,237,186,51,21.5
2026-10-07T23:41:00Z,2026-10-08T01:41:00+02:00,53,dr-robert,407,336,71,17.4
2026-10-07T23:41:00Z,2026-10-08T01:41:00+02:00,54,placa-vella,297,212,85,28.6
2026-10-07T23:41:00Z,2026-10-08T01:41:00+02:00,55,ajuntament-mercat,237,186,51,21.5
2026-10-07T23:42:00Z,2026-10-08T01:42:00+02:00,53,dr-robert,407,336,71,17.4
2026-10-07T23:42:00Z,2026-10-08T01:42:00+02:00,54,placa-vella,297,212,85,28.6
2026-10-07T23:42:00Z,2026-10-08T01:42:00+02:00,55,ajuntament-mercat,237,186,51,21.5
2026-10-07T23:43:00Z,2026-10-08T01:43:00+02:00,53,dr-robert,407,336,71,17.4
2026-10-07T23:43:00Z,2026-10-08T01:43:00+02:00,54,placa-vella,297,212,85,28.6
2026-10-07T23:43:00Z,2026-10-08T01:43:00+02:00,55,ajuntament-mercat,237,186,51,21.5
2026-10-07T23:44:00Z,2026-10-08T01:44:00+02:00,53,dr-robert,407,336,71,17.4
2026-10-07T23:44:00Z,2026-10-08T01:44:00+02:00,54,placa-vella,297,212,85,28.6
2026-10-07T23:44:00Z,2026-10-08T01:44:00+02:00,55,ajuntament-mercat,237,186,51,21.5
2026-10-07T23:45:00Z,2026-10-08T01:45:00+02:00,53,dr-robert,407,338,69,17
2026-10-07T23:45:00Z,2026-10-08T01:45:00+02:00,54,placa-vella,297,212,85,28.6
2026-10-07T23:45:00Z,2026-10-08T01:45:00+02:00,55,ajuntament-mercat,237,186,51,21.5
2026-10-07T23:46:00Z,2026-10-08T01:46:00+02:00,53,dr-robert,407,338,69,17
2026-10-07T23:46:00Z,2026-10-08T01:46:00+02:00,54,placa-vella,297,212,85,28.6
2026-10-07T23:46:00Z,2026-10-08T01:46:00+02:00,55,ajuntament-mercat,237,186,51,21.5
2026-10-07T23:47:00Z,2026-10-08T01:47:00+02:00,53,dr-robert,407,338,69,17
2026-10-07T23:47:00Z,2026-10-08T01:47:00+02:00,54,placa-vella,297,212,85,28.6
2026-10-07T23:47:00Z,2026-10-08T01:47:00+02:00,55,ajuntament-mercat,237,186,51,21.5
2026-10-07T23:48:00Z,2026-10-08T01:48:00+02:00,53,dr-robert,407,338,69,17
2026-10-07T23:48:00Z,2026-10-08T01:48:00+02:00,54,placa-vella,297,212,85,28.6
2026-10-07T23:48:00Z,2026-10-08T01:48:00+02:00,55,ajuntament-mercat,237,186,51,21.5
2026-10-07T23:49:00Z,2026-10-08T01:49:00+02:00,53,dr-robert,407,338,69,17
2026-10-07T23:49:00Z,2026-10-08T01:49:00+02:00,54,placa-vella,297,212,85,28.6
2026-10-07T23:49:00Z,2026-10-08T01:49:00+02:00,55,ajuntament-mercat,237,186,51,21.5
2026-10-07T23:50:00Z,2026-10-08T01:50:00+02:00,53,dr-robert,407,340,67,16.5
2026-10-07T23:50:00Z,2026-10-08T01:50:00+02:00,54,placa-vella,297,212,85,28.6
2026-10-07T23:50:00Z,2026-10-08T01:50:00+02:00,55,ajuntament-mercat,237,186,51,21.5
2026-10-07T23:51:00Z,2026-10-08T01:51:00+02:00,53,dr-robert,407,340,67,16.5
2026-10-07T23:51:00Z,2026-10-08T01:51:00+02:00,54,placa-vella,297,212,85,28.6
2026-10-07T23:51:00Z,2026-10-08T01:51:00+02:00,55,ajuntament-mercat,237,186,51,21.5
2026-10-07T23:52:00Z,2026-10-08T01:52:00+02:00,53,dr-robert,407,340,67,16.5
2026-10-07T23:52:00Z,2026-10-08T01:52:00+02:00,54,placa-vella,297,212,85,28.6
2026-10-07T23:52:00Z,2026-10-08T01:52:00+02:00,55,ajuntament-mercat,237,186,51,21.5
2026-10-07T23:53:00Z,2026-10-08T01:53:00+02:00,53,dr-robert,407,340,67,16.5
2026-10-07T23:53:00Z,2026-10-08T01:53:00+02:00,54,placa-vella,297,212,85,28.6
2026-10-07T23:53:00Z,2026-10-08T01:53:00+02:00,55,ajuntament-mercat,237,186,51,21.5
2026-10-07T23:54:00Z,2026-10-08T01:54:00+02:00,53,dr-robert,407,340,67,16.5
2026-10-07T23:54:00Z,2026-10-08T01:54:00+02:00,54,placa-vella,297,212,85,28.6
2026-10-07T23:54:00Z,2026-10-08T01:54:00+02:00,55,ajuntament-mercat,237,186,51,21.5
2026-10-07T23:55:00Z,2026-10-08T01:55:00+02:00,53,dr-robert,407,340,67,16.5
2026-10-07T23:55:00Z,2026-10-08T01:55:00+02:00,54,placa-vella,297,213,84,28.3
2026-10-07T23:55:00Z,2026-10-08T01:55:00+02:00,55,ajuntament-mercat,237,186,51,21.5
2026-10-07T23:56:00Z,2026-10-08T01:56:00+02:00,53,dr-robert,407,340,67,16.5
2026-10-07T23:56:00Z,2026-10-08T01:56:00+02:00,54,placa-vella,297,213,84,28.3
2026-10-07T23:56:00Z,2026-10-08T01:56:00+02:00,55,ajuntament-mercat,237,186,51,21.5
2026-10-07T23:57:00Z,2026-10-08T01:57:00+02:00,53,dr-robert,407,340,67,16.5
2026-10-07T23:57:00Z,2026-10-08T01:57:00+02:00,54,placa-vella,297,213,84,28.3
2026-10-07T23:57:00Z,2026-10-08T01:57:00+02:00,55,ajuntament-mercat,237,186,51,21.5
2026-10-07T23:58:00Z,2026-10-08T01:58:00+02:00,53,dr-robert,407,340,67,16.5
2026-10-07T23:58:00Z,2026-10-08T01:58:00+02:00,54,placa-vella,297,213,84,28.3
2026-10-07T23:58:00Z,2026-10-08T01:58:00+02:00,55,ajuntament-mercat,237,186,51,21.5
2026-10-07T23:59:00Z,2026-10-08T01:59:00+02:00,53,dr-robert,407,340,67,16.5
2026-10-07T23:59:00Z,2026-10-08T01:59:00+02:00,54,placa-vella,297,213,84,28.3
2026-10-07T23:59:00Z,2026-10-08T01:59:00+02:00,55,ajuntament-mercat,237,186,51,21.5
2026-10-08T00:00:00Z,2026-10-08T02:00:00+02:00,53,dr-robert,407,340,67,16.5
2026-10-08T00:00:00Z,2026-10-08T02:00:00+02:00,54,placa-vella,297,213,84,28.3
2026-10-08T00:00:00Z,2026-10-08T02:00:00+02:00,55,ajuntament-mercat,237,186,51,21.5
2026-10-08T00:01:00Z,2026-10-08T02:01:00+02:00,53,dr-robert,407,340,67,16.5
2026-10-08T00:01:00Z,2026-10-08T02:01:00+02:00,54,placa-vella,297,213,84,28.3
2026-10-08T00:01:00Z,2026-10-08T02:01:00+02:00,55,ajuntament-mercat,237,186,51,21.5
2026-10-08T00:02:00Z,2026-10-08T02:02:00+02:00,53,dr-robert,407,341,66,16.2
2026-10-08T00:02:00Z,2026-10-08T02:02:00+02:00,54,placa-vella,297,213,84,28.3
2026-10-08T00:02:00Z,2026-10-08T02:02:00+02:00,55,ajuntament-mercat,237,186,51,21.5
2026-10-08T00:03:00Z,2026-10-08T02:03:00+02:00,53,dr-robert,407,341,66,16.2
2026-10-08T00:03:00Z,2026-10-08T02:03:00+02:00,54,placa-vella,297,213,84,28.3
2026-10-08T00:03:00Z,2026-10-08T02:03:00+02:00,55,ajuntament-mercat,237,186,51,21.5
2026-10-08T00:04:00Z,2026-10-08T02:04:00+02:00,53,dr-robert,407,341,66,16.2
2026-10-08T00:04:00Z,2026-10-08T02:04:00+02:00,54,placa-vella,297,213,84,28.3
2026-10-08T00:04:00Z,2026-10-08T02:04:00+02:00,55,ajuntament-mercat,237,186,51,21.5
2026-10-08T00:05:00Z,2026-10-08T02:05:00+02:00,53,dr-robert,407,341,66,16.2
2026-10-08T00:05:00Z,2026-10-08T02:05:00+02:00,54,placa-vella,297,213,84,28.3
2026-10-08T00:05:00Z,2026-10-08T02:05:00+02:00,55,ajuntament-mercat,237,186,51,21.5
2026-10-08T00:06:00Z,2026-10-08T02:06:00+02:00,53,dr-robert,407,341,66,16.2
2026-10-08T00:06:00Z,2026-10-08T02:06:00+02:00,54,placa-vella,297,213,84,28.3
2026-10-08T00:06:00Z,2026-10-08T02:06:00+02:00,55,ajuntament-mercat,237,186,51,21.5
2026-10-08T00:07:00Z,2026-10-08T02:07:00+02:00,53,dr-robert,407,341,66,16.2
2026-10-08T00:07:00Z,2026-10-08T02:07:00+02:00,54,placa-vella,297,213,84,28.3
2026-10-08T00:07:00Z,2026-10-08T02:07:00+02:00,55,ajuntament-mercat,237,186,51,21.5
2026-10-08T00:08:00Z,2026-10-08T02:08:00+02:00,53,dr-robert,407,341,66,16.2
2026-10-08T00:08:00Z,2026-10-08T02:08:00+02:00,54,placa-vella,297,213,84,28.3
2026-10-08T00:08:00Z,2026-10-08T02:08:00+02:00,55,ajuntament-mercat,237,186,51,21.5
2026-10-08T00:09:00Z,2026-10-08T02:09:00+02:00,53,dr-robert,407,341,66,16.2
2026-10-08T00:09:00Z,2026-10-08T02:09:00+02:00,54,placa-vella,297,213,84,28.3
2026-10-08T00:09:00Z,2026-10-08T02:09:00+02:00,55,ajuntament-mercat,237,186,51,21.5
2026-10-08T00:10:00Z,2026-10-08T02:10:00+02:00,53,dr-robert,407,342,65,16
2026-10-08T00:10:00Z,2026-10-08T02:10:00+02:00,54,placa-vella,297,213,84,28.3
2026-10-08T00:10:00Z,2026-10-08T02:10:00+02:00,55,ajuntament-mercat,237,186,51,21.5
2026-10-08T00:11:00Z,2026-10-08T02:11:00+02:00,53,dr-robert,407,342,65,16
2026-10-08T00:11:00Z,2026-10-08T02:11:00+02:00,54,placa-vella,297,213,84,28.3
2026-10-08T00:11:00Z,2026-10-08T02:11:00+02:00,55,ajuntament-mercat,237,186,51,21.5
2026-10-08T00:12:00Z,2026-10-08T02:12:00+02:00,53,dr-robert,407,342,65,16
2026-10-08T00:12:00Z,2026-10-08T02:12:00+02:00,54,placa-vella,297,213,84,28.3
2026-10-08T00:12:00Z,2026-10-08T02:12:00+02:00,55,ajuntament-mercat,237,186,51,21.5
2026-10-08T00:13:00Z,2026-10-08T02:13:00+02:00,53,dr-robert,407,342,65,16
2026-10-08T00:13:00Z,2026-10-08T02:13:00+02:00,54,placa-vella,297,213,84,28.3
2026-10-08T00:13:00Z,2026-10-08T02:13:00+02:00,55,ajuntament-mercat,237,186,51,21.5
2026-10-08T00:14:00Z,2026-10-08T02:14:00+02:00,53,dr-robert,407,342,65,16
2026-10-08T00:14:00Z,2026-10-08T02:14:00+02:00,54,placa-vella,297,213,84,28.3
2026-10-08T00:14:00Z,2026-10-08T02:14:00+02:00,55,ajuntament-mercat,237,186,51,21.5
2026-10-08T00:15:00Z,2026-10-08T02:15:00+02:00,53,dr-robert,407,342,65,16
2026-10-08T00:15:00Z,2026-10-08T02:15:00+02:00,54,placa-vella,297,213,84,28.3
2026-10-08T00:15:00Z,2026-10-08T02:15:00+02:00,55,ajuntament-mercat,237,186,51,21.5
2026-10-08T00:16:00Z,2026-10-08T02:16:00+02:00,53,dr-robert,407,342,65,16
2026-10-08T00:16:00Z,2026-10-08T02:16:00+02:00,54,placa-vella,297,213,84,28.3
2026-10-08T00:16:00Z,2026-10-08T02:16:00+02:00,55,ajuntament-mercat,237,186,51,21.5
2026-10-08T00:17:00Z,2026-10-08T02:17:00+02:00,53,dr-robert,407,342,65,16
2026-10-08T00:17:00Z,2026-10-08T02:17:00+02:00,54,placa-vella,297,213,84,28.3
2026-10-08T00:17:00Z,2026-10-08T02:17:00+02:00,55,ajuntament-mercat,237,186,51,21.5
2026-10-08T00:18:00Z,2026-10-08T02:18:00+02:00,53,dr-robert,407,342,65,16
2026-10-08T00:18:00Z,2026-10-08T02:18:00+02:00,54,placa-vella,297,213,84,28.3
2026-10-08T00:18:00Z,2026-10-08T02:18:00+02:00,55,ajuntament-mercat,237,186,51,21.5
2026-10-08T00:19:00Z,2026-10-08T02:19:00+02:00,53,dr-robert,407,342,65,16
2026-10-08T00:19:00Z,2026-10-08T02:19:00+02:00,54,placa-vella,297,213,84,28.3
2026-10-08T00:19:00Z,2026-10-08T02:19:00+02:00,55,ajuntament-mercat,237,186,51,21.5
2026-10-08T00:20:00Z,2026-10-08T02:20:00+02:00,53,dr-robert,407,342,65,16
2026-10-08T00:20:00Z,2026-10-08T02:20:00+02:00,54,placa-vella,297,213,84,28.3
2026-10-08T00:20:00Z,2026-10-08T02:20:00+02:00,55,ajuntament-mercat,237,186,51,21.5
2026-10-08T00:21:00Z,2026-10-08T02:21:00+02:00,53,dr-robert,407,342,65,16
2026-10-08T00:21:00Z,2026-10-08T02:21:00+02:00,54,placa-vella,297,213,84,28.3
2026-10-08T00:21:00Z,2026-10-08T02:21:00+02:00,55,ajuntament-mercat,237,186,51,21.5
2026-10-08T00:22:00Z,2026-10-08T02:22:00+02:00,53,dr-robert,407,342,65,16
2026-10-08T00:22:00Z,2026-10-08T02:22:00+02:00,54,placa-vella,297,213,84,28.3
2026-10-08T00:22:00Z,2026-10-08T02:22:00+02:00,55,ajuntament-mercat,237,186,51,21.5
2026-10-08T00:23:00Z,2026-10-08T02:23:00+02:00,53,dr-robert,407,342,65,16
2026-10-08T00:23:00Z,2026-10-08T02:23:00+02:00,54,placa-vella,297,213,84,28.3
2026-10-08T00:23:00Z,2026-10-08T02:23:00+02:00,55,ajuntament-mercat,237,186,51,21.5
2026-10-08T00:24:00Z,2026-10-08T02:24:00+02:00,53,dr-robert,407,342,65,16
2026-10-08T00:24:00Z,2026-10-08T02:24:00+02:00,54,placa-vella,297,213,84,28.3
2026-10-08T00:24:00Z,2026-10-08T02:24:00+02:00,55,ajuntament-mercat,237,186,51,21.5
2026-10-08T00:25:00Z,2026-10-08T02:25:00+02:00,53,dr-robert,407,342,65,16
2026-10-08T00:25:00Z,2026-10-08T02:25:00+02:00,54,placa-vella,297,213,84,28.3
2026-10-08T00:25:00Z,2026-10-08T02:25:00+02:00,55,ajuntament-mercat,237,186,51,21.5
2026-10-08T00:26:00Z,2026-10-08T02:26:00+02:00,53,dr-robert,407,342,65,16
2026-10-08T00:26:00Z,2026-10-08T02:26:00+02:00,54,placa-vella,297,213,84,28.3
2026-10-08T00:26:00Z,2026-10-08T02:26:00+02:00,55,ajuntament-mercat,237,186,51,21.5
2026-10-08T00:27:00Z,2026-10-08T02:27:00+02:00,53,dr-robert,407,342,65,16
2026-10-08T00:27:00Z,2026-10-08T02:27:00+02:00,54,placa-vella,297,213,84,28.3
2026-10-08T00:27:00Z,2026-10-08T02:27:00+02:00,55,ajuntament-mercat,237,186,51,21.5
2026-10-08T00:28:00Z,2026-10-08T02:28:00+02:00,53,dr-robert,407,342,65,16
2026-10-08T00:28:00Z,2026-10-08T02:28:00+02:00,54,placa-vella,297,213,84,28.3
2026-10-08T00:28:00Z,2026-10-08T02:28:00+02:00,55,ajuntament-mercat,237,186,51,21.5
2026-10-08T00:29:00Z,2026-10-08T02:29:00+02:00,53,dr-robert,407,342,65,16
2026-10-08T00:29:00Z,2026-10-08T02:29:00+02:00,54,placa-vella,297,213,84,28.3
2026-10-08T00:29:00Z,2026-10-08T02:29:00+02:00,55,ajuntament-mercat,237,186,51,21.5
2026-10-08T00:30:00Z,2026-10-08T02:30:00+02:00,53,dr-robert,407,341,66,16.2
2026-10-08T00:30:00Z,2026-10-08T02:30:00+02:00,54,placa-vella,297,213,84,28.3
2026-10-08T00:30:00Z,2026-10-08T02:30:00+02:00,55,ajuntament-mercat,237,186,51,21.5
2026-10-08T00:31:00Z,2026-10-08T02:31:00+02:00,53,dr-robert,407,341,66,16.2
2026-10-08T00:31:00Z,2026-10-08T02:31:00+02:00,54,placa-vella,297,213,84,28.3
2026-10-08T00:31:00Z,2026-10-08T02:31:00+02:00,55,ajuntament-mercat,237,186,51,21.5
2026-10-08T00:32:00Z,2026-10-08T02:32:00+02:00,53,dr-robert,407,341,66,16.2
2026-10-08T00:32:00Z,2026-10-08T02:32:00+02:00,54,placa-vella,297,213,84,28.3
2026-10-08T00:32:00Z,2026-10-08T02:32:00+02:00,55,ajuntament-mercat,237,186,51,21.5
2026-10-08T00:33:00Z,2026-10-08T02:33:00+02:00,53,dr-robert,407,341,66,16.2
2026-10-08T00:33:00Z,2026-10-08T02:33:00+02:00,54,placa-vella,297,213,84,28.3
2026-10-08T00:33:00Z,2026-10-08T02:33:00+02:00,55,ajuntament-mercat,237,186,51,21.5
2026-10-08T00:34:00Z,2026-10-08T02:34:00+02:00,53,dr-robert,407,341,66,16.2
2026-10-08T00:34:00Z,2026-10-08T02:34:00+02:00,54,placa-vella,297,213,84,28.3
2026-10-08T00:34:00Z,2026-10-08T02:34:00+02:00,55,ajuntament-mercat,237,186,51,21.5
2026-10-08T00:35:00Z,2026-10-08T02:35:00+02:00,53,dr-robert,407,341,66,16.2
2026-10-08T00:35:00Z,2026-10-08T02:35:00+02:00,54,placa-vella,297,213,84,28.3
2026-10-08T00:35:00Z,2026-10-08T02:35:00+02:00,55,ajuntament-mercat,237,186,51,21.5
2026-10-08T00:36:00Z,2026-10-08T02:36:00+02:00,53,dr-robert,407,341,66,16.2
2026-10-08T00:36:00Z,2026-10-08T02:36:00+02:00,54,placa-vella,297,213,84,28.3
2026-10-08T00:36:00Z,2026-10-08T02:36:00+02:00,55,ajuntament-mercat,237,186,51,21.5
2026-10-08T00:37:00Z,2026-10-08T02:37:00+02:00,53,dr-robert,407,341,66,16.2
2026-10-08T00:37:00Z,2026-10-08T02:37:00+02:00,54,placa-vella,297,213,84,28.3
2026-10-08T00:37:00Z,2026-10-08T02:37:00+02:00,55,ajuntament-mercat,237,186,51,21.5
2026-10-08T00:38:00Z,2026-10-08T02:38:00+02:00,53,dr-robert,407,341,66,16.2
2026-10-08T00:38:00Z,2026-10-08T02:38:00+02:00,54,placa-vella,297,213,84,28.3
2026-10-08T00:38:00Z,2026-10-08T02:38:00+02:00,55,ajuntament-mercat,237,186,51,21.5
2026-10-08T00:39:00Z,2026-10-08T02:39:00+02:00,53,dr-robert,407,341,66,16.2
2026-10-08T00:39:00Z,2026-10-08T02:39:00+02:00,54,placa-vella,297,213,84,28.3
2026-10-08T00:39:00Z,2026-10-08T02:39:00+02:00,55,ajuntament-mercat,237,186,51,21.5
2026-10-08T00:40:00Z,2026-10-08T02:40:00+02:00,53,dr-robert,407,342,65,16
2026-10-08T00:40:00Z,2026-10-08T02:40:00+02:00,54,placa-vella,297,213,84,28.3
2026-10-08T00:40:00Z,2026-10-08T02:40:00+02:00,55,ajuntament-mercat,237,186,51,21.5
2026-10-08T00:41:00Z,2026-10-08T02:41:00+02:00,53,dr-robert,407,342,65,16
2026-10-08T00:41:00Z,2026-10-08T02:41:00+02:00,54,placa-vella,297,213,84,28.3
2026-10-08T00:41:00Z,2026-10-08T02:41:00+02:00,55,ajuntament-mercat,237,186,51,21.5
2026-10-08T00:42:00Z,2026-10-08T02:42:00+02:00,53,dr-robert,407,342,65,16
2026-10-08T00:42:00Z,2026-10-08T02:42:00+02:00,54,placa-vella,297,213,84,28.3
2026-10-08T00:42:00Z,2026-10-08T02:42:00+02:00,55,ajuntament-mercat,237,186,51,21.5
2026-10-08T00:43:00Z,2026-10-08T02:43:00+02:00,53,dr-robert,407,342,65,16
2026-10-08T00:43:00Z,2026-10-08T02:43:00+02:00,54,placa-vella,297,213,84,28.3
2026-10-08T00:43:00Z,2026-10-08T02:43:00+02:00,55,ajuntament-mercat,237,186,51,21.5
2026-10-08T00:44:00Z,2026-10-08T02:44:00+02:00,53,dr-robert,407,342,65,16
2026-10-08T00:44:00Z,2026-10-08T02:44:00+02:00,54,placa-vella,297,213,84,28.3
2026-10-08T00:44:00Z,2026-10-08T02:44:00+02:00,55,ajuntament-mercat,237,186,51,21.5
2026-10-08T00:45:00Z,2026-10-08T02:45:00+02:00,53,dr-robert,407,342,65,16
2026-10-08T00:45:00Z,2026-10-08T02:45:00+02:00,54,placa-vella,297,213,84,28.3
2026-10-08T00:45:00Z,2026-10-08T02:45:00+02:00,55,ajuntament-mercat,237,186,51,21.5
2026-10-08T00:46:00Z,2026-10-08T02:46:00+02:00,53,dr-robert,407,342,65,16
2026-10-08T00:46:00Z,2026-10-08T02:46:00+02:00,54,placa-vella,297,213,84,28.3
2026-10-08T00:46:00Z,2026-10-08T02:46:00+02:00,55,ajuntament-mercat,237,186,51,21.5
2026-10-08T00:47:00Z,2026-10-08T02:47:00+02:00,53,dr-robert,407,342,65,16
2026-10-08T00:47:00Z,2026-10-08T02:47:00+02:00,54,placa-vella,297,213,84,28.3
2026-10-08T00:47:00Z,2026-10-08T02:47:00+02:00,55,ajuntament-mercat,237,186,51,21.5
2026-10-08T00:48:00Z,2026-10-08T02:48:00+02:00,53,dr-robert,407,342,65,16
2026-10-08T00:48:00Z,2026-10-08T02:48:00+02:00,54,placa-vella,297,213,84,28.3
2026-10-08T00:48:00Z,2026-10-08T02:48:00+02:00,55,ajuntament-mercat,237,186,51,21.5
2026-10-08T00:49:00Z,2026-10-08T02:49:00+02:00,53,dr-robert,407,342,65,16
2026-10-08T00:49:00Z,2026-10-08T02:49:00+02:00,54,placa-vella,297,213,84,28.3
2026-10-08T00:49:00Z,2026-10-08T02:49:00+02:00,55,ajuntament-mercat,237,186,51,21.5
2026-10-08T00:50:00Z,2026-10-08T02:50:00+02:00,53,dr-robert,407,342,65,16
2026-10-08T00:50:00Z,2026-10-08T02:50:00+02:00,54,placa-vella,297,213,84,28.3
2026-10-08T00:50:00Z,2026-10-08T02:50:00+02:00,55,ajuntament-mercat,237,186,51,21.5
2026-10-08T00:51:00Z,2026-10-08T02:51:00+02:00,53,dr-robert,407,342,65,16
2026-10-08T00:51:00Z,2026-10-08T02:51:00+02:00,54,placa-vella,297,213,84,28.3
2026-10-08T00:51:00Z,2026-10-08T02:51:00+02:00,55,ajuntament-mercat,237,186,51,21.5
2026-10-08T00:52:00Z,2026-10-08T02:52:00+02:00,53,dr-robert,407,342,65,16
2026-10-08T00:52:00Z,2026-10-08T02:52:00+02:00,54,placa-vella,297,213,84,28.3
2026-10-08T00:52:00Z,2026-10-08T02:52:00+02:00,55,ajuntament-mercat,237,186,51,21.5
2026-10-08T00:53:00Z,2026-10-08T02:53:00+02:00,53,dr-robert,407,342,65,16
2026-10-08T00:53:00Z,2026-10-08T02:53:00+02:00,54,placa-vella,297,213,84,28.3
2026-10-08T00:53:00Z,2026-10-08T02:53:00+02:00,55,ajuntament-mercat,237,186,51,21.5
2026-10-08T00:54:00Z,2026-10-08T02:54:00+02:00,53,dr-robert,407,342,65,16
2026-10-08T00:54:00Z,2026-10-08T02:54:00+02:00,54,placa-vella,297,213,84,28.3
2026-10-08T00:54:00Z,2026-10-08T02:54:00+02:00,55,ajuntament-mercat,237,186,51,21.5
2026-10-08T00:55:00Z,2026-10-08T02:55:00+02:00,53,dr-robert,407,346,61,15
2026-10-08T00:55:00Z,2026-10-08T02:55:00+02:00,54,placa-vella,297,213,84,28.3
2026-10-08T00:55:00Z,2026-10-08T02:55:00+02:00,55,ajuntament-mercat,237,186,51,21.5
2026-10-08T00:56:00Z,2026-10-08T02:56:00+02:00,53,dr-robert,407,346,61,15
2026-10-08T00:56:00Z,2026-10-08T02:56:00+02:00,54,placa-vella,297,213,84,28.3
2026-10-08T00:56:00Z,2026-10-08T02:56:00+02:00,55,ajuntament-mercat,237,186,51,21.5
2026-10-08T00:57:00Z,2026-10-08T02:57:00+02:00,53,dr-robert,407,346,61,15
2026-10-08T00:57:00Z,2026-10-08T02:57:00+02:00,54,placa-vella,297,213,84,28.3
2026-10-08T00:57:00Z,2026-10-08T02:57:00+02:00,55,ajuntament-mercat,237,186,51,21.5
2026-10-08T00:58:00Z,2026-10-08T02:58:00+02:00,53,dr-robert,407,346,61,15
2026-10-08T00:58:00Z,2026-10-08T02:58:00+02:00,54,placa-vella,297,213,84,28.3
2026-10-08T00:58:00Z,2026-10-08T02:58:00+02:00,55,ajuntament-mercat,237,186,51,21.5
2026-10-08T00:59:00Z,2026-10-08T02:59:00+02:00,53,dr-robert,407,346,61,15
2026-10-08T00:59:00Z,2026-10-08T02:59:00+02:00,54,placa-vella,297,213,84,28.3
2026-10-08T00:59:00Z,2026-10-08T02:59:00+02:00,55,ajuntament-mercat,237,186,51,21.5
2026-10-08T01:00:00Z,2026-10-08T03:00:00+02:00,53,dr-robert,407,346,61,15
2026-10-08T01:00:00Z,2026-10-08T03:00:00+02:00,54,placa-vella,297,213,84,28.3
2026-10-08T01:00:00Z,2026-10-08T03:00:00+02:00,55,ajuntament-mercat,237,186,51,21.5
2026-10-08T01:01:00Z,2026-10-08T03:01:00+02:00,53,dr-robert,407,346,61,15
2026-10-08T01:01:00Z,2026-10-08T03:01:00+02:00,54,placa-vella,297,213,84,28.3
2026-10-08T01:01:00Z,2026-10-08T03:01:00+02:00,55,ajuntament-mercat,237,186,51,21.5
2026-10-08T01:02:00Z,2026-10-08T03:02:00+02:00,53,dr-robert,407,346,61,15
2026-10-08T01:02:00Z,2026-10-08T03:02:00+02:00,54,placa-vella,297,213,84,28.3
2026-10-08T01:02:00Z,2026-10-08T03:02:00+02:00,55,ajuntament-mercat,237,186,51,21.5
2026-10-08T01:03:00Z,2026-10-08T03:03:00+02:00,53,dr-robert,407,346,61,15
2026-10-08T01:03:00Z,2026-10-08T03:03:00+02:00,54,placa-vella,297,213,84,28.3
2026-10-08T01:03:00Z,2026-10-08T03:03:00+02:00,55,ajuntament-mercat,237,186,51,21.5
2026-10-08T01:04:00Z,2026-10-08T03:04:00+02:00,53,dr-robert,407,346,61,15
2026-10-08T01:04:00Z,2026-10-08T03:04:00+02:00,54,placa-vella,297,213,84,28.3
2026-10-08T01:04:00Z,2026-10-08T03:04:00+02:00,55,ajuntament-mercat,237,186,51,21.5
2026-10-08T01:05:00Z,2026-10-08T03:05:00+02:00,53,dr-robert,407,346,61,15
2026-10-08T01:05:00Z,2026-10-08T03:05:00+02:00,54,placa-vella,297,213,84,28.3
2026-10-08T01:05:00Z,2026-10-08T03:05:00+02:00,55,ajuntament-mercat,237,186,51,21.5
2026-10-08T01:06:00Z,2026-10-08T03:06:00+02:00,53,dr-robert,407,346,61,15
2026-10-08T01:06:00Z,2026-10-08T03:06:00+02:00,54,placa-vella,297,213,84,28.3
2026-10-08T01:06:00Z,2026-10-08T03:06:00+02:00,55,ajuntament-mercat,237,186,51,21.5
2026-10-08T01:07:00Z,2026-10-08T03:07:00+02:00,53,dr-robert,407,346,61,15
2026-10-08T01:07:00Z,2026-10-08T03:07:00+02:00,54,placa-vella,297,213,84,28.3
2026-10-08T01:07:00Z,2026-10-08T03:07:00+02:00,55,ajuntament-mercat,237,186,51,21.5
2026-10-08T01:08:00Z,2026-10-08T03:08:00+02:00,53,dr-robert,407,346,61,15
2026-10-08T01:08:00Z,2026-10-08T03:08:00+02:00,54,placa-vella,297,213,84,28.3
2026-10-08T01:08:00Z,2026-10-08T03:08:00+02:00,55,ajuntament-mercat,237,186,51,21.5
2026-10-08T01:09:00Z,2026-10-08T03:09:00+02:00,53,dr-robert,407,346,61,15
2026-10-08T01:09:00Z,2026-10-08T03:09:00+02:00,54,placa-vella,297,213,84,28.3
2026-10-08T01:09:00Z,2026-10-08T03:09:00+02:00,55,ajuntament-mercat,237,186,51,21.5
2026-10-08T01:10:00Z,2026-10-08T03:10:00+02:00,53,dr-robert,407,346,61,15
2026-10-08T01:10:00Z,2026-10-08T03:10:00+02:00,54,placa-vella,297,213,84,28.3
2026-10-08T01:10:00Z,2026-10-08T03:10:00+02:00,55,ajuntament-mercat,237,186,51,21.5
2026-10-08T01:11:00Z,2026-10-08T03:11:00+02:00,53,dr-robert,407,346,61,15
2026-10-08T01:11:00Z,2026-10-08T03:11:00+02:00,54,placa-vella,297,213,84,28.3
2026-10-08T01:11:00Z,2026-10-08T03:11:00+02:00,55,ajuntament-mercat,237,186,51,21.5
2026-10-08T01:12:00Z,2026-10-08T03:12:00+02:00,53,dr-robert,407,346,61,15
2026-10-08T01:12:00Z,2026-10-08T03:12:00+02:00,54,placa-vella,297,213,84,28.3
2026-10-08T01:12:00Z,2026-10-08T03:12:00+02:00,55,ajuntament-mercat,237,186,51,21.5
2026-10-08T01:13:00Z,2026-10-08T03:13:00+02:00,53,dr-robert,407,346,61,15
2026-10-08T01:13:00Z,2026-10-08T03:13:00+02:00,54,placa-vella,297,213,84,28.3
2026-10-08T01:13:00Z,2026-10-08T03:13:00+02:00,55,ajuntament-mercat,237,186,51,21.5
2026-10-08T01:14:00Z,2026-10-08T03:14:00+02:00,53,dr-robert,407,346,61,15
2026-10-08T01:14:00Z,2026-10-08T03:14:00+02:00,54,placa-vella,297,213,84,28.3
2026-10-08T01:14:00Z,2026-10-08T03:14:00+02:00,55,ajuntament-mercat,237,186,51,21.5
2026-10-08T01:15:00Z,2026-10-08T03:15:00+02:00,53,dr-robert,407,346,61,15
2026-10-08T01:15:00Z,2026-10-08T03:15:00+02:00,54,placa-vella,297,213,84,28.3
2026-10-08T01:15:00Z,2026-10-08T03:15:00+02:00,55,ajuntament-mercat,237,186,51,21.5
2026-10-08T01:16:00Z,2026-10-08T03:16:00+02:00,53,dr-robert,407,346,61,15
2026-10-08T01:16:00Z,2026-10-08T03:16:00+02:00,54,placa-vella,297,213,84,28.3
2026-10-08T01:16:00Z,2026-10-08T03:16:00+02:00,55,ajuntament-mercat,237,186,51,21.5
2026-10-08T01:17:00Z,2026-10-08T03:17:00+02:00,53,dr-robert,407,346,61,15
2026-10-08T01:17:00Z,2026-10-08T03:17:00+02:00,54,placa-vella,297,213,84,28.3
2026-10-08T01:17:00Z,2026-10-08T03:17:00+02:00,55,ajuntament-mercat,237,186,51,21.5
2026-10-08T01:18:00Z,2026-10-08T03:18:00+02:00,53,dr-robert,407,346,61,15
2026-10-08T01:18:00Z,2026-10-08T03:18:00+02:00,54,placa-vella,297,213,84,28.3
2026-10-08T01:18:00Z,2026-10-08T03:18:00+02:00,55,ajuntament-mercat,237,186,51,21.5
2026-10-08T01:19:00Z,2026-10-08T03:19:00+02:00,53,dr-robert,407,347,60,14.7
2026-10-08T01:19:00Z,2026-10-08T03:19:00+02:00,54,placa-vella,297,213,84,28.3
2026-10-08T01:19:00Z,2026-10-08T03:19:00+02:00,55,ajuntament-mercat,237,186,51,21.5
2026-10-08T01:20:00Z,2026-10-08T03:20:00+02:00,53,dr-robert,407,347,60,14.7
2026-10-08T01:20:00Z,2026-10-08T03:20:00+02:00,54,placa-vella,297,212,85,28.6
2026-10-08T01:20:00Z,2026-10-08T03:20:00+02:00,55,ajuntament-mercat,237,186,51,21.5
2026-10-08T01:21:00Z,2026-10-08T03:21:00+02:00,53,dr-robert,407,347,60,14.7
2026-10-08T01:21:00Z,2026-10-08T03:21:00+02:00,54,placa-vella,297,212,85,28.6
2026-10-08T01:21:00Z,2026-10-08T03:21:00+02:00,55,ajuntament-mercat,237,186,51,21.5
2026-10-08T01:22:00Z,2026-10-08T03:22:00+02:00,53,dr-robert,407,347,60,14.7
2026-10-08T01:22:00Z,2026-10-08T03:22:00+02:00,54,placa-vella,297,212,85,28.6
2026-10-08T01:22:00Z,2026-10-08T03:22:00+02:00,55,ajuntament-mercat,237,186,51,21.5
2026-10-08T01:23:00Z,2026-10-08T03:23:00+02:00,53,dr-robert,407,347,60,14.7
2026-10-08T01:23:00Z,2026-10-08T03:23:00+02:00,54,placa-vella,297,212,85,28.6
2026-10-08T01:23:00Z,2026-10-08T03:23:00+02:00,55,ajuntament-mercat,237,186,51,21.5
2026-10-08T01:24:00Z,2026-10-08T03:24:00+02:00,53,dr-robert,407,347,60,14.7
2026-10-08T01:24:00Z,2026-10-08T03:24:00+02:00,54,placa-vella,297,212,85,28.6
2026-10-08T01:24:00Z,2026-10-08T03:24:00+02:00,55,ajuntament-mercat,237,186,51,21.5
2026-10-08T01:25:00Z,2026-10-08T03:25:00+02:00,53,dr-robert,407,346,61,15
2026-10-08T01:25:00Z,2026-10-08T03:25:00+02:00,54,placa-vella,297,212,85,28.6
2026-10-08T01:25:00Z,2026-10-08T03:25:00+02:00,55,ajuntament-mercat,237,186,51,21.5
2026-10-08T01:26:00Z,2026-10-08T03:26:00+02:00,53,dr-robert,407,346,61,15
2026-10-08T01:26:00Z,2026-10-08T03:26:00+02:00,54,placa-vella,297,212,85,28.6
2026-10-08T01:26:00Z,2026-10-08T03:26:00+02:00,55,ajuntament-mercat,237,186,51,21.5
2026-10-08T01:27:00Z,2026-10-08T03:27:00+02:00,53,dr-robert,407,346,61,15
2026-10-08T01:27:00Z,2026-10-08T03:27:00+02:00,54,placa-vella,297,212,85,28.6
2026-10-08T01:27:00Z,2026-10-08T03:27:00+02:00,55,ajuntament-mercat,237,186,51,21.5
2026-10-08T01:28:00Z,2026-10-08T03:28:00+02:00,53,dr-robert,407,346,61,15
2026-10-08T01:28:00Z,2026-10-08T03:28:00+02:00,54,placa-vella,297,212,85,28.6
2026-10-08T01:28:00Z,2026-10-08T03:28:00+02:00,55,ajuntament-mercat,237,186,51,21.5
2026-10-08T01:29:00Z,2026-10-08T03:29:00+02:00,53,dr-robert,407,346,61,15
2026-10-08T01:29:00Z,2026-10-08T03:29:00+02:00,54,placa-vella,297,212,85,28.6
2026-10-08T01:29:00Z,2026-10-08T03:29:00+02:00,55,ajuntament-mercat,237,186,51,21.5
2026-10-08T01:30:00Z,2026-10-08T03:30:00+02:00,53,dr-robert,407,346,61,15
2026-10-08T01:30:00Z,2026-10-08T03:30:00+02:00,54,placa-vella,297,212,85,28.6
2026-10-08T01:30:00Z,2026-10-08T03:30:00+02:00,55,ajuntament-mercat,237,186,51,21.5
2026-10-08T01:31:00Z,2026-10-08T03:31:00+02:00,53,dr-robert,407,346,61,15
2026-10-08T01:31:00Z,2026-10-08T03:31:00+02:00,54,placa-vella,297,212,85,28.6
2026-10-08T01:31:00Z,2026-10-08T03:31:00+02:00,55,ajuntament-mercat,237,186,51,21.5
2026-10-08T01:32:00Z,2026-10-08T03:32:00+02:00,53,dr-robert,407,346,61,15
2026-10-08T01:32:00Z,2026-10-08T03:32:00+02:00,54,placa-vella,297,212,85,28.6
2026-10-08T01:32:00Z,2026-10-08T03:32:00+02:00,55,ajuntament-mercat,237,186,51,21.5
2026-10-08T01:33:00Z,2026-10-08T03:33:00+02:00,53,dr-robert,407,346,61,15
2026-10-08T01:33:00Z,2026-10-08T03:33:00+02:00,54,placa-vella,297,212,85,28.6
2026-10-08T01:33:00Z,2026-10-08T03:33:00+02:00,55,ajuntament-mercat,237,186,51,21.5
2026-10-08T01:34:00Z,2026-10-08T03:34:00+02:00,53,dr-robert,407,346,61,15
2026-10-08T01:34:00Z,2026-10-08T03:34:00+02:00,54,placa-vella,297,212,85,28.6
2026-10-08T01:34:00Z,2026-10-08T03:34:00+02:00,55,ajuntament-mercat,237,186,51,21.5
2026-10-08T01:35:00Z,2026-10-08T03:35:00+02:00,53,dr-robert,407,346,61,15
2026-10-08T01:35:00Z,2026-10-08T03:35:00+02:00,54,placa-vella,297,212,85,28.6
2026-10-08T01:35:00Z,2026-10-08T03:35:00+02:00,55,ajuntament-mercat,237,186,51,21.5
2026-10-08T01:36:00Z,2026-10-08T03:36:00+02:00,53,dr-robert,407,346,61,15
2026-10-08T01:36:00Z,2026-10-08T03:36:00+02:00,54,placa-vella,297,212,85,28.6
2026-10-08T01:36:00Z,2026-10-08T03:36:00+02:00,55,ajuntament-mercat,237,186,51,21.5
2026-10-08T01:37:00Z,2026-10-08T03:37:00+02:00,53,dr-robert,407,346,61,15
2026-10-08T01:37:00Z,2026-10-08T03:37:00+02:00,54,placa-vella,297,212,85,28.6
2026-10-08T01:37:00Z,2026-10-08T03:37:00+02:00,55,ajuntament-mercat,237,186,51,21.5
2026-10-08T01:38:00Z,2026-10-08T03:38:00+02:00,53,dr-robert,407,346,61,15
2026-10-08T01:38:00Z,2026-10-08T03:38:00+02:00,54,placa-vella,297,212,85,28.6
2026-10-08T01:38:00Z,2026-10-08T03:38:00+02:00,55,ajuntament-mercat,237,186,51,21.5
2026-10-08T01:39:00Z,2026-10-08T03:39:00+02:00,53,dr-robert,407,346,61,15
2026-10-08T01:39:00Z,2026-10-08T03:39:00+02:00,54,placa-vella,297,212,85,28.6
2026-10-08T01:39:00Z,2026-10-08T03:39:00+02:00,55,ajuntament-mercat,237,186,51,21.5
2026-10-08T01:40:00Z,2026-10-08T03:40:00+02:00,53,dr-robert,407,346,61,15
2026-10-08T01:40:00Z,2026-10-08T03:40:00+02:00,54,placa-vella,297,212,85,28.6
2026-10-08T01:40:00Z,2026-10-08T03:40:00+02:00,55,ajuntament-mercat,237,186,51,21.5
2026-10-08T01:41:00Z,2026-10-08T03:41:00+02:00,53,dr-robert,407,346,61,15
2026-10-08T01:41:00Z,2026-10-08T03:41:00+02:00,54,placa-vella,297,212,85,28.6
2026-10-08T01:41:00Z,2026-10-08T03:41:00+02:00,55,ajuntament-mercat,237,186,51,21.5
2026-10-08T01:42:00Z,2026-10-08T03:42:00+02:00,53,dr-robert,407,346,61,15
2026-10-08T01:42:00Z,2026-10-08T03:42:00+02:00,54,placa-vella,297,212,85,28.6
2026-10-08T01:42:00Z,2026-10-08T03:42:00+02:00,55,ajuntament-mercat,237,186,51,21.5
2026-10-08T01:43:00Z,2026-10-08T03:43:00+02:00,53,dr-robert,407,346,61,15
2026-10-08T01:43:00Z,2026-10-08T03:43:00+02:00,54,placa-vella,297,212,85,28.6
2026-10-08T01:43:00Z,2026-10-08T03:43:00+02:00,55,ajuntament-mercat,237,186,51,21.5
2026-10-08T01:44:00Z,2026-10-08T03:44:00+02:00,53,dr-robert,407,346,61,15
2026-10-08T01:44:00Z,2026-10-08T03:44:00+02:00,54,placa-vella,297,212,85,28.6
2026-10-08T01:44:00Z,2026-10-08T03:44:00+02:00,55,ajuntament-mercat,237,186,51,21.5
2026-10-08T01:45:00Z,2026-10-08T03:45:00+02:00,53,dr-robert,407,346,61,15
2026-10-08T01:45:00Z,2026-10-08T03:45:00+02:00,54,placa-vella,297,212,85,28.6
2026-10-08T01:45:00Z,2026-10-08T03:45:00+02:00,55,ajuntament-mercat,237,186,51,21.5
2026-10-08T01:46:00Z,2026-10-08T03:46:00+02:00,53,dr-robert,407,346,61,15
2026-10-08T01:46:00Z,2026-10-08T03:46:00+02:00,54,placa-vella,297,212,85,28.6
2026-10-08T01:46:00Z,2026-10-08T03:46:00+02:00,55,ajuntament-mercat,237,186,51,21.5
2026-10-08T01:47:00Z,2026-10-08T03:47:00+02:00,53,dr-robert,407,346,61,15
2026-10-08T01:47:00Z,2026-10-08T03:47:00+02:00,54,placa-vella,297,212,85,28.6
2026-10-08T01:47:00Z,2026-10-08T03:47:00+02:00,55,ajuntament-mercat,237,186,51,21.5
2026-10-08T01:48:00Z,2026-10-08T03:48:00+02:00,53,dr-robert,407,346,61,15
2026-10-08T01:48:00Z,2026-10-08T03:48:00+02:00,54,placa-vella,297,212,85,28.6
2026-10-08T01:48:00Z,2026-10-08T03:48:00+02:00,55,ajuntament-mercat,237,186,51,21.5
2026-10-08T01:49:00Z,2026-10-08T03:49:00+02:00,53,dr-robert,407,346,61,15
2026-10-08T01:49:00Z,2026-10-08T03:49:00+02:00,54,placa-vella,297,212,85,28.6
2026-10-08T01:49:00Z,2026-10-08T03:49:00+02:00,55,ajuntament-mercat,237,186,51,21.5
2026-10-08T01:50:00Z,2026-10-08T03:50:00+02:00,53,dr-robert,407,346,61,15
2026-10-08T01:50:00Z,2026-10-08T03:50:00+02:00,54,placa-vella,297,212,85,28.6
2026-10-08T01:50:00Z,2026-10-08T03:50:00+02:00,55,ajuntament-mercat,237,186,51,21.5
2026-10-08T01:51:00Z,2026-10-08T03:51:00+02:00,53,dr-robert,407,346,61,15
2026-10-08T01:51:00Z,2026-10-08T03:51:00+02:00,54,placa-vella,297,212,85,28.6
2026-10-08T01:51:00Z,2026-10-08T03:51:00+02:00,55,ajuntament-mercat,237,186,51,21.5
2026-10-08T01:52:00Z,2026-10-08T03:52:00+02:00,53,dr-robert,407,346,61,15
2026-10-08T01:52:00Z,2026-10-08T03:52:00+02:00,54,placa-vella,297,212,85,28.6
2026-10-08T01:52:00Z,2026-10-08T03:52:00+02:00,55,ajuntament-mercat,237,186,51,21.5
2026-10-08T01:53:00Z,2026-10-08T03:53:00+02:00,53,dr-robert,407,346,61,15
2026-10-08T01:53:00Z,2026-10-08T03:53:00+02:00,54,placa-vella,297,212,85,28.6
2026-10-08T01:53:00Z,2026-10-08T03:53:00+02:00,55,ajuntament-mercat,237,186,51,21.5
2026-10-08T01:54:00Z,2026-10-08T03:54:00+02:00,53,dr-robert,407,346,61,15
2026-10-08T01:54:00Z,2026-10-08T03:54:00+02:00,54,placa-vella,297,212,85,28.6
2026-10-08T01:54:00Z,2026-10-08T03:54:00+02:00,55,ajuntament-mercat,237,186,51,21.5
2026-10-08T01:55:00Z,2026-10-08T03:55:00+02:00,53,dr-robert,407,346,61,15
2026-10-08T01:55:00Z,2026-10-08T03:55:00+02:00,54,placa-vella,297,212,85,28.6
2026-10-08T01:55:00Z,2026-10-08T03:55:00+02:00,55,ajuntament-mercat,237,186,51,21.5
2026-10-08T01:56:00Z,2026-10-08T03:56:00+02:00,53,dr-robert,407,346,61,15
2026-10-08T01:56:00Z,2026-10-08T03:56:00+02:00,54,placa-vella,297,212,85,28.6
2026-10-08T01:56:00Z,2026-10-08T03:56:00+02:00,55,ajuntament-mercat,237,186,51,21.5
2026-10-08T01:57:00Z,2026-10-08T03:57:00+02:00,53,dr-robert,407,346,61,15
2026-10-08T01:57:00Z,2026-10-08T03:57:00+02:00,54,placa-vella,297,212,85,28.6
2026-10-08T01:57:00Z,2026-10-08T03:57:00+02:00,55,ajuntament-mercat,237,186,51,21.5
2026-10-08T01:58:00Z,2026-10-08T03:58:00+02:00,53,dr-robert,407,346,61,15
2026-10-08T01:58:00Z,2026-10-08T03:58:00+02:00,54,placa-vella,297,212,85,28.6
2026-10-08T01:58:00Z,2026-10-08T03:58:00+02:00,55,ajuntament-mercat,237,186,51,21.5
2026-10-08T01:59:00Z,2026-10-08T03:59:00+02:00,53,dr-robert,407,346,61,15
2026-10-08T01:59:00Z,2026-10-08T03:59:00+02:00,54,placa-vella,297,212,85,28.6
2026-10-08T01:59:00Z,2026-10-08T03:59:00+02:00,55,ajuntament-mercat,237,186,51,21.5
2026-10-08T02:00:00Z,2026-10-08T04:00:00+02:00,53,dr-robert,407,346,61,15
2026-10-08T02:00:00Z,2026-10-08T04:00:00+02:00,54,placa-vella,297,212,85,28.6
2026-10-08T02:00:00Z,2026-10-08T04:00:00+02:00,55,ajuntament-mercat,237,186,51,21.5
2026-10-08T02:01:00Z,2026-10-08T04:01:00+02:00,53,dr-robert,407,346,61,15
2026-10-08T02:01:00Z,2026-10-08T04:01:00+02:00,54,placa-vella,297,212,85,28.6
2026-10-08T02:01:00Z,2026-10-08T04:01:00+02:00,55,ajuntament-mercat,237,186,51,21.5
2026-10-08T02:02:00Z,2026-10-08T04:02:00+02:00,53,dr-robert,407,346,61,15
2026-10-08T02:02:00Z,2026-10-08T04:02:00+02:00,54,placa-vella,297,212,85,28.6
2026-10-08T02:02:00Z,2026-10-08T04:02:00+02:00,55,ajuntament-mercat,237,186,51,21.5
2026-10-08T02:03:00Z,2026-10-08T04:03:00+02:00,53,dr-robert,407,346,61,15
2026-10-08T02:03:00Z,2026-10-08T04:03:00+02:00,54,placa-vella,297,212,85,28.6
2026-10-08T02:03:00Z,2026-10-08T04:03:00+02:00,55,ajuntament-mercat,237,186,51,21.5
2026-10-08T02:04:00Z,2026-10-08T04:04:00+02:00,53,dr-robert,407,346,61,15
2026-10-08T02:04:00Z,2026-10-08T04:04:00+02:00,54,placa-vella,297,212,85,28.6
2026-10-08T02:04:00Z,2026-10-08T04:04:00+02:00,55,ajuntament-mercat,237,186,51,21.5
2026-10-08T02:05:00Z,2026-10-08T04:05:00+02:00,53,dr-robert,407,346,61,15
2026-10-08T02:05:00Z,2026-10-08T04:05:00+02:00,54,placa-vella,297,212,85,28.6
2026-10-08T02:05:00Z,2026-10-08T04:05:00+02:00,55,ajuntament-mercat,237,186,51,21.5
2026-10-08T02:06:00Z,2026-10-08T04:06:00+02:00,53,dr-robert,407,346,61,15
2026-10-08T02:06:00Z,2026-10-08T04:06:00+02:00,54,placa-vella,297,212,85,28.6
2026-10-08T02:06:00Z,2026-10-08T04:06:00+02:00,55,ajuntament-mercat,237,186,51,21.5
2026-10-08T02:07:00Z,2026-10-08T04:07:00+02:00,53,dr-robert,407,346,61,15
2026-10-08T02:07:00Z,2026-10-08T04:07:00+02:00,54,placa-vella,297,212,85,28.6
2026-10-08T02:07:00Z,2026-10-08T04:07:00+02:00,55,ajuntament-mercat,237,186,51,21.5
2026-10-08T02:08:00Z,2026-10-08T04:08:00+02:00,53,dr-robert,407,346,61,15
2026-10-08T02:08:00Z,2026-10-08T04:08:00+02:00,54,placa-vella,297,212,85,28.6
2026-10-08T02:08:00Z,2026-10-08T04:08:00+02:00,55,ajuntament-mercat,237,186,51,21.5
2026-10-08T02:09:00Z,2026-10-08T04:09:00+02:00,53,dr-robert,407,346,61,15
2026-10-08T02:09:00Z,2026-10-08T04:09:00+02:00,54,placa-vella,297,212,85,28.6
2026-10-08T02:09:00Z,2026-10-08T04:09:00+02:00,55,ajuntament-mercat,237,186,51,21.5
2026-10-08T02:10:00Z,2026-10-08T04:10:00+02:00,53,dr-robert,407,347,60,14.7
2026-10-08T02:10:00Z,2026-10-08T04:10:00+02:00,54,placa-vella,297,212,85,28.6
2026-10-08T02:10:00Z,2026-10-08T04:10:00+02:00,55,ajuntament-mercat,237,186,51,21.5
2026-10-08T02:11:00Z,2026-10-08T04:11:00+02:00,53,dr-robert,407,347,60,14.7
2026-10-08T02:11:00Z,2026-10-08T04:11:00+02:00,54,placa-vella,297,212,85,28.6
2026-10-08T02:11:00Z,2026-10-08T04:11:00+02:00,55,ajuntament-mercat,237,186,51,21.5
2026-10-08T02:12:00Z,2026-10-08T04:12:00+02:00,53,dr-robert,407,347,60,14.7
2026-10-08T02:12:00Z,2026-10-08T04:12:00+02:00,54,placa-vella,297,212,85,28.6
2026-10-08T02:12:00Z,2026-10-08T04:12:00+02:00,55,ajuntament-mercat,237,186,51,21.5
2026-10-08T02:13:00Z,2026-10-08T04:13:00+02:00,53,dr-robert,407,347,60,14.7
2026-10-08T02:13:00Z,2026-10-08T04:13:00+02:00,54,placa-vella,297,212,85,28.6
2026-10-08T02:13:00Z,2026-10-08T04:13:00+02:00,55,ajuntament-mercat,237,186,51,21.5
2026-10-08T02:14:00Z,2026-10-08T04:14:00+02:00,53,dr-robert,407,347,60,14.7
2026-10-08T02:14:00Z,2026-10-08T04:14:00+02:00,54,placa-vella,297,212,85,28.6
2026-10-08T02:14:00Z,2026-10-08T04:14:00+02:00,55,ajuntament-mercat,237,186,51,21.5
2026-10-08T02:15:00Z,2026-10-08T04:15:00+02:00,53,dr-robert,407,347,60,14.7
2026-10-08T02:15:00Z,2026-10-08T04:15:00+02:00,54,placa-vella,297,212,85,28.6
2026-10-08T02:15:00Z,2026-10-08T04:15:00+02:00,55,ajuntament-mercat,237,186,51,21.5
2026-10-08T02:16:00Z,2026-10-08T04:16:00+02:00,53,dr-robert,407,347,60,14.7
2026-10-08T02:16:00Z,2026-10-08T04:16:00+02:00,54,placa-vella,297,212,85,28.6
2026-10-08T02:16:00Z,2026-10-08T04:16:00+02:00,55,ajuntament-mercat,237,186,51,21.5
2026-10-08T02:17:00Z,2026-10-08T04:17:00+02:00,53,dr-robert,407,347,60,14.7
2026-10-08T02:17:00Z,2026-10-08T04:17:00+02:00,54,placa-vella,297,212,85,28.6
2026-10-08T02:17:00Z,2026-10-08T04:17:00+02:00,55,ajuntament-mercat,237,186,51,21.5
2026-10-08T02:18:00Z,2026-10-08T04:18:00+02:00,53,dr-robert,407,347,60,14.7
2026-10-08T02:18:00Z,2026-10-08T04:18:00+02:00,54,placa-vella,297,212,85,28.6
2026-10-08T02:18:00Z,2026-10-08T04:18:00+02:00,55,ajuntament-mercat,237,186,51,21.5
2026-10-08T02:19:00Z,2026-10-08T04:19:00+02:00,53,dr-robert,407,347,60,14.7
2026-10-08T02:19:00Z,2026-10-08T04:19:00+02:00,54,placa-vella,297,212,85,28.6
2026-10-08T02:19:00Z,2026-10-08T04:19:00+02:00,55,ajuntament-mercat,237,186,51,21.5
2026-10-08T02:20:00Z,2026-10-08T04:20:00+02:00,53,dr-robert,407,347,60,14.7
2026-10-08T02:20:00Z,2026-10-08T04:20:00+02:00,54,placa-vella,297,212,85,28.6
2026-10-08T02:20:00Z,2026-10-08T04:20:00+02:00,55,ajuntament-mercat,237,186,51,21.5
2026-10-08T02:21:00Z,2026-10-08T04:21:00+02:00,53,dr-robert,407,347,60,14.7
2026-10-08T02:21:00Z,2026-10-08T04:21:00+02:00,54,placa-vella,297,212,85,28.6
2026-10-08T02:21:00Z,2026-10-08T04:21:00+02:00,55,ajuntament-mercat,237,186,51,21.5
2026-10-08T02:22:00Z,2026-10-08T04:22:00+02:00,53,dr-robert,407,347,60,14.7
2026-10-08T02:22:00Z,2026-10-08T04:22:00+02:00,54,placa-vella,297,212,85,28.6
2026-10-08T02:22:00Z,2026-10-08T04:22:00+02:00,55,ajuntament-mercat,237,186,51,21.5
2026-10-08T02:23:00Z,2026-10-08T04:23:00+02:00,53,dr-robert,407,347,60,14.7
2026-10-08T02:23:00Z,2026-10-08T04:23:00+02:00,54,placa-vella,297,212,85,28.6
2026-10-08T02:23:00Z,2026-10-08T04:23:00+02:00,55,ajuntament-mercat,237,186,51,21.5
2026-10-08T02:24:00Z,2026-10-08T04:24:00+02:00,53,dr-robert,407,347,60,14.7
2026-10-08T02:24:00Z,2026-10-08T04:24:00+02:00,54,placa-vella,297,212,85,28.6
2026-10-08T02:24:00Z,2026-10-08T04:24:00+02:00,55,ajuntament-mercat,237,186,51,21.5
2026-10-08T02:25:00Z,2026-10-08T04:25:00+02:00,53,dr-robert,407,347,60,14.7
2026-10-08T02:25:00Z,2026-10-08T04:25:00+02:00,54,placa-vella,297,212,85,28.6
2026-10-08T02:25:00Z,2026-10-08T04:25:00+02:00,55,ajuntament-mercat,237,186,51,21.5
2026-10-08T02:26:00Z,2026-10-08T04:26:00+02:00,53,dr-robert,407,347,60,14.7
2026-10-08T02:26:00Z,2026-10-08T04:26:00+02:00,54,placa-vella,297,212,85,28.6
2026-10-08T02:26:00Z,2026-10-08T04:26:00+02:00,55,ajuntament-mercat,237,186,51,21.5
2026-10-08T02:27:00Z,2026-10-08T04:27:00+02:00,53,dr-robert,407,347,60,14.7
2026-10-08T02:27:00Z,2026-10-08T04:27:00+02:00,54,placa-vella,297,212,85,28.6
2026-10-08T02:27:00Z,2026-10-08T04:27:00+02:00,55,ajuntament-mercat,237,186,51,21.5
2026-10-08T02:28:00Z,2026-10-08T04:28:00+02:00,53,dr-robert,407,347,60,14.7
2026-10-08T02:28:00Z,2026-10-08T04:28:00+02:00,54,placa-vella,297,212,85,28.6
2026-10-08T02:28:00Z,2026-10-08T04:28:00+02:00,55,ajuntament-mercat,237,186,51,21.5
2026-10-08T02:29:00Z,2026-10-08T04:29:00+02:00,53,dr-robert,407,347,60,14.7
2026-10-08T02:29:00Z,2026-10-08T04:29:00+02:00,54,placa-vella,297,212,85,28.6
2026-10-08T02:29:00Z,2026-10-08T04:29:00+02:00,55,ajuntament-mercat,237,186,51,21.5
2026-10-08T02:30:00Z,2026-10-08T04:30:00+02:00,53,dr-robert,407,347,60,14.7
2026-10-08T02:30:00Z,2026-10-08T04:30:00+02:00,54,placa-vella,297,212,85,28.6
2026-10-08T02:30:00Z,2026-10-08T04:30:00+02:00,55,ajuntament-mercat,237,186,51,21.5
2026-10-08T02:31:00Z,2026-10-08T04:31:00+02:00,53,dr-robert,407,347,60,14.7
2026-10-08T02:31:00Z,2026-10-08T04:31:00+02:00,54,placa-vella,297,212,85,28.6
2026-10-08T02:31:00Z,2026-10-08T04:31:00+02:00,55,ajuntament-mercat,237,186,51,21.5
2026-10-08T02:32:00Z,2026-10-08T04:32:00+02:00,53,dr-robert,407,347,60,14.7
2026-10-08T02:32:00Z,2026-10-08T04:32:00+02:00,54,placa-vella,297,212,85,28.6
2026-10-08T02:32:00Z,2026-10-08T04:32:00+02:00,55,ajuntament-mercat,237,186,51,21.5
2026-10-08T02:33:00Z,2026-10-08T04:33:00+02:00,53,dr-robert,407,347,60,14.7
2026-10-08T02:33:00Z,2026-10-08T04:33:00+02:00,54,placa-vella,297,212,85,28.6
2026-10-08T02:33:00Z,2026-10-08T04:33:00+02:00,55,ajuntament-mercat,237,186,51,21.5
2026-10-08T02:34:00Z,2026-10-08T04:34:00+02:00,53,dr-robert,407,347,60,14.7
2026-10-08T02:34:00Z,2026-10-08T04:34:00+02:00,54,placa-vella,297,212,85,28.6
2026-10-08T02:34:00Z,2026-10-08T04:34:00+02:00,55,ajuntament-mercat,237,186,51,21.5
2026-10-08T02:35:00Z,2026-10-08T04:35:00+02:00,53,dr-robert,407,347,60,14.7
2026-10-08T02:35:00Z,2026-10-08T04:35:00+02:00,54,placa-vella,297,212,85,28.6
2026-10-08T02:35:00Z,2026-10-08T04:35:00+02:00,55,ajuntament-mercat,237,186,51,21.5
2026-10-08T02:36:00Z,2026-10-08T04:36:00+02:00,53,dr-robert,407,347,60,14.7
2026-10-08T02:36:00Z,2026-10-08T04:36:00+02:00,54,placa-vella,297,212,85,28.6
2026-10-08T02:36:00Z,2026-10-08T04:36:00+02:00,55,ajuntament-mercat,237,186,51,21.5
2026-10-08T02:37:00Z,2026-10-08T04:37:00+02:00,53,dr-robert,407,347,60,14.7
2026-10-08T02:37:00Z,2026-10-08T04:37:00+02:00,54,placa-vella,297,212,85,28.6
2026-10-08T02:37:00Z,2026-10-08T04:37:00+02:00,55,ajuntament-mercat,237,186,51,21.5
2026-10-08T02:38:00Z,2026-10-08T04:38:00+02:00,53,dr-robert,407,347,60,14.7
2026-10-08T02:38:00Z,2026-10-08T04:38:00+02:00,54,placa-vella,297,212,85,28.6
2026-10-08T02:38:00Z,2026-10-08T04:38:00+02:00,55,ajuntament-mercat,237,186,51,21.5
2026-10-08T02:39:00Z,2026-10-08T04:39:00+02:00,53,dr-robert,407,347,60,14.7
2026-10-08T02:39:00Z,2026-10-08T04:39:00+02:00,54,placa-vella,297,212,85,28.6
2026-10-08T02:39:00Z,2026-10-08T04:39:00+02:00,55,ajuntament-mercat,237,186,51,21.5
2026-10-08T02:40:00Z,2026-10-08T04:40:00+02:00,53,dr-robert,407,347,60,14.7
2026-10-08T02:40:00Z,2026-10-08T04:40:00+02:00,54,placa-vella,297,212,85,28.6
2026-10-08T02:40:00Z,2026-10-08T04:40:00+02:00,55,ajuntament-mercat,237,186,51,21.5
2026-10-08T02:41:00Z,2026-10-08T04:41:00+02:00,53,dr-robert,407,347,60,14.7
2026-10-08T02:41:00Z,2026-10-08T04:41:00+02:00,54,placa-vella,297,212,85,28.6
2026-10-08T02:41:00Z,2026-10-08T04:41:00+02:00,55,ajuntament-mercat,237,186,51,21.5
2026-10-08T02:42:00Z,2026-10-08T04:42:00+02:00,53,dr-robert,407,347,60,14.7
2026-10-08T02:42:00Z,2026-10-08T04:42:00+02:00,54,placa-vella,297,212,85,28.6
2026-10-08T02:42:00Z,2026-10-08T04:42:00+02:00,55,ajuntament-mercat,237,186,51,21.5
2026-10-08T02:43:00Z,2026-10-08T04:43:00+02:00,53,dr-robert,407,347,60,14.7
2026-10-08T02:43:00Z,2026-10-08T04:43:00+02:00,54,placa-vella,297,212,85,28.6
2026-10-08T02:43:00Z,2026-10-08T04:43:00+02:00,55,ajuntament-mercat,237,186,51,21.5
2026-10-08T02:44:00Z,2026-10-08T04:44:00+02:00,53,dr-robert,407,347,60,14.7
2026-10-08T02:44:00Z,2026-10-08T04:44:00+02:00,54,placa-vella,297,212,85,28.6
2026-10-08T02:44:00Z,2026-10-08T04:44:00+02:00,55,ajuntament-mercat,237,186,51,21.5
2026-10-08T02:45:00Z,2026-10-08T04:45:00+02:00,53,dr-robert,407,347,60,14.7
2026-10-08T02:45:00Z,2026-10-08T04:45:00+02:00,54,placa-vella,297,212,85,28.6
2026-10-08T02:45:00Z,2026-10-08T04:45:00+02:00,55,ajuntament-mercat,237,186,51,21.5
2026-10-08T02:46:00Z,2026-10-08T04:46:00+02:00,53,dr-robert,407,347,60,14.7
2026-10-08T02:46:00Z,2026-10-08T04:46:00+02:00,54,placa-vella,297,212,85,28.6
2026-10-08T02:46:00Z,2026-10-08T04:46:00+02:00,55,ajuntament-mercat,237,186,51,21.5
2026-10-08T02:47:00Z,2026-10-08T04:47:00+02:00,53,dr-robert,407,347,60,14.7
2026-10-08T02:47:00Z,2026-10-08T04:47:00+02:00,54,placa-vella,297,212,85,28.6
2026-10-08T02:47:00Z,2026-10-08T04:47:00+02:00,55,ajuntament-mercat,237,186,51,21.5
2026-10-08T02:48:00Z,2026-10-08T04:48:00+02:00,53,dr-robert,407,347,60,14.7
2026-10-08T02:48:00Z,2026-10-08T04:48:00+02:00,54,placa-vella,297,212,85,28.6
2026-10-08T02:48:00Z,2026-10-08T04:48:00+02:00,55,ajuntament-mercat,237,186,51,21.5
2026-10-08T02:49:00Z,2026-10-08T04:49:00+02:00,53,dr-robert,407,347,60,14.7
2026-10-08T02:49:00Z,2026-10-08T04:49:00+02:00,54,placa-vella,297,212,85,28.6
2026-10-08T02:49:00Z,2026-10-08T04:49:00+02:00,55,ajuntament-mercat,237,186,51,21.5
2026-10-08T02:50:00Z,2026-10-08T04:50:00+02:00,53,dr-robert,407,347,60,14.7
2026-10-08T02:50:00Z,2026-10-08T04:50:00+02:00,54,placa-vella,297,212,85,28.6
2026-10-08T02:50:00Z,2026-10-08T04:50:00+02:00,55,ajuntament-mercat,237,186,51,21.5
2026-10-08T02:51:00Z,2026-10-08T04:51:00+02:00,53,dr-robert,407,347,60,14.7
2026-10-08T02:51:00Z,2026-10-08T04:51:00+02:00,54,placa-vella,297,212,85,28.6
2026-10-08T02:51:00Z,2026-10-08T04:51:00+02:00,55,ajuntament-mercat,237,186,51,21.5
2026-10-08T02:52:00Z,2026-10-08T04:52:00+02:00,53,dr-robert,407,347,60,14.7
2026-10-08T02:52:00Z,2026-10-08T04:52:00+02:00,54,placa-vella,297,212,85,28.6
2026-10-08T02:52:00Z,2026-10-08T04:52:00+02:00,55,ajuntament-mercat,237,186,51,21.5
2026-10-08T02:53:00Z,2026-10-08T04:53:00+02:00,53,dr-robert,407,347,60,14.7
2026-10-08T02:53:00Z,2026-10-08T04:53:00+02:00,54,placa-vella,297,212,85,28.6
2026-10-08T02:53:00Z,2026-10-08T04:53:00+02:00,55,ajuntament-mercat,237,186,51,21.5
2026-10-08T02:54:00Z,2026-10-08T04:54:00+02:00,53,dr-robert,407,347,60,14.7
2026-10-08T02:54:00Z,2026-10-08T04:54:00+02:00,54,placa-vella,297,212,85,28.6
2026-10-08T02:54:00Z,2026-10-08T04:54:00+02:00,55,ajuntament-mercat,237,186,51,21.5
2026-10-08T02:55:00Z,2026-10-08T04:55:00+02:00,53,dr-robert,407,347,60,14.7
2026-10-08T02:55:00Z,2026-10-08T04:55:00+02:00,54,placa-vella,297,212,85,28.6
2026-10-08T02:55:00Z,2026-10-08T04:55:00+02:00,55,ajuntament-mercat,237,186,51,21.5
2026-10-08T02:56:00Z,2026-10-08T04:56:00+02:00,53,dr-robert,407,347,60,14.7
2026-10-08T02:56:00Z,2026-10-08T04:56:00+02:00,54,placa-vella,297,212,85,28.6
2026-10-08T02:56:00Z,2026-10-08T04:56:00+02:00,55,ajuntament-mercat,237,186,51,21.5
2026-10-08T02:57:00Z,2026-10-08T04:57:00+02:00,53,dr-robert,407,347,60,14.7
2026-10-08T02:57:00Z,2026-10-08T04:57:00+02:00,54,placa-vella,297,212,85,28.6
2026-10-08T02:57:00Z,2026-10-08T04:57:00+02:00,55,ajuntament-mercat,237,186,51,21.5
2026-10-08T02:58:00Z,2026-10-08T04:58:00+02:00,53,dr-robert,407,347,60,14.7
2026-10-08T02:58:00Z,2026-10-08T04:58:00+02:00,54,placa-vella,297,212,85,28.6
2026-10-08T02:58:00Z,2026-10-08T04:58:00+02:00,55,ajuntament-mercat,237,186,51,21.5
2026-10-08T02:59:00Z,2026-10-08T04:59:00+02:00,53,dr-robert,407,347,60,14.7
2026-10-08T02:59:00Z,2026-10-08T04:59:00+02:00,54,placa-vella,297,212,85,28.6
2026-10-08T02:59:00Z,2026-10-08T04:59:00+02:00,55,ajuntament-mercat,237,186,51,21.5
2026-10-08T03:00:00Z,2026-10-08T05:00:00+02:00,53,dr-robert,407,347,60,14.7
2026-10-08T03:00:00Z,2026-10-08T05:00:00+02:00,54,placa-vella,297,212,85,28.6
2026-10-08T03:00:00Z,2026-10-08T05:00:00+02:00,55,ajuntament-mercat,237,186,51,21.5
2026-10-08T03:01:00Z,2026-10-08T05:01:00+02:00,53,dr-robert,407,347,60,14.7
2026-10-08T03:01:00Z,2026-10-08T05:01:00+02:00,54,placa-vella,297,212,85,28.6
2026-10-08T03:01:00Z,2026-10-08T05:01:00+02:00,55,ajuntament-mercat,237,186,51,21.5
2026-10-08T03:02:00Z,2026-10-08T05:02:00+02:00,53,dr-robert,407,347,60,14.7
2026-10-08T03:02:00Z,2026-10-08T05:02:00+02:00,54,placa-vella,297,212,85,28.6
2026-10-08T03:02:00Z,2026-10-08T05:02:00+02:00,55,ajuntament-mercat,237,186,51,21.5
2026-10-08T03:03:00Z,2026-10-08T05:03:00+02:00,53,dr-robert,407,347,60,14.7
2026-10-08T03:03:00Z,2026-10-08T05:03:00+02:00,54,placa-vella,297,212,85,28.6
2026-10-08T03:03:00Z,2026-10-08T05:03:00+02:00,55,ajuntament-mercat,237,186,51,21.5
2026-10-08T03:04:00Z,2026-10-08T05:04:00+02:00,53,dr-robert,407,346,61,15
2026-10-08T03:04:00Z,2026-10-08T05:04:00+02:00,54,placa-vella,297,212,85,28.6
2026-10-08T03:04:00Z,2026-10-08T05:04:00+02:00,55,ajuntament-mercat,237,185,52,21.9
2026-10-08T03:05:00Z,2026-10-08T05:05:00+02:00,53,dr-robert,407,346,61,15
2026-10-08T03:05:00Z,2026-10-08T05:05:00+02:00,54,placa-vella,297,212,85,28.6
2026-10-08T03:05:00Z,2026-10-08T05:05:00+02:00,55,ajuntament-mercat,237,185,52,21.9
2026-10-08T03:06:00Z,2026-10-08T05:06:00+02:00,53,dr-robert,407,346,61,15
2026-10-08T03:06:00Z,2026-10-08T05:06:00+02:00,54,placa-vella,297,212,85,28.6
2026-10-08T03:06:00Z,2026-10-08T05:06:00+02:00,55,ajuntament-mercat,237,185,52,21.9
2026-10-08T03:07:00Z,2026-10-08T05:07:00+02:00,53,dr-robert,407,346,61,15
2026-10-08T03:07:00Z,2026-10-08T05:07:00+02:00,54,placa-vella,297,212,85,28.6
2026-10-08T03:07:00Z,2026-10-08T05:07:00+02:00,55,ajuntament-mercat,237,185,52,21.9
2026-10-08T03:08:00Z,2026-10-08T05:08:00+02:00,53,dr-robert,407,346,61,15
2026-10-08T03:08:00Z,2026-10-08T05:08:00+02:00,54,placa-vella,297,212,85,28.6
2026-10-08T03:08:00Z,2026-10-08T05:08:00+02:00,55,ajuntament-mercat,237,185,52,21.9
2026-10-08T03:09:00Z,2026-10-08T05:09:00+02:00,53,dr-robert,407,346,61,15
2026-10-08T03:09:00Z,2026-10-08T05:09:00+02:00,54,placa-vella,297,212,85,28.6
2026-10-08T03:09:00Z,2026-10-08T05:09:00+02:00,55,ajuntament-mercat,237,185,52,21.9
2026-10-08T03:10:00Z,2026-10-08T05:10:00+02:00,53,dr-robert,407,346,61,15
2026-10-08T03:10:00Z,2026-10-08T05:10:00+02:00,54,placa-vella,297,212,85,28.6
2026-10-08T03:10:00Z,2026-10-08T05:10:00+02:00,55,ajuntament-mercat,237,185,52,21.9
2026-10-08T03:11:00Z,2026-10-08T05:11:00+02:00,53,dr-robert,407,346,61,15
2026-10-08T03:11:00Z,2026-10-08T05:11:00+02:00,54,placa-vella,297,212,85,28.6
2026-10-08T03:11:00Z,2026-10-08T05:11:00+02:00,55,ajuntament-mercat,237,185,52,21.9
2026-10-08T03:12:00Z,2026-10-08T05:12:00+02:00,53,dr-robert,407,346,61,15
2026-10-08T03:12:00Z,2026-10-08T05:12:00+02:00,54,placa-vella,297,212,85,28.6
2026-10-08T03:12:00Z,2026-10-08T05:12:00+02:00,55,ajuntament-mercat,237,185,52,21.9
2026-10-08T03:13:00Z,2026-10-08T05:13:00+02:00,53,dr-robert,407,346,61,15
2026-10-08T03:13:00Z,2026-10-08T05:13:00+02:00,54,placa-vella,297,212,85,28.6
2026-10-08T03:13:00Z,2026-10-08T05:13:00+02:00,55,ajuntament-mercat,237,185,52,21.9
2026-10-08T03:14:00Z,2026-10-08T05:14:00+02:00,53,dr-robert,407,346,61,15
2026-10-08T03:14:00Z,2026-10-08T05:14:00+02:00,54,placa-vella,297,212,85,28.6
2026-10-08T03:14:00Z,2026-10-08T05:14:00+02:00,55,ajuntament-mercat,237,185,52,21.9
2026-10-08T03:15:00Z,2026-10-08T05:15:00+02:00,53,dr-robert,407,346,61,15
2026-10-08T03:15:00Z,2026-10-08T05:15:00+02:00,54,placa-vella,297,212,85,28.6
2026-10-08T03:15:00Z,2026-10-08T05:15:00+02:00,55,ajuntament-mercat,237,185,52,21.9
2026-10-08T03:16:00Z,2026-10-08T05:16:00+02:00,53,dr-robert,407,346,61,15
2026-10-08T03:16:00Z,2026-10-08T05:16:00+02:00,54,placa-vella,297,212,85,28.6
2026-10-08T03:16:00Z,2026-10-08T05:16:00+02:00,55,ajuntament-mercat,237,185,52,21.9
2026-10-08T03:17:00Z,2026-10-08T05:17:00+02:00,53,dr-robert,407,346,61,15
2026-10-08T03:17:00Z,2026-10-08T05:17:00+02:00,54,placa-vella,297,212,85,28.6
2026-10-08T03:17:00Z,2026-10-08T05:17:00+02:00,55,ajuntament-mercat,237,185,52,21.9
2026-10-08T03:18:00Z,2026-10-08T05:18:00+02:00,53,dr-robert,407,346,61,15
2026-10-08T03:18:00Z,2026-10-08T05:18:00+02:00,54,placa-vella,297,212,85,28.6
2026-10-08T03:18:00Z,2026-10-08T05:18:00+02:00,55,ajuntament-mercat,237,185,52,21.9
2026-10-08T03:19:00Z,2026-10-08T05:19:00+02:00,53,dr-robert,407,346,61,15
2026-10-08T03:19:00Z,2026-10-08T05:19:00+02:00,54,placa-vella,297,212,85,28.6
2026-10-08T03:19:00Z,2026-10-08T05:19:00+02:00,55,ajuntament-mercat,237,185,52,21.9
2026-10-08T03:20:00Z,2026-10-08T05:20:00+02:00,53,dr-robert,407,346,61,15
2026-10-08T03:20:00Z,2026-10-08T05:20:00+02:00,54,placa-vella,297,212,85,28.6
2026-10-08T03:20:00Z,2026-10-08T05:20:00+02:00,55,ajuntament-mercat,237,185,52,21.9
2026-10-08T03:21:00Z,2026-10-08T05:21:00+02:00,53,dr-robert,407,346,61,15
2026-10-08T03:21:00Z,2026-10-08T05:21:00+02:00,54,placa-vella,297,212,85,28.6
2026-10-08T03:21:00Z,2026-10-08T05:21:00+02:00,55,ajuntament-mercat,237,185,52,21.9
2026-10-08T03:22:00Z,2026-10-08T05:22:00+02:00,53,dr-robert,407,346,61,15
2026-10-08T03:22:00Z,2026-10-08T05:22:00+02:00,54,placa-vella,297,212,85,28.6
2026-10-08T03:22:00Z,2026-10-08T05:22:00+02:00,55,ajuntament-mercat,237,185,52,21.9
2026-10-08T03:23:00Z,2026-10-08T05:23:00+02:00,53,dr-robert,407,346,61,15
2026-10-08T03:23:00Z,2026-10-08T05:23:00+02:00,54,placa-vella,297,212,85,28.6
2026-10-08T03:23:00Z,2026-10-08T05:23:00+02:00,55,ajuntament-mercat,237,185,52,21.9
2026-10-08T03:24:00Z,2026-10-08T05:24:00+02:00,53,dr-robert,407,346,61,15
2026-10-08T03:24:00Z,2026-10-08T05:24:00+02:00,54,placa-vella,297,212,85,28.6
2026-10-08T03:24:00Z,2026-10-08T05:24:00+02:00,55,ajuntament-mercat,237,185,52,21.9
2026-10-08T03:25:00Z,2026-10-08T05:25:00+02:00,53,dr-robert,407,345,62,15.2
2026-10-08T03:25:00Z,2026-10-08T05:25:00+02:00,54,placa-vella,297,212,85,28.6
2026-10-08T03:25:00Z,2026-10-08T05:25:00+02:00,55,ajuntament-mercat,237,185,52,21.9
2026-10-08T03:26:00Z,2026-10-08T05:26:00+02:00,53,dr-robert,407,345,62,15.2
2026-10-08T03:26:00Z,2026-10-08T05:26:00+02:00,54,placa-vella,297,212,85,28.6
2026-10-08T03:26:00Z,2026-10-08T05:26:00+02:00,55,ajuntament-mercat,237,185,52,21.9
2026-10-08T03:27:00Z,2026-10-08T05:27:00+02:00,53,dr-robert,407,345,62,15.2
2026-10-08T03:27:00Z,2026-10-08T05:27:00+02:00,54,placa-vella,297,212,85,28.6
2026-10-08T03:27:00Z,2026-10-08T05:27:00+02:00,55,ajuntament-mercat,237,185,52,21.9
2026-10-08T03:28:00Z,2026-10-08T05:28:00+02:00,53,dr-robert,407,345,62,15.2
2026-10-08T03:28:00Z,2026-10-08T05:28:00+02:00,54,placa-vella,297,212,85,28.6
2026-10-08T03:28:00Z,2026-10-08T05:28:00+02:00,55,ajuntament-mercat,237,185,52,21.9
2026-10-08T03:29:00Z,2026-10-08T05:29:00+02:00,53,dr-robert,407,345,62,15.2
2026-10-08T03:29:00Z,2026-10-08T05:29:00+02:00,54,placa-vella,297,212,85,28.6
2026-10-08T03:29:00Z,2026-10-08T05:29:00+02:00,55,ajuntament-mercat,237,185,52,21.9
2026-10-08T03:30:00Z,2026-10-08T05:30:00+02:00,53,dr-robert,407,345,62,15.2
2026-10-08T03:30:00Z,2026-10-08T05:30:00+02:00,54,placa-vella,297,212,85,28.6
2026-10-08T03:30:00Z,2026-10-08T05:30:00+02:00,55,ajuntament-mercat,237,185,52,21.9
2026-10-08T03:31:00Z,2026-10-08T05:31:00+02:00,53,dr-robert,407,345,62,15.2
2026-10-08T03:31:00Z,2026-10-08T05:31:00+02:00,54,placa-vella,297,212,85,28.6
2026-10-08T03:31:00Z,2026-10-08T05:31:00+02:00,55,ajuntament-mercat,237,185,52,21.9
2026-10-08T03:32:00Z,2026-10-08T05:32:00+02:00,53,dr-robert,407,345,62,15.2
2026-10-08T03:32:00Z,2026-10-08T05:32:00+02:00,54,placa-vella,297,212,85,28.6
2026-10-08T03:32:00Z,2026-10-08T05:32:00+02:00,55,ajuntament-mercat,237,185,52,21.9
2026-10-08T03:33:00Z,2026-10-08T05:33:00+02:00,53,dr-robert,407,345,62,15.2
2026-10-08T03:33:00Z,2026-10-08T05:33:00+02:00,54,placa-vella,297,212,85,28.6
2026-10-08T03:33:00Z,2026-10-08T05:33:00+02:00,55,ajuntament-mercat,237,185,52,21.9
2026-10-08T03:34:00Z,2026-10-08T05:34:00+02:00,53,dr-robert,407,345,62,15.2
2026-10-08T03:34:00Z,2026-10-08T05:34:00+02:00,54,placa-vella,297,212,85,28.6
2026-10-08T03:34:00Z,2026-10-08T05:34:00+02:00,55,ajuntament-mercat,237,185,52,21.9
2026-10-08T03:35:00Z,2026-10-08T05:35:00+02:00,53,dr-robert,407,345,62,15.2
2026-10-08T03:35:00Z,2026-10-08T05:35:00+02:00,54,placa-vella,297,212,85,28.6
2026-10-08T03:35:00Z,2026-10-08T05:35:00+02:00,55,ajuntament-mercat,237,184,53,22.4
2026-10-08T03:36:00Z,2026-10-08T05:36:00+02:00,53,dr-robert,407,345,62,15.2
2026-10-08T03:36:00Z,2026-10-08T05:36:00+02:00,54,placa-vella,297,212,85,28.6
2026-10-08T03:36:00Z,2026-10-08T05:36:00+02:00,55,ajuntament-mercat,237,184,53,22.4
2026-10-08T03:37:00Z,2026-10-08T05:37:00+02:00,53,dr-robert,407,345,62,15.2
2026-10-08T03:37:00Z,2026-10-08T05:37:00+02:00,54,placa-vella,297,212,85,28.6
2026-10-08T03:37:00Z,2026-10-08T05:37:00+02:00,55,ajuntament-mercat,237,184,53,22.4
2026-10-08T03:38:00Z,2026-10-08T05:38:00+02:00,53,dr-robert,407,345,62,15.2
2026-10-08T03:38:00Z,2026-10-08T05:38:00+02:00,54,placa-vella,297,212,85,28.6
2026-10-08T03:38:00Z,2026-10-08T05:38:00+02:00,55,ajuntament-mercat,237,184,53,22.4
2026-10-08T03:39:00Z,2026-10-08T05:39:00+02:00,53,dr-robert,407,345,62,15.2
2026-10-08T03:39:00Z,2026-10-08T05:39:00+02:00,54,placa-vella,297,212,85,28.6
2026-10-08T03:39:00Z,2026-10-08T05:39:00+02:00,55,ajuntament-mercat,237,184,53,22.4
2026-10-08T03:40:00Z,2026-10-08T05:40:00+02:00,53,dr-robert,407,344,63,15.5
2026-10-08T03:40:00Z,2026-10-08T05:40:00+02:00,54,placa-vella,297,213,84,28.3
2026-10-08T03:40:00Z,2026-10-08T05:40:00+02:00,55,ajuntament-mercat,237,184,53,22.4
2026-10-08T03:41:00Z,2026-10-08T05:41:00+02:00,53,dr-robert,407,344,63,15.5
2026-10-08T03:41:00Z,2026-10-08T05:41:00+02:00,54,placa-vella,297,213,84,28.3
2026-10-08T03:41:00Z,2026-10-08T05:41:00+02:00,55,ajuntament-mercat,237,184,53,22.4
2026-10-08T03:42:00Z,2026-10-08T05:42:00+02:00,53,dr-robert,407,344,63,15.5
2026-10-08T03:42:00Z,2026-10-08T05:42:00+02:00,54,placa-vella,297,213,84,28.3
2026-10-08T03:42:00Z,2026-10-08T05:42:00+02:00,55,ajuntament-mercat,237,184,53,22.4
2026-10-08T03:43:00Z,2026-10-08T05:43:00+02:00,53,dr-robert,407,344,63,15.5
2026-10-08T03:43:00Z,2026-10-08T05:43:00+02:00,54,placa-vella,297,213,84,28.3
2026-10-08T03:43:00Z,2026-10-08T05:43:00+02:00,55,ajuntament-mercat,237,184,53,22.4
2026-10-08T03:44:00Z,2026-10-08T05:44:00+02:00,53,dr-robert,407,344,63,15.5
2026-10-08T03:44:00Z,2026-10-08T05:44:00+02:00,54,placa-vella,297,213,84,28.3
2026-10-08T03:44:00Z,2026-10-08T05:44:00+02:00,55,ajuntament-mercat,237,184,53,22.4
2026-10-08T03:45:00Z,2026-10-08T05:45:00+02:00,53,dr-robert,407,344,63,15.5
2026-10-08T03:45:00Z,2026-10-08T05:45:00+02:00,54,placa-vella,297,213,84,28.3
2026-10-08T03:45:00Z,2026-10-08T05:45:00+02:00,55,ajuntament-mercat,237,183,54,22.8
2026-10-08T03:46:00Z,2026-10-08T05:46:00+02:00,53,dr-robert,407,344,63,15.5
2026-10-08T03:46:00Z,2026-10-08T05:46:00+02:00,54,placa-vella,297,213,84,28.3
2026-10-08T03:46:00Z,2026-10-08T05:46:00+02:00,55,ajuntament-mercat,237,183,54,22.8
2026-10-08T03:47:00Z,2026-10-08T05:47:00+02:00,53,dr-robert,407,344,63,15.5
2026-10-08T03:47:00Z,2026-10-08T05:47:00+02:00,54,placa-vella,297,213,84,28.3
2026-10-08T03:47:00Z,2026-10-08T05:47:00+02:00,55,ajuntament-mercat,237,183,54,22.8
2026-10-08T03:48:00Z,2026-10-08T05:48:00+02:00,53,dr-robert,407,344,63,15.5
2026-10-08T03:48:00Z,2026-10-08T05:48:00+02:00,54,placa-vella,297,213,84,28.3
2026-10-08T03:48:00Z,2026-10-08T05:48:00+02:00,55,ajuntament-mercat,237,183,54,22.8
2026-10-08T03:49:00Z,2026-10-08T05:49:00+02:00,53,dr-robert,407,344,63,15.5
2026-10-08T03:49:00Z,2026-10-08T05:49:00+02:00,54,placa-vella,297,213,84,28.3
2026-10-08T03:49:00Z,2026-10-08T05:49:00+02:00,55,ajuntament-mercat,237,183,54,22.8
2026-10-08T03:50:00Z,2026-10-08T05:50:00+02:00,53,dr-robert,407,344,63,15.5
2026-10-08T03:50:00Z,2026-10-08T05:50:00+02:00,54,placa-vella,297,213,84,28.3
2026-10-08T03:50:00Z,2026-10-08T05:50:00+02:00,55,ajuntament-mercat,237,184,53,22.4
2026-10-08T03:51:00Z,2026-10-08T05:51:00+02:00,53,dr-robert,407,344,63,15.5
2026-10-08T03:51:00Z,2026-10-08T05:51:00+02:00,54,placa-vella,297,213,84,28.3
2026-10-08T03:51:00Z,2026-10-08T05:51:00+02:00,55,ajuntament-mercat,237,184,53,22.4
2026-10-08T03:52:00Z,2026-10-08T05:52:00+02:00,53,dr-robert,407,344,63,15.5
2026-10-08T03:52:00Z,2026-10-08T05:52:00+02:00,54,placa-vella,297,213,84,28.3
2026-10-08T03:52:00Z,2026-10-08T05:52:00+02:00,55,ajuntament-mercat,237,184,53,22.4
2026-10-08T03:53:00Z,2026-10-08T05:53:00+02:00,53,dr-robert,407,344,63,15.5
2026-10-08T03:53:00Z,2026-10-08T05:53:00+02:00,54,placa-vella,297,213,84,28.3
2026-10-08T03:53:00Z,2026-10-08T05:53:00+02:00,55,ajuntament-mercat,237,184,53,22.4
2026-10-08T03:54:00Z,2026-10-08T05:54:00+02:00,53,dr-robert,407,344,63,15.5
2026-10-08T03:54:00Z,2026-10-08T05:54:00+02:00,54,placa-vella,297,213,84,28.3
2026-10-08T03:54:00Z,2026-10-08T05:54:00+02:00,55,ajuntament-mercat,237,184,53,22.4
2026-10-08T03:55:00Z,2026-10-08T05:55:00+02:00,53,dr-robert,407,343,64,15.7
2026-10-08T03:55:00Z,2026-10-08T05:55:00+02:00,54,placa-vella,297,213,84,28.3
2026-10-08T03:55:00Z,2026-10-08T05:55:00+02:00,55,ajuntament-mercat,237,181,56,23.6
2026-10-08T03:56:00Z,2026-10-08T05:56:00+02:00,53,dr-robert,407,343,64,15.7
2026-10-08T03:56:00Z,2026-10-08T05:56:00+02:00,54,placa-vella,297,213,84,28.3
2026-10-08T03:56:00Z,2026-10-08T05:56:00+02:00,55,ajuntament-mercat,237,181,56,23.6
2026-10-08T03:57:00Z,2026-10-08T05:57:00+02:00,53,dr-robert,407,343,64,15.7
2026-10-08T03:57:00Z,2026-10-08T05:57:00+02:00,54,placa-vella,297,213,84,28.3
2026-10-08T03:57:00Z,2026-10-08T05:57:00+02:00,55,ajuntament-mercat,237,181,56,23.6
2026-10-08T03:58:00Z,2026-10-08T05:58:00+02:00,53,dr-robert,407,343,64,15.7
2026-10-08T03:58:00Z,2026-10-08T05:58:00+02:00,54,placa-vella,297,213,84,28.3
2026-10-08T03:58:00Z,2026-10-08T05:58:00+02:00,55,ajuntament-mercat,237,181,56,23.6
2026-10-08T03:59:00Z,2026-10-08T05:59:00+02:00,53,dr-robert,407,343,64,15.7
2026-10-08T03:59:00Z,2026-10-08T05:59:00+02:00,54,placa-vella,297,213,84,28.3
2026-10-08T03:59:00Z,2026-10-08T05:59:00+02:00,55,ajuntament-mercat,237,181,56,23.6
2026-10-08T04:00:00Z,2026-10-08T06:00:00+02:00,53,dr-robert,407,343,64,15.7
2026-10-08T04:00:00Z,2026-10-08T06:00:00+02:00,54,placa-vella,297,213,84,28.3
2026-10-08T04:00:00Z,2026-10-08T06:00:00+02:00,55,ajuntament-mercat,237,181,56,23.6
2026-10-08T04:01:00Z,2026-10-08T06:01:00+02:00,53,dr-robert,407,343,64,15.7
2026-10-08T04:01:00Z,2026-10-08T06:01:00+02:00,54,placa-vella,297,213,84,28.3
2026-10-08T04:01:00Z,2026-10-08T06:01:00+02:00,55,ajuntament-mercat,237,181,56,23.6
2026-10-08T04:02:00Z,2026-10-08T06:02:00+02:00,53,dr-robert,407,343,64,15.7
2026-10-08T04:02:00Z,2026-10-08T06:02:00+02:00,54,placa-vella,297,213,84,28.3
2026-10-08T04:02:00Z,2026-10-08T06:02:00+02:00,55,ajuntament-mercat,237,181,56,23.6
2026-10-08T04:03:00Z,2026-10-08T06:03:00+02:00,53,dr-robert,407,343,64,15.7
2026-10-08T04:03:00Z,2026-10-08T06:03:00+02:00,54,placa-vella,297,213,84,28.3
2026-10-08T04:03:00Z,2026-10-08T06:03:00+02:00,55,ajuntament-mercat,237,181,56,23.6
2026-10-08T04:04:00Z,2026-10-08T06:04:00+02:00,53,dr-robert,407,341,66,16.2
2026-10-08T04:04:00Z,2026-10-08T06:04:00+02:00,54,placa-vella,297,218,79,26.6
2026-10-08T04:04:00Z,2026-10-08T06:04:00+02:00,55,ajuntament-mercat,237,195,42,17.7
2026-10-08T04:05:00Z,2026-10-08T06:05:00+02:00,53,dr-robert,407,341,66,16.2
2026-10-08T04:05:00Z,2026-10-08T06:05:00+02:00,54,placa-vella,297,218,79,26.6
2026-10-08T04:05:00Z,2026-10-08T06:05:00+02:00,55,ajuntament-mercat,237,195,42,17.7
2026-10-08T04:06:00Z,2026-10-08T06:06:00+02:00,53,dr-robert,407,341,66,16.2
2026-10-08T04:06:00Z,2026-10-08T06:06:00+02:00,54,placa-vella,297,218,79,26.6
2026-10-08T04:06:00Z,2026-10-08T06:06:00+02:00,55,ajuntament-mercat,237,195,42,17.7
2026-10-08T04:07:00Z,2026-10-08T06:07:00+02:00,53,dr-robert,407,340,67,16.5
2026-10-08T04:07:00Z,2026-10-08T06:07:00+02:00,54,placa-vella,297,218,79,26.6
2026-10-08T04:07:00Z,2026-10-08T06:07:00+02:00,55,ajuntament-mercat,237,194,43,18.1
2026-10-08T04:08:00Z,2026-10-08T06:08:00+02:00,53,dr-robert,407,340,67,16.5
2026-10-08T04:08:00Z,2026-10-08T06:08:00+02:00,54,placa-vella,297,218,79,26.6
2026-10-08T04:08:00Z,2026-10-08T06:08:00+02:00,55,ajuntament-mercat,237,194,43,18.1
2026-10-08T04:09:00Z,2026-10-08T06:09:00+02:00,53,dr-robert,407,340,67,16.5
2026-10-08T04:09:00Z,2026-10-08T06:09:00+02:00,54,placa-vella,297,218,79,26.6
2026-10-08T04:09:00Z,2026-10-08T06:09:00+02:00,55,ajuntament-mercat,237,194,43,18.1
2026-10-08T04:10:00Z,2026-10-08T06:10:00+02:00,53,dr-robert,407,341,66,16.2
2026-10-08T04:10:00Z,2026-10-08T06:10:00+02:00,54,placa-vella,297,218,79,26.6
2026-10-08T04:10:00Z,2026-10-08T06:10:00+02:00,55,ajuntament-mercat,237,194,43,18.1
2026-10-08T04:11:00Z,2026-10-08T06:11:00+02:00,53,dr-robert,407,341,66,16.2
2026-10-08T04:11:00Z,2026-10-08T06:11:00+02:00,54,placa-vella,297,218,79,26.6
2026-10-08T04:11:00Z,2026-10-08T06:11:00+02:00,55,ajuntament-mercat,237,194,43,18.1
2026-10-08T04:12:00Z,2026-10-08T06:12:00+02:00,53,dr-robert,407,341,66,16.2
2026-10-08T04:12:00Z,2026-10-08T06:12:00+02:00,54,placa-vella,297,218,79,26.6
2026-10-08T04:12:00Z,2026-10-08T06:12:00+02:00,55,ajuntament-mercat,237,194,43,18.1
2026-10-08T04:13:00Z,2026-10-08T06:13:00+02:00,53,dr-robert,407,341,66,16.2
2026-10-08T04:13:00Z,2026-10-08T06:13:00+02:00,54,placa-vella,297,218,79,26.6
2026-10-08T04:13:00Z,2026-10-08T06:13:00+02:00,55,ajuntament-mercat,237,194,43,18.1
2026-10-08T04:14:00Z,2026-10-08T06:14:00+02:00,53,dr-robert,407,341,66,16.2
2026-10-08T04:14:00Z,2026-10-08T06:14:00+02:00,54,placa-vella,297,218,79,26.6
2026-10-08T04:14:00Z,2026-10-08T06:14:00+02:00,55,ajuntament-mercat,237,194,43,18.1
2026-10-08T04:15:00Z,2026-10-08T06:15:00+02:00,53,dr-robert,407,341,66,16.2
2026-10-08T04:15:00Z,2026-10-08T06:15:00+02:00,54,placa-vella,297,220,77,25.9
2026-10-08T04:15:00Z,2026-10-08T06:15:00+02:00,55,ajuntament-mercat,237,194,43,18.1
2026-10-08T04:16:00Z,2026-10-08T06:16:00+02:00,53,dr-robert,407,341,66,16.2
2026-10-08T04:16:00Z,2026-10-08T06:16:00+02:00,54,placa-vella,297,220,77,25.9
2026-10-08T04:16:00Z,2026-10-08T06:16:00+02:00,55,ajuntament-mercat,237,194,43,18.1
2026-10-08T04:17:00Z,2026-10-08T06:17:00+02:00,53,dr-robert,407,341,66,16.2
2026-10-08T04:17:00Z,2026-10-08T06:17:00+02:00,54,placa-vella,297,220,77,25.9
2026-10-08T04:17:00Z,2026-10-08T06:17:00+02:00,55,ajuntament-mercat,237,194,43,18.1
2026-10-08T04:18:00Z,2026-10-08T06:18:00+02:00,53,dr-robert,407,341,66,16.2
2026-10-08T04:18:00Z,2026-10-08T06:18:00+02:00,54,placa-vella,297,220,77,25.9
2026-10-08T04:18:00Z,2026-10-08T06:18:00+02:00,55,ajuntament-mercat,237,194,43,18.1
2026-10-08T04:19:00Z,2026-10-08T06:19:00+02:00,53,dr-robert,407,341,66,16.2
2026-10-08T04:19:00Z,2026-10-08T06:19:00+02:00,54,placa-vella,297,220,77,25.9
2026-10-08T04:19:00Z,2026-10-08T06:19:00+02:00,55,ajuntament-mercat,237,194,43,18.1
2026-10-08T04:20:00Z,2026-10-08T06:20:00+02:00,53,dr-robert,407,341,66,16.2
2026-10-08T04:20:00Z,2026-10-08T06:20:00+02:00,54,placa-vella,297,220,77,25.9
2026-10-08T04:20:00Z,2026-10-08T06:20:00+02:00,55,ajuntament-mercat,237,194,43,18.1
2026-10-08T04:21:00Z,2026-10-08T06:21:00+02:00,53,dr-robert,407,341,66,16.2
2026-10-08T04:21:00Z,2026-10-08T06:21:00+02:00,54,placa-vella,297,220,77,25.9
2026-10-08T04:21:00Z,2026-10-08T06:21:00+02:00,55,ajuntament-mercat,237,194,43,18.1
2026-10-08T04:22:00Z,2026-10-08T06:22:00+02:00,53,dr-robert,407,341,66,16.2
2026-10-08T04:22:00Z,2026-10-08T06:22:00+02:00,54,placa-vella,297,220,77,25.9
2026-10-08T04:22:00Z,2026-10-08T06:22:00+02:00,55,ajuntament-mercat,237,194,43,18.1
2026-10-08T04:23:00Z,2026-10-08T06:23:00+02:00,53,dr-robert,407,341,66,16.2
2026-10-08T04:23:00Z,2026-10-08T06:23:00+02:00,54,placa-vella,297,220,77,25.9
2026-10-08T04:23:00Z,2026-10-08T06:23:00+02:00,55,ajuntament-mercat,237,194,43,18.1
2026-10-08T04:24:00Z,2026-10-08T06:24:00+02:00,53,dr-robert,407,341,66,16.2
2026-10-08T04:24:00Z,2026-10-08T06:24:00+02:00,54,placa-vella,297,220,77,25.9
2026-10-08T04:24:00Z,2026-10-08T06:24:00+02:00,55,ajuntament-mercat,237,194,43,18.1
2026-10-08T04:25:00Z,2026-10-08T06:25:00+02:00,53,dr-robert,407,339,68,16.7
2026-10-08T04:25:00Z,2026-10-08T06:25:00+02:00,54,placa-vella,297,220,77,25.9
2026-10-08T04:25:00Z,2026-10-08T06:25:00+02:00,55,ajuntament-mercat,237,194,43,18.1
2026-10-08T04:26:00Z,2026-10-08T06:26:00+02:00,53,dr-robert,407,339,68,16.7
2026-10-08T04:26:00Z,2026-10-08T06:26:00+02:00,54,placa-vella,297,220,77,25.9
2026-10-08T04:26:00Z,2026-10-08T06:26:00+02:00,55,ajuntament-mercat,237,194,43,18.1
2026-10-08T04:27:00Z,2026-10-08T06:27:00+02:00,53,dr-robert,407,339,68,16.7
2026-10-08T04:27:00Z,2026-10-08T06:27:00+02:00,54,placa-vella,297,220,77,25.9
2026-10-08T04:27:00Z,2026-10-08T06:27:00+02:00,55,ajuntament-mercat,237,194,43,18.1
2026-10-08T04:28:00Z,2026-10-08T06:28:00+02:00,53,dr-robert,407,339,68,16.7
2026-10-08T04:28:00Z,2026-10-08T06:28:00+02:00,54,placa-vella,297,220,77,25.9
2026-10-08T04:28:00Z,2026-10-08T06:28:00+02:00,55,ajuntament-mercat,237,194,43,18.1
2026-10-08T04:29:00Z,2026-10-08T06:29:00+02:00,53,dr-robert,407,339,68,16.7
2026-10-08T04:29:00Z,2026-10-08T06:29:00+02:00,54,placa-vella,297,220,77,25.9
2026-10-08T04:29:00Z,2026-10-08T06:29:00+02:00,55,ajuntament-mercat,237,194,43,18.1
2026-10-08T04:30:00Z,2026-10-08T06:30:00+02:00,53,dr-robert,407,339,68,16.7
2026-10-08T04:30:00Z,2026-10-08T06:30:00+02:00,54,placa-vella,297,220,77,25.9
2026-10-08T04:30:00Z,2026-10-08T06:30:00+02:00,55,ajuntament-mercat,237,194,43,18.1
2026-10-08T04:31:00Z,2026-10-08T06:31:00+02:00,53,dr-robert,407,339,68,16.7
2026-10-08T04:31:00Z,2026-10-08T06:31:00+02:00,54,placa-vella,297,220,77,25.9
2026-10-08T04:31:00Z,2026-10-08T06:31:00+02:00,55,ajuntament-mercat,237,194,43,18.1
2026-10-08T04:32:00Z,2026-10-08T06:32:00+02:00,53,dr-robert,407,339,68,16.7
2026-10-08T04:32:00Z,2026-10-08T06:32:00+02:00,54,placa-vella,297,220,77,25.9
2026-10-08T04:32:00Z,2026-10-08T06:32:00+02:00,55,ajuntament-mercat,237,194,43,18.1
2026-10-08T04:33:00Z,2026-10-08T06:33:00+02:00,53,dr-robert,407,338,69,17
2026-10-08T04:33:00Z,2026-10-08T06:33:00+02:00,54,placa-vella,297,220,77,25.9
2026-10-08T04:33:00Z,2026-10-08T06:33:00+02:00,55,ajuntament-mercat,237,194,43,18.1
2026-10-08T04:34:00Z,2026-10-08T06:34:00+02:00,53,dr-robert,407,338,69,17
2026-10-08T04:34:00Z,2026-10-08T06:34:00+02:00,54,placa-vella,297,220,77,25.9
2026-10-08T04:34:00Z,2026-10-08T06:34:00+02:00,55,ajuntament-mercat,237,194,43,18.1
2026-10-08T04:35:00Z,2026-10-08T06:35:00+02:00,53,dr-robert,407,338,69,17
2026-10-08T04:35:00Z,2026-10-08T06:35:00+02:00,54,placa-vella,297,220,77,25.9
2026-10-08T04:35:00Z,2026-10-08T06:35:00+02:00,55,ajuntament-mercat,237,194,43,18.1
2026-10-08T04:36:00Z,2026-10-08T06:36:00+02:00,53,dr-robert,407,338,69,17
2026-10-08T04:36:00Z,2026-10-08T06:36:00+02:00,54,placa-vella,297,218,79,26.6
2026-10-08T04:36:00Z,2026-10-08T06:36:00+02:00,55,ajuntament-mercat,237,193,44,18.6
2026-10-08T04:37:00Z,2026-10-08T06:37:00+02:00,53,dr-robert,407,338,69,17
2026-10-08T04:37:00Z,2026-10-08T06:37:00+02:00,54,placa-vella,297,218,79,26.6
2026-10-08T04:37:00Z,2026-10-08T06:37:00+02:00,55,ajuntament-mercat,237,193,44,18.6
2026-10-08T04:38:00Z,2026-10-08T06:38:00+02:00,53,dr-robert,407,338,69,17
2026-10-08T04:38:00Z,2026-10-08T06:38:00+02:00,54,placa-vella,297,218,79,26.6
2026-10-08T04:38:00Z,2026-10-08T06:38:00+02:00,55,ajuntament-mercat,237,193,44,18.6
2026-10-08T04:39:00Z,2026-10-08T06:39:00+02:00,53,dr-robert,407,338,69,17
2026-10-08T04:39:00Z,2026-10-08T06:39:00+02:00,54,placa-vella,297,218,79,26.6
2026-10-08T04:39:00Z,2026-10-08T06:39:00+02:00,55,ajuntament-mercat,237,193,44,18.6
2026-10-08T04:40:00Z,2026-10-08T06:40:00+02:00,53,dr-robert,407,338,69,17
2026-10-08T04:40:00Z,2026-10-08T06:40:00+02:00,54,placa-vella,297,218,79,26.6
2026-10-08T04:40:00Z,2026-10-08T06:40:00+02:00,55,ajuntament-mercat,237,193,44,18.6
2026-10-08T04:41:00Z,2026-10-08T06:41:00+02:00,53,dr-robert,407,338,69,17
2026-10-08T04:41:00Z,2026-10-08T06:41:00+02:00,54,placa-vella,297,218,79,26.6
2026-10-08T04:41:00Z,2026-10-08T06:41:00+02:00,55,ajuntament-mercat,237,193,44,18.6
2026-10-08T04:42:00Z,2026-10-08T06:42:00+02:00,53,dr-robert,407,337,70,17.2
2026-10-08T04:42:00Z,2026-10-08T06:42:00+02:00,54,placa-vella,297,210,87,29.3
2026-10-08T04:42:00Z,2026-10-08T06:42:00+02:00,55,ajuntament-mercat,237,193,44,18.6
2026-10-08T04:43:00Z,2026-10-08T06:43:00+02:00,53,dr-robert,407,337,70,17.2
2026-10-08T04:43:00Z,2026-10-08T06:43:00+02:00,54,placa-vella,297,210,87,29.3
2026-10-08T04:43:00Z,2026-10-08T06:43:00+02:00,55,ajuntament-mercat,237,193,44,18.6
2026-10-08T04:44:00Z,2026-10-08T06:44:00+02:00,53,dr-robert,407,337,70,17.2
2026-10-08T04:44:00Z,2026-10-08T06:44:00+02:00,54,placa-vella,297,210,87,29.3
2026-10-08T04:44:00Z,2026-10-08T06:44:00+02:00,55,ajuntament-mercat,237,193,44,18.6
2026-10-08T04:45:00Z,2026-10-08T06:45:00+02:00,53,dr-robert,407,335,72,17.7
2026-10-08T04:45:00Z,2026-10-08T06:45:00+02:00,54,placa-vella,297,210,87,29.3
2026-10-08T04:45:00Z,2026-10-08T06:45:00+02:00,55,ajuntament-mercat,237,193,44,18.6
2026-10-08T04:46:00Z,2026-10-08T06:46:00+02:00,53,dr-robert,407,335,72,17.7
2026-10-08T04:46:00Z,2026-10-08T06:46:00+02:00,54,placa-vella,297,210,87,29.3
2026-10-08T04:46:00Z,2026-10-08T06:46:00+02:00,55,ajuntament-mercat,237,193,44,18.6
2026-10-08T04:47:00Z,2026-10-08T06:47:00+02:00,53,dr-robert,407,335,72,17.7
2026-10-08T04:47:00Z,2026-10-08T06:47:00+02:00,54,placa-vella,297,210,87,29.3
2026-10-08T04:47:00Z,2026-10-08T06:47:00+02:00,55,ajuntament-mercat,237,193,44,18.6
2026-10-08T04:48:00Z,2026-10-08T06:48:00+02:00,53,dr-robert,407,335,72,17.7
2026-10-08T04:48:00Z,2026-10-08T06:48:00+02:00,54,placa-vella,297,210,87,29.3
2026-10-08T04:48:00Z,2026-10-08T06:48:00+02:00,55,ajuntament-mercat,237,193,44,18.6
2026-10-08T04:49:00Z,2026-10-08T06:49:00+02:00,53,dr-robert,407,335,72,17.7
2026-10-08T04:49:00Z,2026-10-08T06:49:00+02:00,54,placa-vella,297,210,87,29.3
2026-10-08T04:49:00Z,2026-10-08T06:49:00+02:00,55,ajuntament-mercat,237,193,44,18.6
2026-10-08T04:50:00Z,2026-10-08T06:50:00+02:00,53,dr-robert,407,333,74,18.2
2026-10-08T04:50:00Z,2026-10-08T06:50:00+02:00,54,placa-vella,297,211,86,29
2026-10-08T04:50:00Z,2026-10-08T06:50:00+02:00,55,ajuntament-mercat,237,191,46,19.4
2026-10-08T04:51:00Z,2026-10-08T06:51:00+02:00,53,dr-robert,407,333,74,18.2
2026-10-08T04:51:00Z,2026-10-08T06:51:00+02:00,54,placa-vella,297,211,86,29
2026-10-08T04:51:00Z,2026-10-08T06:51:00+02:00,55,ajuntament-mercat,237,191,46,19.4
2026-10-08T04:52:00Z,2026-10-08T06:52:00+02:00,53,dr-robert,407,333,74,18.2
2026-10-08T04:52:00Z,2026-10-08T06:52:00+02:00,54,placa-vella,297,211,86,29
2026-10-08T04:52:00Z,2026-10-08T06:52:00+02:00,55,ajuntament-mercat,237,191,46,19.4
2026-10-08T04:53:00Z,2026-10-08T06:53:00+02:00,53,dr-robert,407,333,74,18.2
2026-10-08T04:53:00Z,2026-10-08T06:53:00+02:00,54,placa-vella,297,211,86,29
2026-10-08T04:53:00Z,2026-10-08T06:53:00+02:00,55,ajuntament-mercat,237,191,46,19.4
2026-10-08T04:54:00Z,2026-10-08T06:54:00+02:00,53,dr-robert,407,333,74,18.2
2026-10-08T04:54:00Z,2026-10-08T06:54:00+02:00,54,placa-vella,297,211,86,29
2026-10-08T04:54:00Z,2026-10-08T06:54:00+02:00,55,ajuntament-mercat,237,191,46,19.4
2026-10-08T04:55:00Z,2026-10-08T06:55:00+02:00,53,dr-robert,407,326,81,19.9
2026-10-08T04:55:00Z,2026-10-08T06:55:00+02:00,54,placa-vella,297,211,86,29
2026-10-08T04:55:00Z,2026-10-08T06:55:00+02:00,55,ajuntament-mercat,237,190,47,19.8
2026-10-08T04:56:00Z,2026-10-08T06:56:00+02:00,53,dr-robert,407,326,81,19.9
2026-10-08T04:56:00Z,2026-10-08T06:56:00+02:00,54,placa-vella,297,211,86,29
2026-10-08T04:56:00Z,2026-10-08T06:56:00+02:00,55,ajuntament-mercat,237,190,47,19.8
2026-10-08T04:57:00Z,2026-10-08T06:57:00+02:00,53,dr-robert,407,326,81,19.9
2026-10-08T04:57:00Z,2026-10-08T06:57:00+02:00,54,placa-vella,297,211,86,29
2026-10-08T04:57:00Z,2026-10-08T06:57:00+02:00,55,ajuntament-mercat,237,190,47,19.8
2026-10-08T04:58:00Z,2026-10-08T06:58:00+02:00,53,dr-robert,407,326,81,19.9
2026-10-08T04:58:00Z,2026-10-08T06:58:00+02:00,54,placa-vella,297,211,86,29
2026-10-08T04:58:00Z,2026-10-08T06:58:00+02:00,55,ajuntament-mercat,237,190,47,19.8
2026-10-08T04:59:00Z,2026-10-08T06:59:00+02:00,53,dr-robert,407,326,81,19.9
2026-10-08T04:59:00Z,2026-10-08T06:59:00+02:00,54,placa-vella,297,211,86,29
2026-10-08T04:59:00Z,2026-10-08T06:59:00+02:00,55,ajuntament-mercat,237,190,47,19.8
2026-10-08T05:00:00Z,2026-10-08T07:00:00+02:00,53,dr-robert,407,326,81,19.9
2026-10-08T05:00:00Z,2026-10-08T07:00:00+02:00,54,placa-vella,297,211,86,29
2026-10-08T05:00:00Z,2026-10-08T07:00:00+02:00,55,ajuntament-mercat,237,190,47,19.8
2026-10-08T05:01:00Z,2026-10-08T07:01:00+02:00,53,dr-robert,407,326,81,19.9
2026-10-08T05:01:00Z,2026-10-08T07:01:00+02:00,54,placa-vella,297,211,86,29
2026-10-08T05:01:00Z,2026-10-08T07:01:00+02:00,55,ajuntament-mercat,237,190,47,19.8
2026-10-08T05:02:00Z,2026-10-08T07:02:00+02:00,53,dr-robert,407,326,81,19.9
2026-10-08T05:02:00Z,2026-10-08T07:02:00+02:00,54,placa-vella,297,211,86,29
2026-10-08T05:02:00Z,2026-10-08T07:02:00+02:00,55,ajuntament-mercat,237,190,47,19.8
2026-10-08T05:03:00Z,2026-10-08T07:03:00+02:00,53,dr-robert,407,320,87,21.4
2026-10-08T05:03:00Z,2026-10-08T07:03:00+02:00,54,placa-vella,297,210,87,29.3
2026-10-08T05:03:00Z,2026-10-08T07:03:00+02:00,55,ajuntament-mercat,237,188,49,20.7
2026-10-08T05:04:00Z,2026-10-08T07:04:00+02:00,53,dr-robert,407,320,87,21.4
2026-10-08T05:04:00Z,2026-10-08T07:04:00+02:00,54,placa-vella,297,210,87,29.3
2026-10-08T05:04:00Z,2026-10-08T07:04:00+02:00,55,ajuntament-mercat,237,188,49,20.7
2026-10-08T05:05:00Z,2026-10-08T07:05:00+02:00,53,dr-robert,407,318,89,21.9
2026-10-08T05:05:00Z,2026-10-08T07:05:00+02:00,54,placa-vella,297,210,87,29.3
2026-10-08T05:05:00Z,2026-10-08T07:05:00+02:00,55,ajuntament-mercat,237,188,49,20.7
2026-10-08T05:06:00Z,2026-10-08T07:06:00+02:00,53,dr-robert,407,318,89,21.9
2026-10-08T05:06:00Z,2026-10-08T07:06:00+02:00,54,placa-vella,297,210,87,29.3
2026-10-08T05:06:00Z,2026-10-08T07:06:00+02:00,55,ajuntament-mercat,237,188,49,20.7
2026-10-08T05:07:00Z,2026-10-08T07:07:00+02:00,53,dr-robert,407,318,89,21.9
2026-10-08T05:07:00Z,2026-10-08T07:07:00+02:00,54,placa-vella,297,210,87,29.3
2026-10-08T05:07:00Z,2026-10-08T07:07:00+02:00,55,ajuntament-mercat,237,188,49,20.7
2026-10-08T05:08:00Z,2026-10-08T07:08:00+02:00,53,dr-robert,407,318,89,21.9
2026-10-08T05:08:00Z,2026-10-08T07:08:00+02:00,54,placa-vella,297,210,87,29.3
2026-10-08T05:08:00Z,2026-10-08T07:08:00+02:00,55,ajuntament-mercat,237,188,49,20.7
2026-10-08T05:09:00Z,2026-10-08T07:09:00+02:00,53,dr-robert,407,318,89,21.9
2026-10-08T05:09:00Z,2026-10-08T07:09:00+02:00,54,placa-vella,297,210,87,29.3
2026-10-08T05:09:00Z,2026-10-08T07:09:00+02:00,55,ajuntament-mercat,237,188,49,20.7
2026-10-08T05:10:00Z,2026-10-08T07:10:00+02:00,53,dr-robert,407,312,95,23.3
2026-10-08T05:10:00Z,2026-10-08T07:10:00+02:00,54,placa-vella,297,212,85,28.6
2026-10-08T05:10:00Z,2026-10-08T07:10:00+02:00,55,ajuntament-mercat,237,187,50,21.1
2026-10-08T05:11:00Z,2026-10-08T07:11:00+02:00,53,dr-robert,407,312,95,23.3
2026-10-08T05:11:00Z,2026-10-08T07:11:00+02:00,54,placa-vella,297,212,85,28.6
2026-10-08T05:11:00Z,2026-10-08T07:11:00+02:00,55,ajuntament-mercat,237,187,50,21.1
2026-10-08T05:12:00Z,2026-10-08T07:12:00+02:00,53,dr-robert,407,312,95,23.3
2026-10-08T05:12:00Z,2026-10-08T07:12:00+02:00,54,placa-vella,297,212,85,28.6
2026-10-08T05:12:00Z,2026-10-08T07:12:00+02:00,55,ajuntament-mercat,237,187,50,21.1
2026-10-08T05:13:00Z,2026-10-08T07:13:00+02:00,53,dr-robert,407,312,95,23.3
2026-10-08T05:13:00Z,2026-10-08T07:13:00+02:00,54,placa-vella,297,212,85,28.6
2026-10-08T05:13:00Z,2026-10-08T07:13:00+02:00,55,ajuntament-mercat,237,187,50,21.1
2026-10-08T05:14:00Z,2026-10-08T07:14:00+02:00,53,dr-robert,407,312,95,23.3
2026-10-08T05:14:00Z,2026-10-08T07:14:00+02:00,54,placa-vella,297,212,85,28.6
2026-10-08T05:14:00Z,2026-10-08T07:14:00+02:00,55,ajuntament-mercat,237,187,50,21.1
2026-10-08T05:15:00Z,2026-10-08T07:15:00+02:00,53,dr-robert,407,308,99,24.3
2026-10-08T05:15:00Z,2026-10-08T07:15:00+02:00,54,placa-vella,297,210,87,29.3
2026-10-08T05:15:00Z,2026-10-08T07:15:00+02:00,55,ajuntament-mercat,237,189,48,20.3
2026-10-08T05:16:00Z,2026-10-08T07:16:00+02:00,53,dr-robert,407,308,99,24.3
2026-10-08T05:16:00Z,2026-10-08T07:16:00+02:00,54,placa-vella,297,210,87,29.3
2026-10-08T05:16:00Z,2026-10-08T07:16:00+02:00,55,ajuntament-mercat,237,189,48,20.3
2026-10-08T05:17:00Z,2026-10-08T07:17:00+02:00,53,dr-robert,407,308,99,24.3
2026-10-08T05:17:00Z,2026-10-08T07:17:00+02:00,54,placa-vella,297,210,87,29.3
2026-10-08T05:17:00Z,2026-10-08T07:17:00+02:00,55,ajuntament-mercat,237,189,48,20.3
2026-10-08T05:18:00Z,2026-10-08T07:18:00+02:00,53,dr-robert,407,308,99,24.3
2026-10-08T05:18:00Z,2026-10-08T07:18:00+02:00,54,placa-vella,297,210,87,29.3
2026-10-08T05:18:00Z,2026-10-08T07:18:00+02:00,55,ajuntament-mercat,237,189,48,20.3
2026-10-08T05:19:00Z,2026-10-08T07:19:00+02:00,53,dr-robert,407,308,99,24.3
2026-10-08T05:19:00Z,2026-10-08T07:19:00+02:00,54,placa-vella,297,210,87,29.3
2026-10-08T05:19:00Z,2026-10-08T07:19:00+02:00,55,ajuntament-mercat,237,189,48,20.3
2026-10-08T05:20:00Z,2026-10-08T07:20:00+02:00,53,dr-robert,407,301,106,26
2026-10-08T05:20:00Z,2026-10-08T07:20:00+02:00,54,placa-vella,297,208,89,30
2026-10-08T05:20:00Z,2026-10-08T07:20:00+02:00,55,ajuntament-mercat,237,188,49,20.7
2026-10-08T05:21:00Z,2026-10-08T07:21:00+02:00,53,dr-robert,407,301,106,26
2026-10-08T05:21:00Z,2026-10-08T07:21:00+02:00,54,placa-vella,297,208,89,30
2026-10-08T05:21:00Z,2026-10-08T07:21:00+02:00,55,ajuntament-mercat,237,188,49,20.7
2026-10-08T05:22:00Z,2026-10-08T07:22:00+02:00,53,dr-robert,407,301,106,26
2026-10-08T05:22:00Z,2026-10-08T07:22:00+02:00,54,placa-vella,297,208,89,30
2026-10-08T05:22:00Z,2026-10-08T07:22:00+02:00,55,ajuntament-mercat,237,188,49,20.7
2026-10-08T05:23:00Z,2026-10-08T07:23:00+02:00,53,dr-robert,407,301,106,26
2026-10-08T05:23:00Z,2026-10-08T07:23:00+02:00,54,placa-vella,297,208,89,30
2026-10-08T05:23:00Z,2026-10-08T07:23:00+02:00,55,ajuntament-mercat,237,188,49,20.7
2026-10-08T05:24:00Z,2026-10-08T07:24:00+02:00,53,dr-robert,407,301,106,26
2026-10-08T05:24:00Z,2026-10-08T07:24:00+02:00,54,placa-vella,297,208,89,30
2026-10-08T05:24:00Z,2026-10-08T07:24:00+02:00,55,ajuntament-mercat,237,188,49,20.7
2026-10-08T05:25:00Z,2026-10-08T07:25:00+02:00,53,dr-robert,407,300,107,26.3
2026-10-08T05:25:00Z,2026-10-08T07:25:00+02:00,54,placa-vella,297,209,88,29.6
2026-10-08T05:25:00Z,2026-10-08T07:25:00+02:00,55,ajuntament-mercat,237,189,48,20.3
2026-10-08T05:26:00Z,2026-10-08T07:26:00+02:00,53,dr-robert,407,300,107,26.3
2026-10-08T05:26:00Z,2026-10-08T07:26:00+02:00,54,placa-vella,297,209,88,29.6
2026-10-08T05:26:00Z,2026-10-08T07:26:00+02:00,55,ajuntament-mercat,237,189,48,20.3
2026-10-08T05:27:00Z,2026-10-08T07:27:00+02:00,53,dr-robert,407,300,107,26.3
2026-10-08T05:27:00Z,2026-10-08T07:27:00+02:00,54,placa-vella,297,209,88,29.6
2026-10-08T05:27:00Z,2026-10-08T07:27:00+02:00,55,ajuntament-mercat,237,189,48,20.3
2026-10-08T05:28:00Z,2026-10-08T07:28:00+02:00,53,dr-robert,407,300,107,26.3
2026-10-08T05:28:00Z,2026-10-08T07:28:00+02:00,54,placa-vella,297,209,88,29.6
2026-10-08T05:28:00Z,2026-10-08T07:28:00+02:00,55,ajuntament-mercat,237,189,48,20.3
2026-10-08T05:29:00Z,2026-10-08T07:29:00+02:00,53,dr-robert,407,300,107,26.3
2026-10-08T05:29:00Z,2026-10-08T07:29:00+02:00,54,placa-vella,297,209,88,29.6
2026-10-08T05:29:00Z,2026-10-08T07:29:00+02:00,55,ajuntament-mercat,237,189,48,20.3
2026-10-08T05:30:00Z,2026-10-08T07:30:00+02:00,53,dr-robert,407,295,112,27.5
2026-10-08T05:30:00Z,2026-10-08T07:30:00+02:00,54,placa-vella,297,208,89,30
2026-10-08T05:30:00Z,2026-10-08T07:30:00+02:00,55,ajuntament-mercat,237,186,51,21.5
2026-10-08T05:31:00Z,2026-10-08T07:31:00+02:00,53,dr-robert,407,295,112,27.5
2026-10-08T05:31:00Z,2026-10-08T07:31:00+02:00,54,placa-vella,297,208,89,30
2026-10-08T05:31:00Z,2026-10-08T07:31:00+02:00,55,ajuntament-mercat,237,186,51,21.5
2026-10-08T05:32:00Z,2026-10-08T07:32:00+02:00,53,dr-robert,407,295,112,27.5
2026-10-08T05:32:00Z,2026-10-08T07:32:00+02:00,54,placa-vella,297,208,89,30
2026-10-08T05:32:00Z,2026-10-08T07:32:00+02:00,55,ajuntament-mercat,237,186,51,21.5
2026-10-08T05:33:00Z,2026-10-08T07:33:00+02:00,53,dr-robert,407,295,112,27.5
2026-10-08T05:33:00Z,2026-10-08T07:33:00+02:00,54,placa-vella,297,208,89,30
2026-10-08T05:33:00Z,2026-10-08T07:33:00+02:00,55,ajuntament-mercat,237,186,51,21.5
2026-10-08T05:34:00Z,2026-10-08T07:34:00+02:00,53,dr-robert,407,295,112,27.5
2026-10-08T05:34:00Z,2026-10-08T07:34:00+02:00,54,placa-vella,297,208,89,30
2026-10-08T05:34:00Z,2026-10-08T07:34:00+02:00,55,ajuntament-mercat,237,186,51,21.5
2026-10-08T05:35:00Z,2026-10-08T07:35:00+02:00,53,dr-robert,407,291,116,28.5
2026-10-08T05:35:00Z,2026-10-08T07:35:00+02:00,54,placa-vella,297,209,88,29.6
2026-10-08T05:35:00Z,2026-10-08T07:35:00+02:00,55,ajuntament-mercat,237,184,53,22.4
2026-10-08T05:36:00Z,2026-10-08T07:36:00+02:00,53,dr-robert,407,291,116,28.5
2026-10-08T05:36:00Z,2026-10-08T07:36:00+02:00,54,placa-vella,297,209,88,29.6
2026-10-08T05:36:00Z,2026-10-08T07:36:00+02:00,55,ajuntament-mercat,237,184,53,22.4
2026-10-08T05:37:00Z,2026-10-08T07:37:00+02:00,53,dr-robert,407,291,116,28.5
2026-10-08T05:37:00Z,2026-10-08T07:37:00+02:00,54,placa-vella,297,209,88,29.6
2026-10-08T05:37:00Z,2026-10-08T07:37:00+02:00,55,ajuntament-mercat,237,184,53,22.4
2026-10-08T05:38:00Z,2026-10-08T07:38:00+02:00,53,dr-robert,407,291,116,28.5
2026-10-08T05:38:00Z,2026-10-08T07:38:00+02:00,54,placa-vella,297,209,88,29.6
2026-10-08T05:38:00Z,2026-10-08T07:38:00+02:00,55,ajuntament-mercat,237,184,53,22.4
2026-10-08T05:39:00Z,2026-10-08T07:39:00+02:00,53,dr-robert,407,291,116,28.5
2026-10-08T05:39:00Z,2026-10-08T07:39:00+02:00,54,placa-vella,297,209,88,29.6
2026-10-08T05:39:00Z,2026-10-08T07:39:00+02:00,55,ajuntament-mercat,237,184,53,22.4
2026-10-08T05:40:00Z,2026-10-08T07:40:00+02:00,53,dr-robert,407,284,123,30.2
2026-10-08T05:40:00Z,2026-10-08T07:40:00+02:00,54,placa-vella,297,208,89,30
2026-10-08T05:40:00Z,2026-10-08T07:40:00+02:00,55,ajuntament-mercat,237,181,56,23.6
2026-10-08T05:41:00Z,2026-10-08T07:41:00+02:00,53,dr-robert,407,284,123,30.2
2026-10-08T05:41:00Z,2026-10-08T07:41:00+02:00,54,placa-vella,297,208,89,30
2026-10-08T05:41:00Z,2026-10-08T07:41:00+02:00,55,ajuntament-mercat,237,181,56,23.6
2026-10-08T05:42:00Z,2026-10-08T07:42:00+02:00,53,dr-robert,407,284,123,30.2
2026-10-08T05:42:00Z,2026-10-08T07:42:00+02:00,54,placa-vella,297,208,89,30
2026-10-08T05:42:00Z,2026-10-08T07:42:00+02:00,55,ajuntament-mercat,237,181,56,23.6
2026-10-08T05:43:00Z,2026-10-08T07:43:00+02:00,53,dr-robert,407,284,123,30.2
2026-10-08T05:43:00Z,2026-10-08T07:43:00+02:00,54,placa-vella,297,208,89,30
2026-10-08T05:43:00Z,2026-10-08T07:43:00+02:00,55,ajuntament-mercat,237,181,56,23.6
2026-10-08T05:44:00Z,2026-10-08T07:44:00+02:00,53,dr-robert,407,284,123,30.2
2026-10-08T05:44:00Z,2026-10-08T07:44:00+02:00,54,placa-vella,297,208,89,30
2026-10-08T05:44:00Z,2026-10-08T07:44:00+02:00,55,ajuntament-mercat,237,181,56,23.6
2026-10-08T05:45:00Z,2026-10-08T07:45:00+02:00,53,dr-robert,407,278,129,31.7
2026-10-08T05:45:00Z,2026-10-08T07:45:00+02:00,54,placa-vella,297,206,91,30.6
2026-10-08T05:45:00Z,2026-10-08T07:45:00+02:00,55,ajuntament-mercat,237,175,62,26.2
2026-10-08T05:46:00Z,2026-10-08T07:46:00+02:00,53,dr-robert,407,278,129,31.7
2026-10-08T05:46:00Z,2026-10-08T07:46:00+02:00,54,placa-vella,297,206,91,30.6
2026-10-08T05:46:00Z,2026-10-08T07:46:00+02:00,55,ajuntament-mercat,237,175,62,26.2
2026-10-08T05:47:00Z,2026-10-08T07:47:00+02:00,53,dr-robert,407,278,129,31.7
2026-10-08T05:47:00Z,2026-10-08T07:47:00+02:00,54,placa-vella,297,206,91,30.6
2026-10-08T05:47:00Z,2026-10-08T07:47:00+02:00,55,ajuntament-mercat,237,175,62,26.2
2026-10-08T05:48:00Z,2026-10-08T07:48:00+02:00,53,dr-robert,407,278,129,31.7
2026-10-08T05:48:00Z,2026-10-08T07:48:00+02:00,54,placa-vella,297,206,91,30.6
2026-10-08T05:48:00Z,2026-10-08T07:48:00+02:00,55,ajuntament-mercat,237,175,62,26.2
2026-10-08T05:49:00Z,2026-10-08T07:49:00+02:00,53,dr-robert,407,278,129,31.7
2026-10-08T05:49:00Z,2026-10-08T07:49:00+02:00,54,placa-vella,297,206,91,30.6
2026-10-08T05:49:00Z,2026-10-08T07:49:00+02:00,55,ajuntament-mercat,237,175,62,26.2
2026-10-08T05:50:00Z,2026-10-08T07:50:00+02:00,53,dr-robert,407,269,138,33.9
2026-10-08T05:50:00Z,2026-10-08T07:50:00+02:00,54,placa-vella,297,200,97,32.7
2026-10-08T05:50:00Z,2026-10-08T07:50:00+02:00,55,ajuntament-mercat,237,172,65,27.4
2026-10-08T05:51:00Z,2026-10-08T07:51:00+02:00,53,dr-robert,407,269,138,33.9
2026-10-08T05:51:00Z,2026-10-08T07:51:00+02:00,54,placa-vella,297,200,97,32.7
2026-10-08T05:51:00Z,2026-10-08T07:51:00+02:00,55,ajuntament-mercat,237,172,65,27.4
2026-10-08T05:52:00Z,2026-10-08T07:52:00+02:00,53,dr-robert,407,269,138,33.9
2026-10-08T05:52:00Z,2026-10-08T07:52:00+02:00,54,placa-vella,297,200,97,32.7
2026-10-08T05:52:00Z,2026-10-08T07:52:00+02:00,55,ajuntament-mercat,237,172,65,27.4
2026-10-08T05:53:00Z,2026-10-08T07:53:00+02:00,53,dr-robert,407,269,138,33.9
2026-10-08T05:53:00Z,2026-10-08T07:53:00+02:00,54,placa-vella,297,200,97,32.7
2026-10-08T05:53:00Z,2026-10-08T07:53:00+02:00,55,ajuntament-mercat,237,172,65,27.4
2026-10-08T05:54:00Z,2026-10-08T07:54:00+02:00,53,dr-robert,407,269,138,33.9
2026-10-08T05:54:00Z,2026-10-08T07:54:00+02:00,54,placa-vella,297,200,97,32.7
2026-10-08T05:54:00Z,2026-10-08T07:54:00+02:00,55,ajuntament-mercat,237,172,65,27.4
2026-10-08T05:55:00Z,2026-10-08T07:55:00+02:00,53,dr-robert,407,263,144,35.4
2026-10-08T05:55:00Z,2026-10-08T07:55:00+02:00,54,placa-vella,297,200,97,32.7
2026-10-08T05:55:00Z,2026-10-08T07:55:00+02:00,55,ajuntament-mercat,237,168,69,29.1
2026-10-08T05:56:00Z,2026-10-08T07:56:00+02:00,53,dr-robert,407,263,144,35.4
2026-10-08T05:56:00Z,2026-10-08T07:56:00+02:00,54,placa-vella,297,200,97,32.7
2026-10-08T05:56:00Z,2026-10-08T07:56:00+02:00,55,ajuntament-mercat,237,168,69,29.1
2026-10-08T05:57:00Z,2026-10-08T07:57:00+02:00,53,dr-robert,407,263,144,35.4
2026-10-08T05:57:00Z,2026-10-08T07:57:00+02:00,54,placa-vella,297,200,97,32.7
2026-10-08T05:57:00Z,2026-10-08T07:57:00+02:00,55,ajuntament-mercat,237,168,69,29.1
2026-10-08T05:58:00Z,2026-10-08T07:58:00+02:00,53,dr-robert,407,263,144,35.4
2026-10-08T05:58:00Z,2026-10-08T07:58:00+02:00,54,placa-vella,297,200,97,32.7
2026-10-08T05:58:00Z,2026-10-08T07:58:00+02:00,55,ajuntament-mercat,237,168,69,29.1
2026-10-08T05:59:00Z,2026-10-08T07:59:00+02:00,53,dr-robert,407,263,144,35.4
2026-10-08T05:59:00Z,2026-10-08T07:59:00+02:00,54,placa-vella,297,200,97,32.7
2026-10-08T05:59:00Z,2026-10-08T07:59:00+02:00,55,ajuntament-mercat,237,168,69,29.1
2026-10-08T06:00:00Z,2026-10-08T08:00:00+02:00,53,dr-robert,407,263,144,35.4
2026-10-08T06:00:00Z,2026-10-08T08:00:00+02:00,54,placa-vella,297,200,97,32.7
2026-10-08T06:00:00Z,2026-10-08T08:00:00+02:00,55,ajuntament-mercat,237,168,69,29.1
2026-10-08T06:01:00Z,2026-10-08T08:01:00+02:00,53,dr-robert,407,263,144,35.4
2026-10-08T06:01:00Z,2026-10-08T08:01:00+02:00,54,placa-vella,297,200,97,32.7
2026-10-08T06:01:00Z,2026-10-08T08:01:00+02:00,55,ajuntament-mercat,237,168,69,29.1
2026-10-08T06:02:00Z,2026-10-08T08:02:00+02:00,53,dr-robert,407,263,144,35.4
2026-10-08T06:02:00Z,2026-10-08T08:02:00+02:00,54,placa-vella,297,200,97,32.7
2026-10-08T06:02:00Z,2026-10-08T08:02:00+02:00,55,ajuntament-mercat,237,168,69,29.1
2026-10-08T06:03:00Z,2026-10-08T08:03:00+02:00,53,dr-robert,407,263,144,35.4
2026-10-08T06:03:00Z,2026-10-08T08:03:00+02:00,54,placa-vella,297,200,97,32.7
2026-10-08T06:03:00Z,2026-10-08T08:03:00+02:00,55,ajuntament-mercat,237,168,69,29.1
2026-10-08T06:04:00Z,2026-10-08T08:04:00+02:00,53,dr-robert,407,238,169,41.5
2026-10-08T06:04:00Z,2026-10-08T08:04:00+02:00,54,placa-vella,297,190,107,36
2026-10-08T06:04:00Z,2026-10-08T08:04:00+02:00,55,ajuntament-mercat,237,154,83,35
2026-10-08T06:05:00Z,2026-10-08T08:05:00+02:00,53,dr-robert,407,234,173,42.5
2026-10-08T06:05:00Z,2026-10-08T08:05:00+02:00,54,placa-vella,297,189,108,36.4
2026-10-08T06:05:00Z,2026-10-08T08:05:00+02:00,55,ajuntament-mercat,237,153,84,35.4
2026-10-08T06:06:00Z,2026-10-08T08:06:00+02:00,53,dr-robert,407,234,173,42.5
2026-10-08T06:06:00Z,2026-10-08T08:06:00+02:00,54,placa-vella,297,189,108,36.4
2026-10-08T06:06:00Z,2026-10-08T08:06:00+02:00,55,ajuntament-mercat,237,153,84,35.4
2026-10-08T06:07:00Z,2026-10-08T08:07:00+02:00,53,dr-robert,407,234,173,42.5
2026-10-08T06:07:00Z,2026-10-08T08:07:00+02:00,54,placa-vella,297,189,108,36.4
2026-10-08T06:07:00Z,2026-10-08T08:07:00+02:00,55,ajuntament-mercat,237,153,84,35.4
2026-10-08T06:08:00Z,2026-10-08T08:08:00+02:00,53,dr-robert,407,234,173,42.5
2026-10-08T06:08:00Z,2026-10-08T08:08:00+02:00,54,placa-vella,297,189,108,36.4
2026-10-08T06:08:00Z,2026-10-08T08:08:00+02:00,55,ajuntament-mercat,237,153,84,35.4
2026-10-08T06:09:00Z,2026-10-08T08:09:00+02:00,53,dr-robert,407,234,173,42.5
2026-10-08T06:09:00Z,2026-10-08T08:09:00+02:00,54,placa-vella,297,189,108,36.4
2026-10-08T06:09:00Z,2026-10-08T08:09:00+02:00,55,ajuntament-mercat,237,153,84,35.4
2026-10-08T06:10:00Z,2026-10-08T08:10:00+02:00,53,dr-robert,407,217,190,46.7
2026-10-08T06:10:00Z,2026-10-08T08:10:00+02:00,54,placa-vella,297,188,109,36.7
2026-10-08T06:10:00Z,2026-10-08T08:10:00+02:00,55,ajuntament-mercat,237,146,91,38.4
2026-10-08T06:11:00Z,2026-10-08T08:11:00+02:00,53,dr-robert,407,217,190,46.7
2026-10-08T06:11:00Z,2026-10-08T08:11:00+02:00,54,placa-vella,297,188,109,36.7
2026-10-08T06:11:00Z,2026-10-08T08:11:00+02:00,55,ajuntament-mercat,237,146,91,38.4
2026-10-08T06:12:00Z,2026-10-08T08:12:00+02:00,53,dr-robert,407,217,190,46.7
2026-10-08T06:12:00Z,2026-10-08T08:12:00+02:00,54,placa-vella,297,188,109,36.7
2026-10-08T06:12:00Z,2026-10-08T08:12:00+02:00,55,ajuntament-mercat,237,146,91,38.4
2026-10-08T06:13:00Z,2026-10-08T08:13:00+02:00,53,dr-robert,407,217,190,46.7
2026-10-08T06:13:00Z,2026-10-08T08:13:00+02:00,54,placa-vella,297,188,109,36.7
2026-10-08T06:13:00Z,2026-10-08T08:13:00+02:00,55,ajuntament-mercat,237,146,91,38.4
2026-10-08T06:14:00Z,2026-10-08T08:14:00+02:00,53,dr-robert,407,217,190,46.7
2026-10-08T06:14:00Z,2026-10-08T08:14:00+02:00,54,placa-vella,297,188,109,36.7
2026-10-08T06:14:00Z,2026-10-08T08:14:00+02:00,55,ajuntament-mercat,237,146,91,38.4
2026-10-08T06:15:00Z,2026-10-08T08:15:00+02:00,53,dr-robert,407,201,206,50.6
2026-10-08T06:15:00Z,2026-10-08T08:15:00+02:00,54,placa-vella,297,188,109,36.7
2026-10-08T06:15:00Z,2026-10-08T08:15:00+02:00,55,ajuntament-mercat,237,139,98,41.4
2026-10-08T06:16:00Z,2026-10-08T08:16:00+02:00,53,dr-robert,407,201,206,50.6
2026-10-08T06:16:00Z,2026-10-08T08:16:00+02:00,54,placa-vella,297,188,109,36.7
2026-10-08T06:16:00Z,2026-10-08T08:16:00+02:00,55,ajuntament-mercat,237,139,98,41.4
2026-10-08T06:17:00Z,2026-10-08T08:17:00+02:00,53,dr-robert,407,201,206,50.6
2026-10-08T06:17:00Z,2026-10-08T08:17:00+02:00,54,placa-vella,297,188,109,36.7
2026-10-08T06:17:00Z,2026-10-08T08:17:00+02:00,55,ajuntament-mercat,237,139,98,41.4
2026-10-08T06:18:00Z,2026-10-08T08:18:00+02:00,53,dr-robert,407,201,206,50.6
2026-10-08T06:18:00Z,2026-10-08T08:18:00+02:00,54,placa-vella,297,188,109,36.7
2026-10-08T06:18:00Z,2026-10-08T08:18:00+02:00,55,ajuntament-mercat,237,139,98,41.4
2026-10-08T06:19:00Z,2026-10-08T08:19:00+02:00,53,dr-robert,407,201,206,50.6
2026-10-08T06:19:00Z,2026-10-08T08:19:00+02:00,54,placa-vella,297,188,109,36.7
2026-10-08T06:19:00Z,2026-10-08T08:19:00+02:00,55,ajuntament-mercat,237,139,98,41.4
2026-10-08T06:20:00Z,2026-10-08T08:20:00+02:00,53,dr-robert,407,188,219,53.8
2026-10-08T06:20:00Z,2026-10-08T08:20:00+02:00,54,placa-vella,297,184,113,38
2026-10-08T06:20:00Z,2026-10-08T08:20:00+02:00,55,ajuntament-mercat,237,138,99,41.8
2026-10-08T06:21:00Z,2026-10-08T08:21:00+02:00,53,dr-robert,407,188,219,53.8
2026-10-08T06:21:00Z,2026-10-08T08:21:00+02:00,54,placa-vella,297,184,113,38
2026-10-08T06:21:00Z,2026-10-08T08:21:00+02:00,55,ajuntament-mercat,237,138,99,41.8
2026-10-08T06:22:00Z,2026-10-08T08:22:00+02:00,53,dr-robert,407,188,219,53.8
2026-10-08T06:22:00Z,2026-10-08T08:22:00+02:00,54,placa-vella,297,184,113,38
2026-10-08T06:22:00Z,2026-10-08T08:22:00+02:00,55,ajuntament-mercat,237,138,99,41.8
2026-10-08T06:23:00Z,2026-10-08T08:23:00+02:00,53,dr-robert,407,188,219,53.8
2026-10-08T06:23:00Z,2026-10-08T08:23:00+02:00,54,placa-vella,297,184,113,38
2026-10-08T06:23:00Z,2026-10-08T08:23:00+02:00,55,ajuntament-mercat,237,138,99,41.8
2026-10-08T06:24:00Z,2026-10-08T08:24:00+02:00,53,dr-robert,407,188,219,53.8
2026-10-08T06:24:00Z,2026-10-08T08:24:00+02:00,54,placa-vella,297,184,113,38
2026-10-08T06:24:00Z,2026-10-08T08:24:00+02:00,55,ajuntament-mercat,237,138,99,41.8
2026-10-08T06:25:00Z,2026-10-08T08:25:00+02:00,53,dr-robert,407,174,233,57.2
2026-10-08T06:25:00Z,2026-10-08T08:25:00+02:00,54,placa-vella,297,180,117,39.4
2026-10-08T06:25:00Z,2026-10-08T08:25:00+02:00,55,ajuntament-mercat,237,133,104,43.9
2026-10-08T06:26:00Z,2026-10-08T08:26:00+02:00,53,dr-robert,407,174,233,57.2
2026-10-08T06:26:00Z,2026-10-08T08:26:00+02:00,54,placa-vella,297,180,117,39.4
2026-10-08T06:26:00Z,2026-10-08T08:26:00+02:00,55,ajuntament-mercat,237,133,104,43.9
2026-10-08T06:27:00Z,2026-10-08T08:27:00+02:00,53,dr-robert,407,174,233,57.2
2026-10-08T06:27:00Z,2026-10-08T08:27:00+02:00,54,placa-vella,297,180,117,39.4
2026-10-08T06:27:00Z,2026-10-08T08:27:00+02:00,55,ajuntament-mercat,237,133,104,43.9
2026-10-08T06:28:00Z,2026-10-08T08:28:00+02:00,53,dr-robert,407,174,233,57.2
2026-10-08T06:28:00Z,2026-10-08T08:28:00+02:00,54,placa-vella,297,180,117,39.4
2026-10-08T06:28:00Z,2026-10-08T08:28:00+02:00,55,ajuntament-mercat,237,133,104,43.9
2026-10-08T06:29:00Z,2026-10-08T08:29:00+02:00,53,dr-robert,407,174,233,57.2
2026-10-08T06:29:00Z,2026-10-08T08:29:00+02:00,54,placa-vella,297,180,117,39.4
2026-10-08T06:29:00Z,2026-10-08T08:29:00+02:00,55,ajuntament-mercat,237,133,104,43.9
2026-10-08T06:30:00Z,2026-10-08T08:30:00+02:00,53,dr-robert,407,163,244,60
2026-10-08T06:30:00Z,2026-10-08T08:30:00+02:00,54,placa-vella,297,181,116,39.1
2026-10-08T06:30:00Z,2026-10-08T08:30:00+02:00,55,ajuntament-mercat,237,125,112,47.3
2026-10-08T06:31:00Z,2026-10-08T08:31:00+02:00,53,dr-robert,407,163,244,60
2026-10-08T06:31:00Z,2026-10-08T08:31:00+02:00,54,placa-vella,297,181,116,39.1
2026-10-08T06:31:00Z,2026-10-08T08:31:00+02:00,55,ajuntament-mercat,237,125,112,47.3
2026-10-08T06:32:00Z,2026-10-08T08:32:00+02:00,53,dr-robert,407,163,244,60
2026-10-08T06:32:00Z,2026-10-08T08:32:00+02:00,54,placa-vella,297,181,116,39.1
2026-10-08T06:32:00Z,2026-10-08T08:32:00+02:00,55,ajuntament-mercat,237,125,112,47.3
2026-10-08T06:33:00Z,2026-10-08T08:33:00+02:00,53,dr-robert,407,163,244,60
2026-10-08T06:33:00Z,2026-10-08T08:33:00+02:00,54,placa-vella,297,181,116,39.1
2026-10-08T06:33:00Z,2026-10-08T08:33:00+02:00,55,ajuntament-mercat,237,125,112,47.3
2026-10-08T06:34:00Z,2026-10-08T08:34:00+02:00,53,dr-robert,407,163,244,60
2026-10-08T06:34:00Z,2026-10-08T08:34:00+02:00,54,placa-vella,297,181,116,39.1
2026-10-08T06:34:00Z,2026-10-08T08:34:00+02:00,55,ajuntament-mercat,237,125,112,47.3
2026-10-08T06:35:00Z,2026-10-08T08:35:00+02:00,53,dr-robert,407,157,250,61.4
2026-10-08T06:35:00Z,2026-10-08T08:35:00+02:00,54,placa-vella,297,179,118,39.7
2026-10-08T06:35:00Z,2026-10-08T08:35:00+02:00,55,ajuntament-mercat,237,121,116,48.9
2026-10-08T06:36:00Z,2026-10-08T08:36:00+02:00,53,dr-robert,407,157,250,61.4
2026-10-08T06:36:00Z,2026-10-08T08:36:00+02:00,54,placa-vella,297,179,118,39.7
2026-10-08T06:36:00Z,2026-10-08T08:36:00+02:00,55,ajuntament-mercat,237,121,116,48.9
2026-10-08T06:37:00Z,2026-10-08T08:37:00+02:00,53,dr-robert,407,157,250,61.4
2026-10-08T06:37:00Z,2026-10-08T08:37:00+02:00,54,placa-vella,297,179,118,39.7
2026-10-08T06:37:00Z,2026-10-08T08:37:00+02:00,55,ajuntament-mercat,237,121,116,48.9
2026-10-08T06:38:00Z,2026-10-08T08:38:00+02:00,53,dr-robert,407,157,250,61.4
2026-10-08T06:38:00Z,2026-10-08T08:38:00+02:00,54,placa-vella,297,179,118,39.7
2026-10-08T06:38:00Z,2026-10-08T08:38:00+02:00,55,ajuntament-mercat,237,121,116,48.9
2026-10-08T06:39:00Z,2026-10-08T08:39:00+02:00,53,dr-robert,407,157,250,61.4
2026-10-08T06:39:00Z,2026-10-08T08:39:00+02:00,54,placa-vella,297,179,118,39.7
2026-10-08T06:39:00Z,2026-10-08T08:39:00+02:00,55,ajuntament-mercat,237,121,116,48.9
2026-10-08T06:40:00Z,2026-10-08T08:40:00+02:00,53,dr-robert,407,145,262,64.4
2026-10-08T06:40:00Z,2026-10-08T08:40:00+02:00,54,placa-vella,297,176,121,40.7
2026-10-08T06:40:00Z,2026-10-08T08:40:00+02:00,55,ajuntament-mercat,237,116,121,51.1
2026-10-08T06:41:00Z,2026-10-08T08:41:00+02:00,53,dr-robert,407,145,262,64.4
2026-10-08T06:41:00Z,2026-10-08T08:41:00+02:00,54,placa-vella,297,176,121,40.7
2026-10-08T06:41:00Z,2026-10-08T08:41:00+02:00,55,ajuntament-mercat,237,116,121,51.1
2026-10-08T06:42:00Z,2026-10-08T08:42:00+02:00,53,dr-robert,407,145,262,64.4
2026-10-08T06:42:00Z,2026-10-08T08:42:00+02:00,54,placa-vella,297,176,121,40.7
2026-10-08T06:42:00Z,2026-10-08T08:42:00+02:00,55,ajuntament-mercat,237,116,121,51.1
2026-10-08T06:43:00Z,2026-10-08T08:43:00+02:00,53,dr-robert,407,145,262,64.4
2026-10-08T06:43:00Z,2026-10-08T08:43:00+02:00,54,placa-vella,297,176,121,40.7
2026-10-08T06:43:00Z,2026-10-08T08:43:00+02:00,55,ajuntament-mercat,237,116,121,51.1
2026-10-08T06:44:00Z,2026-10-08T08:44:00+02:00,53,dr-robert,407,145,262,64.4
2026-10-08T06:44:00Z,2026-10-08T08:44:00+02:00,54,placa-vella,297,176,121,40.7
2026-10-08T06:44:00Z,2026-10-08T08:44:00+02:00,55,ajuntament-mercat,237,116,121,51.1
2026-10-08T06:45:00Z,2026-10-08T08:45:00+02:00,53,dr-robert,407,136,271,66.6
2026-10-08T06:45:00Z,2026-10-08T08:45:00+02:00,54,placa-vella,297,172,125,42.1
2026-10-08T06:45:00Z,2026-10-08T08:45:00+02:00,55,ajuntament-mercat,237,107,130,54.9
2026-10-08T06:46:00Z,2026-10-08T08:46:00+02:00,53,dr-robert,407,136,271,66.6
2026-10-08T06:46:00Z,2026-10-08T08:46:00+02:00,54,placa-vella,297,172,125,42.1
2026-10-08T06:46:00Z,2026-10-08T08:46:00+02:00,55,ajuntament-mercat,237,107,130,54.9
2026-10-08T06:47:00Z,2026-10-08T08:47:00+02:00,53,dr-robert,407,136,271,66.6
2026-10-08T06:47:00Z,2026-10-08T08:47:00+02:00,54,placa-vella,297,172,125,42.1
2026-10-08T06:47:00Z,2026-10-08T08:47:00+02:00,55,ajuntament-mercat,237,107,130,54.9
2026-10-08T06:48:00Z,2026-10-08T08:48:00+02:00,53,dr-robert,407,136,271,66.6
2026-10-08T06:48:00Z,2026-10-08T08:48:00+02:00,54,placa-vella,297,172,125,42.1
2026-10-08T06:48:00Z,2026-10-08T08:48:00+02:00,55,ajuntament-mercat,237,107,130,54.9
2026-10-08T06:49:00Z,2026-10-08T08:49:00+02:00,53,dr-robert,407,136,271,66.6
2026-10-08T06:49:00Z,2026-10-08T08:49:00+02:00,54,placa-vella,297,172,125,42.1
2026-10-08T06:49:00Z,2026-10-08T08:49:00+02:00,55,ajuntament-mercat,237,107,130,54.9
2026-10-08T06:50:00Z,2026-10-08T08:50:00+02:00,53,dr-robert,407,125,282,69.3
2026-10-08T06:50:00Z,2026-10-08T08:50:00+02:00,54,placa-vella,297,171,126,42.4
2026-10-08T06:50:00Z,2026-10-08T08:50:00+02:00,55,ajuntament-mercat,237,103,134,56.5
2026-10-08T06:51:00Z,2026-10-08T08:51:00+02:00,53,dr-robert,407,125,282,69.3
2026-10-08T06:51:00Z,2026-10-08T08:51:00+02:00,54,placa-vella,297,171,126,42.4
2026-10-08T06:51:00Z,2026-10-08T08:51:00+02:00,55,ajuntament-mercat,237,103,134,56.5
2026-10-08T06:52:00Z,2026-10-08T08:52:00+02:00,53,dr-robert,407,125,282,69.3
2026-10-08T06:52:00Z,2026-10-08T08:52:00+02:00,54,placa-vella,297,171,126,42.4
2026-10-08T06:52:00Z,2026-10-08T08:52:00+02:00,55,ajuntament-mercat,237,103,134,56.5
2026-10-08T06:53:00Z,2026-10-08T08:53:00+02:00,53,dr-robert,407,125,282,69.3
2026-10-08T06:53:00Z,2026-10-08T08:53:00+02:00,54,placa-vella,297,171,126,42.4
2026-10-08T06:53:00Z,2026-10-08T08:53:00+02:00,55,ajuntament-mercat,237,103,134,56.5
2026-10-08T06:54:00Z,2026-10-08T08:54:00+02:00,53,dr-robert,407,125,282,69.3
2026-10-08T06:54:00Z,2026-10-08T08:54:00+02:00,54,placa-vella,297,171,126,42.4
2026-10-08T06:54:00Z,2026-10-08T08:54:00+02:00,55,ajuntament-mercat,237,103,134,56.5
2026-10-08T06:55:00Z,2026-10-08T08:55:00+02:00,53,dr-robert,407,123,284,69.8
2026-10-08T06:55:00Z,2026-10-08T08:55:00+02:00,54,placa-vella,297,162,135,45.5
2026-10-08T06:55:00Z,2026-10-08T08:55:00+02:00,55,ajuntament-mercat,237,96,141,59.5
2026-10-08T06:56:00Z,2026-10-08T08:56:00+02:00,53,dr-robert,407,123,284,69.8
2026-10-08T06:56:00Z,2026-10-08T08:56:00+02:00,54,placa-vella,297,162,135,45.5
2026-10-08T06:56:00Z,2026-10-08T08:56:00+02:00,55,ajuntament-mercat,237,96,141,59.5
2026-10-08T06:57:00Z,2026-10-08T08:57:00+02:00,53,dr-robert,407,123,284,69.8
2026-10-08T06:57:00Z,2026-10-08T08:57:00+02:00,54,placa-vella,297,162,135,45.5
2026-10-08T06:57:00Z,2026-10-08T08:57:00+02:00,55,ajuntament-mercat,237,96,141,59.5
2026-10-08T06:58:00Z,2026-10-08T08:58:00+02:00,53,dr-robert,407,123,284,69.8
2026-10-08T06:58:00Z,2026-10-08T08:58:00+02:00,54,placa-vella,297,162,135,45.5
2026-10-08T06:58:00Z,2026-10-08T08:58:00+02:00,55,ajuntament-mercat,237,96,141,59.5
2026-10-08T06:59:00Z,2026-10-08T08:59:00+02:00,53,dr-robert,407,123,284,69.8
2026-10-08T06:59:00Z,2026-10-08T08:59:00+02:00,54,placa-vella,297,162,135,45.5
2026-10-08T06:59:00Z,2026-10-08T08:59:00+02:00,55,ajuntament-mercat,237,96,141,59.5
2026-10-08T07:00:00Z,2026-10-08T09:00:00+02:00,53,dr-robert,407,123,284,69.8
2026-10-08T07:00:00Z,2026-10-08T09:00:00+02:00,54,placa-vella,297,162,135,45.5
2026-10-08T07:00:00Z,2026-10-08T09:00:00+02:00,55,ajuntament-mercat,237,96,141,59.5
2026-10-08T07:01:00Z,2026-10-08T09:01:00+02:00,53,dr-robert,407,114,293,72
2026-10-08T07:01:00Z,2026-10-08T09:01:00+02:00,54,placa-vella,297,157,140,47.1
2026-10-08T07:01:00Z,2026-10-08T09:01:00+02:00,55,ajuntament-mercat,237,95,142,59.9
2026-10-08T07:02:00Z,2026-10-08T09:02:00+02:00,53,dr-robert,407,114,293,72
2026-10-08T07:02:00Z,2026-10-08T09:02:00+02:00,54,placa-vella,297,157,140,47.1
2026-10-08T07:02:00Z,2026-10-08T09:02:00+02:00,55,ajuntament-mercat,237,95,142,59.9
2026-10-08T07:03:00Z,2026-10-08T09:03:00+02:00,53,dr-robert,407,114,293,72
2026-10-08T07:03:00Z,2026-10-08T09:03:00+02:00,54,placa-vella,297,157,140,47.1
2026-10-08T07:03:00Z,2026-10-08T09:03:00+02:00,55,ajuntament-mercat,237,95,142,59.9
2026-10-08T07:04:00Z,2026-10-08T09:04:00+02:00,53,dr-robert,407,114,293,72
2026-10-08T07:04:00Z,2026-10-08T09:04:00+02:00,54,placa-vella,297,157,140,47.1
2026-10-08T07:04:00Z,2026-10-08T09:04:00+02:00,55,ajuntament-mercat,237,95,142,59.9
2026-10-08T07:05:00Z,2026-10-08T09:05:00+02:00,53,dr-robert,407,103,304,74.7
2026-10-08T07:05:00Z,2026-10-08T09:05:00+02:00,54,placa-vella,297,157,140,47.1
2026-10-08T07:05:00Z,2026-10-08T09:05:00+02:00,55,ajuntament-mercat,237,92,145,61.2
2026-10-08T07:06:00Z,2026-10-08T09:06:00+02:00,53,dr-robert,407,103,304,74.7
2026-10-08T07:06:00Z,2026-10-08T09:06:00+02:00,54,placa-vella,297,157,140,47.1
2026-10-08T07:06:00Z,2026-10-08T09:06:00+02:00,55,ajuntament-mercat,237,92,145,61.2
2026-10-08T07:07:00Z,2026-10-08T09:07:00+02:00,53,dr-robert,407,103,304,74.7
2026-10-08T07:07:00Z,2026-10-08T09:07:00+02:00,54,placa-vella,297,157,140,47.1
2026-10-08T07:07:00Z,2026-10-08T09:07:00+02:00,55,ajuntament-mercat,237,92,145,61.2
2026-10-08T07:08:00Z,2026-10-08T09:08:00+02:00,53,dr-robert,407,103,304,74.7
2026-10-08T07:08:00Z,2026-10-08T09:08:00+02:00,54,placa-vella,297,157,140,47.1
2026-10-08T07:08:00Z,2026-10-08T09:08:00+02:00,55,ajuntament-mercat,237,92,145,61.2
2026-10-08T07:09:00Z,2026-10-08T09:09:00+02:00,53,dr-robert,407,103,304,74.7
2026-10-08T07:09:00Z,2026-10-08T09:09:00+02:00,54,placa-vella,297,157,140,47.1
2026-10-08T07:09:00Z,2026-10-08T09:09:00+02:00,55,ajuntament-mercat,237,92,145,61.2
2026-10-08T07:10:00Z,2026-10-08T09:10:00+02:00,53,dr-robert,407,103,304,74.7
2026-10-08T07:10:00Z,2026-10-08T09:10:00+02:00,54,placa-vella,297,154,143,48.1
2026-10-08T07:10:00Z,2026-10-08T09:10:00+02:00,55,ajuntament-mercat,237,88,149,62.9
2026-10-08T07:11:00Z,2026-10-08T09:11:00+02:00,53,dr-robert,407,103,304,74.7
2026-10-08T07:11:00Z,2026-10-08T09:11:00+02:00,54,placa-vella,297,154,143,48.1
2026-10-08T07:11:00Z,2026-10-08T09:11:00+02:00,55,ajuntament-mercat,237,88,149,62.9
2026-10-08T07:12:00Z,2026-10-08T09:12:00+02:00,53,dr-robert,407,103,304,74.7
2026-10-08T07:12:00Z,2026-10-08T09:12:00+02:00,54,placa-vella,297,154,143,48.1
2026-10-08T07:12:00Z,2026-10-08T09:12:00+02:00,55,ajuntament-mercat,237,88,149,62.9
2026-10-08T07:13:00Z,2026-10-08T09:13:00+02:00,53,dr-robert,407,103,304,74.7
2026-10-08T07:13:00Z,2026-10-08T09:13:00+02:00,54,placa-vella,297,154,143,48.1
2026-10-08T07:13:00Z,2026-10-08T09:13:00+02:00,55,ajuntament-mercat,237,88,149,62.9
2026-10-08T07:14:00Z,2026-10-08T09:14:00+02:00,53,dr-robert,407,103,304,74.7
2026-10-08T07:14:00Z,2026-10-08T09:14:00+02:00,54,placa-vella,297,154,143,48.1
2026-10-08T07:14:00Z,2026-10-08T09:14:00+02:00,55,ajuntament-mercat,237,88,149,62.9
2026-10-08T07:15:00Z,2026-10-08T09:15:00+02:00,53,dr-robert,407,108,299,73.5
2026-10-08T07:15:00Z,2026-10-08T09:15:00+02:00,54,placa-vella,297,149,148,49.8
2026-10-08T07:15:00Z,2026-10-08T09:15:00+02:00,55,ajuntament-mercat,237,85,152,64.1
2026-10-08T07:16:00Z,2026-10-08T09:16:00+02:00,53,dr-robert,407,108,299,73.5
2026-10-08T07:16:00Z,2026-10-08T09:16:00+02:00,54,placa-vella,297,149,148,49.8
2026-10-08T07:16:00Z,2026-10-08T09:16:00+02:00,55,ajuntament-mercat,237,85,152,64.1
2026-10-08T07:17:00Z,2026-10-08T09:17:00+02:00,53,dr-robert,407,108,299,73.5
2026-10-08T07:17:00Z,2026-10-08T09:17:00+02:00,54,placa-vella,297,149,148,49.8
2026-10-08T07:17:00Z,2026-10-08T09:17:00+02:00,55,ajuntament-mercat,237,85,152,64.1
2026-10-08T07:18:00Z,2026-10-08T09:18:00+02:00,53,dr-robert,407,108,299,73.5
2026-10-08T07:18:00Z,2026-10-08T09:18:00+02:00,54,placa-vella,297,149,148,49.8
2026-10-08T07:18:00Z,2026-10-08T09:18:00+02:00,55,ajuntament-mercat,237,85,152,64.1
2026-10-08T07:19:00Z,2026-10-08T09:19:00+02:00,53,dr-robert,407,108,299,73.5
2026-10-08T07:19:00Z,2026-10-08T09:19:00+02:00,54,placa-vella,297,149,148,49.8
2026-10-08T07:19:00Z,2026-10-08T09:19:00+02:00,55,ajuntament-mercat,237,85,152,64.1
2026-10-08T07:20:00Z,2026-10-08T09:20:00+02:00,53,dr-robert,407,99,308,75.7
2026-10-08T07:20:00Z,2026-10-08T09:20:00+02:00,54,placa-vella,297,141,156,52.5
2026-10-08T07:20:00Z,2026-10-08T09:20:00+02:00,55,ajuntament-mercat,237,82,155,65.4
2026-10-08T07:21:00Z,2026-10-08T09:21:00+02:00,53,dr-robert,407,99,308,75.7
2026-10-08T07:21:00Z,2026-10-08T09:21:00+02:00,54,placa-vella,297,141,156,52.5
2026-10-08T07:21:00Z,2026-10-08T09:21:00+02:00,55,ajuntament-mercat,237,82,155,65.4
2026-10-08T07:22:00Z,2026-10-08T09:22:00+02:00,53,dr-robert,407,99,308,75.7
2026-10-08T07:22:00Z,2026-10-08T09:22:00+02:00,54,placa-vella,297,141,156,52.5
2026-10-08T07:22:00Z,2026-10-08T09:22:00+02:00,55,ajuntament-mercat,237,82,155,65.4
2026-10-08T07:23:00Z,2026-10-08T09:23:00+02:00,53,dr-robert,407,99,308,75.7
2026-10-08T07:23:00Z,2026-10-08T09:23:00+02:00,54,placa-vella,297,141,156,52.5
2026-10-08T07:23:00Z,2026-10-08T09:23:00+02:00,55,ajuntament-mercat,237,82,155,65.4
2026-10-08T07:24:00Z,2026-10-08T09:24:00+02:00,53,dr-robert,407,99,308,75.7
2026-10-08T07:24:00Z,2026-10-08T09:24:00+02:00,54,placa-vella,297,141,156,52.5
2026-10-08T07:24:00Z,2026-10-08T09:24:00+02:00,55,ajuntament-mercat,237,82,155,65.4
2026-10-08T07:25:00Z,2026-10-08T09:25:00+02:00,53,dr-robert,407,88,319,78.4
2026-10-08T07:25:00Z,2026-10-08T09:25:00+02:00,54,placa-vella,297,134,163,54.9
2026-10-08T07:25:00Z,2026-10-08T09:25:00+02:00,55,ajuntament-mercat,237,80,157,66.2
2026-10-08T07:26:00Z,2026-10-08T09:26:00+02:00,53,dr-robert,407,88,319,78.4
2026-10-08T07:26:00Z,2026-10-08T09:26:00+02:00,54,placa-vella,297,134,163,54.9
2026-10-08T07:26:00Z,2026-10-08T09:26:00+02:00,55,ajuntament-mercat,237,80,157,66.2
2026-10-08T07:27:00Z,2026-10-08T09:27:00+02:00,53,dr-robert,407,88,319,78.4
2026-10-08T07:27:00Z,2026-10-08T09:27:00+02:00,54,placa-vella,297,134,163,54.9
2026-10-08T07:27:00Z,2026-10-08T09:27:00+02:00,55,ajuntament-mercat,237,80,157,66.2
2026-10-08T07:28:00Z,2026-10-08T09:28:00+02:00,53,dr-robert,407,88,319,78.4
2026-10-08T07:28:00Z,2026-10-08T09:28:00+02:00,54,placa-vella,297,134,163,54.9
2026-10-08T07:28:00Z,2026-10-08T09:28:00+02:00,55,ajuntament-mercat,237,80,157,66.2
2026-10-08T07:29:00Z,2026-10-08T09:29:00+02:00,53,dr-robert,407,88,319,78.4
2026-10-08T07:29:00Z,2026-10-08T09:29:00+02:00,54,placa-vella,297,134,163,54.9
2026-10-08T07:29:00Z,2026-10-08T09:29:00+02:00,55,ajuntament-mercat,237,80,157,66.2
2026-10-08T07:30:00Z,2026-10-08T09:30:00+02:00,53,dr-robert,407,84,323,79.4
2026-10-08T07:30:00Z,2026-10-08T09:30:00+02:00,54,placa-vella,297,126,171,57.6
2026-10-08T07:30:00Z,2026-10-08T09:30:00+02:00,55,ajuntament-mercat,237,76,161,67.9
2026-10-08T07:31:00Z,2026-10-08T09:31:00+02:00,53,dr-robert,407,84,323,79.4
2026-10-08T07:31:00Z,2026-10-08T09:31:00+02:00,54,placa-vella,297,126,171,57.6
2026-10-08T07:31:00Z,2026-10-08T09:31:00+02:00,55,ajuntament-mercat,237,76,161,67.9
2026-10-08T07:32:00Z,2026-10-08T09:32:00+02:00,53,dr-robert,407,84,323,79.4
2026-10-08T07:32:00Z,2026-10-08T09:32:00+02:00,54,placa-vella,297,126,171,57.6
2026-10-08T07:32:00Z,2026-10-08T09:32:00+02:00,55,ajuntament-mercat,237,76,161,67.9
2026-10-08T07:33:00Z,2026-10-08T09:33:00+02:00,53,dr-robert,407,84,323,79.4
2026-10-08T07:33:00Z,2026-10-08T09:33:00+02:00,54,placa-vella,297,126,171,57.6
2026-10-08T07:33:00Z,2026-10-08T09:33:00+02:00,55,ajuntament-mercat,237,76,161,67.9
2026-10-08T07:34:00Z,2026-10-08T09:34:00+02:00,53,dr-robert,407,84,323,79.4
2026-10-08T07:34:00Z,2026-10-08T09:34:00+02:00,54,placa-vella,297,126,171,57.6
2026-10-08T07:34:00Z,2026-10-08T09:34:00+02:00,55,ajuntament-mercat,237,76,161,67.9
2026-10-08T07:35:00Z,2026-10-08T09:35:00+02:00,53,dr-robert,407,84,323,79.4
2026-10-08T07:35:00Z,2026-10-08T09:35:00+02:00,54,placa-vella,297,126,171,57.6
2026-10-08T07:35:00Z,2026-10-08T09:35:00+02:00,55,ajuntament-mercat,237,76,161,67.9
2026-10-08T07:36:00Z,2026-10-08T09:36:00+02:00,53,dr-robert,407,82,325,79.9
2026-10-08T07:36:00Z,2026-10-08T09:36:00+02:00,54,placa-vella,297,121,176,59.3
2026-10-08T07:36:00Z,2026-10-08T09:36:00+02:00,55,ajuntament-mercat,237,66,171,72.2
2026-10-08T07:37:00Z,2026-10-08T09:37:00+02:00,53,dr-robert,407,82,325,79.9
2026-10-08T07:37:00Z,2026-10-08T09:37:00+02:00,54,placa-vella,297,121,176,59.3
2026-10-08T07:37:00Z,2026-10-08T09:37:00+02:00,55,ajuntament-mercat,237,66,171,72.2
2026-10-08T07:38:00Z,2026-10-08T09:38:00+02:00,53,dr-robert,407,82,325,79.9
2026-10-08T07:38:00Z,2026-10-08T09:38:00+02:00,54,placa-vella,297,121,176,59.3
2026-10-08T07:38:00Z,2026-10-08T09:38:00+02:00,55,ajuntament-mercat,237,66,171,72.2
2026-10-08T07:39:00Z,2026-10-08T09:39:00+02:00,53,dr-robert,407,82,325,79.9
2026-10-08T07:39:00Z,2026-10-08T09:39:00+02:00,54,placa-vella,297,121,176,59.3
2026-10-08T07:39:00Z,2026-10-08T09:39:00+02:00,55,ajuntament-mercat,237,66,171,72.2
2026-10-08T07:40:00Z,2026-10-08T09:40:00+02:00,53,dr-robert,407,77,330,81.1
2026-10-08T07:40:00Z,2026-10-08T09:40:00+02:00,54,placa-vella,297,116,181,60.9
2026-10-08T07:40:00Z,2026-10-08T09:40:00+02:00,55,ajuntament-mercat,237,61,176,74.3
2026-10-08T07:41:00Z,2026-10-08T09:41:00+02:00,53,dr-robert,407,77,330,81.1
2026-10-08T07:41:00Z,2026-10-08T09:41:00+02:00,54,placa-vella,297,116,181,60.9
2026-10-08T07:41:00Z,2026-10-08T09:41:00+02:00,55,ajuntament-mercat,237,61,176,74.3
2026-10-08T07:42:00Z,2026-10-08T09:42:00+02:00,53,dr-robert,407,77,330,81.1
2026-10-08T07:42:00Z,2026-10-08T09:42:00+02:00,54,placa-vella,297,116,181,60.9
2026-10-08T07:42:00Z,2026-10-08T09:42:00+02:00,55,ajuntament-mercat,237,61,176,74.3
2026-10-08T07:43:00Z,2026-10-08T09:43:00+02:00,53,dr-robert,407,77,330,81.1
2026-10-08T07:43:00Z,2026-10-08T09:43:00+02:00,54,placa-vella,297,116,181,60.9
2026-10-08T07:43:00Z,2026-10-08T09:43:00+02:00,55,ajuntament-mercat,237,61,176,74.3
2026-10-08T07:44:00Z,2026-10-08T09:44:00+02:00,53,dr-robert,407,77,330,81.1
2026-10-08T07:44:00Z,2026-10-08T09:44:00+02:00,54,placa-vella,297,116,181,60.9
2026-10-08T07:44:00Z,2026-10-08T09:44:00+02:00,55,ajuntament-mercat,237,61,176,74.3
2026-10-08T07:45:00Z,2026-10-08T09:45:00+02:00,53,dr-robert,407,77,330,81.1
2026-10-08T07:45:00Z,2026-10-08T09:45:00+02:00,54,placa-vella,297,116,181,60.9
2026-10-08T07:45:00Z,2026-10-08T09:45:00+02:00,55,ajuntament-mercat,237,61,176,74.3
2026-10-08T07:46:00Z,2026-10-08T09:46:00+02:00,53,dr-robert,407,70,337,82.8
2026-10-08T07:46:00Z,2026-10-08T09:46:00+02:00,54,placa-vella,297,111,186,62.6
2026-10-08T07:46:00Z,2026-10-08T09:46:00+02:00,55,ajuntament-mercat,237,57,180,75.9
2026-10-08T07:47:00Z,2026-10-08T09:47:00+02:00,53,dr-robert,407,70,337,82.8
2026-10-08T07:47:00Z,2026-10-08T09:47:00+02:00,54,placa-vella,297,111,186,62.6
2026-10-08T07:47:00Z,2026-10-08T09:47:00+02:00,55,ajuntament-mercat,237,57,180,75.9
2026-10-08T07:48:00Z,2026-10-08T09:48:00+02:00,53,dr-robert,407,70,337,82.8
2026-10-08T07:48:00Z,2026-10-08T09:48:00+02:00,54,placa-vella,297,111,186,62.6
2026-10-08T07:48:00Z,2026-10-08T09:48:00+02:00,55,ajuntament-mercat,237,57,180,75.9
2026-10-08T07:49:00Z,2026-10-08T09:49:00+02:00,53,dr-robert,407,70,337,82.8
2026-10-08T07:49:00Z,2026-10-08T09:49:00+02:00,54,placa-vella,297,111,186,62.6
2026-10-08T07:49:00Z,2026-10-08T09:49:00+02:00,55,ajuntament-mercat,237,57,180,75.9
2026-10-08T07:50:00Z,2026-10-08T09:50:00+02:00,53,dr-robert,407,68,339,83.3
2026-10-08T07:50:00Z,2026-10-08T09:50:00+02:00,54,placa-vella,297,105,192,64.6
2026-10-08T07:50:00Z,2026-10-08T09:50:00+02:00,55,ajuntament-mercat,237,58,179,75.5
2026-10-08T07:51:00Z,2026-10-08T09:51:00+02:00,53,dr-robert,407,68,339,83.3
2026-10-08T07:51:00Z,2026-10-08T09:51:00+02:00,54,placa-vella,297,105,192,64.6
2026-10-08T07:51:00Z,2026-10-08T09:51:00+02:00,55,ajuntament-mercat,237,58,179,75.5
2026-10-08T07:52:00Z,2026-10-08T09:52:00+02:00,53,dr-robert,407,68,339,83.3
2026-10-08T07:52:00Z,2026-10-08T09:52:00+02:00,54,placa-vella,297,105,192,64.6
2026-10-08T07:52:00Z,2026-10-08T09:52:00+02:00,55,ajuntament-mercat,237,58,179,75.5
2026-10-08T07:53:00Z,2026-10-08T09:53:00+02:00,53,dr-robert,407,68,339,83.3
2026-10-08T07:53:00Z,2026-10-08T09:53:00+02:00,54,placa-vella,297,105,192,64.6
2026-10-08T07:53:00Z,2026-10-08T09:53:00+02:00,55,ajuntament-mercat,237,58,179,75.5
2026-10-08T07:54:00Z,2026-10-08T09:54:00+02:00,53,dr-robert,407,68,339,83.3
2026-10-08T07:54:00Z,2026-10-08T09:54:00+02:00,54,placa-vella,297,105,192,64.6
2026-10-08T07:54:00Z,2026-10-08T09:54:00+02:00,55,ajuntament-mercat,237,58,179,75.5
2026-10-08T07:55:00Z,2026-10-08T09:55:00+02:00,53,dr-robert,407,61,346,85
2026-10-08T07:55:00Z,2026-10-08T09:55:00+02:00,54,placa-vella,297,97,200,67.3
2026-10-08T07:55:00Z,2026-10-08T09:55:00+02:00,55,ajuntament-mercat,237,57,180,75.9
2026-10-08T07:56:00Z,2026-10-08T09:56:00+02:00,53,dr-robert,407,61,346,85
2026-10-08T07:56:00Z,2026-10-08T09:56:00+02:00,54,placa-vella,297,97,200,67.3
2026-10-08T07:56:00Z,2026-10-08T09:56:00+02:00,55,ajuntament-mercat,237,57,180,75.9
2026-10-08T07:57:00Z,2026-10-08T09:57:00+02:00,53,dr-robert,407,61,346,85
2026-10-08T07:57:00Z,2026-10-08T09:57:00+02:00,54,placa-vella,297,97,200,67.3
2026-10-08T07:57:00Z,2026-10-08T09:57:00+02:00,55,ajuntament-mercat,237,57,180,75.9
2026-10-08T07:58:00Z,2026-10-08T09:58:00+02:00,53,dr-robert,407,61,346,85
2026-10-08T07:58:00Z,2026-10-08T09:58:00+02:00,54,placa-vella,297,97,200,67.3
2026-10-08T07:58:00Z,2026-10-08T09:58:00+02:00,55,ajuntament-mercat,237,57,180,75.9
2026-10-08T07:59:00Z,2026-10-08T09:59:00+02:00,53,dr-robert,407,61,346,85
2026-10-08T07:59:00Z,2026-10-08T09:59:00+02:00,54,placa-vella,297,97,200,67.3
2026-10-08T07:59:00Z,2026-10-08T09:59:00+02:00,55,ajuntament-mercat,237,57,180,75.9
2026-10-08T08:00:00Z,2026-10-08T10:00:00+02:00,53,dr-robert,407,61,346,85
2026-10-08T08:00:00Z,2026-10-08T10:00:00+02:00,54,placa-vella,297,97,200,67.3
2026-10-08T08:00:00Z,2026-10-08T10:00:00+02:00,55,ajuntament-mercat,237,57,180,75.9
2026-10-08T08:01:00Z,2026-10-08T10:01:00+02:00,53,dr-robert,407,57,350,86
2026-10-08T08:01:00Z,2026-10-08T10:01:00+02:00,54,placa-vella,297,85,212,71.4
2026-10-08T08:01:00Z,2026-10-08T10:01:00+02:00,55,ajuntament-mercat,237,53,184,77.6
2026-10-08T08:02:00Z,2026-10-08T10:02:00+02:00,53,dr-robert,407,57,350,86
2026-10-08T08:02:00Z,2026-10-08T10:02:00+02:00,54,placa-vella,297,85,212,71.4
2026-10-08T08:02:00Z,2026-10-08T10:02:00+02:00,55,ajuntament-mercat,237,53,184,77.6
2026-10-08T08:03:00Z,2026-10-08T10:03:00+02:00,53,dr-robert,407,57,350,86
2026-10-08T08:03:00Z,2026-10-08T10:03:00+02:00,54,placa-vella,297,85,212,71.4
2026-10-08T08:03:00Z,2026-10-08T10:03:00+02:00,55,ajuntament-mercat,237,53,184,77.6
2026-10-08T08:04:00Z,2026-10-08T10:04:00+02:00,53,dr-robert,407,57,350,86
2026-10-08T08:04:00Z,2026-10-08T10:04:00+02:00,54,placa-vella,297,85,212,71.4
2026-10-08T08:04:00Z,2026-10-08T10:04:00+02:00,55,ajuntament-mercat,237,53,184,77.6
2026-10-08T08:05:00Z,2026-10-08T10:05:00+02:00,53,dr-robert,407,56,351,86.2
2026-10-08T08:05:00Z,2026-10-08T10:05:00+02:00,54,placa-vella,297,80,217,73.1
2026-10-08T08:05:00Z,2026-10-08T10:05:00+02:00,55,ajuntament-mercat,237,51,186,78.5
2026-10-08T08:06:00Z,2026-10-08T10:06:00+02:00,53,dr-robert,407,56,351,86.2
2026-10-08T08:06:00Z,2026-10-08T10:06:00+02:00,54,placa-vella,297,80,217,73.1
2026-10-08T08:06:00Z,2026-10-08T10:06:00+02:00,55,ajuntament-mercat,237,51,186,78.5
2026-10-08T08:07:00Z,2026-10-08T10:07:00+02:00,53,dr-robert,407,56,351,86.2
2026-10-08T08:07:00Z,2026-10-08T10:07:00+02:00,54,placa-vella,297,80,217,73.1
2026-10-08T08:07:00Z,2026-10-08T10:07:00+02:00,55,ajuntament-mercat,237,51,186,78.5
2026-10-08T08:08:00Z,2026-10-08T10:08:00+02:00,53,dr-robert,407,56,351,86.2
2026-10-08T08:08:00Z,2026-10-08T10:08:00+02:00,54,placa-vella,297,80,217,73.1
2026-10-08T08:08:00Z,2026-10-08T10:08:00+02:00,55,ajuntament-mercat,237,51,186,78.5
2026-10-08T08:09:00Z,2026-10-08T10:09:00+02:00,53,dr-robert,407,56,351,86.2
2026-10-08T08:09:00Z,2026-10-08T10:09:00+02:00,54,placa-vella,297,80,217,73.1
2026-10-08T08:09:00Z,2026-10-08T10:09:00+02:00,55,ajuntament-mercat,237,51,186,78.5
2026-10-08T08:10:00Z,2026-10-08T10:10:00+02:00,53,dr-robert,407,56,351,86.2
2026-10-08T08:10:00Z,2026-10-08T10:10:00+02:00,54,placa-vella,297,80,217,73.1
2026-10-08T08:10:00Z,2026-10-08T10:10:00+02:00,55,ajuntament-mercat,237,47,190,80.2
2026-10-08T08:11:00Z,2026-10-08T10:11:00+02:00,53,dr-robert,407,56,351,86.2
2026-10-08T08:11:00Z,2026-10-08T10:11:00+02:00,54,placa-vella,297,80,217,73.1
2026-10-08T08:11:00Z,2026-10-08T10:11:00+02:00,55,ajuntament-mercat,237,47,190,80.2
2026-10-08T08:12:00Z,2026-10-08T10:12:00+02:00,53,dr-robert,407,56,351,86.2
2026-10-08T08:12:00Z,2026-10-08T10:12:00+02:00,54,placa-vella,297,80,217,73.1
2026-10-08T08:12:00Z,2026-10-08T10:12:00+02:00,55,ajuntament-mercat,237,47,190,80.2
2026-10-08T08:13:00Z,2026-10-08T10:13:00+02:00,53,dr-robert,407,56,351,86.2
2026-10-08T08:13:00Z,2026-10-08T10:13:00+02:00,54,placa-vella,297,80,217,73.1
2026-10-08T08:13:00Z,2026-10-08T10:13:00+02:00,55,ajuntament-mercat,237,47,190,80.2
2026-10-08T08:14:00Z,2026-10-08T10:14:00+02:00,53,dr-robert,407,56,351,86.2
2026-10-08T08:14:00Z,2026-10-08T10:14:00+02:00,54,placa-vella,297,80,217,73.1
2026-10-08T08:14:00Z,2026-10-08T10:14:00+02:00,55,ajuntament-mercat,237,47,190,80.2
2026-10-08T08:15:00Z,2026-10-08T10:15:00+02:00,53,dr-robert,407,50,357,87.7
2026-10-08T08:15:00Z,2026-10-08T10:15:00+02:00,54,placa-vella,297,79,218,73.4
2026-10-08T08:15:00Z,2026-10-08T10:15:00+02:00,55,ajuntament-mercat,237,45,192,81
2026-10-08T08:16:00Z,2026-10-08T10:16:00+02:00,53,dr-robert,407,50,357,87.7
2026-10-08T08:16:00Z,2026-10-08T10:16:00+02:00,54,placa-vella,297,79,218,73.4
2026-10-08T08:16:00Z,2026-10-08T10:16:00+02:00,55,ajuntament-mercat,237,45,192,81
2026-10-08T08:17:00Z,2026-10-08T10:17:00+02:00,53,dr-robert,407,50,357,87.7
2026-10-08T08:17:00Z,2026-10-08T10:17:00+02:00,54,placa-vella,297,79,218,73.4
2026-10-08T08:17:00Z,2026-10-08T10:17:00+02:00,55,ajuntament-mercat,237,45,192,81
2026-10-08T08:18:00Z,2026-10-08T10:18:00+02:00,53,dr-robert,407,50,357,87.7
2026-10-08T08:18:00Z,2026-10-08T10:18:00+02:00,54,placa-vella,297,79,218,73.4
2026-10-08T08:18:00Z,2026-10-08T10:18:00+02:00,55,ajuntament-mercat,237,45,192,81
2026-10-08T08:19:00Z,2026-10-08T10:19:00+02:00,53,dr-robert,407,50,357,87.7
2026-10-08T08:19:00Z,2026-10-08T10:19:00+02:00,54,placa-vella,297,79,218,73.4
2026-10-08T08:19:00Z,2026-10-08T10:19:00+02:00,55,ajuntament-mercat,237,45,192,81
2026-10-08T08:20:00Z,2026-10-08T10:20:00+02:00,53,dr-robert,407,56,351,86.2
2026-10-08T08:20:00Z,2026-10-08T10:20:00+02:00,54,placa-vella,297,78,219,73.7
2026-10-08T08:20:00Z,2026-10-08T10:20:00+02:00,55,ajuntament-mercat,237,48,189,79.7
2026-10-08T08:21:00Z,2026-10-08T10:21:00+02:00,53,dr-robert,407,56,351,86.2
2026-10-08T08:21:00Z,2026-10-08T10:21:00+02:00,54,placa-vella,297,78,219,73.7
2026-10-08T08:21:00Z,2026-10-08T10:21:00+02:00,55,ajuntament-mercat,237,48,189,79.7
2026-10-08T08:22:00Z,2026-10-08T10:22:00+02:00,53,dr-robert,407,56,351,86.2
2026-10-08T08:22:00Z,2026-10-08T10:22:00+02:00,54,placa-vella,297,78,219,73.7
2026-10-08T08:22:00Z,2026-10-08T10:22:00+02:00,55,ajuntament-mercat,237,48,189,79.7
2026-10-08T08:23:00Z,2026-10-08T10:23:00+02:00,53,dr-robert,407,56,351,86.2
2026-10-08T08:23:00Z,2026-10-08T10:23:00+02:00,54,placa-vella,297,78,219,73.7
2026-10-08T08:23:00Z,2026-10-08T10:23:00+02:00,55,ajuntament-mercat,237,48,189,79.7
2026-10-08T08:24:00Z,2026-10-08T10:24:00+02:00,53,dr-robert,407,56,351,86.2
2026-10-08T08:24:00Z,2026-10-08T10:24:00+02:00,54,placa-vella,297,78,219,73.7
2026-10-08T08:24:00Z,2026-10-08T10:24:00+02:00,55,ajuntament-mercat,237,48,189,79.7
2026-10-08T08:25:00Z,2026-10-08T10:25:00+02:00,53,dr-robert,407,56,351,86.2
2026-10-08T08:25:00Z,2026-10-08T10:25:00+02:00,54,placa-vella,297,78,219,73.7
2026-10-08T08:25:00Z,2026-10-08T10:25:00+02:00,55,ajuntament-mercat,237,48,189,79.7
2026-10-08T08:26:00Z,2026-10-08T10:26:00+02:00,53,dr-robert,407,59,348,85.5
2026-10-08T08:26:00Z,2026-10-08T10:26:00+02:00,54,placa-vella,297,74,223,75.1
2026-10-08T08:26:00Z,2026-10-08T10:26:00+02:00,55,ajuntament-mercat,237,46,191,80.6
2026-10-08T08:27:00Z,2026-10-08T10:27:00+02:00,53,dr-robert,407,59,348,85.5
2026-10-08T08:27:00Z,2026-10-08T10:27:00+02:00,54,placa-vella,297,74,223,75.1
2026-10-08T08:27:00Z,2026-10-08T10:27:00+02:00,55,ajuntament-mercat,237,46,191,80.6
2026-10-08T08:28:00Z,2026-10-08T10:28:00+02:00,53,dr-robert,407,59,348,85.5
2026-10-08T08:28:00Z,2026-10-08T10:28:00+02:00,54,placa-vella,297,74,223,75.1
2026-10-08T08:28:00Z,2026-10-08T10:28:00+02:00,55,ajuntament-mercat,237,46,191,80.6
2026-10-08T08:29:00Z,2026-10-08T10:29:00+02:00,53,dr-robert,407,59,348,85.5
2026-10-08T08:29:00Z,2026-10-08T10:29:00+02:00,54,placa-vella,297,74,223,75.1
2026-10-08T08:29:00Z,2026-10-08T10:29:00+02:00,55,ajuntament-mercat,237,46,191,80.6
2026-10-08T08:30:00Z,2026-10-08T10:30:00+02:00,53,dr-robert,407,59,348,85.5
2026-10-08T08:30:00Z,2026-10-08T10:30:00+02:00,54,placa-vella,297,74,223,75.1
2026-10-08T08:30:00Z,2026-10-08T10:30:00+02:00,55,ajuntament-mercat,237,46,191,80.6
2026-10-08T08:31:00Z,2026-10-08T10:31:00+02:00,53,dr-robert,407,55,352,86.5
2026-10-08T08:31:00Z,2026-10-08T10:31:00+02:00,54,placa-vella,297,71,226,76.1
2026-10-08T08:31:00Z,2026-10-08T10:31:00+02:00,55,ajuntament-mercat,237,48,189,79.7
2026-10-08T08:32:00Z,2026-10-08T10:32:00+02:00,53,dr-robert,407,55,352,86.5
2026-10-08T08:32:00Z,2026-10-08T10:32:00+02:00,54,placa-vella,297,71,226,76.1
2026-10-08T08:32:00Z,2026-10-08T10:32:00+02:00,55,ajuntament-mercat,237,48,189,79.7
2026-10-08T08:33:00Z,2026-10-08T10:33:00+02:00,53,dr-robert,407,55,352,86.5
2026-10-08T08:33:00Z,2026-10-08T10:33:00+02:00,54,placa-vella,297,71,226,76.1
2026-10-08T08:33:00Z,2026-10-08T10:33:00+02:00,55,ajuntament-mercat,237,48,189,79.7
2026-10-08T08:34:00Z,2026-10-08T10:34:00+02:00,53,dr-robert,407,55,352,86.5
2026-10-08T08:34:00Z,2026-10-08T10:34:00+02:00,54,placa-vella,297,71,226,76.1
2026-10-08T08:34:00Z,2026-10-08T10:34:00+02:00,55,ajuntament-mercat,237,48,189,79.7
2026-10-08T08:35:00Z,2026-10-08T10:35:00+02:00,53,dr-robert,407,55,352,86.5
2026-10-08T08:35:00Z,2026-10-08T10:35:00+02:00,54,placa-vella,297,71,226,76.1
2026-10-08T08:35:00Z,2026-10-08T10:35:00+02:00,55,ajuntament-mercat,237,48,189,79.7
2026-10-08T08:36:00Z,2026-10-08T10:36:00+02:00,53,dr-robert,407,47,360,88.5
2026-10-08T08:36:00Z,2026-10-08T10:36:00+02:00,54,placa-vella,297,65,232,78.1
2026-10-08T08:36:00Z,2026-10-08T10:36:00+02:00,55,ajuntament-mercat,237,45,192,81
2026-10-08T08:37:00Z,2026-10-08T10:37:00+02:00,53,dr-robert,407,47,360,88.5
2026-10-08T08:37:00Z,2026-10-08T10:37:00+02:00,54,placa-vella,297,65,232,78.1
2026-10-08T08:37:00Z,2026-10-08T10:37:00+02:00,55,ajuntament-mercat,237,45,192,81
2026-10-08T08:38:00Z,2026-10-08T10:38:00+02:00,53,dr-robert,407,47,360,88.5
2026-10-08T08:38:00Z,2026-10-08T10:38:00+02:00,54,placa-vella,297,65,232,78.1
2026-10-08T08:38:00Z,2026-10-08T10:38:00+02:00,55,ajuntament-mercat,237,45,192,81
2026-10-08T08:39:00Z,2026-10-08T10:39:00+02:00,53,dr-robert,407,47,360,88.5
2026-10-08T08:39:00Z,2026-10-08T10:39:00+02:00,54,placa-vella,297,65,232,78.1
2026-10-08T08:39:00Z,2026-10-08T10:39:00+02:00,55,ajuntament-mercat,237,45,192,81
2026-10-08T08:40:00Z,2026-10-08T10:40:00+02:00,53,dr-robert,407,54,353,86.7
2026-10-08T08:40:00Z,2026-10-08T10:40:00+02:00,54,placa-vella,297,58,239,80.5
2026-10-08T08:40:00Z,2026-10-08T10:40:00+02:00,55,ajuntament-mercat,237,48,189,79.7
2026-10-08T08:41:00Z,2026-10-08T10:41:00+02:00,53,dr-robert,407,54,353,86.7
2026-10-08T08:41:00Z,2026-10-08T10:41:00+02:00,54,placa-vella,297,58,239,80.5
2026-10-08T08:41:00Z,2026-10-08T10:41:00+02:00,55,ajuntament-mercat,237,48,189,79.7
2026-10-08T08:42:00Z,2026-10-08T10:42:00+02:00,53,dr-robert,407,54,353,86.7
2026-10-08T08:42:00Z,2026-10-08T10:42:00+02:00,54,placa-vella,297,58,239,80.5
2026-10-08T08:42:00Z,2026-10-08T10:42:00+02:00,55,ajuntament-mercat,237,48,189,79.7
2026-10-08T08:43:00Z,2026-10-08T10:43:00+02:00,53,dr-robert,407,54,353,86.7
2026-10-08T08:43:00Z,2026-10-08T10:43:00+02:00,54,placa-vella,297,58,239,80.5
2026-10-08T08:43:00Z,2026-10-08T10:43:00+02:00,55,ajuntament-mercat,237,48,189,79.7
2026-10-08T08:44:00Z,2026-10-08T10:44:00+02:00,53,dr-robert,407,54,353,86.7
2026-10-08T08:44:00Z,2026-10-08T10:44:00+02:00,54,placa-vella,297,58,239,80.5
2026-10-08T08:44:00Z,2026-10-08T10:44:00+02:00,55,ajuntament-mercat,237,48,189,79.7
2026-10-08T08:45:00Z,2026-10-08T10:45:00+02:00,53,dr-robert,407,53,354,87
2026-10-08T08:45:00Z,2026-10-08T10:45:00+02:00,54,placa-vella,297,58,239,80.5
2026-10-08T08:45:00Z,2026-10-08T10:45:00+02:00,55,ajuntament-mercat,237,47,190,80.2
2026-10-08T08:46:00Z,2026-10-08T10:46:00+02:00,53,dr-robert,407,53,354,87
2026-10-08T08:46:00Z,2026-10-08T10:46:00+02:00,54,placa-vella,297,58,239,80.5
2026-10-08T08:46:00Z,2026-10-08T10:46:00+02:00,55,ajuntament-mercat,237,47,190,80.2
2026-10-08T08:47:00Z,2026-10-08T10:47:00+02:00,53,dr-robert,407,53,354,87
2026-10-08T08:47:00Z,2026-10-08T10:47:00+02:00,54,placa-vella,297,58,239,80.5
2026-10-08T08:47:00Z,2026-10-08T10:47:00+02:00,55,ajuntament-mercat,237,47,190,80.2
2026-10-08T08:48:00Z,2026-10-08T10:48:00+02:00,53,dr-robert,407,53,354,87
2026-10-08T08:48:00Z,2026-10-08T10:48:00+02:00,54,placa-vella,297,58,239,80.5
2026-10-08T08:48:00Z,2026-10-08T10:48:00+02:00,55,ajuntament-mercat,237,47,190,80.2
2026-10-08T08:49:00Z,2026-10-08T10:49:00+02:00,53,dr-robert,407,53,354,87
2026-10-08T08:49:00Z,2026-10-08T10:49:00+02:00,54,placa-vella,297,58,239,80.5
2026-10-08T08:49:00Z,2026-10-08T10:49:00+02:00,55,ajuntament-mercat,237,47,190,80.2
2026-10-08T08:50:00Z,2026-10-08T10:50:00+02:00,53,dr-robert,407,49,358,88
2026-10-08T08:50:00Z,2026-10-08T10:50:00+02:00,54,placa-vella,297,56,241,81.1
2026-10-08T08:50:00Z,2026-10-08T10:50:00+02:00,55,ajuntament-mercat,237,50,187,78.9
2026-10-08T08:51:00Z,2026-10-08T10:51:00+02:00,53,dr-robert,407,49,358,88
2026-10-08T08:51:00Z,2026-10-08T10:51:00+02:00,54,placa-vella,297,56,241,81.1
2026-10-08T08:51:00Z,2026-10-08T10:51:00+02:00,55,ajuntament-mercat,237,50,187,78.9
2026-10-08T08:52:00Z,2026-10-08T10:52:00+02:00,53,dr-robert,407,49,358,88
2026-10-08T08:52:00Z,2026-10-08T10:52:00+02:00,54,placa-vella,297,56,241,81.1
2026-10-08T08:52:00Z,2026-10-08T10:52:00+02:00,55,ajuntament-mercat,237,50,187,78.9
2026-10-08T08:53:00Z,2026-10-08T10:53:00+02:00,53,dr-robert,407,49,358,88
2026-10-08T08:53:00Z,2026-10-08T10:53:00+02:00,54,placa-vella,297,56,241,81.1
2026-10-08T08:53:00Z,2026-10-08T10:53:00+02:00,55,ajuntament-mercat,237,50,187,78.9
2026-10-08T08:54:00Z,2026-10-08T10:54:00+02:00,53,dr-robert,407,49,358,88
2026-10-08T08:54:00Z,2026-10-08T10:54:00+02:00,54,placa-vella,297,56,241,81.1
2026-10-08T08:54:00Z,2026-10-08T10:54:00+02:00,55,ajuntament-mercat,237,50,187,78.9
2026-10-08T08:55:00Z,2026-10-08T10:55:00+02:00,53,dr-robert,407,45,362,88.9
2026-10-08T08:55:00Z,2026-10-08T10:55:00+02:00,54,placa-vella,297,56,241,81.1
2026-10-08T08:55:00Z,2026-10-08T10:55:00+02:00,55,ajuntament-mercat,237,50,187,78.9
2026-10-08T08:56:00Z,2026-10-08T10:56:00+02:00,53,dr-robert,407,45,362,88.9
2026-10-08T08:56:00Z,2026-10-08T10:56:00+02:00,54,placa-vella,297,56,241,81.1
2026-10-08T08:56:00Z,2026-10-08T10:56:00+02:00,55,ajuntament-mercat,237,50,187,78.9
2026-10-08T08:57:00Z,2026-10-08T10:57:00+02:00,53,dr-robert,407,45,362,88.9
2026-10-08T08:57:00Z,2026-10-08T10:57:00+02:00,54,placa-vella,297,56,241,81.1
2026-10-08T08:57:00Z,2026-10-08T10:57:00+02:00,55,ajuntament-mercat,237,50,187,78.9
2026-10-08T08:58:00Z,2026-10-08T10:58:00+02:00,53,dr-robert,407,45,362,88.9
2026-10-08T08:58:00Z,2026-10-08T10:58:00+02:00,54,placa-vella,297,56,241,81.1
2026-10-08T08:58:00Z,2026-10-08T10:58:00+02:00,55,ajuntament-mercat,237,50,187,78.9
2026-10-08T08:59:00Z,2026-10-08T10:59:00+02:00,53,dr-robert,407,45,362,88.9
2026-10-08T08:59:00Z,2026-10-08T10:59:00+02:00,54,placa-vella,297,56,241,81.1
2026-10-08T08:59:00Z,2026-10-08T10:59:00+02:00,55,ajuntament-mercat,237,50,187,78.9
2026-10-08T09:00:00Z,2026-10-08T11:00:00+02:00,53,dr-robert,407,45,362,88.9
2026-10-08T09:00:00Z,2026-10-08T11:00:00+02:00,54,placa-vella,297,56,241,81.1
2026-10-08T09:00:00Z,2026-10-08T11:00:00+02:00,55,ajuntament-mercat,237,50,187,78.9
2026-10-08T09:01:00Z,2026-10-08T11:01:00+02:00,53,dr-robert,407,45,362,88.9
2026-10-08T09:01:00Z,2026-10-08T11:01:00+02:00,54,placa-vella,297,56,241,81.1
2026-10-08T09:01:00Z,2026-10-08T11:01:00+02:00,55,ajuntament-mercat,237,50,187,78.9
2026-10-08T09:02:00Z,2026-10-08T11:02:00+02:00,53,dr-robert,407,45,362,88.9
2026-10-08T09:02:00Z,2026-10-08T11:02:00+02:00,54,placa-vella,297,56,241,81.1
2026-10-08T09:02:00Z,2026-10-08T11:02:00+02:00,55,ajuntament-mercat,237,50,187,78.9
2026-10-08T09:03:00Z,2026-10-08T11:03:00+02:00,53,dr-robert,407,42,365,89.7
2026-10-08T09:03:00Z,2026-10-08T11:03:00+02:00,54,placa-vella,297,50,247,83.2
2026-10-08T09:03:00Z,2026-10-08T11:03:00+02:00,55,ajuntament-mercat,237,50,187,78.9
2026-10-08T09:04:00Z,2026-10-08T11:04:00+02:00,53,dr-robert,407,42,365,89.7
2026-10-08T09:04:00Z,2026-10-08T11:04:00+02:00,54,placa-vella,297,50,247,83.2
2026-10-08T09:04:00Z,2026-10-08T11:04:00+02:00,55,ajuntament-mercat,237,50,187,78.9
2026-10-08T09:05:00Z,2026-10-08T11:05:00+02:00,53,dr-robert,407,37,370,90.9
2026-10-08T09:05:00Z,2026-10-08T11:05:00+02:00,54,placa-vella,297,53,244,82.2
2026-10-08T09:05:00Z,2026-10-08T11:05:00+02:00,55,ajuntament-mercat,237,49,188,79.3
2026-10-08T09:06:00Z,2026-10-08T11:06:00+02:00,53,dr-robert,407,37,370,90.9
2026-10-08T09:06:00Z,2026-10-08T11:06:00+02:00,54,placa-vella,297,53,244,82.2
2026-10-08T09:06:00Z,2026-10-08T11:06:00+02:00,55,ajuntament-mercat,237,49,188,79.3
2026-10-08T09:07:00Z,2026-10-08T11:07:00+02:00,53,dr-robert,407,37,370,90.9
2026-10-08T09:07:00Z,2026-10-08T11:07:00+02:00,54,placa-vella,297,53,244,82.2
2026-10-08T09:07:00Z,2026-10-08T11:07:00+02:00,55,ajuntament-mercat,237,49,188,79.3
2026-10-08T09:08:00Z,2026-10-08T11:08:00+02:00,53,dr-robert,407,37,370,90.9
2026-10-08T09:08:00Z,2026-10-08T11:08:00+02:00,54,placa-vella,297,53,244,82.2
2026-10-08T09:08:00Z,2026-10-08T11:08:00+02:00,55,ajuntament-mercat,237,49,188,79.3
2026-10-08T09:09:00Z,2026-10-08T11:09:00+02:00,53,dr-robert,407,37,370,90.9
2026-10-08T09:09:00Z,2026-10-08T11:09:00+02:00,54,placa-vella,297,53,244,82.2
2026-10-08T09:09:00Z,2026-10-08T11:09:00+02:00,55,ajuntament-mercat,237,49,188,79.3
2026-10-08T09:10:00Z,2026-10-08T11:10:00+02:00,53,dr-robert,407,40,367,90.2
2026-10-08T09:10:00Z,2026-10-08T11:10:00+02:00,54,placa-vella,297,49,248,83.5
2026-10-08T09:10:00Z,2026-10-08T11:10:00+02:00,55,ajuntament-mercat,237,47,190,80.2
2026-10-08T09:11:00Z,2026-10-08T11:11:00+02:00,53,dr-robert,407,40,367,90.2
2026-10-08T09:11:00Z,2026-10-08T11:11:00+02:00,54,placa-vella,297,49,248,83.5
2026-10-08T09:11:00Z,2026-10-08T11:11:00+02:00,55,ajuntament-mercat,237,47,190,80.2
2026-10-08T09:12:00Z,2026-10-08T11:12:00+02:00,53,dr-robert,407,40,367,90.2
2026-10-08T09:12:00Z,2026-10-08T11:12:00+02:00,54,placa-vella,297,49,248,83.5
2026-10-08T09:12:00Z,2026-10-08T11:12:00+02:00,55,ajuntament-mercat,237,47,190,80.2
2026-10-08T09:13:00Z,2026-10-08T11:13:00+02:00,53,dr-robert,407,40,367,90.2
2026-10-08T09:13:00Z,2026-10-08T11:13:00+02:00,54,placa-vella,297,49,248,83.5
2026-10-08T09:13:00Z,2026-10-08T11:13:00+02:00,55,ajuntament-mercat,237,47,190,80.2
2026-10-08T09:14:00Z,2026-10-08T11:14:00+02:00,53,dr-robert,407,40,367,90.2
2026-10-08T09:14:00Z,2026-10-08T11:14:00+02:00,54,placa-vella,297,49,248,83.5
2026-10-08T09:14:00Z,2026-10-08T11:14:00+02:00,55,ajuntament-mercat,237,47,190,80.2
2026-10-08T09:15:00Z,2026-10-08T11:15:00+02:00,53,dr-robert,407,36,371,91.2
2026-10-08T09:15:00Z,2026-10-08T11:15:00+02:00,54,placa-vella,297,50,247,83.2
2026-10-08T09:15:00Z,2026-10-08T11:15:00+02:00,55,ajuntament-mercat,237,51,186,78.5
2026-10-08T09:16:00Z,2026-10-08T11:16:00+02:00,53,dr-robert,407,36,371,91.2
2026-10-08T09:16:00Z,2026-10-08T11:16:00+02:00,54,placa-vella,297,50,247,83.2
2026-10-08T09:16:00Z,2026-10-08T11:16:00+02:00,55,ajuntament-mercat,237,51,186,78.5
2026-10-08T09:17:00Z,2026-10-08T11:17:00+02:00,53,dr-robert,407,36,371,91.2
2026-10-08T09:17:00Z,2026-10-08T11:17:00+02:00,54,placa-vella,297,50,247,83.2
2026-10-08T09:17:00Z,2026-10-08T11:17:00+02:00,55,ajuntament-mercat,237,51,186,78.5
2026-10-08T09:18:00Z,2026-10-08T11:18:00+02:00,53,dr-robert,407,36,371,91.2
2026-10-08T09:18:00Z,2026-10-08T11:18:00+02:00,54,placa-vella,297,50,247,83.2
2026-10-08T09:18:00Z,2026-10-08T11:18:00+02:00,55,ajuntament-mercat,237,51,186,78.5
2026-10-08T09:19:00Z,2026-10-08T11:19:00+02:00,53,dr-robert,407,36,371,91.2
2026-10-08T09:19:00Z,2026-10-08T11:19:00+02:00,54,placa-vella,297,50,247,83.2
2026-10-08T09:19:00Z,2026-10-08T11:19:00+02:00,55,ajuntament-mercat,237,51,186,78.5
2026-10-08T09:20:00Z,2026-10-08T11:20:00+02:00,53,dr-robert,407,37,370,90.9
2026-10-08T09:20:00Z,2026-10-08T11:20:00+02:00,54,placa-vella,297,49,248,83.5
2026-10-08T09:20:00Z,2026-10-08T11:20:00+02:00,55,ajuntament-mercat,237,45,192,81
2026-10-08T09:21:00Z,2026-10-08T11:21:00+02:00,53,dr-robert,407,37,370,90.9
2026-10-08T09:21:00Z,2026-10-08T11:21:00+02:00,54,placa-vella,297,49,248,83.5
2026-10-08T09:21:00Z,2026-10-08T11:21:00+02:00,55,ajuntament-mercat,237,45,192,81
2026-10-08T09:22:00Z,2026-10-08T11:22:00+02:00,53,dr-robert,407,37,370,90.9
2026-10-08T09:22:00Z,2026-10-08T11:22:00+02:00,54,placa-vella,297,49,248,83.5
2026-10-08T09:22:00Z,2026-10-08T11:22:00+02:00,55,ajuntament-mercat,237,45,192,81
2026-10-08T09:23:00Z,2026-10-08T11:23:00+02:00,53,dr-robert,407,37,370,90.9
2026-10-08T09:23:00Z,2026-10-08T11:23:00+02:00,54,placa-vella,297,49,248,83.5
2026-10-08T09:23:00Z,2026-10-08T11:23:00+02:00,55,ajuntament-mercat,237,45,192,81
2026-10-08T09:24:00Z,2026-10-08T11:24:00+02:00,53,dr-robert,407,37,370,90.9
2026-10-08T09:24:00Z,2026-10-08T11:24:00+02:00,54,placa-vella,297,49,248,83.5
2026-10-08T09:24:00Z,2026-10-08T11:24:00+02:00,55,ajuntament-mercat,237,45,192,81
2026-10-08T09:25:00Z,2026-10-08T11:25:00+02:00,53,dr-robert,407,32,375,92.1
2026-10-08T09:25:00Z,2026-10-08T11:25:00+02:00,54,placa-vella,297,53,244,82.2
2026-10-08T09:25:00Z,2026-10-08T11:25:00+02:00,55,ajuntament-mercat,237,39,198,83.5
2026-10-08T09:26:00Z,2026-10-08T11:26:00+02:00,53,dr-robert,407,32,375,92.1
2026-10-08T09:26:00Z,2026-10-08T11:26:00+02:00,54,placa-vella,297,53,244,82.2
2026-10-08T09:26:00Z,2026-10-08T11:26:00+02:00,55,ajuntament-mercat,237,39,198,83.5
2026-10-08T09:27:00Z,2026-10-08T11:27:00+02:00,53,dr-robert,407,32,375,92.1
2026-10-08T09:27:00Z,2026-10-08T11:27:00+02:00,54,placa-vella,297,53,244,82.2
2026-10-08T09:27:00Z,2026-10-08T11:27:00+02:00,55,ajuntament-mercat,237,39,198,83.5
2026-10-08T09:28:00Z,2026-10-08T11:28:00+02:00,53,dr-robert,407,32,375,92.1
2026-10-08T09:28:00Z,2026-10-08T11:28:00+02:00,54,placa-vella,297,53,244,82.2
2026-10-08T09:28:00Z,2026-10-08T11:28:00+02:00,55,ajuntament-mercat,237,39,198,83.5
2026-10-08T09:29:00Z,2026-10-08T11:29:00+02:00,53,dr-robert,407,32,375,92.1
2026-10-08T09:29:00Z,2026-10-08T11:29:00+02:00,54,placa-vella,297,53,244,82.2
2026-10-08T09:29:00Z,2026-10-08T11:29:00+02:00,55,ajuntament-mercat,237,39,198,83.5
2026-10-08T09:30:00Z,2026-10-08T11:30:00+02:00,53,dr-robert,407,29,378,92.9
2026-10-08T09:30:00Z,2026-10-08T11:30:00+02:00,54,placa-vella,297,52,245,82.5
2026-10-08T09:30:00Z,2026-10-08T11:30:00+02:00,55,ajuntament-mercat,237,39,198,83.5
2026-10-08T09:31:00Z,2026-10-08T11:31:00+02:00,53,dr-robert,407,29,378,92.9
2026-10-08T09:31:00Z,2026-10-08T11:31:00+02:00,54,placa-vella,297,52,245,82.5
2026-10-08T09:31:00Z,2026-10-08T11:31:00+02:00,55,ajuntament-mercat,237,39,198,83.5
2026-10-08T09:32:00Z,2026-10-08T11:32:00+02:00,53,dr-robert,407,29,378,92.9
2026-10-08T09:32:00Z,2026-10-08T11:32:00+02:00,54,placa-vella,297,52,245,82.5
2026-10-08T09:32:00Z,2026-10-08T11:32:00+02:00,55,ajuntament-mercat,237,39,198,83.5
2026-10-08T09:33:00Z,2026-10-08T11:33:00+02:00,53,dr-robert,407,29,378,92.9
2026-10-08T09:33:00Z,2026-10-08T11:33:00+02:00,54,placa-vella,297,52,245,82.5
2026-10-08T09:33:00Z,2026-10-08T11:33:00+02:00,55,ajuntament-mercat,237,39,198,83.5
2026-10-08T09:34:00Z,2026-10-08T11:34:00+02:00,53,dr-robert,407,29,378,92.9
2026-10-08T09:34:00Z,2026-10-08T11:34:00+02:00,54,placa-vella,297,52,245,82.5
2026-10-08T09:34:00Z,2026-10-08T11:34:00+02:00,55,ajuntament-mercat,237,39,198,83.5
2026-10-08T09:35:00Z,2026-10-08T11:35:00+02:00,53,dr-robert,407,24,383,94.1
2026-10-08T09:35:00Z,2026-10-08T11:35:00+02:00,54,placa-vella,297,46,251,84.5
2026-10-08T09:35:00Z,2026-10-08T11:35:00+02:00,55,ajuntament-mercat,237,38,199,84
2026-10-08T09:36:00Z,2026-10-08T11:36:00+02:00,53,dr-robert,407,24,383,94.1
2026-10-08T09:36:00Z,2026-10-08T11:36:00+02:00,54,placa-vella,297,46,251,84.5
2026-10-08T09:36:00Z,2026-10-08T11:36:00+02:00,55,ajuntament-mercat,237,38,199,84
2026-10-08T09:37:00Z,2026-10-08T11:37:00+02:00,53,dr-robert,407,24,383,94.1
2026-10-08T09:37:00Z,2026-10-08T11:37:00+02:00,54,placa-vella,297,46,251,84.5
2026-10-08T09:37:00Z,2026-10-08T11:37:00+02:00,55,ajuntament-mercat,237,38,199,84
2026-10-08T09:38:00Z,2026-10-08T11:38:00+02:00,53,dr-robert,407,24,383,94.1
2026-10-08T09:38:00Z,2026-10-08T11:38:00+02:00,54,placa-vella,297,46,251,84.5
2026-10-08T09:38:00Z,2026-10-08T11:38:00+02:00,55,ajuntament-mercat,237,38,199,84
2026-10-08T09:39:00Z,2026-10-08T11:39:00+02:00,53,dr-robert,407,24,383,94.1
2026-10-08T09:39:00Z,2026-10-08T11:39:00+02:00,54,placa-vella,297,46,251,84.5
2026-10-08T09:39:00Z,2026-10-08T11:39:00+02:00,55,ajuntament-mercat,237,38,199,84
2026-10-08T09:40:00Z,2026-10-08T11:40:00+02:00,53,dr-robert,407,21,386,94.8
2026-10-08T09:40:00Z,2026-10-08T11:40:00+02:00,54,placa-vella,297,49,248,83.5
2026-10-08T09:40:00Z,2026-10-08T11:40:00+02:00,55,ajuntament-mercat,237,39,198,83.5
2026-10-08T09:41:00Z,2026-10-08T11:41:00+02:00,53,dr-robert,407,21,386,94.8
2026-10-08T09:41:00Z,2026-10-08T11:41:00+02:00,54,placa-vella,297,49,248,83.5
2026-10-08T09:41:00Z,2026-10-08T11:41:00+02:00,55,ajuntament-mercat,237,39,198,83.5
2026-10-08T09:42:00Z,2026-10-08T11:42:00+02:00,53,dr-robert,407,21,386,94.8
2026-10-08T09:42:00Z,2026-10-08T11:42:00+02:00,54,placa-vella,297,49,248,83.5
2026-10-08T09:42:00Z,2026-10-08T11:42:00+02:00,55,ajuntament-mercat,237,39,198,83.5
2026-10-08T09:43:00Z,2026-10-08T11:43:00+02:00,53,dr-robert,407,21,386,94.8
2026-10-08T09:43:00Z,2026-10-08T11:43:00+02:00,54,placa-vella,297,49,248,83.5
2026-10-08T09:43:00Z,2026-10-08T11:43:00+02:00,55,ajuntament-mercat,237,39,198,83.5
2026-10-08T09:44:00Z,2026-10-08T11:44:00+02:00,53,dr-robert,407,21,386,94.8
2026-10-08T09:44:00Z,2026-10-08T11:44:00+02:00,54,placa-vella,297,49,248,83.5
2026-10-08T09:44:00Z,2026-10-08T11:44:00+02:00,55,ajuntament-mercat,237,39,198,83.5
2026-10-08T09:45:00Z,2026-10-08T11:45:00+02:00,53,dr-robert,407,23,384,94.3
2026-10-08T09:45:00Z,2026-10-08T11:45:00+02:00,54,placa-vella,297,47,250,84.2
2026-10-08T09:45:00Z,2026-10-08T11:45:00+02:00,55,ajuntament-mercat,237,44,193,81.4
2026-10-08T09:46:00Z,2026-10-08T11:46:00+02:00,53,dr-robert,407,23,384,94.3
2026-10-08T09:46:00Z,2026-10-08T11:46:00+02:00,54,placa-vella,297,47,250,84.2
2026-10-08T09:46:00Z,2026-10-08T11:46:00+02:00,55,ajuntament-mercat,237,44,193,81.4
2026-10-08T09:47:00Z,2026-10-08T11:47:00+02:00,53,dr-robert,407,23,384,94.3
2026-10-08T09:47:00Z,2026-10-08T11:47:00+02:00,54,placa-vella,297,47,250,84.2
2026-10-08T09:47:00Z,2026-10-08T11:47:00+02:00,55,ajuntament-mercat,237,44,193,81.4
2026-10-08T09:48:00Z,2026-10-08T11:48:00+02:00,53,dr-robert,407,23,384,94.3
2026-10-08T09:48:00Z,2026-10-08T11:48:00+02:00,54,placa-vella,297,47,250,84.2
2026-10-08T09:48:00Z,2026-10-08T11:48:00+02:00,55,ajuntament-mercat,237,44,193,81.4
2026-10-08T09:49:00Z,2026-10-08T11:49:00+02:00,53,dr-robert,407,23,384,94.3
2026-10-08T09:49:00Z,2026-10-08T11:49:00+02:00,54,placa-vella,297,47,250,84.2
2026-10-08T09:49:00Z,2026-10-08T11:49:00+02:00,55,ajuntament-mercat,237,44,193,81.4
2026-10-08T09:50:00Z,2026-10-08T11:50:00+02:00,53,dr-robert,407,23,384,94.3
2026-10-08T09:50:00Z,2026-10-08T11:50:00+02:00,54,placa-vella,297,46,251,84.5
2026-10-08T09:50:00Z,2026-10-08T11:50:00+02:00,55,ajuntament-mercat,237,46,191,80.6
2026-10-08T09:51:00Z,2026-10-08T11:51:00+02:00,53,dr-robert,407,23,384,94.3
2026-10-08T09:51:00Z,2026-10-08T11:51:00+02:00,54,placa-vella,297,46,251,84.5
2026-10-08T09:51:00Z,2026-10-08T11:51:00+02:00,55,ajuntament-mercat,237,46,191,80.6
2026-10-08T09:52:00Z,2026-10-08T11:52:00+02:00,53,dr-robert,407,23,384,94.3
2026-10-08T09:52:00Z,2026-10-08T11:52:00+02:00,54,placa-vella,297,46,251,84.5
2026-10-08T09:52:00Z,2026-10-08T11:52:00+02:00,55,ajuntament-mercat,237,46,191,80.6
2026-10-08T09:53:00Z,2026-10-08T11:53:00+02:00,53,dr-robert,407,23,384,94.3
2026-10-08T09:53:00Z,2026-10-08T11:53:00+02:00,54,placa-vella,297,46,251,84.5
2026-10-08T09:53:00Z,2026-10-08T11:53:00+02:00,55,ajuntament-mercat,237,46,191,80.6
2026-10-08T09:54:00Z,2026-10-08T11:54:00+02:00,53,dr-robert,407,23,384,94.3
2026-10-08T09:54:00Z,2026-10-08T11:54:00+02:00,54,placa-vella,297,46,251,84.5
2026-10-08T09:54:00Z,2026-10-08T11:54:00+02:00,55,ajuntament-mercat,237,46,191,80.6
2026-10-08T09:55:00Z,2026-10-08T11:55:00+02:00,53,dr-robert,407,26,381,93.6
2026-10-08T09:55:00Z,2026-10-08T11:55:00+02:00,54,placa-vella,297,49,248,83.5
2026-10-08T09:55:00Z,2026-10-08T11:55:00+02:00,55,ajuntament-mercat,237,50,187,78.9
2026-10-08T09:56:00Z,2026-10-08T11:56:00+02:00,53,dr-robert,407,26,381,93.6
2026-10-08T09:56:00Z,2026-10-08T11:56:00+02:00,54,placa-vella,297,49,248,83.5
2026-10-08T09:56:00Z,2026-10-08T11:56:00+02:00,55,ajuntament-mercat,237,50,187,78.9
2026-10-08T09:57:00Z,2026-10-08T11:57:00+02:00,53,dr-robert,407,26,381,93.6
2026-10-08T09:57:00Z,2026-10-08T11:57:00+02:00,54,placa-vella,297,49,248,83.5
2026-10-08T09:57:00Z,2026-10-08T11:57:00+02:00,55,ajuntament-mercat,237,50,187,78.9
2026-10-08T09:58:00Z,2026-10-08T11:58:00+02:00,53,dr-robert,407,26,381,93.6
2026-10-08T09:58:00Z,2026-10-08T11:58:00+02:00,54,placa-vella,297,49,248,83.5
2026-10-08T09:58:00Z,2026-10-08T11:58:00+02:00,55,ajuntament-mercat,237,50,187,78.9
2026-10-08T09:59:00Z,2026-10-08T11:59:00+02:00,53,dr-robert,407,26,381,93.6
2026-10-08T09:59:00Z,2026-10-08T11:59:00+02:00,54,placa-vella,297,49,248,83.5
2026-10-08T09:59:00Z,2026-10-08T11:59:00+02:00,55,ajuntament-mercat,237,50,187,78.9
2026-10-08T10:00:00Z,2026-10-08T12:00:00+02:00,53,dr-robert,407,26,381,93.6
2026-10-08T10:00:00Z,2026-10-08T12:00:00+02:00,54,placa-vella,297,49,248,83.5
2026-10-08T10:00:00Z,2026-10-08T12:00:00+02:00,55,ajuntament-mercat,237,50,187,78.9
2026-10-08T10:01:00Z,2026-10-08T12:01:00+02:00,53,dr-robert,407,27,380,93.4
2026-10-08T10:01:00Z,2026-10-08T12:01:00+02:00,54,placa-vella,297,53,244,82.2
2026-10-08T10:01:00Z,2026-10-08T12:01:00+02:00,55,ajuntament-mercat,237,52,185,78.1
2026-10-08T10:02:00Z,2026-10-08T12:02:00+02:00,53,dr-robert,407,27,380,93.4
2026-10-08T10:02:00Z,2026-10-08T12:02:00+02:00,54,placa-vella,297,53,244,82.2
2026-10-08T10:02:00Z,2026-10-08T12:02:00+02:00,55,ajuntament-mercat,237,52,185,78.1
2026-10-08T10:03:00Z,2026-10-08T12:03:00+02:00,53,dr-robert,407,27,380,93.4
2026-10-08T10:03:00Z,2026-10-08T12:03:00+02:00,54,placa-vella,297,53,244,82.2
2026-10-08T10:03:00Z,2026-10-08T12:03:00+02:00,55,ajuntament-mercat,237,52,185,78.1
2026-10-08T10:04:00Z,2026-10-08T12:04:00+02:00,53,dr-robert,407,27,380,93.4
2026-10-08T10:04:00Z,2026-10-08T12:04:00+02:00,54,placa-vella,297,53,244,82.2
2026-10-08T10:04:00Z,2026-10-08T12:04:00+02:00,55,ajuntament-mercat,237,52,185,78.1
2026-10-08T10:05:00Z,2026-10-08T12:05:00+02:00,53,dr-robert,407,27,380,93.4
2026-10-08T10:05:00Z,2026-10-08T12:05:00+02:00,54,placa-vella,297,53,244,82.2
2026-10-08T10:05:00Z,2026-10-08T12:05:00+02:00,55,ajuntament-mercat,237,52,185,78.1
2026-10-08T10:06:00Z,2026-10-08T12:06:00+02:00,53,dr-robert,407,27,380,93.4
2026-10-08T10:06:00Z,2026-10-08T12:06:00+02:00,54,placa-vella,297,58,239,80.5
2026-10-08T10:06:00Z,2026-10-08T12:06:00+02:00,55,ajuntament-mercat,237,50,187,78.9
2026-10-08T10:07:00Z,2026-10-08T12:07:00+02:00,53,dr-robert,407,27,380,93.4
2026-10-08T10:07:00Z,2026-10-08T12:07:00+02:00,54,placa-vella,297,58,239,80.5
2026-10-08T10:07:00Z,2026-10-08T12:07:00+02:00,55,ajuntament-mercat,237,50,187,78.9
2026-10-08T10:08:00Z,2026-10-08T12:08:00+02:00,53,dr-robert,407,27,380,93.4
2026-10-08T10:08:00Z,2026-10-08T12:08:00+02:00,54,placa-vella,297,58,239,80.5
2026-10-08T10:08:00Z,2026-10-08T12:08:00+02:00,55,ajuntament-mercat,237,50,187,78.9
2026-10-08T10:09:00Z,2026-10-08T12:09:00+02:00,53,dr-robert,407,27,380,93.4
2026-10-08T10:09:00Z,2026-10-08T12:09:00+02:00,54,placa-vella,297,58,239,80.5
2026-10-08T10:09:00Z,2026-10-08T12:09:00+02:00,55,ajuntament-mercat,237,50,187,78.9
2026-10-08T10:10:00Z,2026-10-08T12:10:00+02:00,53,dr-robert,407,22,385,94.6
2026-10-08T10:10:00Z,2026-10-08T12:10:00+02:00,54,placa-vella,297,58,239,80.5
2026-10-08T10:10:00Z,2026-10-08T12:10:00+02:00,55,ajuntament-mercat,237,55,182,76.8
2026-10-08T10:11:00Z,2026-10-08T12:11:00+02:00,53,dr-robert,407,22,385,94.6
2026-10-08T10:11:00Z,2026-10-08T12:11:00+02:00,54,placa-vella,297,58,239,80.5
2026-10-08T10:11:00Z,2026-10-08T12:11:00+02:00,55,ajuntament-mercat,237,55,182,76.8
2026-10-08T10:12:00Z,2026-10-08T12:12:00+02:00,53,dr-robert,407,22,385,94.6
2026-10-08T10:12:00Z,2026-10-08T12:12:00+02:00,54,placa-vella,297,58,239,80.5
2026-10-08T10:12:00Z,2026-10-08T12:12:00+02:00,55,ajuntament-mercat,237,55,182,76.8
2026-10-08T10:13:00Z,2026-10-08T12:13:00+02:00,53,dr-robert,407,22,385,94.6
2026-10-08T10:13:00Z,2026-10-08T12:13:00+02:00,54,placa-vella,297,58,239,80.5
2026-10-08T10:13:00Z,2026-10-08T12:13:00+02:00,55,ajuntament-mercat,237,55,182,76.8
2026-10-08T10:14:00Z,2026-10-08T12:14:00+02:00,53,dr-robert,407,22,385,94.6
2026-10-08T10:14:00Z,2026-10-08T12:14:00+02:00,54,placa-vella,297,58,239,80.5
2026-10-08T10:14:00Z,2026-10-08T12:14:00+02:00,55,ajuntament-mercat,237,55,182,76.8
2026-10-08T10:15:00Z,2026-10-08T12:15:00+02:00,53,dr-robert,407,26,381,93.6
2026-10-08T10:15:00Z,2026-10-08T12:15:00+02:00,54,placa-vella,297,63,234,78.8
2026-10-08T10:15:00Z,2026-10-08T12:15:00+02:00,55,ajuntament-mercat,237,55,182,76.8
2026-10-08T10:16:00Z,2026-10-08T12:16:00+02:00,53,dr-robert,407,26,381,93.6
2026-10-08T10:16:00Z,2026-10-08T12:16:00+02:00,54,placa-vella,297,63,234,78.8
2026-10-08T10:16:00Z,2026-10-08T12:16:00+02:00,55,ajuntament-mercat,237,55,182,76.8
2026-10-08T10:17:00Z,2026-10-08T12:17:00+02:00,53,dr-robert,407,26,381,93.6
2026-10-08T10:17:00Z,2026-10-08T12:17:00+02:00,54,placa-vella,297,63,234,78.8
2026-10-08T10:17:00Z,2026-10-08T12:17:00+02:00,55,ajuntament-mercat,237,55,182,76.8
2026-10-08T10:18:00Z,2026-10-08T12:18:00+02:00,53,dr-robert,407,26,381,93.6
2026-10-08T10:18:00Z,2026-10-08T12:18:00+02:00,54,placa-vella,297,63,234,78.8
2026-10-08T10:18:00Z,2026-10-08T12:18:00+02:00,55,ajuntament-mercat,237,55,182,76.8
2026-10-08T10:19:00Z,2026-10-08T12:19:00+02:00,53,dr-robert,407,26,381,93.6
2026-10-08T10:19:00Z,2026-10-08T12:19:00+02:00,54,placa-vella,297,63,234,78.8
2026-10-08T10:19:00Z,2026-10-08T12:19:00+02:00,55,ajuntament-mercat,237,55,182,76.8
2026-10-08T10:20:00Z,2026-10-08T12:20:00+02:00,53,dr-robert,407,29,378,92.9
2026-10-08T10:20:00Z,2026-10-08T12:20:00+02:00,54,placa-vella,297,61,236,79.5
2026-10-08T10:20:00Z,2026-10-08T12:20:00+02:00,55,ajuntament-mercat,237,56,181,76.4
2026-10-08T10:21:00Z,2026-10-08T12:21:00+02:00,53,dr-robert,407,29,378,92.9
2026-10-08T10:21:00Z,2026-10-08T12:21:00+02:00,54,placa-vella,297,61,236,79.5
2026-10-08T10:21:00Z,2026-10-08T12:21:00+02:00,55,ajuntament-mercat,237,56,181,76.4
2026-10-08T10:22:00Z,2026-10-08T12:22:00+02:00,53,dr-robert,407,29,378,92.9
2026-10-08T10:22:00Z,2026-10-08T12:22:00+02:00,54,placa-vella,297,61,236,79.5
2026-10-08T10:22:00Z,2026-10-08T12:22:00+02:00,55,ajuntament-mercat,237,56,181,76.4
2026-10-08T10:23:00Z,2026-10-08T12:23:00+02:00,53,dr-robert,407,29,378,92.9
2026-10-08T10:23:00Z,2026-10-08T12:23:00+02:00,54,placa-vella,297,61,236,79.5
2026-10-08T10:23:00Z,2026-10-08T12:23:00+02:00,55,ajuntament-mercat,237,56,181,76.4
2026-10-08T10:24:00Z,2026-10-08T12:24:00+02:00,53,dr-robert,407,29,378,92.9
2026-10-08T10:24:00Z,2026-10-08T12:24:00+02:00,54,placa-vella,297,61,236,79.5
2026-10-08T10:24:00Z,2026-10-08T12:24:00+02:00,55,ajuntament-mercat,237,56,181,76.4
2026-10-08T10:25:00Z,2026-10-08T12:25:00+02:00,53,dr-robert,407,32,375,92.1
2026-10-08T10:25:00Z,2026-10-08T12:25:00+02:00,54,placa-vella,297,64,233,78.5
2026-10-08T10:25:00Z,2026-10-08T12:25:00+02:00,55,ajuntament-mercat,237,57,180,75.9
2026-10-08T10:26:00Z,2026-10-08T12:26:00+02:00,53,dr-robert,407,32,375,92.1
2026-10-08T10:26:00Z,2026-10-08T12:26:00+02:00,54,placa-vella,297,64,233,78.5
2026-10-08T10:26:00Z,2026-10-08T12:26:00+02:00,55,ajuntament-mercat,237,57,180,75.9
2026-10-08T10:27:00Z,2026-10-08T12:27:00+02:00,53,dr-robert,407,32,375,92.1
2026-10-08T10:27:00Z,2026-10-08T12:27:00+02:00,54,placa-vella,297,64,233,78.5
2026-10-08T10:27:00Z,2026-10-08T12:27:00+02:00,55,ajuntament-mercat,237,57,180,75.9
2026-10-08T10:28:00Z,2026-10-08T12:28:00+02:00,53,dr-robert,407,32,375,92.1
2026-10-08T10:28:00Z,2026-10-08T12:28:00+02:00,54,placa-vella,297,64,233,78.5
2026-10-08T10:28:00Z,2026-10-08T12:28:00+02:00,55,ajuntament-mercat,237,57,180,75.9
2026-10-08T10:29:00Z,2026-10-08T12:29:00+02:00,53,dr-robert,407,32,375,92.1
2026-10-08T10:29:00Z,2026-10-08T12:29:00+02:00,54,placa-vella,297,64,233,78.5
2026-10-08T10:29:00Z,2026-10-08T12:29:00+02:00,55,ajuntament-mercat,237,57,180,75.9
2026-10-08T10:30:00Z,2026-10-08T12:30:00+02:00,53,dr-robert,407,32,375,92.1
2026-10-08T10:30:00Z,2026-10-08T12:30:00+02:00,54,placa-vella,297,68,229,77.1
2026-10-08T10:30:00Z,2026-10-08T12:30:00+02:00,55,ajuntament-mercat,237,57,180,75.9
2026-10-08T10:31:00Z,2026-10-08T12:31:00+02:00,53,dr-robert,407,32,375,92.1
2026-10-08T10:31:00Z,2026-10-08T12:31:00+02:00,54,placa-vella,297,68,229,77.1
2026-10-08T10:31:00Z,2026-10-08T12:31:00+02:00,55,ajuntament-mercat,237,57,180,75.9
2026-10-08T10:32:00Z,2026-10-08T12:32:00+02:00,53,dr-robert,407,32,375,92.1
2026-10-08T10:32:00Z,2026-10-08T12:32:00+02:00,54,placa-vella,297,68,229,77.1
2026-10-08T10:32:00Z,2026-10-08T12:32:00+02:00,55,ajuntament-mercat,237,57,180,75.9
2026-10-08T10:33:00Z,2026-10-08T12:33:00+02:00,53,dr-robert,407,32,375,92.1
2026-10-08T10:33:00Z,2026-10-08T12:33:00+02:00,54,placa-vella,297,68,229,77.1
2026-10-08T10:33:00Z,2026-10-08T12:33:00+02:00,55,ajuntament-mercat,237,57,180,75.9
2026-10-08T10:34:00Z,2026-10-08T12:34:00+02:00,53,dr-robert,407,32,375,92.1
2026-10-08T10:34:00Z,2026-10-08T12:34:00+02:00,54,placa-vella,297,68,229,77.1
2026-10-08T10:34:00Z,2026-10-08T12:34:00+02:00,55,ajuntament-mercat,237,57,180,75.9
2026-10-08T10:35:00Z,2026-10-08T12:35:00+02:00,53,dr-robert,407,44,363,89.2
2026-10-08T10:35:00Z,2026-10-08T12:35:00+02:00,54,placa-vella,297,72,225,75.8
2026-10-08T10:35:00Z,2026-10-08T12:35:00+02:00,55,ajuntament-mercat,237,56,181,76.4
2026-10-08T10:36:00Z,2026-10-08T12:36:00+02:00,53,dr-robert,407,44,363,89.2
2026-10-08T10:36:00Z,2026-10-08T12:36:00+02:00,54,placa-vella,297,72,225,75.8
2026-10-08T10:36:00Z,2026-10-08T12:36:00+02:00,55,ajuntament-mercat,237,56,181,76.4
2026-10-08T10:37:00Z,2026-10-08T12:37:00+02:00,53,dr-robert,407,44,363,89.2
2026-10-08T10:37:00Z,2026-10-08T12:37:00+02:00,54,placa-vella,297,72,225,75.8
2026-10-08T10:37:00Z,2026-10-08T12:37:00+02:00,55,ajuntament-mercat,237,56,181,76.4
2026-10-08T10:38:00Z,2026-10-08T12:38:00+02:00,53,dr-robert,407,44,363,89.2
2026-10-08T10:38:00Z,2026-10-08T12:38:00+02:00,54,placa-vella,297,72,225,75.8
2026-10-08T10:38:00Z,2026-10-08T12:38:00+02:00,55,ajuntament-mercat,237,56,181,76.4
2026-10-08T10:39:00Z,2026-10-08T12:39:00+02:00,53,dr-robert,407,44,363,89.2
2026-10-08T10:39:00Z,2026-10-08T12:39:00+02:00,54,placa-vella,297,72,225,75.8
2026-10-08T10:39:00Z,2026-10-08T12:39:00+02:00,55,ajuntament-mercat,237,56,181,76.4
2026-10-08T10:40:00Z,2026-10-08T12:40:00+02:00,53,dr-robert,407,48,359,88.2
2026-10-08T10:40:00Z,2026-10-08T12:40:00+02:00,54,placa-vella,297,73,224,75.4
2026-10-08T10:40:00Z,2026-10-08T12:40:00+02:00,55,ajuntament-mercat,237,58,179,75.5
2026-10-08T10:41:00Z,2026-10-08T12:41:00+02:00,53,dr-robert,407,48,359,88.2
2026-10-08T10:41:00Z,2026-10-08T12:41:00+02:00,54,placa-vella,297,73,224,75.4
2026-10-08T10:41:00Z,2026-10-08T12:41:00+02:00,55,ajuntament-mercat,237,58,179,75.5
2026-10-08T10:42:00Z,2026-10-08T12:42:00+02:00,53,dr-robert,407,48,359,88.2
2026-10-08T10:42:00Z,2026-10-08T12:42:00+02:00,54,placa-vella,297,73,224,75.4
2026-10-08T10:42:00Z,2026-10-08T12:42:00+02:00,55,ajuntament-mercat,237,58,179,75.5
2026-10-08T10:43:00Z,2026-10-08T12:43:00+02:00,53,dr-robert,407,48,359,88.2
2026-10-08T10:43:00Z,2026-10-08T12:43:00+02:00,54,placa-vella,297,73,224,75.4
2026-10-08T10:43:00Z,2026-10-08T12:43:00+02:00,55,ajuntament-mercat,237,58,179,75.5
2026-10-08T10:44:00Z,2026-10-08T12:44:00+02:00,53,dr-robert,407,48,359,88.2
2026-10-08T10:44:00Z,2026-10-08T12:44:00+02:00,54,placa-vella,297,73,224,75.4
2026-10-08T10:44:00Z,2026-10-08T12:44:00+02:00,55,ajuntament-mercat,237,58,179,75.5
2026-10-08T10:45:00Z,2026-10-08T12:45:00+02:00,53,dr-robert,407,48,359,88.2
2026-10-08T10:45:00Z,2026-10-08T12:45:00+02:00,54,placa-vella,297,73,224,75.4
2026-10-08T10:45:00Z,2026-10-08T12:45:00+02:00,55,ajuntament-mercat,237,58,179,75.5
2026-10-08T10:46:00Z,2026-10-08T12:46:00+02:00,53,dr-robert,407,48,359,88.2
2026-10-08T10:46:00Z,2026-10-08T12:46:00+02:00,54,placa-vella,297,82,215,72.4
2026-10-08T10:46:00Z,2026-10-08T12:46:00+02:00,55,ajuntament-mercat,237,59,178,75.1
2026-10-08T10:47:00Z,2026-10-08T12:47:00+02:00,53,dr-robert,407,48,359,88.2
2026-10-08T10:47:00Z,2026-10-08T12:47:00+02:00,54,placa-vella,297,82,215,72.4
2026-10-08T10:47:00Z,2026-10-08T12:47:00+02:00,55,ajuntament-mercat,237,59,178,75.1
2026-10-08T10:48:00Z,2026-10-08T12:48:00+02:00,53,dr-robert,407,48,359,88.2
2026-10-08T10:48:00Z,2026-10-08T12:48:00+02:00,54,placa-vella,297,82,215,72.4
2026-10-08T10:48:00Z,2026-10-08T12:48:00+02:00,55,ajuntament-mercat,237,59,178,75.1
2026-10-08T10:49:00Z,2026-10-08T12:49:00+02:00,53,dr-robert,407,48,359,88.2
2026-10-08T10:49:00Z,2026-10-08T12:49:00+02:00,54,placa-vella,297,82,215,72.4
2026-10-08T10:49:00Z,2026-10-08T12:49:00+02:00,55,ajuntament-mercat,237,59,178,75.1
2026-10-08T10:50:00Z,2026-10-08T12:50:00+02:00,53,dr-robert,407,47,360,88.5
2026-10-08T10:50:00Z,2026-10-08T12:50:00+02:00,54,placa-vella,297,86,211,71
2026-10-08T10:50:00Z,2026-10-08T12:50:00+02:00,55,ajuntament-mercat,237,59,178,75.1
2026-10-08T10:51:00Z,2026-10-08T12:51:00+02:00,53,dr-robert,407,47,360,88.5
2026-10-08T10:51:00Z,2026-10-08T12:51:00+02:00,54,placa-vella,297,86,211,71
2026-10-08T10:51:00Z,2026-10-08T12:51:00+02:00,55,ajuntament-mercat,237,59,178,75.1
2026-10-08T10:52:00Z,2026-10-08T12:52:00+02:00,53,dr-robert,407,47,360,88.5
2026-10-08T10:52:00Z,2026-10-08T12:52:00+02:00,54,placa-vella,297,86,211,71
2026-10-08T10:52:00Z,2026-10-08T12:52:00+02:00,55,ajuntament-mercat,237,59,178,75.1
2026-10-08T10:53:00Z,2026-10-08T12:53:00+02:00,53,dr-robert,407,47,360,88.5
2026-10-08T10:53:00Z,2026-10-08T12:53:00+02:00,54,placa-vella,297,86,211,71
2026-10-08T10:53:00Z,2026-10-08T12:53:00+02:00,55,ajuntament-mercat,237,59,178,75.1
2026-10-08T10:54:00Z,2026-10-08T12:54:00+02:00,53,dr-robert,407,47,360,88.5
2026-10-08T10:54:00Z,2026-10-08T12:54:00+02:00,54,placa-vella,297,86,211,71
2026-10-08T10:54:00Z,2026-10-08T12:54:00+02:00,55,ajuntament-mercat,237,59,178,75.1
2026-10-08T10:55:00Z,2026-10-08T12:55:00+02:00,53,dr-robert,407,47,360,88.5
2026-10-08T10:55:00Z,2026-10-08T12:55:00+02:00,54,placa-vella,297,86,211,71
2026-10-08T10:55:00Z,2026-10-08T12:55:00+02:00,55,ajuntament-mercat,237,59,178,75.1
2026-10-08T10:56:00Z,2026-10-08T12:56:00+02:00,53,dr-robert,407,59,348,85.5
2026-10-08T10:56:00Z,2026-10-08T12:56:00+02:00,54,placa-vella,297,87,210,70.7
2026-10-08T10:56:00Z,2026-10-08T12:56:00+02:00,55,ajuntament-mercat,237,60,177,74.7
2026-10-08T10:57:00Z,2026-10-08T12:57:00+02:00,53,dr-robert,407,59,348,85.5
2026-10-08T10:57:00Z,2026-10-08T12:57:00+02:00,54,placa-vella,297,87,210,70.7
2026-10-08T10:57:00Z,2026-10-08T12:57:00+02:00,55,ajuntament-mercat,237,60,177,74.7
2026-10-08T10:58:00Z,2026-10-08T12:58:00+02:00,53,dr-robert,407,59,348,85.5
2026-10-08T10:58:00Z,2026-10-08T12:58:00+02:00,54,placa-vella,297,87,210,70.7
2026-10-08T10:58:00Z,2026-10-08T12:58:00+02:00,55,ajuntament-mercat,237,60,177,74.7
2026-10-08T10:59:00Z,2026-10-08T12:59:00+02:00,53,dr-robert,407,59,348,85.5
2026-10-08T10:59:00Z,2026-10-08T12:59:00+02:00,54,placa-vella,297,87,210,70.7
2026-10-08T10:59:00Z,2026-10-08T12:59:00+02:00,55,ajuntament-mercat,237,60,177,74.7
2026-10-08T11:00:00Z,2026-10-08T13:00:00+02:00,53,dr-robert,407,59,348,85.5
2026-10-08T11:00:00Z,2026-10-08T13:00:00+02:00,54,placa-vella,297,87,210,70.7
2026-10-08T11:00:00Z,2026-10-08T13:00:00+02:00,55,ajuntament-mercat,237,60,177,74.7
2026-10-08T11:01:00Z,2026-10-08T13:01:00+02:00,53,dr-robert,407,72,335,82.3
2026-10-08T11:01:00Z,2026-10-08T13:01:00+02:00,54,placa-vella,297,91,206,69.4
2026-10-08T11:01:00Z,2026-10-08T13:01:00+02:00,55,ajuntament-mercat,237,60,177,74.7
2026-10-08T11:02:00Z,2026-10-08T13:02:00+02:00,53,dr-robert,407,72,335,82.3
2026-10-08T11:02:00Z,2026-10-08T13:02:00+02:00,54,placa-vella,297,91,206,69.4
2026-10-08T11:02:00Z,2026-10-08T13:02:00+02:00,55,ajuntament-mercat,237,60,177,74.7
2026-10-08T11:03:00Z,2026-10-08T13:03:00+02:00,53,dr-robert,407,72,335,82.3
2026-10-08T11:03:00Z,2026-10-08T13:03:00+02:00,54,placa-vella,297,91,206,69.4
2026-10-08T11:03:00Z,2026-10-08T13:03:00+02:00,55,ajuntament-mercat,237,60,177,74.7
2026-10-08T11:04:00Z,2026-10-08T13:04:00+02:00,53,dr-robert,407,72,335,82.3
2026-10-08T11:04:00Z,2026-10-08T13:04:00+02:00,54,placa-vella,297,91,206,69.4
2026-10-08T11:04:00Z,2026-10-08T13:04:00+02:00,55,ajuntament-mercat,237,60,177,74.7
2026-10-08T11:05:00Z,2026-10-08T13:05:00+02:00,53,dr-robert,407,79,328,80.6
2026-10-08T11:05:00Z,2026-10-08T13:05:00+02:00,54,placa-vella,297,90,207,69.7
2026-10-08T11:05:00Z,2026-10-08T13:05:00+02:00,55,ajuntament-mercat,237,63,174,73.4
2026-10-08T11:06:00Z,2026-10-08T13:06:00+02:00,53,dr-robert,407,79,328,80.6
2026-10-08T11:06:00Z,2026-10-08T13:06:00+02:00,54,placa-vella,297,90,207,69.7
2026-10-08T11:06:00Z,2026-10-08T13:06:00+02:00,55,ajuntament-mercat,237,63,174,73.4
2026-10-08T11:07:00Z,2026-10-08T13:07:00+02:00,53,dr-robert,407,79,328,80.6
2026-10-08T11:07:00Z,2026-10-08T13:07:00+02:00,54,placa-vella,297,90,207,69.7
2026-10-08T11:07:00Z,2026-10-08T13:07:00+02:00,55,ajuntament-mercat,237,63,174,73.4
2026-10-08T11:08:00Z,2026-10-08T13:08:00+02:00,53,dr-robert,407,79,328,80.6
2026-10-08T11:08:00Z,2026-10-08T13:08:00+02:00,54,placa-vella,297,90,207,69.7
2026-10-08T11:08:00Z,2026-10-08T13:08:00+02:00,55,ajuntament-mercat,237,63,174,73.4
2026-10-08T11:09:00Z,2026-10-08T13:09:00+02:00,53,dr-robert,407,79,328,80.6
2026-10-08T11:09:00Z,2026-10-08T13:09:00+02:00,54,placa-vella,297,90,207,69.7
2026-10-08T11:09:00Z,2026-10-08T13:09:00+02:00,55,ajuntament-mercat,237,63,174,73.4
2026-10-08T11:10:00Z,2026-10-08T13:10:00+02:00,53,dr-robert,407,82,325,79.9
2026-10-08T11:10:00Z,2026-10-08T13:10:00+02:00,54,placa-vella,297,86,211,71
2026-10-08T11:10:00Z,2026-10-08T13:10:00+02:00,55,ajuntament-mercat,237,67,170,71.7
2026-10-08T11:11:00Z,2026-10-08T13:11:00+02:00,53,dr-robert,407,82,325,79.9
2026-10-08T11:11:00Z,2026-10-08T13:11:00+02:00,54,placa-vella,297,86,211,71
2026-10-08T11:11:00Z,2026-10-08T13:11:00+02:00,55,ajuntament-mercat,237,67,170,71.7
2026-10-08T11:12:00Z,2026-10-08T13:12:00+02:00,53,dr-robert,407,82,325,79.9
2026-10-08T11:12:00Z,2026-10-08T13:12:00+02:00,54,placa-vella,297,86,211,71
2026-10-08T11:12:00Z,2026-10-08T13:12:00+02:00,55,ajuntament-mercat,237,67,170,71.7
2026-10-08T11:13:00Z,2026-10-08T13:13:00+02:00,53,dr-robert,407,82,325,79.9
2026-10-08T11:13:00Z,2026-10-08T13:13:00+02:00,54,placa-vella,297,86,211,71
2026-10-08T11:13:00Z,2026-10-08T13:13:00+02:00,55,ajuntament-mercat,237,67,170,71.7
2026-10-08T11:14:00Z,2026-10-08T13:14:00+02:00,53,dr-robert,407,82,325,79.9
2026-10-08T11:14:00Z,2026-10-08T13:14:00+02:00,54,placa-vella,297,86,211,71
2026-10-08T11:14:00Z,2026-10-08T13:14:00+02:00,55,ajuntament-mercat,237,67,170,71.7
2026-10-08T11:15:00Z,2026-10-08T13:15:00+02:00,53,dr-robert,407,81,326,80.1
2026-10-08T11:15:00Z,2026-10-08T13:15:00+02:00,54,placa-vella,297,88,209,70.4
2026-10-08T11:15:00Z,2026-10-08T13:15:00+02:00,55,ajuntament-mercat,237,71,166,70
2026-10-08T11:16:00Z,2026-10-08T13:16:00+02:00,53,dr-robert,407,81,326,80.1
2026-10-08T11:16:00Z,2026-10-08T13:16:00+02:00,54,placa-vella,297,88,209,70.4
2026-10-08T11:16:00Z,2026-10-08T13:16:00+02:00,55,ajuntament-mercat,237,71,166,70
2026-10-08T11:17:00Z,2026-10-08T13:17:00+02:00,53,dr-robert,407,81,326,80.1
2026-10-08T11:17:00Z,2026-10-08T13:17:00+02:00,54,placa-vella,297,88,209,70.4
2026-10-08T11:17:00Z,2026-10-08T13:17:00+02:00,55,ajuntament-mercat,237,71,166,70
2026-10-08T11:18:00Z,2026-10-08T13:18:00+02:00,53,dr-robert,407,81,326,80.1
2026-10-08T11:18:00Z,2026-10-08T13:18:00+02:00,54,placa-vella,297,88,209,70.4
2026-10-08T11:18:00Z,2026-10-08T13:18:00+02:00,55,ajuntament-mercat,237,71,166,70
2026-10-08T11:19:00Z,2026-10-08T13:19:00+02:00,53,dr-robert,407,81,326,80.1
2026-10-08T11:19:00Z,2026-10-08T13:19:00+02:00,54,placa-vella,297,88,209,70.4
2026-10-08T11:19:00Z,2026-10-08T13:19:00+02:00,55,ajuntament-mercat,237,71,166,70
2026-10-08T11:20:00Z,2026-10-08T13:20:00+02:00,53,dr-robert,407,88,319,78.4
2026-10-08T11:20:00Z,2026-10-08T13:20:00+02:00,54,placa-vella,297,82,215,72.4
2026-10-08T11:20:00Z,2026-10-08T13:20:00+02:00,55,ajuntament-mercat,237,73,164,69.2
2026-10-08T11:21:00Z,2026-10-08T13:21:00+02:00,53,dr-robert,407,88,319,78.4
2026-10-08T11:21:00Z,2026-10-08T13:21:00+02:00,54,placa-vella,297,82,215,72.4
2026-10-08T11:21:00Z,2026-10-08T13:21:00+02:00,55,ajuntament-mercat,237,73,164,69.2
2026-10-08T11:22:00Z,2026-10-08T13:22:00+02:00,53,dr-robert,407,88,319,78.4
2026-10-08T11:22:00Z,2026-10-08T13:22:00+02:00,54,placa-vella,297,82,215,72.4
2026-10-08T11:22:00Z,2026-10-08T13:22:00+02:00,55,ajuntament-mercat,237,73,164,69.2
2026-10-08T11:23:00Z,2026-10-08T13:23:00+02:00,53,dr-robert,407,88,319,78.4
2026-10-08T11:23:00Z,2026-10-08T13:23:00+02:00,54,placa-vella,297,82,215,72.4
2026-10-08T11:23:00Z,2026-10-08T13:23:00+02:00,55,ajuntament-mercat,237,73,164,69.2
2026-10-08T11:24:00Z,2026-10-08T13:24:00+02:00,53,dr-robert,407,88,319,78.4
2026-10-08T11:24:00Z,2026-10-08T13:24:00+02:00,54,placa-vella,297,82,215,72.4
2026-10-08T11:24:00Z,2026-10-08T13:24:00+02:00,55,ajuntament-mercat,237,73,164,69.2
2026-10-08T11:25:00Z,2026-10-08T13:25:00+02:00,53,dr-robert,407,92,315,77.4
2026-10-08T11:25:00Z,2026-10-08T13:25:00+02:00,54,placa-vella,297,87,210,70.7
2026-10-08T11:25:00Z,2026-10-08T13:25:00+02:00,55,ajuntament-mercat,237,77,160,67.5
2026-10-08T11:26:00Z,2026-10-08T13:26:00+02:00,53,dr-robert,407,92,315,77.4
2026-10-08T11:26:00Z,2026-10-08T13:26:00+02:00,54,placa-vella,297,87,210,70.7
2026-10-08T11:26:00Z,2026-10-08T13:26:00+02:00,55,ajuntament-mercat,237,77,160,67.5
2026-10-08T11:27:00Z,2026-10-08T13:27:00+02:00,53,dr-robert,407,92,315,77.4
2026-10-08T11:27:00Z,2026-10-08T13:27:00+02:00,54,placa-vella,297,87,210,70.7
2026-10-08T11:27:00Z,2026-10-08T13:27:00+02:00,55,ajuntament-mercat,237,77,160,67.5
2026-10-08T11:28:00Z,2026-10-08T13:28:00+02:00,53,dr-robert,407,92,315,77.4
2026-10-08T11:28:00Z,2026-10-08T13:28:00+02:00,54,placa-vella,297,87,210,70.7
2026-10-08T11:28:00Z,2026-10-08T13:28:00+02:00,55,ajuntament-mercat,237,77,160,67.5
2026-10-08T11:29:00Z,2026-10-08T13:29:00+02:00,53,dr-robert,407,92,315,77.4
2026-10-08T11:29:00Z,2026-10-08T13:29:00+02:00,54,placa-vella,297,87,210,70.7
2026-10-08T11:29:00Z,2026-10-08T13:29:00+02:00,55,ajuntament-mercat,237,77,160,67.5
2026-10-08T11:30:00Z,2026-10-08T13:30:00+02:00,53,dr-robert,407,95,312,76.7
2026-10-08T11:30:00Z,2026-10-08T13:30:00+02:00,54,placa-vella,297,84,213,71.7
2026-10-08T11:30:00Z,2026-10-08T13:30:00+02:00,55,ajuntament-mercat,237,78,159,67.1
2026-10-08T11:31:00Z,2026-10-08T13:31:00+02:00,53,dr-robert,407,95,312,76.7
2026-10-08T11:31:00Z,2026-10-08T13:31:00+02:00,54,placa-vella,297,84,213,71.7
2026-10-08T11:31:00Z,2026-10-08T13:31:00+02:00,55,ajuntament-mercat,237,78,159,67.1
2026-10-08T11:32:00Z,2026-10-08T13:32:00+02:00,53,dr-robert,407,95,312,76.7
2026-10-08T11:32:00Z,2026-10-08T13:32:00+02:00,54,placa-vella,297,84,213,71.7
2026-10-08T11:32:00Z,2026-10-08T13:32:00+02:00,55,ajuntament-mercat,237,78,159,67.1
2026-10-08T11:33:00Z,2026-10-08T13:33:00+02:00,53,dr-robert,407,95,312,76.7
2026-10-08T11:33:00Z,2026-10-08T13:33:00+02:00,54,placa-vella,297,84,213,71.7
2026-10-08T11:33:00Z,2026-10-08T13:33:00+02:00,55,ajuntament-mercat,237,78,159,67.1
2026-10-08T11:34:00Z,2026-10-08T13:34:00+02:00,53,dr-robert,407,95,312,76.7
2026-10-08T11:34:00Z,2026-10-08T13:34:00+02:00,54,placa-vella,297,84,213,71.7
2026-10-08T11:34:00Z,2026-10-08T13:34:00+02:00,55,ajuntament-mercat,237,78,159,67.1
2026-10-08T11:35:00Z,2026-10-08T13:35:00+02:00,53,dr-robert,407,99,308,75.7
2026-10-08T11:35:00Z,2026-10-08T13:35:00+02:00,54,placa-vella,297,83,214,72.1
2026-10-08T11:35:00Z,2026-10-08T13:35:00+02:00,55,ajuntament-mercat,237,81,156,65.8
2026-10-08T11:36:00Z,2026-10-08T13:36:00+02:00,53,dr-robert,407,99,308,75.7
2026-10-08T11:36:00Z,2026-10-08T13:36:00+02:00,54,placa-vella,297,83,214,72.1
2026-10-08T11:36:00Z,2026-10-08T13:36:00+02:00,55,ajuntament-mercat,237,81,156,65.8
2026-10-08T11:37:00Z,2026-10-08T13:37:00+02:00,53,dr-robert,407,99,308,75.7
2026-10-08T11:37:00Z,2026-10-08T13:37:00+02:00,54,placa-vella,297,83,214,72.1
2026-10-08T11:37:00Z,2026-10-08T13:37:00+02:00,55,ajuntament-mercat,237,81,156,65.8
2026-10-08T11:38:00Z,2026-10-08T13:38:00+02:00,53,dr-robert,407,99,308,75.7
2026-10-08T11:38:00Z,2026-10-08T13:38:00+02:00,54,placa-vella,297,83,214,72.1
2026-10-08T11:38:00Z,2026-10-08T13:38:00+02:00,55,ajuntament-mercat,237,81,156,65.8
2026-10-08T11:39:00Z,2026-10-08T13:39:00+02:00,53,dr-robert,407,99,308,75.7
2026-10-08T11:39:00Z,2026-10-08T13:39:00+02:00,54,placa-vella,297,83,214,72.1
2026-10-08T11:39:00Z,2026-10-08T13:39:00+02:00,55,ajuntament-mercat,237,81,156,65.8
2026-10-08T11:40:00Z,2026-10-08T13:40:00+02:00,53,dr-robert,407,101,306,75.2
2026-10-08T11:40:00Z,2026-10-08T13:40:00+02:00,54,placa-vella,297,83,214,72.1
2026-10-08T11:40:00Z,2026-10-08T13:40:00+02:00,55,ajuntament-mercat,237,80,157,66.2
2026-10-08T11:41:00Z,2026-10-08T13:41:00+02:00,53,dr-robert,407,101,306,75.2
2026-10-08T11:41:00Z,2026-10-08T13:41:00+02:00,54,placa-vella,297,83,214,72.1
2026-10-08T11:41:00Z,2026-10-08T13:41:00+02:00,55,ajuntament-mercat,237,80,157,66.2
2026-10-08T11:42:00Z,2026-10-08T13:42:00+02:00,53,dr-robert,407,101,306,75.2
2026-10-08T11:42:00Z,2026-10-08T13:42:00+02:00,54,placa-vella,297,83,214,72.1
2026-10-08T11:42:00Z,2026-10-08T13:42:00+02:00,55,ajuntament-mercat,237,80,157,66.2
2026-10-08T11:43:00Z,2026-10-08T13:43:00+02:00,53,dr-robert,407,101,306,75.2
2026-10-08T11:43:00Z,2026-10-08T13:43:00+02:00,54,placa-vella,297,83,214,72.1
2026-10-08T11:43:00Z,2026-10-08T13:43:00+02:00,55,ajuntament-mercat,237,80,157,66.2
2026-10-08T11:44:00Z,2026-10-08T13:44:00+02:00,53,dr-robert,407,101,306,75.2
2026-10-08T11:44:00Z,2026-10-08T13:44:00+02:00,54,placa-vella,297,83,214,72.1
2026-10-08T11:44:00Z,2026-10-08T13:44:00+02:00,55,ajuntament-mercat,237,80,157,66.2
2026-10-08T11:45:00Z,2026-10-08T13:45:00+02:00,53,dr-robert,407,104,303,74.4
2026-10-08T11:45:00Z,2026-10-08T13:45:00+02:00,54,placa-vella,297,84,213,71.7
2026-10-08T11:45:00Z,2026-10-08T13:45:00+02:00,55,ajuntament-mercat,237,81,156,65.8
2026-10-08T11:46:00Z,2026-10-08T13:46:00+02:00,53,dr-robert,407,104,303,74.4
2026-10-08T11:46:00Z,2026-10-08T13:46:00+02:00,54,placa-vella,297,84,213,71.7
2026-10-08T11:46:00Z,2026-10-08T13:46:00+02:00,55,ajuntament-mercat,237,81,156,65.8
2026-10-08T11:47:00Z,2026-10-08T13:47:00+02:00,53,dr-robert,407,104,303,74.4
2026-10-08T11:47:00Z,2026-10-08T13:47:00+02:00,54,placa-vella,297,84,213,71.7
2026-10-08T11:47:00Z,2026-10-08T13:47:00+02:00,55,ajuntament-mercat,237,81,156,65.8
2026-10-08T11:48:00Z,2026-10-08T13:48:00+02:00,53,dr-robert,407,104,303,74.4
2026-10-08T11:48:00Z,2026-10-08T13:48:00+02:00,54,placa-vella,297,84,213,71.7
2026-10-08T11:48:00Z,2026-10-08T13:48:00+02:00,55,ajuntament-mercat,237,81,156,65.8
2026-10-08T11:49:00Z,2026-10-08T13:49:00+02:00,53,dr-robert,407,104,303,74.4
2026-10-08T11:49:00Z,2026-10-08T13:49:00+02:00,54,placa-vella,297,84,213,71.7
2026-10-08T11:49:00Z,2026-10-08T13:49:00+02:00,55,ajuntament-mercat,237,81,156,65.8
2026-10-08T11:50:00Z,2026-10-08T13:50:00+02:00,53,dr-robert,407,105,302,74.2
2026-10-08T11:50:00Z,2026-10-08T13:50:00+02:00,54,placa-vella,297,85,212,71.4
2026-10-08T11:50:00Z,2026-10-08T13:50:00+02:00,55,ajuntament-mercat,237,82,155,65.4
2026-10-08T11:51:00Z,2026-10-08T13:51:00+02:00,53,dr-robert,407,105,302,74.2
2026-10-08T11:51:00Z,2026-10-08T13:51:00+02:00,54,placa-vella,297,85,212,71.4
2026-10-08T11:51:00Z,2026-10-08T13:51:00+02:00,55,ajuntament-mercat,237,82,155,65.4
2026-10-08T11:52:00Z,2026-10-08T13:52:00+02:00,53,dr-robert,407,105,302,74.2
2026-10-08T11:52:00Z,2026-10-08T13:52:00+02:00,54,placa-vella,297,85,212,71.4
2026-10-08T11:52:00Z,2026-10-08T13:52:00+02:00,55,ajuntament-mercat,237,82,155,65.4
2026-10-08T11:53:00Z,2026-10-08T13:53:00+02:00,53,dr-robert,407,105,302,74.2
2026-10-08T11:53:00Z,2026-10-08T13:53:00+02:00,54,placa-vella,297,85,212,71.4
2026-10-08T11:53:00Z,2026-10-08T13:53:00+02:00,55,ajuntament-mercat,237,82,155,65.4
2026-10-08T11:54:00Z,2026-10-08T13:54:00+02:00,53,dr-robert,407,105,302,74.2
2026-10-08T11:54:00Z,2026-10-08T13:54:00+02:00,54,placa-vella,297,85,212,71.4
2026-10-08T11:54:00Z,2026-10-08T13:54:00+02:00,55,ajuntament-mercat,237,82,155,65.4
2026-10-08T11:55:00Z,2026-10-08T13:55:00+02:00,53,dr-robert,407,106,301,74
2026-10-08T11:55:00Z,2026-10-08T13:55:00+02:00,54,placa-vella,297,88,209,70.4
2026-10-08T11:55:00Z,2026-10-08T13:55:00+02:00,55,ajuntament-mercat,237,88,149,62.9
2026-10-08T11:56:00Z,2026-10-08T13:56:00+02:00,53,dr-robert,407,106,301,74
2026-10-08T11:56:00Z,2026-10-08T13:56:00+02:00,54,placa-vella,297,88,209,70.4
2026-10-08T11:56:00Z,2026-10-08T13:56:00+02:00,55,ajuntament-mercat,237,88,149,62.9
2026-10-08T11:57:00Z,2026-10-08T13:57:00+02:00,53,dr-robert,407,106,301,74
2026-10-08T11:57:00Z,2026-10-08T13:57:00+02:00,54,placa-vella,297,88,209,70.4
2026-10-08T11:57:00Z,2026-10-08T13:57:00+02:00,55,ajuntament-mercat,237,88,149,62.9
2026-10-08T11:58:00Z,2026-10-08T13:58:00+02:00,53,dr-robert,407,106,301,74
2026-10-08T11:58:00Z,2026-10-08T13:58:00+02:00,54,placa-vella,297,88,209,70.4
2026-10-08T11:58:00Z,2026-10-08T13:58:00+02:00,55,ajuntament-mercat,237,88,149,62.9
2026-10-08T11:59:00Z,2026-10-08T13:59:00+02:00,53,dr-robert,407,106,301,74
2026-10-08T11:59:00Z,2026-10-08T13:59:00+02:00,54,placa-vella,297,88,209,70.4
2026-10-08T11:59:00Z,2026-10-08T13:59:00+02:00,55,ajuntament-mercat,237,88,149,62.9
2026-10-08T12:00:00Z,2026-10-08T14:00:00+02:00,53,dr-robert,407,106,301,74
2026-10-08T12:00:00Z,2026-10-08T14:00:00+02:00,54,placa-vella,297,88,209,70.4
2026-10-08T12:00:00Z,2026-10-08T14:00:00+02:00,55,ajuntament-mercat,237,88,149,62.9
2026-10-08T12:01:00Z,2026-10-08T14:01:00+02:00,53,dr-robert,407,106,301,74
2026-10-08T12:01:00Z,2026-10-08T14:01:00+02:00,54,placa-vella,297,88,209,70.4
2026-10-08T12:01:00Z,2026-10-08T14:01:00+02:00,55,ajuntament-mercat,237,88,149,62.9
2026-10-08T12:02:00Z,2026-10-08T14:02:00+02:00,53,dr-robert,407,107,300,73.7
2026-10-08T12:02:00Z,2026-10-08T14:02:00+02:00,54,placa-vella,297,87,210,70.7
2026-10-08T12:02:00Z,2026-10-08T14:02:00+02:00,55,ajuntament-mercat,237,90,147,62
2026-10-08T12:03:00Z,2026-10-08T14:03:00+02:00,53,dr-robert,407,107,300,73.7
2026-10-08T12:03:00Z,2026-10-08T14:03:00+02:00,54,placa-vella,297,87,210,70.7
2026-10-08T12:03:00Z,2026-10-08T14:03:00+02:00,55,ajuntament-mercat,237,90,147,62
2026-10-08T12:04:00Z,2026-10-08T14:04:00+02:00,53,dr-robert,407,107,300,73.7
2026-10-08T12:04:00Z,2026-10-08T14:04:00+02:00,54,placa-vella,297,87,210,70.7
2026-10-08T12:04:00Z,2026-10-08T14:04:00+02:00,55,ajuntament-mercat,237,90,147,62
2026-10-08T12:05:00Z,2026-10-08T14:05:00+02:00,53,dr-robert,407,111,296,72.7
2026-10-08T12:05:00Z,2026-10-08T14:05:00+02:00,54,placa-vella,297,85,212,71.4
2026-10-08T12:05:00Z,2026-10-08T14:05:00+02:00,55,ajuntament-mercat,237,90,147,62
2026-10-08T12:06:00Z,2026-10-08T14:06:00+02:00,53,dr-robert,407,111,296,72.7
2026-10-08T12:06:00Z,2026-10-08T14:06:00+02:00,54,placa-vella,297,85,212,71.4
2026-10-08T12:06:00Z,2026-10-08T14:06:00+02:00,55,ajuntament-mercat,237,90,147,62
2026-10-08T12:07:00Z,2026-10-08T14:07:00+02:00,53,dr-robert,407,111,296,72.7
2026-10-08T12:07:00Z,2026-10-08T14:07:00+02:00,54,placa-vella,297,85,212,71.4
2026-10-08T12:07:00Z,2026-10-08T14:07:00+02:00,55,ajuntament-mercat,237,90,147,62
2026-10-08T12:08:00Z,2026-10-08T14:08:00+02:00,53,dr-robert,407,111,296,72.7
2026-10-08T12:08:00Z,2026-10-08T14:08:00+02:00,54,placa-vella,297,85,212,71.4
2026-10-08T12:08:00Z,2026-10-08T14:08:00+02:00,55,ajuntament-mercat,237,90,147,62
2026-10-08T12:09:00Z,2026-10-08T14:09:00+02:00,53,dr-robert,407,111,296,72.7
2026-10-08T12:09:00Z,2026-10-08T14:09:00+02:00,54,placa-vella,297,85,212,71.4
2026-10-08T12:09:00Z,2026-10-08T14:09:00+02:00,55,ajuntament-mercat,237,90,147,62
2026-10-08T12:10:00Z,2026-10-08T14:10:00+02:00,53,dr-robert,407,113,294,72.2
2026-10-08T12:10:00Z,2026-10-08T14:10:00+02:00,54,placa-vella,297,91,206,69.4
2026-10-08T12:10:00Z,2026-10-08T14:10:00+02:00,55,ajuntament-mercat,237,90,147,62
2026-10-08T12:11:00Z,2026-10-08T14:11:00+02:00,53,dr-robert,407,113,294,72.2
2026-10-08T12:11:00Z,2026-10-08T14:11:00+02:00,54,placa-vella,297,91,206,69.4
2026-10-08T12:11:00Z,2026-10-08T14:11:00+02:00,55,ajuntament-mercat,237,90,147,62
2026-10-08T12:12:00Z,2026-10-08T14:12:00+02:00,53,dr-robert,407,113,294,72.2
2026-10-08T12:12:00Z,2026-10-08T14:12:00+02:00,54,placa-vella,297,91,206,69.4
2026-10-08T12:12:00Z,2026-10-08T14:12:00+02:00,55,ajuntament-mercat,237,90,147,62
2026-10-08T12:13:00Z,2026-10-08T14:13:00+02:00,53,dr-robert,407,113,294,72.2
2026-10-08T12:13:00Z,2026-10-08T14:13:00+02:00,54,placa-vella,297,91,206,69.4
2026-10-08T12:13:00Z,2026-10-08T14:13:00+02:00,55,ajuntament-mercat,237,90,147,62
2026-10-08T12:14:00Z,2026-10-08T14:14:00+02:00,53,dr-robert,407,113,294,72.2
2026-10-08T12:14:00Z,2026-10-08T14:14:00+02:00,54,placa-vella,297,91,206,69.4
2026-10-08T12:14:00Z,2026-10-08T14:14:00+02:00,55,ajuntament-mercat,237,90,147,62
2026-10-08T12:15:00Z,2026-10-08T14:15:00+02:00,53,dr-robert,407,117,290,71.3
2026-10-08T12:15:00Z,2026-10-08T14:15:00+02:00,54,placa-vella,297,92,205,69
2026-10-08T12:15:00Z,2026-10-08T14:15:00+02:00,55,ajuntament-mercat,237,97,140,59.1
2026-10-08T12:16:00Z,2026-10-08T14:16:00+02:00,53,dr-robert,407,117,290,71.3
2026-10-08T12:16:00Z,2026-10-08T14:16:00+02:00,54,placa-vella,297,92,205,69
2026-10-08T12:16:00Z,2026-10-08T14:16:00+02:00,55,ajuntament-mercat,237,97,140,59.1
2026-10-08T12:17:00Z,2026-10-08T14:17:00+02:00,53,dr-robert,407,117,290,71.3
2026-10-08T12:17:00Z,2026-10-08T14:17:00+02:00,54,placa-vella,297,92,205,69
2026-10-08T12:17:00Z,2026-10-08T14:17:00+02:00,55,ajuntament-mercat,237,97,140,59.1
2026-10-08T12:18:00Z,2026-10-08T14:18:00+02:00,53,dr-robert,407,117,290,71.3
2026-10-08T12:18:00Z,2026-10-08T14:18:00+02:00,54,placa-vella,297,92,205,69
2026-10-08T12:18:00Z,2026-10-08T14:18:00+02:00,55,ajuntament-mercat,237,97,140,59.1
2026-10-08T12:19:00Z,2026-10-08T14:19:00+02:00,53,dr-robert,407,117,290,71.3
2026-10-08T12:19:00Z,2026-10-08T14:19:00+02:00,54,placa-vella,297,92,205,69
2026-10-08T12:19:00Z,2026-10-08T14:19:00+02:00,55,ajuntament-mercat,237,97,140,59.1
2026-10-08T12:20:00Z,2026-10-08T14:20:00+02:00,53,dr-robert,407,126,281,69
2026-10-08T12:20:00Z,2026-10-08T14:20:00+02:00,54,placa-vella,297,94,203,68.4
2026-10-08T12:20:00Z,2026-10-08T14:20:00+02:00,55,ajuntament-mercat,237,100,137,57.8
2026-10-08T12:21:00Z,2026-10-08T14:21:00+02:00,53,dr-robert,407,126,281,69
2026-10-08T12:21:00Z,2026-10-08T14:21:00+02:00,54,placa-vella,297,94,203,68.4
2026-10-08T12:21:00Z,2026-10-08T14:21:00+02:00,55,ajuntament-mercat,237,100,137,57.8
2026-10-08T12:22:00Z,2026-10-08T14:22:00+02:00,53,dr-robert,407,126,281,69
2026-10-08T12:22:00Z,2026-10-08T14:22:00+02:00,54,placa-vella,297,94,203,68.4
2026-10-08T12:22:00Z,2026-10-08T14:22:00+02:00,55,ajuntament-mercat,237,100,137,57.8
2026-10-08T12:23:00Z,2026-10-08T14:23:00+02:00,53,dr-robert,407,126,281,69
2026-10-08T12:23:00Z,2026-10-08T14:23:00+02:00,54,placa-vella,297,94,203,68.4
2026-10-08T12:23:00Z,2026-10-08T14:23:00+02:00,55,ajuntament-mercat,237,100,137,57.8
2026-10-08T12:24:00Z,2026-10-08T14:24:00+02:00,53,dr-robert,407,126,281,69
2026-10-08T12:24:00Z,2026-10-08T14:24:00+02:00,54,placa-vella,297,94,203,68.4
2026-10-08T12:24:00Z,2026-10-08T14:24:00+02:00,55,ajuntament-mercat,237,100,137,57.8
2026-10-08T12:25:00Z,2026-10-08T14:25:00+02:00,53,dr-robert,407,134,273,67.1
2026-10-08T12:25:00Z,2026-10-08T14:25:00+02:00,54,placa-vella,297,96,201,67.7
2026-10-08T12:25:00Z,2026-10-08T14:25:00+02:00,55,ajuntament-mercat,237,98,139,58.6
2026-10-08T12:26:00Z,2026-10-08T14:26:00+02:00,53,dr-robert,407,134,273,67.1
2026-10-08T12:26:00Z,2026-10-08T14:26:00+02:00,54,placa-vella,297,96,201,67.7
2026-10-08T12:26:00Z,2026-10-08T14:26:00+02:00,55,ajuntament-mercat,237,98,139,58.6
2026-10-08T12:27:00Z,2026-10-08T14:27:00+02:00,53,dr-robert,407,134,273,67.1
2026-10-08T12:27:00Z,2026-10-08T14:27:00+02:00,54,placa-vella,297,96,201,67.7
2026-10-08T12:27:00Z,2026-10-08T14:27:00+02:00,55,ajuntament-mercat,237,98,139,58.6
2026-10-08T12:28:00Z,2026-10-08T14:28:00+02:00,53,dr-robert,407,134,273,67.1
2026-10-08T12:28:00Z,2026-10-08T14:28:00+02:00,54,placa-vella,297,96,201,67.7
2026-10-08T12:28:00Z,2026-10-08T14:28:00+02:00,55,ajuntament-mercat,237,98,139,58.6
2026-10-08T12:29:00Z,2026-10-08T14:29:00+02:00,53,dr-robert,407,134,273,67.1
2026-10-08T12:29:00Z,2026-10-08T14:29:00+02:00,54,placa-vella,297,96,201,67.7
2026-10-08T12:29:00Z,2026-10-08T14:29:00+02:00,55,ajuntament-mercat,237,98,139,58.6
2026-10-08T12:30:00Z,2026-10-08T14:30:00+02:00,53,dr-robert,407,139,268,65.8
2026-10-08T12:30:00Z,2026-10-08T14:30:00+02:00,54,placa-vella,297,97,200,67.3
2026-10-08T12:30:00Z,2026-10-08T14:30:00+02:00,55,ajuntament-mercat,237,95,142,59.9
2026-10-08T12:31:00Z,2026-10-08T14:31:00+02:00,53,dr-robert,407,139,268,65.8
2026-10-08T12:31:00Z,2026-10-08T14:31:00+02:00,54,placa-vella,297,97,200,67.3
2026-10-08T12:31:00Z,2026-10-08T14:31:00+02:00,55,ajuntament-mercat,237,95,142,59.9
2026-10-08T12:32:00Z,2026-10-08T14:32:00+02:00,53,dr-robert,407,139,268,65.8
2026-10-08T12:32:00Z,2026-10-08T14:32:00+02:00,54,placa-vella,297,97,200,67.3
2026-10-08T12:32:00Z,2026-10-08T14:32:00+02:00,55,ajuntament-mercat,237,95,142,59.9
2026-10-08T12:33:00Z,2026-10-08T14:33:00+02:00,53,dr-robert,407,139,268,65.8
2026-10-08T12:33:00Z,2026-10-08T14:33:00+02:00,54,placa-vella,297,97,200,67.3
2026-10-08T12:33:00Z,2026-10-08T14:33:00+02:00,55,ajuntament-mercat,237,95,142,59.9
2026-10-08T12:34:00Z,2026-10-08T14:34:00+02:00,53,dr-robert,407,139,268,65.8
2026-10-08T12:34:00Z,2026-10-08T14:34:00+02:00,54,placa-vella,297,97,200,67.3
2026-10-08T12:34:00Z,2026-10-08T14:34:00+02:00,55,ajuntament-mercat,237,95,142,59.9
2026-10-08T12:35:00Z,2026-10-08T14:35:00+02:00,53,dr-robert,407,143,264,64.9
2026-10-08T12:35:00Z,2026-10-08T14:35:00+02:00,54,placa-vella,297,95,202,68
2026-10-08T12:35:00Z,2026-10-08T14:35:00+02:00,55,ajuntament-mercat,237,99,138,58.2
2026-10-08T12:36:00Z,2026-10-08T14:36:00+02:00,53,dr-robert,407,143,264,64.9
2026-10-08T12:36:00Z,2026-10-08T14:36:00+02:00,54,placa-vella,297,95,202,68
2026-10-08T12:36:00Z,2026-10-08T14:36:00+02:00,55,ajuntament-mercat,237,99,138,58.2
2026-10-08T12:37:00Z,2026-10-08T14:37:00+02:00,53,dr-robert,407,143,264,64.9
2026-10-08T12:37:00Z,2026-10-08T14:37:00+02:00,54,placa-vella,297,95,202,68
2026-10-08T12:37:00Z,2026-10-08T14:37:00+02:00,55,ajuntament-mercat,237,99,138,58.2
2026-10-08T12:38:00Z,2026-10-08T14:38:00+02:00,53,dr-robert,407,143,264,64.9
2026-10-08T12:38:00Z,2026-10-08T14:38:00+02:00,54,placa-vella,297,95,202,68
2026-10-08T12:38:00Z,2026-10-08T14:38:00+02:00,55,ajuntament-mercat,237,99,138,58.2
2026-10-08T12:39:00Z,2026-10-08T14:39:00+02:00,53,dr-robert,407,143,264,64.9
2026-10-08T12:39:00Z,2026-10-08T14:39:00+02:00,54,placa-vella,297,95,202,68
2026-10-08T12:39:00Z,2026-10-08T14:39:00+02:00,55,ajuntament-mercat,237,99,138,58.2
2026-10-08T12:40:00Z,2026-10-08T14:40:00+02:00,53,dr-robert,407,145,262,64.4
2026-10-08T12:40:00Z,2026-10-08T14:40:00+02:00,54,placa-vella,297,94,203,68.4
2026-10-08T12:40:00Z,2026-10-08T14:40:00+02:00,55,ajuntament-mercat,237,101,136,57.4
2026-10-08T12:41:00Z,2026-10-08T14:41:00+02:00,53,dr-robert,407,145,262,64.4
2026-10-08T12:41:00Z,2026-10-08T14:41:00+02:00,54,placa-vella,297,94,203,68.4
2026-10-08T12:41:00Z,2026-10-08T14:41:00+02:00,55,ajuntament-mercat,237,101,136,57.4
2026-10-08T12:42:00Z,2026-10-08T14:42:00+02:00,53,dr-robert,407,145,262,64.4
2026-10-08T12:42:00Z,2026-10-08T14:42:00+02:00,54,placa-vella,297,94,203,68.4
2026-10-08T12:42:00Z,2026-10-08T14:42:00+02:00,55,ajuntament-mercat,237,101,136,57.4
2026-10-08T12:43:00Z,2026-10-08T14:43:00+02:00,53,dr-robert,407,145,262,64.4
2026-10-08T12:43:00Z,2026-10-08T14:43:00+02:00,54,placa-vella,297,94,203,68.4
2026-10-08T12:43:00Z,2026-10-08T14:43:00+02:00,55,ajuntament-mercat,237,101,136,57.4
2026-10-08T12:44:00Z,2026-10-08T14:44:00+02:00,53,dr-robert,407,145,262,64.4
2026-10-08T12:44:00Z,2026-10-08T14:44:00+02:00,54,placa-vella,297,94,203,68.4
2026-10-08T12:44:00Z,2026-10-08T14:44:00+02:00,55,ajuntament-mercat,237,101,136,57.4
2026-10-08T12:45:00Z,2026-10-08T14:45:00+02:00,53,dr-robert,407,149,258,63.4
2026-10-08T12:45:00Z,2026-10-08T14:45:00+02:00,54,placa-vella,297,98,199,67
2026-10-08T12:45:00Z,2026-10-08T14:45:00+02:00,55,ajuntament-mercat,237,105,132,55.7
2026-10-08T12:46:00Z,2026-10-08T14:46:00+02:00,53,dr-robert,407,149,258,63.4
2026-10-08T12:46:00Z,2026-10-08T14:46:00+02:00,54,placa-vella,297,98,199,67
2026-10-08T12:46:00Z,2026-10-08T14:46:00+02:00,55,ajuntament-mercat,237,105,132,55.7
2026-10-08T12:47:00Z,2026-10-08T14:47:00+02:00,53,dr-robert,407,149,258,63.4
2026-10-08T12:47:00Z,2026-10-08T14:47:00+02:00,54,placa-vella,297,98,199,67
2026-10-08T12:47:00Z,2026-10-08T14:47:00+02:00,55,ajuntament-mercat,237,105,132,55.7
2026-10-08T12:48:00Z,2026-10-08T14:48:00+02:00,53,dr-robert,407,149,258,63.4
2026-10-08T12:48:00Z,2026-10-08T14:48:00+02:00,54,placa-vella,297,98,199,67
2026-10-08T12:48:00Z,2026-10-08T14:48:00+02:00,55,ajuntament-mercat,237,105,132,55.7
2026-10-08T12:49:00Z,2026-10-08T14:49:00+02:00,53,dr-robert,407,149,258,63.4
2026-10-08T12:49:00Z,2026-10-08T14:49:00+02:00,54,placa-vella,297,98,199,67
2026-10-08T12:49:00Z,2026-10-08T14:49:00+02:00,55,ajuntament-mercat,237,105,132,55.7
2026-10-08T12:50:00Z,2026-10-08T14:50:00+02:00,53,dr-robert,407,156,251,61.7
2026-10-08T12:50:00Z,2026-10-08T14:50:00+02:00,54,placa-vella,297,98,199,67
2026-10-08T12:50:00Z,2026-10-08T14:50:00+02:00,55,ajuntament-mercat,237,106,131,55.3
2026-10-08T12:51:00Z,2026-10-08T14:51:00+02:00,53,dr-robert,407,156,251,61.7
2026-10-08T12:51:00Z,2026-10-08T14:51:00+02:00,54,placa-vella,297,98,199,67
2026-10-08T12:51:00Z,2026-10-08T14:51:00+02:00,55,ajuntament-mercat,237,106,131,55.3
2026-10-08T12:52:00Z,2026-10-08T14:52:00+02:00,53,dr-robert,407,156,251,61.7
2026-10-08T12:52:00Z,2026-10-08T14:52:00+02:00,54,placa-vella,297,98,199,67
2026-10-08T12:52:00Z,2026-10-08T14:52:00+02:00,55,ajuntament-mercat,237,106,131,55.3
2026-10-08T12:53:00Z,2026-10-08T14:53:00+02:00,53,dr-robert,407,156,251,61.7
2026-10-08T12:53:00Z,2026-10-08T14:53:00+02:00,54,placa-vella,297,98,199,67
2026-10-08T12:53:00Z,2026-10-08T14:53:00+02:00,55,ajuntament-mercat,237,106,131,55.3
2026-10-08T12:54:00Z,2026-10-08T14:54:00+02:00,53,dr-robert,407,156,251,61.7
2026-10-08T12:54:00Z,2026-10-08T14:54:00+02:00,54,placa-vella,297,98,199,67
2026-10-08T12:54:00Z,2026-10-08T14:54:00+02:00,55,ajuntament-mercat,237,106,131,55.3
2026-10-08T12:55:00Z,2026-10-08T14:55:00+02:00,53,dr-robert,407,160,247,60.7
2026-10-08T12:55:00Z,2026-10-08T14:55:00+02:00,54,placa-vella,297,102,195,65.7
2026-10-08T12:55:00Z,2026-10-08T14:55:00+02:00,55,ajuntament-mercat,237,108,129,54.4
2026-10-08T12:56:00Z,2026-10-08T14:56:00+02:00,53,dr-robert,407,160,247,60.7
2026-10-08T12:56:00Z,2026-10-08T14:56:00+02:00,54,placa-vella,297,102,195,65.7
2026-10-08T12:56:00Z,2026-10-08T14:56:00+02:00,55,ajuntament-mercat,237,108,129,54.4
2026-10-08T12:57:00Z,2026-10-08T14:57:00+02:00,53,dr-robert,407,160,247,60.7
2026-10-08T12:57:00Z,2026-10-08T14:57:00+02:00,54,placa-vella,297,102,195,65.7
2026-10-08T12:57:00Z,2026-10-08T14:57:00+02:00,55,ajuntament-mercat,237,108,129,54.4
2026-10-08T12:58:00Z,2026-10-08T14:58:00+02:00,53,dr-robert,407,160,247,60.7
2026-10-08T12:58:00Z,2026-10-08T14:58:00+02:00,54,placa-vella,297,102,195,65.7
2026-10-08T12:58:00Z,2026-10-08T14:58:00+02:00,55,ajuntament-mercat,237,108,129,54.4
2026-10-08T12:59:00Z,2026-10-08T14:59:00+02:00,53,dr-robert,407,160,247,60.7
2026-10-08T12:59:00Z,2026-10-08T14:59:00+02:00,54,placa-vella,297,102,195,65.7
2026-10-08T12:59:00Z,2026-10-08T14:59:00+02:00,55,ajuntament-mercat,237,108,129,54.4
2026-10-08T13:00:00Z,2026-10-08T15:00:00+02:00,53,dr-robert,407,160,247,60.7
2026-10-08T13:00:00Z,2026-10-08T15:00:00+02:00,54,placa-vella,297,98,199,67
2026-10-08T13:00:00Z,2026-10-08T15:00:00+02:00,55,ajuntament-mercat,237,108,129,54.4
2026-10-08T13:01:00Z,2026-10-08T15:01:00+02:00,53,dr-robert,407,160,247,60.7
2026-10-08T13:01:00Z,2026-10-08T15:01:00+02:00,54,placa-vella,297,98,199,67
2026-10-08T13:01:00Z,2026-10-08T15:01:00+02:00,55,ajuntament-mercat,237,108,129,54.4
2026-10-08T13:02:00Z,2026-10-08T15:02:00+02:00,53,dr-robert,407,160,247,60.7
2026-10-08T13:02:00Z,2026-10-08T15:02:00+02:00,54,placa-vella,297,98,199,67
2026-10-08T13:02:00Z,2026-10-08T15:02:00+02:00,55,ajuntament-mercat,237,108,129,54.4
2026-10-08T13:03:00Z,2026-10-08T15:03:00+02:00,53,dr-robert,407,160,247,60.7
2026-10-08T13:03:00Z,2026-10-08T15:03:00+02:00,54,placa-vella,297,98,199,67
2026-10-08T13:03:00Z,2026-10-08T15:03:00+02:00,55,ajuntament-mercat,237,108,129,54.4
2026-10-08T13:04:00Z,2026-10-08T15:04:00+02:00,53,dr-robert,407,160,247,60.7
2026-10-08T13:04:00Z,2026-10-08T15:04:00+02:00,54,placa-vella,297,98,199,67
2026-10-08T13:04:00Z,2026-10-08T15:04:00+02:00,55,ajuntament-mercat,237,108,129,54.4
2026-10-08T13:05:00Z,2026-10-08T15:05:00+02:00,53,dr-robert,407,164,243,59.7
2026-10-08T13:05:00Z,2026-10-08T15:05:00+02:00,54,placa-vella,297,95,202,68
2026-10-08T13:05:00Z,2026-10-08T15:05:00+02:00,55,ajuntament-mercat,237,108,129,54.4
2026-10-08T13:06:00Z,2026-10-08T15:06:00+02:00,53,dr-robert,407,164,243,59.7
2026-10-08T13:06:00Z,2026-10-08T15:06:00+02:00,54,placa-vella,297,95,202,68
2026-10-08T13:06:00Z,2026-10-08T15:06:00+02:00,55,ajuntament-mercat,237,108,129,54.4
2026-10-08T13:07:00Z,2026-10-08T15:07:00+02:00,53,dr-robert,407,164,243,59.7
2026-10-08T13:07:00Z,2026-10-08T15:07:00+02:00,54,placa-vella,297,95,202,68
2026-10-08T13:07:00Z,2026-10-08T15:07:00+02:00,55,ajuntament-mercat,237,108,129,54.4
2026-10-08T13:08:00Z,2026-10-08T15:08:00+02:00,53,dr-robert,407,164,243,59.7
2026-10-08T13:08:00Z,2026-10-08T15:08:00+02:00,54,placa-vella,297,95,202,68
2026-10-08T13:08:00Z,2026-10-08T15:08:00+02:00,55,ajuntament-mercat,237,108,129,54.4
2026-10-08T13:09:00Z,2026-10-08T15:09:00+02:00,53,dr-robert,407,164,243,59.7
2026-10-08T13:09:00Z,2026-10-08T15:09:00+02:00,54,placa-vella,297,95,202,68
2026-10-08T13:09:00Z,2026-10-08T15:09:00+02:00,55,ajuntament-mercat,237,108,129,54.4
2026-10-08T13:10:00Z,2026-10-08T15:10:00+02:00,53,dr-robert,407,168,239,58.7
2026-10-08T13:10:00Z,2026-10-08T15:10:00+02:00,54,placa-vella,297,96,201,67.7
2026-10-08T13:10:00Z,2026-10-08T15:10:00+02:00,55,ajuntament-mercat,237,108,129,54.4
2026-10-08T13:11:00Z,2026-10-08T15:11:00+02:00,53,dr-robert,407,168,239,58.7
2026-10-08T13:11:00Z,2026-10-08T15:11:00+02:00,54,placa-vella,297,96,201,67.7
2026-10-08T13:11:00Z,2026-10-08T15:11:00+02:00,55,ajuntament-mercat,237,108,129,54.4
2026-10-08T13:12:00Z,2026-10-08T15:12:00+02:00,53,dr-robert,407,168,239,58.7
2026-10-08T13:12:00Z,2026-10-08T15:12:00+02:00,54,placa-vella,297,96,201,67.7
2026-10-08T13:12:00Z,2026-10-08T15:12:00+02:00,55,ajuntament-mercat,237,108,129,54.4
2026-10-08T13:13:00Z,2026-10-08T15:13:00+02:00,53,dr-robert,407,168,239,58.7
2026-10-08T13:13:00Z,2026-10-08T15:13:00+02:00,54,placa-vella,297,96,201,67.7
2026-10-08T13:13:00Z,2026-10-08T15:13:00+02:00,55,ajuntament-mercat,237,108,129,54.4
2026-10-08T13:14:00Z,2026-10-08T15:14:00+02:00,53,dr-robert,407,168,239,58.7
2026-10-08T13:14:00Z,2026-10-08T15:14:00+02:00,54,placa-vella,297,96,201,67.7
2026-10-08T13:14:00Z,2026-10-08T15:14:00+02:00,55,ajuntament-mercat,237,108,129,54.4
2026-10-08T13:15:00Z,2026-10-08T15:15:00+02:00,53,dr-robert,407,164,243,59.7
2026-10-08T13:15:00Z,2026-10-08T15:15:00+02:00,54,placa-vella,297,96,201,67.7
2026-10-08T13:15:00Z,2026-10-08T15:15:00+02:00,55,ajuntament-mercat,237,113,124,52.3
2026-10-08T13:16:00Z,2026-10-08T15:16:00+02:00,53,dr-robert,407,164,243,59.7
2026-10-08T13:16:00Z,2026-10-08T15:16:00+02:00,54,placa-vella,297,96,201,67.7
2026-10-08T13:16:00Z,2026-10-08T15:16:00+02:00,55,ajuntament-mercat,237,113,124,52.3
2026-10-08T13:17:00Z,2026-10-08T15:17:00+02:00,53,dr-robert,407,164,243,59.7
2026-10-08T13:17:00Z,2026-10-08T15:17:00+02:00,54,placa-vella,297,96,201,67.7
2026-10-08T13:17:00Z,2026-10-08T15:17:00+02:00,55,ajuntament-mercat,237,113,124,52.3
2026-10-08T13:18:00Z,2026-10-08T15:18:00+02:00,53,dr-robert,407,164,243,59.7
2026-10-08T13:18:00Z,2026-10-08T15:18:00+02:00,54,placa-vella,297,96,201,67.7
2026-10-08T13:18:00Z,2026-10-08T15:18:00+02:00,55,ajuntament-mercat,237,113,124,52.3
2026-10-08T13:19:00Z,2026-10-08T15:19:00+02:00,53,dr-robert,407,164,243,59.7
2026-10-08T13:19:00Z,2026-10-08T15:19:00+02:00,54,placa-vella,297,96,201,67.7
2026-10-08T13:19:00Z,2026-10-08T15:19:00+02:00,55,ajuntament-mercat,237,113,124,52.3
2026-10-08T13:20:00Z,2026-10-08T15:20:00+02:00,53,dr-robert,407,164,243,59.7
2026-10-08T13:20:00Z,2026-10-08T15:20:00+02:00,54,placa-vella,297,96,201,67.7
2026-10-08T13:20:00Z,2026-10-08T15:20:00+02:00,55,ajuntament-mercat,237,113,124,52.3
2026-10-08T13:21:00Z,2026-10-08T15:21:00+02:00,53,dr-robert,407,165,242,59.5
2026-10-08T13:21:00Z,2026-10-08T15:21:00+02:00,54,placa-vella,297,102,195,65.7
2026-10-08T13:21:00Z,2026-10-08T15:21:00+02:00,55,ajuntament-mercat,237,113,124,52.3
2026-10-08T13:22:00Z,2026-10-08T15:22:00+02:00,53,dr-robert,407,165,242,59.5
2026-10-08T13:22:00Z,2026-10-08T15:22:00+02:00,54,placa-vella,297,102,195,65.7
2026-10-08T13:22:00Z,2026-10-08T15:22:00+02:00,55,ajuntament-mercat,237,113,124,52.3
2026-10-08T13:23:00Z,2026-10-08T15:23:00+02:00,53,dr-robert,407,165,242,59.5
2026-10-08T13:23:00Z,2026-10-08T15:23:00+02:00,54,placa-vella,297,102,195,65.7
2026-10-08T13:23:00Z,2026-10-08T15:23:00+02:00,55,ajuntament-mercat,237,113,124,52.3
2026-10-08T13:24:00Z,2026-10-08T15:24:00+02:00,53,dr-robert,407,165,242,59.5
2026-10-08T13:24:00Z,2026-10-08T15:24:00+02:00,54,placa-vella,297,102,195,65.7
2026-10-08T13:24:00Z,2026-10-08T15:24:00+02:00,55,ajuntament-mercat,237,113,124,52.3
2026-10-08T13:25:00Z,2026-10-08T15:25:00+02:00,53,dr-robert,407,162,245,60.2
2026-10-08T13:25:00Z,2026-10-08T15:25:00+02:00,54,placa-vella,297,98,199,67
2026-10-08T13:25:00Z,2026-10-08T15:25:00+02:00,55,ajuntament-mercat,237,112,125,52.7
2026-10-08T13:26:00Z,2026-10-08T15:26:00+02:00,53,dr-robert,407,162,245,60.2
2026-10-08T13:26:00Z,2026-10-08T15:26:00+02:00,54,placa-vella,297,98,199,67
2026-10-08T13:26:00Z,2026-10-08T15:26:00+02:00,55,ajuntament-mercat,237,112,125,52.7
2026-10-08T13:27:00Z,2026-10-08T15:27:00+02:00,53,dr-robert,407,162,245,60.2
2026-10-08T13:27:00Z,2026-10-08T15:27:00+02:00,54,placa-vella,297,98,199,67
2026-10-08T13:27:00Z,2026-10-08T15:27:00+02:00,55,ajuntament-mercat,237,112,125,52.7
2026-10-08T13:28:00Z,2026-10-08T15:28:00+02:00,53,dr-robert,407,162,245,60.2
2026-10-08T13:28:00Z,2026-10-08T15:28:00+02:00,54,placa-vella,297,98,199,67
2026-10-08T13:28:00Z,2026-10-08T15:28:00+02:00,55,ajuntament-mercat,237,112,125,52.7
2026-10-08T13:29:00Z,2026-10-08T15:29:00+02:00,53,dr-robert,407,162,245,60.2
2026-10-08T13:29:00Z,2026-10-08T15:29:00+02:00,54,placa-vella,297,98,199,67
2026-10-08T13:29:00Z,2026-10-08T15:29:00+02:00,55,ajuntament-mercat,237,112,125,52.7
2026-10-08T13:30:00Z,2026-10-08T15:30:00+02:00,53,dr-robert,407,159,248,60.9
2026-10-08T13:30:00Z,2026-10-08T15:30:00+02:00,54,placa-vella,297,98,199,67
2026-10-08T13:30:00Z,2026-10-08T15:30:00+02:00,55,ajuntament-mercat,237,114,123,51.9
2026-10-08T13:31:00Z,2026-10-08T15:31:00+02:00,53,dr-robert,407,159,248,60.9
2026-10-08T13:31:00Z,2026-10-08T15:31:00+02:00,54,placa-vella,297,98,199,67
2026-10-08T13:31:00Z,2026-10-08T15:31:00+02:00,55,ajuntament-mercat,237,114,123,51.9
2026-10-08T13:32:00Z,2026-10-08T15:32:00+02:00,53,dr-robert,407,159,248,60.9
2026-10-08T13:32:00Z,2026-10-08T15:32:00+02:00,54,placa-vella,297,98,199,67
2026-10-08T13:32:00Z,2026-10-08T15:32:00+02:00,55,ajuntament-mercat,237,114,123,51.9
2026-10-08T13:33:00Z,2026-10-08T15:33:00+02:00,53,dr-robert,407,159,248,60.9
2026-10-08T13:33:00Z,2026-10-08T15:33:00+02:00,54,placa-vella,297,98,199,67
2026-10-08T13:33:00Z,2026-10-08T15:33:00+02:00,55,ajuntament-mercat,237,114,123,51.9
2026-10-08T13:34:00Z,2026-10-08T15:34:00+02:00,53,dr-robert,407,159,248,60.9
2026-10-08T13:34:00Z,2026-10-08T15:34:00+02:00,54,placa-vella,297,98,199,67
2026-10-08T13:34:00Z,2026-10-08T15:34:00+02:00,55,ajuntament-mercat,237,114,123,51.9
2026-10-08T13:35:00Z,2026-10-08T15:35:00+02:00,53,dr-robert,407,157,250,61.4
2026-10-08T13:35:00Z,2026-10-08T15:35:00+02:00,54,placa-vella,297,98,199,67
2026-10-08T13:35:00Z,2026-10-08T15:35:00+02:00,55,ajuntament-mercat,237,116,121,51.1
2026-10-08T13:36:00Z,2026-10-08T15:36:00+02:00,53,dr-robert,407,157,250,61.4
2026-10-08T13:36:00Z,2026-10-08T15:36:00+02:00,54,placa-vella,297,98,199,67
2026-10-08T13:36:00Z,2026-10-08T15:36:00+02:00,55,ajuntament-mercat,237,116,121,51.1
2026-10-08T13:37:00Z,2026-10-08T15:37:00+02:00,53,dr-robert,407,157,250,61.4
2026-10-08T13:37:00Z,2026-10-08T15:37:00+02:00,54,placa-vella,297,98,199,67
2026-10-08T13:37:00Z,2026-10-08T15:37:00+02:00,55,ajuntament-mercat,237,116,121,51.1
2026-10-08T13:38:00Z,2026-10-08T15:38:00+02:00,53,dr-robert,407,157,250,61.4
2026-10-08T13:38:00Z,2026-10-08T15:38:00+02:00,54,placa-vella,297,98,199,67
2026-10-08T13:38:00Z,2026-10-08T15:38:00+02:00,55,ajuntament-mercat,237,116,121,51.1
2026-10-08T13:39:00Z,2026-10-08T15:39:00+02:00,53,dr-robert,407,157,250,61.4
2026-10-08T13:39:00Z,2026-10-08T15:39:00+02:00,54,placa-vella,297,98,199,67
2026-10-08T13:39:00Z,2026-10-08T15:39:00+02:00,55,ajuntament-mercat,237,116,121,51.1
2026-10-08T13:40:00Z,2026-10-08T15:40:00+02:00,53,dr-robert,407,157,250,61.4
2026-10-08T13:40:00Z,2026-10-08T15:40:00+02:00,54,placa-vella,297,104,193,65
2026-10-08T13:40:00Z,2026-10-08T15:40:00+02:00,55,ajuntament-mercat,237,116,121,51.1
2026-10-08T13:41:00Z,2026-10-08T15:41:00+02:00,53,dr-robert,407,157,250,61.4
2026-10-08T13:41:00Z,2026-10-08T15:41:00+02:00,54,placa-vella,297,104,193,65
2026-10-08T13:41:00Z,2026-10-08T15:41:00+02:00,55,ajuntament-mercat,237,116,121,51.1
2026-10-08T13:42:00Z,2026-10-08T15:42:00+02:00,53,dr-robert,407,157,250,61.4
2026-10-08T13:42:00Z,2026-10-08T15:42:00+02:00,54,placa-vella,297,104,193,65
2026-10-08T13:42:00Z,2026-10-08T15:42:00+02:00,55,ajuntament-mercat,237,116,121,51.1
2026-10-08T13:43:00Z,2026-10-08T15:43:00+02:00,53,dr-robert,407,157,250,61.4
2026-10-08T13:43:00Z,2026-10-08T15:43:00+02:00,54,placa-vella,297,104,193,65
2026-10-08T13:43:00Z,2026-10-08T15:43:00+02:00,55,ajuntament-mercat,237,116,121,51.1
2026-10-08T13:44:00Z,2026-10-08T15:44:00+02:00,53,dr-robert,407,157,250,61.4
2026-10-08T13:44:00Z,2026-10-08T15:44:00+02:00,54,placa-vella,297,104,193,65
2026-10-08T13:44:00Z,2026-10-08T15:44:00+02:00,55,ajuntament-mercat,237,116,121,51.1
2026-10-08T13:45:00Z,2026-10-08T15:45:00+02:00,53,dr-robert,407,151,256,62.9
2026-10-08T13:45:00Z,2026-10-08T15:45:00+02:00,54,placa-vella,297,108,189,63.6
2026-10-08T13:45:00Z,2026-10-08T15:45:00+02:00,55,ajuntament-mercat,237,115,122,51.5
2026-10-08T13:46:00Z,2026-10-08T15:46:00+02:00,53,dr-robert,407,151,256,62.9
2026-10-08T13:46:00Z,2026-10-08T15:46:00+02:00,54,placa-vella,297,108,189,63.6
2026-10-08T13:46:00Z,2026-10-08T15:46:00+02:00,55,ajuntament-mercat,237,115,122,51.5
2026-10-08T13:47:00Z,2026-10-08T15:47:00+02:00,53,dr-robert,407,151,256,62.9
2026-10-08T13:47:00Z,2026-10-08T15:47:00+02:00,54,placa-vella,297,108,189,63.6
2026-10-08T13:47:00Z,2026-10-08T15:47:00+02:00,55,ajuntament-mercat,237,115,122,51.5
2026-10-08T13:48:00Z,2026-10-08T15:48:00+02:00,53,dr-robert,407,151,256,62.9
2026-10-08T13:48:00Z,2026-10-08T15:48:00+02:00,54,placa-vella,297,108,189,63.6
2026-10-08T13:48:00Z,2026-10-08T15:48:00+02:00,55,ajuntament-mercat,237,115,122,51.5
2026-10-08T13:49:00Z,2026-10-08T15:49:00+02:00,53,dr-robert,407,151,256,62.9
2026-10-08T13:49:00Z,2026-10-08T15:49:00+02:00,54,placa-vella,297,108,189,63.6
2026-10-08T13:49:00Z,2026-10-08T15:49:00+02:00,55,ajuntament-mercat,237,115,122,51.5
2026-10-08T13:50:00Z,2026-10-08T15:50:00+02:00,53,dr-robert,407,148,259,63.6
2026-10-08T13:50:00Z,2026-10-08T15:50:00+02:00,54,placa-vella,297,106,191,64.3
2026-10-08T13:50:00Z,2026-10-08T15:50:00+02:00,55,ajuntament-mercat,237,113,124,52.3
2026-10-08T13:51:00Z,2026-10-08T15:51:00+02:00,53,dr-robert,407,148,259,63.6
2026-10-08T13:51:00Z,2026-10-08T15:51:00+02:00,54,placa-vella,297,106,191,64.3
2026-10-08T13:51:00Z,2026-10-08T15:51:00+02:00,55,ajuntament-mercat,237,113,124,52.3
2026-10-08T13:52:00Z,2026-10-08T15:52:00+02:00,53,dr-robert,407,148,259,63.6
2026-10-08T13:52:00Z,2026-10-08T15:52:00+02:00,54,placa-vella,297,106,191,64.3
2026-10-08T13:52:00Z,2026-10-08T15:52:00+02:00,55,ajuntament-mercat,237,113,124,52.3
2026-10-08T13:53:00Z,2026-10-08T15:53:00+02:00,53,dr-robert,407,148,259,63.6
2026-10-08T13:53:00Z,2026-10-08T15:53:00+02:00,54,placa-vella,297,106,191,64.3
2026-10-08T13:53:00Z,2026-10-08T15:53:00+02:00,55,ajuntament-mercat,237,113,124,52.3
2026-10-08T13:54:00Z,2026-10-08T15:54:00+02:00,53,dr-robert,407,148,259,63.6
2026-10-08T13:54:00Z,2026-10-08T15:54:00+02:00,54,placa-vella,297,106,191,64.3
2026-10-08T13:54:00Z,2026-10-08T15:54:00+02:00,55,ajuntament-mercat,237,113,124,52.3
2026-10-08T13:55:00Z,2026-10-08T15:55:00+02:00,53,dr-robert,407,148,259,63.6
2026-10-08T13:55:00Z,2026-10-08T15:55:00+02:00,54,placa-vella,297,106,191,64.3
2026-10-08T13:55:00Z,2026-10-08T15:55:00+02:00,55,ajuntament-mercat,237,116,121,51.1
2026-10-08T13:56:00Z,2026-10-08T15:56:00+02:00,53,dr-robert,407,148,259,63.6
2026-10-08T13:56:00Z,2026-10-08T15:56:00+02:00,54,placa-vella,297,106,191,64.3
2026-10-08T13:56:00Z,2026-10-08T15:56:00+02:00,55,ajuntament-mercat,237,116,121,51.1
2026-10-08T13:57:00Z,2026-10-08T15:57:00+02:00,53,dr-robert,407,148,259,63.6
2026-10-08T13:57:00Z,2026-10-08T15:57:00+02:00,54,placa-vella,297,106,191,64.3
2026-10-08T13:57:00Z,2026-10-08T15:57:00+02:00,55,ajuntament-mercat,237,116,121,51.1
2026-10-08T13:58:00Z,2026-10-08T15:58:00+02:00,53,dr-robert,407,148,259,63.6
2026-10-08T13:58:00Z,2026-10-08T15:58:00+02:00,54,placa-vella,297,106,191,64.3
2026-10-08T13:58:00Z,2026-10-08T15:58:00+02:00,55,ajuntament-mercat,237,116,121,51.1
2026-10-08T13:59:00Z,2026-10-08T15:59:00+02:00,53,dr-robert,407,148,259,63.6
2026-10-08T13:59:00Z,2026-10-08T15:59:00+02:00,54,placa-vella,297,106,191,64.3
2026-10-08T13:59:00Z,2026-10-08T15:59:00+02:00,55,ajuntament-mercat,237,116,121,51.1
2026-10-08T14:00:00Z,2026-10-08T16:00:00+02:00,53,dr-robert,407,148,259,63.6
2026-10-08T14:00:00Z,2026-10-08T16:00:00+02:00,54,placa-vella,297,106,191,64.3
2026-10-08T14:00:00Z,2026-10-08T16:00:00+02:00,55,ajuntament-mercat,237,116,121,51.1
2026-10-08T14:01:00Z,2026-10-08T16:01:00+02:00,53,dr-robert,407,140,267,65.6
2026-10-08T14:01:00Z,2026-10-08T16:01:00+02:00,54,placa-vella,297,107,190,64
2026-10-08T14:01:00Z,2026-10-08T16:01:00+02:00,55,ajuntament-mercat,237,117,120,50.6
2026-10-08T14:02:00Z,2026-10-08T16:02:00+02:00,53,dr-robert,407,140,267,65.6
2026-10-08T14:02:00Z,2026-10-08T16:02:00+02:00,54,placa-vella,297,107,190,64
2026-10-08T14:02:00Z,2026-10-08T16:02:00+02:00,55,ajuntament-mercat,237,117,120,50.6
2026-10-08T14:03:00Z,2026-10-08T16:03:00+02:00,53,dr-robert,407,140,267,65.6
2026-10-08T14:03:00Z,2026-10-08T16:03:00+02:00,54,placa-vella,297,107,190,64
2026-10-08T14:03:00Z,2026-10-08T16:03:00+02:00,55,ajuntament-mercat,237,117,120,50.6
2026-10-08T14:04:00Z,2026-10-08T16:04:00+02:00,53,dr-robert,407,140,267,65.6
2026-10-08T14:04:00Z,2026-10-08T16:04:00+02:00,54,placa-vella,297,107,190,64
2026-10-08T14:04:00Z,2026-10-08T16:04:00+02:00,55,ajuntament-mercat,237,117,120,50.6
2026-10-08T14:05:00Z,2026-10-08T16:05:00+02:00,53,dr-robert,407,143,264,64.9
2026-10-08T14:05:00Z,2026-10-08T16:05:00+02:00,54,placa-vella,297,107,190,64
2026-10-08T14:05:00Z,2026-10-08T16:05:00+02:00,55,ajuntament-mercat,237,117,120,50.6
2026-10-08T14:06:00Z,2026-10-08T16:06:00+02:00,53,dr-robert,407,143,264,64.9
2026-10-08T14:06:00Z,2026-10-08T16:06:00+02:00,54,placa-vella,297,107,190,64
2026-10-08T14:06:00Z,2026-10-08T16:06:00+02:00,55,ajuntament-mercat,237,117,120,50.6
2026-10-08T14:07:00Z,2026-10-08T16:07:00+02:00,53,dr-robert,407,143,264,64.9
2026-10-08T14:07:00Z,2026-10-08T16:07:00+02:00,54,placa-vella,297,107,190,64
2026-10-08T14:07:00Z,2026-10-08T16:07:00+02:00,55,ajuntament-mercat,237,117,120,50.6
2026-10-08T14:08:00Z,2026-10-08T16:08:00+02:00,53,dr-robert,407,143,264,64.9
2026-10-08T14:08:00Z,2026-10-08T16:08:00+02:00,54,placa-vella,297,107,190,64
2026-10-08T14:08:00Z,2026-10-08T16:08:00+02:00,55,ajuntament-mercat,237,117,120,50.6
2026-10-08T14:09:00Z,2026-10-08T16:09:00+02:00,53,dr-robert,407,143,264,64.9
2026-10-08T14:09:00Z,2026-10-08T16:09:00+02:00,54,placa-vella,297,107,190,64
2026-10-08T14:09:00Z,2026-10-08T16:09:00+02:00,55,ajuntament-mercat,237,117,120,50.6
2026-10-08T14:10:00Z,2026-10-08T16:10:00+02:00,53,dr-robert,407,143,264,64.9
2026-10-08T14:10:00Z,2026-10-08T16:10:00+02:00,54,placa-vella,297,107,190,64
2026-10-08T14:10:00Z,2026-10-08T16:10:00+02:00,55,ajuntament-mercat,237,120,117,49.4
2026-10-08T14:11:00Z,2026-10-08T16:11:00+02:00,53,dr-robert,407,143,264,64.9
2026-10-08T14:11:00Z,2026-10-08T16:11:00+02:00,54,placa-vella,297,107,190,64
2026-10-08T14:11:00Z,2026-10-08T16:11:00+02:00,55,ajuntament-mercat,237,120,117,49.4
2026-10-08T14:12:00Z,2026-10-08T16:12:00+02:00,53,dr-robert,407,143,264,64.9
2026-10-08T14:12:00Z,2026-10-08T16:12:00+02:00,54,placa-vella,297,107,190,64
2026-10-08T14:12:00Z,2026-10-08T16:12:00+02:00,55,ajuntament-mercat,237,120,117,49.4
2026-10-08T14:13:00Z,2026-10-08T16:13:00+02:00,53,dr-robert,407,143,264,64.9
2026-10-08T14:13:00Z,2026-10-08T16:13:00+02:00,54,placa-vella,297,107,190,64
2026-10-08T14:13:00Z,2026-10-08T16:13:00+02:00,55,ajuntament-mercat,237,120,117,49.4
2026-10-08T14:14:00Z,2026-10-08T16:14:00+02:00,53,dr-robert,407,143,264,64.9
2026-10-08T14:14:00Z,2026-10-08T16:14:00+02:00,54,placa-vella,297,107,190,64
2026-10-08T14:14:00Z,2026-10-08T16:14:00+02:00,55,ajuntament-mercat,237,120,117,49.4
2026-10-08T14:15:00Z,2026-10-08T16:15:00+02:00,53,dr-robert,407,140,267,65.6
2026-10-08T14:15:00Z,2026-10-08T16:15:00+02:00,54,placa-vella,297,114,183,61.6
2026-10-08T14:15:00Z,2026-10-08T16:15:00+02:00,55,ajuntament-mercat,237,121,116,48.9
2026-10-08T14:16:00Z,2026-10-08T16:16:00+02:00,53,dr-robert,407,140,267,65.6
2026-10-08T14:16:00Z,2026-10-08T16:16:00+02:00,54,placa-vella,297,114,183,61.6
2026-10-08T14:16:00Z,2026-10-08T16:16:00+02:00,55,ajuntament-mercat,237,121,116,48.9
2026-10-08T14:17:00Z,2026-10-08T16:17:00+02:00,53,dr-robert,407,140,267,65.6
2026-10-08T14:17:00Z,2026-10-08T16:17:00+02:00,54,placa-vella,297,114,183,61.6
2026-10-08T14:17:00Z,2026-10-08T16:17:00+02:00,55,ajuntament-mercat,237,121,116,48.9
2026-10-08T14:18:00Z,2026-10-08T16:18:00+02:00,53,dr-robert,407,140,267,65.6
2026-10-08T14:18:00Z,2026-10-08T16:18:00+02:00,54,placa-vella,297,114,183,61.6
2026-10-08T14:18:00Z,2026-10-08T16:18:00+02:00,55,ajuntament-mercat,237,121,116,48.9
2026-10-08T14:19:00Z,2026-10-08T16:19:00+02:00,53,dr-robert,407,140,267,65.6
2026-10-08T14:19:00Z,2026-10-08T16:19:00+02:00,54,placa-vella,297,114,183,61.6
2026-10-08T14:19:00Z,2026-10-08T16:19:00+02:00,55,ajuntament-mercat,237,121,116,48.9
2026-10-08T14:20:00Z,2026-10-08T16:20:00+02:00,53,dr-robert,407,137,270,66.3
2026-10-08T14:20:00Z,2026-10-08T16:20:00+02:00,54,placa-vella,297,117,180,60.6
2026-10-08T14:20:00Z,2026-10-08T16:20:00+02:00,55,ajuntament-mercat,237,121,116,48.9
2026-10-08T14:21:00Z,2026-10-08T16:21:00+02:00,53,dr-robert,407,137,270,66.3
2026-10-08T14:21:00Z,2026-10-08T16:21:00+02:00,54,placa-vella,297,117,180,60.6
2026-10-08T14:21:00Z,2026-10-08T16:21:00+02:00,55,ajuntament-mercat,237,121,116,48.9
2026-10-08T14:22:00Z,2026-10-08T16:22:00+02:00,53,dr-robert,407,137,270,66.3
2026-10-08T14:22:00Z,2026-10-08T16:22:00+02:00,54,placa-vella,297,117,180,60.6
2026-10-08T14:22:00Z,2026-10-08T16:22:00+02:00,55,ajuntament-mercat,237,121,116,48.9
2026-10-08T14:23:00Z,2026-10-08T16:23:00+02:00,53,dr-robert,407,137,270,66.3
2026-10-08T14:23:00Z,2026-10-08T16:23:00+02:00,54,placa-vella,297,117,180,60.6
2026-10-08T14:23:00Z,2026-10-08T16:23:00+02:00,55,ajuntament-mercat,237,121,116,48.9
2026-10-08T14:24:00Z,2026-10-08T16:24:00+02:00,53,dr-robert,407,137,270,66.3
2026-10-08T14:24:00Z,2026-10-08T16:24:00+02:00,54,placa-vella,297,117,180,60.6
2026-10-08T14:24:00Z,2026-10-08T16:24:00+02:00,55,ajuntament-mercat,237,121,116,48.9
2026-10-08T14:25:00Z,2026-10-08T16:25:00+02:00,53,dr-robert,407,137,270,66.3
2026-10-08T14:25:00Z,2026-10-08T16:25:00+02:00,54,placa-vella,297,116,181,60.9
2026-10-08T14:25:00Z,2026-10-08T16:25:00+02:00,55,ajuntament-mercat,237,122,115,48.5
2026-10-08T14:26:00Z,2026-10-08T16:26:00+02:00,53,dr-robert,407,137,270,66.3
2026-10-08T14:26:00Z,2026-10-08T16:26:00+02:00,54,placa-vella,297,116,181,60.9
2026-10-08T14:26:00Z,2026-10-08T16:26:00+02:00,55,ajuntament-mercat,237,122,115,48.5
2026-10-08T14:27:00Z,2026-10-08T16:27:00+02:00,53,dr-robert,407,137,270,66.3
2026-10-08T14:27:00Z,2026-10-08T16:27:00+02:00,54,placa-vella,297,116,181,60.9
2026-10-08T14:27:00Z,2026-10-08T16:27:00+02:00,55,ajuntament-mercat,237,122,115,48.5
2026-10-08T14:28:00Z,2026-10-08T16:28:00+02:00,53,dr-robert,407,137,270,66.3
2026-10-08T14:28:00Z,2026-10-08T16:28:00+02:00,54,placa-vella,297,116,181,60.9
2026-10-08T14:28:00Z,2026-10-08T16:28:00+02:00,55,ajuntament-mercat,237,122,115,48.5
2026-10-08T14:29:00Z,2026-10-08T16:29:00+02:00,53,dr-robert,407,137,270,66.3
2026-10-08T14:29:00Z,2026-10-08T16:29:00+02:00,54,placa-vella,297,116,181,60.9
2026-10-08T14:29:00Z,2026-10-08T16:29:00+02:00,55,ajuntament-mercat,237,122,115,48.5
2026-10-08T14:30:00Z,2026-10-08T16:30:00+02:00,53,dr-robert,407,134,273,67.1
2026-10-08T14:30:00Z,2026-10-08T16:30:00+02:00,54,placa-vella,297,106,191,64.3
2026-10-08T14:30:00Z,2026-10-08T16:30:00+02:00,55,ajuntament-mercat,237,122,115,48.5
2026-10-08T14:31:00Z,2026-10-08T16:31:00+02:00,53,dr-robert,407,134,273,67.1
2026-10-08T14:31:00Z,2026-10-08T16:31:00+02:00,54,placa-vella,297,106,191,64.3
2026-10-08T14:31:00Z,2026-10-08T16:31:00+02:00,55,ajuntament-mercat,237,122,115,48.5
2026-10-08T14:32:00Z,2026-10-08T16:32:00+02:00,53,dr-robert,407,134,273,67.1
2026-10-08T14:32:00Z,2026-10-08T16:32:00+02:00,54,placa-vella,297,106,191,64.3
2026-10-08T14:32:00Z,2026-10-08T16:32:00+02:00,55,ajuntament-mercat,237,122,115,48.5
2026-10-08T14:33:00Z,2026-10-08T16:33:00+02:00,53,dr-robert,407,134,273,67.1
2026-10-08T14:33:00Z,2026-10-08T16:33:00+02:00,54,placa-vella,297,106,191,64.3
2026-10-08T14:33:00Z,2026-10-08T16:33:00+02:00,55,ajuntament-mercat,237,122,115,48.5
2026-10-08T14:34:00Z,2026-10-08T16:34:00+02:00,53,dr-robert,407,134,273,67.1
2026-10-08T14:34:00Z,2026-10-08T16:34:00+02:00,54,placa-vella,297,106,191,64.3
2026-10-08T14:34:00Z,2026-10-08T16:34:00+02:00,55,ajuntament-mercat,237,122,115,48.5
2026-10-08T14:35:00Z,2026-10-08T16:35:00+02:00,53,dr-robert,407,134,273,67.1
2026-10-08T14:35:00Z,2026-10-08T16:35:00+02:00,54,placa-vella,297,107,190,64
2026-10-08T14:35:00Z,2026-10-08T16:35:00+02:00,55,ajuntament-mercat,237,122,115,48.5
2026-10-08T14:36:00Z,2026-10-08T16:36:00+02:00,53,dr-robert,407,134,273,67.1
2026-10-08T14:36:00Z,2026-10-08T16:36:00+02:00,54,placa-vella,297,107,190,64
2026-10-08T14:36:00Z,2026-10-08T16:36:00+02:00,55,ajuntament-mercat,237,122,115,48.5
2026-10-08T14:37:00Z,2026-10-08T16:37:00+02:00,53,dr-robert,407,134,273,67.1
2026-10-08T14:37:00Z,2026-10-08T16:37:00+02:00,54,placa-vella,297,107,190,64
2026-10-08T14:37:00Z,2026-10-08T16:37:00+02:00,55,ajuntament-mercat,237,122,115,48.5
2026-10-08T14:38:00Z,2026-10-08T16:38:00+02:00,53,dr-robert,407,134,273,67.1
2026-10-08T14:38:00Z,2026-10-08T16:38:00+02:00,54,placa-vella,297,107,190,64
2026-10-08T14:38:00Z,2026-10-08T16:38:00+02:00,55,ajuntament-mercat,237,122,115,48.5
2026-10-08T14:39:00Z,2026-10-08T16:39:00+02:00,53,dr-robert,407,134,273,67.1
2026-10-08T14:39:00Z,2026-10-08T16:39:00+02:00,54,placa-vella,297,107,190,64
2026-10-08T14:39:00Z,2026-10-08T16:39:00+02:00,55,ajuntament-mercat,237,122,115,48.5
2026-10-08T14:40:00Z,2026-10-08T16:40:00+02:00,53,dr-robert,407,136,271,66.6
2026-10-08T14:40:00Z,2026-10-08T16:40:00+02:00,54,placa-vella,297,108,189,63.6
2026-10-08T14:40:00Z,2026-10-08T16:40:00+02:00,55,ajuntament-mercat,237,123,114,48.1
2026-10-08T14:41:00Z,2026-10-08T16:41:00+02:00,53,dr-robert,407,136,271,66.6
2026-10-08T14:41:00Z,2026-10-08T16:41:00+02:00,54,placa-vella,297,108,189,63.6
2026-10-08T14:41:00Z,2026-10-08T16:41:00+02:00,55,ajuntament-mercat,237,123,114,48.1
2026-10-08T14:42:00Z,2026-10-08T16:42:00+02:00,53,dr-robert,407,136,271,66.6
2026-10-08T14:42:00Z,2026-10-08T16:42:00+02:00,54,placa-vella,297,108,189,63.6
2026-10-08T14:42:00Z,2026-10-08T16:42:00+02:00,55,ajuntament-mercat,237,123,114,48.1
2026-10-08T14:43:00Z,2026-10-08T16:43:00+02:00,53,dr-robert,407,136,271,66.6
2026-10-08T14:43:00Z,2026-10-08T16:43:00+02:00,54,placa-vella,297,108,189,63.6
2026-10-08T14:43:00Z,2026-10-08T16:43:00+02:00,55,ajuntament-mercat,237,123,114,48.1
2026-10-08T14:44:00Z,2026-10-08T16:44:00+02:00,53,dr-robert,407,136,271,66.6
2026-10-08T14:44:00Z,2026-10-08T16:44:00+02:00,54,placa-vella,297,108,189,63.6
2026-10-08T14:44:00Z,2026-10-08T16:44:00+02:00,55,ajuntament-mercat,237,123,114,48.1
2026-10-08T14:45:00Z,2026-10-08T16:45:00+02:00,53,dr-robert,407,139,268,65.8
2026-10-08T14:45:00Z,2026-10-08T16:45:00+02:00,54,placa-vella,297,105,192,64.6
2026-10-08T14:45:00Z,2026-10-08T16:45:00+02:00,55,ajuntament-mercat,237,123,114,48.1
2026-10-08T14:46:00Z,2026-10-08T16:46:00+02:00,53,dr-robert,407,139,268,65.8
2026-10-08T14:46:00Z,2026-10-08T16:46:00+02:00,54,placa-vella,297,105,192,64.6
2026-10-08T14:46:00Z,2026-10-08T16:46:00+02:00,55,ajuntament-mercat,237,123,114,48.1
2026-10-08T14:47:00Z,2026-10-08T16:47:00+02:00,53,dr-robert,407,139,268,65.8
2026-10-08T14:47:00Z,2026-10-08T16:47:00+02:00,54,placa-vella,297,105,192,64.6
2026-10-08T14:47:00Z,2026-10-08T16:47:00+02:00,55,ajuntament-mercat,237,123,114,48.1
2026-10-08T14:48:00Z,2026-10-08T16:48:00+02:00,53,dr-robert,407,139,268,65.8
2026-10-08T14:48:00Z,2026-10-08T16:48:00+02:00,54,placa-vella,297,105,192,64.6
2026-10-08T14:48:00Z,2026-10-08T16:48:00+02:00,55,ajuntament-mercat,237,123,114,48.1
2026-10-08T14:49:00Z,2026-10-08T16:49:00+02:00,53,dr-robert,407,139,268,65.8
2026-10-08T14:49:00Z,2026-10-08T16:49:00+02:00,54,placa-vella,297,105,192,64.6
2026-10-08T14:49:00Z,2026-10-08T16:49:00+02:00,55,ajuntament-mercat,237,123,114,48.1
2026-10-08T14:50:00Z,2026-10-08T16:50:00+02:00,53,dr-robert,407,139,268,65.8
2026-10-08T14:50:00Z,2026-10-08T16:50:00+02:00,54,placa-vella,297,105,192,64.6
2026-10-08T14:50:00Z,2026-10-08T16:50:00+02:00,55,ajuntament-mercat,237,123,114,48.1
2026-10-08T14:51:00Z,2026-10-08T16:51:00+02:00,53,dr-robert,407,138,269,66.1
2026-10-08T14:51:00Z,2026-10-08T16:51:00+02:00,54,placa-vella,297,95,202,68
2026-10-08T14:51:00Z,2026-10-08T16:51:00+02:00,55,ajuntament-mercat,237,120,117,49.4
2026-10-08T14:52:00Z,2026-10-08T16:52:00+02:00,53,dr-robert,407,138,269,66.1
2026-10-08T14:52:00Z,2026-10-08T16:52:00+02:00,54,placa-vella,297,95,202,68
2026-10-08T14:52:00Z,2026-10-08T16:52:00+02:00,55,ajuntament-mercat,237,120,117,49.4
2026-10-08T14:53:00Z,2026-10-08T16:53:00+02:00,53,dr-robert,407,138,269,66.1
2026-10-08T14:53:00Z,2026-10-08T16:53:00+02:00,54,placa-vella,297,95,202,68
2026-10-08T14:53:00Z,2026-10-08T16:53:00+02:00,55,ajuntament-mercat,237,120,117,49.4
2026-10-08T14:54:00Z,2026-10-08T16:54:00+02:00,53,dr-robert,407,138,269,66.1
2026-10-08T14:54:00Z,2026-10-08T16:54:00+02:00,54,placa-vella,297,95,202,68
2026-10-08T14:54:00Z,2026-10-08T16:54:00+02:00,55,ajuntament-mercat,237,120,117,49.4
2026-10-08T14:55:00Z,2026-10-08T16:55:00+02:00,53,dr-robert,407,131,276,67.8
2026-10-08T14:55:00Z,2026-10-08T16:55:00+02:00,54,placa-vella,297,93,204,68.7
2026-10-08T14:55:00Z,2026-10-08T16:55:00+02:00,55,ajuntament-mercat,237,117,120,50.6
2026-10-08T14:56:00Z,2026-10-08T16:56:00+02:00,53,dr-robert,407,131,276,67.8
2026-10-08T14:56:00Z,2026-10-08T16:56:00+02:00,54,placa-vella,297,93,204,68.7
2026-10-08T14:56:00Z,2026-10-08T16:56:00+02:00,55,ajuntament-mercat,237,117,120,50.6
2026-10-08T14:57:00Z,2026-10-08T16:57:00+02:00,53,dr-robert,407,131,276,67.8
2026-10-08T14:57:00Z,2026-10-08T16:57:00+02:00,54,placa-vella,297,93,204,68.7
2026-10-08T14:57:00Z,2026-10-08T16:57:00+02:00,55,ajuntament-mercat,237,117,120,50.6
2026-10-08T14:58:00Z,2026-10-08T16:58:00+02:00,53,dr-robert,407,131,276,67.8
2026-10-08T14:58:00Z,2026-10-08T16:58:00+02:00,54,placa-vella,297,93,204,68.7
2026-10-08T14:58:00Z,2026-10-08T16:58:00+02:00,55,ajuntament-mercat,237,117,120,50.6
2026-10-08T14:59:00Z,2026-10-08T16:59:00+02:00,53,dr-robert,407,131,276,67.8
2026-10-08T14:59:00Z,2026-10-08T16:59:00+02:00,54,placa-vella,297,93,204,68.7
2026-10-08T14:59:00Z,2026-10-08T16:59:00+02:00,55,ajuntament-mercat,237,117,120,50.6
2026-10-08T15:00:00Z,2026-10-08T17:00:00+02:00,53,dr-robert,407,131,276,67.8
2026-10-08T15:00:00Z,2026-10-08T17:00:00+02:00,54,placa-vella,297,93,204,68.7
2026-10-08T15:00:00Z,2026-10-08T17:00:00+02:00,55,ajuntament-mercat,237,117,120,50.6
2026-10-08T15:01:00Z,2026-10-08T17:01:00+02:00,53,dr-robert,407,131,276,67.8
2026-10-08T15:01:00Z,2026-10-08T17:01:00+02:00,54,placa-vella,297,93,204,68.7
2026-10-08T15:01:00Z,2026-10-08T17:01:00+02:00,55,ajuntament-mercat,237,117,120,50.6
2026-10-08T15:02:00Z,2026-10-08T17:02:00+02:00,53,dr-robert,407,131,276,67.8
2026-10-08T15:02:00Z,2026-10-08T17:02:00+02:00,54,placa-vella,297,83,214,72.1
2026-10-08T15:02:00Z,2026-10-08T17:02:00+02:00,55,ajuntament-mercat,237,120,117,49.4
2026-10-08T15:03:00Z,2026-10-08T17:03:00+02:00,53,dr-robert,407,131,276,67.8
2026-10-08T15:03:00Z,2026-10-08T17:03:00+02:00,54,placa-vella,297,83,214,72.1
2026-10-08T15:03:00Z,2026-10-08T17:03:00+02:00,55,ajuntament-mercat,237,120,117,49.4
2026-10-08T15:04:00Z,2026-10-08T17:04:00+02:00,53,dr-robert,407,131,276,67.8
2026-10-08T15:04:00Z,2026-10-08T17:04:00+02:00,54,placa-vella,297,83,214,72.1
2026-10-08T15:04:00Z,2026-10-08T17:04:00+02:00,55,ajuntament-mercat,237,120,117,49.4
2026-10-08T15:05:00Z,2026-10-08T17:05:00+02:00,53,dr-robert,407,139,268,65.8
2026-10-08T15:05:00Z,2026-10-08T17:05:00+02:00,54,placa-vella,297,80,217,73.1
2026-10-08T15:05:00Z,2026-10-08T17:05:00+02:00,55,ajuntament-mercat,237,120,117,49.4
2026-10-08T15:06:00Z,2026-10-08T17:06:00+02:00,53,dr-robert,407,139,268,65.8
2026-10-08T15:06:00Z,2026-10-08T17:06:00+02:00,54,placa-vella,297,80,217,73.1
2026-10-08T15:06:00Z,2026-10-08T17:06:00+02:00,55,ajuntament-mercat,237,120,117,49.4
2026-10-08T15:07:00Z,2026-10-08T17:07:00+02:00,53,dr-robert,407,139,268,65.8
2026-10-08T15:07:00Z,2026-10-08T17:07:00+02:00,54,placa-vella,297,80,217,73.1
2026-10-08T15:07:00Z,2026-10-08T17:07:00+02:00,55,ajuntament-mercat,237,120,117,49.4
2026-10-08T15:08:00Z,2026-10-08T17:08:00+02:00,53,dr-robert,407,139,268,65.8
2026-10-08T15:08:00Z,2026-10-08T17:08:00+02:00,54,placa-vella,297,80,217,73.1
2026-10-08T15:08:00Z,2026-10-08T17:08:00+02:00,55,ajuntament-mercat,237,120,117,49.4
2026-10-08T15:09:00Z,2026-10-08T17:09:00+02:00,53,dr-robert,407,139,268,65.8
2026-10-08T15:09:00Z,2026-10-08T17:09:00+02:00,54,placa-vella,297,80,217,73.1
2026-10-08T15:09:00Z,2026-10-08T17:09:00+02:00,55,ajuntament-mercat,237,120,117,49.4
2026-10-08T15:10:00Z,2026-10-08T17:10:00+02:00,53,dr-robert,407,145,262,64.4
2026-10-08T15:10:00Z,2026-10-08T17:10:00+02:00,54,placa-vella,297,83,214,72.1
2026-10-08T15:10:00Z,2026-10-08T17:10:00+02:00,55,ajuntament-mercat,237,121,116,48.9
2026-10-08T15:11:00Z,2026-10-08T17:11:00+02:00,53,dr-robert,407,145,262,64.4
2026-10-08T15:11:00Z,2026-10-08T17:11:00+02:00,54,placa-vella,297,83,214,72.1
2026-10-08T15:11:00Z,2026-10-08T17:11:00+02:00,55,ajuntament-mercat,237,121,116,48.9
2026-10-08T15:12:00Z,2026-10-08T17:12:00+02:00,53,dr-robert,407,145,262,64.4
2026-10-08T15:12:00Z,2026-10-08T17:12:00+02:00,54,placa-vella,297,83,214,72.1
2026-10-08T15:12:00Z,2026-10-08T17:12:00+02:00,55,ajuntament-mercat,237,121,116,48.9
2026-10-08T15:13:00Z,2026-10-08T17:13:00+02:00,53,dr-robert,407,145,262,64.4
2026-10-08T15:13:00Z,2026-10-08T17:13:00+02:00,54,placa-vella,297,83,214,72.1
2026-10-08T15:13:00Z,2026-10-08T17:13:00+02:00,55,ajuntament-mercat,237,121,116,48.9
2026-10-08T15:14:00Z,2026-10-08T17:14:00+02:00,53,dr-robert,407,145,262,64.4
2026-10-08T15:14:00Z,2026-10-08T17:14:00+02:00,54,placa-vella,297,83,214,72.1
2026-10-08T15:14:00Z,2026-10-08T17:14:00+02:00,55,ajuntament-mercat,237,121,116,48.9
2026-10-08T15:15:00Z,2026-10-08T17:15:00+02:00,53,dr-robert,407,146,261,64.1
2026-10-08T15:15:00Z,2026-10-08T17:15:00+02:00,54,placa-vella,297,84,213,71.7
2026-10-08T15:15:00Z,2026-10-08T17:15:00+02:00,55,ajuntament-mercat,237,120,117,49.4
2026-10-08T15:16:00Z,2026-10-08T17:16:00+02:00,53,dr-robert,407,146,261,64.1
2026-10-08T15:16:00Z,2026-10-08T17:16:00+02:00,54,placa-vella,297,84,213,71.7
2026-10-08T15:16:00Z,2026-10-08T17:16:00+02:00,55,ajuntament-mercat,237,120,117,49.4
2026-10-08T15:17:00Z,2026-10-08T17:17:00+02:00,53,dr-robert,407,146,261,64.1
2026-10-08T15:17:00Z,2026-10-08T17:17:00+02:00,54,placa-vella,297,84,213,71.7
2026-10-08T15:17:00Z,2026-10-08T17:17:00+02:00,55,ajuntament-mercat,237,120,117,49.4
2026-10-08T15:18:00Z,2026-10-08T17:18:00+02:00,53,dr-robert,407,146,261,64.1
2026-10-08T15:18:00Z,2026-10-08T17:18:00+02:00,54,placa-vella,297,84,213,71.7
2026-10-08T15:18:00Z,2026-10-08T17:18:00+02:00,55,ajuntament-mercat,237,120,117,49.4
2026-10-08T15:19:00Z,2026-10-08T17:19:00+02:00,53,dr-robert,407,146,261,64.1
2026-10-08T15:19:00Z,2026-10-08T17:19:00+02:00,54,placa-vella,297,84,213,71.7
2026-10-08T15:19:00Z,2026-10-08T17:19:00+02:00,55,ajuntament-mercat,237,120,117,49.4
2026-10-08T15:20:00Z,2026-10-08T17:20:00+02:00,53,dr-robert,407,150,257,63.1
2026-10-08T15:20:00Z,2026-10-08T17:20:00+02:00,54,placa-vella,297,80,217,73.1
2026-10-08T15:20:00Z,2026-10-08T17:20:00+02:00,55,ajuntament-mercat,237,120,117,49.4
2026-10-08T15:21:00Z,2026-10-08T17:21:00+02:00,53,dr-robert,407,150,257,63.1
2026-10-08T15:21:00Z,2026-10-08T17:21:00+02:00,54,placa-vella,297,80,217,73.1
2026-10-08T15:21:00Z,2026-10-08T17:21:00+02:00,55,ajuntament-mercat,237,120,117,49.4
2026-10-08T15:22:00Z,2026-10-08T17:22:00+02:00,53,dr-robert,407,150,257,63.1
2026-10-08T15:22:00Z,2026-10-08T17:22:00+02:00,54,placa-vella,297,80,217,73.1
2026-10-08T15:22:00Z,2026-10-08T17:22:00+02:00,55,ajuntament-mercat,237,120,117,49.4
2026-10-08T15:23:00Z,2026-10-08T17:23:00+02:00,53,dr-robert,407,150,257,63.1
2026-10-08T15:23:00Z,2026-10-08T17:23:00+02:00,54,placa-vella,297,80,217,73.1
2026-10-08T15:23:00Z,2026-10-08T17:23:00+02:00,55,ajuntament-mercat,237,120,117,49.4
2026-10-08T15:24:00Z,2026-10-08T17:24:00+02:00,53,dr-robert,407,150,257,63.1
2026-10-08T15:24:00Z,2026-10-08T17:24:00+02:00,54,placa-vella,297,80,217,73.1
2026-10-08T15:24:00Z,2026-10-08T17:24:00+02:00,55,ajuntament-mercat,237,120,117,49.4
2026-10-08T15:25:00Z,2026-10-08T17:25:00+02:00,53,dr-robert,407,149,258,63.4
2026-10-08T15:25:00Z,2026-10-08T17:25:00+02:00,54,placa-vella,297,81,216,72.7
2026-10-08T15:25:00Z,2026-10-08T17:25:00+02:00,55,ajuntament-mercat,237,120,117,49.4
2026-10-08T15:26:00Z,2026-10-08T17:26:00+02:00,53,dr-robert,407,149,258,63.4
2026-10-08T15:26:00Z,2026-10-08T17:26:00+02:00,54,placa-vella,297,81,216,72.7
2026-10-08T15:26:00Z,2026-10-08T17:26:00+02:00,55,ajuntament-mercat,237,120,117,49.4
2026-10-08T15:27:00Z,2026-10-08T17:27:00+02:00,53,dr-robert,407,149,258,63.4
2026-10-08T15:27:00Z,2026-10-08T17:27:00+02:00,54,placa-vella,297,81,216,72.7
2026-10-08T15:27:00Z,2026-10-08T17:27:00+02:00,55,ajuntament-mercat,237,120,117,49.4
2026-10-08T15:28:00Z,2026-10-08T17:28:00+02:00,53,dr-robert,407,149,258,63.4
2026-10-08T15:28:00Z,2026-10-08T17:28:00+02:00,54,placa-vella,297,81,216,72.7
2026-10-08T15:28:00Z,2026-10-08T17:28:00+02:00,55,ajuntament-mercat,237,120,117,49.4
2026-10-08T15:29:00Z,2026-10-08T17:29:00+02:00,53,dr-robert,407,149,258,63.4
2026-10-08T15:29:00Z,2026-10-08T17:29:00+02:00,54,placa-vella,297,81,216,72.7
2026-10-08T15:29:00Z,2026-10-08T17:29:00+02:00,55,ajuntament-mercat,237,120,117,49.4
2026-10-08T15:30:00Z,2026-10-08T17:30:00+02:00,53,dr-robert,407,153,254,62.4
2026-10-08T15:30:00Z,2026-10-08T17:30:00+02:00,54,placa-vella,297,85,212,71.4
2026-10-08T15:30:00Z,2026-10-08T17:30:00+02:00,55,ajuntament-mercat,237,118,119,50.2
2026-10-08T15:31:00Z,2026-10-08T17:31:00+02:00,53,dr-robert,407,153,254,62.4
2026-10-08T15:31:00Z,2026-10-08T17:31:00+02:00,54,placa-vella,297,85,212,71.4
2026-10-08T15:31:00Z,2026-10-08T17:31:00+02:00,55,ajuntament-mercat,237,118,119,50.2
2026-10-08T15:32:00Z,2026-10-08T17:32:00+02:00,53,dr-robert,407,153,254,62.4
2026-10-08T15:32:00Z,2026-10-08T17:32:00+02:00,54,placa-vella,297,85,212,71.4
2026-10-08T15:32:00Z,2026-10-08T17:32:00+02:00,55,ajuntament-mercat,237,118,119,50.2
2026-10-08T15:33:00Z,2026-10-08T17:33:00+02:00,53,dr-robert,407,153,254,62.4
2026-10-08T15:33:00Z,2026-10-08T17:33:00+02:00,54,placa-vella,297,85,212,71.4
2026-10-08T15:33:00Z,2026-10-08T17:33:00+02:00,55,ajuntament-mercat,237,118,119,50.2
2026-10-08T15:34:00Z,2026-10-08T17:34:00+02:00,53,dr-robert,407,153,254,62.4
2026-10-08T15:34:00Z,2026-10-08T17:34:00+02:00,54,placa-vella,297,85,212,71.4
2026-10-08T15:34:00Z,2026-10-08T17:34:00+02:00,55,ajuntament-mercat,237,118,119,50.2
2026-10-08T15:35:00Z,2026-10-08T17:35:00+02:00,53,dr-robert,407,153,254,62.4
2026-10-08T15:35:00Z,2026-10-08T17:35:00+02:00,54,placa-vella,297,90,207,69.7
2026-10-08T15:35:00Z,2026-10-08T17:35:00+02:00,55,ajuntament-mercat,237,118,119,50.2
2026-10-08T15:36:00Z,2026-10-08T17:36:00+02:00,53,dr-robert,407,153,254,62.4
2026-10-08T15:36:00Z,2026-10-08T17:36:00+02:00,54,placa-vella,297,90,207,69.7
2026-10-08T15:36:00Z,2026-10-08T17:36:00+02:00,55,ajuntament-mercat,237,118,119,50.2
2026-10-08T15:37:00Z,2026-10-08T17:37:00+02:00,53,dr-robert,407,153,254,62.4
2026-10-08T15:37:00Z,2026-10-08T17:37:00+02:00,54,placa-vella,297,90,207,69.7
2026-10-08T15:37:00Z,2026-10-08T17:37:00+02:00,55,ajuntament-mercat,237,118,119,50.2
2026-10-08T15:38:00Z,2026-10-08T17:38:00+02:00,53,dr-robert,407,153,254,62.4
2026-10-08T15:38:00Z,2026-10-08T17:38:00+02:00,54,placa-vella,297,90,207,69.7
2026-10-08T15:38:00Z,2026-10-08T17:38:00+02:00,55,ajuntament-mercat,237,118,119,50.2
2026-10-08T15:39:00Z,2026-10-08T17:39:00+02:00,53,dr-robert,407,153,254,62.4
2026-10-08T15:39:00Z,2026-10-08T17:39:00+02:00,54,placa-vella,297,90,207,69.7
2026-10-08T15:39:00Z,2026-10-08T17:39:00+02:00,55,ajuntament-mercat,237,118,119,50.2
2026-10-08T15:40:00Z,2026-10-08T17:40:00+02:00,53,dr-robert,407,154,253,62.2
2026-10-08T15:40:00Z,2026-10-08T17:40:00+02:00,54,placa-vella,297,95,202,68
2026-10-08T15:40:00Z,2026-10-08T17:40:00+02:00,55,ajuntament-mercat,237,118,119,50.2
2026-10-08T15:41:00Z,2026-10-08T17:41:00+02:00,53,dr-robert,407,154,253,62.2
2026-10-08T15:41:00Z,2026-10-08T17:41:00+02:00,54,placa-vella,297,95,202,68
2026-10-08T15:41:00Z,2026-10-08T17:41:00+02:00,55,ajuntament-mercat,237,118,119,50.2
2026-10-08T15:42:00Z,2026-10-08T17:42:00+02:00,53,dr-robert,407,154,253,62.2
2026-10-08T15:42:00Z,2026-10-08T17:42:00+02:00,54,placa-vella,297,95,202,68
2026-10-08T15:42:00Z,2026-10-08T17:42:00+02:00,55,ajuntament-mercat,237,118,119,50.2
2026-10-08T15:43:00Z,2026-10-08T17:43:00+02:00,53,dr-robert,407,154,253,62.2
2026-10-08T15:43:00Z,2026-10-08T17:43:00+02:00,54,placa-vella,297,95,202,68
2026-10-08T15:43:00Z,2026-10-08T17:43:00+02:00,55,ajuntament-mercat,237,118,119,50.2
2026-10-08T15:44:00Z,2026-10-08T17:44:00+02:00,53,dr-robert,407,154,253,62.2
2026-10-08T15:44:00Z,2026-10-08T17:44:00+02:00,54,placa-vella,297,95,202,68
2026-10-08T15:44:00Z,2026-10-08T17:44:00+02:00,55,ajuntament-mercat,237,118,119,50.2
2026-10-08T15:45:00Z,2026-10-08T17:45:00+02:00,53,dr-robert,407,158,249,61.2
2026-10-08T15:45:00Z,2026-10-08T17:45:00+02:00,54,placa-vella,297,93,204,68.7
2026-10-08T15:45:00Z,2026-10-08T17:45:00+02:00,55,ajuntament-mercat,237,117,120,50.6
2026-10-08T15:46:00Z,2026-10-08T17:46:00+02:00,53,dr-robert,407,158,249,61.2
2026-10-08T15:46:00Z,2026-10-08T17:46:00+02:00,54,placa-vella,297,93,204,68.7
2026-10-08T15:46:00Z,2026-10-08T17:46:00+02:00,55,ajuntament-mercat,237,117,120,50.6
2026-10-08T15:47:00Z,2026-10-08T17:47:00+02:00,53,dr-robert,407,158,249,61.2
2026-10-08T15:47:00Z,2026-10-08T17:47:00+02:00,54,placa-vella,297,93,204,68.7
2026-10-08T15:47:00Z,2026-10-08T17:47:00+02:00,55,ajuntament-mercat,237,117,120,50.6
2026-10-08T15:48:00Z,2026-10-08T17:48:00+02:00,53,dr-robert,407,158,249,61.2
2026-10-08T15:48:00Z,2026-10-08T17:48:00+02:00,54,placa-vella,297,93,204,68.7
2026-10-08T15:48:00Z,2026-10-08T17:48:00+02:00,55,ajuntament-mercat,237,117,120,50.6
2026-10-08T15:49:00Z,2026-10-08T17:49:00+02:00,53,dr-robert,407,158,249,61.2
2026-10-08T15:49:00Z,2026-10-08T17:49:00+02:00,54,placa-vella,297,93,204,68.7
2026-10-08T15:49:00Z,2026-10-08T17:49:00+02:00,55,ajuntament-mercat,237,117,120,50.6
2026-10-08T15:50:00Z,2026-10-08T17:50:00+02:00,53,dr-robert,407,159,248,60.9
2026-10-08T15:50:00Z,2026-10-08T17:50:00+02:00,54,placa-vella,297,94,203,68.4
2026-10-08T15:50:00Z,2026-10-08T17:50:00+02:00,55,ajuntament-mercat,237,119,118,49.8
2026-10-08T15:51:00Z,2026-10-08T17:51:00+02:00,53,dr-robert,407,159,248,60.9
2026-10-08T15:51:00Z,2026-10-08T17:51:00+02:00,54,placa-vella,297,94,203,68.4
2026-10-08T15:51:00Z,2026-10-08T17:51:00+02:00,55,ajuntament-mercat,237,119,118,49.8
2026-10-08T15:52:00Z,2026-10-08T17:52:00+02:00,53,dr-robert,407,159,248,60.9
2026-10-08T15:52:00Z,2026-10-08T17:52:00+02:00,54,placa-vella,297,94,203,68.4
2026-10-08T15:52:00Z,2026-10-08T17:52:00+02:00,55,ajuntament-mercat,237,119,118,49.8
2026-10-08T15:53:00Z,2026-10-08T17:53:00+02:00,53,dr-robert,407,159,248,60.9
2026-10-08T15:53:00Z,2026-10-08T17:53:00+02:00,54,placa-vella,297,94,203,68.4
2026-10-08T15:53:00Z,2026-10-08T17:53:00+02:00,55,ajuntament-mercat,237,119,118,49.8
2026-10-08T15:54:00Z,2026-10-08T17:54:00+02:00,53,dr-robert,407,159,248,60.9
2026-10-08T15:54:00Z,2026-10-08T17:54:00+02:00,54,placa-vella,297,94,203,68.4
2026-10-08T15:54:00Z,2026-10-08T17:54:00+02:00,55,ajuntament-mercat,237,119,118,49.8
2026-10-08T15:55:00Z,2026-10-08T17:55:00+02:00,53,dr-robert,407,162,245,60.2
2026-10-08T15:55:00Z,2026-10-08T17:55:00+02:00,54,placa-vella,297,93,204,68.7
2026-10-08T15:55:00Z,2026-10-08T17:55:00+02:00,55,ajuntament-mercat,237,115,122,51.5
2026-10-08T15:56:00Z,2026-10-08T17:56:00+02:00,53,dr-robert,407,162,245,60.2
2026-10-08T15:56:00Z,2026-10-08T17:56:00+02:00,54,placa-vella,297,93,204,68.7
2026-10-08T15:56:00Z,2026-10-08T17:56:00+02:00,55,ajuntament-mercat,237,115,122,51.5
2026-10-08T15:57:00Z,2026-10-08T17:57:00+02:00,53,dr-robert,407,162,245,60.2
2026-10-08T15:57:00Z,2026-10-08T17:57:00+02:00,54,placa-vella,297,93,204,68.7
2026-10-08T15:57:00Z,2026-10-08T17:57:00+02:00,55,ajuntament-mercat,237,115,122,51.5
2026-10-08T15:58:00Z,2026-10-08T17:58:00+02:00,53,dr-robert,407,162,245,60.2
2026-10-08T15:58:00Z,2026-10-08T17:58:00+02:00,54,placa-vella,297,93,204,68.7
2026-10-08T15:58:00Z,2026-10-08T17:58:00+02:00,55,ajuntament-mercat,237,115,122,51.5
2026-10-08T15:59:00Z,2026-10-08T17:59:00+02:00,53,dr-robert,407,162,245,60.2
2026-10-08T15:59:00Z,2026-10-08T17:59:00+02:00,54,placa-vella,297,93,204,68.7
2026-10-08T15:59:00Z,2026-10-08T17:59:00+02:00,55,ajuntament-mercat,237,115,122,51.5
2026-10-08T16:00:00Z,2026-10-08T18:00:00+02:00,53,dr-robert,407,162,245,60.2
2026-10-08T16:00:00Z,2026-10-08T18:00:00+02:00,54,placa-vella,297,93,204,68.7
2026-10-08T16:00:00Z,2026-10-08T18:00:00+02:00,55,ajuntament-mercat,237,115,122,51.5
2026-10-08T16:01:00Z,2026-10-08T18:01:00+02:00,53,dr-robert,407,162,245,60.2
2026-10-08T16:01:00Z,2026-10-08T18:01:00+02:00,54,placa-vella,297,90,207,69.7
2026-10-08T16:01:00Z,2026-10-08T18:01:00+02:00,55,ajuntament-mercat,237,110,127,53.6
2026-10-08T16:02:00Z,2026-10-08T18:02:00+02:00,53,dr-robert,407,162,245,60.2
2026-10-08T16:02:00Z,2026-10-08T18:02:00+02:00,54,placa-vella,297,90,207,69.7
2026-10-08T16:02:00Z,2026-10-08T18:02:00+02:00,55,ajuntament-mercat,237,110,127,53.6
2026-10-08T16:03:00Z,2026-10-08T18:03:00+02:00,53,dr-robert,407,162,245,60.2
2026-10-08T16:03:00Z,2026-10-08T18:03:00+02:00,54,placa-vella,297,90,207,69.7
2026-10-08T16:03:00Z,2026-10-08T18:03:00+02:00,55,ajuntament-mercat,237,110,127,53.6
2026-10-08T16:04:00Z,2026-10-08T18:04:00+02:00,53,dr-robert,407,162,245,60.2
2026-10-08T16:04:00Z,2026-10-08T18:04:00+02:00,54,placa-vella,297,90,207,69.7
2026-10-08T16:04:00Z,2026-10-08T18:04:00+02:00,55,ajuntament-mercat,237,110,127,53.6
2026-10-08T16:05:00Z,2026-10-08T18:05:00+02:00,53,dr-robert,407,169,238,58.5
2026-10-08T16:05:00Z,2026-10-08T18:05:00+02:00,54,placa-vella,297,91,206,69.4
2026-10-08T16:05:00Z,2026-10-08T18:05:00+02:00,55,ajuntament-mercat,237,111,126,53.2
2026-10-08T16:06:00Z,2026-10-08T18:06:00+02:00,53,dr-robert,407,169,238,58.5
2026-10-08T16:06:00Z,2026-10-08T18:06:00+02:00,54,placa-vella,297,91,206,69.4
2026-10-08T16:06:00Z,2026-10-08T18:06:00+02:00,55,ajuntament-mercat,237,111,126,53.2
2026-10-08T16:07:00Z,2026-10-08T18:07:00+02:00,53,dr-robert,407,169,238,58.5
2026-10-08T16:07:00Z,2026-10-08T18:07:00+02:00,54,placa-vella,297,91,206,69.4
2026-10-08T16:07:00Z,2026-10-08T18:07:00+02:00,55,ajuntament-mercat,237,111,126,53.2
2026-10-08T16:08:00Z,2026-10-08T18:08:00+02:00,53,dr-robert,407,169,238,58.5
2026-10-08T16:08:00Z,2026-10-08T18:08:00+02:00,54,placa-vella,297,91,206,69.4
2026-10-08T16:08:00Z,2026-10-08T18:08:00+02:00,55,ajuntament-mercat,237,111,126,53.2
2026-10-08T16:09:00Z,2026-10-08T18:09:00+02:00,53,dr-robert,407,169,238,58.5
2026-10-08T16:09:00Z,2026-10-08T18:09:00+02:00,54,placa-vella,297,91,206,69.4
2026-10-08T16:09:00Z,2026-10-08T18:09:00+02:00,55,ajuntament-mercat,237,111,126,53.2
2026-10-08T16:10:00Z,2026-10-08T18:10:00+02:00,53,dr-robert,407,172,235,57.7
2026-10-08T16:10:00Z,2026-10-08T18:10:00+02:00,54,placa-vella,297,96,201,67.7
2026-10-08T16:10:00Z,2026-10-08T18:10:00+02:00,55,ajuntament-mercat,237,106,131,55.3
2026-10-08T16:11:00Z,2026-10-08T18:11:00+02:00,53,dr-robert,407,172,235,57.7
2026-10-08T16:11:00Z,2026-10-08T18:11:00+02:00,54,placa-vella,297,96,201,67.7
2026-10-08T16:11:00Z,2026-10-08T18:11:00+02:00,55,ajuntament-mercat,237,106,131,55.3
2026-10-08T16:12:00Z,2026-10-08T18:12:00+02:00,53,dr-robert,407,172,235,57.7
2026-10-08T16:12:00Z,2026-10-08T18:12:00+02:00,54,placa-vella,297,96,201,67.7
2026-10-08T16:12:00Z,2026-10-08T18:12:00+02:00,55,ajuntament-mercat,237,106,131,55.3
2026-10-08T16:13:00Z,2026-10-08T18:13:00+02:00,53,dr-robert,407,172,235,57.7
2026-10-08T16:13:00Z,2026-10-08T18:13:00+02:00,54,placa-vella,297,96,201,67.7
2026-10-08T16:13:00Z,2026-10-08T18:13:00+02:00,55,ajuntament-mercat,237,106,131,55.3
2026-10-08T16:14:00Z,2026-10-08T18:14:00+02:00,53,dr-robert,407,172,235,57.7
2026-10-08T16:14:00Z,2026-10-08T18:14:00+02:00,54,placa-vella,297,96,201,67.7
2026-10-08T16:14:00Z,2026-10-08T18:14:00+02:00,55,ajuntament-mercat,237,106,131,55.3
2026-10-08T16:15:00Z,2026-10-08T18:15:00+02:00,53,dr-robert,407,169,238,58.5
2026-10-08T16:15:00Z,2026-10-08T18:15:00+02:00,54,placa-vella,297,98,199,67
2026-10-08T16:15:00Z,2026-10-08T18:15:00+02:00,55,ajuntament-mercat,237,105,132,55.7
2026-10-08T16:16:00Z,2026-10-08T18:16:00+02:00,53,dr-robert,407,169,238,58.5
2026-10-08T16:16:00Z,2026-10-08T18:16:00+02:00,54,placa-vella,297,98,199,67
2026-10-08T16:16:00Z,2026-10-08T18:16:00+02:00,55,ajuntament-mercat,237,105,132,55.7
2026-10-08T16:17:00Z,2026-10-08T18:17:00+02:00,53,dr-robert,407,169,238,58.5
2026-10-08T16:17:00Z,2026-10-08T18:17:00+02:00,54,placa-vella,297,98,199,67
2026-10-08T16:17:00Z,2026-10-08T18:17:00+02:00,55,ajuntament-mercat,237,105,132,55.7
2026-10-08T16:18:00Z,2026-10-08T18:18:00+02:00,53,dr-robert,407,169,238,58.5
2026-10-08T16:18:00Z,2026-10-08T18:18:00+02:00,54,placa-vella,297,98,199,67
2026-10-08T16:18:00Z,2026-10-08T18:18:00+02:00,55,ajuntament-mercat,237,105,132,55.7
2026-10-08T16:19:00Z,2026-10-08T18:19:00+02:00,53,dr-robert,407,169,238,58.5
2026-10-08T16:19:00Z,2026-10-08T18:19:00+02:00,54,placa-vella,297,98,199,67
2026-10-08T16:19:00Z,2026-10-08T18:19:00+02:00,55,ajuntament-mercat,237,105,132,55.7
2026-10-08T16:20:00Z,2026-10-08T18:20:00+02:00,53,dr-robert,407,174,233,57.2
2026-10-08T16:20:00Z,2026-10-08T18:20:00+02:00,54,placa-vella,297,104,193,65
2026-10-08T16:20:00Z,2026-10-08T18:20:00+02:00,55,ajuntament-mercat,237,109,128,54
2026-10-08T16:21:00Z,2026-10-08T18:21:00+02:00,53,dr-robert,407,174,233,57.2
2026-10-08T16:21:00Z,2026-10-08T18:21:00+02:00,54,placa-vella,297,104,193,65
2026-10-08T16:21:00Z,2026-10-08T18:21:00+02:00,55,ajuntament-mercat,237,109,128,54
2026-10-08T16:22:00Z,2026-10-08T18:22:00+02:00,53,dr-robert,407,174,233,57.2
2026-10-08T16:22:00Z,2026-10-08T18:22:00+02:00,54,placa-vella,297,104,193,65
2026-10-08T16:22:00Z,2026-10-08T18:22:00+02:00,55,ajuntament-mercat,237,109,128,54
2026-10-08T16:23:00Z,2026-10-08T18:23:00+02:00,53,dr-robert,407,174,233,57.2
2026-10-08T16:23:00Z,2026-10-08T18:23:00+02:00,54,placa-vella,297,104,193,65
2026-10-08T16:23:00Z,2026-10-08T18:23:00+02:00,55,ajuntament-mercat,237,109,128,54
2026-10-08T16:24:00Z,2026-10-08T18:24:00+02:00,53,dr-robert,407,174,233,57.2
2026-10-08T16:24:00Z,2026-10-08T18:24:00+02:00,54,placa-vella,297,104,193,65
2026-10-08T16:24:00Z,2026-10-08T18:24:00+02:00,55,ajuntament-mercat,237,109,128,54
2026-10-08T16:25:00Z,2026-10-08T18:25:00+02:00,53,dr-robert,407,174,233,57.2
2026-10-08T16:25:00Z,2026-10-08T18:25:00+02:00,54,placa-vella,297,104,193,65
2026-10-08T16:25:00Z,2026-10-08T18:25:00+02:00,55,ajuntament-mercat,237,105,132,55.7
2026-10-08T16:26:00Z,2026-10-08T18:26:00+02:00,53,dr-robert,407,174,233,57.2
2026-10-08T16:26:00Z,2026-10-08T18:26:00+02:00,54,placa-vella,297,104,193,65
2026-10-08T16:26:00Z,2026-10-08T18:26:00+02:00,55,ajuntament-mercat,237,105,132,55.7
2026-10-08T16:27:00Z,2026-10-08T18:27:00+02:00,53,dr-robert,407,174,233,57.2
2026-10-08T16:27:00Z,2026-10-08T18:27:00+02:00,54,placa-vella,297,104,193,65
2026-10-08T16:27:00Z,2026-10-08T18:27:00+02:00,55,ajuntament-mercat,237,105,132,55.7
2026-10-08T16:28:00Z,2026-10-08T18:28:00+02:00,53,dr-robert,407,174,233,57.2
2026-10-08T16:28:00Z,2026-10-08T18:28:00+02:00,54,placa-vella,297,104,193,65
2026-10-08T16:28:00Z,2026-10-08T18:28:00+02:00,55,ajuntament-mercat,237,105,132,55.7
2026-10-08T16:29:00Z,2026-10-08T18:29:00+02:00,53,dr-robert,407,174,233,57.2
2026-10-08T16:29:00Z,2026-10-08T18:29:00+02:00,54,placa-vella,297,104,193,65
2026-10-08T16:29:00Z,2026-10-08T18:29:00+02:00,55,ajuntament-mercat,237,105,132,55.7
2026-10-08T16:30:00Z,2026-10-08T18:30:00+02:00,53,dr-robert,407,173,234,57.5
2026-10-08T16:30:00Z,2026-10-08T18:30:00+02:00,54,placa-vella,297,104,193,65
2026-10-08T16:30:00Z,2026-10-08T18:30:00+02:00,55,ajuntament-mercat,237,112,125,52.7
2026-10-08T16:31:00Z,2026-10-08T18:31:00+02:00,53,dr-robert,407,173,234,57.5
2026-10-08T16:31:00Z,2026-10-08T18:31:00+02:00,54,placa-vella,297,104,193,65
2026-10-08T16:31:00Z,2026-10-08T18:31:00+02:00,55,ajuntament-mercat,237,112,125,52.7
2026-10-08T16:32:00Z,2026-10-08T18:32:00+02:00,53,dr-robert,407,173,234,57.5
2026-10-08T16:32:00Z,2026-10-08T18:32:00+02:00,54,placa-vella,297,104,193,65
2026-10-08T16:32:00Z,2026-10-08T18:32:00+02:00,55,ajuntament-mercat,237,112,125,52.7
2026-10-08T16:33:00Z,2026-10-08T18:33:00+02:00,53,dr-robert,407,173,234,57.5
2026-10-08T16:33:00Z,2026-10-08T18:33:00+02:00,54,placa-vella,297,104,193,65
2026-10-08T16:33:00Z,2026-10-08T18:33:00+02:00,55,ajuntament-mercat,237,112,125,52.7
2026-10-08T16:34:00Z,2026-10-08T18:34:00+02:00,53,dr-robert,407,173,234,57.5
2026-10-08T16:34:00Z,2026-10-08T18:34:00+02:00,54,placa-vella,297,104,193,65
2026-10-08T16:34:00Z,2026-10-08T18:34:00+02:00,55,ajuntament-mercat,237,112,125,52.7
2026-10-08T16:35:00Z,2026-10-08T18:35:00+02:00,53,dr-robert,407,173,234,57.5
2026-10-08T16:35:00Z,2026-10-08T18:35:00+02:00,54,placa-vella,297,109,188,63.3
2026-10-08T16:35:00Z,2026-10-08T18:35:00+02:00,55,ajuntament-mercat,237,112,125,52.7
2026-10-08T16:36:00Z,2026-10-08T18:36:00+02:00,53,dr-robert,407,173,234,57.5
2026-10-08T16:36:00Z,2026-10-08T18:36:00+02:00,54,placa-vella,297,109,188,63.3
2026-10-08T16:36:00Z,2026-10-08T18:36:00+02:00,55,ajuntament-mercat,237,112,125,52.7
2026-10-08T16:37:00Z,2026-10-08T18:37:00+02:00,53,dr-robert,407,173,234,57.5
2026-10-08T16:37:00Z,2026-10-08T18:37:00+02:00,54,placa-vella,297,109,188,63.3
2026-10-08T16:37:00Z,2026-10-08T18:37:00+02:00,55,ajuntament-mercat,237,112,125,52.7
2026-10-08T16:38:00Z,2026-10-08T18:38:00+02:00,53,dr-robert,407,173,234,57.5
2026-10-08T16:38:00Z,2026-10-08T18:38:00+02:00,54,placa-vella,297,109,188,63.3
2026-10-08T16:38:00Z,2026-10-08T18:38:00+02:00,55,ajuntament-mercat,237,112,125,52.7
2026-10-08T16:39:00Z,2026-10-08T18:39:00+02:00,53,dr-robert,407,173,234,57.5
2026-10-08T16:39:00Z,2026-10-08T18:39:00+02:00,54,placa-vella,297,109,188,63.3
2026-10-08T16:39:00Z,2026-10-08T18:39:00+02:00,55,ajuntament-mercat,237,112,125,52.7
2026-10-08T16:40:00Z,2026-10-08T18:40:00+02:00,53,dr-robert,407,167,240,59
2026-10-08T16:40:00Z,2026-10-08T18:40:00+02:00,54,placa-vella,297,110,187,63
2026-10-08T16:40:00Z,2026-10-08T18:40:00+02:00,55,ajuntament-mercat,237,107,130,54.9
2026-10-08T16:41:00Z,2026-10-08T18:41:00+02:00,53,dr-robert,407,167,240,59
2026-10-08T16:41:00Z,2026-10-08T18:41:00+02:00,54,placa-vella,297,110,187,63
2026-10-08T16:41:00Z,2026-10-08T18:41:00+02:00,55,ajuntament-mercat,237,107,130,54.9
2026-10-08T16:42:00Z,2026-10-08T18:42:00+02:00,53,dr-robert,407,167,240,59
2026-10-08T16:42:00Z,2026-10-08T18:42:00+02:00,54,placa-vella,297,110,187,63
2026-10-08T16:42:00Z,2026-10-08T18:42:00+02:00,55,ajuntament-mercat,237,107,130,54.9
2026-10-08T16:43:00Z,2026-10-08T18:43:00+02:00,53,dr-robert,407,167,240,59
2026-10-08T16:43:00Z,2026-10-08T18:43:00+02:00,54,placa-vella,297,110,187,63
2026-10-08T16:43:00Z,2026-10-08T18:43:00+02:00,55,ajuntament-mercat,237,107,130,54.9
2026-10-08T16:44:00Z,2026-10-08T18:44:00+02:00,53,dr-robert,407,167,240,59
2026-10-08T16:44:00Z,2026-10-08T18:44:00+02:00,54,placa-vella,297,110,187,63
2026-10-08T16:44:00Z,2026-10-08T18:44:00+02:00,55,ajuntament-mercat,237,107,130,54.9
2026-10-08T16:45:00Z,2026-10-08T18:45:00+02:00,53,dr-robert,407,167,240,59
2026-10-08T16:45:00Z,2026-10-08T18:45:00+02:00,54,placa-vella,297,110,187,63
2026-10-08T16:45:00Z,2026-10-08T18:45:00+02:00,55,ajuntament-mercat,237,107,130,54.9
2026-10-08T16:46:00Z,2026-10-08T18:46:00+02:00,53,dr-robert,407,171,236,58
2026-10-08T16:46:00Z,2026-10-08T18:46:00+02:00,54,placa-vella,297,102,195,65.7
2026-10-08T16:46:00Z,2026-10-08T18:46:00+02:00,55,ajuntament-mercat,237,108,129,54.4
2026-10-08T16:47:00Z,2026-10-08T18:47:00+02:00,53,dr-robert,407,171,236,58
2026-10-08T16:47:00Z,2026-10-08T18:47:00+02:00,54,placa-vella,297,102,195,65.7
2026-10-08T16:47:00Z,2026-10-08T18:47:00+02:00,55,ajuntament-mercat,237,108,129,54.4
2026-10-08T16:48:00Z,2026-10-08T18:48:00+02:00,53,dr-robert,407,171,236,58
2026-10-08T16:48:00Z,2026-10-08T18:48:00+02:00,54,placa-vella,297,102,195,65.7
2026-10-08T16:48:00Z,2026-10-08T18:48:00+02:00,55,ajuntament-mercat,237,108,129,54.4
2026-10-08T16:49:00Z,2026-10-08T18:49:00+02:00,53,dr-robert,407,171,236,58
2026-10-08T16:49:00Z,2026-10-08T18:49:00+02:00,54,placa-vella,297,102,195,65.7
2026-10-08T16:49:00Z,2026-10-08T18:49:00+02:00,55,ajuntament-mercat,237,108,129,54.4
2026-10-08T16:50:00Z,2026-10-08T18:50:00+02:00,53,dr-robert,407,175,232,57
2026-10-08T16:50:00Z,2026-10-08T18:50:00+02:00,54,placa-vella,297,100,197,66.3
2026-10-08T16:50:00Z,2026-10-08T18:50:00+02:00,55,ajuntament-mercat,237,109,128,54
2026-10-08T16:51:00Z,2026-10-08T18:51:00+02:00,53,dr-robert,407,175,232,57
2026-10-08T16:51:00Z,2026-10-08T18:51:00+02:00,54,placa-vella,297,100,197,66.3
2026-10-08T16:51:00Z,2026-10-08T18:51:00+02:00,55,ajuntament-mercat,237,109,128,54
2026-10-08T16:52:00Z,2026-10-08T18:52:00+02:00,53,dr-robert,407,175,232,57
2026-10-08T16:52:00Z,2026-10-08T18:52:00+02:00,54,placa-vella,297,100,197,66.3
2026-10-08T16:52:00Z,2026-10-08T18:52:00+02:00,55,ajuntament-mercat,237,109,128,54
2026-10-08T16:53:00Z,2026-10-08T18:53:00+02:00,53,dr-robert,407,175,232,57
2026-10-08T16:53:00Z,2026-10-08T18:53:00+02:00,54,placa-vella,297,100,197,66.3
2026-10-08T16:53:00Z,2026-10-08T18:53:00+02:00,55,ajuntament-mercat,237,109,128,54
2026-10-08T16:54:00Z,2026-10-08T18:54:00+02:00,53,dr-robert,407,175,232,57
2026-10-08T16:54:00Z,2026-10-08T18:54:00+02:00,54,placa-vella,297,100,197,66.3
2026-10-08T16:54:00Z,2026-10-08T18:54:00+02:00,55,ajuntament-mercat,237,109,128,54
2026-10-08T16:55:00Z,2026-10-08T18:55:00+02:00,53,dr-robert,407,177,230,56.5
2026-10-08T16:55:00Z,2026-10-08T18:55:00+02:00,54,placa-vella,297,99,198,66.7
2026-10-08T16:55:00Z,2026-10-08T18:55:00+02:00,55,ajuntament-mercat,237,109,128,54
2026-10-08T16:56:00Z,2026-10-08T18:56:00+02:00,53,dr-robert,407,177,230,56.5
2026-10-08T16:56:00Z,2026-10-08T18:56:00+02:00,54,placa-vella,297,99,198,66.7
2026-10-08T16:56:00Z,2026-10-08T18:56:00+02:00,55,ajuntament-mercat,237,109,128,54
2026-10-08T16:57:00Z,2026-10-08T18:57:00+02:00,53,dr-robert,407,177,230,56.5
2026-10-08T16:57:00Z,2026-10-08T18:57:00+02:00,54,placa-vella,297,99,198,66.7
2026-10-08T16:57:00Z,2026-10-08T18:57:00+02:00,55,ajuntament-mercat,237,109,128,54
2026-10-08T16:58:00Z,2026-10-08T18:58:00+02:00,53,dr-robert,407,177,230,56.5
2026-10-08T16:58:00Z,2026-10-08T18:58:00+02:00,54,placa-vella,297,99,198,66.7
2026-10-08T16:58:00Z,2026-10-08T18:58:00+02:00,55,ajuntament-mercat,237,109,128,54
2026-10-08T16:59:00Z,2026-10-08T18:59:00+02:00,53,dr-robert,407,177,230,56.5
2026-10-08T16:59:00Z,2026-10-08T18:59:00+02:00,54,placa-vella,297,99,198,66.7
2026-10-08T16:59:00Z,2026-10-08T18:59:00+02:00,55,ajuntament-mercat,237,109,128,54
2026-10-08T17:00:00Z,2026-10-08T19:00:00+02:00,53,dr-robert,407,177,230,56.5
2026-10-08T17:00:00Z,2026-10-08T19:00:00+02:00,54,placa-vella,297,99,198,66.7
2026-10-08T17:00:00Z,2026-10-08T19:00:00+02:00,55,ajuntament-mercat,237,109,128,54
2026-10-08T17:01:00Z,2026-10-08T19:01:00+02:00,53,dr-robert,407,176,231,56.8
2026-10-08T17:01:00Z,2026-10-08T19:01:00+02:00,54,placa-vella,297,90,207,69.7
2026-10-08T17:01:00Z,2026-10-08T19:01:00+02:00,55,ajuntament-mercat,237,111,126,53.2
2026-10-08T17:02:00Z,2026-10-08T19:02:00+02:00,53,dr-robert,407,176,231,56.8
2026-10-08T17:02:00Z,2026-10-08T19:02:00+02:00,54,placa-vella,297,90,207,69.7
2026-10-08T17:02:00Z,2026-10-08T19:02:00+02:00,55,ajuntament-mercat,237,111,126,53.2
2026-10-08T17:03:00Z,2026-10-08T19:03:00+02:00,53,dr-robert,407,176,231,56.8
2026-10-08T17:03:00Z,2026-10-08T19:03:00+02:00,54,placa-vella,297,90,207,69.7
2026-10-08T17:03:00Z,2026-10-08T19:03:00+02:00,55,ajuntament-mercat,237,111,126,53.2
2026-10-08T17:04:00Z,2026-10-08T19:04:00+02:00,53,dr-robert,407,176,231,56.8
2026-10-08T17:04:00Z,2026-10-08T19:04:00+02:00,54,placa-vella,297,90,207,69.7
2026-10-08T17:04:00Z,2026-10-08T19:04:00+02:00,55,ajuntament-mercat,237,111,126,53.2
2026-10-08T17:05:00Z,2026-10-08T19:05:00+02:00,53,dr-robert,407,178,229,56.3
2026-10-08T17:05:00Z,2026-10-08T19:05:00+02:00,54,placa-vella,297,89,208,70
2026-10-08T17:05:00Z,2026-10-08T19:05:00+02:00,55,ajuntament-mercat,237,114,123,51.9
2026-10-08T17:06:00Z,2026-10-08T19:06:00+02:00,53,dr-robert,407,178,229,56.3
2026-10-08T17:06:00Z,2026-10-08T19:06:00+02:00,54,placa-vella,297,89,208,70
2026-10-08T17:06:00Z,2026-10-08T19:06:00+02:00,55,ajuntament-mercat,237,114,123,51.9
2026-10-08T17:07:00Z,2026-10-08T19:07:00+02:00,53,dr-robert,407,178,229,56.3
2026-10-08T17:07:00Z,2026-10-08T19:07:00+02:00,54,placa-vella,297,89,208,70
2026-10-08T17:07:00Z,2026-10-08T19:07:00+02:00,55,ajuntament-mercat,237,114,123,51.9
2026-10-08T17:08:00Z,2026-10-08T19:08:00+02:00,53,dr-robert,407,178,229,56.3
2026-10-08T17:08:00Z,2026-10-08T19:08:00+02:00,54,placa-vella,297,89,208,70
2026-10-08T17:08:00Z,2026-10-08T19:08:00+02:00,55,ajuntament-mercat,237,114,123,51.9
2026-10-08T17:09:00Z,2026-10-08T19:09:00+02:00,53,dr-robert,407,178,229,56.3
2026-10-08T17:09:00Z,2026-10-08T19:09:00+02:00,54,placa-vella,297,89,208,70
2026-10-08T17:09:00Z,2026-10-08T19:09:00+02:00,55,ajuntament-mercat,237,114,123,51.9
2026-10-08T17:10:00Z,2026-10-08T19:10:00+02:00,53,dr-robert,407,182,225,55.3
2026-10-08T17:10:00Z,2026-10-08T19:10:00+02:00,54,placa-vella,297,95,202,68
2026-10-08T17:10:00Z,2026-10-08T19:10:00+02:00,55,ajuntament-mercat,237,113,124,52.3
2026-10-08T17:11:00Z,2026-10-08T19:11:00+02:00,53,dr-robert,407,182,225,55.3
2026-10-08T17:11:00Z,2026-10-08T19:11:00+02:00,54,placa-vella,297,95,202,68
2026-10-08T17:11:00Z,2026-10-08T19:11:00+02:00,55,ajuntament-mercat,237,113,124,52.3
2026-10-08T17:12:00Z,2026-10-08T19:12:00+02:00,53,dr-robert,407,182,225,55.3
2026-10-08T17:12:00Z,2026-10-08T19:12:00+02:00,54,placa-vella,297,95,202,68
2026-10-08T17:12:00Z,2026-10-08T19:12:00+02:00,55,ajuntament-mercat,237,113,124,52.3
2026-10-08T17:13:00Z,2026-10-08T19:13:00+02:00,53,dr-robert,407,182,225,55.3
2026-10-08T17:13:00Z,2026-10-08T19:13:00+02:00,54,placa-vella,297,95,202,68
2026-10-08T17:13:00Z,2026-10-08T19:13:00+02:00,55,ajuntament-mercat,237,113,124,52.3
2026-10-08T17:14:00Z,2026-10-08T19:14:00+02:00,53,dr-robert,407,182,225,55.3
2026-10-08T17:14:00Z,2026-10-08T19:14:00+02:00,54,placa-vella,297,95,202,68
2026-10-08T17:14:00Z,2026-10-08T19:14:00+02:00,55,ajuntament-mercat,237,113,124,52.3
2026-10-08T17:15:00Z,2026-10-08T19:15:00+02:00,53,dr-robert,407,187,220,54.1
2026-10-08T17:15:00Z,2026-10-08T19:15:00+02:00,54,placa-vella,297,95,202,68
2026-10-08T17:15:00Z,2026-10-08T19:15:00+02:00,55,ajuntament-mercat,237,117,120,50.6
2026-10-08T17:16:00Z,2026-10-08T19:16:00+02:00,53,dr-robert,407,187,220,54.1
2026-10-08T17:16:00Z,2026-10-08T19:16:00+02:00,54,placa-vella,297,95,202,68
2026-10-08T17:16:00Z,2026-10-08T19:16:00+02:00,55,ajuntament-mercat,237,117,120,50.6
2026-10-08T17:17:00Z,2026-10-08T19:17:00+02:00,53,dr-robert,407,187,220,54.1
2026-10-08T17:17:00Z,2026-10-08T19:17:00+02:00,54,placa-vella,297,95,202,68
2026-10-08T17:17:00Z,2026-10-08T19:17:00+02:00,55,ajuntament-mercat,237,117,120,50.6
2026-10-08T17:18:00Z,2026-10-08T19:18:00+02:00,53,dr-robert,407,187,220,54.1
2026-10-08T17:18:00Z,2026-10-08T19:18:00+02:00,54,placa-vella,297,95,202,68
2026-10-08T17:18:00Z,2026-10-08T19:18:00+02:00,55,ajuntament-mercat,237,117,120,50.6
2026-10-08T17:19:00Z,2026-10-08T19:19:00+02:00,53,dr-robert,407,187,220,54.1
2026-10-08T17:19:00Z,2026-10-08T19:19:00+02:00,54,placa-vella,297,95,202,68
2026-10-08T17:19:00Z,2026-10-08T19:19:00+02:00,55,ajuntament-mercat,237,117,120,50.6
2026-10-08T17:20:00Z,2026-10-08T19:20:00+02:00,53,dr-robert,407,191,216,53.1
2026-10-08T17:20:00Z,2026-10-08T19:20:00+02:00,54,placa-vella,297,98,199,67
2026-10-08T17:20:00Z,2026-10-08T19:20:00+02:00,55,ajuntament-mercat,237,119,118,49.8
2026-10-08T17:21:00Z,2026-10-08T19:21:00+02:00,53,dr-robert,407,191,216,53.1
2026-10-08T17:21:00Z,2026-10-08T19:21:00+02:00,54,placa-vella,297,98,199,67
2026-10-08T17:21:00Z,2026-10-08T19:21:00+02:00,55,ajuntament-mercat,237,119,118,49.8
2026-10-08T17:22:00Z,2026-10-08T19:22:00+02:00,53,dr-robert,407,191,216,53.1
2026-10-08T17:22:00Z,2026-10-08T19:22:00+02:00,54,placa-vella,297,98,199,67
2026-10-08T17:22:00Z,2026-10-08T19:22:00+02:00,55,ajuntament-mercat,237,119,118,49.8
2026-10-08T17:23:00Z,2026-10-08T19:23:00+02:00,53,dr-robert,407,191,216,53.1
2026-10-08T17:23:00Z,2026-10-08T19:23:00+02:00,54,placa-vella,297,98,199,67
2026-10-08T17:23:00Z,2026-10-08T19:23:00+02:00,55,ajuntament-mercat,237,119,118,49.8
2026-10-08T17:24:00Z,2026-10-08T19:24:00+02:00,53,dr-robert,407,191,216,53.1
2026-10-08T17:24:00Z,2026-10-08T19:24:00+02:00,54,placa-vella,297,98,199,67
2026-10-08T17:24:00Z,2026-10-08T19:24:00+02:00,55,ajuntament-mercat,237,119,118,49.8
2026-10-08T17:25:00Z,2026-10-08T19:25:00+02:00,53,dr-robert,407,206,201,49.4
2026-10-08T17:25:00Z,2026-10-08T19:25:00+02:00,54,placa-vella,297,99,198,66.7
2026-10-08T17:25:00Z,2026-10-08T19:25:00+02:00,55,ajuntament-mercat,237,119,118,49.8
2026-10-08T17:26:00Z,2026-10-08T19:26:00+02:00,53,dr-robert,407,206,201,49.4
2026-10-08T17:26:00Z,2026-10-08T19:26:00+02:00,54,placa-vella,297,99,198,66.7
2026-10-08T17:26:00Z,2026-10-08T19:26:00+02:00,55,ajuntament-mercat,237,119,118,49.8
2026-10-08T17:27:00Z,2026-10-08T19:27:00+02:00,53,dr-robert,407,206,201,49.4
2026-10-08T17:27:00Z,2026-10-08T19:27:00+02:00,54,placa-vella,297,99,198,66.7
2026-10-08T17:27:00Z,2026-10-08T19:27:00+02:00,55,ajuntament-mercat,237,119,118,49.8
2026-10-08T17:28:00Z,2026-10-08T19:28:00+02:00,53,dr-robert,407,206,201,49.4
2026-10-08T17:28:00Z,2026-10-08T19:28:00+02:00,54,placa-vella,297,99,198,66.7
2026-10-08T17:28:00Z,2026-10-08T19:28:00+02:00,55,ajuntament-mercat,237,119,118,49.8
2026-10-08T17:29:00Z,2026-10-08T19:29:00+02:00,53,dr-robert,407,206,201,49.4
2026-10-08T17:29:00Z,2026-10-08T19:29:00+02:00,54,placa-vella,297,99,198,66.7
2026-10-08T17:29:00Z,2026-10-08T19:29:00+02:00,55,ajuntament-mercat,237,119,118,49.8
2026-10-08T17:30:00Z,2026-10-08T19:30:00+02:00,53,dr-robert,407,210,197,48.4
2026-10-08T17:30:00Z,2026-10-08T19:30:00+02:00,54,placa-vella,297,106,191,64.3
2026-10-08T17:30:00Z,2026-10-08T19:30:00+02:00,55,ajuntament-mercat,237,123,114,48.1
2026-10-08T17:31:00Z,2026-10-08T19:31:00+02:00,53,dr-robert,407,210,197,48.4
2026-10-08T17:31:00Z,2026-10-08T19:31:00+02:00,54,placa-vella,297,106,191,64.3
2026-10-08T17:31:00Z,2026-10-08T19:31:00+02:00,55,ajuntament-mercat,237,123,114,48.1
2026-10-08T17:32:00Z,2026-10-08T19:32:00+02:00,53,dr-robert,407,210,197,48.4
2026-10-08T17:32:00Z,2026-10-08T19:32:00+02:00,54,placa-vella,297,106,191,64.3
2026-10-08T17:32:00Z,2026-10-08T19:32:00+02:00,55,ajuntament-mercat,237,123,114,48.1
2026-10-08T17:33:00Z,2026-10-08T19:33:00+02:00,53,dr-robert,407,210,197,48.4
2026-10-08T17:33:00Z,2026-10-08T19:33:00+02:00,54,placa-vella,297,106,191,64.3
2026-10-08T17:33:00Z,2026-10-08T19:33:00+02:00,55,ajuntament-mercat,237,123,114,48.1
2026-10-08T17:34:00Z,2026-10-08T19:34:00+02:00,53,dr-robert,407,210,197,48.4
2026-10-08T17:34:00Z,2026-10-08T19:34:00+02:00,54,placa-vella,297,106,191,64.3
2026-10-08T17:34:00Z,2026-10-08T19:34:00+02:00,55,ajuntament-mercat,237,123,114,48.1
2026-10-08T17:35:00Z,2026-10-08T19:35:00+02:00,53,dr-robert,407,211,196,48.2
2026-10-08T17:35:00Z,2026-10-08T19:35:00+02:00,54,placa-vella,297,109,188,63.3
2026-10-08T17:35:00Z,2026-10-08T19:35:00+02:00,55,ajuntament-mercat,237,132,105,44.3
2026-10-08T17:36:00Z,2026-10-08T19:36:00+02:00,53,dr-robert,407,211,196,48.2
2026-10-08T17:36:00Z,2026-10-08T19:36:00+02:00,54,placa-vella,297,109,188,63.3
2026-10-08T17:36:00Z,2026-10-08T19:36:00+02:00,55,ajuntament-mercat,237,132,105,44.3
2026-10-08T17:37:00Z,2026-10-08T19:37:00+02:00,53,dr-robert,407,211,196,48.2
2026-10-08T17:37:00Z,2026-10-08T19:37:00+02:00,54,placa-vella,297,109,188,63.3
2026-10-08T17:37:00Z,2026-10-08T19:37:00+02:00,55,ajuntament-mercat,237,132,105,44.3
2026-10-08T17:38:00Z,2026-10-08T19:38:00+02:00,53,dr-robert,407,211,196,48.2
2026-10-08T17:38:00Z,2026-10-08T19:38:00+02:00,54,placa-vella,297,109,188,63.3
2026-10-08T17:38:00Z,2026-10-08T19:38:00+02:00,55,ajuntament-mercat,237,132,105,44.3
2026-10-08T17:39:00Z,2026-10-08T19:39:00+02:00,53,dr-robert,407,211,196,48.2
2026-10-08T17:39:00Z,2026-10-08T19:39:00+02:00,54,placa-vella,297,109,188,63.3
2026-10-08T17:39:00Z,2026-10-08T19:39:00+02:00,55,ajuntament-mercat,237,132,105,44.3
2026-10-08T17:40:00Z,2026-10-08T19:40:00+02:00,53,dr-robert,407,214,193,47.4
2026-10-08T17:40:00Z,2026-10-08T19:40:00+02:00,54,placa-vella,297,105,192,64.6
2026-10-08T17:40:00Z,2026-10-08T19:40:00+02:00,55,ajuntament-mercat,237,134,103,43.5
2026-10-08T17:41:00Z,2026-10-08T19:41:00+02:00,53,dr-robert,407,214,193,47.4
2026-10-08T17:41:00Z,2026-10-08T19:41:00+02:00,54,placa-vella,297,105,192,64.6
2026-10-08T17:41:00Z,2026-10-08T19:41:00+02:00,55,ajuntament-mercat,237,134,103,43.5
2026-10-08T17:42:00Z,2026-10-08T19:42:00+02:00,53,dr-robert,407,214,193,47.4
2026-10-08T17:42:00Z,2026-10-08T19:42:00+02:00,54,placa-vella,297,105,192,64.6
2026-10-08T17:42:00Z,2026-10-08T19:42:00+02:00,55,ajuntament-mercat,237,134,103,43.5
2026-10-08T17:43:00Z,2026-10-08T19:43:00+02:00,53,dr-robert,407,214,193,47.4
2026-10-08T17:43:00Z,2026-10-08T19:43:00+02:00,54,placa-vella,297,105,192,64.6
2026-10-08T17:43:00Z,2026-10-08T19:43:00+02:00,55,ajuntament-mercat,237,134,103,43.5
2026-10-08T17:44:00Z,2026-10-08T19:44:00+02:00,53,dr-robert,407,214,193,47.4
2026-10-08T17:44:00Z,2026-10-08T19:44:00+02:00,54,placa-vella,297,105,192,64.6
2026-10-08T17:44:00Z,2026-10-08T19:44:00+02:00,55,ajuntament-mercat,237,134,103,43.5
2026-10-08T17:45:00Z,2026-10-08T19:45:00+02:00,53,dr-robert,407,218,189,46.4
2026-10-08T17:45:00Z,2026-10-08T19:45:00+02:00,54,placa-vella,297,104,193,65
2026-10-08T17:45:00Z,2026-10-08T19:45:00+02:00,55,ajuntament-mercat,237,141,96,40.5
2026-10-08T17:46:00Z,2026-10-08T19:46:00+02:00,53,dr-robert,407,218,189,46.4
2026-10-08T17:46:00Z,2026-10-08T19:46:00+02:00,54,placa-vella,297,104,193,65
2026-10-08T17:46:00Z,2026-10-08T19:46:00+02:00,55,ajuntament-mercat,237,141,96,40.5
2026-10-08T17:47:00Z,2026-10-08T19:47:00+02:00,53,dr-robert,407,218,189,46.4
2026-10-08T17:47:00Z,2026-10-08T19:47:00+02:00,54,placa-vella,297,104,193,65
2026-10-08T17:47:00Z,2026-10-08T19:47:00+02:00,55,ajuntament-mercat,237,141,96,40.5
2026-10-08T17:48:00Z,2026-10-08T19:48:00+02:00,53,dr-robert,407,218,189,46.4
2026-10-08T17:48:00Z,2026-10-08T19:48:00+02:00,54,placa-vella,297,104,193,65
2026-10-08T17:48:00Z,2026-10-08T19:48:00+02:00,55,ajuntament-mercat,237,141,96,40.5
2026-10-08T17:49:00Z,2026-10-08T19:49:00+02:00,53,dr-robert,407,218,189,46.4
2026-10-08T17:49:00Z,2026-10-08T19:49:00+02:00,54,placa-vella,297,104,193,65
2026-10-08T17:49:00Z,2026-10-08T19:49:00+02:00,55,ajuntament-mercat,237,141,96,40.5
2026-10-08T17:50:00Z,2026-10-08T19:50:00+02:00,53,dr-robert,407,219,188,46.2
2026-10-08T17:50:00Z,2026-10-08T19:50:00+02:00,54,placa-vella,297,106,191,64.3
2026-10-08T17:50:00Z,2026-10-08T19:50:00+02:00,55,ajuntament-mercat,237,147,90,38
2026-10-08T17:51:00Z,2026-10-08T19:51:00+02:00,53,dr-robert,407,219,188,46.2
2026-10-08T17:51:00Z,2026-10-08T19:51:00+02:00,54,placa-vella,297,106,191,64.3
2026-10-08T17:51:00Z,2026-10-08T19:51:00+02:00,55,ajuntament-mercat,237,147,90,38
2026-10-08T17:52:00Z,2026-10-08T19:52:00+02:00,53,dr-robert,407,219,188,46.2
2026-10-08T17:52:00Z,2026-10-08T19:52:00+02:00,54,placa-vella,297,106,191,64.3
2026-10-08T17:52:00Z,2026-10-08T19:52:00+02:00,55,ajuntament-mercat,237,147,90,38
2026-10-08T17:53:00Z,2026-10-08T19:53:00+02:00,53,dr-robert,407,219,188,46.2
2026-10-08T17:53:00Z,2026-10-08T19:53:00+02:00,54,placa-vella,297,106,191,64.3
2026-10-08T17:53:00Z,2026-10-08T19:53:00+02:00,55,ajuntament-mercat,237,147,90,38
2026-10-08T17:54:00Z,2026-10-08T19:54:00+02:00,53,dr-robert,407,219,188,46.2
2026-10-08T17:54:00Z,2026-10-08T19:54:00+02:00,54,placa-vella,297,106,191,64.3
2026-10-08T17:54:00Z,2026-10-08T19:54:00+02:00,55,ajuntament-mercat,237,147,90,38
2026-10-08T17:55:00Z,2026-10-08T19:55:00+02:00,53,dr-robert,407,225,182,44.7
2026-10-08T17:55:00Z,2026-10-08T19:55:00+02:00,54,placa-vella,297,109,188,63.3
2026-10-08T17:55:00Z,2026-10-08T19:55:00+02:00,55,ajuntament-mercat,237,152,85,35.9
2026-10-08T17:56:00Z,2026-10-08T19:56:00+02:00,53,dr-robert,407,225,182,44.7
2026-10-08T17:56:00Z,2026-10-08T19:56:00+02:00,54,placa-vella,297,109,188,63.3
2026-10-08T17:56:00Z,2026-10-08T19:56:00+02:00,55,ajuntament-mercat,237,152,85,35.9
2026-10-08T17:57:00Z,2026-10-08T19:57:00+02:00,53,dr-robert,407,225,182,44.7
2026-10-08T17:57:00Z,2026-10-08T19:57:00+02:00,54,placa-vella,297,109,188,63.3
2026-10-08T17:57:00Z,2026-10-08T19:57:00+02:00,55,ajuntament-mercat,237,152,85,35.9
2026-10-08T17:58:00Z,2026-10-08T19:58:00+02:00,53,dr-robert,407,225,182,44.7
2026-10-08T17:58:00Z,2026-10-08T19:58:00+02:00,54,placa-vella,297,109,188,63.3
2026-10-08T17:58:00Z,2026-10-08T19:58:00+02:00,55,ajuntament-mercat,237,152,85,35.9
2026-10-08T17:59:00Z,2026-10-08T19:59:00+02:00,53,dr-robert,407,225,182,44.7
2026-10-08T17:59:00Z,2026-10-08T19:59:00+02:00,54,placa-vella,297,109,188,63.3
2026-10-08T17:59:00Z,2026-10-08T19:59:00+02:00,55,ajuntament-mercat,237,152,85,35.9
2026-10-08T18:00:00Z,2026-10-08T20:00:00+02:00,53,dr-robert,407,225,182,44.7
2026-10-08T18:00:00Z,2026-10-08T20:00:00+02:00,54,placa-vella,297,109,188,63.3
2026-10-08T18:00:00Z,2026-10-08T20:00:00+02:00,55,ajuntament-mercat,237,152,85,35.9
2026-10-08T18:01:00Z,2026-10-08T20:01:00+02:00,53,dr-robert,407,233,174,42.8
2026-10-08T18:01:00Z,2026-10-08T20:01:00+02:00,54,placa-vella,297,127,170,57.2
2026-10-08T18:01:00Z,2026-10-08T20:01:00+02:00,55,ajuntament-mercat,237,155,82,34.6
2026-10-08T18:02:00Z,2026-10-08T20:02:00+02:00,53,dr-robert,407,233,174,42.8
2026-10-08T18:02:00Z,2026-10-08T20:02:00+02:00,54,placa-vella,297,127,170,57.2
2026-10-08T18:02:00Z,2026-10-08T20:02:00+02:00,55,ajuntament-mercat,237,155,82,34.6
2026-10-08T18:03:00Z,2026-10-08T20:03:00+02:00,53,dr-robert,407,233,174,42.8
2026-10-08T18:03:00Z,2026-10-08T20:03:00+02:00,54,placa-vella,297,127,170,57.2
2026-10-08T18:03:00Z,2026-10-08T20:03:00+02:00,55,ajuntament-mercat,237,155,82,34.6
2026-10-08T18:04:00Z,2026-10-08T20:04:00+02:00,53,dr-robert,407,233,174,42.8
2026-10-08T18:04:00Z,2026-10-08T20:04:00+02:00,54,placa-vella,297,127,170,57.2
2026-10-08T18:04:00Z,2026-10-08T20:04:00+02:00,55,ajuntament-mercat,237,155,82,34.6
2026-10-08T18:05:00Z,2026-10-08T20:05:00+02:00,53,dr-robert,407,236,171,42
2026-10-08T18:05:00Z,2026-10-08T20:05:00+02:00,54,placa-vella,297,135,162,54.5
2026-10-08T18:05:00Z,2026-10-08T20:05:00+02:00,55,ajuntament-mercat,237,154,83,35
2026-10-08T18:06:00Z,2026-10-08T20:06:00+02:00,53,dr-robert,407,236,171,42
2026-10-08T18:06:00Z,2026-10-08T20:06:00+02:00,54,placa-vella,297,135,162,54.5
2026-10-08T18:06:00Z,2026-10-08T20:06:00+02:00,55,ajuntament-mercat,237,154,83,35
2026-10-08T18:07:00Z,2026-10-08T20:07:00+02:00,53,dr-robert,407,236,171,42
2026-10-08T18:07:00Z,2026-10-08T20:07:00+02:00,54,placa-vella,297,135,162,54.5
2026-10-08T18:07:00Z,2026-10-08T20:07:00+02:00,55,ajuntament-mercat,237,154,83,35
2026-10-08T18:08:00Z,2026-10-08T20:08:00+02:00,53,dr-robert,407,236,171,42
2026-10-08T18:08:00Z,2026-10-08T20:08:00+02:00,54,placa-vella,297,135,162,54.5
2026-10-08T18:08:00Z,2026-10-08T20:08:00+02:00,55,ajuntament-mercat,237,154,83,35
2026-10-08T18:09:00Z,2026-10-08T20:09:00+02:00,53,dr-robert,407,236,171,42
2026-10-08T18:09:00Z,2026-10-08T20:09:00+02:00,54,placa-vella,297,135,162,54.5
2026-10-08T18:09:00Z,2026-10-08T20:09:00+02:00,55,ajuntament-mercat,237,154,83,35
2026-10-08T18:10:00Z,2026-10-08T20:10:00+02:00,53,dr-robert,407,240,167,41
2026-10-08T18:10:00Z,2026-10-08T20:10:00+02:00,54,placa-vella,297,142,155,52.2
2026-10-08T18:10:00Z,2026-10-08T20:10:00+02:00,55,ajuntament-mercat,237,159,78,32.9
2026-10-08T18:11:00Z,2026-10-08T20:11:00+02:00,53,dr-robert,407,240,167,41
2026-10-08T18:11:00Z,2026-10-08T20:11:00+02:00,54,placa-vella,297,142,155,52.2
2026-10-08T18:11:00Z,2026-10-08T20:11:00+02:00,55,ajuntament-mercat,237,159,78,32.9
2026-10-08T18:12:00Z,2026-10-08T20:12:00+02:00,53,dr-robert,407,240,167,41
2026-10-08T18:12:00Z,2026-10-08T20:12:00+02:00,54,placa-vella,297,142,155,52.2
2026-10-08T18:12:00Z,2026-10-08T20:12:00+02:00,55,ajuntament-mercat,237,159,78,32.9
2026-10-08T18:13:00Z,2026-10-08T20:13:00+02:00,53,dr-robert,407,240,167,41
2026-10-08T18:13:00Z,2026-10-08T20:13:00+02:00,54,placa-vella,297,142,155,52.2
2026-10-08T18:13:00Z,2026-10-08T20:13:00+02:00,55,ajuntament-mercat,237,159,78,32.9
2026-10-08T18:14:00Z,2026-10-08T20:14:00+02:00,53,dr-robert,407,240,167,41
2026-10-08T18:14:00Z,2026-10-08T20:14:00+02:00,54,placa-vella,297,142,155,52.2
2026-10-08T18:14:00Z,2026-10-08T20:14:00+02:00,55,ajuntament-mercat,237,159,78,32.9
2026-10-08T18:15:00Z,2026-10-08T20:15:00+02:00,53,dr-robert,407,247,160,39.3
2026-10-08T18:15:00Z,2026-10-08T20:15:00+02:00,54,placa-vella,297,147,150,50.5
2026-10-08T18:15:00Z,2026-10-08T20:15:00+02:00,55,ajuntament-mercat,237,168,69,29.1
2026-10-08T18:16:00Z,2026-10-08T20:16:00+02:00,53,dr-robert,407,247,160,39.3
2026-10-08T18:16:00Z,2026-10-08T20:16:00+02:00,54,placa-vella,297,147,150,50.5
2026-10-08T18:16:00Z,2026-10-08T20:16:00+02:00,55,ajuntament-mercat,237,168,69,29.1
2026-10-08T18:17:00Z,2026-10-08T20:17:00+02:00,53,dr-robert,407,247,160,39.3
2026-10-08T18:17:00Z,2026-10-08T20:17:00+02:00,54,placa-vella,297,147,150,50.5
2026-10-08T18:17:00Z,2026-10-08T20:17:00+02:00,55,ajuntament-mercat,237,168,69,29.1
2026-10-08T18:18:00Z,2026-10-08T20:18:00+02:00,53,dr-robert,407,247,160,39.3
2026-10-08T18:18:00Z,2026-10-08T20:18:00+02:00,54,placa-vella,297,147,150,50.5
2026-10-08T18:18:00Z,2026-10-08T20:18:00+02:00,55,ajuntament-mercat,237,168,69,29.1
2026-10-08T18:19:00Z,2026-10-08T20:19:00+02:00,53,dr-robert,407,247,160,39.3
2026-10-08T18:19:00Z,2026-10-08T20:19:00+02:00,54,placa-vella,297,147,150,50.5
2026-10-08T18:19:00Z,2026-10-08T20:19:00+02:00,55,ajuntament-mercat,237,168,69,29.1
2026-10-08T18:20:00Z,2026-10-08T20:20:00+02:00,53,dr-robert,407,254,153,37.6
2026-10-08T18:20:00Z,2026-10-08T20:20:00+02:00,54,placa-vella,297,154,143,48.1
2026-10-08T18:20:00Z,2026-10-08T20:20:00+02:00,55,ajuntament-mercat,237,173,64,27
2026-10-08T18:21:00Z,2026-10-08T20:21:00+02:00,53,dr-robert,407,254,153,37.6
2026-10-08T18:21:00Z,2026-10-08T20:21:00+02:00,54,placa-vella,297,154,143,48.1
2026-10-08T18:21:00Z,2026-10-08T20:21:00+02:00,55,ajuntament-mercat,237,173,64,27
2026-10-08T18:22:00Z,2026-10-08T20:22:00+02:00,53,dr-robert,407,254,153,37.6
2026-10-08T18:22:00Z,2026-10-08T20:22:00+02:00,54,placa-vella,297,154,143,48.1
2026-10-08T18:22:00Z,2026-10-08T20:22:00+02:00,55,ajuntament-mercat,237,173,64,27
2026-10-08T18:23:00Z,2026-10-08T20:23:00+02:00,53,dr-robert,407,254,153,37.6
2026-10-08T18:23:00Z,2026-10-08T20:23:00+02:00,54,placa-vella,297,154,143,48.1
2026-10-08T18:23:00Z,2026-10-08T20:23:00+02:00,55,ajuntament-mercat,237,173,64,27
2026-10-08T18:24:00Z,2026-10-08T20:24:00+02:00,53,dr-robert,407,254,153,37.6
2026-10-08T18:24:00Z,2026-10-08T20:24:00+02:00,54,placa-vella,297,154,143,48.1
2026-10-08T18:24:00Z,2026-10-08T20:24:00+02:00,55,ajuntament-mercat,237,173,64,27
2026-10-08T18:25:00Z,2026-10-08T20:25:00+02:00,53,dr-robert,407,253,154,37.8
2026-10-08T18:25:00Z,2026-10-08T20:25:00+02:00,54,placa-vella,297,162,135,45.5
2026-10-08T18:25:00Z,2026-10-08T20:25:00+02:00,55,ajuntament-mercat,237,172,65,27.4
2026-10-08T18:26:00Z,2026-10-08T20:26:00+02:00,53,dr-robert,407,253,154,37.8
2026-10-08T18:26:00Z,2026-10-08T20:26:00+02:00,54,placa-vella,297,162,135,45.5
2026-10-08T18:26:00Z,2026-10-08T20:26:00+02:00,55,ajuntament-mercat,237,172,65,27.4
2026-10-08T18:27:00Z,2026-10-08T20:27:00+02:00,53,dr-robert,407,253,154,37.8
2026-10-08T18:27:00Z,2026-10-08T20:27:00+02:00,54,placa-vella,297,162,135,45.5
2026-10-08T18:27:00Z,2026-10-08T20:27:00+02:00,55,ajuntament-mercat,237,172,65,27.4
2026-10-08T18:28:00Z,2026-10-08T20:28:00+02:00,53,dr-robert,407,253,154,37.8
2026-10-08T18:28:00Z,2026-10-08T20:28:00+02:00,54,placa-vella,297,162,135,45.5
2026-10-08T18:28:00Z,2026-10-08T20:28:00+02:00,55,ajuntament-mercat,237,172,65,27.4
2026-10-08T18:29:00Z,2026-10-08T20:29:00+02:00,53,dr-robert,407,253,154,37.8
2026-10-08T18:29:00Z,2026-10-08T20:29:00+02:00,54,placa-vella,297,162,135,45.5
2026-10-08T18:29:00Z,2026-10-08T20:29:00+02:00,55,ajuntament-mercat,237,172,65,27.4
2026-10-08T18:30:00Z,2026-10-08T20:30:00+02:00,53,dr-robert,407,250,157,38.6
2026-10-08T18:30:00Z,2026-10-08T20:30:00+02:00,54,placa-vella,297,163,134,45.1
2026-10-08T18:30:00Z,2026-10-08T20:30:00+02:00,55,ajuntament-mercat,237,174,63,26.6
2026-10-08T18:31:00Z,2026-10-08T20:31:00+02:00,53,dr-robert,407,250,157,38.6
2026-10-08T18:31:00Z,2026-10-08T20:31:00+02:00,54,placa-vella,297,163,134,45.1
2026-10-08T18:31:00Z,2026-10-08T20:31:00+02:00,55,ajuntament-mercat,237,174,63,26.6
2026-10-08T18:32:00Z,2026-10-08T20:32:00+02:00,53,dr-robert,407,250,157,38.6
2026-10-08T18:32:00Z,2026-10-08T20:32:00+02:00,54,placa-vella,297,163,134,45.1
2026-10-08T18:32:00Z,2026-10-08T20:32:00+02:00,55,ajuntament-mercat,237,174,63,26.6
2026-10-08T18:33:00Z,2026-10-08T20:33:00+02:00,53,dr-robert,407,250,157,38.6
2026-10-08T18:33:00Z,2026-10-08T20:33:00+02:00,54,placa-vella,297,163,134,45.1
2026-10-08T18:33:00Z,2026-10-08T20:33:00+02:00,55,ajuntament-mercat,237,174,63,26.6
2026-10-08T18:34:00Z,2026-10-08T20:34:00+02:00,53,dr-robert,407,250,157,38.6
2026-10-08T18:34:00Z,2026-10-08T20:34:00+02:00,54,placa-vella,297,163,134,45.1
2026-10-08T18:34:00Z,2026-10-08T20:34:00+02:00,55,ajuntament-mercat,237,174,63,26.6
2026-10-08T18:35:00Z,2026-10-08T20:35:00+02:00,53,dr-robert,407,257,150,36.9
2026-10-08T18:35:00Z,2026-10-08T20:35:00+02:00,54,placa-vella,297,165,132,44.4
2026-10-08T18:35:00Z,2026-10-08T20:35:00+02:00,55,ajuntament-mercat,237,173,64,27
2026-10-08T18:36:00Z,2026-10-08T20:36:00+02:00,53,dr-robert,407,257,150,36.9
2026-10-08T18:36:00Z,2026-10-08T20:36:00+02:00,54,placa-vella,297,165,132,44.4
2026-10-08T18:36:00Z,2026-10-08T20:36:00+02:00,55,ajuntament-mercat,237,173,64,27
2026-10-08T18:37:00Z,2026-10-08T20:37:00+02:00,53,dr-robert,407,257,150,36.9
2026-10-08T18:37:00Z,2026-10-08T20:37:00+02:00,54,placa-vella,297,165,132,44.4
2026-10-08T18:37:00Z,2026-10-08T20:37:00+02:00,55,ajuntament-mercat,237,173,64,27
2026-10-08T18:38:00Z,2026-10-08T20:38:00+02:00,53,dr-robert,407,257,150,36.9
2026-10-08T18:38:00Z,2026-10-08T20:38:00+02:00,54,placa-vella,297,165,132,44.4
2026-10-08T18:38:00Z,2026-10-08T20:38:00+02:00,55,ajuntament-mercat,237,173,64,27
2026-10-08T18:39:00Z,2026-10-08T20:39:00+02:00,53,dr-robert,407,257,150,36.9
2026-10-08T18:39:00Z,2026-10-08T20:39:00+02:00,54,placa-vella,297,165,132,44.4
2026-10-08T18:39:00Z,2026-10-08T20:39:00+02:00,55,ajuntament-mercat,237,173,64,27
2026-10-08T18:40:00Z,2026-10-08T20:40:00+02:00,53,dr-robert,407,264,143,35.1
2026-10-08T18:40:00Z,2026-10-08T20:40:00+02:00,54,placa-vella,297,170,127,42.8
2026-10-08T18:40:00Z,2026-10-08T20:40:00+02:00,55,ajuntament-mercat,237,172,65,27.4
2026-10-08T18:41:00Z,2026-10-08T20:41:00+02:00,53,dr-robert,407,264,143,35.1
2026-10-08T18:41:00Z,2026-10-08T20:41:00+02:00,54,placa-vella,297,170,127,42.8
2026-10-08T18:41:00Z,2026-10-08T20:41:00+02:00,55,ajuntament-mercat,237,172,65,27.4
2026-10-08T18:42:00Z,2026-10-08T20:42:00+02:00,53,dr-robert,407,264,143,35.1
2026-10-08T18:42:00Z,2026-10-08T20:42:00+02:00,54,placa-vella,297,170,127,42.8
2026-10-08T18:42:00Z,2026-10-08T20:42:00+02:00,55,ajuntament-mercat,237,172,65,27.4
2026-10-08T18:43:00Z,2026-10-08T20:43:00+02:00,53,dr-robert,407,264,143,35.1
2026-10-08T18:43:00Z,2026-10-08T20:43:00+02:00,54,placa-vella,297,170,127,42.8
2026-10-08T18:43:00Z,2026-10-08T20:43:00+02:00,55,ajuntament-mercat,237,172,65,27.4
2026-10-08T18:44:00Z,2026-10-08T20:44:00+02:00,53,dr-robert,407,264,143,35.1
2026-10-08T18:44:00Z,2026-10-08T20:44:00+02:00,54,placa-vella,297,170,127,42.8
2026-10-08T18:44:00Z,2026-10-08T20:44:00+02:00,55,ajuntament-mercat,237,172,65,27.4
2026-10-08T18:45:00Z,2026-10-08T20:45:00+02:00,53,dr-robert,407,269,138,33.9
2026-10-08T18:45:00Z,2026-10-08T20:45:00+02:00,54,placa-vella,297,169,128,43.1
2026-10-08T18:45:00Z,2026-10-08T20:45:00+02:00,55,ajuntament-mercat,237,173,64,27
2026-10-08T18:46:00Z,2026-10-08T20:46:00+02:00,53,dr-robert,407,269,138,33.9
2026-10-08T18:46:00Z,2026-10-08T20:46:00+02:00,54,placa-vella,297,169,128,43.1
2026-10-08T18:46:00Z,2026-10-08T20:46:00+02:00,55,ajuntament-mercat,237,173,64,27
2026-10-08T18:47:00Z,2026-10-08T20:47:00+02:00,53,dr-robert,407,269,138,33.9
2026-10-08T18:47:00Z,2026-10-08T20:47:00+02:00,54,placa-vella,297,169,128,43.1
2026-10-08T18:47:00Z,2026-10-08T20:47:00+02:00,55,ajuntament-mercat,237,173,64,27
2026-10-08T18:48:00Z,2026-10-08T20:48:00+02:00,53,dr-robert,407,269,138,33.9
2026-10-08T18:48:00Z,2026-10-08T20:48:00+02:00,54,placa-vella,297,169,128,43.1
2026-10-08T18:48:00Z,2026-10-08T20:48:00+02:00,55,ajuntament-mercat,237,173,64,27
2026-10-08T18:49:00Z,2026-10-08T20:49:00+02:00,53,dr-robert,407,269,138,33.9
2026-10-08T18:49:00Z,2026-10-08T20:49:00+02:00,54,placa-vella,297,169,128,43.1
2026-10-08T18:49:00Z,2026-10-08T20:49:00+02:00,55,ajuntament-mercat,237,173,64,27
2026-10-08T18:50:00Z,2026-10-08T20:50:00+02:00,53,dr-robert,407,271,136,33.4
2026-10-08T18:50:00Z,2026-10-08T20:50:00+02:00,54,placa-vella,297,173,124,41.8
2026-10-08T18:50:00Z,2026-10-08T20:50:00+02:00,55,ajuntament-mercat,237,172,65,27.4
2026-10-08T18:51:00Z,2026-10-08T20:51:00+02:00,53,dr-robert,407,271,136,33.4
2026-10-08T18:51:00Z,2026-10-08T20:51:00+02:00,54,placa-vella,297,173,124,41.8
2026-10-08T18:51:00Z,2026-10-08T20:51:00+02:00,55,ajuntament-mercat,237,172,65,27.4
2026-10-08T18:52:00Z,2026-10-08T20:52:00+02:00,53,dr-robert,407,271,136,33.4
2026-10-08T18:52:00Z,2026-10-08T20:52:00+02:00,54,placa-vella,297,173,124,41.8
2026-10-08T18:52:00Z,2026-10-08T20:52:00+02:00,55,ajuntament-mercat,237,172,65,27.4
2026-10-08T18:53:00Z,2026-10-08T20:53:00+02:00,53,dr-robert,407,271,136,33.4
2026-10-08T18:53:00Z,2026-10-08T20:53:00+02:00,54,placa-vella,297,173,124,41.8
2026-10-08T18:53:00Z,2026-10-08T20:53:00+02:00,55,ajuntament-mercat,237,172,65,27.4
2026-10-08T18:54:00Z,2026-10-08T20:54:00+02:00,53,dr-robert,407,271,136,33.4
2026-10-08T18:54:00Z,2026-10-08T20:54:00+02:00,54,placa-vella,297,173,124,41.8
2026-10-08T18:54:00Z,2026-10-08T20:54:00+02:00,55,ajuntament-mercat,237,172,65,27.4
2026-10-08T18:55:00Z,2026-10-08T20:55:00+02:00,53,dr-robert,407,273,134,32.9
2026-10-08T18:55:00Z,2026-10-08T20:55:00+02:00,54,placa-vella,297,173,124,41.8
2026-10-08T18:55:00Z,2026-10-08T20:55:00+02:00,55,ajuntament-mercat,237,171,66,27.8
2026-10-08T18:56:00Z,2026-10-08T20:56:00+02:00,53,dr-robert,407,273,134,32.9
2026-10-08T18:56:00Z,2026-10-08T20:56:00+02:00,54,placa-vella,297,173,124,41.8
2026-10-08T18:56:00Z,2026-10-08T20:56:00+02:00,55,ajuntament-mercat,237,171,66,27.8
2026-10-08T18:57:00Z,2026-10-08T20:57:00+02:00,53,dr-robert,407,273,134,32.9
2026-10-08T18:57:00Z,2026-10-08T20:57:00+02:00,54,placa-vella,297,173,124,41.8
2026-10-08T18:57:00Z,2026-10-08T20:57:00+02:00,55,ajuntament-mercat,237,171,66,27.8
2026-10-08T18:58:00Z,2026-10-08T20:58:00+02:00,53,dr-robert,407,273,134,32.9
2026-10-08T18:58:00Z,2026-10-08T20:58:00+02:00,54,placa-vella,297,173,124,41.8
2026-10-08T18:58:00Z,2026-10-08T20:58:00+02:00,55,ajuntament-mercat,237,171,66,27.8
2026-10-08T18:59:00Z,2026-10-08T20:59:00+02:00,53,dr-robert,407,273,134,32.9
2026-10-08T18:59:00Z,2026-10-08T20:59:00+02:00,54,placa-vella,297,173,124,41.8
2026-10-08T18:59:00Z,2026-10-08T20:59:00+02:00,55,ajuntament-mercat,237,171,66,27.8
2026-10-08T19:00:00Z,2026-10-08T21:00:00+02:00,53,dr-robert,407,273,134,32.9
2026-10-08T19:00:00Z,2026-10-08T21:00:00+02:00,54,placa-vella,297,173,124,41.8
2026-10-08T19:00:00Z,2026-10-08T21:00:00+02:00,55,ajuntament-mercat,237,171,66,27.8
2026-10-08T19:01:00Z,2026-10-08T21:01:00+02:00,53,dr-robert,407,273,134,32.9
2026-10-08T19:01:00Z,2026-10-08T21:01:00+02:00,54,placa-vella,297,174,123,41.4
2026-10-08T19:01:00Z,2026-10-08T21:01:00+02:00,55,ajuntament-mercat,237,170,67,28.3
2026-10-08T19:02:00Z,2026-10-08T21:02:00+02:00,53,dr-robert,407,273,134,32.9
2026-10-08T19:02:00Z,2026-10-08T21:02:00+02:00,54,placa-vella,297,174,123,41.4
2026-10-08T19:02:00Z,2026-10-08T21:02:00+02:00,55,ajuntament-mercat,237,170,67,28.3
2026-10-08T19:03:00Z,2026-10-08T21:03:00+02:00,53,dr-robert,407,273,134,32.9
2026-10-08T19:03:00Z,2026-10-08T21:03:00+02:00,54,placa-vella,297,174,123,41.4
2026-10-08T19:03:00Z,2026-10-08T21:03:00+02:00,55,ajuntament-mercat,237,170,67,28.3
2026-10-08T19:04:00Z,2026-10-08T21:04:00+02:00,53,dr-robert,407,273,134,32.9
2026-10-08T19:04:00Z,2026-10-08T21:04:00+02:00,54,placa-vella,297,174,123,41.4
2026-10-08T19:04:00Z,2026-10-08T21:04:00+02:00,55,ajuntament-mercat,237,170,67,28.3
2026-10-08T19:05:00Z,2026-10-08T21:05:00+02:00,53,dr-robert,407,277,130,31.9
2026-10-08T19:05:00Z,2026-10-08T21:05:00+02:00,54,placa-vella,297,173,124,41.8
2026-10-08T19:05:00Z,2026-10-08T21:05:00+02:00,55,ajuntament-mercat,237,172,65,27.4
2026-10-08T19:06:00Z,2026-10-08T21:06:00+02:00,53,dr-robert,407,277,130,31.9
2026-10-08T19:06:00Z,2026-10-08T21:06:00+02:00,54,placa-vella,297,173,124,41.8
2026-10-08T19:06:00Z,2026-10-08T21:06:00+02:00,55,ajuntament-mercat,237,172,65,27.4
2026-10-08T19:07:00Z,2026-10-08T21:07:00+02:00,53,dr-robert,407,277,130,31.9
2026-10-08T19:07:00Z,2026-10-08T21:07:00+02:00,54,placa-vella,297,173,124,41.8
2026-10-08T19:07:00Z,2026-10-08T21:07:00+02:00,55,ajuntament-mercat,237,172,65,27.4
2026-10-08T19:08:00Z,2026-10-08T21:08:00+02:00,53,dr-robert,407,277,130,31.9
2026-10-08T19:08:00Z,2026-10-08T21:08:00+02:00,54,placa-vella,297,173,124,41.8
2026-10-08T19:08:00Z,2026-10-08T21:08:00+02:00,55,ajuntament-mercat,237,172,65,27.4
2026-10-08T19:09:00Z,2026-10-08T21:09:00+02:00,53,dr-robert,407,277,130,31.9
2026-10-08T19:09:00Z,2026-10-08T21:09:00+02:00,54,placa-vella,297,173,124,41.8
2026-10-08T19:09:00Z,2026-10-08T21:09:00+02:00,55,ajuntament-mercat,237,172,65,27.4
2026-10-08T19:10:00Z,2026-10-08T21:10:00+02:00,53,dr-robert,407,273,134,32.9
2026-10-08T19:10:00Z,2026-10-08T21:10:00+02:00,54,placa-vella,297,175,122,41.1
2026-10-08T19:10:00Z,2026-10-08T21:10:00+02:00,55,ajuntament-mercat,237,175,62,26.2
2026-10-08T19:11:00Z,2026-10-08T21:11:00+02:00,53,dr-robert,407,273,134,32.9
2026-10-08T19:11:00Z,2026-10-08T21:11:00+02:00,54,placa-vella,297,175,122,41.1
2026-10-08T19:11:00Z,2026-10-08T21:11:00+02:00,55,ajuntament-mercat,237,175,62,26.2
2026-10-08T19:12:00Z,2026-10-08T21:12:00+02:00,53,dr-robert,407,273,134,32.9
2026-10-08T19:12:00Z,2026-10-08T21:12:00+02:00,54,placa-vella,297,175,122,41.1
2026-10-08T19:12:00Z,2026-10-08T21:12:00+02:00,55,ajuntament-mercat,237,175,62,26.2
2026-10-08T19:13:00Z,2026-10-08T21:13:00+02:00,53,dr-robert,407,273,134,32.9
2026-10-08T19:13:00Z,2026-10-08T21:13:00+02:00,54,placa-vella,297,175,122,41.1
2026-10-08T19:13:00Z,2026-10-08T21:13:00+02:00,55,ajuntament-mercat,237,175,62,26.2
2026-10-08T19:14:00Z,2026-10-08T21:14:00+02:00,53,dr-robert,407,273,134,32.9
2026-10-08T19:14:00Z,2026-10-08T21:14:00+02:00,54,placa-vella,297,175,122,41.1
2026-10-08T19:14:00Z,2026-10-08T21:14:00+02:00,55,ajuntament-mercat,237,175,62,26.2
2026-10-08T19:15:00Z,2026-10-08T21:15:00+02:00,53,dr-robert,407,272,135,33.2
2026-10-08T19:15:00Z,2026-10-08T21:15:00+02:00,54,placa-vella,297,176,121,40.7
2026-10-08T19:15:00Z,2026-10-08T21:15:00+02:00,55,ajuntament-mercat,237,177,60,25.3
2026-10-08T19:16:00Z,2026-10-08T21:16:00+02:00,53,dr-robert,407,272,135,33.2
2026-10-08T19:16:00Z,2026-10-08T21:16:00+02:00,54,placa-vella,297,176,121,40.7
2026-10-08T19:16:00Z,2026-10-08T21:16:00+02:00,55,ajuntament-mercat,237,177,60,25.3
2026-10-08T19:17:00Z,2026-10-08T21:17:00+02:00,53,dr-robert,407,272,135,33.2
2026-10-08T19:17:00Z,2026-10-08T21:17:00+02:00,54,placa-vella,297,176,121,40.7
2026-10-08T19:17:00Z,2026-10-08T21:17:00+02:00,55,ajuntament-mercat,237,177,60,25.3
2026-10-08T19:18:00Z,2026-10-08T21:18:00+02:00,53,dr-robert,407,272,135,33.2
2026-10-08T19:18:00Z,2026-10-08T21:18:00+02:00,54,placa-vella,297,176,121,40.7
2026-10-08T19:18:00Z,2026-10-08T21:18:00+02:00,55,ajuntament-mercat,237,177,60,25.3
2026-10-08T19:19:00Z,2026-10-08T21:19:00+02:00,53,dr-robert,407,272,135,33.2
2026-10-08T19:19:00Z,2026-10-08T21:19:00+02:00,54,placa-vella,297,176,121,40.7
2026-10-08T19:19:00Z,2026-10-08T21:19:00+02:00,55,ajuntament-mercat,237,177,60,25.3
2026-10-08T19:20:00Z,2026-10-08T21:20:00+02:00,53,dr-robert,407,274,133,32.7
2026-10-08T19:20:00Z,2026-10-08T21:20:00+02:00,54,placa-vella,297,174,123,41.4
2026-10-08T19:20:00Z,2026-10-08T21:20:00+02:00,55,ajuntament-mercat,237,180,57,24.1
2026-10-08T19:21:00Z,2026-10-08T21:21:00+02:00,53,dr-robert,407,274,133,32.7
2026-10-08T19:21:00Z,2026-10-08T21:21:00+02:00,54,placa-vella,297,174,123,41.4
2026-10-08T19:21:00Z,2026-10-08T21:21:00+02:00,55,ajuntament-mercat,237,180,57,24.1
2026-10-08T19:22:00Z,2026-10-08T21:22:00+02:00,53,dr-robert,407,274,133,32.7
2026-10-08T19:22:00Z,2026-10-08T21:22:00+02:00,54,placa-vella,297,174,123,41.4
2026-10-08T19:22:00Z,2026-10-08T21:22:00+02:00,55,ajuntament-mercat,237,180,57,24.1
2026-10-08T19:23:00Z,2026-10-08T21:23:00+02:00,53,dr-robert,407,274,133,32.7
2026-10-08T19:23:00Z,2026-10-08T21:23:00+02:00,54,placa-vella,297,174,123,41.4
2026-10-08T19:23:00Z,2026-10-08T21:23:00+02:00,55,ajuntament-mercat,237,180,57,24.1
2026-10-08T19:24:00Z,2026-10-08T21:24:00+02:00,53,dr-robert,407,274,133,32.7
2026-10-08T19:24:00Z,2026-10-08T21:24:00+02:00,54,placa-vella,297,174,123,41.4
2026-10-08T19:24:00Z,2026-10-08T21:24:00+02:00,55,ajuntament-mercat,237,180,57,24.1
2026-10-08T19:25:00Z,2026-10-08T21:25:00+02:00,53,dr-robert,407,276,131,32.2
2026-10-08T19:25:00Z,2026-10-08T21:25:00+02:00,54,placa-vella,297,176,121,40.7
2026-10-08T19:25:00Z,2026-10-08T21:25:00+02:00,55,ajuntament-mercat,237,179,58,24.5
2026-10-08T19:26:00Z,2026-10-08T21:26:00+02:00,53,dr-robert,407,276,131,32.2
2026-10-08T19:26:00Z,2026-10-08T21:26:00+02:00,54,placa-vella,297,176,121,40.7
2026-10-08T19:26:00Z,2026-10-08T21:26:00+02:00,55,ajuntament-mercat,237,179,58,24.5
2026-10-08T19:27:00Z,2026-10-08T21:27:00+02:00,53,dr-robert,407,276,131,32.2
2026-10-08T19:27:00Z,2026-10-08T21:27:00+02:00,54,placa-vella,297,176,121,40.7
2026-10-08T19:27:00Z,2026-10-08T21:27:00+02:00,55,ajuntament-mercat,237,179,58,24.5
2026-10-08T19:28:00Z,2026-10-08T21:28:00+02:00,53,dr-robert,407,276,131,32.2
2026-10-08T19:28:00Z,2026-10-08T21:28:00+02:00,54,placa-vella,297,176,121,40.7
2026-10-08T19:28:00Z,2026-10-08T21:28:00+02:00,55,ajuntament-mercat,237,179,58,24.5
2026-10-08T19:29:00Z,2026-10-08T21:29:00+02:00,53,dr-robert,407,276,131,32.2
2026-10-08T19:29:00Z,2026-10-08T21:29:00+02:00,54,placa-vella,297,176,121,40.7
2026-10-08T19:29:00Z,2026-10-08T21:29:00+02:00,55,ajuntament-mercat,237,179,58,24.5
2026-10-08T19:30:00Z,2026-10-08T21:30:00+02:00,53,dr-robert,407,278,129,31.7
2026-10-08T19:30:00Z,2026-10-08T21:30:00+02:00,54,placa-vella,297,179,118,39.7
2026-10-08T19:30:00Z,2026-10-08T21:30:00+02:00,55,ajuntament-mercat,237,180,57,24.1
2026-10-08T19:31:00Z,2026-10-08T21:31:00+02:00,53,dr-robert,407,278,129,31.7
2026-10-08T19:31:00Z,2026-10-08T21:31:00+02:00,54,placa-vella,297,179,118,39.7
2026-10-08T19:31:00Z,2026-10-08T21:31:00+02:00,55,ajuntament-mercat,237,180,57,24.1
2026-10-08T19:32:00Z,2026-10-08T21:32:00+02:00,53,dr-robert,407,278,129,31.7
2026-10-08T19:32:00Z,2026-10-08T21:32:00+02:00,54,placa-vella,297,179,118,39.7
2026-10-08T19:32:00Z,2026-10-08T21:32:00+02:00,55,ajuntament-mercat,237,180,57,24.1
2026-10-08T19:33:00Z,2026-10-08T21:33:00+02:00,53,dr-robert,407,278,129,31.7
2026-10-08T19:33:00Z,2026-10-08T21:33:00+02:00,54,placa-vella,297,179,118,39.7
2026-10-08T19:33:00Z,2026-10-08T21:33:00+02:00,55,ajuntament-mercat,237,180,57,24.1
2026-10-08T19:34:00Z,2026-10-08T21:34:00+02:00,53,dr-robert,407,278,129,31.7
2026-10-08T19:34:00Z,2026-10-08T21:34:00+02:00,54,placa-vella,297,179,118,39.7
2026-10-08T19:34:00Z,2026-10-08T21:34:00+02:00,55,ajuntament-mercat,237,180,57,24.1
2026-10-08T19:35:00Z,2026-10-08T21:35:00+02:00,53,dr-robert,407,278,129,31.7
2026-10-08T19:35:00Z,2026-10-08T21:35:00+02:00,54,placa-vella,297,177,120,40.4
2026-10-08T19:35:00Z,2026-10-08T21:35:00+02:00,55,ajuntament-mercat,237,181,56,23.6
2026-10-08T19:36:00Z,2026-10-08T21:36:00+02:00,53,dr-robert,407,278,129,31.7
2026-10-08T19:36:00Z,2026-10-08T21:36:00+02:00,54,placa-vella,297,177,120,40.4
2026-10-08T19:36:00Z,2026-10-08T21:36:00+02:00,55,ajuntament-mercat,237,181,56,23.6
2026-10-08T19:37:00Z,2026-10-08T21:37:00+02:00,53,dr-robert,407,278,129,31.7
2026-10-08T19:37:00Z,2026-10-08T21:37:00+02:00,54,placa-vella,297,177,120,40.4
2026-10-08T19:37:00Z,2026-10-08T21:37:00+02:00,55,ajuntament-mercat,237,181,56,23.6
2026-10-08T19:38:00Z,2026-10-08T21:38:00+02:00,53,dr-robert,407,278,129,31.7
2026-10-08T19:38:00Z,2026-10-08T21:38:00+02:00,54,placa-vella,297,177,120,40.4
2026-10-08T19:38:00Z,2026-10-08T21:38:00+02:00,55,ajuntament-mercat,237,181,56,23.6
2026-10-08T19:39:00Z,2026-10-08T21:39:00+02:00,53,dr-robert,407,278,129,31.7
2026-10-08T19:39:00Z,2026-10-08T21:39:00+02:00,54,placa-vella,297,177,120,40.4
2026-10-08T19:39:00Z,2026-10-08T21:39:00+02:00,55,ajuntament-mercat,237,181,56,23.6
2026-10-08T19:40:00Z,2026-10-08T21:40:00+02:00,53,dr-robert,407,282,125,30.7
2026-10-08T19:40:00Z,2026-10-08T21:40:00+02:00,54,placa-vella,297,178,119,40.1
2026-10-08T19:40:00Z,2026-10-08T21:40:00+02:00,55,ajuntament-mercat,237,181,56,23.6
2026-10-08T19:41:00Z,2026-10-08T21:41:00+02:00,53,dr-robert,407,282,125,30.7
2026-10-08T19:41:00Z,2026-10-08T21:41:00+02:00,54,placa-vella,297,178,119,40.1
2026-10-08T19:41:00Z,2026-10-08T21:41:00+02:00,55,ajuntament-mercat,237,181,56,23.6
2026-10-08T19:42:00Z,2026-10-08T21:42:00+02:00,53,dr-robert,407,282,125,30.7
2026-10-08T19:42:00Z,2026-10-08T21:42:00+02:00,54,placa-vella,297,178,119,40.1
2026-10-08T19:42:00Z,2026-10-08T21:42:00+02:00,55,ajuntament-mercat,237,181,56,23.6
2026-10-08T19:43:00Z,2026-10-08T21:43:00+02:00,53,dr-robert,407,282,125,30.7
2026-10-08T19:43:00Z,2026-10-08T21:43:00+02:00,54,placa-vella,297,178,119,40.1
2026-10-08T19:43:00Z,2026-10-08T21:43:00+02:00,55,ajuntament-mercat,237,181,56,23.6
2026-10-08T19:44:00Z,2026-10-08T21:44:00+02:00,53,dr-robert,407,282,125,30.7
2026-10-08T19:44:00Z,2026-10-08T21:44:00+02:00,54,placa-vella,297,178,119,40.1
2026-10-08T19:44:00Z,2026-10-08T21:44:00+02:00,55,ajuntament-mercat,237,181,56,23.6
2026-10-08T19:45:00Z,2026-10-08T21:45:00+02:00,53,dr-robert,407,288,119,29.2
2026-10-08T19:45:00Z,2026-10-08T21:45:00+02:00,54,placa-vella,297,177,120,40.4
2026-10-08T19:45:00Z,2026-10-08T21:45:00+02:00,55,ajuntament-mercat,237,183,54,22.8
2026-10-08T19:46:00Z,2026-10-08T21:46:00+02:00,53,dr-robert,407,288,119,29.2
2026-10-08T19:46:00Z,2026-10-08T21:46:00+02:00,54,placa-vella,297,177,120,40.4
2026-10-08T19:46:00Z,2026-10-08T21:46:00+02:00,55,ajuntament-mercat,237,183,54,22.8
2026-10-08T19:47:00Z,2026-10-08T21:47:00+02:00,53,dr-robert,407,288,119,29.2
2026-10-08T19:47:00Z,2026-10-08T21:47:00+02:00,54,placa-vella,297,177,120,40.4
2026-10-08T19:47:00Z,2026-10-08T21:47:00+02:00,55,ajuntament-mercat,237,183,54,22.8
2026-10-08T19:48:00Z,2026-10-08T21:48:00+02:00,53,dr-robert,407,288,119,29.2
2026-10-08T19:48:00Z,2026-10-08T21:48:00+02:00,54,placa-vella,297,177,120,40.4
2026-10-08T19:48:00Z,2026-10-08T21:48:00+02:00,55,ajuntament-mercat,237,183,54,22.8
2026-10-08T19:49:00Z,2026-10-08T21:49:00+02:00,53,dr-robert,407,288,119,29.2
2026-10-08T19:49:00Z,2026-10-08T21:49:00+02:00,54,placa-vella,297,177,120,40.4
2026-10-08T19:49:00Z,2026-10-08T21:49:00+02:00,55,ajuntament-mercat,237,183,54,22.8
2026-10-08T19:50:00Z,2026-10-08T21:50:00+02:00,53,dr-robert,407,289,118,29
2026-10-08T19:50:00Z,2026-10-08T21:50:00+02:00,54,placa-vella,297,176,121,40.7
2026-10-08T19:50:00Z,2026-10-08T21:50:00+02:00,55,ajuntament-mercat,237,184,53,22.4
2026-10-08T19:51:00Z,2026-10-08T21:51:00+02:00,53,dr-robert,407,289,118,29
2026-10-08T19:51:00Z,2026-10-08T21:51:00+02:00,54,placa-vella,297,176,121,40.7
2026-10-08T19:51:00Z,2026-10-08T21:51:00+02:00,55,ajuntament-mercat,237,184,53,22.4
2026-10-08T19:52:00Z,2026-10-08T21:52:00+02:00,53,dr-robert,407,289,118,29
2026-10-08T19:52:00Z,2026-10-08T21:52:00+02:00,54,placa-vella,297,176,121,40.7
2026-10-08T19:52:00Z,2026-10-08T21:52:00+02:00,55,ajuntament-mercat,237,184,53,22.4
2026-10-08T19:53:00Z,2026-10-08T21:53:00+02:00,53,dr-robert,407,289,118,29
2026-10-08T19:53:00Z,2026-10-08T21:53:00+02:00,54,placa-vella,297,176,121,40.7
2026-10-08T19:53:00Z,2026-10-08T21:53:00+02:00,55,ajuntament-mercat,237,184,53,22.4
2026-10-08T19:54:00Z,2026-10-08T21:54:00+02:00,53,dr-robert,407,289,118,29
2026-10-08T19:54:00Z,2026-10-08T21:54:00+02:00,54,placa-vella,297,176,121,40.7
2026-10-08T19:54:00Z,2026-10-08T21:54:00+02:00,55,ajuntament-mercat,237,184,53,22.4
2026-10-08T19:55:00Z,2026-10-08T21:55:00+02:00,53,dr-robert,407,292,115,28.3
2026-10-08T19:55:00Z,2026-10-08T21:55:00+02:00,54,placa-vella,297,180,117,39.4
2026-10-08T19:55:00Z,2026-10-08T21:55:00+02:00,55,ajuntament-mercat,237,184,53,22.4
2026-10-08T19:56:00Z,2026-10-08T21:56:00+02:00,53,dr-robert,407,292,115,28.3
2026-10-08T19:56:00Z,2026-10-08T21:56:00+02:00,54,placa-vella,297,180,117,39.4
2026-10-08T19:56:00Z,2026-10-08T21:56:00+02:00,55,ajuntament-mercat,237,184,53,22.4
2026-10-08T19:57:00Z,2026-10-08T21:57:00+02:00,53,dr-robert,407,292,115,28.3
2026-10-08T19:57:00Z,2026-10-08T21:57:00+02:00,54,placa-vella,297,180,117,39.4
2026-10-08T19:57:00Z,2026-10-08T21:57:00+02:00,55,ajuntament-mercat,237,184,53,22.4
2026-10-08T19:58:00Z,2026-10-08T21:58:00+02:00,53,dr-robert,407,292,115,28.3
2026-10-08T19:58:00Z,2026-10-08T21:58:00+02:00,54,placa-vella,297,180,117,39.4
2026-10-08T19:58:00Z,2026-10-08T21:58:00+02:00,55,ajuntament-mercat,237,184,53,22.4
2026-10-08T19:59:00Z,2026-10-08T21:59:00+02:00,53,dr-robert,407,292,115,28.3
2026-10-08T19:59:00Z,2026-10-08T21:59:00+02:00,54,placa-vella,297,180,117,39.4
2026-10-08T19:59:00Z,2026-10-08T21:59:00+02:00,55,ajuntament-mercat,237,184,53,22.4
2026-10-08T20:00:00Z,2026-10-08T22:00:00+02:00,53,dr-robert,407,292,115,28.3
2026-10-08T20:00:00Z,2026-10-08T22:00:00+02:00,54,placa-vella,297,180,117,39.4
2026-10-08T20:00:00Z,2026-10-08T22:00:00+02:00,55,ajuntament-mercat,237,184,53,22.4
2026-10-08T20:01:00Z,2026-10-08T22:01:00+02:00,53,dr-robert,407,297,110,27
2026-10-08T20:01:00Z,2026-10-08T22:01:00+02:00,54,placa-vella,297,180,117,39.4
2026-10-08T20:01:00Z,2026-10-08T22:01:00+02:00,55,ajuntament-mercat,237,184,53,22.4
2026-10-08T20:02:00Z,2026-10-08T22:02:00+02:00,53,dr-robert,407,297,110,27
2026-10-08T20:02:00Z,2026-10-08T22:02:00+02:00,54,placa-vella,297,180,117,39.4
2026-10-08T20:02:00Z,2026-10-08T22:02:00+02:00,55,ajuntament-mercat,237,184,53,22.4
2026-10-08T20:03:00Z,2026-10-08T22:03:00+02:00,53,dr-robert,407,297,110,27
2026-10-08T20:03:00Z,2026-10-08T22:03:00+02:00,54,placa-vella,297,180,117,39.4
2026-10-08T20:03:00Z,2026-10-08T22:03:00+02:00,55,ajuntament-mercat,237,184,53,22.4
2026-10-08T20:04:00Z,2026-10-08T22:04:00+02:00,53,dr-robert,407,297,110,27
2026-10-08T20:04:00Z,2026-10-08T22:04:00+02:00,54,placa-vella,297,180,117,39.4
2026-10-08T20:04:00Z,2026-10-08T22:04:00+02:00,55,ajuntament-mercat,237,184,53,22.4
2026-10-08T20:05:00Z,2026-10-08T22:05:00+02:00,53,dr-robert,407,301,106,26
2026-10-08T20:05:00Z,2026-10-08T22:05:00+02:00,54,placa-vella,297,181,116,39.1
2026-10-08T20:05:00Z,2026-10-08T22:05:00+02:00,55,ajuntament-mercat,237,185,52,21.9
2026-10-08T20:06:00Z,2026-10-08T22:06:00+02:00,53,dr-robert,407,301,106,26
2026-10-08T20:06:00Z,2026-10-08T22:06:00+02:00,54,placa-vella,297,181,116,39.1
2026-10-08T20:06:00Z,2026-10-08T22:06:00+02:00,55,ajuntament-mercat,237,185,52,21.9
2026-10-08T20:07:00Z,2026-10-08T22:07:00+02:00,53,dr-robert,407,301,106,26
2026-10-08T20:07:00Z,2026-10-08T22:07:00+02:00,54,placa-vella,297,181,116,39.1
2026-10-08T20:07:00Z,2026-10-08T22:07:00+02:00,55,ajuntament-mercat,237,185,52,21.9
2026-10-08T20:08:00Z,2026-10-08T22:08:00+02:00,53,dr-robert,407,301,106,26
2026-10-08T20:08:00Z,2026-10-08T22:08:00+02:00,54,placa-vella,297,181,116,39.1
2026-10-08T20:08:00Z,2026-10-08T22:08:00+02:00,55,ajuntament-mercat,237,185,52,21.9
2026-10-08T20:09:00Z,2026-10-08T22:09:00+02:00,53,dr-robert,407,301,106,26
2026-10-08T20:09:00Z,2026-10-08T22:09:00+02:00,54,placa-vella,297,181,116,39.1
2026-10-08T20:09:00Z,2026-10-08T22:09:00+02:00,55,ajuntament-mercat,237,185,52,21.9
2026-10-08T20:10:00Z,2026-10-08T22:10:00+02:00,53,dr-robert,407,304,103,25.3
2026-10-08T20:10:00Z,2026-10-08T22:10:00+02:00,54,placa-vella,297,180,117,39.4
2026-10-08T20:10:00Z,2026-10-08T22:10:00+02:00,55,ajuntament-mercat,237,185,52,21.9
2026-10-08T20:11:00Z,2026-10-08T22:11:00+02:00,53,dr-robert,407,304,103,25.3
2026-10-08T20:11:00Z,2026-10-08T22:11:00+02:00,54,placa-vella,297,180,117,39.4
2026-10-08T20:11:00Z,2026-10-08T22:11:00+02:00,55,ajuntament-mercat,237,185,52,21.9
2026-10-08T20:12:00Z,2026-10-08T22:12:00+02:00,53,dr-robert,407,304,103,25.3
2026-10-08T20:12:00Z,2026-10-08T22:12:00+02:00,54,placa-vella,297,180,117,39.4
2026-10-08T20:12:00Z,2026-10-08T22:12:00+02:00,55,ajuntament-mercat,237,185,52,21.9
2026-10-08T20:13:00Z,2026-10-08T22:13:00+02:00,53,dr-robert,407,304,103,25.3
2026-10-08T20:13:00Z,2026-10-08T22:13:00+02:00,54,placa-vella,297,180,117,39.4
2026-10-08T20:13:00Z,2026-10-08T22:13:00+02:00,55,ajuntament-mercat,237,185,52,21.9
2026-10-08T20:14:00Z,2026-10-08T22:14:00+02:00,53,dr-robert,407,304,103,25.3
2026-10-08T20:14:00Z,2026-10-08T22:14:00+02:00,54,placa-vella,297,180,117,39.4
2026-10-08T20:14:00Z,2026-10-08T22:14:00+02:00,55,ajuntament-mercat,237,185,52,21.9
2026-10-08T20:15:00Z,2026-10-08T22:15:00+02:00,53,dr-robert,407,306,101,24.8
2026-10-08T20:15:00Z,2026-10-08T22:15:00+02:00,54,placa-vella,297,181,116,39.1
2026-10-08T20:15:00Z,2026-10-08T22:15:00+02:00,55,ajuntament-mercat,237,183,54,22.8
2026-10-08T20:16:00Z,2026-10-08T22:16:00+02:00,53,dr-robert,407,306,101,24.8
2026-10-08T20:16:00Z,2026-10-08T22:16:00+02:00,54,placa-vella,297,181,116,39.1
2026-10-08T20:16:00Z,2026-10-08T22:16:00+02:00,55,ajuntament-mercat,237,183,54,22.8
2026-10-08T20:17:00Z,2026-10-08T22:17:00+02:00,53,dr-robert,407,306,101,24.8
2026-10-08T20:17:00Z,2026-10-08T22:17:00+02:00,54,placa-vella,297,181,116,39.1
2026-10-08T20:17:00Z,2026-10-08T22:17:00+02:00,55,ajuntament-mercat,237,183,54,22.8
2026-10-08T20:18:00Z,2026-10-08T22:18:00+02:00,53,dr-robert,407,306,101,24.8
2026-10-08T20:18:00Z,2026-10-08T22:18:00+02:00,54,placa-vella,297,181,116,39.1
2026-10-08T20:18:00Z,2026-10-08T22:18:00+02:00,55,ajuntament-mercat,237,183,54,22.8
2026-10-08T20:19:00Z,2026-10-08T22:19:00+02:00,53,dr-robert,407,306,101,24.8
2026-10-08T20:19:00Z,2026-10-08T22:19:00+02:00,54,placa-vella,297,181,116,39.1
2026-10-08T20:19:00Z,2026-10-08T22:19:00+02:00,55,ajuntament-mercat,237,183,54,22.8
2026-10-08T20:20:00Z,2026-10-08T22:20:00+02:00,53,dr-robert,407,308,99,24.3
2026-10-08T20:20:00Z,2026-10-08T22:20:00+02:00,54,placa-vella,297,182,115,38.7
2026-10-08T20:20:00Z,2026-10-08T22:20:00+02:00,55,ajuntament-mercat,237,184,53,22.4
2026-10-08T20:21:00Z,2026-10-08T22:21:00+02:00,53,dr-robert,407,308,99,24.3
2026-10-08T20:21:00Z,2026-10-08T22:21:00+02:00,54,placa-vella,297,182,115,38.7
2026-10-08T20:21:00Z,2026-10-08T22:21:00+02:00,55,ajuntament-mercat,237,184,53,22.4
2026-10-08T20:22:00Z,2026-10-08T22:22:00+02:00,53,dr-robert,407,308,99,24.3
2026-10-08T20:22:00Z,2026-10-08T22:22:00+02:00,54,placa-vella,297,182,115,38.7
2026-10-08T20:22:00Z,2026-10-08T22:22:00+02:00,55,ajuntament-mercat,237,184,53,22.4
2026-10-08T20:23:00Z,2026-10-08T22:23:00+02:00,53,dr-robert,407,308,99,24.3
2026-10-08T20:23:00Z,2026-10-08T22:23:00+02:00,54,placa-vella,297,182,115,38.7
2026-10-08T20:23:00Z,2026-10-08T22:23:00+02:00,55,ajuntament-mercat,237,184,53,22.4
2026-10-08T20:24:00Z,2026-10-08T22:24:00+02:00,53,dr-robert,407,308,99,24.3
2026-10-08T20:24:00Z,2026-10-08T22:24:00+02:00,54,placa-vella,297,182,115,38.7
2026-10-08T20:24:00Z,2026-10-08T22:24:00+02:00,55,ajuntament-mercat,237,184,53,22.4
2026-10-08T20:25:00Z,2026-10-08T22:25:00+02:00,53,dr-robert,407,312,95,23.3
2026-10-08T20:25:00Z,2026-10-08T22:25:00+02:00,54,placa-vella,297,183,114,38.4
2026-10-08T20:25:00Z,2026-10-08T22:25:00+02:00,55,ajuntament-mercat,237,185,52,21.9
2026-10-08T20:26:00Z,2026-10-08T22:26:00+02:00,53,dr-robert,407,312,95,23.3
2026-10-08T20:26:00Z,2026-10-08T22:26:00+02:00,54,placa-vella,297,183,114,38.4
2026-10-08T20:26:00Z,2026-10-08T22:26:00+02:00,55,ajuntament-mercat,237,185,52,21.9
2026-10-08T20:27:00Z,2026-10-08T22:27:00+02:00,53,dr-robert,407,312,95,23.3
2026-10-08T20:27:00Z,2026-10-08T22:27:00+02:00,54,placa-vella,297,183,114,38.4
2026-10-08T20:27:00Z,2026-10-08T22:27:00+02:00,55,ajuntament-mercat,237,185,52,21.9
2026-10-08T20:28:00Z,2026-10-08T22:28:00+02:00,53,dr-robert,407,312,95,23.3
2026-10-08T20:28:00Z,2026-10-08T22:28:00+02:00,54,placa-vella,297,183,114,38.4
2026-10-08T20:28:00Z,2026-10-08T22:28:00+02:00,55,ajuntament-mercat,237,185,52,21.9
2026-10-08T20:29:00Z,2026-10-08T22:29:00+02:00,53,dr-robert,407,312,95,23.3
2026-10-08T20:29:00Z,2026-10-08T22:29:00+02:00,54,placa-vella,297,183,114,38.4
2026-10-08T20:29:00Z,2026-10-08T22:29:00+02:00,55,ajuntament-mercat,237,185,52,21.9
2026-10-08T20:30:00Z,2026-10-08T22:30:00+02:00,53,dr-robert,407,312,95,23.3
2026-10-08T20:30:00Z,2026-10-08T22:30:00+02:00,54,placa-vella,297,183,114,38.4
2026-10-08T20:30:00Z,2026-10-08T22:30:00+02:00,55,ajuntament-mercat,237,185,52,21.9
2026-10-08T20:31:00Z,2026-10-08T22:31:00+02:00,53,dr-robert,407,312,95,23.3
2026-10-08T20:31:00Z,2026-10-08T22:31:00+02:00,54,placa-vella,297,183,114,38.4
2026-10-08T20:31:00Z,2026-10-08T22:31:00+02:00,55,ajuntament-mercat,237,185,52,21.9
2026-10-08T20:32:00Z,2026-10-08T22:32:00+02:00,53,dr-robert,407,312,95,23.3
2026-10-08T20:32:00Z,2026-10-08T22:32:00+02:00,54,placa-vella,297,183,114,38.4
2026-10-08T20:32:00Z,2026-10-08T22:32:00+02:00,55,ajuntament-mercat,237,185,52,21.9
2026-10-08T20:33:00Z,2026-10-08T22:33:00+02:00,53,dr-robert,407,312,95,23.3
2026-10-08T20:33:00Z,2026-10-08T22:33:00+02:00,54,placa-vella,297,183,114,38.4
2026-10-08T20:33:00Z,2026-10-08T22:33:00+02:00,55,ajuntament-mercat,237,185,52,21.9
2026-10-08T20:34:00Z,2026-10-08T22:34:00+02:00,53,dr-robert,407,312,95,23.3
2026-10-08T20:34:00Z,2026-10-08T22:34:00+02:00,54,placa-vella,297,183,114,38.4
2026-10-08T20:34:00Z,2026-10-08T22:34:00+02:00,55,ajuntament-mercat,237,185,52,21.9
2026-10-08T20:35:00Z,2026-10-08T22:35:00+02:00,53,dr-robert,407,312,95,23.3
2026-10-08T20:35:00Z,2026-10-08T22:35:00+02:00,54,placa-vella,297,183,114,38.4
2026-10-08T20:35:00Z,2026-10-08T22:35:00+02:00,55,ajuntament-mercat,237,189,48,20.3
2026-10-08T20:36:00Z,2026-10-08T22:36:00+02:00,53,dr-robert,407,312,95,23.3
2026-10-08T20:36:00Z,2026-10-08T22:36:00+02:00,54,placa-vella,297,183,114,38.4
2026-10-08T20:36:00Z,2026-10-08T22:36:00+02:00,55,ajuntament-mercat,237,189,48,20.3
2026-10-08T20:37:00Z,2026-10-08T22:37:00+02:00,53,dr-robert,407,312,95,23.3
2026-10-08T20:37:00Z,2026-10-08T22:37:00+02:00,54,placa-vella,297,183,114,38.4
2026-10-08T20:37:00Z,2026-10-08T22:37:00+02:00,55,ajuntament-mercat,237,189,48,20.3
2026-10-08T20:38:00Z,2026-10-08T22:38:00+02:00,53,dr-robert,407,312,95,23.3
2026-10-08T20:38:00Z,2026-10-08T22:38:00+02:00,54,placa-vella,297,183,114,38.4
2026-10-08T20:38:00Z,2026-10-08T22:38:00+02:00,55,ajuntament-mercat,237,189,48,20.3
2026-10-08T20:39:00Z,2026-10-08T22:39:00+02:00,53,dr-robert,407,312,95,23.3
2026-10-08T20:39:00Z,2026-10-08T22:39:00+02:00,54,placa-vella,297,183,114,38.4
2026-10-08T20:39:00Z,2026-10-08T22:39:00+02:00,55,ajuntament-mercat,237,189,48,20.3
2026-10-08T20:40:00Z,2026-10-08T22:40:00+02:00,53,dr-robert,407,313,94,23.1
2026-10-08T20:40:00Z,2026-10-08T22:40:00+02:00,54,placa-vella,297,182,115,38.7
2026-10-08T20:40:00Z,2026-10-08T22:40:00+02:00,55,ajuntament-mercat,237,191,46,19.4
2026-10-08T20:41:00Z,2026-10-08T22:41:00+02:00,53,dr-robert,407,313,94,23.1
2026-10-08T20:41:00Z,2026-10-08T22:41:00+02:00,54,placa-vella,297,182,115,38.7
2026-10-08T20:41:00Z,2026-10-08T22:41:00+02:00,55,ajuntament-mercat,237,191,46,19.4
2026-10-08T20:42:00Z,2026-10-08T22:42:00+02:00,53,dr-robert,407,313,94,23.1
2026-10-08T20:42:00Z,2026-10-08T22:42:00+02:00,54,placa-vella,297,182,115,38.7
2026-10-08T20:42:00Z,2026-10-08T22:42:00+02:00,55,ajuntament-mercat,237,191,46,19.4
2026-10-08T20:43:00Z,2026-10-08T22:43:00+02:00,53,dr-robert,407,313,94,23.1
2026-10-08T20:43:00Z,2026-10-08T22:43:00+02:00,54,placa-vella,297,182,115,38.7
2026-10-08T20:43:00Z,2026-10-08T22:43:00+02:00,55,ajuntament-mercat,237,191,46,19.4
2026-10-08T20:44:00Z,2026-10-08T22:44:00+02:00,53,dr-robert,407,313,94,23.1
2026-10-08T20:44:00Z,2026-10-08T22:44:00+02:00,54,placa-vella,297,182,115,38.7
2026-10-08T20:44:00Z,2026-10-08T22:44:00+02:00,55,ajuntament-mercat,237,191,46,19.4
2026-10-08T20:45:00Z,2026-10-08T22:45:00+02:00,53,dr-robert,407,312,95,23.3
2026-10-08T20:45:00Z,2026-10-08T22:45:00+02:00,54,placa-vella,297,184,113,38
2026-10-08T20:45:00Z,2026-10-08T22:45:00+02:00,55,ajuntament-mercat,237,192,45,19
2026-10-08T20:46:00Z,2026-10-08T22:46:00+02:00,53,dr-robert,407,312,95,23.3
2026-10-08T20:46:00Z,2026-10-08T22:46:00+02:00,54,placa-vella,297,184,113,38
2026-10-08T20:46:00Z,2026-10-08T22:46:00+02:00,55,ajuntament-mercat,237,192,45,19
2026-10-08T20:47:00Z,2026-10-08T22:47:00+02:00,53,dr-robert,407,312,95,23.3
2026-10-08T20:47:00Z,2026-10-08T22:47:00+02:00,54,placa-vella,297,184,113,38
2026-10-08T20:47:00Z,2026-10-08T22:47:00+02:00,55,ajuntament-mercat,237,192,45,19
2026-10-08T20:48:00Z,2026-10-08T22:48:00+02:00,53,dr-robert,407,312,95,23.3
2026-10-08T20:48:00Z,2026-10-08T22:48:00+02:00,54,placa-vella,297,184,113,38
2026-10-08T20:48:00Z,2026-10-08T22:48:00+02:00,55,ajuntament-mercat,237,192,45,19
2026-10-08T20:49:00Z,2026-10-08T22:49:00+02:00,53,dr-robert,407,312,95,23.3
2026-10-08T20:49:00Z,2026-10-08T22:49:00+02:00,54,placa-vella,297,184,113,38
2026-10-08T20:49:00Z,2026-10-08T22:49:00+02:00,55,ajuntament-mercat,237,192,45,19
2026-10-08T20:50:00Z,2026-10-08T22:50:00+02:00,53,dr-robert,407,313,94,23.1
2026-10-08T20:50:00Z,2026-10-08T22:50:00+02:00,54,placa-vella,297,186,111,37.4
2026-10-08T20:50:00Z,2026-10-08T22:50:00+02:00,55,ajuntament-mercat,237,195,42,17.7
2026-10-08T20:51:00Z,2026-10-08T22:51:00+02:00,53,dr-robert,407,313,94,23.1
2026-10-08T20:51:00Z,2026-10-08T22:51:00+02:00,54,placa-vella,297,186,111,37.4
2026-10-08T20:51:00Z,2026-10-08T22:51:00+02:00,55,ajuntament-mercat,237,195,42,17.7
2026-10-08T20:52:00Z,2026-10-08T22:52:00+02:00,53,dr-robert,407,313,94,23.1
2026-10-08T20:52:00Z,2026-10-08T22:52:00+02:00,54,placa-vella,297,186,111,37.4
2026-10-08T20:52:00Z,2026-10-08T22:52:00+02:00,55,ajuntament-mercat,237,195,42,17.7
2026-10-08T20:53:00Z,2026-10-08T22:53:00+02:00,53,dr-robert,407,313,94,23.1
2026-10-08T20:53:00Z,2026-10-08T22:53:00+02:00,54,placa-vella,297,186,111,37.4
2026-10-08T20:53:00Z,2026-10-08T22:53:00+02:00,55,ajuntament-mercat,237,195,42,17.7
2026-10-08T20:54:00Z,2026-10-08T22:54:00+02:00,53,dr-robert,407,313,94,23.1
2026-10-08T20:54:00Z,2026-10-08T22:54:00+02:00,54,placa-vella,297,186,111,37.4
2026-10-08T20:54:00Z,2026-10-08T22:54:00+02:00,55,ajuntament-mercat,237,195,42,17.7
2026-10-08T20:55:00Z,2026-10-08T22:55:00+02:00,53,dr-robert,407,314,93,22.9
2026-10-08T20:55:00Z,2026-10-08T22:55:00+02:00,54,placa-vella,297,188,109,36.7
2026-10-08T20:55:00Z,2026-10-08T22:55:00+02:00,55,ajuntament-mercat,237,196,41,17.3
2026-10-08T20:56:00Z,2026-10-08T22:56:00+02:00,53,dr-robert,407,314,93,22.9
2026-10-08T20:56:00Z,2026-10-08T22:56:00+02:00,54,placa-vella,297,188,109,36.7
2026-10-08T20:56:00Z,2026-10-08T22:56:00+02:00,55,ajuntament-mercat,237,196,41,17.3
2026-10-08T20:57:00Z,2026-10-08T22:57:00+02:00,53,dr-robert,407,314,93,22.9
2026-10-08T20:57:00Z,2026-10-08T22:57:00+02:00,54,placa-vella,297,188,109,36.7
2026-10-08T20:57:00Z,2026-10-08T22:57:00+02:00,55,ajuntament-mercat,237,196,41,17.3
2026-10-08T20:58:00Z,2026-10-08T22:58:00+02:00,53,dr-robert,407,314,93,22.9
2026-10-08T20:58:00Z,2026-10-08T22:58:00+02:00,54,placa-vella,297,188,109,36.7
2026-10-08T20:58:00Z,2026-10-08T22:58:00+02:00,55,ajuntament-mercat,237,196,41,17.3
2026-10-08T20:59:00Z,2026-10-08T22:59:00+02:00,53,dr-robert,407,314,93,22.9
2026-10-08T20:59:00Z,2026-10-08T22:59:00+02:00,54,placa-vella,297,188,109,36.7
2026-10-08T20:59:00Z,2026-10-08T22:59:00+02:00,55,ajuntament-mercat,237,196,41,17.3
2026-10-08T21:00:00Z,2026-10-08T23:00:00+02:00,53,dr-robert,407,314,93,22.9
2026-10-08T21:00:00Z,2026-10-08T23:00:00+02:00,54,placa-vella,297,189,108,36.4
2026-10-08T21:00:00Z,2026-10-08T23:00:00+02:00,55,ajuntament-mercat,237,197,40,16.9
2026-10-08T21:01:00Z,2026-10-08T23:01:00+02:00,53,dr-robert,407,314,93,22.9
2026-10-08T21:01:00Z,2026-10-08T23:01:00+02:00,54,placa-vella,297,189,108,36.4
2026-10-08T21:01:00Z,2026-10-08T23:01:00+02:00,55,ajuntament-mercat,237,197,40,16.9
2026-10-08T21:02:00Z,2026-10-08T23:02:00+02:00,53,dr-robert,407,314,93,22.9
2026-10-08T21:02:00Z,2026-10-08T23:02:00+02:00,54,placa-vella,297,189,108,36.4
2026-10-08T21:02:00Z,2026-10-08T23:02:00+02:00,55,ajuntament-mercat,237,197,40,16.9
2026-10-08T21:03:00Z,2026-10-08T23:03:00+02:00,53,dr-robert,407,314,93,22.9
2026-10-08T21:03:00Z,2026-10-08T23:03:00+02:00,54,placa-vella,297,189,108,36.4
2026-10-08T21:03:00Z,2026-10-08T23:03:00+02:00,55,ajuntament-mercat,237,197,40,16.9
2026-10-08T21:04:00Z,2026-10-08T23:04:00+02:00,53,dr-robert,407,314,93,22.9
2026-10-08T21:04:00Z,2026-10-08T23:04:00+02:00,54,placa-vella,297,189,108,36.4
2026-10-08T21:04:00Z,2026-10-08T23:04:00+02:00,55,ajuntament-mercat,237,197,40,16.9
2026-10-08T21:05:00Z,2026-10-08T23:05:00+02:00,53,dr-robert,407,314,93,22.9
2026-10-08T21:05:00Z,2026-10-08T23:05:00+02:00,54,placa-vella,297,189,108,36.4
2026-10-08T21:05:00Z,2026-10-08T23:05:00+02:00,55,ajuntament-mercat,237,197,40,16.9
2026-10-08T21:06:00Z,2026-10-08T23:06:00+02:00,53,dr-robert,407,314,93,22.9
2026-10-08T21:06:00Z,2026-10-08T23:06:00+02:00,54,placa-vella,297,189,108,36.4
2026-10-08T21:06:00Z,2026-10-08T23:06:00+02:00,55,ajuntament-mercat,237,197,40,16.9
2026-10-08T21:07:00Z,2026-10-08T23:07:00+02:00,53,dr-robert,407,314,93,22.9
2026-10-08T21:07:00Z,2026-10-08T23:07:00+02:00,54,placa-vella,297,189,108,36.4
2026-10-08T21:07:00Z,2026-10-08T23:07:00+02:00,55,ajuntament-mercat,237,197,40,16.9
2026-10-08T21:08:00Z,2026-10-08T23:08:00+02:00,53,dr-robert,407,314,93,22.9
2026-10-08T21:08:00Z,2026-10-08T23:08:00+02:00,54,placa-vella,297,189,108,36.4
2026-10-08T21:08:00Z,2026-10-08T23:08:00+02:00,55,ajuntament-mercat,237,197,40,16.9
2026-10-08T21:09:00Z,2026-10-08T23:09:00+02:00,53,dr-robert,407,314,93,22.9
2026-10-08T21:09:00Z,2026-10-08T23:09:00+02:00,54,placa-vella,297,189,108,36.4
2026-10-08T21:09:00Z,2026-10-08T23:09:00+02:00,55,ajuntament-mercat,237,197,40,16.9
2026-10-08T21:10:00Z,2026-10-08T23:10:00+02:00,53,dr-robert,407,315,92,22.6
2026-10-08T21:10:00Z,2026-10-08T23:10:00+02:00,54,placa-vella,297,190,107,36
2026-10-08T21:10:00Z,2026-10-08T23:10:00+02:00,55,ajuntament-mercat,237,199,38,16
2026-10-08T21:11:00Z,2026-10-08T23:11:00+02:00,53,dr-robert,407,315,92,22.6
2026-10-08T21:11:00Z,2026-10-08T23:11:00+02:00,54,placa-vella,297,190,107,36
2026-10-08T21:11:00Z,2026-10-08T23:11:00+02:00,55,ajuntament-mercat,237,199,38,16
2026-10-08T21:12:00Z,2026-10-08T23:12:00+02:00,53,dr-robert,407,315,92,22.6
2026-10-08T21:12:00Z,2026-10-08T23:12:00+02:00,54,placa-vella,297,190,107,36
2026-10-08T21:12:00Z,2026-10-08T23:12:00+02:00,55,ajuntament-mercat,237,199,38,16
2026-10-08T21:13:00Z,2026-10-08T23:13:00+02:00,53,dr-robert,407,315,92,22.6
2026-10-08T21:13:00Z,2026-10-08T23:13:00+02:00,54,placa-vella,297,190,107,36
2026-10-08T21:13:00Z,2026-10-08T23:13:00+02:00,55,ajuntament-mercat,237,199,38,16
2026-10-08T21:14:00Z,2026-10-08T23:14:00+02:00,53,dr-robert,407,315,92,22.6
2026-10-08T21:14:00Z,2026-10-08T23:14:00+02:00,54,placa-vella,297,190,107,36
2026-10-08T21:14:00Z,2026-10-08T23:14:00+02:00,55,ajuntament-mercat,237,199,38,16
2026-10-08T21:15:00Z,2026-10-08T23:15:00+02:00,53,dr-robert,407,317,90,22.1
2026-10-08T21:15:00Z,2026-10-08T23:15:00+02:00,54,placa-vella,297,190,107,36
2026-10-08T21:15:00Z,2026-10-08T23:15:00+02:00,55,ajuntament-mercat,237,202,35,14.8
2026-10-08T21:16:00Z,2026-10-08T23:16:00+02:00,53,dr-robert,407,317,90,22.1
2026-10-08T21:16:00Z,2026-10-08T23:16:00+02:00,54,placa-vella,297,190,107,36
2026-10-08T21:16:00Z,2026-10-08T23:16:00+02:00,55,ajuntament-mercat,237,202,35,14.8
2026-10-08T21:17:00Z,2026-10-08T23:17:00+02:00,53,dr-robert,407,317,90,22.1
2026-10-08T21:17:00Z,2026-10-08T23:17:00+02:00,54,placa-vella,297,190,107,36
2026-10-08T21:17:00Z,2026-10-08T23:17:00+02:00,55,ajuntament-mercat,237,202,35,14.8
2026-10-08T21:18:00Z,2026-10-08T23:18:00+02:00,53,dr-robert,407,317,90,22.1
2026-10-08T21:18:00Z,2026-10-08T23:18:00+02:00,54,placa-vella,297,190,107,36
2026-10-08T21:18:00Z,2026-10-08T23:18:00+02:00,55,ajuntament-mercat,237,202,35,14.8
2026-10-08T21:19:00Z,2026-10-08T23:19:00+02:00,53,dr-robert,407,317,90,22.1
2026-10-08T21:19:00Z,2026-10-08T23:19:00+02:00,54,placa-vella,297,190,107,36
2026-10-08T21:19:00Z,2026-10-08T23:19:00+02:00,55,ajuntament-mercat,237,202,35,14.8
2026-10-08T21:20:00Z,2026-10-08T23:20:00+02:00,53,dr-robert,407,317,90,22.1
2026-10-08T21:20:00Z,2026-10-08T23:20:00+02:00,54,placa-vella,297,191,106,35.7
2026-10-08T21:20:00Z,2026-10-08T23:20:00+02:00,55,ajuntament-mercat,237,202,35,14.8
2026-10-08T21:21:00Z,2026-10-08T23:21:00+02:00,53,dr-robert,407,317,90,22.1
2026-10-08T21:21:00Z,2026-10-08T23:21:00+02:00,54,placa-vella,297,191,106,35.7
2026-10-08T21:21:00Z,2026-10-08T23:21:00+02:00,55,ajuntament-mercat,237,202,35,14.8
2026-10-08T21:22:00Z,2026-10-08T23:22:00+02:00,53,dr-robert,407,317,90,22.1
2026-10-08T21:22:00Z,2026-10-08T23:22:00+02:00,54,placa-vella,297,191,106,35.7
2026-10-08T21:22:00Z,2026-10-08T23:22:00+02:00,55,ajuntament-mercat,237,202,35,14.8
2026-10-08T21:23:00Z,2026-10-08T23:23:00+02:00,53,dr-robert,407,317,90,22.1
2026-10-08T21:23:00Z,2026-10-08T23:23:00+02:00,54,placa-vella,297,191,106,35.7
2026-10-08T21:23:00Z,2026-10-08T23:23:00+02:00,55,ajuntament-mercat,237,202,35,14.8
2026-10-08T21:24:00Z,2026-10-08T23:24:00+02:00,53,dr-robert,407,317,90,22.1
2026-10-08T21:24:00Z,2026-10-08T23:24:00+02:00,54,placa-vella,297,191,106,35.7
2026-10-08T21:24:00Z,2026-10-08T23:24:00+02:00,55,ajuntament-mercat,237,202,35,14.8
2026-10-08T21:25:00Z,2026-10-08T23:25:00+02:00,53,dr-robert,407,317,90,22.1
2026-10-08T21:25:00Z,2026-10-08T23:25:00+02:00,54,placa-vella,297,193,104,35
2026-10-08T21:25:00Z,2026-10-08T23:25:00+02:00,55,ajuntament-mercat,237,202,35,14.8
2026-10-08T21:26:00Z,2026-10-08T23:26:00+02:00,53,dr-robert,407,317,90,22.1
2026-10-08T21:26:00Z,2026-10-08T23:26:00+02:00,54,placa-vella,297,193,104,35
2026-10-08T21:26:00Z,2026-10-08T23:26:00+02:00,55,ajuntament-mercat,237,202,35,14.8
2026-10-08T21:27:00Z,2026-10-08T23:27:00+02:00,53,dr-robert,407,317,90,22.1
2026-10-08T21:27:00Z,2026-10-08T23:27:00+02:00,54,placa-vella,297,193,104,35
2026-10-08T21:27:00Z,2026-10-08T23:27:00+02:00,55,ajuntament-mercat,237,202,35,14.8
2026-10-08T21:28:00Z,2026-10-08T23:28:00+02:00,53,dr-robert,407,317,90,22.1
2026-10-08T21:28:00Z,2026-10-08T23:28:00+02:00,54,placa-vella,297,193,104,35
2026-10-08T21:28:00Z,2026-10-08T23:28:00+02:00,55,ajuntament-mercat,237,202,35,14.8
2026-10-08T21:29:00Z,2026-10-08T23:29:00+02:00,53,dr-robert,407,317,90,22.1
2026-10-08T21:29:00Z,2026-10-08T23:29:00+02:00,54,placa-vella,297,193,104,35
2026-10-08T21:29:00Z,2026-10-08T23:29:00+02:00,55,ajuntament-mercat,237,202,35,14.8
2026-10-08T21:30:00Z,2026-10-08T23:30:00+02:00,53,dr-robert,407,320,87,21.4
2026-10-08T21:30:00Z,2026-10-08T23:30:00+02:00,54,placa-vella,297,193,104,35
2026-10-08T21:30:00Z,2026-10-08T23:30:00+02:00,55,ajuntament-mercat,237,202,35,14.8
2026-10-08T21:31:00Z,2026-10-08T23:31:00+02:00,53,dr-robert,407,320,87,21.4
2026-10-08T21:31:00Z,2026-10-08T23:31:00+02:00,54,placa-vella,297,193,104,35
2026-10-08T21:31:00Z,2026-10-08T23:31:00+02:00,55,ajuntament-mercat,237,202,35,14.8
2026-10-08T21:32:00Z,2026-10-08T23:32:00+02:00,53,dr-robert,407,320,87,21.4
2026-10-08T21:32:00Z,2026-10-08T23:32:00+02:00,54,placa-vella,297,193,104,35
2026-10-08T21:32:00Z,2026-10-08T23:32:00+02:00,55,ajuntament-mercat,237,202,35,14.8
2026-10-08T21:33:00Z,2026-10-08T23:33:00+02:00,53,dr-robert,407,320,87,21.4
2026-10-08T21:33:00Z,2026-10-08T23:33:00+02:00,54,placa-vella,297,193,104,35
2026-10-08T21:33:00Z,2026-10-08T23:33:00+02:00,55,ajuntament-mercat,237,202,35,14.8
2026-10-08T21:34:00Z,2026-10-08T23:34:00+02:00,53,dr-robert,407,320,87,21.4
2026-10-08T21:34:00Z,2026-10-08T23:34:00+02:00,54,placa-vella,297,193,104,35
2026-10-08T21:34:00Z,2026-10-08T23:34:00+02:00,55,ajuntament-mercat,237,202,35,14.8
2026-10-08T21:35:00Z,2026-10-08T23:35:00+02:00,53,dr-robert,407,320,87,21.4
2026-10-08T21:35:00Z,2026-10-08T23:35:00+02:00,54,placa-vella,297,196,101,34
2026-10-08T21:35:00Z,2026-10-08T23:35:00+02:00,55,ajuntament-mercat,237,202,35,14.8
2026-10-08T21:36:00Z,2026-10-08T23:36:00+02:00,53,dr-robert,407,320,87,21.4
2026-10-08T21:36:00Z,2026-10-08T23:36:00+02:00,54,placa-vella,297,196,101,34
2026-10-08T21:36:00Z,2026-10-08T23:36:00+02:00,55,ajuntament-mercat,237,202,35,14.8
2026-10-08T21:37:00Z,2026-10-08T23:37:00+02:00,53,dr-robert,407,320,87,21.4
2026-10-08T21:37:00Z,2026-10-08T23:37:00+02:00,54,placa-vella,297,196,101,34
2026-10-08T21:37:00Z,2026-10-08T23:37:00+02:00,55,ajuntament-mercat,237,202,35,14.8
2026-10-08T21:38:00Z,2026-10-08T23:38:00+02:00,53,dr-robert,407,320,87,21.4
2026-10-08T21:38:00Z,2026-10-08T23:38:00+02:00,54,placa-vella,297,196,101,34
2026-10-08T21:38:00Z,2026-10-08T23:38:00+02:00,55,ajuntament-mercat,237,202,35,14.8
2026-10-08T21:39:00Z,2026-10-08T23:39:00+02:00,53,dr-robert,407,320,87,21.4
2026-10-08T21:39:00Z,2026-10-08T23:39:00+02:00,54,placa-vella,297,196,101,34
2026-10-08T21:39:00Z,2026-10-08T23:39:00+02:00,55,ajuntament-mercat,237,202,35,14.8
2026-10-08T21:40:00Z,2026-10-08T23:40:00+02:00,53,dr-robert,407,322,85,20.9
2026-10-08T21:40:00Z,2026-10-08T23:40:00+02:00,54,placa-vella,297,196,101,34
2026-10-08T21:40:00Z,2026-10-08T23:40:00+02:00,55,ajuntament-mercat,237,203,34,14.3
2026-10-08T21:41:00Z,2026-10-08T23:41:00+02:00,53,dr-robert,407,322,85,20.9
2026-10-08T21:41:00Z,2026-10-08T23:41:00+02:00,54,placa-vella,297,196,101,34
2026-10-08T21:41:00Z,2026-10-08T23:41:00+02:00,55,ajuntament-mercat,237,203,34,14.3
2026-10-08T21:42:00Z,2026-10-08T23:42:00+02:00,53,dr-robert,407,322,85,20.9
2026-10-08T21:42:00Z,2026-10-08T23:42:00+02:00,54,placa-vella,297,196,101,34
2026-10-08T21:42:00Z,2026-10-08T23:42:00+02:00,55,ajuntament-mercat,237,203,34,14.3
2026-10-08T21:43:00Z,2026-10-08T23:43:00+02:00,53,dr-robert,407,322,85,20.9
2026-10-08T21:43:00Z,2026-10-08T23:43:00+02:00,54,placa-vella,297,196,101,34
2026-10-08T21:43:00Z,2026-10-08T23:43:00+02:00,55,ajuntament-mercat,237,203,34,14.3
2026-10-08T21:44:00Z,2026-10-08T23:44:00+02:00,53,dr-robert,407,322,85,20.9
2026-10-08T21:44:00Z,2026-10-08T23:44:00+02:00,54,placa-vella,297,196,101,34
2026-10-08T21:44:00Z,2026-10-08T23:44:00+02:00,55,ajuntament-mercat,237,203,34,14.3
2026-10-08T21:45:00Z,2026-10-08T23:45:00+02:00,53,dr-robert,407,325,82,20.1
2026-10-08T21:45:00Z,2026-10-08T23:45:00+02:00,54,placa-vella,297,199,98,33
2026-10-08T21:45:00Z,2026-10-08T23:45:00+02:00,55,ajuntament-mercat,237,203,34,14.3
2026-10-08T21:46:00Z,2026-10-08T23:46:00+02:00,53,dr-robert,407,325,82,20.1
2026-10-08T21:46:00Z,2026-10-08T23:46:00+02:00,54,placa-vella,297,199,98,33
2026-10-08T21:46:00Z,2026-10-08T23:46:00+02:00,55,ajuntament-mercat,237,203,34,14.3
2026-10-08T21:47:00Z,2026-10-08T23:47:00+02:00,53,dr-robert,407,325,82,20.1
2026-10-08T21:47:00Z,2026-10-08T23:47:00+02:00,54,placa-vella,297,199,98,33
2026-10-08T21:47:00Z,2026-10-08T23:47:00+02:00,55,ajuntament-mercat,237,203,34,14.3
2026-10-08T21:48:00Z,2026-10-08T23:48:00+02:00,53,dr-robert,407,325,82,20.1
2026-10-08T21:48:00Z,2026-10-08T23:48:00+02:00,54,placa-vella,297,199,98,33
2026-10-08T21:48:00Z,2026-10-08T23:48:00+02:00,55,ajuntament-mercat,237,203,34,14.3
2026-10-08T21:49:00Z,2026-10-08T23:49:00+02:00,53,dr-robert,407,325,82,20.1
2026-10-08T21:49:00Z,2026-10-08T23:49:00+02:00,54,placa-vella,297,199,98,33
2026-10-08T21:49:00Z,2026-10-08T23:49:00+02:00,55,ajuntament-mercat,237,203,34,14.3
2026-10-08T21:50:00Z,2026-10-08T23:50:00+02:00,53,dr-robert,407,324,83,20.4
2026-10-08T21:50:00Z,2026-10-08T23:50:00+02:00,54,placa-vella,297,199,98,33
2026-10-08T21:50:00Z,2026-10-08T23:50:00+02:00,55,ajuntament-mercat,237,203,34,14.3
2026-10-08T21:51:00Z,2026-10-08T23:51:00+02:00,53,dr-robert,407,324,83,20.4
2026-10-08T21:51:00Z,2026-10-08T23:51:00+02:00,54,placa-vella,297,199,98,33
2026-10-08T21:51:00Z,2026-10-08T23:51:00+02:00,55,ajuntament-mercat,237,203,34,14.3
2026-10-08T21:52:00Z,2026-10-08T23:52:00+02:00,53,dr-robert,407,324,83,20.4
2026-10-08T21:52:00Z,2026-10-08T23:52:00+02:00,54,placa-vella,297,199,98,33
2026-10-08T21:52:00Z,2026-10-08T23:52:00+02:00,55,ajuntament-mercat,237,203,34,14.3
2026-10-08T21:53:00Z,2026-10-08T23:53:00+02:00,53,dr-robert,407,324,83,20.4
2026-10-08T21:53:00Z,2026-10-08T23:53:00+02:00,54,placa-vella,297,199,98,33
2026-10-08T21:53:00Z,2026-10-08T23:53:00+02:00,55,ajuntament-mercat,237,203,34,14.3
2026-10-08T21:54:00Z,2026-10-08T23:54:00+02:00,53,dr-robert,407,324,83,20.4
2026-10-08T21:54:00Z,2026-10-08T23:54:00+02:00,54,placa-vella,297,199,98,33
2026-10-08T21:54:00Z,2026-10-08T23:54:00+02:00,55,ajuntament-mercat,237,203,34,14.3
2026-10-08T21:55:00Z,2026-10-08T23:55:00+02:00,53,dr-robert,407,324,83,20.4
2026-10-08T21:55:00Z,2026-10-08T23:55:00+02:00,54,placa-vella,297,201,96,32.3
2026-10-08T21:55:00Z,2026-10-08T23:55:00+02:00,55,ajuntament-mercat,237,203,34,14.3
2026-10-08T21:56:00Z,2026-10-08T23:56:00+02:00,53,dr-robert,407,324,83,20.4
2026-10-08T21:56:00Z,2026-10-08T23:56:00+02:00,54,placa-vella,297,201,96,32.3
2026-10-08T21:56:00Z,2026-10-08T23:56:00+02:00,55,ajuntament-mercat,237,203,34,14.3
2026-10-08T21:57:00Z,2026-10-08T23:57:00+02:00,53,dr-robert,407,324,83,20.4
2026-10-08T21:57:00Z,2026-10-08T23:57:00+02:00,54,placa-vella,297,201,96,32.3
2026-10-08T21:57:00Z,2026-10-08T23:57:00+02:00,55,ajuntament-mercat,237,203,34,14.3
2026-10-08T21:58:00Z,2026-10-08T23:58:00+02:00,53,dr-robert,407,324,83,20.4
2026-10-08T21:58:00Z,2026-10-08T23:58:00+02:00,54,placa-vella,297,201,96,32.3
2026-10-08T21:58:00Z,2026-10-08T23:58:00+02:00,55,ajuntament-mercat,237,203,34,14.3
2026-10-08T21:59:00Z,2026-10-08T23:59:00+02:00,53,dr-robert,407,324,83,20.4
2026-10-08T21:59:00Z,2026-10-08T23:59:00+02:00,54,placa-vella,297,201,96,32.3
2026-10-08T21:59:00Z,2026-10-08T23:59:00+02:00,55,ajuntament-mercat,237,203,34,14.3
