timestamp_utc,timestamp_local,parking_id,parking_slug,capacity,available,occupied,occupancy_pct
2026-09-29T22:00:00Z,2026-09-30T00:00:00+02:00,53,dr-robert,407,325,82,20.1
2026-09-29T22:00:00Z,2026-09-30T00:00:00+02:00,54,placa-vella,297,201,96,32.3
2026-09-29T22:00:00Z,2026-09-30T00:00:00+02:00,55,ajuntament-mercat,237,193,44,18.6
2026-09-29T22:01:00Z,2026-09-30T00:01:00+02:00,53,dr-robert,407,325,82,20.1
2026-09-29T22:01:00Z,2026-09-30T00:01:00+02:00,54,placa-vella,297,201,96,32.3
2026-09-29T22:01:00Z,2026-09-30T00:01:00+02:00,55,ajuntament-mercat,237,193,44,18.6
2026-09-29T22:02:00Z,2026-09-30T00:02:00+02:00,53,dr-robert,407,325,82,20.1
2026-09-29T22:02:00Z,2026-09-30T00:02:00+02:00,54,placa-vella,297,201,96,32.3
2026-09-29T22:02:00Z,2026-09-30T00:02:00+02:00,55,ajuntament-mercat,237,193,44,18.6
2026-09-29T22:03:00Z,2026-09-30T00:03:00+02:00,53,dr-robert,407,325,82,20.1
2026-09-29T22:03:00Z,2026-09-30T00:03:00+02:00,54,placa-vella,297,201,96,32.3
2026-09-29T22:03:00Z,2026-09-30T00:03:00+02:00,55,ajuntament-mercat,237,193,44,18.6
2026-09-29T22:04:00Z,2026-09-30T00:04:00+02:00,53,dr-robert,407,325,82,20.1
2026-09-29T22:04:00Z,2026-09-30T00:04:00+02:00,54,placa-vella,297,201,96,32.3
2026-09-29T22:04:00Z,2026-09-30T00:04:00+02:00,55,ajuntament-mercat,237,193,44,18.6
2026-09-29T22:05:00Z,2026-09-30T00:05:00+02:00,53,dr-robert,407,324,83,20.4
2026-09-29T22:05:00Z,2026-09-30T00:05:00+02:00,54,placa-vella,297,201,96,32.3
2026-09-29T22:05:00Z,2026-09-30T00:05:00+02:00,55,ajuntament-mercat,237,193,44,18.6
2026-09-29T22:06:00Z,2026-09-30T00:06:00+02:00,53,dr-robert,407,324,83,20.4
2026-09-29T22:06:00Z,2026-09-30T00:06:00+02:00,54,placa-vella,297,201,96,32.3
2026-09-29T22:06:00Z,2026-09-30T00:06:00+02:00,55,ajuntament-mercat,237,193,44,18.6
2026-09-29T22:07:00Z,2026-09-30T00:07:00+02:00,53,dr-robert,407,324,83,20.4
2026-09-29T22:07:00Z,2026-09-30T00:07:00+02:00,54,placa-vella,297,201,96,32.3
2026-09-29T22:07:00Z,2026-09-30T00:07:00+02:00,55,ajuntament-mercat,237,193,44,18.6
2026-09-29T22:08:00Z,2026-09-30T00:08:00+02:00,53,dr-robert,407,324,83,20.4
2026-09-29T22:08:00Z,2026-09-30T00:08:00+02:00,54,placa-vella,297,201,96,32.3
2026-09-29T22:08:00Z,2026-09-30T00:08:00+02:00,55,ajuntament-mercat,237,193,44,18.6
2026-09-29T22:09:00Z,2026-09-30T00:09:00+02:00,53,dr-robert,407,324,83,20.4
2026-09-29T22:09:00Z,2026-09-30T00:09:00+02:00,54,placa-vella,297,201,96,32.3
2026-09-29T22:09:00Z,2026-09-30T00:09:00+02:00,55,ajuntament-mercat,237,193,44,18.6
2026-09-29T22:10:00Z,2026-09-30T00:10:00+02:00,53,dr-robert,407,324,83,20.4
2026-09-29T22:10:00Z,2026-09-30T00:10:00+02:00,54,placa-vella,297,201,96,32.3
2026-09-29T22:10:00Z,2026-09-30T00:10:00+02:00,55,ajuntament-mercat,237,193,44,18.6
2026-09-29T22:11:00Z,2026-09-30T00:11:00+02:00,53,dr-robert,407,324,83,20.4
2026-09-29T22:11:00Z,2026-09-30T00:11:00+02:00,54,placa-vella,297,201,96,32.3
2026-09-29T22:11:00Z,2026-09-30T00:11:00+02:00,55,ajuntament-mercat,237,193,44,18.6
2026-09-29T22:12:00Z,2026-09-30T00:12:00+02:00,53,dr-robert,407,324,83,20.4
2026-09-29T22:12:00Z,2026-09-30T00:12:00+02:00,54,placa-vella,297,201,96,32.3
2026-09-29T22:12:00Z,2026-09-30T00:12:00+02:00,55,ajuntament-mercat,237,193,44,18.6
2026-09-29T22:13:00Z,2026-09-30T00:13:00+02:00,53,dr-robert,407,324,83,20.4
2026-09-29T22:13:00Z,2026-09-30T00:13:00+02:00,54,placa-vella,297,201,96,32.3
2026-09-29T22:13:00Z,2026-09-30T00:13:00+02:00,55,ajuntament-mercat,237,193,44,18.6
2026-09-29T22:14:00Z,2026-09-30T00:14:00+02:00,53,dr-robert,407,324,83,20.4
2026-09-29T22:14:00Z,2026-09-30T00:14:00+02:00,54,placa-vella,297,201,96,32.3
2026-09-29T22:14:00Z,2026-09-30T00:14:00+02:00,55,ajuntament-mercat,237,193,44,18.6
2026-09-29T22:15:00Z,2026-09-30T00:15:00+02:00,53,dr-robert,407,324,83,20.4
2026-09-29T22:15:00Z,2026-09-30T00:15:00+02:00,54,placa-vella,297,201,96,32.3
2026-09-29T22:15:00Z,2026-09-30T00:15:00+02:00,55,ajuntament-mercat,237,193,44,18.6
2026-09-29T22:16:00Z,2026-09-30T00:16:00+02:00,53,dr-robert,407,324,83,20.4
2026-09-29T22:16:00Z,2026-09-30T00:16:00+02:00,54,placa-vella,297,201,96,32.3
2026-09-29T22:16:00Z,2026-09-30T00:16:00+02:00,55,ajuntament-mercat,237,193,44,18.6
2026-09-29T22:17:00Z,2026-09-30T00:17:00+02:00,53,dr-robert,407,324,83,20.4
2026-09-29T22:17:00Z,2026-09-30T00:17:00+02:00,54,placa-vella,297,201,96,32.3
2026-09-29T22:17:00Z,2026-09-30T00:17:00+02:00,55,ajuntament-mercat,237,193,44,18.6
2026-09-29T22:18:00Z,2026-09-30T00:18:00+02:00,53,dr-robert,407,324,83,20.4
2026-09-29T22:18:00Z,2026-09-30T00:18:00+02:00,54,placa-vella,297,201,96,32.3
2026-09-29T22:18:00Z,2026-09-30T00:18:00+02:00,55,ajuntament-mercat,237,193,44,18.6
2026-09-29T22:19:00Z,2026-09-30T00:19:00+02:00,53,dr-robert,407,324,83,20.4
2026-09-29T22:19:00Z,2026-09-30T00:19:00+02:00,54,placa-vella,297,201,96,32.3
2026-09-29T22:19:00Z,2026-09-30T00:19:00+02:00,55,ajuntament-mercat,237,193,44,18.6
2026-09-29T22:20:00Z,2026-09-30T00:20:00+02:00,53,dr-robert,407,324,83,20.4
2026-09-29T22:20:00Z,2026-09-30T00:20:00+02:00,54,placa-vella,297,201,96,32.3
2026-09-29T22:20:00Z,2026-09-30T00:20:00+02:00,55,ajuntament-mercat,237,193,44,18.6
2026-09-29T22:21:00Z,2026-09-30T00:21:00+02:00,53,dr-robert,407,324,83,20.4
2026-09-29T22:21:00Z,2026-09-30T00:21:00+02:00,54,placa-vella,297,201,96,32.3
2026-09-29T22:21:00Z,2026-09-30T00:21:00+02:00,55,ajuntament-mercat,237,193,44,18.6
2026-09-29T22:22:00Z,2026-09-30T00:22:00+02:00,53,dr-robert,407,324,83,20.4
2026-09-29T22:22:00Z,2026-09-30T00:22:00+02:00,54,placa-vella,297,201,96,32.3
2026-09-29T22:22:00Z,2026-09-30T00:22:00+02:00,55,ajuntament-mercat,237,193,44,18.6
2026-09-29T22:23:00Z,2026-09-30T00:23:00+02:00,53,dr-robert,407,324,83,20.4
2026-09-29T22:23:00Z,2026-09-30T00:23:00+02:00,54,placa-vella,297,201,96,32.3
2026-09-29T22:23:00Z,2026-09-30T00:23:00+02:00,55,ajuntament-mercat,237,193,44,18.6
2026-09-29T22:24:00Z,2026-09-30T00:24:00+02:00,53,dr-robert,407,324,83,20.4
2026-09-29T22:24:00Z,2026-09-30T00:24:00+02:00,54,placa-vella,297,201,96,32.3
2026-09-29T22:24:00Z,2026-09-30T00:24:00+02:00,55,ajuntament-mercat,237,193,44,18.6
2026-09-29T22:25:00Z,2026-09-30T00:25:00+02:00,53,dr-robert,407,323,84,20.6
2026-09-29T22:25:00Z,2026-09-30T00:25:00+02:00,54,placa-vella,297,201,96,32.3
2026-09-29T22:25:00Z,2026-09-30T00:25:00+02:00,55,ajuntament-mercat,237,193,44,18.6
2026-09-29T22:26:00Z,2026-09-30T00:26:00+02:00,53,dr-robert,407,323,84,20.6
2026-09-29T22:26:00Z,2026-09-30T00:26:00+02:00,54,placa-vella,297,201,96,32.3
2026-09-29T22:26:00Z,2026-09-30T00:26:00+02:00,55,ajuntament-mercat,237,193,44,18.6
2026-09-29T22:27:00Z,2026-09-30T00:27:00+02:00,53,dr-robert,407,323,84,20.6
2026-09-29T22:27:00Z,2026-09-30T00:27:00+02:00,54,placa-vella,297,201,96,32.3
2026-09-29T22:27:00Z,2026-09-30T00:27:00+02:00,55,ajuntament-mercat,237,193,44,18.6
2026-09-29T22:28:00Z,2026-09-30T00:28:00+02:00,53,dr-robert,407,323,84,20.6
2026-09-29T22:28:00Z,2026-09-30T00:28:00+02:00,54,placa-vella,297,201,96,32.3
2026-09-29T22:28:00Z,2026-09-30T00:28:00+02:00,55,ajuntament-mercat,237,193,44,18.6
2026-09-29T22:29:00Z,2026-09-30T00:29:00+02:00,53,dr-robert,407,323,84,20.6
2026-09-29T22:29:00Z,2026-09-30T00:29:00+02:00,54,placa-vella,297,201,96,32.3
2026-09-29T22:29:00Z,2026-09-30T00:29:00+02:00,55,ajuntament-mercat,237,193,44,18.6
2026-09-29T22:30:00Z,2026-09-30T00:30:00+02:00,53,dr-robert,407,324,83,20.4
2026-09-29T22:30:00Z,2026-09-30T00:30:00+02:00,54,placa-vella,297,201,96,32.3
2026-09-29T22:30:00Z,2026-09-30T00:30:00+02:00,55,ajuntament-mercat,237,193,44,18.6
2026-09-29T22:31:00Z,2026-09-30T00:31:00+02:00,53,dr-robert,407,324,83,20.4
2026-09-29T22:31:00Z,2026-09-30T00:31:00+02:00,54,placa-vella,297,201,96,32.3
2026-09-29T22:31:00Z,2026-09-30T00:31:00+02:00,55,ajuntament-mercat,237,193,44,18.6
2026-09-29T22:32:00Z,2026-09-30T00:32:00+02:00,53,dr-robert,407,324,83,20.4
2026-09-29T22:32:00Z,2026-09-30T00:32:00+02:00,54,placa-vella,297,201,96,32.3
2026-09-29T22:32:00Z,2026-09-30T00:32:00+02:00,55,ajuntament-mercat,237,193,44,18.6
2026-09-29T22:33:00Z,2026-09-30T00:33:00+02:00,53,dr-robert,407,324,83,20.4
2026-09-29T22:33:00Z,2026-09-30T00:33:00+02:00,54,placa-vella,297,201,96,32.3
2026-09-29T22:33:00Z,2026-09-30T00:33:00+02:00,55,ajuntament-mercat,237,193,44,18.6
2026-09-29T22:34:00Z,2026-09-30T00:34:00+02:00,53,dr-robert,407,324,83,20.4
2026-09-29T22:34:00Z,2026-09-30T00:34:00+02:00,54,placa-vella,297,201,96,32.3
2026-09-29T22:34:00Z,2026-09-30T00:34:00+02:00,55,ajuntament-mercat,237,193,44,18.6
2026-09-29T22:35:00Z,2026-09-30T00:35:00+02:00,53,dr-robert,407,324,83,20.4
2026-09-29T22:35:00Z,2026-09-30T00:35:00+02:00,54,placa-vella,297,201,96,32.3
2026-09-29T22:35:00Z,2026-09-30T00:35:00+02:00,55,ajuntament-mercat,237,193,44,18.6
2026-09-29T22:36:00Z,2026-09-30T00:36:00+02:00,53,dr-robert,407,324,83,20.4
2026-09-29T22:36:00Z,2026-09-30T00:36:00+02:00,54,placa-vella,297,201,96,32.3
2026-09-29T22:36:00Z,2026-09-30T00:36:00+02:00,55,ajuntament-mercat,237,193,44,18.6
2026-09-29T22:37:00Z,2026-09-30T00:37:00+02:00,53,dr-robert,407,324,83,20.4
2026-09-29T22:37:00Z,2026-09-30T00:37:00+02:00,54,placa-vella,297,201,96,32.3
2026-09-29T22:37:00Z,2026-09-30T00:37:00+02:00,55,ajuntament-mercat,237,193,44,18.6
2026-09-29T22:38:00Z,2026-09-30T00:38:00+02:00,53,dr-robert,407,324,83,20.4
2026-09-29T22:38:00Z,2026-09-30T00:38:00+02:00,54,placa-vella,297,201,96,32.3
2026-09-29T22:38:00Z,2026-09-30T00:38:00+02:00,55,ajuntament-mercat,237,193,44,18.6
2026-09-29T22:39:00Z,2026-09-30T00:39:00+02:00,53,dr-robert,407,324,83,20.4
2026-09-29T22:39:00Z,2026-09-30T00:39:00+02:00,54,placa-vella,297,201,96,32.3
2026-09-29T22:39:00Z,2026-09-30T00:39:00+02:00,55,ajuntament-mercat,237,193,44,18.6
2026-09-29T22:40:00Z,2026-09-30T00:40:00+02:00,53,dr-robert,407,325,82,20.1
2026-09-29T22:40:00Z,2026-09-30T00:40:00+02:00,54,placa-vella,297,201,96,32.3
2026-09-29T22:40:00Z,2026-09-30T00:40:00+02:00,55,ajuntament-mercat,237,193,44,18.6
2026-09-29T22:41:00Z,2026-09-30T00:41:00+02:00,53,dr-robert,407,325,82,20.1
2026-09-29T22:41:00Z,2026-09-30T00:41:00+02:00,54,placa-vella,297,201,96,32.3
2026-09-29T22:41:00Z,2026-09-30T00:41:00+02:00,55,ajuntament-mercat,237,193,44,18.6
2026-09-29T22:42:00Z,2026-09-30T00:42:00+02:00,53,dr-robert,407,325,82,20.1
2026-09-29T22:42:00Z,2026-09-30T00:42:00+02:00,54,placa-vella,297,201,96,32.3
2026-09-29T22:42:00Z,2026-09-30T00:42:00+02:00,55,ajuntament-mercat,237,193,44,18.6
2026-09-29T22:43:00Z,2026-09-30T00:43:00+02:00,53,dr-robert,407,325,82,20.1
2026-09-29T22:43:00Z,2026-09-30T00:43:00+02:00,54,placa-vella,297,201,96,32.3
2026-09-29T22:43:00Z,2026-09-30T00:43:00+02:00,55,ajuntament-mercat,237,193,44,18.6
2026-09-29T22:44:00Z,2026-09-30T00:44:00+02:00,53,dr-robert,407,325,82,20.1
2026-09-29T22:44:00Z,2026-09-30T00:44:00+02:00,54,placa-vella,297,201,96,32.3
2026-09-29T22:44:00Z,2026-09-30T00:44:00+02:00,55,ajuntament-mercat,237,193,44,18.6
2026-09-29T22:45:00Z,2026-09-30T00:45:00+02:00,53,dr-robert,407,325,82,20.1
2026-09-29T22:45:00Z,2026-09-30T00:45:00+02:00,54,placa-vella,297,201,96,32.3
2026-09-29T22:45:00Z,2026-09-30T00:45:00+02:00,55,ajuntament-mercat,237,193,44,18.6
2026-09-29T22:46:00Z,2026-09-30T00:46:00+02:00,53,dr-robert,407,325,82,20.1
2026-09-29T22:46:00Z,2026-09-30T00:46:00+02:00,54,placa-vella,297,201,96,32.3
2026-09-29T22:46:00Z,2026-09-30T00:46:00+02:00,55,ajuntament-mercat,237,193,44,18.6
2026-09-29T22:47:00Z,2026-09-30T00:47:00+02:00,53,dr-robert,407,325,82,20.1
2026-09-29T22:47:00Z,2026-09-30T00:47:00+02:00,54,placa-vella,297,201,96,32.3
2026-09-29T22:47:00Z,2026-09-30T00:47:00+02:00,55,ajuntament-mercat,237,193,44,18.6
2026-09-29T22:48:00Z,2026-09-30T00:48:00+02:00,53,dr-robert,407,325,82,20.1
2026-09-29T22:48:00Z,2026-09-30T00:48:00+02:00,54,placa-vella,297,201,96,32.3
2026-09-29T22:48:00Z,2026-09-30T00:48:00+02:00,55,ajuntament-mercat,237,193,44,18.6
2026-09-29T22:49:00Z,2026-09-30T00:49:00+02:00,53,dr-robert,407,325,82,20.1
2026-09-29T22:49:00Z,2026-09-30T00:49:00+02:00,54,placa-vella,297,201,96,32.3
2026-09-29T22:49:00Z,2026-09-30T00:49:00+02:00,55,ajuntament-mercat,237,193,44,18.6
2026-09-29T22:50:00Z,2026-09-30T00:50:00+02:00,53,dr-robert,407,326,81,19.9
2026-09-29T22:50:00Z,2026-09-30T00:50:00+02:00,54,placa-vella,297,201,96,32.3
2026-09-29T22:50:00Z,2026-09-30T00:50:00+02:00,55,ajuntament-mercat,237,193,44,18.6
2026-09-29T22:51:00Z,2026-09-30T00:51:00+02:00,53,dr-robert,407,326,81,19.9
2026-09-29T22:51:00Z,2026-09-30T00:51:00+02:00,54,placa-vella,297,201,96,32.3
2026-09-29T22:51:00Z,2026-09-30T00:51:00+02:00,55,ajuntament-mercat,237,193,44,18.6
2026-09-29T22:52:00Z,2026-09-30T00:52:00+02:00,53,dr-robert,407,326,81,19.9
2026-09-29T22:52:00Z,2026-09-30T00:52:00+02:00,54,placa-vella,297,201,96,32.3
2026-09-29T22:52:00Z,2026-09-30T00:52:00+02:00,55,ajuntament-mercat,237,193,44,18.6
2026-09-29T22:53:00Z,2026-09-30T00:53:00+02:00,53,dr-robert,407,326,81,19.9
2026-09-29T22:53:00Z,2026-09-30T00:53:00+02:00,54,placa-vella,297,201,96,32.3
2026-09-29T22:53:00Z,2026-09-30T00:53:00+02:00,55,ajuntament-mercat,237,193,44,18.6
2026-09-29T22:54:00Z,2026-09-30T00:54:00+02:00,53,dr-robert,407,326,81,19.9
2026-09-29T22:54:00Z,2026-09-30T00:54:00+02:00,54,placa-vella,297,201,96,32.3
2026-09-29T22:54:00Z,2026-09-30T00:54:00+02:00,55,ajuntament-mercat,237,193,44,18.6
2026-09-29T22:55:00Z,2026-09-30T00:55:00+02:00,53,dr-robert,407,326,81,19.9
2026-09-29T22:55:00Z,2026-09-30T00:55:00+02:00,54,placa-vella,297,201,96,32.3
2026-09-29T22:55:00Z,2026-09-30T00:55:00+02:00,55,ajuntament-mercat,237,193,44,18.6
2026-09-29T22:56:00Z,2026-09-30T00:56:00+02:00,53,dr-robert,407,326,81,19.9
2026-09-29T22:56:00Z,2026-09-30T00:56:00+02:00,54,placa-vella,297,201,96,32.3
2026-09-29T22:56:00Z,2026-09-30T00:56:00+02:00,55,ajuntament-mercat,237,193,44,18.6
2026-09-29T22:57:00Z,2026-09-30T00:57:00+02:00,53,dr-robert,407,326,81,19.9
2026-09-29T22:57:00Z,2026-09-30T00:57:00+02:00,54,placa-vella,297,201,96,32.3
2026-09-29T22:57:00Z,2026-09-30T00:57:00+02:00,55,ajuntament-mercat,237,193,44,18.6
2026-09-29T22:58:00Z,2026-09-30T00:58:00+02:00,53,dr-robert,407,326,81,19.9
2026-09-29T22:58:00Z,2026-09-30T00:58:00+02:00,54,placa-vella,297,201,96,32.3
2026-09-29T22:58:00Z,2026-09-30T00:58:00+02:00,55,ajuntament-mercat,237,193,44,18.6
2026-09-29T22:59:00Z,2026-09-30T00:59:00+02:00,53,dr-robert,407,326,81,19.9
2026-09-29T22:59:00Z,2026-09-30T00:59:00+02:00,54,placa-vella,297,201,96,32.3
2026-09-29T22:59:00Z,2026-09-30T00:59:00+02:00,55,ajuntament-mercat,237,193,44,18.6
2026-09-29T23:00:00Z,2026-09-30T01:00:00+02:00,53,dr-robert,407,329,78,19.2
2026-09-29T23:00:00Z,2026-09-30T01:00:00+02:00,54,placa-vella,297,201,96,32.3
2026-09-29T23:00:00Z,2026-09-30T01:00:00+02:00,55,ajuntament-mercat,237,193,44,18.6
2026-09-29T23:01:00Z,2026-09-30T01:01:00+02:00,53,dr-robert,407,329,78,19.2
2026-09-29T23:01:00Z,2026-09-30T01:01:00+02:00,54,placa-vella,297,201,96,32.3
2026-09-29T23:01:00Z,2026-09-30T01:01:00+02:00,55,ajuntament-mercat,237,193,44,18.6
2026-09-29T23:02:00Z,2026-09-30T01:02:00+02:00,53,dr-robert,407,329,78,19.2
2026-09-29T23:02:00Z,2026-09-30T01:02:00+02:00,54,placa-vella,297,201,96,32.3
2026-09-29T23:02:00Z,2026-09-30T01:02:00+02:00,55,ajuntament-mercat,237,193,44,18.6
2026-09-29T23:03:00Z,2026-09-30T01:03:00+02:00,53,dr-robert,407,329,78,19.2
2026-09-29T23:03:00Z,2026-09-30T01:03:00+02:00,54,placa-vella,297,201,96,32.3
2026-09-29T23:03:00Z,2026-09-30T01:03:00+02:00,55,ajuntament-mercat,237,193,44,18.6
2026-09-29T23:04:00Z,2026-09-30T01:04:00+02:00,53,dr-robert,407,329,78,19.2
2026-09-29T23:04:00Z,2026-09-30T01:04:00+02:00,54,placa-vella,297,201,96,32.3
2026-09-29T23:04:00Z,2026-09-30T01:04:00+02:00,55,ajuntament-mercat,237,193,44,18.6
2026-09-29T23:05:00Z,2026-09-30T01:05:00+02:00,53,dr-robert,407,329,78,19.2
2026-09-29T23:05:00Z,2026-09-30T01:05:00+02:00,54,placa-vella,297,200,97,32.7
2026-09-29T23:05:00Z,2026-09-30T01:05:00+02:00,55,ajuntament-mercat,237,193,44,18.6
2026-09-29T23:06:00Z,2026-09-30T01:06:00+02:00,53,dr-robert,407,329,78,19.2
2026-09-29T23:06:00Z,2026-09-30T01:06:00+02:00,54,placa-vella,297,200,97,32.7
2026-09-29T23:06:00Z,2026-09-30T01:06:00+02:00,55,ajuntament-mercat,237,193,44,18.6
2026-09-29T23:07:00Z,2026-09-30T01:07:00+02:00,53,dr-robert,407,329,78,19.2
2026-09-29T23:07:00Z,2026-09-30T01:07:00+02:00,54,placa-vella,297,200,97,32.7
2026-09-29T23:07:00Z,2026-09-30T01:07:00+02:00,55,ajuntament-mercat,237,193,44,18.6
2026-09-29T23:08:00Z,2026-09-30T01:08:00+02:00,53,dr-robert,407,329,78,19.2
2026-09-29T23:08:00Z,2026-09-30T01:08:00+02:00,54,placa-vella,297,200,97,32.7
2026-09-29T23:08:00Z,2026-09-30T01:08:00+02:00,55,ajuntament-mercat,237,193,44,18.6
2026-09-29T23:09:00Z,2026-09-30T01:09:00+02:00,53,dr-robert,407,329,78,19.2
2026-09-29T23:09:00Z,2026-09-30T01:09:00+02:00,54,placa-vella,297,200,97,32.7
2026-09-29T23:09:00Z,2026-09-30T01:09:00+02:00,55,ajuntament-mercat,237,193,44,18.6
2026-09-29T23:10:00Z,2026-09-30T01:10:00+02:00,53,dr-robert,407,329,78,19.2
2026-09-29T23:10:00Z,2026-09-30T01:10:00+02:00,54,placa-vella,297,200,97,32.7
2026-09-29T23:10:00Z,2026-09-30T01:10:00+02:00,55,ajuntament-mercat,237,193,44,18.6
2026-09-29T23:11:00Z,2026-09-30T01:11:00+02:00,53,dr-robert,407,329,78,19.2
2026-09-29T23:11:00Z,2026-09-30T01:11:00+02:00,54,placa-vella,297,200,97,32.7
2026-09-29T23:11:00Z,2026-09-30T01:11:00+02:00,55,ajuntament-mercat,237,193,44,18.6
2026-09-29T23:12:00Z,2026-09-30T01:12:00+02:00,53,dr-robert,407,329,78,19.2
2026-09-29T23:12:00Z,2026-09-30T01:12:00+02:00,54,placa-vella,297,200,97,32.7
2026-09-29T23:12:00Z,2026-09-30T01:12:00+02:00,55,ajuntament-mercat,237,193,44,18.6
2026-09-29T23:13:00Z,2026-09-30T01:13:00+02:00,53,dr-robert,407,329,78,19.2
2026-09-29T23:13:00Z,2026-09-30T01:13:00+02:00,54,placa-vella,297,200,97,32.7
2026-09-29T23:13:00Z,2026-09-30T01:13:00+02:00,55,ajuntament-mercat,237,193,44,18.6
2026-09-29T23:14:00Z,2026-09-30T01:14:00+02:00,53,dr-robert,407,329,78,19.2
2026-09-29T23:14:00Z,2026-09-30T01:14:00+02:00,54,placa-vella,297,200,97,32.7
2026-09-29T23:14:00Z,2026-09-30T01:14:00+02:00,55,ajuntament-mercat,237,193,44,18.6
2026-09-29T23:15:00Z,2026-09-30T01:15:00+02:00,53,dr-robert,407,329,78,19.2
2026-09-29T23:15:00Z,2026-09-30T01:15:00+02:00,54,placa-vella,297,200,97,32.7
2026-09-29T23:15:00Z,2026-09-30T01:15:00+02:00,55,ajuntament-mercat,237,193,44,18.6
2026-09-29T23:16:00Z,2026-09-30T01:16:00+02:00,53,dr-robert,407,329,78,19.2
2026-09-29T23:16:00Z,2026-09-30T01:16:00+02:00,54,placa-vella,297,200,97,32.7
2026-09-29T23:16:00Z,2026-09-30T01:16:00+02:00,55,ajuntament-mercat,237,193,44,18.6
2026-09-29T23:17:00Z,2026-09-30T01:17:00+02:00,53,dr-robert,407,329,78,19.2
2026-09-29T23:17:00Z,2026-09-30T01:17:00+02:00,54,placa-vella,297,200,97,32.7
2026-09-29T23:17:00Z,2026-09-30T01:17:00+02:00,55,ajuntament-mercat,237,193,44,18.6
2026-09-29T23:18:00Z,2026-09-30T01:18:00+02:00,53,dr-robert,407,329,78,19.2
2026-09-29T23:18:00Z,2026-09-30T01:18:00+02:00,54,placa-vella,297,200,97,32.7
2026-09-29T23:18:00Z,2026-09-30T01:18:00+02:00,55,ajuntament-mercat,237,193,44,18.6
2026-09-29T23:19:00Z,2026-09-30T01:19:00+02:00,53,dr-robert,407,329,78,19.2
2026-09-29T23:19:00Z,2026-09-30T01:19:00+02:00,54,placa-vella,297,200,97,32.7
2026-09-29T23:19:00Z,2026-09-30T01:19:00+02:00,55,ajuntament-mercat,237,193,44,18.6
2026-09-29T23:20:00Z,2026-09-30T01:20:00+02:00,53,dr-robert,407,329,78,19.2
2026-09-29T23:20:00Z,2026-09-30T01:20:00+02:00,54,placa-vella,297,200,97,32.7
2026-09-29T23:20:00Z,2026-09-30T01:20:00+02:00,55,ajuntament-mercat,237,193,44,18.6
2026-09-29T23:21:00Z,2026-09-30T01:21:00+02:00,53,dr-robert,407,329,78,19.2
2026-09-29T23:21:00Z,2026-09-30T01:21:00+02:00,54,placa-vella,297,200,97,32.7
2026-09-29T23:21:00Z,2026-09-30T01:21:00+02:00,55,ajuntament-mercat,237,193,44,18.6
2026-09-29T23:22:00Z,2026-09-30T01:22:00+02:00,53,dr-robert,407,329,78,19.2
2026-09-29T23:22:00Z,2026-09-30T01:22:00+02:00,54,placa-vella,297,200,97,32.7
2026-09-29T23:22:00Z,2026-09-30T01:22:00+02:00,55,ajuntament-mercat,237,193,44,18.6
2026-09-29T23:23:00Z,2026-09-30T01:23:00+02:00,53,dr-robert,407,329,78,19.2
2026-09-29T23:23:00Z,2026-09-30T01:23:00+02:00,54,placa-vella,297,200,97,32.7
2026-09-29T23:23:00Z,2026-09-30T01:23:00+02:00,55,ajuntament-mercat,237,193,44,18.6
2026-09-29T23:24:00Z,2026-09-30T01:24:00+02:00,53,dr-robert,407,329,78,19.2
2026-09-29T23:24:00Z,2026-09-30T01:24:00+02:00,54,placa-vella,297,200,97,32.7
2026-09-29T23:24:00Z,2026-09-30T01:24:00+02:00,55,ajuntament-mercat,237,193,44,18.6
2026-09-29T23:25:00Z,2026-09-30T01:25:00+02:00,53,dr-robert,407,328,79,19.4
2026-09-29T23:25:00Z,2026-09-30T01:25:00+02:00,54,placa-vella,297,200,97,32.7
2026-09-29T23:25:00Z,2026-09-30T01:25:00+02:00,55,ajuntament-mercat,237,193,44,18.6
2026-09-29T23:26:00Z,2026-09-30T01:26:00+02:00,53,dr-robert,407,328,79,19.4
2026-09-29T23:26:00Z,2026-09-30T01:26:00+02:00,54,placa-vella,297,200,97,32.7
2026-09-29T23:26:00Z,2026-09-30T01:26:00+02:00,55,ajuntament-mercat,237,193,44,18.6
2026-09-29T23:27:00Z,2026-09-30T01:27:00+02:00,53,dr-robert,407,328,79,19.4
2026-09-29T23:27:00Z,2026-09-30T01:27:00+02:00,54,placa-vella,297,200,97,32.7
2026-09-29T23:27:00Z,2026-09-30T01:27:00+02:00,55,ajuntament-mercat,237,193,44,18.6
2026-09-29T23:28:00Z,2026-09-30T01:28:00+02:00,53,dr-robert,407,328,79,19.4
2026-09-29T23:28:00Z,2026-09-30T01:28:00+02:00,54,placa-vella,297,200,97,32.7
2026-09-29T23:28:00Z,2026-09-30T01:28:00+02:00,55,ajuntament-mercat,237,193,44,18.6
2026-09-29T23:29:00Z,2026-09-30T01:29:00+02:00,53,dr-robert,407,328,79,19.4
2026-09-29T23:29:00Z,2026-09-30T01:29:00+02:00,54,placa-vella,297,200,97,32.7
2026-09-29T23:29:00Z,2026-09-30T01:29:00+02:00,55,ajuntament-mercat,237,193,44,18.6
2026-09-29T23:30:00Z,2026-09-30T01:30:00+02:00,53,dr-robert,407,328,79,19.4
2026-09-29T23:30:00Z,2026-09-30T01:30:00+02:00,54,placa-vella,297,200,97,32.7
2026-09-29T23:30:00Z,2026-09-30T01:30:00+02:00,55,ajuntament-mercat,237,193,44,18.6
2026-09-29T23:31:00Z,2026-09-30T01:31:00+02:00,53,dr-robert,407,328,79,19.4
2026-09-29T23:31:00Z,2026-09-30T01:31:00+02:00,54,placa-vella,297,200,97,32.7
2026-09-29T23:31:00Z,2026-09-30T01:31:00+02:00,55,ajuntament-mercat,237,193,44,18.6
2026-09-29T23:32:00Z,2026-09-30T01:32:00+02:00,53,dr-robert,407,328,79,19.4
2026-09-29T23:32:00Z,2026-09-30T01:32:00+02:00,54,placa-vella,297,200,97,32.7
2026-09-29T23:32:00Z,2026-09-30T01:32:00+02:00,55,ajuntament-mercat,237,193,44,18.6
2026-09-29T23:33:00Z,2026-09-30T01:33:00+02:00,53,dr-robert,407,328,79,19.4
2026-09-29T23:33:00Z,2026-09-30T01:33:00+02:00,54,placa-vella,297,200,97,32.7
2026-09-29T23:33:00Z,2026-09-30T01:33:00+02:00,55,ajuntament-mercat,237,193,44,18.6
2026-09-29T23:34:00Z,2026-09-30T01:34:00+02:00,53,dr-robert,407,328,79,19.4
2026-09-29T23:34:00Z,2026-09-30T01:34:00+02:00,54,placa-vella,297,200,97,32.7
2026-09-29T23:34:00Z,2026-09-30T01:34:00+02:00,55,ajuntament-mercat,237,193,44,18.6
2026-09-29T23:35:00Z,2026-09-30T01:35:00+02:00,53,dr-robert,407,329,78,19.2
2026-09-29T23:35:00Z,2026-09-30T01:35:00+02:00,54,placa-vella,297,200,97,32.7
2026-09-29T23:35:00Z,2026-09-30T01:35:00+02:00,55,ajuntament-mercat,237,193,44,18.6
2026-09-29T23:36:00Z,2026-09-30T01:36:00+02:00,53,dr-robert,407,329,78,19.2
2026-09-29T23:36:00Z,2026-09-30T01:36:00+02:00,54,placa-vella,297,200,97,32.7
2026-09-29T23:36:00Z,2026-09-30T01:36:00+02:00,55,ajuntament-mercat,237,193,44,18.6
2026-09-29T23:37:00Z,2026-09-30T01:37:00+02:00,53,dr-robert,407,329,78,19.2
2026-09-29T23:37:00Z,2026-09-30T01:37:00+02:00,54,placa-vella,297,200,97,32.7
2026-09-29T23:37:00Z,2026-09-30T01:37:00+02:00,55,ajuntament-mercat,237,193,44,18.6
2026-09-29T23:38:00Z,2026-09-30T01:38:00+02:00,53,dr-robert,407,329,78,19.2
2026-09-29T23:38:00Z,2026-09-30T01:38:00+02:00,54,placa-vella,297,200,97,32.7
2026-09-29T23:38:00Z,2026-09-30T01:38:00+02:00,55,ajuntament-mercat,237,193,44,18.6
2026-09-29T23:39:00Z,2026-09-30T01:39:00+02:00,53,dr-robert,407,329,78,19.2
2026-09-29T23:39:00Z,2026-09-30T01:39:00+02:00,54,placa-vella,297,200,97,32.7
2026-09-29T23:39:00Z,2026-09-30T01:39:00+02:00,55,ajuntament-mercat,237,193,44,18.6
2026-09-29T23:40:00Z,2026-09-30T01:40:00+02:00,53,dr-robert,407,329,78,19.2
2026-09-29T23:40:00Z,2026-09-30T01:40:00+02:00,54,placa-vella,297,200,97,32.7
2026-09-29T23:40:00Z,2026-09-30T01:40:00+02:00,55,ajuntament-mercat,237,193,44,18.6
2026-09-29T23:41:00Z,2026-09-30T01:41:00+02:00,53,dr-robert,407,329,78,19.2
2026-09-29T23:41:00Z,2026-09-30T01:41:00+02:00,54,placa-vella,297,200,97,32.7
2026-09-29T23:41:00Z,2026-09-30T01:41:00+02:00,55,ajuntament-mercat,237,193,44,18.6
2026-09-29T23:42:00Z,2026-09-30T01:42:00+02:00,53,dr-robert,407,329,78,19.2
2026-09-29T23:42:00Z,2026-09-30T01:42:00+02:00,54,placa-vella,297,200,97,32.7
2026-09-29T23:42:00Z,2026-09-30T01:42:00+02:00,55,ajuntament-mercat,237,193,44,18.6
2026-09-29T23:43:00Z,2026-09-30T01:43:00+02:00,53,dr-robert,407,329,78,19.2
2026-09-29T23:43:00Z,2026-09-30T01:43:00+02:00,54,placa-vella,297,200,97,32.7
2026-09-29T23:43:00Z,2026-09-30T01:43:00+02:00,55,ajuntament-mercat,237,193,44,18.6
2026-09-29T23:44:00Z,2026-09-30T01:44:00+02:00,53,dr-robert,407,329,78,19.2
2026-09-29T23:44:00Z,2026-09-30T01:44:00+02:00,54,placa-vella,297,200,97,32.7
2026-09-29T23:44:00Z,2026-09-30T01:44:00+02:00,55,ajuntament-mercat,237,193,44,18.6
2026-09-29T23:45:00Z,2026-09-30T01:45:00+02:00,53,dr-robert,407,329,78,19.2
2026-09-29T23:45:00Z,2026-09-30T01:45:00+02:00,54,placa-vella,297,200,97,32.7
2026-09-29T23:45:00Z,2026-09-30T01:45:00+02:00,55,ajuntament-mercat,237,193,44,18.6
2026-09-29T23:46:00Z,2026-09-30T01:46:00+02:00,53,dr-robert,407,329,78,19.2
2026-09-29T23:46:00Z,2026-09-30T01:46:00+02:00,54,placa-vella,297,200,97,32.7
2026-09-29T23:46:00Z,2026-09-30T01:46:00+02:00,55,ajuntament-mercat,237,193,44,18.6
2026-09-29T23:47:00Z,2026-09-30T01:47:00+02:00,53,dr-robert,407,329,78,19.2
2026-09-29T23:47:00Z,2026-09-30T01:47:00+02:00,54,placa-vella,297,200,97,32.7
2026-09-29T23:47:00Z,2026-09-30T01:47:00+02:00,55,ajuntament-mercat,237,193,44,18.6
2026-09-29T23:48:00Z,2026-09-30T01:48:00+02:00,53,dr-robert,407,329,78,19.2
2026-09-29T23:48:00Z,2026-09-30T01:48:00+02:00,54,placa-vella,297,200,97,32.7
2026-09-29T23:48:00Z,2026-09-30T01:48:00+02:00,55,ajuntament-mercat,237,193,44,18.6
2026-09-29T23:49:00Z,2026-09-30T01:49:00+02:00,53,dr-robert,407,329,78,19.2
2026-09-29T23:49:00Z,2026-09-30T01:49:00+02:00,54,placa-vella,297,200,97,32.7
2026-09-29T23:49:00Z,2026-09-30T01:49:00+02:00,55,ajuntament-mercat,237,193,44,18.6
2026-09-29T23:50:00Z,2026-09-30T01:50:00+02:00,53,dr-robert,407,329,78,19.2
2026-09-29T23:50:00Z,2026-09-30T01:50:00+02:00,54,placa-vella,297,200,97,32.7
2026-09-29T23:50:00Z,2026-09-30T01:50:00+02:00,55,ajuntament-mercat,237,193,44,18.6
2026-09-29T23:51:00Z,2026-09-30T01:51:00+02:00,53,dr-robert,407,329,78,19.2
2026-09-29T23:51:00Z,2026-09-30T01:51:00+02:00,54,placa-vella,297,200,97,32.7
2026-09-29T23:51:00Z,2026-09-30T01:51:00+02:00,55,ajuntament-mercat,237,193,44,18.6
2026-09-29T23:52:00Z,2026-09-30T01:52:00+02:00,53,dr-robert,407,329,78,19.2
2026-09-29T23:52:00Z,2026-09-30T01:52:00+02:00,54,placa-vella,297,200,97,32.7
2026-09-29T23:52:00Z,2026-09-30T01:52:00+02:00,55,ajuntament-mercat,237,193,44,18.6
2026-09-29T23:53:00Z,2026-09-30T01:53:00+02:00,53,dr-robert,407,329,78,19.2
2026-09-29T23:53:00Z,2026-09-30T01:53:00+02:00,54,placa-vella,297,200,97,32.7
2026-09-29T23:53:00Z,2026-09-30T01:53:00+02:00,55,ajuntament-mercat,237,193,44,18.6
2026-09-29T23:54:00Z,2026-09-30T01:54:00+02:00,53,dr-robert,407,329,78,19.2
2026-09-29T23:54:00Z,2026-09-30T01:54:00+02:00,54,placa-vella,297,200,97,32.7
2026-09-29T23:54:00Z,2026-09-30T01:54:00+02:00,55,ajuntament-mercat,237,193,44,18.6
2026-09-29T23:55:00Z,2026-09-30T01:55:00+02:00,53,dr-robert,407,329,78,19.2
2026-09-29T23:55:00Z,2026-09-30T01:55:00+02:00,54,placa-vella,297,200,97,32.7
2026-09-29T23:55:00Z,2026-09-30T01:55:00+02:00,55,ajuntament-mercat,237,193,44,18.6
2026-09-29T23:56:00Z,2026-09-30T01:56:00+02:00,53,dr-robert,407,329,78,19.2
2026-09-29T23:56:00Z,2026-09-30T01:56:00+02:00,54,placa-vella,297,200,97,32.7
2026-09-29T23:56:00Z,2026-09-30T01:56:00+02:00,55,ajuntament-mercat,237,193,44,18.6
2026-09-29T23:57:00Z,2026-09-30T01:57:00+02:00,53,dr-robert,407,329,78,19.2
2026-09-29T23:57:00Z,2026-09-30T01:57:00+02:00,54,placa-vella,297,200,97,32.7
2026-09-29T23:57:00Z,2026-09-30T01:57:00+02:00,55,ajuntament-mercat,237,193,44,18.6
2026-09-29T23:58:00Z,2026-09-30T01:58:00+02:00,53,dr-robert,407,329,78,19.2
2026-09-29T23:58:00Z,2026-09-30T01:58:00+02:00,54,placa-vella,297,200,97,32.7
2026-09-29T23:58:00Z,2026-09-30T01:58:00+02:00,55,ajuntament-mercat,237,193,44,18.6
2026-09-29T23:59:00Z,2026-09-30T01:59:00+02:00,53,dr-robert,407,329,78,19.2
2026-09-29T23:59:00Z,2026-09-30T01:59:00+02:00,54,placa-vella,297,200,97,32.7
2026-09-29T23:59:00Z,2026-09-30T01:59:00+02:00,55,ajuntament-mercat,237,193,44,18.6
2026-09-30T00:00:00Z,2026-09-30T02:00:00+02:00,53,dr-robert,407,329,78,19.2
2026-09-30T00:00:00Z,2026-09-30T02:00:00+02:00,54,placa-vella,297,200,97,32.7
2026-09-30T00:00:00Z,2026-09-30T02:00:00+02:00,55,ajuntament-mercat,237,193,44,18.6
2026-09-30T00:01:00Z,2026-09-30T02:01:00+02:00,53,dr-robert,407,329,78,19.2
2026-09-30T00:01:00Z,2026-09-30T02:01:00+02:00,54,placa-vella,297,200,97,32.7
2026-09-30T00:01:00Z,2026-09-30T02:01:00+02:00,55,ajuntament-mercat,237,193,44,18.6
2026-09-30T00:02:00Z,2026-09-30T02:02:00+02:00,53,dr-robert,407,329,78,19.2
2026-09-30T00:02:00Z,2026-09-30T02:02:00+02:00,54,placa-vella,297,200,97,32.7
2026-09-30T00:02:00Z,2026-09-30T02:02:00+02:00,55,ajuntament-mercat,237,193,44,18.6
2026-09-30T00:03:00Z,2026-09-30T02:03:00+02:00,53,dr-robert,407,329,78,19.2
2026-09-30T00:03:00Z,2026-09-30T02:03:00+02:00,54,placa-vella,297,200,97,32.7
2026-09-30T00:03:00Z,2026-09-30T02:03:00+02:00,55,ajuntament-mercat,237,193,44,18.6
2026-09-30T00:04:00Z,2026-09-30T02:04:00+02:00,53,dr-robert,407,329,78,19.2
2026-09-30T00:04:00Z,2026-09-30T02:04:00+02:00,54,placa-vella,297,200,97,32.7
2026-09-30T00:04:00Z,2026-09-30T02:04:00+02:00,55,ajuntament-mercat,237,193,44,18.6
2026-09-30T00:05:00Z,2026-09-30T02:05:00+02:00,53,dr-robert,407,330,77,18.9
2026-09-30T00:05:00Z,2026-09-30T02:05:00+02:00,54,placa-vella,297,201,96,32.3
2026-09-30T00:05:00Z,2026-09-30T02:05:00+02:00,55,ajuntament-mercat,237,193,44,18.6
2026-09-30T00:06:00Z,2026-09-30T02:06:00+02:00,53,dr-robert,407,330,77,18.9
2026-09-30T00:06:00Z,2026-09-30T02:06:00+02:00,54,placa-vella,297,201,96,32.3
2026-09-30T00:06:00Z,2026-09-30T02:06:00+02:00,55,ajuntament-mercat,237,193,44,18.6
2026-09-30T00:07:00Z,2026-09-30T02:07:00+02:00,53,dr-robert,407,330,77,18.9
2026-09-30T00:07:00Z,2026-09-30T02:07:00+02:00,54,placa-vella,297,201,96,32.3
2026-09-30T00:07:00Z,2026-09-30T02:07:00+02:00,55,ajuntament-mercat,237,193,44,18.6
2026-09-30T00:08:00Z,2026-09-30T02:08:00+02:00,53,dr-robert,407,330,77,18.9
2026-09-30T00:08:00Z,2026-09-30T02:08:00+02:00,54,placa-vella,297,201,96,32.3
2026-09-30T00:08:00Z,2026-09-30T02:08:00+02:00,55,ajuntament-mercat,237,193,44,18.6
2026-09-30T00:09:00Z,2026-09-30T02:09:00+02:00,53,dr-robert,407,330,77,18.9
2026-09-30T00:09:00Z,2026-09-30T02:09:00+02:00,54,placa-vella,297,201,96,32.3
2026-09-30T00:09:00Z,2026-09-30T02:09:00+02:00,55,ajuntament-mercat,237,193,44,18.6
2026-09-30T00:10:00Z,2026-09-30T02:10:00+02:00,53,dr-robert,407,330,77,18.9
2026-09-30T00:10:00Z,2026-09-30T02:10:00+02:00,54,placa-vella,297,200,97,32.7
2026-09-30T00:10:00Z,2026-09-30T02:10:00+02:00,55,ajuntament-mercat,237,193,44,18.6
2026-09-30T00:11:00Z,2026-09-30T02:11:00+02:00,53,dr-robert,407,330,77,18.9
2026-09-30T00:11:00Z,2026-09-30T02:11:00+02:00,54,placa-vella,297,200,97,32.7
2026-09-30T00:11:00Z,2026-09-30T02:11:00+02:00,55,ajuntament-mercat,237,193,44,18.6
2026-09-30T00:12:00Z,2026-09-30T02:12:00+02:00,53,dr-robert,407,330,77,18.9
2026-09-30T00:12:00Z,2026-09-30T02:12:00+02:00,54,placa-vella,297,200,97,32.7
2026-09-30T00:12:00Z,2026-09-30T02:12:00+02:00,55,ajuntament-mercat,237,193,44,18.6
2026-09-30T00:13:00Z,2026-09-30T02:13:00+02:00,53,dr-robert,407,330,77,18.9
2026-09-30T00:13:00Z,2026-09-30T02:13:00+02:00,54,placa-vella,297,200,97,32.7
2026-09-30T00:13:00Z,2026-09-30T02:13:00+02:00,55,ajuntament-mercat,237,193,44,18.6
2026-09-30T00:14:00Z,2026-09-30T02:14:00+02:00,53,dr-robert,407,330,77,18.9
2026-09-30T00:14:00Z,2026-09-30T02:14:00+02:00,54,placa-vella,297,200,97,32.7
2026-09-30T00:14:00Z,2026-09-30T02:14:00+02:00,55,ajuntament-mercat,237,193,44,18.6
2026-09-30T00:15:00Z,2026-09-30T02:15:00+02:00,53,dr-robert,407,330,77,18.9
2026-09-30T00:15:00Z,2026-09-30T02:15:00+02:00,54,placa-vella,297,200,97,32.7
2026-09-30T00:15:00Z,2026-09-30T02:15:00+02:00,55,ajuntament-mercat,237,193,44,18.6
2026-09-30T00:16:00Z,2026-09-30T02:16:00+02:00,53,dr-robert,407,330,77,18.9
2026-09-30T00:16:00Z,2026-09-30T02:16:00+02:00,54,placa-vella,297,200,97,32.7
2026-09-30T00:16:00Z,2026-09-30T02:16:00+02:00,55,ajuntament-mercat,237,193,44,18.6
2026-09-30T00:17:00Z,2026-09-30T02:17:00+02:00,53,dr-robert,407,330,77,18.9
2026-09-30T00:17:00Z,2026-09-30T02:17:00+02:00,54,placa-vella,297,200,97,32.7
2026-09-30T00:17:00Z,2026-09-30T02:17:00+02:00,55,ajuntament-mercat,237,193,44,18.6
2026-09-30T00:18:00Z,2026-09-30T02:18:00+02:00,53,dr-robert,407,330,77,18.9
2026-09-30T00:18:00Z,2026-09-30T02:18:00+02:00,54,placa-vella,297,200,97,32.7
2026-09-30T00:18:00Z,2026-09-30T02:18:00+02:00,55,ajuntament-mercat,237,193,44,18.6
2026-09-30T00:19:00Z,2026-09-30T02:19:00+02:00,53,dr-robert,407,330,77,18.9
2026-09-30T00:19:00Z,2026-09-30T02:19:00+02:00,54,placa-vella,297,200,97,32.7
2026-09-30T00:19:00Z,2026-09-30T02:19:00+02:00,55,ajuntament-mercat,237,193,44,18.6
2026-09-30T00:20:00Z,2026-09-30T02:20:00+02:00,53,dr-robert,407,330,77,18.9
2026-09-30T00:20:00Z,2026-09-30T02:20:00+02:00,54,placa-vella,297,200,97,32.7
2026-09-30T00:20:00Z,2026-09-30T02:20:00+02:00,55,ajuntament-mercat,237,193,44,18.6
2026-09-30T00:21:00Z,2026-09-30T02:21:00+02:00,53,dr-robert,407,330,77,18.9
2026-09-30T00:21:00Z,2026-09-30T02:21:00+02:00,54,placa-vella,297,200,97,32.7
2026-09-30T00:21:00Z,2026-09-30T02:21:00+02:00,55,ajuntament-mercat,237,193,44,18.6
2026-09-30T00:22:00Z,2026-09-30T02:22:00+02:00,53,dr-robert,407,330,77,18.9
2026-09-30T00:22:00Z,2026-09-30T02:22:00+02:00,54,placa-vella,297,200,97,32.7
2026-09-30T00:22:00Z,2026-09-30T02:22:00+02:00,55,ajuntament-mercat,237,193,44,18.6
2026-09-30T00:23:00Z,2026-09-30T02:23:00+02:00,53,dr-robert,407,330,77,18.9
2026-09-30T00:23:00Z,2026-09-30T02:23:00+02:00,54,placa-vella,297,200,97,32.7
2026-09-30T00:23:00Z,2026-09-30T02:23:00+02:00,55,ajuntament-mercat,237,193,44,18.6
2026-09-30T00:24:00Z,2026-09-30T02:24:00+02:00,53,dr-robert,407,330,77,18.9
2026-09-30T00:24:00Z,2026-09-30T02:24:00+02:00,54,placa-vella,297,200,97,32.7
2026-09-30T00:24:00Z,2026-09-30T02:24:00+02:00,55,ajuntament-mercat,237,193,44,18.6
2026-09-30T00:25:00Z,2026-09-30T02:25:00+02:00,53,dr-robert,407,330,77,18.9
2026-09-30T00:25:00Z,2026-09-30T02:25:00+02:00,54,placa-vella,297,200,97,32.7
2026-09-30T00:25:00Z,2026-09-30T02:25:00+02:00,55,ajuntament-mercat,237,193,44,18.6
2026-09-30T00:26:00Z,2026-09-30T02:26:00+02:00,53,dr-robert,407,330,77,18.9
2026-09-30T00:26:00Z,2026-09-30T02:26:00+02:00,54,placa-vella,297,200,97,32.7
2026-09-30T00:26:00Z,2026-09-30T02:26:00+02:00,55,ajuntament-mercat,237,193,44,18.6
2026-09-30T00:27:00Z,2026-09-30T02:27:00+02:00,53,dr-robert,407,330,77,18.9
2026-09-30T00:27:00Z,2026-09-30T02:27:00+02:00,54,placa-vella,297,200,97,32.7
2026-09-30T00:27:00Z,2026-09-30T02:27:00+02:00,55,ajuntament-mercat,237,193,44,18.6
2026-09-30T00:28:00Z,2026-09-30T02:28:00+02:00,53,dr-robert,407,330,77,18.9
2026-09-30T00:28:00Z,2026-09-30T02:28:00+02:00,54,placa-vella,297,200,97,32.7
2026-09-30T00:28:00Z,2026-09-30T02:28:00+02:00,55,ajuntament-mercat,237,193,44,18.6
2026-09-30T00:29:00Z,2026-09-30T02:29:00+02:00,53,dr-robert,407,330,77,18.9
2026-09-30T00:29:00Z,2026-09-30T02:29:00+02:00,54,placa-vella,297,200,97,32.7
2026-09-30T00:29:00Z,2026-09-30T02:29:00+02:00,55,ajuntament-mercat,237,193,44,18.6
2026-09-30T00:30:00Z,2026-09-30T02:30:00+02:00,53,dr-robert,407,331,76,18.7
2026-09-30T00:30:00Z,2026-09-30T02:30:00+02:00,54,placa-vella,297,200,97,32.7
2026-09-30T00:30:00Z,2026-09-30T02:30:00+02:00,55,ajuntament-mercat,237,193,44,18.6
2026-09-30T00:31:00Z,2026-09-30T02:31:00+02:00,53,dr-robert,407,331,76,18.7
2026-09-30T00:31:00Z,2026-09-30T02:31:00+02:00,54,placa-vella,297,200,97,32.7
2026-09-30T00:31:00Z,2026-09-30T02:31:00+02:00,55,ajuntament-mercat,237,193,44,18.6
2026-09-30T00:32:00Z,2026-09-30T02:32:00+02:00,53,dr-robert,407,331,76,18.7
2026-09-30T00:32:00Z,2026-09-30T02:32:00+02:00,54,placa-vella,297,200,97,32.7
2026-09-30T00:32:00Z,2026-09-30T02:32:00+02:00,55,ajuntament-mercat,237,193,44,18.6
2026-09-30T00:33:00Z,2026-09-30T02:33:00+02:00,53,dr-robert,407,331,76,18.7
2026-09-30T00:33:00Z,2026-09-30T02:33:00+02:00,54,placa-vella,297,200,97,32.7
2026-09-30T00:33:00Z,2026-09-30T02:33:00+02:00,55,ajuntament-mercat,237,193,44,18.6
2026-09-30T00:34:00Z,2026-09-30T02:34:00+02:00,53,dr-robert,407,331,76,18.7
2026-09-30T00:34:00Z,2026-09-30T02:34:00+02:00,54,placa-vella,297,200,97,32.7
2026-09-30T00:34:00Z,2026-09-30T02:34:00+02:00,55,ajuntament-mercat,237,193,44,18.6
2026-09-30T00:35:00Z,2026-09-30T02:35:00+02:00,53,dr-robert,407,330,77,18.9
2026-09-30T00:35:00Z,2026-09-30T02:35:00+02:00,54,placa-vella,297,200,97,32.7
2026-09-30T00:35:00Z,2026-09-30T02:35:00+02:00,55,ajuntament-mercat,237,193,44,18.6
2026-09-30T00:36:00Z,2026-09-30T02:36:00+02:00,53,dr-robert,407,330,77,18.9
2026-09-30T00:36:00Z,2026-09-30T02:36:00+02:00,54,placa-vella,297,200,97,32.7
2026-09-30T00:36:00Z,2026-09-30T02:36:00+02:00,55,ajuntament-mercat,237,193,44,18.6
2026-09-30T00:37:00Z,2026-09-30T02:37:00+02:00,53,dr-robert,407,330,77,18.9
2026-09-30T00:37:00Z,2026-09-30T02:37:00+02:00,54,placa-vella,297,200,97,32.7
2026-09-30T00:37:00Z,2026-09-30T02:37:00+02:00,55,ajuntament-mercat,237,193,44,18.6
2026-09-30T00:38:00Z,2026-09-30T02:38:00+02:00,53,dr-robert,407,330,77,18.9
2026-09-30T00:38:00Z,2026-09-30T02:38:00+02:00,54,placa-vella,297,200,97,32.7
2026-09-30T00:38:00Z,2026-09-30T02:38:00+02:00,55,ajuntament-mercat,237,193,44,18.6
2026-09-30T00:39:00Z,2026-09-30T02:39:00+02:00,53,dr-robert,407,330,77,18.9
2026-09-30T00:39:00Z,2026-09-30T02:39:00+02:00,54,placa-vella,297,200,97,32.7
2026-09-30T00:39:00Z,2026-09-30T02:39:00+02:00,55,ajuntament-mercat,237,193,44,18.6
2026-09-30T00:40:00Z,2026-09-30T02:40:00+02:00,53,dr-robert,407,331,76,18.7
2026-09-30T00:40:00Z,2026-09-30T02:40:00+02:00,54,placa-vella,297,200,97,32.7
2026-09-30T00:40:00Z,2026-09-30T02:40:00+02:00,55,ajuntament-mercat,237,193,44,18.6
2026-09-30T00:41:00Z,2026-09-30T02:41:00+02:00,53,dr-robert,407,331,76,18.7
2026-09-30T00:41:00Z,2026-09-30T02:41:00+02:00,54,placa-vella,297,200,97,32.7
2026-09-30T00:41:00Z,2026-09-30T02:41:00+02:00,55,ajuntament-mercat,237,193,44,18.6
2026-09-30T00:42:00Z,2026-09-30T02:42:00+02:00,53,dr-robert,407,331,76,18.7
2026-09-30T00:42:00Z,2026-09-30T02:42:00+02:00,54,placa-vella,297,200,97,32.7
2026-09-30T00:42:00Z,2026-09-30T02:42:00+02:00,55,ajuntament-mercat,237,193,44,18.6
2026-09-30T00:43:00Z,2026-09-30T02:43:00+02:00,53,dr-robert,407,331,76,18.7
2026-09-30T00:43:00Z,2026-09-30T02:43:00+02:00,54,placa-vella,297,200,97,32.7
2026-09-30T00:43:00Z,2026-09-30T02:43:00+02:00,55,ajuntament-mercat,237,193,44,18.6
2026-09-30T00:44:00Z,2026-09-30T02:44:00+02:00,53,dr-robert,407,331,76,18.7
2026-09-30T00:44:00Z,2026-09-30T02:44:00+02:00,54,placa-vella,297,200,97,32.7
2026-09-30T00:44:00Z,2026-09-30T02:44:00+02:00,55,ajuntament-mercat,237,193,44,18.6
2026-09-30T00:45:00Z,2026-09-30T02:45:00+02:00,53,dr-robert,407,331,76,18.7
2026-09-30T00:45:00Z,2026-09-30T02:45:00+02:00,54,placa-vella,297,200,97,32.7
2026-09-30T00:45:00Z,2026-09-30T02:45:00+02:00,55,ajuntament-mercat,237,193,44,18.6
2026-09-30T00:46:00Z,2026-09-30T02:46:00+02:00,53,dr-robert,407,331,76,18.7
2026-09-30T00:46:00Z,2026-09-30T02:46:00+02:00,54,placa-vella,297,200,97,32.7
2026-09-30T00:46:00Z,2026-09-30T02:46:00+02:00,55,ajuntament-mercat,237,193,44,18.6
2026-09-30T00:47:00Z,2026-09-30T02:47:00+02:00,53,dr-robert,407,331,76,18.7
2026-09-30T00:47:00Z,2026-09-30T02:47:00+02:00,54,placa-vella,297,200,97,32.7
2026-09-30T00:47:00Z,2026-09-30T02:47:00+02:00,55,ajuntament-mercat,237,193,44,18.6
2026-09-30T00:48:00Z,2026-09-30T02:48:00+02:00,53,dr-robert,407,331,76,18.7
2026-09-30T00:48:00Z,2026-09-30T02:48:00+02:00,54,placa-vella,297,200,97,32.7
2026-09-30T00:48:00Z,2026-09-30T02:48:00+02:00,55,ajuntament-mercat,237,193,44,18.6
2026-09-30T00:49:00Z,2026-09-30T02:49:00+02:00,53,dr-robert,407,331,76,18.7
2026-09-30T00:49:00Z,2026-09-30T02:49:00+02:00,54,placa-vella,297,200,97,32.7
2026-09-30T00:49:00Z,2026-09-30T02:49:00+02:00,55,ajuntament-mercat,237,193,44,18.6
2026-09-30T00:50:00Z,2026-09-30T02:50:00+02:00,53,dr-robert,407,331,76,18.7
2026-09-30T00:50:00Z,2026-09-30T02:50:00+02:00,54,placa-vella,297,200,97,32.7
2026-09-30T00:50:00Z,2026-09-30T02:50:00+02:00,55,ajuntament-mercat,237,193,44,18.6
2026-09-30T00:51:00Z,2026-09-30T02:51:00+02:00,53,dr-robert,407,331,76,18.7
2026-09-30T00:51:00Z,2026-09-30T02:51:00+02:00,54,placa-vella,297,200,97,32.7
2026-09-30T00:51:00Z,2026-09-30T02:51:00+02:00,55,ajuntament-mercat,237,193,44,18.6
2026-09-30T00:52:00Z,2026-09-30T02:52:00+02:00,53,dr-robert,407,331,76,18.7
2026-09-30T00:52:00Z,2026-09-30T02:52:00+02:00,54,placa-vella,297,200,97,32.7
2026-09-30T00:52:00Z,2026-09-30T02:52:00+02:00,55,ajuntament-mercat,237,193,44,18.6
2026-09-30T00:53:00Z,2026-09-30T02:53:00+02:00,53,dr-robert,407,331,76,18.7
2026-09-30T00:53:00Z,2026-09-30T02:53:00+02:00,54,placa-vella,297,200,97,32.7
2026-09-30T00:53:00Z,2026-09-30T02:53:00+02:00,55,ajuntament-mercat,237,193,44,18.6
2026-09-30T00:54:00Z,2026-09-30T02:54:00+02:00,53,dr-robert,407,331,76,18.7
2026-09-30T00:54:00Z,2026-09-30T02:54:00+02:00,54,placa-vella,297,200,97,32.7
2026-09-30T00:54:00Z,2026-09-30T02:54:00+02:00,55,ajuntament-mercat,237,193,44,18.6
2026-09-30T00:55:00Z,2026-09-30T02:55:00+02:00,53,dr-robert,407,331,76,18.7
2026-09-30T00:55:00Z,2026-09-30T02:55:00+02:00,54,placa-vella,297,200,97,32.7
2026-09-30T00:55:00Z,2026-09-30T02:55:00+02:00,55,ajuntament-mercat,237,193,44,18.6
2026-09-30T00:56:00Z,2026-09-30T02:56:00+02:00,53,dr-robert,407,331,76,18.7
2026-09-30T00:56:00Z,2026-09-30T02:56:00+02:00,54,placa-vella,297,200,97,32.7
2026-09-30T00:56:00Z,2026-09-30T02:56:00+02:00,55,ajuntament-mercat,237,193,44,18.6
2026-09-30T00:57:00Z,2026-09-30T02:57:00+02:00,53,dr-robert,407,331,76,18.7
2026-09-30T00:57:00Z,2026-09-30T02:57:00+02:00,54,placa-vella,297,200,97,32.7
2026-09-30T00:57:00Z,2026-09-30T02:57:00+02:00,55,ajuntament-mercat,237,193,44,18.6
2026-09-30T00:58:00Z,2026-09-30T02:58:00+02:00,53,dr-robert,407,331,76,18.7
2026-09-30T00:58:00Z,2026-09-30T02:58:00+02:00,54,placa-vella,297,200,97,32.7
2026-09-30T00:58:00Z,2026-09-30T02:58:00+02:00,55,ajuntament-mercat,237,193,44,18.6
2026-09-30T00:59:00Z,2026-09-30T02:59:00+02:00,53,dr-robert,407,331,76,18.7
2026-09-30T00:59:00Z,2026-09-30T02:59:00+02:00,54,placa-vella,297,200,97,32.7
2026-09-30T00:59:00Z,2026-09-30T02:59:00+02:00,55,ajuntament-mercat,237,193,44,18.6
2026-09-30T01:00:00Z,2026-09-30T03:00:00+02:00,53,dr-robert,407,331,76,18.7
2026-09-30T01:00:00Z,2026-09-30T03:00:00+02:00,54,placa-vella,297,200,97,32.7
2026-09-30T01:00:00Z,2026-09-30T03:00:00+02:00,55,ajuntament-mercat,237,193,44,18.6
2026-09-30T01:01:00Z,2026-09-30T03:01:00+02:00,53,dr-robert,407,331,76,18.7
2026-09-30T01:01:00Z,2026-09-30T03:01:00+02:00,54,placa-vella,297,200,97,32.7
2026-09-30T01:01:00Z,2026-09-30T03:01:00+02:00,55,ajuntament-mercat,237,193,44,18.6
2026-09-30T01:02:00Z,2026-09-30T03:02:00+02:00,53,dr-robert,407,331,76,18.7
2026-09-30T01:02:00Z,2026-09-30T03:02:00+02:00,54,placa-vella,297,200,97,32.7
2026-09-30T01:02:00Z,2026-09-30T03:02:00+02:00,55,ajuntament-mercat,237,193,44,18.6
2026-09-30T01:03:00Z,2026-09-30T03:03:00+02:00,53,dr-robert,407,331,76,18.7
2026-09-30T01:03:00Z,2026-09-30T03:03:00+02:00,54,placa-vella,297,200,97,32.7
2026-09-30T01:03:00Z,2026-09-30T03:03:00+02:00,55,ajuntament-mercat,237,193,44,18.6
2026-09-30T01:04:00Z,2026-09-30T03:04:00+02:00,53,dr-robert,407,331,76,18.7
2026-09-30T01:04:00Z,2026-09-30T03:04:00+02:00,54,placa-vella,297,200,97,32.7
2026-09-30T01:04:00Z,2026-09-30T03:04:00+02:00,55,ajuntament-mercat,237,193,44,18.6
2026-09-30T01:05:00Z,2026-09-30T03:05:00+02:00,53,dr-robert,407,331,76,18.7
2026-09-30T01:05:00Z,2026-09-30T03:05:00+02:00,54,placa-vella,297,200,97,32.7
2026-09-30T01:05:00Z,2026-09-30T03:05:00+02:00,55,ajuntament-mercat,237,193,44,18.6
2026-09-30T01:06:00Z,2026-09-30T03:06:00+02:00,53,dr-robert,407,331,76,18.7
2026-09-30T01:06:00Z,2026-09-30T03:06:00+02:00,54,placa-vella,297,200,97,32.7
2026-09-30T01:06:00Z,2026-09-30T03:06:00+02:00,55,ajuntament-mercat,237,193,44,18.6
2026-09-30T01:07:00Z,2026-09-30T03:07:00+02:00,53,dr-robert,407,331,76,18.7
2026-09-30T01:07:00Z,2026-09-30T03:07:00+02:00,54,placa-vella,297,200,97,32.7
2026-09-30T01:07:00Z,2026-09-30T03:07:00+02:00,55,ajuntament-mercat,237,193,44,18.6
2026-09-30T01:08:00Z,2026-09-30T03:08:00+02:00,53,dr-robert,407,331,76,18.7
2026-09-30T01:08:00Z,2026-09-30T03:08:00+02:00,54,placa-vella,297,200,97,32.7
2026-09-30T01:08:00Z,2026-09-30T03:08:00+02:00,55,ajuntament-mercat,237,193,44,18.6
2026-09-30T01:09:00Z,2026-09-30T03:09:00+02:00,53,dr-robert,407,331,76,18.7
2026-09-30T01:09:00Z,2026-09-30T03:09:00+02:00,54,placa-vella,297,200,97,32.7
2026-09-30T01:09:00Z,2026-09-30T03:09:00+02:00,55,ajuntament-mercat,237,193,44,18.6
2026-09-30T01:10:00Z,2026-09-30T03:10:00+02:00,53,dr-robert,407,332,75,18.4
2026-09-30T01:10:00Z,2026-09-30T03:10:00+02:00,54,placa-vella,297,200,97,32.7
2026-09-30T01:10:00Z,2026-09-30T03:10:00+02:00,55,ajuntament-mercat,237,193,44,18.6
2026-09-30T01:11:00Z,2026-09-30T03:11:00+02:00,53,dr-robert,407,332,75,18.4
2026-09-30T01:11:00Z,2026-09-30T03:11:00+02:00,54,placa-vella,297,200,97,32.7
2026-09-30T01:11:00Z,2026-09-30T03:11:00+02:00,55,ajuntament-mercat,237,193,44,18.6
2026-09-30T01:12:00Z,2026-09-30T03:12:00+02:00,53,dr-robert,407,332,75,18.4
2026-09-30T01:12:00Z,2026-09-30T03:12:00+02:00,54,placa-vella,297,200,97,32.7
2026-09-30T01:12:00Z,2026-09-30T03:12:00+02:00,55,ajuntament-mercat,237,193,44,18.6
2026-09-30T01:13:00Z,2026-09-30T03:13:00+02:00,53,dr-robert,407,332,75,18.4
2026-09-30T01:13:00Z,2026-09-30T03:13:00+02:00,54,placa-vella,297,200,97,32.7
2026-09-30T01:13:00Z,2026-09-30T03:13:00+02:00,55,ajuntament-mercat,237,193,44,18.6
2026-09-30T01:14:00Z,2026-09-30T03:14:00+02:00,53,dr-robert,407,332,75,18.4
2026-09-30T01:14:00Z,2026-09-30T03:14:00+02:00,54,placa-vella,297,200,97,32.7
2026-09-30T01:14:00Z,2026-09-30T03:14:00+02:00,55,ajuntament-mercat,237,193,44,18.6
2026-09-30T01:15:00Z,2026-09-30T03:15:00+02:00,53,dr-robert,407,332,75,18.4
2026-09-30T01:15:00Z,2026-09-30T03:15:00+02:00,54,placa-vella,297,200,97,32.7
2026-09-30T01:15:00Z,2026-09-30T03:15:00+02:00,55,ajuntament-mercat,237,193,44,18.6
2026-09-30T01:16:00Z,2026-09-30T03:16:00+02:00,53,dr-robert,407,332,75,18.4
2026-09-30T01:16:00Z,2026-09-30T03:16:00+02:00,54,placa-vella,297,200,97,32.7
2026-09-30T01:16:00Z,2026-09-30T03:16:00+02:00,55,ajuntament-mercat,237,193,44,18.6
2026-09-30T01:17:00Z,2026-09-30T03:17:00+02:00,53,dr-robert,407,332,75,18.4
2026-09-30T01:17:00Z,2026-09-30T03:17:00+02:00,54,placa-vella,297,200,97,32.7
2026-09-30T01:17:00Z,2026-09-30T03:17:00+02:00,55,ajuntament-mercat,237,193,44,18.6
2026-09-30T01:18:00Z,2026-09-30T03:18:00+02:00,53,dr-robert,407,332,75,18.4
2026-09-30T01:18:00Z,2026-09-30T03:18:00+02:00,54,placa-vella,297,199,98,33
2026-09-30T01:18:00Z,2026-09-30T03:18:00+02:00,55,ajuntament-mercat,237,193,44,18.6
2026-09-30T01:19:00Z,2026-09-30T03:19:00+02:00,53,dr-robert,407,332,75,18.4
2026-09-30T01:19:00Z,2026-09-30T03:19:00+02:00,54,placa-vella,297,199,98,33
2026-09-30T01:19:00Z,2026-09-30T03:19:00+02:00,55,ajuntament-mercat,237,193,44,18.6
2026-09-30T01:20:00Z,2026-09-30T03:20:00+02:00,53,dr-robert,407,332,75,18.4
2026-09-30T01:20:00Z,2026-09-30T03:20:00+02:00,54,placa-vella,297,199,98,33
2026-09-30T01:20:00Z,2026-09-30T03:20:00+02:00,55,ajuntament-mercat,237,193,44,18.6
2026-09-30T01:21:00Z,2026-09-30T03:21:00+02:00,53,dr-robert,407,332,75,18.4
2026-09-30T01:21:00Z,2026-09-30T03:21:00+02:00,54,placa-vella,297,199,98,33
2026-09-30T01:21:00Z,2026-09-30T03:21:00+02:00,55,ajuntament-mercat,237,193,44,18.6
2026-09-30T01:22:00Z,2026-09-30T03:22:00+02:00,53,dr-robert,407,332,75,18.4
2026-09-30T01:22:00Z,2026-09-30T03:22:00+02:00,54,placa-vella,297,199,98,33
2026-09-30T01:22:00Z,2026-09-30T03:22:00+02:00,55,ajuntament-mercat,237,193,44,18.6
2026-09-30T01:23:00Z,2026-09-30T03:23:00+02:00,53,dr-robert,407,332,75,18.4
2026-09-30T01:23:00Z,2026-09-30T03:23:00+02:00,54,placa-vella,297,199,98,33
2026-09-30T01:23:00Z,2026-09-30T03:23:00+02:00,55,ajuntament-mercat,237,193,44,18.6
2026-09-30T01:24:00Z,2026-09-30T03:24:00+02:00,53,dr-robert,407,332,75,18.4
2026-09-30T01:24:00Z,2026-09-30T03:24:00+02:00,54,placa-vella,297,199,98,33
2026-09-30T01:24:00Z,2026-09-30T03:24:00+02:00,55,ajuntament-mercat,237,193,44,18.6
2026-09-30T01:25:00Z,2026-09-30T03:25:00+02:00,53,dr-robert,407,332,75,18.4
2026-09-30T01:25:00Z,2026-09-30T03:25:00+02:00,54,placa-vella,297,199,98,33
2026-09-30T01:25:00Z,2026-09-30T03:25:00+02:00,55,ajuntament-mercat,237,193,44,18.6
2026-09-30T01:26:00Z,2026-09-30T03:26:00+02:00,53,dr-robert,407,332,75,18.4
2026-09-30T01:26:00Z,2026-09-30T03:26:00+02:00,54,placa-vella,297,199,98,33
2026-09-30T01:26:00Z,2026-09-30T03:26:00+02:00,55,ajuntament-mercat,237,193,44,18.6
2026-09-30T01:27:00Z,2026-09-30T03:27:00+02:00,53,dr-robert,407,332,75,18.4
2026-09-30T01:27:00Z,2026-09-30T03:27:00+02:00,54,placa-vella,297,199,98,33
2026-09-30T01:27:00Z,2026-09-30T03:27:00+02:00,55,ajuntament-mercat,237,193,44,18.6
2026-09-30T01:28:00Z,2026-09-30T03:28:00+02:00,53,dr-robert,407,332,75,18.4
2026-09-30T01:28:00Z,2026-09-30T03:28:00+02:00,54,placa-vella,297,199,98,33
2026-09-30T01:28:00Z,2026-09-30T03:28:00+02:00,55,ajuntament-mercat,237,193,44,18.6
2026-09-30T01:29:00Z,2026-09-30T03:29:00+02:00,53,dr-robert,407,332,75,18.4
2026-09-30T01:29:00Z,2026-09-30T03:29:00+02:00,54,placa-vella,297,199,98,33
2026-09-30T01:29:00Z,2026-09-30T03:29:00+02:00,55,ajuntament-mercat,237,193,44,18.6
2026-09-30T01:30:00Z,2026-09-30T03:30:00+02:00,53,dr-robert,407,331,76,18.7
2026-09-30T01:30:00Z,2026-09-30T03:30:00+02:00,54,placa-vella,297,199,98,33
2026-09-30T01:30:00Z,2026-09-30T03:30:00+02:00,55,ajuntament-mercat,237,193,44,18.6
2026-09-30T01:31:00Z,2026-09-30T03:31:00+02:00,53,dr-robert,407,331,76,18.7
2026-09-30T01:31:00Z,2026-09-30T03:31:00+02:00,54,placa-vella,297,199,98,33
2026-09-30T01:31:00Z,2026-09-30T03:31:00+02:00,55,ajuntament-mercat,237,193,44,18.6
2026-09-30T01:32:00Z,2026-09-30T03:32:00+02:00,53,dr-robert,407,331,76,18.7
2026-09-30T01:32:00Z,2026-09-30T03:32:00+02:00,54,placa-vella,297,199,98,33
2026-09-30T01:32:00Z,2026-09-30T03:32:00+02:00,55,ajuntament-mercat,237,193,44,18.6
2026-09-30T01:33:00Z,2026-09-30T03:33:00+02:00,53,dr-robert,407,331,76,18.7
2026-09-30T01:33:00Z,2026-09-30T03:33:00+02:00,54,placa-vella,297,199,98,33
2026-09-30T01:33:00Z,2026-09-30T03:33:00+02:00,55,ajuntament-mercat,237,193,44,18.6
2026-09-30T01:34:00Z,2026-09-30T03:34:00+02:00,53,dr-robert,407,331,76,18.7
2026-09-30T01:34:00Z,2026-09-30T03:34:00+02:00,54,placa-vella,297,199,98,33
2026-09-30T01:34:00Z,2026-09-30T03:34:00+02:00,55,ajuntament-mercat,237,193,44,18.6
2026-09-30T01:35:00Z,2026-09-30T03:35:00+02:00,53,dr-robert,407,331,76,18.7
2026-09-30T01:35:00Z,2026-09-30T03:35:00+02:00,54,placa-vella,297,199,98,33
2026-09-30T01:35:00Z,2026-09-30T03:35:00+02:00,55,ajuntament-mercat,237,193,44,18.6
2026-09-30T01:36:00Z,2026-09-30T03:36:00+02:00,53,dr-robert,407,331,76,18.7
2026-09-30T01:36:00Z,2026-09-30T03:36:00+02:00,54,placa-vella,297,199,98,33
2026-09-30T01:36:00Z,2026-09-30T03:36:00+02:00,55,ajuntament-mercat,237,193,44,18.6
2026-09-30T01:37:00Z,2026-09-30T03:37:00+02:00,53,dr-robert,407,331,76,18.7
2026-09-30T01:37:00Z,2026-09-30T03:37:00+02:00,54,placa-vella,297,199,98,33
2026-09-30T01:37:00Z,2026-09-30T03:37:00+02:00,55,ajuntament-mercat,237,193,44,18.6
2026-09-30T01:38:00Z,2026-09-30T03:38:00+02:00,53,dr-robert,407,331,76,18.7
2026-09-30T01:38:00Z,2026-09-30T03:38:00+02:00,54,placa-vella,297,199,98,33
2026-09-30T01:38:00Z,2026-09-30T03:38:00+02:00,55,ajuntament-mercat,237,193,44,18.6
2026-09-30T01:39:00Z,2026-09-30T03:39:00+02:00,53,dr-robert,407,331,76,18.7
2026-09-30T01:39:00Z,2026-09-30T03:39:00+02:00,54,placa-vella,297,199,98,33
2026-09-30T01:39:00Z,2026-09-30T03:39:00+02:00,55,ajuntament-mercat,237,193,44,18.6
2026-09-30T01:40:00Z,2026-09-30T03:40:00+02:00,53,dr-robert,407,332,75,18.4
2026-09-30T01:40:00Z,2026-09-30T03:40:00+02:00,54,placa-vella,297,199,98,33
2026-09-30T01:40:00Z,2026-09-30T03:40:00+02:00,55,ajuntament-mercat,237,193,44,18.6
2026-09-30T01:41:00Z,2026-09-30T03:41:00+02:00,53,dr-robert,407,332,75,18.4
2026-09-30T01:41:00Z,2026-09-30T03:41:00+02:00,54,placa-vella,297,199,98,33
2026-09-30T01:41:00Z,2026-09-30T03:41:00+02:00,55,ajuntament-mercat,237,193,44,18.6
2026-09-30T01:42:00Z,2026-09-30T03:42:00+02:00,53,dr-robert,407,332,75,18.4
2026-09-30T01:42:00Z,2026-09-30T03:42:00+02:00,54,placa-vella,297,199,98,33
2026-09-30T01:42:00Z,2026-09-30T03:42:00+02:00,55,ajuntament-mercat,237,193,44,18.6
2026-09-30T01:43:00Z,2026-09-30T03:43:00+02:00,53,dr-robert,407,332,75,18.4
2026-09-30T01:43:00Z,2026-09-30T03:43:00+02:00,54,placa-vella,297,199,98,33
2026-09-30T01:43:00Z,2026-09-30T03:43:00+02:00,55,ajuntament-mercat,237,193,44,18.6
2026-09-30T01:44:00Z,2026-09-30T03:44:00+02:00,53,dr-robert,407,332,75,18.4
2026-09-30T01:44:00Z,2026-09-30T03:44:00+02:00,54,placa-vella,297,199,98,33
2026-09-30T01:44:00Z,2026-09-30T03:44:00+02:00,55,ajuntament-mercat,237,193,44,18.6
2026-09-30T01:45:00Z,2026-09-30T03:45:00+02:00,53,dr-robert,407,333,74,18.2
2026-09-30T01:45:00Z,2026-09-30T03:45:00+02:00,54,placa-vella,297,199,98,33
2026-09-30T01:45:00Z,2026-09-30T03:45:00+02:00,55,ajuntament-mercat,237,193,44,18.6
2026-09-30T01:46:00Z,2026-09-30T03:46:00+02:00,53,dr-robert,407,333,74,18.2
2026-09-30T01:46:00Z,2026-09-30T03:46:00+02:00,54,placa-vella,297,199,98,33
2026-09-30T01:46:00Z,2026-09-30T03:46:00+02:00,55,ajuntament-mercat,237,193,44,18.6
2026-09-30T01:47:00Z,2026-09-30T03:47:00+02:00,53,dr-robert,407,333,74,18.2
2026-09-30T01:47:00Z,2026-09-30T03:47:00+02:00,54,placa-vella,297,199,98,33
2026-09-30T01:47:00Z,2026-09-30T03:47:00+02:00,55,ajuntament-mercat,237,193,44,18.6
2026-09-30T01:48:00Z,2026-09-30T03:48:00+02:00,53,dr-robert,407,333,74,18.2
2026-09-30T01:48:00Z,2026-09-30T03:48:00+02:00,54,placa-vella,297,199,98,33
2026-09-30T01:48:00Z,2026-09-30T03:48:00+02:00,55,ajuntament-mercat,237,193,44,18.6
2026-09-30T01:49:00Z,2026-09-30T03:49:00+02:00,53,dr-robert,407,333,74,18.2
2026-09-30T01:49:00Z,2026-09-30T03:49:00+02:00,54,placa-vella,297,199,98,33
2026-09-30T01:49:00Z,2026-09-30T03:49:00+02:00,55,ajuntament-mercat,237,193,44,18.6
2026-09-30T01:50:00Z,2026-09-30T03:50:00+02:00,53,dr-robert,407,338,69,17
2026-09-30T01:50:00Z,2026-09-30T03:50:00+02:00,54,placa-vella,297,199,98,33
2026-09-30T01:50:00Z,2026-09-30T03:50:00+02:00,55,ajuntament-mercat,237,193,44,18.6
2026-09-30T01:51:00Z,2026-09-30T03:51:00+02:00,53,dr-robert,407,338,69,17
2026-09-30T01:51:00Z,2026-09-30T03:51:00+02:00,54,placa-vella,297,199,98,33
2026-09-30T01:51:00Z,2026-09-30T03:51:00+02:00,55,ajuntament-mercat,237,193,44,18.6
2026-09-30T01:52:00Z,2026-09-30T03:52:00+02:00,53,dr-robert,407,338,69,17
2026-09-30T01:52:00Z,2026-09-30T03:52:00+02:00,54,placa-vella,297,199,98,33
2026-09-30T01:52:00Z,2026-09-30T03:52:00+02:00,55,ajuntament-mercat,237,193,44,18.6
2026-09-30T01:53:00Z,2026-09-30T03:53:00+02:00,53,dr-robert,407,338,69,17
2026-09-30T01:53:00Z,2026-09-30T03:53:00+02:00,54,placa-vella,297,199,98,33
2026-09-30T01:53:00Z,2026-09-30T03:53:00+02:00,55,ajuntament-mercat,237,193,44,18.6
2026-09-30T01:54:00Z,2026-09-30T03:54:00+02:00,53,dr-robert,407,338,69,17
2026-09-30T01:54:00Z,2026-09-30T03:54:00+02:00,54,placa-vella,297,199,98,33
2026-09-30T01:54:00Z,2026-09-30T03:54:00+02:00,55,ajuntament-mercat,237,193,44,18.6
2026-09-30T01:55:00Z,2026-09-30T03:55:00+02:00,53,dr-robert,407,338,69,17
2026-09-30T01:55:00Z,2026-09-30T03:55:00+02:00,54,placa-vella,297,199,98,33
2026-09-30T01:55:00Z,2026-09-30T03:55:00+02:00,55,ajuntament-mercat,237,193,44,18.6
2026-09-30T01:56:00Z,2026-09-30T03:56:00+02:00,53,dr-robert,407,338,69,17
2026-09-30T01:56:00Z,2026-09-30T03:56:00+02:00,54,placa-vella,297,199,98,33
2026-09-30T01:56:00Z,2026-09-30T03:56:00+02:00,55,ajuntament-mercat,237,193,44,18.6
2026-09-30T01:57:00Z,2026-09-30T03:57:00+02:00,53,dr-robert,407,338,69,17
2026-09-30T01:57:00Z,2026-09-30T03:57:00+02:00,54,placa-vella,297,199,98,33
2026-09-30T01:57:00Z,2026-09-30T03:57:00+02:00,55,ajuntament-mercat,237,193,44,18.6
2026-09-30T01:58:00Z,2026-09-30T03:58:00+02:00,53,dr-robert,407,338,69,17
2026-09-30T01:58:00Z,2026-09-30T03:58:00+02:00,54,placa-vella,297,199,98,33
2026-09-30T01:58:00Z,2026-09-30T03:58:00+02:00,55,ajuntament-mercat,237,193,44,18.6
2026-09-30T01:59:00Z,2026-09-30T03:59:00+02:00,53,dr-robert,407,338,69,17
2026-09-30T01:59:00Z,2026-09-30T03:59:00+02:00,54,placa-vella,297,199,98,33
2026-09-30T01:59:00Z,2026-09-30T03:59:00+02:00,55,ajuntament-mercat,237,193,44,18.6
2026-09-30T02:00:00Z,2026-09-30T04:00:00+02:00,53,dr-robert,407,338,69,17
2026-09-30T02:00:00Z,2026-09-30T04:00:00+02:00,54,placa-vella,297,199,98,33
2026-09-30T02:00:00Z,2026-09-30T04:00:00+02:00,55,ajuntament-mercat,237,193,44,18.6
2026-09-30T02:01:00Z,2026-09-30T04:01:00+02:00,53,dr-robert,407,339,68,16.7
2026-09-30T02:01:00Z,2026-09-30T04:01:00+02:00,54,placa-vella,297,199,98,33
2026-09-30T02:01:00Z,2026-09-30T04:01:00+02:00,55,ajuntament-mercat,237,193,44,18.6
2026-09-30T02:02:00Z,2026-09-30T04:02:00+02:00,53,dr-robert,407,339,68,16.7
2026-09-30T02:02:00Z,2026-09-30T04:02:00+02:00,54,placa-vella,297,199,98,33
2026-09-30T02:02:00Z,2026-09-30T04:02:00+02:00,55,ajuntament-mercat,237,193,44,18.6
2026-09-30T02:03:00Z,2026-09-30T04:03:00+02:00,53,dr-robert,407,339,68,16.7
2026-09-30T02:03:00Z,2026-09-30T04:03:00+02:00,54,placa-vella,297,199,98,33
2026-09-30T02:03:00Z,2026-09-30T04:03:00+02:00,55,ajuntament-mercat,237,193,44,18.6
2026-09-30T02:04:00Z,2026-09-30T04:04:00+02:00,53,dr-robert,407,339,68,16.7
2026-09-30T02:04:00Z,2026-09-30T04:04:00+02:00,54,placa-vella,297,199,98,33
2026-09-30T02:04:00Z,2026-09-30T04:04:00+02:00,55,ajuntament-mercat,237,193,44,18.6
2026-09-30T02:05:00Z,2026-09-30T04:05:00+02:00,53,dr-robert,407,339,68,16.7
2026-09-30T02:05:00Z,2026-09-30T04:05:00+02:00,54,placa-vella,297,199,98,33
2026-09-30T02:05:00Z,2026-09-30T04:05:00+02:00,55,ajuntament-mercat,237,193,44,18.6
2026-09-30T02:06:00Z,2026-09-30T04:06:00+02:00,53,dr-robert,407,339,68,16.7
2026-09-30T02:06:00Z,2026-09-30T04:06:00+02:00,54,placa-vella,297,199,98,33
2026-09-30T02:06:00Z,2026-09-30T04:06:00+02:00,55,ajuntament-mercat,237,193,44,18.6
2026-09-30T02:07:00Z,2026-09-30T04:07:00+02:00,53,dr-robert,407,339,68,16.7
2026-09-30T02:07:00Z,2026-09-30T04:07:00+02:00,54,placa-vella,297,199,98,33
2026-09-30T02:07:00Z,2026-09-30T04:07:00+02:00,55,ajuntament-mercat,237,193,44,18.6
2026-09-30T02:08:00Z,2026-09-30T04:08:00+02:00,53,dr-robert,407,339,68,16.7
2026-09-30T02:08:00Z,2026-09-30T04:08:00+02:00,54,placa-vella,297,199,98,33
2026-09-30T02:08:00Z,2026-09-30T04:08:00+02:00,55,ajuntament-mercat,237,193,44,18.6
2026-09-30T02:09:00Z,2026-09-30T04:09:00+02:00,53,dr-robert,407,339,68,16.7
2026-09-30T02:09:00Z,2026-09-30T04:09:00+02:00,54,placa-vella,297,199,98,33
2026-09-30T02:09:00Z,2026-09-30T04:09:00+02:00,55,ajuntament-mercat,237,193,44,18.6
2026-09-30T02:10:00Z,2026-09-30T04:10:00+02:00,53,dr-robert,407,339,68,16.7
2026-09-30T02:10:00Z,2026-09-30T04:10:00+02:00,54,placa-vella,297,199,98,33
2026-09-30T02:10:00Z,2026-09-30T04:10:00+02:00,55,ajuntament-mercat,237,193,44,18.6
2026-09-30T02:11:00Z,2026-09-30T04:11:00+02:00,53,dr-robert,407,339,68,16.7
2026-09-30T02:11:00Z,2026-09-30T04:11:00+02:00,54,placa-vella,297,199,98,33
2026-09-30T02:11:00Z,2026-09-30T04:11:00+02:00,55,ajuntament-mercat,237,193,44,18.6
2026-09-30T02:12:00Z,2026-09-30T04:12:00+02:00,53,dr-robert,407,339,68,16.7
2026-09-30T02:12:00Z,2026-09-30T04:12:00+02:00,54,placa-vella,297,199,98,33
2026-09-30T02:12:00Z,2026-09-30T04:12:00+02:00,55,ajuntament-mercat,237,193,44,18.6
2026-09-30T02:13:00Z,2026-09-30T04:13:00+02:00,53,dr-robert,407,339,68,16.7
2026-09-30T02:13:00Z,2026-09-30T04:13:00+02:00,54,placa-vella,297,199,98,33
2026-09-30T02:13:00Z,2026-09-30T04:13:00+02:00,55,ajuntament-mercat,237,193,44,18.6
2026-09-30T02:14:00Z,2026-09-30T04:14:00+02:00,53,dr-robert,407,339,68,16.7
2026-09-30T02:14:00Z,2026-09-30T04:14:00+02:00,54,placa-vella,297,199,98,33
2026-09-30T02:14:00Z,2026-09-30T04:14:00+02:00,55,ajuntament-mercat,237,193,44,18.6
2026-09-30T02:15:00Z,2026-09-30T04:15:00+02:00,53,dr-robert,407,339,68,16.7
2026-09-30T02:15:00Z,2026-09-30T04:15:00+02:00,54,placa-vella,297,199,98,33
2026-09-30T02:15:00Z,2026-09-30T04:15:00+02:00,55,ajuntament-mercat,237,193,44,18.6
2026-09-30T02:16:00Z,2026-09-30T04:16:00+02:00,53,dr-robert,407,339,68,16.7
2026-09-30T02:16:00Z,2026-09-30T04:16:00+02:00,54,placa-vella,297,199,98,33
2026-09-30T02:16:00Z,2026-09-30T04:16:00+02:00,55,ajuntament-mercat,237,193,44,18.6
2026-09-30T02:17:00Z,2026-09-30T04:17:00+02:00,53,dr-robert,407,339,68,16.7
2026-09-30T02:17:00Z,2026-09-30T04:17:00+02:00,54,placa-vella,297,199,98,33
2026-09-30T02:17:00Z,2026-09-30T04:17:00+02:00,55,ajuntament-mercat,237,193,44,18.6
2026-09-30T02:18:00Z,2026-09-30T04:18:00+02:00,53,dr-robert,407,339,68,16.7
2026-09-30T02:18:00Z,2026-09-30T04:18:00+02:00,54,placa-vella,297,199,98,33
2026-09-30T02:18:00Z,2026-09-30T04:18:00+02:00,55,ajuntament-mercat,237,193,44,18.6
2026-09-30T02:19:00Z,2026-09-30T04:19:00+02:00,53,dr-robert,407,339,68,16.7
2026-09-30T02:19:00Z,2026-09-30T04:19:00+02:00,54,placa-vella,297,199,98,33
2026-09-30T02:19:00Z,2026-09-30T04:19:00+02:00,55,ajuntament-mercat,237,193,44,18.6
2026-09-30T02:20:00Z,2026-09-30T04:20:00+02:00,53,dr-robert,407,338,69,17
2026-09-30T02:20:00Z,2026-09-30T04:20:00+02:00,54,placa-vella,297,199,98,33
2026-09-30T02:20:00Z,2026-09-30T04:20:00+02:00,55,ajuntament-mercat,237,193,44,18.6
2026-09-30T02:21:00Z,2026-09-30T04:21:00+02:00,53,dr-robert,407,338,69,17
2026-09-30T02:21:00Z,2026-09-30T04:21:00+02:00,54,placa-vella,297,199,98,33
2026-09-30T02:21:00Z,2026-09-30T04:21:00+02:00,55,ajuntament-mercat,237,193,44,18.6
2026-09-30T02:22:00Z,2026-09-30T04:22:00+02:00,53,dr-robert,407,338,69,17
2026-09-30T02:22:00Z,2026-09-30T04:22:00+02:00,54,placa-vella,297,199,98,33
2026-09-30T02:22:00Z,2026-09-30T04:22:00+02:00,55,ajuntament-mercat,237,193,44,18.6
2026-09-30T02:23:00Z,2026-09-30T04:23:00+02:00,53,dr-robert,407,338,69,17
2026-09-30T02:23:00Z,2026-09-30T04:23:00+02:00,54,placa-vella,297,199,98,33
2026-09-30T02:23:00Z,2026-09-30T04:23:00+02:00,55,ajuntament-mercat,237,193,44,18.6
2026-09-30T02:24:00Z,2026-09-30T04:24:00+02:00,53,dr-robert,407,338,69,17
2026-09-30T02:24:00Z,2026-09-30T04:24:00+02:00,54,placa-vella,297,199,98,33
2026-09-30T02:24:00Z,2026-09-30T04:24:00+02:00,55,ajuntament-mercat,237,193,44,18.6
2026-09-30T02:25:00Z,2026-09-30T04:25:00+02:00,53,dr-robert,407,338,69,17
2026-09-30T02:25:00Z,2026-09-30T04:25:00+02:00,54,placa-vella,297,199,98,33
2026-09-30T02:25:00Z,2026-09-30T04:25:00+02:00,55,ajuntament-mercat,237,193,44,18.6
2026-09-30T02:26:00Z,2026-09-30T04:26:00+02:00,53,dr-robert,407,338,69,17
2026-09-30T02:26:00Z,2026-09-30T04:26:00+02:00,54,placa-vella,297,199,98,33
2026-09-30T02:26:00Z,2026-09-30T04:26:00+02:00,55,ajuntament-mercat,237,193,44,18.6
2026-09-30T02:27:00Z,2026-09-30T04:27:00+02:00,53,dr-robert,407,338,69,17
2026-09-30T02:27:00Z,2026-09-30T04:27:00+02:00,54,placa-vella,297,199,98,33
2026-09-30T02:27:00Z,2026-09-30T04:27:00+02:00,55,ajuntament-mercat,237,193,44,18.6
2026-09-30T02:28:00Z,2026-09-30T04:28:00+02:00,53,dr-robert,407,338,69,17
2026-09-30T02:28:00Z,2026-09-30T04:28:00+02:00,54,placa-vella,297,199,98,33
2026-09-30T02:28:00Z,2026-09-30T04:28:00+02:00,55,ajuntament-mercat,237,193,44,18.6
2026-09-30T02:29:00Z,2026-09-30T04:29:00+02:00,53,dr-robert,407,338,69,17
2026-09-30T02:29:00Z,2026-09-30T04:29:00+02:00,54,placa-vella,297,199,98,33
2026-09-30T02:29:00Z,2026-09-30T04:29:00+02:00,55,ajuntament-mercat,237,193,44,18.6
2026-09-30T02:30:00Z,2026-09-30T04:30:00+02:00,53,dr-robert,407,337,70,17.2
2026-09-30T02:30:00Z,2026-09-30T04:30:00+02:00,54,placa-vella,297,199,98,33
2026-09-30T02:30:00Z,2026-09-30T04:30:00+02:00,55,ajuntament-mercat,237,193,44,18.6
2026-09-30T02:31:00Z,2026-09-30T04:31:00+02:00,53,dr-robert,407,337,70,17.2
2026-09-30T02:31:00Z,2026-09-30T04:31:00+02:00,54,placa-vella,297,199,98,33
2026-09-30T02:31:00Z,2026-09-30T04:31:00+02:00,55,ajuntament-mercat,237,193,44,18.6
2026-09-30T02:32:00Z,2026-09-30T04:32:00+02:00,53,dr-robert,407,337,70,17.2
2026-09-30T02:32:00Z,2026-09-30T04:32:00+02:00,54,placa-vella,297,199,98,33
2026-09-30T02:32:00Z,2026-09-30T04:32:00+02:00,55,ajuntament-mercat,237,193,44,18.6
2026-09-30T02:33:00Z,2026-09-30T04:33:00+02:00,53,dr-robert,407,337,70,17.2
2026-09-30T02:33:00Z,2026-09-30T04:33:00+02:00,54,placa-vella,297,199,98,33
2026-09-30T02:33:00Z,2026-09-30T04:33:00+02:00,55,ajuntament-mercat,237,193,44,18.6
2026-09-30T02:34:00Z,2026-09-30T04:34:00+02:00,53,dr-robert,407,337,70,17.2
2026-09-30T02:34:00Z,2026-09-30T04:34:00+02:00,54,placa-vella,297,199,98,33
2026-09-30T02:34:00Z,2026-09-30T04:34:00+02:00,55,ajuntament-mercat,237,193,44,18.6
2026-09-30T02:35:00Z,2026-09-30T04:35:00+02:00,53,dr-robert,407,337,70,17.2
2026-09-30T02:35:00Z,2026-09-30T04:35:00+02:00,54,placa-vella,297,199,98,33
2026-09-30T02:35:00Z,2026-09-30T04:35:00+02:00,55,ajuntament-mercat,237,193,44,18.6
2026-09-30T02:36:00Z,2026-09-30T04:36:00+02:00,53,dr-robert,407,337,70,17.2
2026-09-30T02:36:00Z,2026-09-30T04:36:00+02:00,54,placa-vella,297,199,98,33
2026-09-30T02:36:00Z,2026-09-30T04:36:00+02:00,55,ajuntament-mercat,237,193,44,18.6
2026-09-30T02:37:00Z,2026-09-30T04:37:00+02:00,53,dr-robert,407,337,70,17.2
2026-09-30T02:37:00Z,2026-09-30T04:37:00+02:00,54,placa-vella,297,199,98,33
2026-09-30T02:37:00Z,2026-09-30T04:37:00+02:00,55,ajuntament-mercat,237,193,44,18.6
2026-09-30T02:38:00Z,2026-09-30T04:38:00+02:00,53,dr-robert,407,337,70,17.2
2026-09-30T02:38:00Z,2026-09-30T04:38:00+02:00,54,placa-vella,297,199,98,33
2026-09-30T02:38:00Z,2026-09-30T04:38:00+02:00,55,ajuntament-mercat,237,193,44,18.6
2026-09-30T02:39:00Z,2026-09-30T04:39:00+02:00,53,dr-robert,407,337,70,17.2
2026-09-30T02:39:00Z,2026-09-30T04:39:00+02:00,54,placa-vella,297,199,98,33
2026-09-30T02:39:00Z,2026-09-30T04:39:00+02:00,55,ajuntament-mercat,237,193,44,18.6
2026-09-30T02:40:00Z,2026-09-30T04:40:00+02:00,53,dr-robert,407,337,70,17.2
2026-09-30T02:40:00Z,2026-09-30T04:40:00+02:00,54,placa-vella,297,199,98,33
2026-09-30T02:40:00Z,2026-09-30T04:40:00+02:00,55,ajuntament-mercat,237,193,44,18.6
2026-09-30T02:41:00Z,2026-09-30T04:41:00+02:00,53,dr-robert,407,337,70,17.2
2026-09-30T02:41:00Z,2026-09-30T04:41:00+02:00,54,placa-vella,297,199,98,33
2026-09-30T02:41:00Z,2026-09-30T04:41:00+02:00,55,ajuntament-mercat,237,193,44,18.6
2026-09-30T02:42:00Z,2026-09-30T04:42:00+02:00,53,dr-robert,407,337,70,17.2
2026-09-30T02:42:00Z,2026-09-30T04:42:00+02:00,54,placa-vella,297,199,98,33
2026-09-30T02:42:00Z,2026-09-30T04:42:00+02:00,55,ajuntament-mercat,237,193,44,18.6
2026-09-30T02:43:00Z,2026-09-30T04:43:00+02:00,53,dr-robert,407,337,70,17.2
2026-09-30T02:43:00Z,2026-09-30T04:43:00+02:00,54,placa-vella,297,199,98,33
2026-09-30T02:43:00Z,2026-09-30T04:43:00+02:00,55,ajuntament-mercat,237,193,44,18.6
2026-09-30T02:44:00Z,2026-09-30T04:44:00+02:00,53,dr-robert,407,337,70,17.2
2026-09-30T02:44:00Z,2026-09-30T04:44:00+02:00,54,placa-vella,297,199,98,33
2026-09-30T02:44:00Z,2026-09-30T04:44:00+02:00,55,ajuntament-mercat,237,193,44,18.6
2026-09-30T02:45:00Z,2026-09-30T04:45:00+02:00,53,dr-robert,407,336,71,17.4
2026-09-30T02:45:00Z,2026-09-30T04:45:00+02:00,54,placa-vella,297,199,98,33
2026-09-30T02:45:00Z,2026-09-30T04:45:00+02:00,55,ajuntament-mercat,237,193,44,18.6
2026-09-30T02:46:00Z,2026-09-30T04:46:00+02:00,53,dr-robert,407,336,71,17.4
2026-09-30T02:46:00Z,2026-09-30T04:46:00+02:00,54,placa-vella,297,199,98,33
2026-09-30T02:46:00Z,2026-09-30T04:46:00+02:00,55,ajuntament-mercat,237,193,44,18.6
2026-09-30T02:47:00Z,2026-09-30T04:47:00+02:00,53,dr-robert,407,336,71,17.4
2026-09-30T02:47:00Z,2026-09-30T04:47:00+02:00,54,placa-vella,297,199,98,33
2026-09-30T02:47:00Z,2026-09-30T04:47:00+02:00,55,ajuntament-mercat,237,193,44,18.6
2026-09-30T02:48:00Z,2026-09-30T04:48:00+02:00,53,dr-robert,407,336,71,17.4
2026-09-30T02:48:00Z,2026-09-30T04:48:00+02:00,54,placa-vella,297,199,98,33
2026-09-30T02:48:00Z,2026-09-30T04:48:00+02:00,55,ajuntament-mercat,237,193,44,18.6
2026-09-30T02:49:00Z,2026-09-30T04:49:00+02:00,53,dr-robert,407,336,71,17.4
2026-09-30T02:49:00Z,2026-09-30T04:49:00+02:00,54,placa-vella,297,199,98,33
2026-09-30T02:49:00Z,2026-09-30T04:49:00+02:00,55,ajuntament-mercat,237,193,44,18.6
2026-09-30T02:50:00Z,2026-09-30T04:50:00+02:00,53,dr-robert,407,335,72,17.7
2026-09-30T02:50:00Z,2026-09-30T04:50:00+02:00,54,placa-vella,297,199,98,33
2026-09-30T02:50:00Z,2026-09-30T04:50:00+02:00,55,ajuntament-mercat,237,193,44,18.6
2026-09-30T02:51:00Z,2026-09-30T04:51:00+02:00,53,dr-robert,407,335,72,17.7
2026-09-30T02:51:00Z,2026-09-30T04:51:00+02:00,54,placa-vella,297,199,98,33
2026-09-30T02:51:00Z,2026-09-30T04:51:00+02:00,55,ajuntament-mercat,237,193,44,18.6
2026-09-30T02:52:00Z,2026-09-30T04:52:00+02:00,53,dr-robert,407,335,72,17.7
2026-09-30T02:52:00Z,2026-09-30T04:52:00+02:00,54,placa-vella,297,199,98,33
2026-09-30T02:52:00Z,2026-09-30T04:52:00+02:00,55,ajuntament-mercat,237,193,44,18.6
2026-09-30T02:53:00Z,2026-09-30T04:53:00+02:00,53,dr-robert,407,335,72,17.7
2026-09-30T02:53:00Z,2026-09-30T04:53:00+02:00,54,placa-vella,297,199,98,33
2026-09-30T02:53:00Z,2026-09-30T04:53:00+02:00,55,ajuntament-mercat,237,193,44,18.6
2026-09-30T02:54:00Z,2026-09-30T04:54:00+02:00,53,dr-robert,407,335,72,17.7
2026-09-30T02:54:00Z,2026-09-30T04:54:00+02:00,54,placa-vella,297,199,98,33
2026-09-30T02:54:00Z,2026-09-30T04:54:00+02:00,55,ajuntament-mercat,237,193,44,18.6
2026-09-30T02:55:00Z,2026-09-30T04:55:00+02:00,53,dr-robert,407,336,71,17.4
2026-09-30T02:55:00Z,2026-09-30T04:55:00+02:00,54,placa-vella,297,199,98,33
2026-09-30T02:55:00Z,2026-09-30T04:55:00+02:00,55,ajuntament-mercat,237,193,44,18.6
2026-09-30T02:56:00Z,2026-09-30T04:56:00+02:00,53,dr-robert,407,336,71,17.4
2026-09-30T02:56:00Z,2026-09-30T04:56:00+02:00,54,placa-vella,297,199,98,33
2026-09-30T02:56:00Z,2026-09-30T04:56:00+02:00,55,ajuntament-mercat,237,193,44,18.6
2026-09-30T02:57:00Z,2026-09-30T04:57:00+02:00,53,dr-robert,407,336,71,17.4
2026-09-30T02:57:00Z,2026-09-30T04:57:00+02:00,54,placa-vella,297,199,98,33
2026-09-30T02:57:00Z,2026-09-30T04:57:00+02:00,55,ajuntament-mercat,237,193,44,18.6
2026-09-30T02:58:00Z,2026-09-30T04:58:00+02:00,53,dr-robert,407,336,71,17.4
2026-09-30T02:58:00Z,2026-09-30T04:58:00+02:00,54,placa-vella,297,199,98,33
2026-09-30T02:58:00Z,2026-09-30T04:58:00+02:00,55,ajuntament-mercat,237,193,44,18.6
2026-09-30T02:59:00Z,2026-09-30T04:59:00+02:00,53,dr-robert,407,336,71,17.4
2026-09-30T02:59:00Z,2026-09-30T04:59:00+02:00,54,placa-vella,297,199,98,33
2026-09-30T02:59:00Z,2026-09-30T04:59:00+02:00,55,ajuntament-mercat,237,193,44,18.6
2026-09-30T03:00:00Z,2026-09-30T05:00:00+02:00,53,dr-robert,407,336,71,17.4
2026-09-30T03:00:00Z,2026-09-30T05:00:00+02:00,54,placa-vella,297,199,98,33
2026-09-30T03:00:00Z,2026-09-30T05:00:00+02:00,55,ajuntament-mercat,237,193,44,18.6
2026-09-30T03:01:00Z,2026-09-30T05:01:00+02:00,53,dr-robert,407,336,71,17.4
2026-09-30T03:01:00Z,2026-09-30T05:01:00+02:00,54,placa-vella,297,199,98,33
2026-09-30T03:01:00Z,2026-09-30T05:01:00+02:00,55,ajuntament-mercat,237,193,44,18.6
2026-09-30T03:02:00Z,2026-09-30T05:02:00+02:00,53,dr-robert,407,336,71,17.4
2026-09-30T03:02:00Z,2026-09-30T05:02:00+02:00,54,placa-vella,297,199,98,33
2026-09-30T03:02:00Z,2026-09-30T05:02:00+02:00,55,ajuntament-mercat,237,193,44,18.6
2026-09-30T03:03:00Z,2026-09-30T05:03:00+02:00,53,dr-robert,407,336,71,17.4
2026-09-30T03:03:00Z,2026-09-30T05:03:00+02:00,54,placa-vella,297,199,98,33
2026-09-30T03:03:00Z,2026-09-30T05:03:00+02:00,55,ajuntament-mercat,237,193,44,18.6
2026-09-30T03:04:00Z,2026-09-30T05:04:00+02:00,53,dr-robert,407,336,71,17.4
2026-09-30T03:04:00Z,2026-09-30T05:04:00+02:00,54,placa-vella,297,199,98,33
2026-09-30T03:04:00Z,2026-09-30T05:04:00+02:00,55,ajuntament-mercat,237,193,44,18.6
2026-09-30T03:05:00Z,2026-09-30T05:05:00+02:00,53,dr-robert,407,336,71,17.4
2026-09-30T03:05:00Z,2026-09-30T05:05:00+02:00,54,placa-vella,297,199,98,33
2026-09-30T03:05:00Z,2026-09-30T05:05:00+02:00,55,ajuntament-mercat,237,193,44,18.6
2026-09-30T03:06:00Z,2026-09-30T05:06:00+02:00,53,dr-robert,407,336,71,17.4
2026-09-30T03:06:00Z,2026-09-30T05:06:00+02:00,54,placa-vella,297,199,98,33
2026-09-30T03:06:00Z,2026-09-30T05:06:00+02:00,55,ajuntament-mercat,237,193,44,18.6
2026-09-30T03:07:00Z,2026-09-30T05:07:00+02:00,53,dr-robert,407,336,71,17.4
2026-09-30T03:07:00Z,2026-09-30T05:07:00+02:00,54,placa-vella,297,199,98,33
2026-09-30T03:07:00Z,2026-09-30T05:07:00+02:00,55,ajuntament-mercat,237,193,44,18.6
2026-09-30T03:08:00Z,2026-09-30T05:08:00+02:00,53,dr-robert,407,336,71,17.4
2026-09-30T03:08:00Z,2026-09-30T05:08:00+02:00,54,placa-vella,297,199,98,33
2026-09-30T03:08:00Z,2026-09-30T05:08:00+02:00,55,ajuntament-mercat,237,193,44,18.6
2026-09-30T03:09:00Z,2026-09-30T05:09:00+02:00,53,dr-robert,407,336,71,17.4
2026-09-30T03:09:00Z,2026-09-30T05:09:00+02:00,54,placa-vella,297,199,98,33
2026-09-30T03:09:00Z,2026-09-30T05:09:00+02:00,55,ajuntament-mercat,237,193,44,18.6
2026-09-30T03:10:00Z,2026-09-30T05:10:00+02:00,53,dr-robert,407,336,71,17.4
2026-09-30T03:10:00Z,2026-09-30T05:10:00+02:00,54,placa-vella,297,199,98,33
2026-09-30T03:10:00Z,2026-09-30T05:10:00+02:00,55,ajuntament-mercat,237,193,44,18.6
2026-09-30T03:11:00Z,2026-09-30T05:11:00+02:00,53,dr-robert,407,336,71,17.4
2026-09-30T03:11:00Z,2026-09-30T05:11:00+02:00,54,placa-vella,297,199,98,33
2026-09-30T03:11:00Z,2026-09-30T05:11:00+02:00,55,ajuntament-mercat,237,193,44,18.6
2026-09-30T03:12:00Z,2026-09-30T05:12:00+02:00,53,dr-robert,407,336,71,17.4
2026-09-30T03:12:00Z,2026-09-30T05:12:00+02:00,54,placa-vella,297,199,98,33
2026-09-30T03:12:00Z,2026-09-30T05:12:00+02:00,55,ajuntament-mercat,237,193,44,18.6
2026-09-30T03:13:00Z,2026-09-30T05:13:00+02:00,53,dr-robert,407,336,71,17.4
2026-09-30T03:13:00Z,2026-09-30T05:13:00+02:00,54,placa-vella,297,199,98,33
2026-09-30T03:13:00Z,2026-09-30T05:13:00+02:00,55,ajuntament-mercat,237,193,44,18.6
2026-09-30T03:14:00Z,2026-09-30T05:14:00+02:00,53,dr-robert,407,336,71,17.4
2026-09-30T03:14:00Z,2026-09-30T05:14:00+02:00,54,placa-vella,297,199,98,33
2026-09-30T03:14:00Z,2026-09-30T05:14:00+02:00,55,ajuntament-mercat,237,193,44,18.6
2026-09-30T03:15:00Z,2026-09-30T05:15:00+02:00,53,dr-robert,407,336,71,17.4
2026-09-30T03:15:00Z,2026-09-30T05:15:00+02:00,54,placa-vella,297,199,98,33
2026-09-30T03:15:00Z,2026-09-30T05:15:00+02:00,55,ajuntament-mercat,237,193,44,18.6
2026-09-30T03:16:00Z,2026-09-30T05:16:00+02:00,53,dr-robert,407,336,71,17.4
2026-09-30T03:16:00Z,2026-09-30T05:16:00+02:00,54,placa-vella,297,199,98,33
2026-09-30T03:16:00Z,2026-09-30T05:16:00+02:00,55,ajuntament-mercat,237,193,44,18.6
2026-09-30T03:17:00Z,2026-09-30T05:17:00+02:00,53,dr-robert,407,336,71,17.4
2026-09-30T03:17:00Z,2026-09-30T05:17:00+02:00,54,placa-vella,297,199,98,33
2026-09-30T03:17:00Z,2026-09-30T05:17:00+02:00,55,ajuntament-mercat,237,193,44,18.6
2026-09-30T03:18:00Z,2026-09-30T05:18:00+02:00,53,dr-robert,407,336,71,17.4
2026-09-30T03:18:00Z,2026-09-30T05:18:00+02:00,54,placa-vella,297,199,98,33
2026-09-30T03:18:00Z,2026-09-30T05:18:00+02:00,55,ajuntament-mercat,237,193,44,18.6
2026-09-30T03:19:00Z,2026-09-30T05:19:00+02:00,53,dr-robert,407,336,71,17.4
2026-09-30T03:19:00Z,2026-09-30T05:19:00+02:00,54,placa-vella,297,199,98,33
2026-09-30T03:19:00Z,2026-09-30T05:19:00+02:00,55,ajuntament-mercat,237,193,44,18.6
2026-09-30T03:20:00Z,2026-09-30T05:20:00+02:00,53,dr-robert,407,337,70,17.2
2026-09-30T03:20:00Z,2026-09-30T05:20:00+02:00,54,placa-vella,297,199,98,33
2026-09-30T03:20:00Z,2026-09-30T05:20:00+02:00,55,ajuntament-mercat,237,193,44,18.6
2026-09-30T03:21:00Z,2026-09-30T05:21:00+02:00,53,dr-robert,407,337,70,17.2
2026-09-30T03:21:00Z,2026-09-30T05:21:00+02:00,54,placa-vella,297,199,98,33
2026-09-30T03:21:00Z,2026-09-30T05:21:00+02:00,55,ajuntament-mercat,237,193,44,18.6
2026-09-30T03:22:00Z,2026-09-30T05:22:00+02:00,53,dr-robert,407,337,70,17.2
2026-09-30T03:22:00Z,2026-09-30T05:22:00+02:00,54,placa-vella,297,199,98,33
2026-09-30T03:22:00Z,2026-09-30T05:22:00+02:00,55,ajuntament-mercat,237,193,44,18.6
2026-09-30T03:23:00Z,2026-09-30T05:23:00+02:00,53,dr-robert,407,337,70,17.2
2026-09-30T03:23:00Z,2026-09-30T05:23:00+02:00,54,placa-vella,297,199,98,33
2026-09-30T03:23:00Z,2026-09-30T05:23:00+02:00,55,ajuntament-mercat,237,193,44,18.6
2026-09-30T03:24:00Z,2026-09-30T05:24:00+02:00,53,dr-robert,407,337,70,17.2
2026-09-30T03:24:00Z,2026-09-30T05:24:00+02:00,54,placa-vella,297,199,98,33
2026-09-30T03:24:00Z,2026-09-30T05:24:00+02:00,55,ajuntament-mercat,237,193,44,18.6
2026-09-30T03:25:00Z,2026-09-30T05:25:00+02:00,53,dr-robert,407,337,70,17.2
2026-09-30T03:25:00Z,2026-09-30T05:25:00+02:00,54,placa-vella,297,199,98,33
2026-09-30T03:25:00Z,2026-09-30T05:25:00+02:00,55,ajuntament-mercat,237,193,44,18.6
2026-09-30T03:26:00Z,2026-09-30T05:26:00+02:00,53,dr-robert,407,337,70,17.2
2026-09-30T03:26:00Z,2026-09-30T05:26:00+02:00,54,placa-vella,297,199,98,33
2026-09-30T03:26:00Z,2026-09-30T05:26:00+02:00,55,ajuntament-mercat,237,193,44,18.6
2026-09-30T03:27:00Z,2026-09-30T05:27:00+02:00,53,dr-robert,407,337,70,17.2
2026-09-30T03:27:00Z,2026-09-30T05:27:00+02:00,54,placa-vella,297,199,98,33
2026-09-30T03:27:00Z,2026-09-30T05:27:00+02:00,55,ajuntament-mercat,237,193,44,18.6
2026-09-30T03:28:00Z,2026-09-30T05:28:00+02:00,53,dr-robert,407,337,70,17.2
2026-09-30T03:28:00Z,2026-09-30T05:28:00+02:00,54,placa-vella,297,199,98,33
2026-09-30T03:28:00Z,2026-09-30T05:28:00+02:00,55,ajuntament-mercat,237,193,44,18.6
2026-09-30T03:29:00Z,2026-09-30T05:29:00+02:00,53,dr-robert,407,337,70,17.2
2026-09-30T03:29:00Z,2026-09-30T05:29:00+02:00,54,placa-vella,297,199,98,33
2026-09-30T03:29:00Z,2026-09-30T05:29:00+02:00,55,ajuntament-mercat,237,193,44,18.6
2026-09-30T03:30:00Z,2026-09-30T05:30:00+02:00,53,dr-robert,407,338,69,17
2026-09-30T03:30:00Z,2026-09-30T05:30:00+02:00,54,placa-vella,297,200,97,32.7
2026-09-30T03:30:00Z,2026-09-30T05:30:00+02:00,55,ajuntament-mercat,237,193,44,18.6
2026-09-30T03:31:00Z,2026-09-30T05:31:00+02:00,53,dr-robert,407,338,69,17
2026-09-30T03:31:00Z,2026-09-30T05:31:00+02:00,54,placa-vella,297,200,97,32.7
2026-09-30T03:31:00Z,2026-09-30T05:31:00+02:00,55,ajuntament-mercat,237,193,44,18.6
2026-09-30T03:32:00Z,2026-09-30T05:32:00+02:00,53,dr-robert,407,338,69,17
2026-09-30T03:32:00Z,2026-09-30T05:32:00+02:00,54,placa-vella,297,200,97,32.7
2026-09-30T03:32:00Z,2026-09-30T05:32:00+02:00,55,ajuntament-mercat,237,193,44,18.6
2026-09-30T03:33:00Z,2026-09-30T05:33:00+02:00,53,dr-robert,407,338,69,17
2026-09-30T03:33:00Z,2026-09-30T05:33:00+02:00,54,placa-vella,297,200,97,32.7
2026-09-30T03:33:00Z,2026-09-30T05:33:00+02:00,55,ajuntament-mercat,237,193,44,18.6
2026-09-30T03:34:00Z,2026-09-30T05:34:00+02:00,53,dr-robert,407,338,69,17
2026-09-30T03:34:00Z,2026-09-30T05:34:00+02:00,54,placa-vella,297,200,97,32.7
2026-09-30T03:34:00Z,2026-09-30T05:34:00+02:00,55,ajuntament-mercat,237,193,44,18.6
2026-09-30T03:35:00Z,2026-09-30T05:35:00+02:00,53,dr-robert,407,338,69,17
2026-09-30T03:35:00Z,2026-09-30T05:35:00+02:00,54,placa-vella,297,200,97,32.7
2026-09-30T03:35:00Z,2026-09-30T05:35:00+02:00,55,ajuntament-mercat,237,193,44,18.6
2026-09-30T03:36:00Z,2026-09-30T05:36:00+02:00,53,dr-robert,407,338,69,17
2026-09-30T03:36:00Z,2026-09-30T05:36:00+02:00,54,placa-vella,297,200,97,32.7
2026-09-30T03:36:00Z,2026-09-30T05:36:00+02:00,55,ajuntament-mercat,237,193,44,18.6
2026-09-30T03:37:00Z,2026-09-30T05:37:00+02:00,53,dr-robert,407,338,69,17
2026-09-30T03:37:00Z,2026-09-30T05:37:00+02:00,54,placa-vella,297,200,97,32.7
2026-09-30T03:37:00Z,2026-09-30T05:37:00+02:00,55,ajuntament-mercat,237,193,44,18.6
2026-09-30T03:38:00Z,2026-09-30T05:38:00+02:00,53,dr-robert,407,338,69,17
2026-09-30T03:38:00Z,2026-09-30T05:38:00+02:00,54,placa-vella,297,200,97,32.7
2026-09-30T03:38:00Z,2026-09-30T05:38:00+02:00,55,ajuntament-mercat,237,193,44,18.6
2026-09-30T03:39:00Z,2026-09-30T05:39:00+02:00,53,dr-robert,407,338,69,17
2026-09-30T03:39:00Z,2026-09-30T05:39:00+02:00,54,placa-vella,297,200,97,32.7
2026-09-30T03:39:00Z,2026-09-30T05:39:00+02:00,55,ajuntament-mercat,237,193,44,18.6
2026-09-30T03:40:00Z,2026-09-30T05:40:00+02:00,53,dr-robert,407,338,69,17
2026-09-30T03:40:00Z,2026-09-30T05:40:00+02:00,54,placa-vella,297,200,97,32.7
2026-09-30T03:40:00Z,2026-09-30T05:40:00+02:00,55,ajuntament-mercat,237,193,44,18.6
2026-09-30T03:41:00Z,2026-09-30T05:41:00+02:00,53,dr-robert,407,338,69,17
2026-09-30T03:41:00Z,2026-09-30T05:41:00+02:00,54,placa-vella,297,200,97,32.7
2026-09-30T03:41:00Z,2026-09-30T05:41:00+02:00,55,ajuntament-mercat,237,193,44,18.6
2026-09-30T03:42:00Z,2026-09-30T05:42:00+02:00,53,dr-robert,407,338,69,17
2026-09-30T03:42:00Z,2026-09-30T05:42:00+02:00,54,placa-vella,297,200,97,32.7
2026-09-30T03:42:00Z,2026-09-30T05:42:00+02:00,55,ajuntament-mercat,237,193,44,18.6
2026-09-30T03:43:00Z,2026-09-30T05:43:00+02:00,53,dr-robert,407,338,69,17
2026-09-30T03:43:00Z,2026-09-30T05:43:00+02:00,54,placa-vella,297,200,97,32.7
2026-09-30T03:43:00Z,2026-09-30T05:43:00+02:00,55,ajuntament-mercat,237,193,44,18.6
2026-09-30T03:44:00Z,2026-09-30T05:44:00+02:00,53,dr-robert,407,338,69,17
2026-09-30T03:44:00Z,2026-09-30T05:44:00+02:00,54,placa-vella,297,200,97,32.7
2026-09-30T03:44:00Z,2026-09-30T05:44:00+02:00,55,ajuntament-mercat,237,193,44,18.6
2026-09-30T03:45:00Z,2026-09-30T05:45:00+02:00,53,dr-robert,407,339,68,16.7
2026-09-30T03:45:00Z,2026-09-30T05:45:00+02:00,54,placa-vella,297,200,97,32.7
2026-09-30T03:45:00Z,2026-09-30T05:45:00+02:00,55,ajuntament-mercat,237,192,45,19
2026-09-30T03:46:00Z,2026-09-30T05:46:00+02:00,53,dr-robert,407,339,68,16.7
2026-09-30T03:46:00Z,2026-09-30T05:46:00+02:00,54,placa-vella,297,200,97,32.7
2026-09-30T03:46:00Z,2026-09-30T05:46:00+02:00,55,ajuntament-mercat,237,192,45,19
2026-09-30T03:47:00Z,2026-09-30T05:47:00+02:00,53,dr-robert,407,339,68,16.7
2026-09-30T03:47:00Z,2026-09-30T05:47:00+02:00,54,placa-vella,297,200,97,32.7
2026-09-30T03:47:00Z,2026-09-30T05:47:00+02:00,55,ajuntament-mercat,237,192,45,19
2026-09-30T03:48:00Z,2026-09-30T05:48:00+02:00,53,dr-robert,407,339,68,16.7
2026-09-30T03:48:00Z,2026-09-30T05:48:00+02:00,54,placa-vella,297,200,97,32.7
2026-09-30T03:48:00Z,2026-09-30T05:48:00+02:00,55,ajuntament-mercat,237,192,45,19
2026-09-30T03:49:00Z,2026-09-30T05:49:00+02:00,53,dr-robert,407,339,68,16.7
2026-09-30T03:49:00Z,2026-09-30T05:49:00+02:00,54,placa-vella,297,200,97,32.7
2026-09-30T03:49:00Z,2026-09-30T05:49:00+02:00,55,ajuntament-mercat,237,192,45,19
2026-09-30T03:50:00Z,2026-09-30T05:50:00+02:00,53,dr-robert,407,339,68,16.7
2026-09-30T03:50:00Z,2026-09-30T05:50:00+02:00,54,placa-vella,297,199,98,33
2026-09-30T03:50:00Z,2026-09-30T05:50:00+02:00,55,ajuntament-mercat,237,193,44,18.6
2026-09-30T03:51:00Z,2026-09-30T05:51:00+02:00,53,dr-robert,407,339,68,16.7
2026-09-30T03:51:00Z,2026-09-30T05:51:00+02:00,54,placa-vella,297,199,98,33
2026-09-30T03:51:00Z,2026-09-30T05:51:00+02:00,55,ajuntament-mercat,237,193,44,18.6
2026-09-30T03:52:00Z,2026-09-30T05:52:00+02:00,53,dr-robert,407,339,68,16.7
2026-09-30T03:52:00Z,2026-09-30T05:52:00+02:00,54,placa-vella,297,199,98,33
2026-09-30T03:52:00Z,2026-09-30T05:52:00+02:00,55,ajuntament-mercat,237,193,44,18.6
2026-09-30T03:53:00Z,2026-09-30T05:53:00+02:00,53,dr-robert,407,339,68,16.7
2026-09-30T03:53:00Z,2026-09-30T05:53:00+02:00,54,placa-vella,297,199,98,33
2026-09-30T03:53:00Z,2026-09-30T05:53:00+02:00,55,ajuntament-mercat,237,193,44,18.6
2026-09-30T03:54:00Z,2026-09-30T05:54:00+02:00,53,dr-robert,407,339,68,16.7
2026-09-30T03:54:00Z,2026-09-30T05:54:00+02:00,54,placa-vella,297,199,98,33
2026-09-30T03:54:00Z,2026-09-30T05:54:00+02:00,55,ajuntament-mercat,237,193,44,18.6
2026-09-30T03:55:00Z,2026-09-30T05:55:00+02:00,53,dr-robert,407,338,69,17
2026-09-30T03:55:00Z,2026-09-30T05:55:00+02:00,54,placa-vella,297,199,98,33
2026-09-30T03:55:00Z,2026-09-30T05:55:00+02:00,55,ajuntament-mercat,237,193,44,18.6
2026-09-30T03:56:00Z,2026-09-30T05:56:00+02:00,53,dr-robert,407,338,69,17
2026-09-30T03:56:00Z,2026-09-30T05:56:00+02:00,54,placa-vella,297,199,98,33
2026-09-30T03:56:00Z,2026-09-30T05:56:00+02:00,55,ajuntament-mercat,237,193,44,18.6
2026-09-30T03:57:00Z,2026-09-30T05:57:00+02:00,53,dr-robert,407,338,69,17
2026-09-30T03:57:00Z,2026-09-30T05:57:00+02:00,54,placa-vella,297,199,98,33
2026-09-30T03:57:00Z,2026-09-30T05:57:00+02:00,55,ajuntament-mercat,237,193,44,18.6
2026-09-30T03:58:00Z,2026-09-30T05:58:00+02:00,53,dr-robert,407,338,69,17
2026-09-30T03:58:00Z,2026-09-30T05:58:00+02:00,54,placa-vella,297,199,98,33
2026-09-30T03:58:00Z,2026-09-30T05:58:00+02:00,55,ajuntament-mercat,237,193,44,18.6
2026-09-30T03:59:00Z,2026-09-30T05:59:00+02:00,53,dr-robert,407,338,69,17
2026-09-30T03:59:00Z,2026-09-30T05:59:00+02:00,54,placa-vella,297,199,98,33
2026-09-30T03:59:00Z,2026-09-30T05:59:00+02:00,55,ajuntament-mercat,237,193,44,18.6
2026-09-30T04:00:00Z,2026-09-30T06:00:00+02:00,53,dr-robert,407,338,69,17
2026-09-30T04:00:00Z,2026-09-30T06:00:00+02:00,54,placa-vella,297,199,98,33
2026-09-30T04:00:00Z,2026-09-30T06:00:00+02:00,55,ajuntament-mercat,237,193,44,18.6
2026-09-30T04:01:00Z,2026-09-30T06:01:00+02:00,53,dr-robert,407,338,69,17
2026-09-30T04:01:00Z,2026-09-30T06:01:00+02:00,54,placa-vella,297,199,98,33
2026-09-30T04:01:00Z,2026-09-30T06:01:00+02:00,55,ajuntament-mercat,237,193,44,18.6
2026-09-30T04:02:00Z,2026-09-30T06:02:00+02:00,53,dr-robert,407,338,69,17
2026-09-30T04:02:00Z,2026-09-30T06:02:00+02:00,54,placa-vella,297,199,98,33
2026-09-30T04:02:00Z,2026-09-30T06:02:00+02:00,55,ajuntament-mercat,237,193,44,18.6
2026-09-30T04:03:00Z,2026-09-30T06:03:00+02:00,53,dr-robert,407,338,69,17
2026-09-30T04:03:00Z,2026-09-30T06:03:00+02:00,54,placa-vella,297,199,98,33
2026-09-30T04:03:00Z,2026-09-30T06:03:00+02:00,55,ajuntament-mercat,237,193,44,18.6
2026-09-30T04:04:00Z,2026-09-30T06:04:00+02:00,53,dr-robert,407,339,68,16.7
2026-09-30T04:04:00Z,2026-09-30T06:04:00+02:00,54,placa-vella,297,214,83,27.9
2026-09-30T04:04:00Z,2026-09-30T06:04:00+02:00,55,ajuntament-mercat,237,193,44,18.6
2026-09-30T04:05:00Z,2026-09-30T06:05:00+02:00,53,dr-robert,407,339,68,16.7
2026-09-30T04:05:00Z,2026-09-30T06:05:00+02:00,54,placa-vella,297,214,83,27.9
2026-09-30T04:05:00Z,2026-09-30T06:05:00+02:00,55,ajuntament-mercat,237,193,44,18.6
2026-09-30T04:06:00Z,2026-09-30T06:06:00+02:00,53,dr-robert,407,339,68,16.7
2026-09-30T04:06:00Z,2026-09-30T06:06:00+02:00,54,placa-vella,297,214,83,27.9
2026-09-30T04:06:00Z,2026-09-30T06:06:00+02:00,55,ajuntament-mercat,237,193,44,18.6
2026-09-30T04:07:00Z,2026-09-30T06:07:00+02:00,53,dr-robert,407,339,68,16.7
2026-09-30T04:07:00Z,2026-09-30T06:07:00+02:00,54,placa-vella,297,214,83,27.9
2026-09-30T04:07:00Z,2026-09-30T06:07:00+02:00,55,ajuntament-mercat,237,193,44,18.6
2026-09-30T04:08:00Z,2026-09-30T06:08:00+02:00,53,dr-robert,407,339,68,16.7
2026-09-30T04:08:00Z,2026-09-30T06:08:00+02:00,54,placa-vella,297,214,83,27.9
2026-09-30T04:08:00Z,2026-09-30T06:08:00+02:00,55,ajuntament-mercat,237,193,44,18.6
2026-09-30T04:09:00Z,2026-09-30T06:09:00+02:00,53,dr-robert,407,339,68,16.7
2026-09-30T04:09:00Z,2026-09-30T06:09:00+02:00,54,placa-vella,297,214,83,27.9
2026-09-30T04:09:00Z,2026-09-30T06:09:00+02:00,55,ajuntament-mercat,237,193,44,18.6
2026-09-30T04:10:00Z,2026-09-30T06:10:00+02:00,53,dr-robert,407,338,69,17
2026-09-30T04:10:00Z,2026-09-30T06:10:00+02:00,54,placa-vella,297,215,82,27.6
2026-09-30T04:10:00Z,2026-09-30T06:10:00+02:00,55,ajuntament-mercat,237,193,44,18.6
2026-09-30T04:11:00Z,2026-09-30T06:11:00+02:00,53,dr-robert,407,338,69,17
2026-09-30T04:11:00Z,2026-09-30T06:11:00+02:00,54,placa-vella,297,215,82,27.6
2026-09-30T04:11:00Z,2026-09-30T06:11:00+02:00,55,ajuntament-mercat,237,193,44,18.6
2026-09-30T04:12:00Z,2026-09-30T06:12:00+02:00,53,dr-robert,407,338,69,17
2026-09-30T04:12:00Z,2026-09-30T06:12:00+02:00,54,placa-vella,297,215,82,27.6
2026-09-30T04:12:00Z,2026-09-30T06:12:00+02:00,55,ajuntament-mercat,237,193,44,18.6
2026-09-30T04:13:00Z,2026-09-30T06:13:00+02:00,53,dr-robert,407,338,69,17
2026-09-30T04:13:00Z,2026-09-30T06:13:00+02:00,54,placa-vella,297,215,82,27.6
2026-09-30T04:13:00Z,2026-09-30T06:13:00+02:00,55,ajuntament-mercat,237,193,44,18.6
2026-09-30T04:14:00Z,2026-09-30T06:14:00+02:00,53,dr-robert,407,338,69,17
2026-09-30T04:14:00Z,2026-09-30T06:14:00+02:00,54,placa-vella,297,215,82,27.6
2026-09-30T04:14:00Z,2026-09-30T06:14:00+02:00,55,ajuntament-mercat,237,193,44,18.6
2026-09-30T04:15:00Z,2026-09-30T06:15:00+02:00,53,dr-robert,407,337,70,17.2
2026-09-30T04:15:00Z,2026-09-30T06:15:00+02:00,54,placa-vella,297,216,81,27.3
2026-09-30T04:15:00Z,2026-09-30T06:15:00+02:00,55,ajuntament-mercat,237,192,45,19
2026-09-30T04:16:00Z,2026-09-30T06:16:00+02:00,53,dr-robert,407,337,70,17.2
2026-09-30T04:16:00Z,2026-09-30T06:16:00+02:00,54,placa-vella,297,216,81,27.3
2026-09-30T04:16:00Z,2026-09-30T06:16:00+02:00,55,ajuntament-mercat,237,192,45,19
2026-09-30T04:17:00Z,2026-09-30T06:17:00+02:00,53,dr-robert,407,337,70,17.2
2026-09-30T04:17:00Z,2026-09-30T06:17:00+02:00,54,placa-vella,297,216,81,27.3
2026-09-30T04:17:00Z,2026-09-30T06:17:00+02:00,55,ajuntament-mercat,237,192,45,19
2026-09-30T04:18:00Z,2026-09-30T06:18:00+02:00,53,dr-robert,407,337,70,17.2
2026-09-30T04:18:00Z,2026-09-30T06:18:00+02:00,54,placa-vella,297,216,81,27.3
2026-09-30T04:18:00Z,2026-09-30T06:18:00+02:00,55,ajuntament-mercat,237,192,45,19
2026-09-30T04:19:00Z,2026-09-30T06:19:00+02:00,53,dr-robert,407,337,70,17.2
2026-09-30T04:19:00Z,2026-09-30T06:19:00+02:00,54,placa-vella,297,216,81,27.3
2026-09-30T04:19:00Z,2026-09-30T06:19:00+02:00,55,ajuntament-mercat,237,192,45,19
2026-09-30T04:20:00Z,2026-09-30T06:20:00+02:00,53,dr-robert,407,338,69,17
2026-09-30T04:20:00Z,2026-09-30T06:20:00+02:00,54,placa-vella,297,216,81,27.3
2026-09-30T04:20:00Z,2026-09-30T06:20:00+02:00,55,ajuntament-mercat,237,192,45,19
2026-09-30T04:21:00Z,2026-09-30T06:21:00+02:00,53,dr-robert,407,338,69,17
2026-09-30T04:21:00Z,2026-09-30T06:21:00+02:00,54,placa-vella,297,216,81,27.3
2026-09-30T04:21:00Z,2026-09-30T06:21:00+02:00,55,ajuntament-mercat,237,192,45,19
2026-09-30T04:22:00Z,2026-09-30T06:22:00+02:00,53,dr-robert,407,338,69,17
2026-09-30T04:22:00Z,2026-09-30T06:22:00+02:00,54,placa-vella,297,216,81,27.3
2026-09-30T04:22:00Z,2026-09-30T06:22:00+02:00,55,ajuntament-mercat,237,192,45,19
2026-09-30T04:23:00Z,2026-09-30T06:23:00+02:00,53,dr-robert,407,338,69,17
2026-09-30T04:23:00Z,2026-09-30T06:23:00+02:00,54,placa-vella,297,216,81,27.3
2026-09-30T04:23:00Z,2026-09-30T06:23:00+02:00,55,ajuntament-mercat,237,192,45,19
2026-09-30T04:24:00Z,2026-09-30T06:24:00+02:00,53,dr-robert,407,338,69,17
2026-09-30T04:24:00Z,2026-09-30T06:24:00+02:00,54,placa-vella,297,216,81,27.3
2026-09-30T04:24:00Z,2026-09-30T06:24:00+02:00,55,ajuntament-mercat,237,192,45,19
2026-09-30T04:25:00Z,2026-09-30T06:25:00+02:00,53,dr-robert,407,337,70,17.2
2026-09-30T04:25:00Z,2026-09-30T06:25:00+02:00,54,placa-vella,297,216,81,27.3
2026-09-30T04:25:00Z,2026-09-30T06:25:00+02:00,55,ajuntament-mercat,237,192,45,19
2026-09-30T04:26:00Z,2026-09-30T06:26:00+02:00,53,dr-robert,407,337,70,17.2
2026-09-30T04:26:00Z,2026-09-30T06:26:00+02:00,54,placa-vella,297,216,81,27.3
2026-09-30T04:26:00Z,2026-09-30T06:26:00+02:00,55,ajuntament-mercat,237,192,45,19
2026-09-30T04:27:00Z,2026-09-30T06:27:00+02:00,53,dr-robert,407,337,70,17.2
2026-09-30T04:27:00Z,2026-09-30T06:27:00+02:00,54,placa-vella,297,216,81,27.3
2026-09-30T04:27:00Z,2026-09-30T06:27:00+02:00,55,ajuntament-mercat,237,192,45,19
2026-09-30T04:28:00Z,2026-09-30T06:28:00+02:00,53,dr-robert,407,337,70,17.2
2026-09-30T04:28:00Z,2026-09-30T06:28:00+02:00,54,placa-vella,297,216,81,27.3
2026-09-30T04:28:00Z,2026-09-30T06:28:00+02:00,55,ajuntament-mercat,237,192,45,19
2026-09-30T04:29:00Z,2026-09-30T06:29:00+02:00,53,dr-robert,407,337,70,17.2
2026-09-30T04:29:00Z,2026-09-30T06:29:00+02:00,54,placa-vella,297,216,81,27.3
2026-09-30T04:29:00Z,2026-09-30T06:29:00+02:00,55,ajuntament-mercat,237,192,45,19
2026-09-30T04:30:00Z,2026-09-30T06:30:00+02:00,53,dr-robert,407,337,70,17.2
2026-09-30T04:30:00Z,2026-09-30T06:30:00+02:00,54,placa-vella,297,216,81,27.3
2026-09-30T04:30:00Z,2026-09-30T06:30:00+02:00,55,ajuntament-mercat,237,188,49,20.7
2026-09-30T04:31:00Z,2026-09-30T06:31:00+02:00,53,dr-robert,407,337,70,17.2
2026-09-30T04:31:00Z,2026-09-30T06:31:00+02:00,54,placa-vella,297,216,81,27.3
2026-09-30T04:31:00Z,2026-09-30T06:31:00+02:00,55,ajuntament-mercat,237,188,49,20.7
2026-09-30T04:32:00Z,2026-09-30T06:32:00+02:00,53,dr-robert,407,337,70,17.2
2026-09-30T04:32:00Z,2026-09-30T06:32:00+02:00,54,placa-vella,297,216,81,27.3
2026-09-30T04:32:00Z,2026-09-30T06:32:00+02:00,55,ajuntament-mercat,237,188,49,20.7
2026-09-30T04:33:00Z,2026-09-30T06:33:00+02:00,53,dr-robert,407,337,70,17.2
2026-09-30T04:33:00Z,2026-09-30T06:33:00+02:00,54,placa-vella,297,216,81,27.3
2026-09-30T04:33:00Z,2026-09-30T06:33:00+02:00,55,ajuntament-mercat,237,188,49,20.7
2026-09-30T04:34:00Z,2026-09-30T06:34:00+02:00,53,dr-robert,407,337,70,17.2
2026-09-30T04:34:00Z,2026-09-30T06:34:00+02:00,54,placa-vella,297,216,81,27.3
2026-09-30T04:34:00Z,2026-09-30T06:34:00+02:00,55,ajuntament-mercat,237,188,49,20.7
2026-09-30T04:35:00Z,2026-09-30T06:35:00+02:00,53,dr-robert,407,335,72,17.7
2026-09-30T04:35:00Z,2026-09-30T06:35:00+02:00,54,placa-vella,297,215,82,27.6
2026-09-30T04:35:00Z,2026-09-30T06:35:00+02:00,55,ajuntament-mercat,237,188,49,20.7
2026-09-30T04:36:00Z,2026-09-30T06:36:00+02:00,53,dr-robert,407,335,72,17.7
2026-09-30T04:36:00Z,2026-09-30T06:36:00+02:00,54,placa-vella,297,215,82,27.6
2026-09-30T04:36:00Z,2026-09-30T06:36:00+02:00,55,ajuntament-mercat,237,188,49,20.7
2026-09-30T04:37:00Z,2026-09-30T06:37:00+02:00,53,dr-robert,407,335,72,17.7
2026-09-30T04:37:00Z,2026-09-30T06:37:00+02:00,54,placa-vella,297,215,82,27.6
2026-09-30T04:37:00Z,2026-09-30T06:37:00+02:00,55,ajuntament-mercat,237,188,49,20.7
2026-09-30T04:38:00Z,2026-09-30T06:38:00+02:00,53,dr-robert,407,335,72,17.7
2026-09-30T04:38:00Z,2026-09-30T06:38:00+02:00,54,placa-vella,297,215,82,27.6
2026-09-30T04:38:00Z,2026-09-30T06:38:00+02:00,55,ajuntament-mercat,237,188,49,20.7
2026-09-30T04:39:00Z,2026-09-30T06:39:00+02:00,53,dr-robert,407,335,72,17.7
2026-09-30T04:39:00Z,2026-09-30T06:39:00+02:00,54,placa-vella,297,215,82,27.6
2026-09-30T04:39:00Z,2026-09-30T06:39:00+02:00,55,ajuntament-mercat,237,188,49,20.7
2026-09-30T04:40:00Z,2026-09-30T06:40:00+02:00,53,dr-robert,407,331,76,18.7
2026-09-30T04:40:00Z,2026-09-30T06:40:00+02:00,54,placa-vella,297,214,83,27.9
2026-09-30T04:40:00Z,2026-09-30T06:40:00+02:00,55,ajuntament-mercat,237,187,50,21.1
2026-09-30T04:41:00Z,2026-09-30T06:41:00+02:00,53,dr-robert,407,331,76,18.7
2026-09-30T04:41:00Z,2026-09-30T06:41:00+02:00,54,placa-vella,297,214,83,27.9
2026-09-30T04:41:00Z,2026-09-30T06:41:00+02:00,55,ajuntament-mercat,237,187,50,21.1
2026-09-30T04:42:00Z,2026-09-30T06:42:00+02:00,53,dr-robert,407,331,76,18.7
2026-09-30T04:42:00Z,2026-09-30T06:42:00+02:00,54,placa-vella,297,214,83,27.9
2026-09-30T04:42:00Z,2026-09-30T06:42:00+02:00,55,ajuntament-mercat,237,187,50,21.1
2026-09-30T04:43:00Z,2026-09-30T06:43:00+02:00,53,dr-robert,407,331,76,18.7
2026-09-30T04:43:00Z,2026-09-30T06:43:00+02:00,54,placa-vella,297,214,83,27.9
2026-09-30T04:43:00Z,2026-09-30T06:43:00+02:00,55,ajuntament-mercat,237,187,50,21.1
2026-09-30T04:44:00Z,2026-09-30T06:44:00+02:00,53,dr-robert,407,331,76,18.7
2026-09-30T04:44:00Z,2026-09-30T06:44:00+02:00,54,placa-vella,297,214,83,27.9
2026-09-30T04:44:00Z,2026-09-30T06:44:00+02:00,55,ajuntament-mercat,237,187,50,21.1
2026-09-30T04:45:00Z,2026-09-30T06:45:00+02:00,53,dr-robert,407,330,77,18.9
2026-09-30T04:45:00Z,2026-09-30T06:45:00+02:00,54,placa-vella,297,213,84,28.3
2026-09-30T04:45:00Z,2026-09-30T06:45:00+02:00,55,ajuntament-mercat,237,186,51,21.5
2026-09-30T04:46:00Z,2026-09-30T06:46:00+02:00,53,dr-robert,407,330,77,18.9
2026-09-30T04:46:00Z,2026-09-30T06:46:00+02:00,54,placa-vella,297,213,84,28.3
2026-09-30T04:46:00Z,2026-09-30T06:46:00+02:00,55,ajuntament-mercat,237,186,51,21.5
2026-09-30T04:47:00Z,2026-09-30T06:47:00+02:00,53,dr-robert,407,330,77,18.9
2026-09-30T04:47:00Z,2026-09-30T06:47:00+02:00,54,placa-vella,297,213,84,28.3
2026-09-30T04:47:00Z,2026-09-30T06:47:00+02:00,55,ajuntament-mercat,237,186,51,21.5
2026-09-30T04:48:00Z,2026-09-30T06:48:00+02:00,53,dr-robert,407,330,77,18.9
2026-09-30T04:48:00Z,2026-09-30T06:48:00+02:00,54,placa-vella,297,213,84,28.3
2026-09-30T04:48:00Z,2026-09-30T06:48:00+02:00,55,ajuntament-mercat,237,186,51,21.5
2026-09-30T04:49:00Z,2026-09-30T06:49:00+02:00,53,dr-robert,407,330,77,18.9
2026-09-30T04:49:00Z,2026-09-30T06:49:00+02:00,54,placa-vella,297,213,84,28.3
2026-09-30T04:49:00Z,2026-09-30T06:49:00+02:00,55,ajuntament-mercat,237,186,51,21.5
2026-09-30T04:50:00Z,2026-09-30T06:50:00+02:00,53,dr-robert,407,326,81,19.9
2026-09-30T04:50:00Z,2026-09-30T06:50:00+02:00,54,placa-vella,297,213,84,28.3
2026-09-30T04:50:00Z,2026-09-30T06:50:00+02:00,55,ajuntament-mercat,237,186,51,21.5
2026-09-30T04:51:00Z,2026-09-30T06:51:00+02:00,53,dr-robert,407,326,81,19.9
2026-09-30T04:51:00Z,2026-09-30T06:51:00+02:00,54,placa-vella,297,213,84,28.3
2026-09-30T04:51:00Z,2026-09-30T06:51:00+02:00,55,ajuntament-mercat,237,186,51,21.5
2026-09-30T04:52:00Z,2026-09-30T06:52:00+02:00,53,dr-robert,407,326,81,19.9
2026-09-30T04:52:00Z,2026-09-30T06:52:00+02:00,54,placa-vella,297,213,84,28.3
2026-09-30T04:52:00Z,2026-09-30T06:52:00+02:00,55,ajuntament-mercat,237,186,51,21.5
2026-09-30T04:53:00Z,2026-09-30T06:53:00+02:00,53,dr-robert,407,326,81,19.9
2026-09-30T04:53:00Z,2026-09-30T06:53:00+02:00,54,placa-vella,297,213,84,28.3
2026-09-30T04:53:00Z,2026-09-30T06:53:00+02:00,55,ajuntament-mercat,237,186,51,21.5
2026-09-30T04:54:00Z,2026-09-30T06:54:00+02:00,53,dr-robert,407,326,81,19.9
2026-09-30T04:54:00Z,2026-09-30T06:54:00+02:00,54,placa-vella,297,213,84,28.3
2026-09-30T04:54:00Z,2026-09-30T06:54:00+02:00,55,ajuntament-mercat,237,186,51,21.5
2026-09-30T04:55:00Z,2026-09-30T06:55:00+02:00,53,dr-robert,407,323,84,20.6
2026-09-30T04:55:00Z,2026-09-30T06:55:00+02:00,54,placa-vella,297,216,81,27.3
2026-09-30T04:55:00Z,2026-09-30T06:55:00+02:00,55,ajuntament-mercat,237,185,52,21.9
2026-09-30T04:56:00Z,2026-09-30T06:56:00+02:00,53,dr-robert,407,323,84,20.6
2026-09-30T04:56:00Z,2026-09-30T06:56:00+02:00,54,placa-vella,297,216,81,27.3
2026-09-30T04:56:00Z,2026-09-30T06:56:00+02:00,55,ajuntament-mercat,237,185,52,21.9
2026-09-30T04:57:00Z,2026-09-30T06:57:00+02:00,53,dr-robert,407,323,84,20.6
2026-09-30T04:57:00Z,2026-09-30T06:57:00+02:00,54,placa-vella,297,216,81,27.3
2026-09-30T04:57:00Z,2026-09-30T06:57:00+02:00,55,ajuntament-mercat,237,185,52,21.9
2026-09-30T04:58:00Z,2026-09-30T06:58:00+02:00,53,dr-robert,407,323,84,20.6
2026-09-30T04:58:00Z,2026-09-30T06:58:00+02:00,54,placa-vella,297,216,81,27.3
2026-09-30T04:58:00Z,2026-09-30T06:58:00+02:00,55,ajuntament-mercat,237,185,52,21.9
2026-09-30T04:59:00Z,2026-09-30T06:59:00+02:00,53,dr-robert,407,323,84,20.6
2026-09-30T04:59:00Z,2026-09-30T06:59:00+02:00,54,placa-vella,297,216,81,27.3
2026-09-30T04:59:00Z,2026-09-30T06:59:00+02:00,55,ajuntament-mercat,237,185,52,21.9
2026-09-30T05:00:00Z,2026-09-30T07:00:00+02:00,53,dr-robert,407,323,84,20.6
2026-09-30T05:00:00Z,2026-09-30T07:00:00+02:00,54,placa-vella,297,216,81,27.3
2026-09-30T05:00:00Z,2026-09-30T07:00:00+02:00,55,ajuntament-mercat,237,185,52,21.9
2026-09-30T05:01:00Z,2026-09-30T07:01:00+02:00,53,dr-robert,407,323,84,20.6
2026-09-30T05:01:00Z,2026-09-30T07:01:00+02:00,54,placa-vella,297,216,81,27.3
2026-09-30T05:01:00Z,2026-09-30T07:01:00+02:00,55,ajuntament-mercat,237,185,52,21.9
2026-09-30T05:02:00Z,2026-09-30T07:02:00+02:00,53,dr-robert,407,323,84,20.6
2026-09-30T05:02:00Z,2026-09-30T07:02:00+02:00,54,placa-vella,297,216,81,27.3
2026-09-30T05:02:00Z,2026-09-30T07:02:00+02:00,55,ajuntament-mercat,237,185,52,21.9
2026-09-30T05:03:00Z,2026-09-30T07:03:00+02:00,53,dr-robert,407,318,89,21.9
2026-09-30T05:03:00Z,2026-09-30T07:03:00+02:00,54,placa-vella,297,216,81,27.3
2026-09-30T05:03:00Z,2026-09-30T07:03:00+02:00,55,ajuntament-mercat,237,185,52,21.9
2026-09-30T05:04:00Z,2026-09-30T07:04:00+02:00,53,dr-robert,407,318,89,21.9
2026-09-30T05:04:00Z,2026-09-30T07:04:00+02:00,54,placa-vella,297,216,81,27.3
2026-09-30T05:04:00Z,2026-09-30T07:04:00+02:00,55,ajuntament-mercat,237,185,52,21.9
2026-09-30T05:05:00Z,2026-09-30T07:05:00+02:00,53,dr-robert,407,315,92,22.6
2026-09-30T05:05:00Z,2026-09-30T07:05:00+02:00,54,placa-vella,297,216,81,27.3
2026-09-30T05:05:00Z,2026-09-30T07:05:00+02:00,55,ajuntament-mercat,237,185,52,21.9
2026-09-30T05:06:00Z,2026-09-30T07:06:00+02:00,53,dr-robert,407,315,92,22.6
2026-09-30T05:06:00Z,2026-09-30T07:06:00+02:00,54,placa-vella,297,216,81,27.3
2026-09-30T05:06:00Z,2026-09-30T07:06:00+02:00,55,ajuntament-mercat,237,185,52,21.9
2026-09-30T05:07:00Z,2026-09-30T07:07:00+02:00,53,dr-robert,407,315,92,22.6
2026-09-30T05:07:00Z,2026-09-30T07:07:00+02:00,54,placa-vella,297,216,81,27.3
2026-09-30T05:07:00Z,2026-09-30T07:07:00+02:00,55,ajuntament-mercat,237,185,52,21.9
2026-09-30T05:08:00Z,2026-09-30T07:08:00+02:00,53,dr-robert,407,315,92,22.6
2026-09-30T05:08:00Z,2026-09-30T07:08:00+02:00,54,placa-vella,297,216,81,27.3
2026-09-30T05:08:00Z,2026-09-30T07:08:00+02:00,55,ajuntament-mercat,237,185,52,21.9
2026-09-30T05:09:00Z,2026-09-30T07:09:00+02:00,53,dr-robert,407,315,92,22.6
2026-09-30T05:09:00Z,2026-09-30T07:09:00+02:00,54,placa-vella,297,216,81,27.3
2026-09-30T05:09:00Z,2026-09-30T07:09:00+02:00,55,ajuntament-mercat,237,185,52,21.9
2026-09-30T05:10:00Z,2026-09-30T07:10:00+02:00,53,dr-robert,407,313,94,23.1
2026-09-30T05:10:00Z,2026-09-30T07:10:00+02:00,54,placa-vella,297,215,82,27.6
2026-09-30T05:10:00Z,2026-09-30T07:10:00+02:00,55,ajuntament-mercat,237,184,53,22.4
2026-09-30T05:11:00Z,2026-09-30T07:11:00+02:00,53,dr-robert,407,313,94,23.1
2026-09-30T05:11:00Z,2026-09-30T07:11:00+02:00,54,placa-vella,297,215,82,27.6
2026-09-30T05:11:00Z,2026-09-30T07:11:00+02:00,55,ajuntament-mercat,237,184,53,22.4
2026-09-30T05:12:00Z,2026-09-30T07:12:00+02:00,53,dr-robert,407,313,94,23.1
2026-09-30T05:12:00Z,2026-09-30T07:12:00+02:00,54,placa-vella,297,215,82,27.6
2026-09-30T05:12:00Z,2026-09-30T07:12:00+02:00,55,ajuntament-mercat,237,184,53,22.4
2026-09-30T05:13:00Z,2026-09-30T07:13:00+02:00,53,dr-robert,407,313,94,23.1
2026-09-30T05:13:00Z,2026-09-30T07:13:00+02:00,54,placa-vella,297,215,82,27.6
2026-09-30T05:13:00Z,2026-09-30T07:13:00+02:00,55,ajuntament-mercat,237,184,53,22.4
2026-09-30T05:14:00Z,2026-09-30T07:14:00+02:00,53,dr-robert,407,313,94,23.1
2026-09-30T05:14:00Z,2026-09-30T07:14:00+02:00,54,placa-vella,297,215,82,27.6
2026-09-30T05:14:00Z,2026-09-30T07:14:00+02:00,55,ajuntament-mercat,237,184,53,22.4
2026-09-30T05:15:00Z,2026-09-30T07:15:00+02:00,53,dr-robert,407,307,100,24.6
2026-09-30T05:15:00Z,2026-09-30T07:15:00+02:00,54,placa-vella,297,215,82,27.6
2026-09-30T05:15:00Z,2026-09-30T07:15:00+02:00,55,ajuntament-mercat,237,183,54,22.8
2026-09-30T05:16:00Z,2026-09-30T07:16:00+02:00,53,dr-robert,407,307,100,24.6
2026-09-30T05:16:00Z,2026-09-30T07:16:00+02:00,54,placa-vella,297,215,82,27.6
2026-09-30T05:16:00Z,2026-09-30T07:16:00+02:00,55,ajuntament-mercat,237,183,54,22.8
2026-09-30T05:17:00Z,2026-09-30T07:17:00+02:00,53,dr-robert,407,307,100,24.6
2026-09-30T05:17:00Z,2026-09-30T07:17:00+02:00,54,placa-vella,297,215,82,27.6
2026-09-30T05:17:00Z,2026-09-30T07:17:00+02:00,55,ajuntament-mercat,237,183,54,22.8
2026-09-30T05:18:00Z,2026-09-30T07:18:00+02:00,53,dr-robert,407,307,100,24.6
2026-09-30T05:18:00Z,2026-09-30T07:18:00+02:00,54,placa-vella,297,215,82,27.6
2026-09-30T05:18:00Z,2026-09-30T07:18:00+02:00,55,ajuntament-mercat,237,183,54,22.8
2026-09-30T05:19:00Z,2026-09-30T07:19:00+02:00,53,dr-robert,407,307,100,24.6
2026-09-30T05:19:00Z,2026-09-30T07:19:00+02:00,54,placa-vella,297,215,82,27.6
2026-09-30T05:19:00Z,2026-09-30T07:19:00+02:00,55,ajuntament-mercat,237,183,54,22.8
2026-09-30T05:20:00Z,2026-09-30T07:20:00+02:00,53,dr-robert,407,301,106,26
2026-09-30T05:20:00Z,2026-09-30T07:20:00+02:00,54,placa-vella,297,215,82,27.6
2026-09-30T05:20:00Z,2026-09-30T07:20:00+02:00,55,ajuntament-mercat,237,183,54,22.8
2026-09-30T05:21:00Z,2026-09-30T07:21:00+02:00,53,dr-robert,407,301,106,26
2026-09-30T05:21:00Z,2026-09-30T07:21:00+02:00,54,placa-vella,297,215,82,27.6
2026-09-30T05:21:00Z,2026-09-30T07:21:00+02:00,55,ajuntament-mercat,237,183,54,22.8
2026-09-30T05:22:00Z,2026-09-30T07:22:00+02:00,53,dr-robert,407,301,106,26
2026-09-30T05:22:00Z,2026-09-30T07:22:00+02:00,54,placa-vella,297,215,82,27.6
2026-09-30T05:22:00Z,2026-09-30T07:22:00+02:00,55,ajuntament-mercat,237,183,54,22.8
2026-09-30T05:23:00Z,2026-09-30T07:23:00+02:00,53,dr-robert,407,301,106,26
2026-09-30T05:23:00Z,2026-09-30T07:23:00+02:00,54,placa-vella,297,215,82,27.6
2026-09-30T05:23:00Z,2026-09-30T07:23:00+02:00,55,ajuntament-mercat,237,183,54,22.8
2026-09-30T05:24:00Z,2026-09-30T07:24:00+02:00,53,dr-robert,407,301,106,26
2026-09-30T05:24:00Z,2026-09-30T07:24:00+02:00,54,placa-vella,297,215,82,27.6
2026-09-30T05:24:00Z,2026-09-30T07:24:00+02:00,55,ajuntament-mercat,237,183,54,22.8
2026-09-30T05:25:00Z,2026-09-30T07:25:00+02:00,53,dr-robert,407,296,111,27.3
2026-09-30T05:25:00Z,2026-09-30T07:25:00+02:00,54,placa-vella,297,214,83,27.9
2026-09-30T05:25:00Z,2026-09-30T07:25:00+02:00,55,ajuntament-mercat,237,179,58,24.5
2026-09-30T05:26:00Z,2026-09-30T07:26:00+02:00,53,dr-robert,407,296,111,27.3
2026-09-30T05:26:00Z,2026-09-30T07:26:00+02:00,54,placa-vella,297,214,83,27.9
2026-09-30T05:26:00Z,2026-09-30T07:26:00+02:00,55,ajuntament-mercat,237,179,58,24.5
2026-09-30T05:27:00Z,2026-09-30T07:27:00+02:00,53,dr-robert,407,296,111,27.3
2026-09-30T05:27:00Z,2026-09-30T07:27:00+02:00,54,placa-vella,297,214,83,27.9
2026-09-30T05:27:00Z,2026-09-30T07:27:00+02:00,55,ajuntament-mercat,237,179,58,24.5
2026-09-30T05:28:00Z,2026-09-30T07:28:00+02:00,53,dr-robert,407,296,111,27.3
2026-09-30T05:28:00Z,2026-09-30T07:28:00+02:00,54,placa-vella,297,214,83,27.9
2026-09-30T05:28:00Z,2026-09-30T07:28:00+02:00,55,ajuntament-mercat,237,179,58,24.5
2026-09-30T05:29:00Z,2026-09-30T07:29:00+02:00,53,dr-robert,407,296,111,27.3
2026-09-30T05:29:00Z,2026-09-30T07:29:00+02:00,54,placa-vella,297,214,83,27.9
2026-09-30T05:29:00Z,2026-09-30T07:29:00+02:00,55,ajuntament-mercat,237,179,58,24.5
2026-09-30T05:30:00Z,2026-09-30T07:30:00+02:00,53,dr-robert,407,289,118,29
2026-09-30T05:30:00Z,2026-09-30T07:30:00+02:00,54,placa-vella,297,212,85,28.6
2026-09-30T05:30:00Z,2026-09-30T07:30:00+02:00,55,ajuntament-mercat,237,176,61,25.7
2026-09-30T05:31:00Z,2026-09-30T07:31:00+02:00,53,dr-robert,407,289,118,29
2026-09-30T05:31:00Z,2026-09-30T07:31:00+02:00,54,placa-vella,297,212,85,28.6
2026-09-30T05:31:00Z,2026-09-30T07:31:00+02:00,55,ajuntament-mercat,237,176,61,25.7
2026-09-30T05:32:00Z,2026-09-30T07:32:00+02:00,53,dr-robert,407,289,118,29
2026-09-30T05:32:00Z,2026-09-30T07:32:00+02:00,54,placa-vella,297,212,85,28.6
2026-09-30T05:32:00Z,2026-09-30T07:32:00+02:00,55,ajuntament-mercat,237,176,61,25.7
2026-09-30T05:33:00Z,2026-09-30T07:33:00+02:00,53,dr-robert,407,289,118,29
2026-09-30T05:33:00Z,2026-09-30T07:33:00+02:00,54,placa-vella,297,212,85,28.6
2026-09-30T05:33:00Z,2026-09-30T07:33:00+02:00,55,ajuntament-mercat,237,176,61,25.7
2026-09-30T05:34:00Z,2026-09-30T07:34:00+02:00,53,dr-robert,407,289,118,29
2026-09-30T05:34:00Z,2026-09-30T07:34:00+02:00,54,placa-vella,297,212,85,28.6
2026-09-30T05:34:00Z,2026-09-30T07:34:00+02:00,55,ajuntament-mercat,237,176,61,25.7
2026-09-30T05:35:00Z,2026-09-30T07:35:00+02:00,53,dr-robert,407,283,124,30.5
2026-09-30T05:35:00Z,2026-09-30T07:35:00+02:00,54,placa-vella,297,213,84,28.3
2026-09-30T05:35:00Z,2026-09-30T07:35:00+02:00,55,ajuntament-mercat,237,175,62,26.2
2026-09-30T05:36:00Z,2026-09-30T07:36:00+02:00,53,dr-robert,407,283,124,30.5
2026-09-30T05:36:00Z,2026-09-30T07:36:00+02:00,54,placa-vella,297,213,84,28.3
2026-09-30T05:36:00Z,2026-09-30T07:36:00+02:00,55,ajuntament-mercat,237,175,62,26.2
2026-09-30T05:37:00Z,2026-09-30T07:37:00+02:00,53,dr-robert,407,283,124,30.5
2026-09-30T05:37:00Z,2026-09-30T07:37:00+02:00,54,placa-vella,297,213,84,28.3
2026-09-30T05:37:00Z,2026-09-30T07:37:00+02:00,55,ajuntament-mercat,237,175,62,26.2
2026-09-30T05:38:00Z,2026-09-30T07:38:00+02:00,53,dr-robert,407,283,124,30.5
2026-09-30T05:38:00Z,2026-09-30T07:38:00+02:00,54,placa-vella,297,213,84,28.3
2026-09-30T05:38:00Z,2026-09-30T07:38:00+02:00,55,ajuntament-mercat,237,175,62,26.2
2026-09-30T05:39:00Z,2026-09-30T07:39:00+02:00,53,dr-robert,407,283,124,30.5
2026-09-30T05:39:00Z,2026-09-30T07:39:00+02:00,54,placa-vella,297,213,84,28.3
2026-09-30T05:39:00Z,2026-09-30T07:39:00+02:00,55,ajuntament-mercat,237,175,62,26.2
2026-09-30T05:40:00Z,2026-09-30T07:40:00+02:00,53,dr-robert,407,270,137,33.7
2026-09-30T05:40:00Z,2026-09-30T07:40:00+02:00,54,placa-vella,297,212,85,28.6
2026-09-30T05:40:00Z,2026-09-30T07:40:00+02:00,55,ajuntament-mercat,237,173,64,27
2026-09-30T05:41:00Z,2026-09-30T07:41:00+02:00,53,dr-robert,407,270,137,33.7
2026-09-30T05:41:00Z,2026-09-30T07:41:00+02:00,54,placa-vella,297,212,85,28.6
2026-09-30T05:41:00Z,2026-09-30T07:41:00+02:00,55,ajuntament-mercat,237,173,64,27
2026-09-30T05:42:00Z,2026-09-30T07:42:00+02:00,53,dr-robert,407,270,137,33.7
2026-09-30T05:42:00Z,2026-09-30T07:42:00+02:00,54,placa-vella,297,212,85,28.6
2026-09-30T05:42:00Z,2026-09-30T07:42:00+02:00,55,ajuntament-mercat,237,173,64,27
2026-09-30T05:43:00Z,2026-09-30T07:43:00+02:00,53,dr-robert,407,270,137,33.7
2026-09-30T05:43:00Z,2026-09-30T07:43:00+02:00,54,placa-vella,297,212,85,28.6
2026-09-30T05:43:00Z,2026-09-30T07:43:00+02:00,55,ajuntament-mercat,237,173,64,27
2026-09-30T05:44:00Z,2026-09-30T07:44:00+02:00,53,dr-robert,407,270,137,33.7
2026-09-30T05:44:00Z,2026-09-30T07:44:00+02:00,54,placa-vella,297,212,85,28.6
2026-09-30T05:44:00Z,2026-09-30T07:44:00+02:00,55,ajuntament-mercat,237,173,64,27
2026-09-30T05:45:00Z,2026-09-30T07:45:00+02:00,53,dr-robert,407,265,142,34.9
2026-09-30T05:45:00Z,2026-09-30T07:45:00+02:00,54,placa-vella,297,209,88,29.6
2026-09-30T05:45:00Z,2026-09-30T07:45:00+02:00,55,ajuntament-mercat,237,167,70,29.5
2026-09-30T05:46:00Z,2026-09-30T07:46:00+02:00,53,dr-robert,407,265,142,34.9
2026-09-30T05:46:00Z,2026-09-30T07:46:00+02:00,54,placa-vella,297,209,88,29.6
2026-09-30T05:46:00Z,2026-09-30T07:46:00+02:00,55,ajuntament-mercat,237,167,70,29.5
2026-09-30T05:47:00Z,2026-09-30T07:47:00+02:00,53,dr-robert,407,265,142,34.9
2026-09-30T05:47:00Z,2026-09-30T07:47:00+02:00,54,placa-vella,297,209,88,29.6
2026-09-30T05:47:00Z,2026-09-30T07:47:00+02:00,55,ajuntament-mercat,237,167,70,29.5
2026-09-30T05:48:00Z,2026-09-30T07:48:00+02:00,53,dr-robert,407,265,142,34.9
2026-09-30T05:48:00Z,2026-09-30T07:48:00+02:00,54,placa-vella,297,209,88,29.6
2026-09-30T05:48:00Z,2026-09-30T07:48:00+02:00,55,ajuntament-mercat,237,167,70,29.5
2026-09-30T05:49:00Z,2026-09-30T07:49:00+02:00,53,dr-robert,407,265,142,34.9
2026-09-30T05:49:00Z,2026-09-30T07:49:00+02:00,54,placa-vella,297,209,88,29.6
2026-09-30T05:49:00Z,2026-09-30T07:49:00+02:00,55,ajuntament-mercat,237,167,70,29.5
2026-09-30T05:50:00Z,2026-09-30T07:50:00+02:00,53,dr-robert,407,257,150,36.9
2026-09-30T05:50:00Z,2026-09-30T07:50:00+02:00,54,placa-vella,297,207,90,30.3
2026-09-30T05:50:00Z,2026-09-30T07:50:00+02:00,55,ajuntament-mercat,237,167,70,29.5
2026-09-30T05:51:00Z,2026-09-30T07:51:00+02:00,53,dr-robert,407,257,150,36.9
2026-09-30T05:51:00Z,2026-09-30T07:51:00+02:00,54,placa-vella,297,207,90,30.3
2026-09-30T05:51:00Z,2026-09-30T07:51:00+02:00,55,ajuntament-mercat,237,167,70,29.5
2026-09-30T05:52:00Z,2026-09-30T07:52:00+02:00,53,dr-robert,407,257,150,36.9
2026-09-30T05:52:00Z,2026-09-30T07:52:00+02:00,54,placa-vella,297,207,90,30.3
2026-09-30T05:52:00Z,2026-09-30T07:52:00+02:00,55,ajuntament-mercat,237,167,70,29.5
2026-09-30T05:53:00Z,2026-09-30T07:53:00+02:00,53,dr-robert,407,257,150,36.9
2026-09-30T05:53:00Z,2026-09-30T07:53:00+02:00,54,placa-vella,297,207,90,30.3
2026-09-30T05:53:00Z,2026-09-30T07:53:00+02:00,55,ajuntament-mercat,237,167,70,29.5
2026-09-30T05:54:00Z,2026-09-30T07:54:00+02:00,53,dr-robert,407,257,150,36.9
2026-09-30T05:54:00Z,2026-09-30T07:54:00+02:00,54,placa-vella,297,207,90,30.3
2026-09-30T05:54:00Z,2026-09-30T07:54:00+02:00,55,ajuntament-mercat,237,167,70,29.5
2026-09-30T05:55:00Z,2026-09-30T07:55:00+02:00,53,dr-robert,407,253,154,37.8
2026-09-30T05:55:00Z,2026-09-30T07:55:00+02:00,54,placa-vella,297,203,94,31.6
2026-09-30T05:55:00Z,2026-09-30T07:55:00+02:00,55,ajuntament-mercat,237,163,74,31.2
2026-09-30T05:56:00Z,2026-09-30T07:56:00+02:00,53,dr-robert,407,253,154,37.8
2026-09-30T05:56:00Z,2026-09-30T07:56:00+02:00,54,placa-vella,297,203,94,31.6
2026-09-30T05:56:00Z,2026-09-30T07:56:00+02:00,55,ajuntament-mercat,237,163,74,31.2
2026-09-30T05:57:00Z,2026-09-30T07:57:00+02:00,53,dr-robert,407,253,154,37.8
2026-09-30T05:57:00Z,2026-09-30T07:57:00+02:00,54,placa-vella,297,203,94,31.6
2026-09-30T05:57:00Z,2026-09-30T07:57:00+02:00,55,ajuntament-mercat,237,163,74,31.2
2026-09-30T05:58:00Z,2026-09-30T07:58:00+02:00,53,dr-robert,407,253,154,37.8
2026-09-30T05:58:00Z,2026-09-30T07:58:00+02:00,54,placa-vella,297,203,94,31.6
2026-09-30T05:58:00Z,2026-09-30T07:58:00+02:00,55,ajuntament-mercat,237,163,74,31.2
2026-09-30T05:59:00Z,2026-09-30T07:59:00+02:00,53,dr-robert,407,253,154,37.8
2026-09-30T05:59:00Z,2026-09-30T07:59:00+02:00,54,placa-vella,297,203,94,31.6
2026-09-30T05:59:00Z,2026-09-30T07:59:00+02:00,55,ajuntament-mercat,237,163,74,31.2
2026-09-30T06:00:00Z,2026-09-30T08:00:00+02:00,53,dr-robert,407,253,154,37.8
2026-09-30T06:00:00Z,2026-09-30T08:00:00+02:00,54,placa-vella,297,203,94,31.6
2026-09-30T06:00:00Z,2026-09-30T08:00:00+02:00,55,ajuntament-mercat,237,163,74,31.2
2026-09-30T06:01:00Z,2026-09-30T08:01:00+02:00,53,dr-robert,407,253,154,37.8
2026-09-30T06:01:00Z,2026-09-30T08:01:00+02:00,54,placa-vella,297,203,94,31.6
2026-09-30T06:01:00Z,2026-09-30T08:01:00+02:00,55,ajuntament-mercat,237,163,74,31.2
2026-09-30T06:02:00Z,2026-09-30T08:02:00+02:00,53,dr-robert,407,253,154,37.8
2026-09-30T06:02:00Z,2026-09-30T08:02:00+02:00,54,placa-vella,297,203,94,31.6
2026-09-30T06:02:00Z,2026-09-30T08:02:00+02:00,55,ajuntament-mercat,237,163,74,31.2
2026-09-30T06:03:00Z,2026-09-30T08:03:00+02:00,53,dr-robert,407,253,154,37.8
2026-09-30T06:03:00Z,2026-09-30T08:03:00+02:00,54,placa-vella,297,203,94,31.6
2026-09-30T06:03:00Z,2026-09-30T08:03:00+02:00,55,ajuntament-mercat,237,163,74,31.2
2026-09-30T06:04:00Z,2026-09-30T08:04:00+02:00,53,dr-robert,407,221,186,45.7
2026-09-30T06:04:00Z,2026-09-30T08:04:00+02:00,54,placa-vella,297,194,103,34.7
2026-09-30T06:04:00Z,2026-09-30T08:04:00+02:00,55,ajuntament-mercat,237,154,83,35
2026-09-30T06:05:00Z,2026-09-30T08:05:00+02:00,53,dr-robert,407,221,186,45.7
2026-09-30T06:05:00Z,2026-09-30T08:05:00+02:00,54,placa-vella,297,194,103,34.7
2026-09-30T06:05:00Z,2026-09-30T08:05:00+02:00,55,ajuntament-mercat,237,154,83,35
2026-09-30T06:06:00Z,2026-09-30T08:06:00+02:00,53,dr-robert,407,217,190,46.7
2026-09-30T06:06:00Z,2026-09-30T08:06:00+02:00,54,placa-vella,297,193,104,35
2026-09-30T06:06:00Z,2026-09-30T08:06:00+02:00,55,ajuntament-mercat,237,151,86,36.3
2026-09-30T06:07:00Z,2026-09-30T08:07:00+02:00,53,dr-robert,407,217,190,46.7
2026-09-30T06:07:00Z,2026-09-30T08:07:00+02:00,54,placa-vella,297,193,104,35
2026-09-30T06:07:00Z,2026-09-30T08:07:00+02:00,55,ajuntament-mercat,237,151,86,36.3
2026-09-30T06:08:00Z,2026-09-30T08:08:00+02:00,53,dr-robert,407,217,190,46.7
2026-09-30T06:08:00Z,2026-09-30T08:08:00+02:00,54,placa-vella,297,193,104,35
2026-09-30T06:08:00Z,2026-09-30T08:08:00+02:00,55,ajuntament-mercat,237,151,86,36.3
2026-09-30T06:09:00Z,2026-09-30T08:09:00+02:00,53,dr-robert,407,217,190,46.7
2026-09-30T06:09:00Z,2026-09-30T08:09:00+02:00,54,placa-vella,297,193,104,35
2026-09-30T06:09:00Z,2026-09-30T08:09:00+02:00,55,ajuntament-mercat,237,151,86,36.3
2026-09-30T06:10:00Z,2026-09-30T08:10:00+02:00,53,dr-robert,407,208,199,48.9
2026-09-30T06:10:00Z,2026-09-30T08:10:00+02:00,54,placa-vella,297,194,103,34.7
2026-09-30T06:10:00Z,2026-09-30T08:10:00+02:00,55,ajuntament-mercat,237,145,92,38.8
2026-09-30T06:11:00Z,2026-09-30T08:11:00+02:00,53,dr-robert,407,208,199,48.9
2026-09-30T06:11:00Z,2026-09-30T08:11:00+02:00,54,placa-vella,297,194,103,34.7
2026-09-30T06:11:00Z,2026-09-30T08:11:00+02:00,55,ajuntament-mercat,237,145,92,38.8
2026-09-30T06:12:00Z,2026-09-30T08:12:00+02:00,53,dr-robert,407,208,199,48.9
2026-09-30T06:12:00Z,2026-09-30T08:12:00+02:00,54,placa-vella,297,194,103,34.7
2026-09-30T06:12:00Z,2026-09-30T08:12:00+02:00,55,ajuntament-mercat,237,145,92,38.8
2026-09-30T06:13:00Z,2026-09-30T08:13:00+02:00,53,dr-robert,407,208,199,48.9
2026-09-30T06:13:00Z,2026-09-30T08:13:00+02:00,54,placa-vella,297,194,103,34.7
2026-09-30T06:13:00Z,2026-09-30T08:13:00+02:00,55,ajuntament-mercat,237,145,92,38.8
2026-09-30T06:14:00Z,2026-09-30T08:14:00+02:00,53,dr-robert,407,208,199,48.9
2026-09-30T06:14:00Z,2026-09-30T08:14:00+02:00,54,placa-vella,297,194,103,34.7
2026-09-30T06:14:00Z,2026-09-30T08:14:00+02:00,55,ajuntament-mercat,237,145,92,38.8
2026-09-30T06:15:00Z,2026-09-30T08:15:00+02:00,53,dr-robert,407,189,218,53.6
2026-09-30T06:15:00Z,2026-09-30T08:15:00+02:00,54,placa-vella,297,189,108,36.4
2026-09-30T06:15:00Z,2026-09-30T08:15:00+02:00,55,ajuntament-mercat,237,141,96,40.5
2026-09-30T06:16:00Z,2026-09-30T08:16:00+02:00,53,dr-robert,407,189,218,53.6
2026-09-30T06:16:00Z,2026-09-30T08:16:00+02:00,54,placa-vella,297,189,108,36.4
2026-09-30T06:16:00Z,2026-09-30T08:16:00+02:00,55,ajuntament-mercat,237,141,96,40.5
2026-09-30T06:17:00Z,2026-09-30T08:17:00+02:00,53,dr-robert,407,189,218,53.6
2026-09-30T06:17:00Z,2026-09-30T08:17:00+02:00,54,placa-vella,297,189,108,36.4
2026-09-30T06:17:00Z,2026-09-30T08:17:00+02:00,55,ajuntament-mercat,237,141,96,40.5
2026-09-30T06:18:00Z,2026-09-30T08:18:00+02:00,53,dr-robert,407,189,218,53.6
2026-09-30T06:18:00Z,2026-09-30T08:18:00+02:00,54,placa-vella,297,189,108,36.4
2026-09-30T06:18:00Z,2026-09-30T08:18:00+02:00,55,ajuntament-mercat,237,141,96,40.5
2026-09-30T06:19:00Z,2026-09-30T08:19:00+02:00,53,dr-robert,407,189,218,53.6
2026-09-30T06:19:00Z,2026-09-30T08:19:00+02:00,54,placa-vella,297,189,108,36.4
2026-09-30T06:19:00Z,2026-09-30T08:19:00+02:00,55,ajuntament-mercat,237,141,96,40.5
2026-09-30T06:20:00Z,2026-09-30T08:20:00+02:00,53,dr-robert,407,190,217,53.3
2026-09-30T06:20:00Z,2026-09-30T08:20:00+02:00,54,placa-vella,297,181,116,39.1
2026-09-30T06:20:00Z,2026-09-30T08:20:00+02:00,55,ajuntament-mercat,237,139,98,41.4
2026-09-30T06:21:00Z,2026-09-30T08:21:00+02:00,53,dr-robert,407,190,217,53.3
2026-09-30T06:21:00Z,2026-09-30T08:21:00+02:00,54,placa-vella,297,181,116,39.1
2026-09-30T06:21:00Z,2026-09-30T08:21:00+02:00,55,ajuntament-mercat,237,139,98,41.4
2026-09-30T06:22:00Z,2026-09-30T08:22:00+02:00,53,dr-robert,407,190,217,53.3
2026-09-30T06:22:00Z,2026-09-30T08:22:00+02:00,54,placa-vella,297,181,116,39.1
2026-09-30T06:22:00Z,2026-09-30T08:22:00+02:00,55,ajuntament-mercat,237,139,98,41.4
2026-09-30T06:23:00Z,2026-09-30T08:23:00+02:00,53,dr-robert,407,190,217,53.3
2026-09-30T06:23:00Z,2026-09-30T08:23:00+02:00,54,placa-vella,297,181,116,39.1
2026-09-30T06:23:00Z,2026-09-30T08:23:00+02:00,55,ajuntament-mercat,237,139,98,41.4
2026-09-30T06:24:00Z,2026-09-30T08:24:00+02:00,53,dr-robert,407,190,217,53.3
2026-09-30T06:24:00Z,2026-09-30T08:24:00+02:00,54,placa-vella,297,181,116,39.1
2026-09-30T06:24:00Z,2026-09-30T08:24:00+02:00,55,ajuntament-mercat,237,139,98,41.4
2026-09-30T06:25:00Z,2026-09-30T08:25:00+02:00,53,dr-robert,407,188,219,53.8
2026-09-30T06:25:00Z,2026-09-30T08:25:00+02:00,54,placa-vella,297,182,115,38.7
2026-09-30T06:25:00Z,2026-09-30T08:25:00+02:00,55,ajuntament-mercat,237,136,101,42.6
2026-09-30T06:26:00Z,2026-09-30T08:26:00+02:00,53,dr-robert,407,188,219,53.8
2026-09-30T06:26:00Z,2026-09-30T08:26:00+02:00,54,placa-vella,297,182,115,38.7
2026-09-30T06:26:00Z,2026-09-30T08:26:00+02:00,55,ajuntament-mercat,237,136,101,42.6
2026-09-30T06:27:00Z,2026-09-30T08:27:00+02:00,53,dr-robert,407,188,219,53.8
2026-09-30T06:27:00Z,2026-09-30T08:27:00+02:00,54,placa-vella,297,182,115,38.7
2026-09-30T06:27:00Z,2026-09-30T08:27:00+02:00,55,ajuntament-mercat,237,136,101,42.6
2026-09-30T06:28:00Z,2026-09-30T08:28:00+02:00,53,dr-robert,407,188,219,53.8
2026-09-30T06:28:00Z,2026-09-30T08:28:00+02:00,54,placa-vella,297,182,115,38.7
2026-09-30T06:28:00Z,2026-09-30T08:28:00+02:00,55,ajuntament-mercat,237,136,101,42.6
2026-09-30T06:29:00Z,2026-09-30T08:29:00+02:00,53,dr-robert,407,188,219,53.8
2026-09-30T06:29:00Z,2026-09-30T08:29:00+02:00,54,placa-vella,297,182,115,38.7
2026-09-30T06:29:00Z,2026-09-30T08:29:00+02:00,55,ajuntament-mercat,237,136,101,42.6
2026-09-30T06:30:00Z,2026-09-30T08:30:00+02:00,53,dr-robert,407,177,230,56.5
2026-09-30T06:30:00Z,2026-09-30T08:30:00+02:00,54,placa-vella,297,179,118,39.7
2026-09-30T06:30:00Z,2026-09-30T08:30:00+02:00,55,ajuntament-mercat,237,129,108,45.6
2026-09-30T06:31:00Z,2026-09-30T08:31:00+02:00,53,dr-robert,407,177,230,56.5
2026-09-30T06:31:00Z,2026-09-30T08:31:00+02:00,54,placa-vella,297,179,118,39.7
2026-09-30T06:31:00Z,2026-09-30T08:31:00+02:00,55,ajuntament-mercat,237,129,108,45.6
2026-09-30T06:32:00Z,2026-09-30T08:32:00+02:00,53,dr-robert,407,177,230,56.5
2026-09-30T06:32:00Z,2026-09-30T08:32:00+02:00,54,placa-vella,297,179,118,39.7
2026-09-30T06:32:00Z,2026-09-30T08:32:00+02:00,55,ajuntament-mercat,237,129,108,45.6
2026-09-30T06:33:00Z,2026-09-30T08:33:00+02:00,53,dr-robert,407,177,230,56.5
2026-09-30T06:33:00Z,2026-09-30T08:33:00+02:00,54,placa-vella,297,179,118,39.7
2026-09-30T06:33:00Z,2026-09-30T08:33:00+02:00,55,ajuntament-mercat,237,129,108,45.6
2026-09-30T06:34:00Z,2026-09-30T08:34:00+02:00,53,dr-robert,407,177,230,56.5
2026-09-30T06:34:00Z,2026-09-30T08:34:00+02:00,54,placa-vella,297,179,118,39.7
2026-09-30T06:34:00Z,2026-09-30T08:34:00+02:00,55,ajuntament-mercat,237,129,108,45.6
2026-09-30T06:35:00Z,2026-09-30T08:35:00+02:00,53,dr-robert,407,172,235,57.7
2026-09-30T06:35:00Z,2026-09-30T08:35:00+02:00,54,placa-vella,297,179,118,39.7
2026-09-30T06:35:00Z,2026-09-30T08:35:00+02:00,55,ajuntament-mercat,237,128,109,46
2026-09-30T06:36:00Z,2026-09-30T08:36:00+02:00,53,dr-robert,407,172,235,57.7
2026-09-30T06:36:00Z,2026-09-30T08:36:00+02:00,54,placa-vella,297,179,118,39.7
2026-09-30T06:36:00Z,2026-09-30T08:36:00+02:00,55,ajuntament-mercat,237,128,109,46
2026-09-30T06:37:00Z,2026-09-30T08:37:00+02:00,53,dr-robert,407,172,235,57.7
2026-09-30T06:37:00Z,2026-09-30T08:37:00+02:00,54,placa-vella,297,179,118,39.7
2026-09-30T06:37:00Z,2026-09-30T08:37:00+02:00,55,ajuntament-mercat,237,128,109,46
2026-09-30T06:38:00Z,2026-09-30T08:38:00+02:00,53,dr-robert,407,172,235,57.7
2026-09-30T06:38:00Z,2026-09-30T08:38:00+02:00,54,placa-vella,297,179,118,39.7
2026-09-30T06:38:00Z,2026-09-30T08:38:00+02:00,55,ajuntament-mercat,237,128,109,46
2026-09-30T06:39:00Z,2026-09-30T08:39:00+02:00,53,dr-robert,407,172,235,57.7
2026-09-30T06:39:00Z,2026-09-30T08:39:00+02:00,54,placa-vella,297,179,118,39.7
2026-09-30T06:39:00Z,2026-09-30T08:39:00+02:00,55,ajuntament-mercat,237,128,109,46
2026-09-30T06:40:00Z,2026-09-30T08:40:00+02:00,53,dr-robert,407,172,235,57.7
2026-09-30T06:40:00Z,2026-09-30T08:40:00+02:00,54,placa-vella,297,176,121,40.7
2026-09-30T06:40:00Z,2026-09-30T08:40:00+02:00,55,ajuntament-mercat,237,122,115,48.5
2026-09-30T06:41:00Z,2026-09-30T08:41:00+02:00,53,dr-robert,407,172,235,57.7
2026-09-30T06:41:00Z,2026-09-30T08:41:00+02:00,54,placa-vella,297,176,121,40.7
2026-09-30T06:41:00Z,2026-09-30T08:41:00+02:00,55,ajuntament-mercat,237,122,115,48.5
2026-09-30T06:42:00Z,2026-09-30T08:42:00+02:00,53,dr-robert,407,172,235,57.7
2026-09-30T06:42:00Z,2026-09-30T08:42:00+02:00,54,placa-vella,297,176,121,40.7
2026-09-30T06:42:00Z,2026-09-30T08:42:00+02:00,55,ajuntament-mercat,237,122,115,48.5
2026-09-30T06:43:00Z,2026-09-30T08:43:00+02:00,53,dr-robert,407,172,235,57.7
2026-09-30T06:43:00Z,2026-09-30T08:43:00+02:00,54,placa-vella,297,176,121,40.7
2026-09-30T06:43:00Z,2026-09-30T08:43:00+02:00,55,ajuntament-mercat,237,122,115,48.5
2026-09-30T06:44:00Z,2026-09-30T08:44:00+02:00,53,dr-robert,407,172,235,57.7
2026-09-30T06:44:00Z,2026-09-30T08:44:00+02:00,54,placa-vella,297,176,121,40.7
2026-09-30T06:44:00Z,2026-09-30T08:44:00+02:00,55,ajuntament-mercat,237,122,115,48.5
2026-09-30T06:45:00Z,2026-09-30T08:45:00+02:00,53,dr-robert,407,160,247,60.7
2026-09-30T06:45:00Z,2026-09-30T08:45:00+02:00,54,placa-vella,297,173,124,41.8
2026-09-30T06:45:00Z,2026-09-30T08:45:00+02:00,55,ajuntament-mercat,237,116,121,51.1
2026-09-30T06:46:00Z,2026-09-30T08:46:00+02:00,53,dr-robert,407,160,247,60.7
2026-09-30T06:46:00Z,2026-09-30T08:46:00+02:00,54,placa-vella,297,173,124,41.8
2026-09-30T06:46:00Z,2026-09-30T08:46:00+02:00,55,ajuntament-mercat,237,116,121,51.1
2026-09-30T06:47:00Z,2026-09-30T08:47:00+02:00,53,dr-robert,407,160,247,60.7
2026-09-30T06:47:00Z,2026-09-30T08:47:00+02:00,54,placa-vella,297,173,124,41.8
2026-09-30T06:47:00Z,2026-09-30T08:47:00+02:00,55,ajuntament-mercat,237,116,121,51.1
2026-09-30T06:48:00Z,2026-09-30T08:48:00+02:00,53,dr-robert,407,160,247,60.7
2026-09-30T06:48:00Z,2026-09-30T08:48:00+02:00,54,placa-vella,297,173,124,41.8
2026-09-30T06:48:00Z,2026-09-30T08:48:00+02:00,55,ajuntament-mercat,237,116,121,51.1
2026-09-30T06:49:00Z,2026-09-30T08:49:00+02:00,53,dr-robert,407,160,247,60.7
2026-09-30T06:49:00Z,2026-09-30T08:49:00+02:00,54,placa-vella,297,173,124,41.8
2026-09-30T06:49:00Z,2026-09-30T08:49:00+02:00,55,ajuntament-mercat,237,116,121,51.1
2026-09-30T06:50:00Z,2026-09-30T08:50:00+02:00,53,dr-robert,407,152,255,62.7
2026-09-30T06:50:00Z,2026-09-30T08:50:00+02:00,54,placa-vella,297,169,128,43.1
2026-09-30T06:50:00Z,2026-09-30T08:50:00+02:00,55,ajuntament-mercat,237,106,131,55.3
2026-09-30T06:51:00Z,2026-09-30T08:51:00+02:00,53,dr-robert,407,152,255,62.7
2026-09-30T06:51:00Z,2026-09-30T08:51:00+02:00,54,placa-vella,297,169,128,43.1
2026-09-30T06:51:00Z,2026-09-30T08:51:00+02:00,55,ajuntament-mercat,237,106,131,55.3
2026-09-30T06:52:00Z,2026-09-30T08:52:00+02:00,53,dr-robert,407,152,255,62.7
2026-09-30T06:52:00Z,2026-09-30T08:52:00+02:00,54,placa-vella,297,169,128,43.1
2026-09-30T06:52:00Z,2026-09-30T08:52:00+02:00,55,ajuntament-mercat,237,106,131,55.3
2026-09-30T06:53:00Z,2026-09-30T08:53:00+02:00,53,dr-robert,407,152,255,62.7
2026-09-30T06:53:00Z,2026-09-30T08:53:00+02:00,54,placa-vella,297,169,128,43.1
2026-09-30T06:53:00Z,2026-09-30T08:53:00+02:00,55,ajuntament-mercat,237,106,131,55.3
2026-09-30T06:54:00Z,2026-09-30T08:54:00+02:00,53,dr-robert,407,152,255,62.7
2026-09-30T06:54:00Z,2026-09-30T08:54:00+02:00,54,placa-vella,297,169,128,43.1
2026-09-30T06:54:00Z,2026-09-30T08:54:00+02:00,55,ajuntament-mercat,237,106,131,55.3
2026-09-30T06:55:00Z,2026-09-30T08:55:00+02:00,53,dr-robert,407,136,271,66.6
2026-09-30T06:55:00Z,2026-09-30T08:55:00+02:00,54,placa-vella,297,165,132,44.4
2026-09-30T06:55:00Z,2026-09-30T08:55:00+02:00,55,ajuntament-mercat,237,105,132,55.7
2026-09-30T06:56:00Z,2026-09-30T08:56:00+02:00,53,dr-robert,407,136,271,66.6
2026-09-30T06:56:00Z,2026-09-30T08:56:00+02:00,54,placa-vella,297,165,132,44.4
2026-09-30T06:56:00Z,2026-09-30T08:56:00+02:00,55,ajuntament-mercat,237,105,132,55.7
2026-09-30T06:57:00Z,2026-09-30T08:57:00+02:00,53,dr-robert,407,136,271,66.6
2026-09-30T06:57:00Z,2026-09-30T08:57:00+02:00,54,placa-vella,297,165,132,44.4
2026-09-30T06:57:00Z,2026-09-30T08:57:00+02:00,55,ajuntament-mercat,237,105,132,55.7
2026-09-30T06:58:00Z,2026-09-30T08:58:00+02:00,53,dr-robert,407,136,271,66.6
2026-09-30T06:58:00Z,2026-09-30T08:58:00+02:00,54,placa-vella,297,165,132,44.4
2026-09-30T06:58:00Z,2026-09-30T08:58:00+02:00,55,ajuntament-mercat,237,105,132,55.7
2026-09-30T06:59:00Z,2026-09-30T08:59:00+02:00,53,dr-robert,407,136,271,66.6
2026-09-30T06:59:00Z,2026-09-30T08:59:00+02:00,54,placa-vella,297,165,132,44.4
2026-09-30T06:59:00Z,2026-09-30T08:59:00+02:00,55,ajuntament-mercat,237,105,132,55.7
2026-09-30T07:00:00Z,2026-09-30T09:00:00+02:00,53,dr-robert,407,130,277,68.1
2026-09-30T07:00:00Z,2026-09-30T09:00:00+02:00,54,placa-vella,297,157,140,47.1
2026-09-30T07:00:00Z,2026-09-30T09:00:00+02:00,55,ajuntament-mercat,237,102,135,57
2026-09-30T07:01:00Z,2026-09-30T09:01:00+02:00,53,dr-robert,407,130,277,68.1
2026-09-30T07:01:00Z,2026-09-30T09:01:00+02:00,54,placa-vella,297,157,140,47.1
2026-09-30T07:01:00Z,2026-09-30T09:01:00+02:00,55,ajuntament-mercat,237,102,135,57
2026-09-30T07:02:00Z,2026-09-30T09:02:00+02:00,53,dr-robert,407,130,277,68.1
2026-09-30T07:02:00Z,2026-09-30T09:02:00+02:00,54,placa-vella,297,157,140,47.1
2026-09-30T07:02:00Z,2026-09-30T09:02:00+02:00,55,ajuntament-mercat,237,102,135,57
2026-09-30T07:03:00Z,2026-09-30T09:03:00+02:00,53,dr-robert,407,130,277,68.1
2026-09-30T07:03:00Z,2026-09-30T09:03:00+02:00,54,placa-vella,297,157,140,47.1
2026-09-30T07:03:00Z,2026-09-30T09:03:00+02:00,55,ajuntament-mercat,237,102,135,57
2026-09-30T07:04:00Z,2026-09-30T09:04:00+02:00,53,dr-robert,407,130,277,68.1
2026-09-30T07:04:00Z,2026-09-30T09:04:00+02:00,54,placa-vella,297,157,140,47.1
2026-09-30T07:04:00Z,2026-09-30T09:04:00+02:00,55,ajuntament-mercat,237,102,135,57
2026-09-30T07:05:00Z,2026-09-30T09:05:00+02:00,53,dr-robert,407,123,284,69.8
2026-09-30T07:05:00Z,2026-09-30T09:05:00+02:00,54,placa-vella,297,150,147,49.5
2026-09-30T07:05:00Z,2026-09-30T09:05:00+02:00,55,ajuntament-mercat,237,94,143,60.3
2026-09-30T07:06:00Z,2026-09-30T09:06:00+02:00,53,dr-robert,407,123,284,69.8
2026-09-30T07:06:00Z,2026-09-30T09:06:00+02:00,54,placa-vella,297,150,147,49.5
2026-09-30T07:06:00Z,2026-09-30T09:06:00+02:00,55,ajuntament-mercat,237,94,143,60.3
2026-09-30T07:07:00Z,2026-09-30T09:07:00+02:00,53,dr-robert,407,123,284,69.8
2026-09-30T07:07:00Z,2026-09-30T09:07:00+02:00,54,placa-vella,297,150,147,49.5
2026-09-30T07:07:00Z,2026-09-30T09:07:00+02:00,55,ajuntament-mercat,237,94,143,60.3
2026-09-30T07:08:00Z,2026-09-30T09:08:00+02:00,53,dr-robert,407,123,284,69.8
2026-09-30T07:08:00Z,2026-09-30T09:08:00+02:00,54,placa-vella,297,150,147,49.5
2026-09-30T07:08:00Z,2026-09-30T09:08:00+02:00,55,ajuntament-mercat,237,94,143,60.3
2026-09-30T07:09:00Z,2026-09-30T09:09:00+02:00,53,dr-robert,407,123,284,69.8
2026-09-30T07:09:00Z,2026-09-30T09:09:00+02:00,54,placa-vella,297,150,147,49.5
2026-09-30T07:09:00Z,2026-09-30T09:09:00+02:00,55,ajuntament-mercat,237,94,143,60.3
2026-09-30T07:10:00Z,2026-09-30T09:10:00+02:00,53,dr-robert,407,128,279,68.6
2026-09-30T07:10:00Z,2026-09-30T09:10:00+02:00,54,placa-vella,297,143,154,51.9
2026-09-30T07:10:00Z,2026-09-30T09:10:00+02:00,55,ajuntament-mercat,237,87,150,63.3
2026-09-30T07:11:00Z,2026-09-30T09:11:00+02:00,53,dr-robert,407,128,279,68.6
2026-09-30T07:11:00Z,2026-09-30T09:11:00+02:00,54,placa-vella,297,143,154,51.9
2026-09-30T07:11:00Z,2026-09-30T09:11:00+02:00,55,ajuntament-mercat,237,87,150,63.3
2026-09-30T07:12:00Z,2026-09-30T09:12:00+02:00,53,dr-robert,407,128,279,68.6
2026-09-30T07:12:00Z,2026-09-30T09:12:00+02:00,54,placa-vella,297,143,154,51.9
2026-09-30T07:12:00Z,2026-09-30T09:12:00+02:00,55,ajuntament-mercat,237,87,150,63.3
2026-09-30T07:13:00Z,2026-09-30T09:13:00+02:00,53,dr-robert,407,128,279,68.6
2026-09-30T07:13:00Z,2026-09-30T09:13:00+02:00,54,placa-vella,297,143,154,51.9
2026-09-30T07:13:00Z,2026-09-30T09:13:00+02:00,55,ajuntament-mercat,237,87,150,63.3
2026-09-30T07:14:00Z,2026-09-30T09:14:00+02:00,53,dr-robert,407,128,279,68.6
2026-09-30T07:14:00Z,2026-09-30T09:14:00+02:00,54,placa-vella,297,143,154,51.9
2026-09-30T07:14:00Z,2026-09-30T09:14:00+02:00,55,ajuntament-mercat,237,87,150,63.3
2026-09-30T07:15:00Z,2026-09-30T09:15:00+02:00,53,dr-robert,407,123,284,69.8
2026-09-30T07:15:00Z,2026-09-30T09:15:00+02:00,54,placa-vella,297,138,159,53.5
2026-09-30T07:15:00Z,2026-09-30T09:15:00+02:00,55,ajuntament-mercat,237,86,151,63.7
2026-09-30T07:16:00Z,2026-09-30T09:16:00+02:00,53,dr-robert,407,123,284,69.8
2026-09-30T07:16:00Z,2026-09-30T09:16:00+02:00,54,placa-vella,297,138,159,53.5
2026-09-30T07:16:00Z,2026-09-30T09:16:00+02:00,55,ajuntament-mercat,237,86,151,63.7
2026-09-30T07:17:00Z,2026-09-30T09:17:00+02:00,53,dr-robert,407,123,284,69.8
2026-09-30T07:17:00Z,2026-09-30T09:17:00+02:00,54,placa-vella,297,138,159,53.5
2026-09-30T07:17:00Z,2026-09-30T09:17:00+02:00,55,ajuntament-mercat,237,86,151,63.7
2026-09-30T07:18:00Z,2026-09-30T09:18:00+02:00,53,dr-robert,407,123,284,69.8
2026-09-30T07:18:00Z,2026-09-30T09:18:00+02:00,54,placa-vella,297,138,159,53.5
2026-09-30T07:18:00Z,2026-09-30T09:18:00+02:00,55,ajuntament-mercat,237,86,151,63.7
2026-09-30T07:19:00Z,2026-09-30T09:19:00+02:00,53,dr-robert,407,123,284,69.8
2026-09-30T07:19:00Z,2026-09-30T09:19:00+02:00,54,placa-vella,297,138,159,53.5
2026-09-30T07:19:00Z,2026-09-30T09:19:00+02:00,55,ajuntament-mercat,237,86,151,63.7
2026-09-30T07:20:00Z,2026-09-30T09:20:00+02:00,53,dr-robert,407,123,284,69.8
2026-09-30T07:20:00Z,2026-09-30T09:20:00+02:00,54,placa-vella,297,137,160,53.9
2026-09-30T07:20:00Z,2026-09-30T09:20:00+02:00,55,ajuntament-mercat,237,82,155,65.4
2026-09-30T07:21:00Z,2026-09-30T09:21:00+02:00,53,dr-robert,407,123,284,69.8
2026-09-30T07:21:00Z,2026-09-30T09:21:00+02:00,54,placa-vella,297,137,160,53.9
2026-09-30T07:21:00Z,2026-09-30T09:21:00+02:00,55,ajuntament-mercat,237,82,155,65.4
2026-09-30T07:22:00Z,2026-09-30T09:22:00+02:00,53,dr-robert,407,123,284,69.8
2026-09-30T07:22:00Z,2026-09-30T09:22:00+02:00,54,placa-vella,297,137,160,53.9
2026-09-30T07:22:00Z,2026-09-30T09:22:00+02:00,55,ajuntament-mercat,237,82,155,65.4
2026-09-30T07:23:00Z,2026-09-30T09:23:00+02:00,53,dr-robert,407,123,284,69.8
2026-09-30T07:23:00Z,2026-09-30T09:23:00+02:00,54,placa-vella,297,137,160,53.9
2026-09-30T07:23:00Z,2026-09-30T09:23:00+02:00,55,ajuntament-mercat,237,82,155,65.4
2026-09-30T07:24:00Z,2026-09-30T09:24:00+02:00,53,dr-robert,407,123,284,69.8
2026-09-30T07:24:00Z,2026-09-30T09:24:00+02:00,54,placa-vella,297,137,160,53.9
2026-09-30T07:24:00Z,2026-09-30T09:24:00+02:00,55,ajuntament-mercat,237,82,155,65.4
2026-09-30T07:25:00Z,2026-09-30T09:25:00+02:00,53,dr-robert,407,116,291,71.5
2026-09-30T07:25:00Z,2026-09-30T09:25:00+02:00,54,placa-vella,297,134,163,54.9
2026-09-30T07:25:00Z,2026-09-30T09:25:00+02:00,55,ajuntament-mercat,237,75,162,68.4
2026-09-30T07:26:00Z,2026-09-30T09:26:00+02:00,53,dr-robert,407,116,291,71.5
2026-09-30T07:26:00Z,2026-09-30T09:26:00+02:00,54,placa-vella,297,134,163,54.9
2026-09-30T07:26:00Z,2026-09-30T09:26:00+02:00,55,ajuntament-mercat,237,75,162,68.4
2026-09-30T07:27:00Z,2026-09-30T09:27:00+02:00,53,dr-robert,407,116,291,71.5
2026-09-30T07:27:00Z,2026-09-30T09:27:00+02:00,54,placa-vella,297,134,163,54.9
2026-09-30T07:27:00Z,2026-09-30T09:27:00+02:00,55,ajuntament-mercat,237,75,162,68.4
2026-09-30T07:28:00Z,2026-09-30T09:28:00+02:00,53,dr-robert,407,116,291,71.5
2026-09-30T07:28:00Z,2026-09-30T09:28:00+02:00,54,placa-vella,297,134,163,54.9
2026-09-30T07:28:00Z,2026-09-30T09:28:00+02:00,55,ajuntament-mercat,237,75,162,68.4
2026-09-30T07:29:00Z,2026-09-30T09:29:00+02:00,53,dr-robert,407,116,291,71.5
2026-09-30T07:29:00Z,2026-09-30T09:29:00+02:00,54,placa-vella,297,134,163,54.9
2026-09-30T07:29:00Z,2026-09-30T09:29:00+02:00,55,ajuntament-mercat,237,75,162,68.4
2026-09-30T07:30:00Z,2026-09-30T09:30:00+02:00,53,dr-robert,407,106,301,74
2026-09-30T07:30:00Z,2026-09-30T09:30:00+02:00,54,placa-vella,297,132,165,55.6
2026-09-30T07:30:00Z,2026-09-30T09:30:00+02:00,55,ajuntament-mercat,237,70,167,70.5
2026-09-30T07:31:00Z,2026-09-30T09:31:00+02:00,53,dr-robert,407,106,301,74
2026-09-30T07:31:00Z,2026-09-30T09:31:00+02:00,54,placa-vella,297,132,165,55.6
2026-09-30T07:31:00Z,2026-09-30T09:31:00+02:00,55,ajuntament-mercat,237,70,167,70.5
2026-09-30T07:32:00Z,2026-09-30T09:32:00+02:00,53,dr-robert,407,106,301,74
2026-09-30T07:32:00Z,2026-09-30T09:32:00+02:00,54,placa-vella,297,132,165,55.6
2026-09-30T07:32:00Z,2026-09-30T09:32:00+02:00,55,ajuntament-mercat,237,70,167,70.5
2026-09-30T07:33:00Z,2026-09-30T09:33:00+02:00,53,dr-robert,407,106,301,74
2026-09-30T07:33:00Z,2026-09-30T09:33:00+02:00,54,placa-vella,297,132,165,55.6
2026-09-30T07:33:00Z,2026-09-30T09:33:00+02:00,55,ajuntament-mercat,237,70,167,70.5
2026-09-30T07:34:00Z,2026-09-30T09:34:00+02:00,53,dr-robert,407,106,301,74
2026-09-30T07:34:00Z,2026-09-30T09:34:00+02:00,54,placa-vella,297,132,165,55.6
2026-09-30T07:34:00Z,2026-09-30T09:34:00+02:00,55,ajuntament-mercat,237,70,167,70.5
2026-09-30T07:35:00Z,2026-09-30T09:35:00+02:00,53,dr-robert,407,106,301,74
2026-09-30T07:35:00Z,2026-09-30T09:35:00+02:00,54,placa-vella,297,132,165,55.6
2026-09-30T07:35:00Z,2026-09-30T09:35:00+02:00,55,ajuntament-mercat,237,70,167,70.5
2026-09-30T07:36:00Z,2026-09-30T09:36:00+02:00,53,dr-robert,407,106,301,74
2026-09-30T07:36:00Z,2026-09-30T09:36:00+02:00,54,placa-vella,297,132,165,55.6
2026-09-30T07:36:00Z,2026-09-30T09:36:00+02:00,55,ajuntament-mercat,237,70,167,70.5
2026-09-30T07:37:00Z,2026-09-30T09:37:00+02:00,53,dr-robert,407,106,301,74
2026-09-30T07:37:00Z,2026-09-30T09:37:00+02:00,54,placa-vella,297,132,165,55.6
2026-09-30T07:37:00Z,2026-09-30T09:37:00+02:00,55,ajuntament-mercat,237,70,167,70.5
2026-09-30T07:38:00Z,2026-09-30T09:38:00+02:00,53,dr-robert,407,95,312,76.7
2026-09-30T07:38:00Z,2026-09-30T09:38:00+02:00,54,placa-vella,297,126,171,57.6
2026-09-30T07:38:00Z,2026-09-30T09:38:00+02:00,55,ajuntament-mercat,237,64,173,73
2026-09-30T07:39:00Z,2026-09-30T09:39:00+02:00,53,dr-robert,407,95,312,76.7
2026-09-30T07:39:00Z,2026-09-30T09:39:00+02:00,54,placa-vella,297,126,171,57.6
2026-09-30T07:39:00Z,2026-09-30T09:39:00+02:00,55,ajuntament-mercat,237,64,173,73
2026-09-30T07:40:00Z,2026-09-30T09:40:00+02:00,53,dr-robert,407,95,312,76.7
2026-09-30T07:40:00Z,2026-09-30T09:40:00+02:00,54,placa-vella,297,126,171,57.6
2026-09-30T07:40:00Z,2026-09-30T09:40:00+02:00,55,ajuntament-mercat,237,64,173,73
2026-09-30T07:41:00Z,2026-09-30T09:41:00+02:00,53,dr-robert,407,95,312,76.7
2026-09-30T07:41:00Z,2026-09-30T09:41:00+02:00,54,placa-vella,297,126,171,57.6
2026-09-30T07:41:00Z,2026-09-30T09:41:00+02:00,55,ajuntament-mercat,237,64,173,73
2026-09-30T07:42:00Z,2026-09-30T09:42:00+02:00,53,dr-robert,407,87,320,78.6
2026-09-30T07:42:00Z,2026-09-30T09:42:00+02:00,54,placa-vella,297,124,173,58.2
2026-09-30T07:42:00Z,2026-09-30T09:42:00+02:00,55,ajuntament-mercat,237,62,175,73.8
2026-09-30T07:43:00Z,2026-09-30T09:43:00+02:00,53,dr-robert,407,87,320,78.6
2026-09-30T07:43:00Z,2026-09-30T09:43:00+02:00,54,placa-vella,297,124,173,58.2
2026-09-30T07:43:00Z,2026-09-30T09:43:00+02:00,55,ajuntament-mercat,237,62,175,73.8
2026-09-30T07:44:00Z,2026-09-30T09:44:00+02:00,53,dr-robert,407,87,320,78.6
2026-09-30T07:44:00Z,2026-09-30T09:44:00+02:00,54,placa-vella,297,124,173,58.2
2026-09-30T07:44:00Z,2026-09-30T09:44:00+02:00,55,ajuntament-mercat,237,62,175,73.8
2026-09-30T07:45:00Z,2026-09-30T09:45:00+02:00,53,dr-robert,407,87,320,78.6
2026-09-30T07:45:00Z,2026-09-30T09:45:00+02:00,54,placa-vella,297,124,173,58.2
2026-09-30T07:45:00Z,2026-09-30T09:45:00+02:00,55,ajuntament-mercat,237,62,175,73.8
2026-09-30T07:46:00Z,2026-09-30T09:46:00+02:00,53,dr-robert,407,87,320,78.6
2026-09-30T07:46:00Z,2026-09-30T09:46:00+02:00,54,placa-vella,297,124,173,58.2
2026-09-30T07:46:00Z,2026-09-30T09:46:00+02:00,55,ajuntament-mercat,237,62,175,73.8
2026-09-30T07:47:00Z,2026-09-30T09:47:00+02:00,53,dr-robert,407,87,320,78.6
2026-09-30T07:47:00Z,2026-09-30T09:47:00+02:00,54,placa-vella,297,124,173,58.2
2026-09-30T07:47:00Z,2026-09-30T09:47:00+02:00,55,ajuntament-mercat,237,62,175,73.8
2026-09-30T07:48:00Z,2026-09-30T09:48:00+02:00,53,dr-robert,407,87,320,78.6
2026-09-30T07:48:00Z,2026-09-30T09:48:00+02:00,54,placa-vella,297,124,173,58.2
2026-09-30T07:48:00Z,2026-09-30T09:48:00+02:00,55,ajuntament-mercat,237,62,175,73.8
2026-09-30T07:49:00Z,2026-09-30T09:49:00+02:00,53,dr-robert,407,82,325,79.9
2026-09-30T07:49:00Z,2026-09-30T09:49:00+02:00,54,placa-vella,297,122,175,58.9
2026-09-30T07:49:00Z,2026-09-30T09:49:00+02:00,55,ajuntament-mercat,237,66,171,72.2
2026-09-30T07:50:00Z,2026-09-30T09:50:00+02:00,53,dr-robert,407,82,325,79.9
2026-09-30T07:50:00Z,2026-09-30T09:50:00+02:00,54,placa-vella,297,122,175,58.9
2026-09-30T07:50:00Z,2026-09-30T09:50:00+02:00,55,ajuntament-mercat,237,66,171,72.2
2026-09-30T07:51:00Z,2026-09-30T09:51:00+02:00,53,dr-robert,407,78,329,80.8
2026-09-30T07:51:00Z,2026-09-30T09:51:00+02:00,54,placa-vella,297,117,180,60.6
2026-09-30T07:51:00Z,2026-09-30T09:51:00+02:00,55,ajuntament-mercat,237,64,173,73
2026-09-30T07:52:00Z,2026-09-30T09:52:00+02:00,53,dr-robert,407,78,329,80.8
2026-09-30T07:52:00Z,2026-09-30T09:52:00+02:00,54,placa-vella,297,117,180,60.6
2026-09-30T07:52:00Z,2026-09-30T09:52:00+02:00,55,ajuntament-mercat,237,64,173,73
2026-09-30T07:53:00Z,2026-09-30T09:53:00+02:00,53,dr-robert,407,78,329,80.8
2026-09-30T07:53:00Z,2026-09-30T09:53:00+02:00,54,placa-vella,297,117,180,60.6
2026-09-30T07:53:00Z,2026-09-30T09:53:00+02:00,55,ajuntament-mercat,237,64,173,73
2026-09-30T07:54:00Z,2026-09-30T09:54:00+02:00,53,dr-robert,407,78,329,80.8
2026-09-30T07:54:00Z,2026-09-30T09:54:00+02:00,54,placa-vella,297,117,180,60.6
2026-09-30T07:54:00Z,2026-09-30T09:54:00+02:00,55,ajuntament-mercat,237,64,173,73
2026-09-30T07:55:00Z,2026-09-30T09:55:00+02:00,53,dr-robert,407,76,331,81.3
2026-09-30T07:55:00Z,2026-09-30T09:55:00+02:00,54,placa-vella,297,107,190,64
2026-09-30T07:55:00Z,2026-09-30T09:55:00+02:00,55,ajuntament-mercat,237,64,173,73
2026-09-30T07:56:00Z,2026-09-30T09:56:00+02:00,53,dr-robert,407,76,331,81.3
2026-09-30T07:56:00Z,2026-09-30T09:56:00+02:00,54,placa-vella,297,107,190,64
2026-09-30T07:56:00Z,2026-09-30T09:56:00+02:00,55,ajuntament-mercat,237,62,175,73.8
2026-09-30T07:57:00Z,2026-09-30T09:57:00+02:00,53,dr-robert,407,76,331,81.3
2026-09-30T07:57:00Z,2026-09-30T09:57:00+02:00,54,placa-vella,297,107,190,64
2026-09-30T07:57:00Z,2026-09-30T09:57:00+02:00,55,ajuntament-mercat,237,62,175,73.8
2026-09-30T07:58:00Z,2026-09-30T09:58:00+02:00,53,dr-robert,407,76,331,81.3
2026-09-30T07:58:00Z,2026-09-30T09:58:00+02:00,54,placa-vella,297,107,190,64
2026-09-30T07:58:00Z,2026-09-30T09:58:00+02:00,55,ajuntament-mercat,237,62,175,73.8
2026-09-30T07:59:00Z,2026-09-30T09:59:00+02:00,53,dr-robert,407,76,331,81.3
2026-09-30T07:59:00Z,2026-09-30T09:59:00+02:00,54,placa-vella,297,107,190,64
2026-09-30T07:59:00Z,2026-09-30T09:59:00+02:00,55,ajuntament-mercat,237,62,175,73.8
2026-09-30T08:00:00Z,2026-09-30T10:00:00+02:00,53,dr-robert,407,76,331,81.3
2026-09-30T08:00:00Z,2026-09-30T10:00:00+02:00,54,placa-vella,297,107,190,64
2026-09-30T08:00:00Z,2026-09-30T10:00:00+02:00,55,ajuntament-mercat,237,62,175,73.8
2026-09-30T08:01:00Z,2026-09-30T10:01:00+02:00,53,dr-robert,407,76,331,81.3
2026-09-30T08:01:00Z,2026-09-30T10:01:00+02:00,54,placa-vella,297,107,190,64
2026-09-30T08:01:00Z,2026-09-30T10:01:00+02:00,55,ajuntament-mercat,237,62,175,73.8
2026-09-30T08:02:00Z,2026-09-30T10:02:00+02:00,53,dr-robert,407,73,334,82.1
2026-09-30T08:02:00Z,2026-09-30T10:02:00+02:00,54,placa-vella,297,98,199,67
2026-09-30T08:02:00Z,2026-09-30T10:02:00+02:00,55,ajuntament-mercat,237,58,179,75.5
2026-09-30T08:03:00Z,2026-09-30T10:03:00+02:00,53,dr-robert,407,73,334,82.1
2026-09-30T08:03:00Z,2026-09-30T10:03:00+02:00,54,placa-vella,297,98,199,67
2026-09-30T08:03:00Z,2026-09-30T10:03:00+02:00,55,ajuntament-mercat,237,58,179,75.5
2026-09-30T08:04:00Z,2026-09-30T10:04:00+02:00,53,dr-robert,407,73,334,82.1
2026-09-30T08:04:00Z,2026-09-30T10:04:00+02:00,54,placa-vella,297,98,199,67
2026-09-30T08:04:00Z,2026-09-30T10:04:00+02:00,55,ajuntament-mercat,237,58,179,75.5
2026-09-30T08:05:00Z,2026-09-30T10:05:00+02:00,53,dr-robert,407,72,335,82.3
2026-09-30T08:05:00Z,2026-09-30T10:05:00+02:00,54,placa-vella,297,93,204,68.7
2026-09-30T08:05:00Z,2026-09-30T10:05:00+02:00,55,ajuntament-mercat,237,55,182,76.8
2026-09-30T08:06:00Z,2026-09-30T10:06:00+02:00,53,dr-robert,407,72,335,82.3
2026-09-30T08:06:00Z,2026-09-30T10:06:00+02:00,54,placa-vella,297,93,204,68.7
2026-09-30T08:06:00Z,2026-09-30T10:06:00+02:00,55,ajuntament-mercat,237,55,182,76.8
2026-09-30T08:07:00Z,2026-09-30T10:07:00+02:00,53,dr-robert,407,72,335,82.3
2026-09-30T08:07:00Z,2026-09-30T10:07:00+02:00,54,placa-vella,297,93,204,68.7
2026-09-30T08:07:00Z,2026-09-30T10:07:00+02:00,55,ajuntament-mercat,237,55,182,76.8
2026-09-30T08:08:00Z,2026-09-30T10:08:00+02:00,53,dr-robert,407,72,335,82.3
2026-09-30T08:08:00Z,2026-09-30T10:08:00+02:00,54,placa-vella,297,93,204,68.7
2026-09-30T08:08:00Z,2026-09-30T10:08:00+02:00,55,ajuntament-mercat,237,55,182,76.8
2026-09-30T08:09:00Z,2026-09-30T10:09:00+02:00,53,dr-robert,407,72,335,82.3
2026-09-30T08:09:00Z,2026-09-30T10:09:00+02:00,54,placa-vella,297,93,204,68.7
2026-09-30T08:09:00Z,2026-09-30T10:09:00+02:00,55,ajuntament-mercat,237,55,182,76.8
2026-09-30T08:10:00Z,2026-09-30T10:10:00+02:00,53,dr-robert,407,66,341,83.8
2026-09-30T08:10:00Z,2026-09-30T10:10:00+02:00,54,placa-vella,297,90,207,69.7
2026-09-30T08:10:00Z,2026-09-30T10:10:00+02:00,55,ajuntament-mercat,237,56,181,76.4
2026-09-30T08:11:00Z,2026-09-30T10:11:00+02:00,53,dr-robert,407,66,341,83.8
2026-09-30T08:11:00Z,2026-09-30T10:11:00+02:00,54,placa-vella,297,90,207,69.7
2026-09-30T08:11:00Z,2026-09-30T10:11:00+02:00,55,ajuntament-mercat,237,56,181,76.4
2026-09-30T08:12:00Z,2026-09-30T10:12:00+02:00,53,dr-robert,407,66,341,83.8
2026-09-30T08:12:00Z,2026-09-30T10:12:00+02:00,54,placa-vella,297,90,207,69.7
2026-09-30T08:12:00Z,2026-09-30T10:12:00+02:00,55,ajuntament-mercat,237,56,181,76.4
2026-09-30T08:13:00Z,2026-09-30T10:13:00+02:00,53,dr-robert,407,66,341,83.8
2026-09-30T08:13:00Z,2026-09-30T10:13:00+02:00,54,placa-vella,297,90,207,69.7
2026-09-30T08:13:00Z,2026-09-30T10:13:00+02:00,55,ajuntament-mercat,237,56,181,76.4
2026-09-30T08:14:00Z,2026-09-30T10:14:00+02:00,53,dr-robert,407,66,341,83.8
2026-09-30T08:14:00Z,2026-09-30T10:14:00+02:00,54,placa-vella,297,90,207,69.7
2026-09-30T08:14:00Z,2026-09-30T10:14:00+02:00,55,ajuntament-mercat,237,56,181,76.4
2026-09-30T08:15:00Z,2026-09-30T10:15:00+02:00,53,dr-robert,407,66,341,83.8
2026-09-30T08:15:00Z,2026-09-30T10:15:00+02:00,54,placa-vella,297,88,209,70.4
2026-09-30T08:15:00Z,2026-09-30T10:15:00+02:00,55,ajuntament-mercat,237,50,187,78.9
2026-09-30T08:16:00Z,2026-09-30T10:16:00+02:00,53,dr-robert,407,66,341,83.8
2026-09-30T08:16:00Z,2026-09-30T10:16:00+02:00,54,placa-vella,297,88,209,70.4
2026-09-30T08:16:00Z,2026-09-30T10:16:00+02:00,55,ajuntament-mercat,237,50,187,78.9
2026-09-30T08:17:00Z,2026-09-30T10:17:00+02:00,53,dr-robert,407,66,341,83.8
2026-09-30T08:17:00Z,2026-09-30T10:17:00+02:00,54,placa-vella,297,88,209,70.4
2026-09-30T08:17:00Z,2026-09-30T10:17:00+02:00,55,ajuntament-mercat,237,50,187,78.9
2026-09-30T08:18:00Z,2026-09-30T10:18:00+02:00,53,dr-robert,407,66,341,83.8
2026-09-30T08:18:00Z,2026-09-30T10:18:00+02:00,54,placa-vella,297,88,209,70.4
2026-09-30T08:18:00Z,2026-09-30T10:18:00+02:00,55,ajuntament-mercat,237,50,187,78.9
2026-09-30T08:19:00Z,2026-09-30T10:19:00+02:00,53,dr-robert,407,66,341,83.8
2026-09-30T08:19:00Z,2026-09-30T10:19:00+02:00,54,placa-vella,297,88,209,70.4
2026-09-30T08:19:00Z,2026-09-30T10:19:00+02:00,55,ajuntament-mercat,237,50,187,78.9
2026-09-30T08:20:00Z,2026-09-30T10:20:00+02:00,53,dr-robert,407,61,346,85
2026-09-30T08:20:00Z,2026-09-30T10:20:00+02:00,54,placa-vella,297,87,210,70.7
2026-09-30T08:20:00Z,2026-09-30T10:20:00+02:00,55,ajuntament-mercat,237,48,189,79.7
2026-09-30T08:21:00Z,2026-09-30T10:21:00+02:00,53,dr-robert,407,61,346,85
2026-09-30T08:21:00Z,2026-09-30T10:21:00+02:00,54,placa-vella,297,87,210,70.7
2026-09-30T08:21:00Z,2026-09-30T10:21:00+02:00,55,ajuntament-mercat,237,48,189,79.7
2026-09-30T08:22:00Z,2026-09-30T10:22:00+02:00,53,dr-robert,407,61,346,85
2026-09-30T08:22:00Z,2026-09-30T10:22:00+02:00,54,placa-vella,297,87,210,70.7
2026-09-30T08:22:00Z,2026-09-30T10:22:00+02:00,55,ajuntament-mercat,237,48,189,79.7
2026-09-30T08:23:00Z,2026-09-30T10:23:00+02:00,53,dr-robert,407,61,346,85
2026-09-30T08:23:00Z,2026-09-30T10:23:00+02:00,54,placa-vella,297,87,210,70.7
2026-09-30T08:23:00Z,2026-09-30T10:23:00+02:00,55,ajuntament-mercat,237,48,189,79.7
2026-09-30T08:24:00Z,2026-09-30T10:24:00+02:00,53,dr-robert,407,61,346,85
2026-09-30T08:24:00Z,2026-09-30T10:24:00+02:00,54,placa-vella,297,87,210,70.7
2026-09-30T08:24:00Z,2026-09-30T10:24:00+02:00,55,ajuntament-mercat,237,48,189,79.7
2026-09-30T08:25:00Z,2026-09-30T10:25:00+02:00,53,dr-robert,407,59,348,85.5
2026-09-30T08:25:00Z,2026-09-30T10:25:00+02:00,54,placa-vella,297,83,214,72.1
2026-09-30T08:25:00Z,2026-09-30T10:25:00+02:00,55,ajuntament-mercat,237,47,190,80.2
2026-09-30T08:26:00Z,2026-09-30T10:26:00+02:00,53,dr-robert,407,59,348,85.5
2026-09-30T08:26:00Z,2026-09-30T10:26:00+02:00,54,placa-vella,297,83,214,72.1
2026-09-30T08:26:00Z,2026-09-30T10:26:00+02:00,55,ajuntament-mercat,237,47,190,80.2
2026-09-30T08:27:00Z,2026-09-30T10:27:00+02:00,53,dr-robert,407,59,348,85.5
2026-09-30T08:27:00Z,2026-09-30T10:27:00+02:00,54,placa-vella,297,83,214,72.1
2026-09-30T08:27:00Z,2026-09-30T10:27:00+02:00,55,ajuntament-mercat,237,47,190,80.2
2026-09-30T08:28:00Z,2026-09-30T10:28:00+02:00,53,dr-robert,407,59,348,85.5
2026-09-30T08:28:00Z,2026-09-30T10:28:00+02:00,54,placa-vella,297,83,214,72.1
2026-09-30T08:28:00Z,2026-09-30T10:28:00+02:00,55,ajuntament-mercat,237,47,190,80.2
2026-09-30T08:29:00Z,2026-09-30T10:29:00+02:00,53,dr-robert,407,59,348,85.5
2026-09-30T08:29:00Z,2026-09-30T10:29:00+02:00,54,placa-vella,297,83,214,72.1
2026-09-30T08:29:00Z,2026-09-30T10:29:00+02:00,55,ajuntament-mercat,237,47,190,80.2
2026-09-30T08:30:00Z,2026-09-30T10:30:00+02:00,53,dr-robert,407,59,348,85.5
2026-09-30T08:30:00Z,2026-09-30T10:30:00+02:00,54,placa-vella,297,83,214,72.1
2026-09-30T08:30:00Z,2026-09-30T10:30:00+02:00,55,ajuntament-mercat,237,47,190,80.2
2026-09-30T08:31:00Z,2026-09-30T10:31:00+02:00,53,dr-robert,407,59,348,85.5
2026-09-30T08:31:00Z,2026-09-30T10:31:00+02:00,54,placa-vella,297,83,214,72.1
2026-09-30T08:31:00Z,2026-09-30T10:31:00+02:00,55,ajuntament-mercat,237,46,191,80.6
2026-09-30T08:32:00Z,2026-09-30T10:32:00+02:00,53,dr-robert,407,51,356,87.5
2026-09-30T08:32:00Z,2026-09-30T10:32:00+02:00,54,placa-vella,297,82,215,72.4
2026-09-30T08:32:00Z,2026-09-30T10:32:00+02:00,55,ajuntament-mercat,237,46,191,80.6
2026-09-30T08:33:00Z,2026-09-30T10:33:00+02:00,53,dr-robert,407,51,356,87.5
2026-09-30T08:33:00Z,2026-09-30T10:33:00+02:00,54,placa-vella,297,82,215,72.4
2026-09-30T08:33:00Z,2026-09-30T10:33:00+02:00,55,ajuntament-mercat,237,46,191,80.6
2026-09-30T08:34:00Z,2026-09-30T10:34:00+02:00,53,dr-robert,407,51,356,87.5
2026-09-30T08:34:00Z,2026-09-30T10:34:00+02:00,54,placa-vella,297,82,215,72.4
2026-09-30T08:34:00Z,2026-09-30T10:34:00+02:00,55,ajuntament-mercat,237,46,191,80.6
2026-09-30T08:35:00Z,2026-09-30T10:35:00+02:00,53,dr-robert,407,53,354,87
2026-09-30T08:35:00Z,2026-09-30T10:35:00+02:00,54,placa-vella,297,81,216,72.7
2026-09-30T08:35:00Z,2026-09-30T10:35:00+02:00,55,ajuntament-mercat,237,47,190,80.2
2026-09-30T08:36:00Z,2026-09-30T10:36:00+02:00,53,dr-robert,407,53,354,87
2026-09-30T08:36:00Z,2026-09-30T10:36:00+02:00,54,placa-vella,297,81,216,72.7
2026-09-30T08:36:00Z,2026-09-30T10:36:00+02:00,55,ajuntament-mercat,237,47,190,80.2
2026-09-30T08:37:00Z,2026-09-30T10:37:00+02:00,53,dr-robert,407,53,354,87
2026-09-30T08:37:00Z,2026-09-30T10:37:00+02:00,54,placa-vella,297,81,216,72.7
2026-09-30T08:37:00Z,2026-09-30T10:37:00+02:00,55,ajuntament-mercat,237,47,190,80.2
2026-09-30T08:38:00Z,2026-09-30T10:38:00+02:00,53,dr-robert,407,53,354,87
2026-09-30T08:38:00Z,2026-09-30T10:38:00+02:00,54,placa-vella,297,81,216,72.7
2026-09-30T08:38:00Z,2026-09-30T10:38:00+02:00,55,ajuntament-mercat,237,47,190,80.2
2026-09-30T08:39:00Z,2026-09-30T10:39:00+02:00,53,dr-robert,407,53,354,87
2026-09-30T08:39:00Z,2026-09-30T10:39:00+02:00,54,placa-vella,297,81,216,72.7
2026-09-30T08:39:00Z,2026-09-30T10:39:00+02:00,55,ajuntament-mercat,237,47,190,80.2
2026-09-30T08:40:00Z,2026-09-30T10:40:00+02:00,53,dr-robert,407,47,360,88.5
2026-09-30T08:40:00Z,2026-09-30T10:40:00+02:00,54,placa-vella,297,80,217,73.1
2026-09-30T08:40:00Z,2026-09-30T10:40:00+02:00,55,ajuntament-mercat,237,48,189,79.7
2026-09-30T08:41:00Z,2026-09-30T10:41:00+02:00,53,dr-robert,407,47,360,88.5
2026-09-30T08:41:00Z,2026-09-30T10:41:00+02:00,54,placa-vella,297,80,217,73.1
2026-09-30T08:41:00Z,2026-09-30T10:41:00+02:00,55,ajuntament-mercat,237,48,189,79.7
2026-09-30T08:42:00Z,2026-09-30T10:42:00+02:00,53,dr-robert,407,47,360,88.5
2026-09-30T08:42:00Z,2026-09-30T10:42:00+02:00,54,placa-vella,297,80,217,73.1
2026-09-30T08:42:00Z,2026-09-30T10:42:00+02:00,55,ajuntament-mercat,237,48,189,79.7
2026-09-30T08:43:00Z,2026-09-30T10:43:00+02:00,53,dr-robert,407,47,360,88.5
2026-09-30T08:43:00Z,2026-09-30T10:43:00+02:00,54,placa-vella,297,80,217,73.1
2026-09-30T08:43:00Z,2026-09-30T10:43:00+02:00,55,ajuntament-mercat,237,48,189,79.7
2026-09-30T08:44:00Z,2026-09-30T10:44:00+02:00,53,dr-robert,407,47,360,88.5
2026-09-30T08:44:00Z,2026-09-30T10:44:00+02:00,54,placa-vella,297,80,217,73.1
2026-09-30T08:44:00Z,2026-09-30T10:44:00+02:00,55,ajuntament-mercat,237,48,189,79.7
2026-09-30T08:45:00Z,2026-09-30T10:45:00+02:00,53,dr-robert,407,47,360,88.5
2026-09-30T08:45:00Z,2026-09-30T10:45:00+02:00,54,placa-vella,297,80,217,73.1
2026-09-30T08:45:00Z,2026-09-30T10:45:00+02:00,55,ajuntament-mercat,237,48,189,79.7
2026-09-30T08:46:00Z,2026-09-30T10:46:00+02:00,53,dr-robert,407,47,360,88.5
2026-09-30T08:46:00Z,2026-09-30T10:46:00+02:00,54,placa-vella,297,80,217,73.1
2026-09-30T08:46:00Z,2026-09-30T10:46:00+02:00,55,ajuntament-mercat,237,48,189,79.7
2026-09-30T08:47:00Z,2026-09-30T10:47:00+02:00,53,dr-robert,407,47,360,88.5
2026-09-30T08:47:00Z,2026-09-30T10:47:00+02:00,54,placa-vella,297,80,217,73.1
2026-09-30T08:47:00Z,2026-09-30T10:47:00+02:00,55,ajuntament-mercat,237,48,189,79.7
2026-09-30T08:48:00Z,2026-09-30T10:48:00+02:00,53,dr-robert,407,47,360,88.5
2026-09-30T08:48:00Z,2026-09-30T10:48:00+02:00,54,placa-vella,297,80,217,73.1
2026-09-30T08:48:00Z,2026-09-30T10:48:00+02:00,55,ajuntament-mercat,237,48,189,79.7
2026-09-30T08:49:00Z,2026-09-30T10:49:00+02:00,53,dr-robert,407,47,360,88.5
2026-09-30T08:49:00Z,2026-09-30T10:49:00+02:00,54,placa-vella,297,80,217,73.1
2026-09-30T08:49:00Z,2026-09-30T10:49:00+02:00,55,ajuntament-mercat,237,48,189,79.7
2026-09-30T08:50:00Z,2026-09-30T10:50:00+02:00,53,dr-robert,407,42,365,89.7
2026-09-30T08:50:00Z,2026-09-30T10:50:00+02:00,54,placa-vella,297,76,221,74.4
2026-09-30T08:50:00Z,2026-09-30T10:50:00+02:00,55,ajuntament-mercat,237,45,192,81
2026-09-30T08:51:00Z,2026-09-30T10:51:00+02:00,53,dr-robert,407,42,365,89.7
2026-09-30T08:51:00Z,2026-09-30T10:51:00+02:00,54,placa-vella,297,76,221,74.4
2026-09-30T08:51:00Z,2026-09-30T10:51:00+02:00,55,ajuntament-mercat,237,45,192,81
2026-09-30T08:52:00Z,2026-09-30T10:52:00+02:00,53,dr-robert,407,42,365,89.7
2026-09-30T08:52:00Z,2026-09-30T10:52:00+02:00,54,placa-vella,297,76,221,74.4
2026-09-30T08:52:00Z,2026-09-30T10:52:00+02:00,55,ajuntament-mercat,237,45,192,81
2026-09-30T08:53:00Z,2026-09-30T10:53:00+02:00,53,dr-robert,407,42,365,89.7
2026-09-30T08:53:00Z,2026-09-30T10:53:00+02:00,54,placa-vella,297,76,221,74.4
2026-09-30T08:53:00Z,2026-09-30T10:53:00+02:00,55,ajuntament-mercat,237,45,192,81
2026-09-30T08:54:00Z,2026-09-30T10:54:00+02:00,53,dr-robert,407,42,365,89.7
2026-09-30T08:54:00Z,2026-09-30T10:54:00+02:00,54,placa-vella,297,76,221,74.4
2026-09-30T08:54:00Z,2026-09-30T10:54:00+02:00,55,ajuntament-mercat,237,45,192,81
2026-09-30T08:55:00Z,2026-09-30T10:55:00+02:00,53,dr-robert,407,48,359,88.2
2026-09-30T08:55:00Z,2026-09-30T10:55:00+02:00,54,placa-vella,297,72,225,75.8
2026-09-30T08:55:00Z,2026-09-30T10:55:00+02:00,55,ajuntament-mercat,237,45,192,81
2026-09-30T08:56:00Z,2026-09-30T10:56:00+02:00,53,dr-robert,407,48,359,88.2
2026-09-30T08:56:00Z,2026-09-30T10:56:00+02:00,54,placa-vella,297,72,225,75.8
2026-09-30T08:56:00Z,2026-09-30T10:56:00+02:00,55,ajuntament-mercat,237,45,192,81
2026-09-30T08:57:00Z,2026-09-30T10:57:00+02:00,53,dr-robert,407,48,359,88.2
2026-09-30T08:57:00Z,2026-09-30T10:57:00+02:00,54,placa-vella,297,72,225,75.8
2026-09-30T08:57:00Z,2026-09-30T10:57:00+02:00,55,ajuntament-mercat,237,45,192,81
2026-09-30T08:58:00Z,2026-09-30T10:58:00+02:00,53,dr-robert,407,48,359,88.2
2026-09-30T08:58:00Z,2026-09-30T10:58:00+02:00,54,placa-vella,297,72,225,75.8
2026-09-30T08:58:00Z,2026-09-30T10:58:00+02:00,55,ajuntament-mercat,237,45,192,81
2026-09-30T08:59:00Z,2026-09-30T10:59:00+02:00,53,dr-robert,407,48,359,88.2
2026-09-30T08:59:00Z,2026-09-30T10:59:00+02:00,54,placa-vella,297,72,225,75.8
2026-09-30T08:59:00Z,2026-09-30T10:59:00+02:00,55,ajuntament-mercat,237,45,192,81
2026-09-30T09:00:00Z,2026-09-30T11:00:00+02:00,53,dr-robert,407,48,359,88.2
2026-09-30T09:00:00Z,2026-09-30T11:00:00+02:00,54,placa-vella,297,72,225,75.8
2026-09-30T09:00:00Z,2026-09-30T11:00:00+02:00,55,ajuntament-mercat,237,45,192,81
2026-09-30T09:01:00Z,2026-09-30T11:01:00+02:00,53,dr-robert,407,48,359,88.2
2026-09-30T09:01:00Z,2026-09-30T11:01:00+02:00,54,placa-vella,297,72,225,75.8
2026-09-30T09:01:00Z,2026-09-30T11:01:00+02:00,55,ajuntament-mercat,237,45,192,81
2026-09-30T09:02:00Z,2026-09-30T11:02:00+02:00,53,dr-robert,407,48,359,88.2
2026-09-30T09:02:00Z,2026-09-30T11:02:00+02:00,54,placa-vella,297,72,225,75.8
2026-09-30T09:02:00Z,2026-09-30T11:02:00+02:00,55,ajuntament-mercat,237,45,192,81
2026-09-30T09:03:00Z,2026-09-30T11:03:00+02:00,53,dr-robert,407,46,361,88.7
2026-09-30T09:03:00Z,2026-09-30T11:03:00+02:00,54,placa-vella,297,65,232,78.1
2026-09-30T09:03:00Z,2026-09-30T11:03:00+02:00,55,ajuntament-mercat,237,44,193,81.4
2026-09-30T09:04:00Z,2026-09-30T11:04:00+02:00,53,dr-robert,407,46,361,88.7
2026-09-30T09:04:00Z,2026-09-30T11:04:00+02:00,54,placa-vella,297,65,232,78.1
2026-09-30T09:04:00Z,2026-09-30T11:04:00+02:00,55,ajuntament-mercat,237,44,193,81.4
2026-09-30T09:05:00Z,2026-09-30T11:05:00+02:00,53,dr-robert,407,45,362,88.9
2026-09-30T09:05:00Z,2026-09-30T11:05:00+02:00,54,placa-vella,297,67,230,77.4
2026-09-30T09:05:00Z,2026-09-30T11:05:00+02:00,55,ajuntament-mercat,237,45,192,81
2026-09-30T09:06:00Z,2026-09-30T11:06:00+02:00,53,dr-robert,407,45,362,88.9
2026-09-30T09:06:00Z,2026-09-30T11:06:00+02:00,54,placa-vella,297,67,230,77.4
2026-09-30T09:06:00Z,2026-09-30T11:06:00+02:00,55,ajuntament-mercat,237,45,192,81
2026-09-30T09:07:00Z,2026-09-30T11:07:00+02:00,53,dr-robert,407,45,362,88.9
2026-09-30T09:07:00Z,2026-09-30T11:07:00+02:00,54,placa-vella,297,67,230,77.4
2026-09-30T09:07:00Z,2026-09-30T11:07:00+02:00,55,ajuntament-mercat,237,45,192,81
2026-09-30T09:08:00Z,2026-09-30T11:08:00+02:00,53,dr-robert,407,45,362,88.9
2026-09-30T09:08:00Z,2026-09-30T11:08:00+02:00,54,placa-vella,297,67,230,77.4
2026-09-30T09:08:00Z,2026-09-30T11:08:00+02:00,55,ajuntament-mercat,237,45,192,81
2026-09-30T09:09:00Z,2026-09-30T11:09:00+02:00,53,dr-robert,407,45,362,88.9
2026-09-30T09:09:00Z,2026-09-30T11:09:00+02:00,54,placa-vella,297,67,230,77.4
2026-09-30T09:09:00Z,2026-09-30T11:09:00+02:00,55,ajuntament-mercat,237,45,192,81
2026-09-30T09:10:00Z,2026-09-30T11:10:00+02:00,53,dr-robert,407,41,366,89.9
2026-09-30T09:10:00Z,2026-09-30T11:10:00+02:00,54,placa-vella,297,63,234,78.8
2026-09-30T09:10:00Z,2026-09-30T11:10:00+02:00,55,ajuntament-mercat,237,46,191,80.6
2026-09-30T09:11:00Z,2026-09-30T11:11:00+02:00,53,dr-robert,407,41,366,89.9
2026-09-30T09:11:00Z,2026-09-30T11:11:00+02:00,54,placa-vella,297,63,234,78.8
2026-09-30T09:11:00Z,2026-09-30T11:11:00+02:00,55,ajuntament-mercat,237,46,191,80.6
2026-09-30T09:12:00Z,2026-09-30T11:12:00+02:00,53,dr-robert,407,41,366,89.9
2026-09-30T09:12:00Z,2026-09-30T11:12:00+02:00,54,placa-vella,297,63,234,78.8
2026-09-30T09:12:00Z,2026-09-30T11:12:00+02:00,55,ajuntament-mercat,237,46,191,80.6
2026-09-30T09:13:00Z,2026-09-30T11:13:00+02:00,53,dr-robert,407,41,366,89.9
2026-09-30T09:13:00Z,2026-09-30T11:13:00+02:00,54,placa-vella,297,63,234,78.8
2026-09-30T09:13:00Z,2026-09-30T11:13:00+02:00,55,ajuntament-mercat,237,46,191,80.6
2026-09-30T09:14:00Z,2026-09-30T11:14:00+02:00,53,dr-robert,407,41,366,89.9
2026-09-30T09:14:00Z,2026-09-30T11:14:00+02:00,54,placa-vella,297,63,234,78.8
2026-09-30T09:14:00Z,2026-09-30T11:14:00+02:00,55,ajuntament-mercat,237,46,191,80.6
2026-09-30T09:15:00Z,2026-09-30T11:15:00+02:00,53,dr-robert,407,43,364,89.4
2026-09-30T09:15:00Z,2026-09-30T11:15:00+02:00,54,placa-vella,297,58,239,80.5
2026-09-30T09:15:00Z,2026-09-30T11:15:00+02:00,55,ajuntament-mercat,237,47,190,80.2
2026-09-30T09:16:00Z,2026-09-30T11:16:00+02:00,53,dr-robert,407,43,364,89.4
2026-09-30T09:16:00Z,2026-09-30T11:16:00+02:00,54,placa-vella,297,58,239,80.5
2026-09-30T09:16:00Z,2026-09-30T11:16:00+02:00,55,ajuntament-mercat,237,47,190,80.2
2026-09-30T09:17:00Z,2026-09-30T11:17:00+02:00,53,dr-robert,407,43,364,89.4
2026-09-30T09:17:00Z,2026-09-30T11:17:00+02:00,54,placa-vella,297,58,239,80.5
2026-09-30T09:17:00Z,2026-09-30T11:17:00+02:00,55,ajuntament-mercat,237,47,190,80.2
2026-09-30T09:18:00Z,2026-09-30T11:18:00+02:00,53,dr-robert,407,43,364,89.4
2026-09-30T09:18:00Z,2026-09-30T11:18:00+02:00,54,placa-vella,297,58,239,80.5
2026-09-30T09:18:00Z,2026-09-30T11:18:00+02:00,55,ajuntament-mercat,237,47,190,80.2
2026-09-30T09:19:00Z,2026-09-30T11:19:00+02:00,53,dr-robert,407,43,364,89.4
2026-09-30T09:19:00Z,2026-09-30T11:19:00+02:00,54,placa-vella,297,58,239,80.5
2026-09-30T09:19:00Z,2026-09-30T11:19:00+02:00,55,ajuntament-mercat,237,47,190,80.2
2026-09-30T09:20:00Z,2026-09-30T11:20:00+02:00,53,dr-robert,407,45,362,88.9
2026-09-30T09:20:00Z,2026-09-30T11:20:00+02:00,54,placa-vella,297,59,238,80.1
2026-09-30T09:20:00Z,2026-09-30T11:20:00+02:00,55,ajuntament-mercat,237,46,191,80.6
2026-09-30T09:21:00Z,2026-09-30T11:21:00+02:00,53,dr-robert,407,45,362,88.9
2026-09-30T09:21:00Z,2026-09-30T11:21:00+02:00,54,placa-vella,297,59,238,80.1
2026-09-30T09:21:00Z,2026-09-30T11:21:00+02:00,55,ajuntament-mercat,237,46,191,80.6
2026-09-30T09:22:00Z,2026-09-30T11:22:00+02:00,53,dr-robert,407,45,362,88.9
2026-09-30T09:22:00Z,2026-09-30T11:22:00+02:00,54,placa-vella,297,59,238,80.1
2026-09-30T09:22:00Z,2026-09-30T11:22:00+02:00,55,ajuntament-mercat,237,46,191,80.6
2026-09-30T09:23:00Z,2026-09-30T11:23:00+02:00,53,dr-robert,407,45,362,88.9
2026-09-30T09:23:00Z,2026-09-30T11:23:00+02:00,54,placa-vella,297,59,238,80.1
2026-09-30T09:23:00Z,2026-09-30T11:23:00+02:00,55,ajuntament-mercat,237,46,191,80.6
2026-09-30T09:24:00Z,2026-09-30T11:24:00+02:00,53,dr-robert,407,45,362,88.9
2026-09-30T09:24:00Z,2026-09-30T11:24:00+02:00,54,placa-vella,297,59,238,80.1
2026-09-30T09:24:00Z,2026-09-30T11:24:00+02:00,55,ajuntament-mercat,237,46,191,80.6
2026-09-30T09:25:00Z,2026-09-30T11:25:00+02:00,53,dr-robert,407,46,361,88.7
2026-09-30T09:25:00Z,2026-09-30T11:25:00+02:00,54,placa-vella,297,55,242,81.5
2026-09-30T09:25:00Z,2026-09-30T11:25:00+02:00,55,ajuntament-mercat,237,49,188,79.3
2026-09-30T09:26:00Z,2026-09-30T11:26:00+02:00,53,dr-robert,407,46,361,88.7
2026-09-30T09:26:00Z,2026-09-30T11:26:00+02:00,54,placa-vella,297,55,242,81.5
2026-09-30T09:26:00Z,2026-09-30T11:26:00+02:00,55,ajuntament-mercat,237,49,188,79.3
2026-09-30T09:27:00Z,2026-09-30T11:27:00+02:00,53,dr-robert,407,46,361,88.7
2026-09-30T09:27:00Z,2026-09-30T11:27:00+02:00,54,placa-vella,297,55,242,81.5
2026-09-30T09:27:00Z,2026-09-30T11:27:00+02:00,55,ajuntament-mercat,237,49,188,79.3
2026-09-30T09:28:00Z,2026-09-30T11:28:00+02:00,53,dr-robert,407,46,361,88.7
2026-09-30T09:28:00Z,2026-09-30T11:28:00+02:00,54,placa-vella,297,55,242,81.5
2026-09-30T09:28:00Z,2026-09-30T11:28:00+02:00,55,ajuntament-mercat,237,49,188,79.3
2026-09-30T09:29:00Z,2026-09-30T11:29:00+02:00,53,dr-robert,407,46,361,88.7
2026-09-30T09:29:00Z,2026-09-30T11:29:00+02:00,54,placa-vella,297,55,242,81.5
2026-09-30T09:29:00Z,2026-09-30T11:29:00+02:00,55,ajuntament-mercat,237,49,188,79.3
2026-09-30T09:30:00Z,2026-09-30T11:30:00+02:00,53,dr-robert,407,46,361,88.7
2026-09-30T09:30:00Z,2026-09-30T11:30:00+02:00,54,placa-vella,297,55,242,81.5
2026-09-30T09:30:00Z,2026-09-30T11:30:00+02:00,55,ajuntament-mercat,237,49,188,79.3
2026-09-30T09:31:00Z,2026-09-30T11:31:00+02:00,53,dr-robert,407,45,362,88.9
2026-09-30T09:31:00Z,2026-09-30T11:31:00+02:00,54,placa-vella,297,57,240,80.8
2026-09-30T09:31:00Z,2026-09-30T11:31:00+02:00,55,ajuntament-mercat,237,52,185,78.1
2026-09-30T09:32:00Z,2026-09-30T11:32:00+02:00,53,dr-robert,407,45,362,88.9
2026-09-30T09:32:00Z,2026-09-30T11:32:00+02:00,54,placa-vella,297,57,240,80.8
2026-09-30T09:32:00Z,2026-09-30T11:32:00+02:00,55,ajuntament-mercat,237,52,185,78.1
2026-09-30T09:33:00Z,2026-09-30T11:33:00+02:00,53,dr-robert,407,45,362,88.9
2026-09-30T09:33:00Z,2026-09-30T11:33:00+02:00,54,placa-vella,297,57,240,80.8
2026-09-30T09:33:00Z,2026-09-30T11:33:00+02:00,55,ajuntament-mercat,237,52,185,78.1
2026-09-30T09:34:00Z,2026-09-30T11:34:00+02:00,53,dr-robert,407,45,362,88.9
2026-09-30T09:34:00Z,2026-09-30T11:34:00+02:00,54,placa-vella,297,57,240,80.8
2026-09-30T09:34:00Z,2026-09-30T11:34:00+02:00,55,ajuntament-mercat,237,52,185,78.1
2026-09-30T09:35:00Z,2026-09-30T11:35:00+02:00,53,dr-robert,407,48,359,88.2
2026-09-30T09:35:00Z,2026-09-30T11:35:00+02:00,54,placa-vella,297,55,242,81.5
2026-09-30T09:35:00Z,2026-09-30T11:35:00+02:00,55,ajuntament-mercat,237,56,181,76.4
2026-09-30T09:36:00Z,2026-09-30T11:36:00+02:00,53,dr-robert,407,48,359,88.2
2026-09-30T09:36:00Z,2026-09-30T11:36:00+02:00,54,placa-vella,297,55,242,81.5
2026-09-30T09:36:00Z,2026-09-30T11:36:00+02:00,55,ajuntament-mercat,237,56,181,76.4
2026-09-30T09:37:00Z,2026-09-30T11:37:00+02:00,53,dr-robert,407,48,359,88.2
2026-09-30T09:37:00Z,2026-09-30T11:37:00+02:00,54,placa-vella,297,55,242,81.5
2026-09-30T09:37:00Z,2026-09-30T11:37:00+02:00,55,ajuntament-mercat,237,56,181,76.4
2026-09-30T09:38:00Z,2026-09-30T11:38:00+02:00,53,dr-robert,407,48,359,88.2
2026-09-30T09:38:00Z,2026-09-30T11:38:00+02:00,54,placa-vella,297,55,242,81.5
2026-09-30T09:38:00Z,2026-09-30T11:38:00+02:00,55,ajuntament-mercat,237,56,181,76.4
2026-09-30T09:39:00Z,2026-09-30T11:39:00+02:00,53,dr-robert,407,48,359,88.2
2026-09-30T09:39:00Z,2026-09-30T11:39:00+02:00,54,placa-vella,297,55,242,81.5
2026-09-30T09:39:00Z,2026-09-30T11:39:00+02:00,55,ajuntament-mercat,237,56,181,76.4
2026-09-30T09:40:00Z,2026-09-30T11:40:00+02:00,53,dr-robert,407,52,355,87.2
2026-09-30T09:40:00Z,2026-09-30T11:40:00+02:00,54,placa-vella,297,55,242,81.5
2026-09-30T09:40:00Z,2026-09-30T11:40:00+02:00,55,ajuntament-mercat,237,52,185,78.1
2026-09-30T09:41:00Z,2026-09-30T11:41:00+02:00,53,dr-robert,407,52,355,87.2
2026-09-30T09:41:00Z,2026-09-30T11:41:00+02:00,54,placa-vella,297,55,242,81.5
2026-09-30T09:41:00Z,2026-09-30T11:41:00+02:00,55,ajuntament-mercat,237,52,185,78.1
2026-09-30T09:42:00Z,2026-09-30T11:42:00+02:00,53,dr-robert,407,52,355,87.2
2026-09-30T09:42:00Z,2026-09-30T11:42:00+02:00,54,placa-vella,297,55,242,81.5
2026-09-30T09:42:00Z,2026-09-30T11:42:00+02:00,55,ajuntament-mercat,237,52,185,78.1
2026-09-30T09:43:00Z,2026-09-30T11:43:00+02:00,53,dr-robert,407,52,355,87.2
2026-09-30T09:43:00Z,2026-09-30T11:43:00+02:00,54,placa-vella,297,55,242,81.5
2026-09-30T09:43:00Z,2026-09-30T11:43:00+02:00,55,ajuntament-mercat,237,52,185,78.1
2026-09-30T09:44:00Z,2026-09-30T11:44:00+02:00,53,dr-robert,407,52,355,87.2
2026-09-30T09:44:00Z,2026-09-30T11:44:00+02:00,54,placa-vella,297,55,242,81.5
2026-09-30T09:44:00Z,2026-09-30T11:44:00+02:00,55,ajuntament-mercat,237,52,185,78.1
2026-09-30T09:45:00Z,2026-09-30T11:45:00+02:00,53,dr-robert,407,44,363,89.2
2026-09-30T09:45:00Z,2026-09-30T11:45:00+02:00,54,placa-vella,297,57,240,80.8
2026-09-30T09:45:00Z,2026-09-30T11:45:00+02:00,55,ajuntament-mercat,237,49,188,79.3
2026-09-30T09:46:00Z,2026-09-30T11:46:00+02:00,53,dr-robert,407,44,363,89.2
2026-09-30T09:46:00Z,2026-09-30T11:46:00+02:00,54,placa-vella,297,57,240,80.8
2026-09-30T09:46:00Z,2026-09-30T11:46:00+02:00,55,ajuntament-mercat,237,49,188,79.3
2026-09-30T09:47:00Z,2026-09-30T11:47:00+02:00,53,dr-robert,407,44,363,89.2
2026-09-30T09:47:00Z,2026-09-30T11:47:00+02:00,54,placa-vella,297,57,240,80.8
2026-09-30T09:47:00Z,2026-09-30T11:47:00+02:00,55,ajuntament-mercat,237,49,188,79.3
2026-09-30T09:48:00Z,2026-09-30T11:48:00+02:00,53,dr-robert,407,44,363,89.2
2026-09-30T09:48:00Z,2026-09-30T11:48:00+02:00,54,placa-vella,297,57,240,80.8
2026-09-30T09:48:00Z,2026-09-30T11:48:00+02:00,55,ajuntament-mercat,237,49,188,79.3
2026-09-30T09:49:00Z,2026-09-30T11:49:00+02:00,53,dr-robert,407,44,363,89.2
2026-09-30T09:49:00Z,2026-09-30T11:49:00+02:00,54,placa-vella,297,57,240,80.8
2026-09-30T09:49:00Z,2026-09-30T11:49:00+02:00,55,ajuntament-mercat,237,49,188,79.3
2026-09-30T09:50:00Z,2026-09-30T11:50:00+02:00,53,dr-robert,407,48,359,88.2
2026-09-30T09:50:00Z,2026-09-30T11:50:00+02:00,54,placa-vella,297,55,242,81.5
2026-09-30T09:50:00Z,2026-09-30T11:50:00+02:00,55,ajuntament-mercat,237,53,184,77.6
2026-09-30T09:51:00Z,2026-09-30T11:51:00+02:00,53,dr-robert,407,48,359,88.2
2026-09-30T09:51:00Z,2026-09-30T11:51:00+02:00,54,placa-vella,297,55,242,81.5
2026-09-30T09:51:00Z,2026-09-30T11:51:00+02:00,55,ajuntament-mercat,237,53,184,77.6
2026-09-30T09:52:00Z,2026-09-30T11:52:00+02:00,53,dr-robert,407,48,359,88.2
2026-09-30T09:52:00Z,2026-09-30T11:52:00+02:00,54,placa-vella,297,55,242,81.5
2026-09-30T09:52:00Z,2026-09-30T11:52:00+02:00,55,ajuntament-mercat,237,53,184,77.6
2026-09-30T09:53:00Z,2026-09-30T11:53:00+02:00,53,dr-robert,407,48,359,88.2
2026-09-30T09:53:00Z,2026-09-30T11:53:00+02:00,54,placa-vella,297,55,242,81.5
2026-09-30T09:53:00Z,2026-09-30T11:53:00+02:00,55,ajuntament-mercat,237,53,184,77.6
2026-09-30T09:54:00Z,2026-09-30T11:54:00+02:00,53,dr-robert,407,48,359,88.2
2026-09-30T09:54:00Z,2026-09-30T11:54:00+02:00,54,placa-vella,297,55,242,81.5
2026-09-30T09:54:00Z,2026-09-30T11:54:00+02:00,55,ajuntament-mercat,237,53,184,77.6
2026-09-30T09:55:00Z,2026-09-30T11:55:00+02:00,53,dr-robert,407,37,370,90.9
2026-09-30T09:55:00Z,2026-09-30T11:55:00+02:00,54,placa-vella,297,50,247,83.2
2026-09-30T09:55:00Z,2026-09-30T11:55:00+02:00,55,ajuntament-mercat,237,52,185,78.1
2026-09-30T09:56:00Z,2026-09-30T11:56:00+02:00,53,dr-robert,407,37,370,90.9
2026-09-30T09:56:00Z,2026-09-30T11:56:00+02:00,54,placa-vella,297,50,247,83.2
2026-09-30T09:56:00Z,2026-09-30T11:56:00+02:00,55,ajuntament-mercat,237,52,185,78.1
2026-09-30T09:57:00Z,2026-09-30T11:57:00+02:00,53,dr-robert,407,37,370,90.9
2026-09-30T09:57:00Z,2026-09-30T11:57:00+02:00,54,placa-vella,297,50,247,83.2
2026-09-30T09:57:00Z,2026-09-30T11:57:00+02:00,55,ajuntament-mercat,237,52,185,78.1
2026-09-30T09:58:00Z,2026-09-30T11:58:00+02:00,53,dr-robert,407,37,370,90.9
2026-09-30T09:58:00Z,2026-09-30T11:58:00+02:00,54,placa-vella,297,50,247,83.2
2026-09-30T09:58:00Z,2026-09-30T11:58:00+02:00,55,ajuntament-mercat,237,52,185,78.1
2026-09-30T09:59:00Z,2026-09-30T11:59:00+02:00,53,dr-robert,407,37,370,90.9
2026-09-30T09:59:00Z,2026-09-30T11:59:00+02:00,54,placa-vella,297,50,247,83.2
2026-09-30T09:59:00Z,2026-09-30T11:59:00+02:00,55,ajuntament-mercat,237,52,185,78.1
2026-09-30T10:00:00Z,2026-09-30T12:00:00+02:00,53,dr-robert,407,37,370,90.9
2026-09-30T10:00:00Z,2026-09-30T12:00:00+02:00,54,placa-vella,297,50,247,83.2
2026-09-30T10:00:00Z,2026-09-30T12:00:00+02:00,55,ajuntament-mercat,237,52,185,78.1
2026-09-30T10:01:00Z,2026-09-30T12:01:00+02:00,53,dr-robert,407,37,370,90.9
2026-09-30T10:01:00Z,2026-09-30T12:01:00+02:00,54,placa-vella,297,53,244,82.2
2026-09-30T10:01:00Z,2026-09-30T12:01:00+02:00,55,ajuntament-mercat,237,52,185,78.1
2026-09-30T10:02:00Z,2026-09-30T12:02:00+02:00,53,dr-robert,407,36,371,91.2
2026-09-30T10:02:00Z,2026-09-30T12:02:00+02:00,54,placa-vella,297,53,244,82.2
2026-09-30T10:02:00Z,2026-09-30T12:02:00+02:00,55,ajuntament-mercat,237,53,184,77.6
2026-09-30T10:03:00Z,2026-09-30T12:03:00+02:00,53,dr-robert,407,36,371,91.2
2026-09-30T10:03:00Z,2026-09-30T12:03:00+02:00,54,placa-vella,297,53,244,82.2
2026-09-30T10:03:00Z,2026-09-30T12:03:00+02:00,55,ajuntament-mercat,237,53,184,77.6
2026-09-30T10:04:00Z,2026-09-30T12:04:00+02:00,53,dr-robert,407,36,371,91.2
2026-09-30T10:04:00Z,2026-09-30T12:04:00+02:00,54,placa-vella,297,53,244,82.2
2026-09-30T10:04:00Z,2026-09-30T12:04:00+02:00,55,ajuntament-mercat,237,53,184,77.6
2026-09-30T10:05:00Z,2026-09-30T12:05:00+02:00,53,dr-robert,407,27,380,93.4
2026-09-30T10:05:00Z,2026-09-30T12:05:00+02:00,54,placa-vella,297,55,242,81.5
2026-09-30T10:05:00Z,2026-09-30T12:05:00+02:00,55,ajuntament-mercat,237,51,186,78.5
2026-09-30T10:06:00Z,2026-09-30T12:06:00+02:00,53,dr-robert,407,27,380,93.4
2026-09-30T10:06:00Z,2026-09-30T12:06:00+02:00,54,placa-vella,297,55,242,81.5
2026-09-30T10:06:00Z,2026-09-30T12:06:00+02:00,55,ajuntament-mercat,237,51,186,78.5
2026-09-30T10:07:00Z,2026-09-30T12:07:00+02:00,53,dr-robert,407,27,380,93.4
2026-09-30T10:07:00Z,2026-09-30T12:07:00+02:00,54,placa-vella,297,55,242,81.5
2026-09-30T10:07:00Z,2026-09-30T12:07:00+02:00,55,ajuntament-mercat,237,51,186,78.5
2026-09-30T10:08:00Z,2026-09-30T12:08:00+02:00,53,dr-robert,407,27,380,93.4
2026-09-30T10:08:00Z,2026-09-30T12:08:00+02:00,54,placa-vella,297,55,242,81.5
2026-09-30T10:08:00Z,2026-09-30T12:08:00+02:00,55,ajuntament-mercat,237,51,186,78.5
2026-09-30T10:09:00Z,2026-09-30T12:09:00+02:00,53,dr-robert,407,27,380,93.4
2026-09-30T10:09:00Z,2026-09-30T12:09:00+02:00,54,placa-vella,297,55,242,81.5
2026-09-30T10:09:00Z,2026-09-30T12:09:00+02:00,55,ajuntament-mercat,237,51,186,78.5
2026-09-30T10:10:00Z,2026-09-30T12:10:00+02:00,53,dr-robert,407,25,382,93.9
2026-09-30T10:10:00Z,2026-09-30T12:10:00+02:00,54,placa-vella,297,56,241,81.1
2026-09-30T10:10:00Z,2026-09-30T12:10:00+02:00,55,ajuntament-mercat,237,52,185,78.1
2026-09-30T10:11:00Z,2026-09-30T12:11:00+02:00,53,dr-robert,407,25,382,93.9
2026-09-30T10:11:00Z,2026-09-30T12:11:00+02:00,54,placa-vella,297,56,241,81.1
2026-09-30T10:11:00Z,2026-09-30T12:11:00+02:00,55,ajuntament-mercat,237,52,185,78.1
2026-09-30T10:12:00Z,2026-09-30T12:12:00+02:00,53,dr-robert,407,25,382,93.9
2026-09-30T10:12:00Z,2026-09-30T12:12:00+02:00,54,placa-vella,297,56,241,81.1
2026-09-30T10:12:00Z,2026-09-30T12:12:00+02:00,55,ajuntament-mercat,237,52,185,78.1
2026-09-30T10:13:00Z,2026-09-30T12:13:00+02:00,53,dr-robert,407,25,382,93.9
2026-09-30T10:13:00Z,2026-09-30T12:13:00+02:00,54,placa-vella,297,56,241,81.1
2026-09-30T10:13:00Z,2026-09-30T12:13:00+02:00,55,ajuntament-mercat,237,52,185,78.1
2026-09-30T10:14:00Z,2026-09-30T12:14:00+02:00,53,dr-robert,407,25,382,93.9
2026-09-30T10:14:00Z,2026-09-30T12:14:00+02:00,54,placa-vella,297,56,241,81.1
2026-09-30T10:14:00Z,2026-09-30T12:14:00+02:00,55,ajuntament-mercat,237,52,185,78.1
2026-09-30T10:15:00Z,2026-09-30T12:15:00+02:00,53,dr-robert,407,30,377,92.6
2026-09-30T10:15:00Z,2026-09-30T12:15:00+02:00,54,placa-vella,297,54,243,81.8
2026-09-30T10:15:00Z,2026-09-30T12:15:00+02:00,55,ajuntament-mercat,237,52,185,78.1
2026-09-30T10:16:00Z,2026-09-30T12:16:00+02:00,53,dr-robert,407,30,377,92.6
2026-09-30T10:16:00Z,2026-09-30T12:16:00+02:00,54,placa-vella,297,54,243,81.8
2026-09-30T10:16:00Z,2026-09-30T12:16:00+02:00,55,ajuntament-mercat,237,52,185,78.1
2026-09-30T10:17:00Z,2026-09-30T12:17:00+02:00,53,dr-robert,407,30,377,92.6
2026-09-30T10:17:00Z,2026-09-30T12:17:00+02:00,54,placa-vella,297,54,243,81.8
2026-09-30T10:17:00Z,2026-09-30T12:17:00+02:00,55,ajuntament-mercat,237,52,185,78.1
2026-09-30T10:18:00Z,2026-09-30T12:18:00+02:00,53,dr-robert,407,30,377,92.6
2026-09-30T10:18:00Z,2026-09-30T12:18:00+02:00,54,placa-vella,297,54,243,81.8
2026-09-30T10:18:00Z,2026-09-30T12:18:00+02:00,55,ajuntament-mercat,237,52,185,78.1
2026-09-30T10:19:00Z,2026-09-30T12:19:00+02:00,53,dr-robert,407,30,377,92.6
2026-09-30T10:19:00Z,2026-09-30T12:19:00+02:00,54,placa-vella,297,54,243,81.8
2026-09-30T10:19:00Z,2026-09-30T12:19:00+02:00,55,ajuntament-mercat,237,52,185,78.1
2026-09-30T10:20:00Z,2026-09-30T12:20:00+02:00,53,dr-robert,407,36,371,91.2
2026-09-30T10:20:00Z,2026-09-30T12:20:00+02:00,54,placa-vella,297,53,244,82.2
2026-09-30T10:20:00Z,2026-09-30T12:20:00+02:00,55,ajuntament-mercat,237,55,182,76.8
2026-09-30T10:21:00Z,2026-09-30T12:21:00+02:00,53,dr-robert,407,36,371,91.2
2026-09-30T10:21:00Z,2026-09-30T12:21:00+02:00,54,placa-vella,297,53,244,82.2
2026-09-30T10:21:00Z,2026-09-30T12:21:00+02:00,55,ajuntament-mercat,237,55,182,76.8
2026-09-30T10:22:00Z,2026-09-30T12:22:00+02:00,53,dr-robert,407,36,371,91.2
2026-09-30T10:22:00Z,2026-09-30T12:22:00+02:00,54,placa-vella,297,53,244,82.2
2026-09-30T10:22:00Z,2026-09-30T12:22:00+02:00,55,ajuntament-mercat,237,55,182,76.8
2026-09-30T10:23:00Z,2026-09-30T12:23:00+02:00,53,dr-robert,407,36,371,91.2
2026-09-30T10:23:00Z,2026-09-30T12:23:00+02:00,54,placa-vella,297,53,244,82.2
2026-09-30T10:23:00Z,2026-09-30T12:23:00+02:00,55,ajuntament-mercat,237,55,182,76.8
2026-09-30T10:24:00Z,2026-09-30T12:24:00+02:00,53,dr-robert,407,36,371,91.2
2026-09-30T10:24:00Z,2026-09-30T12:24:00+02:00,54,placa-vella,297,53,244,82.2
2026-09-30T10:24:00Z,2026-09-30T12:24:00+02:00,55,ajuntament-mercat,237,55,182,76.8
2026-09-30T10:25:00Z,2026-09-30T12:25:00+02:00,53,dr-robert,407,42,365,89.7
2026-09-30T10:25:00Z,2026-09-30T12:25:00+02:00,54,placa-vella,297,56,241,81.1
2026-09-30T10:25:00Z,2026-09-30T12:25:00+02:00,55,ajuntament-mercat,237,56,181,76.4
2026-09-30T10:26:00Z,2026-09-30T12:26:00+02:00,53,dr-robert,407,42,365,89.7
2026-09-30T10:26:00Z,2026-09-30T12:26:00+02:00,54,placa-vella,297,56,241,81.1
2026-09-30T10:26:00Z,2026-09-30T12:26:00+02:00,55,ajuntament-mercat,237,56,181,76.4
2026-09-30T10:27:00Z,2026-09-30T12:27:00+02:00,53,dr-robert,407,42,365,89.7
2026-09-30T10:27:00Z,2026-09-30T12:27:00+02:00,54,placa-vella,297,56,241,81.1
2026-09-30T10:27:00Z,2026-09-30T12:27:00+02:00,55,ajuntament-mercat,237,56,181,76.4
2026-09-30T10:28:00Z,2026-09-30T12:28:00+02:00,53,dr-robert,407,42,365,89.7
2026-09-30T10:28:00Z,2026-09-30T12:28:00+02:00,54,placa-vella,297,56,241,81.1
2026-09-30T10:28:00Z,2026-09-30T12:28:00+02:00,55,ajuntament-mercat,237,56,181,76.4
2026-09-30T10:29:00Z,2026-09-30T12:29:00+02:00,53,dr-robert,407,42,365,89.7
2026-09-30T10:29:00Z,2026-09-30T12:29:00+02:00,54,placa-vella,297,56,241,81.1
2026-09-30T10:29:00Z,2026-09-30T12:29:00+02:00,55,ajuntament-mercat,237,56,181,76.4
2026-09-30T10:30:00Z,2026-09-30T12:30:00+02:00,53,dr-robert,407,41,366,89.9
2026-09-30T10:30:00Z,2026-09-30T12:30:00+02:00,54,placa-vella,297,59,238,80.1
2026-09-30T10:30:00Z,2026-09-30T12:30:00+02:00,55,ajuntament-mercat,237,55,182,76.8
2026-09-30T10:31:00Z,2026-09-30T12:31:00+02:00,53,dr-robert,407,41,366,89.9
2026-09-30T10:31:00Z,2026-09-30T12:31:00+02:00,54,placa-vella,297,59,238,80.1
2026-09-30T10:31:00Z,2026-09-30T12:31:00+02:00,55,ajuntament-mercat,237,55,182,76.8
2026-09-30T10:32:00Z,2026-09-30T12:32:00+02:00,53,dr-robert,407,41,366,89.9
2026-09-30T10:32:00Z,2026-09-30T12:32:00+02:00,54,placa-vella,297,59,238,80.1
2026-09-30T10:32:00Z,2026-09-30T12:32:00+02:00,55,ajuntament-mercat,237,55,182,76.8
2026-09-30T10:33:00Z,2026-09-30T12:33:00+02:00,53,dr-robert,407,41,366,89.9
2026-09-30T10:33:00Z,2026-09-30T12:33:00+02:00,54,placa-vella,297,59,238,80.1
2026-09-30T10:33:00Z,2026-09-30T12:33:00+02:00,55,ajuntament-mercat,237,55,182,76.8
2026-09-30T10:34:00Z,2026-09-30T12:34:00+02:00,53,dr-robert,407,41,366,89.9
2026-09-30T10:34:00Z,2026-09-30T12:34:00+02:00,54,placa-vella,297,59,238,80.1
2026-09-30T10:34:00Z,2026-09-30T12:34:00+02:00,55,ajuntament-mercat,237,55,182,76.8
2026-09-30T10:35:00Z,2026-09-30T12:35:00+02:00,53,dr-robert,407,44,363,89.2
2026-09-30T10:35:00Z,2026-09-30T12:35:00+02:00,54,placa-vella,297,57,240,80.8
2026-09-30T10:35:00Z,2026-09-30T12:35:00+02:00,55,ajuntament-mercat,237,54,183,77.2
2026-09-30T10:36:00Z,2026-09-30T12:36:00+02:00,53,dr-robert,407,44,363,89.2
2026-09-30T10:36:00Z,2026-09-30T12:36:00+02:00,54,placa-vella,297,57,240,80.8
2026-09-30T10:36:00Z,2026-09-30T12:36:00+02:00,55,ajuntament-mercat,237,54,183,77.2
2026-09-30T10:37:00Z,2026-09-30T12:37:00+02:00,53,dr-robert,407,44,363,89.2
2026-09-30T10:37:00Z,2026-09-30T12:37:00+02:00,54,placa-vella,297,57,240,80.8
2026-09-30T10:37:00Z,2026-09-30T12:37:00+02:00,55,ajuntament-mercat,237,54,183,77.2
2026-09-30T10:38:00Z,2026-09-30T12:38:00+02:00,53,dr-robert,407,44,363,89.2
2026-09-30T10:38:00Z,2026-09-30T12:38:00+02:00,54,placa-vella,297,57,240,80.8
2026-09-30T10:38:00Z,2026-09-30T12:38:00+02:00,55,ajuntament-mercat,237,54,183,77.2
2026-09-30T10:39:00Z,2026-09-30T12:39:00+02:00,53,dr-robert,407,44,363,89.2
2026-09-30T10:39:00Z,2026-09-30T12:39:00+02:00,54,placa-vella,297,57,240,80.8
2026-09-30T10:39:00Z,2026-09-30T12:39:00+02:00,55,ajuntament-mercat,237,54,183,77.2
2026-09-30T10:40:00Z,2026-09-30T12:40:00+02:00,53,dr-robert,407,49,358,88
2026-09-30T10:40:00Z,2026-09-30T12:40:00+02:00,54,placa-vella,297,57,240,80.8
2026-09-30T10:40:00Z,2026-09-30T12:40:00+02:00,55,ajuntament-mercat,237,55,182,76.8
2026-09-30T10:41:00Z,2026-09-30T12:41:00+02:00,53,dr-robert,407,49,358,88
2026-09-30T10:41:00Z,2026-09-30T12:41:00+02:00,54,placa-vella,297,57,240,80.8
2026-09-30T10:41:00Z,2026-09-30T12:41:00+02:00,55,ajuntament-mercat,237,55,182,76.8
2026-09-30T10:42:00Z,2026-09-30T12:42:00+02:00,53,dr-robert,407,49,358,88
2026-09-30T10:42:00Z,2026-09-30T12:42:00+02:00,54,placa-vella,297,57,240,80.8
2026-09-30T10:42:00Z,2026-09-30T12:42:00+02:00,55,ajuntament-mercat,237,55,182,76.8
2026-09-30T10:43:00Z,2026-09-30T12:43:00+02:00,53,dr-robert,407,49,358,88
2026-09-30T10:43:00Z,2026-09-30T12:43:00+02:00,54,placa-vella,297,57,240,80.8
2026-09-30T10:43:00Z,2026-09-30T12:43:00+02:00,55,ajuntament-mercat,237,55,182,76.8
2026-09-30T10:44:00Z,2026-09-30T12:44:00+02:00,53,dr-robert,407,49,358,88
2026-09-30T10:44:00Z,2026-09-30T12:44:00+02:00,54,placa-vella,297,57,240,80.8
2026-09-30T10:44:00Z,2026-09-30T12:44:00+02:00,55,ajuntament-mercat,237,55,182,76.8
2026-09-30T10:45:00Z,2026-09-30T12:45:00+02:00,53,dr-robert,407,40,367,90.2
2026-09-30T10:45:00Z,2026-09-30T12:45:00+02:00,54,placa-vella,297,54,243,81.8
2026-09-30T10:45:00Z,2026-09-30T12:45:00+02:00,55,ajuntament-mercat,237,57,180,75.9
2026-09-30T10:46:00Z,2026-09-30T12:46:00+02:00,53,dr-robert,407,40,367,90.2
2026-09-30T10:46:00Z,2026-09-30T12:46:00+02:00,54,placa-vella,297,54,243,81.8
2026-09-30T10:46:00Z,2026-09-30T12:46:00+02:00,55,ajuntament-mercat,237,57,180,75.9
2026-09-30T10:47:00Z,2026-09-30T12:47:00+02:00,53,dr-robert,407,40,367,90.2
2026-09-30T10:47:00Z,2026-09-30T12:47:00+02:00,54,placa-vella,297,54,243,81.8
2026-09-30T10:47:00Z,2026-09-30T12:47:00+02:00,55,ajuntament-mercat,237,57,180,75.9
2026-09-30T10:48:00Z,2026-09-30T12:48:00+02:00,53,dr-robert,407,40,367,90.2
2026-09-30T10:48:00Z,2026-09-30T12:48:00+02:00,54,placa-vella,297,54,243,81.8
2026-09-30T10:48:00Z,2026-09-30T12:48:00+02:00,55,ajuntament-mercat,237,57,180,75.9
2026-09-30T10:49:00Z,2026-09-30T12:49:00+02:00,53,dr-robert,407,40,367,90.2
2026-09-30T10:49:00Z,2026-09-30T12:49:00+02:00,54,placa-vella,297,54,243,81.8
2026-09-30T10:49:00Z,2026-09-30T12:49:00+02:00,55,ajuntament-mercat,237,57,180,75.9
2026-09-30T10:50:00Z,2026-09-30T12:50:00+02:00,53,dr-robert,407,37,370,90.9
2026-09-30T10:50:00Z,2026-09-30T12:50:00+02:00,54,placa-vella,297,58,239,80.5
2026-09-30T10:50:00Z,2026-09-30T12:50:00+02:00,55,ajuntament-mercat,237,57,180,75.9
2026-09-30T10:51:00Z,2026-09-30T12:51:00+02:00,53,dr-robert,407,37,370,90.9
2026-09-30T10:51:00Z,2026-09-30T12:51:00+02:00,54,placa-vella,297,58,239,80.5
2026-09-30T10:51:00Z,2026-09-30T12:51:00+02:00,55,ajuntament-mercat,237,57,180,75.9
2026-09-30T10:52:00Z,2026-09-30T12:52:00+02:00,53,dr-robert,407,37,370,90.9
2026-09-30T10:52:00Z,2026-09-30T12:52:00+02:00,54,placa-vella,297,58,239,80.5
2026-09-30T10:52:00Z,2026-09-30T12:52:00+02:00,55,ajuntament-mercat,237,57,180,75.9
2026-09-30T10:53:00Z,2026-09-30T12:53:00+02:00,53,dr-robert,407,37,370,90.9
2026-09-30T10:53:00Z,2026-09-30T12:53:00+02:00,54,placa-vella,297,58,239,80.5
2026-09-30T10:53:00Z,2026-09-30T12:53:00+02:00,55,ajuntament-mercat,237,57,180,75.9
2026-09-30T10:54:00Z,2026-09-30T12:54:00+02:00,53,dr-robert,407,37,370,90.9
2026-09-30T10:54:00Z,2026-09-30T12:54:00+02:00,54,placa-vella,297,58,239,80.5
2026-09-30T10:54:00Z,2026-09-30T12:54:00+02:00,55,ajuntament-mercat,237,57,180,75.9
2026-09-30T10:55:00Z,2026-09-30T12:55:00+02:00,53,dr-robert,407,41,366,89.9
2026-09-30T10:55:00Z,2026-09-30T12:55:00+02:00,54,placa-vella,297,58,239,80.5
2026-09-30T10:55:00Z,2026-09-30T12:55:00+02:00,55,ajuntament-mercat,237,56,181,76.4
2026-09-30T10:56:00Z,2026-09-30T12:56:00+02:00,53,dr-robert,407,41,366,89.9
2026-09-30T10:56:00Z,2026-09-30T12:56:00+02:00,54,placa-vella,297,58,239,80.5
2026-09-30T10:56:00Z,2026-09-30T12:56:00+02:00,55,ajuntament-mercat,237,56,181,76.4
2026-09-30T10:57:00Z,2026-09-30T12:57:00+02:00,53,dr-robert,407,41,366,89.9
2026-09-30T10:57:00Z,2026-09-30T12:57:00+02:00,54,placa-vella,297,58,239,80.5
2026-09-30T10:57:00Z,2026-09-30T12:57:00+02:00,55,ajuntament-mercat,237,56,181,76.4
2026-09-30T10:58:00Z,2026-09-30T12:58:00+02:00,53,dr-robert,407,41,366,89.9
2026-09-30T10:58:00Z,2026-09-30T12:58:00+02:00,54,placa-vella,297,58,239,80.5
2026-09-30T10:58:00Z,2026-09-30T12:58:00+02:00,55,ajuntament-mercat,237,56,181,76.4
2026-09-30T10:59:00Z,2026-09-30T12:59:00+02:00,53,dr-robert,407,41,366,89.9
2026-09-30T10:59:00Z,2026-09-30T12:59:00+02:00,54,placa-vella,297,58,239,80.5
2026-09-30T10:59:00Z,2026-09-30T12:59:00+02:00,55,ajuntament-mercat,237,56,181,76.4
2026-09-30T11:00:00Z,2026-09-30T13:00:00+02:00,53,dr-robert,407,41,366,89.9
2026-09-30T11:00:00Z,2026-09-30T13:00:00+02:00,54,placa-vella,297,58,239,80.5
2026-09-30T11:00:00Z,2026-09-30T13:00:00+02:00,55,ajuntament-mercat,237,56,181,76.4
2026-09-30T11:01:00Z,2026-09-30T13:01:00+02:00,53,dr-robert,407,46,361,88.7
2026-09-30T11:01:00Z,2026-09-30T13:01:00+02:00,54,placa-vella,297,59,238,80.1
2026-09-30T11:01:00Z,2026-09-30T13:01:00+02:00,55,ajuntament-mercat,237,59,178,75.1
2026-09-30T11:02:00Z,2026-09-30T13:02:00+02:00,53,dr-robert,407,46,361,88.7
2026-09-30T11:02:00Z,2026-09-30T13:02:00+02:00,54,placa-vella,297,59,238,80.1
2026-09-30T11:02:00Z,2026-09-30T13:02:00+02:00,55,ajuntament-mercat,237,59,178,75.1
2026-09-30T11:03:00Z,2026-09-30T13:03:00+02:00,53,dr-robert,407,46,361,88.7
2026-09-30T11:03:00Z,2026-09-30T13:03:00+02:00,54,placa-vella,297,59,238,80.1
2026-09-30T11:03:00Z,2026-09-30T13:03:00+02:00,55,ajuntament-mercat,237,59,178,75.1
2026-09-30T11:04:00Z,2026-09-30T13:04:00+02:00,53,dr-robert,407,46,361,88.7
2026-09-30T11:04:00Z,2026-09-30T13:04:00+02:00,54,placa-vella,297,59,238,80.1
2026-09-30T11:04:00Z,2026-09-30T13:04:00+02:00,55,ajuntament-mercat,237,59,178,75.1
2026-09-30T11:05:00Z,2026-09-30T13:05:00+02:00,53,dr-robert,407,48,359,88.2
2026-09-30T11:05:00Z,2026-09-30T13:05:00+02:00,54,placa-vella,297,63,234,78.8
2026-09-30T11:05:00Z,2026-09-30T13:05:00+02:00,55,ajuntament-mercat,237,62,175,73.8
2026-09-30T11:06:00Z,2026-09-30T13:06:00+02:00,53,dr-robert,407,48,359,88.2
2026-09-30T11:06:00Z,2026-09-30T13:06:00+02:00,54,placa-vella,297,63,234,78.8
2026-09-30T11:06:00Z,2026-09-30T13:06:00+02:00,55,ajuntament-mercat,237,62,175,73.8
2026-09-30T11:07:00Z,2026-09-30T13:07:00+02:00,53,dr-robert,407,48,359,88.2
2026-09-30T11:07:00Z,2026-09-30T13:07:00+02:00,54,placa-vella,297,63,234,78.8
2026-09-30T11:07:00Z,2026-09-30T13:07:00+02:00,55,ajuntament-mercat,237,62,175,73.8
2026-09-30T11:08:00Z,2026-09-30T13:08:00+02:00,53,dr-robert,407,48,359,88.2
2026-09-30T11:08:00Z,2026-09-30T13:08:00+02:00,54,placa-vella,297,63,234,78.8
2026-09-30T11:08:00Z,2026-09-30T13:08:00+02:00,55,ajuntament-mercat,237,62,175,73.8
2026-09-30T11:09:00Z,2026-09-30T13:09:00+02:00,53,dr-robert,407,48,359,88.2
2026-09-30T11:09:00Z,2026-09-30T13:09:00+02:00,54,placa-vella,297,63,234,78.8
2026-09-30T11:09:00Z,2026-09-30T13:09:00+02:00,55,ajuntament-mercat,237,62,175,73.8
2026-09-30T11:10:00Z,2026-09-30T13:10:00+02:00,53,dr-robert,407,59,348,85.5
2026-09-30T11:10:00Z,2026-09-30T13:10:00+02:00,54,placa-vella,297,62,235,79.1
2026-09-30T11:10:00Z,2026-09-30T13:10:00+02:00,55,ajuntament-mercat,237,65,172,72.6
2026-09-30T11:11:00Z,2026-09-30T13:11:00+02:00,53,dr-robert,407,59,348,85.5
2026-09-30T11:11:00Z,2026-09-30T13:11:00+02:00,54,placa-vella,297,62,235,79.1
2026-09-30T11:11:00Z,2026-09-30T13:11:00+02:00,55,ajuntament-mercat,237,65,172,72.6
2026-09-30T11:12:00Z,2026-09-30T13:12:00+02:00,53,dr-robert,407,59,348,85.5
2026-09-30T11:12:00Z,2026-09-30T13:12:00+02:00,54,placa-vella,297,62,235,79.1
2026-09-30T11:12:00Z,2026-09-30T13:12:00+02:00,55,ajuntament-mercat,237,65,172,72.6
2026-09-30T11:13:00Z,2026-09-30T13:13:00+02:00,53,dr-robert,407,59,348,85.5
2026-09-30T11:13:00Z,2026-09-30T13:13:00+02:00,54,placa-vella,297,62,235,79.1
2026-09-30T11:13:00Z,2026-09-30T13:13:00+02:00,55,ajuntament-mercat,237,65,172,72.6
2026-09-30T11:14:00Z,2026-09-30T13:14:00+02:00,53,dr-robert,407,59,348,85.5
2026-09-30T11:14:00Z,2026-09-30T13:14:00+02:00,54,placa-vella,297,62,235,79.1
2026-09-30T11:14:00Z,2026-09-30T13:14:00+02:00,55,ajuntament-mercat,237,65,172,72.6
2026-09-30T11:15:00Z,2026-09-30T13:15:00+02:00,53,dr-robert,407,56,351,86.2
2026-09-30T11:15:00Z,2026-09-30T13:15:00+02:00,54,placa-vella,297,70,227,76.4
2026-09-30T11:15:00Z,2026-09-30T13:15:00+02:00,55,ajuntament-mercat,237,66,171,72.2
2026-09-30T11:16:00Z,2026-09-30T13:16:00+02:00,53,dr-robert,407,56,351,86.2
2026-09-30T11:16:00Z,2026-09-30T13:16:00+02:00,54,placa-vella,297,70,227,76.4
2026-09-30T11:16:00Z,2026-09-30T13:16:00+02:00,55,ajuntament-mercat,237,66,171,72.2
2026-09-30T11:17:00Z,2026-09-30T13:17:00+02:00,53,dr-robert,407,56,351,86.2
2026-09-30T11:17:00Z,2026-09-30T13:17:00+02:00,54,placa-vella,297,70,227,76.4
2026-09-30T11:17:00Z,2026-09-30T13:17:00+02:00,55,ajuntament-mercat,237,66,171,72.2
2026-09-30T11:18:00Z,2026-09-30T13:18:00+02:00,53,dr-robert,407,56,351,86.2
2026-09-30T11:18:00Z,2026-09-30T13:18:00+02:00,54,placa-vella,297,70,227,76.4
2026-09-30T11:18:00Z,2026-09-30T13:18:00+02:00,55,ajuntament-mercat,237,66,171,72.2
2026-09-30T11:19:00Z,2026-09-30T13:19:00+02:00,53,dr-robert,407,56,351,86.2
2026-09-30T11:19:00Z,2026-09-30T13:19:00+02:00,54,placa-vella,297,70,227,76.4
2026-09-30T11:19:00Z,2026-09-30T13:19:00+02:00,55,ajuntament-mercat,237,66,171,72.2
2026-09-30T11:20:00Z,2026-09-30T13:20:00+02:00,53,dr-robert,407,62,345,84.8
2026-09-30T11:20:00Z,2026-09-30T13:20:00+02:00,54,placa-vella,297,75,222,74.7
2026-09-30T11:20:00Z,2026-09-30T13:20:00+02:00,55,ajuntament-mercat,237,74,163,68.8
2026-09-30T11:21:00Z,2026-09-30T13:21:00+02:00,53,dr-robert,407,62,345,84.8
2026-09-30T11:21:00Z,2026-09-30T13:21:00+02:00,54,placa-vella,297,75,222,74.7
2026-09-30T11:21:00Z,2026-09-30T13:21:00+02:00,55,ajuntament-mercat,237,74,163,68.8
2026-09-30T11:22:00Z,2026-09-30T13:22:00+02:00,53,dr-robert,407,62,345,84.8
2026-09-30T11:22:00Z,2026-09-30T13:22:00+02:00,54,placa-vella,297,75,222,74.7
2026-09-30T11:22:00Z,2026-09-30T13:22:00+02:00,55,ajuntament-mercat,237,74,163,68.8
2026-09-30T11:23:00Z,2026-09-30T13:23:00+02:00,53,dr-robert,407,62,345,84.8
2026-09-30T11:23:00Z,2026-09-30T13:23:00+02:00,54,placa-vella,297,75,222,74.7
2026-09-30T11:23:00Z,2026-09-30T13:23:00+02:00,55,ajuntament-mercat,237,74,163,68.8
2026-09-30T11:24:00Z,2026-09-30T13:24:00+02:00,53,dr-robert,407,62,345,84.8
2026-09-30T11:24:00Z,2026-09-30T13:24:00+02:00,54,placa-vella,297,75,222,74.7
2026-09-30T11:24:00Z,2026-09-30T13:24:00+02:00,55,ajuntament-mercat,237,74,163,68.8
2026-09-30T11:25:00Z,2026-09-30T13:25:00+02:00,53,dr-robert,407,68,339,83.3
2026-09-30T11:25:00Z,2026-09-30T13:25:00+02:00,54,placa-vella,297,76,221,74.4
2026-09-30T11:25:00Z,2026-09-30T13:25:00+02:00,55,ajuntament-mercat,237,73,164,69.2
2026-09-30T11:26:00Z,2026-09-30T13:26:00+02:00,53,dr-robert,407,68,339,83.3
2026-09-30T11:26:00Z,2026-09-30T13:26:00+02:00,54,placa-vella,297,76,221,74.4
2026-09-30T11:26:00Z,2026-09-30T13:26:00+02:00,55,ajuntament-mercat,237,73,164,69.2
2026-09-30T11:27:00Z,2026-09-30T13:27:00+02:00,53,dr-robert,407,68,339,83.3
2026-09-30T11:27:00Z,2026-09-30T13:27:00+02:00,54,placa-vella,297,76,221,74.4
2026-09-30T11:27:00Z,2026-09-30T13:27:00+02:00,55,ajuntament-mercat,237,73,164,69.2
2026-09-30T11:28:00Z,2026-09-30T13:28:00+02:00,53,dr-robert,407,68,339,83.3
2026-09-30T11:28:00Z,2026-09-30T13:28:00+02:00,54,placa-vella,297,76,221,74.4
2026-09-30T11:28:00Z,2026-09-30T13:28:00+02:00,55,ajuntament-mercat,237,73,164,69.2
2026-09-30T11:29:00Z,2026-09-30T13:29:00+02:00,53,dr-robert,407,68,339,83.3
2026-09-30T11:29:00Z,2026-09-30T13:29:00+02:00,54,placa-vella,297,76,221,74.4
2026-09-30T11:29:00Z,2026-09-30T13:29:00+02:00,55,ajuntament-mercat,237,73,164,69.2
2026-09-30T11:30:00Z,2026-09-30T13:30:00+02:00,53,dr-robert,407,70,337,82.8
2026-09-30T11:30:00Z,2026-09-30T13:30:00+02:00,54,placa-vella,297,77,220,74.1
2026-09-30T11:30:00Z,2026-09-30T13:30:00+02:00,55,ajuntament-mercat,237,75,162,68.4
2026-09-30T11:31:00Z,2026-09-30T13:31:00+02:00,53,dr-robert,407,70,337,82.8
2026-09-30T11:31:00Z,2026-09-30T13:31:00+02:00,54,placa-vella,297,77,220,74.1
2026-09-30T11:31:00Z,2026-09-30T13:31:00+02:00,55,ajuntament-mercat,237,75,162,68.4
2026-09-30T11:32:00Z,2026-09-30T13:32:00+02:00,53,dr-robert,407,70,337,82.8
2026-09-30T11:32:00Z,2026-09-30T13:32:00+02:00,54,placa-vella,297,77,220,74.1
2026-09-30T11:32:00Z,2026-09-30T13:32:00+02:00,55,ajuntament-mercat,237,75,162,68.4
2026-09-30T11:33:00Z,2026-09-30T13:33:00+02:00,53,dr-robert,407,70,337,82.8
2026-09-30T11:33:00Z,2026-09-30T13:33:00+02:00,54,placa-vella,297,77,220,74.1
2026-09-30T11:33:00Z,2026-09-30T13:33:00+02:00,55,ajuntament-mercat,237,75,162,68.4
2026-09-30T11:34:00Z,2026-09-30T13:34:00+02:00,53,dr-robert,407,70,337,82.8
2026-09-30T11:34:00Z,2026-09-30T13:34:00+02:00,54,placa-vella,297,77,220,74.1
2026-09-30T11:34:00Z,2026-09-30T13:34:00+02:00,55,ajuntament-mercat,237,75,162,68.4
2026-09-30T11:35:00Z,2026-09-30T13:35:00+02:00,53,dr-robert,407,73,334,82.1
2026-09-30T11:35:00Z,2026-09-30T13:35:00+02:00,54,placa-vella,297,83,214,72.1
2026-09-30T11:35:00Z,2026-09-30T13:35:00+02:00,55,ajuntament-mercat,237,73,164,69.2
2026-09-30T11:36:00Z,2026-09-30T13:36:00+02:00,53,dr-robert,407,73,334,82.1
2026-09-30T11:36:00Z,2026-09-30T13:36:00+02:00,54,placa-vella,297,83,214,72.1
2026-09-30T11:36:00Z,2026-09-30T13:36:00+02:00,55,ajuntament-mercat,237,73,164,69.2
2026-09-30T11:37:00Z,2026-09-30T13:37:00+02:00,53,dr-robert,407,73,334,82.1
2026-09-30T11:37:00Z,2026-09-30T13:37:00+02:00,54,placa-vella,297,83,214,72.1
2026-09-30T11:37:00Z,2026-09-30T13:37:00+02:00,55,ajuntament-mercat,237,73,164,69.2
2026-09-30T11:38:00Z,2026-09-30T13:38:00+02:00,53,dr-robert,407,73,334,82.1
2026-09-30T11:38:00Z,2026-09-30T13:38:00+02:00,54,placa-vella,297,83,214,72.1
2026-09-30T11:38:00Z,2026-09-30T13:38:00+02:00,55,ajuntament-mercat,237,73,164,69.2
2026-09-30T11:39:00Z,2026-09-30T13:39:00+02:00,53,dr-robert,407,73,334,82.1
2026-09-30T11:39:00Z,2026-09-30T13:39:00+02:00,54,placa-vella,297,83,214,72.1
2026-09-30T11:39:00Z,2026-09-30T13:39:00+02:00,55,ajuntament-mercat,237,73,164,69.2
2026-09-30T11:40:00Z,2026-09-30T13:40:00+02:00,53,dr-robert,407,78,329,80.8
2026-09-30T11:40:00Z,2026-09-30T13:40:00+02:00,54,placa-vella,297,87,210,70.7
2026-09-30T11:40:00Z,2026-09-30T13:40:00+02:00,55,ajuntament-mercat,237,74,163,68.8
2026-09-30T11:41:00Z,2026-09-30T13:41:00+02:00,53,dr-robert,407,78,329,80.8
2026-09-30T11:41:00Z,2026-09-30T13:41:00+02:00,54,placa-vella,297,87,210,70.7
2026-09-30T11:41:00Z,2026-09-30T13:41:00+02:00,55,ajuntament-mercat,237,74,163,68.8
2026-09-30T11:42:00Z,2026-09-30T13:42:00+02:00,53,dr-robert,407,78,329,80.8
2026-09-30T11:42:00Z,2026-09-30T13:42:00+02:00,54,placa-vella,297,87,210,70.7
2026-09-30T11:42:00Z,2026-09-30T13:42:00+02:00,55,ajuntament-mercat,237,74,163,68.8
2026-09-30T11:43:00Z,2026-09-30T13:43:00+02:00,53,dr-robert,407,78,329,80.8
2026-09-30T11:43:00Z,2026-09-30T13:43:00+02:00,54,placa-vella,297,87,210,70.7
2026-09-30T11:43:00Z,2026-09-30T13:43:00+02:00,55,ajuntament-mercat,237,74,163,68.8
2026-09-30T11:44:00Z,2026-09-30T13:44:00+02:00,53,dr-robert,407,78,329,80.8
2026-09-30T11:44:00Z,2026-09-30T13:44:00+02:00,54,placa-vella,297,87,210,70.7
2026-09-30T11:44:00Z,2026-09-30T13:44:00+02:00,55,ajuntament-mercat,237,74,163,68.8
2026-09-30T11:45:00Z,2026-09-30T13:45:00+02:00,53,dr-robert,407,77,330,81.1
2026-09-30T11:45:00Z,2026-09-30T13:45:00+02:00,54,placa-vella,297,90,207,69.7
2026-09-30T11:45:00Z,2026-09-30T13:45:00+02:00,55,ajuntament-mercat,237,79,158,66.7
2026-09-30T11:46:00Z,2026-09-30T13:46:00+02:00,53,dr-robert,407,77,330,81.1
2026-09-30T11:46:00Z,2026-09-30T13:46:00+02:00,54,placa-vella,297,90,207,69.7
2026-09-30T11:46:00Z,2026-09-30T13:46:00+02:00,55,ajuntament-mercat,237,79,158,66.7
2026-09-30T11:47:00Z,2026-09-30T13:47:00+02:00,53,dr-robert,407,77,330,81.1
2026-09-30T11:47:00Z,2026-09-30T13:47:00+02:00,54,placa-vella,297,90,207,69.7
2026-09-30T11:47:00Z,2026-09-30T13:47:00+02:00,55,ajuntament-mercat,237,79,158,66.7
2026-09-30T11:48:00Z,2026-09-30T13:48:00+02:00,53,dr-robert,407,77,330,81.1
2026-09-30T11:48:00Z,2026-09-30T13:48:00+02:00,54,placa-vella,297,90,207,69.7
2026-09-30T11:48:00Z,2026-09-30T13:48:00+02:00,55,ajuntament-mercat,237,79,158,66.7
2026-09-30T11:49:00Z,2026-09-30T13:49:00+02:00,53,dr-robert,407,77,330,81.1
2026-09-30T11:49:00Z,2026-09-30T13:49:00+02:00,54,placa-vella,297,90,207,69.7
2026-09-30T11:49:00Z,2026-09-30T13:49:00+02:00,55,ajuntament-mercat,237,79,158,66.7
2026-09-30T11:50:00Z,2026-09-30T13:50:00+02:00,53,dr-robert,407,79,328,80.6
2026-09-30T11:50:00Z,2026-09-30T13:50:00+02:00,54,placa-vella,297,95,202,68
2026-09-30T11:50:00Z,2026-09-30T13:50:00+02:00,55,ajuntament-mercat,237,81,156,65.8
2026-09-30T11:51:00Z,2026-09-30T13:51:00+02:00,53,dr-robert,407,79,328,80.6
2026-09-30T11:51:00Z,2026-09-30T13:51:00+02:00,54,placa-vella,297,95,202,68
2026-09-30T11:51:00Z,2026-09-30T13:51:00+02:00,55,ajuntament-mercat,237,81,156,65.8
2026-09-30T11:52:00Z,2026-09-30T13:52:00+02:00,53,dr-robert,407,79,328,80.6
2026-09-30T11:52:00Z,2026-09-30T13:52:00+02:00,54,placa-vella,297,95,202,68
2026-09-30T11:52:00Z,2026-09-30T13:52:00+02:00,55,ajuntament-mercat,237,81,156,65.8
2026-09-30T11:53:00Z,2026-09-30T13:53:00+02:00,53,dr-robert,407,79,328,80.6
2026-09-30T11:53:00Z,2026-09-30T13:53:00+02:00,54,placa-vella,297,95,202,68
2026-09-30T11:53:00Z,2026-09-30T13:53:00+02:00,55,ajuntament-mercat,237,81,156,65.8
2026-09-30T11:54:00Z,2026-09-30T13:54:00+02:00,53,dr-robert,407,79,328,80.6
2026-09-30T11:54:00Z,2026-09-30T13:54:00+02:00,54,placa-vella,297,95,202,68
2026-09-30T11:54:00Z,2026-09-30T13:54:00+02:00,55,ajuntament-mercat,237,81,156,65.8
2026-09-30T11:55:00Z,2026-09-30T13:55:00+02:00,53,dr-robert,407,83,324,79.6
2026-09-30T11:55:00Z,2026-09-30T13:55:00+02:00,54,placa-vella,297,94,203,68.4
2026-09-30T11:55:00Z,2026-09-30T13:55:00+02:00,55,ajuntament-mercat,237,81,156,65.8
2026-09-30T11:56:00Z,2026-09-30T13:56:00+02:00,53,dr-robert,407,83,324,79.6
2026-09-30T11:56:00Z,2026-09-30T13:56:00+02:00,54,placa-vella,297,94,203,68.4
2026-09-30T11:56:00Z,2026-09-30T13:56:00+02:00,55,ajuntament-mercat,237,81,156,65.8
2026-09-30T11:57:00Z,2026-09-30T13:57:00+02:00,53,dr-robert,407,83,324,79.6
2026-09-30T11:57:00Z,2026-09-30T13:57:00+02:00,54,placa-vella,297,94,203,68.4
2026-09-30T11:57:00Z,2026-09-30T13:57:00+02:00,55,ajuntament-mercat,237,81,156,65.8
2026-09-30T11:58:00Z,2026-09-30T13:58:00+02:00,53,dr-robert,407,83,324,79.6
2026-09-30T11:58:00Z,2026-09-30T13:58:00+02:00,54,placa-vella,297,94,203,68.4
2026-09-30T11:58:00Z,2026-09-30T13:58:00+02:00,55,ajuntament-mercat,237,81,156,65.8
2026-09-30T11:59:00Z,2026-09-30T13:59:00+02:00,53,dr-robert,407,83,324,79.6
2026-09-30T11:59:00Z,2026-09-30T13:59:00+02:00,54,placa-vella,297,94,203,68.4
2026-09-30T11:59:00Z,2026-09-30T13:59:00+02:00,55,ajuntament-mercat,237,81,156,65.8
2026-09-30T12:00:00Z,2026-09-30T14:00:00+02:00,53,dr-robert,407,83,324,79.6
2026-09-30T12:00:00Z,2026-09-30T14:00:00+02:00,54,placa-vella,297,94,203,68.4
2026-09-30T12:00:00Z,2026-09-30T14:00:00+02:00,55,ajuntament-mercat,237,81,156,65.8
2026-09-30T12:01:00Z,2026-09-30T14:01:00+02:00,53,dr-robert,407,83,324,79.6
2026-09-30T12:01:00Z,2026-09-30T14:01:00+02:00,54,placa-vella,297,94,203,68.4
2026-09-30T12:01:00Z,2026-09-30T14:01:00+02:00,55,ajuntament-mercat,237,81,156,65.8
2026-09-30T12:02:00Z,2026-09-30T14:02:00+02:00,53,dr-robert,407,87,320,78.6
2026-09-30T12:02:00Z,2026-09-30T14:02:00+02:00,54,placa-vella,297,96,201,67.7
2026-09-30T12:02:00Z,2026-09-30T14:02:00+02:00,55,ajuntament-mercat,237,83,154,65
2026-09-30T12:03:00Z,2026-09-30T14:03:00+02:00,53,dr-robert,407,87,320,78.6
2026-09-30T12:03:00Z,2026-09-30T14:03:00+02:00,54,placa-vella,297,96,201,67.7
2026-09-30T12:03:00Z,2026-09-30T14:03:00+02:00,55,ajuntament-mercat,237,83,154,65
2026-09-30T12:04:00Z,2026-09-30T14:04:00+02:00,53,dr-robert,407,87,320,78.6
2026-09-30T12:04:00Z,2026-09-30T14:04:00+02:00,54,placa-vella,297,96,201,67.7
2026-09-30T12:04:00Z,2026-09-30T14:04:00+02:00,55,ajuntament-mercat,237,83,154,65
2026-09-30T12:05:00Z,2026-09-30T14:05:00+02:00,53,dr-robert,407,86,321,78.9
2026-09-30T12:05:00Z,2026-09-30T14:05:00+02:00,54,placa-vella,297,98,199,67
2026-09-30T12:05:00Z,2026-09-30T14:05:00+02:00,55,ajuntament-mercat,237,81,156,65.8
2026-09-30T12:06:00Z,2026-09-30T14:06:00+02:00,53,dr-robert,407,86,321,78.9
2026-09-30T12:06:00Z,2026-09-30T14:06:00+02:00,54,placa-vella,297,98,199,67
2026-09-30T12:06:00Z,2026-09-30T14:06:00+02:00,55,ajuntament-mercat,237,81,156,65.8
2026-09-30T12:07:00Z,2026-09-30T14:07:00+02:00,53,dr-robert,407,86,321,78.9
2026-09-30T12:07:00Z,2026-09-30T14:07:00+02:00,54,placa-vella,297,98,199,67
2026-09-30T12:07:00Z,2026-09-30T14:07:00+02:00,55,ajuntament-mercat,237,81,156,65.8
2026-09-30T12:08:00Z,2026-09-30T14:08:00+02:00,53,dr-robert,407,86,321,78.9
2026-09-30T12:08:00Z,2026-09-30T14:08:00+02:00,54,placa-vella,297,98,199,67
2026-09-30T12:08:00Z,2026-09-30T14:08:00+02:00,55,ajuntament-mercat,237,81,156,65.8
2026-09-30T12:09:00Z,2026-09-30T14:09:00+02:00,53,dr-robert,407,86,321,78.9
2026-09-30T12:09:00Z,2026-09-30T14:09:00+02:00,54,placa-vella,297,98,199,67
2026-09-30T12:09:00Z,2026-09-30T14:09:00+02:00,55,ajuntament-mercat,237,81,156,65.8
2026-09-30T12:10:00Z,2026-09-30T14:10:00+02:00,53,dr-robert,407,88,319,78.4
2026-09-30T12:10:00Z,2026-09-30T14:10:00+02:00,54,placa-vella,297,103,194,65.3
2026-09-30T12:10:00Z,2026-09-30T14:10:00+02:00,55,ajuntament-mercat,237,87,150,63.3
2026-09-30T12:11:00Z,2026-09-30T14:11:00+02:00,53,dr-robert,407,88,319,78.4
2026-09-30T12:11:00Z,2026-09-30T14:11:00+02:00,54,placa-vella,297,103,194,65.3
2026-09-30T12:11:00Z,2026-09-30T14:11:00+02:00,55,ajuntament-mercat,237,87,150,63.3
2026-09-30T12:12:00Z,2026-09-30T14:12:00+02:00,53,dr-robert,407,88,319,78.4
2026-09-30T12:12:00Z,2026-09-30T14:12:00+02:00,54,placa-vella,297,103,194,65.3
2026-09-30T12:12:00Z,2026-09-30T14:12:00+02:00,55,ajuntament-mercat,237,87,150,63.3
2026-09-30T12:13:00Z,2026-09-30T14:13:00+02:00,53,dr-robert,407,88,319,78.4
2026-09-30T12:13:00Z,2026-09-30T14:13:00+02:00,54,placa-vella,297,103,194,65.3
2026-09-30T12:13:00Z,2026-09-30T14:13:00+02:00,55,ajuntament-mercat,237,87,150,63.3
2026-09-30T12:14:00Z,2026-09-30T14:14:00+02:00,53,dr-robert,407,88,319,78.4
2026-09-30T12:14:00Z,2026-09-30T14:14:00+02:00,54,placa-vella,297,103,194,65.3
2026-09-30T12:14:00Z,2026-09-30T14:14:00+02:00,55,ajuntament-mercat,237,87,150,63.3
2026-09-30T12:15:00Z,2026-09-30T14:15:00+02:00,53,dr-robert,407,86,321,78.9
2026-09-30T12:15:00Z,2026-09-30T14:15:00+02:00,54,placa-vella,297,105,192,64.6
2026-09-30T12:15:00Z,2026-09-30T14:15:00+02:00,55,ajuntament-mercat,237,90,147,62
2026-09-30T12:16:00Z,2026-09-30T14:16:00+02:00,53,dr-robert,407,86,321,78.9
2026-09-30T12:16:00Z,2026-09-30T14:16:00+02:00,54,placa-vella,297,105,192,64.6
2026-09-30T12:16:00Z,2026-09-30T14:16:00+02:00,55,ajuntament-mercat,237,90,147,62
2026-09-30T12:17:00Z,2026-09-30T14:17:00+02:00,53,dr-robert,407,86,321,78.9
2026-09-30T12:17:00Z,2026-09-30T14:17:00+02:00,54,placa-vella,297,105,192,64.6
2026-09-30T12:17:00Z,2026-09-30T14:17:00+02:00,55,ajuntament-mercat,237,90,147,62
2026-09-30T12:18:00Z,2026-09-30T14:18:00+02:00,53,dr-robert,407,86,321,78.9
2026-09-30T12:18:00Z,2026-09-30T14:18:00+02:00,54,placa-vella,297,105,192,64.6
2026-09-30T12:18:00Z,2026-09-30T14:18:00+02:00,55,ajuntament-mercat,237,90,147,62
2026-09-30T12:19:00Z,2026-09-30T14:19:00+02:00,53,dr-robert,407,86,321,78.9
2026-09-30T12:19:00Z,2026-09-30T14:19:00+02:00,54,placa-vella,297,105,192,64.6
2026-09-30T12:19:00Z,2026-09-30T14:19:00+02:00,55,ajuntament-mercat,237,90,147,62
2026-09-30T12:20:00Z,2026-09-30T14:20:00+02:00,53,dr-robert,407,88,319,78.4
2026-09-30T12:20:00Z,2026-09-30T14:20:00+02:00,54,placa-vella,297,102,195,65.7
2026-09-30T12:20:00Z,2026-09-30T14:20:00+02:00,55,ajuntament-mercat,237,92,145,61.2
2026-09-30T12:21:00Z,2026-09-30T14:21:00+02:00,53,dr-robert,407,88,319,78.4
2026-09-30T12:21:00Z,2026-09-30T14:21:00+02:00,54,placa-vella,297,102,195,65.7
2026-09-30T12:21:00Z,2026-09-30T14:21:00+02:00,55,ajuntament-mercat,237,92,145,61.2
2026-09-30T12:22:00Z,2026-09-30T14:22:00+02:00,53,dr-robert,407,88,319,78.4
2026-09-30T12:22:00Z,2026-09-30T14:22:00+02:00,54,placa-vella,297,102,195,65.7
2026-09-30T12:22:00Z,2026-09-30T14:22:00+02:00,55,ajuntament-mercat,237,92,145,61.2
2026-09-30T12:23:00Z,2026-09-30T14:23:00+02:00,53,dr-robert,407,88,319,78.4
2026-09-30T12:23:00Z,2026-09-30T14:23:00+02:00,54,placa-vella,297,102,195,65.7
2026-09-30T12:23:00Z,2026-09-30T14:23:00+02:00,55,ajuntament-mercat,237,92,145,61.2
2026-09-30T12:24:00Z,2026-09-30T14:24:00+02:00,53,dr-robert,407,88,319,78.4
2026-09-30T12:24:00Z,2026-09-30T14:24:00+02:00,54,placa-vella,297,102,195,65.7
2026-09-30T12:24:00Z,2026-09-30T14:24:00+02:00,55,ajuntament-mercat,237,92,145,61.2
2026-09-30T12:25:00Z,2026-09-30T14:25:00+02:00,53,dr-robert,407,96,311,76.4
2026-09-30T12:25:00Z,2026-09-30T14:25:00+02:00,54,placa-vella,297,104,193,65
2026-09-30T12:25:00Z,2026-09-30T14:25:00+02:00,55,ajuntament-mercat,237,95,142,59.9
2026-09-30T12:26:00Z,2026-09-30T14:26:00+02:00,53,dr-robert,407,96,311,76.4
2026-09-30T12:26:00Z,2026-09-30T14:26:00+02:00,54,placa-vella,297,104,193,65
2026-09-30T12:26:00Z,2026-09-30T14:26:00+02:00,55,ajuntament-mercat,237,95,142,59.9
2026-09-30T12:27:00Z,2026-09-30T14:27:00+02:00,53,dr-robert,407,96,311,76.4
2026-09-30T12:27:00Z,2026-09-30T14:27:00+02:00,54,placa-vella,297,104,193,65
2026-09-30T12:27:00Z,2026-09-30T14:27:00+02:00,55,ajuntament-mercat,237,95,142,59.9
2026-09-30T12:28:00Z,2026-09-30T14:28:00+02:00,53,dr-robert,407,96,311,76.4
2026-09-30T12:28:00Z,2026-09-30T14:28:00+02:00,54,placa-vella,297,104,193,65
2026-09-30T12:28:00Z,2026-09-30T14:28:00+02:00,55,ajuntament-mercat,237,95,142,59.9
2026-09-30T12:29:00Z,2026-09-30T14:29:00+02:00,53,dr-robert,407,96,311,76.4
2026-09-30T12:29:00Z,2026-09-30T14:29:00+02:00,54,placa-vella,297,104,193,65
2026-09-30T12:29:00Z,2026-09-30T14:29:00+02:00,55,ajuntament-mercat,237,95,142,59.9
2026-09-30T12:30:00Z,2026-09-30T14:30:00+02:00,53,dr-robert,407,98,309,75.9
2026-09-30T12:30:00Z,2026-09-30T14:30:00+02:00,54,placa-vella,297,103,194,65.3
2026-09-30T12:30:00Z,2026-09-30T14:30:00+02:00,55,ajuntament-mercat,237,95,142,59.9
2026-09-30T12:31:00Z,2026-09-30T14:31:00+02:00,53,dr-robert,407,98,309,75.9
2026-09-30T12:31:00Z,2026-09-30T14:31:00+02:00,54,placa-vella,297,103,194,65.3
2026-09-30T12:31:00Z,2026-09-30T14:31:00+02:00,55,ajuntament-mercat,237,95,142,59.9
2026-09-30T12:32:00Z,2026-09-30T14:32:00+02:00,53,dr-robert,407,98,309,75.9
2026-09-30T12:32:00Z,2026-09-30T14:32:00+02:00,54,placa-vella,297,103,194,65.3
2026-09-30T12:32:00Z,2026-09-30T14:32:00+02:00,55,ajuntament-mercat,237,95,142,59.9
2026-09-30T12:33:00Z,2026-09-30T14:33:00+02:00,53,dr-robert,407,98,309,75.9
2026-09-30T12:33:00Z,2026-09-30T14:33:00+02:00,54,placa-vella,297,103,194,65.3
2026-09-30T12:33:00Z,2026-09-30T14:33:00+02:00,55,ajuntament-mercat,237,95,142,59.9
2026-09-30T12:34:00Z,2026-09-30T14:34:00+02:00,53,dr-robert,407,98,309,75.9
2026-09-30T12:34:00Z,2026-09-30T14:34:00+02:00,54,placa-vella,297,103,194,65.3
2026-09-30T12:34:00Z,2026-09-30T14:34:00+02:00,55,ajuntament-mercat,237,95,142,59.9
2026-09-30T12:35:00Z,2026-09-30T14:35:00+02:00,53,dr-robert,407,102,305,74.9
2026-09-30T12:35:00Z,2026-09-30T14:35:00+02:00,54,placa-vella,297,107,190,64
2026-09-30T12:35:00Z,2026-09-30T14:35:00+02:00,55,ajuntament-mercat,237,95,142,59.9
2026-09-30T12:36:00Z,2026-09-30T14:36:00+02:00,53,dr-robert,407,102,305,74.9
2026-09-30T12:36:00Z,2026-09-30T14:36:00+02:00,54,placa-vella,297,107,190,64
2026-09-30T12:36:00Z,2026-09-30T14:36:00+02:00,55,ajuntament-mercat,237,95,142,59.9
2026-09-30T12:37:00Z,2026-09-30T14:37:00+02:00,53,dr-robert,407,102,305,74.9
2026-09-30T12:37:00Z,2026-09-30T14:37:00+02:00,54,placa-vella,297,107,190,64
2026-09-30T12:37:00Z,2026-09-30T14:37:00+02:00,55,ajuntament-mercat,237,95,142,59.9
2026-09-30T12:38:00Z,2026-09-30T14:38:00+02:00,53,dr-robert,407,102,305,74.9
2026-09-30T12:38:00Z,2026-09-30T14:38:00+02:00,54,placa-vella,297,107,190,64
2026-09-30T12:38:00Z,2026-09-30T14:38:00+02:00,55,ajuntament-mercat,237,95,142,59.9
2026-09-30T12:39:00Z,2026-09-30T14:39:00+02:00,53,dr-robert,407,102,305,74.9
2026-09-30T12:39:00Z,2026-09-30T14:39:00+02:00,54,placa-vella,297,107,190,64
2026-09-30T12:39:00Z,2026-09-30T14:39:00+02:00,55,ajuntament-mercat,237,95,142,59.9
2026-09-30T12:40:00Z,2026-09-30T14:40:00+02:00,53,dr-robert,407,102,305,74.9
2026-09-30T12:40:00Z,2026-09-30T14:40:00+02:00,54,placa-vella,297,109,188,63.3
2026-09-30T12:40:00Z,2026-09-30T14:40:00+02:00,55,ajuntament-mercat,237,97,140,59.1
2026-09-30T12:41:00Z,2026-09-30T14:41:00+02:00,53,dr-robert,407,102,305,74.9
2026-09-30T12:41:00Z,2026-09-30T14:41:00+02:00,54,placa-vella,297,109,188,63.3
2026-09-30T12:41:00Z,2026-09-30T14:41:00+02:00,55,ajuntament-mercat,237,97,140,59.1
2026-09-30T12:42:00Z,2026-09-30T14:42:00+02:00,53,dr-robert,407,102,305,74.9
2026-09-30T12:42:00Z,2026-09-30T14:42:00+02:00,54,placa-vella,297,109,188,63.3
2026-09-30T12:42:00Z,2026-09-30T14:42:00+02:00,55,ajuntament-mercat,237,97,140,59.1
2026-09-30T12:43:00Z,2026-09-30T14:43:00+02:00,53,dr-robert,407,102,305,74.9
2026-09-30T12:43:00Z,2026-09-30T14:43:00+02:00,54,placa-vella,297,109,188,63.3
2026-09-30T12:43:00Z,2026-09-30T14:43:00+02:00,55,ajuntament-mercat,237,97,140,59.1
2026-09-30T12:44:00Z,2026-09-30T14:44:00+02:00,53,dr-robert,407,102,305,74.9
2026-09-30T12:44:00Z,2026-09-30T14:44:00+02:00,54,placa-vella,297,109,188,63.3
2026-09-30T12:44:00Z,2026-09-30T14:44:00+02:00,55,ajuntament-mercat,237,97,140,59.1
2026-09-30T12:45:00Z,2026-09-30T14:45:00+02:00,53,dr-robert,407,103,304,74.7
2026-09-30T12:45:00Z,2026-09-30T14:45:00+02:00,54,placa-vella,297,113,184,62
2026-09-30T12:45:00Z,2026-09-30T14:45:00+02:00,55,ajuntament-mercat,237,100,137,57.8
2026-09-30T12:46:00Z,2026-09-30T14:46:00+02:00,53,dr-robert,407,103,304,74.7
2026-09-30T12:46:00Z,2026-09-30T14:46:00+02:00,54,placa-vella,297,113,184,62
2026-09-30T12:46:00Z,2026-09-30T14:46:00+02:00,55,ajuntament-mercat,237,100,137,57.8
2026-09-30T12:47:00Z,2026-09-30T14:47:00+02:00,53,dr-robert,407,103,304,74.7
2026-09-30T12:47:00Z,2026-09-30T14:47:00+02:00,54,placa-vella,297,113,184,62
2026-09-30T12:47:00Z,2026-09-30T14:47:00+02:00,55,ajuntament-mercat,237,100,137,57.8
2026-09-30T12:48:00Z,2026-09-30T14:48:00+02:00,53,dr-robert,407,103,304,74.7
2026-09-30T12:48:00Z,2026-09-30T14:48:00+02:00,54,placa-vella,297,113,184,62
2026-09-30T12:48:00Z,2026-09-30T14:48:00+02:00,55,ajuntament-mercat,237,100,137,57.8
2026-09-30T12:49:00Z,2026-09-30T14:49:00+02:00,53,dr-robert,407,103,304,74.7
2026-09-30T12:49:00Z,2026-09-30T14:49:00+02:00,54,placa-vella,297,113,184,62
2026-09-30T12:49:00Z,2026-09-30T14:49:00+02:00,55,ajuntament-mercat,237,100,137,57.8
2026-09-30T12:50:00Z,2026-09-30T14:50:00+02:00,53,dr-robert,407,106,301,74
2026-09-30T12:50:00Z,2026-09-30T14:50:00+02:00,54,placa-vella,297,115,182,61.3
2026-09-30T12:50:00Z,2026-09-30T14:50:00+02:00,55,ajuntament-mercat,237,99,138,58.2
2026-09-30T12:51:00Z,2026-09-30T14:51:00+02:00,53,dr-robert,407,106,301,74
2026-09-30T12:51:00Z,2026-09-30T14:51:00+02:00,54,placa-vella,297,115,182,61.3
2026-09-30T12:51:00Z,2026-09-30T14:51:00+02:00,55,ajuntament-mercat,237,99,138,58.2
2026-09-30T12:52:00Z,2026-09-30T14:52:00+02:00,53,dr-robert,407,106,301,74
2026-09-30T12:52:00Z,2026-09-30T14:52:00+02:00,54,placa-vella,297,115,182,61.3
2026-09-30T12:52:00Z,2026-09-30T14:52:00+02:00,55,ajuntament-mercat,237,99,138,58.2
2026-09-30T12:53:00Z,2026-09-30T14:53:00+02:00,53,dr-robert,407,106,301,74
2026-09-30T12:53:00Z,2026-09-30T14:53:00+02:00,54,placa-vella,297,115,182,61.3
2026-09-30T12:53:00Z,2026-09-30T14:53:00+02:00,55,ajuntament-mercat,237,99,138,58.2
2026-09-30T12:54:00Z,2026-09-30T14:54:00+02:00,53,dr-robert,407,106,301,74
2026-09-30T12:54:00Z,2026-09-30T14:54:00+02:00,54,placa-vella,297,115,182,61.3
2026-09-30T12:54:00Z,2026-09-30T14:54:00+02:00,55,ajuntament-mercat,237,99,138,58.2
2026-09-30T12:55:00Z,2026-09-30T14:55:00+02:00,53,dr-robert,407,103,304,74.7
2026-09-30T12:55:00Z,2026-09-30T14:55:00+02:00,54,placa-vella,297,114,183,61.6
2026-09-30T12:55:00Z,2026-09-30T14:55:00+02:00,55,ajuntament-mercat,237,100,137,57.8
2026-09-30T12:56:00Z,2026-09-30T14:56:00+02:00,53,dr-robert,407,103,304,74.7
2026-09-30T12:56:00Z,2026-09-30T14:56:00+02:00,54,placa-vella,297,114,183,61.6
2026-09-30T12:56:00Z,2026-09-30T14:56:00+02:00,55,ajuntament-mercat,237,100,137,57.8
2026-09-30T12:57:00Z,2026-09-30T14:57:00+02:00,53,dr-robert,407,103,304,74.7
2026-09-30T12:57:00Z,2026-09-30T14:57:00+02:00,54,placa-vella,297,114,183,61.6
2026-09-30T12:57:00Z,2026-09-30T14:57:00+02:00,55,ajuntament-mercat,237,100,137,57.8
2026-09-30T12:58:00Z,2026-09-30T14:58:00+02:00,53,dr-robert,407,103,304,74.7
2026-09-30T12:58:00Z,2026-09-30T14:58:00+02:00,54,placa-vella,297,114,183,61.6
2026-09-30T12:58:00Z,2026-09-30T14:58:00+02:00,55,ajuntament-mercat,237,100,137,57.8
2026-09-30T12:59:00Z,2026-09-30T14:59:00+02:00,53,dr-robert,407,103,304,74.7
2026-09-30T12:59:00Z,2026-09-30T14:59:00+02:00,54,placa-vella,297,114,183,61.6
2026-09-30T12:59:00Z,2026-09-30T14:59:00+02:00,55,ajuntament-mercat,237,100,137,57.8
2026-09-30T13:00:00Z,2026-09-30T15:00:00+02:00,53,dr-robert,407,103,304,74.7
2026-09-30T13:00:00Z,2026-09-30T15:00:00+02:00,54,placa-vella,297,114,183,61.6
2026-09-30T13:00:00Z,2026-09-30T15:00:00+02:00,55,ajuntament-mercat,237,100,137,57.8
2026-09-30T13:01:00Z,2026-09-30T15:01:00+02:00,53,dr-robert,407,107,300,73.7
2026-09-30T13:01:00Z,2026-09-30T15:01:00+02:00,54,placa-vella,297,117,180,60.6
2026-09-30T13:01:00Z,2026-09-30T15:01:00+02:00,55,ajuntament-mercat,237,104,133,56.1
2026-09-30T13:02:00Z,2026-09-30T15:02:00+02:00,53,dr-robert,407,107,300,73.7
2026-09-30T13:02:00Z,2026-09-30T15:02:00+02:00,54,placa-vella,297,117,180,60.6
2026-09-30T13:02:00Z,2026-09-30T15:02:00+02:00,55,ajuntament-mercat,237,104,133,56.1
2026-09-30T13:03:00Z,2026-09-30T15:03:00+02:00,53,dr-robert,407,107,300,73.7
2026-09-30T13:03:00Z,2026-09-30T15:03:00+02:00,54,placa-vella,297,117,180,60.6
2026-09-30T13:03:00Z,2026-09-30T15:03:00+02:00,55,ajuntament-mercat,237,104,133,56.1
2026-09-30T13:04:00Z,2026-09-30T15:04:00+02:00,53,dr-robert,407,107,300,73.7
2026-09-30T13:04:00Z,2026-09-30T15:04:00+02:00,54,placa-vella,297,117,180,60.6
2026-09-30T13:04:00Z,2026-09-30T15:04:00+02:00,55,ajuntament-mercat,237,104,133,56.1
2026-09-30T13:05:00Z,2026-09-30T15:05:00+02:00,53,dr-robert,407,115,292,71.7
2026-09-30T13:05:00Z,2026-09-30T15:05:00+02:00,54,placa-vella,297,117,180,60.6
2026-09-30T13:05:00Z,2026-09-30T15:05:00+02:00,55,ajuntament-mercat,237,109,128,54
2026-09-30T13:06:00Z,2026-09-30T15:06:00+02:00,53,dr-robert,407,115,292,71.7
2026-09-30T13:06:00Z,2026-09-30T15:06:00+02:00,54,placa-vella,297,117,180,60.6
2026-09-30T13:06:00Z,2026-09-30T15:06:00+02:00,55,ajuntament-mercat,237,109,128,54
2026-09-30T13:07:00Z,2026-09-30T15:07:00+02:00,53,dr-robert,407,115,292,71.7
2026-09-30T13:07:00Z,2026-09-30T15:07:00+02:00,54,placa-vella,297,117,180,60.6
2026-09-30T13:07:00Z,2026-09-30T15:07:00+02:00,55,ajuntament-mercat,237,109,128,54
2026-09-30T13:08:00Z,2026-09-30T15:08:00+02:00,53,dr-robert,407,115,292,71.7
2026-09-30T13:08:00Z,2026-09-30T15:08:00+02:00,54,placa-vella,297,117,180,60.6
2026-09-30T13:08:00Z,2026-09-30T15:08:00+02:00,55,ajuntament-mercat,237,109,128,54
2026-09-30T13:09:00Z,2026-09-30T15:09:00+02:00,53,dr-robert,407,115,292,71.7
2026-09-30T13:09:00Z,2026-09-30T15:09:00+02:00,54,placa-vella,297,117,180,60.6
2026-09-30T13:09:00Z,2026-09-30T15:09:00+02:00,55,ajuntament-mercat,237,109,128,54
2026-09-30T13:10:00Z,2026-09-30T15:10:00+02:00,53,dr-robert,407,122,285,70
2026-09-30T13:10:00Z,2026-09-30T15:10:00+02:00,54,placa-vella,297,118,179,60.3
2026-09-30T13:10:00Z,2026-09-30T15:10:00+02:00,55,ajuntament-mercat,237,114,123,51.9
2026-09-30T13:11:00Z,2026-09-30T15:11:00+02:00,53,dr-robert,407,122,285,70
2026-09-30T13:11:00Z,2026-09-30T15:11:00+02:00,54,placa-vella,297,118,179,60.3
2026-09-30T13:11:00Z,2026-09-30T15:11:00+02:00,55,ajuntament-mercat,237,114,123,51.9
2026-09-30T13:12:00Z,2026-09-30T15:12:00+02:00,53,dr-robert,407,122,285,70
2026-09-30T13:12:00Z,2026-09-30T15:12:00+02:00,54,placa-vella,297,118,179,60.3
2026-09-30T13:12:00Z,2026-09-30T15:12:00+02:00,55,ajuntament-mercat,237,114,123,51.9
2026-09-30T13:13:00Z,2026-09-30T15:13:00+02:00,53,dr-robert,407,122,285,70
2026-09-30T13:13:00Z,2026-09-30T15:13:00+02:00,54,placa-vella,297,118,179,60.3
2026-09-30T13:13:00Z,2026-09-30T15:13:00+02:00,55,ajuntament-mercat,237,114,123,51.9
2026-09-30T13:14:00Z,2026-09-30T15:14:00+02:00,53,dr-robert,407,122,285,70
2026-09-30T13:14:00Z,2026-09-30T15:14:00+02:00,54,placa-vella,297,118,179,60.3
2026-09-30T13:14:00Z,2026-09-30T15:14:00+02:00,55,ajuntament-mercat,237,114,123,51.9
2026-09-30T13:15:00Z,2026-09-30T15:15:00+02:00,53,dr-robert,407,122,285,70
2026-09-30T13:15:00Z,2026-09-30T15:15:00+02:00,54,placa-vella,297,118,179,60.3
2026-09-30T13:15:00Z,2026-09-30T15:15:00+02:00,55,ajuntament-mercat,237,114,123,51.9
2026-09-30T13:16:00Z,2026-09-30T15:16:00+02:00,53,dr-robert,407,131,276,67.8
2026-09-30T13:16:00Z,2026-09-30T15:16:00+02:00,54,placa-vella,297,121,176,59.3
2026-09-30T13:16:00Z,2026-09-30T15:16:00+02:00,55,ajuntament-mercat,237,119,118,49.8
2026-09-30T13:17:00Z,2026-09-30T15:17:00+02:00,53,dr-robert,407,131,276,67.8
2026-09-30T13:17:00Z,2026-09-30T15:17:00+02:00,54,placa-vella,297,121,176,59.3
2026-09-30T13:17:00Z,2026-09-30T15:17:00+02:00,55,ajuntament-mercat,237,119,118,49.8
2026-09-30T13:18:00Z,2026-09-30T15:18:00+02:00,53,dr-robert,407,131,276,67.8
2026-09-30T13:18:00Z,2026-09-30T15:18:00+02:00,54,placa-vella,297,121,176,59.3
2026-09-30T13:18:00Z,2026-09-30T15:18:00+02:00,55,ajuntament-mercat,237,119,118,49.8
2026-09-30T13:19:00Z,2026-09-30T15:19:00+02:00,53,dr-robert,407,131,276,67.8
2026-09-30T13:19:00Z,2026-09-30T15:19:00+02:00,54,placa-vella,297,121,176,59.3
2026-09-30T13:19:00Z,2026-09-30T15:19:00+02:00,55,ajuntament-mercat,237,119,118,49.8
2026-09-30T13:20:00Z,2026-09-30T15:20:00+02:00,53,dr-robert,407,133,274,67.3
2026-09-30T13:20:00Z,2026-09-30T15:20:00+02:00,54,placa-vella,297,119,178,59.9
2026-09-30T13:20:00Z,2026-09-30T15:20:00+02:00,55,ajuntament-mercat,237,124,113,47.7
2026-09-30T13:21:00Z,2026-09-30T15:21:00+02:00,53,dr-robert,407,133,274,67.3
2026-09-30T13:21:00Z,2026-09-30T15:21:00+02:00,54,placa-vella,297,119,178,59.9
2026-09-30T13:21:00Z,2026-09-30T15:21:00+02:00,55,ajuntament-mercat,237,124,113,47.7
2026-09-30T13:22:00Z,2026-09-30T15:22:00+02:00,53,dr-robert,407,133,274,67.3
2026-09-30T13:22:00Z,2026-09-30T15:22:00+02:00,54,placa-vella,297,119,178,59.9
2026-09-30T13:22:00Z,2026-09-30T15:22:00+02:00,55,ajuntament-mercat,237,124,113,47.7
2026-09-30T13:23:00Z,2026-09-30T15:23:00+02:00,53,dr-robert,407,133,274,67.3
2026-09-30T13:23:00Z,2026-09-30T15:23:00+02:00,54,placa-vella,297,119,178,59.9
2026-09-30T13:23:00Z,2026-09-30T15:23:00+02:00,55,ajuntament-mercat,237,124,113,47.7
2026-09-30T13:24:00Z,2026-09-30T15:24:00+02:00,53,dr-robert,407,133,274,67.3
2026-09-30T13:24:00Z,2026-09-30T15:24:00+02:00,54,placa-vella,297,119,178,59.9
2026-09-30T13:24:00Z,2026-09-30T15:24:00+02:00,55,ajuntament-mercat,237,124,113,47.7
2026-09-30T13:25:00Z,2026-09-30T15:25:00+02:00,53,dr-robert,407,133,274,67.3
2026-09-30T13:25:00Z,2026-09-30T15:25:00+02:00,54,placa-vella,297,119,178,59.9
2026-09-30T13:25:00Z,2026-09-30T15:25:00+02:00,55,ajuntament-mercat,237,124,113,47.7
2026-09-30T13:26:00Z,2026-09-30T15:26:00+02:00,53,dr-robert,407,133,274,67.3
2026-09-30T13:26:00Z,2026-09-30T15:26:00+02:00,54,placa-vella,297,119,178,59.9
2026-09-30T13:26:00Z,2026-09-30T15:26:00+02:00,55,ajuntament-mercat,237,124,113,47.7
2026-09-30T13:27:00Z,2026-09-30T15:27:00+02:00,53,dr-robert,407,133,274,67.3
2026-09-30T13:27:00Z,2026-09-30T15:27:00+02:00,54,placa-vella,297,119,178,59.9
2026-09-30T13:27:00Z,2026-09-30T15:27:00+02:00,55,ajuntament-mercat,237,124,113,47.7
2026-09-30T13:28:00Z,2026-09-30T15:28:00+02:00,53,dr-robert,407,133,274,67.3
2026-09-30T13:28:00Z,2026-09-30T15:28:00+02:00,54,placa-vella,297,119,178,59.9
2026-09-30T13:28:00Z,2026-09-30T15:28:00+02:00,55,ajuntament-mercat,237,124,113,47.7
2026-09-30T13:29:00Z,2026-09-30T15:29:00+02:00,53,dr-robert,407,133,274,67.3
2026-09-30T13:29:00Z,2026-09-30T15:29:00+02:00,54,placa-vella,297,119,178,59.9
2026-09-30T13:29:00Z,2026-09-30T15:29:00+02:00,55,ajuntament-mercat,237,124,113,47.7
2026-09-30T13:30:00Z,2026-09-30T15:30:00+02:00,53,dr-robert,407,133,274,67.3
2026-09-30T13:30:00Z,2026-09-30T15:30:00+02:00,54,placa-vella,297,119,178,59.9
2026-09-30T13:30:00Z,2026-09-30T15:30:00+02:00,55,ajuntament-mercat,237,124,113,47.7
2026-09-30T13:31:00Z,2026-09-30T15:31:00+02:00,53,dr-robert,407,132,275,67.6
2026-09-30T13:31:00Z,2026-09-30T15:31:00+02:00,54,placa-vella,297,116,181,60.9
2026-09-30T13:32:00Z,2026-09-30T15:32:00+02:00,53,dr-robert,407,132,275,67.6
2026-09-30T13:32:00Z,2026-09-30T15:32:00+02:00,54,placa-vella,297,116,181,60.9
2026-09-30T13:33:00Z,2026-09-30T15:33:00+02:00,53,dr-robert,407,132,275,67.6
2026-09-30T13:33:00Z,2026-09-30T15:33:00+02:00,54,placa-vella,297,116,181,60.9
2026-09-30T13:34:00Z,2026-09-30T15:34:00+02:00,53,dr-robert,407,132,275,67.6
2026-09-30T13:34:00Z,2026-09-30T15:34:00+02:00,54,placa-vella,297,116,181,60.9
2026-09-30T13:35:00Z,2026-09-30T15:35:00+02:00,53,dr-robert,407,135,272,66.8
2026-09-30T13:35:00Z,2026-09-30T15:35:00+02:00,54,placa-vella,297,118,179,60.3
2026-09-30T13:35:00Z,2026-09-30T15:35:00+02:00,55,ajuntament-mercat,237,126,111,46.8
2026-09-30T13:36:00Z,2026-09-30T15:36:00+02:00,53,dr-robert,407,135,272,66.8
2026-09-30T13:36:00Z,2026-09-30T15:36:00+02:00,54,placa-vella,297,118,179,60.3
2026-09-30T13:36:00Z,2026-09-30T15:36:00+02:00,55,ajuntament-mercat,237,126,111,46.8
2026-09-30T13:37:00Z,2026-09-30T15:37:00+02:00,53,dr-robert,407,135,272,66.8
2026-09-30T13:37:00Z,2026-09-30T15:37:00+02:00,54,placa-vella,297,118,179,60.3
2026-09-30T13:37:00Z,2026-09-30T15:37:00+02:00,55,ajuntament-mercat,237,126,111,46.8
2026-09-30T13:38:00Z,2026-09-30T15:38:00+02:00,53,dr-robert,407,135,272,66.8
2026-09-30T13:38:00Z,2026-09-30T15:38:00+02:00,54,placa-vella,297,118,179,60.3
2026-09-30T13:38:00Z,2026-09-30T15:38:00+02:00,55,ajuntament-mercat,237,126,111,46.8
2026-09-30T13:39:00Z,2026-09-30T15:39:00+02:00,53,dr-robert,407,135,272,66.8
2026-09-30T13:39:00Z,2026-09-30T15:39:00+02:00,54,placa-vella,297,118,179,60.3
2026-09-30T13:39:00Z,2026-09-30T15:39:00+02:00,55,ajuntament-mercat,237,126,111,46.8
2026-09-30T13:40:00Z,2026-09-30T15:40:00+02:00,53,dr-robert,407,134,273,67.1
2026-09-30T13:40:00Z,2026-09-30T15:40:00+02:00,54,placa-vella,297,117,180,60.6
2026-09-30T13:40:00Z,2026-09-30T15:40:00+02:00,55,ajuntament-mercat,237,127,110,46.4
2026-09-30T13:41:00Z,2026-09-30T15:41:00+02:00,53,dr-robert,407,134,273,67.1
2026-09-30T13:41:00Z,2026-09-30T15:41:00+02:00,54,placa-vella,297,117,180,60.6
2026-09-30T13:41:00Z,2026-09-30T15:41:00+02:00,55,ajuntament-mercat,237,127,110,46.4
2026-09-30T13:42:00Z,2026-09-30T15:42:00+02:00,53,dr-robert,407,134,273,67.1
2026-09-30T13:42:00Z,2026-09-30T15:42:00+02:00,54,placa-vella,297,117,180,60.6
2026-09-30T13:42:00Z,2026-09-30T15:42:00+02:00,55,ajuntament-mercat,237,127,110,46.4
2026-09-30T13:43:00Z,2026-09-30T15:43:00+02:00,53,dr-robert,407,134,273,67.1
2026-09-30T13:43:00Z,2026-09-30T15:43:00+02:00,54,placa-vella,297,117,180,60.6
2026-09-30T13:43:00Z,2026-09-30T15:43:00+02:00,55,ajuntament-mercat,237,127,110,46.4
2026-09-30T13:44:00Z,2026-09-30T15:44:00+02:00,53,dr-robert,407,134,273,67.1
2026-09-30T13:44:00Z,2026-09-30T15:44:00+02:00,54,placa-vella,297,117,180,60.6
2026-09-30T13:44:00Z,2026-09-30T15:44:00+02:00,55,ajuntament-mercat,237,127,110,46.4
2026-09-30T13:45:00Z,2026-09-30T15:45:00+02:00,53,dr-robert,407,133,274,67.3
2026-09-30T13:45:00Z,2026-09-30T15:45:00+02:00,54,placa-vella,297,116,181,60.9
2026-09-30T13:45:00Z,2026-09-30T15:45:00+02:00,55,ajuntament-mercat,237,127,110,46.4
2026-09-30T13:46:00Z,2026-09-30T15:46:00+02:00,53,dr-robert,407,133,274,67.3
2026-09-30T13:46:00Z,2026-09-30T15:46:00+02:00,54,placa-vella,297,116,181,60.9
2026-09-30T13:46:00Z,2026-09-30T15:46:00+02:00,55,ajuntament-mercat,237,127,110,46.4
2026-09-30T13:47:00Z,2026-09-30T15:47:00+02:00,53,dr-robert,407,133,274,67.3
2026-09-30T13:47:00Z,2026-09-30T15:47:00+02:00,54,placa-vella,297,116,181,60.9
2026-09-30T13:47:00Z,2026-09-30T15:47:00+02:00,55,ajuntament-mercat,237,127,110,46.4
2026-09-30T13:48:00Z,2026-09-30T15:48:00+02:00,53,dr-robert,407,133,274,67.3
2026-09-30T13:48:00Z,2026-09-30T15:48:00+02:00,54,placa-vella,297,116,181,60.9
2026-09-30T13:48:00Z,2026-09-30T15:48:00+02:00,55,ajuntament-mercat,237,127,110,46.4
2026-09-30T13:49:00Z,2026-09-30T15:49:00+02:00,53,dr-robert,407,133,274,67.3
2026-09-30T13:49:00Z,2026-09-30T15:49:00+02:00,54,placa-vella,297,116,181,60.9
2026-09-30T13:49:00Z,2026-09-30T15:49:00+02:00,55,ajuntament-mercat,237,127,110,46.4
2026-09-30T13:50:00Z,2026-09-30T15:50:00+02:00,53,dr-robert,407,132,275,67.6
2026-09-30T13:50:00Z,2026-09-30T15:50:00+02:00,54,placa-vella,297,115,182,61.3
2026-09-30T13:50:00Z,2026-09-30T15:50:00+02:00,55,ajuntament-mercat,237,121,116,48.9
2026-09-30T13:51:00Z,2026-09-30T15:51:00+02:00,53,dr-robert,407,132,275,67.6
2026-09-30T13:51:00Z,2026-09-30T15:51:00+02:00,54,placa-vella,297,115,182,61.3
2026-09-30T13:51:00Z,2026-09-30T15:51:00+02:00,55,ajuntament-mercat,237,121,116,48.9
2026-09-30T13:52:00Z,2026-09-30T15:52:00+02:00,53,dr-robert,407,132,275,67.6
2026-09-30T13:52:00Z,2026-09-30T15:52:00+02:00,54,placa-vella,297,115,182,61.3
2026-09-30T13:52:00Z,2026-09-30T15:52:00+02:00,55,ajuntament-mercat,237,121,116,48.9
2026-09-30T13:53:00Z,2026-09-30T15:53:00+02:00,53,dr-robert,407,132,275,67.6
2026-09-30T13:53:00Z,2026-09-30T15:53:00+02:00,54,placa-vella,297,115,182,61.3
2026-09-30T13:53:00Z,2026-09-30T15:53:00+02:00,55,ajuntament-mercat,237,121,116,48.9
2026-09-30T13:54:00Z,2026-09-30T15:54:00+02:00,53,dr-robert,407,132,275,67.6
2026-09-30T13:54:00Z,2026-09-30T15:54:00+02:00,54,placa-vella,297,115,182,61.3
2026-09-30T13:54:00Z,2026-09-30T15:54:00+02:00,55,ajuntament-mercat,237,121,116,48.9
2026-09-30T13:55:00Z,2026-09-30T15:55:00+02:00,53,dr-robert,407,135,272,66.8
2026-09-30T13:55:00Z,2026-09-30T15:55:00+02:00,54,placa-vella,297,111,186,62.6
2026-09-30T13:55:00Z,2026-09-30T15:55:00+02:00,55,ajuntament-mercat,237,119,118,49.8
2026-09-30T13:56:00Z,2026-09-30T15:56:00+02:00,53,dr-robert,407,135,272,66.8
2026-09-30T13:56:00Z,2026-09-30T15:56:00+02:00,54,placa-vella,297,111,186,62.6
2026-09-30T13:56:00Z,2026-09-30T15:56:00+02:00,55,ajuntament-mercat,237,119,118,49.8
2026-09-30T13:57:00Z,2026-09-30T15:57:00+02:00,53,dr-robert,407,135,272,66.8
2026-09-30T13:57:00Z,2026-09-30T15:57:00+02:00,54,placa-vella,297,111,186,62.6
2026-09-30T13:57:00Z,2026-09-30T15:57:00+02:00,55,ajuntament-mercat,237,119,118,49.8
2026-09-30T13:58:00Z,2026-09-30T15:58:00+02:00,53,dr-robert,407,135,272,66.8
2026-09-30T13:58:00Z,2026-09-30T15:58:00+02:00,54,placa-vella,297,111,186,62.6
2026-09-30T13:58:00Z,2026-09-30T15:58:00+02:00,55,ajuntament-mercat,237,119,118,49.8
2026-09-30T13:59:00Z,2026-09-30T15:59:00+02:00,53,dr-robert,407,135,272,66.8
2026-09-30T13:59:00Z,2026-09-30T15:59:00+02:00,54,placa-vella,297,111,186,62.6
2026-09-30T13:59:00Z,2026-09-30T15:59:00+02:00,55,ajuntament-mercat,237,119,118,49.8
2026-09-30T14:00:00Z,2026-09-30T16:00:00+02:00,53,dr-robert,407,135,272,66.8
2026-09-30T14:00:00Z,2026-09-30T16:00:00+02:00,54,placa-vella,297,111,186,62.6
2026-09-30T14:00:00Z,2026-09-30T16:00:00+02:00,55,ajuntament-mercat,237,119,118,49.8
2026-09-30T14:01:00Z,2026-09-30T16:01:00+02:00,53,dr-robert,407,139,268,65.8
2026-09-30T14:01:00Z,2026-09-30T16:01:00+02:00,54,placa-vella,297,110,187,63
2026-09-30T14:01:00Z,2026-09-30T16:01:00+02:00,55,ajuntament-mercat,237,118,119,50.2
2026-09-30T14:02:00Z,2026-09-30T16:02:00+02:00,53,dr-robert,407,139,268,65.8
2026-09-30T14:02:00Z,2026-09-30T16:02:00+02:00,54,placa-vella,297,110,187,63
2026-09-30T14:02:00Z,2026-09-30T16:02:00+02:00,55,ajuntament-mercat,237,118,119,50.2
2026-09-30T14:03:00Z,2026-09-30T16:03:00+02:00,53,dr-robert,407,139,268,65.8
2026-09-30T14:03:00Z,2026-09-30T16:03:00+02:00,54,placa-vella,297,110,187,63
2026-09-30T14:03:00Z,2026-09-30T16:03:00+02:00,55,ajuntament-mercat,237,118,119,50.2
2026-09-30T14:04:00Z,2026-09-30T16:04:00+02:00,53,dr-robert,407,139,268,65.8
2026-09-30T14:04:00Z,2026-09-30T16:04:00+02:00,54,placa-vella,297,110,187,63
2026-09-30T14:04:00Z,2026-09-30T16:04:00+02:00,55,ajuntament-mercat,237,118,119,50.2
2026-09-30T14:05:00Z,2026-09-30T16:05:00+02:00,53,dr-robert,407,143,264,64.9
2026-09-30T14:05:00Z,2026-09-30T16:05:00+02:00,54,placa-vella,297,108,189,63.6
2026-09-30T14:05:00Z,2026-09-30T16:05:00+02:00,55,ajuntament-mercat,237,115,122,51.5
2026-09-30T14:06:00Z,2026-09-30T16:06:00+02:00,53,dr-robert,407,143,264,64.9
2026-09-30T14:06:00Z,2026-09-30T16:06:00+02:00,54,placa-vella,297,108,189,63.6
2026-09-30T14:06:00Z,2026-09-30T16:06:00+02:00,55,ajuntament-mercat,237,115,122,51.5
2026-09-30T14:07:00Z,2026-09-30T16:07:00+02:00,53,dr-robert,407,143,264,64.9
2026-09-30T14:07:00Z,2026-09-30T16:07:00+02:00,54,placa-vella,297,108,189,63.6
2026-09-30T14:07:00Z,2026-09-30T16:07:00+02:00,55,ajuntament-mercat,237,115,122,51.5
2026-09-30T14:08:00Z,2026-09-30T16:08:00+02:00,53,dr-robert,407,143,264,64.9
2026-09-30T14:08:00Z,2026-09-30T16:08:00+02:00,54,placa-vella,297,108,189,63.6
2026-09-30T14:08:00Z,2026-09-30T16:08:00+02:00,55,ajuntament-mercat,237,115,122,51.5
2026-09-30T14:09:00Z,2026-09-30T16:09:00+02:00,53,dr-robert,407,143,264,64.9
2026-09-30T14:09:00Z,2026-09-30T16:09:00+02:00,54,placa-vella,297,108,189,63.6
2026-09-30T14:09:00Z,2026-09-30T16:09:00+02:00,55,ajuntament-mercat,237,115,122,51.5
2026-09-30T14:10:00Z,2026-09-30T16:10:00+02:00,53,dr-robert,407,143,264,64.9
2026-09-30T14:10:00Z,2026-09-30T16:10:00+02:00,54,placa-vella,297,111,186,62.6
2026-09-30T14:10:00Z,2026-09-30T16:10:00+02:00,55,ajuntament-mercat,237,111,126,53.2
2026-09-30T14:11:00Z,2026-09-30T16:11:00+02:00,53,dr-robert,407,143,264,64.9
2026-09-30T14:11:00Z,2026-09-30T16:11:00+02:00,54,placa-vella,297,111,186,62.6
2026-09-30T14:11:00Z,2026-09-30T16:11:00+02:00,55,ajuntament-mercat,237,111,126,53.2
2026-09-30T14:12:00Z,2026-09-30T16:12:00+02:00,53,dr-robert,407,143,264,64.9
2026-09-30T14:12:00Z,2026-09-30T16:12:00+02:00,54,placa-vella,297,111,186,62.6
2026-09-30T14:12:00Z,2026-09-30T16:12:00+02:00,55,ajuntament-mercat,237,111,126,53.2
2026-09-30T14:13:00Z,2026-09-30T16:13:00+02:00,53,dr-robert,407,143,264,64.9
2026-09-30T14:13:00Z,2026-09-30T16:13:00+02:00,54,placa-vella,297,111,186,62.6
2026-09-30T14:13:00Z,2026-09-30T16:13:00+02:00,55,ajuntament-mercat,237,111,126,53.2
2026-09-30T14:14:00Z,2026-09-30T16:14:00+02:00,53,dr-robert,407,143,264,64.9
2026-09-30T14:14:00Z,2026-09-30T16:14:00+02:00,54,placa-vella,297,111,186,62.6
2026-09-30T14:14:00Z,2026-09-30T16:14:00+02:00,55,ajuntament-mercat,237,111,126,53.2
2026-09-30T14:15:00Z,2026-09-30T16:15:00+02:00,53,dr-robert,407,141,266,65.4
2026-09-30T14:15:00Z,2026-09-30T16:15:00+02:00,54,placa-vella,297,111,186,62.6
2026-09-30T14:15:00Z,2026-09-30T16:15:00+02:00,55,ajuntament-mercat,237,111,126,53.2
2026-09-30T14:16:00Z,2026-09-30T16:16:00+02:00,53,dr-robert,407,141,266,65.4
2026-09-30T14:16:00Z,2026-09-30T16:16:00+02:00,54,placa-vella,297,111,186,62.6
2026-09-30T14:16:00Z,2026-09-30T16:16:00+02:00,55,ajuntament-mercat,237,111,126,53.2
2026-09-30T14:17:00Z,2026-09-30T16:17:00+02:00,53,dr-robert,407,141,266,65.4
2026-09-30T14:17:00Z,2026-09-30T16:17:00+02:00,54,placa-vella,297,111,186,62.6
2026-09-30T14:17:00Z,2026-09-30T16:17:00+02:00,55,ajuntament-mercat,237,111,126,53.2
2026-09-30T14:18:00Z,2026-09-30T16:18:00+02:00,53,dr-robert,407,141,266,65.4
2026-09-30T14:18:00Z,2026-09-30T16:18:00+02:00,54,placa-vella,297,111,186,62.6
2026-09-30T14:18:00Z,2026-09-30T16:18:00+02:00,55,ajuntament-mercat,237,111,126,53.2
2026-09-30T14:19:00Z,2026-09-30T16:19:00+02:00,53,dr-robert,407,141,266,65.4
2026-09-30T14:19:00Z,2026-09-30T16:19:00+02:00,54,placa-vella,297,111,186,62.6
2026-09-30T14:19:00Z,2026-09-30T16:19:00+02:00,55,ajuntament-mercat,237,111,126,53.2
2026-09-30T14:20:00Z,2026-09-30T16:20:00+02:00,53,dr-robert,407,142,265,65.1
2026-09-30T14:20:00Z,2026-09-30T16:20:00+02:00,54,placa-vella,297,109,188,63.3
2026-09-30T14:20:00Z,2026-09-30T16:20:00+02:00,55,ajuntament-mercat,237,113,124,52.3
2026-09-30T14:21:00Z,2026-09-30T16:21:00+02:00,53,dr-robert,407,142,265,65.1
2026-09-30T14:21:00Z,2026-09-30T16:21:00+02:00,54,placa-vella,297,109,188,63.3
2026-09-30T14:21:00Z,2026-09-30T16:21:00+02:00,55,ajuntament-mercat,237,113,124,52.3
2026-09-30T14:22:00Z,2026-09-30T16:22:00+02:00,53,dr-robert,407,142,265,65.1
2026-09-30T14:22:00Z,2026-09-30T16:22:00+02:00,54,placa-vella,297,109,188,63.3
2026-09-30T14:22:00Z,2026-09-30T16:22:00+02:00,55,ajuntament-mercat,237,113,124,52.3
2026-09-30T14:23:00Z,2026-09-30T16:23:00+02:00,53,dr-robert,407,142,265,65.1
2026-09-30T14:23:00Z,2026-09-30T16:23:00+02:00,54,placa-vella,297,109,188,63.3
2026-09-30T14:23:00Z,2026-09-30T16:23:00+02:00,55,ajuntament-mercat,237,113,124,52.3
2026-09-30T14:24:00Z,2026-09-30T16:24:00+02:00,53,dr-robert,407,142,265,65.1
2026-09-30T14:24:00Z,2026-09-30T16:24:00+02:00,54,placa-vella,297,109,188,63.3
2026-09-30T14:24:00Z,2026-09-30T16:24:00+02:00,55,ajuntament-mercat,237,113,124,52.3
2026-09-30T14:25:00Z,2026-09-30T16:25:00+02:00,53,dr-robert,407,148,259,63.6
2026-09-30T14:25:00Z,2026-09-30T16:25:00+02:00,54,placa-vella,297,115,182,61.3
2026-09-30T14:25:00Z,2026-09-30T16:25:00+02:00,55,ajuntament-mercat,237,114,123,51.9
2026-09-30T14:26:00Z,2026-09-30T16:26:00+02:00,53,dr-robert,407,148,259,63.6
2026-09-30T14:26:00Z,2026-09-30T16:26:00+02:00,54,placa-vella,297,115,182,61.3
2026-09-30T14:26:00Z,2026-09-30T16:26:00+02:00,55,ajuntament-mercat,237,114,123,51.9
2026-09-30T14:27:00Z,2026-09-30T16:27:00+02:00,53,dr-robert,407,148,259,63.6
2026-09-30T14:27:00Z,2026-09-30T16:27:00+02:00,54,placa-vella,297,115,182,61.3
2026-09-30T14:27:00Z,2026-09-30T16:27:00+02:00,55,ajuntament-mercat,237,114,123,51.9
2026-09-30T14:28:00Z,2026-09-30T16:28:00+02:00,53,dr-robert,407,148,259,63.6
2026-09-30T14:28:00Z,2026-09-30T16:28:00+02:00,54,placa-vella,297,115,182,61.3
2026-09-30T14:28:00Z,2026-09-30T16:28:00+02:00,55,ajuntament-mercat,237,114,123,51.9
2026-09-30T14:29:00Z,2026-09-30T16:29:00+02:00,53,dr-robert,407,148,259,63.6
2026-09-30T14:29:00Z,2026-09-30T16:29:00+02:00,54,placa-vella,297,115,182,61.3
2026-09-30T14:29:00Z,2026-09-30T16:29:00+02:00,55,ajuntament-mercat,237,114,123,51.9
2026-09-30T14:30:00Z,2026-09-30T16:30:00+02:00,53,dr-robert,407,153,254,62.4
2026-09-30T14:30:00Z,2026-09-30T16:30:00+02:00,54,placa-vella,297,116,181,60.9
2026-09-30T14:30:00Z,2026-09-30T16:30:00+02:00,55,ajuntament-mercat,237,114,123,51.9
2026-09-30T14:31:00Z,2026-09-30T16:31:00+02:00,53,dr-robert,407,153,254,62.4
2026-09-30T14:31:00Z,2026-09-30T16:31:00+02:00,54,placa-vella,297,116,181,60.9
2026-09-30T14:31:00Z,2026-09-30T16:31:00+02:00,55,ajuntament-mercat,237,114,123,51.9
2026-09-30T14:32:00Z,2026-09-30T16:32:00+02:00,53,dr-robert,407,153,254,62.4
2026-09-30T14:32:00Z,2026-09-30T16:32:00+02:00,54,placa-vella,297,116,181,60.9
2026-09-30T14:32:00Z,2026-09-30T16:32:00+02:00,55,ajuntament-mercat,237,114,123,51.9
2026-09-30T14:33:00Z,2026-09-30T16:33:00+02:00,53,dr-robert,407,153,254,62.4
2026-09-30T14:33:00Z,2026-09-30T16:33:00+02:00,54,placa-vella,297,116,181,60.9
2026-09-30T14:33:00Z,2026-09-30T16:33:00+02:00,55,ajuntament-mercat,237,114,123,51.9
2026-09-30T14:34:00Z,2026-09-30T16:34:00+02:00,53,dr-robert,407,153,254,62.4
2026-09-30T14:34:00Z,2026-09-30T16:34:00+02:00,54,placa-vella,297,116,181,60.9
2026-09-30T14:34:00Z,2026-09-30T16:34:00+02:00,55,ajuntament-mercat,237,114,123,51.9
2026-09-30T14:35:00Z,2026-09-30T16:35:00+02:00,53,dr-robert,407,150,257,63.1
2026-09-30T14:35:00Z,2026-09-30T16:35:00+02:00,54,placa-vella,297,115,182,61.3
2026-09-30T14:35:00Z,2026-09-30T16:35:00+02:00,55,ajuntament-mercat,237,115,122,51.5
2026-09-30T14:36:00Z,2026-09-30T16:36:00+02:00,53,dr-robert,407,150,257,63.1
2026-09-30T14:36:00Z,2026-09-30T16:36:00+02:00,54,placa-vella,297,115,182,61.3
2026-09-30T14:36:00Z,2026-09-30T16:36:00+02:00,55,ajuntament-mercat,237,115,122,51.5
2026-09-30T14:37:00Z,2026-09-30T16:37:00+02:00,53,dr-robert,407,150,257,63.1
2026-09-30T14:37:00Z,2026-09-30T16:37:00+02:00,54,placa-vella,297,115,182,61.3
2026-09-30T14:37:00Z,2026-09-30T16:37:00+02:00,55,ajuntament-mercat,237,115,122,51.5
2026-09-30T14:38:00Z,2026-09-30T16:38:00+02:00,53,dr-robert,407,150,257,63.1
2026-09-30T14:38:00Z,2026-09-30T16:38:00+02:00,54,placa-vella,297,115,182,61.3
2026-09-30T14:38:00Z,2026-09-30T16:38:00+02:00,55,ajuntament-mercat,237,115,122,51.5
2026-09-30T14:39:00Z,2026-09-30T16:39:00+02:00,53,dr-robert,407,150,257,63.1
2026-09-30T14:39:00Z,2026-09-30T16:39:00+02:00,54,placa-vella,297,115,182,61.3
2026-09-30T14:39:00Z,2026-09-30T16:39:00+02:00,55,ajuntament-mercat,237,115,122,51.5
2026-09-30T14:40:00Z,2026-09-30T16:40:00+02:00,53,dr-robert,407,148,259,63.6
2026-09-30T14:40:00Z,2026-09-30T16:40:00+02:00,54,placa-vella,297,114,183,61.6
2026-09-30T14:40:00Z,2026-09-30T16:40:00+02:00,55,ajuntament-mercat,237,115,122,51.5
2026-09-30T14:41:00Z,2026-09-30T16:41:00+02:00,53,dr-robert,407,148,259,63.6
2026-09-30T14:41:00Z,2026-09-30T16:41:00+02:00,54,placa-vella,297,114,183,61.6
2026-09-30T14:41:00Z,2026-09-30T16:41:00+02:00,55,ajuntament-mercat,237,115,122,51.5
2026-09-30T14:42:00Z,2026-09-30T16:42:00+02:00,53,dr-robert,407,148,259,63.6
2026-09-30T14:42:00Z,2026-09-30T16:42:00+02:00,54,placa-vella,297,114,183,61.6
2026-09-30T14:42:00Z,2026-09-30T16:42:00+02:00,55,ajuntament-mercat,237,115,122,51.5
2026-09-30T14:43:00Z,2026-09-30T16:43:00+02:00,53,dr-robert,407,148,259,63.6
2026-09-30T14:43:00Z,2026-09-30T16:43:00+02:00,54,placa-vella,297,114,183,61.6
2026-09-30T14:43:00Z,2026-09-30T16:43:00+02:00,55,ajuntament-mercat,237,115,122,51.5
2026-09-30T14:44:00Z,2026-09-30T16:44:00+02:00,53,dr-robert,407,148,259,63.6
2026-09-30T14:44:00Z,2026-09-30T16:44:00+02:00,54,placa-vella,297,114,183,61.6
2026-09-30T14:44:00Z,2026-09-30T16:44:00+02:00,55,ajuntament-mercat,237,115,122,51.5
2026-09-30T14:45:00Z,2026-09-30T16:45:00+02:00,53,dr-robert,407,144,263,64.6
2026-09-30T14:45:00Z,2026-09-30T16:45:00+02:00,54,placa-vella,297,113,184,62
2026-09-30T14:45:00Z,2026-09-30T16:45:00+02:00,55,ajuntament-mercat,237,115,122,51.5
2026-09-30T14:46:00Z,2026-09-30T16:46:00+02:00,53,dr-robert,407,144,263,64.6
2026-09-30T14:46:00Z,2026-09-30T16:46:00+02:00,54,placa-vella,297,113,184,62
2026-09-30T14:46:00Z,2026-09-30T16:46:00+02:00,55,ajuntament-mercat,237,115,122,51.5
2026-09-30T14:47:00Z,2026-09-30T16:47:00+02:00,53,dr-robert,407,144,263,64.6
2026-09-30T14:47:00Z,2026-09-30T16:47:00+02:00,54,placa-vella,297,113,184,62
2026-09-30T14:47:00Z,2026-09-30T16:47:00+02:00,55,ajuntament-mercat,237,115,122,51.5
2026-09-30T14:48:00Z,2026-09-30T16:48:00+02:00,53,dr-robert,407,144,263,64.6
2026-09-30T14:48:00Z,2026-09-30T16:48:00+02:00,54,placa-vella,297,113,184,62
2026-09-30T14:48:00Z,2026-09-30T16:48:00+02:00,55,ajuntament-mercat,237,115,122,51.5
2026-09-30T14:49:00Z,2026-09-30T16:49:00+02:00,53,dr-robert,407,144,263,64.6
2026-09-30T14:49:00Z,2026-09-30T16:49:00+02:00,54,placa-vella,297,113,184,62
2026-09-30T14:49:00Z,2026-09-30T16:49:00+02:00,55,ajuntament-mercat,237,115,122,51.5
2026-09-30T14:50:00Z,2026-09-30T16:50:00+02:00,53,dr-robert,407,146,261,64.1
2026-09-30T14:50:00Z,2026-09-30T16:50:00+02:00,54,placa-vella,297,113,184,62
2026-09-30T14:50:00Z,2026-09-30T16:50:00+02:00,55,ajuntament-mercat,237,115,122,51.5
2026-09-30T14:51:00Z,2026-09-30T16:51:00+02:00,53,dr-robert,407,146,261,64.1
2026-09-30T14:51:00Z,2026-09-30T16:51:00+02:00,54,placa-vella,297,113,184,62
2026-09-30T14:51:00Z,2026-09-30T16:51:00+02:00,55,ajuntament-mercat,237,115,122,51.5
2026-09-30T14:52:00Z,2026-09-30T16:52:00+02:00,53,dr-robert,407,146,261,64.1
2026-09-30T14:52:00Z,2026-09-30T16:52:00+02:00,54,placa-vella,297,113,184,62
2026-09-30T14:52:00Z,2026-09-30T16:52:00+02:00,55,ajuntament-mercat,237,115,122,51.5
2026-09-30T14:53:00Z,2026-09-30T16:53:00+02:00,53,dr-robert,407,146,261,64.1
2026-09-30T14:53:00Z,2026-09-30T16:53:00+02:00,54,placa-vella,297,113,184,62
2026-09-30T14:53:00Z,2026-09-30T16:53:00+02:00,55,ajuntament-mercat,237,115,122,51.5
2026-09-30T14:54:00Z,2026-09-30T16:54:00+02:00,53,dr-robert,407,146,261,64.1
2026-09-30T14:54:00Z,2026-09-30T16:54:00+02:00,54,placa-vella,297,113,184,62
2026-09-30T14:54:00Z,2026-09-30T16:54:00+02:00,55,ajuntament-mercat,237,115,122,51.5
2026-09-30T14:55:00Z,2026-09-30T16:55:00+02:00,53,dr-robert,407,131,276,67.8
2026-09-30T14:55:00Z,2026-09-30T16:55:00+02:00,54,placa-vella,297,103,194,65.3
2026-09-30T14:55:00Z,2026-09-30T16:55:00+02:00,55,ajuntament-mercat,237,116,121,51.1
2026-09-30T14:56:00Z,2026-09-30T16:56:00+02:00,53,dr-robert,407,131,276,67.8
2026-09-30T14:56:00Z,2026-09-30T16:56:00+02:00,54,placa-vella,297,103,194,65.3
2026-09-30T14:56:00Z,2026-09-30T16:56:00+02:00,55,ajuntament-mercat,237,116,121,51.1
2026-09-30T14:57:00Z,2026-09-30T16:57:00+02:00,53,dr-robert,407,131,276,67.8
2026-09-30T14:57:00Z,2026-09-30T16:57:00+02:00,54,placa-vella,297,103,194,65.3
2026-09-30T14:57:00Z,2026-09-30T16:57:00+02:00,55,ajuntament-mercat,237,116,121,51.1
2026-09-30T14:58:00Z,2026-09-30T16:58:00+02:00,53,dr-robert,407,131,276,67.8
2026-09-30T14:58:00Z,2026-09-30T16:58:00+02:00,54,placa-vella,297,103,194,65.3
2026-09-30T14:58:00Z,2026-09-30T16:58:00+02:00,55,ajuntament-mercat,237,116,121,51.1
2026-09-30T14:59:00Z,2026-09-30T16:59:00+02:00,53,dr-robert,407,131,276,67.8
2026-09-30T14:59:00Z,2026-09-30T16:59:00+02:00,54,placa-vella,297,103,194,65.3
2026-09-30T14:59:00Z,2026-09-30T16:59:00+02:00,55,ajuntament-mercat,237,116,121,51.1
2026-09-30T15:00:00Z,2026-09-30T17:00:00+02:00,53,dr-robert,407,131,276,67.8
2026-09-30T15:00:00Z,2026-09-30T17:00:00+02:00,54,placa-vella,297,103,194,65.3
2026-09-30T15:00:00Z,2026-09-30T17:00:00+02:00,55,ajuntament-mercat,237,116,121,51.1
2026-09-30T15:01:00Z,2026-09-30T17:01:00+02:00,53,dr-robert,407,131,276,67.8
2026-09-30T15:01:00Z,2026-09-30T17:01:00+02:00,54,placa-vella,297,103,194,65.3
2026-09-30T15:01:00Z,2026-09-30T17:01:00+02:00,55,ajuntament-mercat,237,116,121,51.1
2026-09-30T15:02:00Z,2026-09-30T17:02:00+02:00,53,dr-robert,407,130,277,68.1
2026-09-30T15:02:00Z,2026-09-30T17:02:00+02:00,54,placa-vella,297,105,192,64.6
2026-09-30T15:02:00Z,2026-09-30T17:02:00+02:00,55,ajuntament-mercat,237,115,122,51.5
2026-09-30T15:03:00Z,2026-09-30T17:03:00+02:00,53,dr-robert,407,130,277,68.1
2026-09-30T15:03:00Z,2026-09-30T17:03:00+02:00,54,placa-vella,297,105,192,64.6
2026-09-30T15:03:00Z,2026-09-30T17:03:00+02:00,55,ajuntament-mercat,237,115,122,51.5
2026-09-30T15:04:00Z,2026-09-30T17:04:00+02:00,53,dr-robert,407,130,277,68.1
2026-09-30T15:04:00Z,2026-09-30T17:04:00+02:00,54,placa-vella,297,105,192,64.6
2026-09-30T15:04:00Z,2026-09-30T17:04:00+02:00,55,ajuntament-mercat,237,115,122,51.5
2026-09-30T15:05:00Z,2026-09-30T17:05:00+02:00,53,dr-robert,407,135,272,66.8
2026-09-30T15:05:00Z,2026-09-30T17:05:00+02:00,54,placa-vella,297,104,193,65
2026-09-30T15:05:00Z,2026-09-30T17:05:00+02:00,55,ajuntament-mercat,237,116,121,51.1
2026-09-30T15:06:00Z,2026-09-30T17:06:00+02:00,53,dr-robert,407,135,272,66.8
2026-09-30T15:06:00Z,2026-09-30T17:06:00+02:00,54,placa-vella,297,104,193,65
2026-09-30T15:06:00Z,2026-09-30T17:06:00+02:00,55,ajuntament-mercat,237,116,121,51.1
2026-09-30T15:07:00Z,2026-09-30T17:07:00+02:00,53,dr-robert,407,135,272,66.8
2026-09-30T15:07:00Z,2026-09-30T17:07:00+02:00,54,placa-vella,297,104,193,65
2026-09-30T15:07:00Z,2026-09-30T17:07:00+02:00,55,ajuntament-mercat,237,116,121,51.1
2026-09-30T15:08:00Z,2026-09-30T17:08:00+02:00,53,dr-robert,407,135,272,66.8
2026-09-30T15:08:00Z,2026-09-30T17:08:00+02:00,54,placa-vella,297,104,193,65
2026-09-30T15:08:00Z,2026-09-30T17:08:00+02:00,55,ajuntament-mercat,237,116,121,51.1
2026-09-30T15:09:00Z,2026-09-30T17:09:00+02:00,53,dr-robert,407,135,272,66.8
2026-09-30T15:09:00Z,2026-09-30T17:09:00+02:00,54,placa-vella,297,104,193,65
2026-09-30T15:09:00Z,2026-09-30T17:09:00+02:00,55,ajuntament-mercat,237,116,121,51.1
2026-09-30T15:10:00Z,2026-09-30T17:10:00+02:00,53,dr-robert,407,143,264,64.9
2026-09-30T15:10:00Z,2026-09-30T17:10:00+02:00,54,placa-vella,297,100,197,66.3
2026-09-30T15:10:00Z,2026-09-30T17:10:00+02:00,55,ajuntament-mercat,237,119,118,49.8
2026-09-30T15:11:00Z,2026-09-30T17:11:00+02:00,53,dr-robert,407,143,264,64.9
2026-09-30T15:11:00Z,2026-09-30T17:11:00+02:00,54,placa-vella,297,100,197,66.3
2026-09-30T15:11:00Z,2026-09-30T17:11:00+02:00,55,ajuntament-mercat,237,119,118,49.8
2026-09-30T15:12:00Z,2026-09-30T17:12:00+02:00,53,dr-robert,407,143,264,64.9
2026-09-30T15:12:00Z,2026-09-30T17:12:00+02:00,54,placa-vella,297,100,197,66.3
2026-09-30T15:12:00Z,2026-09-30T17:12:00+02:00,55,ajuntament-mercat,237,119,118,49.8
2026-09-30T15:13:00Z,2026-09-30T17:13:00+02:00,53,dr-robert,407,143,264,64.9
2026-09-30T15:13:00Z,2026-09-30T17:13:00+02:00,54,placa-vella,297,100,197,66.3
2026-09-30T15:13:00Z,2026-09-30T17:13:00+02:00,55,ajuntament-mercat,237,119,118,49.8
2026-09-30T15:14:00Z,2026-09-30T17:14:00+02:00,53,dr-robert,407,143,264,64.9
2026-09-30T15:14:00Z,2026-09-30T17:14:00+02:00,54,placa-vella,297,100,197,66.3
2026-09-30T15:14:00Z,2026-09-30T17:14:00+02:00,55,ajuntament-mercat,237,119,118,49.8
2026-09-30T15:15:00Z,2026-09-30T17:15:00+02:00,53,dr-robert,407,146,261,64.1
2026-09-30T15:15:00Z,2026-09-30T17:15:00+02:00,54,placa-vella,297,99,198,66.7
2026-09-30T15:15:00Z,2026-09-30T17:15:00+02:00,55,ajuntament-mercat,237,117,120,50.6
2026-09-30T15:16:00Z,2026-09-30T17:16:00+02:00,53,dr-robert,407,146,261,64.1
2026-09-30T15:16:00Z,2026-09-30T17:16:00+02:00,54,placa-vella,297,99,198,66.7
2026-09-30T15:16:00Z,2026-09-30T17:16:00+02:00,55,ajuntament-mercat,237,117,120,50.6
2026-09-30T15:17:00Z,2026-09-30T17:17:00+02:00,53,dr-robert,407,146,261,64.1
2026-09-30T15:17:00Z,2026-09-30T17:17:00+02:00,54,placa-vella,297,99,198,66.7
2026-09-30T15:17:00Z,2026-09-30T17:17:00+02:00,55,ajuntament-mercat,237,117,120,50.6
2026-09-30T15:18:00Z,2026-09-30T17:18:00+02:00,53,dr-robert,407,146,261,64.1
2026-09-30T15:18:00Z,2026-09-30T17:18:00+02:00,54,placa-vella,297,99,198,66.7
2026-09-30T15:18:00Z,2026-09-30T17:18:00+02:00,55,ajuntament-mercat,237,117,120,50.6
2026-09-30T15:19:00Z,2026-09-30T17:19:00+02:00,53,dr-robert,407,146,261,64.1
2026-09-30T15:19:00Z,2026-09-30T17:19:00+02:00,54,placa-vella,297,99,198,66.7
2026-09-30T15:19:00Z,2026-09-30T17:19:00+02:00,55,ajuntament-mercat,237,117,120,50.6
2026-09-30T15:20:00Z,2026-09-30T17:20:00+02:00,53,dr-robert,407,149,258,63.4
2026-09-30T15:20:00Z,2026-09-30T17:20:00+02:00,54,placa-vella,297,101,196,66
2026-09-30T15:20:00Z,2026-09-30T17:20:00+02:00,55,ajuntament-mercat,237,119,118,49.8
2026-09-30T15:21:00Z,2026-09-30T17:21:00+02:00,53,dr-robert,407,149,258,63.4
2026-09-30T15:21:00Z,2026-09-30T17:21:00+02:00,54,placa-vella,297,101,196,66
2026-09-30T15:21:00Z,2026-09-30T17:21:00+02:00,55,ajuntament-mercat,237,119,118,49.8
2026-09-30T15:22:00Z,2026-09-30T17:22:00+02:00,53,dr-robert,407,149,258,63.4
2026-09-30T15:22:00Z,2026-09-30T17:22:00+02:00,54,placa-vella,297,101,196,66
2026-09-30T15:22:00Z,2026-09-30T17:22:00+02:00,55,ajuntament-mercat,237,119,118,49.8
2026-09-30T15:23:00Z,2026-09-30T17:23:00+02:00,53,dr-robert,407,149,258,63.4
2026-09-30T15:23:00Z,2026-09-30T17:23:00+02:00,54,placa-vella,297,101,196,66
2026-09-30T15:23:00Z,2026-09-30T17:23:00+02:00,55,ajuntament-mercat,237,119,118,49.8
2026-09-30T15:24:00Z,2026-09-30T17:24:00+02:00,53,dr-robert,407,149,258,63.4
2026-09-30T15:24:00Z,2026-09-30T17:24:00+02:00,54,placa-vella,297,101,196,66
2026-09-30T15:24:00Z,2026-09-30T17:24:00+02:00,55,ajuntament-mercat,237,119,118,49.8
2026-09-30T15:25:00Z,2026-09-30T17:25:00+02:00,53,dr-robert,407,158,249,61.2
2026-09-30T15:25:00Z,2026-09-30T17:25:00+02:00,54,placa-vella,297,100,197,66.3
2026-09-30T15:25:00Z,2026-09-30T17:25:00+02:00,55,ajuntament-mercat,237,118,119,50.2
2026-09-30T15:26:00Z,2026-09-30T17:26:00+02:00,53,dr-robert,407,158,249,61.2
2026-09-30T15:26:00Z,2026-09-30T17:26:00+02:00,54,placa-vella,297,100,197,66.3
2026-09-30T15:26:00Z,2026-09-30T17:26:00+02:00,55,ajuntament-mercat,237,118,119,50.2
2026-09-30T15:27:00Z,2026-09-30T17:27:00+02:00,53,dr-robert,407,158,249,61.2
2026-09-30T15:27:00Z,2026-09-30T17:27:00+02:00,54,placa-vella,297,100,197,66.3
2026-09-30T15:27:00Z,2026-09-30T17:27:00+02:00,55,ajuntament-mercat,237,118,119,50.2
2026-09-30T15:28:00Z,2026-09-30T17:28:00+02:00,53,dr-robert,407,158,249,61.2
2026-09-30T15:28:00Z,2026-09-30T17:28:00+02:00,54,placa-vella,297,100,197,66.3
2026-09-30T15:28:00Z,2026-09-30T17:28:00+02:00,55,ajuntament-mercat,237,118,119,50.2
2026-09-30T15:29:00Z,2026-09-30T17:29:00+02:00,53,dr-robert,407,158,249,61.2
2026-09-30T15:29:00Z,2026-09-30T17:29:00+02:00,54,placa-vella,297,100,197,66.3
2026-09-30T15:29:00Z,2026-09-30T17:29:00+02:00,55,ajuntament-mercat,237,118,119,50.2
2026-09-30T15:30:00Z,2026-09-30T17:30:00+02:00,53,dr-robert,407,162,245,60.2
2026-09-30T15:30:00Z,2026-09-30T17:30:00+02:00,54,placa-vella,297,100,197,66.3
2026-09-30T15:30:00Z,2026-09-30T17:30:00+02:00,55,ajuntament-mercat,237,116,121,51.1
2026-09-30T15:31:00Z,2026-09-30T17:31:00+02:00,53,dr-robert,407,162,245,60.2
2026-09-30T15:31:00Z,2026-09-30T17:31:00+02:00,54,placa-vella,297,100,197,66.3
2026-09-30T15:31:00Z,2026-09-30T17:31:00+02:00,55,ajuntament-mercat,237,116,121,51.1
2026-09-30T15:32:00Z,2026-09-30T17:32:00+02:00,53,dr-robert,407,162,245,60.2
2026-09-30T15:32:00Z,2026-09-30T17:32:00+02:00,54,placa-vella,297,100,197,66.3
2026-09-30T15:32:00Z,2026-09-30T17:32:00+02:00,55,ajuntament-mercat,237,116,121,51.1
2026-09-30T15:33:00Z,2026-09-30T17:33:00+02:00,53,dr-robert,407,162,245,60.2
2026-09-30T15:33:00Z,2026-09-30T17:33:00+02:00,54,placa-vella,297,100,197,66.3
2026-09-30T15:33:00Z,2026-09-30T17:33:00+02:00,55,ajuntament-mercat,237,116,121,51.1
2026-09-30T15:34:00Z,2026-09-30T17:34:00+02:00,53,dr-robert,407,162,245,60.2
2026-09-30T15:34:00Z,2026-09-30T17:34:00+02:00,54,placa-vella,297,100,197,66.3
2026-09-30T15:34:00Z,2026-09-30T17:34:00+02:00,55,ajuntament-mercat,237,116,121,51.1
2026-09-30T15:35:00Z,2026-09-30T17:35:00+02:00,53,dr-robert,407,162,245,60.2
2026-09-30T15:35:00Z,2026-09-30T17:35:00+02:00,54,placa-vella,297,98,199,67
2026-09-30T15:35:00Z,2026-09-30T17:35:00+02:00,55,ajuntament-mercat,237,115,122,51.5
2026-09-30T15:36:00Z,2026-09-30T17:36:00+02:00,53,dr-robert,407,162,245,60.2
2026-09-30T15:36:00Z,2026-09-30T17:36:00+02:00,54,placa-vella,297,98,199,67
2026-09-30T15:36:00Z,2026-09-30T17:36:00+02:00,55,ajuntament-mercat,237,115,122,51.5
2026-09-30T15:37:00Z,2026-09-30T17:37:00+02:00,53,dr-robert,407,162,245,60.2
2026-09-30T15:37:00Z,2026-09-30T17:37:00+02:00,54,placa-vella,297,98,199,67
2026-09-30T15:37:00Z,2026-09-30T17:37:00+02:00,55,ajuntament-mercat,237,115,122,51.5
2026-09-30T15:38:00Z,2026-09-30T17:38:00+02:00,53,dr-robert,407,162,245,60.2
2026-09-30T15:38:00Z,2026-09-30T17:38:00+02:00,54,placa-vella,297,98,199,67
2026-09-30T15:38:00Z,2026-09-30T17:38:00+02:00,55,ajuntament-mercat,237,115,122,51.5
2026-09-30T15:39:00Z,2026-09-30T17:39:00+02:00,53,dr-robert,407,162,245,60.2
2026-09-30T15:39:00Z,2026-09-30T17:39:00+02:00,54,placa-vella,297,98,199,67
2026-09-30T15:39:00Z,2026-09-30T17:39:00+02:00,55,ajuntament-mercat,237,115,122,51.5
2026-09-30T15:40:00Z,2026-09-30T17:40:00+02:00,53,dr-robert,407,160,247,60.7
2026-09-30T15:40:00Z,2026-09-30T17:40:00+02:00,54,placa-vella,297,98,199,67
2026-09-30T15:40:00Z,2026-09-30T17:40:00+02:00,55,ajuntament-mercat,237,116,121,51.1
2026-09-30T15:41:00Z,2026-09-30T17:41:00+02:00,53,dr-robert,407,160,247,60.7
2026-09-30T15:41:00Z,2026-09-30T17:41:00+02:00,54,placa-vella,297,98,199,67
2026-09-30T15:41:00Z,2026-09-30T17:41:00+02:00,55,ajuntament-mercat,237,116,121,51.1
2026-09-30T15:42:00Z,2026-09-30T17:42:00+02:00,53,dr-robert,407,160,247,60.7
2026-09-30T15:42:00Z,2026-09-30T17:42:00+02:00,54,placa-vella,297,98,199,67
2026-09-30T15:42:00Z,2026-09-30T17:42:00+02:00,55,ajuntament-mercat,237,116,121,51.1
2026-09-30T15:43:00Z,2026-09-30T17:43:00+02:00,53,dr-robert,407,160,247,60.7
2026-09-30T15:43:00Z,2026-09-30T17:43:00+02:00,54,placa-vella,297,98,199,67
2026-09-30T15:43:00Z,2026-09-30T17:43:00+02:00,55,ajuntament-mercat,237,116,121,51.1
2026-09-30T15:44:00Z,2026-09-30T17:44:00+02:00,53,dr-robert,407,160,247,60.7
2026-09-30T15:44:00Z,2026-09-30T17:44:00+02:00,54,placa-vella,297,98,199,67
2026-09-30T15:44:00Z,2026-09-30T17:44:00+02:00,55,ajuntament-mercat,237,116,121,51.1
2026-09-30T15:45:00Z,2026-09-30T17:45:00+02:00,53,dr-robert,407,156,251,61.7
2026-09-30T15:45:00Z,2026-09-30T17:45:00+02:00,54,placa-vella,297,102,195,65.7
2026-09-30T15:45:00Z,2026-09-30T17:45:00+02:00,55,ajuntament-mercat,237,117,120,50.6
2026-09-30T15:46:00Z,2026-09-30T17:46:00+02:00,53,dr-robert,407,156,251,61.7
2026-09-30T15:46:00Z,2026-09-30T17:46:00+02:00,54,placa-vella,297,102,195,65.7
2026-09-30T15:46:00Z,2026-09-30T17:46:00+02:00,55,ajuntament-mercat,237,117,120,50.6
2026-09-30T15:47:00Z,2026-09-30T17:47:00+02:00,53,dr-robert,407,156,251,61.7
2026-09-30T15:47:00Z,2026-09-30T17:47:00+02:00,54,placa-vella,297,102,195,65.7
2026-09-30T15:47:00Z,2026-09-30T17:47:00+02:00,55,ajuntament-mercat,237,117,120,50.6
2026-09-30T15:48:00Z,2026-09-30T17:48:00+02:00,53,dr-robert,407,156,251,61.7
2026-09-30T15:48:00Z,2026-09-30T17:48:00+02:00,54,placa-vella,297,102,195,65.7
2026-09-30T15:48:00Z,2026-09-30T17:48:00+02:00,55,ajuntament-mercat,237,117,120,50.6
2026-09-30T15:49:00Z,2026-09-30T17:49:00+02:00,53,dr-robert,407,156,251,61.7
2026-09-30T15:49:00Z,2026-09-30T17:49:00+02:00,54,placa-vella,297,102,195,65.7
2026-09-30T15:49:00Z,2026-09-30T17:49:00+02:00,55,ajuntament-mercat,237,117,120,50.6
2026-09-30T15:50:00Z,2026-09-30T17:50:00+02:00,53,dr-robert,407,162,245,60.2
2026-09-30T15:50:00Z,2026-09-30T17:50:00+02:00,54,placa-vella,297,102,195,65.7
2026-09-30T15:50:00Z,2026-09-30T17:50:00+02:00,55,ajuntament-mercat,237,117,120,50.6
2026-09-30T15:51:00Z,2026-09-30T17:51:00+02:00,53,dr-robert,407,162,245,60.2
2026-09-30T15:51:00Z,2026-09-30T17:51:00+02:00,54,placa-vella,297,102,195,65.7
2026-09-30T15:51:00Z,2026-09-30T17:51:00+02:00,55,ajuntament-mercat,237,117,120,50.6
2026-09-30T15:52:00Z,2026-09-30T17:52:00+02:00,53,dr-robert,407,162,245,60.2
2026-09-30T15:52:00Z,2026-09-30T17:52:00+02:00,54,placa-vella,297,102,195,65.7
2026-09-30T15:52:00Z,2026-09-30T17:52:00+02:00,55,ajuntament-mercat,237,117,120,50.6
2026-09-30T15:53:00Z,2026-09-30T17:53:00+02:00,53,dr-robert,407,162,245,60.2
2026-09-30T15:53:00Z,2026-09-30T17:53:00+02:00,54,placa-vella,297,102,195,65.7
2026-09-30T15:53:00Z,2026-09-30T17:53:00+02:00,55,ajuntament-mercat,237,117,120,50.6
2026-09-30T15:54:00Z,2026-09-30T17:54:00+02:00,53,dr-robert,407,162,245,60.2
2026-09-30T15:54:00Z,2026-09-30T17:54:00+02:00,54,placa-vella,297,102,195,65.7
2026-09-30T15:54:00Z,2026-09-30T17:54:00+02:00,55,ajuntament-mercat,237,117,120,50.6
2026-09-30T15:55:00Z,2026-09-30T17:55:00+02:00,53,dr-robert,407,155,252,61.9
2026-09-30T15:55:00Z,2026-09-30T17:55:00+02:00,54,placa-vella,297,99,198,66.7
2026-09-30T15:55:00Z,2026-09-30T17:55:00+02:00,55,ajuntament-mercat,237,115,122,51.5
2026-09-30T15:56:00Z,2026-09-30T17:56:00+02:00,53,dr-robert,407,155,252,61.9
2026-09-30T15:56:00Z,2026-09-30T17:56:00+02:00,54,placa-vella,297,99,198,66.7
2026-09-30T15:56:00Z,2026-09-30T17:56:00+02:00,55,ajuntament-mercat,237,115,122,51.5
2026-09-30T15:57:00Z,2026-09-30T17:57:00+02:00,53,dr-robert,407,155,252,61.9
2026-09-30T15:57:00Z,2026-09-30T17:57:00+02:00,54,placa-vella,297,99,198,66.7
2026-09-30T15:57:00Z,2026-09-30T17:57:00+02:00,55,ajuntament-mercat,237,115,122,51.5
2026-09-30T15:58:00Z,2026-09-30T17:58:00+02:00,53,dr-robert,407,155,252,61.9
2026-09-30T15:58:00Z,2026-09-30T17:58:00+02:00,54,placa-vella,297,99,198,66.7
2026-09-30T15:58:00Z,2026-09-30T17:58:00+02:00,55,ajuntament-mercat,237,115,122,51.5
2026-09-30T15:59:00Z,2026-09-30T17:59:00+02:00,53,dr-robert,407,155,252,61.9
2026-09-30T15:59:00Z,2026-09-30T17:59:00+02:00,54,placa-vella,297,99,198,66.7
2026-09-30T15:59:00Z,2026-09-30T17:59:00+02:00,55,ajuntament-mercat,237,115,122,51.5
2026-09-30T16:00:00Z,2026-09-30T18:00:00+02:00,53,dr-robert,407,155,252,61.9
2026-09-30T16:00:00Z,2026-09-30T18:00:00+02:00,54,placa-vella,297,99,198,66.7
2026-09-30T16:00:00Z,2026-09-30T18:00:00+02:00,55,ajuntament-mercat,237,115,122,51.5
2026-09-30T16:01:00Z,2026-09-30T18:01:00+02:00,53,dr-robert,407,150,257,63.1
2026-09-30T16:01:00Z,2026-09-30T18:01:00+02:00,54,placa-vella,297,101,196,66
2026-09-30T16:01:00Z,2026-09-30T18:01:00+02:00,55,ajuntament-mercat,237,110,127,53.6
2026-09-30T16:02:00Z,2026-09-30T18:02:00+02:00,53,dr-robert,407,150,257,63.1
2026-09-30T16:02:00Z,2026-09-30T18:02:00+02:00,54,placa-vella,297,101,196,66
2026-09-30T16:02:00Z,2026-09-30T18:02:00+02:00,55,ajuntament-mercat,237,110,127,53.6
2026-09-30T16:03:00Z,2026-09-30T18:03:00+02:00,53,dr-robert,407,150,257,63.1
2026-09-30T16:03:00Z,2026-09-30T18:03:00+02:00,54,placa-vella,297,101,196,66
2026-09-30T16:03:00Z,2026-09-30T18:03:00+02:00,55,ajuntament-mercat,237,110,127,53.6
2026-09-30T16:04:00Z,2026-09-30T18:04:00+02:00,53,dr-robert,407,150,257,63.1
2026-09-30T16:04:00Z,2026-09-30T18:04:00+02:00,54,placa-vella,297,101,196,66
2026-09-30T16:04:00Z,2026-09-30T18:04:00+02:00,55,ajuntament-mercat,237,110,127,53.6
2026-09-30T16:05:00Z,2026-09-30T18:05:00+02:00,53,dr-robert,407,150,257,63.1
2026-09-30T16:05:00Z,2026-09-30T18:05:00+02:00,54,placa-vella,297,101,196,66
2026-09-30T16:05:00Z,2026-09-30T18:05:00+02:00,55,ajuntament-mercat,237,110,127,53.6
2026-09-30T16:06:00Z,2026-09-30T18:06:00+02:00,53,dr-robert,407,149,258,63.4
2026-09-30T16:06:00Z,2026-09-30T18:06:00+02:00,54,placa-vella,297,101,196,66
2026-09-30T16:06:00Z,2026-09-30T18:06:00+02:00,55,ajuntament-mercat,237,108,129,54.4
2026-09-30T16:07:00Z,2026-09-30T18:07:00+02:00,53,dr-robert,407,149,258,63.4
2026-09-30T16:07:00Z,2026-09-30T18:07:00+02:00,54,placa-vella,297,101,196,66
2026-09-30T16:07:00Z,2026-09-30T18:07:00+02:00,55,ajuntament-mercat,237,108,129,54.4
2026-09-30T16:08:00Z,2026-09-30T18:08:00+02:00,53,dr-robert,407,149,258,63.4
2026-09-30T16:08:00Z,2026-09-30T18:08:00+02:00,54,placa-vella,297,101,196,66
2026-09-30T16:08:00Z,2026-09-30T18:08:00+02:00,55,ajuntament-mercat,237,108,129,54.4
2026-09-30T16:09:00Z,2026-09-30T18:09:00+02:00,53,dr-robert,407,149,258,63.4
2026-09-30T16:09:00Z,2026-09-30T18:09:00+02:00,54,placa-vella,297,101,196,66
2026-09-30T16:09:00Z,2026-09-30T18:09:00+02:00,55,ajuntament-mercat,237,108,129,54.4
2026-09-30T16:10:00Z,2026-09-30T18:10:00+02:00,53,dr-robert,407,149,258,63.4
2026-09-30T16:10:00Z,2026-09-30T18:10:00+02:00,54,placa-vella,297,104,193,65
2026-09-30T16:10:00Z,2026-09-30T18:10:00+02:00,55,ajuntament-mercat,237,106,131,55.3
2026-09-30T16:11:00Z,2026-09-30T18:11:00+02:00,53,dr-robert,407,149,258,63.4
2026-09-30T16:11:00Z,2026-09-30T18:11:00+02:00,54,placa-vella,297,104,193,65
2026-09-30T16:11:00Z,2026-09-30T18:11:00+02:00,55,ajuntament-mercat,237,106,131,55.3
2026-09-30T16:12:00Z,2026-09-30T18:12:00+02:00,53,dr-robert,407,149,258,63.4
2026-09-30T16:12:00Z,2026-09-30T18:12:00+02:00,54,placa-vella,297,104,193,65
2026-09-30T16:12:00Z,2026-09-30T18:12:00+02:00,55,ajuntament-mercat,237,106,131,55.3
2026-09-30T16:13:00Z,2026-09-30T18:13:00+02:00,53,dr-robert,407,149,258,63.4
2026-09-30T16:13:00Z,2026-09-30T18:13:00+02:00,54,placa-vella,297,104,193,65
2026-09-30T16:13:00Z,2026-09-30T18:13:00+02:00,55,ajuntament-mercat,237,106,131,55.3
2026-09-30T16:14:00Z,2026-09-30T18:14:00+02:00,53,dr-robert,407,149,258,63.4
2026-09-30T16:14:00Z,2026-09-30T18:14:00+02:00,54,placa-vella,297,104,193,65
2026-09-30T16:14:00Z,2026-09-30T18:14:00+02:00,55,ajuntament-mercat,237,106,131,55.3
2026-09-30T16:15:00Z,2026-09-30T18:15:00+02:00,53,dr-robert,407,151,256,62.9
2026-09-30T16:15:00Z,2026-09-30T18:15:00+02:00,54,placa-vella,297,111,186,62.6
2026-09-30T16:15:00Z,2026-09-30T18:15:00+02:00,55,ajuntament-mercat,237,105,132,55.7
2026-09-30T16:16:00Z,2026-09-30T18:16:00+02:00,53,dr-robert,407,151,256,62.9
2026-09-30T16:16:00Z,2026-09-30T18:16:00+02:00,54,placa-vella,297,111,186,62.6
2026-09-30T16:16:00Z,2026-09-30T18:16:00+02:00,55,ajuntament-mercat,237,105,132,55.7
2026-09-30T16:17:00Z,2026-09-30T18:17:00+02:00,53,dr-robert,407,151,256,62.9
2026-09-30T16:17:00Z,2026-09-30T18:17:00+02:00,54,placa-vella,297,111,186,62.6
2026-09-30T16:17:00Z,2026-09-30T18:17:00+02:00,55,ajuntament-mercat,237,105,132,55.7
2026-09-30T16:18:00Z,2026-09-30T18:18:00+02:00,53,dr-robert,407,151,256,62.9
2026-09-30T16:18:00Z,2026-09-30T18:18:00+02:00,54,placa-vella,297,111,186,62.6
2026-09-30T16:18:00Z,2026-09-30T18:18:00+02:00,55,ajuntament-mercat,237,105,132,55.7
2026-09-30T16:19:00Z,2026-09-30T18:19:00+02:00,53,dr-robert,407,151,256,62.9
2026-09-30T16:19:00Z,2026-09-30T18:19:00+02:00,54,placa-vella,297,111,186,62.6
2026-09-30T16:19:00Z,2026-09-30T18:19:00+02:00,55,ajuntament-mercat,237,105,132,55.7
2026-09-30T16:20:00Z,2026-09-30T18:20:00+02:00,53,dr-robert,407,152,255,62.7
2026-09-30T16:20:00Z,2026-09-30T18:20:00+02:00,54,placa-vella,297,122,175,58.9
2026-09-30T16:20:00Z,2026-09-30T18:20:00+02:00,55,ajuntament-mercat,237,106,131,55.3
2026-09-30T16:21:00Z,2026-09-30T18:21:00+02:00,53,dr-robert,407,152,255,62.7
2026-09-30T16:21:00Z,2026-09-30T18:21:00+02:00,54,placa-vella,297,122,175,58.9
2026-09-30T16:21:00Z,2026-09-30T18:21:00+02:00,55,ajuntament-mercat,237,106,131,55.3
2026-09-30T16:22:00Z,2026-09-30T18:22:00+02:00,53,dr-robert,407,152,255,62.7
2026-09-30T16:22:00Z,2026-09-30T18:22:00+02:00,54,placa-vella,297,122,175,58.9
2026-09-30T16:22:00Z,2026-09-30T18:22:00+02:00,55,ajuntament-mercat,237,106,131,55.3
2026-09-30T16:23:00Z,2026-09-30T18:23:00+02:00,53,dr-robert,407,152,255,62.7
2026-09-30T16:23:00Z,2026-09-30T18:23:00+02:00,54,placa-vella,297,122,175,58.9
2026-09-30T16:23:00Z,2026-09-30T18:23:00+02:00,55,ajuntament-mercat,237,106,131,55.3
2026-09-30T16:24:00Z,2026-09-30T18:24:00+02:00,53,dr-robert,407,152,255,62.7
2026-09-30T16:24:00Z,2026-09-30T18:24:00+02:00,54,placa-vella,297,122,175,58.9
2026-09-30T16:24:00Z,2026-09-30T18:24:00+02:00,55,ajuntament-mercat,237,106,131,55.3
2026-09-30T16:25:00Z,2026-09-30T18:25:00+02:00,53,dr-robert,407,150,257,63.1
2026-09-30T16:25:00Z,2026-09-30T18:25:00+02:00,54,placa-vella,297,117,180,60.6
2026-09-30T16:25:00Z,2026-09-30T18:25:00+02:00,55,ajuntament-mercat,237,104,133,56.1
2026-09-30T16:26:00Z,2026-09-30T18:26:00+02:00,53,dr-robert,407,150,257,63.1
2026-09-30T16:26:00Z,2026-09-30T18:26:00+02:00,54,placa-vella,297,117,180,60.6
2026-09-30T16:26:00Z,2026-09-30T18:26:00+02:00,55,ajuntament-mercat,237,104,133,56.1
2026-09-30T16:27:00Z,2026-09-30T18:27:00+02:00,53,dr-robert,407,150,257,63.1
2026-09-30T16:27:00Z,2026-09-30T18:27:00+02:00,54,placa-vella,297,117,180,60.6
2026-09-30T16:27:00Z,2026-09-30T18:27:00+02:00,55,ajuntament-mercat,237,104,133,56.1
2026-09-30T16:28:00Z,2026-09-30T18:28:00+02:00,53,dr-robert,407,150,257,63.1
2026-09-30T16:28:00Z,2026-09-30T18:28:00+02:00,54,placa-vella,297,117,180,60.6
2026-09-30T16:28:00Z,2026-09-30T18:28:00+02:00,55,ajuntament-mercat,237,104,133,56.1
2026-09-30T16:29:00Z,2026-09-30T18:29:00+02:00,53,dr-robert,407,150,257,63.1
2026-09-30T16:29:00Z,2026-09-30T18:29:00+02:00,54,placa-vella,297,117,180,60.6
2026-09-30T16:29:00Z,2026-09-30T18:29:00+02:00,55,ajuntament-mercat,237,104,133,56.1
2026-09-30T16:30:00Z,2026-09-30T18:30:00+02:00,53,dr-robert,407,152,255,62.7
2026-09-30T16:30:00Z,2026-09-30T18:30:00+02:00,54,placa-vella,297,113,184,62
2026-09-30T16:30:00Z,2026-09-30T18:30:00+02:00,55,ajuntament-mercat,237,100,137,57.8
2026-09-30T16:31:00Z,2026-09-30T18:31:00+02:00,53,dr-robert,407,152,255,62.7
2026-09-30T16:31:00Z,2026-09-30T18:31:00+02:00,54,placa-vella,297,113,184,62
2026-09-30T16:31:00Z,2026-09-30T18:31:00+02:00,55,ajuntament-mercat,237,100,137,57.8
2026-09-30T16:32:00Z,2026-09-30T18:32:00+02:00,53,dr-robert,407,152,255,62.7
2026-09-30T16:32:00Z,2026-09-30T18:32:00+02:00,54,placa-vella,297,113,184,62
2026-09-30T16:32:00Z,2026-09-30T18:32:00+02:00,55,ajuntament-mercat,237,100,137,57.8
2026-09-30T16:33:00Z,2026-09-30T18:33:00+02:00,53,dr-robert,407,152,255,62.7
2026-09-30T16:33:00Z,2026-09-30T18:33:00+02:00,54,placa-vella,297,113,184,62
2026-09-30T16:33:00Z,2026-09-30T18:33:00+02:00,55,ajuntament-mercat,237,100,137,57.8
2026-09-30T16:34:00Z,2026-09-30T18:34:00+02:00,53,dr-robert,407,152,255,62.7
2026-09-30T16:34:00Z,2026-09-30T18:34:00+02:00,54,placa-vella,297,113,184,62
2026-09-30T16:34:00Z,2026-09-30T18:34:00+02:00,55,ajuntament-mercat,237,100,137,57.8
2026-09-30T16:35:00Z,2026-09-30T18:35:00+02:00,53,dr-robert,407,151,256,62.9
2026-09-30T16:35:00Z,2026-09-30T18:35:00+02:00,54,placa-vella,297,107,190,64
2026-09-30T16:35:00Z,2026-09-30T18:35:00+02:00,55,ajuntament-mercat,237,101,136,57.4
2026-09-30T16:36:00Z,2026-09-30T18:36:00+02:00,53,dr-robert,407,151,256,62.9
2026-09-30T16:36:00Z,2026-09-30T18:36:00+02:00,54,placa-vella,297,107,190,64
2026-09-30T16:36:00Z,2026-09-30T18:36:00+02:00,55,ajuntament-mercat,237,101,136,57.4
2026-09-30T16:37:00Z,2026-09-30T18:37:00+02:00,53,dr-robert,407,151,256,62.9
2026-09-30T16:37:00Z,2026-09-30T18:37:00+02:00,54,placa-vella,297,107,190,64
2026-09-30T16:37:00Z,2026-09-30T18:37:00+02:00,55,ajuntament-mercat,237,101,136,57.4
2026-09-30T16:38:00Z,2026-09-30T18:38:00+02:00,53,dr-robert,407,151,256,62.9
2026-09-30T16:38:00Z,2026-09-30T18:38:00+02:00,54,placa-vella,297,107,190,64
2026-09-30T16:38:00Z,2026-09-30T18:38:00+02:00,55,ajuntament-mercat,237,101,136,57.4
2026-09-30T16:39:00Z,2026-09-30T18:39:00+02:00,53,dr-robert,407,151,256,62.9
2026-09-30T16:39:00Z,2026-09-30T18:39:00+02:00,54,placa-vella,297,107,190,64
2026-09-30T16:39:00Z,2026-09-30T18:39:00+02:00,55,ajuntament-mercat,237,101,136,57.4
2026-09-30T16:40:00Z,2026-09-30T18:40:00+02:00,53,dr-robert,407,151,256,62.9
2026-09-30T16:40:00Z,2026-09-30T18:40:00+02:00,54,placa-vella,297,106,191,64.3
2026-09-30T16:40:00Z,2026-09-30T18:40:00+02:00,55,ajuntament-mercat,237,107,130,54.9
2026-09-30T16:41:00Z,2026-09-30T18:41:00+02:00,53,dr-robert,407,151,256,62.9
2026-09-30T16:41:00Z,2026-09-30T18:41:00+02:00,54,placa-vella,297,106,191,64.3
2026-09-30T16:41:00Z,2026-09-30T18:41:00+02:00,55,ajuntament-mercat,237,107,130,54.9
2026-09-30T16:42:00Z,2026-09-30T18:42:00+02:00,53,dr-robert,407,151,256,62.9
2026-09-30T16:42:00Z,2026-09-30T18:42:00+02:00,54,placa-vella,297,106,191,64.3
2026-09-30T16:42:00Z,2026-09-30T18:42:00+02:00,55,ajuntament-mercat,237,107,130,54.9
2026-09-30T16:43:00Z,2026-09-30T18:43:00+02:00,53,dr-robert,407,151,256,62.9
2026-09-30T16:43:00Z,2026-09-30T18:43:00+02:00,54,placa-vella,297,106,191,64.3
2026-09-30T16:43:00Z,2026-09-30T18:43:00+02:00,55,ajuntament-mercat,237,107,130,54.9
2026-09-30T16:44:00Z,2026-09-30T18:44:00+02:00,53,dr-robert,407,151,256,62.9
2026-09-30T16:44:00Z,2026-09-30T18:44:00+02:00,54,placa-vella,297,106,191,64.3
2026-09-30T16:44:00Z,2026-09-30T18:44:00+02:00,55,ajuntament-mercat,237,107,130,54.9
2026-09-30T16:45:00Z,2026-09-30T18:45:00+02:00,53,dr-robert,407,154,253,62.2
2026-09-30T16:45:00Z,2026-09-30T18:45:00+02:00,54,placa-vella,297,106,191,64.3
2026-09-30T16:45:00Z,2026-09-30T18:45:00+02:00,55,ajuntament-mercat,237,107,130,54.9
2026-09-30T16:46:00Z,2026-09-30T18:46:00+02:00,53,dr-robert,407,154,253,62.2
2026-09-30T16:46:00Z,2026-09-30T18:46:00+02:00,54,placa-vella,297,106,191,64.3
2026-09-30T16:46:00Z,2026-09-30T18:46:00+02:00,55,ajuntament-mercat,237,107,130,54.9
2026-09-30T16:47:00Z,2026-09-30T18:47:00+02:00,53,dr-robert,407,154,253,62.2
2026-09-30T16:47:00Z,2026-09-30T18:47:00+02:00,54,placa-vella,297,106,191,64.3
2026-09-30T16:47:00Z,2026-09-30T18:47:00+02:00,55,ajuntament-mercat,237,107,130,54.9
2026-09-30T16:48:00Z,2026-09-30T18:48:00+02:00,53,dr-robert,407,154,253,62.2
2026-09-30T16:48:00Z,2026-09-30T18:48:00+02:00,54,placa-vella,297,106,191,64.3
2026-09-30T16:48:00Z,2026-09-30T18:48:00+02:00,55,ajuntament-mercat,237,107,130,54.9
2026-09-30T16:49:00Z,2026-09-30T18:49:00+02:00,53,dr-robert,407,154,253,62.2
2026-09-30T16:49:00Z,2026-09-30T18:49:00+02:00,54,placa-vella,297,106,191,64.3
2026-09-30T16:49:00Z,2026-09-30T18:49:00+02:00,55,ajuntament-mercat,237,107,130,54.9
2026-09-30T16:50:00Z,2026-09-30T18:50:00+02:00,53,dr-robert,407,153,254,62.4
2026-09-30T16:50:00Z,2026-09-30T18:50:00+02:00,54,placa-vella,297,107,190,64
2026-09-30T16:50:00Z,2026-09-30T18:50:00+02:00,55,ajuntament-mercat,237,108,129,54.4
2026-09-30T16:51:00Z,2026-09-30T18:51:00+02:00,53,dr-robert,407,153,254,62.4
2026-09-30T16:51:00Z,2026-09-30T18:51:00+02:00,54,placa-vella,297,107,190,64
2026-09-30T16:51:00Z,2026-09-30T18:51:00+02:00,55,ajuntament-mercat,237,108,129,54.4
2026-09-30T16:52:00Z,2026-09-30T18:52:00+02:00,53,dr-robert,407,153,254,62.4
2026-09-30T16:52:00Z,2026-09-30T18:52:00+02:00,54,placa-vella,297,107,190,64
2026-09-30T16:52:00Z,2026-09-30T18:52:00+02:00,55,ajuntament-mercat,237,108,129,54.4
2026-09-30T16:53:00Z,2026-09-30T18:53:00+02:00,53,dr-robert,407,153,254,62.4
2026-09-30T16:53:00Z,2026-09-30T18:53:00+02:00,54,placa-vella,297,107,190,64
2026-09-30T16:53:00Z,2026-09-30T18:53:00+02:00,55,ajuntament-mercat,237,108,129,54.4
2026-09-30T16:54:00Z,2026-09-30T18:54:00+02:00,53,dr-robert,407,153,254,62.4
2026-09-30T16:54:00Z,2026-09-30T18:54:00+02:00,54,placa-vella,297,107,190,64
2026-09-30T16:54:00Z,2026-09-30T18:54:00+02:00,55,ajuntament-mercat,237,108,129,54.4
2026-09-30T16:55:00Z,2026-09-30T18:55:00+02:00,53,dr-robert,407,160,247,60.7
2026-09-30T16:55:00Z,2026-09-30T18:55:00+02:00,54,placa-vella,297,109,188,63.3
2026-09-30T16:55:00Z,2026-09-30T18:55:00+02:00,55,ajuntament-mercat,237,110,127,53.6
2026-09-30T16:56:00Z,2026-09-30T18:56:00+02:00,53,dr-robert,407,160,247,60.7
2026-09-30T16:56:00Z,2026-09-30T18:56:00+02:00,54,placa-vella,297,109,188,63.3
2026-09-30T16:56:00Z,2026-09-30T18:56:00+02:00,55,ajuntament-mercat,237,110,127,53.6
2026-09-30T16:57:00Z,2026-09-30T18:57:00+02:00,53,dr-robert,407,160,247,60.7
2026-09-30T16:57:00Z,2026-09-30T18:57:00+02:00,54,placa-vella,297,109,188,63.3
2026-09-30T16:57:00Z,2026-09-30T18:57:00+02:00,55,ajuntament-mercat,237,110,127,53.6
2026-09-30T16:58:00Z,2026-09-30T18:58:00+02:00,53,dr-robert,407,160,247,60.7
2026-09-30T16:58:00Z,2026-09-30T18:58:00+02:00,54,placa-vella,297,109,188,63.3
2026-09-30T16:58:00Z,2026-09-30T18:58:00+02:00,55,ajuntament-mercat,237,110,127,53.6
2026-09-30T16:59:00Z,2026-09-30T18:59:00+02:00,53,dr-robert,407,160,247,60.7
2026-09-30T16:59:00Z,2026-09-30T18:59:00+02:00,54,placa-vella,297,109,188,63.3
2026-09-30T16:59:00Z,2026-09-30T18:59:00+02:00,55,ajuntament-mercat,237,110,127,53.6
2026-09-30T17:00:00Z,2026-09-30T19:00:00+02:00,53,dr-robert,407,164,243,59.7
2026-09-30T17:00:00Z,2026-09-30T19:00:00+02:00,54,placa-vella,297,107,190,64
2026-09-30T17:00:00Z,2026-09-30T19:00:00+02:00,55,ajuntament-mercat,237,107,130,54.9
2026-09-30T17:01:00Z,2026-09-30T19:01:00+02:00,53,dr-robert,407,164,243,59.7
2026-09-30T17:01:00Z,2026-09-30T19:01:00+02:00,54,placa-vella,297,107,190,64
2026-09-30T17:01:00Z,2026-09-30T19:01:00+02:00,55,ajuntament-mercat,237,107,130,54.9
2026-09-30T17:02:00Z,2026-09-30T19:02:00+02:00,53,dr-robert,407,164,243,59.7
2026-09-30T17:02:00Z,2026-09-30T19:02:00+02:00,54,placa-vella,297,107,190,64
2026-09-30T17:02:00Z,2026-09-30T19:02:00+02:00,55,ajuntament-mercat,237,107,130,54.9
2026-09-30T17:03:00Z,2026-09-30T19:03:00+02:00,53,dr-robert,407,164,243,59.7
2026-09-30T17:03:00Z,2026-09-30T19:03:00+02:00,54,placa-vella,297,107,190,64
2026-09-30T17:03:00Z,2026-09-30T19:03:00+02:00,55,ajuntament-mercat,237,107,130,54.9
2026-09-30T17:04:00Z,2026-09-30T19:04:00+02:00,53,dr-robert,407,164,243,59.7
2026-09-30T17:04:00Z,2026-09-30T19:04:00+02:00,54,placa-vella,297,107,190,64
2026-09-30T17:04:00Z,2026-09-30T19:04:00+02:00,55,ajuntament-mercat,237,107,130,54.9
2026-09-30T17:05:00Z,2026-09-30T19:05:00+02:00,53,dr-robert,407,166,241,59.2
2026-09-30T17:05:00Z,2026-09-30T19:05:00+02:00,54,placa-vella,297,108,189,63.6
2026-09-30T17:05:00Z,2026-09-30T19:05:00+02:00,55,ajuntament-mercat,237,109,128,54
2026-09-30T17:06:00Z,2026-09-30T19:06:00+02:00,53,dr-robert,407,166,241,59.2
2026-09-30T17:06:00Z,2026-09-30T19:06:00+02:00,54,placa-vella,297,108,189,63.6
2026-09-30T17:06:00Z,2026-09-30T19:06:00+02:00,55,ajuntament-mercat,237,109,128,54
2026-09-30T17:07:00Z,2026-09-30T19:07:00+02:00,53,dr-robert,407,166,241,59.2
2026-09-30T17:07:00Z,2026-09-30T19:07:00+02:00,54,placa-vella,297,108,189,63.6
2026-09-30T17:07:00Z,2026-09-30T19:07:00+02:00,55,ajuntament-mercat,237,109,128,54
2026-09-30T17:08:00Z,2026-09-30T19:08:00+02:00,53,dr-robert,407,166,241,59.2
2026-09-30T17:08:00Z,2026-09-30T19:08:00+02:00,54,placa-vella,297,108,189,63.6
2026-09-30T17:08:00Z,2026-09-30T19:08:00+02:00,55,ajuntament-mercat,237,109,128,54
2026-09-30T17:09:00Z,2026-09-30T19:09:00+02:00,53,dr-robert,407,166,241,59.2
2026-09-30T17:09:00Z,2026-09-30T19:09:00+02:00,54,placa-vella,297,108,189,63.6
2026-09-30T17:09:00Z,2026-09-30T19:09:00+02:00,55,ajuntament-mercat,237,109,128,54
2026-09-30T17:10:00Z,2026-09-30T19:10:00+02:00,53,dr-robert,407,168,239,58.7
2026-09-30T17:10:00Z,2026-09-30T19:10:00+02:00,54,placa-vella,297,107,190,64
2026-09-30T17:10:00Z,2026-09-30T19:10:00+02:00,55,ajuntament-mercat,237,109,128,54
2026-09-30T17:11:00Z,2026-09-30T19:11:00+02:00,53,dr-robert,407,168,239,58.7
2026-09-30T17:11:00Z,2026-09-30T19:11:00+02:00,54,placa-vella,297,107,190,64
2026-09-30T17:11:00Z,2026-09-30T19:11:00+02:00,55,ajuntament-mercat,237,109,128,54
2026-09-30T17:12:00Z,2026-09-30T19:12:00+02:00,53,dr-robert,407,168,239,58.7
2026-09-30T17:12:00Z,2026-09-30T19:12:00+02:00,54,placa-vella,297,107,190,64
2026-09-30T17:12:00Z,2026-09-30T19:12:00+02:00,55,ajuntament-mercat,237,109,128,54
2026-09-30T17:13:00Z,2026-09-30T19:13:00+02:00,53,dr-robert,407,168,239,58.7
2026-09-30T17:13:00Z,2026-09-30T19:13:00+02:00,54,placa-vella,297,107,190,64
2026-09-30T17:13:00Z,2026-09-30T19:13:00+02:00,55,ajuntament-mercat,237,109,128,54
2026-09-30T17:14:00Z,2026-09-30T19:14:00+02:00,53,dr-robert,407,168,239,58.7
2026-09-30T17:14:00Z,2026-09-30T19:14:00+02:00,54,placa-vella,297,107,190,64
2026-09-30T17:14:00Z,2026-09-30T19:14:00+02:00,55,ajuntament-mercat,237,109,128,54
2026-09-30T17:15:00Z,2026-09-30T19:15:00+02:00,53,dr-robert,407,168,239,58.7
2026-09-30T17:15:00Z,2026-09-30T19:15:00+02:00,54,placa-vella,297,111,186,62.6
2026-09-30T17:15:00Z,2026-09-30T19:15:00+02:00,55,ajuntament-mercat,237,111,126,53.2
2026-09-30T17:16:00Z,2026-09-30T19:16:00+02:00,53,dr-robert,407,168,239,58.7
2026-09-30T17:16:00Z,2026-09-30T19:16:00+02:00,54,placa-vella,297,111,186,62.6
2026-09-30T17:16:00Z,2026-09-30T19:16:00+02:00,55,ajuntament-mercat,237,111,126,53.2
2026-09-30T17:17:00Z,2026-09-30T19:17:00+02:00,53,dr-robert,407,168,239,58.7
2026-09-30T17:17:00Z,2026-09-30T19:17:00+02:00,54,placa-vella,297,111,186,62.6
2026-09-30T17:17:00Z,2026-09-30T19:17:00+02:00,55,ajuntament-mercat,237,111,126,53.2
2026-09-30T17:18:00Z,2026-09-30T19:18:00+02:00,53,dr-robert,407,168,239,58.7
2026-09-30T17:18:00Z,2026-09-30T19:18:00+02:00,54,placa-vella,297,111,186,62.6
2026-09-30T17:18:00Z,2026-09-30T19:18:00+02:00,55,ajuntament-mercat,237,111,126,53.2
2026-09-30T17:19:00Z,2026-09-30T19:19:00+02:00,53,dr-robert,407,168,239,58.7
2026-09-30T17:19:00Z,2026-09-30T19:19:00+02:00,54,placa-vella,297,111,186,62.6
2026-09-30T17:19:00Z,2026-09-30T19:19:00+02:00,55,ajuntament-mercat,237,111,126,53.2
2026-09-30T17:20:00Z,2026-09-30T19:20:00+02:00,53,dr-robert,407,172,235,57.7
2026-09-30T17:20:00Z,2026-09-30T19:20:00+02:00,54,placa-vella,297,110,187,63
2026-09-30T17:20:00Z,2026-09-30T19:20:00+02:00,55,ajuntament-mercat,237,115,122,51.5
2026-09-30T17:21:00Z,2026-09-30T19:21:00+02:00,53,dr-robert,407,172,235,57.7
2026-09-30T17:21:00Z,2026-09-30T19:21:00+02:00,54,placa-vella,297,110,187,63
2026-09-30T17:21:00Z,2026-09-30T19:21:00+02:00,55,ajuntament-mercat,237,115,122,51.5
2026-09-30T17:22:00Z,2026-09-30T19:22:00+02:00,53,dr-robert,407,172,235,57.7
2026-09-30T17:22:00Z,2026-09-30T19:22:00+02:00,54,placa-vella,297,110,187,63
2026-09-30T17:22:00Z,2026-09-30T19:22:00+02:00,55,ajuntament-mercat,237,115,122,51.5
2026-09-30T17:23:00Z,2026-09-30T19:23:00+02:00,53,dr-robert,407,172,235,57.7
2026-09-30T17:23:00Z,2026-09-30T19:23:00+02:00,54,placa-vella,297,110,187,63
2026-09-30T17:23:00Z,2026-09-30T19:23:00+02:00,55,ajuntament-mercat,237,115,122,51.5
2026-09-30T17:24:00Z,2026-09-30T19:24:00+02:00,53,dr-robert,407,172,235,57.7
2026-09-30T17:24:00Z,2026-09-30T19:24:00+02:00,54,placa-vella,297,110,187,63
2026-09-30T17:24:00Z,2026-09-30T19:24:00+02:00,55,ajuntament-mercat,237,115,122,51.5
2026-09-30T17:25:00Z,2026-09-30T19:25:00+02:00,53,dr-robert,407,181,226,55.5
2026-09-30T17:25:00Z,2026-09-30T19:25:00+02:00,54,placa-vella,297,111,186,62.6
2026-09-30T17:25:00Z,2026-09-30T19:25:00+02:00,55,ajuntament-mercat,237,113,124,52.3
2026-09-30T17:26:00Z,2026-09-30T19:26:00+02:00,53,dr-robert,407,181,226,55.5
2026-09-30T17:26:00Z,2026-09-30T19:26:00+02:00,54,placa-vella,297,111,186,62.6
2026-09-30T17:26:00Z,2026-09-30T19:26:00+02:00,55,ajuntament-mercat,237,113,124,52.3
2026-09-30T17:27:00Z,2026-09-30T19:27:00+02:00,53,dr-robert,407,181,226,55.5
2026-09-30T17:27:00Z,2026-09-30T19:27:00+02:00,54,placa-vella,297,111,186,62.6
2026-09-30T17:27:00Z,2026-09-30T19:27:00+02:00,55,ajuntament-mercat,237,113,124,52.3
2026-09-30T17:28:00Z,2026-09-30T19:28:00+02:00,53,dr-robert,407,181,226,55.5
2026-09-30T17:28:00Z,2026-09-30T19:28:00+02:00,54,placa-vella,297,111,186,62.6
2026-09-30T17:28:00Z,2026-09-30T19:28:00+02:00,55,ajuntament-mercat,237,113,124,52.3
2026-09-30T17:29:00Z,2026-09-30T19:29:00+02:00,53,dr-robert,407,181,226,55.5
2026-09-30T17:29:00Z,2026-09-30T19:29:00+02:00,54,placa-vella,297,111,186,62.6
2026-09-30T17:29:00Z,2026-09-30T19:29:00+02:00,55,ajuntament-mercat,237,113,124,52.3
2026-09-30T17:30:00Z,2026-09-30T19:30:00+02:00,53,dr-robert,407,181,226,55.5
2026-09-30T17:30:00Z,2026-09-30T19:30:00+02:00,54,placa-vella,297,118,179,60.3
2026-09-30T17:30:00Z,2026-09-30T19:30:00+02:00,55,ajuntament-mercat,237,117,120,50.6
2026-09-30T17:31:00Z,2026-09-30T19:31:00+02:00,53,dr-robert,407,181,226,55.5
2026-09-30T17:31:00Z,2026-09-30T19:31:00+02:00,54,placa-vella,297,118,179,60.3
2026-09-30T17:31:00Z,2026-09-30T19:31:00+02:00,55,ajuntament-mercat,237,117,120,50.6
2026-09-30T17:32:00Z,2026-09-30T19:32:00+02:00,53,dr-robert,407,181,226,55.5
2026-09-30T17:32:00Z,2026-09-30T19:32:00+02:00,54,placa-vella,297,118,179,60.3
2026-09-30T17:32:00Z,2026-09-30T19:32:00+02:00,55,ajuntament-mercat,237,117,120,50.6
2026-09-30T17:33:00Z,2026-09-30T19:33:00+02:00,53,dr-robert,407,181,226,55.5
2026-09-30T17:33:00Z,2026-09-30T19:33:00+02:00,54,placa-vella,297,118,179,60.3
2026-09-30T17:33:00Z,2026-09-30T19:33:00+02:00,55,ajuntament-mercat,237,117,120,50.6
2026-09-30T17:34:00Z,2026-09-30T19:34:00+02:00,53,dr-robert,407,181,226,55.5
2026-09-30T17:34:00Z,2026-09-30T19:34:00+02:00,54,placa-vella,297,118,179,60.3
2026-09-30T17:34:00Z,2026-09-30T19:34:00+02:00,55,ajuntament-mercat,237,117,120,50.6
2026-09-30T17:35:00Z,2026-09-30T19:35:00+02:00,53,dr-robert,407,178,229,56.3
2026-09-30T17:35:00Z,2026-09-30T19:35:00+02:00,54,placa-vella,297,119,178,59.9
2026-09-30T17:35:00Z,2026-09-30T19:35:00+02:00,55,ajuntament-mercat,237,122,115,48.5
2026-09-30T17:36:00Z,2026-09-30T19:36:00+02:00,53,dr-robert,407,178,229,56.3
2026-09-30T17:36:00Z,2026-09-30T19:36:00+02:00,54,placa-vella,297,119,178,59.9
2026-09-30T17:36:00Z,2026-09-30T19:36:00+02:00,55,ajuntament-mercat,237,122,115,48.5
2026-09-30T17:37:00Z,2026-09-30T19:37:00+02:00,53,dr-robert,407,178,229,56.3
2026-09-30T17:37:00Z,2026-09-30T19:37:00+02:00,54,placa-vella,297,119,178,59.9
2026-09-30T17:37:00Z,2026-09-30T19:37:00+02:00,55,ajuntament-mercat,237,122,115,48.5
2026-09-30T17:38:00Z,2026-09-30T19:38:00+02:00,53,dr-robert,407,178,229,56.3
2026-09-30T17:38:00Z,2026-09-30T19:38:00+02:00,54,placa-vella,297,119,178,59.9
2026-09-30T17:38:00Z,2026-09-30T19:38:00+02:00,55,ajuntament-mercat,237,122,115,48.5
2026-09-30T17:39:00Z,2026-09-30T19:39:00+02:00,53,dr-robert,407,178,229,56.3
2026-09-30T17:39:00Z,2026-09-30T19:39:00+02:00,54,placa-vella,297,119,178,59.9
2026-09-30T17:39:00Z,2026-09-30T19:39:00+02:00,55,ajuntament-mercat,237,122,115,48.5
2026-09-30T17:40:00Z,2026-09-30T19:40:00+02:00,53,dr-robert,407,176,231,56.8
2026-09-30T17:40:00Z,2026-09-30T19:40:00+02:00,54,placa-vella,297,120,177,59.6
2026-09-30T17:40:00Z,2026-09-30T19:40:00+02:00,55,ajuntament-mercat,237,124,113,47.7
2026-09-30T17:41:00Z,2026-09-30T19:41:00+02:00,53,dr-robert,407,176,231,56.8
2026-09-30T17:41:00Z,2026-09-30T19:41:00+02:00,54,placa-vella,297,120,177,59.6
2026-09-30T17:41:00Z,2026-09-30T19:41:00+02:00,55,ajuntament-mercat,237,124,113,47.7
2026-09-30T17:42:00Z,2026-09-30T19:42:00+02:00,53,dr-robert,407,176,231,56.8
2026-09-30T17:42:00Z,2026-09-30T19:42:00+02:00,54,placa-vella,297,120,177,59.6
2026-09-30T17:42:00Z,2026-09-30T19:42:00+02:00,55,ajuntament-mercat,237,124,113,47.7
2026-09-30T17:43:00Z,2026-09-30T19:43:00+02:00,53,dr-robert,407,176,231,56.8
2026-09-30T17:43:00Z,2026-09-30T19:43:00+02:00,54,placa-vella,297,120,177,59.6
2026-09-30T17:43:00Z,2026-09-30T19:43:00+02:00,55,ajuntament-mercat,237,124,113,47.7
2026-09-30T17:44:00Z,2026-09-30T19:44:00+02:00,53,dr-robert,407,176,231,56.8
2026-09-30T17:44:00Z,2026-09-30T19:44:00+02:00,54,placa-vella,297,120,177,59.6
2026-09-30T17:44:00Z,2026-09-30T19:44:00+02:00,55,ajuntament-mercat,237,124,113,47.7
2026-09-30T17:45:00Z,2026-09-30T19:45:00+02:00,53,dr-robert,407,178,229,56.3
2026-09-30T17:45:00Z,2026-09-30T19:45:00+02:00,54,placa-vella,297,122,175,58.9
2026-09-30T17:45:00Z,2026-09-30T19:45:00+02:00,55,ajuntament-mercat,237,123,114,48.1
2026-09-30T17:46:00Z,2026-09-30T19:46:00+02:00,53,dr-robert,407,178,229,56.3
2026-09-30T17:46:00Z,2026-09-30T19:46:00+02:00,54,placa-vella,297,122,175,58.9
2026-09-30T17:46:00Z,2026-09-30T19:46:00+02:00,55,ajuntament-mercat,237,123,114,48.1
2026-09-30T17:47:00Z,2026-09-30T19:47:00+02:00,53,dr-robert,407,178,229,56.3
2026-09-30T17:47:00Z,2026-09-30T19:47:00+02:00,54,placa-vella,297,122,175,58.9
2026-09-30T17:47:00Z,2026-09-30T19:47:00+02:00,55,ajuntament-mercat,237,123,114,48.1
2026-09-30T17:48:00Z,2026-09-30T19:48:00+02:00,53,dr-robert,407,178,229,56.3
2026-09-30T17:48:00Z,2026-09-30T19:48:00+02:00,54,placa-vella,297,122,175,58.9
2026-09-30T17:48:00Z,2026-09-30T19:48:00+02:00,55,ajuntament-mercat,237,123,114,48.1
2026-09-30T17:49:00Z,2026-09-30T19:49:00+02:00,53,dr-robert,407,178,229,56.3
2026-09-30T17:49:00Z,2026-09-30T19:49:00+02:00,54,placa-vella,297,122,175,58.9
2026-09-30T17:49:00Z,2026-09-30T19:49:00+02:00,55,ajuntament-mercat,237,123,114,48.1
2026-09-30T17:50:00Z,2026-09-30T19:50:00+02:00,53,dr-robert,407,181,226,55.5
2026-09-30T17:50:00Z,2026-09-30T19:50:00+02:00,54,placa-vella,297,127,170,57.2
2026-09-30T17:50:00Z,2026-09-30T19:50:00+02:00,55,ajuntament-mercat,237,126,111,46.8
2026-09-30T17:51:00Z,2026-09-30T19:51:00+02:00,53,dr-robert,407,181,226,55.5
2026-09-30T17:51:00Z,2026-09-30T19:51:00+02:00,54,placa-vella,297,127,170,57.2
2026-09-30T17:51:00Z,2026-09-30T19:51:00+02:00,55,ajuntament-mercat,237,126,111,46.8
2026-09-30T17:52:00Z,2026-09-30T19:52:00+02:00,53,dr-robert,407,181,226,55.5
2026-09-30T17:52:00Z,2026-09-30T19:52:00+02:00,54,placa-vella,297,127,170,57.2
2026-09-30T17:52:00Z,2026-09-30T19:52:00+02:00,55,ajuntament-mercat,237,126,111,46.8
2026-09-30T17:53:00Z,2026-09-30T19:53:00+02:00,53,dr-robert,407,181,226,55.5
2026-09-30T17:53:00Z,2026-09-30T19:53:00+02:00,54,placa-vella,297,127,170,57.2
2026-09-30T17:53:00Z,2026-09-30T19:53:00+02:00,55,ajuntament-mercat,237,126,111,46.8
2026-09-30T17:54:00Z,2026-09-30T19:54:00+02:00,53,dr-robert,407,181,226,55.5
2026-09-30T17:54:00Z,2026-09-30T19:54:00+02:00,54,placa-vella,297,127,170,57.2
2026-09-30T17:54:00Z,2026-09-30T19:54:00+02:00,55,ajuntament-mercat,237,126,111,46.8
2026-09-30T17:55:00Z,2026-09-30T19:55:00+02:00,53,dr-robert,407,182,225,55.3
2026-09-30T17:55:00Z,2026-09-30T19:55:00+02:00,54,placa-vella,297,131,166,55.9
2026-09-30T17:55:00Z,2026-09-30T19:55:00+02:00,55,ajuntament-mercat,237,126,111,46.8
2026-09-30T17:56:00Z,2026-09-30T19:56:00+02:00,53,dr-robert,407,182,225,55.3
2026-09-30T17:56:00Z,2026-09-30T19:56:00+02:00,54,placa-vella,297,131,166,55.9
2026-09-30T17:56:00Z,2026-09-30T19:56:00+02:00,55,ajuntament-mercat,237,126,111,46.8
2026-09-30T17:57:00Z,2026-09-30T19:57:00+02:00,53,dr-robert,407,182,225,55.3
2026-09-30T17:57:00Z,2026-09-30T19:57:00+02:00,54,placa-vella,297,131,166,55.9
2026-09-30T17:57:00Z,2026-09-30T19:57:00+02:00,55,ajuntament-mercat,237,126,111,46.8
2026-09-30T17:58:00Z,2026-09-30T19:58:00+02:00,53,dr-robert,407,182,225,55.3
2026-09-30T17:58:00Z,2026-09-30T19:58:00+02:00,54,placa-vella,297,131,166,55.9
2026-09-30T17:58:00Z,2026-09-30T19:58:00+02:00,55,ajuntament-mercat,237,126,111,46.8
2026-09-30T17:59:00Z,2026-09-30T19:59:00+02:00,53,dr-robert,407,182,225,55.3
2026-09-30T17:59:00Z,2026-09-30T19:59:00+02:00,54,placa-vella,297,131,166,55.9
2026-09-30T17:59:00Z,2026-09-30T19:59:00+02:00,55,ajuntament-mercat,237,126,111,46.8
2026-09-30T18:00:00Z,2026-09-30T20:00:00+02:00,53,dr-robert,407,182,225,55.3
2026-09-30T18:00:00Z,2026-09-30T20:00:00+02:00,54,placa-vella,297,131,166,55.9
2026-09-30T18:00:00Z,2026-09-30T20:00:00+02:00,55,ajuntament-mercat,237,126,111,46.8
2026-09-30T18:01:00Z,2026-09-30T20:01:00+02:00,53,dr-robert,407,182,225,55.3
2026-09-30T18:01:00Z,2026-09-30T20:01:00+02:00,54,placa-vella,297,133,164,55.2
2026-09-30T18:01:00Z,2026-09-30T20:01:00+02:00,55,ajuntament-mercat,237,128,109,46
2026-09-30T18:02:00Z,2026-09-30T20:02:00+02:00,53,dr-robert,407,182,225,55.3
2026-09-30T18:02:00Z,2026-09-30T20:02:00+02:00,54,placa-vella,297,133,164,55.2
2026-09-30T18:02:00Z,2026-09-30T20:02:00+02:00,55,ajuntament-mercat,237,128,109,46
2026-09-30T18:03:00Z,2026-09-30T20:03:00+02:00,53,dr-robert,407,182,225,55.3
2026-09-30T18:03:00Z,2026-09-30T20:03:00+02:00,54,placa-vella,297,133,164,55.2
2026-09-30T18:03:00Z,2026-09-30T20:03:00+02:00,55,ajuntament-mercat,237,128,109,46
2026-09-30T18:04:00Z,2026-09-30T20:04:00+02:00,53,dr-robert,407,182,225,55.3
2026-09-30T18:04:00Z,2026-09-30T20:04:00+02:00,54,placa-vella,297,133,164,55.2
2026-09-30T18:04:00Z,2026-09-30T20:04:00+02:00,55,ajuntament-mercat,237,128,109,46
2026-09-30T18:05:00Z,2026-09-30T20:05:00+02:00,53,dr-robert,407,184,223,54.8
2026-09-30T18:05:00Z,2026-09-30T20:05:00+02:00,54,placa-vella,297,135,162,54.5
2026-09-30T18:05:00Z,2026-09-30T20:05:00+02:00,55,ajuntament-mercat,237,131,106,44.7
2026-09-30T18:06:00Z,2026-09-30T20:06:00+02:00,53,dr-robert,407,184,223,54.8
2026-09-30T18:06:00Z,2026-09-30T20:06:00+02:00,54,placa-vella,297,135,162,54.5
2026-09-30T18:06:00Z,2026-09-30T20:06:00+02:00,55,ajuntament-mercat,237,131,106,44.7
2026-09-30T18:07:00Z,2026-09-30T20:07:00+02:00,53,dr-robert,407,184,223,54.8
2026-09-30T18:07:00Z,2026-09-30T20:07:00+02:00,54,placa-vella,297,135,162,54.5
2026-09-30T18:07:00Z,2026-09-30T20:07:00+02:00,55,ajuntament-mercat,237,131,106,44.7
2026-09-30T18:08:00Z,2026-09-30T20:08:00+02:00,53,dr-robert,407,184,223,54.8
2026-09-30T18:08:00Z,2026-09-30T20:08:00+02:00,54,placa-vella,297,135,162,54.5
2026-09-30T18:08:00Z,2026-09-30T20:08:00+02:00,55,ajuntament-mercat,237,131,106,44.7
2026-09-30T18:09:00Z,2026-09-30T20:09:00+02:00,53,dr-robert,407,184,223,54.8
2026-09-30T18:09:00Z,2026-09-30T20:09:00+02:00,54,placa-vella,297,135,162,54.5
2026-09-30T18:09:00Z,2026-09-30T20:09:00+02:00,55,ajuntament-mercat,237,131,106,44.7
2026-09-30T18:10:00Z,2026-09-30T20:10:00+02:00,53,dr-robert,407,185,222,54.5
2026-09-30T18:10:00Z,2026-09-30T20:10:00+02:00,54,placa-vella,297,143,154,51.9
2026-09-30T18:10:00Z,2026-09-30T20:10:00+02:00,55,ajuntament-mercat,237,135,102,43
2026-09-30T18:11:00Z,2026-09-30T20:11:00+02:00,53,dr-robert,407,185,222,54.5
2026-09-30T18:11:00Z,2026-09-30T20:11:00+02:00,54,placa-vella,297,143,154,51.9
2026-09-30T18:11:00Z,2026-09-30T20:11:00+02:00,55,ajuntament-mercat,237,135,102,43
2026-09-30T18:12:00Z,2026-09-30T20:12:00+02:00,53,dr-robert,407,185,222,54.5
2026-09-30T18:12:00Z,2026-09-30T20:12:00+02:00,54,placa-vella,297,143,154,51.9
2026-09-30T18:12:00Z,2026-09-30T20:12:00+02:00,55,ajuntament-mercat,237,135,102,43
2026-09-30T18:13:00Z,2026-09-30T20:13:00+02:00,53,dr-robert,407,185,222,54.5
2026-09-30T18:13:00Z,2026-09-30T20:13:00+02:00,54,placa-vella,297,143,154,51.9
2026-09-30T18:13:00Z,2026-09-30T20:13:00+02:00,55,ajuntament-mercat,237,135,102,43
2026-09-30T18:14:00Z,2026-09-30T20:14:00+02:00,53,dr-robert,407,185,222,54.5
2026-09-30T18:14:00Z,2026-09-30T20:14:00+02:00,54,placa-vella,297,143,154,51.9
2026-09-30T18:14:00Z,2026-09-30T20:14:00+02:00,55,ajuntament-mercat,237,135,102,43
2026-09-30T18:15:00Z,2026-09-30T20:15:00+02:00,53,dr-robert,407,199,208,51.1
2026-09-30T18:15:00Z,2026-09-30T20:15:00+02:00,54,placa-vella,297,148,149,50.2
2026-09-30T18:15:00Z,2026-09-30T20:15:00+02:00,55,ajuntament-mercat,237,137,100,42.2
2026-09-30T18:16:00Z,2026-09-30T20:16:00+02:00,53,dr-robert,407,199,208,51.1
2026-09-30T18:16:00Z,2026-09-30T20:16:00+02:00,54,placa-vella,297,148,149,50.2
2026-09-30T18:16:00Z,2026-09-30T20:16:00+02:00,55,ajuntament-mercat,237,137,100,42.2
2026-09-30T18:17:00Z,2026-09-30T20:17:00+02:00,53,dr-robert,407,199,208,51.1
2026-09-30T18:17:00Z,2026-09-30T20:17:00+02:00,54,placa-vella,297,148,149,50.2
2026-09-30T18:17:00Z,2026-09-30T20:17:00+02:00,55,ajuntament-mercat,237,137,100,42.2
2026-09-30T18:18:00Z,2026-09-30T20:18:00+02:00,53,dr-robert,407,199,208,51.1
2026-09-30T18:18:00Z,2026-09-30T20:18:00+02:00,54,placa-vella,297,148,149,50.2
2026-09-30T18:18:00Z,2026-09-30T20:18:00+02:00,55,ajuntament-mercat,237,137,100,42.2
2026-09-30T18:19:00Z,2026-09-30T20:19:00+02:00,53,dr-robert,407,199,208,51.1
2026-09-30T18:19:00Z,2026-09-30T20:19:00+02:00,54,placa-vella,297,148,149,50.2
2026-09-30T18:19:00Z,2026-09-30T20:19:00+02:00,55,ajuntament-mercat,237,137,100,42.2
2026-09-30T18:20:00Z,2026-09-30T20:20:00+02:00,53,dr-robert,407,200,207,50.9
2026-09-30T18:20:00Z,2026-09-30T20:20:00+02:00,54,placa-vella,297,151,146,49.2
2026-09-30T18:20:00Z,2026-09-30T20:20:00+02:00,55,ajuntament-mercat,237,141,96,40.5
2026-09-30T18:21:00Z,2026-09-30T20:21:00+02:00,53,dr-robert,407,200,207,50.9
2026-09-30T18:21:00Z,2026-09-30T20:21:00+02:00,54,placa-vella,297,151,146,49.2
2026-09-30T18:21:00Z,2026-09-30T20:21:00+02:00,55,ajuntament-mercat,237,141,96,40.5
2026-09-30T18:22:00Z,2026-09-30T20:22:00+02:00,53,dr-robert,407,200,207,50.9
2026-09-30T18:22:00Z,2026-09-30T20:22:00+02:00,54,placa-vella,297,151,146,49.2
2026-09-30T18:22:00Z,2026-09-30T20:22:00+02:00,55,ajuntament-mercat,237,141,96,40.5
2026-09-30T18:23:00Z,2026-09-30T20:23:00+02:00,53,dr-robert,407,200,207,50.9
2026-09-30T18:23:00Z,2026-09-30T20:23:00+02:00,54,placa-vella,297,151,146,49.2
2026-09-30T18:23:00Z,2026-09-30T20:23:00+02:00,55,ajuntament-mercat,237,141,96,40.5
2026-09-30T18:24:00Z,2026-09-30T20:24:00+02:00,53,dr-robert,407,200,207,50.9
2026-09-30T18:24:00Z,2026-09-30T20:24:00+02:00,54,placa-vella,297,151,146,49.2
2026-09-30T18:24:00Z,2026-09-30T20:24:00+02:00,55,ajuntament-mercat,237,141,96,40.5
2026-09-30T18:25:00Z,2026-09-30T20:25:00+02:00,53,dr-robert,407,210,197,48.4
2026-09-30T18:25:00Z,2026-09-30T20:25:00+02:00,54,placa-vella,297,155,142,47.8
2026-09-30T18:25:00Z,2026-09-30T20:25:00+02:00,55,ajuntament-mercat,237,141,96,40.5
2026-09-30T18:26:00Z,2026-09-30T20:26:00+02:00,53,dr-robert,407,210,197,48.4
2026-09-30T18:26:00Z,2026-09-30T20:26:00+02:00,54,placa-vella,297,155,142,47.8
2026-09-30T18:26:00Z,2026-09-30T20:26:00+02:00,55,ajuntament-mercat,237,141,96,40.5
2026-09-30T18:27:00Z,2026-09-30T20:27:00+02:00,53,dr-robert,407,210,197,48.4
2026-09-30T18:27:00Z,2026-09-30T20:27:00+02:00,54,placa-vella,297,155,142,47.8
2026-09-30T18:27:00Z,2026-09-30T20:27:00+02:00,55,ajuntament-mercat,237,141,96,40.5
2026-09-30T18:28:00Z,2026-09-30T20:28:00+02:00,53,dr-robert,407,210,197,48.4
2026-09-30T18:28:00Z,2026-09-30T20:28:00+02:00,54,placa-vella,297,155,142,47.8
2026-09-30T18:28:00Z,2026-09-30T20:28:00+02:00,55,ajuntament-mercat,237,141,96,40.5
2026-09-30T18:29:00Z,2026-09-30T20:29:00+02:00,53,dr-robert,407,210,197,48.4
2026-09-30T18:29:00Z,2026-09-30T20:29:00+02:00,54,placa-vella,297,155,142,47.8
2026-09-30T18:29:00Z,2026-09-30T20:29:00+02:00,55,ajuntament-mercat,237,141,96,40.5
2026-09-30T18:30:00Z,2026-09-30T20:30:00+02:00,53,dr-robert,407,222,185,45.5
2026-09-30T18:30:00Z,2026-09-30T20:30:00+02:00,54,placa-vella,297,154,143,48.1
2026-09-30T18:30:00Z,2026-09-30T20:30:00+02:00,55,ajuntament-mercat,237,142,95,40.1
2026-09-30T18:31:00Z,2026-09-30T20:31:00+02:00,53,dr-robert,407,222,185,45.5
2026-09-30T18:31:00Z,2026-09-30T20:31:00+02:00,54,placa-vella,297,154,143,48.1
2026-09-30T18:31:00Z,2026-09-30T20:31:00+02:00,55,ajuntament-mercat,237,142,95,40.1
2026-09-30T18:32:00Z,2026-09-30T20:32:00+02:00,53,dr-robert,407,222,185,45.5
2026-09-30T18:32:00Z,2026-09-30T20:32:00+02:00,54,placa-vella,297,154,143,48.1
2026-09-30T18:32:00Z,2026-09-30T20:32:00+02:00,55,ajuntament-mercat,237,142,95,40.1
2026-09-30T18:33:00Z,2026-09-30T20:33:00+02:00,53,dr-robert,407,222,185,45.5
2026-09-30T18:33:00Z,2026-09-30T20:33:00+02:00,54,placa-vella,297,154,143,48.1
2026-09-30T18:33:00Z,2026-09-30T20:33:00+02:00,55,ajuntament-mercat,237,142,95,40.1
2026-09-30T18:34:00Z,2026-09-30T20:34:00+02:00,53,dr-robert,407,222,185,45.5
2026-09-30T18:34:00Z,2026-09-30T20:34:00+02:00,54,placa-vella,297,154,143,48.1
2026-09-30T18:34:00Z,2026-09-30T20:34:00+02:00,55,ajuntament-mercat,237,142,95,40.1
2026-09-30T18:35:00Z,2026-09-30T20:35:00+02:00,53,dr-robert,407,226,181,44.5
2026-09-30T18:35:00Z,2026-09-30T20:35:00+02:00,54,placa-vella,297,157,140,47.1
2026-09-30T18:35:00Z,2026-09-30T20:35:00+02:00,55,ajuntament-mercat,237,143,94,39.7
2026-09-30T18:36:00Z,2026-09-30T20:36:00+02:00,53,dr-robert,407,226,181,44.5
2026-09-30T18:36:00Z,2026-09-30T20:36:00+02:00,54,placa-vella,297,157,140,47.1
2026-09-30T18:36:00Z,2026-09-30T20:36:00+02:00,55,ajuntament-mercat,237,143,94,39.7
2026-09-30T18:37:00Z,2026-09-30T20:37:00+02:00,53,dr-robert,407,226,181,44.5
2026-09-30T18:37:00Z,2026-09-30T20:37:00+02:00,54,placa-vella,297,157,140,47.1
2026-09-30T18:37:00Z,2026-09-30T20:37:00+02:00,55,ajuntament-mercat,237,143,94,39.7
2026-09-30T18:38:00Z,2026-09-30T20:38:00+02:00,53,dr-robert,407,226,181,44.5
2026-09-30T18:38:00Z,2026-09-30T20:38:00+02:00,54,placa-vella,297,157,140,47.1
2026-09-30T18:38:00Z,2026-09-30T20:38:00+02:00,55,ajuntament-mercat,237,143,94,39.7
2026-09-30T18:39:00Z,2026-09-30T20:39:00+02:00,53,dr-robert,407,226,181,44.5
2026-09-30T18:39:00Z,2026-09-30T20:39:00+02:00,54,placa-vella,297,157,140,47.1
2026-09-30T18:39:00Z,2026-09-30T20:39:00+02:00,55,ajuntament-mercat,237,143,94,39.7
2026-09-30T18:40:00Z,2026-09-30T20:40:00+02:00,53,dr-robert,407,232,175,43
2026-09-30T18:40:00Z,2026-09-30T20:40:00+02:00,54,placa-vella,297,165,132,44.4
2026-09-30T18:40:00Z,2026-09-30T20:40:00+02:00,55,ajuntament-mercat,237,148,89,37.6
2026-09-30T18:41:00Z,2026-09-30T20:41:00+02:00,53,dr-robert,407,232,175,43
2026-09-30T18:41:00Z,2026-09-30T20:41:00+02:00,54,placa-vella,297,165,132,44.4
2026-09-30T18:41:00Z,2026-09-30T20:41:00+02:00,55,ajuntament-mercat,237,148,89,37.6
2026-09-30T18:42:00Z,2026-09-30T20:42:00+02:00,53,dr-robert,407,232,175,43
2026-09-30T18:42:00Z,2026-09-30T20:42:00+02:00,54,placa-vella,297,165,132,44.4
2026-09-30T18:42:00Z,2026-09-30T20:42:00+02:00,55,ajuntament-mercat,237,148,89,37.6
2026-09-30T18:43:00Z,2026-09-30T20:43:00+02:00,53,dr-robert,407,232,175,43
2026-09-30T18:43:00Z,2026-09-30T20:43:00+02:00,54,placa-vella,297,165,132,44.4
2026-09-30T18:43:00Z,2026-09-30T20:43:00+02:00,55,ajuntament-mercat,237,148,89,37.6
2026-09-30T18:44:00Z,2026-09-30T20:44:00+02:00,53,dr-robert,407,232,175,43
2026-09-30T18:44:00Z,2026-09-30T20:44:00+02:00,54,placa-vella,297,165,132,44.4
2026-09-30T18:44:00Z,2026-09-30T20:44:00+02:00,55,ajuntament-mercat,237,148,89,37.6
2026-09-30T18:45:00Z,2026-09-30T20:45:00+02:00,53,dr-robert,407,239,168,41.3
2026-09-30T18:45:00Z,2026-09-30T20:45:00+02:00,54,placa-vella,297,166,131,44.1
2026-09-30T18:45:00Z,2026-09-30T20:45:00+02:00,55,ajuntament-mercat,237,156,81,34.2
2026-09-30T18:46:00Z,2026-09-30T20:46:00+02:00,53,dr-robert,407,239,168,41.3
2026-09-30T18:46:00Z,2026-09-30T20:46:00+02:00,54,placa-vella,297,166,131,44.1
2026-09-30T18:46:00Z,2026-09-30T20:46:00+02:00,55,ajuntament-mercat,237,156,81,34.2
2026-09-30T18:47:00Z,2026-09-30T20:47:00+02:00,53,dr-robert,407,239,168,41.3
2026-09-30T18:47:00Z,2026-09-30T20:47:00+02:00,54,placa-vella,297,166,131,44.1
2026-09-30T18:47:00Z,2026-09-30T20:47:00+02:00,55,ajuntament-mercat,237,156,81,34.2
2026-09-30T18:48:00Z,2026-09-30T20:48:00+02:00,53,dr-robert,407,239,168,41.3
2026-09-30T18:48:00Z,2026-09-30T20:48:00+02:00,54,placa-vella,297,166,131,44.1
2026-09-30T18:48:00Z,2026-09-30T20:48:00+02:00,55,ajuntament-mercat,237,156,81,34.2
2026-09-30T18:49:00Z,2026-09-30T20:49:00+02:00,53,dr-robert,407,239,168,41.3
2026-09-30T18:49:00Z,2026-09-30T20:49:00+02:00,54,placa-vella,297,166,131,44.1
2026-09-30T18:49:00Z,2026-09-30T20:49:00+02:00,55,ajuntament-mercat,237,156,81,34.2
2026-09-30T18:50:00Z,2026-09-30T20:50:00+02:00,53,dr-robert,407,243,164,40.3
2026-09-30T18:50:00Z,2026-09-30T20:50:00+02:00,54,placa-vella,297,170,127,42.8
2026-09-30T18:50:00Z,2026-09-30T20:50:00+02:00,55,ajuntament-mercat,237,159,78,32.9
2026-09-30T18:51:00Z,2026-09-30T20:51:00+02:00,53,dr-robert,407,243,164,40.3
2026-09-30T18:51:00Z,2026-09-30T20:51:00+02:00,54,placa-vella,297,170,127,42.8
2026-09-30T18:51:00Z,2026-09-30T20:51:00+02:00,55,ajuntament-mercat,237,159,78,32.9
2026-09-30T18:52:00Z,2026-09-30T20:52:00+02:00,53,dr-robert,407,243,164,40.3
2026-09-30T18:52:00Z,2026-09-30T20:52:00+02:00,54,placa-vella,297,170,127,42.8
2026-09-30T18:52:00Z,2026-09-30T20:52:00+02:00,55,ajuntament-mercat,237,159,78,32.9
2026-09-30T18:53:00Z,2026-09-30T20:53:00+02:00,53,dr-robert,407,243,164,40.3
2026-09-30T18:53:00Z,2026-09-30T20:53:00+02:00,54,placa-vella,297,170,127,42.8
2026-09-30T18:53:00Z,2026-09-30T20:53:00+02:00,55,ajuntament-mercat,237,159,78,32.9
2026-09-30T18:54:00Z,2026-09-30T20:54:00+02:00,53,dr-robert,407,243,164,40.3
2026-09-30T18:54:00Z,2026-09-30T20:54:00+02:00,54,placa-vella,297,170,127,42.8
2026-09-30T18:54:00Z,2026-09-30T20:54:00+02:00,55,ajuntament-mercat,237,159,78,32.9
2026-09-30T18:55:00Z,2026-09-30T20:55:00+02:00,53,dr-robert,407,240,167,41
2026-09-30T18:55:00Z,2026-09-30T20:55:00+02:00,54,placa-vella,297,174,123,41.4
2026-09-30T18:55:00Z,2026-09-30T20:55:00+02:00,55,ajuntament-mercat,237,160,77,32.5
2026-09-30T18:56:00Z,2026-09-30T20:56:00+02:00,53,dr-robert,407,240,167,41
2026-09-30T18:56:00Z,2026-09-30T20:56:00+02:00,54,placa-vella,297,174,123,41.4
2026-09-30T18:56:00Z,2026-09-30T20:56:00+02:00,55,ajuntament-mercat,237,160,77,32.5
2026-09-30T18:57:00Z,2026-09-30T20:57:00+02:00,53,dr-robert,407,240,167,41
2026-09-30T18:57:00Z,2026-09-30T20:57:00+02:00,54,placa-vella,297,174,123,41.4
2026-09-30T18:57:00Z,2026-09-30T20:57:00+02:00,55,ajuntament-mercat,237,160,77,32.5
2026-09-30T18:58:00Z,2026-09-30T20:58:00+02:00,53,dr-robert,407,240,167,41
2026-09-30T18:58:00Z,2026-09-30T20:58:00+02:00,54,placa-vella,297,174,123,41.4
2026-09-30T18:58:00Z,2026-09-30T20:58:00+02:00,55,ajuntament-mercat,237,160,77,32.5
2026-09-30T18:59:00Z,2026-09-30T20:59:00+02:00,53,dr-robert,407,240,167,41
2026-09-30T18:59:00Z,2026-09-30T20:59:00+02:00,54,placa-vella,297,174,123,41.4
2026-09-30T18:59:00Z,2026-09-30T20:59:00+02:00,55,ajuntament-mercat,237,160,77,32.5
2026-09-30T19:00:00Z,2026-09-30T21:00:00+02:00,53,dr-robert,407,240,167,41
2026-09-30T19:00:00Z,2026-09-30T21:00:00+02:00,54,placa-vella,297,176,121,40.7
2026-09-30T19:00:00Z,2026-09-30T21:00:00+02:00,55,ajuntament-mercat,237,161,76,32.1
2026-09-30T19:01:00Z,2026-09-30T21:01:00+02:00,53,dr-robert,407,240,167,41
2026-09-30T19:01:00Z,2026-09-30T21:01:00+02:00,54,placa-vella,297,176,121,40.7
2026-09-30T19:01:00Z,2026-09-30T21:01:00+02:00,55,ajuntament-mercat,237,161,76,32.1
2026-09-30T19:02:00Z,2026-09-30T21:02:00+02:00,53,dr-robert,407,240,167,41
2026-09-30T19:02:00Z,2026-09-30T21:02:00+02:00,54,placa-vella,297,176,121,40.7
2026-09-30T19:02:00Z,2026-09-30T21:02:00+02:00,55,ajuntament-mercat,237,161,76,32.1
2026-09-30T19:03:00Z,2026-09-30T21:03:00+02:00,53,dr-robert,407,240,167,41
2026-09-30T19:03:00Z,2026-09-30T21:03:00+02:00,54,placa-vella,297,176,121,40.7
2026-09-30T19:03:00Z,2026-09-30T21:03:00+02:00,55,ajuntament-mercat,237,161,76,32.1
2026-09-30T19:04:00Z,2026-09-30T21:04:00+02:00,53,dr-robert,407,240,167,41
2026-09-30T19:04:00Z,2026-09-30T21:04:00+02:00,54,placa-vella,297,176,121,40.7
2026-09-30T19:04:00Z,2026-09-30T21:04:00+02:00,55,ajuntament-mercat,237,161,76,32.1
2026-09-30T19:05:00Z,2026-09-30T21:05:00+02:00,53,dr-robert,407,247,160,39.3
2026-09-30T19:05:00Z,2026-09-30T21:05:00+02:00,54,placa-vella,297,177,120,40.4
2026-09-30T19:05:00Z,2026-09-30T21:05:00+02:00,55,ajuntament-mercat,237,162,75,31.6
2026-09-30T19:06:00Z,2026-09-30T21:06:00+02:00,53,dr-robert,407,247,160,39.3
2026-09-30T19:06:00Z,2026-09-30T21:06:00+02:00,54,placa-vella,297,177,120,40.4
2026-09-30T19:06:00Z,2026-09-30T21:06:00+02:00,55,ajuntament-mercat,237,162,75,31.6
2026-09-30T19:07:00Z,2026-09-30T21:07:00+02:00,53,dr-robert,407,247,160,39.3
2026-09-30T19:07:00Z,2026-09-30T21:07:00+02:00,54,placa-vella,297,177,120,40.4
2026-09-30T19:07:00Z,2026-09-30T21:07:00+02:00,55,ajuntament-mercat,237,162,75,31.6
2026-09-30T19:08:00Z,2026-09-30T21:08:00+02:00,53,dr-robert,407,247,160,39.3
2026-09-30T19:08:00Z,2026-09-30T21:08:00+02:00,54,placa-vella,297,177,120,40.4
2026-09-30T19:08:00Z,2026-09-30T21:08:00+02:00,55,ajuntament-mercat,237,162,75,31.6
2026-09-30T19:09:00Z,2026-09-30T21:09:00+02:00,53,dr-robert,407,247,160,39.3
2026-09-30T19:09:00Z,2026-09-30T21:09:00+02:00,54,placa-vella,297,177,120,40.4
2026-09-30T19:09:00Z,2026-09-30T21:09:00+02:00,55,ajuntament-mercat,237,162,75,31.6
2026-09-30T19:10:00Z,2026-09-30T21:10:00+02:00,53,dr-robert,407,254,153,37.6
2026-09-30T19:10:00Z,2026-09-30T21:10:00+02:00,54,placa-vella,297,179,118,39.7
2026-09-30T19:10:00Z,2026-09-30T21:10:00+02:00,55,ajuntament-mercat,237,165,72,30.4
2026-09-30T19:11:00Z,2026-09-30T21:11:00+02:00,53,dr-robert,407,254,153,37.6
2026-09-30T19:11:00Z,2026-09-30T21:11:00+02:00,54,placa-vella,297,179,118,39.7
2026-09-30T19:11:00Z,2026-09-30T21:11:00+02:00,55,ajuntament-mercat,237,165,72,30.4
2026-09-30T19:12:00Z,2026-09-30T21:12:00+02:00,53,dr-robert,407,254,153,37.6
2026-09-30T19:12:00Z,2026-09-30T21:12:00+02:00,54,placa-vella,297,179,118,39.7
2026-09-30T19:12:00Z,2026-09-30T21:12:00+02:00,55,ajuntament-mercat,237,165,72,30.4
2026-09-30T19:13:00Z,2026-09-30T21:13:00+02:00,53,dr-robert,407,254,153,37.6
2026-09-30T19:13:00Z,2026-09-30T21:13:00+02:00,54,placa-vella,297,179,118,39.7
2026-09-30T19:13:00Z,2026-09-30T21:13:00+02:00,55,ajuntament-mercat,237,165,72,30.4
2026-09-30T19:14:00Z,2026-09-30T21:14:00+02:00,53,dr-robert,407,254,153,37.6
2026-09-30T19:14:00Z,2026-09-30T21:14:00+02:00,54,placa-vella,297,179,118,39.7
2026-09-30T19:14:00Z,2026-09-30T21:14:00+02:00,55,ajuntament-mercat,237,165,72,30.4
2026-09-30T19:15:00Z,2026-09-30T21:15:00+02:00,53,dr-robert,407,260,147,36.1
2026-09-30T19:15:00Z,2026-09-30T21:15:00+02:00,54,placa-vella,297,183,114,38.4
2026-09-30T19:15:00Z,2026-09-30T21:15:00+02:00,55,ajuntament-mercat,237,167,70,29.5
2026-09-30T19:16:00Z,2026-09-30T21:16:00+02:00,53,dr-robert,407,260,147,36.1
2026-09-30T19:16:00Z,2026-09-30T21:16:00+02:00,54,placa-vella,297,183,114,38.4
2026-09-30T19:16:00Z,2026-09-30T21:16:00+02:00,55,ajuntament-mercat,237,167,70,29.5
2026-09-30T19:17:00Z,2026-09-30T21:17:00+02:00,53,dr-robert,407,260,147,36.1
2026-09-30T19:17:00Z,2026-09-30T21:17:00+02:00,54,placa-vella,297,183,114,38.4
2026-09-30T19:17:00Z,2026-09-30T21:17:00+02:00,55,ajuntament-mercat,237,167,70,29.5
2026-09-30T19:18:00Z,2026-09-30T21:18:00+02:00,53,dr-robert,407,260,147,36.1
2026-09-30T19:18:00Z,2026-09-30T21:18:00+02:00,54,placa-vella,297,183,114,38.4
2026-09-30T19:18:00Z,2026-09-30T21:18:00+02:00,55,ajuntament-mercat,237,167,70,29.5
2026-09-30T19:19:00Z,2026-09-30T21:19:00+02:00,53,dr-robert,407,260,147,36.1
2026-09-30T19:19:00Z,2026-09-30T21:19:00+02:00,54,placa-vella,297,183,114,38.4
2026-09-30T19:19:00Z,2026-09-30T21:19:00+02:00,55,ajuntament-mercat,237,167,70,29.5
2026-09-30T19:20:00Z,2026-09-30T21:20:00+02:00,53,dr-robert,407,264,143,35.1
2026-09-30T19:20:00Z,2026-09-30T21:20:00+02:00,54,placa-vella,297,183,114,38.4
2026-09-30T19:20:00Z,2026-09-30T21:20:00+02:00,55,ajuntament-mercat,237,166,71,30
2026-09-30T19:21:00Z,2026-09-30T21:21:00+02:00,53,dr-robert,407,264,143,35.1
2026-09-30T19:21:00Z,2026-09-30T21:21:00+02:00,54,placa-vella,297,183,114,38.4
2026-09-30T19:21:00Z,2026-09-30T21:21:00+02:00,55,ajuntament-mercat,237,166,71,30
2026-09-30T19:22:00Z,2026-09-30T21:22:00+02:00,53,dr-robert,407,264,143,35.1
2026-09-30T19:22:00Z,2026-09-30T21:22:00+02:00,54,placa-vella,297,183,114,38.4
2026-09-30T19:22:00Z,2026-09-30T21:22:00+02:00,55,ajuntament-mercat,237,166,71,30
2026-09-30T19:23:00Z,2026-09-30T21:23:00+02:00,53,dr-robert,407,264,143,35.1
2026-09-30T19:23:00Z,2026-09-30T21:23:00+02:00,54,placa-vella,297,183,114,38.4
2026-09-30T19:23:00Z,2026-09-30T21:23:00+02:00,55,ajuntament-mercat,237,166,71,30
2026-09-30T19:24:00Z,2026-09-30T21:24:00+02:00,53,dr-robert,407,264,143,35.1
2026-09-30T19:24:00Z,2026-09-30T21:24:00+02:00,54,placa-vella,297,183,114,38.4
2026-09-30T19:24:00Z,2026-09-30T21:24:00+02:00,55,ajuntament-mercat,237,166,71,30
2026-09-30T19:25:00Z,2026-09-30T21:25:00+02:00,53,dr-robert,407,269,138,33.9
2026-09-30T19:25:00Z,2026-09-30T21:25:00+02:00,54,placa-vella,297,184,113,38
2026-09-30T19:25:00Z,2026-09-30T21:25:00+02:00,55,ajuntament-mercat,237,167,70,29.5
2026-09-30T19:26:00Z,2026-09-30T21:26:00+02:00,53,dr-robert,407,269,138,33.9
2026-09-30T19:26:00Z,2026-09-30T21:26:00+02:00,54,placa-vella,297,184,113,38
2026-09-30T19:26:00Z,2026-09-30T21:26:00+02:00,55,ajuntament-mercat,237,167,70,29.5
2026-09-30T19:27:00Z,2026-09-30T21:27:00+02:00,53,dr-robert,407,269,138,33.9
2026-09-30T19:27:00Z,2026-09-30T21:27:00+02:00,54,placa-vella,297,184,113,38
2026-09-30T19:27:00Z,2026-09-30T21:27:00+02:00,55,ajuntament-mercat,237,167,70,29.5
2026-09-30T19:28:00Z,2026-09-30T21:28:00+02:00,53,dr-robert,407,269,138,33.9
2026-09-30T19:28:00Z,2026-09-30T21:28:00+02:00,54,placa-vella,297,184,113,38
2026-09-30T19:28:00Z,2026-09-30T21:28:00+02:00,55,ajuntament-mercat,237,167,70,29.5
2026-09-30T19:29:00Z,2026-09-30T21:29:00+02:00,53,dr-robert,407,269,138,33.9
2026-09-30T19:29:00Z,2026-09-30T21:29:00+02:00,54,placa-vella,297,184,113,38
2026-09-30T19:29:00Z,2026-09-30T21:29:00+02:00,55,ajuntament-mercat,237,167,70,29.5
2026-09-30T19:30:00Z,2026-09-30T21:30:00+02:00,53,dr-robert,407,267,140,34.4
2026-09-30T19:30:00Z,2026-09-30T21:30:00+02:00,54,placa-vella,297,185,112,37.7
2026-09-30T19:30:00Z,2026-09-30T21:30:00+02:00,55,ajuntament-mercat,237,167,70,29.5
2026-09-30T19:31:00Z,2026-09-30T21:31:00+02:00,53,dr-robert,407,267,140,34.4
2026-09-30T19:31:00Z,2026-09-30T21:31:00+02:00,54,placa-vella,297,185,112,37.7
2026-09-30T19:31:00Z,2026-09-30T21:31:00+02:00,55,ajuntament-mercat,237,167,70,29.5
2026-09-30T19:32:00Z,2026-09-30T21:32:00+02:00,53,dr-robert,407,267,140,34.4
2026-09-30T19:32:00Z,2026-09-30T21:32:00+02:00,54,placa-vella,297,185,112,37.7
2026-09-30T19:32:00Z,2026-09-30T21:32:00+02:00,55,ajuntament-mercat,237,167,70,29.5
2026-09-30T19:33:00Z,2026-09-30T21:33:00+02:00,53,dr-robert,407,267,140,34.4
2026-09-30T19:33:00Z,2026-09-30T21:33:00+02:00,54,placa-vella,297,185,112,37.7
2026-09-30T19:33:00Z,2026-09-30T21:33:00+02:00,55,ajuntament-mercat,237,167,70,29.5
2026-09-30T19:34:00Z,2026-09-30T21:34:00+02:00,53,dr-robert,407,267,140,34.4
2026-09-30T19:34:00Z,2026-09-30T21:34:00+02:00,54,placa-vella,297,185,112,37.7
2026-09-30T19:34:00Z,2026-09-30T21:34:00+02:00,55,ajuntament-mercat,237,167,70,29.5
2026-09-30T19:35:00Z,2026-09-30T21:35:00+02:00,53,dr-robert,407,271,136,33.4
2026-09-30T19:35:00Z,2026-09-30T21:35:00+02:00,54,placa-vella,297,185,112,37.7
2026-09-30T19:35:00Z,2026-09-30T21:35:00+02:00,55,ajuntament-mercat,237,167,70,29.5
2026-09-30T19:36:00Z,2026-09-30T21:36:00+02:00,53,dr-robert,407,271,136,33.4
2026-09-30T19:36:00Z,2026-09-30T21:36:00+02:00,54,placa-vella,297,185,112,37.7
2026-09-30T19:36:00Z,2026-09-30T21:36:00+02:00,55,ajuntament-mercat,237,167,70,29.5
2026-09-30T19:37:00Z,2026-09-30T21:37:00+02:00,53,dr-robert,407,271,136,33.4
2026-09-30T19:37:00Z,2026-09-30T21:37:00+02:00,54,placa-vella,297,185,112,37.7
2026-09-30T19:37:00Z,2026-09-30T21:37:00+02:00,55,ajuntament-mercat,237,167,70,29.5
2026-09-30T19:38:00Z,2026-09-30T21:38:00+02:00,53,dr-robert,407,271,136,33.4
2026-09-30T19:38:00Z,2026-09-30T21:38:00+02:00,54,placa-vella,297,185,112,37.7
2026-09-30T19:38:00Z,2026-09-30T21:38:00+02:00,55,ajuntament-mercat,237,167,70,29.5
2026-09-30T19:39:00Z,2026-09-30T21:39:00+02:00,53,dr-robert,407,271,136,33.4
2026-09-30T19:39:00Z,2026-09-30T21:39:00+02:00,54,placa-vella,297,185,112,37.7
2026-09-30T19:39:00Z,2026-09-30T21:39:00+02:00,55,ajuntament-mercat,237,167,70,29.5
2026-09-30T19:40:00Z,2026-09-30T21:40:00+02:00,53,dr-robert,407,274,133,32.7
2026-09-30T19:40:00Z,2026-09-30T21:40:00+02:00,54,placa-vella,297,184,113,38
2026-09-30T19:40:00Z,2026-09-30T21:40:00+02:00,55,ajuntament-mercat,237,168,69,29.1
2026-09-30T19:41:00Z,2026-09-30T21:41:00+02:00,53,dr-robert,407,274,133,32.7
2026-09-30T19:41:00Z,2026-09-30T21:41:00+02:00,54,placa-vella,297,184,113,38
2026-09-30T19:41:00Z,2026-09-30T21:41:00+02:00,55,ajuntament-mercat,237,168,69,29.1
2026-09-30T19:42:00Z,2026-09-30T21:42:00+02:00,53,dr-robert,407,274,133,32.7
2026-09-30T19:42:00Z,2026-09-30T21:42:00+02:00,54,placa-vella,297,184,113,38
2026-09-30T19:42:00Z,2026-09-30T21:42:00+02:00,55,ajuntament-mercat,237,168,69,29.1
2026-09-30T19:43:00Z,2026-09-30T21:43:00+02:00,53,dr-robert,407,274,133,32.7
2026-09-30T19:43:00Z,2026-09-30T21:43:00+02:00,54,placa-vella,297,184,113,38
2026-09-30T19:43:00Z,2026-09-30T21:43:00+02:00,55,ajuntament-mercat,237,168,69,29.1
2026-09-30T19:44:00Z,2026-09-30T21:44:00+02:00,53,dr-robert,407,274,133,32.7
2026-09-30T19:44:00Z,2026-09-30T21:44:00+02:00,54,placa-vella,297,184,113,38
2026-09-30T19:44:00Z,2026-09-30T21:44:00+02:00,55,ajuntament-mercat,237,168,69,29.1
2026-09-30T19:45:00Z,2026-09-30T21:45:00+02:00,53,dr-robert,407,276,131,32.2
2026-09-30T19:45:00Z,2026-09-30T21:45:00+02:00,54,placa-vella,297,183,114,38.4
2026-09-30T19:45:00Z,2026-09-30T21:45:00+02:00,55,ajuntament-mercat,237,171,66,27.8
2026-09-30T19:46:00Z,2026-09-30T21:46:00+02:00,53,dr-robert,407,276,131,32.2
2026-09-30T19:46:00Z,2026-09-30T21:46:00+02:00,54,placa-vella,297,183,114,38.4
2026-09-30T19:46:00Z,2026-09-30T21:46:00+02:00,55,ajuntament-mercat,237,171,66,27.8
2026-09-30T19:47:00Z,2026-09-30T21:47:00+02:00,53,dr-robert,407,276,131,32.2
2026-09-30T19:47:00Z,2026-09-30T21:47:00+02:00,54,placa-vella,297,183,114,38.4
2026-09-30T19:47:00Z,2026-09-30T21:47:00+02:00,55,ajuntament-mercat,237,171,66,27.8
2026-09-30T19:48:00Z,2026-09-30T21:48:00+02:00,53,dr-robert,407,276,131,32.2
2026-09-30T19:48:00Z,2026-09-30T21:48:00+02:00,54,placa-vella,297,183,114,38.4
2026-09-30T19:48:00Z,2026-09-30T21:48:00+02:00,55,ajuntament-mercat,237,171,66,27.8
2026-09-30T19:49:00Z,2026-09-30T21:49:00+02:00,53,dr-robert,407,276,131,32.2
2026-09-30T19:49:00Z,2026-09-30T21:49:00+02:00,54,placa-vella,297,183,114,38.4
2026-09-30T19:49:00Z,2026-09-30T21:49:00+02:00,55,ajuntament-mercat,237,171,66,27.8
2026-09-30T19:50:00Z,2026-09-30T21:50:00+02:00,53,dr-robert,407,284,123,30.2
2026-09-30T19:50:00Z,2026-09-30T21:50:00+02:00,54,placa-vella,297,183,114,38.4
2026-09-30T19:50:00Z,2026-09-30T21:50:00+02:00,55,ajuntament-mercat,237,172,65,27.4
2026-09-30T19:51:00Z,2026-09-30T21:51:00+02:00,53,dr-robert,407,284,123,30.2
2026-09-30T19:51:00Z,2026-09-30T21:51:00+02:00,54,placa-vella,297,183,114,38.4
2026-09-30T19:51:00Z,2026-09-30T21:51:00+02:00,55,ajuntament-mercat,237,172,65,27.4
2026-09-30T19:52:00Z,2026-09-30T21:52:00+02:00,53,dr-robert,407,284,123,30.2
2026-09-30T19:52:00Z,2026-09-30T21:52:00+02:00,54,placa-vella,297,183,114,38.4
2026-09-30T19:52:00Z,2026-09-30T21:52:00+02:00,55,ajuntament-mercat,237,172,65,27.4
2026-09-30T19:53:00Z,2026-09-30T21:53:00+02:00,53,dr-robert,407,284,123,30.2
2026-09-30T19:53:00Z,2026-09-30T21:53:00+02:00,54,placa-vella,297,183,114,38.4
2026-09-30T19:53:00Z,2026-09-30T21:53:00+02:00,55,ajuntament-mercat,237,172,65,27.4
2026-09-30T19:54:00Z,2026-09-30T21:54:00+02:00,53,dr-robert,407,284,123,30.2
2026-09-30T19:54:00Z,2026-09-30T21:54:00+02:00,54,placa-vella,297,183,114,38.4
2026-09-30T19:54:00Z,2026-09-30T21:54:00+02:00,55,ajuntament-mercat,237,172,65,27.4
2026-09-30T19:55:00Z,2026-09-30T21:55:00+02:00,53,dr-robert,407,289,118,29
2026-09-30T19:55:00Z,2026-09-30T21:55:00+02:00,54,placa-vella,297,182,115,38.7
2026-09-30T19:55:00Z,2026-09-30T21:55:00+02:00,55,ajuntament-mercat,237,173,64,27
2026-09-30T19:56:00Z,2026-09-30T21:56:00+02:00,53,dr-robert,407,289,118,29
2026-09-30T19:56:00Z,2026-09-30T21:56:00+02:00,54,placa-vella,297,182,115,38.7
2026-09-30T19:56:00Z,2026-09-30T21:56:00+02:00,55,ajuntament-mercat,237,173,64,27
2026-09-30T19:57:00Z,2026-09-30T21:57:00+02:00,53,dr-robert,407,289,118,29
2026-09-30T19:57:00Z,2026-09-30T21:57:00+02:00,54,placa-vella,297,182,115,38.7
2026-09-30T19:57:00Z,2026-09-30T21:57:00+02:00,55,ajuntament-mercat,237,173,64,27
2026-09-30T19:58:00Z,2026-09-30T21:58:00+02:00,53,dr-robert,407,289,118,29
2026-09-30T19:58:00Z,2026-09-30T21:58:00+02:00,54,placa-vella,297,182,115,38.7
2026-09-30T19:58:00Z,2026-09-30T21:58:00+02:00,55,ajuntament-mercat,237,173,64,27
2026-09-30T19:59:00Z,2026-09-30T21:59:00+02:00,53,dr-robert,407,289,118,29
2026-09-30T19:59:00Z,2026-09-30T21:59:00+02:00,54,placa-vella,297,182,115,38.7
2026-09-30T19:59:00Z,2026-09-30T21:59:00+02:00,55,ajuntament-mercat,237,173,64,27
2026-09-30T20:00:00Z,2026-09-30T22:00:00+02:00,53,dr-robert,407,289,118,29
2026-09-30T20:00:00Z,2026-09-30T22:00:00+02:00,54,placa-vella,297,182,115,38.7
2026-09-30T20:00:00Z,2026-09-30T22:00:00+02:00,55,ajuntament-mercat,237,173,64,27
2026-09-30T20:01:00Z,2026-09-30T22:01:00+02:00,53,dr-robert,407,289,118,29
2026-09-30T20:01:00Z,2026-09-30T22:01:00+02:00,54,placa-vella,297,183,114,38.4
2026-09-30T20:01:00Z,2026-09-30T22:01:00+02:00,55,ajuntament-mercat,237,171,66,27.8
2026-09-30T20:02:00Z,2026-09-30T22:02:00+02:00,53,dr-robert,407,289,118,29
2026-09-30T20:02:00Z,2026-09-30T22:02:00+02:00,54,placa-vella,297,183,114,38.4
2026-09-30T20:02:00Z,2026-09-30T22:02:00+02:00,55,ajuntament-mercat,237,171,66,27.8
2026-09-30T20:03:00Z,2026-09-30T22:03:00+02:00,53,dr-robert,407,289,118,29
2026-09-30T20:03:00Z,2026-09-30T22:03:00+02:00,54,placa-vella,297,183,114,38.4
2026-09-30T20:03:00Z,2026-09-30T22:03:00+02:00,55,ajuntament-mercat,237,171,66,27.8
2026-09-30T20:04:00Z,2026-09-30T22:04:00+02:00,53,dr-robert,407,289,118,29
2026-09-30T20:04:00Z,2026-09-30T22:04:00+02:00,54,placa-vella,297,183,114,38.4
2026-09-30T20:04:00Z,2026-09-30T22:04:00+02:00,55,ajuntament-mercat,237,171,66,27.8
2026-09-30T20:05:00Z,2026-09-30T22:05:00+02:00,53,dr-robert,407,293,114,28
2026-09-30T20:05:00Z,2026-09-30T22:05:00+02:00,54,placa-vella,297,185,112,37.7
2026-09-30T20:05:00Z,2026-09-30T22:05:00+02:00,55,ajuntament-mercat,237,171,66,27.8
2026-09-30T20:06:00Z,2026-09-30T22:06:00+02:00,53,dr-robert,407,293,114,28
2026-09-30T20:06:00Z,2026-09-30T22:06:00+02:00,54,placa-vella,297,185,112,37.7
2026-09-30T20:06:00Z,2026-09-30T22:06:00+02:00,55,ajuntament-mercat,237,171,66,27.8
2026-09-30T20:07:00Z,2026-09-30T22:07:00+02:00,53,dr-robert,407,293,114,28
2026-09-30T20:07:00Z,2026-09-30T22:07:00+02:00,54,placa-vella,297,185,112,37.7
2026-09-30T20:07:00Z,2026-09-30T22:07:00+02:00,55,ajuntament-mercat,237,171,66,27.8
2026-09-30T20:08:00Z,2026-09-30T22:08:00+02:00,53,dr-robert,407,293,114,28
2026-09-30T20:08:00Z,2026-09-30T22:08:00+02:00,54,placa-vella,297,185,112,37.7
2026-09-30T20:08:00Z,2026-09-30T22:08:00+02:00,55,ajuntament-mercat,237,171,66,27.8
2026-09-30T20:09:00Z,2026-09-30T22:09:00+02:00,53,dr-robert,407,293,114,28
2026-09-30T20:09:00Z,2026-09-30T22:09:00+02:00,54,placa-vella,297,185,112,37.7
2026-09-30T20:09:00Z,2026-09-30T22:09:00+02:00,55,ajuntament-mercat,237,171,66,27.8
2026-09-30T20:10:00Z,2026-09-30T22:10:00+02:00,53,dr-robert,407,295,112,27.5
2026-09-30T20:10:00Z,2026-09-30T22:10:00+02:00,54,placa-vella,297,185,112,37.7
2026-09-30T20:10:00Z,2026-09-30T22:10:00+02:00,55,ajuntament-mercat,237,171,66,27.8
2026-09-30T20:11:00Z,2026-09-30T22:11:00+02:00,53,dr-robert,407,295,112,27.5
2026-09-30T20:11:00Z,2026-09-30T22:11:00+02:00,54,placa-vella,297,185,112,37.7
2026-09-30T20:11:00Z,2026-09-30T22:11:00+02:00,55,ajuntament-mercat,237,171,66,27.8
2026-09-30T20:12:00Z,2026-09-30T22:12:00+02:00,53,dr-robert,407,295,112,27.5
2026-09-30T20:12:00Z,2026-09-30T22:12:00+02:00,54,placa-vella,297,185,112,37.7
2026-09-30T20:12:00Z,2026-09-30T22:12:00+02:00,55,ajuntament-mercat,237,171,66,27.8
2026-09-30T20:13:00Z,2026-09-30T22:13:00+02:00,53,dr-robert,407,295,112,27.5
2026-09-30T20:13:00Z,2026-09-30T22:13:00+02:00,54,placa-vella,297,185,112,37.7
2026-09-30T20:13:00Z,2026-09-30T22:13:00+02:00,55,ajuntament-mercat,237,171,66,27.8
2026-09-30T20:14:00Z,2026-09-30T22:14:00+02:00,53,dr-robert,407,295,112,27.5
2026-09-30T20:14:00Z,2026-09-30T22:14:00+02:00,54,placa-vella,297,185,112,37.7
2026-09-30T20:14:00Z,2026-09-30T22:14:00+02:00,55,ajuntament-mercat,237,171,66,27.8
2026-09-30T20:15:00Z,2026-09-30T22:15:00+02:00,53,dr-robert,407,296,111,27.3
2026-09-30T20:15:00Z,2026-09-30T22:15:00+02:00,54,placa-vella,297,185,112,37.7
2026-09-30T20:15:00Z,2026-09-30T22:15:00+02:00,55,ajuntament-mercat,237,173,64,27
2026-09-30T20:16:00Z,2026-09-30T22:16:00+02:00,53,dr-robert,407,296,111,27.3
2026-09-30T20:16:00Z,2026-09-30T22:16:00+02:00,54,placa-vella,297,185,112,37.7
2026-09-30T20:16:00Z,2026-09-30T22:16:00+02:00,55,ajuntament-mercat,237,173,64,27
2026-09-30T20:17:00Z,2026-09-30T22:17:00+02:00,53,dr-robert,407,296,111,27.3
2026-09-30T20:17:00Z,2026-09-30T22:17:00+02:00,54,placa-vella,297,185,112,37.7
2026-09-30T20:17:00Z,2026-09-30T22:17:00+02:00,55,ajuntament-mercat,237,173,64,27
2026-09-30T20:18:00Z,2026-09-30T22:18:00+02:00,53,dr-robert,407,296,111,27.3
2026-09-30T20:18:00Z,2026-09-30T22:18:00+02:00,54,placa-vella,297,185,112,37.7
2026-09-30T20:18:00Z,2026-09-30T22:18:00+02:00,55,ajuntament-mercat,237,173,64,27
2026-09-30T20:19:00Z,2026-09-30T22:19:00+02:00,53,dr-robert,407,296,111,27.3
2026-09-30T20:19:00Z,2026-09-30T22:19:00+02:00,54,placa-vella,297,185,112,37.7
2026-09-30T20:19:00Z,2026-09-30T22:19:00+02:00,55,ajuntament-mercat,237,173,64,27
2026-09-30T20:20:00Z,2026-09-30T22:20:00+02:00,53,dr-robert,407,297,110,27
2026-09-30T20:20:00Z,2026-09-30T22:20:00+02:00,54,placa-vella,297,188,109,36.7
2026-09-30T20:20:00Z,2026-09-30T22:20:00+02:00,55,ajuntament-mercat,237,174,63,26.6
2026-09-30T20:21:00Z,2026-09-30T22:21:00+02:00,53,dr-robert,407,297,110,27
2026-09-30T20:21:00Z,2026-09-30T22:21:00+02:00,54,placa-vella,297,188,109,36.7
2026-09-30T20:21:00Z,2026-09-30T22:21:00+02:00,55,ajuntament-mercat,237,174,63,26.6
2026-09-30T20:22:00Z,2026-09-30T22:22:00+02:00,53,dr-robert,407,297,110,27
2026-09-30T20:22:00Z,2026-09-30T22:22:00+02:00,54,placa-vella,297,188,109,36.7
2026-09-30T20:22:00Z,2026-09-30T22:22:00+02:00,55,ajuntament-mercat,237,174,63,26.6
2026-09-30T20:23:00Z,2026-09-30T22:23:00+02:00,53,dr-robert,407,297,110,27
2026-09-30T20:23:00Z,2026-09-30T22:23:00+02:00,54,placa-vella,297,188,109,36.7
2026-09-30T20:23:00Z,2026-09-30T22:23:00+02:00,55,ajuntament-mercat,237,174,63,26.6
2026-09-30T20:24:00Z,2026-09-30T22:24:00+02:00,53,dr-robert,407,297,110,27
2026-09-30T20:24:00Z,2026-09-30T22:24:00+02:00,54,placa-vella,297,188,109,36.7
2026-09-30T20:24:00Z,2026-09-30T22:24:00+02:00,55,ajuntament-mercat,237,174,63,26.6
2026-09-30T20:25:00Z,2026-09-30T22:25:00+02:00,53,dr-robert,407,297,110,27
2026-09-30T20:25:00Z,2026-09-30T22:25:00+02:00,54,placa-vella,297,189,108,36.4
2026-09-30T20:25:00Z,2026-09-30T22:25:00+02:00,55,ajuntament-mercat,237,174,63,26.6
2026-09-30T20:26:00Z,2026-09-30T22:26:00+02:00,53,dr-robert,407,297,110,27
2026-09-30T20:26:00Z,2026-09-30T22:26:00+02:00,54,placa-vella,297,189,108,36.4
2026-09-30T20:26:00Z,2026-09-30T22:26:00+02:00,55,ajuntament-mercat,237,174,63,26.6
2026-09-30T20:27:00Z,2026-09-30T22:27:00+02:00,53,dr-robert,407,297,110,27
2026-09-30T20:27:00Z,2026-09-30T22:27:00+02:00,54,placa-vella,297,189,108,36.4
2026-09-30T20:27:00Z,2026-09-30T22:27:00+02:00,55,ajuntament-mercat,237,174,63,26.6
2026-09-30T20:28:00Z,2026-09-30T22:28:00+02:00,53,dr-robert,407,297,110,27
2026-09-30T20:28:00Z,2026-09-30T22:28:00+02:00,54,placa-vella,297,189,108,36.4
2026-09-30T20:28:00Z,2026-09-30T22:28:00+02:00,55,ajuntament-mercat,237,174,63,26.6
2026-09-30T20:29:00Z,2026-09-30T22:29:00+02:00,53,dr-robert,407,297,110,27
2026-09-30T20:29:00Z,2026-09-30T22:29:00+02:00,54,placa-vella,297,189,108,36.4
2026-09-30T20:29:00Z,2026-09-30T22:29:00+02:00,55,ajuntament-mercat,237,174,63,26.6
2026-09-30T20:30:00Z,2026-09-30T22:30:00+02:00,53,dr-robert,407,294,113,27.8
2026-09-30T20:30:00Z,2026-09-30T22:30:00+02:00,54,placa-vella,297,189,108,36.4
2026-09-30T20:30:00Z,2026-09-30T22:30:00+02:00,55,ajuntament-mercat,237,175,62,26.2
2026-09-30T20:31:00Z,2026-09-30T22:31:00+02:00,53,dr-robert,407,294,113,27.8
2026-09-30T20:31:00Z,2026-09-30T22:31:00+02:00,54,placa-vella,297,189,108,36.4
2026-09-30T20:31:00Z,2026-09-30T22:31:00+02:00,55,ajuntament-mercat,237,175,62,26.2
2026-09-30T20:32:00Z,2026-09-30T22:32:00+02:00,53,dr-robert,407,294,113,27.8
2026-09-30T20:32:00Z,2026-09-30T22:32:00+02:00,54,placa-vella,297,189,108,36.4
2026-09-30T20:32:00Z,2026-09-30T22:32:00+02:00,55,ajuntament-mercat,237,175,62,26.2
2026-09-30T20:33:00Z,2026-09-30T22:33:00+02:00,53,dr-robert,407,294,113,27.8
2026-09-30T20:33:00Z,2026-09-30T22:33:00+02:00,54,placa-vella,297,189,108,36.4
2026-09-30T20:33:00Z,2026-09-30T22:33:00+02:00,55,ajuntament-mercat,237,175,62,26.2
2026-09-30T20:34:00Z,2026-09-30T22:34:00+02:00,53,dr-robert,407,294,113,27.8
2026-09-30T20:34:00Z,2026-09-30T22:34:00+02:00,54,placa-vella,297,189,108,36.4
2026-09-30T20:34:00Z,2026-09-30T22:34:00+02:00,55,ajuntament-mercat,237,175,62,26.2
2026-09-30T20:35:00Z,2026-09-30T22:35:00+02:00,53,dr-robert,407,293,114,28
2026-09-30T20:35:00Z,2026-09-30T22:35:00+02:00,54,placa-vella,297,190,107,36
2026-09-30T20:35:00Z,2026-09-30T22:35:00+02:00,55,ajuntament-mercat,237,176,61,25.7
2026-09-30T20:36:00Z,2026-09-30T22:36:00+02:00,53,dr-robert,407,293,114,28
2026-09-30T20:36:00Z,2026-09-30T22:36:00+02:00,54,placa-vella,297,190,107,36
2026-09-30T20:36:00Z,2026-09-30T22:36:00+02:00,55,ajuntament-mercat,237,176,61,25.7
2026-09-30T20:37:00Z,2026-09-30T22:37:00+02:00,53,dr-robert,407,293,114,28
2026-09-30T20:37:00Z,2026-09-30T22:37:00+02:00,54,placa-vella,297,190,107,36
2026-09-30T20:37:00Z,2026-09-30T22:37:00+02:00,55,ajuntament-mercat,237,176,61,25.7
2026-09-30T20:38:00Z,2026-09-30T22:38:00+02:00,53,dr-robert,407,293,114,28
2026-09-30T20:38:00Z,2026-09-30T22:38:00+02:00,54,placa-vella,297,190,107,36
2026-09-30T20:38:00Z,2026-09-30T22:38:00+02:00,55,ajuntament-mercat,237,176,61,25.7
2026-09-30T20:39:00Z,2026-09-30T22:39:00+02:00,53,dr-robert,407,293,114,28
2026-09-30T20:39:00Z,2026-09-30T22:39:00+02:00,54,placa-vella,297,190,107,36
2026-09-30T20:39:00Z,2026-09-30T22:39:00+02:00,55,ajuntament-mercat,237,176,61,25.7
2026-09-30T20:40:00Z,2026-09-30T22:40:00+02:00,53,dr-robert,407,295,112,27.5
2026-09-30T20:40:00Z,2026-09-30T22:40:00+02:00,54,placa-vella,297,190,107,36
2026-09-30T20:40:00Z,2026-09-30T22:40:00+02:00,55,ajuntament-mercat,237,177,60,25.3
2026-09-30T20:41:00Z,2026-09-30T22:41:00+02:00,53,dr-robert,407,295,112,27.5
2026-09-30T20:41:00Z,2026-09-30T22:41:00+02:00,54,placa-vella,297,190,107,36
2026-09-30T20:41:00Z,2026-09-30T22:41:00+02:00,55,ajuntament-mercat,237,177,60,25.3
2026-09-30T20:42:00Z,2026-09-30T22:42:00+02:00,53,dr-robert,407,295,112,27.5
2026-09-30T20:42:00Z,2026-09-30T22:42:00+02:00,54,placa-vella,297,190,107,36
2026-09-30T20:42:00Z,2026-09-30T22:42:00+02:00,55,ajuntament-mercat,237,177,60,25.3
2026-09-30T20:43:00Z,2026-09-30T22:43:00+02:00,53,dr-robert,407,295,112,27.5
2026-09-30T20:43:00Z,2026-09-30T22:43:00+02:00,54,placa-vella,297,190,107,36
2026-09-30T20:43:00Z,2026-09-30T22:43:00+02:00,55,ajuntament-mercat,237,177,60,25.3
2026-09-30T20:44:00Z,2026-09-30T22:44:00+02:00,53,dr-robert,407,295,112,27.5
2026-09-30T20:44:00Z,2026-09-30T22:44:00+02:00,54,placa-vella,297,190,107,36
2026-09-30T20:44:00Z,2026-09-30T22:44:00+02:00,55,ajuntament-mercat,237,177,60,25.3
2026-09-30T20:45:00Z,2026-09-30T22:45:00+02:00,53,dr-robert,407,296,111,27.3
2026-09-30T20:45:00Z,2026-09-30T22:45:00+02:00,54,placa-vella,297,189,108,36.4
2026-09-30T20:45:00Z,2026-09-30T22:45:00+02:00,55,ajuntament-mercat,237,178,59,24.9
2026-09-30T20:46:00Z,2026-09-30T22:46:00+02:00,53,dr-robert,407,296,111,27.3
2026-09-30T20:46:00Z,2026-09-30T22:46:00+02:00,54,placa-vella,297,189,108,36.4
2026-09-30T20:46:00Z,2026-09-30T22:46:00+02:00,55,ajuntament-mercat,237,178,59,24.9
2026-09-30T20:47:00Z,2026-09-30T22:47:00+02:00,53,dr-robert,407,296,111,27.3
2026-09-30T20:47:00Z,2026-09-30T22:47:00+02:00,54,placa-vella,297,189,108,36.4
2026-09-30T20:47:00Z,2026-09-30T22:47:00+02:00,55,ajuntament-mercat,237,178,59,24.9
2026-09-30T20:48:00Z,2026-09-30T22:48:00+02:00,53,dr-robert,407,296,111,27.3
2026-09-30T20:48:00Z,2026-09-30T22:48:00+02:00,54,placa-vella,297,189,108,36.4
2026-09-30T20:48:00Z,2026-09-30T22:48:00+02:00,55,ajuntament-mercat,237,178,59,24.9
2026-09-30T20:49:00Z,2026-09-30T22:49:00+02:00,53,dr-robert,407,296,111,27.3
2026-09-30T20:49:00Z,2026-09-30T22:49:00+02:00,54,placa-vella,297,189,108,36.4
2026-09-30T20:49:00Z,2026-09-30T22:49:00+02:00,55,ajuntament-mercat,237,178,59,24.9
2026-09-30T20:50:00Z,2026-09-30T22:50:00+02:00,53,dr-robert,407,298,109,26.8
2026-09-30T20:50:00Z,2026-09-30T22:50:00+02:00,54,placa-vella,297,189,108,36.4
2026-09-30T20:50:00Z,2026-09-30T22:50:00+02:00,55,ajuntament-mercat,237,178,59,24.9
2026-09-30T20:51:00Z,2026-09-30T22:51:00+02:00,53,dr-robert,407,298,109,26.8
2026-09-30T20:51:00Z,2026-09-30T22:51:00+02:00,54,placa-vella,297,189,108,36.4
2026-09-30T20:51:00Z,2026-09-30T22:51:00+02:00,55,ajuntament-mercat,237,178,59,24.9
2026-09-30T20:52:00Z,2026-09-30T22:52:00+02:00,53,dr-robert,407,298,109,26.8
2026-09-30T20:52:00Z,2026-09-30T22:52:00+02:00,54,placa-vella,297,189,108,36.4
2026-09-30T20:52:00Z,2026-09-30T22:52:00+02:00,55,ajuntament-mercat,237,178,59,24.9
2026-09-30T20:53:00Z,2026-09-30T22:53:00+02:00,53,dr-robert,407,298,109,26.8
2026-09-30T20:53:00Z,2026-09-30T22:53:00+02:00,54,placa-vella,297,189,108,36.4
2026-09-30T20:53:00Z,2026-09-30T22:53:00+02:00,55,ajuntament-mercat,237,178,59,24.9
2026-09-30T20:54:00Z,2026-09-30T22:54:00+02:00,53,dr-robert,407,298,109,26.8
2026-09-30T20:54:00Z,2026-09-30T22:54:00+02:00,54,placa-vella,297,189,108,36.4
2026-09-30T20:54:00Z,2026-09-30T22:54:00+02:00,55,ajuntament-mercat,237,178,59,24.9
2026-09-30T20:55:00Z,2026-09-30T22:55:00+02:00,53,dr-robert,407,297,110,27
2026-09-30T20:55:00Z,2026-09-30T22:55:00+02:00,54,placa-vella,297,191,106,35.7
2026-09-30T20:55:00Z,2026-09-30T22:55:00+02:00,55,ajuntament-mercat,237,179,58,24.5
2026-09-30T20:56:00Z,2026-09-30T22:56:00+02:00,53,dr-robert,407,297,110,27
2026-09-30T20:56:00Z,2026-09-30T22:56:00+02:00,54,placa-vella,297,191,106,35.7
2026-09-30T20:56:00Z,2026-09-30T22:56:00+02:00,55,ajuntament-mercat,237,179,58,24.5
2026-09-30T20:57:00Z,2026-09-30T22:57:00+02:00,53,dr-robert,407,297,110,27
2026-09-30T20:57:00Z,2026-09-30T22:57:00+02:00,54,placa-vella,297,191,106,35.7
2026-09-30T20:57:00Z,2026-09-30T22:57:00+02:00,55,ajuntament-mercat,237,179,58,24.5
2026-09-30T20:58:00Z,2026-09-30T22:58:00+02:00,53,dr-robert,407,297,110,27
2026-09-30T20:58:00Z,2026-09-30T22:58:00+02:00,54,placa-vella,297,191,106,35.7
2026-09-30T20:58:00Z,2026-09-30T22:58:00+02:00,55,ajuntament-mercat,237,179,58,24.5
2026-09-30T20:59:00Z,2026-09-30T22:59:00+02:00,53,dr-robert,407,297,110,27
2026-09-30T20:59:00Z,2026-09-30T22:59:00+02:00,54,placa-vella,297,191,106,35.7
2026-09-30T20:59:00Z,2026-09-30T22:59:00+02:00,55,ajuntament-mercat,237,179,58,24.5
2026-09-30T21:00:00Z,2026-09-30T23:00:00+02:00,53,dr-robert,407,297,110,27
2026-09-30T21:00:00Z,2026-09-30T23:00:00+02:00,54,placa-vella,297,191,106,35.7
2026-09-30T21:00:00Z,2026-09-30T23:00:00+02:00,55,ajuntament-mercat,237,179,58,24.5
2026-09-30T21:01:00Z,2026-09-30T23:01:00+02:00,53,dr-robert,407,297,110,27
2026-09-30T21:01:00Z,2026-09-30T23:01:00+02:00,54,placa-vella,297,194,103,34.7
2026-09-30T21:01:00Z,2026-09-30T23:01:00+02:00,55,ajuntament-mercat,237,179,58,24.5
2026-09-30T21:02:00Z,2026-09-30T23:02:00+02:00,53,dr-robert,407,297,110,27
2026-09-30T21:02:00Z,2026-09-30T23:02:00+02:00,54,placa-vella,297,194,103,34.7
2026-09-30T21:02:00Z,2026-09-30T23:02:00+02:00,55,ajuntament-mercat,237,179,58,24.5
2026-09-30T21:03:00Z,2026-09-30T23:03:00+02:00,53,dr-robert,407,297,110,27
2026-09-30T21:03:00Z,2026-09-30T23:03:00+02:00,54,placa-vella,297,194,103,34.7
2026-09-30T21:03:00Z,2026-09-30T23:03:00+02:00,55,ajuntament-mercat,237,179,58,24.5
2026-09-30T21:04:00Z,2026-09-30T23:04:00+02:00,53,dr-robert,407,297,110,27
2026-09-30T21:04:00Z,2026-09-30T23:04:00+02:00,54,placa-vella,297,194,103,34.7
2026-09-30T21:04:00Z,2026-09-30T23:04:00+02:00,55,ajuntament-mercat,237,179,58,24.5
2026-09-30T21:05:00Z,2026-09-30T23:05:00+02:00,53,dr-robert,407,298,109,26.8
2026-09-30T21:05:00Z,2026-09-30T23:05:00+02:00,54,placa-vella,297,195,102,34.3
2026-09-30T21:05:00Z,2026-09-30T23:05:00+02:00,55,ajuntament-mercat,237,179,58,24.5
2026-09-30T21:06:00Z,2026-09-30T23:06:00+02:00,53,dr-robert,407,298,109,26.8
2026-09-30T21:06:00Z,2026-09-30T23:06:00+02:00,54,placa-vella,297,195,102,34.3
2026-09-30T21:06:00Z,2026-09-30T23:06:00+02:00,55,ajuntament-mercat,237,179,58,24.5
2026-09-30T21:07:00Z,2026-09-30T23:07:00+02:00,53,dr-robert,407,298,109,26.8
2026-09-30T21:07:00Z,2026-09-30T23:07:00+02:00,54,placa-vella,297,195,102,34.3
2026-09-30T21:07:00Z,2026-09-30T23:07:00+02:00,55,ajuntament-mercat,237,179,58,24.5
2026-09-30T21:08:00Z,2026-09-30T23:08:00+02:00,53,dr-robert,407,298,109,26.8
2026-09-30T21:08:00Z,2026-09-30T23:08:00+02:00,54,placa-vella,297,195,102,34.3
2026-09-30T21:08:00Z,2026-09-30T23:08:00+02:00,55,ajuntament-mercat,237,179,58,24.5
2026-09-30T21:09:00Z,2026-09-30T23:09:00+02:00,53,dr-robert,407,298,109,26.8
2026-09-30T21:09:00Z,2026-09-30T23:09:00+02:00,54,placa-vella,297,195,102,34.3
2026-09-30T21:09:00Z,2026-09-30T23:09:00+02:00,55,ajuntament-mercat,237,179,58,24.5
2026-09-30T21:10:00Z,2026-09-30T23:10:00+02:00,53,dr-robert,407,297,110,27
2026-09-30T21:10:00Z,2026-09-30T23:10:00+02:00,54,placa-vella,297,196,101,34
2026-09-30T21:10:00Z,2026-09-30T23:10:00+02:00,55,ajuntament-mercat,237,179,58,24.5
2026-09-30T21:11:00Z,2026-09-30T23:11:00+02:00,53,dr-robert,407,297,110,27
2026-09-30T21:11:00Z,2026-09-30T23:11:00+02:00,54,placa-vella,297,196,101,34
2026-09-30T21:11:00Z,2026-09-30T23:11:00+02:00,55,ajuntament-mercat,237,179,58,24.5
2026-09-30T21:12:00Z,2026-09-30T23:12:00+02:00,53,dr-robert,407,297,110,27
2026-09-30T21:12:00Z,2026-09-30T23:12:00+02:00,54,placa-vella,297,196,101,34
2026-09-30T21:12:00Z,2026-09-30T23:12:00+02:00,55,ajuntament-mercat,237,179,58,24.5
2026-09-30T21:13:00Z,2026-09-30T23:13:00+02:00,53,dr-robert,407,297,110,27
2026-09-30T21:13:00Z,2026-09-30T23:13:00+02:00,54,placa-vella,297,196,101,34
2026-09-30T21:13:00Z,2026-09-30T23:13:00+02:00,55,ajuntament-mercat,237,179,58,24.5
2026-09-30T21:14:00Z,2026-09-30T23:14:00+02:00,53,dr-robert,407,297,110,27
2026-09-30T21:14:00Z,2026-09-30T23:14:00+02:00,54,placa-vella,297,196,101,34
2026-09-30T21:14:00Z,2026-09-30T23:14:00+02:00,55,ajuntament-mercat,237,179,58,24.5
2026-09-30T21:15:00Z,2026-09-30T23:15:00+02:00,53,dr-robert,407,296,111,27.3
2026-09-30T21:15:00Z,2026-09-30T23:15:00+02:00,54,placa-vella,297,197,100,33.7
2026-09-30T21:15:00Z,2026-09-30T23:15:00+02:00,55,ajuntament-mercat,237,179,58,24.5
2026-09-30T21:16:00Z,2026-09-30T23:16:00+02:00,53,dr-robert,407,296,111,27.3
2026-09-30T21:16:00Z,2026-09-30T23:16:00+02:00,54,placa-vella,297,197,100,33.7
2026-09-30T21:16:00Z,2026-09-30T23:16:00+02:00,55,ajuntament-mercat,237,179,58,24.5
2026-09-30T21:17:00Z,2026-09-30T23:17:00+02:00,53,dr-robert,407,296,111,27.3
2026-09-30T21:17:00Z,2026-09-30T23:17:00+02:00,54,placa-vella,297,197,100,33.7
2026-09-30T21:17:00Z,2026-09-30T23:17:00+02:00,55,ajuntament-mercat,237,179,58,24.5
2026-09-30T21:18:00Z,2026-09-30T23:18:00+02:00,53,dr-robert,407,296,111,27.3
2026-09-30T21:18:00Z,2026-09-30T23:18:00+02:00,54,placa-vella,297,197,100,33.7
2026-09-30T21:18:00Z,2026-09-30T23:18:00+02:00,55,ajuntament-mercat,237,179,58,24.5
2026-09-30T21:19:00Z,2026-09-30T23:19:00+02:00,53,dr-robert,407,296,111,27.3
2026-09-30T21:19:00Z,2026-09-30T23:19:00+02:00,54,placa-vella,297,197,100,33.7
2026-09-30T21:19:00Z,2026-09-30T23:19:00+02:00,55,ajuntament-mercat,237,179,58,24.5
2026-09-30T21:20:00Z,2026-09-30T23:20:00+02:00,53,dr-robert,407,297,110,27
2026-09-30T21:20:00Z,2026-09-30T23:20:00+02:00,54,placa-vella,297,197,100,33.7
2026-09-30T21:20:00Z,2026-09-30T23:20:00+02:00,55,ajuntament-mercat,237,180,57,24.1
2026-09-30T21:21:00Z,2026-09-30T23:21:00+02:00,53,dr-robert,407,297,110,27
2026-09-30T21:21:00Z,2026-09-30T23:21:00+02:00,54,placa-vella,297,197,100,33.7
2026-09-30T21:21:00Z,2026-09-30T23:21:00+02:00,55,ajuntament-mercat,237,180,57,24.1
2026-09-30T21:22:00Z,2026-09-30T23:22:00+02:00,53,dr-robert,407,297,110,27
2026-09-30T21:22:00Z,2026-09-30T23:22:00+02:00,54,placa-vella,297,197,100,33.7
2026-09-30T21:22:00Z,2026-09-30T23:22:00+02:00,55,ajuntament-mercat,237,180,57,24.1
2026-09-30T21:23:00Z,2026-09-30T23:23:00+02:00,53,dr-robert,407,297,110,27
2026-09-30T21:23:00Z,2026-09-30T23:23:00+02:00,54,placa-vella,297,197,100,33.7
2026-09-30T21:23:00Z,2026-09-30T23:23:00+02:00,55,ajuntament-mercat,237,180,57,24.1
2026-09-30T21:24:00Z,2026-09-30T23:24:00+02:00,53,dr-robert,407,297,110,27
2026-09-30T21:24:00Z,2026-09-30T23:24:00+02:00,54,placa-vella,297,197,100,33.7
2026-09-30T21:24:00Z,2026-09-30T23:24:00+02:00,55,ajuntament-mercat,237,180,57,24.1
2026-09-30T21:25:00Z,2026-09-30T23:25:00+02:00,53,dr-robert,407,297,110,27
2026-09-30T21:25:00Z,2026-09-30T23:25:00+02:00,54,placa-vella,297,198,99,33.3
2026-09-30T21:25:00Z,2026-09-30T23:25:00+02:00,55,ajuntament-mercat,237,181,56,23.6
2026-09-30T21:26:00Z,2026-09-30T23:26:00+02:00,53,dr-robert,407,297,110,27
2026-09-30T21:26:00Z,2026-09-30T23:26:00+02:00,54,placa-vella,297,198,99,33.3
2026-09-30T21:26:00Z,2026-09-30T23:26:00+02:00,55,ajuntament-mercat,237,181,56,23.6
2026-09-30T21:27:00Z,2026-09-30T23:27:00+02:00,53,dr-robert,407,297,110,27
2026-09-30T21:27:00Z,2026-09-30T23:27:00+02:00,54,placa-vella,297,198,99,33.3
2026-09-30T21:27:00Z,2026-09-30T23:27:00+02:00,55,ajuntament-mercat,237,181,56,23.6
2026-09-30T21:28:00Z,2026-09-30T23:28:00+02:00,53,dr-robert,407,297,110,27
2026-09-30T21:28:00Z,2026-09-30T23:28:00+02:00,54,placa-vella,297,198,99,33.3
2026-09-30T21:28:00Z,2026-09-30T23:28:00+02:00,55,ajuntament-mercat,237,181,56,23.6
2026-09-30T21:29:00Z,2026-09-30T23:29:00+02:00,53,dr-robert,407,297,110,27
2026-09-30T21:29:00Z,2026-09-30T23:29:00+02:00,54,placa-vella,297,198,99,33.3
2026-09-30T21:29:00Z,2026-09-30T23:29:00+02:00,55,ajuntament-mercat,237,181,56,23.6
2026-09-30T21:30:00Z,2026-09-30T23:30:00+02:00,53,dr-robert,407,298,109,26.8
2026-09-30T21:30:00Z,2026-09-30T23:30:00+02:00,54,placa-vella,297,198,99,33.3
2026-09-30T21:30:00Z,2026-09-30T23:30:00+02:00,55,ajuntament-mercat,237,182,55,23.2
2026-09-30T21:31:00Z,2026-09-30T23:31:00+02:00,53,dr-robert,407,298,109,26.8
2026-09-30T21:31:00Z,2026-09-30T23:31:00+02:00,54,placa-vella,297,198,99,33.3
2026-09-30T21:31:00Z,2026-09-30T23:31:00+02:00,55,ajuntament-mercat,237,182,55,23.2
2026-09-30T21:32:00Z,2026-09-30T23:32:00+02:00,53,dr-robert,407,298,109,26.8
2026-09-30T21:32:00Z,2026-09-30T23:32:00+02:00,54,placa-vella,297,198,99,33.3
2026-09-30T21:32:00Z,2026-09-30T23:32:00+02:00,55,ajuntament-mercat,237,182,55,23.2
2026-09-30T21:33:00Z,2026-09-30T23:33:00+02:00,53,dr-robert,407,298,109,26.8
2026-09-30T21:33:00Z,2026-09-30T23:33:00+02:00,54,placa-vella,297,198,99,33.3
2026-09-30T21:33:00Z,2026-09-30T23:33:00+02:00,55,ajuntament-mercat,237,182,55,23.2
2026-09-30T21:34:00Z,2026-09-30T23:34:00+02:00,53,dr-robert,407,298,109,26.8
2026-09-30T21:34:00Z,2026-09-30T23:34:00+02:00,54,placa-vella,297,198,99,33.3
2026-09-30T21:34:00Z,2026-09-30T23:34:00+02:00,55,ajuntament-mercat,237,182,55,23.2
2026-09-30T21:35:00Z,2026-09-30T23:35:00+02:00,53,dr-robert,407,297,110,27
2026-09-30T21:35:00Z,2026-09-30T23:35:00+02:00,54,placa-vella,297,198,99,33.3
2026-09-30T21:35:00Z,2026-09-30T23:35:00+02:00,55,ajuntament-mercat,237,184,53,22.4
2026-09-30T21:36:00Z,2026-09-30T23:36:00+02:00,53,dr-robert,407,297,110,27
2026-09-30T21:36:00Z,2026-09-30T23:36:00+02:00,54,placa-vella,297,198,99,33.3
2026-09-30T21:36:00Z,2026-09-30T23:36:00+02:00,55,ajuntament-mercat,237,184,53,22.4
2026-09-30T21:37:00Z,2026-09-30T23:37:00+02:00,53,dr-robert,407,297,110,27
2026-09-30T21:37:00Z,2026-09-30T23:37:00+02:00,54,placa-vella,297,198,99,33.3
2026-09-30T21:37:00Z,2026-09-30T23:37:00+02:00,55,ajuntament-mercat,237,184,53,22.4
2026-09-30T21:38:00Z,2026-09-30T23:38:00+02:00,53,dr-robert,407,297,110,27
2026-09-30T21:38:00Z,2026-09-30T23:38:00+02:00,54,placa-vella,297,198,99,33.3
2026-09-30T21:38:00Z,2026-09-30T23:38:00+02:00,55,ajuntament-mercat,237,184,53,22.4
2026-09-30T21:39:00Z,2026-09-30T23:39:00+02:00,53,dr-robert,407,297,110,27
2026-09-30T21:39:00Z,2026-09-30T23:39:00+02:00,54,placa-vella,297,198,99,33.3
2026-09-30T21:39:00Z,2026-09-30T23:39:00+02:00,55,ajuntament-mercat,237,184,53,22.4
2026-09-30T21:40:00Z,2026-09-30T23:40:00+02:00,53,dr-robert,407,299,108,26.5
2026-09-30T21:40:00Z,2026-09-30T23:40:00+02:00,54,placa-vella,297,201,96,32.3
2026-09-30T21:40:00Z,2026-09-30T23:40:00+02:00,55,ajuntament-mercat,237,186,51,21.5
2026-09-30T21:41:00Z,2026-09-30T23:41:00+02:00,53,dr-robert,407,299,108,26.5
2026-09-30T21:41:00Z,2026-09-30T23:41:00+02:00,54,placa-vella,297,201,96,32.3
2026-09-30T21:41:00Z,2026-09-30T23:41:00+02:00,55,ajuntament-mercat,237,186,51,21.5
2026-09-30T21:42:00Z,2026-09-30T23:42:00+02:00,53,dr-robert,407,299,108,26.5
2026-09-30T21:42:00Z,2026-09-30T23:42:00+02:00,54,placa-vella,297,201,96,32.3
2026-09-30T21:42:00Z,2026-09-30T23:42:00+02:00,55,ajuntament-mercat,237,186,51,21.5
2026-09-30T21:43:00Z,2026-09-30T23:43:00+02:00,53,dr-robert,407,299,108,26.5
2026-09-30T21:43:00Z,2026-09-30T23:43:00+02:00,54,placa-vella,297,201,96,32.3
2026-09-30T21:43:00Z,2026-09-30T23:43:00+02:00,55,ajuntament-mercat,237,186,51,21.5
2026-09-30T21:44:00Z,2026-09-30T23:44:00+02:00,53,dr-robert,407,299,108,26.5
2026-09-30T21:44:00Z,2026-09-30T23:44:00+02:00,54,placa-vella,297,201,96,32.3
2026-09-30T21:44:00Z,2026-09-30T23:44:00+02:00,55,ajuntament-mercat,237,186,51,21.5
2026-09-30T21:45:00Z,2026-09-30T23:45:00+02:00,53,dr-robert,407,300,107,26.3
2026-09-30T21:45:00Z,2026-09-30T23:45:00+02:00,54,placa-vella,297,200,97,32.7
2026-09-30T21:45:00Z,2026-09-30T23:45:00+02:00,55,ajuntament-mercat,237,187,50,21.1
2026-09-30T21:46:00Z,2026-09-30T23:46:00+02:00,53,dr-robert,407,300,107,26.3
2026-09-30T21:46:00Z,2026-09-30T23:46:00+02:00,54,placa-vella,297,200,97,32.7
2026-09-30T21:46:00Z,2026-09-30T23:46:00+02:00,55,ajuntament-mercat,237,187,50,21.1
2026-09-30T21:47:00Z,2026-09-30T23:47:00+02:00,53,dr-robert,407,300,107,26.3
2026-09-30T21:47:00Z,2026-09-30T23:47:00+02:00,54,placa-vella,297,200,97,32.7
2026-09-30T21:47:00Z,2026-09-30T23:47:00+02:00,55,ajuntament-mercat,237,187,50,21.1
2026-09-30T21:48:00Z,2026-09-30T23:48:00+02:00,53,dr-robert,407,300,107,26.3
2026-09-30T21:48:00Z,2026-09-30T23:48:00+02:00,54,placa-vella,297,200,97,32.7
2026-09-30T21:48:00Z,2026-09-30T23:48:00+02:00,55,ajuntament-mercat,237,187,50,21.1
2026-09-30T21:49:00Z,2026-09-30T23:49:00+02:00,53,dr-robert,407,300,107,26.3
2026-09-30T21:49:00Z,2026-09-30T23:49:00+02:00,54,placa-vella,297,200,97,32.7
2026-09-30T21:49:00Z,2026-09-30T23:49:00+02:00,55,ajuntament-mercat,237,187,50,21.1
2026-09-30T21:50:00Z,2026-09-30T23:50:00+02:00,53,dr-robert,407,301,106,26
2026-09-30T21:50:00Z,2026-09-30T23:50:00+02:00,54,placa-vella,297,201,96,32.3
2026-09-30T21:50:00Z,2026-09-30T23:50:00+02:00,55,ajuntament-mercat,237,189,48,20.3
2026-09-30T21:51:00Z,2026-09-30T23:51:00+02:00,53,dr-robert,407,301,106,26
2026-09-30T21:51:00Z,2026-09-30T23:51:00+02:00,54,placa-vella,297,201,96,32.3
2026-09-30T21:51:00Z,2026-09-30T23:51:00+02:00,55,ajuntament-mercat,237,189,48,20.3
2026-09-30T21:52:00Z,2026-09-30T23:52:00+02:00,53,dr-robert,407,301,106,26
2026-09-30T21:52:00Z,2026-09-30T23:52:00+02:00,54,placa-vella,297,201,96,32.3
2026-09-30T21:52:00Z,2026-09-30T23:52:00+02:00,55,ajuntament-mercat,237,189,48,20.3
2026-09-30T21:53:00Z,2026-09-30T23:53:00+02:00,53,dr-robert,407,301,106,26
2026-09-30T21:53:00Z,2026-09-30T23:53:00+02:00,54,placa-vella,297,201,96,32.3
2026-09-30T21:53:00Z,2026-09-30T23:53:00+02:00,55,ajuntament-mercat,237,189,48,20.3
2026-09-30T21:54:00Z,2026-09-30T23:54:00+02:00,53,dr-robert,407,301,106,26
2026-09-30T21:54:00Z,2026-09-30T23:54:00+02:00,54,placa-vella,297,201,96,32.3
2026-09-30T21:54:00Z,2026-09-30T23:54:00+02:00,55,ajuntament-mercat,237,189,48,20.3
2026-09-30T21:55:00Z,2026-09-30T23:55:00+02:00,53,dr-robert,407,303,104,25.6
2026-09-30T21:55:00Z,2026-09-30T23:55:00+02:00,54,placa-vella,297,203,94,31.6
2026-09-30T21:55:00Z,2026-09-30T23:55:00+02:00,55,ajuntament-mercat,237,188,49,20.7
2026-09-30T21:56:00Z,2026-09-30T23:56:00+02:00,53,dr-robert,407,303,104,25.6
2026-09-30T21:56:00Z,2026-09-30T23:56:00+02:00,54,placa-vella,297,203,94,31.6
2026-09-30T21:56:00Z,2026-09-30T23:56:00+02:00,55,ajuntament-mercat,237,188,49,20.7
2026-09-30T21:57:00Z,2026-09-30T23:57:00+02:00,53,dr-robert,407,303,104,25.6
2026-09-30T21:57:00Z,2026-09-30T23:57:00+02:00,54,placa-vella,297,203,94,31.6
2026-09-30T21:57:00Z,2026-09-30T23:57:00+02:00,55,ajuntament-mercat,237,188,49,20.7
2026-09-30T21:58:00Z,2026-09-30T23:58:00+02:00,53,dr-robert,407,303,104,25.6
2026-09-30T21:58:00Z,2026-09-30T23:58:00+02:00,54,placa-vella,297,203,94,31.6
2026-09-30T21:58:00Z,2026-09-30T23:58:00+02:00,55,ajuntament-mercat,237,188,49,20.7
2026-09-30T21:59:00Z,2026-09-30T23:59:00+02:00,53,dr-robert,407,303,104,25.6
2026-09-30T21:59:00Z,2026-09-30T23:59:00+02:00,54,placa-vella,297,203,94,31.6
2026-09-30T21:59:00Z,2026-09-30T23:59:00+02:00,55,ajuntament-mercat,237,188,49,20.7
