timestamp_utc,timestamp_local,parking_id,parking_slug,capacity,available,occupied,occupancy_pct
2026-09-14T22:00:00Z,2026-09-15T00:00:00+02:00,53,dr-robert,407,328,79,19.4
2026-09-14T22:00:00Z,2026-09-15T00:00:00+02:00,54,placa-vella,297,221,76,25.6
2026-09-14T22:00:00Z,2026-09-15T00:00:00+02:00,55,ajuntament-mercat,237,186,51,21.5
2026-09-14T22:01:00Z,2026-09-15T00:01:00+02:00,53,dr-robert,407,329,78,19.2
2026-09-14T22:01:00Z,2026-09-15T00:01:00+02:00,54,placa-vella,297,221,76,25.6
2026-09-14T22:01:00Z,2026-09-15T00:01:00+02:00,55,ajuntament-mercat,237,187,50,21.1
2026-09-14T22:02:00Z,2026-09-15T00:02:00+02:00,53,dr-robert,407,329,78,19.2
2026-09-14T22:02:00Z,2026-09-15T00:02:00+02:00,54,placa-vella,297,221,76,25.6
2026-09-14T22:02:00Z,2026-09-15T00:02:00+02:00,55,ajuntament-mercat,237,187,50,21.1
2026-09-14T22:03:00Z,2026-09-15T00:03:00+02:00,53,dr-robert,407,329,78,19.2
2026-09-14T22:03:00Z,2026-09-15T00:03:00+02:00,54,placa-vella,297,221,76,25.6
2026-09-14T22:03:00Z,2026-09-15T00:03:00+02:00,55,ajuntament-mercat,237,187,50,21.1
2026-09-14T22:04:00Z,2026-09-15T00:04:00+02:00,53,dr-robert,407,329,78,19.2
2026-09-14T22:04:00Z,2026-09-15T00:04:00+02:00,54,placa-vella,297,221,76,25.6
2026-09-14T22:04:00Z,2026-09-15T00:04:00+02:00,55,ajuntament-mercat,237,187,50,21.1
2026-09-14T22:05:00Z,2026-09-15T00:05:00+02:00,53,dr-robert,407,329,78,19.2
2026-09-14T22:05:00Z,2026-09-15T00:05:00+02:00,54,placa-vella,297,221,76,25.6
2026-09-14T22:05:00Z,2026-09-15T00:05:00+02:00,55,ajuntament-mercat,237,187,50,21.1
2026-09-14T22:06:00Z,2026-09-15T00:06:00+02:00,53,dr-robert,407,329,78,19.2
2026-09-14T22:06:00Z,2026-09-15T00:06:00+02:00,54,placa-vella,297,221,76,25.6
2026-09-14T22:06:00Z,2026-09-15T00:06:00+02:00,55,ajuntament-mercat,237,187,50,21.1
2026-09-14T22:07:00Z,2026-09-15T00:07:00+02:00,53,dr-robert,407,329,78,19.2
2026-09-14T22:07:00Z,2026-09-15T00:07:00+02:00,54,placa-vella,297,221,76,25.6
2026-09-14T22:07:00Z,2026-09-15T00:07:00+02:00,55,ajuntament-mercat,237,187,50,21.1
2026-09-14T22:08:00Z,2026-09-15T00:08:00+02:00,53,dr-robert,407,329,78,19.2
2026-09-14T22:08:00Z,2026-09-15T00:08:00+02:00,54,placa-vella,297,221,76,25.6
2026-09-14T22:08:00Z,2026-09-15T00:08:00+02:00,55,ajuntament-mercat,237,187,50,21.1
2026-09-14T22:09:00Z,2026-09-15T00:09:00+02:00,53,dr-robert,407,329,78,19.2
2026-09-14T22:09:00Z,2026-09-15T00:09:00+02:00,54,placa-vella,297,221,76,25.6
2026-09-14T22:09:00Z,2026-09-15T00:09:00+02:00,55,ajuntament-mercat,237,187,50,21.1
2026-09-14T22:10:00Z,2026-09-15T00:10:00+02:00,53,dr-robert,407,329,78,19.2
2026-09-14T22:10:00Z,2026-09-15T00:10:00+02:00,54,placa-vella,297,220,77,25.9
2026-09-14T22:10:00Z,2026-09-15T00:10:00+02:00,55,ajuntament-mercat,237,187,50,21.1
2026-09-14T22:11:00Z,2026-09-15T00:11:00+02:00,53,dr-robert,407,329,78,19.2
2026-09-14T22:11:00Z,2026-09-15T00:11:00+02:00,54,placa-vella,297,220,77,25.9
2026-09-14T22:11:00Z,2026-09-15T00:11:00+02:00,55,ajuntament-mercat,237,187,50,21.1
2026-09-14T22:12:00Z,2026-09-15T00:12:00+02:00,53,dr-robert,407,329,78,19.2
2026-09-14T22:12:00Z,2026-09-15T00:12:00+02:00,54,placa-vella,297,220,77,25.9
2026-09-14T22:12:00Z,2026-09-15T00:12:00+02:00,55,ajuntament-mercat,237,187,50,21.1
2026-09-14T22:13:00Z,2026-09-15T00:13:00+02:00,53,dr-robert,407,329,78,19.2
2026-09-14T22:13:00Z,2026-09-15T00:13:00+02:00,54,placa-vella,297,220,77,25.9
2026-09-14T22:13:00Z,2026-09-15T00:13:00+02:00,55,ajuntament-mercat,237,187,50,21.1
2026-09-14T22:14:00Z,2026-09-15T00:14:00+02:00,53,dr-robert,407,329,78,19.2
2026-09-14T22:14:00Z,2026-09-15T00:14:00+02:00,54,placa-vella,297,220,77,25.9
2026-09-14T22:14:00Z,2026-09-15T00:14:00+02:00,55,ajuntament-mercat,237,187,50,21.1
2026-09-14T22:15:00Z,2026-09-15T00:15:00+02:00,53,dr-robert,407,332,75,18.4
2026-09-14T22:15:00Z,2026-09-15T00:15:00+02:00,54,placa-vella,297,220,77,25.9
2026-09-14T22:15:00Z,2026-09-15T00:15:00+02:00,55,ajuntament-mercat,237,188,49,20.7
2026-09-14T22:16:00Z,2026-09-15T00:16:00+02:00,53,dr-robert,407,332,75,18.4
2026-09-14T22:16:00Z,2026-09-15T00:16:00+02:00,54,placa-vella,297,220,77,25.9
2026-09-14T22:16:00Z,2026-09-15T00:16:00+02:00,55,ajuntament-mercat,237,188,49,20.7
2026-09-14T22:17:00Z,2026-09-15T00:17:00+02:00,53,dr-robert,407,332,75,18.4
2026-09-14T22:17:00Z,2026-09-15T00:17:00+02:00,54,placa-vella,297,220,77,25.9
2026-09-14T22:17:00Z,2026-09-15T00:17:00+02:00,55,ajuntament-mercat,237,188,49,20.7
2026-09-14T22:18:00Z,2026-09-15T00:18:00+02:00,53,dr-robert,407,332,75,18.4
2026-09-14T22:18:00Z,2026-09-15T00:18:00+02:00,54,placa-vella,297,220,77,25.9
2026-09-14T22:18:00Z,2026-09-15T00:18:00+02:00,55,ajuntament-mercat,237,188,49,20.7
2026-09-14T22:19:00Z,2026-09-15T00:19:00+02:00,53,dr-robert,407,332,75,18.4
2026-09-14T22:19:00Z,2026-09-15T00:19:00+02:00,54,placa-vella,297,220,77,25.9
2026-09-14T22:19:00Z,2026-09-15T00:19:00+02:00,55,ajuntament-mercat,237,188,49,20.7
2026-09-14T22:20:00Z,2026-09-15T00:20:00+02:00,53,dr-robert,407,332,75,18.4
2026-09-14T22:20:00Z,2026-09-15T00:20:00+02:00,54,placa-vella,297,220,77,25.9
2026-09-14T22:20:00Z,2026-09-15T00:20:00+02:00,55,ajuntament-mercat,237,188,49,20.7
2026-09-14T22:21:00Z,2026-09-15T00:21:00+02:00,53,dr-robert,407,332,75,18.4
2026-09-14T22:21:00Z,2026-09-15T00:21:00+02:00,54,placa-vella,297,220,77,25.9
2026-09-14T22:21:00Z,2026-09-15T00:21:00+02:00,55,ajuntament-mercat,237,188,49,20.7
2026-09-14T22:22:00Z,2026-09-15T00:22:00+02:00,53,dr-robert,407,332,75,18.4
2026-09-14T22:22:00Z,2026-09-15T00:22:00+02:00,54,placa-vella,297,220,77,25.9
2026-09-14T22:22:00Z,2026-09-15T00:22:00+02:00,55,ajuntament-mercat,237,188,49,20.7
2026-09-14T22:23:00Z,2026-09-15T00:23:00+02:00,53,dr-robert,407,332,75,18.4
2026-09-14T22:23:00Z,2026-09-15T00:23:00+02:00,54,placa-vella,297,220,77,25.9
2026-09-14T22:23:00Z,2026-09-15T00:23:00+02:00,55,ajuntament-mercat,237,188,49,20.7
2026-09-14T22:24:00Z,2026-09-15T00:24:00+02:00,53,dr-robert,407,332,75,18.4
2026-09-14T22:24:00Z,2026-09-15T00:24:00+02:00,54,placa-vella,297,220,77,25.9
2026-09-14T22:24:00Z,2026-09-15T00:24:00+02:00,55,ajuntament-mercat,237,188,49,20.7
2026-09-14T22:25:00Z,2026-09-15T00:25:00+02:00,53,dr-robert,407,331,76,18.7
2026-09-14T22:25:00Z,2026-09-15T00:25:00+02:00,54,placa-vella,297,220,77,25.9
2026-09-14T22:25:00Z,2026-09-15T00:25:00+02:00,55,ajuntament-mercat,237,188,49,20.7
2026-09-14T22:26:00Z,2026-09-15T00:26:00+02:00,53,dr-robert,407,331,76,18.7
2026-09-14T22:26:00Z,2026-09-15T00:26:00+02:00,54,placa-vella,297,220,77,25.9
2026-09-14T22:26:00Z,2026-09-15T00:26:00+02:00,55,ajuntament-mercat,237,188,49,20.7
2026-09-14T22:27:00Z,2026-09-15T00:27:00+02:00,53,dr-robert,407,331,76,18.7
2026-09-14T22:27:00Z,2026-09-15T00:27:00+02:00,54,placa-vella,297,220,77,25.9
2026-09-14T22:27:00Z,2026-09-15T00:27:00+02:00,55,ajuntament-mercat,237,188,49,20.7
2026-09-14T22:28:00Z,2026-09-15T00:28:00+02:00,53,dr-robert,407,331,76,18.7
2026-09-14T22:28:00Z,2026-09-15T00:28:00+02:00,54,placa-vella,297,220,77,25.9
2026-09-14T22:28:00Z,2026-09-15T00:28:00+02:00,55,ajuntament-mercat,237,188,49,20.7
2026-09-14T22:29:00Z,2026-09-15T00:29:00+02:00,53,dr-robert,407,331,76,18.7
2026-09-14T22:29:00Z,2026-09-15T00:29:00+02:00,54,placa-vella,297,220,77,25.9
2026-09-14T22:29:00Z,2026-09-15T00:29:00+02:00,55,ajuntament-mercat,237,188,49,20.7
2026-09-14T22:30:00Z,2026-09-15T00:30:00+02:00,53,dr-robert,407,331,76,18.7
2026-09-14T22:30:00Z,2026-09-15T00:30:00+02:00,54,placa-vella,297,220,77,25.9
2026-09-14T22:30:00Z,2026-09-15T00:30:00+02:00,55,ajuntament-mercat,237,188,49,20.7
2026-09-14T22:31:00Z,2026-09-15T00:31:00+02:00,53,dr-robert,407,331,76,18.7
2026-09-14T22:31:00Z,2026-09-15T00:31:00+02:00,54,placa-vella,297,220,77,25.9
2026-09-14T22:31:00Z,2026-09-15T00:31:00+02:00,55,ajuntament-mercat,237,188,49,20.7
2026-09-14T22:32:00Z,2026-09-15T00:32:00+02:00,53,dr-robert,407,331,76,18.7
2026-09-14T22:32:00Z,2026-09-15T00:32:00+02:00,54,placa-vella,297,220,77,25.9
2026-09-14T22:32:00Z,2026-09-15T00:32:00+02:00,55,ajuntament-mercat,237,188,49,20.7
2026-09-14T22:33:00Z,2026-09-15T00:33:00+02:00,53,dr-robert,407,331,76,18.7
2026-09-14T22:33:00Z,2026-09-15T00:33:00+02:00,54,placa-vella,297,220,77,25.9
2026-09-14T22:33:00Z,2026-09-15T00:33:00+02:00,55,ajuntament-mercat,237,188,49,20.7
2026-09-14T22:34:00Z,2026-09-15T00:34:00+02:00,53,dr-robert,407,331,76,18.7
2026-09-14T22:34:00Z,2026-09-15T00:34:00+02:00,54,placa-vella,297,220,77,25.9
2026-09-14T22:34:00Z,2026-09-15T00:34:00+02:00,55,ajuntament-mercat,237,188,49,20.7
2026-09-14T22:35:00Z,2026-09-15T00:35:00+02:00,53,dr-robert,407,331,76,18.7
2026-09-14T22:35:00Z,2026-09-15T00:35:00+02:00,54,placa-vella,297,221,76,25.6
2026-09-14T22:35:00Z,2026-09-15T00:35:00+02:00,55,ajuntament-mercat,237,188,49,20.7
2026-09-14T22:36:00Z,2026-09-15T00:36:00+02:00,53,dr-robert,407,331,76,18.7
2026-09-14T22:36:00Z,2026-09-15T00:36:00+02:00,54,placa-vella,297,221,76,25.6
2026-09-14T22:36:00Z,2026-09-15T00:36:00+02:00,55,ajuntament-mercat,237,188,49,20.7
2026-09-14T22:37:00Z,2026-09-15T00:37:00+02:00,53,dr-robert,407,331,76,18.7
2026-09-14T22:37:00Z,2026-09-15T00:37:00+02:00,54,placa-vella,297,221,76,25.6
2026-09-14T22:37:00Z,2026-09-15T00:37:00+02:00,55,ajuntament-mercat,237,188,49,20.7
2026-09-14T22:38:00Z,2026-09-15T00:38:00+02:00,53,dr-robert,407,331,76,18.7
2026-09-14T22:38:00Z,2026-09-15T00:38:00+02:00,54,placa-vella,297,221,76,25.6
2026-09-14T22:38:00Z,2026-09-15T00:38:00+02:00,55,ajuntament-mercat,237,188,49,20.7
2026-09-14T22:39:00Z,2026-09-15T00:39:00+02:00,53,dr-robert,407,331,76,18.7
2026-09-14T22:39:00Z,2026-09-15T00:39:00+02:00,54,placa-vella,297,221,76,25.6
2026-09-14T22:39:00Z,2026-09-15T00:39:00+02:00,55,ajuntament-mercat,237,188,49,20.7
2026-09-14T22:40:00Z,2026-09-15T00:40:00+02:00,53,dr-robert,407,332,75,18.4
2026-09-14T22:40:00Z,2026-09-15T00:40:00+02:00,54,placa-vella,297,221,76,25.6
2026-09-14T22:40:00Z,2026-09-15T00:40:00+02:00,55,ajuntament-mercat,237,188,49,20.7
2026-09-14T22:41:00Z,2026-09-15T00:41:00+02:00,53,dr-robert,407,332,75,18.4
2026-09-14T22:41:00Z,2026-09-15T00:41:00+02:00,54,placa-vella,297,221,76,25.6
2026-09-14T22:41:00Z,2026-09-15T00:41:00+02:00,55,ajuntament-mercat,237,188,49,20.7
2026-09-14T22:42:00Z,2026-09-15T00:42:00+02:00,53,dr-robert,407,332,75,18.4
2026-09-14T22:42:00Z,2026-09-15T00:42:00+02:00,54,placa-vella,297,221,76,25.6
2026-09-14T22:42:00Z,2026-09-15T00:42:00+02:00,55,ajuntament-mercat,237,188,49,20.7
2026-09-14T22:43:00Z,2026-09-15T00:43:00+02:00,53,dr-robert,407,332,75,18.4
2026-09-14T22:43:00Z,2026-09-15T00:43:00+02:00,54,placa-vella,297,221,76,25.6
2026-09-14T22:43:00Z,2026-09-15T00:43:00+02:00,55,ajuntament-mercat,237,188,49,20.7
2026-09-14T22:44:00Z,2026-09-15T00:44:00+02:00,53,dr-robert,407,332,75,18.4
2026-09-14T22:44:00Z,2026-09-15T00:44:00+02:00,54,placa-vella,297,221,76,25.6
2026-09-14T22:44:00Z,2026-09-15T00:44:00+02:00,55,ajuntament-mercat,237,188,49,20.7
2026-09-14T22:45:00Z,2026-09-15T00:45:00+02:00,53,dr-robert,407,332,75,18.4
2026-09-14T22:45:00Z,2026-09-15T00:45:00+02:00,54,placa-vella,297,221,76,25.6
2026-09-14T22:45:00Z,2026-09-15T00:45:00+02:00,55,ajuntament-mercat,237,188,49,20.7
2026-09-14T22:46:00Z,2026-09-15T00:46:00+02:00,53,dr-robert,407,332,75,18.4
2026-09-14T22:46:00Z,2026-09-15T00:46:00+02:00,54,placa-vella,297,221,76,25.6
2026-09-14T22:46:00Z,2026-09-15T00:46:00+02:00,55,ajuntament-mercat,237,188,49,20.7
2026-09-14T22:47:00Z,2026-09-15T00:47:00+02:00,53,dr-robert,407,332,75,18.4
2026-09-14T22:47:00Z,2026-09-15T00:47:00+02:00,54,placa-vella,297,221,76,25.6
2026-09-14T22:47:00Z,2026-09-15T00:47:00+02:00,55,ajuntament-mercat,237,188,49,20.7
2026-09-14T22:48:00Z,2026-09-15T00:48:00+02:00,53,dr-robert,407,332,75,18.4
2026-09-14T22:48:00Z,2026-09-15T00:48:00+02:00,54,placa-vella,297,221,76,25.6
2026-09-14T22:48:00Z,2026-09-15T00:48:00+02:00,55,ajuntament-mercat,237,188,49,20.7
2026-09-14T22:49:00Z,2026-09-15T00:49:00+02:00,53,dr-robert,407,332,75,18.4
2026-09-14T22:49:00Z,2026-09-15T00:49:00+02:00,54,placa-vella,297,221,76,25.6
2026-09-14T22:49:00Z,2026-09-15T00:49:00+02:00,55,ajuntament-mercat,237,188,49,20.7
2026-09-14T22:50:00Z,2026-09-15T00:50:00+02:00,53,dr-robert,407,332,75,18.4
2026-09-14T22:50:00Z,2026-09-15T00:50:00+02:00,54,placa-vella,297,221,76,25.6
2026-09-14T22:50:00Z,2026-09-15T00:50:00+02:00,55,ajuntament-mercat,237,188,49,20.7
2026-09-14T22:51:00Z,2026-09-15T00:51:00+02:00,53,dr-robert,407,332,75,18.4
2026-09-14T22:51:00Z,2026-09-15T00:51:00+02:00,54,placa-vella,297,221,76,25.6
2026-09-14T22:51:00Z,2026-09-15T00:51:00+02:00,55,ajuntament-mercat,237,188,49,20.7
2026-09-14T22:52:00Z,2026-09-15T00:52:00+02:00,53,dr-robert,407,332,75,18.4
2026-09-14T22:52:00Z,2026-09-15T00:52:00+02:00,54,placa-vella,297,221,76,25.6
2026-09-14T22:52:00Z,2026-09-15T00:52:00+02:00,55,ajuntament-mercat,237,188,49,20.7
2026-09-14T22:53:00Z,2026-09-15T00:53:00+02:00,53,dr-robert,407,332,75,18.4
2026-09-14T22:53:00Z,2026-09-15T00:53:00+02:00,54,placa-vella,297,221,76,25.6
2026-09-14T22:53:00Z,2026-09-15T00:53:00+02:00,55,ajuntament-mercat,237,188,49,20.7
2026-09-14T22:54:00Z,2026-09-15T00:54:00+02:00,53,dr-robert,407,332,75,18.4
2026-09-14T22:54:00Z,2026-09-15T00:54:00+02:00,54,placa-vella,297,221,76,25.6
2026-09-14T22:54:00Z,2026-09-15T00:54:00+02:00,55,ajuntament-mercat,237,188,49,20.7
2026-09-14T22:55:00Z,2026-09-15T00:55:00+02:00,53,dr-robert,407,332,75,18.4
2026-09-14T22:55:00Z,2026-09-15T00:55:00+02:00,54,placa-vella,297,221,76,25.6
2026-09-14T22:55:00Z,2026-09-15T00:55:00+02:00,55,ajuntament-mercat,237,188,49,20.7
2026-09-14T22:56:00Z,2026-09-15T00:56:00+02:00,53,dr-robert,407,332,75,18.4
2026-09-14T22:56:00Z,2026-09-15T00:56:00+02:00,54,placa-vella,297,221,76,25.6
2026-09-14T22:56:00Z,2026-09-15T00:56:00+02:00,55,ajuntament-mercat,237,188,49,20.7
2026-09-14T22:57:00Z,2026-09-15T00:57:00+02:00,53,dr-robert,407,332,75,18.4
2026-09-14T22:57:00Z,2026-09-15T00:57:00+02:00,54,placa-vella,297,221,76,25.6
2026-09-14T22:57:00Z,2026-09-15T00:57:00+02:00,55,ajuntament-mercat,237,188,49,20.7
2026-09-14T22:58:00Z,2026-09-15T00:58:00+02:00,53,dr-robert,407,332,75,18.4
2026-09-14T22:58:00Z,2026-09-15T00:58:00+02:00,54,placa-vella,297,221,76,25.6
2026-09-14T22:58:00Z,2026-09-15T00:58:00+02:00,55,ajuntament-mercat,237,188,49,20.7
2026-09-14T22:59:00Z,2026-09-15T00:59:00+02:00,53,dr-robert,407,332,75,18.4
2026-09-14T22:59:00Z,2026-09-15T00:59:00+02:00,54,placa-vella,297,221,76,25.6
2026-09-14T22:59:00Z,2026-09-15T00:59:00+02:00,55,ajuntament-mercat,237,188,49,20.7
2026-09-14T23:00:00Z,2026-09-15T01:00:00+02:00,53,dr-robert,407,332,75,18.4
2026-09-14T23:00:00Z,2026-09-15T01:00:00+02:00,54,placa-vella,297,221,76,25.6
2026-09-14T23:00:00Z,2026-09-15T01:00:00+02:00,55,ajuntament-mercat,237,188,49,20.7
2026-09-14T23:01:00Z,2026-09-15T01:01:00+02:00,53,dr-robert,407,332,75,18.4
2026-09-14T23:01:00Z,2026-09-15T01:01:00+02:00,54,placa-vella,297,221,76,25.6
2026-09-14T23:01:00Z,2026-09-15T01:01:00+02:00,55,ajuntament-mercat,237,188,49,20.7
2026-09-14T23:02:00Z,2026-09-15T01:02:00+02:00,53,dr-robert,407,332,75,18.4
2026-09-14T23:02:00Z,2026-09-15T01:02:00+02:00,54,placa-vella,297,221,76,25.6
2026-09-14T23:02:00Z,2026-09-15T01:02:00+02:00,55,ajuntament-mercat,237,188,49,20.7
2026-09-14T23:03:00Z,2026-09-15T01:03:00+02:00,53,dr-robert,407,332,75,18.4
2026-09-14T23:03:00Z,2026-09-15T01:03:00+02:00,54,placa-vella,297,221,76,25.6
2026-09-14T23:03:00Z,2026-09-15T01:03:00+02:00,55,ajuntament-mercat,237,188,49,20.7
2026-09-14T23:04:00Z,2026-09-15T01:04:00+02:00,53,dr-robert,407,332,75,18.4
2026-09-14T23:04:00Z,2026-09-15T01:04:00+02:00,54,placa-vella,297,221,76,25.6
2026-09-14T23:04:00Z,2026-09-15T01:04:00+02:00,55,ajuntament-mercat,237,188,49,20.7
2026-09-14T23:05:00Z,2026-09-15T01:05:00+02:00,53,dr-robert,407,333,74,18.2
2026-09-14T23:05:00Z,2026-09-15T01:05:00+02:00,54,placa-vella,297,221,76,25.6
2026-09-14T23:05:00Z,2026-09-15T01:05:00+02:00,55,ajuntament-mercat,237,187,50,21.1
2026-09-14T23:06:00Z,2026-09-15T01:06:00+02:00,53,dr-robert,407,333,74,18.2
2026-09-14T23:06:00Z,2026-09-15T01:06:00+02:00,54,placa-vella,297,221,76,25.6
2026-09-14T23:06:00Z,2026-09-15T01:06:00+02:00,55,ajuntament-mercat,237,187,50,21.1
2026-09-14T23:07:00Z,2026-09-15T01:07:00+02:00,53,dr-robert,407,333,74,18.2
2026-09-14T23:07:00Z,2026-09-15T01:07:00+02:00,54,placa-vella,297,221,76,25.6
2026-09-14T23:07:00Z,2026-09-15T01:07:00+02:00,55,ajuntament-mercat,237,187,50,21.1
2026-09-14T23:08:00Z,2026-09-15T01:08:00+02:00,53,dr-robert,407,333,74,18.2
2026-09-14T23:08:00Z,2026-09-15T01:08:00+02:00,54,placa-vella,297,221,76,25.6
2026-09-14T23:08:00Z,2026-09-15T01:08:00+02:00,55,ajuntament-mercat,237,187,50,21.1
2026-09-14T23:09:00Z,2026-09-15T01:09:00+02:00,53,dr-robert,407,333,74,18.2
2026-09-14T23:09:00Z,2026-09-15T01:09:00+02:00,54,placa-vella,297,221,76,25.6
2026-09-14T23:09:00Z,2026-09-15T01:09:00+02:00,55,ajuntament-mercat,237,187,50,21.1
2026-09-14T23:10:00Z,2026-09-15T01:10:00+02:00,53,dr-robert,407,335,72,17.7
2026-09-14T23:10:00Z,2026-09-15T01:10:00+02:00,54,placa-vella,297,221,76,25.6
2026-09-14T23:10:00Z,2026-09-15T01:10:00+02:00,55,ajuntament-mercat,237,187,50,21.1
2026-09-14T23:11:00Z,2026-09-15T01:11:00+02:00,53,dr-robert,407,335,72,17.7
2026-09-14T23:11:00Z,2026-09-15T01:11:00+02:00,54,placa-vella,297,221,76,25.6
2026-09-14T23:11:00Z,2026-09-15T01:11:00+02:00,55,ajuntament-mercat,237,187,50,21.1
2026-09-14T23:12:00Z,2026-09-15T01:12:00+02:00,53,dr-robert,407,335,72,17.7
2026-09-14T23:12:00Z,2026-09-15T01:12:00+02:00,54,placa-vella,297,221,76,25.6
2026-09-14T23:12:00Z,2026-09-15T01:12:00+02:00,55,ajuntament-mercat,237,187,50,21.1
2026-09-14T23:13:00Z,2026-09-15T01:13:00+02:00,53,dr-robert,407,335,72,17.7
2026-09-14T23:13:00Z,2026-09-15T01:13:00+02:00,54,placa-vella,297,221,76,25.6
2026-09-14T23:13:00Z,2026-09-15T01:13:00+02:00,55,ajuntament-mercat,237,187,50,21.1
2026-09-14T23:14:00Z,2026-09-15T01:14:00+02:00,53,dr-robert,407,335,72,17.7
2026-09-14T23:14:00Z,2026-09-15T01:14:00+02:00,54,placa-vella,297,221,76,25.6
2026-09-14T23:14:00Z,2026-09-15T01:14:00+02:00,55,ajuntament-mercat,237,187,50,21.1
2026-09-14T23:15:00Z,2026-09-15T01:15:00+02:00,53,dr-robert,407,335,72,17.7
2026-09-14T23:15:00Z,2026-09-15T01:15:00+02:00,54,placa-vella,297,221,76,25.6
2026-09-14T23:15:00Z,2026-09-15T01:15:00+02:00,55,ajuntament-mercat,237,187,50,21.1
2026-09-14T23:16:00Z,2026-09-15T01:16:00+02:00,53,dr-robert,407,335,72,17.7
2026-09-14T23:16:00Z,2026-09-15T01:16:00+02:00,54,placa-vella,297,221,76,25.6
2026-09-14T23:16:00Z,2026-09-15T01:16:00+02:00,55,ajuntament-mercat,237,187,50,21.1
2026-09-14T23:17:00Z,2026-09-15T01:17:00+02:00,53,dr-robert,407,335,72,17.7
2026-09-14T23:17:00Z,2026-09-15T01:17:00+02:00,54,placa-vella,297,221,76,25.6
2026-09-14T23:17:00Z,2026-09-15T01:17:00+02:00,55,ajuntament-mercat,237,187,50,21.1
2026-09-14T23:18:00Z,2026-09-15T01:18:00+02:00,53,dr-robert,407,335,72,17.7
2026-09-14T23:18:00Z,2026-09-15T01:18:00+02:00,54,placa-vella,297,221,76,25.6
2026-09-14T23:18:00Z,2026-09-15T01:18:00+02:00,55,ajuntament-mercat,237,187,50,21.1
2026-09-14T23:19:00Z,2026-09-15T01:19:00+02:00,53,dr-robert,407,335,72,17.7
2026-09-14T23:19:00Z,2026-09-15T01:19:00+02:00,54,placa-vella,297,221,76,25.6
2026-09-14T23:19:00Z,2026-09-15T01:19:00+02:00,55,ajuntament-mercat,237,187,50,21.1
2026-09-14T23:20:00Z,2026-09-15T01:20:00+02:00,53,dr-robert,407,335,72,17.7
2026-09-14T23:20:00Z,2026-09-15T01:20:00+02:00,54,placa-vella,297,221,76,25.6
2026-09-14T23:20:00Z,2026-09-15T01:20:00+02:00,55,ajuntament-mercat,237,187,50,21.1
2026-09-14T23:21:00Z,2026-09-15T01:21:00+02:00,53,dr-robert,407,335,72,17.7
2026-09-14T23:21:00Z,2026-09-15T01:21:00+02:00,54,placa-vella,297,221,76,25.6
2026-09-14T23:21:00Z,2026-09-15T01:21:00+02:00,55,ajuntament-mercat,237,187,50,21.1
2026-09-14T23:22:00Z,2026-09-15T01:22:00+02:00,53,dr-robert,407,335,72,17.7
2026-09-14T23:22:00Z,2026-09-15T01:22:00+02:00,54,placa-vella,297,221,76,25.6
2026-09-14T23:22:00Z,2026-09-15T01:22:00+02:00,55,ajuntament-mercat,237,187,50,21.1
2026-09-14T23:23:00Z,2026-09-15T01:23:00+02:00,53,dr-robert,407,335,72,17.7
2026-09-14T23:23:00Z,2026-09-15T01:23:00+02:00,54,placa-vella,297,221,76,25.6
2026-09-14T23:23:00Z,2026-09-15T01:23:00+02:00,55,ajuntament-mercat,237,187,50,21.1
2026-09-14T23:24:00Z,2026-09-15T01:24:00+02:00,53,dr-robert,407,335,72,17.7
2026-09-14T23:24:00Z,2026-09-15T01:24:00+02:00,54,placa-vella,297,221,76,25.6
2026-09-14T23:24:00Z,2026-09-15T01:24:00+02:00,55,ajuntament-mercat,237,187,50,21.1
2026-09-14T23:25:00Z,2026-09-15T01:25:00+02:00,53,dr-robert,407,335,72,17.7
2026-09-14T23:25:00Z,2026-09-15T01:25:00+02:00,54,placa-vella,297,221,76,25.6
2026-09-14T23:25:00Z,2026-09-15T01:25:00+02:00,55,ajuntament-mercat,237,187,50,21.1
2026-09-14T23:26:00Z,2026-09-15T01:26:00+02:00,53,dr-robert,407,335,72,17.7
2026-09-14T23:26:00Z,2026-09-15T01:26:00+02:00,54,placa-vella,297,221,76,25.6
2026-09-14T23:26:00Z,2026-09-15T01:26:00+02:00,55,ajuntament-mercat,237,187,50,21.1
2026-09-14T23:27:00Z,2026-09-15T01:27:00+02:00,53,dr-robert,407,335,72,17.7
2026-09-14T23:27:00Z,2026-09-15T01:27:00+02:00,54,placa-vella,297,221,76,25.6
2026-09-14T23:27:00Z,2026-09-15T01:27:00+02:00,55,ajuntament-mercat,237,187,50,21.1
2026-09-14T23:28:00Z,2026-09-15T01:28:00+02:00,53,dr-robert,407,335,72,17.7
2026-09-14T23:28:00Z,2026-09-15T01:28:00+02:00,54,placa-vella,297,221,76,25.6
2026-09-14T23:28:00Z,2026-09-15T01:28:00+02:00,55,ajuntament-mercat,237,187,50,21.1
2026-09-14T23:29:00Z,2026-09-15T01:29:00+02:00,53,dr-robert,407,335,72,17.7
2026-09-14T23:29:00Z,2026-09-15T01:29:00+02:00,54,placa-vella,297,221,76,25.6
2026-09-14T23:29:00Z,2026-09-15T01:29:00+02:00,55,ajuntament-mercat,237,187,50,21.1
2026-09-14T23:30:00Z,2026-09-15T01:30:00+02:00,53,dr-robert,407,334,73,17.9
2026-09-14T23:30:00Z,2026-09-15T01:30:00+02:00,54,placa-vella,297,221,76,25.6
2026-09-14T23:30:00Z,2026-09-15T01:30:00+02:00,55,ajuntament-mercat,237,187,50,21.1
2026-09-14T23:31:00Z,2026-09-15T01:31:00+02:00,53,dr-robert,407,334,73,17.9
2026-09-14T23:31:00Z,2026-09-15T01:31:00+02:00,54,placa-vella,297,221,76,25.6
2026-09-14T23:31:00Z,2026-09-15T01:31:00+02:00,55,ajuntament-mercat,237,187,50,21.1
2026-09-14T23:32:00Z,2026-09-15T01:32:00+02:00,53,dr-robert,407,334,73,17.9
2026-09-14T23:32:00Z,2026-09-15T01:32:00+02:00,54,placa-vella,297,221,76,25.6
2026-09-14T23:32:00Z,2026-09-15T01:32:00+02:00,55,ajuntament-mercat,237,187,50,21.1
2026-09-14T23:33:00Z,2026-09-15T01:33:00+02:00,53,dr-robert,407,334,73,17.9
2026-09-14T23:33:00Z,2026-09-15T01:33:00+02:00,54,placa-vella,297,221,76,25.6
2026-09-14T23:33:00Z,2026-09-15T01:33:00+02:00,55,ajuntament-mercat,237,187,50,21.1
2026-09-14T23:34:00Z,2026-09-15T01:34:00+02:00,53,dr-robert,407,334,73,17.9
2026-09-14T23:34:00Z,2026-09-15T01:34:00+02:00,54,placa-vella,297,221,76,25.6
2026-09-14T23:34:00Z,2026-09-15T01:34:00+02:00,55,ajuntament-mercat,237,187,50,21.1
2026-09-14T23:35:00Z,2026-09-15T01:35:00+02:00,53,dr-robert,407,334,73,17.9
2026-09-14T23:35:00Z,2026-09-15T01:35:00+02:00,54,placa-vella,297,221,76,25.6
2026-09-14T23:35:00Z,2026-09-15T01:35:00+02:00,55,ajuntament-mercat,237,187,50,21.1
2026-09-14T23:36:00Z,2026-09-15T01:36:00+02:00,53,dr-robert,407,334,73,17.9
2026-09-14T23:36:00Z,2026-09-15T01:36:00+02:00,54,placa-vella,297,221,76,25.6
2026-09-14T23:36:00Z,2026-09-15T01:36:00+02:00,55,ajuntament-mercat,237,187,50,21.1
2026-09-14T23:37:00Z,2026-09-15T01:37:00+02:00,53,dr-robert,407,334,73,17.9
2026-09-14T23:37:00Z,2026-09-15T01:37:00+02:00,54,placa-vella,297,221,76,25.6
2026-09-14T23:37:00Z,2026-09-15T01:37:00+02:00,55,ajuntament-mercat,237,187,50,21.1
2026-09-14T23:38:00Z,2026-09-15T01:38:00+02:00,53,dr-robert,407,334,73,17.9
2026-09-14T23:38:00Z,2026-09-15T01:38:00+02:00,54,placa-vella,297,221,76,25.6
2026-09-14T23:38:00Z,2026-09-15T01:38:00+02:00,55,ajuntament-mercat,237,187,50,21.1
2026-09-14T23:39:00Z,2026-09-15T01:39:00+02:00,53,dr-robert,407,334,73,17.9
2026-09-14T23:39:00Z,2026-09-15T01:39:00+02:00,54,placa-vella,297,221,76,25.6
2026-09-14T23:39:00Z,2026-09-15T01:39:00+02:00,55,ajuntament-mercat,237,187,50,21.1
2026-09-14T23:40:00Z,2026-09-15T01:40:00+02:00,53,dr-robert,407,334,73,17.9
2026-09-14T23:40:00Z,2026-09-15T01:40:00+02:00,54,placa-vella,297,221,76,25.6
2026-09-14T23:40:00Z,2026-09-15T01:40:00+02:00,55,ajuntament-mercat,237,187,50,21.1
2026-09-14T23:41:00Z,2026-09-15T01:41:00+02:00,53,dr-robert,407,334,73,17.9
2026-09-14T23:41:00Z,2026-09-15T01:41:00+02:00,54,placa-vella,297,221,76,25.6
2026-09-14T23:41:00Z,2026-09-15T01:41:00+02:00,55,ajuntament-mercat,237,187,50,21.1
2026-09-14T23:42:00Z,2026-09-15T01:42:00+02:00,53,dr-robert,407,334,73,17.9
2026-09-14T23:42:00Z,2026-09-15T01:42:00+02:00,54,placa-vella,297,221,76,25.6
2026-09-14T23:42:00Z,2026-09-15T01:42:00+02:00,55,ajuntament-mercat,237,187,50,21.1
2026-09-14T23:43:00Z,2026-09-15T01:43:00+02:00,53,dr-robert,407,334,73,17.9
2026-09-14T23:43:00Z,2026-09-15T01:43:00+02:00,54,placa-vella,297,221,76,25.6
2026-09-14T23:43:00Z,2026-09-15T01:43:00+02:00,55,ajuntament-mercat,237,187,50,21.1
2026-09-14T23:44:00Z,2026-09-15T01:44:00+02:00,53,dr-robert,407,334,73,17.9
2026-09-14T23:44:00Z,2026-09-15T01:44:00+02:00,54,placa-vella,297,221,76,25.6
2026-09-14T23:44:00Z,2026-09-15T01:44:00+02:00,55,ajuntament-mercat,237,187,50,21.1
2026-09-14T23:45:00Z,2026-09-15T01:45:00+02:00,53,dr-robert,407,336,71,17.4
2026-09-14T23:45:00Z,2026-09-15T01:45:00+02:00,54,placa-vella,297,221,76,25.6
2026-09-14T23:45:00Z,2026-09-15T01:45:00+02:00,55,ajuntament-mercat,237,187,50,21.1
2026-09-14T23:46:00Z,2026-09-15T01:46:00+02:00,53,dr-robert,407,336,71,17.4
2026-09-14T23:46:00Z,2026-09-15T01:46:00+02:00,54,placa-vella,297,221,76,25.6
2026-09-14T23:46:00Z,2026-09-15T01:46:00+02:00,55,ajuntament-mercat,237,187,50,21.1
2026-09-14T23:47:00Z,2026-09-15T01:47:00+02:00,53,dr-robert,407,336,71,17.4
2026-09-14T23:47:00Z,2026-09-15T01:47:00+02:00,54,placa-vella,297,221,76,25.6
2026-09-14T23:47:00Z,2026-09-15T01:47:00+02:00,55,ajuntament-mercat,237,187,50,21.1
2026-09-14T23:48:00Z,2026-09-15T01:48:00+02:00,53,dr-robert,407,336,71,17.4
2026-09-14T23:48:00Z,2026-09-15T01:48:00+02:00,54,placa-vella,297,221,76,25.6
2026-09-14T23:48:00Z,2026-09-15T01:48:00+02:00,55,ajuntament-mercat,237,187,50,21.1
2026-09-14T23:49:00Z,2026-09-15T01:49:00+02:00,53,dr-robert,407,336,71,17.4
2026-09-14T23:49:00Z,2026-09-15T01:49:00+02:00,54,placa-vella,297,221,76,25.6
2026-09-14T23:49:00Z,2026-09-15T01:49:00+02:00,55,ajuntament-mercat,237,187,50,21.1
2026-09-14T23:50:00Z,2026-09-15T01:50:00+02:00,53,dr-robert,407,336,71,17.4
2026-09-14T23:50:00Z,2026-09-15T01:50:00+02:00,54,placa-vella,297,221,76,25.6
2026-09-14T23:50:00Z,2026-09-15T01:50:00+02:00,55,ajuntament-mercat,237,187,50,21.1
2026-09-14T23:51:00Z,2026-09-15T01:51:00+02:00,53,dr-robert,407,336,71,17.4
2026-09-14T23:51:00Z,2026-09-15T01:51:00+02:00,54,placa-vella,297,221,76,25.6
2026-09-14T23:51:00Z,2026-09-15T01:51:00+02:00,55,ajuntament-mercat,237,187,50,21.1
2026-09-14T23:52:00Z,2026-09-15T01:52:00+02:00,53,dr-robert,407,336,71,17.4
2026-09-14T23:52:00Z,2026-09-15T01:52:00+02:00,54,placa-vella,297,221,76,25.6
2026-09-14T23:52:00Z,2026-09-15T01:52:00+02:00,55,ajuntament-mercat,237,187,50,21.1
2026-09-14T23:53:00Z,2026-09-15T01:53:00+02:00,53,dr-robert,407,336,71,17.4
2026-09-14T23:53:00Z,2026-09-15T01:53:00+02:00,54,placa-vella,297,221,76,25.6
2026-09-14T23:53:00Z,2026-09-15T01:53:00+02:00,55,ajuntament-mercat,237,187,50,21.1
2026-09-14T23:54:00Z,2026-09-15T01:54:00+02:00,53,dr-robert,407,336,71,17.4
2026-09-14T23:54:00Z,2026-09-15T01:54:00+02:00,54,placa-vella,297,221,76,25.6
2026-09-14T23:54:00Z,2026-09-15T01:54:00+02:00,55,ajuntament-mercat,237,187,50,21.1
2026-09-14T23:55:00Z,2026-09-15T01:55:00+02:00,53,dr-robert,407,336,71,17.4
2026-09-14T23:55:00Z,2026-09-15T01:55:00+02:00,54,placa-vella,297,221,76,25.6
2026-09-14T23:55:00Z,2026-09-15T01:55:00+02:00,55,ajuntament-mercat,237,187,50,21.1
2026-09-14T23:56:00Z,2026-09-15T01:56:00+02:00,53,dr-robert,407,336,71,17.4
2026-09-14T23:56:00Z,2026-09-15T01:56:00+02:00,54,placa-vella,297,221,76,25.6
2026-09-14T23:56:00Z,2026-09-15T01:56:00+02:00,55,ajuntament-mercat,237,187,50,21.1
2026-09-14T23:57:00Z,2026-09-15T01:57:00+02:00,53,dr-robert,407,336,71,17.4
2026-09-14T23:57:00Z,2026-09-15T01:57:00+02:00,54,placa-vella,297,221,76,25.6
2026-09-14T23:57:00Z,2026-09-15T01:57:00+02:00,55,ajuntament-mercat,237,187,50,21.1
2026-09-14T23:58:00Z,2026-09-15T01:58:00+02:00,53,dr-robert,407,336,71,17.4
2026-09-14T23:58:00Z,2026-09-15T01:58:00+02:00,54,placa-vella,297,221,76,25.6
2026-09-14T23:58:00Z,2026-09-15T01:58:00+02:00,55,ajuntament-mercat,237,187,50,21.1
2026-09-14T23:59:00Z,2026-09-15T01:59:00+02:00,53,dr-robert,407,336,71,17.4
2026-09-14T23:59:00Z,2026-09-15T01:59:00+02:00,54,placa-vella,297,221,76,25.6
2026-09-14T23:59:00Z,2026-09-15T01:59:00+02:00,55,ajuntament-mercat,237,187,50,21.1
2026-09-15T00:00:00Z,2026-09-15T02:00:00+02:00,53,dr-robert,407,336,71,17.4
2026-09-15T00:00:00Z,2026-09-15T02:00:00+02:00,54,placa-vella,297,221,76,25.6
2026-09-15T00:00:00Z,2026-09-15T02:00:00+02:00,55,ajuntament-mercat,237,187,50,21.1
2026-09-15T00:01:00Z,2026-09-15T02:01:00+02:00,53,dr-robert,407,336,71,17.4
2026-09-15T00:01:00Z,2026-09-15T02:01:00+02:00,54,placa-vella,297,221,76,25.6
2026-09-15T00:01:00Z,2026-09-15T02:01:00+02:00,55,ajuntament-mercat,237,187,50,21.1
2026-09-15T00:02:00Z,2026-09-15T02:02:00+02:00,53,dr-robert,407,337,70,17.2
2026-09-15T00:02:00Z,2026-09-15T02:02:00+02:00,54,placa-vella,297,220,77,25.9
2026-09-15T00:02:00Z,2026-09-15T02:02:00+02:00,55,ajuntament-mercat,237,187,50,21.1
2026-09-15T00:03:00Z,2026-09-15T02:03:00+02:00,53,dr-robert,407,337,70,17.2
2026-09-15T00:03:00Z,2026-09-15T02:03:00+02:00,54,placa-vella,297,220,77,25.9
2026-09-15T00:03:00Z,2026-09-15T02:03:00+02:00,55,ajuntament-mercat,237,187,50,21.1
2026-09-15T00:04:00Z,2026-09-15T02:04:00+02:00,53,dr-robert,407,337,70,17.2
2026-09-15T00:04:00Z,2026-09-15T02:04:00+02:00,54,placa-vella,297,220,77,25.9
2026-09-15T00:04:00Z,2026-09-15T02:04:00+02:00,55,ajuntament-mercat,237,187,50,21.1
2026-09-15T00:05:00Z,2026-09-15T02:05:00+02:00,53,dr-robert,407,337,70,17.2
2026-09-15T00:05:00Z,2026-09-15T02:05:00+02:00,54,placa-vella,297,220,77,25.9
2026-09-15T00:05:00Z,2026-09-15T02:05:00+02:00,55,ajuntament-mercat,237,187,50,21.1
2026-09-15T00:06:00Z,2026-09-15T02:06:00+02:00,53,dr-robert,407,337,70,17.2
2026-09-15T00:06:00Z,2026-09-15T02:06:00+02:00,54,placa-vella,297,220,77,25.9
2026-09-15T00:06:00Z,2026-09-15T02:06:00+02:00,55,ajuntament-mercat,237,187,50,21.1
2026-09-15T00:07:00Z,2026-09-15T02:07:00+02:00,53,dr-robert,407,337,70,17.2
2026-09-15T00:07:00Z,2026-09-15T02:07:00+02:00,54,placa-vella,297,220,77,25.9
2026-09-15T00:07:00Z,2026-09-15T02:07:00+02:00,55,ajuntament-mercat,237,187,50,21.1
2026-09-15T00:08:00Z,2026-09-15T02:08:00+02:00,53,dr-robert,407,337,70,17.2
2026-09-15T00:08:00Z,2026-09-15T02:08:00+02:00,54,placa-vella,297,220,77,25.9
2026-09-15T00:08:00Z,2026-09-15T02:08:00+02:00,55,ajuntament-mercat,237,187,50,21.1
2026-09-15T00:09:00Z,2026-09-15T02:09:00+02:00,53,dr-robert,407,337,70,17.2
2026-09-15T00:09:00Z,2026-09-15T02:09:00+02:00,54,placa-vella,297,220,77,25.9
2026-09-15T00:09:00Z,2026-09-15T02:09:00+02:00,55,ajuntament-mercat,237,187,50,21.1
2026-09-15T00:10:00Z,2026-09-15T02:10:00+02:00,53,dr-robert,407,337,70,17.2
2026-09-15T00:10:00Z,2026-09-15T02:10:00+02:00,54,placa-vella,297,220,77,25.9
2026-09-15T00:10:00Z,2026-09-15T02:10:00+02:00,55,ajuntament-mercat,237,187,50,21.1
2026-09-15T00:11:00Z,2026-09-15T02:11:00+02:00,53,dr-robert,407,337,70,17.2
2026-09-15T00:11:00Z,2026-09-15T02:11:00+02:00,54,placa-vella,297,220,77,25.9
2026-09-15T00:11:00Z,2026-09-15T02:11:00+02:00,55,ajuntament-mercat,237,187,50,21.1
2026-09-15T00:12:00Z,2026-09-15T02:12:00+02:00,53,dr-robert,407,337,70,17.2
2026-09-15T00:12:00Z,2026-09-15T02:12:00+02:00,54,placa-vella,297,220,77,25.9
2026-09-15T00:12:00Z,2026-09-15T02:12:00+02:00,55,ajuntament-mercat,237,187,50,21.1
2026-09-15T00:13:00Z,2026-09-15T02:13:00+02:00,53,dr-robert,407,337,70,17.2
2026-09-15T00:13:00Z,2026-09-15T02:13:00+02:00,54,placa-vella,297,220,77,25.9
2026-09-15T00:13:00Z,2026-09-15T02:13:00+02:00,55,ajuntament-mercat,237,187,50,21.1
2026-09-15T00:14:00Z,2026-09-15T02:14:00+02:00,53,dr-robert,407,337,70,17.2
2026-09-15T00:14:00Z,2026-09-15T02:14:00+02:00,54,placa-vella,297,220,77,25.9
2026-09-15T00:14:00Z,2026-09-15T02:14:00+02:00,55,ajuntament-mercat,237,187,50,21.1
2026-09-15T00:15:00Z,2026-09-15T02:15:00+02:00,53,dr-robert,407,337,70,17.2
2026-09-15T00:15:00Z,2026-09-15T02:15:00+02:00,54,placa-vella,297,220,77,25.9
2026-09-15T00:15:00Z,2026-09-15T02:15:00+02:00,55,ajuntament-mercat,237,187,50,21.1
2026-09-15T00:16:00Z,2026-09-15T02:16:00+02:00,53,dr-robert,407,337,70,17.2
2026-09-15T00:16:00Z,2026-09-15T02:16:00+02:00,54,placa-vella,297,220,77,25.9
2026-09-15T00:16:00Z,2026-09-15T02:16:00+02:00,55,ajuntament-mercat,237,187,50,21.1
2026-09-15T00:17:00Z,2026-09-15T02:17:00+02:00,53,dr-robert,407,337,70,17.2
2026-09-15T00:17:00Z,2026-09-15T02:17:00+02:00,54,placa-vella,297,220,77,25.9
2026-09-15T00:17:00Z,2026-09-15T02:17:00+02:00,55,ajuntament-mercat,237,187,50,21.1
2026-09-15T00:18:00Z,2026-09-15T02:18:00+02:00,53,dr-robert,407,337,70,17.2
2026-09-15T00:18:00Z,2026-09-15T02:18:00+02:00,54,placa-vella,297,220,77,25.9
2026-09-15T00:18:00Z,2026-09-15T02:18:00+02:00,55,ajuntament-mercat,237,187,50,21.1
2026-09-15T00:19:00Z,2026-09-15T02:19:00+02:00,53,dr-robert,407,337,70,17.2
2026-09-15T00:19:00Z,2026-09-15T02:19:00+02:00,54,placa-vella,297,220,77,25.9
2026-09-15T00:19:00Z,2026-09-15T02:19:00+02:00,55,ajuntament-mercat,237,187,50,21.1
2026-09-15T00:20:00Z,2026-09-15T02:20:00+02:00,53,dr-robert,407,338,69,17
2026-09-15T00:20:00Z,2026-09-15T02:20:00+02:00,54,placa-vella,297,220,77,25.9
2026-09-15T00:20:00Z,2026-09-15T02:20:00+02:00,55,ajuntament-mercat,237,187,50,21.1
2026-09-15T00:21:00Z,2026-09-15T02:21:00+02:00,53,dr-robert,407,338,69,17
2026-09-15T00:21:00Z,2026-09-15T02:21:00+02:00,54,placa-vella,297,220,77,25.9
2026-09-15T00:21:00Z,2026-09-15T02:21:00+02:00,55,ajuntament-mercat,237,187,50,21.1
2026-09-15T00:22:00Z,2026-09-15T02:22:00+02:00,53,dr-robert,407,338,69,17
2026-09-15T00:22:00Z,2026-09-15T02:22:00+02:00,54,placa-vella,297,220,77,25.9
2026-09-15T00:22:00Z,2026-09-15T02:22:00+02:00,55,ajuntament-mercat,237,187,50,21.1
2026-09-15T00:23:00Z,2026-09-15T02:23:00+02:00,53,dr-robert,407,338,69,17
2026-09-15T00:23:00Z,2026-09-15T02:23:00+02:00,54,placa-vella,297,220,77,25.9
2026-09-15T00:23:00Z,2026-09-15T02:23:00+02:00,55,ajuntament-mercat,237,187,50,21.1
2026-09-15T00:24:00Z,2026-09-15T02:24:00+02:00,53,dr-robert,407,338,69,17
2026-09-15T00:24:00Z,2026-09-15T02:24:00+02:00,54,placa-vella,297,220,77,25.9
2026-09-15T00:24:00Z,2026-09-15T02:24:00+02:00,55,ajuntament-mercat,237,187,50,21.1
2026-09-15T00:25:00Z,2026-09-15T02:25:00+02:00,53,dr-robert,407,338,69,17
2026-09-15T00:25:00Z,2026-09-15T02:25:00+02:00,54,placa-vella,297,222,75,25.3
2026-09-15T00:25:00Z,2026-09-15T02:25:00+02:00,55,ajuntament-mercat,237,187,50,21.1
2026-09-15T00:26:00Z,2026-09-15T02:26:00+02:00,53,dr-robert,407,338,69,17
2026-09-15T00:26:00Z,2026-09-15T02:26:00+02:00,54,placa-vella,297,222,75,25.3
2026-09-15T00:26:00Z,2026-09-15T02:26:00+02:00,55,ajuntament-mercat,237,187,50,21.1
2026-09-15T00:27:00Z,2026-09-15T02:27:00+02:00,53,dr-robert,407,338,69,17
2026-09-15T00:27:00Z,2026-09-15T02:27:00+02:00,54,placa-vella,297,222,75,25.3
2026-09-15T00:27:00Z,2026-09-15T02:27:00+02:00,55,ajuntament-mercat,237,187,50,21.1
2026-09-15T00:28:00Z,2026-09-15T02:28:00+02:00,53,dr-robert,407,338,69,17
2026-09-15T00:28:00Z,2026-09-15T02:28:00+02:00,54,placa-vella,297,222,75,25.3
2026-09-15T00:28:00Z,2026-09-15T02:28:00+02:00,55,ajuntament-mercat,237,187,50,21.1
2026-09-15T00:29:00Z,2026-09-15T02:29:00+02:00,53,dr-robert,407,338,69,17
2026-09-15T00:29:00Z,2026-09-15T02:29:00+02:00,54,placa-vella,297,222,75,25.3
2026-09-15T00:29:00Z,2026-09-15T02:29:00+02:00,55,ajuntament-mercat,237,187,50,21.1
2026-09-15T00:30:00Z,2026-09-15T02:30:00+02:00,53,dr-robert,407,338,69,17
2026-09-15T00:30:00Z,2026-09-15T02:30:00+02:00,54,placa-vella,297,222,75,25.3
2026-09-15T00:30:00Z,2026-09-15T02:30:00+02:00,55,ajuntament-mercat,237,187,50,21.1
2026-09-15T00:31:00Z,2026-09-15T02:31:00+02:00,53,dr-robert,407,338,69,17
2026-09-15T00:31:00Z,2026-09-15T02:31:00+02:00,54,placa-vella,297,222,75,25.3
2026-09-15T00:31:00Z,2026-09-15T02:31:00+02:00,55,ajuntament-mercat,237,187,50,21.1
2026-09-15T00:32:00Z,2026-09-15T02:32:00+02:00,53,dr-robert,407,338,69,17
2026-09-15T00:32:00Z,2026-09-15T02:32:00+02:00,54,placa-vella,297,222,75,25.3
2026-09-15T00:32:00Z,2026-09-15T02:32:00+02:00,55,ajuntament-mercat,237,187,50,21.1
2026-09-15T00:33:00Z,2026-09-15T02:33:00+02:00,53,dr-robert,407,340,67,16.5
2026-09-15T00:33:00Z,2026-09-15T02:33:00+02:00,54,placa-vella,297,222,75,25.3
2026-09-15T00:33:00Z,2026-09-15T02:33:00+02:00,55,ajuntament-mercat,237,187,50,21.1
2026-09-15T00:34:00Z,2026-09-15T02:34:00+02:00,53,dr-robert,407,340,67,16.5
2026-09-15T00:34:00Z,2026-09-15T02:34:00+02:00,54,placa-vella,297,222,75,25.3
2026-09-15T00:34:00Z,2026-09-15T02:34:00+02:00,55,ajuntament-mercat,237,187,50,21.1
2026-09-15T00:35:00Z,2026-09-15T02:35:00+02:00,53,dr-robert,407,340,67,16.5
2026-09-15T00:35:00Z,2026-09-15T02:35:00+02:00,54,placa-vella,297,222,75,25.3
2026-09-15T00:35:00Z,2026-09-15T02:35:00+02:00,55,ajuntament-mercat,237,187,50,21.1
2026-09-15T00:36:00Z,2026-09-15T02:36:00+02:00,53,dr-robert,407,340,67,16.5
2026-09-15T00:36:00Z,2026-09-15T02:36:00+02:00,54,placa-vella,297,222,75,25.3
2026-09-15T00:36:00Z,2026-09-15T02:36:00+02:00,55,ajuntament-mercat,237,187,50,21.1
2026-09-15T00:37:00Z,2026-09-15T02:37:00+02:00,53,dr-robert,407,340,67,16.5
2026-09-15T00:37:00Z,2026-09-15T02:37:00+02:00,54,placa-vella,297,222,75,25.3
2026-09-15T00:37:00Z,2026-09-15T02:37:00+02:00,55,ajuntament-mercat,237,187,50,21.1
2026-09-15T00:38:00Z,2026-09-15T02:38:00+02:00,53,dr-robert,407,340,67,16.5
2026-09-15T00:38:00Z,2026-09-15T02:38:00+02:00,54,placa-vella,297,222,75,25.3
2026-09-15T00:38:00Z,2026-09-15T02:38:00+02:00,55,ajuntament-mercat,237,187,50,21.1
2026-09-15T00:39:00Z,2026-09-15T02:39:00+02:00,53,dr-robert,407,340,67,16.5
2026-09-15T00:39:00Z,2026-09-15T02:39:00+02:00,54,placa-vella,297,222,75,25.3
2026-09-15T00:39:00Z,2026-09-15T02:39:00+02:00,55,ajuntament-mercat,237,187,50,21.1
2026-09-15T00:40:00Z,2026-09-15T02:40:00+02:00,53,dr-robert,407,340,67,16.5
2026-09-15T00:40:00Z,2026-09-15T02:40:00+02:00,54,placa-vella,297,222,75,25.3
2026-09-15T00:40:00Z,2026-09-15T02:40:00+02:00,55,ajuntament-mercat,237,187,50,21.1
2026-09-15T00:41:00Z,2026-09-15T02:41:00+02:00,53,dr-robert,407,340,67,16.5
2026-09-15T00:41:00Z,2026-09-15T02:41:00+02:00,54,placa-vella,297,222,75,25.3
2026-09-15T00:41:00Z,2026-09-15T02:41:00+02:00,55,ajuntament-mercat,237,187,50,21.1
2026-09-15T00:42:00Z,2026-09-15T02:42:00+02:00,53,dr-robert,407,340,67,16.5
2026-09-15T00:42:00Z,2026-09-15T02:42:00+02:00,54,placa-vella,297,222,75,25.3
2026-09-15T00:42:00Z,2026-09-15T02:42:00+02:00,55,ajuntament-mercat,237,187,50,21.1
2026-09-15T00:43:00Z,2026-09-15T02:43:00+02:00,53,dr-robert,407,340,67,16.5
2026-09-15T00:43:00Z,2026-09-15T02:43:00+02:00,54,placa-vella,297,222,75,25.3
2026-09-15T00:43:00Z,2026-09-15T02:43:00+02:00,55,ajuntament-mercat,237,187,50,21.1
2026-09-15T00:44:00Z,2026-09-15T02:44:00+02:00,53,dr-robert,407,340,67,16.5
2026-09-15T00:44:00Z,2026-09-15T02:44:00+02:00,54,placa-vella,297,222,75,25.3
2026-09-15T00:44:00Z,2026-09-15T02:44:00+02:00,55,ajuntament-mercat,237,187,50,21.1
2026-09-15T00:45:00Z,2026-09-15T02:45:00+02:00,53,dr-robert,407,340,67,16.5
2026-09-15T00:45:00Z,2026-09-15T02:45:00+02:00,54,placa-vella,297,222,75,25.3
2026-09-15T00:45:00Z,2026-09-15T02:45:00+02:00,55,ajuntament-mercat,237,187,50,21.1
2026-09-15T00:46:00Z,2026-09-15T02:46:00+02:00,53,dr-robert,407,340,67,16.5
2026-09-15T00:46:00Z,2026-09-15T02:46:00+02:00,54,placa-vella,297,222,75,25.3
2026-09-15T00:46:00Z,2026-09-15T02:46:00+02:00,55,ajuntament-mercat,237,187,50,21.1
2026-09-15T00:47:00Z,2026-09-15T02:47:00+02:00,53,dr-robert,407,340,67,16.5
2026-09-15T00:47:00Z,2026-09-15T02:47:00+02:00,54,placa-vella,297,222,75,25.3
2026-09-15T00:47:00Z,2026-09-15T02:47:00+02:00,55,ajuntament-mercat,237,187,50,21.1
2026-09-15T00:48:00Z,2026-09-15T02:48:00+02:00,53,dr-robert,407,340,67,16.5
2026-09-15T00:48:00Z,2026-09-15T02:48:00+02:00,54,placa-vella,297,222,75,25.3
2026-09-15T00:48:00Z,2026-09-15T02:48:00+02:00,55,ajuntament-mercat,237,187,50,21.1
2026-09-15T00:49:00Z,2026-09-15T02:49:00+02:00,53,dr-robert,407,340,67,16.5
2026-09-15T00:49:00Z,2026-09-15T02:49:00+02:00,54,placa-vella,297,222,75,25.3
2026-09-15T00:49:00Z,2026-09-15T02:49:00+02:00,55,ajuntament-mercat,237,187,50,21.1
2026-09-15T00:50:00Z,2026-09-15T02:50:00+02:00,53,dr-robert,407,340,67,16.5
2026-09-15T00:50:00Z,2026-09-15T02:50:00+02:00,54,placa-vella,297,222,75,25.3
2026-09-15T00:50:00Z,2026-09-15T02:50:00+02:00,55,ajuntament-mercat,237,187,50,21.1
2026-09-15T00:51:00Z,2026-09-15T02:51:00+02:00,53,dr-robert,407,340,67,16.5
2026-09-15T00:51:00Z,2026-09-15T02:51:00+02:00,54,placa-vella,297,222,75,25.3
2026-09-15T00:51:00Z,2026-09-15T02:51:00+02:00,55,ajuntament-mercat,237,187,50,21.1
2026-09-15T00:52:00Z,2026-09-15T02:52:00+02:00,53,dr-robert,407,340,67,16.5
2026-09-15T00:52:00Z,2026-09-15T02:52:00+02:00,54,placa-vella,297,222,75,25.3
2026-09-15T00:52:00Z,2026-09-15T02:52:00+02:00,55,ajuntament-mercat,237,187,50,21.1
2026-09-15T00:53:00Z,2026-09-15T02:53:00+02:00,53,dr-robert,407,340,67,16.5
2026-09-15T00:53:00Z,2026-09-15T02:53:00+02:00,54,placa-vella,297,222,75,25.3
2026-09-15T00:53:00Z,2026-09-15T02:53:00+02:00,55,ajuntament-mercat,237,187,50,21.1
2026-09-15T00:54:00Z,2026-09-15T02:54:00+02:00,53,dr-robert,407,340,67,16.5
2026-09-15T00:54:00Z,2026-09-15T02:54:00+02:00,54,placa-vella,297,222,75,25.3
2026-09-15T00:54:00Z,2026-09-15T02:54:00+02:00,55,ajuntament-mercat,237,187,50,21.1
2026-09-15T00:55:00Z,2026-09-15T02:55:00+02:00,53,dr-robert,407,340,67,16.5
2026-09-15T00:55:00Z,2026-09-15T02:55:00+02:00,54,placa-vella,297,222,75,25.3
2026-09-15T00:55:00Z,2026-09-15T02:55:00+02:00,55,ajuntament-mercat,237,187,50,21.1
2026-09-15T00:56:00Z,2026-09-15T02:56:00+02:00,53,dr-robert,407,340,67,16.5
2026-09-15T00:56:00Z,2026-09-15T02:56:00+02:00,54,placa-vella,297,222,75,25.3
2026-09-15T00:56:00Z,2026-09-15T02:56:00+02:00,55,ajuntament-mercat,237,187,50,21.1
2026-09-15T00:57:00Z,2026-09-15T02:57:00+02:00,53,dr-robert,407,340,67,16.5
2026-09-15T00:57:00Z,2026-09-15T02:57:00+02:00,54,placa-vella,297,222,75,25.3
2026-09-15T00:57:00Z,2026-09-15T02:57:00+02:00,55,ajuntament-mercat,237,187,50,21.1
2026-09-15T00:58:00Z,2026-09-15T02:58:00+02:00,53,dr-robert,407,340,67,16.5
2026-09-15T00:58:00Z,2026-09-15T02:58:00+02:00,54,placa-vella,297,222,75,25.3
2026-09-15T00:58:00Z,2026-09-15T02:58:00+02:00,55,ajuntament-mercat,237,187,50,21.1
2026-09-15T00:59:00Z,2026-09-15T02:59:00+02:00,53,dr-robert,407,340,67,16.5
2026-09-15T00:59:00Z,2026-09-15T02:59:00+02:00,54,placa-vella,297,222,75,25.3
2026-09-15T00:59:00Z,2026-09-15T02:59:00+02:00,55,ajuntament-mercat,237,187,50,21.1
2026-09-15T01:00:00Z,2026-09-15T03:00:00+02:00,53,dr-robert,407,340,67,16.5
2026-09-15T01:00:00Z,2026-09-15T03:00:00+02:00,54,placa-vella,297,222,75,25.3
2026-09-15T01:00:00Z,2026-09-15T03:00:00+02:00,55,ajuntament-mercat,237,187,50,21.1
2026-09-15T01:01:00Z,2026-09-15T03:01:00+02:00,53,dr-robert,407,340,67,16.5
2026-09-15T01:01:00Z,2026-09-15T03:01:00+02:00,55,ajuntament-mercat,237,187,50,21.1
2026-09-15T01:02:00Z,2026-09-15T03:02:00+02:00,53,dr-robert,407,340,67,16.5
2026-09-15T01:02:00Z,2026-09-15T03:02:00+02:00,54,placa-vella,297,222,75,25.3
2026-09-15T01:02:00Z,2026-09-15T03:02:00+02:00,55,ajuntament-mercat,237,187,50,21.1
2026-09-15T01:03:00Z,2026-09-15T03:03:00+02:00,53,dr-robert,407,340,67,16.5
2026-09-15T01:03:00Z,2026-09-15T03:03:00+02:00,54,placa-vella,297,222,75,25.3
2026-09-15T01:03:00Z,2026-09-15T03:03:00+02:00,55,ajuntament-mercat,237,187,50,21.1
2026-09-15T01:04:00Z,2026-09-15T03:04:00+02:00,53,dr-robert,407,340,67,16.5
2026-09-15T01:04:00Z,2026-09-15T03:04:00+02:00,54,placa-vella,297,222,75,25.3
2026-09-15T01:04:00Z,2026-09-15T03:04:00+02:00,55,ajuntament-mercat,237,187,50,21.1
2026-09-15T01:05:00Z,2026-09-15T03:05:00+02:00,53,dr-robert,407,340,67,16.5
2026-09-15T01:05:00Z,2026-09-15T03:05:00+02:00,54,placa-vella,297,222,75,25.3
2026-09-15T01:05:00Z,2026-09-15T03:05:00+02:00,55,ajuntament-mercat,237,187,50,21.1
2026-09-15T01:06:00Z,2026-09-15T03:06:00+02:00,53,dr-robert,407,340,67,16.5
2026-09-15T01:06:00Z,2026-09-15T03:06:00+02:00,54,placa-vella,297,222,75,25.3
2026-09-15T01:06:00Z,2026-09-15T03:06:00+02:00,55,ajuntament-mercat,237,187,50,21.1
2026-09-15T01:07:00Z,2026-09-15T03:07:00+02:00,53,dr-robert,407,340,67,16.5
2026-09-15T01:07:00Z,2026-09-15T03:07:00+02:00,54,placa-vella,297,222,75,25.3
2026-09-15T01:07:00Z,2026-09-15T03:07:00+02:00,55,ajuntament-mercat,237,187,50,21.1
2026-09-15T01:08:00Z,2026-09-15T03:08:00+02:00,53,dr-robert,407,340,67,16.5
2026-09-15T01:08:00Z,2026-09-15T03:08:00+02:00,54,placa-vella,297,222,75,25.3
2026-09-15T01:08:00Z,2026-09-15T03:08:00+02:00,55,ajuntament-mercat,237,187,50,21.1
2026-09-15T01:09:00Z,2026-09-15T03:09:00+02:00,53,dr-robert,407,340,67,16.5
2026-09-15T01:09:00Z,2026-09-15T03:09:00+02:00,54,placa-vella,297,222,75,25.3
2026-09-15T01:09:00Z,2026-09-15T03:09:00+02:00,55,ajuntament-mercat,237,187,50,21.1
2026-09-15T01:10:00Z,2026-09-15T03:10:00+02:00,53,dr-robert,407,340,67,16.5
2026-09-15T01:10:00Z,2026-09-15T03:10:00+02:00,54,placa-vella,297,221,76,25.6
2026-09-15T01:10:00Z,2026-09-15T03:10:00+02:00,55,ajuntament-mercat,237,187,50,21.1
2026-09-15T01:11:00Z,2026-09-15T03:11:00+02:00,53,dr-robert,407,340,67,16.5
2026-09-15T01:11:00Z,2026-09-15T03:11:00+02:00,54,placa-vella,297,221,76,25.6
2026-09-15T01:11:00Z,2026-09-15T03:11:00+02:00,55,ajuntament-mercat,237,187,50,21.1
2026-09-15T01:12:00Z,2026-09-15T03:12:00+02:00,53,dr-robert,407,340,67,16.5
2026-09-15T01:12:00Z,2026-09-15T03:12:00+02:00,54,placa-vella,297,221,76,25.6
2026-09-15T01:12:00Z,2026-09-15T03:12:00+02:00,55,ajuntament-mercat,237,187,50,21.1
2026-09-15T01:13:00Z,2026-09-15T03:13:00+02:00,53,dr-robert,407,340,67,16.5
2026-09-15T01:13:00Z,2026-09-15T03:13:00+02:00,54,placa-vella,297,221,76,25.6
2026-09-15T01:13:00Z,2026-09-15T03:13:00+02:00,55,ajuntament-mercat,237,187,50,21.1
2026-09-15T01:14:00Z,2026-09-15T03:14:00+02:00,53,dr-robert,407,340,67,16.5
2026-09-15T01:14:00Z,2026-09-15T03:14:00+02:00,54,placa-vella,297,221,76,25.6
2026-09-15T01:14:00Z,2026-09-15T03:14:00+02:00,55,ajuntament-mercat,237,187,50,21.1
2026-09-15T01:15:00Z,2026-09-15T03:15:00+02:00,53,dr-robert,407,340,67,16.5
2026-09-15T01:15:00Z,2026-09-15T03:15:00+02:00,54,placa-vella,297,221,76,25.6
2026-09-15T01:15:00Z,2026-09-15T03:15:00+02:00,55,ajuntament-mercat,237,187,50,21.1
2026-09-15T01:16:00Z,2026-09-15T03:16:00+02:00,53,dr-robert,407,340,67,16.5
2026-09-15T01:16:00Z,2026-09-15T03:16:00+02:00,54,placa-vella,297,221,76,25.6
2026-09-15T01:16:00Z,2026-09-15T03:16:00+02:00,55,ajuntament-mercat,237,187,50,21.1
2026-09-15T01:17:00Z,2026-09-15T03:17:00+02:00,53,dr-robert,407,340,67,16.5
2026-09-15T01:17:00Z,2026-09-15T03:17:00+02:00,54,placa-vella,297,221,76,25.6
2026-09-15T01:17:00Z,2026-09-15T03:17:00+02:00,55,ajuntament-mercat,237,187,50,21.1
2026-09-15T01:18:00Z,2026-09-15T03:18:00+02:00,53,dr-robert,407,340,67,16.5
2026-09-15T01:18:00Z,2026-09-15T03:18:00+02:00,54,placa-vella,297,221,76,25.6
2026-09-15T01:18:00Z,2026-09-15T03:18:00+02:00,55,ajuntament-mercat,237,187,50,21.1
2026-09-15T01:19:00Z,2026-09-15T03:19:00+02:00,53,dr-robert,407,340,67,16.5
2026-09-15T01:19:00Z,2026-09-15T03:19:00+02:00,54,placa-vella,297,221,76,25.6
2026-09-15T01:19:00Z,2026-09-15T03:19:00+02:00,55,ajuntament-mercat,237,187,50,21.1
2026-09-15T01:20:00Z,2026-09-15T03:20:00+02:00,53,dr-robert,407,341,66,16.2
2026-09-15T01:20:00Z,2026-09-15T03:20:00+02:00,54,placa-vella,297,221,76,25.6
2026-09-15T01:20:00Z,2026-09-15T03:20:00+02:00,55,ajuntament-mercat,237,187,50,21.1
2026-09-15T01:21:00Z,2026-09-15T03:21:00+02:00,53,dr-robert,407,341,66,16.2
2026-09-15T01:21:00Z,2026-09-15T03:21:00+02:00,54,placa-vella,297,221,76,25.6
2026-09-15T01:21:00Z,2026-09-15T03:21:00+02:00,55,ajuntament-mercat,237,187,50,21.1
2026-09-15T01:22:00Z,2026-09-15T03:22:00+02:00,53,dr-robert,407,341,66,16.2
2026-09-15T01:22:00Z,2026-09-15T03:22:00+02:00,54,placa-vella,297,221,76,25.6
2026-09-15T01:22:00Z,2026-09-15T03:22:00+02:00,55,ajuntament-mercat,237,187,50,21.1
2026-09-15T01:23:00Z,2026-09-15T03:23:00+02:00,53,dr-robert,407,341,66,16.2
2026-09-15T01:23:00Z,2026-09-15T03:23:00+02:00,54,placa-vella,297,221,76,25.6
2026-09-15T01:23:00Z,2026-09-15T03:23:00+02:00,55,ajuntament-mercat,237,187,50,21.1
2026-09-15T01:24:00Z,2026-09-15T03:24:00+02:00,53,dr-robert,407,341,66,16.2
2026-09-15T01:24:00Z,2026-09-15T03:24:00+02:00,54,placa-vella,297,221,76,25.6
2026-09-15T01:24:00Z,2026-09-15T03:24:00+02:00,55,ajuntament-mercat,237,187,50,21.1
2026-09-15T01:25:00Z,2026-09-15T03:25:00+02:00,53,dr-robert,407,341,66,16.2
2026-09-15T01:25:00Z,2026-09-15T03:25:00+02:00,54,placa-vella,297,221,76,25.6
2026-09-15T01:25:00Z,2026-09-15T03:25:00+02:00,55,ajuntament-mercat,237,187,50,21.1
2026-09-15T01:26:00Z,2026-09-15T03:26:00+02:00,53,dr-robert,407,341,66,16.2
2026-09-15T01:26:00Z,2026-09-15T03:26:00+02:00,54,placa-vella,297,221,76,25.6
2026-09-15T01:26:00Z,2026-09-15T03:26:00+02:00,55,ajuntament-mercat,237,187,50,21.1
2026-09-15T01:27:00Z,2026-09-15T03:27:00+02:00,53,dr-robert,407,341,66,16.2
2026-09-15T01:27:00Z,2026-09-15T03:27:00+02:00,54,placa-vella,297,221,76,25.6
2026-09-15T01:27:00Z,2026-09-15T03:27:00+02:00,55,ajuntament-mercat,237,187,50,21.1
2026-09-15T01:28:00Z,2026-09-15T03:28:00+02:00,53,dr-robert,407,341,66,16.2
2026-09-15T01:28:00Z,2026-09-15T03:28:00+02:00,54,placa-vella,297,221,76,25.6
2026-09-15T01:28:00Z,2026-09-15T03:28:00+02:00,55,ajuntament-mercat,237,187,50,21.1
2026-09-15T01:29:00Z,2026-09-15T03:29:00+02:00,53,dr-robert,407,341,66,16.2
2026-09-15T01:29:00Z,2026-09-15T03:29:00+02:00,54,placa-vella,297,221,76,25.6
2026-09-15T01:29:00Z,2026-09-15T03:29:00+02:00,55,ajuntament-mercat,237,187,50,21.1
2026-09-15T01:30:00Z,2026-09-15T03:30:00+02:00,53,dr-robert,407,341,66,16.2
2026-09-15T01:30:00Z,2026-09-15T03:30:00+02:00,54,placa-vella,297,221,76,25.6
2026-09-15T01:30:00Z,2026-09-15T03:30:00+02:00,55,ajuntament-mercat,237,187,50,21.1
2026-09-15T01:32:00Z,2026-09-15T03:32:00+02:00,53,dr-robert,407,341,66,16.2
2026-09-15T01:32:00Z,2026-09-15T03:32:00+02:00,54,placa-vella,297,221,76,25.6
2026-09-15T01:32:00Z,2026-09-15T03:32:00+02:00,55,ajuntament-mercat,237,187,50,21.1
2026-09-15T01:33:00Z,2026-09-15T03:33:00+02:00,53,dr-robert,407,341,66,16.2
2026-09-15T01:33:00Z,2026-09-15T03:33:00+02:00,54,placa-vella,297,221,76,25.6
2026-09-15T01:33:00Z,2026-09-15T03:33:00+02:00,55,ajuntament-mercat,237,187,50,21.1
2026-09-15T01:34:00Z,2026-09-15T03:34:00+02:00,53,dr-robert,407,341,66,16.2
2026-09-15T01:34:00Z,2026-09-15T03:34:00+02:00,54,placa-vella,297,221,76,25.6
2026-09-15T01:34:00Z,2026-09-15T03:34:00+02:00,55,ajuntament-mercat,237,187,50,21.1
2026-09-15T01:35:00Z,2026-09-15T03:35:00+02:00,53,dr-robert,407,341,66,16.2
2026-09-15T01:35:00Z,2026-09-15T03:35:00+02:00,54,placa-vella,297,221,76,25.6
2026-09-15T01:35:00Z,2026-09-15T03:35:00+02:00,55,ajuntament-mercat,237,187,50,21.1
2026-09-15T01:36:00Z,2026-09-15T03:36:00+02:00,53,dr-robert,407,341,66,16.2
2026-09-15T01:36:00Z,2026-09-15T03:36:00+02:00,54,placa-vella,297,221,76,25.6
2026-09-15T01:36:00Z,2026-09-15T03:36:00+02:00,55,ajuntament-mercat,237,187,50,21.1
2026-09-15T01:37:00Z,2026-09-15T03:37:00+02:00,53,dr-robert,407,341,66,16.2
2026-09-15T01:37:00Z,2026-09-15T03:37:00+02:00,54,placa-vella,297,221,76,25.6
2026-09-15T01:37:00Z,2026-09-15T03:37:00+02:00,55,ajuntament-mercat,237,187,50,21.1
2026-09-15T01:38:00Z,2026-09-15T03:38:00+02:00,53,dr-robert,407,341,66,16.2
2026-09-15T01:38:00Z,2026-09-15T03:38:00+02:00,54,placa-vella,297,221,76,25.6
2026-09-15T01:38:00Z,2026-09-15T03:38:00+02:00,55,ajuntament-mercat,237,187,50,21.1
2026-09-15T01:39:00Z,2026-09-15T03:39:00+02:00,53,dr-robert,407,341,66,16.2
2026-09-15T01:39:00Z,2026-09-15T03:39:00+02:00,54,placa-vella,297,221,76,25.6
2026-09-15T01:39:00Z,2026-09-15T03:39:00+02:00,55,ajuntament-mercat,237,187,50,21.1
2026-09-15T01:40:00Z,2026-09-15T03:40:00+02:00,53,dr-robert,407,340,67,16.5
2026-09-15T01:40:00Z,2026-09-15T03:40:00+02:00,54,placa-vella,297,221,76,25.6
2026-09-15T01:40:00Z,2026-09-15T03:40:00+02:00,55,ajuntament-mercat,237,187,50,21.1
2026-09-15T01:41:00Z,2026-09-15T03:41:00+02:00,53,dr-robert,407,340,67,16.5
2026-09-15T01:41:00Z,2026-09-15T03:41:00+02:00,54,placa-vella,297,221,76,25.6
2026-09-15T01:41:00Z,2026-09-15T03:41:00+02:00,55,ajuntament-mercat,237,187,50,21.1
2026-09-15T01:42:00Z,2026-09-15T03:42:00+02:00,53,dr-robert,407,340,67,16.5
2026-09-15T01:42:00Z,2026-09-15T03:42:00+02:00,54,placa-vella,297,221,76,25.6
2026-09-15T01:42:00Z,2026-09-15T03:42:00+02:00,55,ajuntament-mercat,237,187,50,21.1
2026-09-15T01:43:00Z,2026-09-15T03:43:00+02:00,53,dr-robert,407,340,67,16.5
2026-09-15T01:43:00Z,2026-09-15T03:43:00+02:00,54,placa-vella,297,221,76,25.6
2026-09-15T01:43:00Z,2026-09-15T03:43:00+02:00,55,ajuntament-mercat,237,187,50,21.1
2026-09-15T01:44:00Z,2026-09-15T03:44:00+02:00,53,dr-robert,407,340,67,16.5
2026-09-15T01:44:00Z,2026-09-15T03:44:00+02:00,54,placa-vella,297,221,76,25.6
2026-09-15T01:44:00Z,2026-09-15T03:44:00+02:00,55,ajuntament-mercat,237,187,50,21.1
2026-09-15T01:45:00Z,2026-09-15T03:45:00+02:00,53,dr-robert,407,340,67,16.5
2026-09-15T01:45:00Z,2026-09-15T03:45:00+02:00,54,placa-vella,297,221,76,25.6
2026-09-15T01:45:00Z,2026-09-15T03:45:00+02:00,55,ajuntament-mercat,237,187,50,21.1
2026-09-15T01:46:00Z,2026-09-15T03:46:00+02:00,53,dr-robert,407,340,67,16.5
2026-09-15T01:46:00Z,2026-09-15T03:46:00+02:00,54,placa-vella,297,221,76,25.6
2026-09-15T01:46:00Z,2026-09-15T03:46:00+02:00,55,ajuntament-mercat,237,187,50,21.1
2026-09-15T01:47:00Z,2026-09-15T03:47:00+02:00,53,dr-robert,407,340,67,16.5
2026-09-15T01:47:00Z,2026-09-15T03:47:00+02:00,54,placa-vella,297,221,76,25.6
2026-09-15T01:47:00Z,2026-09-15T03:47:00+02:00,55,ajuntament-mercat,237,187,50,21.1
2026-09-15T01:48:00Z,2026-09-15T03:48:00+02:00,53,dr-robert,407,340,67,16.5
2026-09-15T01:48:00Z,2026-09-15T03:48:00+02:00,54,placa-vella,297,221,76,25.6
2026-09-15T01:48:00Z,2026-09-15T03:48:00+02:00,55,ajuntament-mercat,237,187,50,21.1
2026-09-15T01:49:00Z,2026-09-15T03:49:00+02:00,53,dr-robert,407,340,67,16.5
2026-09-15T01:49:00Z,2026-09-15T03:49:00+02:00,54,placa-vella,297,221,76,25.6
2026-09-15T01:49:00Z,2026-09-15T03:49:00+02:00,55,ajuntament-mercat,237,187,50,21.1
2026-09-15T01:50:00Z,2026-09-15T03:50:00+02:00,53,dr-robert,407,340,67,16.5
2026-09-15T01:50:00Z,2026-09-15T03:50:00+02:00,54,placa-vella,297,221,76,25.6
2026-09-15T01:50:00Z,2026-09-15T03:50:00+02:00,55,ajuntament-mercat,237,187,50,21.1
2026-09-15T01:51:00Z,2026-09-15T03:51:00+02:00,53,dr-robert,407,340,67,16.5
2026-09-15T01:51:00Z,2026-09-15T03:51:00+02:00,54,placa-vella,297,221,76,25.6
2026-09-15T01:51:00Z,2026-09-15T03:51:00+02:00,55,ajuntament-mercat,237,187,50,21.1
2026-09-15T01:52:00Z,2026-09-15T03:52:00+02:00,53,dr-robert,407,340,67,16.5
2026-09-15T01:52:00Z,2026-09-15T03:52:00+02:00,54,placa-vella,297,221,76,25.6
2026-09-15T01:52:00Z,2026-09-15T03:52:00+02:00,55,ajuntament-mercat,237,187,50,21.1
2026-09-15T01:53:00Z,2026-09-15T03:53:00+02:00,53,dr-robert,407,340,67,16.5
2026-09-15T01:53:00Z,2026-09-15T03:53:00+02:00,54,placa-vella,297,221,76,25.6
2026-09-15T01:53:00Z,2026-09-15T03:53:00+02:00,55,ajuntament-mercat,237,187,50,21.1
2026-09-15T01:54:00Z,2026-09-15T03:54:00+02:00,53,dr-robert,407,340,67,16.5
2026-09-15T01:54:00Z,2026-09-15T03:54:00+02:00,54,placa-vella,297,221,76,25.6
2026-09-15T01:54:00Z,2026-09-15T03:54:00+02:00,55,ajuntament-mercat,237,187,50,21.1
2026-09-15T01:55:00Z,2026-09-15T03:55:00+02:00,53,dr-robert,407,340,67,16.5
2026-09-15T01:55:00Z,2026-09-15T03:55:00+02:00,54,placa-vella,297,221,76,25.6
2026-09-15T01:55:00Z,2026-09-15T03:55:00+02:00,55,ajuntament-mercat,237,187,50,21.1
2026-09-15T01:56:00Z,2026-09-15T03:56:00+02:00,53,dr-robert,407,340,67,16.5
2026-09-15T01:56:00Z,2026-09-15T03:56:00+02:00,54,placa-vella,297,221,76,25.6
2026-09-15T01:56:00Z,2026-09-15T03:56:00+02:00,55,ajuntament-mercat,237,187,50,21.1
2026-09-15T01:57:00Z,2026-09-15T03:57:00+02:00,53,dr-robert,407,340,67,16.5
2026-09-15T01:57:00Z,2026-09-15T03:57:00+02:00,54,placa-vella,297,221,76,25.6
2026-09-15T01:57:00Z,2026-09-15T03:57:00+02:00,55,ajuntament-mercat,237,187,50,21.1
2026-09-15T01:58:00Z,2026-09-15T03:58:00+02:00,53,dr-robert,407,340,67,16.5
2026-09-15T01:58:00Z,2026-09-15T03:58:00+02:00,54,placa-vella,297,221,76,25.6
2026-09-15T01:58:00Z,2026-09-15T03:58:00+02:00,55,ajuntament-mercat,237,187,50,21.1
2026-09-15T01:59:00Z,2026-09-15T03:59:00+02:00,53,dr-robert,407,340,67,16.5
2026-09-15T01:59:00Z,2026-09-15T03:59:00+02:00,54,placa-vella,297,221,76,25.6
2026-09-15T01:59:00Z,2026-09-15T03:59:00+02:00,55,ajuntament-mercat,237,187,50,21.1
2026-09-15T02:00:00Z,2026-09-15T04:00:00+02:00,53,dr-robert,407,340,67,16.5
2026-09-15T02:00:00Z,2026-09-15T04:00:00+02:00,54,placa-vella,297,221,76,25.6
2026-09-15T02:00:00Z,2026-09-15T04:00:00+02:00,55,ajuntament-mercat,237,187,50,21.1
2026-09-15T02:01:00Z,2026-09-15T04:01:00+02:00,53,dr-robert,407,340,67,16.5
2026-09-15T02:01:00Z,2026-09-15T04:01:00+02:00,54,placa-vella,297,221,76,25.6
2026-09-15T02:01:00Z,2026-09-15T04:01:00+02:00,55,ajuntament-mercat,237,187,50,21.1
2026-09-15T02:02:00Z,2026-09-15T04:02:00+02:00,53,dr-robert,407,340,67,16.5
2026-09-15T02:02:00Z,2026-09-15T04:02:00+02:00,54,placa-vella,297,221,76,25.6
2026-09-15T02:02:00Z,2026-09-15T04:02:00+02:00,55,ajuntament-mercat,237,187,50,21.1
2026-09-15T02:03:00Z,2026-09-15T04:03:00+02:00,53,dr-robert,407,340,67,16.5
2026-09-15T02:03:00Z,2026-09-15T04:03:00+02:00,54,placa-vella,297,221,76,25.6
2026-09-15T02:03:00Z,2026-09-15T04:03:00+02:00,55,ajuntament-mercat,237,187,50,21.1
2026-09-15T02:04:00Z,2026-09-15T04:04:00+02:00,53,dr-robert,407,340,67,16.5
2026-09-15T02:04:00Z,2026-09-15T04:04:00+02:00,54,placa-vella,297,221,76,25.6
2026-09-15T02:04:00Z,2026-09-15T04:04:00+02:00,55,ajuntament-mercat,237,187,50,21.1
2026-09-15T02:05:00Z,2026-09-15T04:05:00+02:00,53,dr-robert,407,340,67,16.5
2026-09-15T02:05:00Z,2026-09-15T04:05:00+02:00,54,placa-vella,297,221,76,25.6
2026-09-15T02:05:00Z,2026-09-15T04:05:00+02:00,55,ajuntament-mercat,237,187,50,21.1
2026-09-15T02:06:00Z,2026-09-15T04:06:00+02:00,53,dr-robert,407,340,67,16.5
2026-09-15T02:06:00Z,2026-09-15T04:06:00+02:00,54,placa-vella,297,221,76,25.6
2026-09-15T02:06:00Z,2026-09-15T04:06:00+02:00,55,ajuntament-mercat,237,187,50,21.1
2026-09-15T02:07:00Z,2026-09-15T04:07:00+02:00,53,dr-robert,407,340,67,16.5
2026-09-15T02:07:00Z,2026-09-15T04:07:00+02:00,54,placa-vella,297,221,76,25.6
2026-09-15T02:07:00Z,2026-09-15T04:07:00+02:00,55,ajuntament-mercat,237,187,50,21.1
2026-09-15T02:08:00Z,2026-09-15T04:08:00+02:00,53,dr-robert,407,340,67,16.5
2026-09-15T02:08:00Z,2026-09-15T04:08:00+02:00,54,placa-vella,297,221,76,25.6
2026-09-15T02:08:00Z,2026-09-15T04:08:00+02:00,55,ajuntament-mercat,237,187,50,21.1
2026-09-15T02:09:00Z,2026-09-15T04:09:00+02:00,53,dr-robert,407,340,67,16.5
2026-09-15T02:09:00Z,2026-09-15T04:09:00+02:00,54,placa-vella,297,221,76,25.6
2026-09-15T02:09:00Z,2026-09-15T04:09:00+02:00,55,ajuntament-mercat,237,187,50,21.1
2026-09-15T02:10:00Z,2026-09-15T04:10:00+02:00,53,dr-robert,407,340,67,16.5
2026-09-15T02:10:00Z,2026-09-15T04:10:00+02:00,54,placa-vella,297,221,76,25.6
2026-09-15T02:10:00Z,2026-09-15T04:10:00+02:00,55,ajuntament-mercat,237,187,50,21.1
2026-09-15T02:11:00Z,2026-09-15T04:11:00+02:00,53,dr-robert,407,344,63,15.5
2026-09-15T02:11:00Z,2026-09-15T04:11:00+02:00,54,placa-vella,297,221,76,25.6
2026-09-15T02:11:00Z,2026-09-15T04:11:00+02:00,55,ajuntament-mercat,237,187,50,21.1
2026-09-15T02:12:00Z,2026-09-15T04:12:00+02:00,53,dr-robert,407,344,63,15.5
2026-09-15T02:12:00Z,2026-09-15T04:12:00+02:00,54,placa-vella,297,221,76,25.6
2026-09-15T02:12:00Z,2026-09-15T04:12:00+02:00,55,ajuntament-mercat,237,187,50,21.1
2026-09-15T02:13:00Z,2026-09-15T04:13:00+02:00,53,dr-robert,407,344,63,15.5
2026-09-15T02:13:00Z,2026-09-15T04:13:00+02:00,54,placa-vella,297,221,76,25.6
2026-09-15T02:13:00Z,2026-09-15T04:13:00+02:00,55,ajuntament-mercat,237,187,50,21.1
2026-09-15T02:14:00Z,2026-09-15T04:14:00+02:00,53,dr-robert,407,344,63,15.5
2026-09-15T02:14:00Z,2026-09-15T04:14:00+02:00,54,placa-vella,297,221,76,25.6
2026-09-15T02:14:00Z,2026-09-15T04:14:00+02:00,55,ajuntament-mercat,237,187,50,21.1
2026-09-15T02:15:00Z,2026-09-15T04:15:00+02:00,53,dr-robert,407,344,63,15.5
2026-09-15T02:15:00Z,2026-09-15T04:15:00+02:00,54,placa-vella,297,221,76,25.6
2026-09-15T02:15:00Z,2026-09-15T04:15:00+02:00,55,ajuntament-mercat,237,187,50,21.1
2026-09-15T02:16:00Z,2026-09-15T04:16:00+02:00,53,dr-robert,407,344,63,15.5
2026-09-15T02:16:00Z,2026-09-15T04:16:00+02:00,54,placa-vella,297,221,76,25.6
2026-09-15T02:16:00Z,2026-09-15T04:16:00+02:00,55,ajuntament-mercat,237,187,50,21.1
2026-09-15T02:17:00Z,2026-09-15T04:17:00+02:00,53,dr-robert,407,344,63,15.5
2026-09-15T02:17:00Z,2026-09-15T04:17:00+02:00,54,placa-vella,297,221,76,25.6
2026-09-15T02:17:00Z,2026-09-15T04:17:00+02:00,55,ajuntament-mercat,237,187,50,21.1
2026-09-15T02:18:00Z,2026-09-15T04:18:00+02:00,53,dr-robert,407,344,63,15.5
2026-09-15T02:18:00Z,2026-09-15T04:18:00+02:00,54,placa-vella,297,221,76,25.6
2026-09-15T02:18:00Z,2026-09-15T04:18:00+02:00,55,ajuntament-mercat,237,187,50,21.1
2026-09-15T02:19:00Z,2026-09-15T04:19:00+02:00,53,dr-robert,407,343,64,15.7
2026-09-15T02:19:00Z,2026-09-15T04:19:00+02:00,54,placa-vella,297,221,76,25.6
2026-09-15T02:19:00Z,2026-09-15T04:19:00+02:00,55,ajuntament-mercat,237,187,50,21.1
2026-09-15T02:20:00Z,2026-09-15T04:20:00+02:00,53,dr-robert,407,343,64,15.7
2026-09-15T02:20:00Z,2026-09-15T04:20:00+02:00,54,placa-vella,297,221,76,25.6
2026-09-15T02:20:00Z,2026-09-15T04:20:00+02:00,55,ajuntament-mercat,237,187,50,21.1
2026-09-15T02:21:00Z,2026-09-15T04:21:00+02:00,53,dr-robert,407,343,64,15.7
2026-09-15T02:21:00Z,2026-09-15T04:21:00+02:00,54,placa-vella,297,221,76,25.6
2026-09-15T02:21:00Z,2026-09-15T04:21:00+02:00,55,ajuntament-mercat,237,187,50,21.1
2026-09-15T02:22:00Z,2026-09-15T04:22:00+02:00,53,dr-robert,407,343,64,15.7
2026-09-15T02:22:00Z,2026-09-15T04:22:00+02:00,54,placa-vella,297,221,76,25.6
2026-09-15T02:22:00Z,2026-09-15T04:22:00+02:00,55,ajuntament-mercat,237,187,50,21.1
2026-09-15T02:23:00Z,2026-09-15T04:23:00+02:00,53,dr-robert,407,343,64,15.7
2026-09-15T02:23:00Z,2026-09-15T04:23:00+02:00,54,placa-vella,297,221,76,25.6
2026-09-15T02:23:00Z,2026-09-15T04:23:00+02:00,55,ajuntament-mercat,237,187,50,21.1
2026-09-15T02:24:00Z,2026-09-15T04:24:00+02:00,53,dr-robert,407,343,64,15.7
2026-09-15T02:24:00Z,2026-09-15T04:24:00+02:00,54,placa-vella,297,221,76,25.6
2026-09-15T02:24:00Z,2026-09-15T04:24:00+02:00,55,ajuntament-mercat,237,187,50,21.1
2026-09-15T02:25:00Z,2026-09-15T04:25:00+02:00,53,dr-robert,407,343,64,15.7
2026-09-15T02:25:00Z,2026-09-15T04:25:00+02:00,54,placa-vella,297,221,76,25.6
2026-09-15T02:25:00Z,2026-09-15T04:25:00+02:00,55,ajuntament-mercat,237,187,50,21.1
2026-09-15T02:26:00Z,2026-09-15T04:26:00+02:00,53,dr-robert,407,344,63,15.5
2026-09-15T02:26:00Z,2026-09-15T04:26:00+02:00,54,placa-vella,297,221,76,25.6
2026-09-15T02:26:00Z,2026-09-15T04:26:00+02:00,55,ajuntament-mercat,237,187,50,21.1
2026-09-15T02:27:00Z,2026-09-15T04:27:00+02:00,53,dr-robert,407,344,63,15.5
2026-09-15T02:27:00Z,2026-09-15T04:27:00+02:00,54,placa-vella,297,221,76,25.6
2026-09-15T02:27:00Z,2026-09-15T04:27:00+02:00,55,ajuntament-mercat,237,187,50,21.1
2026-09-15T02:28:00Z,2026-09-15T04:28:00+02:00,53,dr-robert,407,344,63,15.5
2026-09-15T02:28:00Z,2026-09-15T04:28:00+02:00,54,placa-vella,297,221,76,25.6
2026-09-15T02:28:00Z,2026-09-15T04:28:00+02:00,55,ajuntament-mercat,237,187,50,21.1
2026-09-15T02:29:00Z,2026-09-15T04:29:00+02:00,53,dr-robert,407,344,63,15.5
2026-09-15T02:29:00Z,2026-09-15T04:29:00+02:00,54,placa-vella,297,221,76,25.6
2026-09-15T02:29:00Z,2026-09-15T04:29:00+02:00,55,ajuntament-mercat,237,187,50,21.1
2026-09-15T02:30:00Z,2026-09-15T04:30:00+02:00,53,dr-robert,407,344,63,15.5
2026-09-15T02:30:00Z,2026-09-15T04:30:00+02:00,54,placa-vella,297,221,76,25.6
2026-09-15T02:30:00Z,2026-09-15T04:30:00+02:00,55,ajuntament-mercat,237,187,50,21.1
2026-09-15T02:31:00Z,2026-09-15T04:31:00+02:00,53,dr-robert,407,344,63,15.5
2026-09-15T02:31:00Z,2026-09-15T04:31:00+02:00,54,placa-vella,297,221,76,25.6
2026-09-15T02:31:00Z,2026-09-15T04:31:00+02:00,55,ajuntament-mercat,237,187,50,21.1
2026-09-15T02:32:00Z,2026-09-15T04:32:00+02:00,53,dr-robert,407,344,63,15.5
2026-09-15T02:32:00Z,2026-09-15T04:32:00+02:00,54,placa-vella,297,221,76,25.6
2026-09-15T02:32:00Z,2026-09-15T04:32:00+02:00,55,ajuntament-mercat,237,187,50,21.1
2026-09-15T02:33:00Z,2026-09-15T04:33:00+02:00,53,dr-robert,407,344,63,15.5
2026-09-15T02:33:00Z,2026-09-15T04:33:00+02:00,54,placa-vella,297,221,76,25.6
2026-09-15T02:33:00Z,2026-09-15T04:33:00+02:00,55,ajuntament-mercat,237,187,50,21.1
2026-09-15T02:34:00Z,2026-09-15T04:34:00+02:00,53,dr-robert,407,344,63,15.5
2026-09-15T02:34:00Z,2026-09-15T04:34:00+02:00,54,placa-vella,297,221,76,25.6
2026-09-15T02:34:00Z,2026-09-15T04:34:00+02:00,55,ajuntament-mercat,237,187,50,21.1
2026-09-15T02:35:00Z,2026-09-15T04:35:00+02:00,53,dr-robert,407,344,63,15.5
2026-09-15T02:35:00Z,2026-09-15T04:35:00+02:00,54,placa-vella,297,221,76,25.6
2026-09-15T02:35:00Z,2026-09-15T04:35:00+02:00,55,ajuntament-mercat,237,187,50,21.1
2026-09-15T02:36:00Z,2026-09-15T04:36:00+02:00,53,dr-robert,407,344,63,15.5
2026-09-15T02:36:00Z,2026-09-15T04:36:00+02:00,54,placa-vella,297,221,76,25.6
2026-09-15T02:36:00Z,2026-09-15T04:36:00+02:00,55,ajuntament-mercat,237,187,50,21.1
2026-09-15T02:37:00Z,2026-09-15T04:37:00+02:00,53,dr-robert,407,344,63,15.5
2026-09-15T02:37:00Z,2026-09-15T04:37:00+02:00,54,placa-vella,297,221,76,25.6
2026-09-15T02:37:00Z,2026-09-15T04:37:00+02:00,55,ajuntament-mercat,237,187,50,21.1
2026-09-15T02:38:00Z,2026-09-15T04:38:00+02:00,53,dr-robert,407,344,63,15.5
2026-09-15T02:38:00Z,2026-09-15T04:38:00+02:00,54,placa-vella,297,221,76,25.6
2026-09-15T02:38:00Z,2026-09-15T04:38:00+02:00,55,ajuntament-mercat,237,187,50,21.1
2026-09-15T02:39:00Z,2026-09-15T04:39:00+02:00,53,dr-robert,407,344,63,15.5
2026-09-15T02:39:00Z,2026-09-15T04:39:00+02:00,54,placa-vella,297,221,76,25.6
2026-09-15T02:39:00Z,2026-09-15T04:39:00+02:00,55,ajuntament-mercat,237,187,50,21.1
2026-09-15T02:40:00Z,2026-09-15T04:40:00+02:00,53,dr-robert,407,344,63,15.5
2026-09-15T02:40:00Z,2026-09-15T04:40:00+02:00,54,placa-vella,297,221,76,25.6
2026-09-15T02:40:00Z,2026-09-15T04:40:00+02:00,55,ajuntament-mercat,237,187,50,21.1
2026-09-15T02:41:00Z,2026-09-15T04:41:00+02:00,53,dr-robert,407,344,63,15.5
2026-09-15T02:41:00Z,2026-09-15T04:41:00+02:00,54,placa-vella,297,221,76,25.6
2026-09-15T02:41:00Z,2026-09-15T04:41:00+02:00,55,ajuntament-mercat,237,187,50,21.1
2026-09-15T02:42:00Z,2026-09-15T04:42:00+02:00,53,dr-robert,407,344,63,15.5
2026-09-15T02:42:00Z,2026-09-15T04:42:00+02:00,54,placa-vella,297,221,76,25.6
2026-09-15T02:42:00Z,2026-09-15T04:42:00+02:00,55,ajuntament-mercat,237,187,50,21.1
2026-09-15T02:43:00Z,2026-09-15T04:43:00+02:00,53,dr-robert,407,344,63,15.5
2026-09-15T02:43:00Z,2026-09-15T04:43:00+02:00,54,placa-vella,297,221,76,25.6
2026-09-15T02:43:00Z,2026-09-15T04:43:00+02:00,55,ajuntament-mercat,237,187,50,21.1
2026-09-15T02:44:00Z,2026-09-15T04:44:00+02:00,53,dr-robert,407,344,63,15.5
2026-09-15T02:44:00Z,2026-09-15T04:44:00+02:00,54,placa-vella,297,221,76,25.6
2026-09-15T02:44:00Z,2026-09-15T04:44:00+02:00,55,ajuntament-mercat,237,187,50,21.1
2026-09-15T02:45:00Z,2026-09-15T04:45:00+02:00,53,dr-robert,407,344,63,15.5
2026-09-15T02:45:00Z,2026-09-15T04:45:00+02:00,54,placa-vella,297,221,76,25.6
2026-09-15T02:45:00Z,2026-09-15T04:45:00+02:00,55,ajuntament-mercat,237,187,50,21.1
2026-09-15T02:46:00Z,2026-09-15T04:46:00+02:00,53,dr-robert,407,344,63,15.5
2026-09-15T02:46:00Z,2026-09-15T04:46:00+02:00,54,placa-vella,297,221,76,25.6
2026-09-15T02:46:00Z,2026-09-15T04:46:00+02:00,55,ajuntament-mercat,237,187,50,21.1
2026-09-15T02:47:00Z,2026-09-15T04:47:00+02:00,53,dr-robert,407,344,63,15.5
2026-09-15T02:47:00Z,2026-09-15T04:47:00+02:00,54,placa-vella,297,221,76,25.6
2026-09-15T02:47:00Z,2026-09-15T04:47:00+02:00,55,ajuntament-mercat,237,187,50,21.1
2026-09-15T02:48:00Z,2026-09-15T04:48:00+02:00,53,dr-robert,407,344,63,15.5
2026-09-15T02:48:00Z,2026-09-15T04:48:00+02:00,54,placa-vella,297,221,76,25.6
2026-09-15T02:48:00Z,2026-09-15T04:48:00+02:00,55,ajuntament-mercat,237,187,50,21.1
2026-09-15T02:49:00Z,2026-09-15T04:49:00+02:00,53,dr-robert,407,344,63,15.5
2026-09-15T02:49:00Z,2026-09-15T04:49:00+02:00,54,placa-vella,297,221,76,25.6
2026-09-15T02:49:00Z,2026-09-15T04:49:00+02:00,55,ajuntament-mercat,237,187,50,21.1
2026-09-15T02:50:00Z,2026-09-15T04:50:00+02:00,53,dr-robert,407,344,63,15.5
2026-09-15T02:50:00Z,2026-09-15T04:50:00+02:00,54,placa-vella,297,221,76,25.6
2026-09-15T02:50:00Z,2026-09-15T04:50:00+02:00,55,ajuntament-mercat,237,187,50,21.1
2026-09-15T02:51:00Z,2026-09-15T04:51:00+02:00,53,dr-robert,407,344,63,15.5
2026-09-15T02:51:00Z,2026-09-15T04:51:00+02:00,54,placa-vella,297,221,76,25.6
2026-09-15T02:51:00Z,2026-09-15T04:51:00+02:00,55,ajuntament-mercat,237,187,50,21.1
2026-09-15T02:52:00Z,2026-09-15T04:52:00+02:00,53,dr-robert,407,344,63,15.5
2026-09-15T02:52:00Z,2026-09-15T04:52:00+02:00,54,placa-vella,297,221,76,25.6
2026-09-15T02:52:00Z,2026-09-15T04:52:00+02:00,55,ajuntament-mercat,237,187,50,21.1
2026-09-15T02:53:00Z,2026-09-15T04:53:00+02:00,53,dr-robert,407,344,63,15.5
2026-09-15T02:53:00Z,2026-09-15T04:53:00+02:00,54,placa-vella,297,221,76,25.6
2026-09-15T02:53:00Z,2026-09-15T04:53:00+02:00,55,ajuntament-mercat,237,187,50,21.1
2026-09-15T02:54:00Z,2026-09-15T04:54:00+02:00,53,dr-robert,407,344,63,15.5
2026-09-15T02:54:00Z,2026-09-15T04:54:00+02:00,54,placa-vella,297,221,76,25.6
2026-09-15T02:54:00Z,2026-09-15T04:54:00+02:00,55,ajuntament-mercat,237,187,50,21.1
2026-09-15T02:55:00Z,2026-09-15T04:55:00+02:00,53,dr-robert,407,344,63,15.5
2026-09-15T02:55:00Z,2026-09-15T04:55:00+02:00,54,placa-vella,297,221,76,25.6
2026-09-15T02:55:00Z,2026-09-15T04:55:00+02:00,55,ajuntament-mercat,237,187,50,21.1
2026-09-15T02:56:00Z,2026-09-15T04:56:00+02:00,53,dr-robert,407,344,63,15.5
2026-09-15T02:56:00Z,2026-09-15T04:56:00+02:00,54,placa-vella,297,221,76,25.6
2026-09-15T02:56:00Z,2026-09-15T04:56:00+02:00,55,ajuntament-mercat,237,187,50,21.1
2026-09-15T02:57:00Z,2026-09-15T04:57:00+02:00,53,dr-robert,407,344,63,15.5
2026-09-15T02:57:00Z,2026-09-15T04:57:00+02:00,54,placa-vella,297,221,76,25.6
2026-09-15T02:57:00Z,2026-09-15T04:57:00+02:00,55,ajuntament-mercat,237,187,50,21.1
2026-09-15T02:58:00Z,2026-09-15T04:58:00+02:00,53,dr-robert,407,344,63,15.5
2026-09-15T02:58:00Z,2026-09-15T04:58:00+02:00,54,placa-vella,297,221,76,25.6
2026-09-15T02:58:00Z,2026-09-15T04:58:00+02:00,55,ajuntament-mercat,237,187,50,21.1
2026-09-15T02:59:00Z,2026-09-15T04:59:00+02:00,53,dr-robert,407,344,63,15.5
2026-09-15T02:59:00Z,2026-09-15T04:59:00+02:00,54,placa-vella,297,221,76,25.6
2026-09-15T02:59:00Z,2026-09-15T04:59:00+02:00,55,ajuntament-mercat,237,187,50,21.1
2026-09-15T03:00:00Z,2026-09-15T05:00:00+02:00,53,dr-robert,407,344,63,15.5
2026-09-15T03:00:00Z,2026-09-15T05:00:00+02:00,54,placa-vella,297,221,76,25.6
2026-09-15T03:00:00Z,2026-09-15T05:00:00+02:00,55,ajuntament-mercat,237,187,50,21.1
2026-09-15T03:01:00Z,2026-09-15T05:01:00+02:00,53,dr-robert,407,344,63,15.5
2026-09-15T03:01:00Z,2026-09-15T05:01:00+02:00,54,placa-vella,297,221,76,25.6
2026-09-15T03:01:00Z,2026-09-15T05:01:00+02:00,55,ajuntament-mercat,237,187,50,21.1
2026-09-15T03:02:00Z,2026-09-15T05:02:00+02:00,53,dr-robert,407,344,63,15.5
2026-09-15T03:02:00Z,2026-09-15T05:02:00+02:00,54,placa-vella,297,221,76,25.6
2026-09-15T03:02:00Z,2026-09-15T05:02:00+02:00,55,ajuntament-mercat,237,187,50,21.1
2026-09-15T03:03:00Z,2026-09-15T05:03:00+02:00,53,dr-robert,407,344,63,15.5
2026-09-15T03:03:00Z,2026-09-15T05:03:00+02:00,54,placa-vella,297,221,76,25.6
2026-09-15T03:03:00Z,2026-09-15T05:03:00+02:00,55,ajuntament-mercat,237,187,50,21.1
2026-09-15T03:04:00Z,2026-09-15T05:04:00+02:00,53,dr-robert,407,344,63,15.5
2026-09-15T03:04:00Z,2026-09-15T05:04:00+02:00,54,placa-vella,297,221,76,25.6
2026-09-15T03:04:00Z,2026-09-15T05:04:00+02:00,55,ajuntament-mercat,237,187,50,21.1
2026-09-15T03:05:00Z,2026-09-15T05:05:00+02:00,53,dr-robert,407,344,63,15.5
2026-09-15T03:05:00Z,2026-09-15T05:05:00+02:00,54,placa-vella,297,221,76,25.6
2026-09-15T03:05:00Z,2026-09-15T05:05:00+02:00,55,ajuntament-mercat,237,187,50,21.1
2026-09-15T03:06:00Z,2026-09-15T05:06:00+02:00,53,dr-robert,407,344,63,15.5
2026-09-15T03:06:00Z,2026-09-15T05:06:00+02:00,54,placa-vella,297,221,76,25.6
2026-09-15T03:06:00Z,2026-09-15T05:06:00+02:00,55,ajuntament-mercat,237,187,50,21.1
2026-09-15T03:07:00Z,2026-09-15T05:07:00+02:00,53,dr-robert,407,344,63,15.5
2026-09-15T03:07:00Z,2026-09-15T05:07:00+02:00,54,placa-vella,297,221,76,25.6
2026-09-15T03:07:00Z,2026-09-15T05:07:00+02:00,55,ajuntament-mercat,237,187,50,21.1
2026-09-15T03:08:00Z,2026-09-15T05:08:00+02:00,53,dr-robert,407,344,63,15.5
2026-09-15T03:08:00Z,2026-09-15T05:08:00+02:00,54,placa-vella,297,221,76,25.6
2026-09-15T03:08:00Z,2026-09-15T05:08:00+02:00,55,ajuntament-mercat,237,187,50,21.1
2026-09-15T03:09:00Z,2026-09-15T05:09:00+02:00,53,dr-robert,407,343,64,15.7
2026-09-15T03:09:00Z,2026-09-15T05:09:00+02:00,54,placa-vella,297,221,76,25.6
2026-09-15T03:09:00Z,2026-09-15T05:09:00+02:00,55,ajuntament-mercat,237,187,50,21.1
2026-09-15T03:10:00Z,2026-09-15T05:10:00+02:00,53,dr-robert,407,343,64,15.7
2026-09-15T03:10:00Z,2026-09-15T05:10:00+02:00,54,placa-vella,297,221,76,25.6
2026-09-15T03:10:00Z,2026-09-15T05:10:00+02:00,55,ajuntament-mercat,237,187,50,21.1
2026-09-15T03:11:00Z,2026-09-15T05:11:00+02:00,53,dr-robert,407,343,64,15.7
2026-09-15T03:11:00Z,2026-09-15T05:11:00+02:00,54,placa-vella,297,221,76,25.6
2026-09-15T03:11:00Z,2026-09-15T05:11:00+02:00,55,ajuntament-mercat,237,187,50,21.1
2026-09-15T03:12:00Z,2026-09-15T05:12:00+02:00,53,dr-robert,407,343,64,15.7
2026-09-15T03:12:00Z,2026-09-15T05:12:00+02:00,54,placa-vella,297,221,76,25.6
2026-09-15T03:12:00Z,2026-09-15T05:12:00+02:00,55,ajuntament-mercat,237,187,50,21.1
2026-09-15T03:13:00Z,2026-09-15T05:13:00+02:00,53,dr-robert,407,343,64,15.7
2026-09-15T03:13:00Z,2026-09-15T05:13:00+02:00,54,placa-vella,297,221,76,25.6
2026-09-15T03:13:00Z,2026-09-15T05:13:00+02:00,55,ajuntament-mercat,237,187,50,21.1
2026-09-15T03:14:00Z,2026-09-15T05:14:00+02:00,53,dr-robert,407,343,64,15.7
2026-09-15T03:14:00Z,2026-09-15T05:14:00+02:00,54,placa-vella,297,221,76,25.6
2026-09-15T03:14:00Z,2026-09-15T05:14:00+02:00,55,ajuntament-mercat,237,187,50,21.1
2026-09-15T03:15:00Z,2026-09-15T05:15:00+02:00,53,dr-robert,407,343,64,15.7
2026-09-15T03:15:00Z,2026-09-15T05:15:00+02:00,54,placa-vella,297,221,76,25.6
2026-09-15T03:15:00Z,2026-09-15T05:15:00+02:00,55,ajuntament-mercat,237,187,50,21.1
2026-09-15T03:16:00Z,2026-09-15T05:16:00+02:00,53,dr-robert,407,343,64,15.7
2026-09-15T03:16:00Z,2026-09-15T05:16:00+02:00,54,placa-vella,297,221,76,25.6
2026-09-15T03:16:00Z,2026-09-15T05:16:00+02:00,55,ajuntament-mercat,237,187,50,21.1
2026-09-15T03:17:00Z,2026-09-15T05:17:00+02:00,53,dr-robert,407,343,64,15.7
2026-09-15T03:17:00Z,2026-09-15T05:17:00+02:00,54,placa-vella,297,221,76,25.6
2026-09-15T03:17:00Z,2026-09-15T05:17:00+02:00,55,ajuntament-mercat,237,187,50,21.1
2026-09-15T03:18:00Z,2026-09-15T05:18:00+02:00,53,dr-robert,407,343,64,15.7
2026-09-15T03:18:00Z,2026-09-15T05:18:00+02:00,54,placa-vella,297,221,76,25.6
2026-09-15T03:18:00Z,2026-09-15T05:18:00+02:00,55,ajuntament-mercat,237,187,50,21.1
2026-09-15T03:19:00Z,2026-09-15T05:19:00+02:00,53,dr-robert,407,343,64,15.7
2026-09-15T03:19:00Z,2026-09-15T05:19:00+02:00,54,placa-vella,297,221,76,25.6
2026-09-15T03:19:00Z,2026-09-15T05:19:00+02:00,55,ajuntament-mercat,237,187,50,21.1
2026-09-15T03:20:00Z,2026-09-15T05:20:00+02:00,53,dr-robert,407,343,64,15.7
2026-09-15T03:20:00Z,2026-09-15T05:20:00+02:00,54,placa-vella,297,221,76,25.6
2026-09-15T03:20:00Z,2026-09-15T05:20:00+02:00,55,ajuntament-mercat,237,187,50,21.1
2026-09-15T03:21:00Z,2026-09-15T05:21:00+02:00,53,dr-robert,407,343,64,15.7
2026-09-15T03:21:00Z,2026-09-15T05:21:00+02:00,54,placa-vella,297,221,76,25.6
2026-09-15T03:21:00Z,2026-09-15T05:21:00+02:00,55,ajuntament-mercat,237,187,50,21.1
2026-09-15T03:22:00Z,2026-09-15T05:22:00+02:00,53,dr-robert,407,343,64,15.7
2026-09-15T03:22:00Z,2026-09-15T05:22:00+02:00,54,placa-vella,297,221,76,25.6
2026-09-15T03:22:00Z,2026-09-15T05:22:00+02:00,55,ajuntament-mercat,237,187,50,21.1
2026-09-15T03:23:00Z,2026-09-15T05:23:00+02:00,53,dr-robert,407,343,64,15.7
2026-09-15T03:23:00Z,2026-09-15T05:23:00+02:00,54,placa-vella,297,221,76,25.6
2026-09-15T03:23:00Z,2026-09-15T05:23:00+02:00,55,ajuntament-mercat,237,187,50,21.1
2026-09-15T03:24:00Z,2026-09-15T05:24:00+02:00,53,dr-robert,407,343,64,15.7
2026-09-15T03:24:00Z,2026-09-15T05:24:00+02:00,54,placa-vella,297,221,76,25.6
2026-09-15T03:24:00Z,2026-09-15T05:24:00+02:00,55,ajuntament-mercat,237,187,50,21.1
2026-09-15T03:25:00Z,2026-09-15T05:25:00+02:00,53,dr-robert,407,343,64,15.7
2026-09-15T03:25:00Z,2026-09-15T05:25:00+02:00,54,placa-vella,297,221,76,25.6
2026-09-15T03:25:00Z,2026-09-15T05:25:00+02:00,55,ajuntament-mercat,237,187,50,21.1
2026-09-15T03:26:00Z,2026-09-15T05:26:00+02:00,53,dr-robert,407,343,64,15.7
2026-09-15T03:26:00Z,2026-09-15T05:26:00+02:00,54,placa-vella,297,221,76,25.6
2026-09-15T03:26:00Z,2026-09-15T05:26:00+02:00,55,ajuntament-mercat,237,187,50,21.1
2026-09-15T03:27:00Z,2026-09-15T05:27:00+02:00,53,dr-robert,407,343,64,15.7
2026-09-15T03:27:00Z,2026-09-15T05:27:00+02:00,54,placa-vella,297,221,76,25.6
2026-09-15T03:27:00Z,2026-09-15T05:27:00+02:00,55,ajuntament-mercat,237,187,50,21.1
2026-09-15T03:28:00Z,2026-09-15T05:28:00+02:00,53,dr-robert,407,343,64,15.7
2026-09-15T03:28:00Z,2026-09-15T05:28:00+02:00,54,placa-vella,297,221,76,25.6
2026-09-15T03:28:00Z,2026-09-15T05:28:00+02:00,55,ajuntament-mercat,237,187,50,21.1
2026-09-15T03:29:00Z,2026-09-15T05:29:00+02:00,53,dr-robert,407,343,64,15.7
2026-09-15T03:29:00Z,2026-09-15T05:29:00+02:00,54,placa-vella,297,221,76,25.6
2026-09-15T03:29:00Z,2026-09-15T05:29:00+02:00,55,ajuntament-mercat,237,187,50,21.1
2026-09-15T03:30:00Z,2026-09-15T05:30:00+02:00,53,dr-robert,407,343,64,15.7
2026-09-15T03:30:00Z,2026-09-15T05:30:00+02:00,54,placa-vella,297,221,76,25.6
2026-09-15T03:30:00Z,2026-09-15T05:30:00+02:00,55,ajuntament-mercat,237,187,50,21.1
2026-09-15T03:31:00Z,2026-09-15T05:31:00+02:00,53,dr-robert,407,343,64,15.7
2026-09-15T03:31:00Z,2026-09-15T05:31:00+02:00,54,placa-vella,297,221,76,25.6
2026-09-15T03:31:00Z,2026-09-15T05:31:00+02:00,55,ajuntament-mercat,237,187,50,21.1
2026-09-15T03:32:00Z,2026-09-15T05:32:00+02:00,53,dr-robert,407,343,64,15.7
2026-09-15T03:32:00Z,2026-09-15T05:32:00+02:00,54,placa-vella,297,221,76,25.6
2026-09-15T03:32:00Z,2026-09-15T05:32:00+02:00,55,ajuntament-mercat,237,187,50,21.1
2026-09-15T03:33:00Z,2026-09-15T05:33:00+02:00,53,dr-robert,407,343,64,15.7
2026-09-15T03:33:00Z,2026-09-15T05:33:00+02:00,54,placa-vella,297,221,76,25.6
2026-09-15T03:33:00Z,2026-09-15T05:33:00+02:00,55,ajuntament-mercat,237,187,50,21.1
2026-09-15T03:34:00Z,2026-09-15T05:34:00+02:00,53,dr-robert,407,345,62,15.2
2026-09-15T03:34:00Z,2026-09-15T05:34:00+02:00,54,placa-vella,297,220,77,25.9
2026-09-15T03:34:00Z,2026-09-15T05:34:00+02:00,55,ajuntament-mercat,237,186,51,21.5
2026-09-15T03:35:00Z,2026-09-15T05:35:00+02:00,53,dr-robert,407,345,62,15.2
2026-09-15T03:35:00Z,2026-09-15T05:35:00+02:00,54,placa-vella,297,220,77,25.9
2026-09-15T03:35:00Z,2026-09-15T05:35:00+02:00,55,ajuntament-mercat,237,186,51,21.5
2026-09-15T03:36:00Z,2026-09-15T05:36:00+02:00,53,dr-robert,407,345,62,15.2
2026-09-15T03:36:00Z,2026-09-15T05:36:00+02:00,54,placa-vella,297,220,77,25.9
2026-09-15T03:36:00Z,2026-09-15T05:36:00+02:00,55,ajuntament-mercat,237,186,51,21.5
2026-09-15T03:37:00Z,2026-09-15T05:37:00+02:00,53,dr-robert,407,345,62,15.2
2026-09-15T03:37:00Z,2026-09-15T05:37:00+02:00,54,placa-vella,297,220,77,25.9
2026-09-15T03:37:00Z,2026-09-15T05:37:00+02:00,55,ajuntament-mercat,237,186,51,21.5
2026-09-15T03:38:00Z,2026-09-15T05:38:00+02:00,53,dr-robert,407,345,62,15.2
2026-09-15T03:38:00Z,2026-09-15T05:38:00+02:00,54,placa-vella,297,220,77,25.9
2026-09-15T03:38:00Z,2026-09-15T05:38:00+02:00,55,ajuntament-mercat,237,186,51,21.5
2026-09-15T03:39:00Z,2026-09-15T05:39:00+02:00,53,dr-robert,407,345,62,15.2
2026-09-15T03:39:00Z,2026-09-15T05:39:00+02:00,54,placa-vella,297,220,77,25.9
2026-09-15T03:39:00Z,2026-09-15T05:39:00+02:00,55,ajuntament-mercat,237,186,51,21.5
2026-09-15T03:40:00Z,2026-09-15T05:40:00+02:00,53,dr-robert,407,345,62,15.2
2026-09-15T03:40:00Z,2026-09-15T05:40:00+02:00,54,placa-vella,297,220,77,25.9
2026-09-15T03:40:00Z,2026-09-15T05:40:00+02:00,55,ajuntament-mercat,237,186,51,21.5
2026-09-15T03:41:00Z,2026-09-15T05:41:00+02:00,53,dr-robert,407,345,62,15.2
2026-09-15T03:41:00Z,2026-09-15T05:41:00+02:00,54,placa-vella,297,221,76,25.6
2026-09-15T03:41:00Z,2026-09-15T05:41:00+02:00,55,ajuntament-mercat,237,186,51,21.5
2026-09-15T03:42:00Z,2026-09-15T05:42:00+02:00,53,dr-robert,407,345,62,15.2
2026-09-15T03:42:00Z,2026-09-15T05:42:00+02:00,54,placa-vella,297,221,76,25.6
2026-09-15T03:42:00Z,2026-09-15T05:42:00+02:00,55,ajuntament-mercat,237,186,51,21.5
2026-09-15T03:43:00Z,2026-09-15T05:43:00+02:00,53,dr-robert,407,345,62,15.2
2026-09-15T03:43:00Z,2026-09-15T05:43:00+02:00,54,placa-vella,297,221,76,25.6
2026-09-15T03:43:00Z,2026-09-15T05:43:00+02:00,55,ajuntament-mercat,237,186,51,21.5
2026-09-15T03:44:00Z,2026-09-15T05:44:00+02:00,53,dr-robert,407,345,62,15.2
2026-09-15T03:44:00Z,2026-09-15T05:44:00+02:00,54,placa-vella,297,221,76,25.6
2026-09-15T03:44:00Z,2026-09-15T05:44:00+02:00,55,ajuntament-mercat,237,186,51,21.5
2026-09-15T03:45:00Z,2026-09-15T05:45:00+02:00,53,dr-robert,407,345,62,15.2
2026-09-15T03:45:00Z,2026-09-15T05:45:00+02:00,54,placa-vella,297,221,76,25.6
2026-09-15T03:45:00Z,2026-09-15T05:45:00+02:00,55,ajuntament-mercat,237,186,51,21.5
2026-09-15T03:46:00Z,2026-09-15T05:46:00+02:00,53,dr-robert,407,345,62,15.2
2026-09-15T03:46:00Z,2026-09-15T05:46:00+02:00,54,placa-vella,297,221,76,25.6
2026-09-15T03:46:00Z,2026-09-15T05:46:00+02:00,55,ajuntament-mercat,237,186,51,21.5
2026-09-15T03:47:00Z,2026-09-15T05:47:00+02:00,53,dr-robert,407,345,62,15.2
2026-09-15T03:47:00Z,2026-09-15T05:47:00+02:00,54,placa-vella,297,221,76,25.6
2026-09-15T03:47:00Z,2026-09-15T05:47:00+02:00,55,ajuntament-mercat,237,186,51,21.5
2026-09-15T03:48:00Z,2026-09-15T05:48:00+02:00,53,dr-robert,407,345,62,15.2
2026-09-15T03:48:00Z,2026-09-15T05:48:00+02:00,54,placa-vella,297,221,76,25.6
2026-09-15T03:48:00Z,2026-09-15T05:48:00+02:00,55,ajuntament-mercat,237,186,51,21.5
2026-09-15T03:49:00Z,2026-09-15T05:49:00+02:00,53,dr-robert,407,345,62,15.2
2026-09-15T03:49:00Z,2026-09-15T05:49:00+02:00,54,placa-vella,297,221,76,25.6
2026-09-15T03:49:00Z,2026-09-15T05:49:00+02:00,55,ajuntament-mercat,237,186,51,21.5
2026-09-15T03:50:00Z,2026-09-15T05:50:00+02:00,53,dr-robert,407,345,62,15.2
2026-09-15T03:50:00Z,2026-09-15T05:50:00+02:00,54,placa-vella,297,221,76,25.6
2026-09-15T03:50:00Z,2026-09-15T05:50:00+02:00,55,ajuntament-mercat,237,186,51,21.5
2026-09-15T03:51:00Z,2026-09-15T05:51:00+02:00,53,dr-robert,407,345,62,15.2
2026-09-15T03:51:00Z,2026-09-15T05:51:00+02:00,54,placa-vella,297,222,75,25.3
2026-09-15T03:51:00Z,2026-09-15T05:51:00+02:00,55,ajuntament-mercat,237,185,52,21.9
2026-09-15T03:52:00Z,2026-09-15T05:52:00+02:00,53,dr-robert,407,345,62,15.2
2026-09-15T03:52:00Z,2026-09-15T05:52:00+02:00,54,placa-vella,297,222,75,25.3
2026-09-15T03:52:00Z,2026-09-15T05:52:00+02:00,55,ajuntament-mercat,237,185,52,21.9
2026-09-15T03:53:00Z,2026-09-15T05:53:00+02:00,53,dr-robert,407,345,62,15.2
2026-09-15T03:53:00Z,2026-09-15T05:53:00+02:00,54,placa-vella,297,222,75,25.3
2026-09-15T03:53:00Z,2026-09-15T05:53:00+02:00,55,ajuntament-mercat,237,185,52,21.9
2026-09-15T03:54:00Z,2026-09-15T05:54:00+02:00,53,dr-robert,407,345,62,15.2
2026-09-15T03:54:00Z,2026-09-15T05:54:00+02:00,54,placa-vella,297,222,75,25.3
2026-09-15T03:54:00Z,2026-09-15T05:54:00+02:00,55,ajuntament-mercat,237,185,52,21.9
2026-09-15T03:55:00Z,2026-09-15T05:55:00+02:00,53,dr-robert,407,345,62,15.2
2026-09-15T03:55:00Z,2026-09-15T05:55:00+02:00,54,placa-vella,297,222,75,25.3
2026-09-15T03:55:00Z,2026-09-15T05:55:00+02:00,55,ajuntament-mercat,237,185,52,21.9
2026-09-15T03:56:00Z,2026-09-15T05:56:00+02:00,53,dr-robert,407,344,63,15.5
2026-09-15T03:56:00Z,2026-09-15T05:56:00+02:00,54,placa-vella,297,221,76,25.6
2026-09-15T03:56:00Z,2026-09-15T05:56:00+02:00,55,ajuntament-mercat,237,186,51,21.5
2026-09-15T03:57:00Z,2026-09-15T05:57:00+02:00,53,dr-robert,407,344,63,15.5
2026-09-15T03:57:00Z,2026-09-15T05:57:00+02:00,54,placa-vella,297,221,76,25.6
2026-09-15T03:57:00Z,2026-09-15T05:57:00+02:00,55,ajuntament-mercat,237,186,51,21.5
2026-09-15T03:58:00Z,2026-09-15T05:58:00+02:00,53,dr-robert,407,344,63,15.5
2026-09-15T03:58:00Z,2026-09-15T05:58:00+02:00,54,placa-vella,297,221,76,25.6
2026-09-15T03:58:00Z,2026-09-15T05:58:00+02:00,55,ajuntament-mercat,237,186,51,21.5
2026-09-15T03:59:00Z,2026-09-15T05:59:00+02:00,53,dr-robert,407,344,63,15.5
2026-09-15T03:59:00Z,2026-09-15T05:59:00+02:00,54,placa-vella,297,221,76,25.6
2026-09-15T03:59:00Z,2026-09-15T05:59:00+02:00,55,ajuntament-mercat,237,186,51,21.5
2026-09-15T04:00:00Z,2026-09-15T06:00:00+02:00,53,dr-robert,407,344,63,15.5
2026-09-15T04:00:00Z,2026-09-15T06:00:00+02:00,54,placa-vella,297,221,76,25.6
2026-09-15T04:00:00Z,2026-09-15T06:00:00+02:00,55,ajuntament-mercat,237,186,51,21.5
2026-09-15T04:01:00Z,2026-09-15T06:01:00+02:00,53,dr-robert,407,344,63,15.5
2026-09-15T04:01:00Z,2026-09-15T06:01:00+02:00,54,placa-vella,297,221,76,25.6
2026-09-15T04:01:00Z,2026-09-15T06:01:00+02:00,55,ajuntament-mercat,237,186,51,21.5
2026-09-15T04:02:00Z,2026-09-15T06:02:00+02:00,53,dr-robert,407,344,63,15.5
2026-09-15T04:02:00Z,2026-09-15T06:02:00+02:00,54,placa-vella,297,221,76,25.6
2026-09-15T04:02:00Z,2026-09-15T06:02:00+02:00,55,ajuntament-mercat,237,186,51,21.5
2026-09-15T04:03:00Z,2026-09-15T06:03:00+02:00,53,dr-robert,407,344,63,15.5
2026-09-15T04:03:00Z,2026-09-15T06:03:00+02:00,54,placa-vella,297,221,76,25.6
2026-09-15T04:03:00Z,2026-09-15T06:03:00+02:00,55,ajuntament-mercat,237,186,51,21.5
2026-09-15T04:04:00Z,2026-09-15T06:04:00+02:00,53,dr-robert,407,344,63,15.5
2026-09-15T04:04:00Z,2026-09-15T06:04:00+02:00,54,placa-vella,297,221,76,25.6
2026-09-15T04:04:00Z,2026-09-15T06:04:00+02:00,55,ajuntament-mercat,237,186,51,21.5
2026-09-15T04:05:00Z,2026-09-15T06:05:00+02:00,53,dr-robert,407,344,63,15.5
2026-09-15T04:05:00Z,2026-09-15T06:05:00+02:00,54,placa-vella,297,221,76,25.6
2026-09-15T04:05:00Z,2026-09-15T06:05:00+02:00,55,ajuntament-mercat,237,186,51,21.5
2026-09-15T04:06:00Z,2026-09-15T06:06:00+02:00,53,dr-robert,407,344,63,15.5
2026-09-15T04:06:00Z,2026-09-15T06:06:00+02:00,54,placa-vella,297,221,76,25.6
2026-09-15T04:06:00Z,2026-09-15T06:06:00+02:00,55,ajuntament-mercat,237,186,51,21.5
2026-09-15T04:07:00Z,2026-09-15T06:07:00+02:00,53,dr-robert,407,344,63,15.5
2026-09-15T04:07:00Z,2026-09-15T06:07:00+02:00,54,placa-vella,297,221,76,25.6
2026-09-15T04:07:00Z,2026-09-15T06:07:00+02:00,55,ajuntament-mercat,237,186,51,21.5
2026-09-15T04:08:00Z,2026-09-15T06:08:00+02:00,53,dr-robert,407,345,62,15.2
2026-09-15T04:08:00Z,2026-09-15T06:08:00+02:00,54,placa-vella,297,220,77,25.9
2026-09-15T04:08:00Z,2026-09-15T06:08:00+02:00,55,ajuntament-mercat,237,186,51,21.5
2026-09-15T04:09:00Z,2026-09-15T06:09:00+02:00,53,dr-robert,407,345,62,15.2
2026-09-15T04:09:00Z,2026-09-15T06:09:00+02:00,54,placa-vella,297,220,77,25.9
2026-09-15T04:09:00Z,2026-09-15T06:09:00+02:00,55,ajuntament-mercat,237,186,51,21.5
2026-09-15T04:10:00Z,2026-09-15T06:10:00+02:00,53,dr-robert,407,345,62,15.2
2026-09-15T04:10:00Z,2026-09-15T06:10:00+02:00,54,placa-vella,297,220,77,25.9
2026-09-15T04:10:00Z,2026-09-15T06:10:00+02:00,55,ajuntament-mercat,237,186,51,21.5
2026-09-15T04:11:00Z,2026-09-15T06:11:00+02:00,53,dr-robert,407,344,63,15.5
2026-09-15T04:11:00Z,2026-09-15T06:11:00+02:00,54,placa-vella,297,223,74,24.9
2026-09-15T04:11:00Z,2026-09-15T06:11:00+02:00,55,ajuntament-mercat,237,186,51,21.5
2026-09-15T04:12:00Z,2026-09-15T06:12:00+02:00,53,dr-robert,407,344,63,15.5
2026-09-15T04:12:00Z,2026-09-15T06:12:00+02:00,54,placa-vella,297,223,74,24.9
2026-09-15T04:12:00Z,2026-09-15T06:12:00+02:00,55,ajuntament-mercat,237,186,51,21.5
2026-09-15T04:13:00Z,2026-09-15T06:13:00+02:00,53,dr-robert,407,344,63,15.5
2026-09-15T04:13:00Z,2026-09-15T06:13:00+02:00,54,placa-vella,297,223,74,24.9
2026-09-15T04:13:00Z,2026-09-15T06:13:00+02:00,55,ajuntament-mercat,237,186,51,21.5
2026-09-15T04:14:00Z,2026-09-15T06:14:00+02:00,53,dr-robert,407,344,63,15.5
2026-09-15T04:14:00Z,2026-09-15T06:14:00+02:00,54,placa-vella,297,223,74,24.9
2026-09-15T04:14:00Z,2026-09-15T06:14:00+02:00,55,ajuntament-mercat,237,186,51,21.5
2026-09-15T04:15:00Z,2026-09-15T06:15:00+02:00,53,dr-robert,407,344,63,15.5
2026-09-15T04:15:00Z,2026-09-15T06:15:00+02:00,54,placa-vella,297,223,74,24.9
2026-09-15T04:15:00Z,2026-09-15T06:15:00+02:00,55,ajuntament-mercat,237,186,51,21.5
2026-09-15T04:16:00Z,2026-09-15T06:16:00+02:00,53,dr-robert,407,344,63,15.5
2026-09-15T04:16:00Z,2026-09-15T06:16:00+02:00,54,placa-vella,297,224,73,24.6
2026-09-15T04:16:00Z,2026-09-15T06:16:00+02:00,55,ajuntament-mercat,237,185,52,21.9
2026-09-15T04:17:00Z,2026-09-15T06:17:00+02:00,53,dr-robert,407,344,63,15.5
2026-09-15T04:17:00Z,2026-09-15T06:17:00+02:00,54,placa-vella,297,224,73,24.6
2026-09-15T04:17:00Z,2026-09-15T06:17:00+02:00,55,ajuntament-mercat,237,185,52,21.9
2026-09-15T04:18:00Z,2026-09-15T06:18:00+02:00,53,dr-robert,407,344,63,15.5
2026-09-15T04:18:00Z,2026-09-15T06:18:00+02:00,54,placa-vella,297,224,73,24.6
2026-09-15T04:18:00Z,2026-09-15T06:18:00+02:00,55,ajuntament-mercat,237,185,52,21.9
2026-09-15T04:19:00Z,2026-09-15T06:19:00+02:00,53,dr-robert,407,344,63,15.5
2026-09-15T04:19:00Z,2026-09-15T06:19:00+02:00,54,placa-vella,297,224,73,24.6
2026-09-15T04:19:00Z,2026-09-15T06:19:00+02:00,55,ajuntament-mercat,237,185,52,21.9
2026-09-15T04:20:00Z,2026-09-15T06:20:00+02:00,53,dr-robert,407,345,62,15.2
2026-09-15T04:20:00Z,2026-09-15T06:20:00+02:00,54,placa-vella,297,227,70,23.6
2026-09-15T04:20:00Z,2026-09-15T06:20:00+02:00,55,ajuntament-mercat,237,184,53,22.4
2026-09-15T04:21:00Z,2026-09-15T06:21:00+02:00,53,dr-robert,407,345,62,15.2
2026-09-15T04:21:00Z,2026-09-15T06:21:00+02:00,54,placa-vella,297,227,70,23.6
2026-09-15T04:21:00Z,2026-09-15T06:21:00+02:00,55,ajuntament-mercat,237,184,53,22.4
2026-09-15T04:22:00Z,2026-09-15T06:22:00+02:00,53,dr-robert,407,345,62,15.2
2026-09-15T04:22:00Z,2026-09-15T06:22:00+02:00,54,placa-vella,297,227,70,23.6
2026-09-15T04:22:00Z,2026-09-15T06:22:00+02:00,55,ajuntament-mercat,237,184,53,22.4
2026-09-15T04:23:00Z,2026-09-15T06:23:00+02:00,53,dr-robert,407,345,62,15.2
2026-09-15T04:23:00Z,2026-09-15T06:23:00+02:00,54,placa-vella,297,227,70,23.6
2026-09-15T04:23:00Z,2026-09-15T06:23:00+02:00,55,ajuntament-mercat,237,184,53,22.4
2026-09-15T04:24:00Z,2026-09-15T06:24:00+02:00,53,dr-robert,407,345,62,15.2
2026-09-15T04:24:00Z,2026-09-15T06:24:00+02:00,54,placa-vella,297,227,70,23.6
2026-09-15T04:24:00Z,2026-09-15T06:24:00+02:00,55,ajuntament-mercat,237,184,53,22.4
2026-09-15T04:25:00Z,2026-09-15T06:25:00+02:00,53,dr-robert,407,345,62,15.2
2026-09-15T04:25:00Z,2026-09-15T06:25:00+02:00,54,placa-vella,297,227,70,23.6
2026-09-15T04:25:00Z,2026-09-15T06:25:00+02:00,55,ajuntament-mercat,237,184,53,22.4
2026-09-15T04:26:00Z,2026-09-15T06:26:00+02:00,53,dr-robert,407,345,62,15.2
2026-09-15T04:26:00Z,2026-09-15T06:26:00+02:00,54,placa-vella,297,227,70,23.6
2026-09-15T04:26:00Z,2026-09-15T06:26:00+02:00,55,ajuntament-mercat,237,184,53,22.4
2026-09-15T04:27:00Z,2026-09-15T06:27:00+02:00,53,dr-robert,407,345,62,15.2
2026-09-15T04:27:00Z,2026-09-15T06:27:00+02:00,54,placa-vella,297,227,70,23.6
2026-09-15T04:27:00Z,2026-09-15T06:27:00+02:00,55,ajuntament-mercat,237,184,53,22.4
2026-09-15T04:28:00Z,2026-09-15T06:28:00+02:00,53,dr-robert,407,345,62,15.2
2026-09-15T04:28:00Z,2026-09-15T06:28:00+02:00,54,placa-vella,297,227,70,23.6
2026-09-15T04:28:00Z,2026-09-15T06:28:00+02:00,55,ajuntament-mercat,237,184,53,22.4
2026-09-15T04:29:00Z,2026-09-15T06:29:00+02:00,53,dr-robert,407,345,62,15.2
2026-09-15T04:29:00Z,2026-09-15T06:29:00+02:00,54,placa-vella,297,227,70,23.6
2026-09-15T04:29:00Z,2026-09-15T06:29:00+02:00,55,ajuntament-mercat,237,184,53,22.4
2026-09-15T04:30:00Z,2026-09-15T06:30:00+02:00,53,dr-robert,407,345,62,15.2
2026-09-15T04:30:00Z,2026-09-15T06:30:00+02:00,54,placa-vella,297,227,70,23.6
2026-09-15T04:30:00Z,2026-09-15T06:30:00+02:00,55,ajuntament-mercat,237,184,53,22.4
2026-09-15T04:35:00Z,2026-09-15T06:35:00+02:00,53,dr-robert,407,342,65,16
2026-09-15T04:35:00Z,2026-09-15T06:35:00+02:00,54,placa-vella,297,227,70,23.6
2026-09-15T04:35:00Z,2026-09-15T06:35:00+02:00,55,ajuntament-mercat,237,184,53,22.4
2026-09-15T04:36:00Z,2026-09-15T06:36:00+02:00,53,dr-robert,407,342,65,16
2026-09-15T04:36:00Z,2026-09-15T06:36:00+02:00,54,placa-vella,297,227,70,23.6
2026-09-15T04:36:00Z,2026-09-15T06:36:00+02:00,55,ajuntament-mercat,237,184,53,22.4
2026-09-15T04:37:00Z,2026-09-15T06:37:00+02:00,53,dr-robert,407,342,65,16
2026-09-15T04:37:00Z,2026-09-15T06:37:00+02:00,54,placa-vella,297,227,70,23.6
2026-09-15T04:37:00Z,2026-09-15T06:37:00+02:00,55,ajuntament-mercat,237,184,53,22.4
2026-09-15T04:38:00Z,2026-09-15T06:38:00+02:00,53,dr-robert,407,342,65,16
2026-09-15T04:38:00Z,2026-09-15T06:38:00+02:00,54,placa-vella,297,227,70,23.6
2026-09-15T04:38:00Z,2026-09-15T06:38:00+02:00,55,ajuntament-mercat,237,184,53,22.4
2026-09-15T04:39:00Z,2026-09-15T06:39:00+02:00,53,dr-robert,407,342,65,16
2026-09-15T04:39:00Z,2026-09-15T06:39:00+02:00,54,placa-vella,297,227,70,23.6
2026-09-15T04:39:00Z,2026-09-15T06:39:00+02:00,55,ajuntament-mercat,237,184,53,22.4
2026-09-15T04:40:00Z,2026-09-15T06:40:00+02:00,53,dr-robert,407,343,64,15.7
2026-09-15T04:40:00Z,2026-09-15T06:40:00+02:00,54,placa-vella,297,226,71,23.9
2026-09-15T04:40:00Z,2026-09-15T06:40:00+02:00,55,ajuntament-mercat,237,183,54,22.8
2026-09-15T04:41:00Z,2026-09-15T06:41:00+02:00,53,dr-robert,407,343,64,15.7
2026-09-15T04:41:00Z,2026-09-15T06:41:00+02:00,54,placa-vella,297,226,71,23.9
2026-09-15T04:41:00Z,2026-09-15T06:41:00+02:00,55,ajuntament-mercat,237,183,54,22.8
2026-09-15T04:42:00Z,2026-09-15T06:42:00+02:00,53,dr-robert,407,343,64,15.7
2026-09-15T04:42:00Z,2026-09-15T06:42:00+02:00,54,placa-vella,297,226,71,23.9
2026-09-15T04:42:00Z,2026-09-15T06:42:00+02:00,55,ajuntament-mercat,237,183,54,22.8
2026-09-15T04:43:00Z,2026-09-15T06:43:00+02:00,53,dr-robert,407,343,64,15.7
2026-09-15T04:43:00Z,2026-09-15T06:43:00+02:00,54,placa-vella,297,226,71,23.9
2026-09-15T04:43:00Z,2026-09-15T06:43:00+02:00,55,ajuntament-mercat,237,183,54,22.8
2026-09-15T04:44:00Z,2026-09-15T06:44:00+02:00,53,dr-robert,407,343,64,15.7
2026-09-15T04:44:00Z,2026-09-15T06:44:00+02:00,54,placa-vella,297,226,71,23.9
2026-09-15T04:44:00Z,2026-09-15T06:44:00+02:00,55,ajuntament-mercat,237,183,54,22.8
2026-09-15T04:45:00Z,2026-09-15T06:45:00+02:00,53,dr-robert,407,343,64,15.7
2026-09-15T04:45:00Z,2026-09-15T06:45:00+02:00,54,placa-vella,297,226,71,23.9
2026-09-15T04:45:00Z,2026-09-15T06:45:00+02:00,55,ajuntament-mercat,237,181,56,23.6
2026-09-15T04:46:00Z,2026-09-15T06:46:00+02:00,53,dr-robert,407,343,64,15.7
2026-09-15T04:46:00Z,2026-09-15T06:46:00+02:00,54,placa-vella,297,226,71,23.9
2026-09-15T04:46:00Z,2026-09-15T06:46:00+02:00,55,ajuntament-mercat,237,181,56,23.6
2026-09-15T04:47:00Z,2026-09-15T06:47:00+02:00,53,dr-robert,407,343,64,15.7
2026-09-15T04:47:00Z,2026-09-15T06:47:00+02:00,54,placa-vella,297,226,71,23.9
2026-09-15T04:47:00Z,2026-09-15T06:47:00+02:00,55,ajuntament-mercat,237,181,56,23.6
2026-09-15T04:48:00Z,2026-09-15T06:48:00+02:00,53,dr-robert,407,343,64,15.7
2026-09-15T04:48:00Z,2026-09-15T06:48:00+02:00,54,placa-vella,297,226,71,23.9
2026-09-15T04:48:00Z,2026-09-15T06:48:00+02:00,55,ajuntament-mercat,237,181,56,23.6
2026-09-15T04:49:00Z,2026-09-15T06:49:00+02:00,53,dr-robert,407,343,64,15.7
2026-09-15T04:49:00Z,2026-09-15T06:49:00+02:00,54,placa-vella,297,226,71,23.9
2026-09-15T04:49:00Z,2026-09-15T06:49:00+02:00,55,ajuntament-mercat,237,181,56,23.6
2026-09-15T04:50:00Z,2026-09-15T06:50:00+02:00,53,dr-robert,407,340,67,16.5
2026-09-15T04:50:00Z,2026-09-15T06:50:00+02:00,54,placa-vella,297,225,72,24.2
2026-09-15T04:50:00Z,2026-09-15T06:50:00+02:00,55,ajuntament-mercat,237,180,57,24.1
2026-09-15T04:51:00Z,2026-09-15T06:51:00+02:00,53,dr-robert,407,340,67,16.5
2026-09-15T04:51:00Z,2026-09-15T06:51:00+02:00,54,placa-vella,297,225,72,24.2
2026-09-15T04:51:00Z,2026-09-15T06:51:00+02:00,55,ajuntament-mercat,237,180,57,24.1
2026-09-15T04:52:00Z,2026-09-15T06:52:00+02:00,53,dr-robert,407,340,67,16.5
2026-09-15T04:52:00Z,2026-09-15T06:52:00+02:00,54,placa-vella,297,225,72,24.2
2026-09-15T04:52:00Z,2026-09-15T06:52:00+02:00,55,ajuntament-mercat,237,180,57,24.1
2026-09-15T04:53:00Z,2026-09-15T06:53:00+02:00,53,dr-robert,407,340,67,16.5
2026-09-15T04:53:00Z,2026-09-15T06:53:00+02:00,54,placa-vella,297,225,72,24.2
2026-09-15T04:53:00Z,2026-09-15T06:53:00+02:00,55,ajuntament-mercat,237,180,57,24.1
2026-09-15T04:54:00Z,2026-09-15T06:54:00+02:00,53,dr-robert,407,340,67,16.5
2026-09-15T04:54:00Z,2026-09-15T06:54:00+02:00,54,placa-vella,297,225,72,24.2
2026-09-15T04:54:00Z,2026-09-15T06:54:00+02:00,55,ajuntament-mercat,237,180,57,24.1
2026-09-15T04:55:00Z,2026-09-15T06:55:00+02:00,53,dr-robert,407,335,72,17.7
2026-09-15T04:55:00Z,2026-09-15T06:55:00+02:00,54,placa-vella,297,225,72,24.2
2026-09-15T04:55:00Z,2026-09-15T06:55:00+02:00,55,ajuntament-mercat,237,179,58,24.5
2026-09-15T04:56:00Z,2026-09-15T06:56:00+02:00,53,dr-robert,407,335,72,17.7
2026-09-15T04:56:00Z,2026-09-15T06:56:00+02:00,54,placa-vella,297,225,72,24.2
2026-09-15T04:56:00Z,2026-09-15T06:56:00+02:00,55,ajuntament-mercat,237,179,58,24.5
2026-09-15T04:57:00Z,2026-09-15T06:57:00+02:00,53,dr-robert,407,335,72,17.7
2026-09-15T04:57:00Z,2026-09-15T06:57:00+02:00,54,placa-vella,297,225,72,24.2
2026-09-15T04:57:00Z,2026-09-15T06:57:00+02:00,55,ajuntament-mercat,237,179,58,24.5
2026-09-15T04:58:00Z,2026-09-15T06:58:00+02:00,53,dr-robert,407,335,72,17.7
2026-09-15T04:58:00Z,2026-09-15T06:58:00+02:00,54,placa-vella,297,225,72,24.2
2026-09-15T04:58:00Z,2026-09-15T06:58:00+02:00,55,ajuntament-mercat,237,179,58,24.5
2026-09-15T04:59:00Z,2026-09-15T06:59:00+02:00,53,dr-robert,407,335,72,17.7
2026-09-15T04:59:00Z,2026-09-15T06:59:00+02:00,54,placa-vella,297,225,72,24.2
2026-09-15T04:59:00Z,2026-09-15T06:59:00+02:00,55,ajuntament-mercat,237,179,58,24.5
2026-09-15T05:00:00Z,2026-09-15T07:00:00+02:00,53,dr-robert,407,335,72,17.7
2026-09-15T05:00:00Z,2026-09-15T07:00:00+02:00,54,placa-vella,297,225,72,24.2
2026-09-15T05:00:00Z,2026-09-15T07:00:00+02:00,55,ajuntament-mercat,237,179,58,24.5
2026-09-15T05:01:00Z,2026-09-15T07:01:00+02:00,53,dr-robert,407,335,72,17.7
2026-09-15T05:01:00Z,2026-09-15T07:01:00+02:00,54,placa-vella,297,225,72,24.2
2026-09-15T05:01:00Z,2026-09-15T07:01:00+02:00,55,ajuntament-mercat,237,179,58,24.5
2026-09-15T05:02:00Z,2026-09-15T07:02:00+02:00,53,dr-robert,407,335,72,17.7
2026-09-15T05:02:00Z,2026-09-15T07:02:00+02:00,54,placa-vella,297,225,72,24.2
2026-09-15T05:02:00Z,2026-09-15T07:02:00+02:00,55,ajuntament-mercat,237,179,58,24.5
2026-09-15T05:03:00Z,2026-09-15T07:03:00+02:00,53,dr-robert,407,335,72,17.7
2026-09-15T05:03:00Z,2026-09-15T07:03:00+02:00,54,placa-vella,297,225,72,24.2
2026-09-15T05:03:00Z,2026-09-15T07:03:00+02:00,55,ajuntament-mercat,237,179,58,24.5
2026-09-15T05:04:00Z,2026-09-15T07:04:00+02:00,53,dr-robert,407,331,76,18.7
2026-09-15T05:04:00Z,2026-09-15T07:04:00+02:00,54,placa-vella,297,224,73,24.6
2026-09-15T05:04:00Z,2026-09-15T07:04:00+02:00,55,ajuntament-mercat,237,176,61,25.7
2026-09-15T05:05:00Z,2026-09-15T07:05:00+02:00,53,dr-robert,407,331,76,18.7
2026-09-15T05:05:00Z,2026-09-15T07:05:00+02:00,54,placa-vella,297,224,73,24.6
2026-09-15T05:05:00Z,2026-09-15T07:05:00+02:00,55,ajuntament-mercat,237,176,61,25.7
2026-09-15T05:06:00Z,2026-09-15T07:06:00+02:00,53,dr-robert,407,330,77,18.9
2026-09-15T05:06:00Z,2026-09-15T07:06:00+02:00,54,placa-vella,297,224,73,24.6
2026-09-15T05:06:00Z,2026-09-15T07:06:00+02:00,55,ajuntament-mercat,237,176,61,25.7
2026-09-15T05:07:00Z,2026-09-15T07:07:00+02:00,53,dr-robert,407,330,77,18.9
2026-09-15T05:07:00Z,2026-09-15T07:07:00+02:00,54,placa-vella,297,224,73,24.6
2026-09-15T05:07:00Z,2026-09-15T07:07:00+02:00,55,ajuntament-mercat,237,176,61,25.7
2026-09-15T05:08:00Z,2026-09-15T07:08:00+02:00,53,dr-robert,407,330,77,18.9
2026-09-15T05:08:00Z,2026-09-15T07:08:00+02:00,54,placa-vella,297,224,73,24.6
2026-09-15T05:08:00Z,2026-09-15T07:08:00+02:00,55,ajuntament-mercat,237,176,61,25.7
2026-09-15T05:09:00Z,2026-09-15T07:09:00+02:00,53,dr-robert,407,330,77,18.9
2026-09-15T05:09:00Z,2026-09-15T07:09:00+02:00,54,placa-vella,297,224,73,24.6
2026-09-15T05:09:00Z,2026-09-15T07:09:00+02:00,55,ajuntament-mercat,237,176,61,25.7
2026-09-15T05:10:00Z,2026-09-15T07:10:00+02:00,53,dr-robert,407,324,83,20.4
2026-09-15T05:10:00Z,2026-09-15T07:10:00+02:00,54,placa-vella,297,224,73,24.6
2026-09-15T05:10:00Z,2026-09-15T07:10:00+02:00,55,ajuntament-mercat,237,176,61,25.7
2026-09-15T05:11:00Z,2026-09-15T07:11:00+02:00,53,dr-robert,407,324,83,20.4
2026-09-15T05:11:00Z,2026-09-15T07:11:00+02:00,54,placa-vella,297,224,73,24.6
2026-09-15T05:11:00Z,2026-09-15T07:11:00+02:00,55,ajuntament-mercat,237,176,61,25.7
2026-09-15T05:12:00Z,2026-09-15T07:12:00+02:00,53,dr-robert,407,324,83,20.4
2026-09-15T05:12:00Z,2026-09-15T07:12:00+02:00,54,placa-vella,297,224,73,24.6
2026-09-15T05:12:00Z,2026-09-15T07:12:00+02:00,55,ajuntament-mercat,237,176,61,25.7
2026-09-15T05:13:00Z,2026-09-15T07:13:00+02:00,53,dr-robert,407,324,83,20.4
2026-09-15T05:13:00Z,2026-09-15T07:13:00+02:00,54,placa-vella,297,224,73,24.6
2026-09-15T05:13:00Z,2026-09-15T07:13:00+02:00,55,ajuntament-mercat,237,176,61,25.7
2026-09-15T05:14:00Z,2026-09-15T07:14:00+02:00,53,dr-robert,407,324,83,20.4
2026-09-15T05:14:00Z,2026-09-15T07:14:00+02:00,54,placa-vella,297,224,73,24.6
2026-09-15T05:14:00Z,2026-09-15T07:14:00+02:00,55,ajuntament-mercat,237,176,61,25.7
2026-09-15T05:15:00Z,2026-09-15T07:15:00+02:00,53,dr-robert,407,320,87,21.4
2026-09-15T05:15:00Z,2026-09-15T07:15:00+02:00,54,placa-vella,297,225,72,24.2
2026-09-15T05:15:00Z,2026-09-15T07:15:00+02:00,55,ajuntament-mercat,237,175,62,26.2
2026-09-15T05:16:00Z,2026-09-15T07:16:00+02:00,53,dr-robert,407,320,87,21.4
2026-09-15T05:16:00Z,2026-09-15T07:16:00+02:00,54,placa-vella,297,225,72,24.2
2026-09-15T05:16:00Z,2026-09-15T07:16:00+02:00,55,ajuntament-mercat,237,175,62,26.2
2026-09-15T05:17:00Z,2026-09-15T07:17:00+02:00,53,dr-robert,407,320,87,21.4
2026-09-15T05:17:00Z,2026-09-15T07:17:00+02:00,54,placa-vella,297,225,72,24.2
2026-09-15T05:17:00Z,2026-09-15T07:17:00+02:00,55,ajuntament-mercat,237,175,62,26.2
2026-09-15T05:18:00Z,2026-09-15T07:18:00+02:00,53,dr-robert,407,320,87,21.4
2026-09-15T05:18:00Z,2026-09-15T07:18:00+02:00,54,placa-vella,297,225,72,24.2
2026-09-15T05:18:00Z,2026-09-15T07:18:00+02:00,55,ajuntament-mercat,237,175,62,26.2
2026-09-15T05:19:00Z,2026-09-15T07:19:00+02:00,53,dr-robert,407,320,87,21.4
2026-09-15T05:19:00Z,2026-09-15T07:19:00+02:00,54,placa-vella,297,225,72,24.2
2026-09-15T05:19:00Z,2026-09-15T07:19:00+02:00,55,ajuntament-mercat,237,175,62,26.2
2026-09-15T05:20:00Z,2026-09-15T07:20:00+02:00,53,dr-robert,407,316,91,22.4
2026-09-15T05:20:00Z,2026-09-15T07:20:00+02:00,54,placa-vella,297,222,75,25.3
2026-09-15T05:20:00Z,2026-09-15T07:20:00+02:00,55,ajuntament-mercat,237,172,65,27.4
2026-09-15T05:21:00Z,2026-09-15T07:21:00+02:00,53,dr-robert,407,316,91,22.4
2026-09-15T05:21:00Z,2026-09-15T07:21:00+02:00,54,placa-vella,297,222,75,25.3
2026-09-15T05:21:00Z,2026-09-15T07:21:00+02:00,55,ajuntament-mercat,237,172,65,27.4
2026-09-15T05:22:00Z,2026-09-15T07:22:00+02:00,53,dr-robert,407,316,91,22.4
2026-09-15T05:22:00Z,2026-09-15T07:22:00+02:00,54,placa-vella,297,222,75,25.3
2026-09-15T05:22:00Z,2026-09-15T07:22:00+02:00,55,ajuntament-mercat,237,172,65,27.4
2026-09-15T05:23:00Z,2026-09-15T07:23:00+02:00,53,dr-robert,407,316,91,22.4
2026-09-15T05:23:00Z,2026-09-15T07:23:00+02:00,54,placa-vella,297,222,75,25.3
2026-09-15T05:23:00Z,2026-09-15T07:23:00+02:00,55,ajuntament-mercat,237,172,65,27.4
2026-09-15T05:24:00Z,2026-09-15T07:24:00+02:00,53,dr-robert,407,316,91,22.4
2026-09-15T05:24:00Z,2026-09-15T07:24:00+02:00,54,placa-vella,297,222,75,25.3
2026-09-15T05:24:00Z,2026-09-15T07:24:00+02:00,55,ajuntament-mercat,237,172,65,27.4
2026-09-15T05:25:00Z,2026-09-15T07:25:00+02:00,53,dr-robert,407,312,95,23.3
2026-09-15T05:25:00Z,2026-09-15T07:25:00+02:00,54,placa-vella,297,221,76,25.6
2026-09-15T05:25:00Z,2026-09-15T07:25:00+02:00,55,ajuntament-mercat,237,171,66,27.8
2026-09-15T05:26:00Z,2026-09-15T07:26:00+02:00,53,dr-robert,407,312,95,23.3
2026-09-15T05:26:00Z,2026-09-15T07:26:00+02:00,54,placa-vella,297,221,76,25.6
2026-09-15T05:26:00Z,2026-09-15T07:26:00+02:00,55,ajuntament-mercat,237,171,66,27.8
2026-09-15T05:27:00Z,2026-09-15T07:27:00+02:00,53,dr-robert,407,312,95,23.3
2026-09-15T05:27:00Z,2026-09-15T07:27:00+02:00,54,placa-vella,297,221,76,25.6
2026-09-15T05:27:00Z,2026-09-15T07:27:00+02:00,55,ajuntament-mercat,237,171,66,27.8
2026-09-15T05:28:00Z,2026-09-15T07:28:00+02:00,53,dr-robert,407,312,95,23.3
2026-09-15T05:28:00Z,2026-09-15T07:28:00+02:00,54,placa-vella,297,221,76,25.6
2026-09-15T05:28:00Z,2026-09-15T07:28:00+02:00,55,ajuntament-mercat,237,171,66,27.8
2026-09-15T05:29:00Z,2026-09-15T07:29:00+02:00,53,dr-robert,407,312,95,23.3
2026-09-15T05:29:00Z,2026-09-15T07:29:00+02:00,54,placa-vella,297,221,76,25.6
2026-09-15T05:29:00Z,2026-09-15T07:29:00+02:00,55,ajuntament-mercat,237,171,66,27.8
2026-09-15T05:30:00Z,2026-09-15T07:30:00+02:00,53,dr-robert,407,308,99,24.3
2026-09-15T05:30:00Z,2026-09-15T07:30:00+02:00,54,placa-vella,297,220,77,25.9
2026-09-15T05:30:00Z,2026-09-15T07:30:00+02:00,55,ajuntament-mercat,237,168,69,29.1
2026-09-15T05:31:00Z,2026-09-15T07:31:00+02:00,53,dr-robert,407,308,99,24.3
2026-09-15T05:31:00Z,2026-09-15T07:31:00+02:00,54,placa-vella,297,220,77,25.9
2026-09-15T05:31:00Z,2026-09-15T07:31:00+02:00,55,ajuntament-mercat,237,168,69,29.1
2026-09-15T05:32:00Z,2026-09-15T07:32:00+02:00,53,dr-robert,407,308,99,24.3
2026-09-15T05:32:00Z,2026-09-15T07:32:00+02:00,54,placa-vella,297,220,77,25.9
2026-09-15T05:32:00Z,2026-09-15T07:32:00+02:00,55,ajuntament-mercat,237,168,69,29.1
2026-09-15T05:33:00Z,2026-09-15T07:33:00+02:00,53,dr-robert,407,308,99,24.3
2026-09-15T05:33:00Z,2026-09-15T07:33:00+02:00,54,placa-vella,297,220,77,25.9
2026-09-15T05:33:00Z,2026-09-15T07:33:00+02:00,55,ajuntament-mercat,237,168,69,29.1
2026-09-15T05:34:00Z,2026-09-15T07:34:00+02:00,53,dr-robert,407,308,99,24.3
2026-09-15T05:34:00Z,2026-09-15T07:34:00+02:00,54,placa-vella,297,220,77,25.9
2026-09-15T05:34:00Z,2026-09-15T07:34:00+02:00,55,ajuntament-mercat,237,168,69,29.1
2026-09-15T05:35:00Z,2026-09-15T07:35:00+02:00,53,dr-robert,407,304,103,25.3
2026-09-15T05:35:00Z,2026-09-15T07:35:00+02:00,54,placa-vella,297,219,78,26.3
2026-09-15T05:35:00Z,2026-09-15T07:35:00+02:00,55,ajuntament-mercat,237,164,73,30.8
2026-09-15T05:36:00Z,2026-09-15T07:36:00+02:00,53,dr-robert,407,304,103,25.3
2026-09-15T05:36:00Z,2026-09-15T07:36:00+02:00,54,placa-vella,297,219,78,26.3
2026-09-15T05:36:00Z,2026-09-15T07:36:00+02:00,55,ajuntament-mercat,237,164,73,30.8
2026-09-15T05:37:00Z,2026-09-15T07:37:00+02:00,53,dr-robert,407,304,103,25.3
2026-09-15T05:37:00Z,2026-09-15T07:37:00+02:00,54,placa-vella,297,219,78,26.3
2026-09-15T05:37:00Z,2026-09-15T07:37:00+02:00,55,ajuntament-mercat,237,164,73,30.8
2026-09-15T05:38:00Z,2026-09-15T07:38:00+02:00,53,dr-robert,407,304,103,25.3
2026-09-15T05:38:00Z,2026-09-15T07:38:00+02:00,54,placa-vella,297,219,78,26.3
2026-09-15T05:38:00Z,2026-09-15T07:38:00+02:00,55,ajuntament-mercat,237,164,73,30.8
2026-09-15T05:39:00Z,2026-09-15T07:39:00+02:00,53,dr-robert,407,304,103,25.3
2026-09-15T05:39:00Z,2026-09-15T07:39:00+02:00,54,placa-vella,297,219,78,26.3
2026-09-15T05:39:00Z,2026-09-15T07:39:00+02:00,55,ajuntament-mercat,237,164,73,30.8
2026-09-15T05:40:00Z,2026-09-15T07:40:00+02:00,53,dr-robert,407,295,112,27.5
2026-09-15T05:40:00Z,2026-09-15T07:40:00+02:00,54,placa-vella,297,214,83,27.9
2026-09-15T05:40:00Z,2026-09-15T07:40:00+02:00,55,ajuntament-mercat,237,160,77,32.5
2026-09-15T05:41:00Z,2026-09-15T07:41:00+02:00,53,dr-robert,407,295,112,27.5
2026-09-15T05:41:00Z,2026-09-15T07:41:00+02:00,54,placa-vella,297,214,83,27.9
2026-09-15T05:41:00Z,2026-09-15T07:41:00+02:00,55,ajuntament-mercat,237,160,77,32.5
2026-09-15T05:42:00Z,2026-09-15T07:42:00+02:00,53,dr-robert,407,295,112,27.5
2026-09-15T05:42:00Z,2026-09-15T07:42:00+02:00,54,placa-vella,297,214,83,27.9
2026-09-15T05:42:00Z,2026-09-15T07:42:00+02:00,55,ajuntament-mercat,237,160,77,32.5
2026-09-15T05:43:00Z,2026-09-15T07:43:00+02:00,53,dr-robert,407,295,112,27.5
2026-09-15T05:43:00Z,2026-09-15T07:43:00+02:00,54,placa-vella,297,214,83,27.9
2026-09-15T05:43:00Z,2026-09-15T07:43:00+02:00,55,ajuntament-mercat,237,160,77,32.5
2026-09-15T05:44:00Z,2026-09-15T07:44:00+02:00,53,dr-robert,407,295,112,27.5
2026-09-15T05:44:00Z,2026-09-15T07:44:00+02:00,54,placa-vella,297,214,83,27.9
2026-09-15T05:44:00Z,2026-09-15T07:44:00+02:00,55,ajuntament-mercat,237,160,77,32.5
2026-09-15T05:45:00Z,2026-09-15T07:45:00+02:00,53,dr-robert,407,288,119,29.2
2026-09-15T05:45:00Z,2026-09-15T07:45:00+02:00,54,placa-vella,297,210,87,29.3
2026-09-15T05:45:00Z,2026-09-15T07:45:00+02:00,55,ajuntament-mercat,237,156,81,34.2
2026-09-15T05:46:00Z,2026-09-15T07:46:00+02:00,53,dr-robert,407,288,119,29.2
2026-09-15T05:46:00Z,2026-09-15T07:46:00+02:00,54,placa-vella,297,210,87,29.3
2026-09-15T05:46:00Z,2026-09-15T07:46:00+02:00,55,ajuntament-mercat,237,156,81,34.2
2026-09-15T05:47:00Z,2026-09-15T07:47:00+02:00,53,dr-robert,407,288,119,29.2
2026-09-15T05:47:00Z,2026-09-15T07:47:00+02:00,54,placa-vella,297,210,87,29.3
2026-09-15T05:47:00Z,2026-09-15T07:47:00+02:00,55,ajuntament-mercat,237,156,81,34.2
2026-09-15T05:48:00Z,2026-09-15T07:48:00+02:00,53,dr-robert,407,288,119,29.2
2026-09-15T05:48:00Z,2026-09-15T07:48:00+02:00,54,placa-vella,297,210,87,29.3
2026-09-15T05:48:00Z,2026-09-15T07:48:00+02:00,55,ajuntament-mercat,237,156,81,34.2
2026-09-15T05:49:00Z,2026-09-15T07:49:00+02:00,53,dr-robert,407,288,119,29.2
2026-09-15T05:49:00Z,2026-09-15T07:49:00+02:00,54,placa-vella,297,210,87,29.3
2026-09-15T05:49:00Z,2026-09-15T07:49:00+02:00,55,ajuntament-mercat,237,156,81,34.2
2026-09-15T05:50:00Z,2026-09-15T07:50:00+02:00,53,dr-robert,407,278,129,31.7
2026-09-15T05:50:00Z,2026-09-15T07:50:00+02:00,54,placa-vella,297,205,92,31
2026-09-15T05:50:00Z,2026-09-15T07:50:00+02:00,55,ajuntament-mercat,237,154,83,35
2026-09-15T05:51:00Z,2026-09-15T07:51:00+02:00,53,dr-robert,407,278,129,31.7
2026-09-15T05:51:00Z,2026-09-15T07:51:00+02:00,54,placa-vella,297,205,92,31
2026-09-15T05:51:00Z,2026-09-15T07:51:00+02:00,55,ajuntament-mercat,237,154,83,35
2026-09-15T05:52:00Z,2026-09-15T07:52:00+02:00,53,dr-robert,407,278,129,31.7
2026-09-15T05:52:00Z,2026-09-15T07:52:00+02:00,54,placa-vella,297,205,92,31
2026-09-15T05:52:00Z,2026-09-15T07:52:00+02:00,55,ajuntament-mercat,237,154,83,35
2026-09-15T05:53:00Z,2026-09-15T07:53:00+02:00,53,dr-robert,407,278,129,31.7
2026-09-15T05:53:00Z,2026-09-15T07:53:00+02:00,54,placa-vella,297,205,92,31
2026-09-15T05:53:00Z,2026-09-15T07:53:00+02:00,55,ajuntament-mercat,237,154,83,35
2026-09-15T05:54:00Z,2026-09-15T07:54:00+02:00,53,dr-robert,407,278,129,31.7
2026-09-15T05:54:00Z,2026-09-15T07:54:00+02:00,54,placa-vella,297,205,92,31
2026-09-15T05:54:00Z,2026-09-15T07:54:00+02:00,55,ajuntament-mercat,237,154,83,35
2026-09-15T05:55:00Z,2026-09-15T07:55:00+02:00,53,dr-robert,407,270,137,33.7
2026-09-15T05:55:00Z,2026-09-15T07:55:00+02:00,54,placa-vella,297,203,94,31.6
2026-09-15T05:55:00Z,2026-09-15T07:55:00+02:00,55,ajuntament-mercat,237,146,91,38.4
2026-09-15T05:56:00Z,2026-09-15T07:56:00+02:00,53,dr-robert,407,270,137,33.7
2026-09-15T05:56:00Z,2026-09-15T07:56:00+02:00,54,placa-vella,297,203,94,31.6
2026-09-15T05:56:00Z,2026-09-15T07:56:00+02:00,55,ajuntament-mercat,237,146,91,38.4
2026-09-15T05:57:00Z,2026-09-15T07:57:00+02:00,53,dr-robert,407,270,137,33.7
2026-09-15T05:57:00Z,2026-09-15T07:57:00+02:00,54,placa-vella,297,203,94,31.6
2026-09-15T05:57:00Z,2026-09-15T07:57:00+02:00,55,ajuntament-mercat,237,146,91,38.4
2026-09-15T05:58:00Z,2026-09-15T07:58:00+02:00,53,dr-robert,407,270,137,33.7
2026-09-15T05:58:00Z,2026-09-15T07:58:00+02:00,54,placa-vella,297,203,94,31.6
2026-09-15T05:58:00Z,2026-09-15T07:58:00+02:00,55,ajuntament-mercat,237,146,91,38.4
2026-09-15T05:59:00Z,2026-09-15T07:59:00+02:00,53,dr-robert,407,270,137,33.7
2026-09-15T05:59:00Z,2026-09-15T07:59:00+02:00,54,placa-vella,297,203,94,31.6
2026-09-15T05:59:00Z,2026-09-15T07:59:00+02:00,55,ajuntament-mercat,237,146,91,38.4
2026-09-15T06:00:00Z,2026-09-15T08:00:00+02:00,53,dr-robert,407,270,137,33.7
2026-09-15T06:00:00Z,2026-09-15T08:00:00+02:00,54,placa-vella,297,203,94,31.6
2026-09-15T06:00:00Z,2026-09-15T08:00:00+02:00,55,ajuntament-mercat,237,146,91,38.4
2026-09-15T06:01:00Z,2026-09-15T08:01:00+02:00,53,dr-robert,407,253,154,37.8
2026-09-15T06:01:00Z,2026-09-15T08:01:00+02:00,54,placa-vella,297,197,100,33.7
2026-09-15T06:01:00Z,2026-09-15T08:01:00+02:00,55,ajuntament-mercat,237,139,98,41.4
2026-09-15T06:02:00Z,2026-09-15T08:02:00+02:00,53,dr-robert,407,253,154,37.8
2026-09-15T06:02:00Z,2026-09-15T08:02:00+02:00,54,placa-vella,297,197,100,33.7
2026-09-15T06:02:00Z,2026-09-15T08:02:00+02:00,55,ajuntament-mercat,237,139,98,41.4
2026-09-15T06:03:00Z,2026-09-15T08:03:00+02:00,53,dr-robert,407,253,154,37.8
2026-09-15T06:03:00Z,2026-09-15T08:03:00+02:00,54,placa-vella,297,197,100,33.7
2026-09-15T06:03:00Z,2026-09-15T08:03:00+02:00,55,ajuntament-mercat,237,139,98,41.4
2026-09-15T06:04:00Z,2026-09-15T08:04:00+02:00,53,dr-robert,407,253,154,37.8
2026-09-15T06:04:00Z,2026-09-15T08:04:00+02:00,54,placa-vella,297,197,100,33.7
2026-09-15T06:04:00Z,2026-09-15T08:04:00+02:00,55,ajuntament-mercat,237,139,98,41.4
2026-09-15T06:05:00Z,2026-09-15T08:05:00+02:00,53,dr-robert,407,239,168,41.3
2026-09-15T06:05:00Z,2026-09-15T08:05:00+02:00,54,placa-vella,297,194,103,34.7
2026-09-15T06:05:00Z,2026-09-15T08:05:00+02:00,55,ajuntament-mercat,237,134,103,43.5
2026-09-15T06:06:00Z,2026-09-15T08:06:00+02:00,53,dr-robert,407,239,168,41.3
2026-09-15T06:06:00Z,2026-09-15T08:06:00+02:00,54,placa-vella,297,194,103,34.7
2026-09-15T06:06:00Z,2026-09-15T08:06:00+02:00,55,ajuntament-mercat,237,134,103,43.5
2026-09-15T06:07:00Z,2026-09-15T08:07:00+02:00,53,dr-robert,407,239,168,41.3
2026-09-15T06:07:00Z,2026-09-15T08:07:00+02:00,54,placa-vella,297,194,103,34.7
2026-09-15T06:07:00Z,2026-09-15T08:07:00+02:00,55,ajuntament-mercat,237,134,103,43.5
2026-09-15T06:08:00Z,2026-09-15T08:08:00+02:00,53,dr-robert,407,239,168,41.3
2026-09-15T06:08:00Z,2026-09-15T08:08:00+02:00,54,placa-vella,297,194,103,34.7
2026-09-15T06:08:00Z,2026-09-15T08:08:00+02:00,55,ajuntament-mercat,237,134,103,43.5
2026-09-15T06:09:00Z,2026-09-15T08:09:00+02:00,53,dr-robert,407,239,168,41.3
2026-09-15T06:09:00Z,2026-09-15T08:09:00+02:00,54,placa-vella,297,194,103,34.7
2026-09-15T06:09:00Z,2026-09-15T08:09:00+02:00,55,ajuntament-mercat,237,134,103,43.5
2026-09-15T06:10:00Z,2026-09-15T08:10:00+02:00,53,dr-robert,407,220,187,45.9
2026-09-15T06:10:00Z,2026-09-15T08:10:00+02:00,54,placa-vella,297,194,103,34.7
2026-09-15T06:10:00Z,2026-09-15T08:10:00+02:00,55,ajuntament-mercat,237,128,109,46
2026-09-15T06:11:00Z,2026-09-15T08:11:00+02:00,53,dr-robert,407,220,187,45.9
2026-09-15T06:11:00Z,2026-09-15T08:11:00+02:00,54,placa-vella,297,194,103,34.7
2026-09-15T06:11:00Z,2026-09-15T08:11:00+02:00,55,ajuntament-mercat,237,128,109,46
2026-09-15T06:12:00Z,2026-09-15T08:12:00+02:00,53,dr-robert,407,220,187,45.9
2026-09-15T06:12:00Z,2026-09-15T08:12:00+02:00,54,placa-vella,297,194,103,34.7
2026-09-15T06:12:00Z,2026-09-15T08:12:00+02:00,55,ajuntament-mercat,237,128,109,46
2026-09-15T06:13:00Z,2026-09-15T08:13:00+02:00,53,dr-robert,407,220,187,45.9
2026-09-15T06:13:00Z,2026-09-15T08:13:00+02:00,54,placa-vella,297,194,103,34.7
2026-09-15T06:13:00Z,2026-09-15T08:13:00+02:00,55,ajuntament-mercat,237,128,109,46
2026-09-15T06:14:00Z,2026-09-15T08:14:00+02:00,53,dr-robert,407,220,187,45.9
2026-09-15T06:14:00Z,2026-09-15T08:14:00+02:00,54,placa-vella,297,194,103,34.7
2026-09-15T06:14:00Z,2026-09-15T08:14:00+02:00,55,ajuntament-mercat,237,128,109,46
2026-09-15T06:15:00Z,2026-09-15T08:15:00+02:00,53,dr-robert,407,206,201,49.4
2026-09-15T06:15:00Z,2026-09-15T08:15:00+02:00,54,placa-vella,297,191,106,35.7
2026-09-15T06:15:00Z,2026-09-15T08:15:00+02:00,55,ajuntament-mercat,237,124,113,47.7
2026-09-15T06:16:00Z,2026-09-15T08:16:00+02:00,53,dr-robert,407,206,201,49.4
2026-09-15T06:16:00Z,2026-09-15T08:16:00+02:00,54,placa-vella,297,191,106,35.7
2026-09-15T06:16:00Z,2026-09-15T08:16:00+02:00,55,ajuntament-mercat,237,124,113,47.7
2026-09-15T06:17:00Z,2026-09-15T08:17:00+02:00,53,dr-robert,407,206,201,49.4
2026-09-15T06:17:00Z,2026-09-15T08:17:00+02:00,54,placa-vella,297,191,106,35.7
2026-09-15T06:17:00Z,2026-09-15T08:17:00+02:00,55,ajuntament-mercat,237,124,113,47.7
2026-09-15T06:18:00Z,2026-09-15T08:18:00+02:00,53,dr-robert,407,206,201,49.4
2026-09-15T06:18:00Z,2026-09-15T08:18:00+02:00,54,placa-vella,297,191,106,35.7
2026-09-15T06:18:00Z,2026-09-15T08:18:00+02:00,55,ajuntament-mercat,237,124,113,47.7
2026-09-15T06:19:00Z,2026-09-15T08:19:00+02:00,53,dr-robert,407,206,201,49.4
2026-09-15T06:19:00Z,2026-09-15T08:19:00+02:00,54,placa-vella,297,191,106,35.7
2026-09-15T06:19:00Z,2026-09-15T08:19:00+02:00,55,ajuntament-mercat,237,124,113,47.7
2026-09-15T06:20:00Z,2026-09-15T08:20:00+02:00,53,dr-robert,407,186,221,54.3
2026-09-15T06:20:00Z,2026-09-15T08:20:00+02:00,54,placa-vella,297,188,109,36.7
2026-09-15T06:20:00Z,2026-09-15T08:20:00+02:00,55,ajuntament-mercat,237,119,118,49.8
2026-09-15T06:21:00Z,2026-09-15T08:21:00+02:00,53,dr-robert,407,186,221,54.3
2026-09-15T06:21:00Z,2026-09-15T08:21:00+02:00,54,placa-vella,297,188,109,36.7
2026-09-15T06:21:00Z,2026-09-15T08:21:00+02:00,55,ajuntament-mercat,237,119,118,49.8
2026-09-15T06:22:00Z,2026-09-15T08:22:00+02:00,53,dr-robert,407,186,221,54.3
2026-09-15T06:22:00Z,2026-09-15T08:22:00+02:00,54,placa-vella,297,188,109,36.7
2026-09-15T06:22:00Z,2026-09-15T08:22:00+02:00,55,ajuntament-mercat,237,119,118,49.8
2026-09-15T06:23:00Z,2026-09-15T08:23:00+02:00,53,dr-robert,407,186,221,54.3
2026-09-15T06:23:00Z,2026-09-15T08:23:00+02:00,54,placa-vella,297,188,109,36.7
2026-09-15T06:23:00Z,2026-09-15T08:23:00+02:00,55,ajuntament-mercat,237,119,118,49.8
2026-09-15T06:24:00Z,2026-09-15T08:24:00+02:00,53,dr-robert,407,186,221,54.3
2026-09-15T06:24:00Z,2026-09-15T08:24:00+02:00,54,placa-vella,297,188,109,36.7
2026-09-15T06:24:00Z,2026-09-15T08:24:00+02:00,55,ajuntament-mercat,237,119,118,49.8
2026-09-15T06:25:00Z,2026-09-15T08:25:00+02:00,53,dr-robert,407,182,225,55.3
2026-09-15T06:25:00Z,2026-09-15T08:25:00+02:00,54,placa-vella,297,182,115,38.7
2026-09-15T06:25:00Z,2026-09-15T08:25:00+02:00,55,ajuntament-mercat,237,114,123,51.9
2026-09-15T06:26:00Z,2026-09-15T08:26:00+02:00,53,dr-robert,407,182,225,55.3
2026-09-15T06:26:00Z,2026-09-15T08:26:00+02:00,54,placa-vella,297,182,115,38.7
2026-09-15T06:26:00Z,2026-09-15T08:26:00+02:00,55,ajuntament-mercat,237,114,123,51.9
2026-09-15T06:27:00Z,2026-09-15T08:27:00+02:00,53,dr-robert,407,182,225,55.3
2026-09-15T06:27:00Z,2026-09-15T08:27:00+02:00,54,placa-vella,297,182,115,38.7
2026-09-15T06:27:00Z,2026-09-15T08:27:00+02:00,55,ajuntament-mercat,237,114,123,51.9
2026-09-15T06:28:00Z,2026-09-15T08:28:00+02:00,53,dr-robert,407,182,225,55.3
2026-09-15T06:28:00Z,2026-09-15T08:28:00+02:00,54,placa-vella,297,182,115,38.7
2026-09-15T06:28:00Z,2026-09-15T08:28:00+02:00,55,ajuntament-mercat,237,114,123,51.9
2026-09-15T06:29:00Z,2026-09-15T08:29:00+02:00,53,dr-robert,407,182,225,55.3
2026-09-15T06:29:00Z,2026-09-15T08:29:00+02:00,54,placa-vella,297,182,115,38.7
2026-09-15T06:29:00Z,2026-09-15T08:29:00+02:00,55,ajuntament-mercat,237,114,123,51.9
2026-09-15T06:30:00Z,2026-09-15T08:30:00+02:00,53,dr-robert,407,176,231,56.8
2026-09-15T06:30:00Z,2026-09-15T08:30:00+02:00,54,placa-vella,297,180,117,39.4
2026-09-15T06:30:00Z,2026-09-15T08:30:00+02:00,55,ajuntament-mercat,237,110,127,53.6
2026-09-15T06:31:00Z,2026-09-15T08:31:00+02:00,53,dr-robert,407,176,231,56.8
2026-09-15T06:31:00Z,2026-09-15T08:31:00+02:00,54,placa-vella,297,180,117,39.4
2026-09-15T06:31:00Z,2026-09-15T08:31:00+02:00,55,ajuntament-mercat,237,110,127,53.6
2026-09-15T06:32:00Z,2026-09-15T08:32:00+02:00,53,dr-robert,407,176,231,56.8
2026-09-15T06:32:00Z,2026-09-15T08:32:00+02:00,54,placa-vella,297,180,117,39.4
2026-09-15T06:32:00Z,2026-09-15T08:32:00+02:00,55,ajuntament-mercat,237,110,127,53.6
2026-09-15T06:33:00Z,2026-09-15T08:33:00+02:00,53,dr-robert,407,176,231,56.8
2026-09-15T06:33:00Z,2026-09-15T08:33:00+02:00,54,placa-vella,297,180,117,39.4
2026-09-15T06:33:00Z,2026-09-15T08:33:00+02:00,55,ajuntament-mercat,237,110,127,53.6
2026-09-15T06:34:00Z,2026-09-15T08:34:00+02:00,53,dr-robert,407,176,231,56.8
2026-09-15T06:34:00Z,2026-09-15T08:34:00+02:00,54,placa-vella,297,180,117,39.4
2026-09-15T06:34:00Z,2026-09-15T08:34:00+02:00,55,ajuntament-mercat,237,110,127,53.6
2026-09-15T06:35:00Z,2026-09-15T08:35:00+02:00,53,dr-robert,407,175,232,57
2026-09-15T06:35:00Z,2026-09-15T08:35:00+02:00,54,placa-vella,297,181,116,39.1
2026-09-15T06:35:00Z,2026-09-15T08:35:00+02:00,55,ajuntament-mercat,237,110,127,53.6
2026-09-15T06:36:00Z,2026-09-15T08:36:00+02:00,53,dr-robert,407,175,232,57
2026-09-15T06:36:00Z,2026-09-15T08:36:00+02:00,54,placa-vella,297,181,116,39.1
2026-09-15T06:36:00Z,2026-09-15T08:36:00+02:00,55,ajuntament-mercat,237,110,127,53.6
2026-09-15T06:37:00Z,2026-09-15T08:37:00+02:00,53,dr-robert,407,175,232,57
2026-09-15T06:37:00Z,2026-09-15T08:37:00+02:00,54,placa-vella,297,181,116,39.1
2026-09-15T06:37:00Z,2026-09-15T08:37:00+02:00,55,ajuntament-mercat,237,110,127,53.6
2026-09-15T06:38:00Z,2026-09-15T08:38:00+02:00,53,dr-robert,407,175,232,57
2026-09-15T06:38:00Z,2026-09-15T08:38:00+02:00,54,placa-vella,297,181,116,39.1
2026-09-15T06:38:00Z,2026-09-15T08:38:00+02:00,55,ajuntament-mercat,237,110,127,53.6
2026-09-15T06:39:00Z,2026-09-15T08:39:00+02:00,53,dr-robert,407,175,232,57
2026-09-15T06:39:00Z,2026-09-15T08:39:00+02:00,54,placa-vella,297,181,116,39.1
2026-09-15T06:39:00Z,2026-09-15T08:39:00+02:00,55,ajuntament-mercat,237,110,127,53.6
2026-09-15T06:40:00Z,2026-09-15T08:40:00+02:00,53,dr-robert,407,163,244,60
2026-09-15T06:40:00Z,2026-09-15T08:40:00+02:00,54,placa-vella,297,181,116,39.1
2026-09-15T06:40:00Z,2026-09-15T08:40:00+02:00,55,ajuntament-mercat,237,103,134,56.5
2026-09-15T06:41:00Z,2026-09-15T08:41:00+02:00,53,dr-robert,407,163,244,60
2026-09-15T06:41:00Z,2026-09-15T08:41:00+02:00,54,placa-vella,297,181,116,39.1
2026-09-15T06:41:00Z,2026-09-15T08:41:00+02:00,55,ajuntament-mercat,237,103,134,56.5
2026-09-15T06:42:00Z,2026-09-15T08:42:00+02:00,53,dr-robert,407,163,244,60
2026-09-15T06:42:00Z,2026-09-15T08:42:00+02:00,54,placa-vella,297,181,116,39.1
2026-09-15T06:42:00Z,2026-09-15T08:42:00+02:00,55,ajuntament-mercat,237,103,134,56.5
2026-09-15T06:43:00Z,2026-09-15T08:43:00+02:00,53,dr-robert,407,163,244,60
2026-09-15T06:43:00Z,2026-09-15T08:43:00+02:00,54,placa-vella,297,181,116,39.1
2026-09-15T06:43:00Z,2026-09-15T08:43:00+02:00,55,ajuntament-mercat,237,103,134,56.5
2026-09-15T06:44:00Z,2026-09-15T08:44:00+02:00,53,dr-robert,407,163,244,60
2026-09-15T06:44:00Z,2026-09-15T08:44:00+02:00,54,placa-vella,297,181,116,39.1
2026-09-15T06:44:00Z,2026-09-15T08:44:00+02:00,55,ajuntament-mercat,237,103,134,56.5
2026-09-15T06:45:00Z,2026-09-15T08:45:00+02:00,53,dr-robert,407,152,255,62.7
2026-09-15T06:45:00Z,2026-09-15T08:45:00+02:00,54,placa-vella,297,175,122,41.1
2026-09-15T06:45:00Z,2026-09-15T08:45:00+02:00,55,ajuntament-mercat,237,98,139,58.6
2026-09-15T06:46:00Z,2026-09-15T08:46:00+02:00,53,dr-robert,407,152,255,62.7
2026-09-15T06:46:00Z,2026-09-15T08:46:00+02:00,54,placa-vella,297,175,122,41.1
2026-09-15T06:46:00Z,2026-09-15T08:46:00+02:00,55,ajuntament-mercat,237,98,139,58.6
2026-09-15T06:47:00Z,2026-09-15T08:47:00+02:00,53,dr-robert,407,152,255,62.7
2026-09-15T06:47:00Z,2026-09-15T08:47:00+02:00,54,placa-vella,297,175,122,41.1
2026-09-15T06:47:00Z,2026-09-15T08:47:00+02:00,55,ajuntament-mercat,237,98,139,58.6
2026-09-15T06:48:00Z,2026-09-15T08:48:00+02:00,53,dr-robert,407,152,255,62.7
2026-09-15T06:48:00Z,2026-09-15T08:48:00+02:00,54,placa-vella,297,175,122,41.1
2026-09-15T06:48:00Z,2026-09-15T08:48:00+02:00,55,ajuntament-mercat,237,98,139,58.6
2026-09-15T06:49:00Z,2026-09-15T08:49:00+02:00,53,dr-robert,407,152,255,62.7
2026-09-15T06:49:00Z,2026-09-15T08:49:00+02:00,54,placa-vella,297,175,122,41.1
2026-09-15T06:49:00Z,2026-09-15T08:49:00+02:00,55,ajuntament-mercat,237,98,139,58.6
2026-09-15T06:50:00Z,2026-09-15T08:50:00+02:00,53,dr-robert,407,140,267,65.6
2026-09-15T06:50:00Z,2026-09-15T08:50:00+02:00,54,placa-vella,297,174,123,41.4
2026-09-15T06:50:00Z,2026-09-15T08:50:00+02:00,55,ajuntament-mercat,237,93,144,60.8
2026-09-15T06:51:00Z,2026-09-15T08:51:00+02:00,53,dr-robert,407,140,267,65.6
2026-09-15T06:51:00Z,2026-09-15T08:51:00+02:00,54,placa-vella,297,174,123,41.4
2026-09-15T06:51:00Z,2026-09-15T08:51:00+02:00,55,ajuntament-mercat,237,93,144,60.8
2026-09-15T06:52:00Z,2026-09-15T08:52:00+02:00,53,dr-robert,407,140,267,65.6
2026-09-15T06:52:00Z,2026-09-15T08:52:00+02:00,54,placa-vella,297,174,123,41.4
2026-09-15T06:52:00Z,2026-09-15T08:52:00+02:00,55,ajuntament-mercat,237,93,144,60.8
2026-09-15T06:53:00Z,2026-09-15T08:53:00+02:00,53,dr-robert,407,140,267,65.6
2026-09-15T06:53:00Z,2026-09-15T08:53:00+02:00,54,placa-vella,297,174,123,41.4
2026-09-15T06:53:00Z,2026-09-15T08:53:00+02:00,55,ajuntament-mercat,237,93,144,60.8
2026-09-15T06:54:00Z,2026-09-15T08:54:00+02:00,53,dr-robert,407,140,267,65.6
2026-09-15T06:54:00Z,2026-09-15T08:54:00+02:00,54,placa-vella,297,174,123,41.4
2026-09-15T06:54:00Z,2026-09-15T08:54:00+02:00,55,ajuntament-mercat,237,93,144,60.8
2026-09-15T06:55:00Z,2026-09-15T08:55:00+02:00,53,dr-robert,407,137,270,66.3
2026-09-15T06:55:00Z,2026-09-15T08:55:00+02:00,54,placa-vella,297,170,127,42.8
2026-09-15T06:55:00Z,2026-09-15T08:55:00+02:00,55,ajuntament-mercat,237,91,146,61.6
2026-09-15T06:56:00Z,2026-09-15T08:56:00+02:00,53,dr-robert,407,137,270,66.3
2026-09-15T06:56:00Z,2026-09-15T08:56:00+02:00,54,placa-vella,297,170,127,42.8
2026-09-15T06:56:00Z,2026-09-15T08:56:00+02:00,55,ajuntament-mercat,237,91,146,61.6
2026-09-15T06:57:00Z,2026-09-15T08:57:00+02:00,53,dr-robert,407,137,270,66.3
2026-09-15T06:57:00Z,2026-09-15T08:57:00+02:00,54,placa-vella,297,170,127,42.8
2026-09-15T06:57:00Z,2026-09-15T08:57:00+02:00,55,ajuntament-mercat,237,91,146,61.6
2026-09-15T06:58:00Z,2026-09-15T08:58:00+02:00,53,dr-robert,407,137,270,66.3
2026-09-15T06:58:00Z,2026-09-15T08:58:00+02:00,54,placa-vella,297,170,127,42.8
2026-09-15T06:58:00Z,2026-09-15T08:58:00+02:00,55,ajuntament-mercat,237,91,146,61.6
2026-09-15T06:59:00Z,2026-09-15T08:59:00+02:00,53,dr-robert,407,137,270,66.3
2026-09-15T06:59:00Z,2026-09-15T08:59:00+02:00,54,placa-vella,297,170,127,42.8
2026-09-15T06:59:00Z,2026-09-15T08:59:00+02:00,55,ajuntament-mercat,237,91,146,61.6
2026-09-15T07:00:00Z,2026-09-15T09:00:00+02:00,53,dr-robert,407,137,270,66.3
2026-09-15T07:00:00Z,2026-09-15T09:00:00+02:00,54,placa-vella,297,170,127,42.8
2026-09-15T07:00:00Z,2026-09-15T09:00:00+02:00,55,ajuntament-mercat,237,91,146,61.6
2026-09-15T07:01:00Z,2026-09-15T09:01:00+02:00,53,dr-robert,407,137,270,66.3
2026-09-15T07:01:00Z,2026-09-15T09:01:00+02:00,54,placa-vella,297,170,127,42.8
2026-09-15T07:01:00Z,2026-09-15T09:01:00+02:00,55,ajuntament-mercat,237,91,146,61.6
2026-09-15T07:02:00Z,2026-09-15T09:02:00+02:00,53,dr-robert,407,139,268,65.8
2026-09-15T07:02:00Z,2026-09-15T09:02:00+02:00,54,placa-vella,297,162,135,45.5
2026-09-15T07:02:00Z,2026-09-15T09:02:00+02:00,55,ajuntament-mercat,237,84,153,64.6
2026-09-15T07:03:00Z,2026-09-15T09:03:00+02:00,53,dr-robert,407,139,268,65.8
2026-09-15T07:03:00Z,2026-09-15T09:03:00+02:00,54,placa-vella,297,162,135,45.5
2026-09-15T07:03:00Z,2026-09-15T09:03:00+02:00,55,ajuntament-mercat,237,84,153,64.6
2026-09-15T07:04:00Z,2026-09-15T09:04:00+02:00,53,dr-robert,407,139,268,65.8
2026-09-15T07:04:00Z,2026-09-15T09:04:00+02:00,54,placa-vella,297,162,135,45.5
2026-09-15T07:04:00Z,2026-09-15T09:04:00+02:00,55,ajuntament-mercat,237,84,153,64.6
2026-09-15T07:05:00Z,2026-09-15T09:05:00+02:00,53,dr-robert,407,137,270,66.3
2026-09-15T07:05:00Z,2026-09-15T09:05:00+02:00,54,placa-vella,297,157,140,47.1
2026-09-15T07:05:00Z,2026-09-15T09:05:00+02:00,55,ajuntament-mercat,237,82,155,65.4
2026-09-15T07:06:00Z,2026-09-15T09:06:00+02:00,53,dr-robert,407,137,270,66.3
2026-09-15T07:06:00Z,2026-09-15T09:06:00+02:00,54,placa-vella,297,157,140,47.1
2026-09-15T07:06:00Z,2026-09-15T09:06:00+02:00,55,ajuntament-mercat,237,82,155,65.4
2026-09-15T07:07:00Z,2026-09-15T09:07:00+02:00,53,dr-robert,407,137,270,66.3
2026-09-15T07:07:00Z,2026-09-15T09:07:00+02:00,54,placa-vella,297,157,140,47.1
2026-09-15T07:07:00Z,2026-09-15T09:07:00+02:00,55,ajuntament-mercat,237,82,155,65.4
2026-09-15T07:08:00Z,2026-09-15T09:08:00+02:00,53,dr-robert,407,137,270,66.3
2026-09-15T07:08:00Z,2026-09-15T09:08:00+02:00,54,placa-vella,297,157,140,47.1
2026-09-15T07:08:00Z,2026-09-15T09:08:00+02:00,55,ajuntament-mercat,237,82,155,65.4
2026-09-15T07:09:00Z,2026-09-15T09:09:00+02:00,53,dr-robert,407,137,270,66.3
2026-09-15T07:09:00Z,2026-09-15T09:09:00+02:00,54,placa-vella,297,157,140,47.1
2026-09-15T07:09:00Z,2026-09-15T09:09:00+02:00,55,ajuntament-mercat,237,82,155,65.4
2026-09-15T07:10:00Z,2026-09-15T09:10:00+02:00,53,dr-robert,407,138,269,66.1
2026-09-15T07:10:00Z,2026-09-15T09:10:00+02:00,54,placa-vella,297,155,142,47.8
2026-09-15T07:10:00Z,2026-09-15T09:10:00+02:00,55,ajuntament-mercat,237,80,157,66.2
2026-09-15T07:11:00Z,2026-09-15T09:11:00+02:00,53,dr-robert,407,138,269,66.1
2026-09-15T07:11:00Z,2026-09-15T09:11:00+02:00,54,placa-vella,297,155,142,47.8
2026-09-15T07:11:00Z,2026-09-15T09:11:00+02:00,55,ajuntament-mercat,237,80,157,66.2
2026-09-15T07:12:00Z,2026-09-15T09:12:00+02:00,53,dr-robert,407,138,269,66.1
2026-09-15T07:12:00Z,2026-09-15T09:12:00+02:00,54,placa-vella,297,155,142,47.8
2026-09-15T07:12:00Z,2026-09-15T09:12:00+02:00,55,ajuntament-mercat,237,80,157,66.2
2026-09-15T07:13:00Z,2026-09-15T09:13:00+02:00,53,dr-robert,407,138,269,66.1
2026-09-15T07:13:00Z,2026-09-15T09:13:00+02:00,54,placa-vella,297,155,142,47.8
2026-09-15T07:13:00Z,2026-09-15T09:13:00+02:00,55,ajuntament-mercat,237,80,157,66.2
2026-09-15T07:14:00Z,2026-09-15T09:14:00+02:00,53,dr-robert,407,138,269,66.1
2026-09-15T07:14:00Z,2026-09-15T09:14:00+02:00,54,placa-vella,297,155,142,47.8
2026-09-15T07:14:00Z,2026-09-15T09:14:00+02:00,55,ajuntament-mercat,237,80,157,66.2
2026-09-15T07:15:00Z,2026-09-15T09:15:00+02:00,53,dr-robert,407,135,272,66.8
2026-09-15T07:15:00Z,2026-09-15T09:15:00+02:00,54,placa-vella,297,152,145,48.8
2026-09-15T07:15:00Z,2026-09-15T09:15:00+02:00,55,ajuntament-mercat,237,80,157,66.2
2026-09-15T07:16:00Z,2026-09-15T09:16:00+02:00,53,dr-robert,407,135,272,66.8
2026-09-15T07:16:00Z,2026-09-15T09:16:00+02:00,54,placa-vella,297,152,145,48.8
2026-09-15T07:16:00Z,2026-09-15T09:16:00+02:00,55,ajuntament-mercat,237,80,157,66.2
2026-09-15T07:17:00Z,2026-09-15T09:17:00+02:00,53,dr-robert,407,135,272,66.8
2026-09-15T07:17:00Z,2026-09-15T09:17:00+02:00,54,placa-vella,297,152,145,48.8
2026-09-15T07:17:00Z,2026-09-15T09:17:00+02:00,55,ajuntament-mercat,237,80,157,66.2
2026-09-15T07:18:00Z,2026-09-15T09:18:00+02:00,53,dr-robert,407,135,272,66.8
2026-09-15T07:18:00Z,2026-09-15T09:18:00+02:00,54,placa-vella,297,152,145,48.8
2026-09-15T07:18:00Z,2026-09-15T09:18:00+02:00,55,ajuntament-mercat,237,80,157,66.2
2026-09-15T07:19:00Z,2026-09-15T09:19:00+02:00,53,dr-robert,407,135,272,66.8
2026-09-15T07:19:00Z,2026-09-15T09:19:00+02:00,54,placa-vella,297,152,145,48.8
2026-09-15T07:19:00Z,2026-09-15T09:19:00+02:00,55,ajuntament-mercat,237,80,157,66.2
2026-09-15T07:20:00Z,2026-09-15T09:20:00+02:00,53,dr-robert,407,135,272,66.8
2026-09-15T07:20:00Z,2026-09-15T09:20:00+02:00,54,placa-vella,297,152,145,48.8
2026-09-15T07:20:00Z,2026-09-15T09:20:00+02:00,55,ajuntament-mercat,237,80,157,66.2
2026-09-15T07:21:00Z,2026-09-15T09:21:00+02:00,53,dr-robert,407,134,273,67.1
2026-09-15T07:21:00Z,2026-09-15T09:21:00+02:00,54,placa-vella,297,143,154,51.9
2026-09-15T07:21:00Z,2026-09-15T09:21:00+02:00,55,ajuntament-mercat,237,72,165,69.6
2026-09-15T07:22:00Z,2026-09-15T09:22:00+02:00,53,dr-robert,407,134,273,67.1
2026-09-15T07:22:00Z,2026-09-15T09:22:00+02:00,54,placa-vella,297,143,154,51.9
2026-09-15T07:22:00Z,2026-09-15T09:22:00+02:00,55,ajuntament-mercat,237,72,165,69.6
2026-09-15T07:23:00Z,2026-09-15T09:23:00+02:00,53,dr-robert,407,134,273,67.1
2026-09-15T07:23:00Z,2026-09-15T09:23:00+02:00,54,placa-vella,297,143,154,51.9
2026-09-15T07:23:00Z,2026-09-15T09:23:00+02:00,55,ajuntament-mercat,237,72,165,69.6
2026-09-15T07:24:00Z,2026-09-15T09:24:00+02:00,53,dr-robert,407,134,273,67.1
2026-09-15T07:24:00Z,2026-09-15T09:24:00+02:00,54,placa-vella,297,143,154,51.9
2026-09-15T07:24:00Z,2026-09-15T09:24:00+02:00,55,ajuntament-mercat,237,72,165,69.6
2026-09-15T07:25:00Z,2026-09-15T09:25:00+02:00,53,dr-robert,407,134,273,67.1
2026-09-15T07:25:00Z,2026-09-15T09:25:00+02:00,54,placa-vella,297,143,154,51.9
2026-09-15T07:25:00Z,2026-09-15T09:25:00+02:00,55,ajuntament-mercat,237,72,165,69.6
2026-09-15T07:26:00Z,2026-09-15T09:26:00+02:00,53,dr-robert,407,121,286,70.3
2026-09-15T07:26:00Z,2026-09-15T09:26:00+02:00,54,placa-vella,297,142,155,52.2
2026-09-15T07:26:00Z,2026-09-15T09:26:00+02:00,55,ajuntament-mercat,237,70,167,70.5
2026-09-15T07:27:00Z,2026-09-15T09:27:00+02:00,53,dr-robert,407,121,286,70.3
2026-09-15T07:27:00Z,2026-09-15T09:27:00+02:00,54,placa-vella,297,142,155,52.2
2026-09-15T07:27:00Z,2026-09-15T09:27:00+02:00,55,ajuntament-mercat,237,70,167,70.5
2026-09-15T07:28:00Z,2026-09-15T09:28:00+02:00,53,dr-robert,407,121,286,70.3
2026-09-15T07:28:00Z,2026-09-15T09:28:00+02:00,54,placa-vella,297,142,155,52.2
2026-09-15T07:28:00Z,2026-09-15T09:28:00+02:00,55,ajuntament-mercat,237,70,167,70.5
2026-09-15T07:29:00Z,2026-09-15T09:29:00+02:00,53,dr-robert,407,121,286,70.3
2026-09-15T07:29:00Z,2026-09-15T09:29:00+02:00,54,placa-vella,297,142,155,52.2
2026-09-15T07:29:00Z,2026-09-15T09:29:00+02:00,55,ajuntament-mercat,237,70,167,70.5
2026-09-15T07:30:00Z,2026-09-15T09:30:00+02:00,53,dr-robert,407,121,286,70.3
2026-09-15T07:30:00Z,2026-09-15T09:30:00+02:00,54,placa-vella,297,142,155,52.2
2026-09-15T07:30:00Z,2026-09-15T09:30:00+02:00,55,ajuntament-mercat,237,70,167,70.5
2026-09-15T07:31:00Z,2026-09-15T09:31:00+02:00,53,dr-robert,407,109,298,73.2
2026-09-15T07:31:00Z,2026-09-15T09:31:00+02:00,54,placa-vella,297,137,160,53.9
2026-09-15T07:31:00Z,2026-09-15T09:31:00+02:00,55,ajuntament-mercat,237,59,178,75.1
2026-09-15T07:32:00Z,2026-09-15T09:32:00+02:00,53,dr-robert,407,109,298,73.2
2026-09-15T07:32:00Z,2026-09-15T09:32:00+02:00,54,placa-vella,297,137,160,53.9
2026-09-15T07:32:00Z,2026-09-15T09:32:00+02:00,55,ajuntament-mercat,237,59,178,75.1
2026-09-15T07:33:00Z,2026-09-15T09:33:00+02:00,53,dr-robert,407,109,298,73.2
2026-09-15T07:33:00Z,2026-09-15T09:33:00+02:00,54,placa-vella,297,137,160,53.9
2026-09-15T07:33:00Z,2026-09-15T09:33:00+02:00,55,ajuntament-mercat,237,59,178,75.1
2026-09-15T07:34:00Z,2026-09-15T09:34:00+02:00,53,dr-robert,407,109,298,73.2
2026-09-15T07:34:00Z,2026-09-15T09:34:00+02:00,54,placa-vella,297,137,160,53.9
2026-09-15T07:34:00Z,2026-09-15T09:34:00+02:00,55,ajuntament-mercat,237,59,178,75.1
2026-09-15T07:35:00Z,2026-09-15T09:35:00+02:00,53,dr-robert,407,109,298,73.2
2026-09-15T07:35:00Z,2026-09-15T09:35:00+02:00,54,placa-vella,297,137,160,53.9
2026-09-15T07:35:00Z,2026-09-15T09:35:00+02:00,55,ajuntament-mercat,237,59,178,75.1
2026-09-15T07:36:00Z,2026-09-15T09:36:00+02:00,53,dr-robert,407,108,299,73.5
2026-09-15T07:36:00Z,2026-09-15T09:36:00+02:00,54,placa-vella,297,133,164,55.2
2026-09-15T07:36:00Z,2026-09-15T09:36:00+02:00,55,ajuntament-mercat,237,56,181,76.4
2026-09-15T07:37:00Z,2026-09-15T09:37:00+02:00,53,dr-robert,407,108,299,73.5
2026-09-15T07:37:00Z,2026-09-15T09:37:00+02:00,54,placa-vella,297,133,164,55.2
2026-09-15T07:37:00Z,2026-09-15T09:37:00+02:00,55,ajuntament-mercat,237,56,181,76.4
2026-09-15T07:38:00Z,2026-09-15T09:38:00+02:00,53,dr-robert,407,108,299,73.5
2026-09-15T07:38:00Z,2026-09-15T09:38:00+02:00,54,placa-vella,297,133,164,55.2
2026-09-15T07:38:00Z,2026-09-15T09:38:00+02:00,55,ajuntament-mercat,237,56,181,76.4
2026-09-15T07:39:00Z,2026-09-15T09:39:00+02:00,53,dr-robert,407,108,299,73.5
2026-09-15T07:39:00Z,2026-09-15T09:39:00+02:00,54,placa-vella,297,133,164,55.2
2026-09-15T07:39:00Z,2026-09-15T09:39:00+02:00,55,ajuntament-mercat,237,56,181,76.4
2026-09-15T07:40:00Z,2026-09-15T09:40:00+02:00,53,dr-robert,407,103,304,74.7
2026-09-15T07:40:00Z,2026-09-15T09:40:00+02:00,54,placa-vella,297,128,169,56.9
2026-09-15T07:40:00Z,2026-09-15T09:40:00+02:00,55,ajuntament-mercat,237,55,182,76.8
2026-09-15T07:41:00Z,2026-09-15T09:41:00+02:00,53,dr-robert,407,103,304,74.7
2026-09-15T07:41:00Z,2026-09-15T09:41:00+02:00,54,placa-vella,297,128,169,56.9
2026-09-15T07:41:00Z,2026-09-15T09:41:00+02:00,55,ajuntament-mercat,237,55,182,76.8
2026-09-15T07:42:00Z,2026-09-15T09:42:00+02:00,53,dr-robert,407,103,304,74.7
2026-09-15T07:42:00Z,2026-09-15T09:42:00+02:00,54,placa-vella,297,128,169,56.9
2026-09-15T07:42:00Z,2026-09-15T09:42:00+02:00,55,ajuntament-mercat,237,55,182,76.8
2026-09-15T07:43:00Z,2026-09-15T09:43:00+02:00,53,dr-robert,407,103,304,74.7
2026-09-15T07:43:00Z,2026-09-15T09:43:00+02:00,54,placa-vella,297,128,169,56.9
2026-09-15T07:43:00Z,2026-09-15T09:43:00+02:00,55,ajuntament-mercat,237,55,182,76.8
2026-09-15T07:44:00Z,2026-09-15T09:44:00+02:00,53,dr-robert,407,103,304,74.7
2026-09-15T07:44:00Z,2026-09-15T09:44:00+02:00,54,placa-vella,297,128,169,56.9
2026-09-15T07:44:00Z,2026-09-15T09:44:00+02:00,55,ajuntament-mercat,237,55,182,76.8
2026-09-15T07:48:00Z,2026-09-15T09:48:00+02:00,53,dr-robert,407,103,304,74.7
2026-09-15T07:48:00Z,2026-09-15T09:48:00+02:00,54,placa-vella,297,128,169,56.9
2026-09-15T07:48:00Z,2026-09-15T09:48:00+02:00,55,ajuntament-mercat,237,55,182,76.8
2026-09-15T07:49:00Z,2026-09-15T09:49:00+02:00,53,dr-robert,407,103,304,74.7
2026-09-15T07:49:00Z,2026-09-15T09:49:00+02:00,54,placa-vella,297,128,169,56.9
2026-09-15T07:49:00Z,2026-09-15T09:49:00+02:00,55,ajuntament-mercat,237,55,182,76.8
2026-09-15T07:50:00Z,2026-09-15T09:50:00+02:00,53,dr-robert,407,91,316,77.6
2026-09-15T07:50:00Z,2026-09-15T09:50:00+02:00,54,placa-vella,297,119,178,59.9
2026-09-15T07:50:00Z,2026-09-15T09:50:00+02:00,55,ajuntament-mercat,237,53,184,77.6
2026-09-15T07:51:00Z,2026-09-15T09:51:00+02:00,53,dr-robert,407,91,316,77.6
2026-09-15T07:51:00Z,2026-09-15T09:51:00+02:00,54,placa-vella,297,119,178,59.9
2026-09-15T07:51:00Z,2026-09-15T09:51:00+02:00,55,ajuntament-mercat,237,53,184,77.6
2026-09-15T07:52:00Z,2026-09-15T09:52:00+02:00,53,dr-robert,407,91,316,77.6
2026-09-15T07:52:00Z,2026-09-15T09:52:00+02:00,54,placa-vella,297,119,178,59.9
2026-09-15T07:52:00Z,2026-09-15T09:52:00+02:00,55,ajuntament-mercat,237,53,184,77.6
2026-09-15T07:53:00Z,2026-09-15T09:53:00+02:00,53,dr-robert,407,91,316,77.6
2026-09-15T07:53:00Z,2026-09-15T09:53:00+02:00,54,placa-vella,297,119,178,59.9
2026-09-15T07:53:00Z,2026-09-15T09:53:00+02:00,55,ajuntament-mercat,237,53,184,77.6
2026-09-15T07:54:00Z,2026-09-15T09:54:00+02:00,53,dr-robert,407,91,316,77.6
2026-09-15T07:54:00Z,2026-09-15T09:54:00+02:00,54,placa-vella,297,119,178,59.9
2026-09-15T07:54:00Z,2026-09-15T09:54:00+02:00,55,ajuntament-mercat,237,53,184,77.6
2026-09-15T07:55:00Z,2026-09-15T09:55:00+02:00,53,dr-robert,407,89,318,78.1
2026-09-15T07:55:00Z,2026-09-15T09:55:00+02:00,54,placa-vella,297,116,181,60.9
2026-09-15T07:55:00Z,2026-09-15T09:55:00+02:00,55,ajuntament-mercat,237,52,185,78.1
2026-09-15T07:56:00Z,2026-09-15T09:56:00+02:00,53,dr-robert,407,89,318,78.1
2026-09-15T07:56:00Z,2026-09-15T09:56:00+02:00,54,placa-vella,297,116,181,60.9
2026-09-15T07:56:00Z,2026-09-15T09:56:00+02:00,55,ajuntament-mercat,237,52,185,78.1
2026-09-15T07:57:00Z,2026-09-15T09:57:00+02:00,53,dr-robert,407,89,318,78.1
2026-09-15T07:57:00Z,2026-09-15T09:57:00+02:00,54,placa-vella,297,116,181,60.9
2026-09-15T07:57:00Z,2026-09-15T09:57:00+02:00,55,ajuntament-mercat,237,52,185,78.1
2026-09-15T07:58:00Z,2026-09-15T09:58:00+02:00,53,dr-robert,407,89,318,78.1
2026-09-15T07:58:00Z,2026-09-15T09:58:00+02:00,54,placa-vella,297,116,181,60.9
2026-09-15T07:58:00Z,2026-09-15T09:58:00+02:00,55,ajuntament-mercat,237,52,185,78.1
2026-09-15T07:59:00Z,2026-09-15T09:59:00+02:00,53,dr-robert,407,89,318,78.1
2026-09-15T07:59:00Z,2026-09-15T09:59:00+02:00,54,placa-vella,297,116,181,60.9
2026-09-15T07:59:00Z,2026-09-15T09:59:00+02:00,55,ajuntament-mercat,237,52,185,78.1
2026-09-15T08:00:00Z,2026-09-15T10:00:00+02:00,53,dr-robert,407,87,320,78.6
2026-09-15T08:00:00Z,2026-09-15T10:00:00+02:00,54,placa-vella,297,111,186,62.6
2026-09-15T08:00:00Z,2026-09-15T10:00:00+02:00,55,ajuntament-mercat,237,50,187,78.9
2026-09-15T08:01:00Z,2026-09-15T10:01:00+02:00,53,dr-robert,407,87,320,78.6
2026-09-15T08:01:00Z,2026-09-15T10:01:00+02:00,54,placa-vella,297,111,186,62.6
2026-09-15T08:01:00Z,2026-09-15T10:01:00+02:00,55,ajuntament-mercat,237,50,187,78.9
2026-09-15T08:02:00Z,2026-09-15T10:02:00+02:00,53,dr-robert,407,87,320,78.6
2026-09-15T08:02:00Z,2026-09-15T10:02:00+02:00,54,placa-vella,297,111,186,62.6
2026-09-15T08:02:00Z,2026-09-15T10:02:00+02:00,55,ajuntament-mercat,237,50,187,78.9
2026-09-15T08:03:00Z,2026-09-15T10:03:00+02:00,53,dr-robert,407,87,320,78.6
2026-09-15T08:03:00Z,2026-09-15T10:03:00+02:00,54,placa-vella,297,111,186,62.6
2026-09-15T08:03:00Z,2026-09-15T10:03:00+02:00,55,ajuntament-mercat,237,50,187,78.9
2026-09-15T08:04:00Z,2026-09-15T10:04:00+02:00,53,dr-robert,407,87,320,78.6
2026-09-15T08:04:00Z,2026-09-15T10:04:00+02:00,54,placa-vella,297,111,186,62.6
2026-09-15T08:04:00Z,2026-09-15T10:04:00+02:00,55,ajuntament-mercat,237,50,187,78.9
2026-09-15T08:05:00Z,2026-09-15T10:05:00+02:00,53,dr-robert,407,78,329,80.8
2026-09-15T08:05:00Z,2026-09-15T10:05:00+02:00,54,placa-vella,297,105,192,64.6
2026-09-15T08:05:00Z,2026-09-15T10:05:00+02:00,55,ajuntament-mercat,237,48,189,79.7
2026-09-15T08:06:00Z,2026-09-15T10:06:00+02:00,53,dr-robert,407,78,329,80.8
2026-09-15T08:06:00Z,2026-09-15T10:06:00+02:00,54,placa-vella,297,105,192,64.6
2026-09-15T08:06:00Z,2026-09-15T10:06:00+02:00,55,ajuntament-mercat,237,48,189,79.7
2026-09-15T08:07:00Z,2026-09-15T10:07:00+02:00,53,dr-robert,407,78,329,80.8
2026-09-15T08:07:00Z,2026-09-15T10:07:00+02:00,54,placa-vella,297,105,192,64.6
2026-09-15T08:07:00Z,2026-09-15T10:07:00+02:00,55,ajuntament-mercat,237,48,189,79.7
2026-09-15T08:08:00Z,2026-09-15T10:08:00+02:00,53,dr-robert,407,78,329,80.8
2026-09-15T08:08:00Z,2026-09-15T10:08:00+02:00,54,placa-vella,297,105,192,64.6
2026-09-15T08:08:00Z,2026-09-15T10:08:00+02:00,55,ajuntament-mercat,237,48,189,79.7
2026-09-15T08:09:00Z,2026-09-15T10:09:00+02:00,53,dr-robert,407,78,329,80.8
2026-09-15T08:09:00Z,2026-09-15T10:09:00+02:00,54,placa-vella,297,105,192,64.6
2026-09-15T08:09:00Z,2026-09-15T10:09:00+02:00,55,ajuntament-mercat,237,48,189,79.7
2026-09-15T08:10:00Z,2026-09-15T10:10:00+02:00,53,dr-robert,407,79,328,80.6
2026-09-15T08:10:00Z,2026-09-15T10:10:00+02:00,54,placa-vella,297,103,194,65.3
2026-09-15T08:10:00Z,2026-09-15T10:10:00+02:00,55,ajuntament-mercat,237,46,191,80.6
2026-09-15T08:11:00Z,2026-09-15T10:11:00+02:00,53,dr-robert,407,79,328,80.6
2026-09-15T08:11:00Z,2026-09-15T10:11:00+02:00,54,placa-vella,297,103,194,65.3
2026-09-15T08:11:00Z,2026-09-15T10:11:00+02:00,55,ajuntament-mercat,237,46,191,80.6
2026-09-15T08:12:00Z,2026-09-15T10:12:00+02:00,53,dr-robert,407,79,328,80.6
2026-09-15T08:12:00Z,2026-09-15T10:12:00+02:00,54,placa-vella,297,103,194,65.3
2026-09-15T08:12:00Z,2026-09-15T10:12:00+02:00,55,ajuntament-mercat,237,46,191,80.6
2026-09-15T08:13:00Z,2026-09-15T10:13:00+02:00,53,dr-robert,407,79,328,80.6
2026-09-15T08:13:00Z,2026-09-15T10:13:00+02:00,54,placa-vella,297,103,194,65.3
2026-09-15T08:13:00Z,2026-09-15T10:13:00+02:00,55,ajuntament-mercat,237,46,191,80.6
2026-09-15T08:14:00Z,2026-09-15T10:14:00+02:00,53,dr-robert,407,79,328,80.6
2026-09-15T08:14:00Z,2026-09-15T10:14:00+02:00,54,placa-vella,297,103,194,65.3
2026-09-15T08:14:00Z,2026-09-15T10:14:00+02:00,55,ajuntament-mercat,237,46,191,80.6
2026-09-15T08:15:00Z,2026-09-15T10:15:00+02:00,53,dr-robert,407,76,331,81.3
2026-09-15T08:15:00Z,2026-09-15T10:15:00+02:00,54,placa-vella,297,93,204,68.7
2026-09-15T08:15:00Z,2026-09-15T10:15:00+02:00,55,ajuntament-mercat,237,44,193,81.4
2026-09-15T08:16:00Z,2026-09-15T10:16:00+02:00,53,dr-robert,407,76,331,81.3
2026-09-15T08:16:00Z,2026-09-15T10:16:00+02:00,54,placa-vella,297,93,204,68.7
2026-09-15T08:16:00Z,2026-09-15T10:16:00+02:00,55,ajuntament-mercat,237,44,193,81.4
2026-09-15T08:17:00Z,2026-09-15T10:17:00+02:00,53,dr-robert,407,76,331,81.3
2026-09-15T08:17:00Z,2026-09-15T10:17:00+02:00,54,placa-vella,297,93,204,68.7
2026-09-15T08:17:00Z,2026-09-15T10:17:00+02:00,55,ajuntament-mercat,237,44,193,81.4
2026-09-15T08:18:00Z,2026-09-15T10:18:00+02:00,53,dr-robert,407,76,331,81.3
2026-09-15T08:18:00Z,2026-09-15T10:18:00+02:00,54,placa-vella,297,93,204,68.7
2026-09-15T08:18:00Z,2026-09-15T10:18:00+02:00,55,ajuntament-mercat,237,44,193,81.4
2026-09-15T08:19:00Z,2026-09-15T10:19:00+02:00,53,dr-robert,407,76,331,81.3
2026-09-15T08:19:00Z,2026-09-15T10:19:00+02:00,54,placa-vella,297,93,204,68.7
2026-09-15T08:19:00Z,2026-09-15T10:19:00+02:00,55,ajuntament-mercat,237,44,193,81.4
2026-09-15T08:20:00Z,2026-09-15T10:20:00+02:00,53,dr-robert,407,73,334,82.1
2026-09-15T08:20:00Z,2026-09-15T10:20:00+02:00,54,placa-vella,297,91,206,69.4
2026-09-15T08:20:00Z,2026-09-15T10:20:00+02:00,55,ajuntament-mercat,237,42,195,82.3
2026-09-15T08:21:00Z,2026-09-15T10:21:00+02:00,53,dr-robert,407,73,334,82.1
2026-09-15T08:21:00Z,2026-09-15T10:21:00+02:00,54,placa-vella,297,91,206,69.4
2026-09-15T08:21:00Z,2026-09-15T10:21:00+02:00,55,ajuntament-mercat,237,42,195,82.3
2026-09-15T08:22:00Z,2026-09-15T10:22:00+02:00,53,dr-robert,407,73,334,82.1
2026-09-15T08:22:00Z,2026-09-15T10:22:00+02:00,54,placa-vella,297,91,206,69.4
2026-09-15T08:22:00Z,2026-09-15T10:22:00+02:00,55,ajuntament-mercat,237,42,195,82.3
2026-09-15T08:23:00Z,2026-09-15T10:23:00+02:00,53,dr-robert,407,73,334,82.1
2026-09-15T08:23:00Z,2026-09-15T10:23:00+02:00,54,placa-vella,297,91,206,69.4
2026-09-15T08:23:00Z,2026-09-15T10:23:00+02:00,55,ajuntament-mercat,237,42,195,82.3
2026-09-15T08:24:00Z,2026-09-15T10:24:00+02:00,53,dr-robert,407,73,334,82.1
2026-09-15T08:24:00Z,2026-09-15T10:24:00+02:00,54,placa-vella,297,91,206,69.4
2026-09-15T08:24:00Z,2026-09-15T10:24:00+02:00,55,ajuntament-mercat,237,42,195,82.3
2026-09-15T08:25:00Z,2026-09-15T10:25:00+02:00,53,dr-robert,407,68,339,83.3
2026-09-15T08:25:00Z,2026-09-15T10:25:00+02:00,54,placa-vella,297,92,205,69
2026-09-15T08:25:00Z,2026-09-15T10:25:00+02:00,55,ajuntament-mercat,237,38,199,84
2026-09-15T08:26:00Z,2026-09-15T10:26:00+02:00,53,dr-robert,407,68,339,83.3
2026-09-15T08:26:00Z,2026-09-15T10:26:00+02:00,54,placa-vella,297,92,205,69
2026-09-15T08:26:00Z,2026-09-15T10:26:00+02:00,55,ajuntament-mercat,237,38,199,84
2026-09-15T08:27:00Z,2026-09-15T10:27:00+02:00,53,dr-robert,407,68,339,83.3
2026-09-15T08:27:00Z,2026-09-15T10:27:00+02:00,54,placa-vella,297,92,205,69
2026-09-15T08:27:00Z,2026-09-15T10:27:00+02:00,55,ajuntament-mercat,237,38,199,84
2026-09-15T08:28:00Z,2026-09-15T10:28:00+02:00,53,dr-robert,407,68,339,83.3
2026-09-15T08:28:00Z,2026-09-15T10:28:00+02:00,54,placa-vella,297,92,205,69
2026-09-15T08:28:00Z,2026-09-15T10:28:00+02:00,55,ajuntament-mercat,237,38,199,84
2026-09-15T08:29:00Z,2026-09-15T10:29:00+02:00,53,dr-robert,407,68,339,83.3
2026-09-15T08:29:00Z,2026-09-15T10:29:00+02:00,54,placa-vella,297,92,205,69
2026-09-15T08:29:00Z,2026-09-15T10:29:00+02:00,55,ajuntament-mercat,237,38,199,84
2026-09-15T08:30:00Z,2026-09-15T10:30:00+02:00,53,dr-robert,407,67,340,83.5
2026-09-15T08:30:00Z,2026-09-15T10:30:00+02:00,54,placa-vella,297,93,204,68.7
2026-09-15T08:30:00Z,2026-09-15T10:30:00+02:00,55,ajuntament-mercat,237,40,197,83.1
2026-09-15T08:31:00Z,2026-09-15T10:31:00+02:00,53,dr-robert,407,67,340,83.5
2026-09-15T08:31:00Z,2026-09-15T10:31:00+02:00,54,placa-vella,297,93,204,68.7
2026-09-15T08:31:00Z,2026-09-15T10:31:00+02:00,55,ajuntament-mercat,237,40,197,83.1
2026-09-15T08:32:00Z,2026-09-15T10:32:00+02:00,53,dr-robert,407,67,340,83.5
2026-09-15T08:32:00Z,2026-09-15T10:32:00+02:00,54,placa-vella,297,93,204,68.7
2026-09-15T08:32:00Z,2026-09-15T10:32:00+02:00,55,ajuntament-mercat,237,40,197,83.1
2026-09-15T08:33:00Z,2026-09-15T10:33:00+02:00,53,dr-robert,407,67,340,83.5
2026-09-15T08:33:00Z,2026-09-15T10:33:00+02:00,54,placa-vella,297,93,204,68.7
2026-09-15T08:33:00Z,2026-09-15T10:33:00+02:00,55,ajuntament-mercat,237,40,197,83.1
2026-09-15T08:34:00Z,2026-09-15T10:34:00+02:00,53,dr-robert,407,67,340,83.5
2026-09-15T08:34:00Z,2026-09-15T10:34:00+02:00,54,placa-vella,297,93,204,68.7
2026-09-15T08:34:00Z,2026-09-15T10:34:00+02:00,55,ajuntament-mercat,237,40,197,83.1
2026-09-15T08:35:00Z,2026-09-15T10:35:00+02:00,53,dr-robert,407,67,340,83.5
2026-09-15T08:35:00Z,2026-09-15T10:35:00+02:00,54,placa-vella,297,93,204,68.7
2026-09-15T08:35:00Z,2026-09-15T10:35:00+02:00,55,ajuntament-mercat,237,40,197,83.1
2026-09-15T08:36:00Z,2026-09-15T10:36:00+02:00,53,dr-robert,407,62,345,84.8
2026-09-15T08:36:00Z,2026-09-15T10:36:00+02:00,54,placa-vella,297,95,202,68
2026-09-15T08:36:00Z,2026-09-15T10:36:00+02:00,55,ajuntament-mercat,237,40,197,83.1
2026-09-15T08:37:00Z,2026-09-15T10:37:00+02:00,53,dr-robert,407,62,345,84.8
2026-09-15T08:37:00Z,2026-09-15T10:37:00+02:00,54,placa-vella,297,95,202,68
2026-09-15T08:37:00Z,2026-09-15T10:37:00+02:00,55,ajuntament-mercat,237,40,197,83.1
2026-09-15T08:38:00Z,2026-09-15T10:38:00+02:00,53,dr-robert,407,62,345,84.8
2026-09-15T08:38:00Z,2026-09-15T10:38:00+02:00,54,placa-vella,297,95,202,68
2026-09-15T08:38:00Z,2026-09-15T10:38:00+02:00,55,ajuntament-mercat,237,40,197,83.1
2026-09-15T08:39:00Z,2026-09-15T10:39:00+02:00,53,dr-robert,407,62,345,84.8
2026-09-15T08:39:00Z,2026-09-15T10:39:00+02:00,54,placa-vella,297,95,202,68
2026-09-15T08:39:00Z,2026-09-15T10:39:00+02:00,55,ajuntament-mercat,237,40,197,83.1
2026-09-15T08:40:00Z,2026-09-15T10:40:00+02:00,53,dr-robert,407,66,341,83.8
2026-09-15T08:40:00Z,2026-09-15T10:40:00+02:00,54,placa-vella,297,94,203,68.4
2026-09-15T08:40:00Z,2026-09-15T10:40:00+02:00,55,ajuntament-mercat,237,39,198,83.5
2026-09-15T08:41:00Z,2026-09-15T10:41:00+02:00,53,dr-robert,407,66,341,83.8
2026-09-15T08:41:00Z,2026-09-15T10:41:00+02:00,54,placa-vella,297,94,203,68.4
2026-09-15T08:41:00Z,2026-09-15T10:41:00+02:00,55,ajuntament-mercat,237,39,198,83.5
2026-09-15T08:42:00Z,2026-09-15T10:42:00+02:00,53,dr-robert,407,66,341,83.8
2026-09-15T08:42:00Z,2026-09-15T10:42:00+02:00,54,placa-vella,297,94,203,68.4
2026-09-15T08:42:00Z,2026-09-15T10:42:00+02:00,55,ajuntament-mercat,237,39,198,83.5
2026-09-15T08:43:00Z,2026-09-15T10:43:00+02:00,53,dr-robert,407,66,341,83.8
2026-09-15T08:43:00Z,2026-09-15T10:43:00+02:00,54,placa-vella,297,94,203,68.4
2026-09-15T08:43:00Z,2026-09-15T10:43:00+02:00,55,ajuntament-mercat,237,39,198,83.5
2026-09-15T08:44:00Z,2026-09-15T10:44:00+02:00,53,dr-robert,407,66,341,83.8
2026-09-15T08:44:00Z,2026-09-15T10:44:00+02:00,54,placa-vella,297,94,203,68.4
2026-09-15T08:44:00Z,2026-09-15T10:44:00+02:00,55,ajuntament-mercat,237,39,198,83.5
2026-09-15T08:45:00Z,2026-09-15T10:45:00+02:00,53,dr-robert,407,61,346,85
2026-09-15T08:45:00Z,2026-09-15T10:45:00+02:00,54,placa-vella,297,91,206,69.4
2026-09-15T08:45:00Z,2026-09-15T10:45:00+02:00,55,ajuntament-mercat,237,35,202,85.2
2026-09-15T08:46:00Z,2026-09-15T10:46:00+02:00,53,dr-robert,407,61,346,85
2026-09-15T08:46:00Z,2026-09-15T10:46:00+02:00,54,placa-vella,297,91,206,69.4
2026-09-15T08:46:00Z,2026-09-15T10:46:00+02:00,55,ajuntament-mercat,237,35,202,85.2
2026-09-15T08:47:00Z,2026-09-15T10:47:00+02:00,53,dr-robert,407,61,346,85
2026-09-15T08:47:00Z,2026-09-15T10:47:00+02:00,54,placa-vella,297,91,206,69.4
2026-09-15T08:47:00Z,2026-09-15T10:47:00+02:00,55,ajuntament-mercat,237,35,202,85.2
2026-09-15T08:48:00Z,2026-09-15T10:48:00+02:00,53,dr-robert,407,61,346,85
2026-09-15T08:48:00Z,2026-09-15T10:48:00+02:00,54,placa-vella,297,91,206,69.4
2026-09-15T08:48:00Z,2026-09-15T10:48:00+02:00,55,ajuntament-mercat,237,35,202,85.2
2026-09-15T08:49:00Z,2026-09-15T10:49:00+02:00,53,dr-robert,407,61,346,85
2026-09-15T08:49:00Z,2026-09-15T10:49:00+02:00,54,placa-vella,297,91,206,69.4
2026-09-15T08:49:00Z,2026-09-15T10:49:00+02:00,55,ajuntament-mercat,237,35,202,85.2
2026-09-15T08:50:00Z,2026-09-15T10:50:00+02:00,53,dr-robert,407,60,347,85.3
2026-09-15T08:50:00Z,2026-09-15T10:50:00+02:00,54,placa-vella,297,89,208,70
2026-09-15T08:50:00Z,2026-09-15T10:50:00+02:00,55,ajuntament-mercat,237,35,202,85.2
2026-09-15T08:51:00Z,2026-09-15T10:51:00+02:00,53,dr-robert,407,60,347,85.3
2026-09-15T08:51:00Z,2026-09-15T10:51:00+02:00,54,placa-vella,297,89,208,70
2026-09-15T08:51:00Z,2026-09-15T10:51:00+02:00,55,ajuntament-mercat,237,35,202,85.2
2026-09-15T08:52:00Z,2026-09-15T10:52:00+02:00,53,dr-robert,407,60,347,85.3
2026-09-15T08:52:00Z,2026-09-15T10:52:00+02:00,54,placa-vella,297,89,208,70
2026-09-15T08:52:00Z,2026-09-15T10:52:00+02:00,55,ajuntament-mercat,237,35,202,85.2
2026-09-15T08:53:00Z,2026-09-15T10:53:00+02:00,53,dr-robert,407,60,347,85.3
2026-09-15T08:53:00Z,2026-09-15T10:53:00+02:00,54,placa-vella,297,89,208,70
2026-09-15T08:53:00Z,2026-09-15T10:53:00+02:00,55,ajuntament-mercat,237,35,202,85.2
2026-09-15T08:54:00Z,2026-09-15T10:54:00+02:00,53,dr-robert,407,60,347,85.3
2026-09-15T08:54:00Z,2026-09-15T10:54:00+02:00,54,placa-vella,297,89,208,70
2026-09-15T08:54:00Z,2026-09-15T10:54:00+02:00,55,ajuntament-mercat,237,35,202,85.2
2026-09-15T08:55:00Z,2026-09-15T10:55:00+02:00,53,dr-robert,407,55,352,86.5
2026-09-15T08:55:00Z,2026-09-15T10:55:00+02:00,54,placa-vella,297,85,212,71.4
2026-09-15T08:55:00Z,2026-09-15T10:55:00+02:00,55,ajuntament-mercat,237,31,206,86.9
2026-09-15T08:56:00Z,2026-09-15T10:56:00+02:00,53,dr-robert,407,55,352,86.5
2026-09-15T08:56:00Z,2026-09-15T10:56:00+02:00,54,placa-vella,297,85,212,71.4
2026-09-15T08:56:00Z,2026-09-15T10:56:00+02:00,55,ajuntament-mercat,237,31,206,86.9
2026-09-15T08:57:00Z,2026-09-15T10:57:00+02:00,53,dr-robert,407,55,352,86.5
2026-09-15T08:57:00Z,2026-09-15T10:57:00+02:00,54,placa-vella,297,85,212,71.4
2026-09-15T08:57:00Z,2026-09-15T10:57:00+02:00,55,ajuntament-mercat,237,31,206,86.9
2026-09-15T08:58:00Z,2026-09-15T10:58:00+02:00,53,dr-robert,407,55,352,86.5
2026-09-15T08:58:00Z,2026-09-15T10:58:00+02:00,54,placa-vella,297,85,212,71.4
2026-09-15T08:58:00Z,2026-09-15T10:58:00+02:00,55,ajuntament-mercat,237,31,206,86.9
2026-09-15T08:59:00Z,2026-09-15T10:59:00+02:00,53,dr-robert,407,55,352,86.5
2026-09-15T08:59:00Z,2026-09-15T10:59:00+02:00,54,placa-vella,297,85,212,71.4
2026-09-15T08:59:00Z,2026-09-15T10:59:00+02:00,55,ajuntament-mercat,237,31,206,86.9
2026-09-15T09:00:00Z,2026-09-15T11:00:00+02:00,53,dr-robert,407,55,352,86.5
2026-09-15T09:00:00Z,2026-09-15T11:00:00+02:00,54,placa-vella,297,85,212,71.4
2026-09-15T09:00:00Z,2026-09-15T11:00:00+02:00,55,ajuntament-mercat,237,31,206,86.9
2026-09-15T09:01:00Z,2026-09-15T11:01:00+02:00,53,dr-robert,407,55,352,86.5
2026-09-15T09:01:00Z,2026-09-15T11:01:00+02:00,54,placa-vella,297,85,212,71.4
2026-09-15T09:01:00Z,2026-09-15T11:01:00+02:00,55,ajuntament-mercat,237,31,206,86.9
2026-09-15T09:02:00Z,2026-09-15T11:02:00+02:00,53,dr-robert,407,55,352,86.5
2026-09-15T09:02:00Z,2026-09-15T11:02:00+02:00,54,placa-vella,297,85,212,71.4
2026-09-15T09:02:00Z,2026-09-15T11:02:00+02:00,55,ajuntament-mercat,237,31,206,86.9
2026-09-15T09:03:00Z,2026-09-15T11:03:00+02:00,53,dr-robert,407,55,352,86.5
2026-09-15T09:03:00Z,2026-09-15T11:03:00+02:00,54,placa-vella,297,85,212,71.4
2026-09-15T09:03:00Z,2026-09-15T11:03:00+02:00,55,ajuntament-mercat,237,31,206,86.9
2026-09-15T09:04:00Z,2026-09-15T11:04:00+02:00,53,dr-robert,407,54,353,86.7
2026-09-15T09:04:00Z,2026-09-15T11:04:00+02:00,54,placa-vella,297,82,215,72.4
2026-09-15T09:04:00Z,2026-09-15T11:04:00+02:00,55,ajuntament-mercat,237,31,206,86.9
2026-09-15T09:05:00Z,2026-09-15T11:05:00+02:00,53,dr-robert,407,54,353,86.7
2026-09-15T09:05:00Z,2026-09-15T11:05:00+02:00,54,placa-vella,297,82,215,72.4
2026-09-15T09:05:00Z,2026-09-15T11:05:00+02:00,55,ajuntament-mercat,237,31,206,86.9
2026-09-15T09:06:00Z,2026-09-15T11:06:00+02:00,53,dr-robert,407,52,355,87.2
2026-09-15T09:06:00Z,2026-09-15T11:06:00+02:00,54,placa-vella,297,82,215,72.4
2026-09-15T09:06:00Z,2026-09-15T11:06:00+02:00,55,ajuntament-mercat,237,30,207,87.3
2026-09-15T09:07:00Z,2026-09-15T11:07:00+02:00,53,dr-robert,407,52,355,87.2
2026-09-15T09:07:00Z,2026-09-15T11:07:00+02:00,54,placa-vella,297,82,215,72.4
2026-09-15T09:07:00Z,2026-09-15T11:07:00+02:00,55,ajuntament-mercat,237,30,207,87.3
2026-09-15T09:08:00Z,2026-09-15T11:08:00+02:00,53,dr-robert,407,52,355,87.2
2026-09-15T09:08:00Z,2026-09-15T11:08:00+02:00,54,placa-vella,297,82,215,72.4
2026-09-15T09:08:00Z,2026-09-15T11:08:00+02:00,55,ajuntament-mercat,237,30,207,87.3
2026-09-15T09:09:00Z,2026-09-15T11:09:00+02:00,53,dr-robert,407,52,355,87.2
2026-09-15T09:09:00Z,2026-09-15T11:09:00+02:00,54,placa-vella,297,82,215,72.4
2026-09-15T09:09:00Z,2026-09-15T11:09:00+02:00,55,ajuntament-mercat,237,30,207,87.3
2026-09-15T09:10:00Z,2026-09-15T11:10:00+02:00,53,dr-robert,407,55,352,86.5
2026-09-15T09:10:00Z,2026-09-15T11:10:00+02:00,54,placa-vella,297,82,215,72.4
2026-09-15T09:10:00Z,2026-09-15T11:10:00+02:00,55,ajuntament-mercat,237,31,206,86.9
2026-09-15T09:11:00Z,2026-09-15T11:11:00+02:00,53,dr-robert,407,55,352,86.5
2026-09-15T09:11:00Z,2026-09-15T11:11:00+02:00,54,placa-vella,297,82,215,72.4
2026-09-15T09:11:00Z,2026-09-15T11:11:00+02:00,55,ajuntament-mercat,237,31,206,86.9
2026-09-15T09:12:00Z,2026-09-15T11:12:00+02:00,53,dr-robert,407,55,352,86.5
2026-09-15T09:12:00Z,2026-09-15T11:12:00+02:00,54,placa-vella,297,82,215,72.4
2026-09-15T09:12:00Z,2026-09-15T11:12:00+02:00,55,ajuntament-mercat,237,31,206,86.9
2026-09-15T09:13:00Z,2026-09-15T11:13:00+02:00,53,dr-robert,407,55,352,86.5
2026-09-15T09:13:00Z,2026-09-15T11:13:00+02:00,54,placa-vella,297,82,215,72.4
2026-09-15T09:13:00Z,2026-09-15T11:13:00+02:00,55,ajuntament-mercat,237,31,206,86.9
2026-09-15T09:14:00Z,2026-09-15T11:14:00+02:00,53,dr-robert,407,55,352,86.5
2026-09-15T09:14:00Z,2026-09-15T11:14:00+02:00,54,placa-vella,297,82,215,72.4
2026-09-15T09:14:00Z,2026-09-15T11:14:00+02:00,55,ajuntament-mercat,237,31,206,86.9
2026-09-15T09:15:00Z,2026-09-15T11:15:00+02:00,53,dr-robert,407,55,352,86.5
2026-09-15T09:15:00Z,2026-09-15T11:15:00+02:00,54,placa-vella,297,82,215,72.4
2026-09-15T09:15:00Z,2026-09-15T11:15:00+02:00,55,ajuntament-mercat,237,31,206,86.9
2026-09-15T09:16:00Z,2026-09-15T11:16:00+02:00,53,dr-robert,407,55,352,86.5
2026-09-15T09:16:00Z,2026-09-15T11:16:00+02:00,54,placa-vella,297,82,215,72.4
2026-09-15T09:16:00Z,2026-09-15T11:16:00+02:00,55,ajuntament-mercat,237,31,206,86.9
2026-09-15T09:17:00Z,2026-09-15T11:17:00+02:00,53,dr-robert,407,51,356,87.5
2026-09-15T09:17:00Z,2026-09-15T11:17:00+02:00,54,placa-vella,297,83,214,72.1
2026-09-15T09:17:00Z,2026-09-15T11:17:00+02:00,55,ajuntament-mercat,237,36,201,84.8
2026-09-15T09:18:00Z,2026-09-15T11:18:00+02:00,53,dr-robert,407,51,356,87.5
2026-09-15T09:18:00Z,2026-09-15T11:18:00+02:00,54,placa-vella,297,83,214,72.1
2026-09-15T09:18:00Z,2026-09-15T11:18:00+02:00,55,ajuntament-mercat,237,36,201,84.8
2026-09-15T09:19:00Z,2026-09-15T11:19:00+02:00,53,dr-robert,407,51,356,87.5
2026-09-15T09:19:00Z,2026-09-15T11:19:00+02:00,54,placa-vella,297,83,214,72.1
2026-09-15T09:19:00Z,2026-09-15T11:19:00+02:00,55,ajuntament-mercat,237,36,201,84.8
2026-09-15T09:20:00Z,2026-09-15T11:20:00+02:00,53,dr-robert,407,51,356,87.5
2026-09-15T09:20:00Z,2026-09-15T11:20:00+02:00,54,placa-vella,297,83,214,72.1
2026-09-15T09:20:00Z,2026-09-15T11:20:00+02:00,55,ajuntament-mercat,237,37,200,84.4
2026-09-15T09:21:00Z,2026-09-15T11:21:00+02:00,53,dr-robert,407,51,356,87.5
2026-09-15T09:21:00Z,2026-09-15T11:21:00+02:00,54,placa-vella,297,83,214,72.1
2026-09-15T09:21:00Z,2026-09-15T11:21:00+02:00,55,ajuntament-mercat,237,37,200,84.4
2026-09-15T09:22:00Z,2026-09-15T11:22:00+02:00,53,dr-robert,407,51,356,87.5
2026-09-15T09:22:00Z,2026-09-15T11:22:00+02:00,54,placa-vella,297,83,214,72.1
2026-09-15T09:22:00Z,2026-09-15T11:22:00+02:00,55,ajuntament-mercat,237,37,200,84.4
2026-09-15T09:23:00Z,2026-09-15T11:23:00+02:00,53,dr-robert,407,51,356,87.5
2026-09-15T09:23:00Z,2026-09-15T11:23:00+02:00,54,placa-vella,297,83,214,72.1
2026-09-15T09:23:00Z,2026-09-15T11:23:00+02:00,55,ajuntament-mercat,237,37,200,84.4
2026-09-15T09:24:00Z,2026-09-15T11:24:00+02:00,53,dr-robert,407,51,356,87.5
2026-09-15T09:24:00Z,2026-09-15T11:24:00+02:00,54,placa-vella,297,83,214,72.1
2026-09-15T09:24:00Z,2026-09-15T11:24:00+02:00,55,ajuntament-mercat,237,37,200,84.4
2026-09-15T09:25:00Z,2026-09-15T11:25:00+02:00,53,dr-robert,407,50,357,87.7
2026-09-15T09:25:00Z,2026-09-15T11:25:00+02:00,54,placa-vella,297,84,213,71.7
2026-09-15T09:25:00Z,2026-09-15T11:25:00+02:00,55,ajuntament-mercat,237,35,202,85.2
2026-09-15T09:26:00Z,2026-09-15T11:26:00+02:00,53,dr-robert,407,50,357,87.7
2026-09-15T09:26:00Z,2026-09-15T11:26:00+02:00,54,placa-vella,297,84,213,71.7
2026-09-15T09:26:00Z,2026-09-15T11:26:00+02:00,55,ajuntament-mercat,237,35,202,85.2
2026-09-15T09:27:00Z,2026-09-15T11:27:00+02:00,53,dr-robert,407,50,357,87.7
2026-09-15T09:27:00Z,2026-09-15T11:27:00+02:00,54,placa-vella,297,84,213,71.7
2026-09-15T09:27:00Z,2026-09-15T11:27:00+02:00,55,ajuntament-mercat,237,35,202,85.2
2026-09-15T09:28:00Z,2026-09-15T11:28:00+02:00,53,dr-robert,407,50,357,87.7
2026-09-15T09:28:00Z,2026-09-15T11:28:00+02:00,54,placa-vella,297,84,213,71.7
2026-09-15T09:28:00Z,2026-09-15T11:28:00+02:00,55,ajuntament-mercat,237,35,202,85.2
2026-09-15T09:29:00Z,2026-09-15T11:29:00+02:00,53,dr-robert,407,50,357,87.7
2026-09-15T09:29:00Z,2026-09-15T11:29:00+02:00,54,placa-vella,297,84,213,71.7
2026-09-15T09:29:00Z,2026-09-15T11:29:00+02:00,55,ajuntament-mercat,237,35,202,85.2
2026-09-15T09:30:00Z,2026-09-15T11:30:00+02:00,53,dr-robert,407,51,356,87.5
2026-09-15T09:30:00Z,2026-09-15T11:30:00+02:00,54,placa-vella,297,85,212,71.4
2026-09-15T09:30:00Z,2026-09-15T11:30:00+02:00,55,ajuntament-mercat,237,37,200,84.4
2026-09-15T09:31:00Z,2026-09-15T11:31:00+02:00,53,dr-robert,407,51,356,87.5
2026-09-15T09:31:00Z,2026-09-15T11:31:00+02:00,54,placa-vella,297,85,212,71.4
2026-09-15T09:31:00Z,2026-09-15T11:31:00+02:00,55,ajuntament-mercat,237,37,200,84.4
2026-09-15T09:32:00Z,2026-09-15T11:32:00+02:00,53,dr-robert,407,51,356,87.5
2026-09-15T09:32:00Z,2026-09-15T11:32:00+02:00,54,placa-vella,297,85,212,71.4
2026-09-15T09:32:00Z,2026-09-15T11:32:00+02:00,55,ajuntament-mercat,237,37,200,84.4
2026-09-15T09:33:00Z,2026-09-15T11:33:00+02:00,53,dr-robert,407,51,356,87.5
2026-09-15T09:33:00Z,2026-09-15T11:33:00+02:00,54,placa-vella,297,85,212,71.4
2026-09-15T09:33:00Z,2026-09-15T11:33:00+02:00,55,ajuntament-mercat,237,37,200,84.4
2026-09-15T09:34:00Z,2026-09-15T11:34:00+02:00,53,dr-robert,407,51,356,87.5
2026-09-15T09:34:00Z,2026-09-15T11:34:00+02:00,54,placa-vella,297,85,212,71.4
2026-09-15T09:34:00Z,2026-09-15T11:34:00+02:00,55,ajuntament-mercat,237,37,200,84.4
2026-09-15T09:35:00Z,2026-09-15T11:35:00+02:00,53,dr-robert,407,48,359,88.2
2026-09-15T09:35:00Z,2026-09-15T11:35:00+02:00,54,placa-vella,297,88,209,70.4
2026-09-15T09:35:00Z,2026-09-15T11:35:00+02:00,55,ajuntament-mercat,237,40,197,83.1
2026-09-15T09:36:00Z,2026-09-15T11:36:00+02:00,53,dr-robert,407,48,359,88.2
2026-09-15T09:36:00Z,2026-09-15T11:36:00+02:00,54,placa-vella,297,88,209,70.4
2026-09-15T09:36:00Z,2026-09-15T11:36:00+02:00,55,ajuntament-mercat,237,40,197,83.1
2026-09-15T09:37:00Z,2026-09-15T11:37:00+02:00,53,dr-robert,407,48,359,88.2
2026-09-15T09:37:00Z,2026-09-15T11:37:00+02:00,54,placa-vella,297,88,209,70.4
2026-09-15T09:37:00Z,2026-09-15T11:37:00+02:00,55,ajuntament-mercat,237,40,197,83.1
2026-09-15T09:38:00Z,2026-09-15T11:38:00+02:00,53,dr-robert,407,48,359,88.2
2026-09-15T09:38:00Z,2026-09-15T11:38:00+02:00,54,placa-vella,297,88,209,70.4
2026-09-15T09:38:00Z,2026-09-15T11:38:00+02:00,55,ajuntament-mercat,237,40,197,83.1
2026-09-15T09:39:00Z,2026-09-15T11:39:00+02:00,53,dr-robert,407,48,359,88.2
2026-09-15T09:39:00Z,2026-09-15T11:39:00+02:00,54,placa-vella,297,88,209,70.4
2026-09-15T09:39:00Z,2026-09-15T11:39:00+02:00,55,ajuntament-mercat,237,40,197,83.1
2026-09-15T09:40:00Z,2026-09-15T11:40:00+02:00,53,dr-robert,407,55,352,86.5
2026-09-15T09:40:00Z,2026-09-15T11:40:00+02:00,54,placa-vella,297,87,210,70.7
2026-09-15T09:40:00Z,2026-09-15T11:40:00+02:00,55,ajuntament-mercat,237,40,197,83.1
2026-09-15T09:41:00Z,2026-09-15T11:41:00+02:00,53,dr-robert,407,55,352,86.5
2026-09-15T09:41:00Z,2026-09-15T11:41:00+02:00,54,placa-vella,297,87,210,70.7
2026-09-15T09:41:00Z,2026-09-15T11:41:00+02:00,55,ajuntament-mercat,237,40,197,83.1
2026-09-15T09:42:00Z,2026-09-15T11:42:00+02:00,53,dr-robert,407,55,352,86.5
2026-09-15T09:42:00Z,2026-09-15T11:42:00+02:00,54,placa-vella,297,87,210,70.7
2026-09-15T09:42:00Z,2026-09-15T11:42:00+02:00,55,ajuntament-mercat,237,40,197,83.1
2026-09-15T09:43:00Z,2026-09-15T11:43:00+02:00,53,dr-robert,407,55,352,86.5
2026-09-15T09:43:00Z,2026-09-15T11:43:00+02:00,54,placa-vella,297,87,210,70.7
2026-09-15T09:43:00Z,2026-09-15T11:43:00+02:00,55,ajuntament-mercat,237,40,197,83.1
2026-09-15T09:44:00Z,2026-09-15T11:44:00+02:00,53,dr-robert,407,55,352,86.5
2026-09-15T09:44:00Z,2026-09-15T11:44:00+02:00,54,placa-vella,297,87,210,70.7
2026-09-15T09:44:00Z,2026-09-15T11:44:00+02:00,55,ajuntament-mercat,237,40,197,83.1
2026-09-15T09:45:00Z,2026-09-15T11:45:00+02:00,53,dr-robert,407,51,356,87.5
2026-09-15T09:45:00Z,2026-09-15T11:45:00+02:00,54,placa-vella,297,88,209,70.4
2026-09-15T09:45:00Z,2026-09-15T11:45:00+02:00,55,ajuntament-mercat,237,38,199,84
2026-09-15T09:46:00Z,2026-09-15T11:46:00+02:00,53,dr-robert,407,51,356,87.5
2026-09-15T09:46:00Z,2026-09-15T11:46:00+02:00,54,placa-vella,297,88,209,70.4
2026-09-15T09:46:00Z,2026-09-15T11:46:00+02:00,55,ajuntament-mercat,237,38,199,84
2026-09-15T09:47:00Z,2026-09-15T11:47:00+02:00,53,dr-robert,407,51,356,87.5
2026-09-15T09:47:00Z,2026-09-15T11:47:00+02:00,54,placa-vella,297,88,209,70.4
2026-09-15T09:47:00Z,2026-09-15T11:47:00+02:00,55,ajuntament-mercat,237,38,199,84
2026-09-15T09:48:00Z,2026-09-15T11:48:00+02:00,53,dr-robert,407,51,356,87.5
2026-09-15T09:48:00Z,2026-09-15T11:48:00+02:00,54,placa-vella,297,88,209,70.4
2026-09-15T09:48:00Z,2026-09-15T11:48:00+02:00,55,ajuntament-mercat,237,38,199,84
2026-09-15T09:49:00Z,2026-09-15T11:49:00+02:00,53,dr-robert,407,51,356,87.5
2026-09-15T09:49:00Z,2026-09-15T11:49:00+02:00,54,placa-vella,297,88,209,70.4
2026-09-15T09:49:00Z,2026-09-15T11:49:00+02:00,55,ajuntament-mercat,237,38,199,84
2026-09-15T09:50:00Z,2026-09-15T11:50:00+02:00,53,dr-robert,407,60,347,85.3
2026-09-15T09:50:00Z,2026-09-15T11:50:00+02:00,54,placa-vella,297,87,210,70.7
2026-09-15T09:50:00Z,2026-09-15T11:50:00+02:00,55,ajuntament-mercat,237,38,199,84
2026-09-15T09:51:00Z,2026-09-15T11:51:00+02:00,53,dr-robert,407,60,347,85.3
2026-09-15T09:51:00Z,2026-09-15T11:51:00+02:00,54,placa-vella,297,87,210,70.7
2026-09-15T09:51:00Z,2026-09-15T11:51:00+02:00,55,ajuntament-mercat,237,38,199,84
2026-09-15T09:52:00Z,2026-09-15T11:52:00+02:00,53,dr-robert,407,60,347,85.3
2026-09-15T09:52:00Z,2026-09-15T11:52:00+02:00,54,placa-vella,297,87,210,70.7
2026-09-15T09:52:00Z,2026-09-15T11:52:00+02:00,55,ajuntament-mercat,237,38,199,84
2026-09-15T09:53:00Z,2026-09-15T11:53:00+02:00,53,dr-robert,407,60,347,85.3
2026-09-15T09:53:00Z,2026-09-15T11:53:00+02:00,54,placa-vella,297,87,210,70.7
2026-09-15T09:53:00Z,2026-09-15T11:53:00+02:00,55,ajuntament-mercat,237,38,199,84
2026-09-15T09:54:00Z,2026-09-15T11:54:00+02:00,53,dr-robert,407,60,347,85.3
2026-09-15T09:54:00Z,2026-09-15T11:54:00+02:00,54,placa-vella,297,87,210,70.7
2026-09-15T09:54:00Z,2026-09-15T11:54:00+02:00,55,ajuntament-mercat,237,38,199,84
2026-09-15T09:55:00Z,2026-09-15T11:55:00+02:00,53,dr-robert,407,59,348,85.5
2026-09-15T09:55:00Z,2026-09-15T11:55:00+02:00,54,placa-vella,297,87,210,70.7
2026-09-15T09:55:00Z,2026-09-15T11:55:00+02:00,55,ajuntament-mercat,237,38,199,84
2026-09-15T09:56:00Z,2026-09-15T11:56:00+02:00,53,dr-robert,407,59,348,85.5
2026-09-15T09:56:00Z,2026-09-15T11:56:00+02:00,54,placa-vella,297,87,210,70.7
2026-09-15T09:56:00Z,2026-09-15T11:56:00+02:00,55,ajuntament-mercat,237,38,199,84
2026-09-15T09:57:00Z,2026-09-15T11:57:00+02:00,53,dr-robert,407,59,348,85.5
2026-09-15T09:57:00Z,2026-09-15T11:57:00+02:00,54,placa-vella,297,87,210,70.7
2026-09-15T09:57:00Z,2026-09-15T11:57:00+02:00,55,ajuntament-mercat,237,38,199,84
2026-09-15T09:58:00Z,2026-09-15T11:58:00+02:00,53,dr-robert,407,59,348,85.5
2026-09-15T09:58:00Z,2026-09-15T11:58:00+02:00,54,placa-vella,297,87,210,70.7
2026-09-15T09:58:00Z,2026-09-15T11:58:00+02:00,55,ajuntament-mercat,237,38,199,84
2026-09-15T09:59:00Z,2026-09-15T11:59:00+02:00,53,dr-robert,407,59,348,85.5
2026-09-15T09:59:00Z,2026-09-15T11:59:00+02:00,54,placa-vella,297,87,210,70.7
2026-09-15T09:59:00Z,2026-09-15T11:59:00+02:00,55,ajuntament-mercat,237,38,199,84
2026-09-15T10:00:00Z,2026-09-15T12:00:00+02:00,53,dr-robert,407,59,348,85.5
2026-09-15T10:00:00Z,2026-09-15T12:00:00+02:00,54,placa-vella,297,87,210,70.7
2026-09-15T10:00:00Z,2026-09-15T12:00:00+02:00,55,ajuntament-mercat,237,38,199,84
2026-09-15T10:01:00Z,2026-09-15T12:01:00+02:00,53,dr-robert,407,59,348,85.5
2026-09-15T10:01:00Z,2026-09-15T12:01:00+02:00,54,placa-vella,297,87,210,70.7
2026-09-15T10:01:00Z,2026-09-15T12:01:00+02:00,55,ajuntament-mercat,237,38,199,84
2026-09-15T10:02:00Z,2026-09-15T12:02:00+02:00,53,dr-robert,407,67,340,83.5
2026-09-15T10:02:00Z,2026-09-15T12:02:00+02:00,54,placa-vella,297,87,210,70.7
2026-09-15T10:02:00Z,2026-09-15T12:02:00+02:00,55,ajuntament-mercat,237,39,198,83.5
2026-09-15T10:03:00Z,2026-09-15T12:03:00+02:00,53,dr-robert,407,67,340,83.5
2026-09-15T10:03:00Z,2026-09-15T12:03:00+02:00,54,placa-vella,297,87,210,70.7
2026-09-15T10:03:00Z,2026-09-15T12:03:00+02:00,55,ajuntament-mercat,237,39,198,83.5
2026-09-15T10:04:00Z,2026-09-15T12:04:00+02:00,53,dr-robert,407,67,340,83.5
2026-09-15T10:04:00Z,2026-09-15T12:04:00+02:00,54,placa-vella,297,87,210,70.7
2026-09-15T10:04:00Z,2026-09-15T12:04:00+02:00,55,ajuntament-mercat,237,39,198,83.5
2026-09-15T10:05:00Z,2026-09-15T12:05:00+02:00,53,dr-robert,407,64,343,84.3
2026-09-15T10:05:00Z,2026-09-15T12:05:00+02:00,54,placa-vella,297,89,208,70
2026-09-15T10:05:00Z,2026-09-15T12:05:00+02:00,55,ajuntament-mercat,237,39,198,83.5
2026-09-15T10:06:00Z,2026-09-15T12:06:00+02:00,53,dr-robert,407,64,343,84.3
2026-09-15T10:06:00Z,2026-09-15T12:06:00+02:00,54,placa-vella,297,89,208,70
2026-09-15T10:06:00Z,2026-09-15T12:06:00+02:00,55,ajuntament-mercat,237,39,198,83.5
2026-09-15T10:07:00Z,2026-09-15T12:07:00+02:00,53,dr-robert,407,64,343,84.3
2026-09-15T10:07:00Z,2026-09-15T12:07:00+02:00,54,placa-vella,297,89,208,70
2026-09-15T10:07:00Z,2026-09-15T12:07:00+02:00,55,ajuntament-mercat,237,39,198,83.5
2026-09-15T10:08:00Z,2026-09-15T12:08:00+02:00,53,dr-robert,407,64,343,84.3
2026-09-15T10:08:00Z,2026-09-15T12:08:00+02:00,54,placa-vella,297,89,208,70
2026-09-15T10:08:00Z,2026-09-15T12:08:00+02:00,55,ajuntament-mercat,237,39,198,83.5
2026-09-15T10:09:00Z,2026-09-15T12:09:00+02:00,53,dr-robert,407,64,343,84.3
2026-09-15T10:09:00Z,2026-09-15T12:09:00+02:00,54,placa-vella,297,89,208,70
2026-09-15T10:09:00Z,2026-09-15T12:09:00+02:00,55,ajuntament-mercat,237,39,198,83.5
2026-09-15T10:10:00Z,2026-09-15T12:10:00+02:00,53,dr-robert,407,57,350,86
2026-09-15T10:10:00Z,2026-09-15T12:10:00+02:00,54,placa-vella,297,90,207,69.7
2026-09-15T10:10:00Z,2026-09-15T12:10:00+02:00,55,ajuntament-mercat,237,38,199,84
2026-09-15T10:11:00Z,2026-09-15T12:11:00+02:00,53,dr-robert,407,57,350,86
2026-09-15T10:11:00Z,2026-09-15T12:11:00+02:00,54,placa-vella,297,90,207,69.7
2026-09-15T10:11:00Z,2026-09-15T12:11:00+02:00,55,ajuntament-mercat,237,38,199,84
2026-09-15T10:12:00Z,2026-09-15T12:12:00+02:00,53,dr-robert,407,57,350,86
2026-09-15T10:12:00Z,2026-09-15T12:12:00+02:00,54,placa-vella,297,90,207,69.7
2026-09-15T10:12:00Z,2026-09-15T12:12:00+02:00,55,ajuntament-mercat,237,38,199,84
2026-09-15T10:13:00Z,2026-09-15T12:13:00+02:00,53,dr-robert,407,57,350,86
2026-09-15T10:13:00Z,2026-09-15T12:13:00+02:00,54,placa-vella,297,90,207,69.7
2026-09-15T10:13:00Z,2026-09-15T12:13:00+02:00,55,ajuntament-mercat,237,38,199,84
2026-09-15T10:14:00Z,2026-09-15T12:14:00+02:00,53,dr-robert,407,57,350,86
2026-09-15T10:14:00Z,2026-09-15T12:14:00+02:00,54,placa-vella,297,90,207,69.7
2026-09-15T10:14:00Z,2026-09-15T12:14:00+02:00,55,ajuntament-mercat,237,38,199,84
2026-09-15T10:15:00Z,2026-09-15T12:15:00+02:00,53,dr-robert,407,56,351,86.2
2026-09-15T10:15:00Z,2026-09-15T12:15:00+02:00,54,placa-vella,297,90,207,69.7
2026-09-15T10:15:00Z,2026-09-15T12:15:00+02:00,55,ajuntament-mercat,237,41,196,82.7
2026-09-15T10:16:00Z,2026-09-15T12:16:00+02:00,53,dr-robert,407,56,351,86.2
2026-09-15T10:16:00Z,2026-09-15T12:16:00+02:00,54,placa-vella,297,90,207,69.7
2026-09-15T10:16:00Z,2026-09-15T12:16:00+02:00,55,ajuntament-mercat,237,41,196,82.7
2026-09-15T10:17:00Z,2026-09-15T12:17:00+02:00,53,dr-robert,407,56,351,86.2
2026-09-15T10:17:00Z,2026-09-15T12:17:00+02:00,54,placa-vella,297,90,207,69.7
2026-09-15T10:17:00Z,2026-09-15T12:17:00+02:00,55,ajuntament-mercat,237,41,196,82.7
2026-09-15T10:18:00Z,2026-09-15T12:18:00+02:00,53,dr-robert,407,56,351,86.2
2026-09-15T10:18:00Z,2026-09-15T12:18:00+02:00,54,placa-vella,297,90,207,69.7
2026-09-15T10:18:00Z,2026-09-15T12:18:00+02:00,55,ajuntament-mercat,237,41,196,82.7
2026-09-15T10:19:00Z,2026-09-15T12:19:00+02:00,53,dr-robert,407,56,351,86.2
2026-09-15T10:19:00Z,2026-09-15T12:19:00+02:00,54,placa-vella,297,90,207,69.7
2026-09-15T10:19:00Z,2026-09-15T12:19:00+02:00,55,ajuntament-mercat,237,41,196,82.7
2026-09-15T10:20:00Z,2026-09-15T12:20:00+02:00,53,dr-robert,407,57,350,86
2026-09-15T10:20:00Z,2026-09-15T12:20:00+02:00,54,placa-vella,297,92,205,69
2026-09-15T10:20:00Z,2026-09-15T12:20:00+02:00,55,ajuntament-mercat,237,41,196,82.7
2026-09-15T10:21:00Z,2026-09-15T12:21:00+02:00,53,dr-robert,407,57,350,86
2026-09-15T10:21:00Z,2026-09-15T12:21:00+02:00,54,placa-vella,297,92,205,69
2026-09-15T10:21:00Z,2026-09-15T12:21:00+02:00,55,ajuntament-mercat,237,41,196,82.7
2026-09-15T10:22:00Z,2026-09-15T12:22:00+02:00,53,dr-robert,407,57,350,86
2026-09-15T10:22:00Z,2026-09-15T12:22:00+02:00,54,placa-vella,297,92,205,69
2026-09-15T10:22:00Z,2026-09-15T12:22:00+02:00,55,ajuntament-mercat,237,41,196,82.7
2026-09-15T10:23:00Z,2026-09-15T12:23:00+02:00,53,dr-robert,407,57,350,86
2026-09-15T10:23:00Z,2026-09-15T12:23:00+02:00,54,placa-vella,297,92,205,69
2026-09-15T10:23:00Z,2026-09-15T12:23:00+02:00,55,ajuntament-mercat,237,41,196,82.7
2026-09-15T10:24:00Z,2026-09-15T12:24:00+02:00,53,dr-robert,407,57,350,86
2026-09-15T10:24:00Z,2026-09-15T12:24:00+02:00,54,placa-vella,297,92,205,69
2026-09-15T10:24:00Z,2026-09-15T12:24:00+02:00,55,ajuntament-mercat,237,41,196,82.7
2026-09-15T10:25:00Z,2026-09-15T12:25:00+02:00,53,dr-robert,407,59,348,85.5
2026-09-15T10:25:00Z,2026-09-15T12:25:00+02:00,54,placa-vella,297,96,201,67.7
2026-09-15T10:25:00Z,2026-09-15T12:25:00+02:00,55,ajuntament-mercat,237,44,193,81.4
2026-09-15T10:26:00Z,2026-09-15T12:26:00+02:00,53,dr-robert,407,59,348,85.5
2026-09-15T10:26:00Z,2026-09-15T12:26:00+02:00,54,placa-vella,297,96,201,67.7
2026-09-15T10:26:00Z,2026-09-15T12:26:00+02:00,55,ajuntament-mercat,237,44,193,81.4
2026-09-15T10:27:00Z,2026-09-15T12:27:00+02:00,53,dr-robert,407,59,348,85.5
2026-09-15T10:27:00Z,2026-09-15T12:27:00+02:00,54,placa-vella,297,96,201,67.7
2026-09-15T10:27:00Z,2026-09-15T12:27:00+02:00,55,ajuntament-mercat,237,44,193,81.4
2026-09-15T10:28:00Z,2026-09-15T12:28:00+02:00,53,dr-robert,407,59,348,85.5
2026-09-15T10:28:00Z,2026-09-15T12:28:00+02:00,54,placa-vella,297,96,201,67.7
2026-09-15T10:28:00Z,2026-09-15T12:28:00+02:00,55,ajuntament-mercat,237,44,193,81.4
2026-09-15T10:29:00Z,2026-09-15T12:29:00+02:00,53,dr-robert,407,59,348,85.5
2026-09-15T10:29:00Z,2026-09-15T12:29:00+02:00,54,placa-vella,297,96,201,67.7
2026-09-15T10:29:00Z,2026-09-15T12:29:00+02:00,55,ajuntament-mercat,237,44,193,81.4
2026-09-15T10:30:00Z,2026-09-15T12:30:00+02:00,53,dr-robert,407,70,337,82.8
2026-09-15T10:30:00Z,2026-09-15T12:30:00+02:00,54,placa-vella,297,95,202,68
2026-09-15T10:30:00Z,2026-09-15T12:30:00+02:00,55,ajuntament-mercat,237,45,192,81
2026-09-15T10:31:00Z,2026-09-15T12:31:00+02:00,53,dr-robert,407,70,337,82.8
2026-09-15T10:31:00Z,2026-09-15T12:31:00+02:00,54,placa-vella,297,95,202,68
2026-09-15T10:31:00Z,2026-09-15T12:31:00+02:00,55,ajuntament-mercat,237,45,192,81
2026-09-15T10:32:00Z,2026-09-15T12:32:00+02:00,53,dr-robert,407,70,337,82.8
2026-09-15T10:32:00Z,2026-09-15T12:32:00+02:00,54,placa-vella,297,95,202,68
2026-09-15T10:32:00Z,2026-09-15T12:32:00+02:00,55,ajuntament-mercat,237,45,192,81
2026-09-15T10:33:00Z,2026-09-15T12:33:00+02:00,53,dr-robert,407,70,337,82.8
2026-09-15T10:33:00Z,2026-09-15T12:33:00+02:00,54,placa-vella,297,95,202,68
2026-09-15T10:33:00Z,2026-09-15T12:33:00+02:00,55,ajuntament-mercat,237,45,192,81
2026-09-15T10:34:00Z,2026-09-15T12:34:00+02:00,53,dr-robert,407,70,337,82.8
2026-09-15T10:34:00Z,2026-09-15T12:34:00+02:00,54,placa-vella,297,95,202,68
2026-09-15T10:34:00Z,2026-09-15T12:34:00+02:00,55,ajuntament-mercat,237,45,192,81
2026-09-15T10:35:00Z,2026-09-15T12:35:00+02:00,53,dr-robert,407,69,338,83
2026-09-15T10:35:00Z,2026-09-15T12:35:00+02:00,54,placa-vella,297,98,199,67
2026-09-15T10:35:00Z,2026-09-15T12:35:00+02:00,55,ajuntament-mercat,237,48,189,79.7
2026-09-15T10:36:00Z,2026-09-15T12:36:00+02:00,53,dr-robert,407,69,338,83
2026-09-15T10:36:00Z,2026-09-15T12:36:00+02:00,54,placa-vella,297,98,199,67
2026-09-15T10:36:00Z,2026-09-15T12:36:00+02:00,55,ajuntament-mercat,237,48,189,79.7
2026-09-15T10:37:00Z,2026-09-15T12:37:00+02:00,53,dr-robert,407,69,338,83
2026-09-15T10:37:00Z,2026-09-15T12:37:00+02:00,54,placa-vella,297,98,199,67
2026-09-15T10:37:00Z,2026-09-15T12:37:00+02:00,55,ajuntament-mercat,237,48,189,79.7
2026-09-15T10:38:00Z,2026-09-15T12:38:00+02:00,53,dr-robert,407,69,338,83
2026-09-15T10:38:00Z,2026-09-15T12:38:00+02:00,54,placa-vella,297,98,199,67
2026-09-15T10:38:00Z,2026-09-15T12:38:00+02:00,55,ajuntament-mercat,237,48,189,79.7
2026-09-15T10:39:00Z,2026-09-15T12:39:00+02:00,53,dr-robert,407,69,338,83
2026-09-15T10:39:00Z,2026-09-15T12:39:00+02:00,54,placa-vella,297,98,199,67
2026-09-15T10:39:00Z,2026-09-15T12:39:00+02:00,55,ajuntament-mercat,237,48,189,79.7
2026-09-15T10:40:00Z,2026-09-15T12:40:00+02:00,53,dr-robert,407,66,341,83.8
2026-09-15T10:40:00Z,2026-09-15T12:40:00+02:00,54,placa-vella,297,100,197,66.3
2026-09-15T10:40:00Z,2026-09-15T12:40:00+02:00,55,ajuntament-mercat,237,45,192,81
2026-09-15T10:41:00Z,2026-09-15T12:41:00+02:00,53,dr-robert,407,66,341,83.8
2026-09-15T10:41:00Z,2026-09-15T12:41:00+02:00,54,placa-vella,297,100,197,66.3
2026-09-15T10:41:00Z,2026-09-15T12:41:00+02:00,55,ajuntament-mercat,237,45,192,81
2026-09-15T10:42:00Z,2026-09-15T12:42:00+02:00,53,dr-robert,407,66,341,83.8
2026-09-15T10:42:00Z,2026-09-15T12:42:00+02:00,54,placa-vella,297,100,197,66.3
2026-09-15T10:42:00Z,2026-09-15T12:42:00+02:00,55,ajuntament-mercat,237,45,192,81
2026-09-15T10:43:00Z,2026-09-15T12:43:00+02:00,53,dr-robert,407,66,341,83.8
2026-09-15T10:43:00Z,2026-09-15T12:43:00+02:00,54,placa-vella,297,100,197,66.3
2026-09-15T10:43:00Z,2026-09-15T12:43:00+02:00,55,ajuntament-mercat,237,45,192,81
2026-09-15T10:44:00Z,2026-09-15T12:44:00+02:00,53,dr-robert,407,66,341,83.8
2026-09-15T10:44:00Z,2026-09-15T12:44:00+02:00,54,placa-vella,297,100,197,66.3
2026-09-15T10:44:00Z,2026-09-15T12:44:00+02:00,55,ajuntament-mercat,237,45,192,81
2026-09-15T10:45:00Z,2026-09-15T12:45:00+02:00,53,dr-robert,407,66,341,83.8
2026-09-15T10:45:00Z,2026-09-15T12:45:00+02:00,54,placa-vella,297,100,197,66.3
2026-09-15T10:45:00Z,2026-09-15T12:45:00+02:00,55,ajuntament-mercat,237,45,192,81
2026-09-15T10:46:00Z,2026-09-15T12:46:00+02:00,53,dr-robert,407,64,343,84.3
2026-09-15T10:46:00Z,2026-09-15T12:46:00+02:00,54,placa-vella,297,101,196,66
2026-09-15T10:46:00Z,2026-09-15T12:46:00+02:00,55,ajuntament-mercat,237,46,191,80.6
2026-09-15T10:47:00Z,2026-09-15T12:47:00+02:00,53,dr-robert,407,64,343,84.3
2026-09-15T10:47:00Z,2026-09-15T12:47:00+02:00,54,placa-vella,297,101,196,66
2026-09-15T10:47:00Z,2026-09-15T12:47:00+02:00,55,ajuntament-mercat,237,46,191,80.6
2026-09-15T10:48:00Z,2026-09-15T12:48:00+02:00,53,dr-robert,407,64,343,84.3
2026-09-15T10:48:00Z,2026-09-15T12:48:00+02:00,54,placa-vella,297,101,196,66
2026-09-15T10:48:00Z,2026-09-15T12:48:00+02:00,55,ajuntament-mercat,237,46,191,80.6
2026-09-15T10:49:00Z,2026-09-15T12:49:00+02:00,53,dr-robert,407,64,343,84.3
2026-09-15T10:49:00Z,2026-09-15T12:49:00+02:00,54,placa-vella,297,101,196,66
2026-09-15T10:49:00Z,2026-09-15T12:49:00+02:00,55,ajuntament-mercat,237,46,191,80.6
2026-09-15T10:50:00Z,2026-09-15T12:50:00+02:00,53,dr-robert,407,66,341,83.8
2026-09-15T10:50:00Z,2026-09-15T12:50:00+02:00,54,placa-vella,297,102,195,65.7
2026-09-15T10:50:00Z,2026-09-15T12:50:00+02:00,55,ajuntament-mercat,237,45,192,81
2026-09-15T10:51:00Z,2026-09-15T12:51:00+02:00,53,dr-robert,407,66,341,83.8
2026-09-15T10:51:00Z,2026-09-15T12:51:00+02:00,54,placa-vella,297,102,195,65.7
2026-09-15T10:51:00Z,2026-09-15T12:51:00+02:00,55,ajuntament-mercat,237,45,192,81
2026-09-15T10:52:00Z,2026-09-15T12:52:00+02:00,53,dr-robert,407,66,341,83.8
2026-09-15T10:52:00Z,2026-09-15T12:52:00+02:00,54,placa-vella,297,102,195,65.7
2026-09-15T10:52:00Z,2026-09-15T12:52:00+02:00,55,ajuntament-mercat,237,45,192,81
2026-09-15T10:53:00Z,2026-09-15T12:53:00+02:00,53,dr-robert,407,66,341,83.8
2026-09-15T10:53:00Z,2026-09-15T12:53:00+02:00,54,placa-vella,297,102,195,65.7
2026-09-15T10:53:00Z,2026-09-15T12:53:00+02:00,55,ajuntament-mercat,237,45,192,81
2026-09-15T10:54:00Z,2026-09-15T12:54:00+02:00,53,dr-robert,407,66,341,83.8
2026-09-15T10:54:00Z,2026-09-15T12:54:00+02:00,54,placa-vella,297,102,195,65.7
2026-09-15T10:54:00Z,2026-09-15T12:54:00+02:00,55,ajuntament-mercat,237,45,192,81
2026-09-15T10:55:00Z,2026-09-15T12:55:00+02:00,53,dr-robert,407,65,342,84
2026-09-15T10:55:00Z,2026-09-15T12:55:00+02:00,54,placa-vella,297,104,193,65
2026-09-15T10:55:00Z,2026-09-15T12:55:00+02:00,55,ajuntament-mercat,237,45,192,81
2026-09-15T10:56:00Z,2026-09-15T12:56:00+02:00,53,dr-robert,407,65,342,84
2026-09-15T10:56:00Z,2026-09-15T12:56:00+02:00,54,placa-vella,297,104,193,65
2026-09-15T10:56:00Z,2026-09-15T12:56:00+02:00,55,ajuntament-mercat,237,45,192,81
2026-09-15T10:57:00Z,2026-09-15T12:57:00+02:00,53,dr-robert,407,65,342,84
2026-09-15T10:57:00Z,2026-09-15T12:57:00+02:00,54,placa-vella,297,104,193,65
2026-09-15T10:57:00Z,2026-09-15T12:57:00+02:00,55,ajuntament-mercat,237,45,192,81
2026-09-15T10:58:00Z,2026-09-15T12:58:00+02:00,53,dr-robert,407,65,342,84
2026-09-15T10:58:00Z,2026-09-15T12:58:00+02:00,54,placa-vella,297,104,193,65
2026-09-15T10:58:00Z,2026-09-15T12:58:00+02:00,55,ajuntament-mercat,237,45,192,81
2026-09-15T10:59:00Z,2026-09-15T12:59:00+02:00,53,dr-robert,407,65,342,84
2026-09-15T10:59:00Z,2026-09-15T12:59:00+02:00,54,placa-vella,297,104,193,65
2026-09-15T10:59:00Z,2026-09-15T12:59:00+02:00,55,ajuntament-mercat,237,45,192,81
2026-09-15T11:00:00Z,2026-09-15T13:00:00+02:00,53,dr-robert,407,69,338,83
2026-09-15T11:00:00Z,2026-09-15T13:00:00+02:00,54,placa-vella,297,102,195,65.7
2026-09-15T11:00:00Z,2026-09-15T13:00:00+02:00,55,ajuntament-mercat,237,48,189,79.7
2026-09-15T11:01:00Z,2026-09-15T13:01:00+02:00,53,dr-robert,407,69,338,83
2026-09-15T11:01:00Z,2026-09-15T13:01:00+02:00,54,placa-vella,297,102,195,65.7
2026-09-15T11:01:00Z,2026-09-15T13:01:00+02:00,55,ajuntament-mercat,237,48,189,79.7
2026-09-15T11:02:00Z,2026-09-15T13:02:00+02:00,53,dr-robert,407,69,338,83
2026-09-15T11:02:00Z,2026-09-15T13:02:00+02:00,54,placa-vella,297,102,195,65.7
2026-09-15T11:02:00Z,2026-09-15T13:02:00+02:00,55,ajuntament-mercat,237,48,189,79.7
2026-09-15T11:03:00Z,2026-09-15T13:03:00+02:00,53,dr-robert,407,69,338,83
2026-09-15T11:03:00Z,2026-09-15T13:03:00+02:00,54,placa-vella,297,102,195,65.7
2026-09-15T11:03:00Z,2026-09-15T13:03:00+02:00,55,ajuntament-mercat,237,48,189,79.7
2026-09-15T11:04:00Z,2026-09-15T13:04:00+02:00,53,dr-robert,407,69,338,83
2026-09-15T11:04:00Z,2026-09-15T13:04:00+02:00,54,placa-vella,297,102,195,65.7
2026-09-15T11:04:00Z,2026-09-15T13:04:00+02:00,55,ajuntament-mercat,237,48,189,79.7
2026-09-15T11:05:00Z,2026-09-15T13:05:00+02:00,53,dr-robert,407,72,335,82.3
2026-09-15T11:05:00Z,2026-09-15T13:05:00+02:00,54,placa-vella,297,102,195,65.7
2026-09-15T11:05:00Z,2026-09-15T13:05:00+02:00,55,ajuntament-mercat,237,47,190,80.2
2026-09-15T11:06:00Z,2026-09-15T13:06:00+02:00,53,dr-robert,407,72,335,82.3
2026-09-15T11:06:00Z,2026-09-15T13:06:00+02:00,54,placa-vella,297,102,195,65.7
2026-09-15T11:06:00Z,2026-09-15T13:06:00+02:00,55,ajuntament-mercat,237,47,190,80.2
2026-09-15T11:07:00Z,2026-09-15T13:07:00+02:00,53,dr-robert,407,72,335,82.3
2026-09-15T11:07:00Z,2026-09-15T13:07:00+02:00,54,placa-vella,297,102,195,65.7
2026-09-15T11:07:00Z,2026-09-15T13:07:00+02:00,55,ajuntament-mercat,237,47,190,80.2
2026-09-15T11:08:00Z,2026-09-15T13:08:00+02:00,53,dr-robert,407,72,335,82.3
2026-09-15T11:08:00Z,2026-09-15T13:08:00+02:00,54,placa-vella,297,102,195,65.7
2026-09-15T11:08:00Z,2026-09-15T13:08:00+02:00,55,ajuntament-mercat,237,47,190,80.2
2026-09-15T11:09:00Z,2026-09-15T13:09:00+02:00,53,dr-robert,407,72,335,82.3
2026-09-15T11:09:00Z,2026-09-15T13:09:00+02:00,54,placa-vella,297,102,195,65.7
2026-09-15T11:09:00Z,2026-09-15T13:09:00+02:00,55,ajuntament-mercat,237,47,190,80.2
2026-09-15T11:10:00Z,2026-09-15T13:10:00+02:00,53,dr-robert,407,74,333,81.8
2026-09-15T11:10:00Z,2026-09-15T13:10:00+02:00,54,placa-vella,297,104,193,65
2026-09-15T11:10:00Z,2026-09-15T13:10:00+02:00,55,ajuntament-mercat,237,46,191,80.6
2026-09-15T11:11:00Z,2026-09-15T13:11:00+02:00,53,dr-robert,407,74,333,81.8
2026-09-15T11:11:00Z,2026-09-15T13:11:00+02:00,54,placa-vella,297,104,193,65
2026-09-15T11:11:00Z,2026-09-15T13:11:00+02:00,55,ajuntament-mercat,237,46,191,80.6
2026-09-15T11:12:00Z,2026-09-15T13:12:00+02:00,53,dr-robert,407,74,333,81.8
2026-09-15T11:12:00Z,2026-09-15T13:12:00+02:00,54,placa-vella,297,104,193,65
2026-09-15T11:12:00Z,2026-09-15T13:12:00+02:00,55,ajuntament-mercat,237,46,191,80.6
2026-09-15T11:13:00Z,2026-09-15T13:13:00+02:00,53,dr-robert,407,74,333,81.8
2026-09-15T11:13:00Z,2026-09-15T13:13:00+02:00,54,placa-vella,297,104,193,65
2026-09-15T11:13:00Z,2026-09-15T13:13:00+02:00,55,ajuntament-mercat,237,46,191,80.6
2026-09-15T11:14:00Z,2026-09-15T13:14:00+02:00,53,dr-robert,407,74,333,81.8
2026-09-15T11:14:00Z,2026-09-15T13:14:00+02:00,54,placa-vella,297,104,193,65
2026-09-15T11:14:00Z,2026-09-15T13:14:00+02:00,55,ajuntament-mercat,237,46,191,80.6
2026-09-15T11:15:00Z,2026-09-15T13:15:00+02:00,53,dr-robert,407,80,327,80.3
2026-09-15T11:15:00Z,2026-09-15T13:15:00+02:00,54,placa-vella,297,110,187,63
2026-09-15T11:15:00Z,2026-09-15T13:15:00+02:00,55,ajuntament-mercat,237,50,187,78.9
2026-09-15T11:16:00Z,2026-09-15T13:16:00+02:00,53,dr-robert,407,80,327,80.3
2026-09-15T11:16:00Z,2026-09-15T13:16:00+02:00,54,placa-vella,297,110,187,63
2026-09-15T11:16:00Z,2026-09-15T13:16:00+02:00,55,ajuntament-mercat,237,50,187,78.9
2026-09-15T11:17:00Z,2026-09-15T13:17:00+02:00,53,dr-robert,407,80,327,80.3
2026-09-15T11:17:00Z,2026-09-15T13:17:00+02:00,54,placa-vella,297,110,187,63
2026-09-15T11:17:00Z,2026-09-15T13:17:00+02:00,55,ajuntament-mercat,237,50,187,78.9
2026-09-15T11:18:00Z,2026-09-15T13:18:00+02:00,53,dr-robert,407,80,327,80.3
2026-09-15T11:18:00Z,2026-09-15T13:18:00+02:00,54,placa-vella,297,110,187,63
2026-09-15T11:18:00Z,2026-09-15T13:18:00+02:00,55,ajuntament-mercat,237,50,187,78.9
2026-09-15T11:19:00Z,2026-09-15T13:19:00+02:00,53,dr-robert,407,80,327,80.3
2026-09-15T11:19:00Z,2026-09-15T13:19:00+02:00,54,placa-vella,297,110,187,63
2026-09-15T11:19:00Z,2026-09-15T13:19:00+02:00,55,ajuntament-mercat,237,50,187,78.9
2026-09-15T11:20:00Z,2026-09-15T13:20:00+02:00,53,dr-robert,407,85,322,79.1
2026-09-15T11:20:00Z,2026-09-15T13:20:00+02:00,54,placa-vella,297,111,186,62.6
2026-09-15T11:20:00Z,2026-09-15T13:20:00+02:00,55,ajuntament-mercat,237,54,183,77.2
2026-09-15T11:21:00Z,2026-09-15T13:21:00+02:00,53,dr-robert,407,85,322,79.1
2026-09-15T11:21:00Z,2026-09-15T13:21:00+02:00,54,placa-vella,297,111,186,62.6
2026-09-15T11:21:00Z,2026-09-15T13:21:00+02:00,55,ajuntament-mercat,237,54,183,77.2
2026-09-15T11:22:00Z,2026-09-15T13:22:00+02:00,53,dr-robert,407,85,322,79.1
2026-09-15T11:22:00Z,2026-09-15T13:22:00+02:00,54,placa-vella,297,111,186,62.6
2026-09-15T11:22:00Z,2026-09-15T13:22:00+02:00,55,ajuntament-mercat,237,54,183,77.2
2026-09-15T11:23:00Z,2026-09-15T13:23:00+02:00,53,dr-robert,407,85,322,79.1
2026-09-15T11:23:00Z,2026-09-15T13:23:00+02:00,54,placa-vella,297,111,186,62.6
2026-09-15T11:23:00Z,2026-09-15T13:23:00+02:00,55,ajuntament-mercat,237,54,183,77.2
2026-09-15T11:24:00Z,2026-09-15T13:24:00+02:00,53,dr-robert,407,85,322,79.1
2026-09-15T11:24:00Z,2026-09-15T13:24:00+02:00,54,placa-vella,297,111,186,62.6
2026-09-15T11:24:00Z,2026-09-15T13:24:00+02:00,55,ajuntament-mercat,237,54,183,77.2
2026-09-15T11:25:00Z,2026-09-15T13:25:00+02:00,53,dr-robert,407,92,315,77.4
2026-09-15T11:25:00Z,2026-09-15T13:25:00+02:00,54,placa-vella,297,114,183,61.6
2026-09-15T11:25:00Z,2026-09-15T13:25:00+02:00,55,ajuntament-mercat,237,59,178,75.1
2026-09-15T11:26:00Z,2026-09-15T13:26:00+02:00,53,dr-robert,407,92,315,77.4
2026-09-15T11:26:00Z,2026-09-15T13:26:00+02:00,54,placa-vella,297,114,183,61.6
2026-09-15T11:26:00Z,2026-09-15T13:26:00+02:00,55,ajuntament-mercat,237,59,178,75.1
2026-09-15T11:27:00Z,2026-09-15T13:27:00+02:00,53,dr-robert,407,92,315,77.4
2026-09-15T11:27:00Z,2026-09-15T13:27:00+02:00,54,placa-vella,297,114,183,61.6
2026-09-15T11:27:00Z,2026-09-15T13:27:00+02:00,55,ajuntament-mercat,237,59,178,75.1
2026-09-15T11:28:00Z,2026-09-15T13:28:00+02:00,53,dr-robert,407,92,315,77.4
2026-09-15T11:28:00Z,2026-09-15T13:28:00+02:00,54,placa-vella,297,114,183,61.6
2026-09-15T11:28:00Z,2026-09-15T13:28:00+02:00,55,ajuntament-mercat,237,59,178,75.1
2026-09-15T11:29:00Z,2026-09-15T13:29:00+02:00,53,dr-robert,407,92,315,77.4
2026-09-15T11:29:00Z,2026-09-15T13:29:00+02:00,54,placa-vella,297,114,183,61.6
2026-09-15T11:29:00Z,2026-09-15T13:29:00+02:00,55,ajuntament-mercat,237,59,178,75.1
2026-09-15T11:30:00Z,2026-09-15T13:30:00+02:00,53,dr-robert,407,98,309,75.9
2026-09-15T11:30:00Z,2026-09-15T13:30:00+02:00,54,placa-vella,297,118,179,60.3
2026-09-15T11:30:00Z,2026-09-15T13:30:00+02:00,55,ajuntament-mercat,237,58,179,75.5
2026-09-15T11:31:00Z,2026-09-15T13:31:00+02:00,53,dr-robert,407,98,309,75.9
2026-09-15T11:31:00Z,2026-09-15T13:31:00+02:00,54,placa-vella,297,118,179,60.3
2026-09-15T11:31:00Z,2026-09-15T13:31:00+02:00,55,ajuntament-mercat,237,58,179,75.5
2026-09-15T11:32:00Z,2026-09-15T13:32:00+02:00,53,dr-robert,407,98,309,75.9
2026-09-15T11:32:00Z,2026-09-15T13:32:00+02:00,54,placa-vella,297,118,179,60.3
2026-09-15T11:32:00Z,2026-09-15T13:32:00+02:00,55,ajuntament-mercat,237,58,179,75.5
2026-09-15T11:33:00Z,2026-09-15T13:33:00+02:00,53,dr-robert,407,98,309,75.9
2026-09-15T11:33:00Z,2026-09-15T13:33:00+02:00,54,placa-vella,297,118,179,60.3
2026-09-15T11:33:00Z,2026-09-15T13:33:00+02:00,55,ajuntament-mercat,237,58,179,75.5
2026-09-15T11:34:00Z,2026-09-15T13:34:00+02:00,53,dr-robert,407,98,309,75.9
2026-09-15T11:34:00Z,2026-09-15T13:34:00+02:00,54,placa-vella,297,118,179,60.3
2026-09-15T11:34:00Z,2026-09-15T13:34:00+02:00,55,ajuntament-mercat,237,58,179,75.5
2026-09-15T11:35:00Z,2026-09-15T13:35:00+02:00,53,dr-robert,407,106,301,74
2026-09-15T11:35:00Z,2026-09-15T13:35:00+02:00,54,placa-vella,297,122,175,58.9
2026-09-15T11:35:00Z,2026-09-15T13:35:00+02:00,55,ajuntament-mercat,237,59,178,75.1
2026-09-15T11:36:00Z,2026-09-15T13:36:00+02:00,53,dr-robert,407,106,301,74
2026-09-15T11:36:00Z,2026-09-15T13:36:00+02:00,54,placa-vella,297,122,175,58.9
2026-09-15T11:36:00Z,2026-09-15T13:36:00+02:00,55,ajuntament-mercat,237,59,178,75.1
2026-09-15T11:37:00Z,2026-09-15T13:37:00+02:00,53,dr-robert,407,106,301,74
2026-09-15T11:37:00Z,2026-09-15T13:37:00+02:00,54,placa-vella,297,122,175,58.9
2026-09-15T11:37:00Z,2026-09-15T13:37:00+02:00,55,ajuntament-mercat,237,59,178,75.1
2026-09-15T11:38:00Z,2026-09-15T13:38:00+02:00,53,dr-robert,407,106,301,74
2026-09-15T11:38:00Z,2026-09-15T13:38:00+02:00,54,placa-vella,297,122,175,58.9
2026-09-15T11:38:00Z,2026-09-15T13:38:00+02:00,55,ajuntament-mercat,237,59,178,75.1
2026-09-15T11:39:00Z,2026-09-15T13:39:00+02:00,53,dr-robert,407,106,301,74
2026-09-15T11:39:00Z,2026-09-15T13:39:00+02:00,54,placa-vella,297,122,175,58.9
2026-09-15T11:39:00Z,2026-09-15T13:39:00+02:00,55,ajuntament-mercat,237,59,178,75.1
2026-09-15T11:40:00Z,2026-09-15T13:40:00+02:00,53,dr-robert,407,112,295,72.5
2026-09-15T11:40:00Z,2026-09-15T13:40:00+02:00,54,placa-vella,297,128,169,56.9
2026-09-15T11:40:00Z,2026-09-15T13:40:00+02:00,55,ajuntament-mercat,237,65,172,72.6
2026-09-15T11:41:00Z,2026-09-15T13:41:00+02:00,53,dr-robert,407,112,295,72.5
2026-09-15T11:41:00Z,2026-09-15T13:41:00+02:00,54,placa-vella,297,128,169,56.9
2026-09-15T11:41:00Z,2026-09-15T13:41:00+02:00,55,ajuntament-mercat,237,65,172,72.6
2026-09-15T11:42:00Z,2026-09-15T13:42:00+02:00,53,dr-robert,407,112,295,72.5
2026-09-15T11:42:00Z,2026-09-15T13:42:00+02:00,54,placa-vella,297,128,169,56.9
2026-09-15T11:42:00Z,2026-09-15T13:42:00+02:00,55,ajuntament-mercat,237,65,172,72.6
2026-09-15T11:43:00Z,2026-09-15T13:43:00+02:00,53,dr-robert,407,112,295,72.5
2026-09-15T11:43:00Z,2026-09-15T13:43:00+02:00,54,placa-vella,297,128,169,56.9
2026-09-15T11:43:00Z,2026-09-15T13:43:00+02:00,55,ajuntament-mercat,237,65,172,72.6
2026-09-15T11:44:00Z,2026-09-15T13:44:00+02:00,53,dr-robert,407,112,295,72.5
2026-09-15T11:44:00Z,2026-09-15T13:44:00+02:00,54,placa-vella,297,128,169,56.9
2026-09-15T11:44:00Z,2026-09-15T13:44:00+02:00,55,ajuntament-mercat,237,65,172,72.6
2026-09-15T11:45:00Z,2026-09-15T13:45:00+02:00,53,dr-robert,407,115,292,71.7
2026-09-15T11:45:00Z,2026-09-15T13:45:00+02:00,54,placa-vella,297,131,166,55.9
2026-09-15T11:45:00Z,2026-09-15T13:45:00+02:00,55,ajuntament-mercat,237,70,167,70.5
2026-09-15T11:46:00Z,2026-09-15T13:46:00+02:00,53,dr-robert,407,115,292,71.7
2026-09-15T11:46:00Z,2026-09-15T13:46:00+02:00,54,placa-vella,297,131,166,55.9
2026-09-15T11:46:00Z,2026-09-15T13:46:00+02:00,55,ajuntament-mercat,237,70,167,70.5
2026-09-15T11:47:00Z,2026-09-15T13:47:00+02:00,53,dr-robert,407,115,292,71.7
2026-09-15T11:47:00Z,2026-09-15T13:47:00+02:00,54,placa-vella,297,131,166,55.9
2026-09-15T11:47:00Z,2026-09-15T13:47:00+02:00,55,ajuntament-mercat,237,70,167,70.5
2026-09-15T11:48:00Z,2026-09-15T13:48:00+02:00,53,dr-robert,407,115,292,71.7
2026-09-15T11:48:00Z,2026-09-15T13:48:00+02:00,54,placa-vella,297,131,166,55.9
2026-09-15T11:48:00Z,2026-09-15T13:48:00+02:00,55,ajuntament-mercat,237,70,167,70.5
2026-09-15T11:49:00Z,2026-09-15T13:49:00+02:00,53,dr-robert,407,115,292,71.7
2026-09-15T11:49:00Z,2026-09-15T13:49:00+02:00,54,placa-vella,297,131,166,55.9
2026-09-15T11:49:00Z,2026-09-15T13:49:00+02:00,55,ajuntament-mercat,237,70,167,70.5
2026-09-15T11:50:00Z,2026-09-15T13:50:00+02:00,53,dr-robert,407,120,287,70.5
2026-09-15T11:50:00Z,2026-09-15T13:50:00+02:00,54,placa-vella,297,132,165,55.6
2026-09-15T11:50:00Z,2026-09-15T13:50:00+02:00,55,ajuntament-mercat,237,72,165,69.6
2026-09-15T11:51:00Z,2026-09-15T13:51:00+02:00,53,dr-robert,407,120,287,70.5
2026-09-15T11:51:00Z,2026-09-15T13:51:00+02:00,54,placa-vella,297,132,165,55.6
2026-09-15T11:51:00Z,2026-09-15T13:51:00+02:00,55,ajuntament-mercat,237,72,165,69.6
2026-09-15T11:52:00Z,2026-09-15T13:52:00+02:00,53,dr-robert,407,120,287,70.5
2026-09-15T11:52:00Z,2026-09-15T13:52:00+02:00,54,placa-vella,297,132,165,55.6
2026-09-15T11:52:00Z,2026-09-15T13:52:00+02:00,55,ajuntament-mercat,237,72,165,69.6
2026-09-15T11:53:00Z,2026-09-15T13:53:00+02:00,53,dr-robert,407,120,287,70.5
2026-09-15T11:53:00Z,2026-09-15T13:53:00+02:00,54,placa-vella,297,132,165,55.6
2026-09-15T11:53:00Z,2026-09-15T13:53:00+02:00,55,ajuntament-mercat,237,72,165,69.6
2026-09-15T11:54:00Z,2026-09-15T13:54:00+02:00,53,dr-robert,407,120,287,70.5
2026-09-15T11:54:00Z,2026-09-15T13:54:00+02:00,54,placa-vella,297,132,165,55.6
2026-09-15T11:54:00Z,2026-09-15T13:54:00+02:00,55,ajuntament-mercat,237,72,165,69.6
2026-09-15T11:55:00Z,2026-09-15T13:55:00+02:00,53,dr-robert,407,121,286,70.3
2026-09-15T11:55:00Z,2026-09-15T13:55:00+02:00,54,placa-vella,297,134,163,54.9
2026-09-15T11:55:00Z,2026-09-15T13:55:00+02:00,55,ajuntament-mercat,237,71,166,70
2026-09-15T11:56:00Z,2026-09-15T13:56:00+02:00,53,dr-robert,407,121,286,70.3
2026-09-15T11:56:00Z,2026-09-15T13:56:00+02:00,54,placa-vella,297,134,163,54.9
2026-09-15T11:56:00Z,2026-09-15T13:56:00+02:00,55,ajuntament-mercat,237,71,166,70
2026-09-15T11:57:00Z,2026-09-15T13:57:00+02:00,53,dr-robert,407,121,286,70.3
2026-09-15T11:57:00Z,2026-09-15T13:57:00+02:00,54,placa-vella,297,134,163,54.9
2026-09-15T11:57:00Z,2026-09-15T13:57:00+02:00,55,ajuntament-mercat,237,71,166,70
2026-09-15T11:58:00Z,2026-09-15T13:58:00+02:00,53,dr-robert,407,121,286,70.3
2026-09-15T11:58:00Z,2026-09-15T13:58:00+02:00,54,placa-vella,297,134,163,54.9
2026-09-15T11:58:00Z,2026-09-15T13:58:00+02:00,55,ajuntament-mercat,237,71,166,70
2026-09-15T11:59:00Z,2026-09-15T13:59:00+02:00,53,dr-robert,407,121,286,70.3
2026-09-15T11:59:00Z,2026-09-15T13:59:00+02:00,54,placa-vella,297,134,163,54.9
2026-09-15T11:59:00Z,2026-09-15T13:59:00+02:00,55,ajuntament-mercat,237,71,166,70
2026-09-15T12:00:00Z,2026-09-15T14:00:00+02:00,53,dr-robert,407,121,286,70.3
2026-09-15T12:00:00Z,2026-09-15T14:00:00+02:00,54,placa-vella,297,134,163,54.9
2026-09-15T12:00:00Z,2026-09-15T14:00:00+02:00,55,ajuntament-mercat,237,71,166,70
2026-09-15T12:01:00Z,2026-09-15T14:01:00+02:00,53,dr-robert,407,125,282,69.3
2026-09-15T12:01:00Z,2026-09-15T14:01:00+02:00,54,placa-vella,297,133,164,55.2
2026-09-15T12:01:00Z,2026-09-15T14:01:00+02:00,55,ajuntament-mercat,237,77,160,67.5
2026-09-15T12:02:00Z,2026-09-15T14:02:00+02:00,53,dr-robert,407,125,282,69.3
2026-09-15T12:02:00Z,2026-09-15T14:02:00+02:00,54,placa-vella,297,133,164,55.2
2026-09-15T12:02:00Z,2026-09-15T14:02:00+02:00,55,ajuntament-mercat,237,77,160,67.5
2026-09-15T12:03:00Z,2026-09-15T14:03:00+02:00,53,dr-robert,407,125,282,69.3
2026-09-15T12:03:00Z,2026-09-15T14:03:00+02:00,54,placa-vella,297,133,164,55.2
2026-09-15T12:03:00Z,2026-09-15T14:03:00+02:00,55,ajuntament-mercat,237,77,160,67.5
2026-09-15T12:04:00Z,2026-09-15T14:04:00+02:00,53,dr-robert,407,125,282,69.3
2026-09-15T12:04:00Z,2026-09-15T14:04:00+02:00,54,placa-vella,297,133,164,55.2
2026-09-15T12:04:00Z,2026-09-15T14:04:00+02:00,55,ajuntament-mercat,237,77,160,67.5
2026-09-15T12:05:00Z,2026-09-15T14:05:00+02:00,53,dr-robert,407,132,275,67.6
2026-09-15T12:05:00Z,2026-09-15T14:05:00+02:00,54,placa-vella,297,132,165,55.6
2026-09-15T12:05:00Z,2026-09-15T14:05:00+02:00,55,ajuntament-mercat,237,79,158,66.7
2026-09-15T12:06:00Z,2026-09-15T14:06:00+02:00,53,dr-robert,407,132,275,67.6
2026-09-15T12:06:00Z,2026-09-15T14:06:00+02:00,54,placa-vella,297,132,165,55.6
2026-09-15T12:06:00Z,2026-09-15T14:06:00+02:00,55,ajuntament-mercat,237,79,158,66.7
2026-09-15T12:07:00Z,2026-09-15T14:07:00+02:00,53,dr-robert,407,132,275,67.6
2026-09-15T12:07:00Z,2026-09-15T14:07:00+02:00,54,placa-vella,297,132,165,55.6
2026-09-15T12:07:00Z,2026-09-15T14:07:00+02:00,55,ajuntament-mercat,237,79,158,66.7
2026-09-15T12:08:00Z,2026-09-15T14:08:00+02:00,53,dr-robert,407,132,275,67.6
2026-09-15T12:08:00Z,2026-09-15T14:08:00+02:00,54,placa-vella,297,132,165,55.6
2026-09-15T12:08:00Z,2026-09-15T14:08:00+02:00,55,ajuntament-mercat,237,79,158,66.7
2026-09-15T12:09:00Z,2026-09-15T14:09:00+02:00,53,dr-robert,407,132,275,67.6
2026-09-15T12:09:00Z,2026-09-15T14:09:00+02:00,54,placa-vella,297,132,165,55.6
2026-09-15T12:09:00Z,2026-09-15T14:09:00+02:00,55,ajuntament-mercat,237,79,158,66.7
2026-09-15T12:10:00Z,2026-09-15T14:10:00+02:00,53,dr-robert,407,139,268,65.8
2026-09-15T12:10:00Z,2026-09-15T14:10:00+02:00,54,placa-vella,297,140,157,52.9
2026-09-15T12:10:00Z,2026-09-15T14:10:00+02:00,55,ajuntament-mercat,237,85,152,64.1
2026-09-15T12:11:00Z,2026-09-15T14:11:00+02:00,53,dr-robert,407,139,268,65.8
2026-09-15T12:11:00Z,2026-09-15T14:11:00+02:00,54,placa-vella,297,140,157,52.9
2026-09-15T12:11:00Z,2026-09-15T14:11:00+02:00,55,ajuntament-mercat,237,85,152,64.1
2026-09-15T12:12:00Z,2026-09-15T14:12:00+02:00,53,dr-robert,407,139,268,65.8
2026-09-15T12:12:00Z,2026-09-15T14:12:00+02:00,54,placa-vella,297,140,157,52.9
2026-09-15T12:12:00Z,2026-09-15T14:12:00+02:00,55,ajuntament-mercat,237,85,152,64.1
2026-09-15T12:13:00Z,2026-09-15T14:13:00+02:00,53,dr-robert,407,139,268,65.8
2026-09-15T12:13:00Z,2026-09-15T14:13:00+02:00,54,placa-vella,297,140,157,52.9
2026-09-15T12:13:00Z,2026-09-15T14:13:00+02:00,55,ajuntament-mercat,237,85,152,64.1
2026-09-15T12:14:00Z,2026-09-15T14:14:00+02:00,53,dr-robert,407,139,268,65.8
2026-09-15T12:14:00Z,2026-09-15T14:14:00+02:00,54,placa-vella,297,140,157,52.9
2026-09-15T12:14:00Z,2026-09-15T14:14:00+02:00,55,ajuntament-mercat,237,85,152,64.1
2026-09-15T12:15:00Z,2026-09-15T14:15:00+02:00,53,dr-robert,407,139,268,65.8
2026-09-15T12:15:00Z,2026-09-15T14:15:00+02:00,54,placa-vella,297,137,160,53.9
2026-09-15T12:15:00Z,2026-09-15T14:15:00+02:00,55,ajuntament-mercat,237,87,150,63.3
2026-09-15T12:16:00Z,2026-09-15T14:16:00+02:00,53,dr-robert,407,139,268,65.8
2026-09-15T12:16:00Z,2026-09-15T14:16:00+02:00,54,placa-vella,297,137,160,53.9
2026-09-15T12:16:00Z,2026-09-15T14:16:00+02:00,55,ajuntament-mercat,237,87,150,63.3
2026-09-15T12:17:00Z,2026-09-15T14:17:00+02:00,53,dr-robert,407,139,268,65.8
2026-09-15T12:17:00Z,2026-09-15T14:17:00+02:00,54,placa-vella,297,137,160,53.9
2026-09-15T12:17:00Z,2026-09-15T14:17:00+02:00,55,ajuntament-mercat,237,87,150,63.3
2026-09-15T12:18:00Z,2026-09-15T14:18:00+02:00,53,dr-robert,407,139,268,65.8
2026-09-15T12:18:00Z,2026-09-15T14:18:00+02:00,54,placa-vella,297,137,160,53.9
2026-09-15T12:18:00Z,2026-09-15T14:18:00+02:00,55,ajuntament-mercat,237,87,150,63.3
2026-09-15T12:19:00Z,2026-09-15T14:19:00+02:00,53,dr-robert,407,139,268,65.8
2026-09-15T12:19:00Z,2026-09-15T14:19:00+02:00,54,placa-vella,297,137,160,53.9
2026-09-15T12:19:00Z,2026-09-15T14:19:00+02:00,55,ajuntament-mercat,237,87,150,63.3
2026-09-15T12:20:00Z,2026-09-15T14:20:00+02:00,53,dr-robert,407,139,268,65.8
2026-09-15T12:20:00Z,2026-09-15T14:20:00+02:00,54,placa-vella,297,140,157,52.9
2026-09-15T12:20:00Z,2026-09-15T14:20:00+02:00,55,ajuntament-mercat,237,88,149,62.9
2026-09-15T12:21:00Z,2026-09-15T14:21:00+02:00,53,dr-robert,407,139,268,65.8
2026-09-15T12:21:00Z,2026-09-15T14:21:00+02:00,54,placa-vella,297,140,157,52.9
2026-09-15T12:21:00Z,2026-09-15T14:21:00+02:00,55,ajuntament-mercat,237,88,149,62.9
2026-09-15T12:22:00Z,2026-09-15T14:22:00+02:00,53,dr-robert,407,139,268,65.8
2026-09-15T12:22:00Z,2026-09-15T14:22:00+02:00,54,placa-vella,297,140,157,52.9
2026-09-15T12:22:00Z,2026-09-15T14:22:00+02:00,55,ajuntament-mercat,237,88,149,62.9
2026-09-15T12:23:00Z,2026-09-15T14:23:00+02:00,53,dr-robert,407,139,268,65.8
2026-09-15T12:23:00Z,2026-09-15T14:23:00+02:00,54,placa-vella,297,140,157,52.9
2026-09-15T12:23:00Z,2026-09-15T14:23:00+02:00,55,ajuntament-mercat,237,88,149,62.9
2026-09-15T12:24:00Z,2026-09-15T14:24:00+02:00,53,dr-robert,407,139,268,65.8
2026-09-15T12:24:00Z,2026-09-15T14:24:00+02:00,54,placa-vella,297,140,157,52.9
2026-09-15T12:24:00Z,2026-09-15T14:24:00+02:00,55,ajuntament-mercat,237,88,149,62.9
2026-09-15T12:25:00Z,2026-09-15T14:25:00+02:00,53,dr-robert,407,137,270,66.3
2026-09-15T12:25:00Z,2026-09-15T14:25:00+02:00,54,placa-vella,297,143,154,51.9
2026-09-15T12:25:00Z,2026-09-15T14:25:00+02:00,55,ajuntament-mercat,237,90,147,62
2026-09-15T12:26:00Z,2026-09-15T14:26:00+02:00,53,dr-robert,407,137,270,66.3
2026-09-15T12:26:00Z,2026-09-15T14:26:00+02:00,54,placa-vella,297,143,154,51.9
2026-09-15T12:26:00Z,2026-09-15T14:26:00+02:00,55,ajuntament-mercat,237,90,147,62
2026-09-15T12:27:00Z,2026-09-15T14:27:00+02:00,53,dr-robert,407,137,270,66.3
2026-09-15T12:27:00Z,2026-09-15T14:27:00+02:00,54,placa-vella,297,143,154,51.9
2026-09-15T12:27:00Z,2026-09-15T14:27:00+02:00,55,ajuntament-mercat,237,90,147,62
2026-09-15T12:28:00Z,2026-09-15T14:28:00+02:00,53,dr-robert,407,137,270,66.3
2026-09-15T12:28:00Z,2026-09-15T14:28:00+02:00,54,placa-vella,297,143,154,51.9
2026-09-15T12:28:00Z,2026-09-15T14:28:00+02:00,55,ajuntament-mercat,237,90,147,62
2026-09-15T12:29:00Z,2026-09-15T14:29:00+02:00,53,dr-robert,407,137,270,66.3
2026-09-15T12:29:00Z,2026-09-15T14:29:00+02:00,54,placa-vella,297,143,154,51.9
2026-09-15T12:29:00Z,2026-09-15T14:29:00+02:00,55,ajuntament-mercat,237,90,147,62
2026-09-15T12:30:00Z,2026-09-15T14:30:00+02:00,53,dr-robert,407,137,270,66.3
2026-09-15T12:30:00Z,2026-09-15T14:30:00+02:00,54,placa-vella,297,146,151,50.8
2026-09-15T12:30:00Z,2026-09-15T14:30:00+02:00,55,ajuntament-mercat,237,91,146,61.6
2026-09-15T12:31:00Z,2026-09-15T14:31:00+02:00,53,dr-robert,407,137,270,66.3
2026-09-15T12:31:00Z,2026-09-15T14:31:00+02:00,54,placa-vella,297,146,151,50.8
2026-09-15T12:31:00Z,2026-09-15T14:31:00+02:00,55,ajuntament-mercat,237,91,146,61.6
2026-09-15T12:32:00Z,2026-09-15T14:32:00+02:00,53,dr-robert,407,137,270,66.3
2026-09-15T12:32:00Z,2026-09-15T14:32:00+02:00,54,placa-vella,297,146,151,50.8
2026-09-15T12:32:00Z,2026-09-15T14:32:00+02:00,55,ajuntament-mercat,237,91,146,61.6
2026-09-15T12:33:00Z,2026-09-15T14:33:00+02:00,53,dr-robert,407,137,270,66.3
2026-09-15T12:33:00Z,2026-09-15T14:33:00+02:00,54,placa-vella,297,146,151,50.8
2026-09-15T12:33:00Z,2026-09-15T14:33:00+02:00,55,ajuntament-mercat,237,91,146,61.6
2026-09-15T12:34:00Z,2026-09-15T14:34:00+02:00,53,dr-robert,407,137,270,66.3
2026-09-15T12:34:00Z,2026-09-15T14:34:00+02:00,54,placa-vella,297,146,151,50.8
2026-09-15T12:34:00Z,2026-09-15T14:34:00+02:00,55,ajuntament-mercat,237,91,146,61.6
2026-09-15T12:35:00Z,2026-09-15T14:35:00+02:00,53,dr-robert,407,147,260,63.9
2026-09-15T12:35:00Z,2026-09-15T14:35:00+02:00,54,placa-vella,297,145,152,51.2
2026-09-15T12:35:00Z,2026-09-15T14:35:00+02:00,55,ajuntament-mercat,237,94,143,60.3
2026-09-15T12:36:00Z,2026-09-15T14:36:00+02:00,53,dr-robert,407,147,260,63.9
2026-09-15T12:36:00Z,2026-09-15T14:36:00+02:00,54,placa-vella,297,145,152,51.2
2026-09-15T12:36:00Z,2026-09-15T14:36:00+02:00,55,ajuntament-mercat,237,94,143,60.3
2026-09-15T12:37:00Z,2026-09-15T14:37:00+02:00,53,dr-robert,407,147,260,63.9
2026-09-15T12:37:00Z,2026-09-15T14:37:00+02:00,54,placa-vella,297,145,152,51.2
2026-09-15T12:37:00Z,2026-09-15T14:37:00+02:00,55,ajuntament-mercat,237,94,143,60.3
2026-09-15T12:38:00Z,2026-09-15T14:38:00+02:00,53,dr-robert,407,147,260,63.9
2026-09-15T12:38:00Z,2026-09-15T14:38:00+02:00,54,placa-vella,297,145,152,51.2
2026-09-15T12:38:00Z,2026-09-15T14:38:00+02:00,55,ajuntament-mercat,237,94,143,60.3
2026-09-15T12:39:00Z,2026-09-15T14:39:00+02:00,53,dr-robert,407,147,260,63.9
2026-09-15T12:39:00Z,2026-09-15T14:39:00+02:00,54,placa-vella,297,145,152,51.2
2026-09-15T12:39:00Z,2026-09-15T14:39:00+02:00,55,ajuntament-mercat,237,94,143,60.3
2026-09-15T12:40:00Z,2026-09-15T14:40:00+02:00,53,dr-robert,407,152,255,62.7
2026-09-15T12:40:00Z,2026-09-15T14:40:00+02:00,54,placa-vella,297,145,152,51.2
2026-09-15T12:40:00Z,2026-09-15T14:40:00+02:00,55,ajuntament-mercat,237,95,142,59.9
2026-09-15T12:41:00Z,2026-09-15T14:41:00+02:00,53,dr-robert,407,152,255,62.7
2026-09-15T12:41:00Z,2026-09-15T14:41:00+02:00,54,placa-vella,297,145,152,51.2
2026-09-15T12:41:00Z,2026-09-15T14:41:00+02:00,55,ajuntament-mercat,237,95,142,59.9
2026-09-15T12:42:00Z,2026-09-15T14:42:00+02:00,53,dr-robert,407,152,255,62.7
2026-09-15T12:42:00Z,2026-09-15T14:42:00+02:00,54,placa-vella,297,145,152,51.2
2026-09-15T12:42:00Z,2026-09-15T14:42:00+02:00,55,ajuntament-mercat,237,95,142,59.9
2026-09-15T12:43:00Z,2026-09-15T14:43:00+02:00,53,dr-robert,407,152,255,62.7
2026-09-15T12:43:00Z,2026-09-15T14:43:00+02:00,54,placa-vella,297,145,152,51.2
2026-09-15T12:43:00Z,2026-09-15T14:43:00+02:00,55,ajuntament-mercat,237,95,142,59.9
2026-09-15T12:44:00Z,2026-09-15T14:44:00+02:00,53,dr-robert,407,152,255,62.7
2026-09-15T12:44:00Z,2026-09-15T14:44:00+02:00,54,placa-vella,297,145,152,51.2
2026-09-15T12:44:00Z,2026-09-15T14:44:00+02:00,55,ajuntament-mercat,237,95,142,59.9
2026-09-15T12:45:00Z,2026-09-15T14:45:00+02:00,53,dr-robert,407,154,253,62.2
2026-09-15T12:45:00Z,2026-09-15T14:45:00+02:00,54,placa-vella,297,146,151,50.8
2026-09-15T12:45:00Z,2026-09-15T14:45:00+02:00,55,ajuntament-mercat,237,94,143,60.3
2026-09-15T12:46:00Z,2026-09-15T14:46:00+02:00,53,dr-robert,407,154,253,62.2
2026-09-15T12:46:00Z,2026-09-15T14:46:00+02:00,54,placa-vella,297,146,151,50.8
2026-09-15T12:46:00Z,2026-09-15T14:46:00+02:00,55,ajuntament-mercat,237,94,143,60.3
2026-09-15T12:47:00Z,2026-09-15T14:47:00+02:00,53,dr-robert,407,154,253,62.2
2026-09-15T12:47:00Z,2026-09-15T14:47:00+02:00,54,placa-vella,297,146,151,50.8
2026-09-15T12:47:00Z,2026-09-15T14:47:00+02:00,55,ajuntament-mercat,237,94,143,60.3
2026-09-15T12:48:00Z,2026-09-15T14:48:00+02:00,53,dr-robert,407,154,253,62.2
2026-09-15T12:48:00Z,2026-09-15T14:48:00+02:00,54,placa-vella,297,146,151,50.8
2026-09-15T12:48:00Z,2026-09-15T14:48:00+02:00,55,ajuntament-mercat,237,94,143,60.3
2026-09-15T12:49:00Z,2026-09-15T14:49:00+02:00,53,dr-robert,407,154,253,62.2
2026-09-15T12:49:00Z,2026-09-15T14:49:00+02:00,54,placa-vella,297,146,151,50.8
2026-09-15T12:49:00Z,2026-09-15T14:49:00+02:00,55,ajuntament-mercat,237,94,143,60.3
2026-09-15T12:50:00Z,2026-09-15T14:50:00+02:00,53,dr-robert,407,154,253,62.2
2026-09-15T12:50:00Z,2026-09-15T14:50:00+02:00,54,placa-vella,297,148,149,50.2
2026-09-15T12:50:00Z,2026-09-15T14:50:00+02:00,55,ajuntament-mercat,237,95,142,59.9
2026-09-15T12:51:00Z,2026-09-15T14:51:00+02:00,53,dr-robert,407,154,253,62.2
2026-09-15T12:51:00Z,2026-09-15T14:51:00+02:00,54,placa-vella,297,148,149,50.2
2026-09-15T12:51:00Z,2026-09-15T14:51:00+02:00,55,ajuntament-mercat,237,95,142,59.9
2026-09-15T12:52:00Z,2026-09-15T14:52:00+02:00,53,dr-robert,407,154,253,62.2
2026-09-15T12:52:00Z,2026-09-15T14:52:00+02:00,54,placa-vella,297,148,149,50.2
2026-09-15T12:52:00Z,2026-09-15T14:52:00+02:00,55,ajuntament-mercat,237,95,142,59.9
2026-09-15T12:53:00Z,2026-09-15T14:53:00+02:00,53,dr-robert,407,154,253,62.2
2026-09-15T12:53:00Z,2026-09-15T14:53:00+02:00,54,placa-vella,297,148,149,50.2
2026-09-15T12:53:00Z,2026-09-15T14:53:00+02:00,55,ajuntament-mercat,237,95,142,59.9
2026-09-15T12:54:00Z,2026-09-15T14:54:00+02:00,53,dr-robert,407,154,253,62.2
2026-09-15T12:54:00Z,2026-09-15T14:54:00+02:00,54,placa-vella,297,148,149,50.2
2026-09-15T12:54:00Z,2026-09-15T14:54:00+02:00,55,ajuntament-mercat,237,95,142,59.9
2026-09-15T12:55:00Z,2026-09-15T14:55:00+02:00,53,dr-robert,407,151,256,62.9
2026-09-15T12:55:00Z,2026-09-15T14:55:00+02:00,54,placa-vella,297,151,146,49.2
2026-09-15T12:55:00Z,2026-09-15T14:55:00+02:00,55,ajuntament-mercat,237,94,143,60.3
2026-09-15T12:56:00Z,2026-09-15T14:56:00+02:00,53,dr-robert,407,151,256,62.9
2026-09-15T12:56:00Z,2026-09-15T14:56:00+02:00,54,placa-vella,297,151,146,49.2
2026-09-15T12:56:00Z,2026-09-15T14:56:00+02:00,55,ajuntament-mercat,237,94,143,60.3
2026-09-15T12:57:00Z,2026-09-15T14:57:00+02:00,53,dr-robert,407,151,256,62.9
2026-09-15T12:57:00Z,2026-09-15T14:57:00+02:00,54,placa-vella,297,151,146,49.2
2026-09-15T12:57:00Z,2026-09-15T14:57:00+02:00,55,ajuntament-mercat,237,94,143,60.3
2026-09-15T12:58:00Z,2026-09-15T14:58:00+02:00,53,dr-robert,407,151,256,62.9
2026-09-15T12:58:00Z,2026-09-15T14:58:00+02:00,54,placa-vella,297,151,146,49.2
2026-09-15T12:58:00Z,2026-09-15T14:58:00+02:00,55,ajuntament-mercat,237,94,143,60.3
2026-09-15T12:59:00Z,2026-09-15T14:59:00+02:00,53,dr-robert,407,151,256,62.9
2026-09-15T12:59:00Z,2026-09-15T14:59:00+02:00,54,placa-vella,297,151,146,49.2
2026-09-15T12:59:00Z,2026-09-15T14:59:00+02:00,55,ajuntament-mercat,237,94,143,60.3
2026-09-15T13:00:00Z,2026-09-15T15:00:00+02:00,53,dr-robert,407,151,256,62.9
2026-09-15T13:00:00Z,2026-09-15T15:00:00+02:00,54,placa-vella,297,151,146,49.2
2026-09-15T13:00:00Z,2026-09-15T15:00:00+02:00,55,ajuntament-mercat,237,94,143,60.3
2026-09-15T13:01:00Z,2026-09-15T15:01:00+02:00,53,dr-robert,407,150,257,63.1
2026-09-15T13:01:00Z,2026-09-15T15:01:00+02:00,54,placa-vella,297,154,143,48.1
2026-09-15T13:01:00Z,2026-09-15T15:01:00+02:00,55,ajuntament-mercat,237,95,142,59.9
2026-09-15T13:02:00Z,2026-09-15T15:02:00+02:00,53,dr-robert,407,150,257,63.1
2026-09-15T13:02:00Z,2026-09-15T15:02:00+02:00,54,placa-vella,297,154,143,48.1
2026-09-15T13:02:00Z,2026-09-15T15:02:00+02:00,55,ajuntament-mercat,237,95,142,59.9
2026-09-15T13:03:00Z,2026-09-15T15:03:00+02:00,53,dr-robert,407,150,257,63.1
2026-09-15T13:03:00Z,2026-09-15T15:03:00+02:00,54,placa-vella,297,154,143,48.1
2026-09-15T13:03:00Z,2026-09-15T15:03:00+02:00,55,ajuntament-mercat,237,95,142,59.9
2026-09-15T13:04:00Z,2026-09-15T15:04:00+02:00,53,dr-robert,407,150,257,63.1
2026-09-15T13:04:00Z,2026-09-15T15:04:00+02:00,54,placa-vella,297,154,143,48.1
2026-09-15T13:04:00Z,2026-09-15T15:04:00+02:00,55,ajuntament-mercat,237,95,142,59.9
2026-09-15T13:05:00Z,2026-09-15T15:05:00+02:00,53,dr-robert,407,149,258,63.4
2026-09-15T13:05:00Z,2026-09-15T15:05:00+02:00,54,placa-vella,297,159,138,46.5
2026-09-15T13:05:00Z,2026-09-15T15:05:00+02:00,55,ajuntament-mercat,237,100,137,57.8
2026-09-15T13:06:00Z,2026-09-15T15:06:00+02:00,53,dr-robert,407,149,258,63.4
2026-09-15T13:06:00Z,2026-09-15T15:06:00+02:00,54,placa-vella,297,159,138,46.5
2026-09-15T13:06:00Z,2026-09-15T15:06:00+02:00,55,ajuntament-mercat,237,100,137,57.8
2026-09-15T13:07:00Z,2026-09-15T15:07:00+02:00,53,dr-robert,407,149,258,63.4
2026-09-15T13:07:00Z,2026-09-15T15:07:00+02:00,54,placa-vella,297,159,138,46.5
2026-09-15T13:07:00Z,2026-09-15T15:07:00+02:00,55,ajuntament-mercat,237,100,137,57.8
2026-09-15T13:08:00Z,2026-09-15T15:08:00+02:00,53,dr-robert,407,149,258,63.4
2026-09-15T13:08:00Z,2026-09-15T15:08:00+02:00,54,placa-vella,297,159,138,46.5
2026-09-15T13:08:00Z,2026-09-15T15:08:00+02:00,55,ajuntament-mercat,237,100,137,57.8
2026-09-15T13:09:00Z,2026-09-15T15:09:00+02:00,53,dr-robert,407,149,258,63.4
2026-09-15T13:09:00Z,2026-09-15T15:09:00+02:00,54,placa-vella,297,159,138,46.5
2026-09-15T13:09:00Z,2026-09-15T15:09:00+02:00,55,ajuntament-mercat,237,100,137,57.8
2026-09-15T13:10:00Z,2026-09-15T15:10:00+02:00,53,dr-robert,407,153,254,62.4
2026-09-15T13:10:00Z,2026-09-15T15:10:00+02:00,54,placa-vella,297,163,134,45.1
2026-09-15T13:10:00Z,2026-09-15T15:10:00+02:00,55,ajuntament-mercat,237,100,137,57.8
2026-09-15T13:11:00Z,2026-09-15T15:11:00+02:00,53,dr-robert,407,153,254,62.4
2026-09-15T13:11:00Z,2026-09-15T15:11:00+02:00,54,placa-vella,297,163,134,45.1
2026-09-15T13:11:00Z,2026-09-15T15:11:00+02:00,55,ajuntament-mercat,237,100,137,57.8
2026-09-15T13:12:00Z,2026-09-15T15:12:00+02:00,53,dr-robert,407,153,254,62.4
2026-09-15T13:12:00Z,2026-09-15T15:12:00+02:00,54,placa-vella,297,163,134,45.1
2026-09-15T13:12:00Z,2026-09-15T15:12:00+02:00,55,ajuntament-mercat,237,100,137,57.8
2026-09-15T13:13:00Z,2026-09-15T15:13:00+02:00,53,dr-robert,407,153,254,62.4
2026-09-15T13:13:00Z,2026-09-15T15:13:00+02:00,54,placa-vella,297,163,134,45.1
2026-09-15T13:13:00Z,2026-09-15T15:13:00+02:00,55,ajuntament-mercat,237,100,137,57.8
2026-09-15T13:14:00Z,2026-09-15T15:14:00+02:00,53,dr-robert,407,153,254,62.4
2026-09-15T13:14:00Z,2026-09-15T15:14:00+02:00,54,placa-vella,297,163,134,45.1
2026-09-15T13:14:00Z,2026-09-15T15:14:00+02:00,55,ajuntament-mercat,237,100,137,57.8
2026-09-15T13:15:00Z,2026-09-15T15:15:00+02:00,53,dr-robert,407,145,262,64.4
2026-09-15T13:15:00Z,2026-09-15T15:15:00+02:00,54,placa-vella,297,160,137,46.1
2026-09-15T13:15:00Z,2026-09-15T15:15:00+02:00,55,ajuntament-mercat,237,106,131,55.3
2026-09-15T13:16:00Z,2026-09-15T15:16:00+02:00,53,dr-robert,407,145,262,64.4
2026-09-15T13:16:00Z,2026-09-15T15:16:00+02:00,54,placa-vella,297,160,137,46.1
2026-09-15T13:16:00Z,2026-09-15T15:16:00+02:00,55,ajuntament-mercat,237,106,131,55.3
2026-09-15T13:17:00Z,2026-09-15T15:17:00+02:00,53,dr-robert,407,145,262,64.4
2026-09-15T13:17:00Z,2026-09-15T15:17:00+02:00,54,placa-vella,297,160,137,46.1
2026-09-15T13:17:00Z,2026-09-15T15:17:00+02:00,55,ajuntament-mercat,237,106,131,55.3
2026-09-15T13:18:00Z,2026-09-15T15:18:00+02:00,53,dr-robert,407,145,262,64.4
2026-09-15T13:18:00Z,2026-09-15T15:18:00+02:00,54,placa-vella,297,160,137,46.1
2026-09-15T13:18:00Z,2026-09-15T15:18:00+02:00,55,ajuntament-mercat,237,106,131,55.3
2026-09-15T13:19:00Z,2026-09-15T15:19:00+02:00,53,dr-robert,407,145,262,64.4
2026-09-15T13:19:00Z,2026-09-15T15:19:00+02:00,54,placa-vella,297,160,137,46.1
2026-09-15T13:19:00Z,2026-09-15T15:19:00+02:00,55,ajuntament-mercat,237,106,131,55.3
2026-09-15T13:20:00Z,2026-09-15T15:20:00+02:00,53,dr-robert,407,144,263,64.6
2026-09-15T13:20:00Z,2026-09-15T15:20:00+02:00,54,placa-vella,297,159,138,46.5
2026-09-15T13:20:00Z,2026-09-15T15:20:00+02:00,55,ajuntament-mercat,237,107,130,54.9
2026-09-15T13:21:00Z,2026-09-15T15:21:00+02:00,53,dr-robert,407,144,263,64.6
2026-09-15T13:21:00Z,2026-09-15T15:21:00+02:00,54,placa-vella,297,159,138,46.5
2026-09-15T13:21:00Z,2026-09-15T15:21:00+02:00,55,ajuntament-mercat,237,107,130,54.9
2026-09-15T13:22:00Z,2026-09-15T15:22:00+02:00,53,dr-robert,407,144,263,64.6
2026-09-15T13:22:00Z,2026-09-15T15:22:00+02:00,54,placa-vella,297,159,138,46.5
2026-09-15T13:22:00Z,2026-09-15T15:22:00+02:00,55,ajuntament-mercat,237,107,130,54.9
2026-09-15T13:23:00Z,2026-09-15T15:23:00+02:00,53,dr-robert,407,144,263,64.6
2026-09-15T13:23:00Z,2026-09-15T15:23:00+02:00,54,placa-vella,297,159,138,46.5
2026-09-15T13:23:00Z,2026-09-15T15:23:00+02:00,55,ajuntament-mercat,237,107,130,54.9
2026-09-15T13:24:00Z,2026-09-15T15:24:00+02:00,53,dr-robert,407,144,263,64.6
2026-09-15T13:24:00Z,2026-09-15T15:24:00+02:00,54,placa-vella,297,159,138,46.5
2026-09-15T13:24:00Z,2026-09-15T15:24:00+02:00,55,ajuntament-mercat,237,107,130,54.9
2026-09-15T13:25:00Z,2026-09-15T15:25:00+02:00,53,dr-robert,407,143,264,64.9
2026-09-15T13:25:00Z,2026-09-15T15:25:00+02:00,54,placa-vella,297,161,136,45.8
2026-09-15T13:25:00Z,2026-09-15T15:25:00+02:00,55,ajuntament-mercat,237,109,128,54
2026-09-15T13:26:00Z,2026-09-15T15:26:00+02:00,53,dr-robert,407,143,264,64.9
2026-09-15T13:26:00Z,2026-09-15T15:26:00+02:00,54,placa-vella,297,161,136,45.8
2026-09-15T13:26:00Z,2026-09-15T15:26:00+02:00,55,ajuntament-mercat,237,109,128,54
2026-09-15T13:27:00Z,2026-09-15T15:27:00+02:00,53,dr-robert,407,143,264,64.9
2026-09-15T13:27:00Z,2026-09-15T15:27:00+02:00,54,placa-vella,297,161,136,45.8
2026-09-15T13:27:00Z,2026-09-15T15:27:00+02:00,55,ajuntament-mercat,237,109,128,54
2026-09-15T13:28:00Z,2026-09-15T15:28:00+02:00,53,dr-robert,407,143,264,64.9
2026-09-15T13:28:00Z,2026-09-15T15:28:00+02:00,54,placa-vella,297,161,136,45.8
2026-09-15T13:28:00Z,2026-09-15T15:28:00+02:00,55,ajuntament-mercat,237,109,128,54
2026-09-15T13:29:00Z,2026-09-15T15:29:00+02:00,53,dr-robert,407,143,264,64.9
2026-09-15T13:29:00Z,2026-09-15T15:29:00+02:00,54,placa-vella,297,161,136,45.8
2026-09-15T13:29:00Z,2026-09-15T15:29:00+02:00,55,ajuntament-mercat,237,109,128,54
2026-09-15T13:30:00Z,2026-09-15T15:30:00+02:00,53,dr-robert,407,148,259,63.6
2026-09-15T13:30:00Z,2026-09-15T15:30:00+02:00,54,placa-vella,297,160,137,46.1
2026-09-15T13:30:00Z,2026-09-15T15:30:00+02:00,55,ajuntament-mercat,237,113,124,52.3
2026-09-15T13:31:00Z,2026-09-15T15:31:00+02:00,53,dr-robert,407,148,259,63.6
2026-09-15T13:31:00Z,2026-09-15T15:31:00+02:00,54,placa-vella,297,160,137,46.1
2026-09-15T13:31:00Z,2026-09-15T15:31:00+02:00,55,ajuntament-mercat,237,113,124,52.3
2026-09-15T13:32:00Z,2026-09-15T15:32:00+02:00,53,dr-robert,407,148,259,63.6
2026-09-15T13:32:00Z,2026-09-15T15:32:00+02:00,54,placa-vella,297,160,137,46.1
2026-09-15T13:32:00Z,2026-09-15T15:32:00+02:00,55,ajuntament-mercat,237,113,124,52.3
2026-09-15T13:33:00Z,2026-09-15T15:33:00+02:00,53,dr-robert,407,148,259,63.6
2026-09-15T13:33:00Z,2026-09-15T15:33:00+02:00,54,placa-vella,297,160,137,46.1
2026-09-15T13:33:00Z,2026-09-15T15:33:00+02:00,55,ajuntament-mercat,237,113,124,52.3
2026-09-15T13:34:00Z,2026-09-15T15:34:00+02:00,53,dr-robert,407,148,259,63.6
2026-09-15T13:34:00Z,2026-09-15T15:34:00+02:00,54,placa-vella,297,160,137,46.1
2026-09-15T13:34:00Z,2026-09-15T15:34:00+02:00,55,ajuntament-mercat,237,113,124,52.3
2026-09-15T13:35:00Z,2026-09-15T15:35:00+02:00,53,dr-robert,407,145,262,64.4
2026-09-15T13:35:00Z,2026-09-15T15:35:00+02:00,54,placa-vella,297,158,139,46.8
2026-09-15T13:35:00Z,2026-09-15T15:35:00+02:00,55,ajuntament-mercat,237,115,122,51.5
2026-09-15T13:36:00Z,2026-09-15T15:36:00+02:00,53,dr-robert,407,145,262,64.4
2026-09-15T13:36:00Z,2026-09-15T15:36:00+02:00,54,placa-vella,297,158,139,46.8
2026-09-15T13:36:00Z,2026-09-15T15:36:00+02:00,55,ajuntament-mercat,237,115,122,51.5
2026-09-15T13:37:00Z,2026-09-15T15:37:00+02:00,53,dr-robert,407,145,262,64.4
2026-09-15T13:37:00Z,2026-09-15T15:37:00+02:00,54,placa-vella,297,158,139,46.8
2026-09-15T13:37:00Z,2026-09-15T15:37:00+02:00,55,ajuntament-mercat,237,115,122,51.5
2026-09-15T13:38:00Z,2026-09-15T15:38:00+02:00,53,dr-robert,407,145,262,64.4
2026-09-15T13:38:00Z,2026-09-15T15:38:00+02:00,54,placa-vella,297,158,139,46.8
2026-09-15T13:38:00Z,2026-09-15T15:38:00+02:00,55,ajuntament-mercat,237,115,122,51.5
2026-09-15T13:39:00Z,2026-09-15T15:39:00+02:00,53,dr-robert,407,145,262,64.4
2026-09-15T13:39:00Z,2026-09-15T15:39:00+02:00,54,placa-vella,297,158,139,46.8
2026-09-15T13:39:00Z,2026-09-15T15:39:00+02:00,55,ajuntament-mercat,237,115,122,51.5
2026-09-15T13:40:00Z,2026-09-15T15:40:00+02:00,53,dr-robert,407,142,265,65.1
2026-09-15T13:40:00Z,2026-09-15T15:40:00+02:00,54,placa-vella,297,156,141,47.5
2026-09-15T13:40:00Z,2026-09-15T15:40:00+02:00,55,ajuntament-mercat,237,117,120,50.6
2026-09-15T13:41:00Z,2026-09-15T15:41:00+02:00,53,dr-robert,407,142,265,65.1
2026-09-15T13:41:00Z,2026-09-15T15:41:00+02:00,54,placa-vella,297,156,141,47.5
2026-09-15T13:41:00Z,2026-09-15T15:41:00+02:00,55,ajuntament-mercat,237,117,120,50.6
2026-09-15T13:42:00Z,2026-09-15T15:42:00+02:00,53,dr-robert,407,142,265,65.1
2026-09-15T13:42:00Z,2026-09-15T15:42:00+02:00,54,placa-vella,297,156,141,47.5
2026-09-15T13:42:00Z,2026-09-15T15:42:00+02:00,55,ajuntament-mercat,237,117,120,50.6
2026-09-15T13:43:00Z,2026-09-15T15:43:00+02:00,53,dr-robert,407,142,265,65.1
2026-09-15T13:43:00Z,2026-09-15T15:43:00+02:00,54,placa-vella,297,156,141,47.5
2026-09-15T13:43:00Z,2026-09-15T15:43:00+02:00,55,ajuntament-mercat,237,117,120,50.6
2026-09-15T13:44:00Z,2026-09-15T15:44:00+02:00,53,dr-robert,407,142,265,65.1
2026-09-15T13:44:00Z,2026-09-15T15:44:00+02:00,54,placa-vella,297,156,141,47.5
2026-09-15T13:44:00Z,2026-09-15T15:44:00+02:00,55,ajuntament-mercat,237,117,120,50.6
2026-09-15T13:45:00Z,2026-09-15T15:45:00+02:00,53,dr-robert,407,145,262,64.4
2026-09-15T13:45:00Z,2026-09-15T15:45:00+02:00,54,placa-vella,297,155,142,47.8
2026-09-15T13:45:00Z,2026-09-15T15:45:00+02:00,55,ajuntament-mercat,237,119,118,49.8
2026-09-15T13:46:00Z,2026-09-15T15:46:00+02:00,53,dr-robert,407,145,262,64.4
2026-09-15T13:46:00Z,2026-09-15T15:46:00+02:00,54,placa-vella,297,155,142,47.8
2026-09-15T13:46:00Z,2026-09-15T15:46:00+02:00,55,ajuntament-mercat,237,119,118,49.8
2026-09-15T13:47:00Z,2026-09-15T15:47:00+02:00,53,dr-robert,407,145,262,64.4
2026-09-15T13:47:00Z,2026-09-15T15:47:00+02:00,54,placa-vella,297,155,142,47.8
2026-09-15T13:47:00Z,2026-09-15T15:47:00+02:00,55,ajuntament-mercat,237,119,118,49.8
2026-09-15T13:48:00Z,2026-09-15T15:48:00+02:00,53,dr-robert,407,145,262,64.4
2026-09-15T13:48:00Z,2026-09-15T15:48:00+02:00,54,placa-vella,297,155,142,47.8
2026-09-15T13:48:00Z,2026-09-15T15:48:00+02:00,55,ajuntament-mercat,237,119,118,49.8
2026-09-15T13:49:00Z,2026-09-15T15:49:00+02:00,53,dr-robert,407,145,262,64.4
2026-09-15T13:49:00Z,2026-09-15T15:49:00+02:00,54,placa-vella,297,155,142,47.8
2026-09-15T13:49:00Z,2026-09-15T15:49:00+02:00,55,ajuntament-mercat,237,119,118,49.8
2026-09-15T13:50:00Z,2026-09-15T15:50:00+02:00,53,dr-robert,407,148,259,63.6
2026-09-15T13:50:00Z,2026-09-15T15:50:00+02:00,54,placa-vella,297,154,143,48.1
2026-09-15T13:50:00Z,2026-09-15T15:50:00+02:00,55,ajuntament-mercat,237,119,118,49.8
2026-09-15T13:51:00Z,2026-09-15T15:51:00+02:00,53,dr-robert,407,148,259,63.6
2026-09-15T13:51:00Z,2026-09-15T15:51:00+02:00,54,placa-vella,297,154,143,48.1
2026-09-15T13:51:00Z,2026-09-15T15:51:00+02:00,55,ajuntament-mercat,237,119,118,49.8
2026-09-15T13:52:00Z,2026-09-15T15:52:00+02:00,53,dr-robert,407,148,259,63.6
2026-09-15T13:52:00Z,2026-09-15T15:52:00+02:00,54,placa-vella,297,154,143,48.1
2026-09-15T13:52:00Z,2026-09-15T15:52:00+02:00,55,ajuntament-mercat,237,119,118,49.8
2026-09-15T13:53:00Z,2026-09-15T15:53:00+02:00,53,dr-robert,407,148,259,63.6
2026-09-15T13:53:00Z,2026-09-15T15:53:00+02:00,54,placa-vella,297,154,143,48.1
2026-09-15T13:53:00Z,2026-09-15T15:53:00+02:00,55,ajuntament-mercat,237,119,118,49.8
2026-09-15T13:54:00Z,2026-09-15T15:54:00+02:00,53,dr-robert,407,148,259,63.6
2026-09-15T13:54:00Z,2026-09-15T15:54:00+02:00,54,placa-vella,297,154,143,48.1
2026-09-15T13:54:00Z,2026-09-15T15:54:00+02:00,55,ajuntament-mercat,237,119,118,49.8
2026-09-15T13:55:00Z,2026-09-15T15:55:00+02:00,53,dr-robert,407,150,257,63.1
2026-09-15T13:55:00Z,2026-09-15T15:55:00+02:00,54,placa-vella,297,156,141,47.5
2026-09-15T13:55:00Z,2026-09-15T15:55:00+02:00,55,ajuntament-mercat,237,121,116,48.9
2026-09-15T13:56:00Z,2026-09-15T15:56:00+02:00,53,dr-robert,407,150,257,63.1
2026-09-15T13:56:00Z,2026-09-15T15:56:00+02:00,54,placa-vella,297,156,141,47.5
2026-09-15T13:56:00Z,2026-09-15T15:56:00+02:00,55,ajuntament-mercat,237,121,116,48.9
2026-09-15T13:57:00Z,2026-09-15T15:57:00+02:00,53,dr-robert,407,150,257,63.1
2026-09-15T13:57:00Z,2026-09-15T15:57:00+02:00,54,placa-vella,297,156,141,47.5
2026-09-15T13:57:00Z,2026-09-15T15:57:00+02:00,55,ajuntament-mercat,237,121,116,48.9
2026-09-15T13:58:00Z,2026-09-15T15:58:00+02:00,53,dr-robert,407,150,257,63.1
2026-09-15T13:58:00Z,2026-09-15T15:58:00+02:00,54,placa-vella,297,156,141,47.5
2026-09-15T13:58:00Z,2026-09-15T15:58:00+02:00,55,ajuntament-mercat,237,121,116,48.9
2026-09-15T13:59:00Z,2026-09-15T15:59:00+02:00,53,dr-robert,407,150,257,63.1
2026-09-15T13:59:00Z,2026-09-15T15:59:00+02:00,54,placa-vella,297,156,141,47.5
2026-09-15T13:59:00Z,2026-09-15T15:59:00+02:00,55,ajuntament-mercat,237,121,116,48.9
2026-09-15T14:00:00Z,2026-09-15T16:00:00+02:00,53,dr-robert,407,149,258,63.4
2026-09-15T14:00:00Z,2026-09-15T16:00:00+02:00,54,placa-vella,297,148,149,50.2
2026-09-15T14:00:00Z,2026-09-15T16:00:00+02:00,55,ajuntament-mercat,237,121,116,48.9
2026-09-15T14:01:00Z,2026-09-15T16:01:00+02:00,53,dr-robert,407,149,258,63.4
2026-09-15T14:01:00Z,2026-09-15T16:01:00+02:00,54,placa-vella,297,148,149,50.2
2026-09-15T14:01:00Z,2026-09-15T16:01:00+02:00,55,ajuntament-mercat,237,121,116,48.9
2026-09-15T14:02:00Z,2026-09-15T16:02:00+02:00,53,dr-robert,407,149,258,63.4
2026-09-15T14:02:00Z,2026-09-15T16:02:00+02:00,54,placa-vella,297,148,149,50.2
2026-09-15T14:02:00Z,2026-09-15T16:02:00+02:00,55,ajuntament-mercat,237,121,116,48.9
2026-09-15T14:03:00Z,2026-09-15T16:03:00+02:00,53,dr-robert,407,149,258,63.4
2026-09-15T14:03:00Z,2026-09-15T16:03:00+02:00,54,placa-vella,297,148,149,50.2
2026-09-15T14:03:00Z,2026-09-15T16:03:00+02:00,55,ajuntament-mercat,237,121,116,48.9
2026-09-15T14:04:00Z,2026-09-15T16:04:00+02:00,53,dr-robert,407,149,258,63.4
2026-09-15T14:04:00Z,2026-09-15T16:04:00+02:00,54,placa-vella,297,148,149,50.2
2026-09-15T14:04:00Z,2026-09-15T16:04:00+02:00,55,ajuntament-mercat,237,121,116,48.9
2026-09-15T14:05:00Z,2026-09-15T16:05:00+02:00,53,dr-robert,407,150,257,63.1
2026-09-15T14:05:00Z,2026-09-15T16:05:00+02:00,54,placa-vella,297,149,148,49.8
2026-09-15T14:05:00Z,2026-09-15T16:05:00+02:00,55,ajuntament-mercat,237,122,115,48.5
2026-09-15T14:06:00Z,2026-09-15T16:06:00+02:00,53,dr-robert,407,150,257,63.1
2026-09-15T14:06:00Z,2026-09-15T16:06:00+02:00,54,placa-vella,297,149,148,49.8
2026-09-15T14:06:00Z,2026-09-15T16:06:00+02:00,55,ajuntament-mercat,237,122,115,48.5
2026-09-15T14:07:00Z,2026-09-15T16:07:00+02:00,53,dr-robert,407,150,257,63.1
2026-09-15T14:07:00Z,2026-09-15T16:07:00+02:00,54,placa-vella,297,149,148,49.8
2026-09-15T14:07:00Z,2026-09-15T16:07:00+02:00,55,ajuntament-mercat,237,122,115,48.5
2026-09-15T14:08:00Z,2026-09-15T16:08:00+02:00,53,dr-robert,407,150,257,63.1
2026-09-15T14:08:00Z,2026-09-15T16:08:00+02:00,54,placa-vella,297,149,148,49.8
2026-09-15T14:08:00Z,2026-09-15T16:08:00+02:00,55,ajuntament-mercat,237,122,115,48.5
2026-09-15T14:09:00Z,2026-09-15T16:09:00+02:00,53,dr-robert,407,150,257,63.1
2026-09-15T14:09:00Z,2026-09-15T16:09:00+02:00,54,placa-vella,297,149,148,49.8
2026-09-15T14:09:00Z,2026-09-15T16:09:00+02:00,55,ajuntament-mercat,237,122,115,48.5
2026-09-15T14:10:00Z,2026-09-15T16:10:00+02:00,53,dr-robert,407,148,259,63.6
2026-09-15T14:10:00Z,2026-09-15T16:10:00+02:00,54,placa-vella,297,152,145,48.8
2026-09-15T14:10:00Z,2026-09-15T16:10:00+02:00,55,ajuntament-mercat,237,124,113,47.7
2026-09-15T14:11:00Z,2026-09-15T16:11:00+02:00,53,dr-robert,407,148,259,63.6
2026-09-15T14:11:00Z,2026-09-15T16:11:00+02:00,54,placa-vella,297,152,145,48.8
2026-09-15T14:11:00Z,2026-09-15T16:11:00+02:00,55,ajuntament-mercat,237,124,113,47.7
2026-09-15T14:12:00Z,2026-09-15T16:12:00+02:00,53,dr-robert,407,148,259,63.6
2026-09-15T14:12:00Z,2026-09-15T16:12:00+02:00,54,placa-vella,297,152,145,48.8
2026-09-15T14:12:00Z,2026-09-15T16:12:00+02:00,55,ajuntament-mercat,237,124,113,47.7
2026-09-15T14:13:00Z,2026-09-15T16:13:00+02:00,53,dr-robert,407,148,259,63.6
2026-09-15T14:13:00Z,2026-09-15T16:13:00+02:00,54,placa-vella,297,152,145,48.8
2026-09-15T14:13:00Z,2026-09-15T16:13:00+02:00,55,ajuntament-mercat,237,124,113,47.7
2026-09-15T14:14:00Z,2026-09-15T16:14:00+02:00,53,dr-robert,407,148,259,63.6
2026-09-15T14:14:00Z,2026-09-15T16:14:00+02:00,54,placa-vella,297,152,145,48.8
2026-09-15T14:14:00Z,2026-09-15T16:14:00+02:00,55,ajuntament-mercat,237,124,113,47.7
2026-09-15T14:15:00Z,2026-09-15T16:15:00+02:00,53,dr-robert,407,151,256,62.9
2026-09-15T14:15:00Z,2026-09-15T16:15:00+02:00,54,placa-vella,297,156,141,47.5
2026-09-15T14:15:00Z,2026-09-15T16:15:00+02:00,55,ajuntament-mercat,237,122,115,48.5
2026-09-15T14:16:00Z,2026-09-15T16:16:00+02:00,53,dr-robert,407,151,256,62.9
2026-09-15T14:16:00Z,2026-09-15T16:16:00+02:00,54,placa-vella,297,156,141,47.5
2026-09-15T14:16:00Z,2026-09-15T16:16:00+02:00,55,ajuntament-mercat,237,122,115,48.5
2026-09-15T14:17:00Z,2026-09-15T16:17:00+02:00,53,dr-robert,407,151,256,62.9
2026-09-15T14:17:00Z,2026-09-15T16:17:00+02:00,54,placa-vella,297,156,141,47.5
2026-09-15T14:17:00Z,2026-09-15T16:17:00+02:00,55,ajuntament-mercat,237,122,115,48.5
2026-09-15T14:18:00Z,2026-09-15T16:18:00+02:00,53,dr-robert,407,151,256,62.9
2026-09-15T14:18:00Z,2026-09-15T16:18:00+02:00,54,placa-vella,297,156,141,47.5
2026-09-15T14:18:00Z,2026-09-15T16:18:00+02:00,55,ajuntament-mercat,237,122,115,48.5
2026-09-15T14:19:00Z,2026-09-15T16:19:00+02:00,53,dr-robert,407,151,256,62.9
2026-09-15T14:19:00Z,2026-09-15T16:19:00+02:00,54,placa-vella,297,156,141,47.5
2026-09-15T14:19:00Z,2026-09-15T16:19:00+02:00,55,ajuntament-mercat,237,122,115,48.5
2026-09-15T14:20:00Z,2026-09-15T16:20:00+02:00,53,dr-robert,407,152,255,62.7
2026-09-15T14:20:00Z,2026-09-15T16:20:00+02:00,54,placa-vella,297,157,140,47.1
2026-09-15T14:20:00Z,2026-09-15T16:20:00+02:00,55,ajuntament-mercat,237,121,116,48.9
2026-09-15T14:21:00Z,2026-09-15T16:21:00+02:00,53,dr-robert,407,152,255,62.7
2026-09-15T14:21:00Z,2026-09-15T16:21:00+02:00,54,placa-vella,297,157,140,47.1
2026-09-15T14:21:00Z,2026-09-15T16:21:00+02:00,55,ajuntament-mercat,237,121,116,48.9
2026-09-15T14:22:00Z,2026-09-15T16:22:00+02:00,53,dr-robert,407,152,255,62.7
2026-09-15T14:22:00Z,2026-09-15T16:22:00+02:00,54,placa-vella,297,157,140,47.1
2026-09-15T14:22:00Z,2026-09-15T16:22:00+02:00,55,ajuntament-mercat,237,121,116,48.9
2026-09-15T14:23:00Z,2026-09-15T16:23:00+02:00,53,dr-robert,407,152,255,62.7
2026-09-15T14:23:00Z,2026-09-15T16:23:00+02:00,54,placa-vella,297,157,140,47.1
2026-09-15T14:23:00Z,2026-09-15T16:23:00+02:00,55,ajuntament-mercat,237,121,116,48.9
2026-09-15T14:24:00Z,2026-09-15T16:24:00+02:00,53,dr-robert,407,152,255,62.7
2026-09-15T14:24:00Z,2026-09-15T16:24:00+02:00,54,placa-vella,297,157,140,47.1
2026-09-15T14:24:00Z,2026-09-15T16:24:00+02:00,55,ajuntament-mercat,237,121,116,48.9
2026-09-15T14:25:00Z,2026-09-15T16:25:00+02:00,53,dr-robert,407,152,255,62.7
2026-09-15T14:25:00Z,2026-09-15T16:25:00+02:00,54,placa-vella,297,157,140,47.1
2026-09-15T14:25:00Z,2026-09-15T16:25:00+02:00,55,ajuntament-mercat,237,121,116,48.9
2026-09-15T14:26:00Z,2026-09-15T16:26:00+02:00,53,dr-robert,407,152,255,62.7
2026-09-15T14:26:00Z,2026-09-15T16:26:00+02:00,54,placa-vella,297,157,140,47.1
2026-09-15T14:26:00Z,2026-09-15T16:26:00+02:00,55,ajuntament-mercat,237,121,116,48.9
2026-09-15T14:27:00Z,2026-09-15T16:27:00+02:00,53,dr-robert,407,152,255,62.7
2026-09-15T14:27:00Z,2026-09-15T16:27:00+02:00,54,placa-vella,297,157,140,47.1
2026-09-15T14:27:00Z,2026-09-15T16:27:00+02:00,55,ajuntament-mercat,237,121,116,48.9
2026-09-15T14:28:00Z,2026-09-15T16:28:00+02:00,53,dr-robert,407,152,255,62.7
2026-09-15T14:28:00Z,2026-09-15T16:28:00+02:00,54,placa-vella,297,157,140,47.1
2026-09-15T14:28:00Z,2026-09-15T16:28:00+02:00,55,ajuntament-mercat,237,121,116,48.9
2026-09-15T14:29:00Z,2026-09-15T16:29:00+02:00,53,dr-robert,407,152,255,62.7
2026-09-15T14:29:00Z,2026-09-15T16:29:00+02:00,54,placa-vella,297,157,140,47.1
2026-09-15T14:29:00Z,2026-09-15T16:29:00+02:00,55,ajuntament-mercat,237,121,116,48.9
2026-09-15T14:30:00Z,2026-09-15T16:30:00+02:00,53,dr-robert,407,151,256,62.9
2026-09-15T14:30:00Z,2026-09-15T16:30:00+02:00,54,placa-vella,297,154,143,48.1
2026-09-15T14:30:00Z,2026-09-15T16:30:00+02:00,55,ajuntament-mercat,237,113,124,52.3
2026-09-15T14:31:00Z,2026-09-15T16:31:00+02:00,53,dr-robert,407,151,256,62.9
2026-09-15T14:31:00Z,2026-09-15T16:31:00+02:00,54,placa-vella,297,154,143,48.1
2026-09-15T14:31:00Z,2026-09-15T16:31:00+02:00,55,ajuntament-mercat,237,113,124,52.3
2026-09-15T14:32:00Z,2026-09-15T16:32:00+02:00,53,dr-robert,407,151,256,62.9
2026-09-15T14:32:00Z,2026-09-15T16:32:00+02:00,54,placa-vella,297,154,143,48.1
2026-09-15T14:32:00Z,2026-09-15T16:32:00+02:00,55,ajuntament-mercat,237,113,124,52.3
2026-09-15T14:33:00Z,2026-09-15T16:33:00+02:00,53,dr-robert,407,151,256,62.9
2026-09-15T14:33:00Z,2026-09-15T16:33:00+02:00,54,placa-vella,297,154,143,48.1
2026-09-15T14:33:00Z,2026-09-15T16:33:00+02:00,55,ajuntament-mercat,237,113,124,52.3
2026-09-15T14:34:00Z,2026-09-15T16:34:00+02:00,53,dr-robert,407,151,256,62.9
2026-09-15T14:34:00Z,2026-09-15T16:34:00+02:00,54,placa-vella,297,154,143,48.1
2026-09-15T14:34:00Z,2026-09-15T16:34:00+02:00,55,ajuntament-mercat,237,113,124,52.3
2026-09-15T14:35:00Z,2026-09-15T16:35:00+02:00,53,dr-robert,407,145,262,64.4
2026-09-15T14:35:00Z,2026-09-15T16:35:00+02:00,54,placa-vella,297,147,150,50.5
2026-09-15T14:35:00Z,2026-09-15T16:35:00+02:00,55,ajuntament-mercat,237,114,123,51.9
2026-09-15T14:36:00Z,2026-09-15T16:36:00+02:00,53,dr-robert,407,145,262,64.4
2026-09-15T14:36:00Z,2026-09-15T16:36:00+02:00,54,placa-vella,297,147,150,50.5
2026-09-15T14:36:00Z,2026-09-15T16:36:00+02:00,55,ajuntament-mercat,237,114,123,51.9
2026-09-15T14:37:00Z,2026-09-15T16:37:00+02:00,53,dr-robert,407,145,262,64.4
2026-09-15T14:37:00Z,2026-09-15T16:37:00+02:00,54,placa-vella,297,147,150,50.5
2026-09-15T14:37:00Z,2026-09-15T16:37:00+02:00,55,ajuntament-mercat,237,114,123,51.9
2026-09-15T14:38:00Z,2026-09-15T16:38:00+02:00,53,dr-robert,407,145,262,64.4
2026-09-15T14:38:00Z,2026-09-15T16:38:00+02:00,54,placa-vella,297,147,150,50.5
2026-09-15T14:38:00Z,2026-09-15T16:38:00+02:00,55,ajuntament-mercat,237,114,123,51.9
2026-09-15T14:39:00Z,2026-09-15T16:39:00+02:00,53,dr-robert,407,145,262,64.4
2026-09-15T14:39:00Z,2026-09-15T16:39:00+02:00,54,placa-vella,297,147,150,50.5
2026-09-15T14:39:00Z,2026-09-15T16:39:00+02:00,55,ajuntament-mercat,237,114,123,51.9
2026-09-15T14:40:00Z,2026-09-15T16:40:00+02:00,53,dr-robert,407,145,262,64.4
2026-09-15T14:40:00Z,2026-09-15T16:40:00+02:00,54,placa-vella,297,151,146,49.2
2026-09-15T14:40:00Z,2026-09-15T16:40:00+02:00,55,ajuntament-mercat,237,115,122,51.5
2026-09-15T14:41:00Z,2026-09-15T16:41:00+02:00,53,dr-robert,407,145,262,64.4
2026-09-15T14:41:00Z,2026-09-15T16:41:00+02:00,54,placa-vella,297,151,146,49.2
2026-09-15T14:41:00Z,2026-09-15T16:41:00+02:00,55,ajuntament-mercat,237,115,122,51.5
2026-09-15T14:42:00Z,2026-09-15T16:42:00+02:00,53,dr-robert,407,145,262,64.4
2026-09-15T14:42:00Z,2026-09-15T16:42:00+02:00,54,placa-vella,297,151,146,49.2
2026-09-15T14:42:00Z,2026-09-15T16:42:00+02:00,55,ajuntament-mercat,237,115,122,51.5
2026-09-15T14:43:00Z,2026-09-15T16:43:00+02:00,53,dr-robert,407,145,262,64.4
2026-09-15T14:43:00Z,2026-09-15T16:43:00+02:00,54,placa-vella,297,151,146,49.2
2026-09-15T14:43:00Z,2026-09-15T16:43:00+02:00,55,ajuntament-mercat,237,115,122,51.5
2026-09-15T14:44:00Z,2026-09-15T16:44:00+02:00,53,dr-robert,407,145,262,64.4
2026-09-15T14:44:00Z,2026-09-15T16:44:00+02:00,54,placa-vella,297,151,146,49.2
2026-09-15T14:44:00Z,2026-09-15T16:44:00+02:00,55,ajuntament-mercat,237,115,122,51.5
2026-09-15T14:45:00Z,2026-09-15T16:45:00+02:00,53,dr-robert,407,142,265,65.1
2026-09-15T14:45:00Z,2026-09-15T16:45:00+02:00,54,placa-vella,297,147,150,50.5
2026-09-15T14:45:00Z,2026-09-15T16:45:00+02:00,55,ajuntament-mercat,237,115,122,51.5
2026-09-15T14:46:00Z,2026-09-15T16:46:00+02:00,53,dr-robert,407,142,265,65.1
2026-09-15T14:46:00Z,2026-09-15T16:46:00+02:00,54,placa-vella,297,147,150,50.5
2026-09-15T14:46:00Z,2026-09-15T16:46:00+02:00,55,ajuntament-mercat,237,115,122,51.5
2026-09-15T14:47:00Z,2026-09-15T16:47:00+02:00,53,dr-robert,407,142,265,65.1
2026-09-15T14:47:00Z,2026-09-15T16:47:00+02:00,54,placa-vella,297,147,150,50.5
2026-09-15T14:47:00Z,2026-09-15T16:47:00+02:00,55,ajuntament-mercat,237,115,122,51.5
2026-09-15T14:48:00Z,2026-09-15T16:48:00+02:00,53,dr-robert,407,142,265,65.1
2026-09-15T14:48:00Z,2026-09-15T16:48:00+02:00,54,placa-vella,297,147,150,50.5
2026-09-15T14:48:00Z,2026-09-15T16:48:00+02:00,55,ajuntament-mercat,237,115,122,51.5
2026-09-15T14:49:00Z,2026-09-15T16:49:00+02:00,53,dr-robert,407,142,265,65.1
2026-09-15T14:49:00Z,2026-09-15T16:49:00+02:00,54,placa-vella,297,147,150,50.5
2026-09-15T14:49:00Z,2026-09-15T16:49:00+02:00,55,ajuntament-mercat,237,115,122,51.5
2026-09-15T14:50:00Z,2026-09-15T16:50:00+02:00,53,dr-robert,407,143,264,64.9
2026-09-15T14:50:00Z,2026-09-15T16:50:00+02:00,54,placa-vella,297,142,155,52.2
2026-09-15T14:50:00Z,2026-09-15T16:50:00+02:00,55,ajuntament-mercat,237,111,126,53.2
2026-09-15T14:51:00Z,2026-09-15T16:51:00+02:00,53,dr-robert,407,143,264,64.9
2026-09-15T14:51:00Z,2026-09-15T16:51:00+02:00,54,placa-vella,297,142,155,52.2
2026-09-15T14:51:00Z,2026-09-15T16:51:00+02:00,55,ajuntament-mercat,237,111,126,53.2
2026-09-15T14:52:00Z,2026-09-15T16:52:00+02:00,53,dr-robert,407,143,264,64.9
2026-09-15T14:52:00Z,2026-09-15T16:52:00+02:00,54,placa-vella,297,142,155,52.2
2026-09-15T14:52:00Z,2026-09-15T16:52:00+02:00,55,ajuntament-mercat,237,111,126,53.2
2026-09-15T14:53:00Z,2026-09-15T16:53:00+02:00,53,dr-robert,407,143,264,64.9
2026-09-15T14:53:00Z,2026-09-15T16:53:00+02:00,54,placa-vella,297,142,155,52.2
2026-09-15T14:53:00Z,2026-09-15T16:53:00+02:00,55,ajuntament-mercat,237,111,126,53.2
2026-09-15T14:54:00Z,2026-09-15T16:54:00+02:00,53,dr-robert,407,143,264,64.9
2026-09-15T14:54:00Z,2026-09-15T16:54:00+02:00,54,placa-vella,297,142,155,52.2
2026-09-15T14:54:00Z,2026-09-15T16:54:00+02:00,55,ajuntament-mercat,237,111,126,53.2
2026-09-15T14:55:00Z,2026-09-15T16:55:00+02:00,53,dr-robert,407,135,272,66.8
2026-09-15T14:55:00Z,2026-09-15T16:55:00+02:00,54,placa-vella,297,137,160,53.9
2026-09-15T14:55:00Z,2026-09-15T16:55:00+02:00,55,ajuntament-mercat,237,108,129,54.4
2026-09-15T14:56:00Z,2026-09-15T16:56:00+02:00,53,dr-robert,407,135,272,66.8
2026-09-15T14:56:00Z,2026-09-15T16:56:00+02:00,54,placa-vella,297,137,160,53.9
2026-09-15T14:56:00Z,2026-09-15T16:56:00+02:00,55,ajuntament-mercat,237,108,129,54.4
2026-09-15T14:57:00Z,2026-09-15T16:57:00+02:00,53,dr-robert,407,135,272,66.8
2026-09-15T14:57:00Z,2026-09-15T16:57:00+02:00,54,placa-vella,297,137,160,53.9
2026-09-15T14:57:00Z,2026-09-15T16:57:00+02:00,55,ajuntament-mercat,237,108,129,54.4
2026-09-15T14:58:00Z,2026-09-15T16:58:00+02:00,53,dr-robert,407,135,272,66.8
2026-09-15T14:58:00Z,2026-09-15T16:58:00+02:00,54,placa-vella,297,137,160,53.9
2026-09-15T14:58:00Z,2026-09-15T16:58:00+02:00,55,ajuntament-mercat,237,108,129,54.4
2026-09-15T14:59:00Z,2026-09-15T16:59:00+02:00,53,dr-robert,407,135,272,66.8
2026-09-15T14:59:00Z,2026-09-15T16:59:00+02:00,54,placa-vella,297,137,160,53.9
2026-09-15T14:59:00Z,2026-09-15T16:59:00+02:00,55,ajuntament-mercat,237,108,129,54.4
2026-09-15T15:00:00Z,2026-09-15T17:00:00+02:00,53,dr-robert,407,135,272,66.8
2026-09-15T15:00:00Z,2026-09-15T17:00:00+02:00,54,placa-vella,297,137,160,53.9
2026-09-15T15:00:00Z,2026-09-15T17:00:00+02:00,55,ajuntament-mercat,237,108,129,54.4
2026-09-15T15:01:00Z,2026-09-15T17:01:00+02:00,53,dr-robert,407,135,272,66.8
2026-09-15T15:01:00Z,2026-09-15T17:01:00+02:00,54,placa-vella,297,137,160,53.9
2026-09-15T15:01:00Z,2026-09-15T17:01:00+02:00,55,ajuntament-mercat,237,108,129,54.4
2026-09-15T15:02:00Z,2026-09-15T17:02:00+02:00,53,dr-robert,407,136,271,66.6
2026-09-15T15:02:00Z,2026-09-15T17:02:00+02:00,54,placa-vella,297,129,168,56.6
2026-09-15T15:02:00Z,2026-09-15T17:02:00+02:00,55,ajuntament-mercat,237,106,131,55.3
2026-09-15T15:03:00Z,2026-09-15T17:03:00+02:00,53,dr-robert,407,136,271,66.6
2026-09-15T15:03:00Z,2026-09-15T17:03:00+02:00,54,placa-vella,297,129,168,56.6
2026-09-15T15:03:00Z,2026-09-15T17:03:00+02:00,55,ajuntament-mercat,237,106,131,55.3
2026-09-15T15:04:00Z,2026-09-15T17:04:00+02:00,53,dr-robert,407,136,271,66.6
2026-09-15T15:04:00Z,2026-09-15T17:04:00+02:00,54,placa-vella,297,129,168,56.6
2026-09-15T15:04:00Z,2026-09-15T17:04:00+02:00,55,ajuntament-mercat,237,106,131,55.3
2026-09-15T15:05:00Z,2026-09-15T17:05:00+02:00,53,dr-robert,407,147,260,63.9
2026-09-15T15:05:00Z,2026-09-15T17:05:00+02:00,54,placa-vella,297,125,172,57.9
2026-09-15T15:05:00Z,2026-09-15T17:05:00+02:00,55,ajuntament-mercat,237,103,134,56.5
2026-09-15T15:06:00Z,2026-09-15T17:06:00+02:00,53,dr-robert,407,147,260,63.9
2026-09-15T15:06:00Z,2026-09-15T17:06:00+02:00,54,placa-vella,297,125,172,57.9
2026-09-15T15:06:00Z,2026-09-15T17:06:00+02:00,55,ajuntament-mercat,237,103,134,56.5
2026-09-15T15:07:00Z,2026-09-15T17:07:00+02:00,53,dr-robert,407,147,260,63.9
2026-09-15T15:07:00Z,2026-09-15T17:07:00+02:00,54,placa-vella,297,125,172,57.9
2026-09-15T15:07:00Z,2026-09-15T17:07:00+02:00,55,ajuntament-mercat,237,103,134,56.5
2026-09-15T15:08:00Z,2026-09-15T17:08:00+02:00,53,dr-robert,407,147,260,63.9
2026-09-15T15:08:00Z,2026-09-15T17:08:00+02:00,54,placa-vella,297,125,172,57.9
2026-09-15T15:08:00Z,2026-09-15T17:08:00+02:00,55,ajuntament-mercat,237,103,134,56.5
2026-09-15T15:09:00Z,2026-09-15T17:09:00+02:00,53,dr-robert,407,147,260,63.9
2026-09-15T15:09:00Z,2026-09-15T17:09:00+02:00,54,placa-vella,297,125,172,57.9
2026-09-15T15:09:00Z,2026-09-15T17:09:00+02:00,55,ajuntament-mercat,237,103,134,56.5
2026-09-15T15:10:00Z,2026-09-15T17:10:00+02:00,53,dr-robert,407,156,251,61.7
2026-09-15T15:10:00Z,2026-09-15T17:10:00+02:00,54,placa-vella,297,121,176,59.3
2026-09-15T15:10:00Z,2026-09-15T17:10:00+02:00,55,ajuntament-mercat,237,101,136,57.4
2026-09-15T15:11:00Z,2026-09-15T17:11:00+02:00,53,dr-robert,407,156,251,61.7
2026-09-15T15:11:00Z,2026-09-15T17:11:00+02:00,54,placa-vella,297,121,176,59.3
2026-09-15T15:11:00Z,2026-09-15T17:11:00+02:00,55,ajuntament-mercat,237,101,136,57.4
2026-09-15T15:12:00Z,2026-09-15T17:12:00+02:00,53,dr-robert,407,156,251,61.7
2026-09-15T15:12:00Z,2026-09-15T17:12:00+02:00,54,placa-vella,297,121,176,59.3
2026-09-15T15:12:00Z,2026-09-15T17:12:00+02:00,55,ajuntament-mercat,237,101,136,57.4
2026-09-15T15:13:00Z,2026-09-15T17:13:00+02:00,53,dr-robert,407,156,251,61.7
2026-09-15T15:13:00Z,2026-09-15T17:13:00+02:00,54,placa-vella,297,121,176,59.3
2026-09-15T15:13:00Z,2026-09-15T17:13:00+02:00,55,ajuntament-mercat,237,101,136,57.4
2026-09-15T15:14:00Z,2026-09-15T17:14:00+02:00,53,dr-robert,407,156,251,61.7
2026-09-15T15:14:00Z,2026-09-15T17:14:00+02:00,54,placa-vella,297,121,176,59.3
2026-09-15T15:14:00Z,2026-09-15T17:14:00+02:00,55,ajuntament-mercat,237,101,136,57.4
2026-09-15T15:15:00Z,2026-09-15T17:15:00+02:00,53,dr-robert,407,169,238,58.5
2026-09-15T15:15:00Z,2026-09-15T17:15:00+02:00,54,placa-vella,297,123,174,58.6
2026-09-15T15:15:00Z,2026-09-15T17:15:00+02:00,55,ajuntament-mercat,237,106,131,55.3
2026-09-15T15:16:00Z,2026-09-15T17:16:00+02:00,53,dr-robert,407,169,238,58.5
2026-09-15T15:16:00Z,2026-09-15T17:16:00+02:00,54,placa-vella,297,123,174,58.6
2026-09-15T15:16:00Z,2026-09-15T17:16:00+02:00,55,ajuntament-mercat,237,106,131,55.3
2026-09-15T15:17:00Z,2026-09-15T17:17:00+02:00,53,dr-robert,407,169,238,58.5
2026-09-15T15:17:00Z,2026-09-15T17:17:00+02:00,54,placa-vella,297,123,174,58.6
2026-09-15T15:17:00Z,2026-09-15T17:17:00+02:00,55,ajuntament-mercat,237,106,131,55.3
2026-09-15T15:18:00Z,2026-09-15T17:18:00+02:00,53,dr-robert,407,169,238,58.5
2026-09-15T15:18:00Z,2026-09-15T17:18:00+02:00,54,placa-vella,297,123,174,58.6
2026-09-15T15:18:00Z,2026-09-15T17:18:00+02:00,55,ajuntament-mercat,237,106,131,55.3
2026-09-15T15:19:00Z,2026-09-15T17:19:00+02:00,53,dr-robert,407,169,238,58.5
2026-09-15T15:19:00Z,2026-09-15T17:19:00+02:00,54,placa-vella,297,123,174,58.6
2026-09-15T15:19:00Z,2026-09-15T17:19:00+02:00,55,ajuntament-mercat,237,106,131,55.3
2026-09-15T15:20:00Z,2026-09-15T17:20:00+02:00,53,dr-robert,407,167,240,59
2026-09-15T15:20:00Z,2026-09-15T17:20:00+02:00,54,placa-vella,297,123,174,58.6
2026-09-15T15:20:00Z,2026-09-15T17:20:00+02:00,55,ajuntament-mercat,237,106,131,55.3
2026-09-15T15:21:00Z,2026-09-15T17:21:00+02:00,53,dr-robert,407,167,240,59
2026-09-15T15:21:00Z,2026-09-15T17:21:00+02:00,54,placa-vella,297,123,174,58.6
2026-09-15T15:21:00Z,2026-09-15T17:21:00+02:00,55,ajuntament-mercat,237,106,131,55.3
2026-09-15T15:22:00Z,2026-09-15T17:22:00+02:00,53,dr-robert,407,167,240,59
2026-09-15T15:22:00Z,2026-09-15T17:22:00+02:00,54,placa-vella,297,123,174,58.6
2026-09-15T15:22:00Z,2026-09-15T17:22:00+02:00,55,ajuntament-mercat,237,106,131,55.3
2026-09-15T15:23:00Z,2026-09-15T17:23:00+02:00,53,dr-robert,407,167,240,59
2026-09-15T15:23:00Z,2026-09-15T17:23:00+02:00,54,placa-vella,297,123,174,58.6
2026-09-15T15:23:00Z,2026-09-15T17:23:00+02:00,55,ajuntament-mercat,237,106,131,55.3
2026-09-15T15:24:00Z,2026-09-15T17:24:00+02:00,53,dr-robert,407,167,240,59
2026-09-15T15:24:00Z,2026-09-15T17:24:00+02:00,54,placa-vella,297,123,174,58.6
2026-09-15T15:24:00Z,2026-09-15T17:24:00+02:00,55,ajuntament-mercat,237,106,131,55.3
2026-09-15T15:25:00Z,2026-09-15T17:25:00+02:00,53,dr-robert,407,172,235,57.7
2026-09-15T15:25:00Z,2026-09-15T17:25:00+02:00,54,placa-vella,297,125,172,57.9
2026-09-15T15:25:00Z,2026-09-15T17:25:00+02:00,55,ajuntament-mercat,237,105,132,55.7
2026-09-15T15:26:00Z,2026-09-15T17:26:00+02:00,53,dr-robert,407,172,235,57.7
2026-09-15T15:26:00Z,2026-09-15T17:26:00+02:00,54,placa-vella,297,125,172,57.9
2026-09-15T15:26:00Z,2026-09-15T17:26:00+02:00,55,ajuntament-mercat,237,105,132,55.7
2026-09-15T15:27:00Z,2026-09-15T17:27:00+02:00,53,dr-robert,407,172,235,57.7
2026-09-15T15:27:00Z,2026-09-15T17:27:00+02:00,54,placa-vella,297,125,172,57.9
2026-09-15T15:27:00Z,2026-09-15T17:27:00+02:00,55,ajuntament-mercat,237,105,132,55.7
2026-09-15T15:28:00Z,2026-09-15T17:28:00+02:00,53,dr-robert,407,172,235,57.7
2026-09-15T15:28:00Z,2026-09-15T17:28:00+02:00,54,placa-vella,297,125,172,57.9
2026-09-15T15:28:00Z,2026-09-15T17:28:00+02:00,55,ajuntament-mercat,237,105,132,55.7
2026-09-15T15:29:00Z,2026-09-15T17:29:00+02:00,53,dr-robert,407,172,235,57.7
2026-09-15T15:29:00Z,2026-09-15T17:29:00+02:00,54,placa-vella,297,125,172,57.9
2026-09-15T15:29:00Z,2026-09-15T17:29:00+02:00,55,ajuntament-mercat,237,105,132,55.7
2026-09-15T15:30:00Z,2026-09-15T17:30:00+02:00,53,dr-robert,407,175,232,57
2026-09-15T15:30:00Z,2026-09-15T17:30:00+02:00,54,placa-vella,297,127,170,57.2
2026-09-15T15:30:00Z,2026-09-15T17:30:00+02:00,55,ajuntament-mercat,237,105,132,55.7
2026-09-15T15:31:00Z,2026-09-15T17:31:00+02:00,53,dr-robert,407,175,232,57
2026-09-15T15:31:00Z,2026-09-15T17:31:00+02:00,54,placa-vella,297,127,170,57.2
2026-09-15T15:31:00Z,2026-09-15T17:31:00+02:00,55,ajuntament-mercat,237,105,132,55.7
2026-09-15T15:32:00Z,2026-09-15T17:32:00+02:00,53,dr-robert,407,175,232,57
2026-09-15T15:32:00Z,2026-09-15T17:32:00+02:00,54,placa-vella,297,127,170,57.2
2026-09-15T15:32:00Z,2026-09-15T17:32:00+02:00,55,ajuntament-mercat,237,105,132,55.7
2026-09-15T15:33:00Z,2026-09-15T17:33:00+02:00,53,dr-robert,407,175,232,57
2026-09-15T15:33:00Z,2026-09-15T17:33:00+02:00,54,placa-vella,297,127,170,57.2
2026-09-15T15:33:00Z,2026-09-15T17:33:00+02:00,55,ajuntament-mercat,237,105,132,55.7
2026-09-15T15:34:00Z,2026-09-15T17:34:00+02:00,53,dr-robert,407,175,232,57
2026-09-15T15:34:00Z,2026-09-15T17:34:00+02:00,54,placa-vella,297,127,170,57.2
2026-09-15T15:34:00Z,2026-09-15T17:34:00+02:00,55,ajuntament-mercat,237,105,132,55.7
2026-09-15T15:35:00Z,2026-09-15T17:35:00+02:00,53,dr-robert,407,175,232,57
2026-09-15T15:35:00Z,2026-09-15T17:35:00+02:00,54,placa-vella,297,127,170,57.2
2026-09-15T15:35:00Z,2026-09-15T17:35:00+02:00,55,ajuntament-mercat,237,105,132,55.7
2026-09-15T15:36:00Z,2026-09-15T17:36:00+02:00,53,dr-robert,407,173,234,57.5
2026-09-15T15:36:00Z,2026-09-15T17:36:00+02:00,54,placa-vella,297,123,174,58.6
2026-09-15T15:36:00Z,2026-09-15T17:36:00+02:00,55,ajuntament-mercat,237,107,130,54.9
2026-09-15T15:37:00Z,2026-09-15T17:37:00+02:00,53,dr-robert,407,173,234,57.5
2026-09-15T15:37:00Z,2026-09-15T17:37:00+02:00,54,placa-vella,297,123,174,58.6
2026-09-15T15:37:00Z,2026-09-15T17:37:00+02:00,55,ajuntament-mercat,237,107,130,54.9
2026-09-15T15:38:00Z,2026-09-15T17:38:00+02:00,53,dr-robert,407,173,234,57.5
2026-09-15T15:38:00Z,2026-09-15T17:38:00+02:00,54,placa-vella,297,123,174,58.6
2026-09-15T15:38:00Z,2026-09-15T17:38:00+02:00,55,ajuntament-mercat,237,107,130,54.9
2026-09-15T15:39:00Z,2026-09-15T17:39:00+02:00,53,dr-robert,407,173,234,57.5
2026-09-15T15:39:00Z,2026-09-15T17:39:00+02:00,54,placa-vella,297,123,174,58.6
2026-09-15T15:39:00Z,2026-09-15T17:39:00+02:00,55,ajuntament-mercat,237,107,130,54.9
2026-09-15T15:40:00Z,2026-09-15T17:40:00+02:00,53,dr-robert,407,174,233,57.2
2026-09-15T15:40:00Z,2026-09-15T17:40:00+02:00,54,placa-vella,297,123,174,58.6
2026-09-15T15:40:00Z,2026-09-15T17:40:00+02:00,55,ajuntament-mercat,237,108,129,54.4
2026-09-15T15:41:00Z,2026-09-15T17:41:00+02:00,53,dr-robert,407,174,233,57.2
2026-09-15T15:41:00Z,2026-09-15T17:41:00+02:00,54,placa-vella,297,123,174,58.6
2026-09-15T15:41:00Z,2026-09-15T17:41:00+02:00,55,ajuntament-mercat,237,108,129,54.4
2026-09-15T15:42:00Z,2026-09-15T17:42:00+02:00,53,dr-robert,407,174,233,57.2
2026-09-15T15:42:00Z,2026-09-15T17:42:00+02:00,54,placa-vella,297,123,174,58.6
2026-09-15T15:42:00Z,2026-09-15T17:42:00+02:00,55,ajuntament-mercat,237,108,129,54.4
2026-09-15T15:43:00Z,2026-09-15T17:43:00+02:00,53,dr-robert,407,174,233,57.2
2026-09-15T15:43:00Z,2026-09-15T17:43:00+02:00,54,placa-vella,297,123,174,58.6
2026-09-15T15:43:00Z,2026-09-15T17:43:00+02:00,55,ajuntament-mercat,237,108,129,54.4
2026-09-15T15:44:00Z,2026-09-15T17:44:00+02:00,53,dr-robert,407,174,233,57.2
2026-09-15T15:44:00Z,2026-09-15T17:44:00+02:00,54,placa-vella,297,123,174,58.6
2026-09-15T15:44:00Z,2026-09-15T17:44:00+02:00,55,ajuntament-mercat,237,108,129,54.4
2026-09-15T15:45:00Z,2026-09-15T17:45:00+02:00,53,dr-robert,407,180,227,55.8
2026-09-15T15:45:00Z,2026-09-15T17:45:00+02:00,54,placa-vella,297,126,171,57.6
2026-09-15T15:45:00Z,2026-09-15T17:45:00+02:00,55,ajuntament-mercat,237,104,133,56.1
2026-09-15T15:46:00Z,2026-09-15T17:46:00+02:00,53,dr-robert,407,180,227,55.8
2026-09-15T15:46:00Z,2026-09-15T17:46:00+02:00,54,placa-vella,297,126,171,57.6
2026-09-15T15:46:00Z,2026-09-15T17:46:00+02:00,55,ajuntament-mercat,237,104,133,56.1
2026-09-15T15:47:00Z,2026-09-15T17:47:00+02:00,53,dr-robert,407,180,227,55.8
2026-09-15T15:47:00Z,2026-09-15T17:47:00+02:00,54,placa-vella,297,126,171,57.6
2026-09-15T15:47:00Z,2026-09-15T17:47:00+02:00,55,ajuntament-mercat,237,104,133,56.1
2026-09-15T15:48:00Z,2026-09-15T17:48:00+02:00,53,dr-robert,407,180,227,55.8
2026-09-15T15:48:00Z,2026-09-15T17:48:00+02:00,54,placa-vella,297,126,171,57.6
2026-09-15T15:48:00Z,2026-09-15T17:48:00+02:00,55,ajuntament-mercat,237,104,133,56.1
2026-09-15T15:49:00Z,2026-09-15T17:49:00+02:00,53,dr-robert,407,180,227,55.8
2026-09-15T15:49:00Z,2026-09-15T17:49:00+02:00,54,placa-vella,297,126,171,57.6
2026-09-15T15:49:00Z,2026-09-15T17:49:00+02:00,55,ajuntament-mercat,237,104,133,56.1
2026-09-15T15:50:00Z,2026-09-15T17:50:00+02:00,53,dr-robert,407,171,236,58
2026-09-15T15:50:00Z,2026-09-15T17:50:00+02:00,54,placa-vella,297,125,172,57.9
2026-09-15T15:50:00Z,2026-09-15T17:50:00+02:00,55,ajuntament-mercat,237,105,132,55.7
2026-09-15T15:51:00Z,2026-09-15T17:51:00+02:00,53,dr-robert,407,171,236,58
2026-09-15T15:51:00Z,2026-09-15T17:51:00+02:00,54,placa-vella,297,125,172,57.9
2026-09-15T15:51:00Z,2026-09-15T17:51:00+02:00,55,ajuntament-mercat,237,105,132,55.7
2026-09-15T15:52:00Z,2026-09-15T17:52:00+02:00,53,dr-robert,407,171,236,58
2026-09-15T15:52:00Z,2026-09-15T17:52:00+02:00,54,placa-vella,297,125,172,57.9
2026-09-15T15:52:00Z,2026-09-15T17:52:00+02:00,55,ajuntament-mercat,237,105,132,55.7
2026-09-15T15:53:00Z,2026-09-15T17:53:00+02:00,53,dr-robert,407,171,236,58
2026-09-15T15:53:00Z,2026-09-15T17:53:00+02:00,54,placa-vella,297,125,172,57.9
2026-09-15T15:53:00Z,2026-09-15T17:53:00+02:00,55,ajuntament-mercat,237,105,132,55.7
2026-09-15T15:54:00Z,2026-09-15T17:54:00+02:00,53,dr-robert,407,171,236,58
2026-09-15T15:54:00Z,2026-09-15T17:54:00+02:00,54,placa-vella,297,125,172,57.9
2026-09-15T15:54:00Z,2026-09-15T17:54:00+02:00,55,ajuntament-mercat,237,105,132,55.7
2026-09-15T15:55:00Z,2026-09-15T17:55:00+02:00,53,dr-robert,407,167,240,59
2026-09-15T15:55:00Z,2026-09-15T17:55:00+02:00,54,placa-vella,297,126,171,57.6
2026-09-15T15:55:00Z,2026-09-15T17:55:00+02:00,55,ajuntament-mercat,237,106,131,55.3
2026-09-15T15:56:00Z,2026-09-15T17:56:00+02:00,53,dr-robert,407,167,240,59
2026-09-15T15:56:00Z,2026-09-15T17:56:00+02:00,54,placa-vella,297,126,171,57.6
2026-09-15T15:56:00Z,2026-09-15T17:56:00+02:00,55,ajuntament-mercat,237,106,131,55.3
2026-09-15T15:57:00Z,2026-09-15T17:57:00+02:00,53,dr-robert,407,167,240,59
2026-09-15T15:57:00Z,2026-09-15T17:57:00+02:00,54,placa-vella,297,126,171,57.6
2026-09-15T15:57:00Z,2026-09-15T17:57:00+02:00,55,ajuntament-mercat,237,106,131,55.3
2026-09-15T15:58:00Z,2026-09-15T17:58:00+02:00,53,dr-robert,407,167,240,59
2026-09-15T15:58:00Z,2026-09-15T17:58:00+02:00,54,placa-vella,297,126,171,57.6
2026-09-15T15:58:00Z,2026-09-15T17:58:00+02:00,55,ajuntament-mercat,237,106,131,55.3
2026-09-15T15:59:00Z,2026-09-15T17:59:00+02:00,53,dr-robert,407,167,240,59
2026-09-15T15:59:00Z,2026-09-15T17:59:00+02:00,54,placa-vella,297,126,171,57.6
2026-09-15T15:59:00Z,2026-09-15T17:59:00+02:00,55,ajuntament-mercat,237,106,131,55.3
2026-09-15T16:00:00Z,2026-09-15T18:00:00+02:00,53,dr-robert,407,167,240,59
2026-09-15T16:00:00Z,2026-09-15T18:00:00+02:00,54,placa-vella,297,126,171,57.6
2026-09-15T16:00:00Z,2026-09-15T18:00:00+02:00,55,ajuntament-mercat,237,106,131,55.3
2026-09-15T16:01:00Z,2026-09-15T18:01:00+02:00,53,dr-robert,407,167,240,59
2026-09-15T16:01:00Z,2026-09-15T18:01:00+02:00,54,placa-vella,297,126,171,57.6
2026-09-15T16:01:00Z,2026-09-15T18:01:00+02:00,55,ajuntament-mercat,237,106,131,55.3
2026-09-15T16:02:00Z,2026-09-15T18:02:00+02:00,53,dr-robert,407,164,243,59.7
2026-09-15T16:02:00Z,2026-09-15T18:02:00+02:00,54,placa-vella,297,122,175,58.9
2026-09-15T16:02:00Z,2026-09-15T18:02:00+02:00,55,ajuntament-mercat,237,106,131,55.3
2026-09-15T16:03:00Z,2026-09-15T18:03:00+02:00,53,dr-robert,407,164,243,59.7
2026-09-15T16:03:00Z,2026-09-15T18:03:00+02:00,54,placa-vella,297,122,175,58.9
2026-09-15T16:03:00Z,2026-09-15T18:03:00+02:00,55,ajuntament-mercat,237,106,131,55.3
2026-09-15T16:04:00Z,2026-09-15T18:04:00+02:00,53,dr-robert,407,164,243,59.7
2026-09-15T16:04:00Z,2026-09-15T18:04:00+02:00,54,placa-vella,297,122,175,58.9
2026-09-15T16:04:00Z,2026-09-15T18:04:00+02:00,55,ajuntament-mercat,237,106,131,55.3
2026-09-15T16:05:00Z,2026-09-15T18:05:00+02:00,53,dr-robert,407,167,240,59
2026-09-15T16:05:00Z,2026-09-15T18:05:00+02:00,54,placa-vella,297,122,175,58.9
2026-09-15T16:05:00Z,2026-09-15T18:05:00+02:00,55,ajuntament-mercat,237,107,130,54.9
2026-09-15T16:06:00Z,2026-09-15T18:06:00+02:00,53,dr-robert,407,167,240,59
2026-09-15T16:06:00Z,2026-09-15T18:06:00+02:00,54,placa-vella,297,122,175,58.9
2026-09-15T16:06:00Z,2026-09-15T18:06:00+02:00,55,ajuntament-mercat,237,107,130,54.9
2026-09-15T16:07:00Z,2026-09-15T18:07:00+02:00,53,dr-robert,407,167,240,59
2026-09-15T16:07:00Z,2026-09-15T18:07:00+02:00,54,placa-vella,297,122,175,58.9
2026-09-15T16:07:00Z,2026-09-15T18:07:00+02:00,55,ajuntament-mercat,237,107,130,54.9
2026-09-15T16:08:00Z,2026-09-15T18:08:00+02:00,53,dr-robert,407,167,240,59
2026-09-15T16:08:00Z,2026-09-15T18:08:00+02:00,54,placa-vella,297,122,175,58.9
2026-09-15T16:08:00Z,2026-09-15T18:08:00+02:00,55,ajuntament-mercat,237,107,130,54.9
2026-09-15T16:09:00Z,2026-09-15T18:09:00+02:00,53,dr-robert,407,167,240,59
2026-09-15T16:09:00Z,2026-09-15T18:09:00+02:00,54,placa-vella,297,122,175,58.9
2026-09-15T16:09:00Z,2026-09-15T18:09:00+02:00,55,ajuntament-mercat,237,107,130,54.9
2026-09-15T16:10:00Z,2026-09-15T18:10:00+02:00,53,dr-robert,407,165,242,59.5
2026-09-15T16:10:00Z,2026-09-15T18:10:00+02:00,54,placa-vella,297,126,171,57.6
2026-09-15T16:10:00Z,2026-09-15T18:10:00+02:00,55,ajuntament-mercat,237,106,131,55.3
2026-09-15T16:11:00Z,2026-09-15T18:11:00+02:00,53,dr-robert,407,165,242,59.5
2026-09-15T16:11:00Z,2026-09-15T18:11:00+02:00,54,placa-vella,297,126,171,57.6
2026-09-15T16:11:00Z,2026-09-15T18:11:00+02:00,55,ajuntament-mercat,237,106,131,55.3
2026-09-15T16:12:00Z,2026-09-15T18:12:00+02:00,53,dr-robert,407,165,242,59.5
2026-09-15T16:12:00Z,2026-09-15T18:12:00+02:00,54,placa-vella,297,126,171,57.6
2026-09-15T16:12:00Z,2026-09-15T18:12:00+02:00,55,ajuntament-mercat,237,106,131,55.3
2026-09-15T16:13:00Z,2026-09-15T18:13:00+02:00,53,dr-robert,407,165,242,59.5
2026-09-15T16:13:00Z,2026-09-15T18:13:00+02:00,54,placa-vella,297,126,171,57.6
2026-09-15T16:13:00Z,2026-09-15T18:13:00+02:00,55,ajuntament-mercat,237,106,131,55.3
2026-09-15T16:14:00Z,2026-09-15T18:14:00+02:00,53,dr-robert,407,165,242,59.5
2026-09-15T16:14:00Z,2026-09-15T18:14:00+02:00,54,placa-vella,297,126,171,57.6
2026-09-15T16:14:00Z,2026-09-15T18:14:00+02:00,55,ajuntament-mercat,237,106,131,55.3
2026-09-15T16:15:00Z,2026-09-15T18:15:00+02:00,53,dr-robert,407,172,235,57.7
2026-09-15T16:15:00Z,2026-09-15T18:15:00+02:00,54,placa-vella,297,124,173,58.2
2026-09-15T16:15:00Z,2026-09-15T18:15:00+02:00,55,ajuntament-mercat,237,106,131,55.3
2026-09-15T16:16:00Z,2026-09-15T18:16:00+02:00,53,dr-robert,407,172,235,57.7
2026-09-15T16:16:00Z,2026-09-15T18:16:00+02:00,54,placa-vella,297,124,173,58.2
2026-09-15T16:16:00Z,2026-09-15T18:16:00+02:00,55,ajuntament-mercat,237,106,131,55.3
2026-09-15T16:17:00Z,2026-09-15T18:17:00+02:00,53,dr-robert,407,172,235,57.7
2026-09-15T16:17:00Z,2026-09-15T18:17:00+02:00,54,placa-vella,297,124,173,58.2
2026-09-15T16:17:00Z,2026-09-15T18:17:00+02:00,55,ajuntament-mercat,237,106,131,55.3
2026-09-15T16:18:00Z,2026-09-15T18:18:00+02:00,53,dr-robert,407,172,235,57.7
2026-09-15T16:18:00Z,2026-09-15T18:18:00+02:00,54,placa-vella,297,124,173,58.2
2026-09-15T16:18:00Z,2026-09-15T18:18:00+02:00,55,ajuntament-mercat,237,106,131,55.3
2026-09-15T16:19:00Z,2026-09-15T18:19:00+02:00,53,dr-robert,407,172,235,57.7
2026-09-15T16:19:00Z,2026-09-15T18:19:00+02:00,54,placa-vella,297,124,173,58.2
2026-09-15T16:19:00Z,2026-09-15T18:19:00+02:00,55,ajuntament-mercat,237,106,131,55.3
2026-09-15T16:20:00Z,2026-09-15T18:20:00+02:00,53,dr-robert,407,178,229,56.3
2026-09-15T16:20:00Z,2026-09-15T18:20:00+02:00,54,placa-vella,297,126,171,57.6
2026-09-15T16:20:00Z,2026-09-15T18:20:00+02:00,55,ajuntament-mercat,237,110,127,53.6
2026-09-15T16:21:00Z,2026-09-15T18:21:00+02:00,53,dr-robert,407,178,229,56.3
2026-09-15T16:21:00Z,2026-09-15T18:21:00+02:00,54,placa-vella,297,126,171,57.6
2026-09-15T16:21:00Z,2026-09-15T18:21:00+02:00,55,ajuntament-mercat,237,110,127,53.6
2026-09-15T16:22:00Z,2026-09-15T18:22:00+02:00,53,dr-robert,407,178,229,56.3
2026-09-15T16:22:00Z,2026-09-15T18:22:00+02:00,54,placa-vella,297,126,171,57.6
2026-09-15T16:22:00Z,2026-09-15T18:22:00+02:00,55,ajuntament-mercat,237,110,127,53.6
2026-09-15T16:23:00Z,2026-09-15T18:23:00+02:00,53,dr-robert,407,178,229,56.3
2026-09-15T16:23:00Z,2026-09-15T18:23:00+02:00,54,placa-vella,297,126,171,57.6
2026-09-15T16:23:00Z,2026-09-15T18:23:00+02:00,55,ajuntament-mercat,237,110,127,53.6
2026-09-15T16:24:00Z,2026-09-15T18:24:00+02:00,53,dr-robert,407,178,229,56.3
2026-09-15T16:24:00Z,2026-09-15T18:24:00+02:00,54,placa-vella,297,126,171,57.6
2026-09-15T16:24:00Z,2026-09-15T18:24:00+02:00,55,ajuntament-mercat,237,110,127,53.6
2026-09-15T16:25:00Z,2026-09-15T18:25:00+02:00,53,dr-robert,407,176,231,56.8
2026-09-15T16:25:00Z,2026-09-15T18:25:00+02:00,54,placa-vella,297,125,172,57.9
2026-09-15T16:25:00Z,2026-09-15T18:25:00+02:00,55,ajuntament-mercat,237,112,125,52.7
2026-09-15T16:26:00Z,2026-09-15T18:26:00+02:00,53,dr-robert,407,176,231,56.8
2026-09-15T16:26:00Z,2026-09-15T18:26:00+02:00,54,placa-vella,297,125,172,57.9
2026-09-15T16:26:00Z,2026-09-15T18:26:00+02:00,55,ajuntament-mercat,237,112,125,52.7
2026-09-15T16:27:00Z,2026-09-15T18:27:00+02:00,53,dr-robert,407,176,231,56.8
2026-09-15T16:27:00Z,2026-09-15T18:27:00+02:00,54,placa-vella,297,125,172,57.9
2026-09-15T16:27:00Z,2026-09-15T18:27:00+02:00,55,ajuntament-mercat,237,112,125,52.7
2026-09-15T16:28:00Z,2026-09-15T18:28:00+02:00,53,dr-robert,407,176,231,56.8
2026-09-15T16:28:00Z,2026-09-15T18:28:00+02:00,54,placa-vella,297,125,172,57.9
2026-09-15T16:28:00Z,2026-09-15T18:28:00+02:00,55,ajuntament-mercat,237,112,125,52.7
2026-09-15T16:29:00Z,2026-09-15T18:29:00+02:00,53,dr-robert,407,176,231,56.8
2026-09-15T16:29:00Z,2026-09-15T18:29:00+02:00,54,placa-vella,297,125,172,57.9
2026-09-15T16:29:00Z,2026-09-15T18:29:00+02:00,55,ajuntament-mercat,237,112,125,52.7
2026-09-15T16:30:00Z,2026-09-15T18:30:00+02:00,53,dr-robert,407,175,232,57
2026-09-15T16:30:00Z,2026-09-15T18:30:00+02:00,54,placa-vella,297,130,167,56.2
2026-09-15T16:30:00Z,2026-09-15T18:30:00+02:00,55,ajuntament-mercat,237,116,121,51.1
2026-09-15T16:31:00Z,2026-09-15T18:31:00+02:00,53,dr-robert,407,175,232,57
2026-09-15T16:31:00Z,2026-09-15T18:31:00+02:00,54,placa-vella,297,130,167,56.2
2026-09-15T16:31:00Z,2026-09-15T18:31:00+02:00,55,ajuntament-mercat,237,116,121,51.1
2026-09-15T16:32:00Z,2026-09-15T18:32:00+02:00,53,dr-robert,407,175,232,57
2026-09-15T16:32:00Z,2026-09-15T18:32:00+02:00,54,placa-vella,297,130,167,56.2
2026-09-15T16:32:00Z,2026-09-15T18:32:00+02:00,55,ajuntament-mercat,237,116,121,51.1
2026-09-15T16:33:00Z,2026-09-15T18:33:00+02:00,53,dr-robert,407,175,232,57
2026-09-15T16:33:00Z,2026-09-15T18:33:00+02:00,54,placa-vella,297,130,167,56.2
2026-09-15T16:33:00Z,2026-09-15T18:33:00+02:00,55,ajuntament-mercat,237,116,121,51.1
2026-09-15T16:34:00Z,2026-09-15T18:34:00+02:00,53,dr-robert,407,175,232,57
2026-09-15T16:34:00Z,2026-09-15T18:34:00+02:00,54,placa-vella,297,130,167,56.2
2026-09-15T16:34:00Z,2026-09-15T18:34:00+02:00,55,ajuntament-mercat,237,116,121,51.1
2026-09-15T16:35:00Z,2026-09-15T18:35:00+02:00,53,dr-robert,407,178,229,56.3
2026-09-15T16:35:00Z,2026-09-15T18:35:00+02:00,54,placa-vella,297,131,166,55.9
2026-09-15T16:35:00Z,2026-09-15T18:35:00+02:00,55,ajuntament-mercat,237,116,121,51.1
2026-09-15T16:36:00Z,2026-09-15T18:36:00+02:00,53,dr-robert,407,178,229,56.3
2026-09-15T16:36:00Z,2026-09-15T18:36:00+02:00,54,placa-vella,297,131,166,55.9
2026-09-15T16:36:00Z,2026-09-15T18:36:00+02:00,55,ajuntament-mercat,237,116,121,51.1
2026-09-15T16:37:00Z,2026-09-15T18:37:00+02:00,53,dr-robert,407,178,229,56.3
2026-09-15T16:37:00Z,2026-09-15T18:37:00+02:00,54,placa-vella,297,131,166,55.9
2026-09-15T16:37:00Z,2026-09-15T18:37:00+02:00,55,ajuntament-mercat,237,116,121,51.1
2026-09-15T16:38:00Z,2026-09-15T18:38:00+02:00,53,dr-robert,407,178,229,56.3
2026-09-15T16:38:00Z,2026-09-15T18:38:00+02:00,54,placa-vella,297,131,166,55.9
2026-09-15T16:38:00Z,2026-09-15T18:38:00+02:00,55,ajuntament-mercat,237,116,121,51.1
2026-09-15T16:39:00Z,2026-09-15T18:39:00+02:00,53,dr-robert,407,178,229,56.3
2026-09-15T16:39:00Z,2026-09-15T18:39:00+02:00,54,placa-vella,297,131,166,55.9
2026-09-15T16:39:00Z,2026-09-15T18:39:00+02:00,55,ajuntament-mercat,237,116,121,51.1
2026-09-15T16:40:00Z,2026-09-15T18:40:00+02:00,53,dr-robert,407,181,226,55.5
2026-09-15T16:40:00Z,2026-09-15T18:40:00+02:00,54,placa-vella,297,133,164,55.2
2026-09-15T16:40:00Z,2026-09-15T18:40:00+02:00,55,ajuntament-mercat,237,118,119,50.2
2026-09-15T16:41:00Z,2026-09-15T18:41:00+02:00,53,dr-robert,407,181,226,55.5
2026-09-15T16:41:00Z,2026-09-15T18:41:00+02:00,54,placa-vella,297,133,164,55.2
2026-09-15T16:41:00Z,2026-09-15T18:41:00+02:00,55,ajuntament-mercat,237,118,119,50.2
2026-09-15T16:42:00Z,2026-09-15T18:42:00+02:00,53,dr-robert,407,181,226,55.5
2026-09-15T16:42:00Z,2026-09-15T18:42:00+02:00,54,placa-vella,297,133,164,55.2
2026-09-15T16:42:00Z,2026-09-15T18:42:00+02:00,55,ajuntament-mercat,237,118,119,50.2
2026-09-15T16:43:00Z,2026-09-15T18:43:00+02:00,53,dr-robert,407,181,226,55.5
2026-09-15T16:43:00Z,2026-09-15T18:43:00+02:00,54,placa-vella,297,133,164,55.2
2026-09-15T16:43:00Z,2026-09-15T18:43:00+02:00,55,ajuntament-mercat,237,118,119,50.2
2026-09-15T16:44:00Z,2026-09-15T18:44:00+02:00,53,dr-robert,407,181,226,55.5
2026-09-15T16:44:00Z,2026-09-15T18:44:00+02:00,54,placa-vella,297,133,164,55.2
2026-09-15T16:44:00Z,2026-09-15T18:44:00+02:00,55,ajuntament-mercat,237,118,119,50.2
2026-09-15T16:45:00Z,2026-09-15T18:45:00+02:00,53,dr-robert,407,182,225,55.3
2026-09-15T16:45:00Z,2026-09-15T18:45:00+02:00,54,placa-vella,297,128,169,56.9
2026-09-15T16:45:00Z,2026-09-15T18:45:00+02:00,55,ajuntament-mercat,237,118,119,50.2
2026-09-15T16:46:00Z,2026-09-15T18:46:00+02:00,53,dr-robert,407,182,225,55.3
2026-09-15T16:46:00Z,2026-09-15T18:46:00+02:00,54,placa-vella,297,128,169,56.9
2026-09-15T16:46:00Z,2026-09-15T18:46:00+02:00,55,ajuntament-mercat,237,118,119,50.2
2026-09-15T16:47:00Z,2026-09-15T18:47:00+02:00,53,dr-robert,407,182,225,55.3
2026-09-15T16:47:00Z,2026-09-15T18:47:00+02:00,54,placa-vella,297,128,169,56.9
2026-09-15T16:47:00Z,2026-09-15T18:47:00+02:00,55,ajuntament-mercat,237,118,119,50.2
2026-09-15T16:48:00Z,2026-09-15T18:48:00+02:00,53,dr-robert,407,182,225,55.3
2026-09-15T16:48:00Z,2026-09-15T18:48:00+02:00,54,placa-vella,297,128,169,56.9
2026-09-15T16:48:00Z,2026-09-15T18:48:00+02:00,55,ajuntament-mercat,237,118,119,50.2
2026-09-15T16:49:00Z,2026-09-15T18:49:00+02:00,53,dr-robert,407,182,225,55.3
2026-09-15T16:49:00Z,2026-09-15T18:49:00+02:00,54,placa-vella,297,128,169,56.9
2026-09-15T16:49:00Z,2026-09-15T18:49:00+02:00,55,ajuntament-mercat,237,118,119,50.2
2026-09-15T16:50:00Z,2026-09-15T18:50:00+02:00,53,dr-robert,407,185,222,54.5
2026-09-15T16:50:00Z,2026-09-15T18:50:00+02:00,54,placa-vella,297,125,172,57.9
2026-09-15T16:50:00Z,2026-09-15T18:50:00+02:00,55,ajuntament-mercat,237,118,119,50.2
2026-09-15T16:51:00Z,2026-09-15T18:51:00+02:00,53,dr-robert,407,185,222,54.5
2026-09-15T16:51:00Z,2026-09-15T18:51:00+02:00,54,placa-vella,297,125,172,57.9
2026-09-15T16:51:00Z,2026-09-15T18:51:00+02:00,55,ajuntament-mercat,237,118,119,50.2
2026-09-15T16:52:00Z,2026-09-15T18:52:00+02:00,53,dr-robert,407,185,222,54.5
2026-09-15T16:52:00Z,2026-09-15T18:52:00+02:00,54,placa-vella,297,125,172,57.9
2026-09-15T16:52:00Z,2026-09-15T18:52:00+02:00,55,ajuntament-mercat,237,118,119,50.2
2026-09-15T16:53:00Z,2026-09-15T18:53:00+02:00,53,dr-robert,407,185,222,54.5
2026-09-15T16:53:00Z,2026-09-15T18:53:00+02:00,54,placa-vella,297,125,172,57.9
2026-09-15T16:53:00Z,2026-09-15T18:53:00+02:00,55,ajuntament-mercat,237,118,119,50.2
2026-09-15T16:54:00Z,2026-09-15T18:54:00+02:00,53,dr-robert,407,185,222,54.5
2026-09-15T16:54:00Z,2026-09-15T18:54:00+02:00,54,placa-vella,297,125,172,57.9
2026-09-15T16:54:00Z,2026-09-15T18:54:00+02:00,55,ajuntament-mercat,237,118,119,50.2
2026-09-15T16:55:00Z,2026-09-15T18:55:00+02:00,53,dr-robert,407,188,219,53.8
2026-09-15T16:55:00Z,2026-09-15T18:55:00+02:00,54,placa-vella,297,127,170,57.2
2026-09-15T16:55:00Z,2026-09-15T18:55:00+02:00,55,ajuntament-mercat,237,118,119,50.2
2026-09-15T16:56:00Z,2026-09-15T18:56:00+02:00,53,dr-robert,407,188,219,53.8
2026-09-15T16:56:00Z,2026-09-15T18:56:00+02:00,54,placa-vella,297,127,170,57.2
2026-09-15T16:56:00Z,2026-09-15T18:56:00+02:00,55,ajuntament-mercat,237,118,119,50.2
2026-09-15T16:57:00Z,2026-09-15T18:57:00+02:00,53,dr-robert,407,188,219,53.8
2026-09-15T16:57:00Z,2026-09-15T18:57:00+02:00,54,placa-vella,297,127,170,57.2
2026-09-15T16:57:00Z,2026-09-15T18:57:00+02:00,55,ajuntament-mercat,237,118,119,50.2
2026-09-15T16:58:00Z,2026-09-15T18:58:00+02:00,53,dr-robert,407,188,219,53.8
2026-09-15T16:58:00Z,2026-09-15T18:58:00+02:00,54,placa-vella,297,127,170,57.2
2026-09-15T16:58:00Z,2026-09-15T18:58:00+02:00,55,ajuntament-mercat,237,118,119,50.2
2026-09-15T16:59:00Z,2026-09-15T18:59:00+02:00,53,dr-robert,407,188,219,53.8
2026-09-15T16:59:00Z,2026-09-15T18:59:00+02:00,54,placa-vella,297,127,170,57.2
2026-09-15T16:59:00Z,2026-09-15T18:59:00+02:00,55,ajuntament-mercat,237,118,119,50.2
2026-09-15T17:00:00Z,2026-09-15T19:00:00+02:00,53,dr-robert,407,191,216,53.1
2026-09-15T17:00:00Z,2026-09-15T19:00:00+02:00,54,placa-vella,297,136,161,54.2
2026-09-15T17:00:00Z,2026-09-15T19:00:00+02:00,55,ajuntament-mercat,237,121,116,48.9
2026-09-15T17:01:00Z,2026-09-15T19:01:00+02:00,53,dr-robert,407,191,216,53.1
2026-09-15T17:01:00Z,2026-09-15T19:01:00+02:00,54,placa-vella,297,136,161,54.2
2026-09-15T17:01:00Z,2026-09-15T19:01:00+02:00,55,ajuntament-mercat,237,121,116,48.9
2026-09-15T17:02:00Z,2026-09-15T19:02:00+02:00,53,dr-robert,407,191,216,53.1
2026-09-15T17:02:00Z,2026-09-15T19:02:00+02:00,54,placa-vella,297,136,161,54.2
2026-09-15T17:02:00Z,2026-09-15T19:02:00+02:00,55,ajuntament-mercat,237,121,116,48.9
2026-09-15T17:03:00Z,2026-09-15T19:03:00+02:00,53,dr-robert,407,191,216,53.1
2026-09-15T17:03:00Z,2026-09-15T19:03:00+02:00,54,placa-vella,297,136,161,54.2
2026-09-15T17:03:00Z,2026-09-15T19:03:00+02:00,55,ajuntament-mercat,237,121,116,48.9
2026-09-15T17:04:00Z,2026-09-15T19:04:00+02:00,53,dr-robert,407,191,216,53.1
2026-09-15T17:04:00Z,2026-09-15T19:04:00+02:00,54,placa-vella,297,136,161,54.2
2026-09-15T17:04:00Z,2026-09-15T19:04:00+02:00,55,ajuntament-mercat,237,121,116,48.9
2026-09-15T17:05:00Z,2026-09-15T19:05:00+02:00,53,dr-robert,407,189,218,53.6
2026-09-15T17:05:00Z,2026-09-15T19:05:00+02:00,54,placa-vella,297,133,164,55.2
2026-09-15T17:05:00Z,2026-09-15T19:05:00+02:00,55,ajuntament-mercat,237,123,114,48.1
2026-09-15T17:06:00Z,2026-09-15T19:06:00+02:00,53,dr-robert,407,189,218,53.6
2026-09-15T17:06:00Z,2026-09-15T19:06:00+02:00,54,placa-vella,297,133,164,55.2
2026-09-15T17:06:00Z,2026-09-15T19:06:00+02:00,55,ajuntament-mercat,237,123,114,48.1
2026-09-15T17:07:00Z,2026-09-15T19:07:00+02:00,53,dr-robert,407,189,218,53.6
2026-09-15T17:07:00Z,2026-09-15T19:07:00+02:00,54,placa-vella,297,133,164,55.2
2026-09-15T17:07:00Z,2026-09-15T19:07:00+02:00,55,ajuntament-mercat,237,123,114,48.1
2026-09-15T17:08:00Z,2026-09-15T19:08:00+02:00,53,dr-robert,407,189,218,53.6
2026-09-15T17:08:00Z,2026-09-15T19:08:00+02:00,54,placa-vella,297,133,164,55.2
2026-09-15T17:08:00Z,2026-09-15T19:08:00+02:00,55,ajuntament-mercat,237,123,114,48.1
2026-09-15T17:09:00Z,2026-09-15T19:09:00+02:00,53,dr-robert,407,189,218,53.6
2026-09-15T17:09:00Z,2026-09-15T19:09:00+02:00,54,placa-vella,297,133,164,55.2
2026-09-15T17:09:00Z,2026-09-15T19:09:00+02:00,55,ajuntament-mercat,237,123,114,48.1
2026-09-15T17:10:00Z,2026-09-15T19:10:00+02:00,53,dr-robert,407,191,216,53.1
2026-09-15T17:10:00Z,2026-09-15T19:10:00+02:00,54,placa-vella,297,133,164,55.2
2026-09-15T17:10:00Z,2026-09-15T19:10:00+02:00,55,ajuntament-mercat,237,124,113,47.7
2026-09-15T17:11:00Z,2026-09-15T19:11:00+02:00,53,dr-robert,407,191,216,53.1
2026-09-15T17:11:00Z,2026-09-15T19:11:00+02:00,54,placa-vella,297,133,164,55.2
2026-09-15T17:11:00Z,2026-09-15T19:11:00+02:00,55,ajuntament-mercat,237,124,113,47.7
2026-09-15T17:12:00Z,2026-09-15T19:12:00+02:00,53,dr-robert,407,191,216,53.1
2026-09-15T17:12:00Z,2026-09-15T19:12:00+02:00,54,placa-vella,297,133,164,55.2
2026-09-15T17:12:00Z,2026-09-15T19:12:00+02:00,55,ajuntament-mercat,237,124,113,47.7
2026-09-15T17:13:00Z,2026-09-15T19:13:00+02:00,53,dr-robert,407,191,216,53.1
2026-09-15T17:13:00Z,2026-09-15T19:13:00+02:00,54,placa-vella,297,133,164,55.2
2026-09-15T17:13:00Z,2026-09-15T19:13:00+02:00,55,ajuntament-mercat,237,124,113,47.7
2026-09-15T17:14:00Z,2026-09-15T19:14:00+02:00,53,dr-robert,407,191,216,53.1
2026-09-15T17:14:00Z,2026-09-15T19:14:00+02:00,54,placa-vella,297,133,164,55.2
2026-09-15T17:14:00Z,2026-09-15T19:14:00+02:00,55,ajuntament-mercat,237,124,113,47.7
2026-09-15T17:15:00Z,2026-09-15T19:15:00+02:00,53,dr-robert,407,191,216,53.1
2026-09-15T17:15:00Z,2026-09-15T19:15:00+02:00,54,placa-vella,297,134,163,54.9
2026-09-15T17:15:00Z,2026-09-15T19:15:00+02:00,55,ajuntament-mercat,237,128,109,46
2026-09-15T17:16:00Z,2026-09-15T19:16:00+02:00,53,dr-robert,407,191,216,53.1
2026-09-15T17:16:00Z,2026-09-15T19:16:00+02:00,54,placa-vella,297,134,163,54.9
2026-09-15T17:16:00Z,2026-09-15T19:16:00+02:00,55,ajuntament-mercat,237,128,109,46
2026-09-15T17:17:00Z,2026-09-15T19:17:00+02:00,53,dr-robert,407,191,216,53.1
2026-09-15T17:17:00Z,2026-09-15T19:17:00+02:00,54,placa-vella,297,134,163,54.9
2026-09-15T17:17:00Z,2026-09-15T19:17:00+02:00,55,ajuntament-mercat,237,128,109,46
2026-09-15T17:18:00Z,2026-09-15T19:18:00+02:00,53,dr-robert,407,191,216,53.1
2026-09-15T17:18:00Z,2026-09-15T19:18:00+02:00,54,placa-vella,297,134,163,54.9
2026-09-15T17:18:00Z,2026-09-15T19:18:00+02:00,55,ajuntament-mercat,237,128,109,46
2026-09-15T17:19:00Z,2026-09-15T19:19:00+02:00,53,dr-robert,407,191,216,53.1
2026-09-15T17:19:00Z,2026-09-15T19:19:00+02:00,54,placa-vella,297,134,163,54.9
2026-09-15T17:19:00Z,2026-09-15T19:19:00+02:00,55,ajuntament-mercat,237,128,109,46
2026-09-15T17:20:00Z,2026-09-15T19:20:00+02:00,53,dr-robert,407,191,216,53.1
2026-09-15T17:20:00Z,2026-09-15T19:20:00+02:00,54,placa-vella,297,139,158,53.2
2026-09-15T17:20:00Z,2026-09-15T19:20:00+02:00,55,ajuntament-mercat,237,124,113,47.7
2026-09-15T17:21:00Z,2026-09-15T19:21:00+02:00,53,dr-robert,407,191,216,53.1
2026-09-15T17:21:00Z,2026-09-15T19:21:00+02:00,54,placa-vella,297,139,158,53.2
2026-09-15T17:21:00Z,2026-09-15T19:21:00+02:00,55,ajuntament-mercat,237,124,113,47.7
2026-09-15T17:22:00Z,2026-09-15T19:22:00+02:00,53,dr-robert,407,191,216,53.1
2026-09-15T17:22:00Z,2026-09-15T19:22:00+02:00,54,placa-vella,297,139,158,53.2
2026-09-15T17:22:00Z,2026-09-15T19:22:00+02:00,55,ajuntament-mercat,237,124,113,47.7
2026-09-15T17:23:00Z,2026-09-15T19:23:00+02:00,53,dr-robert,407,191,216,53.1
2026-09-15T17:23:00Z,2026-09-15T19:23:00+02:00,54,placa-vella,297,139,158,53.2
2026-09-15T17:23:00Z,2026-09-15T19:23:00+02:00,55,ajuntament-mercat,237,124,113,47.7
2026-09-15T17:24:00Z,2026-09-15T19:24:00+02:00,53,dr-robert,407,191,216,53.1
2026-09-15T17:24:00Z,2026-09-15T19:24:00+02:00,54,placa-vella,297,139,158,53.2
2026-09-15T17:24:00Z,2026-09-15T19:24:00+02:00,55,ajuntament-mercat,237,124,113,47.7
2026-09-15T17:25:00Z,2026-09-15T19:25:00+02:00,53,dr-robert,407,197,210,51.6
2026-09-15T17:25:00Z,2026-09-15T19:25:00+02:00,54,placa-vella,297,143,154,51.9
2026-09-15T17:25:00Z,2026-09-15T19:25:00+02:00,55,ajuntament-mercat,237,128,109,46
2026-09-15T17:26:00Z,2026-09-15T19:26:00+02:00,53,dr-robert,407,197,210,51.6
2026-09-15T17:26:00Z,2026-09-15T19:26:00+02:00,54,placa-vella,297,143,154,51.9
2026-09-15T17:26:00Z,2026-09-15T19:26:00+02:00,55,ajuntament-mercat,237,128,109,46
2026-09-15T17:27:00Z,2026-09-15T19:27:00+02:00,53,dr-robert,407,197,210,51.6
2026-09-15T17:27:00Z,2026-09-15T19:27:00+02:00,54,placa-vella,297,143,154,51.9
2026-09-15T17:27:00Z,2026-09-15T19:27:00+02:00,55,ajuntament-mercat,237,128,109,46
2026-09-15T17:28:00Z,2026-09-15T19:28:00+02:00,53,dr-robert,407,197,210,51.6
2026-09-15T17:28:00Z,2026-09-15T19:28:00+02:00,54,placa-vella,297,143,154,51.9
2026-09-15T17:28:00Z,2026-09-15T19:28:00+02:00,55,ajuntament-mercat,237,128,109,46
2026-09-15T17:29:00Z,2026-09-15T19:29:00+02:00,53,dr-robert,407,197,210,51.6
2026-09-15T17:29:00Z,2026-09-15T19:29:00+02:00,54,placa-vella,297,143,154,51.9
2026-09-15T17:29:00Z,2026-09-15T19:29:00+02:00,55,ajuntament-mercat,237,128,109,46
2026-09-15T17:30:00Z,2026-09-15T19:30:00+02:00,53,dr-robert,407,198,209,51.4
2026-09-15T17:30:00Z,2026-09-15T19:30:00+02:00,54,placa-vella,297,144,153,51.5
2026-09-15T17:30:00Z,2026-09-15T19:30:00+02:00,55,ajuntament-mercat,237,127,110,46.4
2026-09-15T17:31:00Z,2026-09-15T19:31:00+02:00,53,dr-robert,407,198,209,51.4
2026-09-15T17:31:00Z,2026-09-15T19:31:00+02:00,54,placa-vella,297,144,153,51.5
2026-09-15T17:31:00Z,2026-09-15T19:31:00+02:00,55,ajuntament-mercat,237,127,110,46.4
2026-09-15T17:32:00Z,2026-09-15T19:32:00+02:00,53,dr-robert,407,198,209,51.4
2026-09-15T17:32:00Z,2026-09-15T19:32:00+02:00,54,placa-vella,297,144,153,51.5
2026-09-15T17:32:00Z,2026-09-15T19:32:00+02:00,55,ajuntament-mercat,237,127,110,46.4
2026-09-15T17:33:00Z,2026-09-15T19:33:00+02:00,53,dr-robert,407,198,209,51.4
2026-09-15T17:33:00Z,2026-09-15T19:33:00+02:00,54,placa-vella,297,144,153,51.5
2026-09-15T17:33:00Z,2026-09-15T19:33:00+02:00,55,ajuntament-mercat,237,127,110,46.4
2026-09-15T17:34:00Z,2026-09-15T19:34:00+02:00,53,dr-robert,407,198,209,51.4
2026-09-15T17:34:00Z,2026-09-15T19:34:00+02:00,54,placa-vella,297,144,153,51.5
2026-09-15T17:34:00Z,2026-09-15T19:34:00+02:00,55,ajuntament-mercat,237,127,110,46.4
2026-09-15T17:35:00Z,2026-09-15T19:35:00+02:00,53,dr-robert,407,198,209,51.4
2026-09-15T17:35:00Z,2026-09-15T19:35:00+02:00,54,placa-vella,297,145,152,51.2
2026-09-15T17:35:00Z,2026-09-15T19:35:00+02:00,55,ajuntament-mercat,237,129,108,45.6
2026-09-15T17:36:00Z,2026-09-15T19:36:00+02:00,53,dr-robert,407,198,209,51.4
2026-09-15T17:36:00Z,2026-09-15T19:36:00+02:00,54,placa-vella,297,145,152,51.2
2026-09-15T17:36:00Z,2026-09-15T19:36:00+02:00,55,ajuntament-mercat,237,129,108,45.6
2026-09-15T17:37:00Z,2026-09-15T19:37:00+02:00,53,dr-robert,407,198,209,51.4
2026-09-15T17:37:00Z,2026-09-15T19:37:00+02:00,54,placa-vella,297,145,152,51.2
2026-09-15T17:37:00Z,2026-09-15T19:37:00+02:00,55,ajuntament-mercat,237,129,108,45.6
2026-09-15T17:38:00Z,2026-09-15T19:38:00+02:00,53,dr-robert,407,198,209,51.4
2026-09-15T17:38:00Z,2026-09-15T19:38:00+02:00,54,placa-vella,297,145,152,51.2
2026-09-15T17:38:00Z,2026-09-15T19:38:00+02:00,55,ajuntament-mercat,237,129,108,45.6
2026-09-15T17:39:00Z,2026-09-15T19:39:00+02:00,53,dr-robert,407,198,209,51.4
2026-09-15T17:39:00Z,2026-09-15T19:39:00+02:00,54,placa-vella,297,145,152,51.2
2026-09-15T17:39:00Z,2026-09-15T19:39:00+02:00,55,ajuntament-mercat,237,129,108,45.6
2026-09-15T17:40:00Z,2026-09-15T19:40:00+02:00,53,dr-robert,407,203,204,50.1
2026-09-15T17:40:00Z,2026-09-15T19:40:00+02:00,54,placa-vella,297,145,152,51.2
2026-09-15T17:40:00Z,2026-09-15T19:40:00+02:00,55,ajuntament-mercat,237,129,108,45.6
2026-09-15T17:41:00Z,2026-09-15T19:41:00+02:00,53,dr-robert,407,203,204,50.1
2026-09-15T17:41:00Z,2026-09-15T19:41:00+02:00,54,placa-vella,297,145,152,51.2
2026-09-15T17:41:00Z,2026-09-15T19:41:00+02:00,55,ajuntament-mercat,237,129,108,45.6
2026-09-15T17:42:00Z,2026-09-15T19:42:00+02:00,53,dr-robert,407,203,204,50.1
2026-09-15T17:42:00Z,2026-09-15T19:42:00+02:00,54,placa-vella,297,145,152,51.2
2026-09-15T17:42:00Z,2026-09-15T19:42:00+02:00,55,ajuntament-mercat,237,129,108,45.6
2026-09-15T17:43:00Z,2026-09-15T19:43:00+02:00,53,dr-robert,407,203,204,50.1
2026-09-15T17:43:00Z,2026-09-15T19:43:00+02:00,54,placa-vella,297,145,152,51.2
2026-09-15T17:43:00Z,2026-09-15T19:43:00+02:00,55,ajuntament-mercat,237,129,108,45.6
2026-09-15T17:44:00Z,2026-09-15T19:44:00+02:00,53,dr-robert,407,203,204,50.1
2026-09-15T17:44:00Z,2026-09-15T19:44:00+02:00,54,placa-vella,297,145,152,51.2
2026-09-15T17:44:00Z,2026-09-15T19:44:00+02:00,55,ajuntament-mercat,237,129,108,45.6
2026-09-15T17:45:00Z,2026-09-15T19:45:00+02:00,53,dr-robert,407,207,200,49.1
2026-09-15T17:45:00Z,2026-09-15T19:45:00+02:00,54,placa-vella,297,144,153,51.5
2026-09-15T17:45:00Z,2026-09-15T19:45:00+02:00,55,ajuntament-mercat,237,132,105,44.3
2026-09-15T17:46:00Z,2026-09-15T19:46:00+02:00,53,dr-robert,407,207,200,49.1
2026-09-15T17:46:00Z,2026-09-15T19:46:00+02:00,54,placa-vella,297,144,153,51.5
2026-09-15T17:46:00Z,2026-09-15T19:46:00+02:00,55,ajuntament-mercat,237,132,105,44.3
2026-09-15T17:47:00Z,2026-09-15T19:47:00+02:00,53,dr-robert,407,207,200,49.1
2026-09-15T17:47:00Z,2026-09-15T19:47:00+02:00,54,placa-vella,297,144,153,51.5
2026-09-15T17:47:00Z,2026-09-15T19:47:00+02:00,55,ajuntament-mercat,237,132,105,44.3
2026-09-15T17:48:00Z,2026-09-15T19:48:00+02:00,53,dr-robert,407,207,200,49.1
2026-09-15T17:48:00Z,2026-09-15T19:48:00+02:00,54,placa-vella,297,144,153,51.5
2026-09-15T17:48:00Z,2026-09-15T19:48:00+02:00,55,ajuntament-mercat,237,132,105,44.3
2026-09-15T17:49:00Z,2026-09-15T19:49:00+02:00,53,dr-robert,407,207,200,49.1
2026-09-15T17:49:00Z,2026-09-15T19:49:00+02:00,54,placa-vella,297,144,153,51.5
2026-09-15T17:49:00Z,2026-09-15T19:49:00+02:00,55,ajuntament-mercat,237,132,105,44.3
2026-09-15T17:50:00Z,2026-09-15T19:50:00+02:00,53,dr-robert,407,209,198,48.6
2026-09-15T17:50:00Z,2026-09-15T19:50:00+02:00,54,placa-vella,297,148,149,50.2
2026-09-15T17:50:00Z,2026-09-15T19:50:00+02:00,55,ajuntament-mercat,237,134,103,43.5
2026-09-15T17:51:00Z,2026-09-15T19:51:00+02:00,53,dr-robert,407,209,198,48.6
2026-09-15T17:51:00Z,2026-09-15T19:51:00+02:00,54,placa-vella,297,148,149,50.2
2026-09-15T17:51:00Z,2026-09-15T19:51:00+02:00,55,ajuntament-mercat,237,134,103,43.5
2026-09-15T17:52:00Z,2026-09-15T19:52:00+02:00,53,dr-robert,407,209,198,48.6
2026-09-15T17:52:00Z,2026-09-15T19:52:00+02:00,54,placa-vella,297,148,149,50.2
2026-09-15T17:52:00Z,2026-09-15T19:52:00+02:00,55,ajuntament-mercat,237,134,103,43.5
2026-09-15T17:53:00Z,2026-09-15T19:53:00+02:00,53,dr-robert,407,209,198,48.6
2026-09-15T17:53:00Z,2026-09-15T19:53:00+02:00,54,placa-vella,297,148,149,50.2
2026-09-15T17:53:00Z,2026-09-15T19:53:00+02:00,55,ajuntament-mercat,237,134,103,43.5
2026-09-15T17:54:00Z,2026-09-15T19:54:00+02:00,53,dr-robert,407,209,198,48.6
2026-09-15T17:54:00Z,2026-09-15T19:54:00+02:00,54,placa-vella,297,148,149,50.2
2026-09-15T17:54:00Z,2026-09-15T19:54:00+02:00,55,ajuntament-mercat,237,134,103,43.5
2026-09-15T17:55:00Z,2026-09-15T19:55:00+02:00,53,dr-robert,407,218,189,46.4
2026-09-15T17:55:00Z,2026-09-15T19:55:00+02:00,54,placa-vella,297,152,145,48.8
2026-09-15T17:55:00Z,2026-09-15T19:55:00+02:00,55,ajuntament-mercat,237,142,95,40.1
2026-09-15T17:56:00Z,2026-09-15T19:56:00+02:00,53,dr-robert,407,218,189,46.4
2026-09-15T17:56:00Z,2026-09-15T19:56:00+02:00,54,placa-vella,297,152,145,48.8
2026-09-15T17:56:00Z,2026-09-15T19:56:00+02:00,55,ajuntament-mercat,237,142,95,40.1
2026-09-15T17:57:00Z,2026-09-15T19:57:00+02:00,53,dr-robert,407,218,189,46.4
2026-09-15T17:57:00Z,2026-09-15T19:57:00+02:00,54,placa-vella,297,152,145,48.8
2026-09-15T17:57:00Z,2026-09-15T19:57:00+02:00,55,ajuntament-mercat,237,142,95,40.1
2026-09-15T17:58:00Z,2026-09-15T19:58:00+02:00,53,dr-robert,407,218,189,46.4
2026-09-15T17:58:00Z,2026-09-15T19:58:00+02:00,54,placa-vella,297,152,145,48.8
2026-09-15T17:58:00Z,2026-09-15T19:58:00+02:00,55,ajuntament-mercat,237,142,95,40.1
2026-09-15T17:59:00Z,2026-09-15T19:59:00+02:00,53,dr-robert,407,218,189,46.4
2026-09-15T17:59:00Z,2026-09-15T19:59:00+02:00,54,placa-vella,297,152,145,48.8
2026-09-15T17:59:00Z,2026-09-15T19:59:00+02:00,55,ajuntament-mercat,237,142,95,40.1
2026-09-15T18:00:00Z,2026-09-15T20:00:00+02:00,53,dr-robert,407,218,189,46.4
2026-09-15T18:00:00Z,2026-09-15T20:00:00+02:00,54,placa-vella,297,152,145,48.8
2026-09-15T18:00:00Z,2026-09-15T20:00:00+02:00,55,ajuntament-mercat,237,142,95,40.1
2026-09-15T18:01:00Z,2026-09-15T20:01:00+02:00,53,dr-robert,407,223,184,45.2
2026-09-15T18:01:00Z,2026-09-15T20:01:00+02:00,54,placa-vella,297,151,146,49.2
2026-09-15T18:01:00Z,2026-09-15T20:01:00+02:00,55,ajuntament-mercat,237,143,94,39.7
2026-09-15T18:02:00Z,2026-09-15T20:02:00+02:00,53,dr-robert,407,223,184,45.2
2026-09-15T18:02:00Z,2026-09-15T20:02:00+02:00,54,placa-vella,297,151,146,49.2
2026-09-15T18:02:00Z,2026-09-15T20:02:00+02:00,55,ajuntament-mercat,237,143,94,39.7
2026-09-15T18:03:00Z,2026-09-15T20:03:00+02:00,53,dr-robert,407,223,184,45.2
2026-09-15T18:03:00Z,2026-09-15T20:03:00+02:00,54,placa-vella,297,151,146,49.2
2026-09-15T18:03:00Z,2026-09-15T20:03:00+02:00,55,ajuntament-mercat,237,143,94,39.7
2026-09-15T18:04:00Z,2026-09-15T20:04:00+02:00,53,dr-robert,407,223,184,45.2
2026-09-15T18:04:00Z,2026-09-15T20:04:00+02:00,54,placa-vella,297,151,146,49.2
2026-09-15T18:04:00Z,2026-09-15T20:04:00+02:00,55,ajuntament-mercat,237,143,94,39.7
2026-09-15T18:05:00Z,2026-09-15T20:05:00+02:00,53,dr-robert,407,226,181,44.5
2026-09-15T18:05:00Z,2026-09-15T20:05:00+02:00,54,placa-vella,297,154,143,48.1
2026-09-15T18:05:00Z,2026-09-15T20:05:00+02:00,55,ajuntament-mercat,237,143,94,39.7
2026-09-15T18:06:00Z,2026-09-15T20:06:00+02:00,53,dr-robert,407,226,181,44.5
2026-09-15T18:06:00Z,2026-09-15T20:06:00+02:00,54,placa-vella,297,154,143,48.1
2026-09-15T18:06:00Z,2026-09-15T20:06:00+02:00,55,ajuntament-mercat,237,143,94,39.7
2026-09-15T18:07:00Z,2026-09-15T20:07:00+02:00,53,dr-robert,407,226,181,44.5
2026-09-15T18:07:00Z,2026-09-15T20:07:00+02:00,54,placa-vella,297,154,143,48.1
2026-09-15T18:07:00Z,2026-09-15T20:07:00+02:00,55,ajuntament-mercat,237,143,94,39.7
2026-09-15T18:08:00Z,2026-09-15T20:08:00+02:00,53,dr-robert,407,226,181,44.5
2026-09-15T18:08:00Z,2026-09-15T20:08:00+02:00,54,placa-vella,297,154,143,48.1
2026-09-15T18:08:00Z,2026-09-15T20:08:00+02:00,55,ajuntament-mercat,237,143,94,39.7
2026-09-15T18:09:00Z,2026-09-15T20:09:00+02:00,53,dr-robert,407,226,181,44.5
2026-09-15T18:09:00Z,2026-09-15T20:09:00+02:00,54,placa-vella,297,154,143,48.1
2026-09-15T18:09:00Z,2026-09-15T20:09:00+02:00,55,ajuntament-mercat,237,143,94,39.7
2026-09-15T18:10:00Z,2026-09-15T20:10:00+02:00,53,dr-robert,407,235,172,42.3
2026-09-15T18:10:00Z,2026-09-15T20:10:00+02:00,54,placa-vella,297,162,135,45.5
2026-09-15T18:10:00Z,2026-09-15T20:10:00+02:00,55,ajuntament-mercat,237,149,88,37.1
2026-09-15T18:11:00Z,2026-09-15T20:11:00+02:00,53,dr-robert,407,235,172,42.3
2026-09-15T18:11:00Z,2026-09-15T20:11:00+02:00,54,placa-vella,297,162,135,45.5
2026-09-15T18:11:00Z,2026-09-15T20:11:00+02:00,55,ajuntament-mercat,237,149,88,37.1
2026-09-15T18:12:00Z,2026-09-15T20:12:00+02:00,53,dr-robert,407,235,172,42.3
2026-09-15T18:12:00Z,2026-09-15T20:12:00+02:00,54,placa-vella,297,162,135,45.5
2026-09-15T18:12:00Z,2026-09-15T20:12:00+02:00,55,ajuntament-mercat,237,149,88,37.1
2026-09-15T18:13:00Z,2026-09-15T20:13:00+02:00,53,dr-robert,407,235,172,42.3
2026-09-15T18:13:00Z,2026-09-15T20:13:00+02:00,54,placa-vella,297,162,135,45.5
2026-09-15T18:13:00Z,2026-09-15T20:13:00+02:00,55,ajuntament-mercat,237,149,88,37.1
2026-09-15T18:14:00Z,2026-09-15T20:14:00+02:00,53,dr-robert,407,235,172,42.3
2026-09-15T18:14:00Z,2026-09-15T20:14:00+02:00,54,placa-vella,297,162,135,45.5
2026-09-15T18:14:00Z,2026-09-15T20:14:00+02:00,55,ajuntament-mercat,237,149,88,37.1
2026-09-15T18:15:00Z,2026-09-15T20:15:00+02:00,53,dr-robert,407,237,170,41.8
2026-09-15T18:15:00Z,2026-09-15T20:15:00+02:00,54,placa-vella,297,164,133,44.8
2026-09-15T18:15:00Z,2026-09-15T20:15:00+02:00,55,ajuntament-mercat,237,152,85,35.9
2026-09-15T18:16:00Z,2026-09-15T20:16:00+02:00,53,dr-robert,407,237,170,41.8
2026-09-15T18:16:00Z,2026-09-15T20:16:00+02:00,54,placa-vella,297,164,133,44.8
2026-09-15T18:16:00Z,2026-09-15T20:16:00+02:00,55,ajuntament-mercat,237,152,85,35.9
2026-09-15T18:17:00Z,2026-09-15T20:17:00+02:00,53,dr-robert,407,237,170,41.8
2026-09-15T18:17:00Z,2026-09-15T20:17:00+02:00,54,placa-vella,297,164,133,44.8
2026-09-15T18:17:00Z,2026-09-15T20:17:00+02:00,55,ajuntament-mercat,237,152,85,35.9
2026-09-15T18:18:00Z,2026-09-15T20:18:00+02:00,53,dr-robert,407,237,170,41.8
2026-09-15T18:18:00Z,2026-09-15T20:18:00+02:00,54,placa-vella,297,164,133,44.8
2026-09-15T18:18:00Z,2026-09-15T20:18:00+02:00,55,ajuntament-mercat,237,152,85,35.9
2026-09-15T18:19:00Z,2026-09-15T20:19:00+02:00,53,dr-robert,407,237,170,41.8
2026-09-15T18:19:00Z,2026-09-15T20:19:00+02:00,54,placa-vella,297,164,133,44.8
2026-09-15T18:19:00Z,2026-09-15T20:19:00+02:00,55,ajuntament-mercat,237,152,85,35.9
2026-09-15T18:20:00Z,2026-09-15T20:20:00+02:00,53,dr-robert,407,240,167,41
2026-09-15T18:20:00Z,2026-09-15T20:20:00+02:00,54,placa-vella,297,169,128,43.1
2026-09-15T18:20:00Z,2026-09-15T20:20:00+02:00,55,ajuntament-mercat,237,156,81,34.2
2026-09-15T18:21:00Z,2026-09-15T20:21:00+02:00,53,dr-robert,407,240,167,41
2026-09-15T18:21:00Z,2026-09-15T20:21:00+02:00,54,placa-vella,297,169,128,43.1
2026-09-15T18:21:00Z,2026-09-15T20:21:00+02:00,55,ajuntament-mercat,237,156,81,34.2
2026-09-15T18:22:00Z,2026-09-15T20:22:00+02:00,53,dr-robert,407,240,167,41
2026-09-15T18:22:00Z,2026-09-15T20:22:00+02:00,54,placa-vella,297,169,128,43.1
2026-09-15T18:22:00Z,2026-09-15T20:22:00+02:00,55,ajuntament-mercat,237,156,81,34.2
2026-09-15T18:23:00Z,2026-09-15T20:23:00+02:00,53,dr-robert,407,240,167,41
2026-09-15T18:23:00Z,2026-09-15T20:23:00+02:00,54,placa-vella,297,169,128,43.1
2026-09-15T18:23:00Z,2026-09-15T20:23:00+02:00,55,ajuntament-mercat,237,156,81,34.2
2026-09-15T18:24:00Z,2026-09-15T20:24:00+02:00,53,dr-robert,407,240,167,41
2026-09-15T18:24:00Z,2026-09-15T20:24:00+02:00,54,placa-vella,297,169,128,43.1
2026-09-15T18:24:00Z,2026-09-15T20:24:00+02:00,55,ajuntament-mercat,237,156,81,34.2
2026-09-15T18:25:00Z,2026-09-15T20:25:00+02:00,53,dr-robert,407,248,159,39.1
2026-09-15T18:25:00Z,2026-09-15T20:25:00+02:00,54,placa-vella,297,172,125,42.1
2026-09-15T18:25:00Z,2026-09-15T20:25:00+02:00,55,ajuntament-mercat,237,161,76,32.1
2026-09-15T18:26:00Z,2026-09-15T20:26:00+02:00,53,dr-robert,407,248,159,39.1
2026-09-15T18:26:00Z,2026-09-15T20:26:00+02:00,54,placa-vella,297,172,125,42.1
2026-09-15T18:26:00Z,2026-09-15T20:26:00+02:00,55,ajuntament-mercat,237,161,76,32.1
2026-09-15T18:27:00Z,2026-09-15T20:27:00+02:00,53,dr-robert,407,248,159,39.1
2026-09-15T18:27:00Z,2026-09-15T20:27:00+02:00,54,placa-vella,297,172,125,42.1
2026-09-15T18:27:00Z,2026-09-15T20:27:00+02:00,55,ajuntament-mercat,237,161,76,32.1
2026-09-15T18:28:00Z,2026-09-15T20:28:00+02:00,53,dr-robert,407,248,159,39.1
2026-09-15T18:28:00Z,2026-09-15T20:28:00+02:00,54,placa-vella,297,172,125,42.1
2026-09-15T18:28:00Z,2026-09-15T20:28:00+02:00,55,ajuntament-mercat,237,161,76,32.1
2026-09-15T18:29:00Z,2026-09-15T20:29:00+02:00,53,dr-robert,407,248,159,39.1
2026-09-15T18:29:00Z,2026-09-15T20:29:00+02:00,54,placa-vella,297,172,125,42.1
2026-09-15T18:29:00Z,2026-09-15T20:29:00+02:00,55,ajuntament-mercat,237,161,76,32.1
2026-09-15T18:30:00Z,2026-09-15T20:30:00+02:00,53,dr-robert,407,251,156,38.3
2026-09-15T18:30:00Z,2026-09-15T20:30:00+02:00,54,placa-vella,297,175,122,41.1
2026-09-15T18:30:00Z,2026-09-15T20:30:00+02:00,55,ajuntament-mercat,237,163,74,31.2
2026-09-15T18:31:00Z,2026-09-15T20:31:00+02:00,53,dr-robert,407,251,156,38.3
2026-09-15T18:31:00Z,2026-09-15T20:31:00+02:00,54,placa-vella,297,175,122,41.1
2026-09-15T18:31:00Z,2026-09-15T20:31:00+02:00,55,ajuntament-mercat,237,163,74,31.2
2026-09-15T18:32:00Z,2026-09-15T20:32:00+02:00,53,dr-robert,407,251,156,38.3
2026-09-15T18:32:00Z,2026-09-15T20:32:00+02:00,54,placa-vella,297,175,122,41.1
2026-09-15T18:32:00Z,2026-09-15T20:32:00+02:00,55,ajuntament-mercat,237,163,74,31.2
2026-09-15T18:33:00Z,2026-09-15T20:33:00+02:00,53,dr-robert,407,251,156,38.3
2026-09-15T18:33:00Z,2026-09-15T20:33:00+02:00,54,placa-vella,297,175,122,41.1
2026-09-15T18:33:00Z,2026-09-15T20:33:00+02:00,55,ajuntament-mercat,237,163,74,31.2
2026-09-15T18:34:00Z,2026-09-15T20:34:00+02:00,53,dr-robert,407,251,156,38.3
2026-09-15T18:34:00Z,2026-09-15T20:34:00+02:00,54,placa-vella,297,175,122,41.1
2026-09-15T18:34:00Z,2026-09-15T20:34:00+02:00,55,ajuntament-mercat,237,163,74,31.2
2026-09-15T18:35:00Z,2026-09-15T20:35:00+02:00,53,dr-robert,407,259,148,36.4
2026-09-15T18:35:00Z,2026-09-15T20:35:00+02:00,54,placa-vella,297,177,120,40.4
2026-09-15T18:35:00Z,2026-09-15T20:35:00+02:00,55,ajuntament-mercat,237,162,75,31.6
2026-09-15T18:36:00Z,2026-09-15T20:36:00+02:00,53,dr-robert,407,259,148,36.4
2026-09-15T18:36:00Z,2026-09-15T20:36:00+02:00,54,placa-vella,297,177,120,40.4
2026-09-15T18:36:00Z,2026-09-15T20:36:00+02:00,55,ajuntament-mercat,237,162,75,31.6
2026-09-15T18:37:00Z,2026-09-15T20:37:00+02:00,53,dr-robert,407,259,148,36.4
2026-09-15T18:37:00Z,2026-09-15T20:37:00+02:00,54,placa-vella,297,177,120,40.4
2026-09-15T18:37:00Z,2026-09-15T20:37:00+02:00,55,ajuntament-mercat,237,162,75,31.6
2026-09-15T18:38:00Z,2026-09-15T20:38:00+02:00,53,dr-robert,407,259,148,36.4
2026-09-15T18:38:00Z,2026-09-15T20:38:00+02:00,54,placa-vella,297,177,120,40.4
2026-09-15T18:38:00Z,2026-09-15T20:38:00+02:00,55,ajuntament-mercat,237,162,75,31.6
2026-09-15T18:39:00Z,2026-09-15T20:39:00+02:00,53,dr-robert,407,259,148,36.4
2026-09-15T18:39:00Z,2026-09-15T20:39:00+02:00,54,placa-vella,297,177,120,40.4
2026-09-15T18:39:00Z,2026-09-15T20:39:00+02:00,55,ajuntament-mercat,237,162,75,31.6
2026-09-15T18:40:00Z,2026-09-15T20:40:00+02:00,53,dr-robert,407,263,144,35.4
2026-09-15T18:40:00Z,2026-09-15T20:40:00+02:00,54,placa-vella,297,185,112,37.7
2026-09-15T18:40:00Z,2026-09-15T20:40:00+02:00,55,ajuntament-mercat,237,164,73,30.8
2026-09-15T18:41:00Z,2026-09-15T20:41:00+02:00,53,dr-robert,407,263,144,35.4
2026-09-15T18:41:00Z,2026-09-15T20:41:00+02:00,54,placa-vella,297,185,112,37.7
2026-09-15T18:41:00Z,2026-09-15T20:41:00+02:00,55,ajuntament-mercat,237,164,73,30.8
2026-09-15T18:42:00Z,2026-09-15T20:42:00+02:00,53,dr-robert,407,263,144,35.4
2026-09-15T18:42:00Z,2026-09-15T20:42:00+02:00,54,placa-vella,297,185,112,37.7
2026-09-15T18:42:00Z,2026-09-15T20:42:00+02:00,55,ajuntament-mercat,237,164,73,30.8
2026-09-15T18:43:00Z,2026-09-15T20:43:00+02:00,53,dr-robert,407,263,144,35.4
2026-09-15T18:43:00Z,2026-09-15T20:43:00+02:00,54,placa-vella,297,185,112,37.7
2026-09-15T18:43:00Z,2026-09-15T20:43:00+02:00,55,ajuntament-mercat,237,164,73,30.8
2026-09-15T18:44:00Z,2026-09-15T20:44:00+02:00,53,dr-robert,407,263,144,35.4
2026-09-15T18:44:00Z,2026-09-15T20:44:00+02:00,54,placa-vella,297,185,112,37.7
2026-09-15T18:44:00Z,2026-09-15T20:44:00+02:00,55,ajuntament-mercat,237,164,73,30.8
2026-09-15T18:45:00Z,2026-09-15T20:45:00+02:00,53,dr-robert,407,263,144,35.4
2026-09-15T18:45:00Z,2026-09-15T20:45:00+02:00,54,placa-vella,297,185,112,37.7
2026-09-15T18:45:00Z,2026-09-15T20:45:00+02:00,55,ajuntament-mercat,237,164,73,30.8
2026-09-15T18:46:00Z,2026-09-15T20:46:00+02:00,53,dr-robert,407,265,142,34.9
2026-09-15T18:46:00Z,2026-09-15T20:46:00+02:00,54,placa-vella,297,182,115,38.7
2026-09-15T18:46:00Z,2026-09-15T20:46:00+02:00,55,ajuntament-mercat,237,167,70,29.5
2026-09-15T18:47:00Z,2026-09-15T20:47:00+02:00,53,dr-robert,407,265,142,34.9
2026-09-15T18:47:00Z,2026-09-15T20:47:00+02:00,54,placa-vella,297,182,115,38.7
2026-09-15T18:47:00Z,2026-09-15T20:47:00+02:00,55,ajuntament-mercat,237,167,70,29.5
2026-09-15T18:48:00Z,2026-09-15T20:48:00+02:00,53,dr-robert,407,265,142,34.9
2026-09-15T18:48:00Z,2026-09-15T20:48:00+02:00,54,placa-vella,297,182,115,38.7
2026-09-15T18:48:00Z,2026-09-15T20:48:00+02:00,55,ajuntament-mercat,237,167,70,29.5
2026-09-15T18:49:00Z,2026-09-15T20:49:00+02:00,53,dr-robert,407,265,142,34.9
2026-09-15T18:49:00Z,2026-09-15T20:49:00+02:00,54,placa-vella,297,182,115,38.7
2026-09-15T18:49:00Z,2026-09-15T20:49:00+02:00,55,ajuntament-mercat,237,167,70,29.5
2026-09-15T18:50:00Z,2026-09-15T20:50:00+02:00,53,dr-robert,407,272,135,33.2
2026-09-15T18:50:00Z,2026-09-15T20:50:00+02:00,54,placa-vella,297,187,110,37
2026-09-15T18:50:00Z,2026-09-15T20:50:00+02:00,55,ajuntament-mercat,237,170,67,28.3
2026-09-15T18:51:00Z,2026-09-15T20:51:00+02:00,53,dr-robert,407,272,135,33.2
2026-09-15T18:51:00Z,2026-09-15T20:51:00+02:00,54,placa-vella,297,187,110,37
2026-09-15T18:51:00Z,2026-09-15T20:51:00+02:00,55,ajuntament-mercat,237,170,67,28.3
2026-09-15T18:52:00Z,2026-09-15T20:52:00+02:00,53,dr-robert,407,272,135,33.2
2026-09-15T18:52:00Z,2026-09-15T20:52:00+02:00,54,placa-vella,297,187,110,37
2026-09-15T18:52:00Z,2026-09-15T20:52:00+02:00,55,ajuntament-mercat,237,170,67,28.3
2026-09-15T18:53:00Z,2026-09-15T20:53:00+02:00,53,dr-robert,407,272,135,33.2
2026-09-15T18:53:00Z,2026-09-15T20:53:00+02:00,54,placa-vella,297,187,110,37
2026-09-15T18:53:00Z,2026-09-15T20:53:00+02:00,55,ajuntament-mercat,237,170,67,28.3
2026-09-15T18:54:00Z,2026-09-15T20:54:00+02:00,53,dr-robert,407,272,135,33.2
2026-09-15T18:54:00Z,2026-09-15T20:54:00+02:00,54,placa-vella,297,187,110,37
2026-09-15T18:54:00Z,2026-09-15T20:54:00+02:00,55,ajuntament-mercat,237,170,67,28.3
2026-09-15T18:55:00Z,2026-09-15T20:55:00+02:00,53,dr-robert,407,272,135,33.2
2026-09-15T18:55:00Z,2026-09-15T20:55:00+02:00,54,placa-vella,297,187,110,37
2026-09-15T18:55:00Z,2026-09-15T20:55:00+02:00,55,ajuntament-mercat,237,172,65,27.4
2026-09-15T18:56:00Z,2026-09-15T20:56:00+02:00,53,dr-robert,407,272,135,33.2
2026-09-15T18:56:00Z,2026-09-15T20:56:00+02:00,54,placa-vella,297,187,110,37
2026-09-15T18:56:00Z,2026-09-15T20:56:00+02:00,55,ajuntament-mercat,237,172,65,27.4
2026-09-15T18:57:00Z,2026-09-15T20:57:00+02:00,53,dr-robert,407,272,135,33.2
2026-09-15T18:57:00Z,2026-09-15T20:57:00+02:00,54,placa-vella,297,187,110,37
2026-09-15T18:57:00Z,2026-09-15T20:57:00+02:00,55,ajuntament-mercat,237,172,65,27.4
2026-09-15T18:58:00Z,2026-09-15T20:58:00+02:00,53,dr-robert,407,272,135,33.2
2026-09-15T18:58:00Z,2026-09-15T20:58:00+02:00,54,placa-vella,297,187,110,37
2026-09-15T18:58:00Z,2026-09-15T20:58:00+02:00,55,ajuntament-mercat,237,172,65,27.4
2026-09-15T18:59:00Z,2026-09-15T20:59:00+02:00,53,dr-robert,407,272,135,33.2
2026-09-15T18:59:00Z,2026-09-15T20:59:00+02:00,54,placa-vella,297,187,110,37
2026-09-15T18:59:00Z,2026-09-15T20:59:00+02:00,55,ajuntament-mercat,237,172,65,27.4
2026-09-15T19:00:00Z,2026-09-15T21:00:00+02:00,53,dr-robert,407,272,135,33.2
2026-09-15T19:00:00Z,2026-09-15T21:00:00+02:00,54,placa-vella,297,187,110,37
2026-09-15T19:00:00Z,2026-09-15T21:00:00+02:00,55,ajuntament-mercat,237,172,65,27.4
2026-09-15T19:01:00Z,2026-09-15T21:01:00+02:00,53,dr-robert,407,279,128,31.4
2026-09-15T19:01:00Z,2026-09-15T21:01:00+02:00,54,placa-vella,297,188,109,36.7
2026-09-15T19:01:00Z,2026-09-15T21:01:00+02:00,55,ajuntament-mercat,237,174,63,26.6
2026-09-15T19:02:00Z,2026-09-15T21:02:00+02:00,53,dr-robert,407,279,128,31.4
2026-09-15T19:02:00Z,2026-09-15T21:02:00+02:00,54,placa-vella,297,188,109,36.7
2026-09-15T19:02:00Z,2026-09-15T21:02:00+02:00,55,ajuntament-mercat,237,174,63,26.6
2026-09-15T19:03:00Z,2026-09-15T21:03:00+02:00,53,dr-robert,407,279,128,31.4
2026-09-15T19:03:00Z,2026-09-15T21:03:00+02:00,54,placa-vella,297,188,109,36.7
2026-09-15T19:03:00Z,2026-09-15T21:03:00+02:00,55,ajuntament-mercat,237,174,63,26.6
2026-09-15T19:04:00Z,2026-09-15T21:04:00+02:00,53,dr-robert,407,279,128,31.4
2026-09-15T19:04:00Z,2026-09-15T21:04:00+02:00,54,placa-vella,297,188,109,36.7
2026-09-15T19:04:00Z,2026-09-15T21:04:00+02:00,55,ajuntament-mercat,237,174,63,26.6
2026-09-15T19:05:00Z,2026-09-15T21:05:00+02:00,53,dr-robert,407,280,127,31.2
2026-09-15T19:05:00Z,2026-09-15T21:05:00+02:00,54,placa-vella,297,191,106,35.7
2026-09-15T19:05:00Z,2026-09-15T21:05:00+02:00,55,ajuntament-mercat,237,175,62,26.2
2026-09-15T19:06:00Z,2026-09-15T21:06:00+02:00,53,dr-robert,407,280,127,31.2
2026-09-15T19:06:00Z,2026-09-15T21:06:00+02:00,54,placa-vella,297,191,106,35.7
2026-09-15T19:06:00Z,2026-09-15T21:06:00+02:00,55,ajuntament-mercat,237,175,62,26.2
2026-09-15T19:07:00Z,2026-09-15T21:07:00+02:00,53,dr-robert,407,280,127,31.2
2026-09-15T19:07:00Z,2026-09-15T21:07:00+02:00,54,placa-vella,297,191,106,35.7
2026-09-15T19:07:00Z,2026-09-15T21:07:00+02:00,55,ajuntament-mercat,237,175,62,26.2
2026-09-15T19:08:00Z,2026-09-15T21:08:00+02:00,53,dr-robert,407,280,127,31.2
2026-09-15T19:08:00Z,2026-09-15T21:08:00+02:00,54,placa-vella,297,191,106,35.7
2026-09-15T19:08:00Z,2026-09-15T21:08:00+02:00,55,ajuntament-mercat,237,175,62,26.2
2026-09-15T19:09:00Z,2026-09-15T21:09:00+02:00,53,dr-robert,407,280,127,31.2
2026-09-15T19:09:00Z,2026-09-15T21:09:00+02:00,54,placa-vella,297,191,106,35.7
2026-09-15T19:09:00Z,2026-09-15T21:09:00+02:00,55,ajuntament-mercat,237,175,62,26.2
2026-09-15T19:15:00Z,2026-09-15T21:15:00+02:00,53,dr-robert,407,288,119,29.2
2026-09-15T19:15:00Z,2026-09-15T21:15:00+02:00,54,placa-vella,297,199,98,33
2026-09-15T19:15:00Z,2026-09-15T21:15:00+02:00,55,ajuntament-mercat,237,175,62,26.2
2026-09-15T19:16:00Z,2026-09-15T21:16:00+02:00,53,dr-robert,407,288,119,29.2
2026-09-15T19:16:00Z,2026-09-15T21:16:00+02:00,54,placa-vella,297,199,98,33
2026-09-15T19:16:00Z,2026-09-15T21:16:00+02:00,55,ajuntament-mercat,237,175,62,26.2
2026-09-15T19:17:00Z,2026-09-15T21:17:00+02:00,53,dr-robert,407,288,119,29.2
2026-09-15T19:17:00Z,2026-09-15T21:17:00+02:00,54,placa-vella,297,199,98,33
2026-09-15T19:17:00Z,2026-09-15T21:17:00+02:00,55,ajuntament-mercat,237,175,62,26.2
2026-09-15T19:18:00Z,2026-09-15T21:18:00+02:00,53,dr-robert,407,288,119,29.2
2026-09-15T19:18:00Z,2026-09-15T21:18:00+02:00,54,placa-vella,297,199,98,33
2026-09-15T19:18:00Z,2026-09-15T21:18:00+02:00,55,ajuntament-mercat,237,175,62,26.2
2026-09-15T19:19:00Z,2026-09-15T21:19:00+02:00,53,dr-robert,407,288,119,29.2
2026-09-15T19:19:00Z,2026-09-15T21:19:00+02:00,54,placa-vella,297,199,98,33
2026-09-15T19:19:00Z,2026-09-15T21:19:00+02:00,55,ajuntament-mercat,237,175,62,26.2
2026-09-15T19:20:00Z,2026-09-15T21:20:00+02:00,53,dr-robert,407,291,116,28.5
2026-09-15T19:20:00Z,2026-09-15T21:20:00+02:00,54,placa-vella,297,199,98,33
2026-09-15T19:20:00Z,2026-09-15T21:20:00+02:00,55,ajuntament-mercat,237,175,62,26.2
2026-09-15T19:21:00Z,2026-09-15T21:21:00+02:00,53,dr-robert,407,291,116,28.5
2026-09-15T19:21:00Z,2026-09-15T21:21:00+02:00,54,placa-vella,297,199,98,33
2026-09-15T19:21:00Z,2026-09-15T21:21:00+02:00,55,ajuntament-mercat,237,175,62,26.2
2026-09-15T19:22:00Z,2026-09-15T21:22:00+02:00,53,dr-robert,407,291,116,28.5
2026-09-15T19:22:00Z,2026-09-15T21:22:00+02:00,54,placa-vella,297,199,98,33
2026-09-15T19:22:00Z,2026-09-15T21:22:00+02:00,55,ajuntament-mercat,237,175,62,26.2
2026-09-15T19:23:00Z,2026-09-15T21:23:00+02:00,53,dr-robert,407,291,116,28.5
2026-09-15T19:23:00Z,2026-09-15T21:23:00+02:00,54,placa-vella,297,199,98,33
2026-09-15T19:23:00Z,2026-09-15T21:23:00+02:00,55,ajuntament-mercat,237,175,62,26.2
2026-09-15T19:24:00Z,2026-09-15T21:24:00+02:00,53,dr-robert,407,291,116,28.5
2026-09-15T19:24:00Z,2026-09-15T21:24:00+02:00,54,placa-vella,297,199,98,33
2026-09-15T19:24:00Z,2026-09-15T21:24:00+02:00,55,ajuntament-mercat,237,175,62,26.2
2026-09-15T19:25:00Z,2026-09-15T21:25:00+02:00,53,dr-robert,407,295,112,27.5
2026-09-15T19:25:00Z,2026-09-15T21:25:00+02:00,54,placa-vella,297,197,100,33.7
2026-09-15T19:25:00Z,2026-09-15T21:25:00+02:00,55,ajuntament-mercat,237,175,62,26.2
2026-09-15T19:26:00Z,2026-09-15T21:26:00+02:00,53,dr-robert,407,295,112,27.5
2026-09-15T19:26:00Z,2026-09-15T21:26:00+02:00,54,placa-vella,297,197,100,33.7
2026-09-15T19:26:00Z,2026-09-15T21:26:00+02:00,55,ajuntament-mercat,237,175,62,26.2
2026-09-15T19:27:00Z,2026-09-15T21:27:00+02:00,53,dr-robert,407,295,112,27.5
2026-09-15T19:27:00Z,2026-09-15T21:27:00+02:00,54,placa-vella,297,197,100,33.7
2026-09-15T19:27:00Z,2026-09-15T21:27:00+02:00,55,ajuntament-mercat,237,175,62,26.2
2026-09-15T19:28:00Z,2026-09-15T21:28:00+02:00,53,dr-robert,407,295,112,27.5
2026-09-15T19:28:00Z,2026-09-15T21:28:00+02:00,54,placa-vella,297,197,100,33.7
2026-09-15T19:28:00Z,2026-09-15T21:28:00+02:00,55,ajuntament-mercat,237,175,62,26.2
2026-09-15T19:29:00Z,2026-09-15T21:29:00+02:00,53,dr-robert,407,295,112,27.5
2026-09-15T19:29:00Z,2026-09-15T21:29:00+02:00,54,placa-vella,297,197,100,33.7
2026-09-15T19:29:00Z,2026-09-15T21:29:00+02:00,55,ajuntament-mercat,237,175,62,26.2
2026-09-15T19:30:00Z,2026-09-15T21:30:00+02:00,53,dr-robert,407,299,108,26.5
2026-09-15T19:30:00Z,2026-09-15T21:30:00+02:00,54,placa-vella,297,197,100,33.7
2026-09-15T19:30:00Z,2026-09-15T21:30:00+02:00,55,ajuntament-mercat,237,178,59,24.9
2026-09-15T19:31:00Z,2026-09-15T21:31:00+02:00,53,dr-robert,407,299,108,26.5
2026-09-15T19:31:00Z,2026-09-15T21:31:00+02:00,54,placa-vella,297,197,100,33.7
2026-09-15T19:31:00Z,2026-09-15T21:31:00+02:00,55,ajuntament-mercat,237,178,59,24.9
2026-09-15T19:32:00Z,2026-09-15T21:32:00+02:00,53,dr-robert,407,299,108,26.5
2026-09-15T19:32:00Z,2026-09-15T21:32:00+02:00,54,placa-vella,297,197,100,33.7
2026-09-15T19:32:00Z,2026-09-15T21:32:00+02:00,55,ajuntament-mercat,237,178,59,24.9
2026-09-15T19:33:00Z,2026-09-15T21:33:00+02:00,53,dr-robert,407,299,108,26.5
2026-09-15T19:33:00Z,2026-09-15T21:33:00+02:00,54,placa-vella,297,197,100,33.7
2026-09-15T19:33:00Z,2026-09-15T21:33:00+02:00,55,ajuntament-mercat,237,178,59,24.9
2026-09-15T19:34:00Z,2026-09-15T21:34:00+02:00,53,dr-robert,407,299,108,26.5
2026-09-15T19:34:00Z,2026-09-15T21:34:00+02:00,54,placa-vella,297,197,100,33.7
2026-09-15T19:34:00Z,2026-09-15T21:34:00+02:00,55,ajuntament-mercat,237,178,59,24.9
2026-09-15T19:35:00Z,2026-09-15T21:35:00+02:00,53,dr-robert,407,300,107,26.3
2026-09-15T19:35:00Z,2026-09-15T21:35:00+02:00,54,placa-vella,297,197,100,33.7
2026-09-15T19:35:00Z,2026-09-15T21:35:00+02:00,55,ajuntament-mercat,237,179,58,24.5
2026-09-15T19:36:00Z,2026-09-15T21:36:00+02:00,53,dr-robert,407,300,107,26.3
2026-09-15T19:36:00Z,2026-09-15T21:36:00+02:00,54,placa-vella,297,197,100,33.7
2026-09-15T19:36:00Z,2026-09-15T21:36:00+02:00,55,ajuntament-mercat,237,179,58,24.5
2026-09-15T19:37:00Z,2026-09-15T21:37:00+02:00,53,dr-robert,407,300,107,26.3
2026-09-15T19:37:00Z,2026-09-15T21:37:00+02:00,54,placa-vella,297,197,100,33.7
2026-09-15T19:37:00Z,2026-09-15T21:37:00+02:00,55,ajuntament-mercat,237,179,58,24.5
2026-09-15T19:38:00Z,2026-09-15T21:38:00+02:00,53,dr-robert,407,300,107,26.3
2026-09-15T19:38:00Z,2026-09-15T21:38:00+02:00,54,placa-vella,297,197,100,33.7
2026-09-15T19:38:00Z,2026-09-15T21:38:00+02:00,55,ajuntament-mercat,237,179,58,24.5
2026-09-15T19:39:00Z,2026-09-15T21:39:00+02:00,53,dr-robert,407,300,107,26.3
2026-09-15T19:39:00Z,2026-09-15T21:39:00+02:00,54,placa-vella,297,197,100,33.7
2026-09-15T19:39:00Z,2026-09-15T21:39:00+02:00,55,ajuntament-mercat,237,179,58,24.5
2026-09-15T19:40:00Z,2026-09-15T21:40:00+02:00,53,dr-robert,407,302,105,25.8
2026-09-15T19:40:00Z,2026-09-15T21:40:00+02:00,54,placa-vella,297,198,99,33.3
2026-09-15T19:40:00Z,2026-09-15T21:40:00+02:00,55,ajuntament-mercat,237,178,59,24.9
2026-09-15T19:41:00Z,2026-09-15T21:41:00+02:00,53,dr-robert,407,302,105,25.8
2026-09-15T19:41:00Z,2026-09-15T21:41:00+02:00,54,placa-vella,297,198,99,33.3
2026-09-15T19:41:00Z,2026-09-15T21:41:00+02:00,55,ajuntament-mercat,237,178,59,24.9
2026-09-15T19:42:00Z,2026-09-15T21:42:00+02:00,53,dr-robert,407,302,105,25.8
2026-09-15T19:42:00Z,2026-09-15T21:42:00+02:00,54,placa-vella,297,198,99,33.3
2026-09-15T19:42:00Z,2026-09-15T21:42:00+02:00,55,ajuntament-mercat,237,178,59,24.9
2026-09-15T19:43:00Z,2026-09-15T21:43:00+02:00,53,dr-robert,407,302,105,25.8
2026-09-15T19:43:00Z,2026-09-15T21:43:00+02:00,54,placa-vella,297,198,99,33.3
2026-09-15T19:43:00Z,2026-09-15T21:43:00+02:00,55,ajuntament-mercat,237,178,59,24.9
2026-09-15T19:44:00Z,2026-09-15T21:44:00+02:00,53,dr-robert,407,302,105,25.8
2026-09-15T19:44:00Z,2026-09-15T21:44:00+02:00,54,placa-vella,297,198,99,33.3
2026-09-15T19:44:00Z,2026-09-15T21:44:00+02:00,55,ajuntament-mercat,237,178,59,24.9
2026-09-15T19:45:00Z,2026-09-15T21:45:00+02:00,53,dr-robert,407,305,102,25.1
2026-09-15T19:45:00Z,2026-09-15T21:45:00+02:00,54,placa-vella,297,197,100,33.7
2026-09-15T19:45:00Z,2026-09-15T21:45:00+02:00,55,ajuntament-mercat,237,178,59,24.9
2026-09-15T19:46:00Z,2026-09-15T21:46:00+02:00,53,dr-robert,407,305,102,25.1
2026-09-15T19:46:00Z,2026-09-15T21:46:00+02:00,54,placa-vella,297,197,100,33.7
2026-09-15T19:46:00Z,2026-09-15T21:46:00+02:00,55,ajuntament-mercat,237,178,59,24.9
2026-09-15T19:47:00Z,2026-09-15T21:47:00+02:00,53,dr-robert,407,305,102,25.1
2026-09-15T19:47:00Z,2026-09-15T21:47:00+02:00,54,placa-vella,297,197,100,33.7
2026-09-15T19:47:00Z,2026-09-15T21:47:00+02:00,55,ajuntament-mercat,237,178,59,24.9
2026-09-15T19:48:00Z,2026-09-15T21:48:00+02:00,53,dr-robert,407,305,102,25.1
2026-09-15T19:48:00Z,2026-09-15T21:48:00+02:00,54,placa-vella,297,197,100,33.7
2026-09-15T19:48:00Z,2026-09-15T21:48:00+02:00,55,ajuntament-mercat,237,178,59,24.9
2026-09-15T19:49:00Z,2026-09-15T21:49:00+02:00,53,dr-robert,407,305,102,25.1
2026-09-15T19:49:00Z,2026-09-15T21:49:00+02:00,54,placa-vella,297,197,100,33.7
2026-09-15T19:49:00Z,2026-09-15T21:49:00+02:00,55,ajuntament-mercat,237,178,59,24.9
2026-09-15T19:50:00Z,2026-09-15T21:50:00+02:00,53,dr-robert,407,309,98,24.1
2026-09-15T19:50:00Z,2026-09-15T21:50:00+02:00,54,placa-vella,297,198,99,33.3
2026-09-15T19:50:00Z,2026-09-15T21:50:00+02:00,55,ajuntament-mercat,237,179,58,24.5
2026-09-15T19:51:00Z,2026-09-15T21:51:00+02:00,53,dr-robert,407,309,98,24.1
2026-09-15T19:51:00Z,2026-09-15T21:51:00+02:00,54,placa-vella,297,198,99,33.3
2026-09-15T19:51:00Z,2026-09-15T21:51:00+02:00,55,ajuntament-mercat,237,179,58,24.5
2026-09-15T19:52:00Z,2026-09-15T21:52:00+02:00,53,dr-robert,407,309,98,24.1
2026-09-15T19:52:00Z,2026-09-15T21:52:00+02:00,54,placa-vella,297,198,99,33.3
2026-09-15T19:52:00Z,2026-09-15T21:52:00+02:00,55,ajuntament-mercat,237,179,58,24.5
2026-09-15T19:53:00Z,2026-09-15T21:53:00+02:00,53,dr-robert,407,309,98,24.1
2026-09-15T19:53:00Z,2026-09-15T21:53:00+02:00,54,placa-vella,297,198,99,33.3
2026-09-15T19:53:00Z,2026-09-15T21:53:00+02:00,55,ajuntament-mercat,237,179,58,24.5
2026-09-15T19:54:00Z,2026-09-15T21:54:00+02:00,53,dr-robert,407,309,98,24.1
2026-09-15T19:54:00Z,2026-09-15T21:54:00+02:00,54,placa-vella,297,198,99,33.3
2026-09-15T19:54:00Z,2026-09-15T21:54:00+02:00,55,ajuntament-mercat,237,179,58,24.5
2026-09-15T19:55:00Z,2026-09-15T21:55:00+02:00,53,dr-robert,407,314,93,22.9
2026-09-15T19:55:00Z,2026-09-15T21:55:00+02:00,54,placa-vella,297,199,98,33
2026-09-15T19:55:00Z,2026-09-15T21:55:00+02:00,55,ajuntament-mercat,237,181,56,23.6
2026-09-15T19:56:00Z,2026-09-15T21:56:00+02:00,53,dr-robert,407,314,93,22.9
2026-09-15T19:56:00Z,2026-09-15T21:56:00+02:00,54,placa-vella,297,199,98,33
2026-09-15T19:56:00Z,2026-09-15T21:56:00+02:00,55,ajuntament-mercat,237,181,56,23.6
2026-09-15T19:57:00Z,2026-09-15T21:57:00+02:00,53,dr-robert,407,314,93,22.9
2026-09-15T19:57:00Z,2026-09-15T21:57:00+02:00,54,placa-vella,297,199,98,33
2026-09-15T19:57:00Z,2026-09-15T21:57:00+02:00,55,ajuntament-mercat,237,181,56,23.6
2026-09-15T19:58:00Z,2026-09-15T21:58:00+02:00,53,dr-robert,407,314,93,22.9
2026-09-15T19:58:00Z,2026-09-15T21:58:00+02:00,54,placa-vella,297,199,98,33
2026-09-15T19:58:00Z,2026-09-15T21:58:00+02:00,55,ajuntament-mercat,237,181,56,23.6
2026-09-15T19:59:00Z,2026-09-15T21:59:00+02:00,53,dr-robert,407,314,93,22.9
2026-09-15T19:59:00Z,2026-09-15T21:59:00+02:00,54,placa-vella,297,199,98,33
2026-09-15T19:59:00Z,2026-09-15T21:59:00+02:00,55,ajuntament-mercat,237,181,56,23.6
2026-09-15T20:00:00Z,2026-09-15T22:00:00+02:00,53,dr-robert,407,314,93,22.9
2026-09-15T20:00:00Z,2026-09-15T22:00:00+02:00,54,placa-vella,297,199,98,33
2026-09-15T20:00:00Z,2026-09-15T22:00:00+02:00,55,ajuntament-mercat,237,181,56,23.6
2026-09-15T20:01:00Z,2026-09-15T22:01:00+02:00,53,dr-robert,407,312,95,23.3
2026-09-15T20:01:00Z,2026-09-15T22:01:00+02:00,54,placa-vella,297,201,96,32.3
2026-09-15T20:01:00Z,2026-09-15T22:01:00+02:00,55,ajuntament-mercat,237,181,56,23.6
2026-09-15T20:02:00Z,2026-09-15T22:02:00+02:00,53,dr-robert,407,312,95,23.3
2026-09-15T20:02:00Z,2026-09-15T22:02:00+02:00,54,placa-vella,297,201,96,32.3
2026-09-15T20:02:00Z,2026-09-15T22:02:00+02:00,55,ajuntament-mercat,237,181,56,23.6
2026-09-15T20:03:00Z,2026-09-15T22:03:00+02:00,53,dr-robert,407,312,95,23.3
2026-09-15T20:03:00Z,2026-09-15T22:03:00+02:00,54,placa-vella,297,201,96,32.3
2026-09-15T20:03:00Z,2026-09-15T22:03:00+02:00,55,ajuntament-mercat,237,181,56,23.6
2026-09-15T20:04:00Z,2026-09-15T22:04:00+02:00,53,dr-robert,407,312,95,23.3
2026-09-15T20:04:00Z,2026-09-15T22:04:00+02:00,54,placa-vella,297,201,96,32.3
2026-09-15T20:04:00Z,2026-09-15T22:04:00+02:00,55,ajuntament-mercat,237,181,56,23.6
2026-09-15T20:05:00Z,2026-09-15T22:05:00+02:00,53,dr-robert,407,312,95,23.3
2026-09-15T20:05:00Z,2026-09-15T22:05:00+02:00,54,placa-vella,297,201,96,32.3
2026-09-15T20:05:00Z,2026-09-15T22:05:00+02:00,55,ajuntament-mercat,237,181,56,23.6
2026-09-15T20:06:00Z,2026-09-15T22:06:00+02:00,53,dr-robert,407,312,95,23.3
2026-09-15T20:06:00Z,2026-09-15T22:06:00+02:00,54,placa-vella,297,201,96,32.3
2026-09-15T20:06:00Z,2026-09-15T22:06:00+02:00,55,ajuntament-mercat,237,181,56,23.6
2026-09-15T20:07:00Z,2026-09-15T22:07:00+02:00,53,dr-robert,407,312,95,23.3
2026-09-15T20:07:00Z,2026-09-15T22:07:00+02:00,54,placa-vella,297,201,96,32.3
2026-09-15T20:07:00Z,2026-09-15T22:07:00+02:00,55,ajuntament-mercat,237,181,56,23.6
2026-09-15T20:08:00Z,2026-09-15T22:08:00+02:00,53,dr-robert,407,312,95,23.3
2026-09-15T20:08:00Z,2026-09-15T22:08:00+02:00,54,placa-vella,297,201,96,32.3
2026-09-15T20:08:00Z,2026-09-15T22:08:00+02:00,55,ajuntament-mercat,237,181,56,23.6
2026-09-15T20:09:00Z,2026-09-15T22:09:00+02:00,53,dr-robert,407,312,95,23.3
2026-09-15T20:09:00Z,2026-09-15T22:09:00+02:00,54,placa-vella,297,201,96,32.3
2026-09-15T20:09:00Z,2026-09-15T22:09:00+02:00,55,ajuntament-mercat,237,181,56,23.6
2026-09-15T20:10:00Z,2026-09-15T22:10:00+02:00,53,dr-robert,407,317,90,22.1
2026-09-15T20:10:00Z,2026-09-15T22:10:00+02:00,54,placa-vella,297,200,97,32.7
2026-09-15T20:10:00Z,2026-09-15T22:10:00+02:00,55,ajuntament-mercat,237,182,55,23.2
2026-09-15T20:11:00Z,2026-09-15T22:11:00+02:00,53,dr-robert,407,317,90,22.1
2026-09-15T20:11:00Z,2026-09-15T22:11:00+02:00,54,placa-vella,297,200,97,32.7
2026-09-15T20:11:00Z,2026-09-15T22:11:00+02:00,55,ajuntament-mercat,237,182,55,23.2
2026-09-15T20:12:00Z,2026-09-15T22:12:00+02:00,53,dr-robert,407,317,90,22.1
2026-09-15T20:12:00Z,2026-09-15T22:12:00+02:00,54,placa-vella,297,200,97,32.7
2026-09-15T20:12:00Z,2026-09-15T22:12:00+02:00,55,ajuntament-mercat,237,182,55,23.2
2026-09-15T20:13:00Z,2026-09-15T22:13:00+02:00,53,dr-robert,407,317,90,22.1
2026-09-15T20:13:00Z,2026-09-15T22:13:00+02:00,54,placa-vella,297,200,97,32.7
2026-09-15T20:13:00Z,2026-09-15T22:13:00+02:00,55,ajuntament-mercat,237,182,55,23.2
2026-09-15T20:14:00Z,2026-09-15T22:14:00+02:00,53,dr-robert,407,317,90,22.1
2026-09-15T20:14:00Z,2026-09-15T22:14:00+02:00,54,placa-vella,297,200,97,32.7
2026-09-15T20:14:00Z,2026-09-15T22:14:00+02:00,55,ajuntament-mercat,237,182,55,23.2
2026-09-15T20:15:00Z,2026-09-15T22:15:00+02:00,53,dr-robert,407,319,88,21.6
2026-09-15T20:15:00Z,2026-09-15T22:15:00+02:00,54,placa-vella,297,201,96,32.3
2026-09-15T20:15:00Z,2026-09-15T22:15:00+02:00,55,ajuntament-mercat,237,181,56,23.6
2026-09-15T20:16:00Z,2026-09-15T22:16:00+02:00,53,dr-robert,407,319,88,21.6
2026-09-15T20:16:00Z,2026-09-15T22:16:00+02:00,54,placa-vella,297,201,96,32.3
2026-09-15T20:16:00Z,2026-09-15T22:16:00+02:00,55,ajuntament-mercat,237,181,56,23.6
2026-09-15T20:17:00Z,2026-09-15T22:17:00+02:00,53,dr-robert,407,319,88,21.6
2026-09-15T20:17:00Z,2026-09-15T22:17:00+02:00,54,placa-vella,297,201,96,32.3
2026-09-15T20:17:00Z,2026-09-15T22:17:00+02:00,55,ajuntament-mercat,237,181,56,23.6
2026-09-15T20:18:00Z,2026-09-15T22:18:00+02:00,53,dr-robert,407,319,88,21.6
2026-09-15T20:18:00Z,2026-09-15T22:18:00+02:00,54,placa-vella,297,201,96,32.3
2026-09-15T20:18:00Z,2026-09-15T22:18:00+02:00,55,ajuntament-mercat,237,181,56,23.6
2026-09-15T20:19:00Z,2026-09-15T22:19:00+02:00,53,dr-robert,407,319,88,21.6
2026-09-15T20:19:00Z,2026-09-15T22:19:00+02:00,54,placa-vella,297,201,96,32.3
2026-09-15T20:19:00Z,2026-09-15T22:19:00+02:00,55,ajuntament-mercat,237,181,56,23.6
2026-09-15T20:20:00Z,2026-09-15T22:20:00+02:00,53,dr-robert,407,321,86,21.1
2026-09-15T20:20:00Z,2026-09-15T22:20:00+02:00,54,placa-vella,297,201,96,32.3
2026-09-15T20:20:00Z,2026-09-15T22:20:00+02:00,55,ajuntament-mercat,237,181,56,23.6
2026-09-15T20:21:00Z,2026-09-15T22:21:00+02:00,53,dr-robert,407,321,86,21.1
2026-09-15T20:21:00Z,2026-09-15T22:21:00+02:00,54,placa-vella,297,201,96,32.3
2026-09-15T20:21:00Z,2026-09-15T22:21:00+02:00,55,ajuntament-mercat,237,181,56,23.6
2026-09-15T20:22:00Z,2026-09-15T22:22:00+02:00,53,dr-robert,407,321,86,21.1
2026-09-15T20:22:00Z,2026-09-15T22:22:00+02:00,54,placa-vella,297,201,96,32.3
2026-09-15T20:22:00Z,2026-09-15T22:22:00+02:00,55,ajuntament-mercat,237,181,56,23.6
2026-09-15T20:23:00Z,2026-09-15T22:23:00+02:00,53,dr-robert,407,321,86,21.1
2026-09-15T20:23:00Z,2026-09-15T22:23:00+02:00,54,placa-vella,297,201,96,32.3
2026-09-15T20:23:00Z,2026-09-15T22:23:00+02:00,55,ajuntament-mercat,237,181,56,23.6
2026-09-15T20:24:00Z,2026-09-15T22:24:00+02:00,53,dr-robert,407,321,86,21.1
2026-09-15T20:24:00Z,2026-09-15T22:24:00+02:00,54,placa-vella,297,201,96,32.3
2026-09-15T20:24:00Z,2026-09-15T22:24:00+02:00,55,ajuntament-mercat,237,181,56,23.6
2026-09-15T20:25:00Z,2026-09-15T22:25:00+02:00,53,dr-robert,407,322,85,20.9
2026-09-15T20:25:00Z,2026-09-15T22:25:00+02:00,54,placa-vella,297,200,97,32.7
2026-09-15T20:25:00Z,2026-09-15T22:25:00+02:00,55,ajuntament-mercat,237,181,56,23.6
2026-09-15T20:26:00Z,2026-09-15T22:26:00+02:00,53,dr-robert,407,322,85,20.9
2026-09-15T20:26:00Z,2026-09-15T22:26:00+02:00,54,placa-vella,297,200,97,32.7
2026-09-15T20:26:00Z,2026-09-15T22:26:00+02:00,55,ajuntament-mercat,237,181,56,23.6
2026-09-15T20:27:00Z,2026-09-15T22:27:00+02:00,53,dr-robert,407,322,85,20.9
2026-09-15T20:27:00Z,2026-09-15T22:27:00+02:00,54,placa-vella,297,200,97,32.7
2026-09-15T20:27:00Z,2026-09-15T22:27:00+02:00,55,ajuntament-mercat,237,181,56,23.6
2026-09-15T20:28:00Z,2026-09-15T22:28:00+02:00,53,dr-robert,407,322,85,20.9
2026-09-15T20:28:00Z,2026-09-15T22:28:00+02:00,54,placa-vella,297,200,97,32.7
2026-09-15T20:28:00Z,2026-09-15T22:28:00+02:00,55,ajuntament-mercat,237,181,56,23.6
2026-09-15T20:29:00Z,2026-09-15T22:29:00+02:00,53,dr-robert,407,322,85,20.9
2026-09-15T20:29:00Z,2026-09-15T22:29:00+02:00,54,placa-vella,297,200,97,32.7
2026-09-15T20:29:00Z,2026-09-15T22:29:00+02:00,55,ajuntament-mercat,237,181,56,23.6
2026-09-15T20:30:00Z,2026-09-15T22:30:00+02:00,53,dr-robert,407,323,84,20.6
2026-09-15T20:30:00Z,2026-09-15T22:30:00+02:00,54,placa-vella,297,200,97,32.7
2026-09-15T20:30:00Z,2026-09-15T22:30:00+02:00,55,ajuntament-mercat,237,181,56,23.6
2026-09-15T20:31:00Z,2026-09-15T22:31:00+02:00,53,dr-robert,407,323,84,20.6
2026-09-15T20:31:00Z,2026-09-15T22:31:00+02:00,54,placa-vella,297,200,97,32.7
2026-09-15T20:31:00Z,2026-09-15T22:31:00+02:00,55,ajuntament-mercat,237,181,56,23.6
2026-09-15T20:32:00Z,2026-09-15T22:32:00+02:00,53,dr-robert,407,323,84,20.6
2026-09-15T20:32:00Z,2026-09-15T22:32:00+02:00,54,placa-vella,297,200,97,32.7
2026-09-15T20:32:00Z,2026-09-15T22:32:00+02:00,55,ajuntament-mercat,237,181,56,23.6
2026-09-15T20:33:00Z,2026-09-15T22:33:00+02:00,53,dr-robert,407,323,84,20.6
2026-09-15T20:33:00Z,2026-09-15T22:33:00+02:00,54,placa-vella,297,200,97,32.7
2026-09-15T20:33:00Z,2026-09-15T22:33:00+02:00,55,ajuntament-mercat,237,181,56,23.6
2026-09-15T20:34:00Z,2026-09-15T22:34:00+02:00,53,dr-robert,407,323,84,20.6
2026-09-15T20:34:00Z,2026-09-15T22:34:00+02:00,54,placa-vella,297,200,97,32.7
2026-09-15T20:34:00Z,2026-09-15T22:34:00+02:00,55,ajuntament-mercat,237,181,56,23.6
2026-09-15T20:35:00Z,2026-09-15T22:35:00+02:00,53,dr-robert,407,326,81,19.9
2026-09-15T20:35:00Z,2026-09-15T22:35:00+02:00,54,placa-vella,297,200,97,32.7
2026-09-15T20:35:00Z,2026-09-15T22:35:00+02:00,55,ajuntament-mercat,237,180,57,24.1
2026-09-15T20:36:00Z,2026-09-15T22:36:00+02:00,53,dr-robert,407,326,81,19.9
2026-09-15T20:36:00Z,2026-09-15T22:36:00+02:00,54,placa-vella,297,200,97,32.7
2026-09-15T20:36:00Z,2026-09-15T22:36:00+02:00,55,ajuntament-mercat,237,180,57,24.1
2026-09-15T20:37:00Z,2026-09-15T22:37:00+02:00,53,dr-robert,407,326,81,19.9
2026-09-15T20:37:00Z,2026-09-15T22:37:00+02:00,54,placa-vella,297,200,97,32.7
2026-09-15T20:37:00Z,2026-09-15T22:37:00+02:00,55,ajuntament-mercat,237,180,57,24.1
2026-09-15T20:38:00Z,2026-09-15T22:38:00+02:00,53,dr-robert,407,326,81,19.9
2026-09-15T20:38:00Z,2026-09-15T22:38:00+02:00,54,placa-vella,297,200,97,32.7
2026-09-15T20:38:00Z,2026-09-15T22:38:00+02:00,55,ajuntament-mercat,237,180,57,24.1
2026-09-15T20:39:00Z,2026-09-15T22:39:00+02:00,53,dr-robert,407,326,81,19.9
2026-09-15T20:39:00Z,2026-09-15T22:39:00+02:00,54,placa-vella,297,200,97,32.7
2026-09-15T20:39:00Z,2026-09-15T22:39:00+02:00,55,ajuntament-mercat,237,180,57,24.1
2026-09-15T20:40:00Z,2026-09-15T22:40:00+02:00,53,dr-robert,407,326,81,19.9
2026-09-15T20:40:00Z,2026-09-15T22:40:00+02:00,54,placa-vella,297,201,96,32.3
2026-09-15T20:40:00Z,2026-09-15T22:40:00+02:00,55,ajuntament-mercat,237,180,57,24.1
2026-09-15T20:41:00Z,2026-09-15T22:41:00+02:00,53,dr-robert,407,326,81,19.9
2026-09-15T20:41:00Z,2026-09-15T22:41:00+02:00,54,placa-vella,297,201,96,32.3
2026-09-15T20:41:00Z,2026-09-15T22:41:00+02:00,55,ajuntament-mercat,237,180,57,24.1
2026-09-15T20:42:00Z,2026-09-15T22:42:00+02:00,53,dr-robert,407,326,81,19.9
2026-09-15T20:42:00Z,2026-09-15T22:42:00+02:00,54,placa-vella,297,201,96,32.3
2026-09-15T20:42:00Z,2026-09-15T22:42:00+02:00,55,ajuntament-mercat,237,180,57,24.1
2026-09-15T20:43:00Z,2026-09-15T22:43:00+02:00,53,dr-robert,407,326,81,19.9
2026-09-15T20:43:00Z,2026-09-15T22:43:00+02:00,54,placa-vella,297,201,96,32.3
2026-09-15T20:43:00Z,2026-09-15T22:43:00+02:00,55,ajuntament-mercat,237,180,57,24.1
2026-09-15T20:44:00Z,2026-09-15T22:44:00+02:00,53,dr-robert,407,326,81,19.9
2026-09-15T20:44:00Z,2026-09-15T22:44:00+02:00,54,placa-vella,297,201,96,32.3
2026-09-15T20:44:00Z,2026-09-15T22:44:00+02:00,55,ajuntament-mercat,237,180,57,24.1
2026-09-15T20:45:00Z,2026-09-15T22:45:00+02:00,53,dr-robert,407,327,80,19.7
2026-09-15T20:45:00Z,2026-09-15T22:45:00+02:00,54,placa-vella,297,201,96,32.3
2026-09-15T20:45:00Z,2026-09-15T22:45:00+02:00,55,ajuntament-mercat,237,180,57,24.1
2026-09-15T20:46:00Z,2026-09-15T22:46:00+02:00,53,dr-robert,407,327,80,19.7
2026-09-15T20:46:00Z,2026-09-15T22:46:00+02:00,54,placa-vella,297,201,96,32.3
2026-09-15T20:46:00Z,2026-09-15T22:46:00+02:00,55,ajuntament-mercat,237,180,57,24.1
2026-09-15T20:47:00Z,2026-09-15T22:47:00+02:00,53,dr-robert,407,327,80,19.7
2026-09-15T20:47:00Z,2026-09-15T22:47:00+02:00,54,placa-vella,297,201,96,32.3
2026-09-15T20:47:00Z,2026-09-15T22:47:00+02:00,55,ajuntament-mercat,237,180,57,24.1
2026-09-15T20:48:00Z,2026-09-15T22:48:00+02:00,53,dr-robert,407,327,80,19.7
2026-09-15T20:48:00Z,2026-09-15T22:48:00+02:00,54,placa-vella,297,201,96,32.3
2026-09-15T20:48:00Z,2026-09-15T22:48:00+02:00,55,ajuntament-mercat,237,180,57,24.1
2026-09-15T20:49:00Z,2026-09-15T22:49:00+02:00,53,dr-robert,407,327,80,19.7
2026-09-15T20:49:00Z,2026-09-15T22:49:00+02:00,54,placa-vella,297,201,96,32.3
2026-09-15T20:49:00Z,2026-09-15T22:49:00+02:00,55,ajuntament-mercat,237,180,57,24.1
2026-09-15T20:50:00Z,2026-09-15T22:50:00+02:00,53,dr-robert,407,326,81,19.9
2026-09-15T20:50:00Z,2026-09-15T22:50:00+02:00,54,placa-vella,297,202,95,32
2026-09-15T20:50:00Z,2026-09-15T22:50:00+02:00,55,ajuntament-mercat,237,181,56,23.6
2026-09-15T20:51:00Z,2026-09-15T22:51:00+02:00,53,dr-robert,407,326,81,19.9
2026-09-15T20:51:00Z,2026-09-15T22:51:00+02:00,54,placa-vella,297,202,95,32
2026-09-15T20:51:00Z,2026-09-15T22:51:00+02:00,55,ajuntament-mercat,237,181,56,23.6
2026-09-15T20:52:00Z,2026-09-15T22:52:00+02:00,53,dr-robert,407,326,81,19.9
2026-09-15T20:52:00Z,2026-09-15T22:52:00+02:00,54,placa-vella,297,202,95,32
2026-09-15T20:52:00Z,2026-09-15T22:52:00+02:00,55,ajuntament-mercat,237,181,56,23.6
2026-09-15T20:53:00Z,2026-09-15T22:53:00+02:00,53,dr-robert,407,326,81,19.9
2026-09-15T20:53:00Z,2026-09-15T22:53:00+02:00,54,placa-vella,297,202,95,32
2026-09-15T20:53:00Z,2026-09-15T22:53:00+02:00,55,ajuntament-mercat,237,181,56,23.6
2026-09-15T20:54:00Z,2026-09-15T22:54:00+02:00,53,dr-robert,407,326,81,19.9
2026-09-15T20:54:00Z,2026-09-15T22:54:00+02:00,54,placa-vella,297,202,95,32
2026-09-15T20:54:00Z,2026-09-15T22:54:00+02:00,55,ajuntament-mercat,237,181,56,23.6
2026-09-15T20:55:00Z,2026-09-15T22:55:00+02:00,53,dr-robert,407,327,80,19.7
2026-09-15T20:55:00Z,2026-09-15T22:55:00+02:00,54,placa-vella,297,204,93,31.3
2026-09-15T20:55:00Z,2026-09-15T22:55:00+02:00,55,ajuntament-mercat,237,181,56,23.6
2026-09-15T20:56:00Z,2026-09-15T22:56:00+02:00,53,dr-robert,407,327,80,19.7
2026-09-15T20:56:00Z,2026-09-15T22:56:00+02:00,54,placa-vella,297,204,93,31.3
2026-09-15T20:56:00Z,2026-09-15T22:56:00+02:00,55,ajuntament-mercat,237,181,56,23.6
2026-09-15T20:57:00Z,2026-09-15T22:57:00+02:00,53,dr-robert,407,327,80,19.7
2026-09-15T20:57:00Z,2026-09-15T22:57:00+02:00,54,placa-vella,297,204,93,31.3
2026-09-15T20:57:00Z,2026-09-15T22:57:00+02:00,55,ajuntament-mercat,237,181,56,23.6
2026-09-15T20:58:00Z,2026-09-15T22:58:00+02:00,53,dr-robert,407,327,80,19.7
2026-09-15T20:58:00Z,2026-09-15T22:58:00+02:00,54,placa-vella,297,204,93,31.3
2026-09-15T20:58:00Z,2026-09-15T22:58:00+02:00,55,ajuntament-mercat,237,181,56,23.6
2026-09-15T20:59:00Z,2026-09-15T22:59:00+02:00,53,dr-robert,407,327,80,19.7
2026-09-15T20:59:00Z,2026-09-15T22:59:00+02:00,54,placa-vella,297,204,93,31.3
2026-09-15T20:59:00Z,2026-09-15T22:59:00+02:00,55,ajuntament-mercat,237,181,56,23.6
2026-09-15T21:00:00Z,2026-09-15T23:00:00+02:00,53,dr-robert,407,327,80,19.7
2026-09-15T21:00:00Z,2026-09-15T23:00:00+02:00,54,placa-vella,297,204,93,31.3
2026-09-15T21:00:00Z,2026-09-15T23:00:00+02:00,55,ajuntament-mercat,237,181,56,23.6
2026-09-15T21:01:00Z,2026-09-15T23:01:00+02:00,53,dr-robert,407,328,79,19.4
2026-09-15T21:01:00Z,2026-09-15T23:01:00+02:00,54,placa-vella,297,206,91,30.6
2026-09-15T21:01:00Z,2026-09-15T23:01:00+02:00,55,ajuntament-mercat,237,182,55,23.2
2026-09-15T21:02:00Z,2026-09-15T23:02:00+02:00,53,dr-robert,407,328,79,19.4
2026-09-15T21:02:00Z,2026-09-15T23:02:00+02:00,54,placa-vella,297,206,91,30.6
2026-09-15T21:02:00Z,2026-09-15T23:02:00+02:00,55,ajuntament-mercat,237,182,55,23.2
2026-09-15T21:03:00Z,2026-09-15T23:03:00+02:00,53,dr-robert,407,328,79,19.4
2026-09-15T21:03:00Z,2026-09-15T23:03:00+02:00,54,placa-vella,297,206,91,30.6
2026-09-15T21:03:00Z,2026-09-15T23:03:00+02:00,55,ajuntament-mercat,237,182,55,23.2
2026-09-15T21:04:00Z,2026-09-15T23:04:00+02:00,53,dr-robert,407,328,79,19.4
2026-09-15T21:04:00Z,2026-09-15T23:04:00+02:00,54,placa-vella,297,206,91,30.6
2026-09-15T21:04:00Z,2026-09-15T23:04:00+02:00,55,ajuntament-mercat,237,182,55,23.2
2026-09-15T21:05:00Z,2026-09-15T23:05:00+02:00,53,dr-robert,407,328,79,19.4
2026-09-15T21:05:00Z,2026-09-15T23:05:00+02:00,54,placa-vella,297,206,91,30.6
2026-09-15T21:05:00Z,2026-09-15T23:05:00+02:00,55,ajuntament-mercat,237,182,55,23.2
2026-09-15T21:06:00Z,2026-09-15T23:06:00+02:00,53,dr-robert,407,329,78,19.2
2026-09-15T21:06:00Z,2026-09-15T23:06:00+02:00,54,placa-vella,297,206,91,30.6
2026-09-15T21:06:00Z,2026-09-15T23:06:00+02:00,55,ajuntament-mercat,237,184,53,22.4
2026-09-15T21:07:00Z,2026-09-15T23:07:00+02:00,53,dr-robert,407,329,78,19.2
2026-09-15T21:07:00Z,2026-09-15T23:07:00+02:00,54,placa-vella,297,206,91,30.6
2026-09-15T21:07:00Z,2026-09-15T23:07:00+02:00,55,ajuntament-mercat,237,184,53,22.4
2026-09-15T21:08:00Z,2026-09-15T23:08:00+02:00,53,dr-robert,407,329,78,19.2
2026-09-15T21:08:00Z,2026-09-15T23:08:00+02:00,54,placa-vella,297,206,91,30.6
2026-09-15T21:08:00Z,2026-09-15T23:08:00+02:00,55,ajuntament-mercat,237,184,53,22.4
2026-09-15T21:09:00Z,2026-09-15T23:09:00+02:00,53,dr-robert,407,329,78,19.2
2026-09-15T21:09:00Z,2026-09-15T23:09:00+02:00,54,placa-vella,297,206,91,30.6
2026-09-15T21:09:00Z,2026-09-15T23:09:00+02:00,55,ajuntament-mercat,237,184,53,22.4
2026-09-15T21:10:00Z,2026-09-15T23:10:00+02:00,53,dr-robert,407,332,75,18.4
2026-09-15T21:10:00Z,2026-09-15T23:10:00+02:00,54,placa-vella,297,208,89,30
2026-09-15T21:10:00Z,2026-09-15T23:10:00+02:00,55,ajuntament-mercat,237,184,53,22.4
2026-09-15T21:11:00Z,2026-09-15T23:11:00+02:00,53,dr-robert,407,332,75,18.4
2026-09-15T21:11:00Z,2026-09-15T23:11:00+02:00,54,placa-vella,297,208,89,30
2026-09-15T21:11:00Z,2026-09-15T23:11:00+02:00,55,ajuntament-mercat,237,184,53,22.4
2026-09-15T21:12:00Z,2026-09-15T23:12:00+02:00,53,dr-robert,407,332,75,18.4
2026-09-15T21:12:00Z,2026-09-15T23:12:00+02:00,54,placa-vella,297,208,89,30
2026-09-15T21:12:00Z,2026-09-15T23:12:00+02:00,55,ajuntament-mercat,237,184,53,22.4
2026-09-15T21:13:00Z,2026-09-15T23:13:00+02:00,53,dr-robert,407,332,75,18.4
2026-09-15T21:13:00Z,2026-09-15T23:13:00+02:00,54,placa-vella,297,208,89,30
2026-09-15T21:13:00Z,2026-09-15T23:13:00+02:00,55,ajuntament-mercat,237,184,53,22.4
2026-09-15T21:14:00Z,2026-09-15T23:14:00+02:00,53,dr-robert,407,332,75,18.4
2026-09-15T21:14:00Z,2026-09-15T23:14:00+02:00,54,placa-vella,297,208,89,30
2026-09-15T21:14:00Z,2026-09-15T23:14:00+02:00,55,ajuntament-mercat,237,184,53,22.4
2026-09-15T21:15:00Z,2026-09-15T23:15:00+02:00,53,dr-robert,407,333,74,18.2
2026-09-15T21:15:00Z,2026-09-15T23:15:00+02:00,54,placa-vella,297,208,89,30
2026-09-15T21:15:00Z,2026-09-15T23:15:00+02:00,55,ajuntament-mercat,237,186,51,21.5
2026-09-15T21:16:00Z,2026-09-15T23:16:00+02:00,53,dr-robert,407,333,74,18.2
2026-09-15T21:16:00Z,2026-09-15T23:16:00+02:00,54,placa-vella,297,208,89,30
2026-09-15T21:16:00Z,2026-09-15T23:16:00+02:00,55,ajuntament-mercat,237,186,51,21.5
2026-09-15T21:17:00Z,2026-09-15T23:17:00+02:00,53,dr-robert,407,333,74,18.2
2026-09-15T21:17:00Z,2026-09-15T23:17:00+02:00,54,placa-vella,297,208,89,30
2026-09-15T21:17:00Z,2026-09-15T23:17:00+02:00,55,ajuntament-mercat,237,186,51,21.5
2026-09-15T21:18:00Z,2026-09-15T23:18:00+02:00,53,dr-robert,407,333,74,18.2
2026-09-15T21:18:00Z,2026-09-15T23:18:00+02:00,54,placa-vella,297,208,89,30
2026-09-15T21:18:00Z,2026-09-15T23:18:00+02:00,55,ajuntament-mercat,237,186,51,21.5
2026-09-15T21:19:00Z,2026-09-15T23:19:00+02:00,53,dr-robert,407,333,74,18.2
2026-09-15T21:19:00Z,2026-09-15T23:19:00+02:00,54,placa-vella,297,208,89,30
2026-09-15T21:19:00Z,2026-09-15T23:19:00+02:00,55,ajuntament-mercat,237,186,51,21.5
2026-09-15T21:20:00Z,2026-09-15T23:20:00+02:00,53,dr-robert,407,334,73,17.9
2026-09-15T21:20:00Z,2026-09-15T23:20:00+02:00,54,placa-vella,297,209,88,29.6
2026-09-15T21:20:00Z,2026-09-15T23:20:00+02:00,55,ajuntament-mercat,237,186,51,21.5
2026-09-15T21:21:00Z,2026-09-15T23:21:00+02:00,53,dr-robert,407,334,73,17.9
2026-09-15T21:21:00Z,2026-09-15T23:21:00+02:00,54,placa-vella,297,209,88,29.6
2026-09-15T21:21:00Z,2026-09-15T23:21:00+02:00,55,ajuntament-mercat,237,186,51,21.5
2026-09-15T21:22:00Z,2026-09-15T23:22:00+02:00,53,dr-robert,407,334,73,17.9
2026-09-15T21:22:00Z,2026-09-15T23:22:00+02:00,54,placa-vella,297,209,88,29.6
2026-09-15T21:22:00Z,2026-09-15T23:22:00+02:00,55,ajuntament-mercat,237,186,51,21.5
2026-09-15T21:23:00Z,2026-09-15T23:23:00+02:00,53,dr-robert,407,334,73,17.9
2026-09-15T21:23:00Z,2026-09-15T23:23:00+02:00,54,placa-vella,297,209,88,29.6
2026-09-15T21:23:00Z,2026-09-15T23:23:00+02:00,55,ajuntament-mercat,237,186,51,21.5
2026-09-15T21:24:00Z,2026-09-15T23:24:00+02:00,53,dr-robert,407,334,73,17.9
2026-09-15T21:24:00Z,2026-09-15T23:24:00+02:00,54,placa-vella,297,209,88,29.6
2026-09-15T21:24:00Z,2026-09-15T23:24:00+02:00,55,ajuntament-mercat,237,186,51,21.5
2026-09-15T21:25:00Z,2026-09-15T23:25:00+02:00,53,dr-robert,407,337,70,17.2
2026-09-15T21:25:00Z,2026-09-15T23:25:00+02:00,54,placa-vella,297,211,86,29
2026-09-15T21:25:00Z,2026-09-15T23:25:00+02:00,55,ajuntament-mercat,237,186,51,21.5
2026-09-15T21:26:00Z,2026-09-15T23:26:00+02:00,53,dr-robert,407,337,70,17.2
2026-09-15T21:26:00Z,2026-09-15T23:26:00+02:00,54,placa-vella,297,211,86,29
2026-09-15T21:26:00Z,2026-09-15T23:26:00+02:00,55,ajuntament-mercat,237,186,51,21.5
2026-09-15T21:27:00Z,2026-09-15T23:27:00+02:00,53,dr-robert,407,337,70,17.2
2026-09-15T21:27:00Z,2026-09-15T23:27:00+02:00,54,placa-vella,297,211,86,29
2026-09-15T21:27:00Z,2026-09-15T23:27:00+02:00,55,ajuntament-mercat,237,186,51,21.5
2026-09-15T21:28:00Z,2026-09-15T23:28:00+02:00,53,dr-robert,407,337,70,17.2
2026-09-15T21:28:00Z,2026-09-15T23:28:00+02:00,54,placa-vella,297,211,86,29
2026-09-15T21:28:00Z,2026-09-15T23:28:00+02:00,55,ajuntament-mercat,237,186,51,21.5
2026-09-15T21:29:00Z,2026-09-15T23:29:00+02:00,53,dr-robert,407,337,70,17.2
2026-09-15T21:29:00Z,2026-09-15T23:29:00+02:00,54,placa-vella,297,211,86,29
2026-09-15T21:29:00Z,2026-09-15T23:29:00+02:00,55,ajuntament-mercat,237,186,51,21.5
2026-09-15T21:30:00Z,2026-09-15T23:30:00+02:00,53,dr-robert,407,339,68,16.7
2026-09-15T21:30:00Z,2026-09-15T23:30:00+02:00,54,placa-vella,297,212,85,28.6
2026-09-15T21:30:00Z,2026-09-15T23:30:00+02:00,55,ajuntament-mercat,237,187,50,21.1
2026-09-15T21:31:00Z,2026-09-15T23:31:00+02:00,53,dr-robert,407,339,68,16.7
2026-09-15T21:31:00Z,2026-09-15T23:31:00+02:00,54,placa-vella,297,212,85,28.6
2026-09-15T21:31:00Z,2026-09-15T23:31:00+02:00,55,ajuntament-mercat,237,187,50,21.1
2026-09-15T21:32:00Z,2026-09-15T23:32:00+02:00,53,dr-robert,407,339,68,16.7
2026-09-15T21:32:00Z,2026-09-15T23:32:00+02:00,54,placa-vella,297,212,85,28.6
2026-09-15T21:32:00Z,2026-09-15T23:32:00+02:00,55,ajuntament-mercat,237,187,50,21.1
2026-09-15T21:33:00Z,2026-09-15T23:33:00+02:00,53,dr-robert,407,339,68,16.7
2026-09-15T21:33:00Z,2026-09-15T23:33:00+02:00,54,placa-vella,297,212,85,28.6
2026-09-15T21:33:00Z,2026-09-15T23:33:00+02:00,55,ajuntament-mercat,237,187,50,21.1
2026-09-15T21:34:00Z,2026-09-15T23:34:00+02:00,53,dr-robert,407,339,68,16.7
2026-09-15T21:34:00Z,2026-09-15T23:34:00+02:00,54,placa-vella,297,212,85,28.6
2026-09-15T21:34:00Z,2026-09-15T23:34:00+02:00,55,ajuntament-mercat,237,187,50,21.1
2026-09-15T21:35:00Z,2026-09-15T23:35:00+02:00,53,dr-robert,407,339,68,16.7
2026-09-15T21:35:00Z,2026-09-15T23:35:00+02:00,54,placa-vella,297,212,85,28.6
2026-09-15T21:35:00Z,2026-09-15T23:35:00+02:00,55,ajuntament-mercat,237,187,50,21.1
2026-09-15T21:36:00Z,2026-09-15T23:36:00+02:00,53,dr-robert,407,339,68,16.7
2026-09-15T21:36:00Z,2026-09-15T23:36:00+02:00,54,placa-vella,297,212,85,28.6
2026-09-15T21:36:00Z,2026-09-15T23:36:00+02:00,55,ajuntament-mercat,237,187,50,21.1
2026-09-15T21:37:00Z,2026-09-15T23:37:00+02:00,53,dr-robert,407,339,68,16.7
2026-09-15T21:37:00Z,2026-09-15T23:37:00+02:00,54,placa-vella,297,212,85,28.6
2026-09-15T21:37:00Z,2026-09-15T23:37:00+02:00,55,ajuntament-mercat,237,187,50,21.1
2026-09-15T21:38:00Z,2026-09-15T23:38:00+02:00,53,dr-robert,407,339,68,16.7
2026-09-15T21:38:00Z,2026-09-15T23:38:00+02:00,54,placa-vella,297,212,85,28.6
2026-09-15T21:38:00Z,2026-09-15T23:38:00+02:00,55,ajuntament-mercat,237,187,50,21.1
2026-09-15T21:39:00Z,2026-09-15T23:39:00+02:00,53,dr-robert,407,339,68,16.7
2026-09-15T21:39:00Z,2026-09-15T23:39:00+02:00,54,placa-vella,297,212,85,28.6
2026-09-15T21:39:00Z,2026-09-15T23:39:00+02:00,55,ajuntament-mercat,237,187,50,21.1
2026-09-15T21:40:00Z,2026-09-15T23:40:00+02:00,53,dr-robert,407,338,69,17
2026-09-15T21:40:00Z,2026-09-15T23:40:00+02:00,54,placa-vella,297,213,84,28.3
2026-09-15T21:40:00Z,2026-09-15T23:40:00+02:00,55,ajuntament-mercat,237,187,50,21.1
2026-09-15T21:41:00Z,2026-09-15T23:41:00+02:00,53,dr-robert,407,338,69,17
2026-09-15T21:41:00Z,2026-09-15T23:41:00+02:00,54,placa-vella,297,213,84,28.3
2026-09-15T21:41:00Z,2026-09-15T23:41:00+02:00,55,ajuntament-mercat,237,187,50,21.1
2026-09-15T21:42:00Z,2026-09-15T23:42:00+02:00,53,dr-robert,407,338,69,17
2026-09-15T21:42:00Z,2026-09-15T23:42:00+02:00,54,placa-vella,297,213,84,28.3
2026-09-15T21:42:00Z,2026-09-15T23:42:00+02:00,55,ajuntament-mercat,237,187,50,21.1
2026-09-15T21:43:00Z,2026-09-15T23:43:00+02:00,53,dr-robert,407,338,69,17
2026-09-15T21:43:00Z,2026-09-15T23:43:00+02:00,54,placa-vella,297,213,84,28.3
2026-09-15T21:43:00Z,2026-09-15T23:43:00+02:00,55,ajuntament-mercat,237,187,50,21.1
2026-09-15T21:44:00Z,2026-09-15T23:44:00+02:00,53,dr-robert,407,338,69,17
2026-09-15T21:44:00Z,2026-09-15T23:44:00+02:00,54,placa-vella,297,213,84,28.3
2026-09-15T21:44:00Z,2026-09-15T23:44:00+02:00,55,ajuntament-mercat,237,187,50,21.1
2026-09-15T21:45:00Z,2026-09-15T23:45:00+02:00,53,dr-robert,407,339,68,16.7
2026-09-15T21:45:00Z,2026-09-15T23:45:00+02:00,54,placa-vella,297,213,84,28.3
2026-09-15T21:45:00Z,2026-09-15T23:45:00+02:00,55,ajuntament-mercat,237,187,50,21.1
2026-09-15T21:46:00Z,2026-09-15T23:46:00+02:00,53,dr-robert,407,339,68,16.7
2026-09-15T21:46:00Z,2026-09-15T23:46:00+02:00,54,placa-vella,297,213,84,28.3
2026-09-15T21:46:00Z,2026-09-15T23:46:00+02:00,55,ajuntament-mercat,237,187,50,21.1
2026-09-15T21:47:00Z,2026-09-15T23:47:00+02:00,53,dr-robert,407,339,68,16.7
2026-09-15T21:47:00Z,2026-09-15T23:47:00+02:00,54,placa-vella,297,213,84,28.3
2026-09-15T21:47:00Z,2026-09-15T23:47:00+02:00,55,ajuntament-mercat,237,187,50,21.1
2026-09-15T21:48:00Z,2026-09-15T23:48:00+02:00,53,dr-robert,407,339,68,16.7
2026-09-15T21:48:00Z,2026-09-15T23:48:00+02:00,54,placa-vella,297,213,84,28.3
2026-09-15T21:48:00Z,2026-09-15T23:48:00+02:00,55,ajuntament-mercat,237,187,50,21.1
2026-09-15T21:49:00Z,2026-09-15T23:49:00+02:00,53,dr-robert,407,339,68,16.7
2026-09-15T21:49:00Z,2026-09-15T23:49:00+02:00,54,placa-vella,297,213,84,28.3
2026-09-15T21:49:00Z,2026-09-15T23:49:00+02:00,55,ajuntament-mercat,237,187,50,21.1
2026-09-15T21:50:00Z,2026-09-15T23:50:00+02:00,53,dr-robert,407,339,68,16.7
2026-09-15T21:50:00Z,2026-09-15T23:50:00+02:00,54,placa-vella,297,213,84,28.3
2026-09-15T21:50:00Z,2026-09-15T23:50:00+02:00,55,ajuntament-mercat,237,187,50,21.1
2026-09-15T21:51:00Z,2026-09-15T23:51:00+02:00,53,dr-robert,407,339,68,16.7
2026-09-15T21:51:00Z,2026-09-15T23:51:00+02:00,54,placa-vella,297,213,84,28.3
2026-09-15T21:51:00Z,2026-09-15T23:51:00+02:00,55,ajuntament-mercat,237,187,50,21.1
2026-09-15T21:52:00Z,2026-09-15T23:52:00+02:00,53,dr-robert,407,339,68,16.7
2026-09-15T21:52:00Z,2026-09-15T23:52:00+02:00,54,placa-vella,297,213,84,28.3
2026-09-15T21:52:00Z,2026-09-15T23:52:00+02:00,55,ajuntament-mercat,237,187,50,21.1
2026-09-15T21:53:00Z,2026-09-15T23:53:00+02:00,53,dr-robert,407,339,68,16.7
2026-09-15T21:53:00Z,2026-09-15T23:53:00+02:00,54,placa-vella,297,213,84,28.3
2026-09-15T21:53:00Z,2026-09-15T23:53:00+02:00,55,ajuntament-mercat,237,187,50,21.1
2026-09-15T21:54:00Z,2026-09-15T23:54:00+02:00,53,dr-robert,407,339,68,16.7
2026-09-15T21:54:00Z,2026-09-15T23:54:00+02:00,54,placa-vella,297,213,84,28.3
2026-09-15T21:54:00Z,2026-09-15T23:54:00+02:00,55,ajuntament-mercat,237,187,50,21.1
2026-09-15T21:55:00Z,2026-09-15T23:55:00+02:00,53,dr-robert,407,338,69,17
2026-09-15T21:55:00Z,2026-09-15T23:55:00+02:00,54,placa-vella,297,215,82,27.6
2026-09-15T21:55:00Z,2026-09-15T23:55:00+02:00,55,ajuntament-mercat,237,187,50,21.1
2026-09-15T21:56:00Z,2026-09-15T23:56:00+02:00,53,dr-robert,407,338,69,17
2026-09-15T21:56:00Z,2026-09-15T23:56:00+02:00,54,placa-vella,297,215,82,27.6
2026-09-15T21:56:00Z,2026-09-15T23:56:00+02:00,55,ajuntament-mercat,237,187,50,21.1
2026-09-15T21:57:00Z,2026-09-15T23:57:00+02:00,53,dr-robert,407,338,69,17
2026-09-15T21:57:00Z,2026-09-15T23:57:00+02:00,54,placa-vella,297,215,82,27.6
2026-09-15T21:57:00Z,2026-09-15T23:57:00+02:00,55,ajuntament-mercat,237,187,50,21.1
2026-09-15T21:58:00Z,2026-09-15T23:58:00+02:00,53,dr-robert,407,338,69,17
2026-09-15T21:58:00Z,2026-09-15T23:58:00+02:00,54,placa-vella,297,215,82,27.6
2026-09-15T21:58:00Z,2026-09-15T23:58:00+02:00,55,ajuntament-mercat,237,187,50,21.1
2026-09-15T21:59:00Z,2026-09-15T23:59:00+02:00,53,dr-robert,407,338,69,17
2026-09-15T21:59:00Z,2026-09-15T23:59:00+02:00,54,placa-vella,297,215,82,27.6
2026-09-15T21:59:00Z,2026-09-15T23:59:00+02:00,55,ajuntament-mercat,237,187,50,21.1
