timestamp_utc,timestamp_local,parking_id,parking_slug,capacity,available,occupied,occupancy_pct
2026-09-15T22:00:00Z,2026-09-16T00:00:00+02:00,53,dr-robert,407,338,69,17
2026-09-15T22:00:00Z,2026-09-16T00:00:00+02:00,54,placa-vella,297,214,83,27.9
2026-09-15T22:00:00Z,2026-09-16T00:00:00+02:00,55,ajuntament-mercat,237,187,50,21.1
2026-09-15T22:01:00Z,2026-09-16T00:01:00+02:00,53,dr-robert,407,338,69,17
2026-09-15T22:01:00Z,2026-09-16T00:01:00+02:00,54,placa-vella,297,214,83,27.9
2026-09-15T22:01:00Z,2026-09-16T00:01:00+02:00,55,ajuntament-mercat,237,187,50,21.1
2026-09-15T22:02:00Z,2026-09-16T00:02:00+02:00,53,dr-robert,407,338,69,17
2026-09-15T22:02:00Z,2026-09-16T00:02:00+02:00,54,placa-vella,297,214,83,27.9
2026-09-15T22:02:00Z,2026-09-16T00:02:00+02:00,55,ajuntament-mercat,237,187,50,21.1
2026-09-15T22:03:00Z,2026-09-16T00:03:00+02:00,53,dr-robert,407,338,69,17
2026-09-15T22:03:00Z,2026-09-16T00:03:00+02:00,54,placa-vella,297,214,83,27.9
2026-09-15T22:03:00Z,2026-09-16T00:03:00+02:00,55,ajuntament-mercat,237,187,50,21.1
2026-09-15T22:04:00Z,2026-09-16T00:04:00+02:00,53,dr-robert,407,338,69,17
2026-09-15T22:04:00Z,2026-09-16T00:04:00+02:00,54,placa-vella,297,214,83,27.9
2026-09-15T22:04:00Z,2026-09-16T00:04:00+02:00,55,ajuntament-mercat,237,187,50,21.1
2026-09-15T22:05:00Z,2026-09-16T00:05:00+02:00,53,dr-robert,407,336,71,17.4
2026-09-15T22:05:00Z,2026-09-16T00:05:00+02:00,54,placa-vella,297,213,84,28.3
2026-09-15T22:05:00Z,2026-09-16T00:05:00+02:00,55,ajuntament-mercat,237,186,51,21.5
2026-09-15T22:06:00Z,2026-09-16T00:06:00+02:00,53,dr-robert,407,336,71,17.4
2026-09-15T22:06:00Z,2026-09-16T00:06:00+02:00,54,placa-vella,297,213,84,28.3
2026-09-15T22:06:00Z,2026-09-16T00:06:00+02:00,55,ajuntament-mercat,237,186,51,21.5
2026-09-15T22:07:00Z,2026-09-16T00:07:00+02:00,53,dr-robert,407,336,71,17.4
2026-09-15T22:07:00Z,2026-09-16T00:07:00+02:00,54,placa-vella,297,213,84,28.3
2026-09-15T22:07:00Z,2026-09-16T00:07:00+02:00,55,ajuntament-mercat,237,186,51,21.5
2026-09-15T22:08:00Z,2026-09-16T00:08:00+02:00,53,dr-robert,407,336,71,17.4
2026-09-15T22:08:00Z,2026-09-16T00:08:00+02:00,54,placa-vella,297,213,84,28.3
2026-09-15T22:08:00Z,2026-09-16T00:08:00+02:00,55,ajuntament-mercat,237,186,51,21.5
2026-09-15T22:09:00Z,2026-09-16T00:09:00+02:00,53,dr-robert,407,336,71,17.4
2026-09-15T22:09:00Z,2026-09-16T00:09:00+02:00,54,placa-vella,297,213,84,28.3
2026-09-15T22:09:00Z,2026-09-16T00:09:00+02:00,55,ajuntament-mercat,237,186,51,21.5
2026-09-15T22:10:00Z,2026-09-16T00:10:00+02:00,53,dr-robert,407,336,71,17.4
2026-09-15T22:10:00Z,2026-09-16T00:10:00+02:00,54,placa-vella,297,214,83,27.9
2026-09-15T22:10:00Z,2026-09-16T00:10:00+02:00,55,ajuntament-mercat,237,186,51,21.5
2026-09-15T22:11:00Z,2026-09-16T00:11:00+02:00,53,dr-robert,407,336,71,17.4
2026-09-15T22:11:00Z,2026-09-16T00:11:00+02:00,54,placa-vella,297,214,83,27.9
2026-09-15T22:11:00Z,2026-09-16T00:11:00+02:00,55,ajuntament-mercat,237,186,51,21.5
2026-09-15T22:12:00Z,2026-09-16T00:12:00+02:00,53,dr-robert,407,336,71,17.4
2026-09-15T22:12:00Z,2026-09-16T00:12:00+02:00,54,placa-vella,297,214,83,27.9
2026-09-15T22:12:00Z,2026-09-16T00:12:00+02:00,55,ajuntament-mercat,237,186,51,21.5
2026-09-15T22:13:00Z,2026-09-16T00:13:00+02:00,53,dr-robert,407,336,71,17.4
2026-09-15T22:13:00Z,2026-09-16T00:13:00+02:00,54,placa-vella,297,214,83,27.9
2026-09-15T22:13:00Z,2026-09-16T00:13:00+02:00,55,ajuntament-mercat,237,186,51,21.5
2026-09-15T22:14:00Z,2026-09-16T00:14:00+02:00,53,dr-robert,407,336,71,17.4
2026-09-15T22:14:00Z,2026-09-16T00:14:00+02:00,54,placa-vella,297,214,83,27.9
2026-09-15T22:14:00Z,2026-09-16T00:14:00+02:00,55,ajuntament-mercat,237,186,51,21.5
2026-09-15T22:15:00Z,2026-09-16T00:15:00+02:00,53,dr-robert,407,336,71,17.4
2026-09-15T22:15:00Z,2026-09-16T00:15:00+02:00,54,placa-vella,297,215,82,27.6
2026-09-15T22:15:00Z,2026-09-16T00:15:00+02:00,55,ajuntament-mercat,237,186,51,21.5
2026-09-15T22:16:00Z,2026-09-16T00:16:00+02:00,53,dr-robert,407,336,71,17.4
2026-09-15T22:16:00Z,2026-09-16T00:16:00+02:00,54,placa-vella,297,215,82,27.6
2026-09-15T22:16:00Z,2026-09-16T00:16:00+02:00,55,ajuntament-mercat,237,186,51,21.5
2026-09-15T22:17:00Z,2026-09-16T00:17:00+02:00,53,dr-robert,407,336,71,17.4
2026-09-15T22:17:00Z,2026-09-16T00:17:00+02:00,54,placa-vella,297,215,82,27.6
2026-09-15T22:17:00Z,2026-09-16T00:17:00+02:00,55,ajuntament-mercat,237,186,51,21.5
2026-09-15T22:18:00Z,2026-09-16T00:18:00+02:00,53,dr-robert,407,336,71,17.4
2026-09-15T22:18:00Z,2026-09-16T00:18:00+02:00,54,placa-vella,297,215,82,27.6
2026-09-15T22:18:00Z,2026-09-16T00:18:00+02:00,55,ajuntament-mercat,237,186,51,21.5
2026-09-15T22:19:00Z,2026-09-16T00:19:00+02:00,53,dr-robert,407,336,71,17.4
2026-09-15T22:19:00Z,2026-09-16T00:19:00+02:00,54,placa-vella,297,215,82,27.6
2026-09-15T22:19:00Z,2026-09-16T00:19:00+02:00,55,ajuntament-mercat,237,186,51,21.5
2026-09-15T22:20:00Z,2026-09-16T00:20:00+02:00,53,dr-robert,407,336,71,17.4
2026-09-15T22:20:00Z,2026-09-16T00:20:00+02:00,54,placa-vella,297,216,81,27.3
2026-09-15T22:20:00Z,2026-09-16T00:20:00+02:00,55,ajuntament-mercat,237,186,51,21.5
2026-09-15T22:21:00Z,2026-09-16T00:21:00+02:00,53,dr-robert,407,336,71,17.4
2026-09-15T22:21:00Z,2026-09-16T00:21:00+02:00,54,placa-vella,297,216,81,27.3
2026-09-15T22:21:00Z,2026-09-16T00:21:00+02:00,55,ajuntament-mercat,237,186,51,21.5
2026-09-15T22:22:00Z,2026-09-16T00:22:00+02:00,53,dr-robert,407,336,71,17.4
2026-09-15T22:22:00Z,2026-09-16T00:22:00+02:00,54,placa-vella,297,216,81,27.3
2026-09-15T22:22:00Z,2026-09-16T00:22:00+02:00,55,ajuntament-mercat,237,186,51,21.5
2026-09-15T22:23:00Z,2026-09-16T00:23:00+02:00,53,dr-robert,407,336,71,17.4
2026-09-15T22:23:00Z,2026-09-16T00:23:00+02:00,54,placa-vella,297,216,81,27.3
2026-09-15T22:23:00Z,2026-09-16T00:23:00+02:00,55,ajuntament-mercat,237,186,51,21.5
2026-09-15T22:24:00Z,2026-09-16T00:24:00+02:00,53,dr-robert,407,336,71,17.4
2026-09-15T22:24:00Z,2026-09-16T00:24:00+02:00,54,placa-vella,297,216,81,27.3
2026-09-15T22:24:00Z,2026-09-16T00:24:00+02:00,55,ajuntament-mercat,237,186,51,21.5
2026-09-15T22:25:00Z,2026-09-16T00:25:00+02:00,53,dr-robert,407,336,71,17.4
2026-09-15T22:25:00Z,2026-09-16T00:25:00+02:00,54,placa-vella,297,216,81,27.3
2026-09-15T22:25:00Z,2026-09-16T00:25:00+02:00,55,ajuntament-mercat,237,186,51,21.5
2026-09-15T22:26:00Z,2026-09-16T00:26:00+02:00,53,dr-robert,407,336,71,17.4
2026-09-15T22:26:00Z,2026-09-16T00:26:00+02:00,54,placa-vella,297,216,81,27.3
2026-09-15T22:26:00Z,2026-09-16T00:26:00+02:00,55,ajuntament-mercat,237,186,51,21.5
2026-09-15T22:27:00Z,2026-09-16T00:27:00+02:00,53,dr-robert,407,336,71,17.4
2026-09-15T22:27:00Z,2026-09-16T00:27:00+02:00,54,placa-vella,297,216,81,27.3
2026-09-15T22:27:00Z,2026-09-16T00:27:00+02:00,55,ajuntament-mercat,237,186,51,21.5
2026-09-15T22:28:00Z,2026-09-16T00:28:00+02:00,53,dr-robert,407,336,71,17.4
2026-09-15T22:28:00Z,2026-09-16T00:28:00+02:00,54,placa-vella,297,216,81,27.3
2026-09-15T22:28:00Z,2026-09-16T00:28:00+02:00,55,ajuntament-mercat,237,186,51,21.5
2026-09-15T22:29:00Z,2026-09-16T00:29:00+02:00,53,dr-robert,407,336,71,17.4
2026-09-15T22:29:00Z,2026-09-16T00:29:00+02:00,54,placa-vella,297,216,81,27.3
2026-09-15T22:29:00Z,2026-09-16T00:29:00+02:00,55,ajuntament-mercat,237,186,51,21.5
2026-09-15T22:30:00Z,2026-09-16T00:30:00+02:00,53,dr-robert,407,336,71,17.4
2026-09-15T22:30:00Z,2026-09-16T00:30:00+02:00,54,placa-vella,297,216,81,27.3
2026-09-15T22:30:00Z,2026-09-16T00:30:00+02:00,55,ajuntament-mercat,237,186,51,21.5
2026-09-15T22:31:00Z,2026-09-16T00:31:00+02:00,53,dr-robert,407,336,71,17.4
2026-09-15T22:31:00Z,2026-09-16T00:31:00+02:00,54,placa-vella,297,216,81,27.3
2026-09-15T22:31:00Z,2026-09-16T00:31:00+02:00,55,ajuntament-mercat,237,186,51,21.5
2026-09-15T22:32:00Z,2026-09-16T00:32:00+02:00,53,dr-robert,407,336,71,17.4
2026-09-15T22:32:00Z,2026-09-16T00:32:00+02:00,54,placa-vella,297,216,81,27.3
2026-09-15T22:32:00Z,2026-09-16T00:32:00+02:00,55,ajuntament-mercat,237,186,51,21.5
2026-09-15T22:33:00Z,2026-09-16T00:33:00+02:00,53,dr-robert,407,336,71,17.4
2026-09-15T22:33:00Z,2026-09-16T00:33:00+02:00,54,placa-vella,297,216,81,27.3
2026-09-15T22:33:00Z,2026-09-16T00:33:00+02:00,55,ajuntament-mercat,237,186,51,21.5
2026-09-15T22:34:00Z,2026-09-16T00:34:00+02:00,53,dr-robert,407,336,71,17.4
2026-09-15T22:34:00Z,2026-09-16T00:34:00+02:00,54,placa-vella,297,216,81,27.3
2026-09-15T22:34:00Z,2026-09-16T00:34:00+02:00,55,ajuntament-mercat,237,186,51,21.5
2026-09-15T22:35:00Z,2026-09-16T00:35:00+02:00,53,dr-robert,407,336,71,17.4
2026-09-15T22:35:00Z,2026-09-16T00:35:00+02:00,54,placa-vella,297,216,81,27.3
2026-09-15T22:35:00Z,2026-09-16T00:35:00+02:00,55,ajuntament-mercat,237,186,51,21.5
2026-09-15T22:36:00Z,2026-09-16T00:36:00+02:00,53,dr-robert,407,336,71,17.4
2026-09-15T22:36:00Z,2026-09-16T00:36:00+02:00,54,placa-vella,297,216,81,27.3
2026-09-15T22:36:00Z,2026-09-16T00:36:00+02:00,55,ajuntament-mercat,237,186,51,21.5
2026-09-15T22:37:00Z,2026-09-16T00:37:00+02:00,53,dr-robert,407,336,71,17.4
2026-09-15T22:37:00Z,2026-09-16T00:37:00+02:00,54,placa-vella,297,216,81,27.3
2026-09-15T22:37:00Z,2026-09-16T00:37:00+02:00,55,ajuntament-mercat,237,186,51,21.5
2026-09-15T22:38:00Z,2026-09-16T00:38:00+02:00,53,dr-robert,407,336,71,17.4
2026-09-15T22:38:00Z,2026-09-16T00:38:00+02:00,54,placa-vella,297,216,81,27.3
2026-09-15T22:38:00Z,2026-09-16T00:38:00+02:00,55,ajuntament-mercat,237,186,51,21.5
2026-09-15T22:39:00Z,2026-09-16T00:39:00+02:00,53,dr-robert,407,336,71,17.4
2026-09-15T22:39:00Z,2026-09-16T00:39:00+02:00,54,placa-vella,297,216,81,27.3
2026-09-15T22:39:00Z,2026-09-16T00:39:00+02:00,55,ajuntament-mercat,237,186,51,21.5
2026-09-15T22:40:00Z,2026-09-16T00:40:00+02:00,53,dr-robert,407,336,71,17.4
2026-09-15T22:40:00Z,2026-09-16T00:40:00+02:00,54,placa-vella,297,216,81,27.3
2026-09-15T22:40:00Z,2026-09-16T00:40:00+02:00,55,ajuntament-mercat,237,186,51,21.5
2026-09-15T22:41:00Z,2026-09-16T00:41:00+02:00,53,dr-robert,407,336,71,17.4
2026-09-15T22:41:00Z,2026-09-16T00:41:00+02:00,54,placa-vella,297,216,81,27.3
2026-09-15T22:41:00Z,2026-09-16T00:41:00+02:00,55,ajuntament-mercat,237,186,51,21.5
2026-09-15T22:42:00Z,2026-09-16T00:42:00+02:00,53,dr-robert,407,336,71,17.4
2026-09-15T22:42:00Z,2026-09-16T00:42:00+02:00,54,placa-vella,297,216,81,27.3
2026-09-15T22:42:00Z,2026-09-16T00:42:00+02:00,55,ajuntament-mercat,237,186,51,21.5
2026-09-15T22:43:00Z,2026-09-16T00:43:00+02:00,53,dr-robert,407,336,71,17.4
2026-09-15T22:43:00Z,2026-09-16T00:43:00+02:00,54,placa-vella,297,216,81,27.3
2026-09-15T22:43:00Z,2026-09-16T00:43:00+02:00,55,ajuntament-mercat,237,186,51,21.5
2026-09-15T22:44:00Z,2026-09-16T00:44:00+02:00,53,dr-robert,407,336,71,17.4
2026-09-15T22:44:00Z,2026-09-16T00:44:00+02:00,54,placa-vella,297,216,81,27.3
2026-09-15T22:44:00Z,2026-09-16T00:44:00+02:00,55,ajuntament-mercat,237,186,51,21.5
2026-09-15T22:45:00Z,2026-09-16T00:45:00+02:00,53,dr-robert,407,336,71,17.4
2026-09-15T22:45:00Z,2026-09-16T00:45:00+02:00,54,placa-vella,297,216,81,27.3
2026-09-15T22:45:00Z,2026-09-16T00:45:00+02:00,55,ajuntament-mercat,237,186,51,21.5
2026-09-15T22:46:00Z,2026-09-16T00:46:00+02:00,53,dr-robert,407,336,71,17.4
2026-09-15T22:46:00Z,2026-09-16T00:46:00+02:00,54,placa-vella,297,216,81,27.3
2026-09-15T22:46:00Z,2026-09-16T00:46:00+02:00,55,ajuntament-mercat,237,186,51,21.5
2026-09-15T22:47:00Z,2026-09-16T00:47:00+02:00,53,dr-robert,407,336,71,17.4
2026-09-15T22:47:00Z,2026-09-16T00:47:00+02:00,54,placa-vella,297,216,81,27.3
2026-09-15T22:47:00Z,2026-09-16T00:47:00+02:00,55,ajuntament-mercat,237,186,51,21.5
2026-09-15T22:48:00Z,2026-09-16T00:48:00+02:00,53,dr-robert,407,336,71,17.4
2026-09-15T22:48:00Z,2026-09-16T00:48:00+02:00,54,placa-vella,297,216,81,27.3
2026-09-15T22:48:00Z,2026-09-16T00:48:00+02:00,55,ajuntament-mercat,237,186,51,21.5
2026-09-15T22:49:00Z,2026-09-16T00:49:00+02:00,53,dr-robert,407,336,71,17.4
2026-09-15T22:49:00Z,2026-09-16T00:49:00+02:00,54,placa-vella,297,216,81,27.3
2026-09-15T22:49:00Z,2026-09-16T00:49:00+02:00,55,ajuntament-mercat,237,186,51,21.5
2026-09-15T22:50:00Z,2026-09-16T00:50:00+02:00,53,dr-robert,407,337,70,17.2
2026-09-15T22:50:00Z,2026-09-16T00:50:00+02:00,54,placa-vella,297,216,81,27.3
2026-09-15T22:50:00Z,2026-09-16T00:50:00+02:00,55,ajuntament-mercat,237,186,51,21.5
2026-09-15T22:51:00Z,2026-09-16T00:51:00+02:00,53,dr-robert,407,337,70,17.2
2026-09-15T22:51:00Z,2026-09-16T00:51:00+02:00,54,placa-vella,297,216,81,27.3
2026-09-15T22:51:00Z,2026-09-16T00:51:00+02:00,55,ajuntament-mercat,237,186,51,21.5
2026-09-15T22:52:00Z,2026-09-16T00:52:00+02:00,53,dr-robert,407,337,70,17.2
2026-09-15T22:52:00Z,2026-09-16T00:52:00+02:00,54,placa-vella,297,216,81,27.3
2026-09-15T22:52:00Z,2026-09-16T00:52:00+02:00,55,ajuntament-mercat,237,186,51,21.5
2026-09-15T22:53:00Z,2026-09-16T00:53:00+02:00,53,dr-robert,407,337,70,17.2
2026-09-15T22:53:00Z,2026-09-16T00:53:00+02:00,54,placa-vella,297,216,81,27.3
2026-09-15T22:53:00Z,2026-09-16T00:53:00+02:00,55,ajuntament-mercat,237,186,51,21.5
2026-09-15T22:54:00Z,2026-09-16T00:54:00+02:00,53,dr-robert,407,337,70,17.2
2026-09-15T22:54:00Z,2026-09-16T00:54:00+02:00,54,placa-vella,297,216,81,27.3
2026-09-15T22:54:00Z,2026-09-16T00:54:00+02:00,55,ajuntament-mercat,237,186,51,21.5
2026-09-15T22:55:00Z,2026-09-16T00:55:00+02:00,53,dr-robert,407,337,70,17.2
2026-09-15T22:55:00Z,2026-09-16T00:55:00+02:00,54,placa-vella,297,216,81,27.3
2026-09-15T22:55:00Z,2026-09-16T00:55:00+02:00,55,ajuntament-mercat,237,186,51,21.5
2026-09-15T22:56:00Z,2026-09-16T00:56:00+02:00,53,dr-robert,407,337,70,17.2
2026-09-15T22:56:00Z,2026-09-16T00:56:00+02:00,54,placa-vella,297,216,81,27.3
2026-09-15T22:56:00Z,2026-09-16T00:56:00+02:00,55,ajuntament-mercat,237,186,51,21.5
2026-09-15T22:57:00Z,2026-09-16T00:57:00+02:00,53,dr-robert,407,337,70,17.2
2026-09-15T22:57:00Z,2026-09-16T00:57:00+02:00,54,placa-vella,297,216,81,27.3
2026-09-15T22:57:00Z,2026-09-16T00:57:00+02:00,55,ajuntament-mercat,237,186,51,21.5
2026-09-15T22:58:00Z,2026-09-16T00:58:00+02:00,53,dr-robert,407,337,70,17.2
2026-09-15T22:58:00Z,2026-09-16T00:58:00+02:00,54,placa-vella,297,216,81,27.3
2026-09-15T22:58:00Z,2026-09-16T00:58:00+02:00,55,ajuntament-mercat,237,186,51,21.5
2026-09-15T22:59:00Z,2026-09-16T00:59:00+02:00,53,dr-robert,407,337,70,17.2
2026-09-15T22:59:00Z,2026-09-16T00:59:00+02:00,54,placa-vella,297,216,81,27.3
2026-09-15T22:59:00Z,2026-09-16T00:59:00+02:00,55,ajuntament-mercat,237,186,51,21.5
2026-09-15T23:00:00Z,2026-09-16T01:00:00+02:00,53,dr-robert,407,337,70,17.2
2026-09-15T23:00:00Z,2026-09-16T01:00:00+02:00,54,placa-vella,297,216,81,27.3
2026-09-15T23:00:00Z,2026-09-16T01:00:00+02:00,55,ajuntament-mercat,237,186,51,21.5
2026-09-15T23:01:00Z,2026-09-16T01:01:00+02:00,53,dr-robert,407,337,70,17.2
2026-09-15T23:01:00Z,2026-09-16T01:01:00+02:00,54,placa-vella,297,216,81,27.3
2026-09-15T23:01:00Z,2026-09-16T01:01:00+02:00,55,ajuntament-mercat,237,186,51,21.5
2026-09-15T23:02:00Z,2026-09-16T01:02:00+02:00,53,dr-robert,407,337,70,17.2
2026-09-15T23:02:00Z,2026-09-16T01:02:00+02:00,54,placa-vella,297,216,81,27.3
2026-09-15T23:02:00Z,2026-09-16T01:02:00+02:00,55,ajuntament-mercat,237,186,51,21.5
2026-09-15T23:03:00Z,2026-09-16T01:03:00+02:00,53,dr-robert,407,337,70,17.2
2026-09-15T23:03:00Z,2026-09-16T01:03:00+02:00,54,placa-vella,297,216,81,27.3
2026-09-15T23:03:00Z,2026-09-16T01:03:00+02:00,55,ajuntament-mercat,237,186,51,21.5
2026-09-15T23:04:00Z,2026-09-16T01:04:00+02:00,53,dr-robert,407,337,70,17.2
2026-09-15T23:04:00Z,2026-09-16T01:04:00+02:00,54,placa-vella,297,216,81,27.3
2026-09-15T23:04:00Z,2026-09-16T01:04:00+02:00,55,ajuntament-mercat,237,186,51,21.5
2026-09-15T23:05:00Z,2026-09-16T01:05:00+02:00,53,dr-robert,407,338,69,17
2026-09-15T23:05:00Z,2026-09-16T01:05:00+02:00,54,placa-vella,297,216,81,27.3
2026-09-15T23:05:00Z,2026-09-16T01:05:00+02:00,55,ajuntament-mercat,237,186,51,21.5
2026-09-15T23:06:00Z,2026-09-16T01:06:00+02:00,53,dr-robert,407,338,69,17
2026-09-15T23:06:00Z,2026-09-16T01:06:00+02:00,54,placa-vella,297,216,81,27.3
2026-09-15T23:06:00Z,2026-09-16T01:06:00+02:00,55,ajuntament-mercat,237,186,51,21.5
2026-09-15T23:07:00Z,2026-09-16T01:07:00+02:00,53,dr-robert,407,338,69,17
2026-09-15T23:07:00Z,2026-09-16T01:07:00+02:00,54,placa-vella,297,216,81,27.3
2026-09-15T23:07:00Z,2026-09-16T01:07:00+02:00,55,ajuntament-mercat,237,186,51,21.5
2026-09-15T23:08:00Z,2026-09-16T01:08:00+02:00,53,dr-robert,407,338,69,17
2026-09-15T23:08:00Z,2026-09-16T01:08:00+02:00,54,placa-vella,297,216,81,27.3
2026-09-15T23:08:00Z,2026-09-16T01:08:00+02:00,55,ajuntament-mercat,237,186,51,21.5
2026-09-15T23:09:00Z,2026-09-16T01:09:00+02:00,53,dr-robert,407,338,69,17
2026-09-15T23:09:00Z,2026-09-16T01:09:00+02:00,54,placa-vella,297,216,81,27.3
2026-09-15T23:09:00Z,2026-09-16T01:09:00+02:00,55,ajuntament-mercat,237,186,51,21.5
2026-09-15T23:10:00Z,2026-09-16T01:10:00+02:00,53,dr-robert,407,338,69,17
2026-09-15T23:10:00Z,2026-09-16T01:10:00+02:00,54,placa-vella,297,216,81,27.3
2026-09-15T23:10:00Z,2026-09-16T01:10:00+02:00,55,ajuntament-mercat,237,186,51,21.5
2026-09-15T23:11:00Z,2026-09-16T01:11:00+02:00,53,dr-robert,407,338,69,17
2026-09-15T23:11:00Z,2026-09-16T01:11:00+02:00,54,placa-vella,297,216,81,27.3
2026-09-15T23:11:00Z,2026-09-16T01:11:00+02:00,55,ajuntament-mercat,237,186,51,21.5
2026-09-15T23:12:00Z,2026-09-16T01:12:00+02:00,53,dr-robert,407,338,69,17
2026-09-15T23:12:00Z,2026-09-16T01:12:00+02:00,54,placa-vella,297,216,81,27.3
2026-09-15T23:12:00Z,2026-09-16T01:12:00+02:00,55,ajuntament-mercat,237,186,51,21.5
2026-09-15T23:13:00Z,2026-09-16T01:13:00+02:00,53,dr-robert,407,338,69,17
2026-09-15T23:13:00Z,2026-09-16T01:13:00+02:00,54,placa-vella,297,216,81,27.3
2026-09-15T23:13:00Z,2026-09-16T01:13:00+02:00,55,ajuntament-mercat,237,186,51,21.5
2026-09-15T23:14:00Z,2026-09-16T01:14:00+02:00,53,dr-robert,407,338,69,17
2026-09-15T23:14:00Z,2026-09-16T01:14:00+02:00,54,placa-vella,297,216,81,27.3
2026-09-15T23:14:00Z,2026-09-16T01:14:00+02:00,55,ajuntament-mercat,237,186,51,21.5
2026-09-15T23:15:00Z,2026-09-16T01:15:00+02:00,53,dr-robert,407,341,66,16.2
2026-09-15T23:15:00Z,2026-09-16T01:15:00+02:00,54,placa-vella,297,216,81,27.3
2026-09-15T23:15:00Z,2026-09-16T01:15:00+02:00,55,ajuntament-mercat,237,186,51,21.5
2026-09-15T23:16:00Z,2026-09-16T01:16:00+02:00,53,dr-robert,407,341,66,16.2
2026-09-15T23:16:00Z,2026-09-16T01:16:00+02:00,54,placa-vella,297,216,81,27.3
2026-09-15T23:16:00Z,2026-09-16T01:16:00+02:00,55,ajuntament-mercat,237,186,51,21.5
2026-09-15T23:17:00Z,2026-09-16T01:17:00+02:00,53,dr-robert,407,341,66,16.2
2026-09-15T23:17:00Z,2026-09-16T01:17:00+02:00,54,placa-vella,297,216,81,27.3
2026-09-15T23:17:00Z,2026-09-16T01:17:00+02:00,55,ajuntament-mercat,237,186,51,21.5
2026-09-15T23:18:00Z,2026-09-16T01:18:00+02:00,53,dr-robert,407,341,66,16.2
2026-09-15T23:18:00Z,2026-09-16T01:18:00+02:00,54,placa-vella,297,216,81,27.3
2026-09-15T23:18:00Z,2026-09-16T01:18:00+02:00,55,ajuntament-mercat,237,186,51,21.5
2026-09-15T23:19:00Z,2026-09-16T01:19:00+02:00,53,dr-robert,407,341,66,16.2
2026-09-15T23:19:00Z,2026-09-16T01:19:00+02:00,54,placa-vella,297,216,81,27.3
2026-09-15T23:19:00Z,2026-09-16T01:19:00+02:00,55,ajuntament-mercat,237,186,51,21.5
2026-09-15T23:20:00Z,2026-09-16T01:20:00+02:00,53,dr-robert,407,342,65,16
2026-09-15T23:20:00Z,2026-09-16T01:20:00+02:00,54,placa-vella,297,216,81,27.3
2026-09-15T23:20:00Z,2026-09-16T01:20:00+02:00,55,ajuntament-mercat,237,186,51,21.5
2026-09-15T23:21:00Z,2026-09-16T01:21:00+02:00,53,dr-robert,407,342,65,16
2026-09-15T23:21:00Z,2026-09-16T01:21:00+02:00,54,placa-vella,297,216,81,27.3
2026-09-15T23:21:00Z,2026-09-16T01:21:00+02:00,55,ajuntament-mercat,237,186,51,21.5
2026-09-15T23:22:00Z,2026-09-16T01:22:00+02:00,53,dr-robert,407,342,65,16
2026-09-15T23:22:00Z,2026-09-16T01:22:00+02:00,54,placa-vella,297,216,81,27.3
2026-09-15T23:22:00Z,2026-09-16T01:22:00+02:00,55,ajuntament-mercat,237,186,51,21.5
2026-09-15T23:23:00Z,2026-09-16T01:23:00+02:00,53,dr-robert,407,342,65,16
2026-09-15T23:23:00Z,2026-09-16T01:23:00+02:00,54,placa-vella,297,216,81,27.3
2026-09-15T23:23:00Z,2026-09-16T01:23:00+02:00,55,ajuntament-mercat,237,186,51,21.5
2026-09-15T23:24:00Z,2026-09-16T01:24:00+02:00,53,dr-robert,407,342,65,16
2026-09-15T23:24:00Z,2026-09-16T01:24:00+02:00,54,placa-vella,297,216,81,27.3
2026-09-15T23:24:00Z,2026-09-16T01:24:00+02:00,55,ajuntament-mercat,237,186,51,21.5
2026-09-15T23:25:00Z,2026-09-16T01:25:00+02:00,53,dr-robert,407,342,65,16
2026-09-15T23:25:00Z,2026-09-16T01:25:00+02:00,54,placa-vella,297,216,81,27.3
2026-09-15T23:25:00Z,2026-09-16T01:25:00+02:00,55,ajuntament-mercat,237,186,51,21.5
2026-09-15T23:26:00Z,2026-09-16T01:26:00+02:00,53,dr-robert,407,342,65,16
2026-09-15T23:26:00Z,2026-09-16T01:26:00+02:00,54,placa-vella,297,216,81,27.3
2026-09-15T23:26:00Z,2026-09-16T01:26:00+02:00,55,ajuntament-mercat,237,186,51,21.5
2026-09-15T23:27:00Z,2026-09-16T01:27:00+02:00,53,dr-robert,407,342,65,16
2026-09-15T23:27:00Z,2026-09-16T01:27:00+02:00,54,placa-vella,297,216,81,27.3
2026-09-15T23:27:00Z,2026-09-16T01:27:00+02:00,55,ajuntament-mercat,237,186,51,21.5
2026-09-15T23:28:00Z,2026-09-16T01:28:00+02:00,53,dr-robert,407,342,65,16
2026-09-15T23:28:00Z,2026-09-16T01:28:00+02:00,54,placa-vella,297,216,81,27.3
2026-09-15T23:28:00Z,2026-09-16T01:28:00+02:00,55,ajuntament-mercat,237,186,51,21.5
2026-09-15T23:29:00Z,2026-09-16T01:29:00+02:00,53,dr-robert,407,342,65,16
2026-09-15T23:29:00Z,2026-09-16T01:29:00+02:00,54,placa-vella,297,216,81,27.3
2026-09-15T23:29:00Z,2026-09-16T01:29:00+02:00,55,ajuntament-mercat,237,186,51,21.5
2026-09-15T23:30:00Z,2026-09-16T01:30:00+02:00,53,dr-robert,407,341,66,16.2
2026-09-15T23:30:00Z,2026-09-16T01:30:00+02:00,54,placa-vella,297,216,81,27.3
2026-09-15T23:30:00Z,2026-09-16T01:30:00+02:00,55,ajuntament-mercat,237,186,51,21.5
2026-09-15T23:31:00Z,2026-09-16T01:31:00+02:00,53,dr-robert,407,341,66,16.2
2026-09-15T23:31:00Z,2026-09-16T01:31:00+02:00,54,placa-vella,297,216,81,27.3
2026-09-15T23:31:00Z,2026-09-16T01:31:00+02:00,55,ajuntament-mercat,237,186,51,21.5
2026-09-15T23:32:00Z,2026-09-16T01:32:00+02:00,53,dr-robert,407,341,66,16.2
2026-09-15T23:32:00Z,2026-09-16T01:32:00+02:00,54,placa-vella,297,216,81,27.3
2026-09-15T23:32:00Z,2026-09-16T01:32:00+02:00,55,ajuntament-mercat,237,186,51,21.5
2026-09-15T23:33:00Z,2026-09-16T01:33:00+02:00,53,dr-robert,407,341,66,16.2
2026-09-15T23:33:00Z,2026-09-16T01:33:00+02:00,54,placa-vella,297,216,81,27.3
2026-09-15T23:33:00Z,2026-09-16T01:33:00+02:00,55,ajuntament-mercat,237,186,51,21.5
2026-09-15T23:34:00Z,2026-09-16T01:34:00+02:00,53,dr-robert,407,341,66,16.2
2026-09-15T23:34:00Z,2026-09-16T01:34:00+02:00,54,placa-vella,297,216,81,27.3
2026-09-15T23:34:00Z,2026-09-16T01:34:00+02:00,55,ajuntament-mercat,237,186,51,21.5
2026-09-15T23:35:00Z,2026-09-16T01:35:00+02:00,53,dr-robert,407,341,66,16.2
2026-09-15T23:35:00Z,2026-09-16T01:35:00+02:00,54,placa-vella,297,216,81,27.3
2026-09-15T23:35:00Z,2026-09-16T01:35:00+02:00,55,ajuntament-mercat,237,186,51,21.5
2026-09-15T23:36:00Z,2026-09-16T01:36:00+02:00,53,dr-robert,407,341,66,16.2
2026-09-15T23:36:00Z,2026-09-16T01:36:00+02:00,54,placa-vella,297,216,81,27.3
2026-09-15T23:36:00Z,2026-09-16T01:36:00+02:00,55,ajuntament-mercat,237,186,51,21.5
2026-09-15T23:37:00Z,2026-09-16T01:37:00+02:00,53,dr-robert,407,341,66,16.2
2026-09-15T23:37:00Z,2026-09-16T01:37:00+02:00,54,placa-vella,297,216,81,27.3
2026-09-15T23:37:00Z,2026-09-16T01:37:00+02:00,55,ajuntament-mercat,237,186,51,21.5
2026-09-15T23:38:00Z,2026-09-16T01:38:00+02:00,53,dr-robert,407,341,66,16.2
2026-09-15T23:38:00Z,2026-09-16T01:38:00+02:00,54,placa-vella,297,216,81,27.3
2026-09-15T23:38:00Z,2026-09-16T01:38:00+02:00,55,ajuntament-mercat,237,186,51,21.5
2026-09-15T23:39:00Z,2026-09-16T01:39:00+02:00,53,dr-robert,407,341,66,16.2
2026-09-15T23:39:00Z,2026-09-16T01:39:00+02:00,54,placa-vella,297,216,81,27.3
2026-09-15T23:39:00Z,2026-09-16T01:39:00+02:00,55,ajuntament-mercat,237,186,51,21.5
2026-09-15T23:40:00Z,2026-09-16T01:40:00+02:00,53,dr-robert,407,341,66,16.2
2026-09-15T23:40:00Z,2026-09-16T01:40:00+02:00,54,placa-vella,297,216,81,27.3
2026-09-15T23:40:00Z,2026-09-16T01:40:00+02:00,55,ajuntament-mercat,237,186,51,21.5
2026-09-15T23:41:00Z,2026-09-16T01:41:00+02:00,53,dr-robert,407,341,66,16.2
2026-09-15T23:41:00Z,2026-09-16T01:41:00+02:00,54,placa-vella,297,216,81,27.3
2026-09-15T23:41:00Z,2026-09-16T01:41:00+02:00,55,ajuntament-mercat,237,186,51,21.5
2026-09-15T23:42:00Z,2026-09-16T01:42:00+02:00,53,dr-robert,407,341,66,16.2
2026-09-15T23:42:00Z,2026-09-16T01:42:00+02:00,54,placa-vella,297,216,81,27.3
2026-09-15T23:42:00Z,2026-09-16T01:42:00+02:00,55,ajuntament-mercat,237,186,51,21.5
2026-09-15T23:43:00Z,2026-09-16T01:43:00+02:00,53,dr-robert,407,341,66,16.2
2026-09-15T23:43:00Z,2026-09-16T01:43:00+02:00,54,placa-vella,297,216,81,27.3
2026-09-15T23:43:00Z,2026-09-16T01:43:00+02:00,55,ajuntament-mercat,237,186,51,21.5
2026-09-15T23:44:00Z,2026-09-16T01:44:00+02:00,53,dr-robert,407,341,66,16.2
2026-09-15T23:44:00Z,2026-09-16T01:44:00+02:00,54,placa-vella,297,216,81,27.3
2026-09-15T23:44:00Z,2026-09-16T01:44:00+02:00,55,ajuntament-mercat,237,186,51,21.5
2026-09-15T23:45:00Z,2026-09-16T01:45:00+02:00,53,dr-robert,407,341,66,16.2
2026-09-15T23:45:00Z,2026-09-16T01:45:00+02:00,54,placa-vella,297,216,81,27.3
2026-09-15T23:45:00Z,2026-09-16T01:45:00+02:00,55,ajuntament-mercat,237,186,51,21.5
2026-09-15T23:46:00Z,2026-09-16T01:46:00+02:00,53,dr-robert,407,341,66,16.2
2026-09-15T23:46:00Z,2026-09-16T01:46:00+02:00,54,placa-vella,297,216,81,27.3
2026-09-15T23:46:00Z,2026-09-16T01:46:00+02:00,55,ajuntament-mercat,237,186,51,21.5
2026-09-15T23:47:00Z,2026-09-16T01:47:00+02:00,53,dr-robert,407,341,66,16.2
2026-09-15T23:47:00Z,2026-09-16T01:47:00+02:00,54,placa-vella,297,216,81,27.3
2026-09-15T23:47:00Z,2026-09-16T01:47:00+02:00,55,ajuntament-mercat,237,186,51,21.5
2026-09-15T23:48:00Z,2026-09-16T01:48:00+02:00,53,dr-robert,407,341,66,16.2
2026-09-15T23:48:00Z,2026-09-16T01:48:00+02:00,54,placa-vella,297,216,81,27.3
2026-09-15T23:48:00Z,2026-09-16T01:48:00+02:00,55,ajuntament-mercat,237,186,51,21.5
2026-09-15T23:49:00Z,2026-09-16T01:49:00+02:00,53,dr-robert,407,341,66,16.2
2026-09-15T23:49:00Z,2026-09-16T01:49:00+02:00,54,placa-vella,297,216,81,27.3
2026-09-15T23:49:00Z,2026-09-16T01:49:00+02:00,55,ajuntament-mercat,237,186,51,21.5
2026-09-15T23:50:00Z,2026-09-16T01:50:00+02:00,53,dr-robert,407,341,66,16.2
2026-09-15T23:50:00Z,2026-09-16T01:50:00+02:00,54,placa-vella,297,216,81,27.3
2026-09-15T23:50:00Z,2026-09-16T01:50:00+02:00,55,ajuntament-mercat,237,186,51,21.5
2026-09-15T23:51:00Z,2026-09-16T01:51:00+02:00,53,dr-robert,407,341,66,16.2
2026-09-15T23:51:00Z,2026-09-16T01:51:00+02:00,54,placa-vella,297,216,81,27.3
2026-09-15T23:51:00Z,2026-09-16T01:51:00+02:00,55,ajuntament-mercat,237,186,51,21.5
2026-09-15T23:52:00Z,2026-09-16T01:52:00+02:00,53,dr-robert,407,341,66,16.2
2026-09-15T23:52:00Z,2026-09-16T01:52:00+02:00,54,placa-vella,297,216,81,27.3
2026-09-15T23:52:00Z,2026-09-16T01:52:00+02:00,55,ajuntament-mercat,237,186,51,21.5
2026-09-15T23:53:00Z,2026-09-16T01:53:00+02:00,53,dr-robert,407,341,66,16.2
2026-09-15T23:53:00Z,2026-09-16T01:53:00+02:00,54,placa-vella,297,216,81,27.3
2026-09-15T23:53:00Z,2026-09-16T01:53:00+02:00,55,ajuntament-mercat,237,186,51,21.5
2026-09-15T23:54:00Z,2026-09-16T01:54:00+02:00,53,dr-robert,407,341,66,16.2
2026-09-15T23:54:00Z,2026-09-16T01:54:00+02:00,54,placa-vella,297,216,81,27.3
2026-09-15T23:54:00Z,2026-09-16T01:54:00+02:00,55,ajuntament-mercat,237,186,51,21.5
2026-09-15T23:55:00Z,2026-09-16T01:55:00+02:00,53,dr-robert,407,341,66,16.2
2026-09-15T23:55:00Z,2026-09-16T01:55:00+02:00,54,placa-vella,297,216,81,27.3
2026-09-15T23:55:00Z,2026-09-16T01:55:00+02:00,55,ajuntament-mercat,237,186,51,21.5
2026-09-15T23:56:00Z,2026-09-16T01:56:00+02:00,53,dr-robert,407,341,66,16.2
2026-09-15T23:56:00Z,2026-09-16T01:56:00+02:00,54,placa-vella,297,216,81,27.3
2026-09-15T23:56:00Z,2026-09-16T01:56:00+02:00,55,ajuntament-mercat,237,186,51,21.5
2026-09-15T23:57:00Z,2026-09-16T01:57:00+02:00,53,dr-robert,407,341,66,16.2
2026-09-15T23:57:00Z,2026-09-16T01:57:00+02:00,54,placa-vella,297,216,81,27.3
2026-09-15T23:57:00Z,2026-09-16T01:57:00+02:00,55,ajuntament-mercat,237,186,51,21.5
2026-09-15T23:58:00Z,2026-09-16T01:58:00+02:00,53,dr-robert,407,341,66,16.2
2026-09-15T23:58:00Z,2026-09-16T01:58:00+02:00,54,placa-vella,297,216,81,27.3
2026-09-15T23:58:00Z,2026-09-16T01:58:00+02:00,55,ajuntament-mercat,237,186,51,21.5
2026-09-15T23:59:00Z,2026-09-16T01:59:00+02:00,53,dr-robert,407,341,66,16.2
2026-09-15T23:59:00Z,2026-09-16T01:59:00+02:00,54,placa-vella,297,216,81,27.3
2026-09-15T23:59:00Z,2026-09-16T01:59:00+02:00,55,ajuntament-mercat,237,186,51,21.5
2026-09-16T00:00:00Z,2026-09-16T02:00:00+02:00,53,dr-robert,407,341,66,16.2
2026-09-16T00:00:00Z,2026-09-16T02:00:00+02:00,54,placa-vella,297,216,81,27.3
2026-09-16T00:00:00Z,2026-09-16T02:00:00+02:00,55,ajuntament-mercat,237,186,51,21.5
2026-09-16T00:01:00Z,2026-09-16T02:01:00+02:00,53,dr-robert,407,341,66,16.2
2026-09-16T00:01:00Z,2026-09-16T02:01:00+02:00,54,placa-vella,297,216,81,27.3
2026-09-16T00:01:00Z,2026-09-16T02:01:00+02:00,55,ajuntament-mercat,237,186,51,21.5
2026-09-16T00:02:00Z,2026-09-16T02:02:00+02:00,53,dr-robert,407,341,66,16.2
2026-09-16T00:02:00Z,2026-09-16T02:02:00+02:00,54,placa-vella,297,216,81,27.3
2026-09-16T00:02:00Z,2026-09-16T02:02:00+02:00,55,ajuntament-mercat,237,186,51,21.5
2026-09-16T00:03:00Z,2026-09-16T02:03:00+02:00,53,dr-robert,407,341,66,16.2
2026-09-16T00:03:00Z,2026-09-16T02:03:00+02:00,54,placa-vella,297,216,81,27.3
2026-09-16T00:03:00Z,2026-09-16T02:03:00+02:00,55,ajuntament-mercat,237,186,51,21.5
2026-09-16T00:04:00Z,2026-09-16T02:04:00+02:00,53,dr-robert,407,341,66,16.2
2026-09-16T00:04:00Z,2026-09-16T02:04:00+02:00,54,placa-vella,297,216,81,27.3
2026-09-16T00:04:00Z,2026-09-16T02:04:00+02:00,55,ajuntament-mercat,237,186,51,21.5
2026-09-16T00:05:00Z,2026-09-16T02:05:00+02:00,53,dr-robert,407,341,66,16.2
2026-09-16T00:05:00Z,2026-09-16T02:05:00+02:00,54,placa-vella,297,216,81,27.3
2026-09-16T00:05:00Z,2026-09-16T02:05:00+02:00,55,ajuntament-mercat,237,186,51,21.5
2026-09-16T00:06:00Z,2026-09-16T02:06:00+02:00,53,dr-robert,407,341,66,16.2
2026-09-16T00:06:00Z,2026-09-16T02:06:00+02:00,54,placa-vella,297,216,81,27.3
2026-09-16T00:06:00Z,2026-09-16T02:06:00+02:00,55,ajuntament-mercat,237,186,51,21.5
2026-09-16T00:07:00Z,2026-09-16T02:07:00+02:00,53,dr-robert,407,342,65,16
2026-09-16T00:07:00Z,2026-09-16T02:07:00+02:00,54,placa-vella,297,216,81,27.3
2026-09-16T00:07:00Z,2026-09-16T02:07:00+02:00,55,ajuntament-mercat,237,186,51,21.5
2026-09-16T00:08:00Z,2026-09-16T02:08:00+02:00,53,dr-robert,407,342,65,16
2026-09-16T00:08:00Z,2026-09-16T02:08:00+02:00,54,placa-vella,297,216,81,27.3
2026-09-16T00:08:00Z,2026-09-16T02:08:00+02:00,55,ajuntament-mercat,237,186,51,21.5
2026-09-16T00:09:00Z,2026-09-16T02:09:00+02:00,53,dr-robert,407,342,65,16
2026-09-16T00:09:00Z,2026-09-16T02:09:00+02:00,54,placa-vella,297,216,81,27.3
2026-09-16T00:09:00Z,2026-09-16T02:09:00+02:00,55,ajuntament-mercat,237,186,51,21.5
2026-09-16T00:10:00Z,2026-09-16T02:10:00+02:00,53,dr-robert,407,342,65,16
2026-09-16T00:10:00Z,2026-09-16T02:10:00+02:00,54,placa-vella,297,216,81,27.3
2026-09-16T00:10:00Z,2026-09-16T02:10:00+02:00,55,ajuntament-mercat,237,186,51,21.5
2026-09-16T00:11:00Z,2026-09-16T02:11:00+02:00,53,dr-robert,407,342,65,16
2026-09-16T00:11:00Z,2026-09-16T02:11:00+02:00,54,placa-vella,297,216,81,27.3
2026-09-16T00:11:00Z,2026-09-16T02:11:00+02:00,55,ajuntament-mercat,237,186,51,21.5
2026-09-16T00:12:00Z,2026-09-16T02:12:00+02:00,53,dr-robert,407,342,65,16
2026-09-16T00:12:00Z,2026-09-16T02:12:00+02:00,54,placa-vella,297,216,81,27.3
2026-09-16T00:12:00Z,2026-09-16T02:12:00+02:00,55,ajuntament-mercat,237,186,51,21.5
2026-09-16T00:13:00Z,2026-09-16T02:13:00+02:00,53,dr-robert,407,342,65,16
2026-09-16T00:13:00Z,2026-09-16T02:13:00+02:00,54,placa-vella,297,216,81,27.3
2026-09-16T00:13:00Z,2026-09-16T02:13:00+02:00,55,ajuntament-mercat,237,186,51,21.5
2026-09-16T00:14:00Z,2026-09-16T02:14:00+02:00,53,dr-robert,407,342,65,16
2026-09-16T00:14:00Z,2026-09-16T02:14:00+02:00,54,placa-vella,297,216,81,27.3
2026-09-16T00:14:00Z,2026-09-16T02:14:00+02:00,55,ajuntament-mercat,237,186,51,21.5
2026-09-16T00:15:00Z,2026-09-16T02:15:00+02:00,53,dr-robert,407,342,65,16
2026-09-16T00:15:00Z,2026-09-16T02:15:00+02:00,54,placa-vella,297,216,81,27.3
2026-09-16T00:15:00Z,2026-09-16T02:15:00+02:00,55,ajuntament-mercat,237,186,51,21.5
2026-09-16T00:16:00Z,2026-09-16T02:16:00+02:00,53,dr-robert,407,342,65,16
2026-09-16T00:16:00Z,2026-09-16T02:16:00+02:00,54,placa-vella,297,216,81,27.3
2026-09-16T00:16:00Z,2026-09-16T02:16:00+02:00,55,ajuntament-mercat,237,186,51,21.5
2026-09-16T00:17:00Z,2026-09-16T02:17:00+02:00,53,dr-robert,407,342,65,16
2026-09-16T00:17:00Z,2026-09-16T02:17:00+02:00,54,placa-vella,297,216,81,27.3
2026-09-16T00:17:00Z,2026-09-16T02:17:00+02:00,55,ajuntament-mercat,237,186,51,21.5
2026-09-16T00:18:00Z,2026-09-16T02:18:00+02:00,53,dr-robert,407,342,65,16
2026-09-16T00:18:00Z,2026-09-16T02:18:00+02:00,54,placa-vella,297,216,81,27.3
2026-09-16T00:18:00Z,2026-09-16T02:18:00+02:00,55,ajuntament-mercat,237,186,51,21.5
2026-09-16T00:19:00Z,2026-09-16T02:19:00+02:00,53,dr-robert,407,342,65,16
2026-09-16T00:19:00Z,2026-09-16T02:19:00+02:00,54,placa-vella,297,216,81,27.3
2026-09-16T00:19:00Z,2026-09-16T02:19:00+02:00,55,ajuntament-mercat,237,186,51,21.5
2026-09-16T00:20:00Z,2026-09-16T02:20:00+02:00,53,dr-robert,407,342,65,16
2026-09-16T00:20:00Z,2026-09-16T02:20:00+02:00,54,placa-vella,297,216,81,27.3
2026-09-16T00:20:00Z,2026-09-16T02:20:00+02:00,55,ajuntament-mercat,237,186,51,21.5
2026-09-16T00:21:00Z,2026-09-16T02:21:00+02:00,53,dr-robert,407,342,65,16
2026-09-16T00:21:00Z,2026-09-16T02:21:00+02:00,54,placa-vella,297,216,81,27.3
2026-09-16T00:21:00Z,2026-09-16T02:21:00+02:00,55,ajuntament-mercat,237,186,51,21.5
2026-09-16T00:22:00Z,2026-09-16T02:22:00+02:00,53,dr-robert,407,342,65,16
2026-09-16T00:22:00Z,2026-09-16T02:22:00+02:00,54,placa-vella,297,216,81,27.3
2026-09-16T00:22:00Z,2026-09-16T02:22:00+02:00,55,ajuntament-mercat,237,186,51,21.5
2026-09-16T00:23:00Z,2026-09-16T02:23:00+02:00,53,dr-robert,407,342,65,16
2026-09-16T00:23:00Z,2026-09-16T02:23:00+02:00,54,placa-vella,297,216,81,27.3
2026-09-16T00:23:00Z,2026-09-16T02:23:00+02:00,55,ajuntament-mercat,237,186,51,21.5
2026-09-16T00:24:00Z,2026-09-16T02:24:00+02:00,53,dr-robert,407,342,65,16
2026-09-16T00:24:00Z,2026-09-16T02:24:00+02:00,54,placa-vella,297,216,81,27.3
2026-09-16T00:24:00Z,2026-09-16T02:24:00+02:00,55,ajuntament-mercat,237,186,51,21.5
2026-09-16T00:25:00Z,2026-09-16T02:25:00+02:00,53,dr-robert,407,342,65,16
2026-09-16T00:25:00Z,2026-09-16T02:25:00+02:00,54,placa-vella,297,218,79,26.6
2026-09-16T00:25:00Z,2026-09-16T02:25:00+02:00,55,ajuntament-mercat,237,186,51,21.5
2026-09-16T00:26:00Z,2026-09-16T02:26:00+02:00,53,dr-robert,407,342,65,16
2026-09-16T00:26:00Z,2026-09-16T02:26:00+02:00,54,placa-vella,297,218,79,26.6
2026-09-16T00:26:00Z,2026-09-16T02:26:00+02:00,55,ajuntament-mercat,237,186,51,21.5
2026-09-16T00:27:00Z,2026-09-16T02:27:00+02:00,53,dr-robert,407,342,65,16
2026-09-16T00:27:00Z,2026-09-16T02:27:00+02:00,54,placa-vella,297,218,79,26.6
2026-09-16T00:27:00Z,2026-09-16T02:27:00+02:00,55,ajuntament-mercat,237,186,51,21.5
2026-09-16T00:28:00Z,2026-09-16T02:28:00+02:00,53,dr-robert,407,342,65,16
2026-09-16T00:28:00Z,2026-09-16T02:28:00+02:00,54,placa-vella,297,218,79,26.6
2026-09-16T00:28:00Z,2026-09-16T02:28:00+02:00,55,ajuntament-mercat,237,186,51,21.5
2026-09-16T00:29:00Z,2026-09-16T02:29:00+02:00,53,dr-robert,407,342,65,16
2026-09-16T00:29:00Z,2026-09-16T02:29:00+02:00,54,placa-vella,297,218,79,26.6
2026-09-16T00:29:00Z,2026-09-16T02:29:00+02:00,55,ajuntament-mercat,237,186,51,21.5
2026-09-16T00:30:00Z,2026-09-16T02:30:00+02:00,53,dr-robert,407,342,65,16
2026-09-16T00:30:00Z,2026-09-16T02:30:00+02:00,54,placa-vella,297,218,79,26.6
2026-09-16T00:30:00Z,2026-09-16T02:30:00+02:00,55,ajuntament-mercat,237,186,51,21.5
2026-09-16T00:31:00Z,2026-09-16T02:31:00+02:00,53,dr-robert,407,342,65,16
2026-09-16T00:31:00Z,2026-09-16T02:31:00+02:00,54,placa-vella,297,218,79,26.6
2026-09-16T00:31:00Z,2026-09-16T02:31:00+02:00,55,ajuntament-mercat,237,186,51,21.5
2026-09-16T00:32:00Z,2026-09-16T02:32:00+02:00,53,dr-robert,407,342,65,16
2026-09-16T00:32:00Z,2026-09-16T02:32:00+02:00,54,placa-vella,297,218,79,26.6
2026-09-16T00:32:00Z,2026-09-16T02:32:00+02:00,55,ajuntament-mercat,237,186,51,21.5
2026-09-16T00:33:00Z,2026-09-16T02:33:00+02:00,53,dr-robert,407,342,65,16
2026-09-16T00:33:00Z,2026-09-16T02:33:00+02:00,54,placa-vella,297,218,79,26.6
2026-09-16T00:33:00Z,2026-09-16T02:33:00+02:00,55,ajuntament-mercat,237,186,51,21.5
2026-09-16T00:34:00Z,2026-09-16T02:34:00+02:00,53,dr-robert,407,342,65,16
2026-09-16T00:34:00Z,2026-09-16T02:34:00+02:00,54,placa-vella,297,218,79,26.6
2026-09-16T00:34:00Z,2026-09-16T02:34:00+02:00,55,ajuntament-mercat,237,186,51,21.5
2026-09-16T00:35:00Z,2026-09-16T02:35:00+02:00,53,dr-robert,407,342,65,16
2026-09-16T00:35:00Z,2026-09-16T02:35:00+02:00,54,placa-vella,297,218,79,26.6
2026-09-16T00:35:00Z,2026-09-16T02:35:00+02:00,55,ajuntament-mercat,237,186,51,21.5
2026-09-16T00:36:00Z,2026-09-16T02:36:00+02:00,53,dr-robert,407,342,65,16
2026-09-16T00:36:00Z,2026-09-16T02:36:00+02:00,54,placa-vella,297,218,79,26.6
2026-09-16T00:36:00Z,2026-09-16T02:36:00+02:00,55,ajuntament-mercat,237,186,51,21.5
2026-09-16T00:37:00Z,2026-09-16T02:37:00+02:00,53,dr-robert,407,342,65,16
2026-09-16T00:37:00Z,2026-09-16T02:37:00+02:00,54,placa-vella,297,218,79,26.6
2026-09-16T00:37:00Z,2026-09-16T02:37:00+02:00,55,ajuntament-mercat,237,186,51,21.5
2026-09-16T00:38:00Z,2026-09-16T02:38:00+02:00,53,dr-robert,407,342,65,16
2026-09-16T00:38:00Z,2026-09-16T02:38:00+02:00,54,placa-vella,297,218,79,26.6
2026-09-16T00:38:00Z,2026-09-16T02:38:00+02:00,55,ajuntament-mercat,237,186,51,21.5
2026-09-16T00:39:00Z,2026-09-16T02:39:00+02:00,53,dr-robert,407,342,65,16
2026-09-16T00:39:00Z,2026-09-16T02:39:00+02:00,54,placa-vella,297,218,79,26.6
2026-09-16T00:39:00Z,2026-09-16T02:39:00+02:00,55,ajuntament-mercat,237,186,51,21.5
2026-09-16T00:40:00Z,2026-09-16T02:40:00+02:00,53,dr-robert,407,342,65,16
2026-09-16T00:40:00Z,2026-09-16T02:40:00+02:00,54,placa-vella,297,218,79,26.6
2026-09-16T00:40:00Z,2026-09-16T02:40:00+02:00,55,ajuntament-mercat,237,186,51,21.5
2026-09-16T00:41:00Z,2026-09-16T02:41:00+02:00,53,dr-robert,407,342,65,16
2026-09-16T00:41:00Z,2026-09-16T02:41:00+02:00,54,placa-vella,297,218,79,26.6
2026-09-16T00:41:00Z,2026-09-16T02:41:00+02:00,55,ajuntament-mercat,237,186,51,21.5
2026-09-16T00:42:00Z,2026-09-16T02:42:00+02:00,53,dr-robert,407,342,65,16
2026-09-16T00:42:00Z,2026-09-16T02:42:00+02:00,54,placa-vella,297,218,79,26.6
2026-09-16T00:42:00Z,2026-09-16T02:42:00+02:00,55,ajuntament-mercat,237,186,51,21.5
2026-09-16T00:43:00Z,2026-09-16T02:43:00+02:00,53,dr-robert,407,342,65,16
2026-09-16T00:43:00Z,2026-09-16T02:43:00+02:00,54,placa-vella,297,218,79,26.6
2026-09-16T00:43:00Z,2026-09-16T02:43:00+02:00,55,ajuntament-mercat,237,186,51,21.5
2026-09-16T00:44:00Z,2026-09-16T02:44:00+02:00,53,dr-robert,407,342,65,16
2026-09-16T00:44:00Z,2026-09-16T02:44:00+02:00,54,placa-vella,297,218,79,26.6
2026-09-16T00:44:00Z,2026-09-16T02:44:00+02:00,55,ajuntament-mercat,237,186,51,21.5
2026-09-16T00:45:00Z,2026-09-16T02:45:00+02:00,53,dr-robert,407,342,65,16
2026-09-16T00:45:00Z,2026-09-16T02:45:00+02:00,54,placa-vella,297,218,79,26.6
2026-09-16T00:45:00Z,2026-09-16T02:45:00+02:00,55,ajuntament-mercat,237,186,51,21.5
2026-09-16T00:46:00Z,2026-09-16T02:46:00+02:00,53,dr-robert,407,342,65,16
2026-09-16T00:46:00Z,2026-09-16T02:46:00+02:00,54,placa-vella,297,218,79,26.6
2026-09-16T00:46:00Z,2026-09-16T02:46:00+02:00,55,ajuntament-mercat,237,186,51,21.5
2026-09-16T00:47:00Z,2026-09-16T02:47:00+02:00,53,dr-robert,407,342,65,16
2026-09-16T00:47:00Z,2026-09-16T02:47:00+02:00,54,placa-vella,297,218,79,26.6
2026-09-16T00:47:00Z,2026-09-16T02:47:00+02:00,55,ajuntament-mercat,237,186,51,21.5
2026-09-16T00:48:00Z,2026-09-16T02:48:00+02:00,53,dr-robert,407,342,65,16
2026-09-16T00:48:00Z,2026-09-16T02:48:00+02:00,54,placa-vella,297,218,79,26.6
2026-09-16T00:48:00Z,2026-09-16T02:48:00+02:00,55,ajuntament-mercat,237,186,51,21.5
2026-09-16T00:49:00Z,2026-09-16T02:49:00+02:00,53,dr-robert,407,342,65,16
2026-09-16T00:49:00Z,2026-09-16T02:49:00+02:00,54,placa-vella,297,218,79,26.6
2026-09-16T00:49:00Z,2026-09-16T02:49:00+02:00,55,ajuntament-mercat,237,186,51,21.5
2026-09-16T00:50:00Z,2026-09-16T02:50:00+02:00,53,dr-robert,407,342,65,16
2026-09-16T00:50:00Z,2026-09-16T02:50:00+02:00,54,placa-vella,297,218,79,26.6
2026-09-16T00:50:00Z,2026-09-16T02:50:00+02:00,55,ajuntament-mercat,237,186,51,21.5
2026-09-16T00:51:00Z,2026-09-16T02:51:00+02:00,53,dr-robert,407,342,65,16
2026-09-16T00:51:00Z,2026-09-16T02:51:00+02:00,54,placa-vella,297,218,79,26.6
2026-09-16T00:51:00Z,2026-09-16T02:51:00+02:00,55,ajuntament-mercat,237,186,51,21.5
2026-09-16T00:52:00Z,2026-09-16T02:52:00+02:00,53,dr-robert,407,342,65,16
2026-09-16T00:52:00Z,2026-09-16T02:52:00+02:00,54,placa-vella,297,218,79,26.6
2026-09-16T00:52:00Z,2026-09-16T02:52:00+02:00,55,ajuntament-mercat,237,186,51,21.5
2026-09-16T00:53:00Z,2026-09-16T02:53:00+02:00,53,dr-robert,407,342,65,16
2026-09-16T00:53:00Z,2026-09-16T02:53:00+02:00,54,placa-vella,297,218,79,26.6
2026-09-16T00:53:00Z,2026-09-16T02:53:00+02:00,55,ajuntament-mercat,237,186,51,21.5
2026-09-16T00:54:00Z,2026-09-16T02:54:00+02:00,53,dr-robert,407,342,65,16
2026-09-16T00:54:00Z,2026-09-16T02:54:00+02:00,54,placa-vella,297,218,79,26.6
2026-09-16T00:54:00Z,2026-09-16T02:54:00+02:00,55,ajuntament-mercat,237,186,51,21.5
2026-09-16T00:55:00Z,2026-09-16T02:55:00+02:00,53,dr-robert,407,342,65,16
2026-09-16T00:55:00Z,2026-09-16T02:55:00+02:00,54,placa-vella,297,218,79,26.6
2026-09-16T00:55:00Z,2026-09-16T02:55:00+02:00,55,ajuntament-mercat,237,186,51,21.5
2026-09-16T00:56:00Z,2026-09-16T02:56:00+02:00,53,dr-robert,407,342,65,16
2026-09-16T00:56:00Z,2026-09-16T02:56:00+02:00,54,placa-vella,297,218,79,26.6
2026-09-16T00:56:00Z,2026-09-16T02:56:00+02:00,55,ajuntament-mercat,237,186,51,21.5
2026-09-16T00:57:00Z,2026-09-16T02:57:00+02:00,53,dr-robert,407,342,65,16
2026-09-16T00:57:00Z,2026-09-16T02:57:00+02:00,54,placa-vella,297,218,79,26.6
2026-09-16T00:57:00Z,2026-09-16T02:57:00+02:00,55,ajuntament-mercat,237,186,51,21.5
2026-09-16T00:58:00Z,2026-09-16T02:58:00+02:00,53,dr-robert,407,342,65,16
2026-09-16T00:58:00Z,2026-09-16T02:58:00+02:00,54,placa-vella,297,218,79,26.6
2026-09-16T00:58:00Z,2026-09-16T02:58:00+02:00,55,ajuntament-mercat,237,186,51,21.5
2026-09-16T00:59:00Z,2026-09-16T02:59:00+02:00,53,dr-robert,407,342,65,16
2026-09-16T00:59:00Z,2026-09-16T02:59:00+02:00,54,placa-vella,297,218,79,26.6
2026-09-16T00:59:00Z,2026-09-16T02:59:00+02:00,55,ajuntament-mercat,237,186,51,21.5
2026-09-16T01:00:00Z,2026-09-16T03:00:00+02:00,53,dr-robert,407,342,65,16
2026-09-16T01:00:00Z,2026-09-16T03:00:00+02:00,54,placa-vella,297,218,79,26.6
2026-09-16T01:00:00Z,2026-09-16T03:00:00+02:00,55,ajuntament-mercat,237,186,51,21.5
2026-09-16T01:01:00Z,2026-09-16T03:01:00+02:00,53,dr-robert,407,342,65,16
2026-09-16T01:01:00Z,2026-09-16T03:01:00+02:00,54,placa-vella,297,218,79,26.6
2026-09-16T01:01:00Z,2026-09-16T03:01:00+02:00,55,ajuntament-mercat,237,186,51,21.5
2026-09-16T01:02:00Z,2026-09-16T03:02:00+02:00,53,dr-robert,407,343,64,15.7
2026-09-16T01:02:00Z,2026-09-16T03:02:00+02:00,54,placa-vella,297,219,78,26.3
2026-09-16T01:02:00Z,2026-09-16T03:02:00+02:00,55,ajuntament-mercat,237,186,51,21.5
2026-09-16T01:03:00Z,2026-09-16T03:03:00+02:00,53,dr-robert,407,343,64,15.7
2026-09-16T01:03:00Z,2026-09-16T03:03:00+02:00,54,placa-vella,297,219,78,26.3
2026-09-16T01:03:00Z,2026-09-16T03:03:00+02:00,55,ajuntament-mercat,237,186,51,21.5
2026-09-16T01:04:00Z,2026-09-16T03:04:00+02:00,53,dr-robert,407,343,64,15.7
2026-09-16T01:04:00Z,2026-09-16T03:04:00+02:00,54,placa-vella,297,219,78,26.3
2026-09-16T01:04:00Z,2026-09-16T03:04:00+02:00,55,ajuntament-mercat,237,186,51,21.5
2026-09-16T01:05:00Z,2026-09-16T03:05:00+02:00,53,dr-robert,407,343,64,15.7
2026-09-16T01:05:00Z,2026-09-16T03:05:00+02:00,54,placa-vella,297,219,78,26.3
2026-09-16T01:05:00Z,2026-09-16T03:05:00+02:00,55,ajuntament-mercat,237,186,51,21.5
2026-09-16T01:06:00Z,2026-09-16T03:06:00+02:00,53,dr-robert,407,343,64,15.7
2026-09-16T01:06:00Z,2026-09-16T03:06:00+02:00,54,placa-vella,297,219,78,26.3
2026-09-16T01:06:00Z,2026-09-16T03:06:00+02:00,55,ajuntament-mercat,237,186,51,21.5
2026-09-16T01:07:00Z,2026-09-16T03:07:00+02:00,53,dr-robert,407,343,64,15.7
2026-09-16T01:07:00Z,2026-09-16T03:07:00+02:00,54,placa-vella,297,219,78,26.3
2026-09-16T01:07:00Z,2026-09-16T03:07:00+02:00,55,ajuntament-mercat,237,186,51,21.5
2026-09-16T01:08:00Z,2026-09-16T03:08:00+02:00,53,dr-robert,407,343,64,15.7
2026-09-16T01:08:00Z,2026-09-16T03:08:00+02:00,54,placa-vella,297,219,78,26.3
2026-09-16T01:08:00Z,2026-09-16T03:08:00+02:00,55,ajuntament-mercat,237,186,51,21.5
2026-09-16T01:09:00Z,2026-09-16T03:09:00+02:00,53,dr-robert,407,343,64,15.7
2026-09-16T01:09:00Z,2026-09-16T03:09:00+02:00,54,placa-vella,297,219,78,26.3
2026-09-16T01:09:00Z,2026-09-16T03:09:00+02:00,55,ajuntament-mercat,237,186,51,21.5
2026-09-16T01:10:00Z,2026-09-16T03:10:00+02:00,53,dr-robert,407,343,64,15.7
2026-09-16T01:10:00Z,2026-09-16T03:10:00+02:00,54,placa-vella,297,219,78,26.3
2026-09-16T01:10:00Z,2026-09-16T03:10:00+02:00,55,ajuntament-mercat,237,186,51,21.5
2026-09-16T01:11:00Z,2026-09-16T03:11:00+02:00,53,dr-robert,407,343,64,15.7
2026-09-16T01:11:00Z,2026-09-16T03:11:00+02:00,54,placa-vella,297,219,78,26.3
2026-09-16T01:11:00Z,2026-09-16T03:11:00+02:00,55,ajuntament-mercat,237,186,51,21.5
2026-09-16T01:12:00Z,2026-09-16T03:12:00+02:00,53,dr-robert,407,343,64,15.7
2026-09-16T01:12:00Z,2026-09-16T03:12:00+02:00,54,placa-vella,297,219,78,26.3
2026-09-16T01:12:00Z,2026-09-16T03:12:00+02:00,55,ajuntament-mercat,237,186,51,21.5
2026-09-16T01:13:00Z,2026-09-16T03:13:00+02:00,53,dr-robert,407,343,64,15.7
2026-09-16T01:13:00Z,2026-09-16T03:13:00+02:00,54,placa-vella,297,219,78,26.3
2026-09-16T01:13:00Z,2026-09-16T03:13:00+02:00,55,ajuntament-mercat,237,186,51,21.5
2026-09-16T01:14:00Z,2026-09-16T03:14:00+02:00,53,dr-robert,407,343,64,15.7
2026-09-16T01:14:00Z,2026-09-16T03:14:00+02:00,54,placa-vella,297,219,78,26.3
2026-09-16T01:14:00Z,2026-09-16T03:14:00+02:00,55,ajuntament-mercat,237,186,51,21.5
2026-09-16T01:15:00Z,2026-09-16T03:15:00+02:00,53,dr-robert,407,343,64,15.7
2026-09-16T01:15:00Z,2026-09-16T03:15:00+02:00,54,placa-vella,297,219,78,26.3
2026-09-16T01:15:00Z,2026-09-16T03:15:00+02:00,55,ajuntament-mercat,237,186,51,21.5
2026-09-16T01:16:00Z,2026-09-16T03:16:00+02:00,53,dr-robert,407,343,64,15.7
2026-09-16T01:16:00Z,2026-09-16T03:16:00+02:00,54,placa-vella,297,219,78,26.3
2026-09-16T01:16:00Z,2026-09-16T03:16:00+02:00,55,ajuntament-mercat,237,186,51,21.5
2026-09-16T01:17:00Z,2026-09-16T03:17:00+02:00,53,dr-robert,407,343,64,15.7
2026-09-16T01:17:00Z,2026-09-16T03:17:00+02:00,54,placa-vella,297,219,78,26.3
2026-09-16T01:17:00Z,2026-09-16T03:17:00+02:00,55,ajuntament-mercat,237,186,51,21.5
2026-09-16T01:18:00Z,2026-09-16T03:18:00+02:00,53,dr-robert,407,343,64,15.7
2026-09-16T01:18:00Z,2026-09-16T03:18:00+02:00,54,placa-vella,297,219,78,26.3
2026-09-16T01:18:00Z,2026-09-16T03:18:00+02:00,55,ajuntament-mercat,237,186,51,21.5
2026-09-16T01:19:00Z,2026-09-16T03:19:00+02:00,53,dr-robert,407,343,64,15.7
2026-09-16T01:19:00Z,2026-09-16T03:19:00+02:00,54,placa-vella,297,219,78,26.3
2026-09-16T01:19:00Z,2026-09-16T03:19:00+02:00,55,ajuntament-mercat,237,186,51,21.5
2026-09-16T01:20:00Z,2026-09-16T03:20:00+02:00,53,dr-robert,407,343,64,15.7
2026-09-16T01:20:00Z,2026-09-16T03:20:00+02:00,54,placa-vella,297,219,78,26.3
2026-09-16T01:20:00Z,2026-09-16T03:20:00+02:00,55,ajuntament-mercat,237,186,51,21.5
2026-09-16T01:21:00Z,2026-09-16T03:21:00+02:00,53,dr-robert,407,343,64,15.7
2026-09-16T01:21:00Z,2026-09-16T03:21:00+02:00,54,placa-vella,297,219,78,26.3
2026-09-16T01:21:00Z,2026-09-16T03:21:00+02:00,55,ajuntament-mercat,237,186,51,21.5
2026-09-16T01:22:00Z,2026-09-16T03:22:00+02:00,53,dr-robert,407,343,64,15.7
2026-09-16T01:22:00Z,2026-09-16T03:22:00+02:00,54,placa-vella,297,219,78,26.3
2026-09-16T01:22:00Z,2026-09-16T03:22:00+02:00,55,ajuntament-mercat,237,186,51,21.5
2026-09-16T01:23:00Z,2026-09-16T03:23:00+02:00,53,dr-robert,407,343,64,15.7
2026-09-16T01:23:00Z,2026-09-16T03:23:00+02:00,54,placa-vella,297,219,78,26.3
2026-09-16T01:23:00Z,2026-09-16T03:23:00+02:00,55,ajuntament-mercat,237,186,51,21.5
2026-09-16T01:24:00Z,2026-09-16T03:24:00+02:00,53,dr-robert,407,343,64,15.7
2026-09-16T01:24:00Z,2026-09-16T03:24:00+02:00,54,placa-vella,297,219,78,26.3
2026-09-16T01:24:00Z,2026-09-16T03:24:00+02:00,55,ajuntament-mercat,237,186,51,21.5
2026-09-16T01:25:00Z,2026-09-16T03:25:00+02:00,53,dr-robert,407,343,64,15.7
2026-09-16T01:25:00Z,2026-09-16T03:25:00+02:00,54,placa-vella,297,219,78,26.3
2026-09-16T01:25:00Z,2026-09-16T03:25:00+02:00,55,ajuntament-mercat,237,186,51,21.5
2026-09-16T01:26:00Z,2026-09-16T03:26:00+02:00,53,dr-robert,407,343,64,15.7
2026-09-16T01:26:00Z,2026-09-16T03:26:00+02:00,54,placa-vella,297,219,78,26.3
2026-09-16T01:26:00Z,2026-09-16T03:26:00+02:00,55,ajuntament-mercat,237,186,51,21.5
2026-09-16T01:27:00Z,2026-09-16T03:27:00+02:00,53,dr-robert,407,343,64,15.7
2026-09-16T01:27:00Z,2026-09-16T03:27:00+02:00,54,placa-vella,297,219,78,26.3
2026-09-16T01:27:00Z,2026-09-16T03:27:00+02:00,55,ajuntament-mercat,237,186,51,21.5
2026-09-16T01:28:00Z,2026-09-16T03:28:00+02:00,53,dr-robert,407,343,64,15.7
2026-09-16T01:28:00Z,2026-09-16T03:28:00+02:00,54,placa-vella,297,219,78,26.3
2026-09-16T01:28:00Z,2026-09-16T03:28:00+02:00,55,ajuntament-mercat,237,186,51,21.5
2026-09-16T01:29:00Z,2026-09-16T03:29:00+02:00,53,dr-robert,407,343,64,15.7
2026-09-16T01:29:00Z,2026-09-16T03:29:00+02:00,54,placa-vella,297,219,78,26.3
2026-09-16T01:29:00Z,2026-09-16T03:29:00+02:00,55,ajuntament-mercat,237,186,51,21.5
2026-09-16T01:30:00Z,2026-09-16T03:30:00+02:00,53,dr-robert,407,343,64,15.7
2026-09-16T01:30:00Z,2026-09-16T03:30:00+02:00,54,placa-vella,297,219,78,26.3
2026-09-16T01:30:00Z,2026-09-16T03:30:00+02:00,55,ajuntament-mercat,237,186,51,21.5
2026-09-16T01:31:00Z,2026-09-16T03:31:00+02:00,53,dr-robert,407,343,64,15.7
2026-09-16T01:31:00Z,2026-09-16T03:31:00+02:00,54,placa-vella,297,219,78,26.3
2026-09-16T01:31:00Z,2026-09-16T03:31:00+02:00,55,ajuntament-mercat,237,186,51,21.5
2026-09-16T01:32:00Z,2026-09-16T03:32:00+02:00,53,dr-robert,407,343,64,15.7
2026-09-16T01:32:00Z,2026-09-16T03:32:00+02:00,54,placa-vella,297,219,78,26.3
2026-09-16T01:32:00Z,2026-09-16T03:32:00+02:00,55,ajuntament-mercat,237,186,51,21.5
2026-09-16T01:33:00Z,2026-09-16T03:33:00+02:00,53,dr-robert,407,343,64,15.7
2026-09-16T01:33:00Z,2026-09-16T03:33:00+02:00,54,placa-vella,297,219,78,26.3
2026-09-16T01:33:00Z,2026-09-16T03:33:00+02:00,55,ajuntament-mercat,237,186,51,21.5
2026-09-16T01:34:00Z,2026-09-16T03:34:00+02:00,53,dr-robert,407,343,64,15.7
2026-09-16T01:34:00Z,2026-09-16T03:34:00+02:00,54,placa-vella,297,219,78,26.3
2026-09-16T01:34:00Z,2026-09-16T03:34:00+02:00,55,ajuntament-mercat,237,186,51,21.5
2026-09-16T01:35:00Z,2026-09-16T03:35:00+02:00,53,dr-robert,407,343,64,15.7
2026-09-16T01:35:00Z,2026-09-16T03:35:00+02:00,54,placa-vella,297,219,78,26.3
2026-09-16T01:35:00Z,2026-09-16T03:35:00+02:00,55,ajuntament-mercat,237,186,51,21.5
2026-09-16T01:36:00Z,2026-09-16T03:36:00+02:00,53,dr-robert,407,343,64,15.7
2026-09-16T01:36:00Z,2026-09-16T03:36:00+02:00,54,placa-vella,297,219,78,26.3
2026-09-16T01:36:00Z,2026-09-16T03:36:00+02:00,55,ajuntament-mercat,237,186,51,21.5
2026-09-16T01:37:00Z,2026-09-16T03:37:00+02:00,53,dr-robert,407,343,64,15.7
2026-09-16T01:37:00Z,2026-09-16T03:37:00+02:00,54,placa-vella,297,219,78,26.3
2026-09-16T01:37:00Z,2026-09-16T03:37:00+02:00,55,ajuntament-mercat,237,186,51,21.5
2026-09-16T01:38:00Z,2026-09-16T03:38:00+02:00,53,dr-robert,407,343,64,15.7
2026-09-16T01:38:00Z,2026-09-16T03:38:00+02:00,54,placa-vella,297,219,78,26.3
2026-09-16T01:38:00Z,2026-09-16T03:38:00+02:00,55,ajuntament-mercat,237,186,51,21.5
2026-09-16T01:39:00Z,2026-09-16T03:39:00+02:00,53,dr-robert,407,343,64,15.7
2026-09-16T01:39:00Z,2026-09-16T03:39:00+02:00,54,placa-vella,297,219,78,26.3
2026-09-16T01:39:00Z,2026-09-16T03:39:00+02:00,55,ajuntament-mercat,237,186,51,21.5
2026-09-16T01:40:00Z,2026-09-16T03:40:00+02:00,53,dr-robert,407,343,64,15.7
2026-09-16T01:40:00Z,2026-09-16T03:40:00+02:00,54,placa-vella,297,219,78,26.3
2026-09-16T01:40:00Z,2026-09-16T03:40:00+02:00,55,ajuntament-mercat,237,186,51,21.5
2026-09-16T01:41:00Z,2026-09-16T03:41:00+02:00,53,dr-robert,407,343,64,15.7
2026-09-16T01:41:00Z,2026-09-16T03:41:00+02:00,54,placa-vella,297,219,78,26.3
2026-09-16T01:41:00Z,2026-09-16T03:41:00+02:00,55,ajuntament-mercat,237,186,51,21.5
2026-09-16T01:42:00Z,2026-09-16T03:42:00+02:00,53,dr-robert,407,343,64,15.7
2026-09-16T01:42:00Z,2026-09-16T03:42:00+02:00,54,placa-vella,297,219,78,26.3
2026-09-16T01:42:00Z,2026-09-16T03:42:00+02:00,55,ajuntament-mercat,237,186,51,21.5
2026-09-16T01:43:00Z,2026-09-16T03:43:00+02:00,53,dr-robert,407,343,64,15.7
2026-09-16T01:43:00Z,2026-09-16T03:43:00+02:00,54,placa-vella,297,219,78,26.3
2026-09-16T01:43:00Z,2026-09-16T03:43:00+02:00,55,ajuntament-mercat,237,186,51,21.5
2026-09-16T01:44:00Z,2026-09-16T03:44:00+02:00,53,dr-robert,407,343,64,15.7
2026-09-16T01:44:00Z,2026-09-16T03:44:00+02:00,54,placa-vella,297,219,78,26.3
2026-09-16T01:44:00Z,2026-09-16T03:44:00+02:00,55,ajuntament-mercat,237,186,51,21.5
2026-09-16T01:45:00Z,2026-09-16T03:45:00+02:00,53,dr-robert,407,343,64,15.7
2026-09-16T01:45:00Z,2026-09-16T03:45:00+02:00,54,placa-vella,297,219,78,26.3
2026-09-16T01:45:00Z,2026-09-16T03:45:00+02:00,55,ajuntament-mercat,237,186,51,21.5
2026-09-16T01:46:00Z,2026-09-16T03:46:00+02:00,53,dr-robert,407,343,64,15.7
2026-09-16T01:46:00Z,2026-09-16T03:46:00+02:00,54,placa-vella,297,219,78,26.3
2026-09-16T01:46:00Z,2026-09-16T03:46:00+02:00,55,ajuntament-mercat,237,186,51,21.5
2026-09-16T01:47:00Z,2026-09-16T03:47:00+02:00,53,dr-robert,407,343,64,15.7
2026-09-16T01:47:00Z,2026-09-16T03:47:00+02:00,54,placa-vella,297,219,78,26.3
2026-09-16T01:47:00Z,2026-09-16T03:47:00+02:00,55,ajuntament-mercat,237,186,51,21.5
2026-09-16T01:48:00Z,2026-09-16T03:48:00+02:00,53,dr-robert,407,343,64,15.7
2026-09-16T01:48:00Z,2026-09-16T03:48:00+02:00,54,placa-vella,297,219,78,26.3
2026-09-16T01:48:00Z,2026-09-16T03:48:00+02:00,55,ajuntament-mercat,237,186,51,21.5
2026-09-16T01:49:00Z,2026-09-16T03:49:00+02:00,53,dr-robert,407,343,64,15.7
2026-09-16T01:49:00Z,2026-09-16T03:49:00+02:00,54,placa-vella,297,219,78,26.3
2026-09-16T01:49:00Z,2026-09-16T03:49:00+02:00,55,ajuntament-mercat,237,186,51,21.5
2026-09-16T01:50:00Z,2026-09-16T03:50:00+02:00,53,dr-robert,407,343,64,15.7
2026-09-16T01:50:00Z,2026-09-16T03:50:00+02:00,54,placa-vella,297,219,78,26.3
2026-09-16T01:50:00Z,2026-09-16T03:50:00+02:00,55,ajuntament-mercat,237,186,51,21.5
2026-09-16T01:51:00Z,2026-09-16T03:51:00+02:00,53,dr-robert,407,343,64,15.7
2026-09-16T01:51:00Z,2026-09-16T03:51:00+02:00,54,placa-vella,297,219,78,26.3
2026-09-16T01:51:00Z,2026-09-16T03:51:00+02:00,55,ajuntament-mercat,237,186,51,21.5
2026-09-16T01:52:00Z,2026-09-16T03:52:00+02:00,53,dr-robert,407,343,64,15.7
2026-09-16T01:52:00Z,2026-09-16T03:52:00+02:00,54,placa-vella,297,219,78,26.3
2026-09-16T01:52:00Z,2026-09-16T03:52:00+02:00,55,ajuntament-mercat,237,186,51,21.5
2026-09-16T01:53:00Z,2026-09-16T03:53:00+02:00,53,dr-robert,407,343,64,15.7
2026-09-16T01:53:00Z,2026-09-16T03:53:00+02:00,54,placa-vella,297,219,78,26.3
2026-09-16T01:53:00Z,2026-09-16T03:53:00+02:00,55,ajuntament-mercat,237,186,51,21.5
2026-09-16T01:54:00Z,2026-09-16T03:54:00+02:00,53,dr-robert,407,343,64,15.7
2026-09-16T01:54:00Z,2026-09-16T03:54:00+02:00,54,placa-vella,297,219,78,26.3
2026-09-16T01:54:00Z,2026-09-16T03:54:00+02:00,55,ajuntament-mercat,237,186,51,21.5
2026-09-16T01:55:00Z,2026-09-16T03:55:00+02:00,53,dr-robert,407,344,63,15.5
2026-09-16T01:55:00Z,2026-09-16T03:55:00+02:00,54,placa-vella,297,219,78,26.3
2026-09-16T01:55:00Z,2026-09-16T03:55:00+02:00,55,ajuntament-mercat,237,186,51,21.5
2026-09-16T01:56:00Z,2026-09-16T03:56:00+02:00,53,dr-robert,407,344,63,15.5
2026-09-16T01:56:00Z,2026-09-16T03:56:00+02:00,54,placa-vella,297,219,78,26.3
2026-09-16T01:56:00Z,2026-09-16T03:56:00+02:00,55,ajuntament-mercat,237,186,51,21.5
2026-09-16T01:57:00Z,2026-09-16T03:57:00+02:00,53,dr-robert,407,344,63,15.5
2026-09-16T01:57:00Z,2026-09-16T03:57:00+02:00,54,placa-vella,297,219,78,26.3
2026-09-16T01:57:00Z,2026-09-16T03:57:00+02:00,55,ajuntament-mercat,237,186,51,21.5
2026-09-16T01:58:00Z,2026-09-16T03:58:00+02:00,53,dr-robert,407,344,63,15.5
2026-09-16T01:58:00Z,2026-09-16T03:58:00+02:00,54,placa-vella,297,219,78,26.3
2026-09-16T01:58:00Z,2026-09-16T03:58:00+02:00,55,ajuntament-mercat,237,186,51,21.5
2026-09-16T01:59:00Z,2026-09-16T03:59:00+02:00,53,dr-robert,407,344,63,15.5
2026-09-16T01:59:00Z,2026-09-16T03:59:00+02:00,54,placa-vella,297,219,78,26.3
2026-09-16T01:59:00Z,2026-09-16T03:59:00+02:00,55,ajuntament-mercat,237,186,51,21.5
2026-09-16T02:00:00Z,2026-09-16T04:00:00+02:00,53,dr-robert,407,344,63,15.5
2026-09-16T02:00:00Z,2026-09-16T04:00:00+02:00,54,placa-vella,297,219,78,26.3
2026-09-16T02:00:00Z,2026-09-16T04:00:00+02:00,55,ajuntament-mercat,237,186,51,21.5
2026-09-16T02:01:00Z,2026-09-16T04:01:00+02:00,53,dr-robert,407,344,63,15.5
2026-09-16T02:01:00Z,2026-09-16T04:01:00+02:00,54,placa-vella,297,219,78,26.3
2026-09-16T02:01:00Z,2026-09-16T04:01:00+02:00,55,ajuntament-mercat,237,186,51,21.5
2026-09-16T02:02:00Z,2026-09-16T04:02:00+02:00,53,dr-robert,407,344,63,15.5
2026-09-16T02:02:00Z,2026-09-16T04:02:00+02:00,54,placa-vella,297,219,78,26.3
2026-09-16T02:02:00Z,2026-09-16T04:02:00+02:00,55,ajuntament-mercat,237,186,51,21.5
2026-09-16T02:03:00Z,2026-09-16T04:03:00+02:00,53,dr-robert,407,344,63,15.5
2026-09-16T02:03:00Z,2026-09-16T04:03:00+02:00,54,placa-vella,297,219,78,26.3
2026-09-16T02:03:00Z,2026-09-16T04:03:00+02:00,55,ajuntament-mercat,237,186,51,21.5
2026-09-16T02:04:00Z,2026-09-16T04:04:00+02:00,53,dr-robert,407,345,62,15.2
2026-09-16T02:04:00Z,2026-09-16T04:04:00+02:00,54,placa-vella,297,219,78,26.3
2026-09-16T02:04:00Z,2026-09-16T04:04:00+02:00,55,ajuntament-mercat,237,186,51,21.5
2026-09-16T02:05:00Z,2026-09-16T04:05:00+02:00,53,dr-robert,407,345,62,15.2
2026-09-16T02:05:00Z,2026-09-16T04:05:00+02:00,54,placa-vella,297,219,78,26.3
2026-09-16T02:05:00Z,2026-09-16T04:05:00+02:00,55,ajuntament-mercat,237,186,51,21.5
2026-09-16T02:06:00Z,2026-09-16T04:06:00+02:00,53,dr-robert,407,345,62,15.2
2026-09-16T02:06:00Z,2026-09-16T04:06:00+02:00,54,placa-vella,297,219,78,26.3
2026-09-16T02:06:00Z,2026-09-16T04:06:00+02:00,55,ajuntament-mercat,237,186,51,21.5
2026-09-16T02:07:00Z,2026-09-16T04:07:00+02:00,53,dr-robert,407,345,62,15.2
2026-09-16T02:07:00Z,2026-09-16T04:07:00+02:00,54,placa-vella,297,219,78,26.3
2026-09-16T02:07:00Z,2026-09-16T04:07:00+02:00,55,ajuntament-mercat,237,186,51,21.5
2026-09-16T02:08:00Z,2026-09-16T04:08:00+02:00,53,dr-robert,407,345,62,15.2
2026-09-16T02:08:00Z,2026-09-16T04:08:00+02:00,54,placa-vella,297,219,78,26.3
2026-09-16T02:08:00Z,2026-09-16T04:08:00+02:00,55,ajuntament-mercat,237,186,51,21.5
2026-09-16T02:09:00Z,2026-09-16T04:09:00+02:00,53,dr-robert,407,345,62,15.2
2026-09-16T02:09:00Z,2026-09-16T04:09:00+02:00,54,placa-vella,297,219,78,26.3
2026-09-16T02:09:00Z,2026-09-16T04:09:00+02:00,55,ajuntament-mercat,237,186,51,21.5
2026-09-16T02:10:00Z,2026-09-16T04:10:00+02:00,53,dr-robert,407,345,62,15.2
2026-09-16T02:10:00Z,2026-09-16T04:10:00+02:00,54,placa-vella,297,219,78,26.3
2026-09-16T02:10:00Z,2026-09-16T04:10:00+02:00,55,ajuntament-mercat,237,186,51,21.5
2026-09-16T02:11:00Z,2026-09-16T04:11:00+02:00,53,dr-robert,407,345,62,15.2
2026-09-16T02:11:00Z,2026-09-16T04:11:00+02:00,54,placa-vella,297,219,78,26.3
2026-09-16T02:11:00Z,2026-09-16T04:11:00+02:00,55,ajuntament-mercat,237,186,51,21.5
2026-09-16T02:12:00Z,2026-09-16T04:12:00+02:00,53,dr-robert,407,345,62,15.2
2026-09-16T02:12:00Z,2026-09-16T04:12:00+02:00,54,placa-vella,297,219,78,26.3
2026-09-16T02:12:00Z,2026-09-16T04:12:00+02:00,55,ajuntament-mercat,237,186,51,21.5
2026-09-16T02:13:00Z,2026-09-16T04:13:00+02:00,53,dr-robert,407,345,62,15.2
2026-09-16T02:13:00Z,2026-09-16T04:13:00+02:00,54,placa-vella,297,219,78,26.3
2026-09-16T02:13:00Z,2026-09-16T04:13:00+02:00,55,ajuntament-mercat,237,186,51,21.5
2026-09-16T02:14:00Z,2026-09-16T04:14:00+02:00,53,dr-robert,407,345,62,15.2
2026-09-16T02:14:00Z,2026-09-16T04:14:00+02:00,54,placa-vella,297,219,78,26.3
2026-09-16T02:14:00Z,2026-09-16T04:14:00+02:00,55,ajuntament-mercat,237,186,51,21.5
2026-09-16T02:15:00Z,2026-09-16T04:15:00+02:00,53,dr-robert,407,345,62,15.2
2026-09-16T02:15:00Z,2026-09-16T04:15:00+02:00,54,placa-vella,297,219,78,26.3
2026-09-16T02:15:00Z,2026-09-16T04:15:00+02:00,55,ajuntament-mercat,237,186,51,21.5
2026-09-16T02:16:00Z,2026-09-16T04:16:00+02:00,53,dr-robert,407,345,62,15.2
2026-09-16T02:16:00Z,2026-09-16T04:16:00+02:00,54,placa-vella,297,219,78,26.3
2026-09-16T02:16:00Z,2026-09-16T04:16:00+02:00,55,ajuntament-mercat,237,186,51,21.5
2026-09-16T02:17:00Z,2026-09-16T04:17:00+02:00,53,dr-robert,407,345,62,15.2
2026-09-16T02:17:00Z,2026-09-16T04:17:00+02:00,54,placa-vella,297,219,78,26.3
2026-09-16T02:17:00Z,2026-09-16T04:17:00+02:00,55,ajuntament-mercat,237,186,51,21.5
2026-09-16T02:18:00Z,2026-09-16T04:18:00+02:00,53,dr-robert,407,345,62,15.2
2026-09-16T02:18:00Z,2026-09-16T04:18:00+02:00,54,placa-vella,297,219,78,26.3
2026-09-16T02:18:00Z,2026-09-16T04:18:00+02:00,55,ajuntament-mercat,237,186,51,21.5
2026-09-16T02:19:00Z,2026-09-16T04:19:00+02:00,53,dr-robert,407,345,62,15.2
2026-09-16T02:19:00Z,2026-09-16T04:19:00+02:00,54,placa-vella,297,219,78,26.3
2026-09-16T02:19:00Z,2026-09-16T04:19:00+02:00,55,ajuntament-mercat,237,186,51,21.5
2026-09-16T02:20:00Z,2026-09-16T04:20:00+02:00,53,dr-robert,407,345,62,15.2
2026-09-16T02:20:00Z,2026-09-16T04:20:00+02:00,54,placa-vella,297,219,78,26.3
2026-09-16T02:20:00Z,2026-09-16T04:20:00+02:00,55,ajuntament-mercat,237,186,51,21.5
2026-09-16T02:21:00Z,2026-09-16T04:21:00+02:00,53,dr-robert,407,345,62,15.2
2026-09-16T02:21:00Z,2026-09-16T04:21:00+02:00,54,placa-vella,297,219,78,26.3
2026-09-16T02:21:00Z,2026-09-16T04:21:00+02:00,55,ajuntament-mercat,237,186,51,21.5
2026-09-16T02:22:00Z,2026-09-16T04:22:00+02:00,53,dr-robert,407,345,62,15.2
2026-09-16T02:22:00Z,2026-09-16T04:22:00+02:00,54,placa-vella,297,219,78,26.3
2026-09-16T02:22:00Z,2026-09-16T04:22:00+02:00,55,ajuntament-mercat,237,186,51,21.5
2026-09-16T02:23:00Z,2026-09-16T04:23:00+02:00,53,dr-robert,407,345,62,15.2
2026-09-16T02:23:00Z,2026-09-16T04:23:00+02:00,54,placa-vella,297,219,78,26.3
2026-09-16T02:23:00Z,2026-09-16T04:23:00+02:00,55,ajuntament-mercat,237,186,51,21.5
2026-09-16T02:24:00Z,2026-09-16T04:24:00+02:00,53,dr-robert,407,345,62,15.2
2026-09-16T02:24:00Z,2026-09-16T04:24:00+02:00,54,placa-vella,297,219,78,26.3
2026-09-16T02:24:00Z,2026-09-16T04:24:00+02:00,55,ajuntament-mercat,237,186,51,21.5
2026-09-16T02:25:00Z,2026-09-16T04:25:00+02:00,53,dr-robert,407,346,61,15
2026-09-16T02:25:00Z,2026-09-16T04:25:00+02:00,54,placa-vella,297,219,78,26.3
2026-09-16T02:25:00Z,2026-09-16T04:25:00+02:00,55,ajuntament-mercat,237,186,51,21.5
2026-09-16T02:26:00Z,2026-09-16T04:26:00+02:00,53,dr-robert,407,346,61,15
2026-09-16T02:26:00Z,2026-09-16T04:26:00+02:00,54,placa-vella,297,219,78,26.3
2026-09-16T02:26:00Z,2026-09-16T04:26:00+02:00,55,ajuntament-mercat,237,186,51,21.5
2026-09-16T02:27:00Z,2026-09-16T04:27:00+02:00,53,dr-robert,407,346,61,15
2026-09-16T02:27:00Z,2026-09-16T04:27:00+02:00,54,placa-vella,297,219,78,26.3
2026-09-16T02:27:00Z,2026-09-16T04:27:00+02:00,55,ajuntament-mercat,237,186,51,21.5
2026-09-16T02:28:00Z,2026-09-16T04:28:00+02:00,53,dr-robert,407,346,61,15
2026-09-16T02:28:00Z,2026-09-16T04:28:00+02:00,54,placa-vella,297,219,78,26.3
2026-09-16T02:28:00Z,2026-09-16T04:28:00+02:00,55,ajuntament-mercat,237,186,51,21.5
2026-09-16T02:29:00Z,2026-09-16T04:29:00+02:00,53,dr-robert,407,346,61,15
2026-09-16T02:29:00Z,2026-09-16T04:29:00+02:00,54,placa-vella,297,219,78,26.3
2026-09-16T02:29:00Z,2026-09-16T04:29:00+02:00,55,ajuntament-mercat,237,186,51,21.5
2026-09-16T02:30:00Z,2026-09-16T04:30:00+02:00,53,dr-robert,407,346,61,15
2026-09-16T02:30:00Z,2026-09-16T04:30:00+02:00,54,placa-vella,297,219,78,26.3
2026-09-16T02:30:00Z,2026-09-16T04:30:00+02:00,55,ajuntament-mercat,237,186,51,21.5
2026-09-16T02:31:00Z,2026-09-16T04:31:00+02:00,53,dr-robert,407,346,61,15
2026-09-16T02:31:00Z,2026-09-16T04:31:00+02:00,54,placa-vella,297,219,78,26.3
2026-09-16T02:31:00Z,2026-09-16T04:31:00+02:00,55,ajuntament-mercat,237,186,51,21.5
2026-09-16T02:32:00Z,2026-09-16T04:32:00+02:00,53,dr-robert,407,346,61,15
2026-09-16T02:32:00Z,2026-09-16T04:32:00+02:00,54,placa-vella,297,219,78,26.3
2026-09-16T02:32:00Z,2026-09-16T04:32:00+02:00,55,ajuntament-mercat,237,186,51,21.5
2026-09-16T02:33:00Z,2026-09-16T04:33:00+02:00,53,dr-robert,407,346,61,15
2026-09-16T02:33:00Z,2026-09-16T04:33:00+02:00,54,placa-vella,297,219,78,26.3
2026-09-16T02:33:00Z,2026-09-16T04:33:00+02:00,55,ajuntament-mercat,237,186,51,21.5
2026-09-16T02:34:00Z,2026-09-16T04:34:00+02:00,53,dr-robert,407,346,61,15
2026-09-16T02:34:00Z,2026-09-16T04:34:00+02:00,54,placa-vella,297,219,78,26.3
2026-09-16T02:34:00Z,2026-09-16T04:34:00+02:00,55,ajuntament-mercat,237,186,51,21.5
2026-09-16T02:35:00Z,2026-09-16T04:35:00+02:00,53,dr-robert,407,345,62,15.2
2026-09-16T02:35:00Z,2026-09-16T04:35:00+02:00,54,placa-vella,297,219,78,26.3
2026-09-16T02:35:00Z,2026-09-16T04:35:00+02:00,55,ajuntament-mercat,237,186,51,21.5
2026-09-16T02:36:00Z,2026-09-16T04:36:00+02:00,53,dr-robert,407,345,62,15.2
2026-09-16T02:36:00Z,2026-09-16T04:36:00+02:00,54,placa-vella,297,219,78,26.3
2026-09-16T02:36:00Z,2026-09-16T04:36:00+02:00,55,ajuntament-mercat,237,186,51,21.5
2026-09-16T02:37:00Z,2026-09-16T04:37:00+02:00,53,dr-robert,407,345,62,15.2
2026-09-16T02:37:00Z,2026-09-16T04:37:00+02:00,54,placa-vella,297,219,78,26.3
2026-09-16T02:37:00Z,2026-09-16T04:37:00+02:00,55,ajuntament-mercat,237,186,51,21.5
2026-09-16T02:38:00Z,2026-09-16T04:38:00+02:00,53,dr-robert,407,345,62,15.2
2026-09-16T02:38:00Z,2026-09-16T04:38:00+02:00,54,placa-vella,297,219,78,26.3
2026-09-16T02:38:00Z,2026-09-16T04:38:00+02:00,55,ajuntament-mercat,237,186,51,21.5
2026-09-16T02:39:00Z,2026-09-16T04:39:00+02:00,53,dr-robert,407,345,62,15.2
2026-09-16T02:39:00Z,2026-09-16T04:39:00+02:00,54,placa-vella,297,219,78,26.3
2026-09-16T02:39:00Z,2026-09-16T04:39:00+02:00,55,ajuntament-mercat,237,186,51,21.5
2026-09-16T02:40:00Z,2026-09-16T04:40:00+02:00,53,dr-robert,407,345,62,15.2
2026-09-16T02:40:00Z,2026-09-16T04:40:00+02:00,54,placa-vella,297,219,78,26.3
2026-09-16T02:40:00Z,2026-09-16T04:40:00+02:00,55,ajuntament-mercat,237,186,51,21.5
2026-09-16T02:41:00Z,2026-09-16T04:41:00+02:00,53,dr-robert,407,345,62,15.2
2026-09-16T02:41:00Z,2026-09-16T04:41:00+02:00,54,placa-vella,297,219,78,26.3
2026-09-16T02:41:00Z,2026-09-16T04:41:00+02:00,55,ajuntament-mercat,237,186,51,21.5
2026-09-16T02:42:00Z,2026-09-16T04:42:00+02:00,53,dr-robert,407,345,62,15.2
2026-09-16T02:42:00Z,2026-09-16T04:42:00+02:00,54,placa-vella,297,219,78,26.3
2026-09-16T02:42:00Z,2026-09-16T04:42:00+02:00,55,ajuntament-mercat,237,186,51,21.5
2026-09-16T02:43:00Z,2026-09-16T04:43:00+02:00,53,dr-robert,407,345,62,15.2
2026-09-16T02:43:00Z,2026-09-16T04:43:00+02:00,54,placa-vella,297,219,78,26.3
2026-09-16T02:43:00Z,2026-09-16T04:43:00+02:00,55,ajuntament-mercat,237,186,51,21.5
2026-09-16T02:44:00Z,2026-09-16T04:44:00+02:00,53,dr-robert,407,345,62,15.2
2026-09-16T02:44:00Z,2026-09-16T04:44:00+02:00,54,placa-vella,297,219,78,26.3
2026-09-16T02:44:00Z,2026-09-16T04:44:00+02:00,55,ajuntament-mercat,237,186,51,21.5
2026-09-16T02:45:00Z,2026-09-16T04:45:00+02:00,53,dr-robert,407,344,63,15.5
2026-09-16T02:45:00Z,2026-09-16T04:45:00+02:00,54,placa-vella,297,219,78,26.3
2026-09-16T02:45:00Z,2026-09-16T04:45:00+02:00,55,ajuntament-mercat,237,186,51,21.5
2026-09-16T02:46:00Z,2026-09-16T04:46:00+02:00,53,dr-robert,407,344,63,15.5
2026-09-16T02:46:00Z,2026-09-16T04:46:00+02:00,54,placa-vella,297,219,78,26.3
2026-09-16T02:46:00Z,2026-09-16T04:46:00+02:00,55,ajuntament-mercat,237,186,51,21.5
2026-09-16T02:47:00Z,2026-09-16T04:47:00+02:00,53,dr-robert,407,344,63,15.5
2026-09-16T02:47:00Z,2026-09-16T04:47:00+02:00,54,placa-vella,297,219,78,26.3
2026-09-16T02:47:00Z,2026-09-16T04:47:00+02:00,55,ajuntament-mercat,237,186,51,21.5
2026-09-16T02:48:00Z,2026-09-16T04:48:00+02:00,53,dr-robert,407,344,63,15.5
2026-09-16T02:48:00Z,2026-09-16T04:48:00+02:00,54,placa-vella,297,219,78,26.3
2026-09-16T02:48:00Z,2026-09-16T04:48:00+02:00,55,ajuntament-mercat,237,186,51,21.5
2026-09-16T02:49:00Z,2026-09-16T04:49:00+02:00,53,dr-robert,407,344,63,15.5
2026-09-16T02:49:00Z,2026-09-16T04:49:00+02:00,54,placa-vella,297,219,78,26.3
2026-09-16T02:49:00Z,2026-09-16T04:49:00+02:00,55,ajuntament-mercat,237,186,51,21.5
2026-09-16T02:50:00Z,2026-09-16T04:50:00+02:00,53,dr-robert,407,344,63,15.5
2026-09-16T02:50:00Z,2026-09-16T04:50:00+02:00,54,placa-vella,297,219,78,26.3
2026-09-16T02:50:00Z,2026-09-16T04:50:00+02:00,55,ajuntament-mercat,237,186,51,21.5
2026-09-16T02:51:00Z,2026-09-16T04:51:00+02:00,53,dr-robert,407,344,63,15.5
2026-09-16T02:51:00Z,2026-09-16T04:51:00+02:00,54,placa-vella,297,219,78,26.3
2026-09-16T02:51:00Z,2026-09-16T04:51:00+02:00,55,ajuntament-mercat,237,186,51,21.5
2026-09-16T02:52:00Z,2026-09-16T04:52:00+02:00,53,dr-robert,407,344,63,15.5
2026-09-16T02:52:00Z,2026-09-16T04:52:00+02:00,54,placa-vella,297,219,78,26.3
2026-09-16T02:52:00Z,2026-09-16T04:52:00+02:00,55,ajuntament-mercat,237,186,51,21.5
2026-09-16T02:53:00Z,2026-09-16T04:53:00+02:00,53,dr-robert,407,344,63,15.5
2026-09-16T02:53:00Z,2026-09-16T04:53:00+02:00,54,placa-vella,297,219,78,26.3
2026-09-16T02:53:00Z,2026-09-16T04:53:00+02:00,55,ajuntament-mercat,237,186,51,21.5
2026-09-16T02:54:00Z,2026-09-16T04:54:00+02:00,53,dr-robert,407,344,63,15.5
2026-09-16T02:54:00Z,2026-09-16T04:54:00+02:00,54,placa-vella,297,219,78,26.3
2026-09-16T02:54:00Z,2026-09-16T04:54:00+02:00,55,ajuntament-mercat,237,186,51,21.5
2026-09-16T02:55:00Z,2026-09-16T04:55:00+02:00,53,dr-robert,407,344,63,15.5
2026-09-16T02:55:00Z,2026-09-16T04:55:00+02:00,54,placa-vella,297,219,78,26.3
2026-09-16T02:55:00Z,2026-09-16T04:55:00+02:00,55,ajuntament-mercat,237,186,51,21.5
2026-09-16T02:56:00Z,2026-09-16T04:56:00+02:00,53,dr-robert,407,344,63,15.5
2026-09-16T02:56:00Z,2026-09-16T04:56:00+02:00,54,placa-vella,297,219,78,26.3
2026-09-16T02:56:00Z,2026-09-16T04:56:00+02:00,55,ajuntament-mercat,237,186,51,21.5
2026-09-16T02:57:00Z,2026-09-16T04:57:00+02:00,53,dr-robert,407,344,63,15.5
2026-09-16T02:57:00Z,2026-09-16T04:57:00+02:00,54,placa-vella,297,219,78,26.3
2026-09-16T02:57:00Z,2026-09-16T04:57:00+02:00,55,ajuntament-mercat,237,186,51,21.5
2026-09-16T02:58:00Z,2026-09-16T04:58:00+02:00,53,dr-robert,407,344,63,15.5
2026-09-16T02:58:00Z,2026-09-16T04:58:00+02:00,54,placa-vella,297,219,78,26.3
2026-09-16T02:58:00Z,2026-09-16T04:58:00+02:00,55,ajuntament-mercat,237,186,51,21.5
2026-09-16T02:59:00Z,2026-09-16T04:59:00+02:00,53,dr-robert,407,344,63,15.5
2026-09-16T02:59:00Z,2026-09-16T04:59:00+02:00,54,placa-vella,297,219,78,26.3
2026-09-16T02:59:00Z,2026-09-16T04:59:00+02:00,55,ajuntament-mercat,237,186,51,21.5
2026-09-16T03:00:00Z,2026-09-16T05:00:00+02:00,53,dr-robert,407,344,63,15.5
2026-09-16T03:00:00Z,2026-09-16T05:00:00+02:00,54,placa-vella,297,219,78,26.3
2026-09-16T03:00:00Z,2026-09-16T05:00:00+02:00,55,ajuntament-mercat,237,186,51,21.5
2026-09-16T03:01:00Z,2026-09-16T05:01:00+02:00,53,dr-robert,407,344,63,15.5
2026-09-16T03:01:00Z,2026-09-16T05:01:00+02:00,54,placa-vella,297,219,78,26.3
2026-09-16T03:01:00Z,2026-09-16T05:01:00+02:00,55,ajuntament-mercat,237,186,51,21.5
2026-09-16T03:02:00Z,2026-09-16T05:02:00+02:00,53,dr-robert,407,344,63,15.5
2026-09-16T03:02:00Z,2026-09-16T05:02:00+02:00,54,placa-vella,297,219,78,26.3
2026-09-16T03:02:00Z,2026-09-16T05:02:00+02:00,55,ajuntament-mercat,237,186,51,21.5
2026-09-16T03:03:00Z,2026-09-16T05:03:00+02:00,53,dr-robert,407,344,63,15.5
2026-09-16T03:03:00Z,2026-09-16T05:03:00+02:00,54,placa-vella,297,219,78,26.3
2026-09-16T03:03:00Z,2026-09-16T05:03:00+02:00,55,ajuntament-mercat,237,186,51,21.5
2026-09-16T03:04:00Z,2026-09-16T05:04:00+02:00,53,dr-robert,407,344,63,15.5
2026-09-16T03:04:00Z,2026-09-16T05:04:00+02:00,54,placa-vella,297,219,78,26.3
2026-09-16T03:04:00Z,2026-09-16T05:04:00+02:00,55,ajuntament-mercat,237,186,51,21.5
2026-09-16T03:05:00Z,2026-09-16T05:05:00+02:00,53,dr-robert,407,344,63,15.5
2026-09-16T03:05:00Z,2026-09-16T05:05:00+02:00,54,placa-vella,297,219,78,26.3
2026-09-16T03:05:00Z,2026-09-16T05:05:00+02:00,55,ajuntament-mercat,237,186,51,21.5
2026-09-16T03:06:00Z,2026-09-16T05:06:00+02:00,53,dr-robert,407,344,63,15.5
2026-09-16T03:06:00Z,2026-09-16T05:06:00+02:00,54,placa-vella,297,219,78,26.3
2026-09-16T03:06:00Z,2026-09-16T05:06:00+02:00,55,ajuntament-mercat,237,186,51,21.5
2026-09-16T03:07:00Z,2026-09-16T05:07:00+02:00,53,dr-robert,407,344,63,15.5
2026-09-16T03:07:00Z,2026-09-16T05:07:00+02:00,54,placa-vella,297,219,78,26.3
2026-09-16T03:07:00Z,2026-09-16T05:07:00+02:00,55,ajuntament-mercat,237,186,51,21.5
2026-09-16T03:08:00Z,2026-09-16T05:08:00+02:00,53,dr-robert,407,344,63,15.5
2026-09-16T03:08:00Z,2026-09-16T05:08:00+02:00,54,placa-vella,297,219,78,26.3
2026-09-16T03:08:00Z,2026-09-16T05:08:00+02:00,55,ajuntament-mercat,237,186,51,21.5
2026-09-16T03:09:00Z,2026-09-16T05:09:00+02:00,53,dr-robert,407,344,63,15.5
2026-09-16T03:09:00Z,2026-09-16T05:09:00+02:00,54,placa-vella,297,219,78,26.3
2026-09-16T03:09:00Z,2026-09-16T05:09:00+02:00,55,ajuntament-mercat,237,186,51,21.5
2026-09-16T03:10:00Z,2026-09-16T05:10:00+02:00,53,dr-robert,407,345,62,15.2
2026-09-16T03:10:00Z,2026-09-16T05:10:00+02:00,54,placa-vella,297,219,78,26.3
2026-09-16T03:10:00Z,2026-09-16T05:10:00+02:00,55,ajuntament-mercat,237,186,51,21.5
2026-09-16T03:11:00Z,2026-09-16T05:11:00+02:00,53,dr-robert,407,345,62,15.2
2026-09-16T03:11:00Z,2026-09-16T05:11:00+02:00,54,placa-vella,297,219,78,26.3
2026-09-16T03:11:00Z,2026-09-16T05:11:00+02:00,55,ajuntament-mercat,237,186,51,21.5
2026-09-16T03:12:00Z,2026-09-16T05:12:00+02:00,53,dr-robert,407,345,62,15.2
2026-09-16T03:12:00Z,2026-09-16T05:12:00+02:00,54,placa-vella,297,219,78,26.3
2026-09-16T03:12:00Z,2026-09-16T05:12:00+02:00,55,ajuntament-mercat,237,186,51,21.5
2026-09-16T03:13:00Z,2026-09-16T05:13:00+02:00,53,dr-robert,407,345,62,15.2
2026-09-16T03:13:00Z,2026-09-16T05:13:00+02:00,54,placa-vella,297,219,78,26.3
2026-09-16T03:13:00Z,2026-09-16T05:13:00+02:00,55,ajuntament-mercat,237,186,51,21.5
2026-09-16T03:14:00Z,2026-09-16T05:14:00+02:00,53,dr-robert,407,345,62,15.2
2026-09-16T03:14:00Z,2026-09-16T05:14:00+02:00,54,placa-vella,297,219,78,26.3
2026-09-16T03:14:00Z,2026-09-16T05:14:00+02:00,55,ajuntament-mercat,237,186,51,21.5
2026-09-16T03:15:00Z,2026-09-16T05:15:00+02:00,53,dr-robert,407,346,61,15
2026-09-16T03:15:00Z,2026-09-16T05:15:00+02:00,54,placa-vella,297,219,78,26.3
2026-09-16T03:15:00Z,2026-09-16T05:15:00+02:00,55,ajuntament-mercat,237,186,51,21.5
2026-09-16T03:16:00Z,2026-09-16T05:16:00+02:00,53,dr-robert,407,346,61,15
2026-09-16T03:16:00Z,2026-09-16T05:16:00+02:00,54,placa-vella,297,219,78,26.3
2026-09-16T03:16:00Z,2026-09-16T05:16:00+02:00,55,ajuntament-mercat,237,186,51,21.5
2026-09-16T03:17:00Z,2026-09-16T05:17:00+02:00,53,dr-robert,407,346,61,15
2026-09-16T03:17:00Z,2026-09-16T05:17:00+02:00,54,placa-vella,297,219,78,26.3
2026-09-16T03:17:00Z,2026-09-16T05:17:00+02:00,55,ajuntament-mercat,237,186,51,21.5
2026-09-16T03:18:00Z,2026-09-16T05:18:00+02:00,53,dr-robert,407,346,61,15
2026-09-16T03:18:00Z,2026-09-16T05:18:00+02:00,54,placa-vella,297,219,78,26.3
2026-09-16T03:18:00Z,2026-09-16T05:18:00+02:00,55,ajuntament-mercat,237,186,51,21.5
2026-09-16T03:19:00Z,2026-09-16T05:19:00+02:00,53,dr-robert,407,346,61,15
2026-09-16T03:19:00Z,2026-09-16T05:19:00+02:00,54,placa-vella,297,219,78,26.3
2026-09-16T03:19:00Z,2026-09-16T05:19:00+02:00,55,ajuntament-mercat,237,186,51,21.5
2026-09-16T03:20:00Z,2026-09-16T05:20:00+02:00,53,dr-robert,407,347,60,14.7
2026-09-16T03:20:00Z,2026-09-16T05:20:00+02:00,54,placa-vella,297,219,78,26.3
2026-09-16T03:20:00Z,2026-09-16T05:20:00+02:00,55,ajuntament-mercat,237,186,51,21.5
2026-09-16T03:21:00Z,2026-09-16T05:21:00+02:00,53,dr-robert,407,347,60,14.7
2026-09-16T03:21:00Z,2026-09-16T05:21:00+02:00,54,placa-vella,297,219,78,26.3
2026-09-16T03:21:00Z,2026-09-16T05:21:00+02:00,55,ajuntament-mercat,237,186,51,21.5
2026-09-16T03:22:00Z,2026-09-16T05:22:00+02:00,53,dr-robert,407,347,60,14.7
2026-09-16T03:22:00Z,2026-09-16T05:22:00+02:00,54,placa-vella,297,219,78,26.3
2026-09-16T03:22:00Z,2026-09-16T05:22:00+02:00,55,ajuntament-mercat,237,186,51,21.5
2026-09-16T03:23:00Z,2026-09-16T05:23:00+02:00,53,dr-robert,407,347,60,14.7
2026-09-16T03:23:00Z,2026-09-16T05:23:00+02:00,54,placa-vella,297,219,78,26.3
2026-09-16T03:23:00Z,2026-09-16T05:23:00+02:00,55,ajuntament-mercat,237,186,51,21.5
2026-09-16T03:24:00Z,2026-09-16T05:24:00+02:00,53,dr-robert,407,347,60,14.7
2026-09-16T03:24:00Z,2026-09-16T05:24:00+02:00,54,placa-vella,297,219,78,26.3
2026-09-16T03:24:00Z,2026-09-16T05:24:00+02:00,55,ajuntament-mercat,237,186,51,21.5
2026-09-16T03:25:00Z,2026-09-16T05:25:00+02:00,53,dr-robert,407,348,59,14.5
2026-09-16T03:25:00Z,2026-09-16T05:25:00+02:00,54,placa-vella,297,219,78,26.3
2026-09-16T03:25:00Z,2026-09-16T05:25:00+02:00,55,ajuntament-mercat,237,185,52,21.9
2026-09-16T03:26:00Z,2026-09-16T05:26:00+02:00,53,dr-robert,407,348,59,14.5
2026-09-16T03:26:00Z,2026-09-16T05:26:00+02:00,54,placa-vella,297,219,78,26.3
2026-09-16T03:26:00Z,2026-09-16T05:26:00+02:00,55,ajuntament-mercat,237,185,52,21.9
2026-09-16T03:27:00Z,2026-09-16T05:27:00+02:00,53,dr-robert,407,348,59,14.5
2026-09-16T03:27:00Z,2026-09-16T05:27:00+02:00,54,placa-vella,297,219,78,26.3
2026-09-16T03:27:00Z,2026-09-16T05:27:00+02:00,55,ajuntament-mercat,237,185,52,21.9
2026-09-16T03:28:00Z,2026-09-16T05:28:00+02:00,53,dr-robert,407,348,59,14.5
2026-09-16T03:28:00Z,2026-09-16T05:28:00+02:00,54,placa-vella,297,219,78,26.3
2026-09-16T03:28:00Z,2026-09-16T05:28:00+02:00,55,ajuntament-mercat,237,185,52,21.9
2026-09-16T03:29:00Z,2026-09-16T05:29:00+02:00,53,dr-robert,407,348,59,14.5
2026-09-16T03:29:00Z,2026-09-16T05:29:00+02:00,54,placa-vella,297,219,78,26.3
2026-09-16T03:29:00Z,2026-09-16T05:29:00+02:00,55,ajuntament-mercat,237,185,52,21.9
2026-09-16T03:30:00Z,2026-09-16T05:30:00+02:00,53,dr-robert,407,348,59,14.5
2026-09-16T03:30:00Z,2026-09-16T05:30:00+02:00,54,placa-vella,297,219,78,26.3
2026-09-16T03:30:00Z,2026-09-16T05:30:00+02:00,55,ajuntament-mercat,237,185,52,21.9
2026-09-16T03:31:00Z,2026-09-16T05:31:00+02:00,53,dr-robert,407,348,59,14.5
2026-09-16T03:31:00Z,2026-09-16T05:31:00+02:00,54,placa-vella,297,219,78,26.3
2026-09-16T03:31:00Z,2026-09-16T05:31:00+02:00,55,ajuntament-mercat,237,185,52,21.9
2026-09-16T03:32:00Z,2026-09-16T05:32:00+02:00,53,dr-robert,407,348,59,14.5
2026-09-16T03:32:00Z,2026-09-16T05:32:00+02:00,54,placa-vella,297,219,78,26.3
2026-09-16T03:32:00Z,2026-09-16T05:32:00+02:00,55,ajuntament-mercat,237,185,52,21.9
2026-09-16T03:33:00Z,2026-09-16T05:33:00+02:00,53,dr-robert,407,348,59,14.5
2026-09-16T03:33:00Z,2026-09-16T05:33:00+02:00,54,placa-vella,297,219,78,26.3
2026-09-16T03:33:00Z,2026-09-16T05:33:00+02:00,55,ajuntament-mercat,237,185,52,21.9
2026-09-16T03:34:00Z,2026-09-16T05:34:00+02:00,53,dr-robert,407,348,59,14.5
2026-09-16T03:34:00Z,2026-09-16T05:34:00+02:00,54,placa-vella,297,219,78,26.3
2026-09-16T03:34:00Z,2026-09-16T05:34:00+02:00,55,ajuntament-mercat,237,185,52,21.9
2026-09-16T03:35:00Z,2026-09-16T05:35:00+02:00,53,dr-robert,407,348,59,14.5
2026-09-16T03:35:00Z,2026-09-16T05:35:00+02:00,54,placa-vella,297,219,78,26.3
2026-09-16T03:35:00Z,2026-09-16T05:35:00+02:00,55,ajuntament-mercat,237,185,52,21.9
2026-09-16T03:36:00Z,2026-09-16T05:36:00+02:00,53,dr-robert,407,348,59,14.5
2026-09-16T03:36:00Z,2026-09-16T05:36:00+02:00,54,placa-vella,297,219,78,26.3
2026-09-16T03:36:00Z,2026-09-16T05:36:00+02:00,55,ajuntament-mercat,237,185,52,21.9
2026-09-16T03:37:00Z,2026-09-16T05:37:00+02:00,53,dr-robert,407,348,59,14.5
2026-09-16T03:37:00Z,2026-09-16T05:37:00+02:00,54,placa-vella,297,219,78,26.3
2026-09-16T03:37:00Z,2026-09-16T05:37:00+02:00,55,ajuntament-mercat,237,185,52,21.9
2026-09-16T03:38:00Z,2026-09-16T05:38:00+02:00,53,dr-robert,407,348,59,14.5
2026-09-16T03:38:00Z,2026-09-16T05:38:00+02:00,54,placa-vella,297,219,78,26.3
2026-09-16T03:38:00Z,2026-09-16T05:38:00+02:00,55,ajuntament-mercat,237,185,52,21.9
2026-09-16T03:39:00Z,2026-09-16T05:39:00+02:00,53,dr-robert,407,348,59,14.5
2026-09-16T03:39:00Z,2026-09-16T05:39:00+02:00,54,placa-vella,297,219,78,26.3
2026-09-16T03:39:00Z,2026-09-16T05:39:00+02:00,55,ajuntament-mercat,237,185,52,21.9
2026-09-16T03:40:00Z,2026-09-16T05:40:00+02:00,53,dr-robert,407,347,60,14.7
2026-09-16T03:40:00Z,2026-09-16T05:40:00+02:00,54,placa-vella,297,219,78,26.3
2026-09-16T03:40:00Z,2026-09-16T05:40:00+02:00,55,ajuntament-mercat,237,185,52,21.9
2026-09-16T03:41:00Z,2026-09-16T05:41:00+02:00,53,dr-robert,407,347,60,14.7
2026-09-16T03:41:00Z,2026-09-16T05:41:00+02:00,54,placa-vella,297,219,78,26.3
2026-09-16T03:41:00Z,2026-09-16T05:41:00+02:00,55,ajuntament-mercat,237,185,52,21.9
2026-09-16T03:42:00Z,2026-09-16T05:42:00+02:00,53,dr-robert,407,347,60,14.7
2026-09-16T03:42:00Z,2026-09-16T05:42:00+02:00,54,placa-vella,297,219,78,26.3
2026-09-16T03:42:00Z,2026-09-16T05:42:00+02:00,55,ajuntament-mercat,237,185,52,21.9
2026-09-16T03:43:00Z,2026-09-16T05:43:00+02:00,53,dr-robert,407,347,60,14.7
2026-09-16T03:43:00Z,2026-09-16T05:43:00+02:00,54,placa-vella,297,219,78,26.3
2026-09-16T03:43:00Z,2026-09-16T05:43:00+02:00,55,ajuntament-mercat,237,185,52,21.9
2026-09-16T03:44:00Z,2026-09-16T05:44:00+02:00,53,dr-robert,407,347,60,14.7
2026-09-16T03:44:00Z,2026-09-16T05:44:00+02:00,54,placa-vella,297,219,78,26.3
2026-09-16T03:44:00Z,2026-09-16T05:44:00+02:00,55,ajuntament-mercat,237,185,52,21.9
2026-09-16T03:45:00Z,2026-09-16T05:45:00+02:00,53,dr-robert,407,347,60,14.7
2026-09-16T03:45:00Z,2026-09-16T05:45:00+02:00,54,placa-vella,297,219,78,26.3
2026-09-16T03:45:00Z,2026-09-16T05:45:00+02:00,55,ajuntament-mercat,237,185,52,21.9
2026-09-16T03:46:00Z,2026-09-16T05:46:00+02:00,53,dr-robert,407,348,59,14.5
2026-09-16T03:46:00Z,2026-09-16T05:46:00+02:00,54,placa-vella,297,220,77,25.9
2026-09-16T03:46:00Z,2026-09-16T05:46:00+02:00,55,ajuntament-mercat,237,185,52,21.9
2026-09-16T03:47:00Z,2026-09-16T05:47:00+02:00,53,dr-robert,407,348,59,14.5
2026-09-16T03:47:00Z,2026-09-16T05:47:00+02:00,54,placa-vella,297,220,77,25.9
2026-09-16T03:47:00Z,2026-09-16T05:47:00+02:00,55,ajuntament-mercat,237,185,52,21.9
2026-09-16T03:48:00Z,2026-09-16T05:48:00+02:00,53,dr-robert,407,348,59,14.5
2026-09-16T03:48:00Z,2026-09-16T05:48:00+02:00,54,placa-vella,297,220,77,25.9
2026-09-16T03:48:00Z,2026-09-16T05:48:00+02:00,55,ajuntament-mercat,237,185,52,21.9
2026-09-16T03:49:00Z,2026-09-16T05:49:00+02:00,53,dr-robert,407,348,59,14.5
2026-09-16T03:49:00Z,2026-09-16T05:49:00+02:00,54,placa-vella,297,220,77,25.9
2026-09-16T03:49:00Z,2026-09-16T05:49:00+02:00,55,ajuntament-mercat,237,185,52,21.9
2026-09-16T03:50:00Z,2026-09-16T05:50:00+02:00,53,dr-robert,407,348,59,14.5
2026-09-16T03:50:00Z,2026-09-16T05:50:00+02:00,54,placa-vella,297,221,76,25.6
2026-09-16T03:50:00Z,2026-09-16T05:50:00+02:00,55,ajuntament-mercat,237,185,52,21.9
2026-09-16T03:51:00Z,2026-09-16T05:51:00+02:00,53,dr-robert,407,348,59,14.5
2026-09-16T03:51:00Z,2026-09-16T05:51:00+02:00,54,placa-vella,297,221,76,25.6
2026-09-16T03:51:00Z,2026-09-16T05:51:00+02:00,55,ajuntament-mercat,237,185,52,21.9
2026-09-16T03:52:00Z,2026-09-16T05:52:00+02:00,53,dr-robert,407,348,59,14.5
2026-09-16T03:52:00Z,2026-09-16T05:52:00+02:00,54,placa-vella,297,221,76,25.6
2026-09-16T03:52:00Z,2026-09-16T05:52:00+02:00,55,ajuntament-mercat,237,185,52,21.9
2026-09-16T03:53:00Z,2026-09-16T05:53:00+02:00,53,dr-robert,407,348,59,14.5
2026-09-16T03:53:00Z,2026-09-16T05:53:00+02:00,54,placa-vella,297,221,76,25.6
2026-09-16T03:53:00Z,2026-09-16T05:53:00+02:00,55,ajuntament-mercat,237,185,52,21.9
2026-09-16T03:54:00Z,2026-09-16T05:54:00+02:00,53,dr-robert,407,348,59,14.5
2026-09-16T03:54:00Z,2026-09-16T05:54:00+02:00,54,placa-vella,297,221,76,25.6
2026-09-16T03:54:00Z,2026-09-16T05:54:00+02:00,55,ajuntament-mercat,237,185,52,21.9
2026-09-16T03:55:00Z,2026-09-16T05:55:00+02:00,53,dr-robert,407,347,60,14.7
2026-09-16T03:55:00Z,2026-09-16T05:55:00+02:00,54,placa-vella,297,224,73,24.6
2026-09-16T03:55:00Z,2026-09-16T05:55:00+02:00,55,ajuntament-mercat,237,184,53,22.4
2026-09-16T03:56:00Z,2026-09-16T05:56:00+02:00,53,dr-robert,407,347,60,14.7
2026-09-16T03:56:00Z,2026-09-16T05:56:00+02:00,54,placa-vella,297,224,73,24.6
2026-09-16T03:56:00Z,2026-09-16T05:56:00+02:00,55,ajuntament-mercat,237,184,53,22.4
2026-09-16T03:57:00Z,2026-09-16T05:57:00+02:00,53,dr-robert,407,347,60,14.7
2026-09-16T03:57:00Z,2026-09-16T05:57:00+02:00,54,placa-vella,297,224,73,24.6
2026-09-16T03:57:00Z,2026-09-16T05:57:00+02:00,55,ajuntament-mercat,237,184,53,22.4
2026-09-16T03:58:00Z,2026-09-16T05:58:00+02:00,53,dr-robert,407,347,60,14.7
2026-09-16T03:58:00Z,2026-09-16T05:58:00+02:00,54,placa-vella,297,224,73,24.6
2026-09-16T03:58:00Z,2026-09-16T05:58:00+02:00,55,ajuntament-mercat,237,184,53,22.4
2026-09-16T03:59:00Z,2026-09-16T05:59:00+02:00,53,dr-robert,407,347,60,14.7
2026-09-16T03:59:00Z,2026-09-16T05:59:00+02:00,54,placa-vella,297,224,73,24.6
2026-09-16T03:59:00Z,2026-09-16T05:59:00+02:00,55,ajuntament-mercat,237,184,53,22.4
2026-09-16T04:00:00Z,2026-09-16T06:00:00+02:00,53,dr-robert,407,347,60,14.7
2026-09-16T04:00:00Z,2026-09-16T06:00:00+02:00,54,placa-vella,297,224,73,24.6
2026-09-16T04:00:00Z,2026-09-16T06:00:00+02:00,55,ajuntament-mercat,237,184,53,22.4
2026-09-16T04:01:00Z,2026-09-16T06:01:00+02:00,53,dr-robert,407,347,60,14.7
2026-09-16T04:01:00Z,2026-09-16T06:01:00+02:00,54,placa-vella,297,224,73,24.6
2026-09-16T04:01:00Z,2026-09-16T06:01:00+02:00,55,ajuntament-mercat,237,184,53,22.4
2026-09-16T04:02:00Z,2026-09-16T06:02:00+02:00,53,dr-robert,407,347,60,14.7
2026-09-16T04:02:00Z,2026-09-16T06:02:00+02:00,54,placa-vella,297,224,73,24.6
2026-09-16T04:02:00Z,2026-09-16T06:02:00+02:00,55,ajuntament-mercat,237,184,53,22.4
2026-09-16T04:03:00Z,2026-09-16T06:03:00+02:00,53,dr-robert,407,347,60,14.7
2026-09-16T04:03:00Z,2026-09-16T06:03:00+02:00,54,placa-vella,297,224,73,24.6
2026-09-16T04:03:00Z,2026-09-16T06:03:00+02:00,55,ajuntament-mercat,237,184,53,22.4
2026-09-16T04:04:00Z,2026-09-16T06:04:00+02:00,53,dr-robert,407,347,60,14.7
2026-09-16T04:04:00Z,2026-09-16T06:04:00+02:00,54,placa-vella,297,224,73,24.6
2026-09-16T04:04:00Z,2026-09-16T06:04:00+02:00,55,ajuntament-mercat,237,184,53,22.4
2026-09-16T04:05:00Z,2026-09-16T06:05:00+02:00,53,dr-robert,407,347,60,14.7
2026-09-16T04:05:00Z,2026-09-16T06:05:00+02:00,54,placa-vella,297,224,73,24.6
2026-09-16T04:05:00Z,2026-09-16T06:05:00+02:00,55,ajuntament-mercat,237,184,53,22.4
2026-09-16T04:06:00Z,2026-09-16T06:06:00+02:00,53,dr-robert,407,347,60,14.7
2026-09-16T04:06:00Z,2026-09-16T06:06:00+02:00,54,placa-vella,297,226,71,23.9
2026-09-16T04:06:00Z,2026-09-16T06:06:00+02:00,55,ajuntament-mercat,237,187,50,21.1
2026-09-16T04:07:00Z,2026-09-16T06:07:00+02:00,53,dr-robert,407,347,60,14.7
2026-09-16T04:07:00Z,2026-09-16T06:07:00+02:00,54,placa-vella,297,226,71,23.9
2026-09-16T04:07:00Z,2026-09-16T06:07:00+02:00,55,ajuntament-mercat,237,187,50,21.1
2026-09-16T04:08:00Z,2026-09-16T06:08:00+02:00,53,dr-robert,407,347,60,14.7
2026-09-16T04:08:00Z,2026-09-16T06:08:00+02:00,54,placa-vella,297,226,71,23.9
2026-09-16T04:08:00Z,2026-09-16T06:08:00+02:00,55,ajuntament-mercat,237,187,50,21.1
2026-09-16T04:09:00Z,2026-09-16T06:09:00+02:00,53,dr-robert,407,347,60,14.7
2026-09-16T04:09:00Z,2026-09-16T06:09:00+02:00,54,placa-vella,297,226,71,23.9
2026-09-16T04:09:00Z,2026-09-16T06:09:00+02:00,55,ajuntament-mercat,237,187,50,21.1
2026-09-16T04:10:00Z,2026-09-16T06:10:00+02:00,53,dr-robert,407,347,60,14.7
2026-09-16T04:10:00Z,2026-09-16T06:10:00+02:00,54,placa-vella,297,226,71,23.9
2026-09-16T04:10:00Z,2026-09-16T06:10:00+02:00,55,ajuntament-mercat,237,187,50,21.1
2026-09-16T04:11:00Z,2026-09-16T06:11:00+02:00,53,dr-robert,407,348,59,14.5
2026-09-16T04:11:00Z,2026-09-16T06:11:00+02:00,54,placa-vella,297,226,71,23.9
2026-09-16T04:11:00Z,2026-09-16T06:11:00+02:00,55,ajuntament-mercat,237,187,50,21.1
2026-09-16T04:12:00Z,2026-09-16T06:12:00+02:00,53,dr-robert,407,348,59,14.5
2026-09-16T04:12:00Z,2026-09-16T06:12:00+02:00,54,placa-vella,297,226,71,23.9
2026-09-16T04:12:00Z,2026-09-16T06:12:00+02:00,55,ajuntament-mercat,237,187,50,21.1
2026-09-16T04:13:00Z,2026-09-16T06:13:00+02:00,53,dr-robert,407,348,59,14.5
2026-09-16T04:13:00Z,2026-09-16T06:13:00+02:00,54,placa-vella,297,226,71,23.9
2026-09-16T04:13:00Z,2026-09-16T06:13:00+02:00,55,ajuntament-mercat,237,187,50,21.1
2026-09-16T04:14:00Z,2026-09-16T06:14:00+02:00,53,dr-robert,407,348,59,14.5
2026-09-16T04:14:00Z,2026-09-16T06:14:00+02:00,54,placa-vella,297,226,71,23.9
2026-09-16T04:14:00Z,2026-09-16T06:14:00+02:00,55,ajuntament-mercat,237,187,50,21.1
2026-09-16T04:15:00Z,2026-09-16T06:15:00+02:00,53,dr-robert,407,347,60,14.7
2026-09-16T04:15:00Z,2026-09-16T06:15:00+02:00,54,placa-vella,297,226,71,23.9
2026-09-16T04:15:00Z,2026-09-16T06:15:00+02:00,55,ajuntament-mercat,237,188,49,20.7
2026-09-16T04:16:00Z,2026-09-16T06:16:00+02:00,53,dr-robert,407,347,60,14.7
2026-09-16T04:16:00Z,2026-09-16T06:16:00+02:00,54,placa-vella,297,226,71,23.9
2026-09-16T04:16:00Z,2026-09-16T06:16:00+02:00,55,ajuntament-mercat,237,188,49,20.7
2026-09-16T04:17:00Z,2026-09-16T06:17:00+02:00,53,dr-robert,407,347,60,14.7
2026-09-16T04:17:00Z,2026-09-16T06:17:00+02:00,54,placa-vella,297,226,71,23.9
2026-09-16T04:17:00Z,2026-09-16T06:17:00+02:00,55,ajuntament-mercat,237,188,49,20.7
2026-09-16T04:18:00Z,2026-09-16T06:18:00+02:00,53,dr-robert,407,347,60,14.7
2026-09-16T04:18:00Z,2026-09-16T06:18:00+02:00,54,placa-vella,297,226,71,23.9
2026-09-16T04:18:00Z,2026-09-16T06:18:00+02:00,55,ajuntament-mercat,237,188,49,20.7
2026-09-16T04:19:00Z,2026-09-16T06:19:00+02:00,53,dr-robert,407,347,60,14.7
2026-09-16T04:19:00Z,2026-09-16T06:19:00+02:00,54,placa-vella,297,226,71,23.9
2026-09-16T04:19:00Z,2026-09-16T06:19:00+02:00,55,ajuntament-mercat,237,188,49,20.7
2026-09-16T04:20:00Z,2026-09-16T06:20:00+02:00,53,dr-robert,407,348,59,14.5
2026-09-16T04:20:00Z,2026-09-16T06:20:00+02:00,54,placa-vella,297,226,71,23.9
2026-09-16T04:20:00Z,2026-09-16T06:20:00+02:00,55,ajuntament-mercat,237,188,49,20.7
2026-09-16T04:21:00Z,2026-09-16T06:21:00+02:00,53,dr-robert,407,348,59,14.5
2026-09-16T04:21:00Z,2026-09-16T06:21:00+02:00,54,placa-vella,297,226,71,23.9
2026-09-16T04:21:00Z,2026-09-16T06:21:00+02:00,55,ajuntament-mercat,237,188,49,20.7
2026-09-16T04:22:00Z,2026-09-16T06:22:00+02:00,53,dr-robert,407,348,59,14.5
2026-09-16T04:22:00Z,2026-09-16T06:22:00+02:00,54,placa-vella,297,226,71,23.9
2026-09-16T04:22:00Z,2026-09-16T06:22:00+02:00,55,ajuntament-mercat,237,188,49,20.7
2026-09-16T04:23:00Z,2026-09-16T06:23:00+02:00,53,dr-robert,407,348,59,14.5
2026-09-16T04:23:00Z,2026-09-16T06:23:00+02:00,54,placa-vella,297,226,71,23.9
2026-09-16T04:23:00Z,2026-09-16T06:23:00+02:00,55,ajuntament-mercat,237,188,49,20.7
2026-09-16T04:24:00Z,2026-09-16T06:24:00+02:00,53,dr-robert,407,348,59,14.5
2026-09-16T04:24:00Z,2026-09-16T06:24:00+02:00,54,placa-vella,297,226,71,23.9
2026-09-16T04:24:00Z,2026-09-16T06:24:00+02:00,55,ajuntament-mercat,237,188,49,20.7
2026-09-16T04:25:00Z,2026-09-16T06:25:00+02:00,53,dr-robert,407,348,59,14.5
2026-09-16T04:25:00Z,2026-09-16T06:25:00+02:00,54,placa-vella,297,226,71,23.9
2026-09-16T04:25:00Z,2026-09-16T06:25:00+02:00,55,ajuntament-mercat,237,188,49,20.7
2026-09-16T04:26:00Z,2026-09-16T06:26:00+02:00,53,dr-robert,407,348,59,14.5
2026-09-16T04:26:00Z,2026-09-16T06:26:00+02:00,54,placa-vella,297,226,71,23.9
2026-09-16T04:26:00Z,2026-09-16T06:26:00+02:00,55,ajuntament-mercat,237,188,49,20.7
2026-09-16T04:27:00Z,2026-09-16T06:27:00+02:00,53,dr-robert,407,348,59,14.5
2026-09-16T04:27:00Z,2026-09-16T06:27:00+02:00,54,placa-vella,297,226,71,23.9
2026-09-16T04:27:00Z,2026-09-16T06:27:00+02:00,55,ajuntament-mercat,237,188,49,20.7
2026-09-16T04:28:00Z,2026-09-16T06:28:00+02:00,53,dr-robert,407,348,59,14.5
2026-09-16T04:28:00Z,2026-09-16T06:28:00+02:00,54,placa-vella,297,226,71,23.9
2026-09-16T04:28:00Z,2026-09-16T06:28:00+02:00,55,ajuntament-mercat,237,188,49,20.7
2026-09-16T04:29:00Z,2026-09-16T06:29:00+02:00,53,dr-robert,407,348,59,14.5
2026-09-16T04:29:00Z,2026-09-16T06:29:00+02:00,54,placa-vella,297,226,71,23.9
2026-09-16T04:29:00Z,2026-09-16T06:29:00+02:00,55,ajuntament-mercat,237,188,49,20.7
2026-09-16T04:30:00Z,2026-09-16T06:30:00+02:00,53,dr-robert,407,347,60,14.7
2026-09-16T04:30:00Z,2026-09-16T06:30:00+02:00,54,placa-vella,297,226,71,23.9
2026-09-16T04:30:00Z,2026-09-16T06:30:00+02:00,55,ajuntament-mercat,237,188,49,20.7
2026-09-16T04:31:00Z,2026-09-16T06:31:00+02:00,53,dr-robert,407,347,60,14.7
2026-09-16T04:31:00Z,2026-09-16T06:31:00+02:00,54,placa-vella,297,226,71,23.9
2026-09-16T04:31:00Z,2026-09-16T06:31:00+02:00,55,ajuntament-mercat,237,188,49,20.7
2026-09-16T04:32:00Z,2026-09-16T06:32:00+02:00,53,dr-robert,407,347,60,14.7
2026-09-16T04:32:00Z,2026-09-16T06:32:00+02:00,54,placa-vella,297,226,71,23.9
2026-09-16T04:32:00Z,2026-09-16T06:32:00+02:00,55,ajuntament-mercat,237,188,49,20.7
2026-09-16T04:33:00Z,2026-09-16T06:33:00+02:00,53,dr-robert,407,347,60,14.7
2026-09-16T04:33:00Z,2026-09-16T06:33:00+02:00,54,placa-vella,297,226,71,23.9
2026-09-16T04:33:00Z,2026-09-16T06:33:00+02:00,55,ajuntament-mercat,237,188,49,20.7
2026-09-16T04:34:00Z,2026-09-16T06:34:00+02:00,53,dr-robert,407,347,60,14.7
2026-09-16T04:34:00Z,2026-09-16T06:34:00+02:00,54,placa-vella,297,226,71,23.9
2026-09-16T04:34:00Z,2026-09-16T06:34:00+02:00,55,ajuntament-mercat,237,188,49,20.7
2026-09-16T04:35:00Z,2026-09-16T06:35:00+02:00,53,dr-robert,407,347,60,14.7
2026-09-16T04:35:00Z,2026-09-16T06:35:00+02:00,54,placa-vella,297,226,71,23.9
2026-09-16T04:35:00Z,2026-09-16T06:35:00+02:00,55,ajuntament-mercat,237,188,49,20.7
2026-09-16T04:36:00Z,2026-09-16T06:36:00+02:00,53,dr-robert,407,347,60,14.7
2026-09-16T04:36:00Z,2026-09-16T06:36:00+02:00,54,placa-vella,297,226,71,23.9
2026-09-16T04:36:00Z,2026-09-16T06:36:00+02:00,55,ajuntament-mercat,237,188,49,20.7
2026-09-16T04:37:00Z,2026-09-16T06:37:00+02:00,53,dr-robert,407,347,60,14.7
2026-09-16T04:37:00Z,2026-09-16T06:37:00+02:00,54,placa-vella,297,226,71,23.9
2026-09-16T04:37:00Z,2026-09-16T06:37:00+02:00,55,ajuntament-mercat,237,188,49,20.7
2026-09-16T04:38:00Z,2026-09-16T06:38:00+02:00,53,dr-robert,407,347,60,14.7
2026-09-16T04:38:00Z,2026-09-16T06:38:00+02:00,54,placa-vella,297,226,71,23.9
2026-09-16T04:38:00Z,2026-09-16T06:38:00+02:00,55,ajuntament-mercat,237,188,49,20.7
2026-09-16T04:39:00Z,2026-09-16T06:39:00+02:00,53,dr-robert,407,347,60,14.7
2026-09-16T04:39:00Z,2026-09-16T06:39:00+02:00,54,placa-vella,297,226,71,23.9
2026-09-16T04:39:00Z,2026-09-16T06:39:00+02:00,55,ajuntament-mercat,237,188,49,20.7
2026-09-16T04:40:00Z,2026-09-16T06:40:00+02:00,53,dr-robert,407,347,60,14.7
2026-09-16T04:40:00Z,2026-09-16T06:40:00+02:00,54,placa-vella,297,225,72,24.2
2026-09-16T04:40:00Z,2026-09-16T06:40:00+02:00,55,ajuntament-mercat,237,188,49,20.7
2026-09-16T04:41:00Z,2026-09-16T06:41:00+02:00,53,dr-robert,407,347,60,14.7
2026-09-16T04:41:00Z,2026-09-16T06:41:00+02:00,54,placa-vella,297,225,72,24.2
2026-09-16T04:41:00Z,2026-09-16T06:41:00+02:00,55,ajuntament-mercat,237,188,49,20.7
2026-09-16T04:42:00Z,2026-09-16T06:42:00+02:00,53,dr-robert,407,347,60,14.7
2026-09-16T04:42:00Z,2026-09-16T06:42:00+02:00,54,placa-vella,297,225,72,24.2
2026-09-16T04:42:00Z,2026-09-16T06:42:00+02:00,55,ajuntament-mercat,237,188,49,20.7
2026-09-16T04:43:00Z,2026-09-16T06:43:00+02:00,53,dr-robert,407,347,60,14.7
2026-09-16T04:43:00Z,2026-09-16T06:43:00+02:00,54,placa-vella,297,225,72,24.2
2026-09-16T04:43:00Z,2026-09-16T06:43:00+02:00,55,ajuntament-mercat,237,188,49,20.7
2026-09-16T04:44:00Z,2026-09-16T06:44:00+02:00,53,dr-robert,407,347,60,14.7
2026-09-16T04:44:00Z,2026-09-16T06:44:00+02:00,54,placa-vella,297,225,72,24.2
2026-09-16T04:44:00Z,2026-09-16T06:44:00+02:00,55,ajuntament-mercat,237,188,49,20.7
2026-09-16T04:45:00Z,2026-09-16T06:45:00+02:00,53,dr-robert,407,344,63,15.5
2026-09-16T04:45:00Z,2026-09-16T06:45:00+02:00,54,placa-vella,297,225,72,24.2
2026-09-16T04:45:00Z,2026-09-16T06:45:00+02:00,55,ajuntament-mercat,237,186,51,21.5
2026-09-16T04:46:00Z,2026-09-16T06:46:00+02:00,53,dr-robert,407,344,63,15.5
2026-09-16T04:46:00Z,2026-09-16T06:46:00+02:00,54,placa-vella,297,225,72,24.2
2026-09-16T04:46:00Z,2026-09-16T06:46:00+02:00,55,ajuntament-mercat,237,186,51,21.5
2026-09-16T04:47:00Z,2026-09-16T06:47:00+02:00,53,dr-robert,407,344,63,15.5
2026-09-16T04:47:00Z,2026-09-16T06:47:00+02:00,54,placa-vella,297,225,72,24.2
2026-09-16T04:47:00Z,2026-09-16T06:47:00+02:00,55,ajuntament-mercat,237,186,51,21.5
2026-09-16T04:48:00Z,2026-09-16T06:48:00+02:00,53,dr-robert,407,344,63,15.5
2026-09-16T04:48:00Z,2026-09-16T06:48:00+02:00,54,placa-vella,297,225,72,24.2
2026-09-16T04:48:00Z,2026-09-16T06:48:00+02:00,55,ajuntament-mercat,237,186,51,21.5
2026-09-16T04:49:00Z,2026-09-16T06:49:00+02:00,53,dr-robert,407,344,63,15.5
2026-09-16T04:49:00Z,2026-09-16T06:49:00+02:00,54,placa-vella,297,225,72,24.2
2026-09-16T04:49:00Z,2026-09-16T06:49:00+02:00,55,ajuntament-mercat,237,186,51,21.5
2026-09-16T04:50:00Z,2026-09-16T06:50:00+02:00,53,dr-robert,407,340,67,16.5
2026-09-16T04:50:00Z,2026-09-16T06:50:00+02:00,54,placa-vella,297,224,73,24.6
2026-09-16T04:50:00Z,2026-09-16T06:50:00+02:00,55,ajuntament-mercat,237,184,53,22.4
2026-09-16T04:51:00Z,2026-09-16T06:51:00+02:00,53,dr-robert,407,340,67,16.5
2026-09-16T04:51:00Z,2026-09-16T06:51:00+02:00,54,placa-vella,297,224,73,24.6
2026-09-16T04:51:00Z,2026-09-16T06:51:00+02:00,55,ajuntament-mercat,237,184,53,22.4
2026-09-16T04:52:00Z,2026-09-16T06:52:00+02:00,53,dr-robert,407,340,67,16.5
2026-09-16T04:52:00Z,2026-09-16T06:52:00+02:00,54,placa-vella,297,224,73,24.6
2026-09-16T04:52:00Z,2026-09-16T06:52:00+02:00,55,ajuntament-mercat,237,184,53,22.4
2026-09-16T04:53:00Z,2026-09-16T06:53:00+02:00,53,dr-robert,407,340,67,16.5
2026-09-16T04:53:00Z,2026-09-16T06:53:00+02:00,54,placa-vella,297,224,73,24.6
2026-09-16T04:53:00Z,2026-09-16T06:53:00+02:00,55,ajuntament-mercat,237,184,53,22.4
2026-09-16T04:54:00Z,2026-09-16T06:54:00+02:00,53,dr-robert,407,340,67,16.5
2026-09-16T04:54:00Z,2026-09-16T06:54:00+02:00,54,placa-vella,297,224,73,24.6
2026-09-16T04:54:00Z,2026-09-16T06:54:00+02:00,55,ajuntament-mercat,237,184,53,22.4
2026-09-16T04:55:00Z,2026-09-16T06:55:00+02:00,53,dr-robert,407,339,68,16.7
2026-09-16T04:55:00Z,2026-09-16T06:55:00+02:00,54,placa-vella,297,224,73,24.6
2026-09-16T04:55:00Z,2026-09-16T06:55:00+02:00,55,ajuntament-mercat,237,182,55,23.2
2026-09-16T04:56:00Z,2026-09-16T06:56:00+02:00,53,dr-robert,407,339,68,16.7
2026-09-16T04:56:00Z,2026-09-16T06:56:00+02:00,54,placa-vella,297,224,73,24.6
2026-09-16T04:56:00Z,2026-09-16T06:56:00+02:00,55,ajuntament-mercat,237,182,55,23.2
2026-09-16T04:57:00Z,2026-09-16T06:57:00+02:00,53,dr-robert,407,339,68,16.7
2026-09-16T04:57:00Z,2026-09-16T06:57:00+02:00,54,placa-vella,297,224,73,24.6
2026-09-16T04:57:00Z,2026-09-16T06:57:00+02:00,55,ajuntament-mercat,237,182,55,23.2
2026-09-16T04:58:00Z,2026-09-16T06:58:00+02:00,53,dr-robert,407,339,68,16.7
2026-09-16T04:58:00Z,2026-09-16T06:58:00+02:00,54,placa-vella,297,224,73,24.6
2026-09-16T04:58:00Z,2026-09-16T06:58:00+02:00,55,ajuntament-mercat,237,182,55,23.2
2026-09-16T04:59:00Z,2026-09-16T06:59:00+02:00,53,dr-robert,407,339,68,16.7
2026-09-16T04:59:00Z,2026-09-16T06:59:00+02:00,54,placa-vella,297,224,73,24.6
2026-09-16T04:59:00Z,2026-09-16T06:59:00+02:00,55,ajuntament-mercat,237,182,55,23.2
2026-09-16T05:00:00Z,2026-09-16T07:00:00+02:00,53,dr-robert,407,339,68,16.7
2026-09-16T05:00:00Z,2026-09-16T07:00:00+02:00,54,placa-vella,297,224,73,24.6
2026-09-16T05:00:00Z,2026-09-16T07:00:00+02:00,55,ajuntament-mercat,237,182,55,23.2
2026-09-16T05:01:00Z,2026-09-16T07:01:00+02:00,53,dr-robert,407,339,68,16.7
2026-09-16T05:01:00Z,2026-09-16T07:01:00+02:00,54,placa-vella,297,224,73,24.6
2026-09-16T05:01:00Z,2026-09-16T07:01:00+02:00,55,ajuntament-mercat,237,182,55,23.2
2026-09-16T05:02:00Z,2026-09-16T07:02:00+02:00,53,dr-robert,407,339,68,16.7
2026-09-16T05:02:00Z,2026-09-16T07:02:00+02:00,54,placa-vella,297,224,73,24.6
2026-09-16T05:02:00Z,2026-09-16T07:02:00+02:00,55,ajuntament-mercat,237,182,55,23.2
2026-09-16T05:03:00Z,2026-09-16T07:03:00+02:00,53,dr-robert,407,339,68,16.7
2026-09-16T05:03:00Z,2026-09-16T07:03:00+02:00,54,placa-vella,297,224,73,24.6
2026-09-16T05:03:00Z,2026-09-16T07:03:00+02:00,55,ajuntament-mercat,237,182,55,23.2
2026-09-16T05:04:00Z,2026-09-16T07:04:00+02:00,53,dr-robert,407,333,74,18.2
2026-09-16T05:04:00Z,2026-09-16T07:04:00+02:00,54,placa-vella,297,223,74,24.9
2026-09-16T05:04:00Z,2026-09-16T07:04:00+02:00,55,ajuntament-mercat,237,181,56,23.6
2026-09-16T05:05:00Z,2026-09-16T07:05:00+02:00,53,dr-robert,407,332,75,18.4
2026-09-16T05:05:00Z,2026-09-16T07:05:00+02:00,54,placa-vella,297,223,74,24.9
2026-09-16T05:05:00Z,2026-09-16T07:05:00+02:00,55,ajuntament-mercat,237,181,56,23.6
2026-09-16T05:06:00Z,2026-09-16T07:06:00+02:00,53,dr-robert,407,332,75,18.4
2026-09-16T05:06:00Z,2026-09-16T07:06:00+02:00,54,placa-vella,297,223,74,24.9
2026-09-16T05:06:00Z,2026-09-16T07:06:00+02:00,55,ajuntament-mercat,237,181,56,23.6
2026-09-16T05:07:00Z,2026-09-16T07:07:00+02:00,53,dr-robert,407,332,75,18.4
2026-09-16T05:07:00Z,2026-09-16T07:07:00+02:00,54,placa-vella,297,223,74,24.9
2026-09-16T05:07:00Z,2026-09-16T07:07:00+02:00,55,ajuntament-mercat,237,181,56,23.6
2026-09-16T05:08:00Z,2026-09-16T07:08:00+02:00,53,dr-robert,407,332,75,18.4
2026-09-16T05:08:00Z,2026-09-16T07:08:00+02:00,54,placa-vella,297,223,74,24.9
2026-09-16T05:08:00Z,2026-09-16T07:08:00+02:00,55,ajuntament-mercat,237,181,56,23.6
2026-09-16T05:09:00Z,2026-09-16T07:09:00+02:00,53,dr-robert,407,332,75,18.4
2026-09-16T05:09:00Z,2026-09-16T07:09:00+02:00,54,placa-vella,297,223,74,24.9
2026-09-16T05:09:00Z,2026-09-16T07:09:00+02:00,55,ajuntament-mercat,237,181,56,23.6
2026-09-16T05:10:00Z,2026-09-16T07:10:00+02:00,53,dr-robert,407,330,77,18.9
2026-09-16T05:10:00Z,2026-09-16T07:10:00+02:00,54,placa-vella,297,223,74,24.9
2026-09-16T05:10:00Z,2026-09-16T07:10:00+02:00,55,ajuntament-mercat,237,180,57,24.1
2026-09-16T05:11:00Z,2026-09-16T07:11:00+02:00,53,dr-robert,407,330,77,18.9
2026-09-16T05:11:00Z,2026-09-16T07:11:00+02:00,54,placa-vella,297,223,74,24.9
2026-09-16T05:11:00Z,2026-09-16T07:11:00+02:00,55,ajuntament-mercat,237,180,57,24.1
2026-09-16T05:12:00Z,2026-09-16T07:12:00+02:00,53,dr-robert,407,330,77,18.9
2026-09-16T05:12:00Z,2026-09-16T07:12:00+02:00,54,placa-vella,297,223,74,24.9
2026-09-16T05:12:00Z,2026-09-16T07:12:00+02:00,55,ajuntament-mercat,237,180,57,24.1
2026-09-16T05:13:00Z,2026-09-16T07:13:00+02:00,53,dr-robert,407,330,77,18.9
2026-09-16T05:13:00Z,2026-09-16T07:13:00+02:00,54,placa-vella,297,223,74,24.9
2026-09-16T05:13:00Z,2026-09-16T07:13:00+02:00,55,ajuntament-mercat,237,180,57,24.1
2026-09-16T05:14:00Z,2026-09-16T07:14:00+02:00,53,dr-robert,407,330,77,18.9
2026-09-16T05:14:00Z,2026-09-16T07:14:00+02:00,54,placa-vella,297,223,74,24.9
2026-09-16T05:14:00Z,2026-09-16T07:14:00+02:00,55,ajuntament-mercat,237,180,57,24.1
2026-09-16T05:15:00Z,2026-09-16T07:15:00+02:00,53,dr-robert,407,324,83,20.4
2026-09-16T05:15:00Z,2026-09-16T07:15:00+02:00,54,placa-vella,297,224,73,24.6
2026-09-16T05:15:00Z,2026-09-16T07:15:00+02:00,55,ajuntament-mercat,237,179,58,24.5
2026-09-16T05:16:00Z,2026-09-16T07:16:00+02:00,53,dr-robert,407,324,83,20.4
2026-09-16T05:16:00Z,2026-09-16T07:16:00+02:00,54,placa-vella,297,224,73,24.6
2026-09-16T05:16:00Z,2026-09-16T07:16:00+02:00,55,ajuntament-mercat,237,179,58,24.5
2026-09-16T05:17:00Z,2026-09-16T07:17:00+02:00,53,dr-robert,407,324,83,20.4
2026-09-16T05:17:00Z,2026-09-16T07:17:00+02:00,54,placa-vella,297,224,73,24.6
2026-09-16T05:17:00Z,2026-09-16T07:17:00+02:00,55,ajuntament-mercat,237,179,58,24.5
2026-09-16T05:18:00Z,2026-09-16T07:18:00+02:00,53,dr-robert,407,324,83,20.4
2026-09-16T05:18:00Z,2026-09-16T07:18:00+02:00,54,placa-vella,297,224,73,24.6
2026-09-16T05:18:00Z,2026-09-16T07:18:00+02:00,55,ajuntament-mercat,237,179,58,24.5
2026-09-16T05:19:00Z,2026-09-16T07:19:00+02:00,53,dr-robert,407,324,83,20.4
2026-09-16T05:19:00Z,2026-09-16T07:19:00+02:00,54,placa-vella,297,224,73,24.6
2026-09-16T05:19:00Z,2026-09-16T07:19:00+02:00,55,ajuntament-mercat,237,179,58,24.5
2026-09-16T05:20:00Z,2026-09-16T07:20:00+02:00,53,dr-robert,407,318,89,21.9
2026-09-16T05:20:00Z,2026-09-16T07:20:00+02:00,54,placa-vella,297,224,73,24.6
2026-09-16T05:20:00Z,2026-09-16T07:20:00+02:00,55,ajuntament-mercat,237,177,60,25.3
2026-09-16T05:21:00Z,2026-09-16T07:21:00+02:00,53,dr-robert,407,318,89,21.9
2026-09-16T05:21:00Z,2026-09-16T07:21:00+02:00,54,placa-vella,297,224,73,24.6
2026-09-16T05:21:00Z,2026-09-16T07:21:00+02:00,55,ajuntament-mercat,237,177,60,25.3
2026-09-16T05:22:00Z,2026-09-16T07:22:00+02:00,53,dr-robert,407,318,89,21.9
2026-09-16T05:22:00Z,2026-09-16T07:22:00+02:00,54,placa-vella,297,224,73,24.6
2026-09-16T05:22:00Z,2026-09-16T07:22:00+02:00,55,ajuntament-mercat,237,177,60,25.3
2026-09-16T05:23:00Z,2026-09-16T07:23:00+02:00,53,dr-robert,407,318,89,21.9
2026-09-16T05:23:00Z,2026-09-16T07:23:00+02:00,54,placa-vella,297,224,73,24.6
2026-09-16T05:23:00Z,2026-09-16T07:23:00+02:00,55,ajuntament-mercat,237,177,60,25.3
2026-09-16T05:24:00Z,2026-09-16T07:24:00+02:00,53,dr-robert,407,318,89,21.9
2026-09-16T05:24:00Z,2026-09-16T07:24:00+02:00,54,placa-vella,297,224,73,24.6
2026-09-16T05:24:00Z,2026-09-16T07:24:00+02:00,55,ajuntament-mercat,237,177,60,25.3
2026-09-16T05:25:00Z,2026-09-16T07:25:00+02:00,53,dr-robert,407,318,89,21.9
2026-09-16T05:25:00Z,2026-09-16T07:25:00+02:00,54,placa-vella,297,222,75,25.3
2026-09-16T05:25:00Z,2026-09-16T07:25:00+02:00,55,ajuntament-mercat,237,176,61,25.7
2026-09-16T05:26:00Z,2026-09-16T07:26:00+02:00,53,dr-robert,407,318,89,21.9
2026-09-16T05:26:00Z,2026-09-16T07:26:00+02:00,54,placa-vella,297,222,75,25.3
2026-09-16T05:26:00Z,2026-09-16T07:26:00+02:00,55,ajuntament-mercat,237,176,61,25.7
2026-09-16T05:27:00Z,2026-09-16T07:27:00+02:00,53,dr-robert,407,318,89,21.9
2026-09-16T05:27:00Z,2026-09-16T07:27:00+02:00,54,placa-vella,297,222,75,25.3
2026-09-16T05:27:00Z,2026-09-16T07:27:00+02:00,55,ajuntament-mercat,237,176,61,25.7
2026-09-16T05:28:00Z,2026-09-16T07:28:00+02:00,53,dr-robert,407,318,89,21.9
2026-09-16T05:28:00Z,2026-09-16T07:28:00+02:00,54,placa-vella,297,222,75,25.3
2026-09-16T05:28:00Z,2026-09-16T07:28:00+02:00,55,ajuntament-mercat,237,176,61,25.7
2026-09-16T05:29:00Z,2026-09-16T07:29:00+02:00,53,dr-robert,407,318,89,21.9
2026-09-16T05:29:00Z,2026-09-16T07:29:00+02:00,54,placa-vella,297,222,75,25.3
2026-09-16T05:29:00Z,2026-09-16T07:29:00+02:00,55,ajuntament-mercat,237,176,61,25.7
2026-09-16T05:30:00Z,2026-09-16T07:30:00+02:00,53,dr-robert,407,308,99,24.3
2026-09-16T05:30:00Z,2026-09-16T07:30:00+02:00,54,placa-vella,297,219,78,26.3
2026-09-16T05:30:00Z,2026-09-16T07:30:00+02:00,55,ajuntament-mercat,237,176,61,25.7
2026-09-16T05:31:00Z,2026-09-16T07:31:00+02:00,53,dr-robert,407,308,99,24.3
2026-09-16T05:31:00Z,2026-09-16T07:31:00+02:00,54,placa-vella,297,219,78,26.3
2026-09-16T05:31:00Z,2026-09-16T07:31:00+02:00,55,ajuntament-mercat,237,176,61,25.7
2026-09-16T05:32:00Z,2026-09-16T07:32:00+02:00,53,dr-robert,407,308,99,24.3
2026-09-16T05:32:00Z,2026-09-16T07:32:00+02:00,54,placa-vella,297,219,78,26.3
2026-09-16T05:32:00Z,2026-09-16T07:32:00+02:00,55,ajuntament-mercat,237,176,61,25.7
2026-09-16T05:33:00Z,2026-09-16T07:33:00+02:00,53,dr-robert,407,308,99,24.3
2026-09-16T05:33:00Z,2026-09-16T07:33:00+02:00,54,placa-vella,297,219,78,26.3
2026-09-16T05:33:00Z,2026-09-16T07:33:00+02:00,55,ajuntament-mercat,237,176,61,25.7
2026-09-16T05:34:00Z,2026-09-16T07:34:00+02:00,53,dr-robert,407,308,99,24.3
2026-09-16T05:34:00Z,2026-09-16T07:34:00+02:00,54,placa-vella,297,219,78,26.3
2026-09-16T05:34:00Z,2026-09-16T07:34:00+02:00,55,ajuntament-mercat,237,176,61,25.7
2026-09-16T05:35:00Z,2026-09-16T07:35:00+02:00,53,dr-robert,407,305,102,25.1
2026-09-16T05:35:00Z,2026-09-16T07:35:00+02:00,54,placa-vella,297,219,78,26.3
2026-09-16T05:35:00Z,2026-09-16T07:35:00+02:00,55,ajuntament-mercat,237,174,63,26.6
2026-09-16T05:36:00Z,2026-09-16T07:36:00+02:00,53,dr-robert,407,305,102,25.1
2026-09-16T05:36:00Z,2026-09-16T07:36:00+02:00,54,placa-vella,297,219,78,26.3
2026-09-16T05:36:00Z,2026-09-16T07:36:00+02:00,55,ajuntament-mercat,237,174,63,26.6
2026-09-16T05:37:00Z,2026-09-16T07:37:00+02:00,53,dr-robert,407,305,102,25.1
2026-09-16T05:37:00Z,2026-09-16T07:37:00+02:00,54,placa-vella,297,219,78,26.3
2026-09-16T05:37:00Z,2026-09-16T07:37:00+02:00,55,ajuntament-mercat,237,174,63,26.6
2026-09-16T05:38:00Z,2026-09-16T07:38:00+02:00,53,dr-robert,407,305,102,25.1
2026-09-16T05:38:00Z,2026-09-16T07:38:00+02:00,54,placa-vella,297,219,78,26.3
2026-09-16T05:38:00Z,2026-09-16T07:38:00+02:00,55,ajuntament-mercat,237,174,63,26.6
2026-09-16T05:39:00Z,2026-09-16T07:39:00+02:00,53,dr-robert,407,305,102,25.1
2026-09-16T05:39:00Z,2026-09-16T07:39:00+02:00,54,placa-vella,297,219,78,26.3
2026-09-16T05:39:00Z,2026-09-16T07:39:00+02:00,55,ajuntament-mercat,237,174,63,26.6
2026-09-16T05:40:00Z,2026-09-16T07:40:00+02:00,53,dr-robert,407,302,105,25.8
2026-09-16T05:40:00Z,2026-09-16T07:40:00+02:00,54,placa-vella,297,216,81,27.3
2026-09-16T05:40:00Z,2026-09-16T07:40:00+02:00,55,ajuntament-mercat,237,170,67,28.3
2026-09-16T05:41:00Z,2026-09-16T07:41:00+02:00,53,dr-robert,407,302,105,25.8
2026-09-16T05:41:00Z,2026-09-16T07:41:00+02:00,54,placa-vella,297,216,81,27.3
2026-09-16T05:41:00Z,2026-09-16T07:41:00+02:00,55,ajuntament-mercat,237,170,67,28.3
2026-09-16T05:42:00Z,2026-09-16T07:42:00+02:00,53,dr-robert,407,302,105,25.8
2026-09-16T05:42:00Z,2026-09-16T07:42:00+02:00,54,placa-vella,297,216,81,27.3
2026-09-16T05:42:00Z,2026-09-16T07:42:00+02:00,55,ajuntament-mercat,237,170,67,28.3
2026-09-16T05:43:00Z,2026-09-16T07:43:00+02:00,53,dr-robert,407,302,105,25.8
2026-09-16T05:43:00Z,2026-09-16T07:43:00+02:00,54,placa-vella,297,216,81,27.3
2026-09-16T05:43:00Z,2026-09-16T07:43:00+02:00,55,ajuntament-mercat,237,170,67,28.3
2026-09-16T05:44:00Z,2026-09-16T07:44:00+02:00,53,dr-robert,407,302,105,25.8
2026-09-16T05:44:00Z,2026-09-16T07:44:00+02:00,54,placa-vella,297,216,81,27.3
2026-09-16T05:44:00Z,2026-09-16T07:44:00+02:00,55,ajuntament-mercat,237,170,67,28.3
2026-09-16T05:45:00Z,2026-09-16T07:45:00+02:00,53,dr-robert,407,294,113,27.8
2026-09-16T05:45:00Z,2026-09-16T07:45:00+02:00,54,placa-vella,297,216,81,27.3
2026-09-16T05:45:00Z,2026-09-16T07:45:00+02:00,55,ajuntament-mercat,237,164,73,30.8
2026-09-16T05:46:00Z,2026-09-16T07:46:00+02:00,53,dr-robert,407,294,113,27.8
2026-09-16T05:46:00Z,2026-09-16T07:46:00+02:00,54,placa-vella,297,216,81,27.3
2026-09-16T05:46:00Z,2026-09-16T07:46:00+02:00,55,ajuntament-mercat,237,164,73,30.8
2026-09-16T05:47:00Z,2026-09-16T07:47:00+02:00,53,dr-robert,407,294,113,27.8
2026-09-16T05:47:00Z,2026-09-16T07:47:00+02:00,54,placa-vella,297,216,81,27.3
2026-09-16T05:47:00Z,2026-09-16T07:47:00+02:00,55,ajuntament-mercat,237,164,73,30.8
2026-09-16T05:48:00Z,2026-09-16T07:48:00+02:00,53,dr-robert,407,294,113,27.8
2026-09-16T05:48:00Z,2026-09-16T07:48:00+02:00,54,placa-vella,297,216,81,27.3
2026-09-16T05:48:00Z,2026-09-16T07:48:00+02:00,55,ajuntament-mercat,237,164,73,30.8
2026-09-16T05:49:00Z,2026-09-16T07:49:00+02:00,53,dr-robert,407,294,113,27.8
2026-09-16T05:49:00Z,2026-09-16T07:49:00+02:00,54,placa-vella,297,216,81,27.3
2026-09-16T05:49:00Z,2026-09-16T07:49:00+02:00,55,ajuntament-mercat,237,164,73,30.8
2026-09-16T05:50:00Z,2026-09-16T07:50:00+02:00,53,dr-robert,407,283,124,30.5
2026-09-16T05:50:00Z,2026-09-16T07:50:00+02:00,54,placa-vella,297,213,84,28.3
2026-09-16T05:50:00Z,2026-09-16T07:50:00+02:00,55,ajuntament-mercat,237,159,78,32.9
2026-09-16T05:51:00Z,2026-09-16T07:51:00+02:00,53,dr-robert,407,283,124,30.5
2026-09-16T05:51:00Z,2026-09-16T07:51:00+02:00,54,placa-vella,297,213,84,28.3
2026-09-16T05:51:00Z,2026-09-16T07:51:00+02:00,55,ajuntament-mercat,237,159,78,32.9
2026-09-16T05:52:00Z,2026-09-16T07:52:00+02:00,53,dr-robert,407,283,124,30.5
2026-09-16T05:52:00Z,2026-09-16T07:52:00+02:00,54,placa-vella,297,213,84,28.3
2026-09-16T05:52:00Z,2026-09-16T07:52:00+02:00,55,ajuntament-mercat,237,159,78,32.9
2026-09-16T05:53:00Z,2026-09-16T07:53:00+02:00,53,dr-robert,407,283,124,30.5
2026-09-16T05:53:00Z,2026-09-16T07:53:00+02:00,54,placa-vella,297,213,84,28.3
2026-09-16T05:53:00Z,2026-09-16T07:53:00+02:00,55,ajuntament-mercat,237,159,78,32.9
2026-09-16T05:54:00Z,2026-09-16T07:54:00+02:00,53,dr-robert,407,283,124,30.5
2026-09-16T05:54:00Z,2026-09-16T07:54:00+02:00,54,placa-vella,297,213,84,28.3
2026-09-16T05:54:00Z,2026-09-16T07:54:00+02:00,55,ajuntament-mercat,237,159,78,32.9
2026-09-16T05:55:00Z,2026-09-16T07:55:00+02:00,53,dr-robert,407,274,133,32.7
2026-09-16T05:55:00Z,2026-09-16T07:55:00+02:00,54,placa-vella,297,208,89,30
2026-09-16T05:55:00Z,2026-09-16T07:55:00+02:00,55,ajuntament-mercat,237,155,82,34.6
2026-09-16T05:56:00Z,2026-09-16T07:56:00+02:00,53,dr-robert,407,274,133,32.7
2026-09-16T05:56:00Z,2026-09-16T07:56:00+02:00,54,placa-vella,297,208,89,30
2026-09-16T05:56:00Z,2026-09-16T07:56:00+02:00,55,ajuntament-mercat,237,155,82,34.6
2026-09-16T05:57:00Z,2026-09-16T07:57:00+02:00,53,dr-robert,407,274,133,32.7
2026-09-16T05:57:00Z,2026-09-16T07:57:00+02:00,54,placa-vella,297,208,89,30
2026-09-16T05:57:00Z,2026-09-16T07:57:00+02:00,55,ajuntament-mercat,237,155,82,34.6
2026-09-16T05:58:00Z,2026-09-16T07:58:00+02:00,53,dr-robert,407,274,133,32.7
2026-09-16T05:58:00Z,2026-09-16T07:58:00+02:00,54,placa-vella,297,208,89,30
2026-09-16T05:58:00Z,2026-09-16T07:58:00+02:00,55,ajuntament-mercat,237,155,82,34.6
2026-09-16T05:59:00Z,2026-09-16T07:59:00+02:00,53,dr-robert,407,274,133,32.7
2026-09-16T05:59:00Z,2026-09-16T07:59:00+02:00,54,placa-vella,297,208,89,30
2026-09-16T05:59:00Z,2026-09-16T07:59:00+02:00,55,ajuntament-mercat,237,155,82,34.6
2026-09-16T06:00:00Z,2026-09-16T08:00:00+02:00,53,dr-robert,407,274,133,32.7
2026-09-16T06:00:00Z,2026-09-16T08:00:00+02:00,54,placa-vella,297,208,89,30
2026-09-16T06:00:00Z,2026-09-16T08:00:00+02:00,55,ajuntament-mercat,237,155,82,34.6
2026-09-16T06:01:00Z,2026-09-16T08:01:00+02:00,53,dr-robert,407,248,159,39.1
2026-09-16T06:01:00Z,2026-09-16T08:01:00+02:00,54,placa-vella,297,202,95,32
2026-09-16T06:01:00Z,2026-09-16T08:01:00+02:00,55,ajuntament-mercat,237,151,86,36.3
2026-09-16T06:02:00Z,2026-09-16T08:02:00+02:00,53,dr-robert,407,248,159,39.1
2026-09-16T06:02:00Z,2026-09-16T08:02:00+02:00,54,placa-vella,297,202,95,32
2026-09-16T06:02:00Z,2026-09-16T08:02:00+02:00,55,ajuntament-mercat,237,151,86,36.3
2026-09-16T06:03:00Z,2026-09-16T08:03:00+02:00,53,dr-robert,407,248,159,39.1
2026-09-16T06:03:00Z,2026-09-16T08:03:00+02:00,54,placa-vella,297,202,95,32
2026-09-16T06:03:00Z,2026-09-16T08:03:00+02:00,55,ajuntament-mercat,237,151,86,36.3
2026-09-16T06:04:00Z,2026-09-16T08:04:00+02:00,53,dr-robert,407,248,159,39.1
2026-09-16T06:04:00Z,2026-09-16T08:04:00+02:00,54,placa-vella,297,202,95,32
2026-09-16T06:04:00Z,2026-09-16T08:04:00+02:00,55,ajuntament-mercat,237,151,86,36.3
2026-09-16T06:05:00Z,2026-09-16T08:05:00+02:00,53,dr-robert,407,235,172,42.3
2026-09-16T06:05:00Z,2026-09-16T08:05:00+02:00,54,placa-vella,297,202,95,32
2026-09-16T06:05:00Z,2026-09-16T08:05:00+02:00,55,ajuntament-mercat,237,148,89,37.6
2026-09-16T06:06:00Z,2026-09-16T08:06:00+02:00,53,dr-robert,407,235,172,42.3
2026-09-16T06:06:00Z,2026-09-16T08:06:00+02:00,54,placa-vella,297,202,95,32
2026-09-16T06:06:00Z,2026-09-16T08:06:00+02:00,55,ajuntament-mercat,237,148,89,37.6
2026-09-16T06:07:00Z,2026-09-16T08:07:00+02:00,53,dr-robert,407,235,172,42.3
2026-09-16T06:07:00Z,2026-09-16T08:07:00+02:00,54,placa-vella,297,202,95,32
2026-09-16T06:07:00Z,2026-09-16T08:07:00+02:00,55,ajuntament-mercat,237,148,89,37.6
2026-09-16T06:08:00Z,2026-09-16T08:08:00+02:00,53,dr-robert,407,235,172,42.3
2026-09-16T06:08:00Z,2026-09-16T08:08:00+02:00,54,placa-vella,297,202,95,32
2026-09-16T06:08:00Z,2026-09-16T08:08:00+02:00,55,ajuntament-mercat,237,148,89,37.6
2026-09-16T06:09:00Z,2026-09-16T08:09:00+02:00,53,dr-robert,407,235,172,42.3
2026-09-16T06:09:00Z,2026-09-16T08:09:00+02:00,54,placa-vella,297,202,95,32
2026-09-16T06:09:00Z,2026-09-16T08:09:00+02:00,55,ajuntament-mercat,237,148,89,37.6
2026-09-16T06:10:00Z,2026-09-16T08:10:00+02:00,53,dr-robert,407,221,186,45.7
2026-09-16T06:10:00Z,2026-09-16T08:10:00+02:00,54,placa-vella,297,201,96,32.3
2026-09-16T06:10:00Z,2026-09-16T08:10:00+02:00,55,ajuntament-mercat,237,141,96,40.5
2026-09-16T06:11:00Z,2026-09-16T08:11:00+02:00,53,dr-robert,407,221,186,45.7
2026-09-16T06:11:00Z,2026-09-16T08:11:00+02:00,54,placa-vella,297,201,96,32.3
2026-09-16T06:11:00Z,2026-09-16T08:11:00+02:00,55,ajuntament-mercat,237,141,96,40.5
2026-09-16T06:12:00Z,2026-09-16T08:12:00+02:00,53,dr-robert,407,221,186,45.7
2026-09-16T06:12:00Z,2026-09-16T08:12:00+02:00,54,placa-vella,297,201,96,32.3
2026-09-16T06:12:00Z,2026-09-16T08:12:00+02:00,55,ajuntament-mercat,237,141,96,40.5
2026-09-16T06:13:00Z,2026-09-16T08:13:00+02:00,53,dr-robert,407,221,186,45.7
2026-09-16T06:13:00Z,2026-09-16T08:13:00+02:00,54,placa-vella,297,201,96,32.3
2026-09-16T06:13:00Z,2026-09-16T08:13:00+02:00,55,ajuntament-mercat,237,141,96,40.5
2026-09-16T06:14:00Z,2026-09-16T08:14:00+02:00,53,dr-robert,407,221,186,45.7
2026-09-16T06:14:00Z,2026-09-16T08:14:00+02:00,54,placa-vella,297,201,96,32.3
2026-09-16T06:14:00Z,2026-09-16T08:14:00+02:00,55,ajuntament-mercat,237,141,96,40.5
2026-09-16T06:15:00Z,2026-09-16T08:15:00+02:00,53,dr-robert,407,213,194,47.7
2026-09-16T06:15:00Z,2026-09-16T08:15:00+02:00,54,placa-vella,297,200,97,32.7
2026-09-16T06:15:00Z,2026-09-16T08:15:00+02:00,55,ajuntament-mercat,237,136,101,42.6
2026-09-16T06:16:00Z,2026-09-16T08:16:00+02:00,53,dr-robert,407,213,194,47.7
2026-09-16T06:16:00Z,2026-09-16T08:16:00+02:00,54,placa-vella,297,200,97,32.7
2026-09-16T06:16:00Z,2026-09-16T08:16:00+02:00,55,ajuntament-mercat,237,136,101,42.6
2026-09-16T06:17:00Z,2026-09-16T08:17:00+02:00,53,dr-robert,407,213,194,47.7
2026-09-16T06:17:00Z,2026-09-16T08:17:00+02:00,54,placa-vella,297,200,97,32.7
2026-09-16T06:17:00Z,2026-09-16T08:17:00+02:00,55,ajuntament-mercat,237,136,101,42.6
2026-09-16T06:18:00Z,2026-09-16T08:18:00+02:00,53,dr-robert,407,213,194,47.7
2026-09-16T06:18:00Z,2026-09-16T08:18:00+02:00,54,placa-vella,297,200,97,32.7
2026-09-16T06:18:00Z,2026-09-16T08:18:00+02:00,55,ajuntament-mercat,237,136,101,42.6
2026-09-16T06:19:00Z,2026-09-16T08:19:00+02:00,53,dr-robert,407,213,194,47.7
2026-09-16T06:19:00Z,2026-09-16T08:19:00+02:00,54,placa-vella,297,200,97,32.7
2026-09-16T06:19:00Z,2026-09-16T08:19:00+02:00,55,ajuntament-mercat,237,136,101,42.6
2026-09-16T06:20:00Z,2026-09-16T08:20:00+02:00,53,dr-robert,407,203,204,50.1
2026-09-16T06:20:00Z,2026-09-16T08:20:00+02:00,54,placa-vella,297,193,104,35
2026-09-16T06:20:00Z,2026-09-16T08:20:00+02:00,55,ajuntament-mercat,237,133,104,43.9
2026-09-16T06:21:00Z,2026-09-16T08:21:00+02:00,53,dr-robert,407,203,204,50.1
2026-09-16T06:21:00Z,2026-09-16T08:21:00+02:00,54,placa-vella,297,193,104,35
2026-09-16T06:21:00Z,2026-09-16T08:21:00+02:00,55,ajuntament-mercat,237,133,104,43.9
2026-09-16T06:22:00Z,2026-09-16T08:22:00+02:00,53,dr-robert,407,203,204,50.1
2026-09-16T06:22:00Z,2026-09-16T08:22:00+02:00,54,placa-vella,297,193,104,35
2026-09-16T06:22:00Z,2026-09-16T08:22:00+02:00,55,ajuntament-mercat,237,133,104,43.9
2026-09-16T06:23:00Z,2026-09-16T08:23:00+02:00,53,dr-robert,407,203,204,50.1
2026-09-16T06:23:00Z,2026-09-16T08:23:00+02:00,54,placa-vella,297,193,104,35
2026-09-16T06:23:00Z,2026-09-16T08:23:00+02:00,55,ajuntament-mercat,237,133,104,43.9
2026-09-16T06:24:00Z,2026-09-16T08:24:00+02:00,53,dr-robert,407,203,204,50.1
2026-09-16T06:24:00Z,2026-09-16T08:24:00+02:00,54,placa-vella,297,193,104,35
2026-09-16T06:24:00Z,2026-09-16T08:24:00+02:00,55,ajuntament-mercat,237,133,104,43.9
2026-09-16T06:25:00Z,2026-09-16T08:25:00+02:00,53,dr-robert,407,193,214,52.6
2026-09-16T06:25:00Z,2026-09-16T08:25:00+02:00,54,placa-vella,297,190,107,36
2026-09-16T06:25:00Z,2026-09-16T08:25:00+02:00,55,ajuntament-mercat,237,128,109,46
2026-09-16T06:26:00Z,2026-09-16T08:26:00+02:00,53,dr-robert,407,193,214,52.6
2026-09-16T06:26:00Z,2026-09-16T08:26:00+02:00,54,placa-vella,297,190,107,36
2026-09-16T06:26:00Z,2026-09-16T08:26:00+02:00,55,ajuntament-mercat,237,128,109,46
2026-09-16T06:27:00Z,2026-09-16T08:27:00+02:00,53,dr-robert,407,193,214,52.6
2026-09-16T06:27:00Z,2026-09-16T08:27:00+02:00,54,placa-vella,297,190,107,36
2026-09-16T06:27:00Z,2026-09-16T08:27:00+02:00,55,ajuntament-mercat,237,128,109,46
2026-09-16T06:28:00Z,2026-09-16T08:28:00+02:00,53,dr-robert,407,193,214,52.6
2026-09-16T06:28:00Z,2026-09-16T08:28:00+02:00,54,placa-vella,297,190,107,36
2026-09-16T06:28:00Z,2026-09-16T08:28:00+02:00,55,ajuntament-mercat,237,128,109,46
2026-09-16T06:29:00Z,2026-09-16T08:29:00+02:00,53,dr-robert,407,193,214,52.6
2026-09-16T06:29:00Z,2026-09-16T08:29:00+02:00,54,placa-vella,297,190,107,36
2026-09-16T06:29:00Z,2026-09-16T08:29:00+02:00,55,ajuntament-mercat,237,128,109,46
2026-09-16T06:30:00Z,2026-09-16T08:30:00+02:00,53,dr-robert,407,183,224,55
2026-09-16T06:30:00Z,2026-09-16T08:30:00+02:00,54,placa-vella,297,185,112,37.7
2026-09-16T06:30:00Z,2026-09-16T08:30:00+02:00,55,ajuntament-mercat,237,125,112,47.3
2026-09-16T06:31:00Z,2026-09-16T08:31:00+02:00,53,dr-robert,407,183,224,55
2026-09-16T06:31:00Z,2026-09-16T08:31:00+02:00,54,placa-vella,297,185,112,37.7
2026-09-16T06:31:00Z,2026-09-16T08:31:00+02:00,55,ajuntament-mercat,237,125,112,47.3
2026-09-16T06:32:00Z,2026-09-16T08:32:00+02:00,53,dr-robert,407,183,224,55
2026-09-16T06:32:00Z,2026-09-16T08:32:00+02:00,54,placa-vella,297,185,112,37.7
2026-09-16T06:32:00Z,2026-09-16T08:32:00+02:00,55,ajuntament-mercat,237,125,112,47.3
2026-09-16T06:33:00Z,2026-09-16T08:33:00+02:00,53,dr-robert,407,183,224,55
2026-09-16T06:33:00Z,2026-09-16T08:33:00+02:00,54,placa-vella,297,185,112,37.7
2026-09-16T06:33:00Z,2026-09-16T08:33:00+02:00,55,ajuntament-mercat,237,125,112,47.3
2026-09-16T06:34:00Z,2026-09-16T08:34:00+02:00,53,dr-robert,407,183,224,55
2026-09-16T06:34:00Z,2026-09-16T08:34:00+02:00,54,placa-vella,297,185,112,37.7
2026-09-16T06:34:00Z,2026-09-16T08:34:00+02:00,55,ajuntament-mercat,237,125,112,47.3
2026-09-16T06:35:00Z,2026-09-16T08:35:00+02:00,53,dr-robert,407,177,230,56.5
2026-09-16T06:35:00Z,2026-09-16T08:35:00+02:00,54,placa-vella,297,186,111,37.4
2026-09-16T06:35:00Z,2026-09-16T08:35:00+02:00,55,ajuntament-mercat,237,119,118,49.8
2026-09-16T06:36:00Z,2026-09-16T08:36:00+02:00,53,dr-robert,407,177,230,56.5
2026-09-16T06:36:00Z,2026-09-16T08:36:00+02:00,54,placa-vella,297,186,111,37.4
2026-09-16T06:36:00Z,2026-09-16T08:36:00+02:00,55,ajuntament-mercat,237,119,118,49.8
2026-09-16T06:37:00Z,2026-09-16T08:37:00+02:00,53,dr-robert,407,177,230,56.5
2026-09-16T06:37:00Z,2026-09-16T08:37:00+02:00,54,placa-vella,297,186,111,37.4
2026-09-16T06:37:00Z,2026-09-16T08:37:00+02:00,55,ajuntament-mercat,237,119,118,49.8
2026-09-16T06:38:00Z,2026-09-16T08:38:00+02:00,53,dr-robert,407,177,230,56.5
2026-09-16T06:38:00Z,2026-09-16T08:38:00+02:00,54,placa-vella,297,186,111,37.4
2026-09-16T06:38:00Z,2026-09-16T08:38:00+02:00,55,ajuntament-mercat,237,119,118,49.8
2026-09-16T06:39:00Z,2026-09-16T08:39:00+02:00,53,dr-robert,407,177,230,56.5
2026-09-16T06:39:00Z,2026-09-16T08:39:00+02:00,54,placa-vella,297,186,111,37.4
2026-09-16T06:39:00Z,2026-09-16T08:39:00+02:00,55,ajuntament-mercat,237,119,118,49.8
2026-09-16T06:40:00Z,2026-09-16T08:40:00+02:00,53,dr-robert,407,166,241,59.2
2026-09-16T06:40:00Z,2026-09-16T08:40:00+02:00,54,placa-vella,297,181,116,39.1
2026-09-16T06:40:00Z,2026-09-16T08:40:00+02:00,55,ajuntament-mercat,237,119,118,49.8
2026-09-16T06:41:00Z,2026-09-16T08:41:00+02:00,53,dr-robert,407,166,241,59.2
2026-09-16T06:41:00Z,2026-09-16T08:41:00+02:00,54,placa-vella,297,181,116,39.1
2026-09-16T06:41:00Z,2026-09-16T08:41:00+02:00,55,ajuntament-mercat,237,119,118,49.8
2026-09-16T06:42:00Z,2026-09-16T08:42:00+02:00,53,dr-robert,407,166,241,59.2
2026-09-16T06:42:00Z,2026-09-16T08:42:00+02:00,54,placa-vella,297,181,116,39.1
2026-09-16T06:42:00Z,2026-09-16T08:42:00+02:00,55,ajuntament-mercat,237,119,118,49.8
2026-09-16T06:43:00Z,2026-09-16T08:43:00+02:00,53,dr-robert,407,166,241,59.2
2026-09-16T06:43:00Z,2026-09-16T08:43:00+02:00,54,placa-vella,297,181,116,39.1
2026-09-16T06:43:00Z,2026-09-16T08:43:00+02:00,55,ajuntament-mercat,237,119,118,49.8
2026-09-16T06:44:00Z,2026-09-16T08:44:00+02:00,53,dr-robert,407,166,241,59.2
2026-09-16T06:44:00Z,2026-09-16T08:44:00+02:00,54,placa-vella,297,181,116,39.1
2026-09-16T06:44:00Z,2026-09-16T08:44:00+02:00,55,ajuntament-mercat,237,119,118,49.8
2026-09-16T06:45:00Z,2026-09-16T08:45:00+02:00,53,dr-robert,407,154,253,62.2
2026-09-16T06:45:00Z,2026-09-16T08:45:00+02:00,54,placa-vella,297,180,117,39.4
2026-09-16T06:45:00Z,2026-09-16T08:45:00+02:00,55,ajuntament-mercat,237,116,121,51.1
2026-09-16T06:46:00Z,2026-09-16T08:46:00+02:00,53,dr-robert,407,154,253,62.2
2026-09-16T06:46:00Z,2026-09-16T08:46:00+02:00,54,placa-vella,297,180,117,39.4
2026-09-16T06:46:00Z,2026-09-16T08:46:00+02:00,55,ajuntament-mercat,237,116,121,51.1
2026-09-16T06:47:00Z,2026-09-16T08:47:00+02:00,53,dr-robert,407,154,253,62.2
2026-09-16T06:47:00Z,2026-09-16T08:47:00+02:00,54,placa-vella,297,180,117,39.4
2026-09-16T06:47:00Z,2026-09-16T08:47:00+02:00,55,ajuntament-mercat,237,116,121,51.1
2026-09-16T06:48:00Z,2026-09-16T08:48:00+02:00,53,dr-robert,407,154,253,62.2
2026-09-16T06:48:00Z,2026-09-16T08:48:00+02:00,54,placa-vella,297,180,117,39.4
2026-09-16T06:48:00Z,2026-09-16T08:48:00+02:00,55,ajuntament-mercat,237,116,121,51.1
2026-09-16T06:49:00Z,2026-09-16T08:49:00+02:00,53,dr-robert,407,154,253,62.2
2026-09-16T06:49:00Z,2026-09-16T08:49:00+02:00,54,placa-vella,297,180,117,39.4
2026-09-16T06:49:00Z,2026-09-16T08:49:00+02:00,55,ajuntament-mercat,237,116,121,51.1
2026-09-16T06:50:00Z,2026-09-16T08:50:00+02:00,53,dr-robert,407,144,263,64.6
2026-09-16T06:50:00Z,2026-09-16T08:50:00+02:00,54,placa-vella,297,176,121,40.7
2026-09-16T06:50:00Z,2026-09-16T08:50:00+02:00,55,ajuntament-mercat,237,109,128,54
2026-09-16T06:51:00Z,2026-09-16T08:51:00+02:00,53,dr-robert,407,144,263,64.6
2026-09-16T06:51:00Z,2026-09-16T08:51:00+02:00,54,placa-vella,297,176,121,40.7
2026-09-16T06:51:00Z,2026-09-16T08:51:00+02:00,55,ajuntament-mercat,237,109,128,54
2026-09-16T06:52:00Z,2026-09-16T08:52:00+02:00,53,dr-robert,407,144,263,64.6
2026-09-16T06:52:00Z,2026-09-16T08:52:00+02:00,54,placa-vella,297,176,121,40.7
2026-09-16T06:52:00Z,2026-09-16T08:52:00+02:00,55,ajuntament-mercat,237,109,128,54
2026-09-16T06:53:00Z,2026-09-16T08:53:00+02:00,53,dr-robert,407,144,263,64.6
2026-09-16T06:53:00Z,2026-09-16T08:53:00+02:00,54,placa-vella,297,176,121,40.7
2026-09-16T06:53:00Z,2026-09-16T08:53:00+02:00,55,ajuntament-mercat,237,109,128,54
2026-09-16T06:54:00Z,2026-09-16T08:54:00+02:00,53,dr-robert,407,144,263,64.6
2026-09-16T06:54:00Z,2026-09-16T08:54:00+02:00,54,placa-vella,297,176,121,40.7
2026-09-16T06:54:00Z,2026-09-16T08:54:00+02:00,55,ajuntament-mercat,237,109,128,54
2026-09-16T06:55:00Z,2026-09-16T08:55:00+02:00,53,dr-robert,407,134,273,67.1
2026-09-16T06:55:00Z,2026-09-16T08:55:00+02:00,54,placa-vella,297,165,132,44.4
2026-09-16T06:55:00Z,2026-09-16T08:55:00+02:00,55,ajuntament-mercat,237,105,132,55.7
2026-09-16T06:56:00Z,2026-09-16T08:56:00+02:00,53,dr-robert,407,134,273,67.1
2026-09-16T06:56:00Z,2026-09-16T08:56:00+02:00,54,placa-vella,297,165,132,44.4
2026-09-16T06:56:00Z,2026-09-16T08:56:00+02:00,55,ajuntament-mercat,237,105,132,55.7
2026-09-16T06:57:00Z,2026-09-16T08:57:00+02:00,53,dr-robert,407,134,273,67.1
2026-09-16T06:57:00Z,2026-09-16T08:57:00+02:00,54,placa-vella,297,165,132,44.4
2026-09-16T06:57:00Z,2026-09-16T08:57:00+02:00,55,ajuntament-mercat,237,105,132,55.7
2026-09-16T06:58:00Z,2026-09-16T08:58:00+02:00,53,dr-robert,407,134,273,67.1
2026-09-16T06:58:00Z,2026-09-16T08:58:00+02:00,54,placa-vella,297,165,132,44.4
2026-09-16T06:58:00Z,2026-09-16T08:58:00+02:00,55,ajuntament-mercat,237,105,132,55.7
2026-09-16T06:59:00Z,2026-09-16T08:59:00+02:00,53,dr-robert,407,134,273,67.1
2026-09-16T06:59:00Z,2026-09-16T08:59:00+02:00,54,placa-vella,297,165,132,44.4
2026-09-16T06:59:00Z,2026-09-16T08:59:00+02:00,55,ajuntament-mercat,237,105,132,55.7
2026-09-16T07:00:00Z,2026-09-16T09:00:00+02:00,53,dr-robert,407,134,273,67.1
2026-09-16T07:00:00Z,2026-09-16T09:00:00+02:00,54,placa-vella,297,165,132,44.4
2026-09-16T07:00:00Z,2026-09-16T09:00:00+02:00,55,ajuntament-mercat,237,105,132,55.7
2026-09-16T07:01:00Z,2026-09-16T09:01:00+02:00,53,dr-robert,407,135,272,66.8
2026-09-16T07:01:00Z,2026-09-16T09:01:00+02:00,54,placa-vella,297,157,140,47.1
2026-09-16T07:01:00Z,2026-09-16T09:01:00+02:00,55,ajuntament-mercat,237,96,141,59.5
2026-09-16T07:02:00Z,2026-09-16T09:02:00+02:00,53,dr-robert,407,135,272,66.8
2026-09-16T07:02:00Z,2026-09-16T09:02:00+02:00,54,placa-vella,297,157,140,47.1
2026-09-16T07:02:00Z,2026-09-16T09:02:00+02:00,55,ajuntament-mercat,237,96,141,59.5
2026-09-16T07:03:00Z,2026-09-16T09:03:00+02:00,53,dr-robert,407,135,272,66.8
2026-09-16T07:03:00Z,2026-09-16T09:03:00+02:00,54,placa-vella,297,157,140,47.1
2026-09-16T07:03:00Z,2026-09-16T09:03:00+02:00,55,ajuntament-mercat,237,96,141,59.5
2026-09-16T07:04:00Z,2026-09-16T09:04:00+02:00,53,dr-robert,407,135,272,66.8
2026-09-16T07:04:00Z,2026-09-16T09:04:00+02:00,54,placa-vella,297,157,140,47.1
2026-09-16T07:04:00Z,2026-09-16T09:04:00+02:00,55,ajuntament-mercat,237,96,141,59.5
2026-09-16T07:05:00Z,2026-09-16T09:05:00+02:00,53,dr-robert,407,138,269,66.1
2026-09-16T07:05:00Z,2026-09-16T09:05:00+02:00,54,placa-vella,297,150,147,49.5
2026-09-16T07:05:00Z,2026-09-16T09:05:00+02:00,55,ajuntament-mercat,237,92,145,61.2
2026-09-16T07:06:00Z,2026-09-16T09:06:00+02:00,53,dr-robert,407,138,269,66.1
2026-09-16T07:06:00Z,2026-09-16T09:06:00+02:00,54,placa-vella,297,150,147,49.5
2026-09-16T07:06:00Z,2026-09-16T09:06:00+02:00,55,ajuntament-mercat,237,92,145,61.2
2026-09-16T07:07:00Z,2026-09-16T09:07:00+02:00,53,dr-robert,407,138,269,66.1
2026-09-16T07:07:00Z,2026-09-16T09:07:00+02:00,54,placa-vella,297,150,147,49.5
2026-09-16T07:07:00Z,2026-09-16T09:07:00+02:00,55,ajuntament-mercat,237,92,145,61.2
2026-09-16T07:08:00Z,2026-09-16T09:08:00+02:00,53,dr-robert,407,138,269,66.1
2026-09-16T07:08:00Z,2026-09-16T09:08:00+02:00,54,placa-vella,297,150,147,49.5
2026-09-16T07:08:00Z,2026-09-16T09:08:00+02:00,55,ajuntament-mercat,237,92,145,61.2
2026-09-16T07:09:00Z,2026-09-16T09:09:00+02:00,53,dr-robert,407,138,269,66.1
2026-09-16T07:09:00Z,2026-09-16T09:09:00+02:00,54,placa-vella,297,150,147,49.5
2026-09-16T07:09:00Z,2026-09-16T09:09:00+02:00,55,ajuntament-mercat,237,92,145,61.2
2026-09-16T07:10:00Z,2026-09-16T09:10:00+02:00,53,dr-robert,407,136,271,66.6
2026-09-16T07:10:00Z,2026-09-16T09:10:00+02:00,54,placa-vella,297,146,151,50.8
2026-09-16T07:10:00Z,2026-09-16T09:10:00+02:00,55,ajuntament-mercat,237,88,149,62.9
2026-09-16T07:11:00Z,2026-09-16T09:11:00+02:00,53,dr-robert,407,136,271,66.6
2026-09-16T07:11:00Z,2026-09-16T09:11:00+02:00,54,placa-vella,297,146,151,50.8
2026-09-16T07:11:00Z,2026-09-16T09:11:00+02:00,55,ajuntament-mercat,237,88,149,62.9
2026-09-16T07:12:00Z,2026-09-16T09:12:00+02:00,53,dr-robert,407,136,271,66.6
2026-09-16T07:12:00Z,2026-09-16T09:12:00+02:00,54,placa-vella,297,146,151,50.8
2026-09-16T07:12:00Z,2026-09-16T09:12:00+02:00,55,ajuntament-mercat,237,88,149,62.9
2026-09-16T07:13:00Z,2026-09-16T09:13:00+02:00,53,dr-robert,407,136,271,66.6
2026-09-16T07:13:00Z,2026-09-16T09:13:00+02:00,54,placa-vella,297,146,151,50.8
2026-09-16T07:13:00Z,2026-09-16T09:13:00+02:00,55,ajuntament-mercat,237,88,149,62.9
2026-09-16T07:14:00Z,2026-09-16T09:14:00+02:00,53,dr-robert,407,136,271,66.6
2026-09-16T07:14:00Z,2026-09-16T09:14:00+02:00,54,placa-vella,297,146,151,50.8
2026-09-16T07:14:00Z,2026-09-16T09:14:00+02:00,55,ajuntament-mercat,237,88,149,62.9
2026-09-16T07:15:00Z,2026-09-16T09:15:00+02:00,53,dr-robert,407,132,275,67.6
2026-09-16T07:15:00Z,2026-09-16T09:15:00+02:00,54,placa-vella,297,144,153,51.5
2026-09-16T07:15:00Z,2026-09-16T09:15:00+02:00,55,ajuntament-mercat,237,87,150,63.3
2026-09-16T07:16:00Z,2026-09-16T09:16:00+02:00,53,dr-robert,407,132,275,67.6
2026-09-16T07:16:00Z,2026-09-16T09:16:00+02:00,54,placa-vella,297,144,153,51.5
2026-09-16T07:16:00Z,2026-09-16T09:16:00+02:00,55,ajuntament-mercat,237,87,150,63.3
2026-09-16T07:17:00Z,2026-09-16T09:17:00+02:00,53,dr-robert,407,132,275,67.6
2026-09-16T07:17:00Z,2026-09-16T09:17:00+02:00,54,placa-vella,297,144,153,51.5
2026-09-16T07:17:00Z,2026-09-16T09:17:00+02:00,55,ajuntament-mercat,237,87,150,63.3
2026-09-16T07:18:00Z,2026-09-16T09:18:00+02:00,53,dr-robert,407,132,275,67.6
2026-09-16T07:18:00Z,2026-09-16T09:18:00+02:00,54,placa-vella,297,144,153,51.5
2026-09-16T07:18:00Z,2026-09-16T09:18:00+02:00,55,ajuntament-mercat,237,87,150,63.3
2026-09-16T07:19:00Z,2026-09-16T09:19:00+02:00,53,dr-robert,407,132,275,67.6
2026-09-16T07:19:00Z,2026-09-16T09:19:00+02:00,54,placa-vella,297,144,153,51.5
2026-09-16T07:19:00Z,2026-09-16T09:19:00+02:00,55,ajuntament-mercat,237,87,150,63.3
2026-09-16T07:20:00Z,2026-09-16T09:20:00+02:00,53,dr-robert,407,113,294,72.2
2026-09-16T07:20:00Z,2026-09-16T09:20:00+02:00,54,placa-vella,297,136,161,54.2
2026-09-16T07:20:00Z,2026-09-16T09:20:00+02:00,55,ajuntament-mercat,237,82,155,65.4
2026-09-16T07:21:00Z,2026-09-16T09:21:00+02:00,53,dr-robert,407,113,294,72.2
2026-09-16T07:21:00Z,2026-09-16T09:21:00+02:00,54,placa-vella,297,136,161,54.2
2026-09-16T07:21:00Z,2026-09-16T09:21:00+02:00,55,ajuntament-mercat,237,82,155,65.4
2026-09-16T07:22:00Z,2026-09-16T09:22:00+02:00,53,dr-robert,407,113,294,72.2
2026-09-16T07:22:00Z,2026-09-16T09:22:00+02:00,54,placa-vella,297,136,161,54.2
2026-09-16T07:22:00Z,2026-09-16T09:22:00+02:00,55,ajuntament-mercat,237,82,155,65.4
2026-09-16T07:23:00Z,2026-09-16T09:23:00+02:00,53,dr-robert,407,113,294,72.2
2026-09-16T07:23:00Z,2026-09-16T09:23:00+02:00,54,placa-vella,297,136,161,54.2
2026-09-16T07:23:00Z,2026-09-16T09:23:00+02:00,55,ajuntament-mercat,237,82,155,65.4
2026-09-16T07:24:00Z,2026-09-16T09:24:00+02:00,53,dr-robert,407,113,294,72.2
2026-09-16T07:24:00Z,2026-09-16T09:24:00+02:00,54,placa-vella,297,136,161,54.2
2026-09-16T07:24:00Z,2026-09-16T09:24:00+02:00,55,ajuntament-mercat,237,82,155,65.4
2026-09-16T07:25:00Z,2026-09-16T09:25:00+02:00,53,dr-robert,407,102,305,74.9
2026-09-16T07:25:00Z,2026-09-16T09:25:00+02:00,54,placa-vella,297,126,171,57.6
2026-09-16T07:25:00Z,2026-09-16T09:25:00+02:00,55,ajuntament-mercat,237,79,158,66.7
2026-09-16T07:26:00Z,2026-09-16T09:26:00+02:00,53,dr-robert,407,102,305,74.9
2026-09-16T07:26:00Z,2026-09-16T09:26:00+02:00,54,placa-vella,297,126,171,57.6
2026-09-16T07:26:00Z,2026-09-16T09:26:00+02:00,55,ajuntament-mercat,237,79,158,66.7
2026-09-16T07:27:00Z,2026-09-16T09:27:00+02:00,53,dr-robert,407,102,305,74.9
2026-09-16T07:27:00Z,2026-09-16T09:27:00+02:00,54,placa-vella,297,126,171,57.6
2026-09-16T07:27:00Z,2026-09-16T09:27:00+02:00,55,ajuntament-mercat,237,79,158,66.7
2026-09-16T07:28:00Z,2026-09-16T09:28:00+02:00,53,dr-robert,407,102,305,74.9
2026-09-16T07:28:00Z,2026-09-16T09:28:00+02:00,54,placa-vella,297,126,171,57.6
2026-09-16T07:28:00Z,2026-09-16T09:28:00+02:00,55,ajuntament-mercat,237,79,158,66.7
2026-09-16T07:29:00Z,2026-09-16T09:29:00+02:00,53,dr-robert,407,102,305,74.9
2026-09-16T07:29:00Z,2026-09-16T09:29:00+02:00,54,placa-vella,297,126,171,57.6
2026-09-16T07:29:00Z,2026-09-16T09:29:00+02:00,55,ajuntament-mercat,237,79,158,66.7
2026-09-16T07:30:00Z,2026-09-16T09:30:00+02:00,53,dr-robert,407,96,311,76.4
2026-09-16T07:30:00Z,2026-09-16T09:30:00+02:00,54,placa-vella,297,118,179,60.3
2026-09-16T07:30:00Z,2026-09-16T09:30:00+02:00,55,ajuntament-mercat,237,75,162,68.4
2026-09-16T07:31:00Z,2026-09-16T09:31:00+02:00,53,dr-robert,407,96,311,76.4
2026-09-16T07:31:00Z,2026-09-16T09:31:00+02:00,54,placa-vella,297,118,179,60.3
2026-09-16T07:31:00Z,2026-09-16T09:31:00+02:00,55,ajuntament-mercat,237,75,162,68.4
2026-09-16T07:32:00Z,2026-09-16T09:32:00+02:00,53,dr-robert,407,96,311,76.4
2026-09-16T07:32:00Z,2026-09-16T09:32:00+02:00,54,placa-vella,297,118,179,60.3
2026-09-16T07:32:00Z,2026-09-16T09:32:00+02:00,55,ajuntament-mercat,237,75,162,68.4
2026-09-16T07:33:00Z,2026-09-16T09:33:00+02:00,53,dr-robert,407,96,311,76.4
2026-09-16T07:33:00Z,2026-09-16T09:33:00+02:00,54,placa-vella,297,118,179,60.3
2026-09-16T07:33:00Z,2026-09-16T09:33:00+02:00,55,ajuntament-mercat,237,75,162,68.4
2026-09-16T07:34:00Z,2026-09-16T09:34:00+02:00,53,dr-robert,407,96,311,76.4
2026-09-16T07:34:00Z,2026-09-16T09:34:00+02:00,54,placa-vella,297,118,179,60.3
2026-09-16T07:34:00Z,2026-09-16T09:34:00+02:00,55,ajuntament-mercat,237,75,162,68.4
2026-09-16T07:35:00Z,2026-09-16T09:35:00+02:00,53,dr-robert,407,97,310,76.2
2026-09-16T07:35:00Z,2026-09-16T09:35:00+02:00,54,placa-vella,297,112,185,62.3
2026-09-16T07:35:00Z,2026-09-16T09:35:00+02:00,55,ajuntament-mercat,237,69,168,70.9
2026-09-16T07:36:00Z,2026-09-16T09:36:00+02:00,53,dr-robert,407,97,310,76.2
2026-09-16T07:36:00Z,2026-09-16T09:36:00+02:00,54,placa-vella,297,112,185,62.3
2026-09-16T07:36:00Z,2026-09-16T09:36:00+02:00,55,ajuntament-mercat,237,69,168,70.9
2026-09-16T07:37:00Z,2026-09-16T09:37:00+02:00,53,dr-robert,407,97,310,76.2
2026-09-16T07:37:00Z,2026-09-16T09:37:00+02:00,54,placa-vella,297,112,185,62.3
2026-09-16T07:37:00Z,2026-09-16T09:37:00+02:00,55,ajuntament-mercat,237,69,168,70.9
2026-09-16T07:38:00Z,2026-09-16T09:38:00+02:00,53,dr-robert,407,97,310,76.2
2026-09-16T07:38:00Z,2026-09-16T09:38:00+02:00,54,placa-vella,297,112,185,62.3
2026-09-16T07:38:00Z,2026-09-16T09:38:00+02:00,55,ajuntament-mercat,237,69,168,70.9
2026-09-16T07:39:00Z,2026-09-16T09:39:00+02:00,53,dr-robert,407,97,310,76.2
2026-09-16T07:39:00Z,2026-09-16T09:39:00+02:00,54,placa-vella,297,112,185,62.3
2026-09-16T07:39:00Z,2026-09-16T09:39:00+02:00,55,ajuntament-mercat,237,69,168,70.9
2026-09-16T07:40:00Z,2026-09-16T09:40:00+02:00,53,dr-robert,407,92,315,77.4
2026-09-16T07:40:00Z,2026-09-16T09:40:00+02:00,54,placa-vella,297,112,185,62.3
2026-09-16T07:40:00Z,2026-09-16T09:40:00+02:00,55,ajuntament-mercat,237,65,172,72.6
2026-09-16T07:41:00Z,2026-09-16T09:41:00+02:00,53,dr-robert,407,92,315,77.4
2026-09-16T07:41:00Z,2026-09-16T09:41:00+02:00,54,placa-vella,297,112,185,62.3
2026-09-16T07:41:00Z,2026-09-16T09:41:00+02:00,55,ajuntament-mercat,237,65,172,72.6
2026-09-16T07:42:00Z,2026-09-16T09:42:00+02:00,53,dr-robert,407,92,315,77.4
2026-09-16T07:42:00Z,2026-09-16T09:42:00+02:00,54,placa-vella,297,112,185,62.3
2026-09-16T07:42:00Z,2026-09-16T09:42:00+02:00,55,ajuntament-mercat,237,65,172,72.6
2026-09-16T07:43:00Z,2026-09-16T09:43:00+02:00,53,dr-robert,407,92,315,77.4
2026-09-16T07:43:00Z,2026-09-16T09:43:00+02:00,54,placa-vella,297,112,185,62.3
2026-09-16T07:43:00Z,2026-09-16T09:43:00+02:00,55,ajuntament-mercat,237,65,172,72.6
2026-09-16T07:44:00Z,2026-09-16T09:44:00+02:00,53,dr-robert,407,92,315,77.4
2026-09-16T07:44:00Z,2026-09-16T09:44:00+02:00,54,placa-vella,297,112,185,62.3
2026-09-16T07:44:00Z,2026-09-16T09:44:00+02:00,55,ajuntament-mercat,237,65,172,72.6
2026-09-16T07:45:00Z,2026-09-16T09:45:00+02:00,53,dr-robert,407,89,318,78.1
2026-09-16T07:45:00Z,2026-09-16T09:45:00+02:00,54,placa-vella,297,110,187,63
2026-09-16T07:45:00Z,2026-09-16T09:45:00+02:00,55,ajuntament-mercat,237,60,177,74.7
2026-09-16T07:46:00Z,2026-09-16T09:46:00+02:00,53,dr-robert,407,89,318,78.1
2026-09-16T07:46:00Z,2026-09-16T09:46:00+02:00,54,placa-vella,297,110,187,63
2026-09-16T07:46:00Z,2026-09-16T09:46:00+02:00,55,ajuntament-mercat,237,60,177,74.7
2026-09-16T07:47:00Z,2026-09-16T09:47:00+02:00,53,dr-robert,407,89,318,78.1
2026-09-16T07:47:00Z,2026-09-16T09:47:00+02:00,54,placa-vella,297,110,187,63
2026-09-16T07:47:00Z,2026-09-16T09:47:00+02:00,55,ajuntament-mercat,237,60,177,74.7
2026-09-16T07:48:00Z,2026-09-16T09:48:00+02:00,53,dr-robert,407,89,318,78.1
2026-09-16T07:48:00Z,2026-09-16T09:48:00+02:00,54,placa-vella,297,110,187,63
2026-09-16T07:48:00Z,2026-09-16T09:48:00+02:00,55,ajuntament-mercat,237,60,177,74.7
2026-09-16T07:49:00Z,2026-09-16T09:49:00+02:00,53,dr-robert,407,89,318,78.1
2026-09-16T07:49:00Z,2026-09-16T09:49:00+02:00,54,placa-vella,297,110,187,63
2026-09-16T07:49:00Z,2026-09-16T09:49:00+02:00,55,ajuntament-mercat,237,60,177,74.7
2026-09-16T07:50:00Z,2026-09-16T09:50:00+02:00,53,dr-robert,407,82,325,79.9
2026-09-16T07:50:00Z,2026-09-16T09:50:00+02:00,54,placa-vella,297,100,197,66.3
2026-09-16T07:50:00Z,2026-09-16T09:50:00+02:00,55,ajuntament-mercat,237,58,179,75.5
2026-09-16T07:51:00Z,2026-09-16T09:51:00+02:00,53,dr-robert,407,82,325,79.9
2026-09-16T07:51:00Z,2026-09-16T09:51:00+02:00,54,placa-vella,297,100,197,66.3
2026-09-16T07:51:00Z,2026-09-16T09:51:00+02:00,55,ajuntament-mercat,237,58,179,75.5
2026-09-16T07:52:00Z,2026-09-16T09:52:00+02:00,53,dr-robert,407,82,325,79.9
2026-09-16T07:52:00Z,2026-09-16T09:52:00+02:00,54,placa-vella,297,100,197,66.3
2026-09-16T07:52:00Z,2026-09-16T09:52:00+02:00,55,ajuntament-mercat,237,58,179,75.5
2026-09-16T07:53:00Z,2026-09-16T09:53:00+02:00,53,dr-robert,407,82,325,79.9
2026-09-16T07:53:00Z,2026-09-16T09:53:00+02:00,54,placa-vella,297,100,197,66.3
2026-09-16T07:53:00Z,2026-09-16T09:53:00+02:00,55,ajuntament-mercat,237,58,179,75.5
2026-09-16T07:54:00Z,2026-09-16T09:54:00+02:00,53,dr-robert,407,82,325,79.9
2026-09-16T07:54:00Z,2026-09-16T09:54:00+02:00,54,placa-vella,297,100,197,66.3
2026-09-16T07:54:00Z,2026-09-16T09:54:00+02:00,55,ajuntament-mercat,237,58,179,75.5
2026-09-16T07:55:00Z,2026-09-16T09:55:00+02:00,53,dr-robert,407,87,320,78.6
2026-09-16T07:55:00Z,2026-09-16T09:55:00+02:00,54,placa-vella,297,87,210,70.7
2026-09-16T07:55:00Z,2026-09-16T09:55:00+02:00,55,ajuntament-mercat,237,59,178,75.1
2026-09-16T07:56:00Z,2026-09-16T09:56:00+02:00,53,dr-robert,407,87,320,78.6
2026-09-16T07:56:00Z,2026-09-16T09:56:00+02:00,54,placa-vella,297,87,210,70.7
2026-09-16T07:56:00Z,2026-09-16T09:56:00+02:00,55,ajuntament-mercat,237,59,178,75.1
2026-09-16T07:57:00Z,2026-09-16T09:57:00+02:00,53,dr-robert,407,87,320,78.6
2026-09-16T07:57:00Z,2026-09-16T09:57:00+02:00,54,placa-vella,297,87,210,70.7
2026-09-16T07:57:00Z,2026-09-16T09:57:00+02:00,55,ajuntament-mercat,237,59,178,75.1
2026-09-16T07:58:00Z,2026-09-16T09:58:00+02:00,53,dr-robert,407,87,320,78.6
2026-09-16T07:58:00Z,2026-09-16T09:58:00+02:00,54,placa-vella,297,87,210,70.7
2026-09-16T07:58:00Z,2026-09-16T09:58:00+02:00,55,ajuntament-mercat,237,59,178,75.1
2026-09-16T07:59:00Z,2026-09-16T09:59:00+02:00,53,dr-robert,407,87,320,78.6
2026-09-16T07:59:00Z,2026-09-16T09:59:00+02:00,54,placa-vella,297,87,210,70.7
2026-09-16T07:59:00Z,2026-09-16T09:59:00+02:00,55,ajuntament-mercat,237,59,178,75.1
2026-09-16T08:00:00Z,2026-09-16T10:00:00+02:00,53,dr-robert,407,87,320,78.6
2026-09-16T08:00:00Z,2026-09-16T10:00:00+02:00,54,placa-vella,297,87,210,70.7
2026-09-16T08:00:00Z,2026-09-16T10:00:00+02:00,55,ajuntament-mercat,237,59,178,75.1
2026-09-16T08:01:00Z,2026-09-16T10:01:00+02:00,53,dr-robert,407,86,321,78.9
2026-09-16T08:01:00Z,2026-09-16T10:01:00+02:00,54,placa-vella,297,79,218,73.4
2026-09-16T08:01:00Z,2026-09-16T10:01:00+02:00,55,ajuntament-mercat,237,57,180,75.9
2026-09-16T08:02:00Z,2026-09-16T10:02:00+02:00,53,dr-robert,407,86,321,78.9
2026-09-16T08:02:00Z,2026-09-16T10:02:00+02:00,54,placa-vella,297,79,218,73.4
2026-09-16T08:02:00Z,2026-09-16T10:02:00+02:00,55,ajuntament-mercat,237,57,180,75.9
2026-09-16T08:03:00Z,2026-09-16T10:03:00+02:00,53,dr-robert,407,86,321,78.9
2026-09-16T08:03:00Z,2026-09-16T10:03:00+02:00,54,placa-vella,297,79,218,73.4
2026-09-16T08:03:00Z,2026-09-16T10:03:00+02:00,55,ajuntament-mercat,237,57,180,75.9
2026-09-16T08:04:00Z,2026-09-16T10:04:00+02:00,53,dr-robert,407,86,321,78.9
2026-09-16T08:04:00Z,2026-09-16T10:04:00+02:00,54,placa-vella,297,79,218,73.4
2026-09-16T08:04:00Z,2026-09-16T10:04:00+02:00,55,ajuntament-mercat,237,57,180,75.9
2026-09-16T08:05:00Z,2026-09-16T10:05:00+02:00,53,dr-robert,407,84,323,79.4
2026-09-16T08:05:00Z,2026-09-16T10:05:00+02:00,54,placa-vella,297,78,219,73.7
2026-09-16T08:05:00Z,2026-09-16T10:05:00+02:00,55,ajuntament-mercat,237,55,182,76.8
2026-09-16T08:06:00Z,2026-09-16T10:06:00+02:00,53,dr-robert,407,84,323,79.4
2026-09-16T08:06:00Z,2026-09-16T10:06:00+02:00,54,placa-vella,297,78,219,73.7
2026-09-16T08:06:00Z,2026-09-16T10:06:00+02:00,55,ajuntament-mercat,237,55,182,76.8
2026-09-16T08:07:00Z,2026-09-16T10:07:00+02:00,53,dr-robert,407,84,323,79.4
2026-09-16T08:07:00Z,2026-09-16T10:07:00+02:00,54,placa-vella,297,78,219,73.7
2026-09-16T08:07:00Z,2026-09-16T10:07:00+02:00,55,ajuntament-mercat,237,55,182,76.8
2026-09-16T08:08:00Z,2026-09-16T10:08:00+02:00,53,dr-robert,407,84,323,79.4
2026-09-16T08:08:00Z,2026-09-16T10:08:00+02:00,54,placa-vella,297,78,219,73.7
2026-09-16T08:08:00Z,2026-09-16T10:08:00+02:00,55,ajuntament-mercat,237,55,182,76.8
2026-09-16T08:09:00Z,2026-09-16T10:09:00+02:00,53,dr-robert,407,84,323,79.4
2026-09-16T08:09:00Z,2026-09-16T10:09:00+02:00,54,placa-vella,297,78,219,73.7
2026-09-16T08:09:00Z,2026-09-16T10:09:00+02:00,55,ajuntament-mercat,237,55,182,76.8
2026-09-16T08:10:00Z,2026-09-16T10:10:00+02:00,53,dr-robert,407,81,326,80.1
2026-09-16T08:10:00Z,2026-09-16T10:10:00+02:00,54,placa-vella,297,71,226,76.1
2026-09-16T08:10:00Z,2026-09-16T10:10:00+02:00,55,ajuntament-mercat,237,54,183,77.2
2026-09-16T08:11:00Z,2026-09-16T10:11:00+02:00,53,dr-robert,407,81,326,80.1
2026-09-16T08:11:00Z,2026-09-16T10:11:00+02:00,54,placa-vella,297,71,226,76.1
2026-09-16T08:11:00Z,2026-09-16T10:11:00+02:00,55,ajuntament-mercat,237,54,183,77.2
2026-09-16T08:12:00Z,2026-09-16T10:12:00+02:00,53,dr-robert,407,81,326,80.1
2026-09-16T08:12:00Z,2026-09-16T10:12:00+02:00,54,placa-vella,297,71,226,76.1
2026-09-16T08:12:00Z,2026-09-16T10:12:00+02:00,55,ajuntament-mercat,237,54,183,77.2
2026-09-16T08:13:00Z,2026-09-16T10:13:00+02:00,53,dr-robert,407,81,326,80.1
2026-09-16T08:13:00Z,2026-09-16T10:13:00+02:00,54,placa-vella,297,71,226,76.1
2026-09-16T08:13:00Z,2026-09-16T10:13:00+02:00,55,ajuntament-mercat,237,54,183,77.2
2026-09-16T08:14:00Z,2026-09-16T10:14:00+02:00,53,dr-robert,407,81,326,80.1
2026-09-16T08:14:00Z,2026-09-16T10:14:00+02:00,54,placa-vella,297,71,226,76.1
2026-09-16T08:14:00Z,2026-09-16T10:14:00+02:00,55,ajuntament-mercat,237,54,183,77.2
2026-09-16T08:15:00Z,2026-09-16T10:15:00+02:00,53,dr-robert,407,77,330,81.1
2026-09-16T08:15:00Z,2026-09-16T10:15:00+02:00,54,placa-vella,297,67,230,77.4
2026-09-16T08:15:00Z,2026-09-16T10:15:00+02:00,55,ajuntament-mercat,237,52,185,78.1
2026-09-16T08:16:00Z,2026-09-16T10:16:00+02:00,53,dr-robert,407,77,330,81.1
2026-09-16T08:16:00Z,2026-09-16T10:16:00+02:00,54,placa-vella,297,67,230,77.4
2026-09-16T08:16:00Z,2026-09-16T10:16:00+02:00,55,ajuntament-mercat,237,52,185,78.1
2026-09-16T08:17:00Z,2026-09-16T10:17:00+02:00,53,dr-robert,407,77,330,81.1
2026-09-16T08:17:00Z,2026-09-16T10:17:00+02:00,54,placa-vella,297,67,230,77.4
2026-09-16T08:17:00Z,2026-09-16T10:17:00+02:00,55,ajuntament-mercat,237,52,185,78.1
2026-09-16T08:18:00Z,2026-09-16T10:18:00+02:00,53,dr-robert,407,77,330,81.1
2026-09-16T08:18:00Z,2026-09-16T10:18:00+02:00,54,placa-vella,297,67,230,77.4
2026-09-16T08:18:00Z,2026-09-16T10:18:00+02:00,55,ajuntament-mercat,237,52,185,78.1
2026-09-16T08:19:00Z,2026-09-16T10:19:00+02:00,53,dr-robert,407,77,330,81.1
2026-09-16T08:19:00Z,2026-09-16T10:19:00+02:00,54,placa-vella,297,67,230,77.4
2026-09-16T08:19:00Z,2026-09-16T10:19:00+02:00,55,ajuntament-mercat,237,52,185,78.1
2026-09-16T08:20:00Z,2026-09-16T10:20:00+02:00,53,dr-robert,407,79,328,80.6
2026-09-16T08:20:00Z,2026-09-16T10:20:00+02:00,54,placa-vella,297,64,233,78.5
2026-09-16T08:20:00Z,2026-09-16T10:20:00+02:00,55,ajuntament-mercat,237,54,183,77.2
2026-09-16T08:21:00Z,2026-09-16T10:21:00+02:00,53,dr-robert,407,79,328,80.6
2026-09-16T08:21:00Z,2026-09-16T10:21:00+02:00,54,placa-vella,297,64,233,78.5
2026-09-16T08:21:00Z,2026-09-16T10:21:00+02:00,55,ajuntament-mercat,237,54,183,77.2
2026-09-16T08:22:00Z,2026-09-16T10:22:00+02:00,53,dr-robert,407,79,328,80.6
2026-09-16T08:22:00Z,2026-09-16T10:22:00+02:00,54,placa-vella,297,64,233,78.5
2026-09-16T08:22:00Z,2026-09-16T10:22:00+02:00,55,ajuntament-mercat,237,54,183,77.2
2026-09-16T08:23:00Z,2026-09-16T10:23:00+02:00,53,dr-robert,407,79,328,80.6
2026-09-16T08:23:00Z,2026-09-16T10:23:00+02:00,54,placa-vella,297,64,233,78.5
2026-09-16T08:23:00Z,2026-09-16T10:23:00+02:00,55,ajuntament-mercat,237,54,183,77.2
2026-09-16T08:24:00Z,2026-09-16T10:24:00+02:00,53,dr-robert,407,79,328,80.6
2026-09-16T08:24:00Z,2026-09-16T10:24:00+02:00,54,placa-vella,297,64,233,78.5
2026-09-16T08:24:00Z,2026-09-16T10:24:00+02:00,55,ajuntament-mercat,237,54,183,77.2
2026-09-16T08:25:00Z,2026-09-16T10:25:00+02:00,53,dr-robert,407,79,328,80.6
2026-09-16T08:25:00Z,2026-09-16T10:25:00+02:00,54,placa-vella,297,63,234,78.8
2026-09-16T08:25:00Z,2026-09-16T10:25:00+02:00,55,ajuntament-mercat,237,50,187,78.9
2026-09-16T08:26:00Z,2026-09-16T10:26:00+02:00,53,dr-robert,407,79,328,80.6
2026-09-16T08:26:00Z,2026-09-16T10:26:00+02:00,54,placa-vella,297,63,234,78.8
2026-09-16T08:26:00Z,2026-09-16T10:26:00+02:00,55,ajuntament-mercat,237,50,187,78.9
2026-09-16T08:27:00Z,2026-09-16T10:27:00+02:00,53,dr-robert,407,79,328,80.6
2026-09-16T08:27:00Z,2026-09-16T10:27:00+02:00,54,placa-vella,297,63,234,78.8
2026-09-16T08:27:00Z,2026-09-16T10:27:00+02:00,55,ajuntament-mercat,237,50,187,78.9
2026-09-16T08:28:00Z,2026-09-16T10:28:00+02:00,53,dr-robert,407,79,328,80.6
2026-09-16T08:28:00Z,2026-09-16T10:28:00+02:00,54,placa-vella,297,63,234,78.8
2026-09-16T08:28:00Z,2026-09-16T10:28:00+02:00,55,ajuntament-mercat,237,50,187,78.9
2026-09-16T08:29:00Z,2026-09-16T10:29:00+02:00,53,dr-robert,407,79,328,80.6
2026-09-16T08:29:00Z,2026-09-16T10:29:00+02:00,54,placa-vella,297,63,234,78.8
2026-09-16T08:29:00Z,2026-09-16T10:29:00+02:00,55,ajuntament-mercat,237,50,187,78.9
2026-09-16T08:30:00Z,2026-09-16T10:30:00+02:00,53,dr-robert,407,74,333,81.8
2026-09-16T08:30:00Z,2026-09-16T10:30:00+02:00,54,placa-vella,297,64,233,78.5
2026-09-16T08:30:00Z,2026-09-16T10:30:00+02:00,55,ajuntament-mercat,237,51,186,78.5
2026-09-16T08:31:00Z,2026-09-16T10:31:00+02:00,53,dr-robert,407,74,333,81.8
2026-09-16T08:31:00Z,2026-09-16T10:31:00+02:00,54,placa-vella,297,64,233,78.5
2026-09-16T08:31:00Z,2026-09-16T10:31:00+02:00,55,ajuntament-mercat,237,51,186,78.5
2026-09-16T08:32:00Z,2026-09-16T10:32:00+02:00,53,dr-robert,407,74,333,81.8
2026-09-16T08:32:00Z,2026-09-16T10:32:00+02:00,54,placa-vella,297,64,233,78.5
2026-09-16T08:32:00Z,2026-09-16T10:32:00+02:00,55,ajuntament-mercat,237,51,186,78.5
2026-09-16T08:33:00Z,2026-09-16T10:33:00+02:00,53,dr-robert,407,74,333,81.8
2026-09-16T08:33:00Z,2026-09-16T10:33:00+02:00,54,placa-vella,297,64,233,78.5
2026-09-16T08:33:00Z,2026-09-16T10:33:00+02:00,55,ajuntament-mercat,237,51,186,78.5
2026-09-16T08:34:00Z,2026-09-16T10:34:00+02:00,53,dr-robert,407,74,333,81.8
2026-09-16T08:34:00Z,2026-09-16T10:34:00+02:00,54,placa-vella,297,64,233,78.5
2026-09-16T08:34:00Z,2026-09-16T10:34:00+02:00,55,ajuntament-mercat,237,51,186,78.5
2026-09-16T08:35:00Z,2026-09-16T10:35:00+02:00,53,dr-robert,407,74,333,81.8
2026-09-16T08:35:00Z,2026-09-16T10:35:00+02:00,54,placa-vella,297,64,233,78.5
2026-09-16T08:35:00Z,2026-09-16T10:35:00+02:00,55,ajuntament-mercat,237,51,186,78.5
2026-09-16T08:36:00Z,2026-09-16T10:36:00+02:00,53,dr-robert,407,71,336,82.6
2026-09-16T08:36:00Z,2026-09-16T10:36:00+02:00,54,placa-vella,297,65,232,78.1
2026-09-16T08:36:00Z,2026-09-16T10:36:00+02:00,55,ajuntament-mercat,237,55,182,76.8
2026-09-16T08:37:00Z,2026-09-16T10:37:00+02:00,53,dr-robert,407,71,336,82.6
2026-09-16T08:37:00Z,2026-09-16T10:37:00+02:00,54,placa-vella,297,65,232,78.1
2026-09-16T08:37:00Z,2026-09-16T10:37:00+02:00,55,ajuntament-mercat,237,55,182,76.8
2026-09-16T08:38:00Z,2026-09-16T10:38:00+02:00,53,dr-robert,407,71,336,82.6
2026-09-16T08:38:00Z,2026-09-16T10:38:00+02:00,54,placa-vella,297,65,232,78.1
2026-09-16T08:38:00Z,2026-09-16T10:38:00+02:00,55,ajuntament-mercat,237,55,182,76.8
2026-09-16T08:39:00Z,2026-09-16T10:39:00+02:00,53,dr-robert,407,71,336,82.6
2026-09-16T08:39:00Z,2026-09-16T10:39:00+02:00,54,placa-vella,297,65,232,78.1
2026-09-16T08:39:00Z,2026-09-16T10:39:00+02:00,55,ajuntament-mercat,237,55,182,76.8
2026-09-16T08:40:00Z,2026-09-16T10:40:00+02:00,53,dr-robert,407,75,332,81.6
2026-09-16T08:40:00Z,2026-09-16T10:40:00+02:00,54,placa-vella,297,65,232,78.1
2026-09-16T08:40:00Z,2026-09-16T10:40:00+02:00,55,ajuntament-mercat,237,56,181,76.4
2026-09-16T08:41:00Z,2026-09-16T10:41:00+02:00,53,dr-robert,407,75,332,81.6
2026-09-16T08:41:00Z,2026-09-16T10:41:00+02:00,54,placa-vella,297,65,232,78.1
2026-09-16T08:41:00Z,2026-09-16T10:41:00+02:00,55,ajuntament-mercat,237,56,181,76.4
2026-09-16T08:42:00Z,2026-09-16T10:42:00+02:00,53,dr-robert,407,75,332,81.6
2026-09-16T08:42:00Z,2026-09-16T10:42:00+02:00,54,placa-vella,297,65,232,78.1
2026-09-16T08:42:00Z,2026-09-16T10:42:00+02:00,55,ajuntament-mercat,237,56,181,76.4
2026-09-16T08:43:00Z,2026-09-16T10:43:00+02:00,53,dr-robert,407,75,332,81.6
2026-09-16T08:43:00Z,2026-09-16T10:43:00+02:00,54,placa-vella,297,65,232,78.1
2026-09-16T08:43:00Z,2026-09-16T10:43:00+02:00,55,ajuntament-mercat,237,56,181,76.4
2026-09-16T08:44:00Z,2026-09-16T10:44:00+02:00,53,dr-robert,407,75,332,81.6
2026-09-16T08:44:00Z,2026-09-16T10:44:00+02:00,54,placa-vella,297,65,232,78.1
2026-09-16T08:44:00Z,2026-09-16T10:44:00+02:00,55,ajuntament-mercat,237,56,181,76.4
2026-09-16T08:45:00Z,2026-09-16T10:45:00+02:00,53,dr-robert,407,72,335,82.3
2026-09-16T08:45:00Z,2026-09-16T10:45:00+02:00,54,placa-vella,297,67,230,77.4
2026-09-16T08:45:00Z,2026-09-16T10:45:00+02:00,55,ajuntament-mercat,237,55,182,76.8
2026-09-16T08:46:00Z,2026-09-16T10:46:00+02:00,53,dr-robert,407,72,335,82.3
2026-09-16T08:46:00Z,2026-09-16T10:46:00+02:00,54,placa-vella,297,67,230,77.4
2026-09-16T08:46:00Z,2026-09-16T10:46:00+02:00,55,ajuntament-mercat,237,55,182,76.8
2026-09-16T08:47:00Z,2026-09-16T10:47:00+02:00,53,dr-robert,407,72,335,82.3
2026-09-16T08:47:00Z,2026-09-16T10:47:00+02:00,54,placa-vella,297,67,230,77.4
2026-09-16T08:47:00Z,2026-09-16T10:47:00+02:00,55,ajuntament-mercat,237,55,182,76.8
2026-09-16T08:48:00Z,2026-09-16T10:48:00+02:00,53,dr-robert,407,72,335,82.3
2026-09-16T08:48:00Z,2026-09-16T10:48:00+02:00,54,placa-vella,297,67,230,77.4
2026-09-16T08:48:00Z,2026-09-16T10:48:00+02:00,55,ajuntament-mercat,237,55,182,76.8
2026-09-16T08:49:00Z,2026-09-16T10:49:00+02:00,53,dr-robert,407,72,335,82.3
2026-09-16T08:49:00Z,2026-09-16T10:49:00+02:00,54,placa-vella,297,67,230,77.4
2026-09-16T08:49:00Z,2026-09-16T10:49:00+02:00,55,ajuntament-mercat,237,55,182,76.8
2026-09-16T08:50:00Z,2026-09-16T10:50:00+02:00,53,dr-robert,407,71,336,82.6
2026-09-16T08:50:00Z,2026-09-16T10:50:00+02:00,54,placa-vella,297,65,232,78.1
2026-09-16T08:50:00Z,2026-09-16T10:50:00+02:00,55,ajuntament-mercat,237,53,184,77.6
2026-09-16T08:51:00Z,2026-09-16T10:51:00+02:00,53,dr-robert,407,71,336,82.6
2026-09-16T08:51:00Z,2026-09-16T10:51:00+02:00,54,placa-vella,297,65,232,78.1
2026-09-16T08:51:00Z,2026-09-16T10:51:00+02:00,55,ajuntament-mercat,237,53,184,77.6
2026-09-16T08:52:00Z,2026-09-16T10:52:00+02:00,53,dr-robert,407,71,336,82.6
2026-09-16T08:52:00Z,2026-09-16T10:52:00+02:00,54,placa-vella,297,65,232,78.1
2026-09-16T08:52:00Z,2026-09-16T10:52:00+02:00,55,ajuntament-mercat,237,53,184,77.6
2026-09-16T08:53:00Z,2026-09-16T10:53:00+02:00,53,dr-robert,407,71,336,82.6
2026-09-16T08:53:00Z,2026-09-16T10:53:00+02:00,54,placa-vella,297,65,232,78.1
2026-09-16T08:53:00Z,2026-09-16T10:53:00+02:00,55,ajuntament-mercat,237,53,184,77.6
2026-09-16T08:54:00Z,2026-09-16T10:54:00+02:00,53,dr-robert,407,71,336,82.6
2026-09-16T08:54:00Z,2026-09-16T10:54:00+02:00,54,placa-vella,297,65,232,78.1
2026-09-16T08:54:00Z,2026-09-16T10:54:00+02:00,55,ajuntament-mercat,237,53,184,77.6
2026-09-16T08:55:00Z,2026-09-16T10:55:00+02:00,53,dr-robert,407,73,334,82.1
2026-09-16T08:55:00Z,2026-09-16T10:55:00+02:00,54,placa-vella,297,64,233,78.5
2026-09-16T08:55:00Z,2026-09-16T10:55:00+02:00,55,ajuntament-mercat,237,51,186,78.5
2026-09-16T08:56:00Z,2026-09-16T10:56:00+02:00,53,dr-robert,407,73,334,82.1
2026-09-16T08:56:00Z,2026-09-16T10:56:00+02:00,54,placa-vella,297,64,233,78.5
2026-09-16T08:56:00Z,2026-09-16T10:56:00+02:00,55,ajuntament-mercat,237,51,186,78.5
2026-09-16T08:57:00Z,2026-09-16T10:57:00+02:00,53,dr-robert,407,73,334,82.1
2026-09-16T08:57:00Z,2026-09-16T10:57:00+02:00,54,placa-vella,297,64,233,78.5
2026-09-16T08:57:00Z,2026-09-16T10:57:00+02:00,55,ajuntament-mercat,237,51,186,78.5
2026-09-16T08:58:00Z,2026-09-16T10:58:00+02:00,53,dr-robert,407,73,334,82.1
2026-09-16T08:58:00Z,2026-09-16T10:58:00+02:00,54,placa-vella,297,64,233,78.5
2026-09-16T08:58:00Z,2026-09-16T10:58:00+02:00,55,ajuntament-mercat,237,51,186,78.5
2026-09-16T08:59:00Z,2026-09-16T10:59:00+02:00,53,dr-robert,407,73,334,82.1
2026-09-16T08:59:00Z,2026-09-16T10:59:00+02:00,54,placa-vella,297,64,233,78.5
2026-09-16T08:59:00Z,2026-09-16T10:59:00+02:00,55,ajuntament-mercat,237,51,186,78.5
2026-09-16T09:00:00Z,2026-09-16T11:00:00+02:00,53,dr-robert,407,73,334,82.1
2026-09-16T09:00:00Z,2026-09-16T11:00:00+02:00,54,placa-vella,297,64,233,78.5
2026-09-16T09:00:00Z,2026-09-16T11:00:00+02:00,55,ajuntament-mercat,237,51,186,78.5
2026-09-16T09:01:00Z,2026-09-16T11:01:00+02:00,53,dr-robert,407,66,341,83.8
2026-09-16T09:01:00Z,2026-09-16T11:01:00+02:00,54,placa-vella,297,65,232,78.1
2026-09-16T09:01:00Z,2026-09-16T11:01:00+02:00,55,ajuntament-mercat,237,48,189,79.7
2026-09-16T09:02:00Z,2026-09-16T11:02:00+02:00,53,dr-robert,407,66,341,83.8
2026-09-16T09:02:00Z,2026-09-16T11:02:00+02:00,54,placa-vella,297,65,232,78.1
2026-09-16T09:02:00Z,2026-09-16T11:02:00+02:00,55,ajuntament-mercat,237,48,189,79.7
2026-09-16T09:03:00Z,2026-09-16T11:03:00+02:00,53,dr-robert,407,66,341,83.8
2026-09-16T09:03:00Z,2026-09-16T11:03:00+02:00,54,placa-vella,297,65,232,78.1
2026-09-16T09:03:00Z,2026-09-16T11:03:00+02:00,55,ajuntament-mercat,237,48,189,79.7
2026-09-16T09:04:00Z,2026-09-16T11:04:00+02:00,53,dr-robert,407,66,341,83.8
2026-09-16T09:04:00Z,2026-09-16T11:04:00+02:00,54,placa-vella,297,65,232,78.1
2026-09-16T09:04:00Z,2026-09-16T11:04:00+02:00,55,ajuntament-mercat,237,48,189,79.7
2026-09-16T09:05:00Z,2026-09-16T11:05:00+02:00,53,dr-robert,407,68,339,83.3
2026-09-16T09:05:00Z,2026-09-16T11:05:00+02:00,54,placa-vella,297,65,232,78.1
2026-09-16T09:05:00Z,2026-09-16T11:05:00+02:00,55,ajuntament-mercat,237,48,189,79.7
2026-09-16T09:06:00Z,2026-09-16T11:06:00+02:00,53,dr-robert,407,68,339,83.3
2026-09-16T09:06:00Z,2026-09-16T11:06:00+02:00,54,placa-vella,297,65,232,78.1
2026-09-16T09:06:00Z,2026-09-16T11:06:00+02:00,55,ajuntament-mercat,237,48,189,79.7
2026-09-16T09:07:00Z,2026-09-16T11:07:00+02:00,53,dr-robert,407,68,339,83.3
2026-09-16T09:07:00Z,2026-09-16T11:07:00+02:00,54,placa-vella,297,65,232,78.1
2026-09-16T09:07:00Z,2026-09-16T11:07:00+02:00,55,ajuntament-mercat,237,48,189,79.7
2026-09-16T09:08:00Z,2026-09-16T11:08:00+02:00,53,dr-robert,407,68,339,83.3
2026-09-16T09:08:00Z,2026-09-16T11:08:00+02:00,54,placa-vella,297,65,232,78.1
2026-09-16T09:08:00Z,2026-09-16T11:08:00+02:00,55,ajuntament-mercat,237,48,189,79.7
2026-09-16T09:09:00Z,2026-09-16T11:09:00+02:00,53,dr-robert,407,68,339,83.3
2026-09-16T09:09:00Z,2026-09-16T11:09:00+02:00,54,placa-vella,297,65,232,78.1
2026-09-16T09:09:00Z,2026-09-16T11:09:00+02:00,55,ajuntament-mercat,237,48,189,79.7
2026-09-16T09:10:00Z,2026-09-16T11:10:00+02:00,53,dr-robert,407,65,342,84
2026-09-16T09:10:00Z,2026-09-16T11:10:00+02:00,54,placa-vella,297,61,236,79.5
2026-09-16T09:10:00Z,2026-09-16T11:10:00+02:00,55,ajuntament-mercat,237,48,189,79.7
2026-09-16T09:11:00Z,2026-09-16T11:11:00+02:00,53,dr-robert,407,65,342,84
2026-09-16T09:11:00Z,2026-09-16T11:11:00+02:00,54,placa-vella,297,61,236,79.5
2026-09-16T09:11:00Z,2026-09-16T11:11:00+02:00,55,ajuntament-mercat,237,48,189,79.7
2026-09-16T09:12:00Z,2026-09-16T11:12:00+02:00,53,dr-robert,407,65,342,84
2026-09-16T09:12:00Z,2026-09-16T11:12:00+02:00,54,placa-vella,297,61,236,79.5
2026-09-16T09:12:00Z,2026-09-16T11:12:00+02:00,55,ajuntament-mercat,237,48,189,79.7
2026-09-16T09:13:00Z,2026-09-16T11:13:00+02:00,53,dr-robert,407,65,342,84
2026-09-16T09:13:00Z,2026-09-16T11:13:00+02:00,54,placa-vella,297,61,236,79.5
2026-09-16T09:13:00Z,2026-09-16T11:13:00+02:00,55,ajuntament-mercat,237,48,189,79.7
2026-09-16T09:14:00Z,2026-09-16T11:14:00+02:00,53,dr-robert,407,65,342,84
2026-09-16T09:14:00Z,2026-09-16T11:14:00+02:00,54,placa-vella,297,61,236,79.5
2026-09-16T09:14:00Z,2026-09-16T11:14:00+02:00,55,ajuntament-mercat,237,48,189,79.7
2026-09-16T09:15:00Z,2026-09-16T11:15:00+02:00,53,dr-robert,407,58,349,85.7
2026-09-16T09:15:00Z,2026-09-16T11:15:00+02:00,54,placa-vella,297,60,237,79.8
2026-09-16T09:15:00Z,2026-09-16T11:15:00+02:00,55,ajuntament-mercat,237,48,189,79.7
2026-09-16T09:16:00Z,2026-09-16T11:16:00+02:00,53,dr-robert,407,58,349,85.7
2026-09-16T09:16:00Z,2026-09-16T11:16:00+02:00,54,placa-vella,297,60,237,79.8
2026-09-16T09:16:00Z,2026-09-16T11:16:00+02:00,55,ajuntament-mercat,237,48,189,79.7
2026-09-16T09:17:00Z,2026-09-16T11:17:00+02:00,53,dr-robert,407,58,349,85.7
2026-09-16T09:17:00Z,2026-09-16T11:17:00+02:00,54,placa-vella,297,60,237,79.8
2026-09-16T09:17:00Z,2026-09-16T11:17:00+02:00,55,ajuntament-mercat,237,48,189,79.7
2026-09-16T09:18:00Z,2026-09-16T11:18:00+02:00,53,dr-robert,407,58,349,85.7
2026-09-16T09:18:00Z,2026-09-16T11:18:00+02:00,54,placa-vella,297,60,237,79.8
2026-09-16T09:18:00Z,2026-09-16T11:18:00+02:00,55,ajuntament-mercat,237,48,189,79.7
2026-09-16T09:19:00Z,2026-09-16T11:19:00+02:00,53,dr-robert,407,58,349,85.7
2026-09-16T09:19:00Z,2026-09-16T11:19:00+02:00,54,placa-vella,297,60,237,79.8
2026-09-16T09:19:00Z,2026-09-16T11:19:00+02:00,55,ajuntament-mercat,237,48,189,79.7
2026-09-16T09:20:00Z,2026-09-16T11:20:00+02:00,53,dr-robert,407,61,346,85
2026-09-16T09:20:00Z,2026-09-16T11:20:00+02:00,54,placa-vella,297,63,234,78.8
2026-09-16T09:20:00Z,2026-09-16T11:20:00+02:00,55,ajuntament-mercat,237,47,190,80.2
2026-09-16T09:21:00Z,2026-09-16T11:21:00+02:00,53,dr-robert,407,61,346,85
2026-09-16T09:21:00Z,2026-09-16T11:21:00+02:00,54,placa-vella,297,63,234,78.8
2026-09-16T09:21:00Z,2026-09-16T11:21:00+02:00,55,ajuntament-mercat,237,47,190,80.2
2026-09-16T09:22:00Z,2026-09-16T11:22:00+02:00,53,dr-robert,407,61,346,85
2026-09-16T09:22:00Z,2026-09-16T11:22:00+02:00,54,placa-vella,297,63,234,78.8
2026-09-16T09:22:00Z,2026-09-16T11:22:00+02:00,55,ajuntament-mercat,237,47,190,80.2
2026-09-16T09:23:00Z,2026-09-16T11:23:00+02:00,53,dr-robert,407,61,346,85
2026-09-16T09:23:00Z,2026-09-16T11:23:00+02:00,54,placa-vella,297,63,234,78.8
2026-09-16T09:23:00Z,2026-09-16T11:23:00+02:00,55,ajuntament-mercat,237,47,190,80.2
2026-09-16T09:24:00Z,2026-09-16T11:24:00+02:00,53,dr-robert,407,61,346,85
2026-09-16T09:24:00Z,2026-09-16T11:24:00+02:00,54,placa-vella,297,63,234,78.8
2026-09-16T09:24:00Z,2026-09-16T11:24:00+02:00,55,ajuntament-mercat,237,47,190,80.2
2026-09-16T09:25:00Z,2026-09-16T11:25:00+02:00,53,dr-robert,407,68,339,83.3
2026-09-16T09:25:00Z,2026-09-16T11:25:00+02:00,54,placa-vella,297,55,242,81.5
2026-09-16T09:25:00Z,2026-09-16T11:25:00+02:00,55,ajuntament-mercat,237,47,190,80.2
2026-09-16T09:26:00Z,2026-09-16T11:26:00+02:00,53,dr-robert,407,68,339,83.3
2026-09-16T09:26:00Z,2026-09-16T11:26:00+02:00,54,placa-vella,297,55,242,81.5
2026-09-16T09:26:00Z,2026-09-16T11:26:00+02:00,55,ajuntament-mercat,237,47,190,80.2
2026-09-16T09:27:00Z,2026-09-16T11:27:00+02:00,53,dr-robert,407,68,339,83.3
2026-09-16T09:27:00Z,2026-09-16T11:27:00+02:00,54,placa-vella,297,55,242,81.5
2026-09-16T09:27:00Z,2026-09-16T11:27:00+02:00,55,ajuntament-mercat,237,47,190,80.2
2026-09-16T09:28:00Z,2026-09-16T11:28:00+02:00,53,dr-robert,407,68,339,83.3
2026-09-16T09:28:00Z,2026-09-16T11:28:00+02:00,54,placa-vella,297,55,242,81.5
2026-09-16T09:28:00Z,2026-09-16T11:28:00+02:00,55,ajuntament-mercat,237,47,190,80.2
2026-09-16T09:29:00Z,2026-09-16T11:29:00+02:00,53,dr-robert,407,68,339,83.3
2026-09-16T09:29:00Z,2026-09-16T11:29:00+02:00,54,placa-vella,297,55,242,81.5
2026-09-16T09:29:00Z,2026-09-16T11:29:00+02:00,55,ajuntament-mercat,237,47,190,80.2
2026-09-16T09:30:00Z,2026-09-16T11:30:00+02:00,53,dr-robert,407,68,339,83.3
2026-09-16T09:30:00Z,2026-09-16T11:30:00+02:00,54,placa-vella,297,52,245,82.5
2026-09-16T09:30:00Z,2026-09-16T11:30:00+02:00,55,ajuntament-mercat,237,44,193,81.4
2026-09-16T09:31:00Z,2026-09-16T11:31:00+02:00,53,dr-robert,407,68,339,83.3
2026-09-16T09:31:00Z,2026-09-16T11:31:00+02:00,54,placa-vella,297,52,245,82.5
2026-09-16T09:31:00Z,2026-09-16T11:31:00+02:00,55,ajuntament-mercat,237,44,193,81.4
2026-09-16T09:32:00Z,2026-09-16T11:32:00+02:00,53,dr-robert,407,68,339,83.3
2026-09-16T09:32:00Z,2026-09-16T11:32:00+02:00,54,placa-vella,297,52,245,82.5
2026-09-16T09:32:00Z,2026-09-16T11:32:00+02:00,55,ajuntament-mercat,237,44,193,81.4
2026-09-16T09:33:00Z,2026-09-16T11:33:00+02:00,53,dr-robert,407,68,339,83.3
2026-09-16T09:33:00Z,2026-09-16T11:33:00+02:00,54,placa-vella,297,52,245,82.5
2026-09-16T09:33:00Z,2026-09-16T11:33:00+02:00,55,ajuntament-mercat,237,44,193,81.4
2026-09-16T09:34:00Z,2026-09-16T11:34:00+02:00,53,dr-robert,407,68,339,83.3
2026-09-16T09:34:00Z,2026-09-16T11:34:00+02:00,54,placa-vella,297,52,245,82.5
2026-09-16T09:34:00Z,2026-09-16T11:34:00+02:00,55,ajuntament-mercat,237,44,193,81.4
2026-09-16T09:35:00Z,2026-09-16T11:35:00+02:00,53,dr-robert,407,65,342,84
2026-09-16T09:35:00Z,2026-09-16T11:35:00+02:00,54,placa-vella,297,55,242,81.5
2026-09-16T09:35:00Z,2026-09-16T11:35:00+02:00,55,ajuntament-mercat,237,44,193,81.4
2026-09-16T09:36:00Z,2026-09-16T11:36:00+02:00,53,dr-robert,407,65,342,84
2026-09-16T09:36:00Z,2026-09-16T11:36:00+02:00,54,placa-vella,297,55,242,81.5
2026-09-16T09:36:00Z,2026-09-16T11:36:00+02:00,55,ajuntament-mercat,237,44,193,81.4
2026-09-16T09:37:00Z,2026-09-16T11:37:00+02:00,53,dr-robert,407,65,342,84
2026-09-16T09:37:00Z,2026-09-16T11:37:00+02:00,54,placa-vella,297,55,242,81.5
2026-09-16T09:37:00Z,2026-09-16T11:37:00+02:00,55,ajuntament-mercat,237,44,193,81.4
2026-09-16T09:38:00Z,2026-09-16T11:38:00+02:00,53,dr-robert,407,65,342,84
2026-09-16T09:38:00Z,2026-09-16T11:38:00+02:00,54,placa-vella,297,55,242,81.5
2026-09-16T09:38:00Z,2026-09-16T11:38:00+02:00,55,ajuntament-mercat,237,44,193,81.4
2026-09-16T09:39:00Z,2026-09-16T11:39:00+02:00,53,dr-robert,407,65,342,84
2026-09-16T09:39:00Z,2026-09-16T11:39:00+02:00,54,placa-vella,297,55,242,81.5
2026-09-16T09:39:00Z,2026-09-16T11:39:00+02:00,55,ajuntament-mercat,237,44,193,81.4
2026-09-16T09:45:00Z,2026-09-16T11:45:00+02:00,53,dr-robert,407,69,338,83
2026-09-16T09:45:00Z,2026-09-16T11:45:00+02:00,54,placa-vella,297,65,232,78.1
2026-09-16T09:45:00Z,2026-09-16T11:45:00+02:00,55,ajuntament-mercat,237,48,189,79.7
2026-09-16T09:46:00Z,2026-09-16T11:46:00+02:00,53,dr-robert,407,69,338,83
2026-09-16T09:46:00Z,2026-09-16T11:46:00+02:00,54,placa-vella,297,65,232,78.1
2026-09-16T09:46:00Z,2026-09-16T11:46:00+02:00,55,ajuntament-mercat,237,48,189,79.7
2026-09-16T09:47:00Z,2026-09-16T11:47:00+02:00,53,dr-robert,407,69,338,83
2026-09-16T09:47:00Z,2026-09-16T11:47:00+02:00,54,placa-vella,297,65,232,78.1
2026-09-16T09:47:00Z,2026-09-16T11:47:00+02:00,55,ajuntament-mercat,237,48,189,79.7
2026-09-16T09:48:00Z,2026-09-16T11:48:00+02:00,53,dr-robert,407,69,338,83
2026-09-16T09:48:00Z,2026-09-16T11:48:00+02:00,54,placa-vella,297,65,232,78.1
2026-09-16T09:48:00Z,2026-09-16T11:48:00+02:00,55,ajuntament-mercat,237,48,189,79.7
2026-09-16T09:49:00Z,2026-09-16T11:49:00+02:00,53,dr-robert,407,69,338,83
2026-09-16T09:49:00Z,2026-09-16T11:49:00+02:00,54,placa-vella,297,65,232,78.1
2026-09-16T09:49:00Z,2026-09-16T11:49:00+02:00,55,ajuntament-mercat,237,48,189,79.7
2026-09-16T09:50:00Z,2026-09-16T11:50:00+02:00,53,dr-robert,407,60,347,85.3
2026-09-16T09:50:00Z,2026-09-16T11:50:00+02:00,54,placa-vella,297,66,231,77.8
2026-09-16T09:50:00Z,2026-09-16T11:50:00+02:00,55,ajuntament-mercat,237,50,187,78.9
2026-09-16T09:51:00Z,2026-09-16T11:51:00+02:00,53,dr-robert,407,60,347,85.3
2026-09-16T09:51:00Z,2026-09-16T11:51:00+02:00,54,placa-vella,297,66,231,77.8
2026-09-16T09:51:00Z,2026-09-16T11:51:00+02:00,55,ajuntament-mercat,237,50,187,78.9
2026-09-16T09:52:00Z,2026-09-16T11:52:00+02:00,53,dr-robert,407,60,347,85.3
2026-09-16T09:52:00Z,2026-09-16T11:52:00+02:00,54,placa-vella,297,66,231,77.8
2026-09-16T09:52:00Z,2026-09-16T11:52:00+02:00,55,ajuntament-mercat,237,50,187,78.9
2026-09-16T09:53:00Z,2026-09-16T11:53:00+02:00,53,dr-robert,407,60,347,85.3
2026-09-16T09:53:00Z,2026-09-16T11:53:00+02:00,54,placa-vella,297,66,231,77.8
2026-09-16T09:53:00Z,2026-09-16T11:53:00+02:00,55,ajuntament-mercat,237,50,187,78.9
2026-09-16T09:54:00Z,2026-09-16T11:54:00+02:00,53,dr-robert,407,60,347,85.3
2026-09-16T09:54:00Z,2026-09-16T11:54:00+02:00,54,placa-vella,297,66,231,77.8
2026-09-16T09:54:00Z,2026-09-16T11:54:00+02:00,55,ajuntament-mercat,237,50,187,78.9
2026-09-16T09:55:00Z,2026-09-16T11:55:00+02:00,53,dr-robert,407,58,349,85.7
2026-09-16T09:55:00Z,2026-09-16T11:55:00+02:00,54,placa-vella,297,64,233,78.5
2026-09-16T09:55:00Z,2026-09-16T11:55:00+02:00,55,ajuntament-mercat,237,49,188,79.3
2026-09-16T09:56:00Z,2026-09-16T11:56:00+02:00,53,dr-robert,407,58,349,85.7
2026-09-16T09:56:00Z,2026-09-16T11:56:00+02:00,54,placa-vella,297,64,233,78.5
2026-09-16T09:56:00Z,2026-09-16T11:56:00+02:00,55,ajuntament-mercat,237,49,188,79.3
2026-09-16T09:57:00Z,2026-09-16T11:57:00+02:00,53,dr-robert,407,58,349,85.7
2026-09-16T09:57:00Z,2026-09-16T11:57:00+02:00,54,placa-vella,297,64,233,78.5
2026-09-16T09:57:00Z,2026-09-16T11:57:00+02:00,55,ajuntament-mercat,237,49,188,79.3
2026-09-16T09:58:00Z,2026-09-16T11:58:00+02:00,53,dr-robert,407,58,349,85.7
2026-09-16T09:58:00Z,2026-09-16T11:58:00+02:00,54,placa-vella,297,64,233,78.5
2026-09-16T09:58:00Z,2026-09-16T11:58:00+02:00,55,ajuntament-mercat,237,49,188,79.3
2026-09-16T09:59:00Z,2026-09-16T11:59:00+02:00,53,dr-robert,407,58,349,85.7
2026-09-16T09:59:00Z,2026-09-16T11:59:00+02:00,54,placa-vella,297,64,233,78.5
2026-09-16T09:59:00Z,2026-09-16T11:59:00+02:00,55,ajuntament-mercat,237,49,188,79.3
2026-09-16T10:00:00Z,2026-09-16T12:00:00+02:00,53,dr-robert,407,58,349,85.7
2026-09-16T10:00:00Z,2026-09-16T12:00:00+02:00,54,placa-vella,297,64,233,78.5
2026-09-16T10:00:00Z,2026-09-16T12:00:00+02:00,55,ajuntament-mercat,237,49,188,79.3
2026-09-16T10:01:00Z,2026-09-16T12:01:00+02:00,53,dr-robert,407,58,349,85.7
2026-09-16T10:01:00Z,2026-09-16T12:01:00+02:00,54,placa-vella,297,64,233,78.5
2026-09-16T10:01:00Z,2026-09-16T12:01:00+02:00,55,ajuntament-mercat,237,49,188,79.3
2026-09-16T10:02:00Z,2026-09-16T12:02:00+02:00,53,dr-robert,407,55,352,86.5
2026-09-16T10:02:00Z,2026-09-16T12:02:00+02:00,54,placa-vella,297,60,237,79.8
2026-09-16T10:02:00Z,2026-09-16T12:02:00+02:00,55,ajuntament-mercat,237,47,190,80.2
2026-09-16T10:03:00Z,2026-09-16T12:03:00+02:00,53,dr-robert,407,55,352,86.5
2026-09-16T10:03:00Z,2026-09-16T12:03:00+02:00,54,placa-vella,297,60,237,79.8
2026-09-16T10:03:00Z,2026-09-16T12:03:00+02:00,55,ajuntament-mercat,237,47,190,80.2
2026-09-16T10:04:00Z,2026-09-16T12:04:00+02:00,53,dr-robert,407,55,352,86.5
2026-09-16T10:04:00Z,2026-09-16T12:04:00+02:00,54,placa-vella,297,60,237,79.8
2026-09-16T10:04:00Z,2026-09-16T12:04:00+02:00,55,ajuntament-mercat,237,47,190,80.2
2026-09-16T10:05:00Z,2026-09-16T12:05:00+02:00,53,dr-robert,407,55,352,86.5
2026-09-16T10:05:00Z,2026-09-16T12:05:00+02:00,54,placa-vella,297,60,237,79.8
2026-09-16T10:05:00Z,2026-09-16T12:05:00+02:00,55,ajuntament-mercat,237,47,190,80.2
2026-09-16T10:06:00Z,2026-09-16T12:06:00+02:00,53,dr-robert,407,55,352,86.5
2026-09-16T10:06:00Z,2026-09-16T12:06:00+02:00,54,placa-vella,297,60,237,79.8
2026-09-16T10:06:00Z,2026-09-16T12:06:00+02:00,55,ajuntament-mercat,237,47,190,80.2
2026-09-16T10:07:00Z,2026-09-16T12:07:00+02:00,53,dr-robert,407,52,355,87.2
2026-09-16T10:07:00Z,2026-09-16T12:07:00+02:00,54,placa-vella,297,60,237,79.8
2026-09-16T10:07:00Z,2026-09-16T12:07:00+02:00,55,ajuntament-mercat,237,47,190,80.2
2026-09-16T10:08:00Z,2026-09-16T12:08:00+02:00,53,dr-robert,407,52,355,87.2
2026-09-16T10:08:00Z,2026-09-16T12:08:00+02:00,54,placa-vella,297,60,237,79.8
2026-09-16T10:08:00Z,2026-09-16T12:08:00+02:00,55,ajuntament-mercat,237,47,190,80.2
2026-09-16T10:09:00Z,2026-09-16T12:09:00+02:00,53,dr-robert,407,52,355,87.2
2026-09-16T10:09:00Z,2026-09-16T12:09:00+02:00,54,placa-vella,297,60,237,79.8
2026-09-16T10:09:00Z,2026-09-16T12:09:00+02:00,55,ajuntament-mercat,237,47,190,80.2
2026-09-16T10:10:00Z,2026-09-16T12:10:00+02:00,53,dr-robert,407,57,350,86
2026-09-16T10:10:00Z,2026-09-16T12:10:00+02:00,54,placa-vella,297,60,237,79.8
2026-09-16T10:10:00Z,2026-09-16T12:10:00+02:00,55,ajuntament-mercat,237,47,190,80.2
2026-09-16T10:11:00Z,2026-09-16T12:11:00+02:00,53,dr-robert,407,57,350,86
2026-09-16T10:11:00Z,2026-09-16T12:11:00+02:00,54,placa-vella,297,60,237,79.8
2026-09-16T10:11:00Z,2026-09-16T12:11:00+02:00,55,ajuntament-mercat,237,47,190,80.2
2026-09-16T10:12:00Z,2026-09-16T12:12:00+02:00,53,dr-robert,407,57,350,86
2026-09-16T10:12:00Z,2026-09-16T12:12:00+02:00,54,placa-vella,297,60,237,79.8
2026-09-16T10:12:00Z,2026-09-16T12:12:00+02:00,55,ajuntament-mercat,237,47,190,80.2
2026-09-16T10:13:00Z,2026-09-16T12:13:00+02:00,53,dr-robert,407,57,350,86
2026-09-16T10:13:00Z,2026-09-16T12:13:00+02:00,54,placa-vella,297,60,237,79.8
2026-09-16T10:13:00Z,2026-09-16T12:13:00+02:00,55,ajuntament-mercat,237,47,190,80.2
2026-09-16T10:14:00Z,2026-09-16T12:14:00+02:00,53,dr-robert,407,57,350,86
2026-09-16T10:14:00Z,2026-09-16T12:14:00+02:00,54,placa-vella,297,60,237,79.8
2026-09-16T10:14:00Z,2026-09-16T12:14:00+02:00,55,ajuntament-mercat,237,47,190,80.2
2026-09-16T10:15:00Z,2026-09-16T12:15:00+02:00,53,dr-robert,407,59,348,85.5
2026-09-16T10:15:00Z,2026-09-16T12:15:00+02:00,54,placa-vella,297,58,239,80.5
2026-09-16T10:15:00Z,2026-09-16T12:15:00+02:00,55,ajuntament-mercat,237,53,184,77.6
2026-09-16T10:16:00Z,2026-09-16T12:16:00+02:00,53,dr-robert,407,59,348,85.5
2026-09-16T10:16:00Z,2026-09-16T12:16:00+02:00,54,placa-vella,297,58,239,80.5
2026-09-16T10:16:00Z,2026-09-16T12:16:00+02:00,55,ajuntament-mercat,237,53,184,77.6
2026-09-16T10:17:00Z,2026-09-16T12:17:00+02:00,53,dr-robert,407,59,348,85.5
2026-09-16T10:17:00Z,2026-09-16T12:17:00+02:00,54,placa-vella,297,58,239,80.5
2026-09-16T10:17:00Z,2026-09-16T12:17:00+02:00,55,ajuntament-mercat,237,53,184,77.6
2026-09-16T10:18:00Z,2026-09-16T12:18:00+02:00,53,dr-robert,407,59,348,85.5
2026-09-16T10:18:00Z,2026-09-16T12:18:00+02:00,54,placa-vella,297,58,239,80.5
2026-09-16T10:18:00Z,2026-09-16T12:18:00+02:00,55,ajuntament-mercat,237,53,184,77.6
2026-09-16T10:19:00Z,2026-09-16T12:19:00+02:00,53,dr-robert,407,59,348,85.5
2026-09-16T10:19:00Z,2026-09-16T12:19:00+02:00,54,placa-vella,297,58,239,80.5
2026-09-16T10:19:00Z,2026-09-16T12:19:00+02:00,55,ajuntament-mercat,237,53,184,77.6
2026-09-16T10:20:00Z,2026-09-16T12:20:00+02:00,53,dr-robert,407,53,354,87
2026-09-16T10:20:00Z,2026-09-16T12:20:00+02:00,54,placa-vella,297,61,236,79.5
2026-09-16T10:20:00Z,2026-09-16T12:20:00+02:00,55,ajuntament-mercat,237,54,183,77.2
2026-09-16T10:21:00Z,2026-09-16T12:21:00+02:00,53,dr-robert,407,53,354,87
2026-09-16T10:21:00Z,2026-09-16T12:21:00+02:00,54,placa-vella,297,61,236,79.5
2026-09-16T10:21:00Z,2026-09-16T12:21:00+02:00,55,ajuntament-mercat,237,54,183,77.2
2026-09-16T10:22:00Z,2026-09-16T12:22:00+02:00,53,dr-robert,407,53,354,87
2026-09-16T10:22:00Z,2026-09-16T12:22:00+02:00,54,placa-vella,297,61,236,79.5
2026-09-16T10:22:00Z,2026-09-16T12:22:00+02:00,55,ajuntament-mercat,237,54,183,77.2
2026-09-16T10:23:00Z,2026-09-16T12:23:00+02:00,53,dr-robert,407,53,354,87
2026-09-16T10:23:00Z,2026-09-16T12:23:00+02:00,54,placa-vella,297,61,236,79.5
2026-09-16T10:23:00Z,2026-09-16T12:23:00+02:00,55,ajuntament-mercat,237,54,183,77.2
2026-09-16T10:24:00Z,2026-09-16T12:24:00+02:00,53,dr-robert,407,53,354,87
2026-09-16T10:24:00Z,2026-09-16T12:24:00+02:00,54,placa-vella,297,61,236,79.5
2026-09-16T10:24:00Z,2026-09-16T12:24:00+02:00,55,ajuntament-mercat,237,54,183,77.2
2026-09-16T10:25:00Z,2026-09-16T12:25:00+02:00,53,dr-robert,407,51,356,87.5
2026-09-16T10:25:00Z,2026-09-16T12:25:00+02:00,54,placa-vella,297,61,236,79.5
2026-09-16T10:25:00Z,2026-09-16T12:25:00+02:00,55,ajuntament-mercat,237,54,183,77.2
2026-09-16T10:26:00Z,2026-09-16T12:26:00+02:00,53,dr-robert,407,51,356,87.5
2026-09-16T10:26:00Z,2026-09-16T12:26:00+02:00,54,placa-vella,297,61,236,79.5
2026-09-16T10:26:00Z,2026-09-16T12:26:00+02:00,55,ajuntament-mercat,237,54,183,77.2
2026-09-16T10:27:00Z,2026-09-16T12:27:00+02:00,53,dr-robert,407,51,356,87.5
2026-09-16T10:27:00Z,2026-09-16T12:27:00+02:00,54,placa-vella,297,61,236,79.5
2026-09-16T10:27:00Z,2026-09-16T12:27:00+02:00,55,ajuntament-mercat,237,54,183,77.2
2026-09-16T10:28:00Z,2026-09-16T12:28:00+02:00,53,dr-robert,407,51,356,87.5
2026-09-16T10:28:00Z,2026-09-16T12:28:00+02:00,54,placa-vella,297,61,236,79.5
2026-09-16T10:28:00Z,2026-09-16T12:28:00+02:00,55,ajuntament-mercat,237,54,183,77.2
2026-09-16T10:29:00Z,2026-09-16T12:29:00+02:00,53,dr-robert,407,51,356,87.5
2026-09-16T10:29:00Z,2026-09-16T12:29:00+02:00,54,placa-vella,297,61,236,79.5
2026-09-16T10:29:00Z,2026-09-16T12:29:00+02:00,55,ajuntament-mercat,237,54,183,77.2
2026-09-16T10:30:00Z,2026-09-16T12:30:00+02:00,53,dr-robert,407,52,355,87.2
2026-09-16T10:30:00Z,2026-09-16T12:30:00+02:00,54,placa-vella,297,64,233,78.5
2026-09-16T10:30:00Z,2026-09-16T12:30:00+02:00,55,ajuntament-mercat,237,55,182,76.8
2026-09-16T10:31:00Z,2026-09-16T12:31:00+02:00,53,dr-robert,407,52,355,87.2
2026-09-16T10:31:00Z,2026-09-16T12:31:00+02:00,54,placa-vella,297,64,233,78.5
2026-09-16T10:31:00Z,2026-09-16T12:31:00+02:00,55,ajuntament-mercat,237,55,182,76.8
2026-09-16T10:32:00Z,2026-09-16T12:32:00+02:00,53,dr-robert,407,52,355,87.2
2026-09-16T10:32:00Z,2026-09-16T12:32:00+02:00,54,placa-vella,297,64,233,78.5
2026-09-16T10:32:00Z,2026-09-16T12:32:00+02:00,55,ajuntament-mercat,237,55,182,76.8
2026-09-16T10:33:00Z,2026-09-16T12:33:00+02:00,53,dr-robert,407,52,355,87.2
2026-09-16T10:33:00Z,2026-09-16T12:33:00+02:00,54,placa-vella,297,64,233,78.5
2026-09-16T10:33:00Z,2026-09-16T12:33:00+02:00,55,ajuntament-mercat,237,55,182,76.8
2026-09-16T10:34:00Z,2026-09-16T12:34:00+02:00,53,dr-robert,407,52,355,87.2
2026-09-16T10:34:00Z,2026-09-16T12:34:00+02:00,54,placa-vella,297,64,233,78.5
2026-09-16T10:34:00Z,2026-09-16T12:34:00+02:00,55,ajuntament-mercat,237,55,182,76.8
2026-09-16T10:35:00Z,2026-09-16T12:35:00+02:00,53,dr-robert,407,52,355,87.2
2026-09-16T10:35:00Z,2026-09-16T12:35:00+02:00,54,placa-vella,297,64,233,78.5
2026-09-16T10:35:00Z,2026-09-16T12:35:00+02:00,55,ajuntament-mercat,237,55,182,76.8
2026-09-16T10:36:00Z,2026-09-16T12:36:00+02:00,53,dr-robert,407,50,357,87.7
2026-09-16T10:36:00Z,2026-09-16T12:36:00+02:00,54,placa-vella,297,64,233,78.5
2026-09-16T10:36:00Z,2026-09-16T12:36:00+02:00,55,ajuntament-mercat,237,55,182,76.8
2026-09-16T10:37:00Z,2026-09-16T12:37:00+02:00,53,dr-robert,407,50,357,87.7
2026-09-16T10:37:00Z,2026-09-16T12:37:00+02:00,54,placa-vella,297,64,233,78.5
2026-09-16T10:37:00Z,2026-09-16T12:37:00+02:00,55,ajuntament-mercat,237,55,182,76.8
2026-09-16T10:38:00Z,2026-09-16T12:38:00+02:00,53,dr-robert,407,50,357,87.7
2026-09-16T10:38:00Z,2026-09-16T12:38:00+02:00,54,placa-vella,297,64,233,78.5
2026-09-16T10:38:00Z,2026-09-16T12:38:00+02:00,55,ajuntament-mercat,237,55,182,76.8
2026-09-16T10:39:00Z,2026-09-16T12:39:00+02:00,53,dr-robert,407,50,357,87.7
2026-09-16T10:39:00Z,2026-09-16T12:39:00+02:00,54,placa-vella,297,64,233,78.5
2026-09-16T10:39:00Z,2026-09-16T12:39:00+02:00,55,ajuntament-mercat,237,55,182,76.8
2026-09-16T10:40:00Z,2026-09-16T12:40:00+02:00,53,dr-robert,407,52,355,87.2
2026-09-16T10:40:00Z,2026-09-16T12:40:00+02:00,54,placa-vella,297,60,237,79.8
2026-09-16T10:40:00Z,2026-09-16T12:40:00+02:00,55,ajuntament-mercat,237,56,181,76.4
2026-09-16T10:41:00Z,2026-09-16T12:41:00+02:00,53,dr-robert,407,52,355,87.2
2026-09-16T10:41:00Z,2026-09-16T12:41:00+02:00,54,placa-vella,297,60,237,79.8
2026-09-16T10:41:00Z,2026-09-16T12:41:00+02:00,55,ajuntament-mercat,237,56,181,76.4
2026-09-16T10:42:00Z,2026-09-16T12:42:00+02:00,53,dr-robert,407,52,355,87.2
2026-09-16T10:42:00Z,2026-09-16T12:42:00+02:00,54,placa-vella,297,60,237,79.8
2026-09-16T10:42:00Z,2026-09-16T12:42:00+02:00,55,ajuntament-mercat,237,56,181,76.4
2026-09-16T10:43:00Z,2026-09-16T12:43:00+02:00,53,dr-robert,407,52,355,87.2
2026-09-16T10:43:00Z,2026-09-16T12:43:00+02:00,54,placa-vella,297,60,237,79.8
2026-09-16T10:43:00Z,2026-09-16T12:43:00+02:00,55,ajuntament-mercat,237,56,181,76.4
2026-09-16T10:44:00Z,2026-09-16T12:44:00+02:00,53,dr-robert,407,52,355,87.2
2026-09-16T10:44:00Z,2026-09-16T12:44:00+02:00,54,placa-vella,297,60,237,79.8
2026-09-16T10:44:00Z,2026-09-16T12:44:00+02:00,55,ajuntament-mercat,237,56,181,76.4
2026-09-16T10:45:00Z,2026-09-16T12:45:00+02:00,53,dr-robert,407,50,357,87.7
2026-09-16T10:45:00Z,2026-09-16T12:45:00+02:00,54,placa-vella,297,58,239,80.5
2026-09-16T10:45:00Z,2026-09-16T12:45:00+02:00,55,ajuntament-mercat,237,57,180,75.9
2026-09-16T10:46:00Z,2026-09-16T12:46:00+02:00,53,dr-robert,407,50,357,87.7
2026-09-16T10:46:00Z,2026-09-16T12:46:00+02:00,54,placa-vella,297,58,239,80.5
2026-09-16T10:46:00Z,2026-09-16T12:46:00+02:00,55,ajuntament-mercat,237,57,180,75.9
2026-09-16T10:47:00Z,2026-09-16T12:47:00+02:00,53,dr-robert,407,50,357,87.7
2026-09-16T10:47:00Z,2026-09-16T12:47:00+02:00,54,placa-vella,297,58,239,80.5
2026-09-16T10:47:00Z,2026-09-16T12:47:00+02:00,55,ajuntament-mercat,237,57,180,75.9
2026-09-16T10:48:00Z,2026-09-16T12:48:00+02:00,53,dr-robert,407,50,357,87.7
2026-09-16T10:48:00Z,2026-09-16T12:48:00+02:00,54,placa-vella,297,58,239,80.5
2026-09-16T10:48:00Z,2026-09-16T12:48:00+02:00,55,ajuntament-mercat,237,57,180,75.9
2026-09-16T10:49:00Z,2026-09-16T12:49:00+02:00,53,dr-robert,407,50,357,87.7
2026-09-16T10:49:00Z,2026-09-16T12:49:00+02:00,54,placa-vella,297,58,239,80.5
2026-09-16T10:49:00Z,2026-09-16T12:49:00+02:00,55,ajuntament-mercat,237,57,180,75.9
2026-09-16T10:50:00Z,2026-09-16T12:50:00+02:00,53,dr-robert,407,47,360,88.5
2026-09-16T10:50:00Z,2026-09-16T12:50:00+02:00,54,placa-vella,297,59,238,80.1
2026-09-16T10:50:00Z,2026-09-16T12:50:00+02:00,55,ajuntament-mercat,237,55,182,76.8
2026-09-16T10:51:00Z,2026-09-16T12:51:00+02:00,53,dr-robert,407,47,360,88.5
2026-09-16T10:51:00Z,2026-09-16T12:51:00+02:00,54,placa-vella,297,59,238,80.1
2026-09-16T10:51:00Z,2026-09-16T12:51:00+02:00,55,ajuntament-mercat,237,55,182,76.8
2026-09-16T10:52:00Z,2026-09-16T12:52:00+02:00,53,dr-robert,407,47,360,88.5
2026-09-16T10:52:00Z,2026-09-16T12:52:00+02:00,54,placa-vella,297,59,238,80.1
2026-09-16T10:52:00Z,2026-09-16T12:52:00+02:00,55,ajuntament-mercat,237,55,182,76.8
2026-09-16T10:53:00Z,2026-09-16T12:53:00+02:00,53,dr-robert,407,47,360,88.5
2026-09-16T10:53:00Z,2026-09-16T12:53:00+02:00,54,placa-vella,297,59,238,80.1
2026-09-16T10:53:00Z,2026-09-16T12:53:00+02:00,55,ajuntament-mercat,237,55,182,76.8
2026-09-16T10:54:00Z,2026-09-16T12:54:00+02:00,53,dr-robert,407,47,360,88.5
2026-09-16T10:54:00Z,2026-09-16T12:54:00+02:00,54,placa-vella,297,59,238,80.1
2026-09-16T10:54:00Z,2026-09-16T12:54:00+02:00,55,ajuntament-mercat,237,55,182,76.8
2026-09-16T10:55:00Z,2026-09-16T12:55:00+02:00,53,dr-robert,407,47,360,88.5
2026-09-16T10:55:00Z,2026-09-16T12:55:00+02:00,54,placa-vella,297,62,235,79.1
2026-09-16T10:55:00Z,2026-09-16T12:55:00+02:00,55,ajuntament-mercat,237,56,181,76.4
2026-09-16T10:56:00Z,2026-09-16T12:56:00+02:00,53,dr-robert,407,47,360,88.5
2026-09-16T10:56:00Z,2026-09-16T12:56:00+02:00,54,placa-vella,297,62,235,79.1
2026-09-16T10:56:00Z,2026-09-16T12:56:00+02:00,55,ajuntament-mercat,237,56,181,76.4
2026-09-16T10:57:00Z,2026-09-16T12:57:00+02:00,53,dr-robert,407,47,360,88.5
2026-09-16T10:57:00Z,2026-09-16T12:57:00+02:00,54,placa-vella,297,62,235,79.1
2026-09-16T10:57:00Z,2026-09-16T12:57:00+02:00,55,ajuntament-mercat,237,56,181,76.4
2026-09-16T10:58:00Z,2026-09-16T12:58:00+02:00,53,dr-robert,407,47,360,88.5
2026-09-16T10:58:00Z,2026-09-16T12:58:00+02:00,54,placa-vella,297,62,235,79.1
2026-09-16T10:58:00Z,2026-09-16T12:58:00+02:00,55,ajuntament-mercat,237,56,181,76.4
2026-09-16T10:59:00Z,2026-09-16T12:59:00+02:00,53,dr-robert,407,47,360,88.5
2026-09-16T10:59:00Z,2026-09-16T12:59:00+02:00,54,placa-vella,297,62,235,79.1
2026-09-16T10:59:00Z,2026-09-16T12:59:00+02:00,55,ajuntament-mercat,237,56,181,76.4
2026-09-16T11:00:00Z,2026-09-16T13:00:00+02:00,53,dr-robert,407,47,360,88.5
2026-09-16T11:00:00Z,2026-09-16T13:00:00+02:00,54,placa-vella,297,62,235,79.1
2026-09-16T11:00:00Z,2026-09-16T13:00:00+02:00,55,ajuntament-mercat,237,56,181,76.4
2026-09-16T11:01:00Z,2026-09-16T13:01:00+02:00,53,dr-robert,407,56,351,86.2
2026-09-16T11:01:00Z,2026-09-16T13:01:00+02:00,54,placa-vella,297,67,230,77.4
2026-09-16T11:01:00Z,2026-09-16T13:01:00+02:00,55,ajuntament-mercat,237,63,174,73.4
2026-09-16T11:02:00Z,2026-09-16T13:02:00+02:00,53,dr-robert,407,56,351,86.2
2026-09-16T11:02:00Z,2026-09-16T13:02:00+02:00,54,placa-vella,297,67,230,77.4
2026-09-16T11:02:00Z,2026-09-16T13:02:00+02:00,55,ajuntament-mercat,237,63,174,73.4
2026-09-16T11:03:00Z,2026-09-16T13:03:00+02:00,53,dr-robert,407,56,351,86.2
2026-09-16T11:03:00Z,2026-09-16T13:03:00+02:00,54,placa-vella,297,67,230,77.4
2026-09-16T11:03:00Z,2026-09-16T13:03:00+02:00,55,ajuntament-mercat,237,63,174,73.4
2026-09-16T11:04:00Z,2026-09-16T13:04:00+02:00,53,dr-robert,407,56,351,86.2
2026-09-16T11:04:00Z,2026-09-16T13:04:00+02:00,54,placa-vella,297,67,230,77.4
2026-09-16T11:04:00Z,2026-09-16T13:04:00+02:00,55,ajuntament-mercat,237,63,174,73.4
2026-09-16T11:05:00Z,2026-09-16T13:05:00+02:00,53,dr-robert,407,54,353,86.7
2026-09-16T11:05:00Z,2026-09-16T13:05:00+02:00,54,placa-vella,297,67,230,77.4
2026-09-16T11:05:00Z,2026-09-16T13:05:00+02:00,55,ajuntament-mercat,237,62,175,73.8
2026-09-16T11:06:00Z,2026-09-16T13:06:00+02:00,53,dr-robert,407,54,353,86.7
2026-09-16T11:06:00Z,2026-09-16T13:06:00+02:00,54,placa-vella,297,67,230,77.4
2026-09-16T11:06:00Z,2026-09-16T13:06:00+02:00,55,ajuntament-mercat,237,62,175,73.8
2026-09-16T11:07:00Z,2026-09-16T13:07:00+02:00,53,dr-robert,407,54,353,86.7
2026-09-16T11:07:00Z,2026-09-16T13:07:00+02:00,54,placa-vella,297,67,230,77.4
2026-09-16T11:07:00Z,2026-09-16T13:07:00+02:00,55,ajuntament-mercat,237,62,175,73.8
2026-09-16T11:08:00Z,2026-09-16T13:08:00+02:00,53,dr-robert,407,54,353,86.7
2026-09-16T11:08:00Z,2026-09-16T13:08:00+02:00,54,placa-vella,297,67,230,77.4
2026-09-16T11:08:00Z,2026-09-16T13:08:00+02:00,55,ajuntament-mercat,237,62,175,73.8
2026-09-16T11:09:00Z,2026-09-16T13:09:00+02:00,53,dr-robert,407,54,353,86.7
2026-09-16T11:09:00Z,2026-09-16T13:09:00+02:00,54,placa-vella,297,67,230,77.4
2026-09-16T11:09:00Z,2026-09-16T13:09:00+02:00,55,ajuntament-mercat,237,62,175,73.8
2026-09-16T11:10:00Z,2026-09-16T13:10:00+02:00,53,dr-robert,407,65,342,84
2026-09-16T11:10:00Z,2026-09-16T13:10:00+02:00,54,placa-vella,297,68,229,77.1
2026-09-16T11:10:00Z,2026-09-16T13:10:00+02:00,55,ajuntament-mercat,237,62,175,73.8
2026-09-16T11:11:00Z,2026-09-16T13:11:00+02:00,53,dr-robert,407,65,342,84
2026-09-16T11:11:00Z,2026-09-16T13:11:00+02:00,54,placa-vella,297,68,229,77.1
2026-09-16T11:11:00Z,2026-09-16T13:11:00+02:00,55,ajuntament-mercat,237,62,175,73.8
2026-09-16T11:12:00Z,2026-09-16T13:12:00+02:00,53,dr-robert,407,65,342,84
2026-09-16T11:12:00Z,2026-09-16T13:12:00+02:00,54,placa-vella,297,68,229,77.1
2026-09-16T11:12:00Z,2026-09-16T13:12:00+02:00,55,ajuntament-mercat,237,62,175,73.8
2026-09-16T11:13:00Z,2026-09-16T13:13:00+02:00,53,dr-robert,407,65,342,84
2026-09-16T11:13:00Z,2026-09-16T13:13:00+02:00,54,placa-vella,297,68,229,77.1
2026-09-16T11:13:00Z,2026-09-16T13:13:00+02:00,55,ajuntament-mercat,237,62,175,73.8
2026-09-16T11:14:00Z,2026-09-16T13:14:00+02:00,53,dr-robert,407,65,342,84
2026-09-16T11:14:00Z,2026-09-16T13:14:00+02:00,54,placa-vella,297,68,229,77.1
2026-09-16T11:14:00Z,2026-09-16T13:14:00+02:00,55,ajuntament-mercat,237,62,175,73.8
2026-09-16T11:15:00Z,2026-09-16T13:15:00+02:00,53,dr-robert,407,63,344,84.5
2026-09-16T11:15:00Z,2026-09-16T13:15:00+02:00,54,placa-vella,297,70,227,76.4
2026-09-16T11:15:00Z,2026-09-16T13:15:00+02:00,55,ajuntament-mercat,237,63,174,73.4
2026-09-16T11:16:00Z,2026-09-16T13:16:00+02:00,53,dr-robert,407,63,344,84.5
2026-09-16T11:16:00Z,2026-09-16T13:16:00+02:00,54,placa-vella,297,70,227,76.4
2026-09-16T11:16:00Z,2026-09-16T13:16:00+02:00,55,ajuntament-mercat,237,63,174,73.4
2026-09-16T11:17:00Z,2026-09-16T13:17:00+02:00,53,dr-robert,407,63,344,84.5
2026-09-16T11:17:00Z,2026-09-16T13:17:00+02:00,54,placa-vella,297,70,227,76.4
2026-09-16T11:17:00Z,2026-09-16T13:17:00+02:00,55,ajuntament-mercat,237,63,174,73.4
2026-09-16T11:18:00Z,2026-09-16T13:18:00+02:00,53,dr-robert,407,63,344,84.5
2026-09-16T11:18:00Z,2026-09-16T13:18:00+02:00,54,placa-vella,297,70,227,76.4
2026-09-16T11:18:00Z,2026-09-16T13:18:00+02:00,55,ajuntament-mercat,237,63,174,73.4
2026-09-16T11:19:00Z,2026-09-16T13:19:00+02:00,53,dr-robert,407,63,344,84.5
2026-09-16T11:19:00Z,2026-09-16T13:19:00+02:00,54,placa-vella,297,70,227,76.4
2026-09-16T11:19:00Z,2026-09-16T13:19:00+02:00,55,ajuntament-mercat,237,63,174,73.4
2026-09-16T11:20:00Z,2026-09-16T13:20:00+02:00,53,dr-robert,407,76,331,81.3
2026-09-16T11:20:00Z,2026-09-16T13:20:00+02:00,54,placa-vella,297,73,224,75.4
2026-09-16T11:20:00Z,2026-09-16T13:20:00+02:00,55,ajuntament-mercat,237,65,172,72.6
2026-09-16T11:21:00Z,2026-09-16T13:21:00+02:00,53,dr-robert,407,76,331,81.3
2026-09-16T11:21:00Z,2026-09-16T13:21:00+02:00,54,placa-vella,297,73,224,75.4
2026-09-16T11:21:00Z,2026-09-16T13:21:00+02:00,55,ajuntament-mercat,237,65,172,72.6
2026-09-16T11:22:00Z,2026-09-16T13:22:00+02:00,53,dr-robert,407,76,331,81.3
2026-09-16T11:22:00Z,2026-09-16T13:22:00+02:00,54,placa-vella,297,73,224,75.4
2026-09-16T11:22:00Z,2026-09-16T13:22:00+02:00,55,ajuntament-mercat,237,65,172,72.6
2026-09-16T11:23:00Z,2026-09-16T13:23:00+02:00,53,dr-robert,407,76,331,81.3
2026-09-16T11:23:00Z,2026-09-16T13:23:00+02:00,54,placa-vella,297,73,224,75.4
2026-09-16T11:23:00Z,2026-09-16T13:23:00+02:00,55,ajuntament-mercat,237,65,172,72.6
2026-09-16T11:24:00Z,2026-09-16T13:24:00+02:00,53,dr-robert,407,76,331,81.3
2026-09-16T11:24:00Z,2026-09-16T13:24:00+02:00,54,placa-vella,297,73,224,75.4
2026-09-16T11:24:00Z,2026-09-16T13:24:00+02:00,55,ajuntament-mercat,237,65,172,72.6
2026-09-16T11:25:00Z,2026-09-16T13:25:00+02:00,53,dr-robert,407,79,328,80.6
2026-09-16T11:25:00Z,2026-09-16T13:25:00+02:00,54,placa-vella,297,74,223,75.1
2026-09-16T11:25:00Z,2026-09-16T13:25:00+02:00,55,ajuntament-mercat,237,66,171,72.2
2026-09-16T11:26:00Z,2026-09-16T13:26:00+02:00,53,dr-robert,407,79,328,80.6
2026-09-16T11:26:00Z,2026-09-16T13:26:00+02:00,54,placa-vella,297,74,223,75.1
2026-09-16T11:26:00Z,2026-09-16T13:26:00+02:00,55,ajuntament-mercat,237,66,171,72.2
2026-09-16T11:27:00Z,2026-09-16T13:27:00+02:00,53,dr-robert,407,79,328,80.6
2026-09-16T11:27:00Z,2026-09-16T13:27:00+02:00,54,placa-vella,297,74,223,75.1
2026-09-16T11:27:00Z,2026-09-16T13:27:00+02:00,55,ajuntament-mercat,237,66,171,72.2
2026-09-16T11:28:00Z,2026-09-16T13:28:00+02:00,53,dr-robert,407,79,328,80.6
2026-09-16T11:28:00Z,2026-09-16T13:28:00+02:00,54,placa-vella,297,74,223,75.1
2026-09-16T11:28:00Z,2026-09-16T13:28:00+02:00,55,ajuntament-mercat,237,66,171,72.2
2026-09-16T11:29:00Z,2026-09-16T13:29:00+02:00,53,dr-robert,407,79,328,80.6
2026-09-16T11:29:00Z,2026-09-16T13:29:00+02:00,54,placa-vella,297,74,223,75.1
2026-09-16T11:29:00Z,2026-09-16T13:29:00+02:00,55,ajuntament-mercat,237,66,171,72.2
2026-09-16T11:30:00Z,2026-09-16T13:30:00+02:00,53,dr-robert,407,87,320,78.6
2026-09-16T11:30:00Z,2026-09-16T13:30:00+02:00,54,placa-vella,297,78,219,73.7
2026-09-16T11:30:00Z,2026-09-16T13:30:00+02:00,55,ajuntament-mercat,237,66,171,72.2
2026-09-16T11:31:00Z,2026-09-16T13:31:00+02:00,53,dr-robert,407,87,320,78.6
2026-09-16T11:31:00Z,2026-09-16T13:31:00+02:00,54,placa-vella,297,78,219,73.7
2026-09-16T11:31:00Z,2026-09-16T13:31:00+02:00,55,ajuntament-mercat,237,66,171,72.2
2026-09-16T11:32:00Z,2026-09-16T13:32:00+02:00,53,dr-robert,407,87,320,78.6
2026-09-16T11:32:00Z,2026-09-16T13:32:00+02:00,54,placa-vella,297,78,219,73.7
2026-09-16T11:32:00Z,2026-09-16T13:32:00+02:00,55,ajuntament-mercat,237,66,171,72.2
2026-09-16T11:33:00Z,2026-09-16T13:33:00+02:00,53,dr-robert,407,87,320,78.6
2026-09-16T11:33:00Z,2026-09-16T13:33:00+02:00,54,placa-vella,297,78,219,73.7
2026-09-16T11:33:00Z,2026-09-16T13:33:00+02:00,55,ajuntament-mercat,237,66,171,72.2
2026-09-16T11:34:00Z,2026-09-16T13:34:00+02:00,53,dr-robert,407,87,320,78.6
2026-09-16T11:34:00Z,2026-09-16T13:34:00+02:00,54,placa-vella,297,78,219,73.7
2026-09-16T11:34:00Z,2026-09-16T13:34:00+02:00,55,ajuntament-mercat,237,66,171,72.2
2026-09-16T11:35:00Z,2026-09-16T13:35:00+02:00,53,dr-robert,407,87,320,78.6
2026-09-16T11:35:00Z,2026-09-16T13:35:00+02:00,54,placa-vella,297,81,216,72.7
2026-09-16T11:35:00Z,2026-09-16T13:35:00+02:00,55,ajuntament-mercat,237,70,167,70.5
2026-09-16T11:36:00Z,2026-09-16T13:36:00+02:00,53,dr-robert,407,87,320,78.6
2026-09-16T11:36:00Z,2026-09-16T13:36:00+02:00,54,placa-vella,297,81,216,72.7
2026-09-16T11:36:00Z,2026-09-16T13:36:00+02:00,55,ajuntament-mercat,237,70,167,70.5
2026-09-16T11:37:00Z,2026-09-16T13:37:00+02:00,53,dr-robert,407,87,320,78.6
2026-09-16T11:37:00Z,2026-09-16T13:37:00+02:00,54,placa-vella,297,81,216,72.7
2026-09-16T11:37:00Z,2026-09-16T13:37:00+02:00,55,ajuntament-mercat,237,70,167,70.5
2026-09-16T11:38:00Z,2026-09-16T13:38:00+02:00,53,dr-robert,407,87,320,78.6
2026-09-16T11:38:00Z,2026-09-16T13:38:00+02:00,54,placa-vella,297,81,216,72.7
2026-09-16T11:38:00Z,2026-09-16T13:38:00+02:00,55,ajuntament-mercat,237,70,167,70.5
2026-09-16T11:39:00Z,2026-09-16T13:39:00+02:00,53,dr-robert,407,87,320,78.6
2026-09-16T11:39:00Z,2026-09-16T13:39:00+02:00,54,placa-vella,297,81,216,72.7
2026-09-16T11:39:00Z,2026-09-16T13:39:00+02:00,55,ajuntament-mercat,237,70,167,70.5
2026-09-16T11:40:00Z,2026-09-16T13:40:00+02:00,53,dr-robert,407,95,312,76.7
2026-09-16T11:40:00Z,2026-09-16T13:40:00+02:00,54,placa-vella,297,84,213,71.7
2026-09-16T11:40:00Z,2026-09-16T13:40:00+02:00,55,ajuntament-mercat,237,70,167,70.5
2026-09-16T11:41:00Z,2026-09-16T13:41:00+02:00,53,dr-robert,407,95,312,76.7
2026-09-16T11:41:00Z,2026-09-16T13:41:00+02:00,54,placa-vella,297,84,213,71.7
2026-09-16T11:41:00Z,2026-09-16T13:41:00+02:00,55,ajuntament-mercat,237,70,167,70.5
2026-09-16T11:42:00Z,2026-09-16T13:42:00+02:00,53,dr-robert,407,95,312,76.7
2026-09-16T11:42:00Z,2026-09-16T13:42:00+02:00,54,placa-vella,297,84,213,71.7
2026-09-16T11:42:00Z,2026-09-16T13:42:00+02:00,55,ajuntament-mercat,237,70,167,70.5
2026-09-16T11:43:00Z,2026-09-16T13:43:00+02:00,53,dr-robert,407,95,312,76.7
2026-09-16T11:43:00Z,2026-09-16T13:43:00+02:00,54,placa-vella,297,84,213,71.7
2026-09-16T11:43:00Z,2026-09-16T13:43:00+02:00,55,ajuntament-mercat,237,70,167,70.5
2026-09-16T11:44:00Z,2026-09-16T13:44:00+02:00,53,dr-robert,407,95,312,76.7
2026-09-16T11:44:00Z,2026-09-16T13:44:00+02:00,54,placa-vella,297,84,213,71.7
2026-09-16T11:44:00Z,2026-09-16T13:44:00+02:00,55,ajuntament-mercat,237,70,167,70.5
2026-09-16T11:45:00Z,2026-09-16T13:45:00+02:00,53,dr-robert,407,98,309,75.9
2026-09-16T11:45:00Z,2026-09-16T13:45:00+02:00,54,placa-vella,297,91,206,69.4
2026-09-16T11:45:00Z,2026-09-16T13:45:00+02:00,55,ajuntament-mercat,237,75,162,68.4
2026-09-16T11:46:00Z,2026-09-16T13:46:00+02:00,53,dr-robert,407,98,309,75.9
2026-09-16T11:46:00Z,2026-09-16T13:46:00+02:00,54,placa-vella,297,91,206,69.4
2026-09-16T11:46:00Z,2026-09-16T13:46:00+02:00,55,ajuntament-mercat,237,75,162,68.4
2026-09-16T11:47:00Z,2026-09-16T13:47:00+02:00,53,dr-robert,407,98,309,75.9
2026-09-16T11:47:00Z,2026-09-16T13:47:00+02:00,54,placa-vella,297,91,206,69.4
2026-09-16T11:47:00Z,2026-09-16T13:47:00+02:00,55,ajuntament-mercat,237,75,162,68.4
2026-09-16T11:48:00Z,2026-09-16T13:48:00+02:00,53,dr-robert,407,98,309,75.9
2026-09-16T11:48:00Z,2026-09-16T13:48:00+02:00,54,placa-vella,297,91,206,69.4
2026-09-16T11:48:00Z,2026-09-16T13:48:00+02:00,55,ajuntament-mercat,237,75,162,68.4
2026-09-16T11:49:00Z,2026-09-16T13:49:00+02:00,53,dr-robert,407,98,309,75.9
2026-09-16T11:49:00Z,2026-09-16T13:49:00+02:00,54,placa-vella,297,91,206,69.4
2026-09-16T11:49:00Z,2026-09-16T13:49:00+02:00,55,ajuntament-mercat,237,75,162,68.4
2026-09-16T11:50:00Z,2026-09-16T13:50:00+02:00,53,dr-robert,407,103,304,74.7
2026-09-16T11:50:00Z,2026-09-16T13:50:00+02:00,54,placa-vella,297,94,203,68.4
2026-09-16T11:50:00Z,2026-09-16T13:50:00+02:00,55,ajuntament-mercat,237,75,162,68.4
2026-09-16T11:51:00Z,2026-09-16T13:51:00+02:00,53,dr-robert,407,103,304,74.7
2026-09-16T11:51:00Z,2026-09-16T13:51:00+02:00,54,placa-vella,297,94,203,68.4
2026-09-16T11:51:00Z,2026-09-16T13:51:00+02:00,55,ajuntament-mercat,237,75,162,68.4
2026-09-16T11:52:00Z,2026-09-16T13:52:00+02:00,53,dr-robert,407,103,304,74.7
2026-09-16T11:52:00Z,2026-09-16T13:52:00+02:00,54,placa-vella,297,94,203,68.4
2026-09-16T11:52:00Z,2026-09-16T13:52:00+02:00,55,ajuntament-mercat,237,75,162,68.4
2026-09-16T11:53:00Z,2026-09-16T13:53:00+02:00,53,dr-robert,407,103,304,74.7
2026-09-16T11:53:00Z,2026-09-16T13:53:00+02:00,54,placa-vella,297,94,203,68.4
2026-09-16T11:53:00Z,2026-09-16T13:53:00+02:00,55,ajuntament-mercat,237,75,162,68.4
2026-09-16T11:54:00Z,2026-09-16T13:54:00+02:00,53,dr-robert,407,103,304,74.7
2026-09-16T11:54:00Z,2026-09-16T13:54:00+02:00,54,placa-vella,297,94,203,68.4
2026-09-16T11:54:00Z,2026-09-16T13:54:00+02:00,55,ajuntament-mercat,237,75,162,68.4
2026-09-16T11:55:00Z,2026-09-16T13:55:00+02:00,53,dr-robert,407,106,301,74
2026-09-16T11:55:00Z,2026-09-16T13:55:00+02:00,54,placa-vella,297,95,202,68
2026-09-16T11:55:00Z,2026-09-16T13:55:00+02:00,55,ajuntament-mercat,237,79,158,66.7
2026-09-16T11:56:00Z,2026-09-16T13:56:00+02:00,53,dr-robert,407,106,301,74
2026-09-16T11:56:00Z,2026-09-16T13:56:00+02:00,54,placa-vella,297,95,202,68
2026-09-16T11:56:00Z,2026-09-16T13:56:00+02:00,55,ajuntament-mercat,237,79,158,66.7
2026-09-16T11:57:00Z,2026-09-16T13:57:00+02:00,53,dr-robert,407,106,301,74
2026-09-16T11:57:00Z,2026-09-16T13:57:00+02:00,54,placa-vella,297,95,202,68
2026-09-16T11:57:00Z,2026-09-16T13:57:00+02:00,55,ajuntament-mercat,237,79,158,66.7
2026-09-16T11:58:00Z,2026-09-16T13:58:00+02:00,53,dr-robert,407,106,301,74
2026-09-16T11:58:00Z,2026-09-16T13:58:00+02:00,54,placa-vella,297,95,202,68
2026-09-16T11:58:00Z,2026-09-16T13:58:00+02:00,55,ajuntament-mercat,237,79,158,66.7
2026-09-16T11:59:00Z,2026-09-16T13:59:00+02:00,53,dr-robert,407,106,301,74
2026-09-16T11:59:00Z,2026-09-16T13:59:00+02:00,54,placa-vella,297,95,202,68
2026-09-16T11:59:00Z,2026-09-16T13:59:00+02:00,55,ajuntament-mercat,237,79,158,66.7
2026-09-16T12:00:00Z,2026-09-16T14:00:00+02:00,53,dr-robert,407,106,301,74
2026-09-16T12:00:00Z,2026-09-16T14:00:00+02:00,54,placa-vella,297,95,202,68
2026-09-16T12:00:00Z,2026-09-16T14:00:00+02:00,55,ajuntament-mercat,237,79,158,66.7
2026-09-16T12:01:00Z,2026-09-16T14:01:00+02:00,53,dr-robert,407,116,291,71.5
2026-09-16T12:01:00Z,2026-09-16T14:01:00+02:00,54,placa-vella,297,94,203,68.4
2026-09-16T12:01:00Z,2026-09-16T14:01:00+02:00,55,ajuntament-mercat,237,82,155,65.4
2026-09-16T12:02:00Z,2026-09-16T14:02:00+02:00,53,dr-robert,407,116,291,71.5
2026-09-16T12:02:00Z,2026-09-16T14:02:00+02:00,54,placa-vella,297,94,203,68.4
2026-09-16T12:02:00Z,2026-09-16T14:02:00+02:00,55,ajuntament-mercat,237,82,155,65.4
2026-09-16T12:03:00Z,2026-09-16T14:03:00+02:00,53,dr-robert,407,116,291,71.5
2026-09-16T12:03:00Z,2026-09-16T14:03:00+02:00,54,placa-vella,297,94,203,68.4
2026-09-16T12:03:00Z,2026-09-16T14:03:00+02:00,55,ajuntament-mercat,237,82,155,65.4
2026-09-16T12:04:00Z,2026-09-16T14:04:00+02:00,53,dr-robert,407,119,288,70.8
2026-09-16T12:04:00Z,2026-09-16T14:04:00+02:00,54,placa-vella,297,94,203,68.4
2026-09-16T12:04:00Z,2026-09-16T14:04:00+02:00,55,ajuntament-mercat,237,83,154,65
2026-09-16T12:05:00Z,2026-09-16T14:05:00+02:00,53,dr-robert,407,119,288,70.8
2026-09-16T12:05:00Z,2026-09-16T14:05:00+02:00,54,placa-vella,297,94,203,68.4
2026-09-16T12:05:00Z,2026-09-16T14:05:00+02:00,55,ajuntament-mercat,237,83,154,65
2026-09-16T12:06:00Z,2026-09-16T14:06:00+02:00,53,dr-robert,407,119,288,70.8
2026-09-16T12:06:00Z,2026-09-16T14:06:00+02:00,54,placa-vella,297,94,203,68.4
2026-09-16T12:06:00Z,2026-09-16T14:06:00+02:00,55,ajuntament-mercat,237,83,154,65
2026-09-16T12:07:00Z,2026-09-16T14:07:00+02:00,53,dr-robert,407,119,288,70.8
2026-09-16T12:07:00Z,2026-09-16T14:07:00+02:00,54,placa-vella,297,94,203,68.4
2026-09-16T12:07:00Z,2026-09-16T14:07:00+02:00,55,ajuntament-mercat,237,83,154,65
2026-09-16T12:08:00Z,2026-09-16T14:08:00+02:00,53,dr-robert,407,119,288,70.8
2026-09-16T12:08:00Z,2026-09-16T14:08:00+02:00,54,placa-vella,297,94,203,68.4
2026-09-16T12:08:00Z,2026-09-16T14:08:00+02:00,55,ajuntament-mercat,237,83,154,65
2026-09-16T12:09:00Z,2026-09-16T14:09:00+02:00,53,dr-robert,407,119,288,70.8
2026-09-16T12:09:00Z,2026-09-16T14:09:00+02:00,54,placa-vella,297,94,203,68.4
2026-09-16T12:09:00Z,2026-09-16T14:09:00+02:00,55,ajuntament-mercat,237,83,154,65
2026-09-16T12:10:00Z,2026-09-16T14:10:00+02:00,53,dr-robert,407,123,284,69.8
2026-09-16T12:10:00Z,2026-09-16T14:10:00+02:00,54,placa-vella,297,101,196,66
2026-09-16T12:10:00Z,2026-09-16T14:10:00+02:00,55,ajuntament-mercat,237,82,155,65.4
2026-09-16T12:11:00Z,2026-09-16T14:11:00+02:00,53,dr-robert,407,123,284,69.8
2026-09-16T12:11:00Z,2026-09-16T14:11:00+02:00,54,placa-vella,297,101,196,66
2026-09-16T12:11:00Z,2026-09-16T14:11:00+02:00,55,ajuntament-mercat,237,82,155,65.4
2026-09-16T12:12:00Z,2026-09-16T14:12:00+02:00,53,dr-robert,407,123,284,69.8
2026-09-16T12:12:00Z,2026-09-16T14:12:00+02:00,54,placa-vella,297,101,196,66
2026-09-16T12:12:00Z,2026-09-16T14:12:00+02:00,55,ajuntament-mercat,237,82,155,65.4
2026-09-16T12:13:00Z,2026-09-16T14:13:00+02:00,53,dr-robert,407,123,284,69.8
2026-09-16T12:13:00Z,2026-09-16T14:13:00+02:00,54,placa-vella,297,101,196,66
2026-09-16T12:13:00Z,2026-09-16T14:13:00+02:00,55,ajuntament-mercat,237,82,155,65.4
2026-09-16T12:14:00Z,2026-09-16T14:14:00+02:00,53,dr-robert,407,123,284,69.8
2026-09-16T12:14:00Z,2026-09-16T14:14:00+02:00,54,placa-vella,297,101,196,66
2026-09-16T12:14:00Z,2026-09-16T14:14:00+02:00,55,ajuntament-mercat,237,82,155,65.4
2026-09-16T12:15:00Z,2026-09-16T14:15:00+02:00,53,dr-robert,407,123,284,69.8
2026-09-16T12:15:00Z,2026-09-16T14:15:00+02:00,54,placa-vella,297,107,190,64
2026-09-16T12:15:00Z,2026-09-16T14:15:00+02:00,55,ajuntament-mercat,237,85,152,64.1
2026-09-16T12:16:00Z,2026-09-16T14:16:00+02:00,53,dr-robert,407,123,284,69.8
2026-09-16T12:16:00Z,2026-09-16T14:16:00+02:00,54,placa-vella,297,107,190,64
2026-09-16T12:16:00Z,2026-09-16T14:16:00+02:00,55,ajuntament-mercat,237,85,152,64.1
2026-09-16T12:17:00Z,2026-09-16T14:17:00+02:00,53,dr-robert,407,123,284,69.8
2026-09-16T12:17:00Z,2026-09-16T14:17:00+02:00,54,placa-vella,297,107,190,64
2026-09-16T12:17:00Z,2026-09-16T14:17:00+02:00,55,ajuntament-mercat,237,85,152,64.1
2026-09-16T12:18:00Z,2026-09-16T14:18:00+02:00,53,dr-robert,407,123,284,69.8
2026-09-16T12:18:00Z,2026-09-16T14:18:00+02:00,54,placa-vella,297,107,190,64
2026-09-16T12:18:00Z,2026-09-16T14:18:00+02:00,55,ajuntament-mercat,237,85,152,64.1
2026-09-16T12:19:00Z,2026-09-16T14:19:00+02:00,53,dr-robert,407,123,284,69.8
2026-09-16T12:19:00Z,2026-09-16T14:19:00+02:00,54,placa-vella,297,107,190,64
2026-09-16T12:19:00Z,2026-09-16T14:19:00+02:00,55,ajuntament-mercat,237,85,152,64.1
2026-09-16T12:20:00Z,2026-09-16T14:20:00+02:00,53,dr-robert,407,128,279,68.6
2026-09-16T12:20:00Z,2026-09-16T14:20:00+02:00,54,placa-vella,297,107,190,64
2026-09-16T12:20:00Z,2026-09-16T14:20:00+02:00,55,ajuntament-mercat,237,88,149,62.9
2026-09-16T12:21:00Z,2026-09-16T14:21:00+02:00,53,dr-robert,407,128,279,68.6
2026-09-16T12:21:00Z,2026-09-16T14:21:00+02:00,54,placa-vella,297,107,190,64
2026-09-16T12:21:00Z,2026-09-16T14:21:00+02:00,55,ajuntament-mercat,237,88,149,62.9
2026-09-16T12:22:00Z,2026-09-16T14:22:00+02:00,53,dr-robert,407,128,279,68.6
2026-09-16T12:22:00Z,2026-09-16T14:22:00+02:00,54,placa-vella,297,107,190,64
2026-09-16T12:22:00Z,2026-09-16T14:22:00+02:00,55,ajuntament-mercat,237,88,149,62.9
2026-09-16T12:23:00Z,2026-09-16T14:23:00+02:00,53,dr-robert,407,128,279,68.6
2026-09-16T12:23:00Z,2026-09-16T14:23:00+02:00,54,placa-vella,297,107,190,64
2026-09-16T12:23:00Z,2026-09-16T14:23:00+02:00,55,ajuntament-mercat,237,88,149,62.9
2026-09-16T12:24:00Z,2026-09-16T14:24:00+02:00,53,dr-robert,407,128,279,68.6
2026-09-16T12:24:00Z,2026-09-16T14:24:00+02:00,54,placa-vella,297,107,190,64
2026-09-16T12:24:00Z,2026-09-16T14:24:00+02:00,55,ajuntament-mercat,237,88,149,62.9
2026-09-16T12:25:00Z,2026-09-16T14:25:00+02:00,53,dr-robert,407,127,280,68.8
2026-09-16T12:25:00Z,2026-09-16T14:25:00+02:00,54,placa-vella,297,112,185,62.3
2026-09-16T12:25:00Z,2026-09-16T14:25:00+02:00,55,ajuntament-mercat,237,92,145,61.2
2026-09-16T12:26:00Z,2026-09-16T14:26:00+02:00,53,dr-robert,407,127,280,68.8
2026-09-16T12:26:00Z,2026-09-16T14:26:00+02:00,54,placa-vella,297,112,185,62.3
2026-09-16T12:26:00Z,2026-09-16T14:26:00+02:00,55,ajuntament-mercat,237,92,145,61.2
2026-09-16T12:27:00Z,2026-09-16T14:27:00+02:00,53,dr-robert,407,127,280,68.8
2026-09-16T12:27:00Z,2026-09-16T14:27:00+02:00,54,placa-vella,297,112,185,62.3
2026-09-16T12:27:00Z,2026-09-16T14:27:00+02:00,55,ajuntament-mercat,237,92,145,61.2
2026-09-16T12:28:00Z,2026-09-16T14:28:00+02:00,53,dr-robert,407,127,280,68.8
2026-09-16T12:28:00Z,2026-09-16T14:28:00+02:00,54,placa-vella,297,112,185,62.3
2026-09-16T12:28:00Z,2026-09-16T14:28:00+02:00,55,ajuntament-mercat,237,92,145,61.2
2026-09-16T12:29:00Z,2026-09-16T14:29:00+02:00,53,dr-robert,407,127,280,68.8
2026-09-16T12:29:00Z,2026-09-16T14:29:00+02:00,54,placa-vella,297,112,185,62.3
2026-09-16T12:29:00Z,2026-09-16T14:29:00+02:00,55,ajuntament-mercat,237,92,145,61.2
2026-09-16T12:30:00Z,2026-09-16T14:30:00+02:00,53,dr-robert,407,128,279,68.6
2026-09-16T12:30:00Z,2026-09-16T14:30:00+02:00,54,placa-vella,297,112,185,62.3
2026-09-16T12:30:00Z,2026-09-16T14:30:00+02:00,55,ajuntament-mercat,237,91,146,61.6
2026-09-16T12:31:00Z,2026-09-16T14:31:00+02:00,53,dr-robert,407,128,279,68.6
2026-09-16T12:31:00Z,2026-09-16T14:31:00+02:00,54,placa-vella,297,112,185,62.3
2026-09-16T12:31:00Z,2026-09-16T14:31:00+02:00,55,ajuntament-mercat,237,91,146,61.6
2026-09-16T12:32:00Z,2026-09-16T14:32:00+02:00,53,dr-robert,407,128,279,68.6
2026-09-16T12:32:00Z,2026-09-16T14:32:00+02:00,54,placa-vella,297,112,185,62.3
2026-09-16T12:32:00Z,2026-09-16T14:32:00+02:00,55,ajuntament-mercat,237,91,146,61.6
2026-09-16T12:33:00Z,2026-09-16T14:33:00+02:00,53,dr-robert,407,128,279,68.6
2026-09-16T12:33:00Z,2026-09-16T14:33:00+02:00,54,placa-vella,297,112,185,62.3
2026-09-16T12:33:00Z,2026-09-16T14:33:00+02:00,55,ajuntament-mercat,237,91,146,61.6
2026-09-16T12:34:00Z,2026-09-16T14:34:00+02:00,53,dr-robert,407,128,279,68.6
2026-09-16T12:34:00Z,2026-09-16T14:34:00+02:00,54,placa-vella,297,112,185,62.3
2026-09-16T12:34:00Z,2026-09-16T14:34:00+02:00,55,ajuntament-mercat,237,91,146,61.6
2026-09-16T12:35:00Z,2026-09-16T14:35:00+02:00,53,dr-robert,407,128,279,68.6
2026-09-16T12:35:00Z,2026-09-16T14:35:00+02:00,54,placa-vella,297,112,185,62.3
2026-09-16T12:35:00Z,2026-09-16T14:35:00+02:00,55,ajuntament-mercat,237,93,144,60.8
2026-09-16T12:36:00Z,2026-09-16T14:36:00+02:00,53,dr-robert,407,128,279,68.6
2026-09-16T12:36:00Z,2026-09-16T14:36:00+02:00,54,placa-vella,297,112,185,62.3
2026-09-16T12:36:00Z,2026-09-16T14:36:00+02:00,55,ajuntament-mercat,237,93,144,60.8
2026-09-16T12:37:00Z,2026-09-16T14:37:00+02:00,53,dr-robert,407,128,279,68.6
2026-09-16T12:37:00Z,2026-09-16T14:37:00+02:00,54,placa-vella,297,112,185,62.3
2026-09-16T12:37:00Z,2026-09-16T14:37:00+02:00,55,ajuntament-mercat,237,93,144,60.8
2026-09-16T12:38:00Z,2026-09-16T14:38:00+02:00,53,dr-robert,407,128,279,68.6
2026-09-16T12:38:00Z,2026-09-16T14:38:00+02:00,54,placa-vella,297,112,185,62.3
2026-09-16T12:38:00Z,2026-09-16T14:38:00+02:00,55,ajuntament-mercat,237,93,144,60.8
2026-09-16T12:39:00Z,2026-09-16T14:39:00+02:00,53,dr-robert,407,128,279,68.6
2026-09-16T12:39:00Z,2026-09-16T14:39:00+02:00,54,placa-vella,297,112,185,62.3
2026-09-16T12:39:00Z,2026-09-16T14:39:00+02:00,55,ajuntament-mercat,237,93,144,60.8
2026-09-16T12:40:00Z,2026-09-16T14:40:00+02:00,54,placa-vella,297,111,186,62.6
2026-09-16T12:40:00Z,2026-09-16T14:40:00+02:00,55,ajuntament-mercat,237,94,143,60.3
2026-09-16T12:41:00Z,2026-09-16T14:41:00+02:00,54,placa-vella,297,111,186,62.6
2026-09-16T12:41:00Z,2026-09-16T14:41:00+02:00,55,ajuntament-mercat,237,94,143,60.3
2026-09-16T12:42:00Z,2026-09-16T14:42:00+02:00,54,placa-vella,297,111,186,62.6
2026-09-16T12:42:00Z,2026-09-16T14:42:00+02:00,55,ajuntament-mercat,237,94,143,60.3
2026-09-16T12:43:00Z,2026-09-16T14:43:00+02:00,54,placa-vella,297,111,186,62.6
2026-09-16T12:43:00Z,2026-09-16T14:43:00+02:00,55,ajuntament-mercat,237,94,143,60.3
2026-09-16T12:44:00Z,2026-09-16T14:44:00+02:00,54,placa-vella,297,111,186,62.6
2026-09-16T12:44:00Z,2026-09-16T14:44:00+02:00,55,ajuntament-mercat,237,94,143,60.3
2026-09-16T12:45:00Z,2026-09-16T14:45:00+02:00,53,dr-robert,407,137,270,66.3
2026-09-16T12:45:00Z,2026-09-16T14:45:00+02:00,54,placa-vella,297,110,187,63
2026-09-16T12:45:00Z,2026-09-16T14:45:00+02:00,55,ajuntament-mercat,237,99,138,58.2
2026-09-16T12:46:00Z,2026-09-16T14:46:00+02:00,53,dr-robert,407,137,270,66.3
2026-09-16T12:46:00Z,2026-09-16T14:46:00+02:00,54,placa-vella,297,110,187,63
2026-09-16T12:46:00Z,2026-09-16T14:46:00+02:00,55,ajuntament-mercat,237,99,138,58.2
2026-09-16T12:47:00Z,2026-09-16T14:47:00+02:00,53,dr-robert,407,137,270,66.3
2026-09-16T12:47:00Z,2026-09-16T14:47:00+02:00,54,placa-vella,297,110,187,63
2026-09-16T12:47:00Z,2026-09-16T14:47:00+02:00,55,ajuntament-mercat,237,99,138,58.2
2026-09-16T12:48:00Z,2026-09-16T14:48:00+02:00,53,dr-robert,407,137,270,66.3
2026-09-16T12:48:00Z,2026-09-16T14:48:00+02:00,54,placa-vella,297,110,187,63
2026-09-16T12:48:00Z,2026-09-16T14:48:00+02:00,55,ajuntament-mercat,237,99,138,58.2
2026-09-16T12:49:00Z,2026-09-16T14:49:00+02:00,53,dr-robert,407,137,270,66.3
2026-09-16T12:49:00Z,2026-09-16T14:49:00+02:00,54,placa-vella,297,110,187,63
2026-09-16T12:49:00Z,2026-09-16T14:49:00+02:00,55,ajuntament-mercat,237,99,138,58.2
2026-09-16T12:50:00Z,2026-09-16T14:50:00+02:00,53,dr-robert,407,141,266,65.4
2026-09-16T12:50:00Z,2026-09-16T14:50:00+02:00,54,placa-vella,297,114,183,61.6
2026-09-16T12:50:00Z,2026-09-16T14:50:00+02:00,55,ajuntament-mercat,237,101,136,57.4
2026-09-16T12:51:00Z,2026-09-16T14:51:00+02:00,53,dr-robert,407,141,266,65.4
2026-09-16T12:51:00Z,2026-09-16T14:51:00+02:00,54,placa-vella,297,114,183,61.6
2026-09-16T12:51:00Z,2026-09-16T14:51:00+02:00,55,ajuntament-mercat,237,101,136,57.4
2026-09-16T12:52:00Z,2026-09-16T14:52:00+02:00,53,dr-robert,407,141,266,65.4
2026-09-16T12:52:00Z,2026-09-16T14:52:00+02:00,54,placa-vella,297,114,183,61.6
2026-09-16T12:52:00Z,2026-09-16T14:52:00+02:00,55,ajuntament-mercat,237,101,136,57.4
2026-09-16T12:53:00Z,2026-09-16T14:53:00+02:00,53,dr-robert,407,141,266,65.4
2026-09-16T12:53:00Z,2026-09-16T14:53:00+02:00,54,placa-vella,297,114,183,61.6
2026-09-16T12:53:00Z,2026-09-16T14:53:00+02:00,55,ajuntament-mercat,237,101,136,57.4
2026-09-16T12:54:00Z,2026-09-16T14:54:00+02:00,53,dr-robert,407,141,266,65.4
2026-09-16T12:54:00Z,2026-09-16T14:54:00+02:00,54,placa-vella,297,114,183,61.6
2026-09-16T12:54:00Z,2026-09-16T14:54:00+02:00,55,ajuntament-mercat,237,101,136,57.4
2026-09-16T12:55:00Z,2026-09-16T14:55:00+02:00,53,dr-robert,407,140,267,65.6
2026-09-16T12:55:00Z,2026-09-16T14:55:00+02:00,54,placa-vella,297,116,181,60.9
2026-09-16T12:55:00Z,2026-09-16T14:55:00+02:00,55,ajuntament-mercat,237,102,135,57
2026-09-16T12:56:00Z,2026-09-16T14:56:00+02:00,53,dr-robert,407,140,267,65.6
2026-09-16T12:56:00Z,2026-09-16T14:56:00+02:00,54,placa-vella,297,116,181,60.9
2026-09-16T12:56:00Z,2026-09-16T14:56:00+02:00,55,ajuntament-mercat,237,102,135,57
2026-09-16T12:57:00Z,2026-09-16T14:57:00+02:00,53,dr-robert,407,140,267,65.6
2026-09-16T12:57:00Z,2026-09-16T14:57:00+02:00,54,placa-vella,297,116,181,60.9
2026-09-16T12:57:00Z,2026-09-16T14:57:00+02:00,55,ajuntament-mercat,237,102,135,57
2026-09-16T12:58:00Z,2026-09-16T14:58:00+02:00,53,dr-robert,407,140,267,65.6
2026-09-16T12:58:00Z,2026-09-16T14:58:00+02:00,54,placa-vella,297,116,181,60.9
2026-09-16T12:58:00Z,2026-09-16T14:58:00+02:00,55,ajuntament-mercat,237,102,135,57
2026-09-16T12:59:00Z,2026-09-16T14:59:00+02:00,53,dr-robert,407,140,267,65.6
2026-09-16T12:59:00Z,2026-09-16T14:59:00+02:00,54,placa-vella,297,116,181,60.9
2026-09-16T12:59:00Z,2026-09-16T14:59:00+02:00,55,ajuntament-mercat,237,102,135,57
2026-09-16T13:00:00Z,2026-09-16T15:00:00+02:00,53,dr-robert,407,137,270,66.3
2026-09-16T13:00:00Z,2026-09-16T15:00:00+02:00,54,placa-vella,297,116,181,60.9
2026-09-16T13:00:00Z,2026-09-16T15:00:00+02:00,55,ajuntament-mercat,237,99,138,58.2
2026-09-16T13:01:00Z,2026-09-16T15:01:00+02:00,53,dr-robert,407,137,270,66.3
2026-09-16T13:01:00Z,2026-09-16T15:01:00+02:00,54,placa-vella,297,116,181,60.9
2026-09-16T13:01:00Z,2026-09-16T15:01:00+02:00,55,ajuntament-mercat,237,99,138,58.2
2026-09-16T13:02:00Z,2026-09-16T15:02:00+02:00,53,dr-robert,407,137,270,66.3
2026-09-16T13:02:00Z,2026-09-16T15:02:00+02:00,54,placa-vella,297,116,181,60.9
2026-09-16T13:02:00Z,2026-09-16T15:02:00+02:00,55,ajuntament-mercat,237,99,138,58.2
2026-09-16T13:03:00Z,2026-09-16T15:03:00+02:00,53,dr-robert,407,137,270,66.3
2026-09-16T13:03:00Z,2026-09-16T15:03:00+02:00,54,placa-vella,297,116,181,60.9
2026-09-16T13:03:00Z,2026-09-16T15:03:00+02:00,55,ajuntament-mercat,237,99,138,58.2
2026-09-16T13:04:00Z,2026-09-16T15:04:00+02:00,53,dr-robert,407,137,270,66.3
2026-09-16T13:04:00Z,2026-09-16T15:04:00+02:00,54,placa-vella,297,116,181,60.9
2026-09-16T13:04:00Z,2026-09-16T15:04:00+02:00,55,ajuntament-mercat,237,99,138,58.2
2026-09-16T13:05:00Z,2026-09-16T15:05:00+02:00,53,dr-robert,407,135,272,66.8
2026-09-16T13:05:00Z,2026-09-16T15:05:00+02:00,54,placa-vella,297,118,179,60.3
2026-09-16T13:05:00Z,2026-09-16T15:05:00+02:00,55,ajuntament-mercat,237,102,135,57
2026-09-16T13:06:00Z,2026-09-16T15:06:00+02:00,53,dr-robert,407,135,272,66.8
2026-09-16T13:06:00Z,2026-09-16T15:06:00+02:00,54,placa-vella,297,118,179,60.3
2026-09-16T13:06:00Z,2026-09-16T15:06:00+02:00,55,ajuntament-mercat,237,102,135,57
2026-09-16T13:07:00Z,2026-09-16T15:07:00+02:00,53,dr-robert,407,135,272,66.8
2026-09-16T13:07:00Z,2026-09-16T15:07:00+02:00,54,placa-vella,297,118,179,60.3
2026-09-16T13:07:00Z,2026-09-16T15:07:00+02:00,55,ajuntament-mercat,237,102,135,57
2026-09-16T13:08:00Z,2026-09-16T15:08:00+02:00,53,dr-robert,407,135,272,66.8
2026-09-16T13:08:00Z,2026-09-16T15:08:00+02:00,54,placa-vella,297,118,179,60.3
2026-09-16T13:08:00Z,2026-09-16T15:08:00+02:00,55,ajuntament-mercat,237,102,135,57
2026-09-16T13:09:00Z,2026-09-16T15:09:00+02:00,53,dr-robert,407,135,272,66.8
2026-09-16T13:09:00Z,2026-09-16T15:09:00+02:00,54,placa-vella,297,118,179,60.3
2026-09-16T13:09:00Z,2026-09-16T15:09:00+02:00,55,ajuntament-mercat,237,102,135,57
2026-09-16T13:10:00Z,2026-09-16T15:10:00+02:00,53,dr-robert,407,135,272,66.8
2026-09-16T13:10:00Z,2026-09-16T15:10:00+02:00,54,placa-vella,297,122,175,58.9
2026-09-16T13:10:00Z,2026-09-16T15:10:00+02:00,55,ajuntament-mercat,237,108,129,54.4
2026-09-16T13:11:00Z,2026-09-16T15:11:00+02:00,53,dr-robert,407,135,272,66.8
2026-09-16T13:11:00Z,2026-09-16T15:11:00+02:00,54,placa-vella,297,122,175,58.9
2026-09-16T13:11:00Z,2026-09-16T15:11:00+02:00,55,ajuntament-mercat,237,108,129,54.4
2026-09-16T13:12:00Z,2026-09-16T15:12:00+02:00,53,dr-robert,407,135,272,66.8
2026-09-16T13:12:00Z,2026-09-16T15:12:00+02:00,54,placa-vella,297,122,175,58.9
2026-09-16T13:12:00Z,2026-09-16T15:12:00+02:00,55,ajuntament-mercat,237,108,129,54.4
2026-09-16T13:13:00Z,2026-09-16T15:13:00+02:00,53,dr-robert,407,135,272,66.8
2026-09-16T13:13:00Z,2026-09-16T15:13:00+02:00,54,placa-vella,297,122,175,58.9
2026-09-16T13:13:00Z,2026-09-16T15:13:00+02:00,55,ajuntament-mercat,237,108,129,54.4
2026-09-16T13:14:00Z,2026-09-16T15:14:00+02:00,53,dr-robert,407,135,272,66.8
2026-09-16T13:14:00Z,2026-09-16T15:14:00+02:00,54,placa-vella,297,122,175,58.9
2026-09-16T13:14:00Z,2026-09-16T15:14:00+02:00,55,ajuntament-mercat,237,108,129,54.4
2026-09-16T13:15:00Z,2026-09-16T15:15:00+02:00,53,dr-robert,407,133,274,67.3
2026-09-16T13:15:00Z,2026-09-16T15:15:00+02:00,54,placa-vella,297,128,169,56.9
2026-09-16T13:15:00Z,2026-09-16T15:15:00+02:00,55,ajuntament-mercat,237,113,124,52.3
2026-09-16T13:16:00Z,2026-09-16T15:16:00+02:00,53,dr-robert,407,133,274,67.3
2026-09-16T13:16:00Z,2026-09-16T15:16:00+02:00,54,placa-vella,297,128,169,56.9
2026-09-16T13:16:00Z,2026-09-16T15:16:00+02:00,55,ajuntament-mercat,237,113,124,52.3
2026-09-16T13:17:00Z,2026-09-16T15:17:00+02:00,53,dr-robert,407,133,274,67.3
2026-09-16T13:17:00Z,2026-09-16T15:17:00+02:00,54,placa-vella,297,128,169,56.9
2026-09-16T13:17:00Z,2026-09-16T15:17:00+02:00,55,ajuntament-mercat,237,113,124,52.3
2026-09-16T13:18:00Z,2026-09-16T15:18:00+02:00,53,dr-robert,407,133,274,67.3
2026-09-16T13:18:00Z,2026-09-16T15:18:00+02:00,54,placa-vella,297,128,169,56.9
2026-09-16T13:18:00Z,2026-09-16T15:18:00+02:00,55,ajuntament-mercat,237,113,124,52.3
2026-09-16T13:19:00Z,2026-09-16T15:19:00+02:00,53,dr-robert,407,133,274,67.3
2026-09-16T13:19:00Z,2026-09-16T15:19:00+02:00,54,placa-vella,297,128,169,56.9
2026-09-16T13:19:00Z,2026-09-16T15:19:00+02:00,55,ajuntament-mercat,237,113,124,52.3
2026-09-16T13:20:00Z,2026-09-16T15:20:00+02:00,53,dr-robert,407,131,276,67.8
2026-09-16T13:20:00Z,2026-09-16T15:20:00+02:00,54,placa-vella,297,124,173,58.2
2026-09-16T13:20:00Z,2026-09-16T15:20:00+02:00,55,ajuntament-mercat,237,117,120,50.6
2026-09-16T13:21:00Z,2026-09-16T15:21:00+02:00,53,dr-robert,407,131,276,67.8
2026-09-16T13:21:00Z,2026-09-16T15:21:00+02:00,54,placa-vella,297,124,173,58.2
2026-09-16T13:21:00Z,2026-09-16T15:21:00+02:00,55,ajuntament-mercat,237,117,120,50.6
2026-09-16T13:22:00Z,2026-09-16T15:22:00+02:00,53,dr-robert,407,131,276,67.8
2026-09-16T13:22:00Z,2026-09-16T15:22:00+02:00,54,placa-vella,297,124,173,58.2
2026-09-16T13:22:00Z,2026-09-16T15:22:00+02:00,55,ajuntament-mercat,237,117,120,50.6
2026-09-16T13:23:00Z,2026-09-16T15:23:00+02:00,53,dr-robert,407,131,276,67.8
2026-09-16T13:23:00Z,2026-09-16T15:23:00+02:00,54,placa-vella,297,124,173,58.2
2026-09-16T13:23:00Z,2026-09-16T15:23:00+02:00,55,ajuntament-mercat,237,117,120,50.6
2026-09-16T13:24:00Z,2026-09-16T15:24:00+02:00,53,dr-robert,407,131,276,67.8
2026-09-16T13:24:00Z,2026-09-16T15:24:00+02:00,54,placa-vella,297,124,173,58.2
2026-09-16T13:24:00Z,2026-09-16T15:24:00+02:00,55,ajuntament-mercat,237,117,120,50.6
2026-09-16T13:25:00Z,2026-09-16T15:25:00+02:00,53,dr-robert,407,137,270,66.3
2026-09-16T13:25:00Z,2026-09-16T15:25:00+02:00,54,placa-vella,297,122,175,58.9
2026-09-16T13:25:00Z,2026-09-16T15:25:00+02:00,55,ajuntament-mercat,237,119,118,49.8
2026-09-16T13:26:00Z,2026-09-16T15:26:00+02:00,53,dr-robert,407,137,270,66.3
2026-09-16T13:26:00Z,2026-09-16T15:26:00+02:00,54,placa-vella,297,122,175,58.9
2026-09-16T13:26:00Z,2026-09-16T15:26:00+02:00,55,ajuntament-mercat,237,119,118,49.8
2026-09-16T13:27:00Z,2026-09-16T15:27:00+02:00,53,dr-robert,407,137,270,66.3
2026-09-16T13:27:00Z,2026-09-16T15:27:00+02:00,54,placa-vella,297,122,175,58.9
2026-09-16T13:27:00Z,2026-09-16T15:27:00+02:00,55,ajuntament-mercat,237,119,118,49.8
2026-09-16T13:28:00Z,2026-09-16T15:28:00+02:00,53,dr-robert,407,137,270,66.3
2026-09-16T13:28:00Z,2026-09-16T15:28:00+02:00,54,placa-vella,297,122,175,58.9
2026-09-16T13:28:00Z,2026-09-16T15:28:00+02:00,55,ajuntament-mercat,237,119,118,49.8
2026-09-16T13:29:00Z,2026-09-16T15:29:00+02:00,53,dr-robert,407,137,270,66.3
2026-09-16T13:29:00Z,2026-09-16T15:29:00+02:00,54,placa-vella,297,122,175,58.9
2026-09-16T13:29:00Z,2026-09-16T15:29:00+02:00,55,ajuntament-mercat,237,119,118,49.8
2026-09-16T13:30:00Z,2026-09-16T15:30:00+02:00,53,dr-robert,407,136,271,66.6
2026-09-16T13:30:00Z,2026-09-16T15:30:00+02:00,54,placa-vella,297,123,174,58.6
2026-09-16T13:30:00Z,2026-09-16T15:30:00+02:00,55,ajuntament-mercat,237,119,118,49.8
2026-09-16T13:31:00Z,2026-09-16T15:31:00+02:00,53,dr-robert,407,136,271,66.6
2026-09-16T13:31:00Z,2026-09-16T15:31:00+02:00,54,placa-vella,297,123,174,58.6
2026-09-16T13:31:00Z,2026-09-16T15:31:00+02:00,55,ajuntament-mercat,237,119,118,49.8
2026-09-16T13:32:00Z,2026-09-16T15:32:00+02:00,53,dr-robert,407,136,271,66.6
2026-09-16T13:32:00Z,2026-09-16T15:32:00+02:00,54,placa-vella,297,123,174,58.6
2026-09-16T13:32:00Z,2026-09-16T15:32:00+02:00,55,ajuntament-mercat,237,119,118,49.8
2026-09-16T13:33:00Z,2026-09-16T15:33:00+02:00,53,dr-robert,407,136,271,66.6
2026-09-16T13:33:00Z,2026-09-16T15:33:00+02:00,54,placa-vella,297,123,174,58.6
2026-09-16T13:33:00Z,2026-09-16T15:33:00+02:00,55,ajuntament-mercat,237,119,118,49.8
2026-09-16T13:34:00Z,2026-09-16T15:34:00+02:00,53,dr-robert,407,136,271,66.6
2026-09-16T13:34:00Z,2026-09-16T15:34:00+02:00,54,placa-vella,297,123,174,58.6
2026-09-16T13:34:00Z,2026-09-16T15:34:00+02:00,55,ajuntament-mercat,237,119,118,49.8
2026-09-16T13:35:00Z,2026-09-16T15:35:00+02:00,53,dr-robert,407,140,267,65.6
2026-09-16T13:35:00Z,2026-09-16T15:35:00+02:00,54,placa-vella,297,123,174,58.6
2026-09-16T13:35:00Z,2026-09-16T15:35:00+02:00,55,ajuntament-mercat,237,120,117,49.4
2026-09-16T13:36:00Z,2026-09-16T15:36:00+02:00,53,dr-robert,407,140,267,65.6
2026-09-16T13:36:00Z,2026-09-16T15:36:00+02:00,54,placa-vella,297,123,174,58.6
2026-09-16T13:36:00Z,2026-09-16T15:36:00+02:00,55,ajuntament-mercat,237,120,117,49.4
2026-09-16T13:37:00Z,2026-09-16T15:37:00+02:00,53,dr-robert,407,140,267,65.6
2026-09-16T13:37:00Z,2026-09-16T15:37:00+02:00,54,placa-vella,297,123,174,58.6
2026-09-16T13:37:00Z,2026-09-16T15:37:00+02:00,55,ajuntament-mercat,237,120,117,49.4
2026-09-16T13:38:00Z,2026-09-16T15:38:00+02:00,53,dr-robert,407,140,267,65.6
2026-09-16T13:38:00Z,2026-09-16T15:38:00+02:00,54,placa-vella,297,123,174,58.6
2026-09-16T13:38:00Z,2026-09-16T15:38:00+02:00,55,ajuntament-mercat,237,120,117,49.4
2026-09-16T13:39:00Z,2026-09-16T15:39:00+02:00,53,dr-robert,407,140,267,65.6
2026-09-16T13:39:00Z,2026-09-16T15:39:00+02:00,54,placa-vella,297,123,174,58.6
2026-09-16T13:39:00Z,2026-09-16T15:39:00+02:00,55,ajuntament-mercat,237,120,117,49.4
2026-09-16T13:40:00Z,2026-09-16T15:40:00+02:00,53,dr-robert,407,142,265,65.1
2026-09-16T13:40:00Z,2026-09-16T15:40:00+02:00,54,placa-vella,297,131,166,55.9
2026-09-16T13:40:00Z,2026-09-16T15:40:00+02:00,55,ajuntament-mercat,237,118,119,50.2
2026-09-16T13:41:00Z,2026-09-16T15:41:00+02:00,53,dr-robert,407,142,265,65.1
2026-09-16T13:41:00Z,2026-09-16T15:41:00+02:00,54,placa-vella,297,131,166,55.9
2026-09-16T13:41:00Z,2026-09-16T15:41:00+02:00,55,ajuntament-mercat,237,118,119,50.2
2026-09-16T13:42:00Z,2026-09-16T15:42:00+02:00,53,dr-robert,407,142,265,65.1
2026-09-16T13:42:00Z,2026-09-16T15:42:00+02:00,54,placa-vella,297,131,166,55.9
2026-09-16T13:42:00Z,2026-09-16T15:42:00+02:00,55,ajuntament-mercat,237,118,119,50.2
2026-09-16T13:43:00Z,2026-09-16T15:43:00+02:00,53,dr-robert,407,142,265,65.1
2026-09-16T13:43:00Z,2026-09-16T15:43:00+02:00,54,placa-vella,297,131,166,55.9
2026-09-16T13:43:00Z,2026-09-16T15:43:00+02:00,55,ajuntament-mercat,237,118,119,50.2
2026-09-16T13:44:00Z,2026-09-16T15:44:00+02:00,53,dr-robert,407,142,265,65.1
2026-09-16T13:44:00Z,2026-09-16T15:44:00+02:00,54,placa-vella,297,131,166,55.9
2026-09-16T13:44:00Z,2026-09-16T15:44:00+02:00,55,ajuntament-mercat,237,118,119,50.2
2026-09-16T13:45:00Z,2026-09-16T15:45:00+02:00,53,dr-robert,407,139,268,65.8
2026-09-16T13:45:00Z,2026-09-16T15:45:00+02:00,54,placa-vella,297,130,167,56.2
2026-09-16T13:45:00Z,2026-09-16T15:45:00+02:00,55,ajuntament-mercat,237,121,116,48.9
2026-09-16T13:46:00Z,2026-09-16T15:46:00+02:00,53,dr-robert,407,139,268,65.8
2026-09-16T13:46:00Z,2026-09-16T15:46:00+02:00,54,placa-vella,297,130,167,56.2
2026-09-16T13:46:00Z,2026-09-16T15:46:00+02:00,55,ajuntament-mercat,237,121,116,48.9
2026-09-16T13:47:00Z,2026-09-16T15:47:00+02:00,53,dr-robert,407,139,268,65.8
2026-09-16T13:47:00Z,2026-09-16T15:47:00+02:00,54,placa-vella,297,130,167,56.2
2026-09-16T13:47:00Z,2026-09-16T15:47:00+02:00,55,ajuntament-mercat,237,121,116,48.9
2026-09-16T13:48:00Z,2026-09-16T15:48:00+02:00,53,dr-robert,407,139,268,65.8
2026-09-16T13:48:00Z,2026-09-16T15:48:00+02:00,54,placa-vella,297,130,167,56.2
2026-09-16T13:48:00Z,2026-09-16T15:48:00+02:00,55,ajuntament-mercat,237,121,116,48.9
2026-09-16T13:49:00Z,2026-09-16T15:49:00+02:00,53,dr-robert,407,139,268,65.8
2026-09-16T13:49:00Z,2026-09-16T15:49:00+02:00,54,placa-vella,297,130,167,56.2
2026-09-16T13:49:00Z,2026-09-16T15:49:00+02:00,55,ajuntament-mercat,237,121,116,48.9
2026-09-16T13:50:00Z,2026-09-16T15:50:00+02:00,53,dr-robert,407,140,267,65.6
2026-09-16T13:50:00Z,2026-09-16T15:50:00+02:00,54,placa-vella,297,129,168,56.6
2026-09-16T13:50:00Z,2026-09-16T15:50:00+02:00,55,ajuntament-mercat,237,123,114,48.1
2026-09-16T13:51:00Z,2026-09-16T15:51:00+02:00,53,dr-robert,407,140,267,65.6
2026-09-16T13:51:00Z,2026-09-16T15:51:00+02:00,54,placa-vella,297,129,168,56.6
2026-09-16T13:51:00Z,2026-09-16T15:51:00+02:00,55,ajuntament-mercat,237,123,114,48.1
2026-09-16T13:52:00Z,2026-09-16T15:52:00+02:00,53,dr-robert,407,140,267,65.6
2026-09-16T13:52:00Z,2026-09-16T15:52:00+02:00,54,placa-vella,297,129,168,56.6
2026-09-16T13:52:00Z,2026-09-16T15:52:00+02:00,55,ajuntament-mercat,237,123,114,48.1
2026-09-16T13:53:00Z,2026-09-16T15:53:00+02:00,53,dr-robert,407,140,267,65.6
2026-09-16T13:53:00Z,2026-09-16T15:53:00+02:00,54,placa-vella,297,129,168,56.6
2026-09-16T13:53:00Z,2026-09-16T15:53:00+02:00,55,ajuntament-mercat,237,123,114,48.1
2026-09-16T13:54:00Z,2026-09-16T15:54:00+02:00,53,dr-robert,407,140,267,65.6
2026-09-16T13:54:00Z,2026-09-16T15:54:00+02:00,54,placa-vella,297,129,168,56.6
2026-09-16T13:54:00Z,2026-09-16T15:54:00+02:00,55,ajuntament-mercat,237,123,114,48.1
2026-09-16T13:55:00Z,2026-09-16T15:55:00+02:00,53,dr-robert,407,140,267,65.6
2026-09-16T13:55:00Z,2026-09-16T15:55:00+02:00,54,placa-vella,297,125,172,57.9
2026-09-16T13:55:00Z,2026-09-16T15:55:00+02:00,55,ajuntament-mercat,237,126,111,46.8
2026-09-16T13:56:00Z,2026-09-16T15:56:00+02:00,53,dr-robert,407,140,267,65.6
2026-09-16T13:56:00Z,2026-09-16T15:56:00+02:00,54,placa-vella,297,125,172,57.9
2026-09-16T13:56:00Z,2026-09-16T15:56:00+02:00,55,ajuntament-mercat,237,126,111,46.8
2026-09-16T13:57:00Z,2026-09-16T15:57:00+02:00,53,dr-robert,407,140,267,65.6
2026-09-16T13:57:00Z,2026-09-16T15:57:00+02:00,54,placa-vella,297,125,172,57.9
2026-09-16T13:57:00Z,2026-09-16T15:57:00+02:00,55,ajuntament-mercat,237,126,111,46.8
2026-09-16T13:58:00Z,2026-09-16T15:58:00+02:00,53,dr-robert,407,140,267,65.6
2026-09-16T13:58:00Z,2026-09-16T15:58:00+02:00,54,placa-vella,297,125,172,57.9
2026-09-16T13:58:00Z,2026-09-16T15:58:00+02:00,55,ajuntament-mercat,237,126,111,46.8
2026-09-16T13:59:00Z,2026-09-16T15:59:00+02:00,53,dr-robert,407,140,267,65.6
2026-09-16T13:59:00Z,2026-09-16T15:59:00+02:00,54,placa-vella,297,125,172,57.9
2026-09-16T13:59:00Z,2026-09-16T15:59:00+02:00,55,ajuntament-mercat,237,126,111,46.8
2026-09-16T14:00:00Z,2026-09-16T16:00:00+02:00,53,dr-robert,407,141,266,65.4
2026-09-16T14:00:00Z,2026-09-16T16:00:00+02:00,54,placa-vella,297,119,178,59.9
2026-09-16T14:00:00Z,2026-09-16T16:00:00+02:00,55,ajuntament-mercat,237,124,113,47.7
2026-09-16T14:01:00Z,2026-09-16T16:01:00+02:00,53,dr-robert,407,141,266,65.4
2026-09-16T14:01:00Z,2026-09-16T16:01:00+02:00,54,placa-vella,297,119,178,59.9
2026-09-16T14:01:00Z,2026-09-16T16:01:00+02:00,55,ajuntament-mercat,237,124,113,47.7
2026-09-16T14:02:00Z,2026-09-16T16:02:00+02:00,53,dr-robert,407,141,266,65.4
2026-09-16T14:02:00Z,2026-09-16T16:02:00+02:00,54,placa-vella,297,119,178,59.9
2026-09-16T14:02:00Z,2026-09-16T16:02:00+02:00,55,ajuntament-mercat,237,124,113,47.7
2026-09-16T14:03:00Z,2026-09-16T16:03:00+02:00,53,dr-robert,407,141,266,65.4
2026-09-16T14:03:00Z,2026-09-16T16:03:00+02:00,54,placa-vella,297,119,178,59.9
2026-09-16T14:03:00Z,2026-09-16T16:03:00+02:00,55,ajuntament-mercat,237,124,113,47.7
2026-09-16T14:04:00Z,2026-09-16T16:04:00+02:00,53,dr-robert,407,141,266,65.4
2026-09-16T14:04:00Z,2026-09-16T16:04:00+02:00,54,placa-vella,297,119,178,59.9
2026-09-16T14:04:00Z,2026-09-16T16:04:00+02:00,55,ajuntament-mercat,237,124,113,47.7
2026-09-16T14:05:00Z,2026-09-16T16:05:00+02:00,53,dr-robert,407,149,258,63.4
2026-09-16T14:05:00Z,2026-09-16T16:05:00+02:00,54,placa-vella,297,116,181,60.9
2026-09-16T14:05:00Z,2026-09-16T16:05:00+02:00,55,ajuntament-mercat,237,124,113,47.7
2026-09-16T14:06:00Z,2026-09-16T16:06:00+02:00,53,dr-robert,407,149,258,63.4
2026-09-16T14:06:00Z,2026-09-16T16:06:00+02:00,54,placa-vella,297,116,181,60.9
2026-09-16T14:06:00Z,2026-09-16T16:06:00+02:00,55,ajuntament-mercat,237,124,113,47.7
2026-09-16T14:07:00Z,2026-09-16T16:07:00+02:00,53,dr-robert,407,149,258,63.4
2026-09-16T14:07:00Z,2026-09-16T16:07:00+02:00,54,placa-vella,297,116,181,60.9
2026-09-16T14:07:00Z,2026-09-16T16:07:00+02:00,55,ajuntament-mercat,237,124,113,47.7
2026-09-16T14:08:00Z,2026-09-16T16:08:00+02:00,53,dr-robert,407,149,258,63.4
2026-09-16T14:08:00Z,2026-09-16T16:08:00+02:00,54,placa-vella,297,116,181,60.9
2026-09-16T14:08:00Z,2026-09-16T16:08:00+02:00,55,ajuntament-mercat,237,124,113,47.7
2026-09-16T14:09:00Z,2026-09-16T16:09:00+02:00,53,dr-robert,407,149,258,63.4
2026-09-16T14:09:00Z,2026-09-16T16:09:00+02:00,54,placa-vella,297,116,181,60.9
2026-09-16T14:09:00Z,2026-09-16T16:09:00+02:00,55,ajuntament-mercat,237,124,113,47.7
2026-09-16T14:10:00Z,2026-09-16T16:10:00+02:00,53,dr-robert,407,149,258,63.4
2026-09-16T14:10:00Z,2026-09-16T16:10:00+02:00,54,placa-vella,297,117,180,60.6
2026-09-16T14:10:00Z,2026-09-16T16:10:00+02:00,55,ajuntament-mercat,237,128,109,46
2026-09-16T14:11:00Z,2026-09-16T16:11:00+02:00,53,dr-robert,407,149,258,63.4
2026-09-16T14:11:00Z,2026-09-16T16:11:00+02:00,54,placa-vella,297,117,180,60.6
2026-09-16T14:11:00Z,2026-09-16T16:11:00+02:00,55,ajuntament-mercat,237,128,109,46
2026-09-16T14:12:00Z,2026-09-16T16:12:00+02:00,53,dr-robert,407,149,258,63.4
2026-09-16T14:12:00Z,2026-09-16T16:12:00+02:00,54,placa-vella,297,117,180,60.6
2026-09-16T14:12:00Z,2026-09-16T16:12:00+02:00,55,ajuntament-mercat,237,128,109,46
2026-09-16T14:13:00Z,2026-09-16T16:13:00+02:00,53,dr-robert,407,149,258,63.4
2026-09-16T14:13:00Z,2026-09-16T16:13:00+02:00,54,placa-vella,297,117,180,60.6
2026-09-16T14:13:00Z,2026-09-16T16:13:00+02:00,55,ajuntament-mercat,237,128,109,46
2026-09-16T14:14:00Z,2026-09-16T16:14:00+02:00,53,dr-robert,407,149,258,63.4
2026-09-16T14:14:00Z,2026-09-16T16:14:00+02:00,54,placa-vella,297,117,180,60.6
2026-09-16T14:14:00Z,2026-09-16T16:14:00+02:00,55,ajuntament-mercat,237,128,109,46
2026-09-16T14:15:00Z,2026-09-16T16:15:00+02:00,53,dr-robert,407,154,253,62.2
2026-09-16T14:15:00Z,2026-09-16T16:15:00+02:00,54,placa-vella,297,111,186,62.6
2026-09-16T14:15:00Z,2026-09-16T16:15:00+02:00,55,ajuntament-mercat,237,128,109,46
2026-09-16T14:16:00Z,2026-09-16T16:16:00+02:00,53,dr-robert,407,154,253,62.2
2026-09-16T14:16:00Z,2026-09-16T16:16:00+02:00,54,placa-vella,297,111,186,62.6
2026-09-16T14:16:00Z,2026-09-16T16:16:00+02:00,55,ajuntament-mercat,237,128,109,46
2026-09-16T14:17:00Z,2026-09-16T16:17:00+02:00,53,dr-robert,407,154,253,62.2
2026-09-16T14:17:00Z,2026-09-16T16:17:00+02:00,54,placa-vella,297,111,186,62.6
2026-09-16T14:17:00Z,2026-09-16T16:17:00+02:00,55,ajuntament-mercat,237,128,109,46
2026-09-16T14:18:00Z,2026-09-16T16:18:00+02:00,53,dr-robert,407,154,253,62.2
2026-09-16T14:18:00Z,2026-09-16T16:18:00+02:00,54,placa-vella,297,111,186,62.6
2026-09-16T14:18:00Z,2026-09-16T16:18:00+02:00,55,ajuntament-mercat,237,128,109,46
2026-09-16T14:19:00Z,2026-09-16T16:19:00+02:00,53,dr-robert,407,154,253,62.2
2026-09-16T14:19:00Z,2026-09-16T16:19:00+02:00,54,placa-vella,297,111,186,62.6
2026-09-16T14:19:00Z,2026-09-16T16:19:00+02:00,55,ajuntament-mercat,237,128,109,46
2026-09-16T14:20:00Z,2026-09-16T16:20:00+02:00,53,dr-robert,407,152,255,62.7
2026-09-16T14:20:00Z,2026-09-16T16:20:00+02:00,54,placa-vella,297,112,185,62.3
2026-09-16T14:20:00Z,2026-09-16T16:20:00+02:00,55,ajuntament-mercat,237,128,109,46
2026-09-16T14:21:00Z,2026-09-16T16:21:00+02:00,53,dr-robert,407,152,255,62.7
2026-09-16T14:21:00Z,2026-09-16T16:21:00+02:00,54,placa-vella,297,112,185,62.3
2026-09-16T14:21:00Z,2026-09-16T16:21:00+02:00,55,ajuntament-mercat,237,128,109,46
2026-09-16T14:22:00Z,2026-09-16T16:22:00+02:00,53,dr-robert,407,152,255,62.7
2026-09-16T14:22:00Z,2026-09-16T16:22:00+02:00,54,placa-vella,297,112,185,62.3
2026-09-16T14:22:00Z,2026-09-16T16:22:00+02:00,55,ajuntament-mercat,237,128,109,46
2026-09-16T14:23:00Z,2026-09-16T16:23:00+02:00,53,dr-robert,407,152,255,62.7
2026-09-16T14:23:00Z,2026-09-16T16:23:00+02:00,54,placa-vella,297,112,185,62.3
2026-09-16T14:23:00Z,2026-09-16T16:23:00+02:00,55,ajuntament-mercat,237,128,109,46
2026-09-16T14:24:00Z,2026-09-16T16:24:00+02:00,53,dr-robert,407,152,255,62.7
2026-09-16T14:24:00Z,2026-09-16T16:24:00+02:00,54,placa-vella,297,112,185,62.3
2026-09-16T14:24:00Z,2026-09-16T16:24:00+02:00,55,ajuntament-mercat,237,128,109,46
2026-09-16T14:25:00Z,2026-09-16T16:25:00+02:00,53,dr-robert,407,152,255,62.7
2026-09-16T14:25:00Z,2026-09-16T16:25:00+02:00,54,placa-vella,297,105,192,64.6
2026-09-16T14:25:00Z,2026-09-16T16:25:00+02:00,55,ajuntament-mercat,237,123,114,48.1
2026-09-16T14:26:00Z,2026-09-16T16:26:00+02:00,53,dr-robert,407,152,255,62.7
2026-09-16T14:26:00Z,2026-09-16T16:26:00+02:00,54,placa-vella,297,105,192,64.6
2026-09-16T14:26:00Z,2026-09-16T16:26:00+02:00,55,ajuntament-mercat,237,123,114,48.1
2026-09-16T14:27:00Z,2026-09-16T16:27:00+02:00,53,dr-robert,407,152,255,62.7
2026-09-16T14:27:00Z,2026-09-16T16:27:00+02:00,54,placa-vella,297,105,192,64.6
2026-09-16T14:27:00Z,2026-09-16T16:27:00+02:00,55,ajuntament-mercat,237,123,114,48.1
2026-09-16T14:28:00Z,2026-09-16T16:28:00+02:00,53,dr-robert,407,152,255,62.7
2026-09-16T14:28:00Z,2026-09-16T16:28:00+02:00,54,placa-vella,297,105,192,64.6
2026-09-16T14:28:00Z,2026-09-16T16:28:00+02:00,55,ajuntament-mercat,237,123,114,48.1
2026-09-16T14:29:00Z,2026-09-16T16:29:00+02:00,53,dr-robert,407,152,255,62.7
2026-09-16T14:29:00Z,2026-09-16T16:29:00+02:00,54,placa-vella,297,105,192,64.6
2026-09-16T14:29:00Z,2026-09-16T16:29:00+02:00,55,ajuntament-mercat,237,123,114,48.1
2026-09-16T14:30:00Z,2026-09-16T16:30:00+02:00,53,dr-robert,407,156,251,61.7
2026-09-16T14:30:00Z,2026-09-16T16:30:00+02:00,54,placa-vella,297,104,193,65
2026-09-16T14:30:00Z,2026-09-16T16:30:00+02:00,55,ajuntament-mercat,237,121,116,48.9
2026-09-16T14:31:00Z,2026-09-16T16:31:00+02:00,53,dr-robert,407,156,251,61.7
2026-09-16T14:31:00Z,2026-09-16T16:31:00+02:00,54,placa-vella,297,104,193,65
2026-09-16T14:31:00Z,2026-09-16T16:31:00+02:00,55,ajuntament-mercat,237,121,116,48.9
2026-09-16T14:32:00Z,2026-09-16T16:32:00+02:00,53,dr-robert,407,156,251,61.7
2026-09-16T14:32:00Z,2026-09-16T16:32:00+02:00,54,placa-vella,297,104,193,65
2026-09-16T14:32:00Z,2026-09-16T16:32:00+02:00,55,ajuntament-mercat,237,121,116,48.9
2026-09-16T14:33:00Z,2026-09-16T16:33:00+02:00,53,dr-robert,407,156,251,61.7
2026-09-16T14:33:00Z,2026-09-16T16:33:00+02:00,54,placa-vella,297,104,193,65
2026-09-16T14:33:00Z,2026-09-16T16:33:00+02:00,55,ajuntament-mercat,237,121,116,48.9
2026-09-16T14:34:00Z,2026-09-16T16:34:00+02:00,53,dr-robert,407,156,251,61.7
2026-09-16T14:34:00Z,2026-09-16T16:34:00+02:00,54,placa-vella,297,104,193,65
2026-09-16T14:34:00Z,2026-09-16T16:34:00+02:00,55,ajuntament-mercat,237,121,116,48.9
2026-09-16T14:35:00Z,2026-09-16T16:35:00+02:00,53,dr-robert,407,156,251,61.7
2026-09-16T14:35:00Z,2026-09-16T16:35:00+02:00,54,placa-vella,297,104,193,65
2026-09-16T14:35:00Z,2026-09-16T16:35:00+02:00,55,ajuntament-mercat,237,115,122,51.5
2026-09-16T14:36:00Z,2026-09-16T16:36:00+02:00,53,dr-robert,407,156,251,61.7
2026-09-16T14:36:00Z,2026-09-16T16:36:00+02:00,54,placa-vella,297,104,193,65
2026-09-16T14:36:00Z,2026-09-16T16:36:00+02:00,55,ajuntament-mercat,237,115,122,51.5
2026-09-16T14:37:00Z,2026-09-16T16:37:00+02:00,53,dr-robert,407,156,251,61.7
2026-09-16T14:37:00Z,2026-09-16T16:37:00+02:00,54,placa-vella,297,104,193,65
2026-09-16T14:37:00Z,2026-09-16T16:37:00+02:00,55,ajuntament-mercat,237,115,122,51.5
2026-09-16T14:38:00Z,2026-09-16T16:38:00+02:00,53,dr-robert,407,156,251,61.7
2026-09-16T14:38:00Z,2026-09-16T16:38:00+02:00,54,placa-vella,297,104,193,65
2026-09-16T14:38:00Z,2026-09-16T16:38:00+02:00,55,ajuntament-mercat,237,115,122,51.5
2026-09-16T14:39:00Z,2026-09-16T16:39:00+02:00,53,dr-robert,407,156,251,61.7
2026-09-16T14:39:00Z,2026-09-16T16:39:00+02:00,54,placa-vella,297,104,193,65
2026-09-16T14:39:00Z,2026-09-16T16:39:00+02:00,55,ajuntament-mercat,237,115,122,51.5
2026-09-16T14:40:00Z,2026-09-16T16:40:00+02:00,53,dr-robert,407,152,255,62.7
2026-09-16T14:40:00Z,2026-09-16T16:40:00+02:00,54,placa-vella,297,103,194,65.3
2026-09-16T14:40:00Z,2026-09-16T16:40:00+02:00,55,ajuntament-mercat,237,112,125,52.7
2026-09-16T14:41:00Z,2026-09-16T16:41:00+02:00,53,dr-robert,407,152,255,62.7
2026-09-16T14:41:00Z,2026-09-16T16:41:00+02:00,54,placa-vella,297,103,194,65.3
2026-09-16T14:41:00Z,2026-09-16T16:41:00+02:00,55,ajuntament-mercat,237,112,125,52.7
2026-09-16T14:42:00Z,2026-09-16T16:42:00+02:00,53,dr-robert,407,152,255,62.7
2026-09-16T14:42:00Z,2026-09-16T16:42:00+02:00,54,placa-vella,297,103,194,65.3
2026-09-16T14:42:00Z,2026-09-16T16:42:00+02:00,55,ajuntament-mercat,237,112,125,52.7
2026-09-16T14:43:00Z,2026-09-16T16:43:00+02:00,53,dr-robert,407,152,255,62.7
2026-09-16T14:43:00Z,2026-09-16T16:43:00+02:00,54,placa-vella,297,103,194,65.3
2026-09-16T14:43:00Z,2026-09-16T16:43:00+02:00,55,ajuntament-mercat,237,112,125,52.7
2026-09-16T14:44:00Z,2026-09-16T16:44:00+02:00,53,dr-robert,407,152,255,62.7
2026-09-16T14:44:00Z,2026-09-16T16:44:00+02:00,54,placa-vella,297,103,194,65.3
2026-09-16T14:44:00Z,2026-09-16T16:44:00+02:00,55,ajuntament-mercat,237,112,125,52.7
2026-09-16T14:45:00Z,2026-09-16T16:45:00+02:00,53,dr-robert,407,144,263,64.6
2026-09-16T14:45:00Z,2026-09-16T16:45:00+02:00,54,placa-vella,297,102,195,65.7
2026-09-16T14:45:00Z,2026-09-16T16:45:00+02:00,55,ajuntament-mercat,237,111,126,53.2
2026-09-16T14:46:00Z,2026-09-16T16:46:00+02:00,53,dr-robert,407,144,263,64.6
2026-09-16T14:46:00Z,2026-09-16T16:46:00+02:00,54,placa-vella,297,102,195,65.7
2026-09-16T14:46:00Z,2026-09-16T16:46:00+02:00,55,ajuntament-mercat,237,111,126,53.2
2026-09-16T14:47:00Z,2026-09-16T16:47:00+02:00,53,dr-robert,407,144,263,64.6
2026-09-16T14:47:00Z,2026-09-16T16:47:00+02:00,54,placa-vella,297,102,195,65.7
2026-09-16T14:47:00Z,2026-09-16T16:47:00+02:00,55,ajuntament-mercat,237,111,126,53.2
2026-09-16T14:48:00Z,2026-09-16T16:48:00+02:00,53,dr-robert,407,144,263,64.6
2026-09-16T14:48:00Z,2026-09-16T16:48:00+02:00,54,placa-vella,297,102,195,65.7
2026-09-16T14:48:00Z,2026-09-16T16:48:00+02:00,55,ajuntament-mercat,237,111,126,53.2
2026-09-16T14:49:00Z,2026-09-16T16:49:00+02:00,53,dr-robert,407,144,263,64.6
2026-09-16T14:49:00Z,2026-09-16T16:49:00+02:00,54,placa-vella,297,102,195,65.7
2026-09-16T14:49:00Z,2026-09-16T16:49:00+02:00,55,ajuntament-mercat,237,111,126,53.2
2026-09-16T14:50:00Z,2026-09-16T16:50:00+02:00,53,dr-robert,407,141,266,65.4
2026-09-16T14:50:00Z,2026-09-16T16:50:00+02:00,54,placa-vella,297,100,197,66.3
2026-09-16T14:50:00Z,2026-09-16T16:50:00+02:00,55,ajuntament-mercat,237,110,127,53.6
2026-09-16T14:51:00Z,2026-09-16T16:51:00+02:00,53,dr-robert,407,141,266,65.4
2026-09-16T14:51:00Z,2026-09-16T16:51:00+02:00,54,placa-vella,297,100,197,66.3
2026-09-16T14:51:00Z,2026-09-16T16:51:00+02:00,55,ajuntament-mercat,237,110,127,53.6
2026-09-16T14:52:00Z,2026-09-16T16:52:00+02:00,53,dr-robert,407,141,266,65.4
2026-09-16T14:52:00Z,2026-09-16T16:52:00+02:00,54,placa-vella,297,100,197,66.3
2026-09-16T14:52:00Z,2026-09-16T16:52:00+02:00,55,ajuntament-mercat,237,110,127,53.6
2026-09-16T14:53:00Z,2026-09-16T16:53:00+02:00,53,dr-robert,407,141,266,65.4
2026-09-16T14:53:00Z,2026-09-16T16:53:00+02:00,54,placa-vella,297,100,197,66.3
2026-09-16T14:53:00Z,2026-09-16T16:53:00+02:00,55,ajuntament-mercat,237,110,127,53.6
2026-09-16T14:54:00Z,2026-09-16T16:54:00+02:00,53,dr-robert,407,141,266,65.4
2026-09-16T14:54:00Z,2026-09-16T16:54:00+02:00,54,placa-vella,297,100,197,66.3
2026-09-16T14:54:00Z,2026-09-16T16:54:00+02:00,55,ajuntament-mercat,237,110,127,53.6
2026-09-16T14:55:00Z,2026-09-16T16:55:00+02:00,53,dr-robert,407,130,277,68.1
2026-09-16T14:55:00Z,2026-09-16T16:55:00+02:00,54,placa-vella,297,92,205,69
2026-09-16T14:55:00Z,2026-09-16T16:55:00+02:00,55,ajuntament-mercat,237,108,129,54.4
2026-09-16T14:56:00Z,2026-09-16T16:56:00+02:00,53,dr-robert,407,130,277,68.1
2026-09-16T14:56:00Z,2026-09-16T16:56:00+02:00,54,placa-vella,297,92,205,69
2026-09-16T14:56:00Z,2026-09-16T16:56:00+02:00,55,ajuntament-mercat,237,108,129,54.4
2026-09-16T14:57:00Z,2026-09-16T16:57:00+02:00,53,dr-robert,407,130,277,68.1
2026-09-16T14:57:00Z,2026-09-16T16:57:00+02:00,54,placa-vella,297,92,205,69
2026-09-16T14:57:00Z,2026-09-16T16:57:00+02:00,55,ajuntament-mercat,237,108,129,54.4
2026-09-16T14:58:00Z,2026-09-16T16:58:00+02:00,53,dr-robert,407,130,277,68.1
2026-09-16T14:58:00Z,2026-09-16T16:58:00+02:00,54,placa-vella,297,92,205,69
2026-09-16T14:58:00Z,2026-09-16T16:58:00+02:00,55,ajuntament-mercat,237,108,129,54.4
2026-09-16T14:59:00Z,2026-09-16T16:59:00+02:00,53,dr-robert,407,130,277,68.1
2026-09-16T14:59:00Z,2026-09-16T16:59:00+02:00,54,placa-vella,297,92,205,69
2026-09-16T14:59:00Z,2026-09-16T16:59:00+02:00,55,ajuntament-mercat,237,108,129,54.4
2026-09-16T15:00:00Z,2026-09-16T17:00:00+02:00,53,dr-robert,407,130,277,68.1
2026-09-16T15:00:00Z,2026-09-16T17:00:00+02:00,54,placa-vella,297,92,205,69
2026-09-16T15:00:00Z,2026-09-16T17:00:00+02:00,55,ajuntament-mercat,237,108,129,54.4
2026-09-16T15:01:00Z,2026-09-16T17:01:00+02:00,53,dr-robert,407,128,279,68.6
2026-09-16T15:01:00Z,2026-09-16T17:01:00+02:00,54,placa-vella,297,89,208,70
2026-09-16T15:01:00Z,2026-09-16T17:01:00+02:00,55,ajuntament-mercat,237,109,128,54
2026-09-16T15:02:00Z,2026-09-16T17:02:00+02:00,53,dr-robert,407,128,279,68.6
2026-09-16T15:02:00Z,2026-09-16T17:02:00+02:00,54,placa-vella,297,89,208,70
2026-09-16T15:02:00Z,2026-09-16T17:02:00+02:00,55,ajuntament-mercat,237,109,128,54
2026-09-16T15:03:00Z,2026-09-16T17:03:00+02:00,53,dr-robert,407,128,279,68.6
2026-09-16T15:03:00Z,2026-09-16T17:03:00+02:00,54,placa-vella,297,89,208,70
2026-09-16T15:03:00Z,2026-09-16T17:03:00+02:00,55,ajuntament-mercat,237,109,128,54
2026-09-16T15:04:00Z,2026-09-16T17:04:00+02:00,53,dr-robert,407,128,279,68.6
2026-09-16T15:04:00Z,2026-09-16T17:04:00+02:00,54,placa-vella,297,89,208,70
2026-09-16T15:04:00Z,2026-09-16T17:04:00+02:00,55,ajuntament-mercat,237,109,128,54
2026-09-16T15:05:00Z,2026-09-16T17:05:00+02:00,53,dr-robert,407,132,275,67.6
2026-09-16T15:05:00Z,2026-09-16T17:05:00+02:00,54,placa-vella,297,88,209,70.4
2026-09-16T15:05:00Z,2026-09-16T17:05:00+02:00,55,ajuntament-mercat,237,109,128,54
2026-09-16T15:06:00Z,2026-09-16T17:06:00+02:00,53,dr-robert,407,132,275,67.6
2026-09-16T15:06:00Z,2026-09-16T17:06:00+02:00,54,placa-vella,297,88,209,70.4
2026-09-16T15:06:00Z,2026-09-16T17:06:00+02:00,55,ajuntament-mercat,237,109,128,54
2026-09-16T15:07:00Z,2026-09-16T17:07:00+02:00,53,dr-robert,407,132,275,67.6
2026-09-16T15:07:00Z,2026-09-16T17:07:00+02:00,54,placa-vella,297,88,209,70.4
2026-09-16T15:07:00Z,2026-09-16T17:07:00+02:00,55,ajuntament-mercat,237,109,128,54
2026-09-16T15:08:00Z,2026-09-16T17:08:00+02:00,53,dr-robert,407,132,275,67.6
2026-09-16T15:08:00Z,2026-09-16T17:08:00+02:00,54,placa-vella,297,88,209,70.4
2026-09-16T15:08:00Z,2026-09-16T17:08:00+02:00,55,ajuntament-mercat,237,109,128,54
2026-09-16T15:09:00Z,2026-09-16T17:09:00+02:00,53,dr-robert,407,132,275,67.6
2026-09-16T15:09:00Z,2026-09-16T17:09:00+02:00,54,placa-vella,297,88,209,70.4
2026-09-16T15:09:00Z,2026-09-16T17:09:00+02:00,55,ajuntament-mercat,237,109,128,54
2026-09-16T15:10:00Z,2026-09-16T17:10:00+02:00,53,dr-robert,407,138,269,66.1
2026-09-16T15:10:00Z,2026-09-16T17:10:00+02:00,54,placa-vella,297,90,207,69.7
2026-09-16T15:10:00Z,2026-09-16T17:10:00+02:00,55,ajuntament-mercat,237,109,128,54
2026-09-16T15:11:00Z,2026-09-16T17:11:00+02:00,53,dr-robert,407,138,269,66.1
2026-09-16T15:11:00Z,2026-09-16T17:11:00+02:00,54,placa-vella,297,90,207,69.7
2026-09-16T15:11:00Z,2026-09-16T17:11:00+02:00,55,ajuntament-mercat,237,109,128,54
2026-09-16T15:12:00Z,2026-09-16T17:12:00+02:00,53,dr-robert,407,138,269,66.1
2026-09-16T15:12:00Z,2026-09-16T17:12:00+02:00,54,placa-vella,297,90,207,69.7
2026-09-16T15:12:00Z,2026-09-16T17:12:00+02:00,55,ajuntament-mercat,237,109,128,54
2026-09-16T15:13:00Z,2026-09-16T17:13:00+02:00,53,dr-robert,407,138,269,66.1
2026-09-16T15:13:00Z,2026-09-16T17:13:00+02:00,54,placa-vella,297,90,207,69.7
2026-09-16T15:13:00Z,2026-09-16T17:13:00+02:00,55,ajuntament-mercat,237,109,128,54
2026-09-16T15:14:00Z,2026-09-16T17:14:00+02:00,53,dr-robert,407,138,269,66.1
2026-09-16T15:14:00Z,2026-09-16T17:14:00+02:00,54,placa-vella,297,90,207,69.7
2026-09-16T15:14:00Z,2026-09-16T17:14:00+02:00,55,ajuntament-mercat,237,109,128,54
2026-09-16T15:15:00Z,2026-09-16T17:15:00+02:00,53,dr-robert,407,144,263,64.6
2026-09-16T15:15:00Z,2026-09-16T17:15:00+02:00,54,placa-vella,297,90,207,69.7
2026-09-16T15:15:00Z,2026-09-16T17:15:00+02:00,55,ajuntament-mercat,237,108,129,54.4
2026-09-16T15:16:00Z,2026-09-16T17:16:00+02:00,53,dr-robert,407,144,263,64.6
2026-09-16T15:16:00Z,2026-09-16T17:16:00+02:00,54,placa-vella,297,90,207,69.7
2026-09-16T15:16:00Z,2026-09-16T17:16:00+02:00,55,ajuntament-mercat,237,108,129,54.4
2026-09-16T15:17:00Z,2026-09-16T17:17:00+02:00,53,dr-robert,407,144,263,64.6
2026-09-16T15:17:00Z,2026-09-16T17:17:00+02:00,54,placa-vella,297,90,207,69.7
2026-09-16T15:17:00Z,2026-09-16T17:17:00+02:00,55,ajuntament-mercat,237,108,129,54.4
2026-09-16T15:18:00Z,2026-09-16T17:18:00+02:00,53,dr-robert,407,144,263,64.6
2026-09-16T15:18:00Z,2026-09-16T17:18:00+02:00,54,placa-vella,297,90,207,69.7
2026-09-16T15:18:00Z,2026-09-16T17:18:00+02:00,55,ajuntament-mercat,237,108,129,54.4
2026-09-16T15:19:00Z,2026-09-16T17:19:00+02:00,53,dr-robert,407,144,263,64.6
2026-09-16T15:19:00Z,2026-09-16T17:19:00+02:00,54,placa-vella,297,90,207,69.7
2026-09-16T15:19:00Z,2026-09-16T17:19:00+02:00,55,ajuntament-mercat,237,108,129,54.4
2026-09-16T15:20:00Z,2026-09-16T17:20:00+02:00,53,dr-robert,407,150,257,63.1
2026-09-16T15:20:00Z,2026-09-16T17:20:00+02:00,54,placa-vella,297,88,209,70.4
2026-09-16T15:20:00Z,2026-09-16T17:20:00+02:00,55,ajuntament-mercat,237,108,129,54.4
2026-09-16T15:21:00Z,2026-09-16T17:21:00+02:00,53,dr-robert,407,150,257,63.1
2026-09-16T15:21:00Z,2026-09-16T17:21:00+02:00,54,placa-vella,297,88,209,70.4
2026-09-16T15:21:00Z,2026-09-16T17:21:00+02:00,55,ajuntament-mercat,237,108,129,54.4
2026-09-16T15:22:00Z,2026-09-16T17:22:00+02:00,53,dr-robert,407,150,257,63.1
2026-09-16T15:22:00Z,2026-09-16T17:22:00+02:00,54,placa-vella,297,88,209,70.4
2026-09-16T15:22:00Z,2026-09-16T17:22:00+02:00,55,ajuntament-mercat,237,108,129,54.4
2026-09-16T15:23:00Z,2026-09-16T17:23:00+02:00,53,dr-robert,407,150,257,63.1
2026-09-16T15:23:00Z,2026-09-16T17:23:00+02:00,54,placa-vella,297,88,209,70.4
2026-09-16T15:23:00Z,2026-09-16T17:23:00+02:00,55,ajuntament-mercat,237,108,129,54.4
2026-09-16T15:24:00Z,2026-09-16T17:24:00+02:00,53,dr-robert,407,150,257,63.1
2026-09-16T15:24:00Z,2026-09-16T17:24:00+02:00,54,placa-vella,297,88,209,70.4
2026-09-16T15:24:00Z,2026-09-16T17:24:00+02:00,55,ajuntament-mercat,237,108,129,54.4
2026-09-16T15:25:00Z,2026-09-16T17:25:00+02:00,53,dr-robert,407,153,254,62.4
2026-09-16T15:25:00Z,2026-09-16T17:25:00+02:00,54,placa-vella,297,90,207,69.7
2026-09-16T15:25:00Z,2026-09-16T17:25:00+02:00,55,ajuntament-mercat,237,109,128,54
2026-09-16T15:26:00Z,2026-09-16T17:26:00+02:00,53,dr-robert,407,153,254,62.4
2026-09-16T15:26:00Z,2026-09-16T17:26:00+02:00,54,placa-vella,297,90,207,69.7
2026-09-16T15:26:00Z,2026-09-16T17:26:00+02:00,55,ajuntament-mercat,237,109,128,54
2026-09-16T15:27:00Z,2026-09-16T17:27:00+02:00,53,dr-robert,407,153,254,62.4
2026-09-16T15:27:00Z,2026-09-16T17:27:00+02:00,54,placa-vella,297,90,207,69.7
2026-09-16T15:27:00Z,2026-09-16T17:27:00+02:00,55,ajuntament-mercat,237,109,128,54
2026-09-16T15:28:00Z,2026-09-16T17:28:00+02:00,53,dr-robert,407,153,254,62.4
2026-09-16T15:28:00Z,2026-09-16T17:28:00+02:00,54,placa-vella,297,90,207,69.7
2026-09-16T15:28:00Z,2026-09-16T17:28:00+02:00,55,ajuntament-mercat,237,109,128,54
2026-09-16T15:29:00Z,2026-09-16T17:29:00+02:00,53,dr-robert,407,153,254,62.4
2026-09-16T15:29:00Z,2026-09-16T17:29:00+02:00,54,placa-vella,297,90,207,69.7
2026-09-16T15:29:00Z,2026-09-16T17:29:00+02:00,55,ajuntament-mercat,237,109,128,54
2026-09-16T15:30:00Z,2026-09-16T17:30:00+02:00,53,dr-robert,407,157,250,61.4
2026-09-16T15:30:00Z,2026-09-16T17:30:00+02:00,54,placa-vella,297,88,209,70.4
2026-09-16T15:30:00Z,2026-09-16T17:30:00+02:00,55,ajuntament-mercat,237,108,129,54.4
2026-09-16T15:31:00Z,2026-09-16T17:31:00+02:00,53,dr-robert,407,157,250,61.4
2026-09-16T15:31:00Z,2026-09-16T17:31:00+02:00,54,placa-vella,297,88,209,70.4
2026-09-16T15:31:00Z,2026-09-16T17:31:00+02:00,55,ajuntament-mercat,237,108,129,54.4
2026-09-16T15:32:00Z,2026-09-16T17:32:00+02:00,53,dr-robert,407,157,250,61.4
2026-09-16T15:32:00Z,2026-09-16T17:32:00+02:00,54,placa-vella,297,88,209,70.4
2026-09-16T15:32:00Z,2026-09-16T17:32:00+02:00,55,ajuntament-mercat,237,108,129,54.4
2026-09-16T15:33:00Z,2026-09-16T17:33:00+02:00,53,dr-robert,407,157,250,61.4
2026-09-16T15:33:00Z,2026-09-16T17:33:00+02:00,54,placa-vella,297,88,209,70.4
2026-09-16T15:33:00Z,2026-09-16T17:33:00+02:00,55,ajuntament-mercat,237,108,129,54.4
2026-09-16T15:34:00Z,2026-09-16T17:34:00+02:00,53,dr-robert,407,157,250,61.4
2026-09-16T15:34:00Z,2026-09-16T17:34:00+02:00,54,placa-vella,297,88,209,70.4
2026-09-16T15:34:00Z,2026-09-16T17:34:00+02:00,55,ajuntament-mercat,237,108,129,54.4
2026-09-16T15:35:00Z,2026-09-16T17:35:00+02:00,53,dr-robert,407,156,251,61.7
2026-09-16T15:35:00Z,2026-09-16T17:35:00+02:00,54,placa-vella,297,88,209,70.4
2026-09-16T15:35:00Z,2026-09-16T17:35:00+02:00,55,ajuntament-mercat,237,112,125,52.7
2026-09-16T15:36:00Z,2026-09-16T17:36:00+02:00,53,dr-robert,407,156,251,61.7
2026-09-16T15:36:00Z,2026-09-16T17:36:00+02:00,54,placa-vella,297,88,209,70.4
2026-09-16T15:36:00Z,2026-09-16T17:36:00+02:00,55,ajuntament-mercat,237,112,125,52.7
2026-09-16T15:37:00Z,2026-09-16T17:37:00+02:00,53,dr-robert,407,156,251,61.7
2026-09-16T15:37:00Z,2026-09-16T17:37:00+02:00,54,placa-vella,297,88,209,70.4
2026-09-16T15:37:00Z,2026-09-16T17:37:00+02:00,55,ajuntament-mercat,237,112,125,52.7
2026-09-16T15:38:00Z,2026-09-16T17:38:00+02:00,53,dr-robert,407,156,251,61.7
2026-09-16T15:38:00Z,2026-09-16T17:38:00+02:00,54,placa-vella,297,88,209,70.4
2026-09-16T15:38:00Z,2026-09-16T17:38:00+02:00,55,ajuntament-mercat,237,112,125,52.7
2026-09-16T15:39:00Z,2026-09-16T17:39:00+02:00,53,dr-robert,407,156,251,61.7
2026-09-16T15:39:00Z,2026-09-16T17:39:00+02:00,54,placa-vella,297,88,209,70.4
2026-09-16T15:39:00Z,2026-09-16T17:39:00+02:00,55,ajuntament-mercat,237,112,125,52.7
2026-09-16T15:40:00Z,2026-09-16T17:40:00+02:00,53,dr-robert,407,157,250,61.4
2026-09-16T15:40:00Z,2026-09-16T17:40:00+02:00,54,placa-vella,297,84,213,71.7
2026-09-16T15:40:00Z,2026-09-16T17:40:00+02:00,55,ajuntament-mercat,237,111,126,53.2
2026-09-16T15:41:00Z,2026-09-16T17:41:00+02:00,53,dr-robert,407,157,250,61.4
2026-09-16T15:41:00Z,2026-09-16T17:41:00+02:00,54,placa-vella,297,84,213,71.7
2026-09-16T15:41:00Z,2026-09-16T17:41:00+02:00,55,ajuntament-mercat,237,111,126,53.2
2026-09-16T15:42:00Z,2026-09-16T17:42:00+02:00,53,dr-robert,407,157,250,61.4
2026-09-16T15:42:00Z,2026-09-16T17:42:00+02:00,54,placa-vella,297,84,213,71.7
2026-09-16T15:42:00Z,2026-09-16T17:42:00+02:00,55,ajuntament-mercat,237,111,126,53.2
2026-09-16T15:43:00Z,2026-09-16T17:43:00+02:00,53,dr-robert,407,157,250,61.4
2026-09-16T15:43:00Z,2026-09-16T17:43:00+02:00,54,placa-vella,297,84,213,71.7
2026-09-16T15:43:00Z,2026-09-16T17:43:00+02:00,55,ajuntament-mercat,237,111,126,53.2
2026-09-16T15:44:00Z,2026-09-16T17:44:00+02:00,53,dr-robert,407,157,250,61.4
2026-09-16T15:44:00Z,2026-09-16T17:44:00+02:00,54,placa-vella,297,84,213,71.7
2026-09-16T15:44:00Z,2026-09-16T17:44:00+02:00,55,ajuntament-mercat,237,111,126,53.2
2026-09-16T15:45:00Z,2026-09-16T17:45:00+02:00,53,dr-robert,407,149,258,63.4
2026-09-16T15:45:00Z,2026-09-16T17:45:00+02:00,54,placa-vella,297,84,213,71.7
2026-09-16T15:45:00Z,2026-09-16T17:45:00+02:00,55,ajuntament-mercat,237,114,123,51.9
2026-09-16T15:46:00Z,2026-09-16T17:46:00+02:00,53,dr-robert,407,149,258,63.4
2026-09-16T15:46:00Z,2026-09-16T17:46:00+02:00,54,placa-vella,297,84,213,71.7
2026-09-16T15:46:00Z,2026-09-16T17:46:00+02:00,55,ajuntament-mercat,237,114,123,51.9
2026-09-16T15:47:00Z,2026-09-16T17:47:00+02:00,53,dr-robert,407,149,258,63.4
2026-09-16T15:47:00Z,2026-09-16T17:47:00+02:00,54,placa-vella,297,84,213,71.7
2026-09-16T15:47:00Z,2026-09-16T17:47:00+02:00,55,ajuntament-mercat,237,114,123,51.9
2026-09-16T15:48:00Z,2026-09-16T17:48:00+02:00,53,dr-robert,407,149,258,63.4
2026-09-16T15:48:00Z,2026-09-16T17:48:00+02:00,54,placa-vella,297,84,213,71.7
2026-09-16T15:48:00Z,2026-09-16T17:48:00+02:00,55,ajuntament-mercat,237,114,123,51.9
2026-09-16T15:49:00Z,2026-09-16T17:49:00+02:00,53,dr-robert,407,149,258,63.4
2026-09-16T15:49:00Z,2026-09-16T17:49:00+02:00,54,placa-vella,297,84,213,71.7
2026-09-16T15:49:00Z,2026-09-16T17:49:00+02:00,55,ajuntament-mercat,237,114,123,51.9
2026-09-16T15:50:00Z,2026-09-16T17:50:00+02:00,53,dr-robert,407,134,273,67.1
2026-09-16T15:50:00Z,2026-09-16T17:50:00+02:00,54,placa-vella,297,83,214,72.1
2026-09-16T15:50:00Z,2026-09-16T17:50:00+02:00,55,ajuntament-mercat,237,118,119,50.2
2026-09-16T15:51:00Z,2026-09-16T17:51:00+02:00,53,dr-robert,407,134,273,67.1
2026-09-16T15:51:00Z,2026-09-16T17:51:00+02:00,54,placa-vella,297,83,214,72.1
2026-09-16T15:51:00Z,2026-09-16T17:51:00+02:00,55,ajuntament-mercat,237,118,119,50.2
2026-09-16T15:52:00Z,2026-09-16T17:52:00+02:00,53,dr-robert,407,134,273,67.1
2026-09-16T15:52:00Z,2026-09-16T17:52:00+02:00,54,placa-vella,297,83,214,72.1
2026-09-16T15:52:00Z,2026-09-16T17:52:00+02:00,55,ajuntament-mercat,237,118,119,50.2
2026-09-16T15:53:00Z,2026-09-16T17:53:00+02:00,53,dr-robert,407,134,273,67.1
2026-09-16T15:53:00Z,2026-09-16T17:53:00+02:00,54,placa-vella,297,83,214,72.1
2026-09-16T15:53:00Z,2026-09-16T17:53:00+02:00,55,ajuntament-mercat,237,118,119,50.2
2026-09-16T15:54:00Z,2026-09-16T17:54:00+02:00,53,dr-robert,407,134,273,67.1
2026-09-16T15:54:00Z,2026-09-16T17:54:00+02:00,54,placa-vella,297,83,214,72.1
2026-09-16T15:54:00Z,2026-09-16T17:54:00+02:00,55,ajuntament-mercat,237,118,119,50.2
2026-09-16T15:55:00Z,2026-09-16T17:55:00+02:00,53,dr-robert,407,133,274,67.3
2026-09-16T15:55:00Z,2026-09-16T17:55:00+02:00,54,placa-vella,297,86,211,71
2026-09-16T15:55:00Z,2026-09-16T17:55:00+02:00,55,ajuntament-mercat,237,123,114,48.1
2026-09-16T15:56:00Z,2026-09-16T17:56:00+02:00,53,dr-robert,407,133,274,67.3
2026-09-16T15:56:00Z,2026-09-16T17:56:00+02:00,54,placa-vella,297,86,211,71
2026-09-16T15:56:00Z,2026-09-16T17:56:00+02:00,55,ajuntament-mercat,237,123,114,48.1
2026-09-16T15:57:00Z,2026-09-16T17:57:00+02:00,53,dr-robert,407,133,274,67.3
2026-09-16T15:57:00Z,2026-09-16T17:57:00+02:00,54,placa-vella,297,86,211,71
2026-09-16T15:57:00Z,2026-09-16T17:57:00+02:00,55,ajuntament-mercat,237,123,114,48.1
2026-09-16T15:58:00Z,2026-09-16T17:58:00+02:00,53,dr-robert,407,133,274,67.3
2026-09-16T15:58:00Z,2026-09-16T17:58:00+02:00,54,placa-vella,297,86,211,71
2026-09-16T15:58:00Z,2026-09-16T17:58:00+02:00,55,ajuntament-mercat,237,123,114,48.1
2026-09-16T15:59:00Z,2026-09-16T17:59:00+02:00,53,dr-robert,407,133,274,67.3
2026-09-16T15:59:00Z,2026-09-16T17:59:00+02:00,54,placa-vella,297,86,211,71
2026-09-16T15:59:00Z,2026-09-16T17:59:00+02:00,55,ajuntament-mercat,237,123,114,48.1
2026-09-16T16:00:00Z,2026-09-16T18:00:00+02:00,53,dr-robert,407,133,274,67.3
2026-09-16T16:00:00Z,2026-09-16T18:00:00+02:00,54,placa-vella,297,86,211,71
2026-09-16T16:00:00Z,2026-09-16T18:00:00+02:00,55,ajuntament-mercat,237,123,114,48.1
2026-09-16T16:01:00Z,2026-09-16T18:01:00+02:00,53,dr-robert,407,137,270,66.3
2026-09-16T16:01:00Z,2026-09-16T18:01:00+02:00,54,placa-vella,297,95,202,68
2026-09-16T16:01:00Z,2026-09-16T18:01:00+02:00,55,ajuntament-mercat,237,123,114,48.1
2026-09-16T16:02:00Z,2026-09-16T18:02:00+02:00,53,dr-robert,407,137,270,66.3
2026-09-16T16:02:00Z,2026-09-16T18:02:00+02:00,54,placa-vella,297,95,202,68
2026-09-16T16:02:00Z,2026-09-16T18:02:00+02:00,55,ajuntament-mercat,237,123,114,48.1
2026-09-16T16:03:00Z,2026-09-16T18:03:00+02:00,53,dr-robert,407,137,270,66.3
2026-09-16T16:03:00Z,2026-09-16T18:03:00+02:00,54,placa-vella,297,95,202,68
2026-09-16T16:03:00Z,2026-09-16T18:03:00+02:00,55,ajuntament-mercat,237,123,114,48.1
2026-09-16T16:04:00Z,2026-09-16T18:04:00+02:00,53,dr-robert,407,137,270,66.3
2026-09-16T16:04:00Z,2026-09-16T18:04:00+02:00,54,placa-vella,297,95,202,68
2026-09-16T16:04:00Z,2026-09-16T18:04:00+02:00,55,ajuntament-mercat,237,123,114,48.1
2026-09-16T16:05:00Z,2026-09-16T18:05:00+02:00,53,dr-robert,407,139,268,65.8
2026-09-16T16:05:00Z,2026-09-16T18:05:00+02:00,54,placa-vella,297,97,200,67.3
2026-09-16T16:05:00Z,2026-09-16T18:05:00+02:00,55,ajuntament-mercat,237,122,115,48.5
2026-09-16T16:06:00Z,2026-09-16T18:06:00+02:00,53,dr-robert,407,139,268,65.8
2026-09-16T16:06:00Z,2026-09-16T18:06:00+02:00,54,placa-vella,297,97,200,67.3
2026-09-16T16:06:00Z,2026-09-16T18:06:00+02:00,55,ajuntament-mercat,237,122,115,48.5
2026-09-16T16:07:00Z,2026-09-16T18:07:00+02:00,53,dr-robert,407,139,268,65.8
2026-09-16T16:07:00Z,2026-09-16T18:07:00+02:00,54,placa-vella,297,97,200,67.3
2026-09-16T16:07:00Z,2026-09-16T18:07:00+02:00,55,ajuntament-mercat,237,122,115,48.5
2026-09-16T16:08:00Z,2026-09-16T18:08:00+02:00,53,dr-robert,407,139,268,65.8
2026-09-16T16:08:00Z,2026-09-16T18:08:00+02:00,54,placa-vella,297,97,200,67.3
2026-09-16T16:08:00Z,2026-09-16T18:08:00+02:00,55,ajuntament-mercat,237,122,115,48.5
2026-09-16T16:09:00Z,2026-09-16T18:09:00+02:00,53,dr-robert,407,139,268,65.8
2026-09-16T16:09:00Z,2026-09-16T18:09:00+02:00,54,placa-vella,297,97,200,67.3
2026-09-16T16:09:00Z,2026-09-16T18:09:00+02:00,55,ajuntament-mercat,237,122,115,48.5
2026-09-16T16:10:00Z,2026-09-16T18:10:00+02:00,53,dr-robert,407,140,267,65.6
2026-09-16T16:10:00Z,2026-09-16T18:10:00+02:00,54,placa-vella,297,100,197,66.3
2026-09-16T16:10:00Z,2026-09-16T18:10:00+02:00,55,ajuntament-mercat,237,121,116,48.9
2026-09-16T16:11:00Z,2026-09-16T18:11:00+02:00,53,dr-robert,407,140,267,65.6
2026-09-16T16:11:00Z,2026-09-16T18:11:00+02:00,54,placa-vella,297,100,197,66.3
2026-09-16T16:11:00Z,2026-09-16T18:11:00+02:00,55,ajuntament-mercat,237,121,116,48.9
2026-09-16T16:12:00Z,2026-09-16T18:12:00+02:00,53,dr-robert,407,140,267,65.6
2026-09-16T16:12:00Z,2026-09-16T18:12:00+02:00,54,placa-vella,297,100,197,66.3
2026-09-16T16:12:00Z,2026-09-16T18:12:00+02:00,55,ajuntament-mercat,237,121,116,48.9
2026-09-16T16:13:00Z,2026-09-16T18:13:00+02:00,53,dr-robert,407,140,267,65.6
2026-09-16T16:13:00Z,2026-09-16T18:13:00+02:00,54,placa-vella,297,100,197,66.3
2026-09-16T16:13:00Z,2026-09-16T18:13:00+02:00,55,ajuntament-mercat,237,121,116,48.9
2026-09-16T16:14:00Z,2026-09-16T18:14:00+02:00,53,dr-robert,407,140,267,65.6
2026-09-16T16:14:00Z,2026-09-16T18:14:00+02:00,54,placa-vella,297,100,197,66.3
2026-09-16T16:14:00Z,2026-09-16T18:14:00+02:00,55,ajuntament-mercat,237,121,116,48.9
2026-09-16T16:15:00Z,2026-09-16T18:15:00+02:00,53,dr-robert,407,139,268,65.8
2026-09-16T16:15:00Z,2026-09-16T18:15:00+02:00,54,placa-vella,297,104,193,65
2026-09-16T16:15:00Z,2026-09-16T18:15:00+02:00,55,ajuntament-mercat,237,122,115,48.5
2026-09-16T16:16:00Z,2026-09-16T18:16:00+02:00,53,dr-robert,407,139,268,65.8
2026-09-16T16:16:00Z,2026-09-16T18:16:00+02:00,54,placa-vella,297,104,193,65
2026-09-16T16:16:00Z,2026-09-16T18:16:00+02:00,55,ajuntament-mercat,237,122,115,48.5
2026-09-16T16:17:00Z,2026-09-16T18:17:00+02:00,53,dr-robert,407,139,268,65.8
2026-09-16T16:17:00Z,2026-09-16T18:17:00+02:00,54,placa-vella,297,104,193,65
2026-09-16T16:17:00Z,2026-09-16T18:17:00+02:00,55,ajuntament-mercat,237,122,115,48.5
2026-09-16T16:18:00Z,2026-09-16T18:18:00+02:00,53,dr-robert,407,139,268,65.8
2026-09-16T16:18:00Z,2026-09-16T18:18:00+02:00,54,placa-vella,297,104,193,65
2026-09-16T16:18:00Z,2026-09-16T18:18:00+02:00,55,ajuntament-mercat,237,122,115,48.5
2026-09-16T16:19:00Z,2026-09-16T18:19:00+02:00,53,dr-robert,407,139,268,65.8
2026-09-16T16:19:00Z,2026-09-16T18:19:00+02:00,54,placa-vella,297,104,193,65
2026-09-16T16:19:00Z,2026-09-16T18:19:00+02:00,55,ajuntament-mercat,237,122,115,48.5
2026-09-16T16:20:00Z,2026-09-16T18:20:00+02:00,53,dr-robert,407,147,260,63.9
2026-09-16T16:20:00Z,2026-09-16T18:20:00+02:00,54,placa-vella,297,104,193,65
2026-09-16T16:20:00Z,2026-09-16T18:20:00+02:00,55,ajuntament-mercat,237,119,118,49.8
2026-09-16T16:21:00Z,2026-09-16T18:21:00+02:00,53,dr-robert,407,147,260,63.9
2026-09-16T16:21:00Z,2026-09-16T18:21:00+02:00,54,placa-vella,297,104,193,65
2026-09-16T16:21:00Z,2026-09-16T18:21:00+02:00,55,ajuntament-mercat,237,119,118,49.8
2026-09-16T16:22:00Z,2026-09-16T18:22:00+02:00,53,dr-robert,407,147,260,63.9
2026-09-16T16:22:00Z,2026-09-16T18:22:00+02:00,54,placa-vella,297,104,193,65
2026-09-16T16:22:00Z,2026-09-16T18:22:00+02:00,55,ajuntament-mercat,237,119,118,49.8
2026-09-16T16:23:00Z,2026-09-16T18:23:00+02:00,53,dr-robert,407,147,260,63.9
2026-09-16T16:23:00Z,2026-09-16T18:23:00+02:00,54,placa-vella,297,104,193,65
2026-09-16T16:23:00Z,2026-09-16T18:23:00+02:00,55,ajuntament-mercat,237,119,118,49.8
2026-09-16T16:24:00Z,2026-09-16T18:24:00+02:00,53,dr-robert,407,147,260,63.9
2026-09-16T16:24:00Z,2026-09-16T18:24:00+02:00,54,placa-vella,297,104,193,65
2026-09-16T16:24:00Z,2026-09-16T18:24:00+02:00,55,ajuntament-mercat,237,119,118,49.8
2026-09-16T16:25:00Z,2026-09-16T18:25:00+02:00,53,dr-robert,407,148,259,63.6
2026-09-16T16:25:00Z,2026-09-16T18:25:00+02:00,54,placa-vella,297,105,192,64.6
2026-09-16T16:25:00Z,2026-09-16T18:25:00+02:00,55,ajuntament-mercat,237,119,118,49.8
2026-09-16T16:26:00Z,2026-09-16T18:26:00+02:00,53,dr-robert,407,148,259,63.6
2026-09-16T16:26:00Z,2026-09-16T18:26:00+02:00,54,placa-vella,297,105,192,64.6
2026-09-16T16:26:00Z,2026-09-16T18:26:00+02:00,55,ajuntament-mercat,237,119,118,49.8
2026-09-16T16:27:00Z,2026-09-16T18:27:00+02:00,53,dr-robert,407,148,259,63.6
2026-09-16T16:27:00Z,2026-09-16T18:27:00+02:00,54,placa-vella,297,105,192,64.6
2026-09-16T16:27:00Z,2026-09-16T18:27:00+02:00,55,ajuntament-mercat,237,119,118,49.8
2026-09-16T16:28:00Z,2026-09-16T18:28:00+02:00,53,dr-robert,407,148,259,63.6
2026-09-16T16:28:00Z,2026-09-16T18:28:00+02:00,54,placa-vella,297,105,192,64.6
2026-09-16T16:28:00Z,2026-09-16T18:28:00+02:00,55,ajuntament-mercat,237,119,118,49.8
2026-09-16T16:29:00Z,2026-09-16T18:29:00+02:00,53,dr-robert,407,148,259,63.6
2026-09-16T16:29:00Z,2026-09-16T18:29:00+02:00,54,placa-vella,297,105,192,64.6
2026-09-16T16:29:00Z,2026-09-16T18:29:00+02:00,55,ajuntament-mercat,237,119,118,49.8
2026-09-16T16:30:00Z,2026-09-16T18:30:00+02:00,53,dr-robert,407,151,256,62.9
2026-09-16T16:30:00Z,2026-09-16T18:30:00+02:00,54,placa-vella,297,108,189,63.6
2026-09-16T16:30:00Z,2026-09-16T18:30:00+02:00,55,ajuntament-mercat,237,120,117,49.4
2026-09-16T16:31:00Z,2026-09-16T18:31:00+02:00,53,dr-robert,407,151,256,62.9
2026-09-16T16:31:00Z,2026-09-16T18:31:00+02:00,54,placa-vella,297,108,189,63.6
2026-09-16T16:31:00Z,2026-09-16T18:31:00+02:00,55,ajuntament-mercat,237,120,117,49.4
2026-09-16T16:32:00Z,2026-09-16T18:32:00+02:00,53,dr-robert,407,151,256,62.9
2026-09-16T16:32:00Z,2026-09-16T18:32:00+02:00,54,placa-vella,297,108,189,63.6
2026-09-16T16:32:00Z,2026-09-16T18:32:00+02:00,55,ajuntament-mercat,237,120,117,49.4
2026-09-16T16:33:00Z,2026-09-16T18:33:00+02:00,53,dr-robert,407,151,256,62.9
2026-09-16T16:33:00Z,2026-09-16T18:33:00+02:00,54,placa-vella,297,108,189,63.6
2026-09-16T16:33:00Z,2026-09-16T18:33:00+02:00,55,ajuntament-mercat,237,120,117,49.4
2026-09-16T16:34:00Z,2026-09-16T18:34:00+02:00,53,dr-robert,407,151,256,62.9
2026-09-16T16:34:00Z,2026-09-16T18:34:00+02:00,54,placa-vella,297,108,189,63.6
2026-09-16T16:34:00Z,2026-09-16T18:34:00+02:00,55,ajuntament-mercat,237,120,117,49.4
2026-09-16T16:35:00Z,2026-09-16T18:35:00+02:00,53,dr-robert,407,150,257,63.1
2026-09-16T16:35:00Z,2026-09-16T18:35:00+02:00,54,placa-vella,297,107,190,64
2026-09-16T16:35:00Z,2026-09-16T18:35:00+02:00,55,ajuntament-mercat,237,119,118,49.8
2026-09-16T16:36:00Z,2026-09-16T18:36:00+02:00,53,dr-robert,407,150,257,63.1
2026-09-16T16:36:00Z,2026-09-16T18:36:00+02:00,54,placa-vella,297,107,190,64
2026-09-16T16:36:00Z,2026-09-16T18:36:00+02:00,55,ajuntament-mercat,237,119,118,49.8
2026-09-16T16:37:00Z,2026-09-16T18:37:00+02:00,53,dr-robert,407,150,257,63.1
2026-09-16T16:37:00Z,2026-09-16T18:37:00+02:00,54,placa-vella,297,107,190,64
2026-09-16T16:37:00Z,2026-09-16T18:37:00+02:00,55,ajuntament-mercat,237,119,118,49.8
2026-09-16T16:38:00Z,2026-09-16T18:38:00+02:00,53,dr-robert,407,150,257,63.1
2026-09-16T16:38:00Z,2026-09-16T18:38:00+02:00,54,placa-vella,297,107,190,64
2026-09-16T16:38:00Z,2026-09-16T18:38:00+02:00,55,ajuntament-mercat,237,119,118,49.8
2026-09-16T16:39:00Z,2026-09-16T18:39:00+02:00,53,dr-robert,407,150,257,63.1
2026-09-16T16:39:00Z,2026-09-16T18:39:00+02:00,54,placa-vella,297,107,190,64
2026-09-16T16:39:00Z,2026-09-16T18:39:00+02:00,55,ajuntament-mercat,237,119,118,49.8
2026-09-16T16:40:00Z,2026-09-16T18:40:00+02:00,53,dr-robert,407,156,251,61.7
2026-09-16T16:40:00Z,2026-09-16T18:40:00+02:00,54,placa-vella,297,110,187,63
2026-09-16T16:40:00Z,2026-09-16T18:40:00+02:00,55,ajuntament-mercat,237,120,117,49.4
2026-09-16T16:41:00Z,2026-09-16T18:41:00+02:00,53,dr-robert,407,156,251,61.7
2026-09-16T16:41:00Z,2026-09-16T18:41:00+02:00,54,placa-vella,297,110,187,63
2026-09-16T16:41:00Z,2026-09-16T18:41:00+02:00,55,ajuntament-mercat,237,120,117,49.4
2026-09-16T16:42:00Z,2026-09-16T18:42:00+02:00,53,dr-robert,407,156,251,61.7
2026-09-16T16:42:00Z,2026-09-16T18:42:00+02:00,54,placa-vella,297,110,187,63
2026-09-16T16:42:00Z,2026-09-16T18:42:00+02:00,55,ajuntament-mercat,237,120,117,49.4
2026-09-16T16:43:00Z,2026-09-16T18:43:00+02:00,53,dr-robert,407,156,251,61.7
2026-09-16T16:43:00Z,2026-09-16T18:43:00+02:00,54,placa-vella,297,110,187,63
2026-09-16T16:43:00Z,2026-09-16T18:43:00+02:00,55,ajuntament-mercat,237,120,117,49.4
2026-09-16T16:44:00Z,2026-09-16T18:44:00+02:00,53,dr-robert,407,156,251,61.7
2026-09-16T16:44:00Z,2026-09-16T18:44:00+02:00,54,placa-vella,297,110,187,63
2026-09-16T16:44:00Z,2026-09-16T18:44:00+02:00,55,ajuntament-mercat,237,120,117,49.4
2026-09-16T16:45:00Z,2026-09-16T18:45:00+02:00,53,dr-robert,407,160,247,60.7
2026-09-16T16:45:00Z,2026-09-16T18:45:00+02:00,54,placa-vella,297,114,183,61.6
2026-09-16T16:45:00Z,2026-09-16T18:45:00+02:00,55,ajuntament-mercat,237,122,115,48.5
2026-09-16T16:46:00Z,2026-09-16T18:46:00+02:00,53,dr-robert,407,160,247,60.7
2026-09-16T16:46:00Z,2026-09-16T18:46:00+02:00,54,placa-vella,297,114,183,61.6
2026-09-16T16:46:00Z,2026-09-16T18:46:00+02:00,55,ajuntament-mercat,237,122,115,48.5
2026-09-16T16:47:00Z,2026-09-16T18:47:00+02:00,53,dr-robert,407,160,247,60.7
2026-09-16T16:47:00Z,2026-09-16T18:47:00+02:00,54,placa-vella,297,114,183,61.6
2026-09-16T16:47:00Z,2026-09-16T18:47:00+02:00,55,ajuntament-mercat,237,122,115,48.5
2026-09-16T16:48:00Z,2026-09-16T18:48:00+02:00,53,dr-robert,407,160,247,60.7
2026-09-16T16:48:00Z,2026-09-16T18:48:00+02:00,54,placa-vella,297,114,183,61.6
2026-09-16T16:48:00Z,2026-09-16T18:48:00+02:00,55,ajuntament-mercat,237,122,115,48.5
2026-09-16T16:49:00Z,2026-09-16T18:49:00+02:00,53,dr-robert,407,160,247,60.7
2026-09-16T16:49:00Z,2026-09-16T18:49:00+02:00,54,placa-vella,297,114,183,61.6
2026-09-16T16:49:00Z,2026-09-16T18:49:00+02:00,55,ajuntament-mercat,237,122,115,48.5
2026-09-16T16:50:00Z,2026-09-16T18:50:00+02:00,53,dr-robert,407,165,242,59.5
2026-09-16T16:50:00Z,2026-09-16T18:50:00+02:00,54,placa-vella,297,116,181,60.9
2026-09-16T16:50:00Z,2026-09-16T18:50:00+02:00,55,ajuntament-mercat,237,127,110,46.4
2026-09-16T16:51:00Z,2026-09-16T18:51:00+02:00,53,dr-robert,407,165,242,59.5
2026-09-16T16:51:00Z,2026-09-16T18:51:00+02:00,54,placa-vella,297,116,181,60.9
2026-09-16T16:51:00Z,2026-09-16T18:51:00+02:00,55,ajuntament-mercat,237,127,110,46.4
2026-09-16T16:52:00Z,2026-09-16T18:52:00+02:00,53,dr-robert,407,165,242,59.5
2026-09-16T16:52:00Z,2026-09-16T18:52:00+02:00,54,placa-vella,297,116,181,60.9
2026-09-16T16:52:00Z,2026-09-16T18:52:00+02:00,55,ajuntament-mercat,237,127,110,46.4
2026-09-16T16:53:00Z,2026-09-16T18:53:00+02:00,53,dr-robert,407,165,242,59.5
2026-09-16T16:53:00Z,2026-09-16T18:53:00+02:00,54,placa-vella,297,116,181,60.9
2026-09-16T16:53:00Z,2026-09-16T18:53:00+02:00,55,ajuntament-mercat,237,127,110,46.4
2026-09-16T16:54:00Z,2026-09-16T18:54:00+02:00,53,dr-robert,407,165,242,59.5
2026-09-16T16:54:00Z,2026-09-16T18:54:00+02:00,54,placa-vella,297,116,181,60.9
2026-09-16T16:54:00Z,2026-09-16T18:54:00+02:00,55,ajuntament-mercat,237,127,110,46.4
2026-09-16T16:55:00Z,2026-09-16T18:55:00+02:00,53,dr-robert,407,164,243,59.7
2026-09-16T16:55:00Z,2026-09-16T18:55:00+02:00,54,placa-vella,297,113,184,62
2026-09-16T16:55:00Z,2026-09-16T18:55:00+02:00,55,ajuntament-mercat,237,131,106,44.7
2026-09-16T16:56:00Z,2026-09-16T18:56:00+02:00,53,dr-robert,407,164,243,59.7
2026-09-16T16:56:00Z,2026-09-16T18:56:00+02:00,54,placa-vella,297,113,184,62
2026-09-16T16:56:00Z,2026-09-16T18:56:00+02:00,55,ajuntament-mercat,237,131,106,44.7
2026-09-16T16:57:00Z,2026-09-16T18:57:00+02:00,53,dr-robert,407,164,243,59.7
2026-09-16T16:57:00Z,2026-09-16T18:57:00+02:00,54,placa-vella,297,113,184,62
2026-09-16T16:57:00Z,2026-09-16T18:57:00+02:00,55,ajuntament-mercat,237,131,106,44.7
2026-09-16T16:58:00Z,2026-09-16T18:58:00+02:00,53,dr-robert,407,164,243,59.7
2026-09-16T16:58:00Z,2026-09-16T18:58:00+02:00,54,placa-vella,297,113,184,62
2026-09-16T16:58:00Z,2026-09-16T18:58:00+02:00,55,ajuntament-mercat,237,131,106,44.7
2026-09-16T16:59:00Z,2026-09-16T18:59:00+02:00,53,dr-robert,407,164,243,59.7
2026-09-16T16:59:00Z,2026-09-16T18:59:00+02:00,54,placa-vella,297,113,184,62
2026-09-16T16:59:00Z,2026-09-16T18:59:00+02:00,55,ajuntament-mercat,237,131,106,44.7
2026-09-16T17:00:00Z,2026-09-16T19:00:00+02:00,53,dr-robert,407,164,243,59.7
2026-09-16T17:00:00Z,2026-09-16T19:00:00+02:00,54,placa-vella,297,113,184,62
2026-09-16T17:00:00Z,2026-09-16T19:00:00+02:00,55,ajuntament-mercat,237,131,106,44.7
2026-09-16T17:01:00Z,2026-09-16T19:01:00+02:00,53,dr-robert,407,164,243,59.7
2026-09-16T17:01:00Z,2026-09-16T19:01:00+02:00,54,placa-vella,297,112,185,62.3
2026-09-16T17:01:00Z,2026-09-16T19:01:00+02:00,55,ajuntament-mercat,237,136,101,42.6
2026-09-16T17:02:00Z,2026-09-16T19:02:00+02:00,53,dr-robert,407,164,243,59.7
2026-09-16T17:02:00Z,2026-09-16T19:02:00+02:00,54,placa-vella,297,112,185,62.3
2026-09-16T17:02:00Z,2026-09-16T19:02:00+02:00,55,ajuntament-mercat,237,136,101,42.6
2026-09-16T17:03:00Z,2026-09-16T19:03:00+02:00,53,dr-robert,407,164,243,59.7
2026-09-16T17:03:00Z,2026-09-16T19:03:00+02:00,54,placa-vella,297,112,185,62.3
2026-09-16T17:03:00Z,2026-09-16T19:03:00+02:00,55,ajuntament-mercat,237,136,101,42.6
2026-09-16T17:04:00Z,2026-09-16T19:04:00+02:00,53,dr-robert,407,164,243,59.7
2026-09-16T17:04:00Z,2026-09-16T19:04:00+02:00,54,placa-vella,297,112,185,62.3
2026-09-16T17:04:00Z,2026-09-16T19:04:00+02:00,55,ajuntament-mercat,237,136,101,42.6
2026-09-16T17:05:00Z,2026-09-16T19:05:00+02:00,53,dr-robert,407,167,240,59
2026-09-16T17:05:00Z,2026-09-16T19:05:00+02:00,54,placa-vella,297,113,184,62
2026-09-16T17:05:00Z,2026-09-16T19:05:00+02:00,55,ajuntament-mercat,237,138,99,41.8
2026-09-16T17:06:00Z,2026-09-16T19:06:00+02:00,53,dr-robert,407,167,240,59
2026-09-16T17:06:00Z,2026-09-16T19:06:00+02:00,54,placa-vella,297,113,184,62
2026-09-16T17:06:00Z,2026-09-16T19:06:00+02:00,55,ajuntament-mercat,237,138,99,41.8
2026-09-16T17:07:00Z,2026-09-16T19:07:00+02:00,53,dr-robert,407,167,240,59
2026-09-16T17:07:00Z,2026-09-16T19:07:00+02:00,54,placa-vella,297,113,184,62
2026-09-16T17:07:00Z,2026-09-16T19:07:00+02:00,55,ajuntament-mercat,237,138,99,41.8
2026-09-16T17:08:00Z,2026-09-16T19:08:00+02:00,53,dr-robert,407,167,240,59
2026-09-16T17:08:00Z,2026-09-16T19:08:00+02:00,54,placa-vella,297,113,184,62
2026-09-16T17:08:00Z,2026-09-16T19:08:00+02:00,55,ajuntament-mercat,237,138,99,41.8
2026-09-16T17:09:00Z,2026-09-16T19:09:00+02:00,53,dr-robert,407,167,240,59
2026-09-16T17:09:00Z,2026-09-16T19:09:00+02:00,54,placa-vella,297,113,184,62
2026-09-16T17:09:00Z,2026-09-16T19:09:00+02:00,55,ajuntament-mercat,237,138,99,41.8
2026-09-16T17:10:00Z,2026-09-16T19:10:00+02:00,53,dr-robert,407,163,244,60
2026-09-16T17:10:00Z,2026-09-16T19:10:00+02:00,54,placa-vella,297,114,183,61.6
2026-09-16T17:10:00Z,2026-09-16T19:10:00+02:00,55,ajuntament-mercat,237,141,96,40.5
2026-09-16T17:11:00Z,2026-09-16T19:11:00+02:00,53,dr-robert,407,163,244,60
2026-09-16T17:11:00Z,2026-09-16T19:11:00+02:00,54,placa-vella,297,114,183,61.6
2026-09-16T17:11:00Z,2026-09-16T19:11:00+02:00,55,ajuntament-mercat,237,141,96,40.5
2026-09-16T17:12:00Z,2026-09-16T19:12:00+02:00,53,dr-robert,407,163,244,60
2026-09-16T17:12:00Z,2026-09-16T19:12:00+02:00,54,placa-vella,297,114,183,61.6
2026-09-16T17:12:00Z,2026-09-16T19:12:00+02:00,55,ajuntament-mercat,237,141,96,40.5
2026-09-16T17:13:00Z,2026-09-16T19:13:00+02:00,53,dr-robert,407,163,244,60
2026-09-16T17:13:00Z,2026-09-16T19:13:00+02:00,54,placa-vella,297,114,183,61.6
2026-09-16T17:13:00Z,2026-09-16T19:13:00+02:00,55,ajuntament-mercat,237,141,96,40.5
2026-09-16T17:14:00Z,2026-09-16T19:14:00+02:00,53,dr-robert,407,163,244,60
2026-09-16T17:14:00Z,2026-09-16T19:14:00+02:00,54,placa-vella,297,114,183,61.6
2026-09-16T17:14:00Z,2026-09-16T19:14:00+02:00,55,ajuntament-mercat,237,141,96,40.5
2026-09-16T17:15:00Z,2026-09-16T19:15:00+02:00,53,dr-robert,407,169,238,58.5
2026-09-16T17:15:00Z,2026-09-16T19:15:00+02:00,54,placa-vella,297,118,179,60.3
2026-09-16T17:15:00Z,2026-09-16T19:15:00+02:00,55,ajuntament-mercat,237,143,94,39.7
2026-09-16T17:16:00Z,2026-09-16T19:16:00+02:00,53,dr-robert,407,169,238,58.5
2026-09-16T17:16:00Z,2026-09-16T19:16:00+02:00,54,placa-vella,297,118,179,60.3
2026-09-16T17:16:00Z,2026-09-16T19:16:00+02:00,55,ajuntament-mercat,237,143,94,39.7
2026-09-16T17:17:00Z,2026-09-16T19:17:00+02:00,53,dr-robert,407,169,238,58.5
2026-09-16T17:17:00Z,2026-09-16T19:17:00+02:00,54,placa-vella,297,118,179,60.3
2026-09-16T17:17:00Z,2026-09-16T19:17:00+02:00,55,ajuntament-mercat,237,143,94,39.7
2026-09-16T17:18:00Z,2026-09-16T19:18:00+02:00,53,dr-robert,407,169,238,58.5
2026-09-16T17:18:00Z,2026-09-16T19:18:00+02:00,54,placa-vella,297,118,179,60.3
2026-09-16T17:18:00Z,2026-09-16T19:18:00+02:00,55,ajuntament-mercat,237,143,94,39.7
2026-09-16T17:19:00Z,2026-09-16T19:19:00+02:00,53,dr-robert,407,169,238,58.5
2026-09-16T17:19:00Z,2026-09-16T19:19:00+02:00,54,placa-vella,297,118,179,60.3
2026-09-16T17:19:00Z,2026-09-16T19:19:00+02:00,55,ajuntament-mercat,237,143,94,39.7
2026-09-16T17:20:00Z,2026-09-16T19:20:00+02:00,53,dr-robert,407,172,235,57.7
2026-09-16T17:20:00Z,2026-09-16T19:20:00+02:00,54,placa-vella,297,123,174,58.6
2026-09-16T17:20:00Z,2026-09-16T19:20:00+02:00,55,ajuntament-mercat,237,146,91,38.4
2026-09-16T17:21:00Z,2026-09-16T19:21:00+02:00,53,dr-robert,407,172,235,57.7
2026-09-16T17:21:00Z,2026-09-16T19:21:00+02:00,54,placa-vella,297,123,174,58.6
2026-09-16T17:21:00Z,2026-09-16T19:21:00+02:00,55,ajuntament-mercat,237,146,91,38.4
2026-09-16T17:22:00Z,2026-09-16T19:22:00+02:00,53,dr-robert,407,172,235,57.7
2026-09-16T17:22:00Z,2026-09-16T19:22:00+02:00,54,placa-vella,297,123,174,58.6
2026-09-16T17:22:00Z,2026-09-16T19:22:00+02:00,55,ajuntament-mercat,237,146,91,38.4
2026-09-16T17:23:00Z,2026-09-16T19:23:00+02:00,53,dr-robert,407,172,235,57.7
2026-09-16T17:23:00Z,2026-09-16T19:23:00+02:00,54,placa-vella,297,123,174,58.6
2026-09-16T17:23:00Z,2026-09-16T19:23:00+02:00,55,ajuntament-mercat,237,146,91,38.4
2026-09-16T17:24:00Z,2026-09-16T19:24:00+02:00,53,dr-robert,407,172,235,57.7
2026-09-16T17:24:00Z,2026-09-16T19:24:00+02:00,54,placa-vella,297,123,174,58.6
2026-09-16T17:24:00Z,2026-09-16T19:24:00+02:00,55,ajuntament-mercat,237,146,91,38.4
2026-09-16T17:25:00Z,2026-09-16T19:25:00+02:00,53,dr-robert,407,175,232,57
2026-09-16T17:25:00Z,2026-09-16T19:25:00+02:00,54,placa-vella,297,126,171,57.6
2026-09-16T17:25:00Z,2026-09-16T19:25:00+02:00,55,ajuntament-mercat,237,147,90,38
2026-09-16T17:26:00Z,2026-09-16T19:26:00+02:00,53,dr-robert,407,175,232,57
2026-09-16T17:26:00Z,2026-09-16T19:26:00+02:00,54,placa-vella,297,126,171,57.6
2026-09-16T17:26:00Z,2026-09-16T19:26:00+02:00,55,ajuntament-mercat,237,147,90,38
2026-09-16T17:27:00Z,2026-09-16T19:27:00+02:00,53,dr-robert,407,175,232,57
2026-09-16T17:27:00Z,2026-09-16T19:27:00+02:00,54,placa-vella,297,126,171,57.6
2026-09-16T17:27:00Z,2026-09-16T19:27:00+02:00,55,ajuntament-mercat,237,147,90,38
2026-09-16T17:28:00Z,2026-09-16T19:28:00+02:00,53,dr-robert,407,175,232,57
2026-09-16T17:28:00Z,2026-09-16T19:28:00+02:00,54,placa-vella,297,126,171,57.6
2026-09-16T17:28:00Z,2026-09-16T19:28:00+02:00,55,ajuntament-mercat,237,147,90,38
2026-09-16T17:29:00Z,2026-09-16T19:29:00+02:00,53,dr-robert,407,175,232,57
2026-09-16T17:29:00Z,2026-09-16T19:29:00+02:00,54,placa-vella,297,126,171,57.6
2026-09-16T17:29:00Z,2026-09-16T19:29:00+02:00,55,ajuntament-mercat,237,147,90,38
2026-09-16T17:30:00Z,2026-09-16T19:30:00+02:00,53,dr-robert,407,175,232,57
2026-09-16T17:30:00Z,2026-09-16T19:30:00+02:00,54,placa-vella,297,128,169,56.9
2026-09-16T17:30:00Z,2026-09-16T19:30:00+02:00,55,ajuntament-mercat,237,151,86,36.3
2026-09-16T17:31:00Z,2026-09-16T19:31:00+02:00,53,dr-robert,407,175,232,57
2026-09-16T17:31:00Z,2026-09-16T19:31:00+02:00,54,placa-vella,297,128,169,56.9
2026-09-16T17:31:00Z,2026-09-16T19:31:00+02:00,55,ajuntament-mercat,237,151,86,36.3
2026-09-16T17:32:00Z,2026-09-16T19:32:00+02:00,53,dr-robert,407,175,232,57
2026-09-16T17:32:00Z,2026-09-16T19:32:00+02:00,54,placa-vella,297,128,169,56.9
2026-09-16T17:32:00Z,2026-09-16T19:32:00+02:00,55,ajuntament-mercat,237,151,86,36.3
2026-09-16T17:33:00Z,2026-09-16T19:33:00+02:00,53,dr-robert,407,175,232,57
2026-09-16T17:33:00Z,2026-09-16T19:33:00+02:00,54,placa-vella,297,128,169,56.9
2026-09-16T17:33:00Z,2026-09-16T19:33:00+02:00,55,ajuntament-mercat,237,151,86,36.3
2026-09-16T17:34:00Z,2026-09-16T19:34:00+02:00,53,dr-robert,407,175,232,57
2026-09-16T17:34:00Z,2026-09-16T19:34:00+02:00,54,placa-vella,297,128,169,56.9
2026-09-16T17:34:00Z,2026-09-16T19:34:00+02:00,55,ajuntament-mercat,237,151,86,36.3
2026-09-16T17:35:00Z,2026-09-16T19:35:00+02:00,53,dr-robert,407,179,228,56
2026-09-16T17:35:00Z,2026-09-16T19:35:00+02:00,54,placa-vella,297,133,164,55.2
2026-09-16T17:35:00Z,2026-09-16T19:35:00+02:00,55,ajuntament-mercat,237,150,87,36.7
2026-09-16T17:36:00Z,2026-09-16T19:36:00+02:00,53,dr-robert,407,179,228,56
2026-09-16T17:36:00Z,2026-09-16T19:36:00+02:00,54,placa-vella,297,133,164,55.2
2026-09-16T17:36:00Z,2026-09-16T19:36:00+02:00,55,ajuntament-mercat,237,150,87,36.7
2026-09-16T17:37:00Z,2026-09-16T19:37:00+02:00,53,dr-robert,407,179,228,56
2026-09-16T17:37:00Z,2026-09-16T19:37:00+02:00,54,placa-vella,297,133,164,55.2
2026-09-16T17:37:00Z,2026-09-16T19:37:00+02:00,55,ajuntament-mercat,237,150,87,36.7
2026-09-16T17:38:00Z,2026-09-16T19:38:00+02:00,53,dr-robert,407,179,228,56
2026-09-16T17:38:00Z,2026-09-16T19:38:00+02:00,54,placa-vella,297,133,164,55.2
2026-09-16T17:38:00Z,2026-09-16T19:38:00+02:00,55,ajuntament-mercat,237,150,87,36.7
2026-09-16T17:39:00Z,2026-09-16T19:39:00+02:00,53,dr-robert,407,179,228,56
2026-09-16T17:39:00Z,2026-09-16T19:39:00+02:00,54,placa-vella,297,133,164,55.2
2026-09-16T17:39:00Z,2026-09-16T19:39:00+02:00,55,ajuntament-mercat,237,150,87,36.7
2026-09-16T17:40:00Z,2026-09-16T19:40:00+02:00,53,dr-robert,407,186,221,54.3
2026-09-16T17:40:00Z,2026-09-16T19:40:00+02:00,54,placa-vella,297,141,156,52.5
2026-09-16T17:40:00Z,2026-09-16T19:40:00+02:00,55,ajuntament-mercat,237,146,91,38.4
2026-09-16T17:41:00Z,2026-09-16T19:41:00+02:00,53,dr-robert,407,186,221,54.3
2026-09-16T17:41:00Z,2026-09-16T19:41:00+02:00,54,placa-vella,297,141,156,52.5
2026-09-16T17:41:00Z,2026-09-16T19:41:00+02:00,55,ajuntament-mercat,237,146,91,38.4
2026-09-16T17:42:00Z,2026-09-16T19:42:00+02:00,53,dr-robert,407,186,221,54.3
2026-09-16T17:42:00Z,2026-09-16T19:42:00+02:00,54,placa-vella,297,141,156,52.5
2026-09-16T17:42:00Z,2026-09-16T19:42:00+02:00,55,ajuntament-mercat,237,146,91,38.4
2026-09-16T17:43:00Z,2026-09-16T19:43:00+02:00,53,dr-robert,407,186,221,54.3
2026-09-16T17:43:00Z,2026-09-16T19:43:00+02:00,54,placa-vella,297,141,156,52.5
2026-09-16T17:43:00Z,2026-09-16T19:43:00+02:00,55,ajuntament-mercat,237,146,91,38.4
2026-09-16T17:44:00Z,2026-09-16T19:44:00+02:00,53,dr-robert,407,186,221,54.3
2026-09-16T17:44:00Z,2026-09-16T19:44:00+02:00,54,placa-vella,297,141,156,52.5
2026-09-16T17:44:00Z,2026-09-16T19:44:00+02:00,55,ajuntament-mercat,237,146,91,38.4
2026-09-16T17:45:00Z,2026-09-16T19:45:00+02:00,53,dr-robert,407,190,217,53.3
2026-09-16T17:45:00Z,2026-09-16T19:45:00+02:00,54,placa-vella,297,148,149,50.2
2026-09-16T17:45:00Z,2026-09-16T19:45:00+02:00,55,ajuntament-mercat,237,148,89,37.6
2026-09-16T17:46:00Z,2026-09-16T19:46:00+02:00,53,dr-robert,407,190,217,53.3
2026-09-16T17:46:00Z,2026-09-16T19:46:00+02:00,54,placa-vella,297,148,149,50.2
2026-09-16T17:46:00Z,2026-09-16T19:46:00+02:00,55,ajuntament-mercat,237,148,89,37.6
2026-09-16T17:47:00Z,2026-09-16T19:47:00+02:00,53,dr-robert,407,190,217,53.3
2026-09-16T17:47:00Z,2026-09-16T19:47:00+02:00,54,placa-vella,297,148,149,50.2
2026-09-16T17:47:00Z,2026-09-16T19:47:00+02:00,55,ajuntament-mercat,237,148,89,37.6
2026-09-16T17:48:00Z,2026-09-16T19:48:00+02:00,53,dr-robert,407,190,217,53.3
2026-09-16T17:48:00Z,2026-09-16T19:48:00+02:00,54,placa-vella,297,148,149,50.2
2026-09-16T17:48:00Z,2026-09-16T19:48:00+02:00,55,ajuntament-mercat,237,148,89,37.6
2026-09-16T17:49:00Z,2026-09-16T19:49:00+02:00,53,dr-robert,407,190,217,53.3
2026-09-16T17:49:00Z,2026-09-16T19:49:00+02:00,54,placa-vella,297,148,149,50.2
2026-09-16T17:49:00Z,2026-09-16T19:49:00+02:00,55,ajuntament-mercat,237,148,89,37.6
2026-09-16T17:50:00Z,2026-09-16T19:50:00+02:00,53,dr-robert,407,198,209,51.4
2026-09-16T17:50:00Z,2026-09-16T19:50:00+02:00,54,placa-vella,297,155,142,47.8
2026-09-16T17:50:00Z,2026-09-16T19:50:00+02:00,55,ajuntament-mercat,237,148,89,37.6
2026-09-16T17:51:00Z,2026-09-16T19:51:00+02:00,53,dr-robert,407,198,209,51.4
2026-09-16T17:51:00Z,2026-09-16T19:51:00+02:00,54,placa-vella,297,155,142,47.8
2026-09-16T17:51:00Z,2026-09-16T19:51:00+02:00,55,ajuntament-mercat,237,148,89,37.6
2026-09-16T17:52:00Z,2026-09-16T19:52:00+02:00,53,dr-robert,407,198,209,51.4
2026-09-16T17:52:00Z,2026-09-16T19:52:00+02:00,54,placa-vella,297,155,142,47.8
2026-09-16T17:52:00Z,2026-09-16T19:52:00+02:00,55,ajuntament-mercat,237,148,89,37.6
2026-09-16T17:53:00Z,2026-09-16T19:53:00+02:00,53,dr-robert,407,198,209,51.4
2026-09-16T17:53:00Z,2026-09-16T19:53:00+02:00,54,placa-vella,297,155,142,47.8
2026-09-16T17:53:00Z,2026-09-16T19:53:00+02:00,55,ajuntament-mercat,237,148,89,37.6
2026-09-16T17:54:00Z,2026-09-16T19:54:00+02:00,53,dr-robert,407,198,209,51.4
2026-09-16T17:54:00Z,2026-09-16T19:54:00+02:00,54,placa-vella,297,155,142,47.8
2026-09-16T17:54:00Z,2026-09-16T19:54:00+02:00,55,ajuntament-mercat,237,148,89,37.6
2026-09-16T17:55:00Z,2026-09-16T19:55:00+02:00,53,dr-robert,407,200,207,50.9
2026-09-16T17:55:00Z,2026-09-16T19:55:00+02:00,54,placa-vella,297,154,143,48.1
2026-09-16T17:55:00Z,2026-09-16T19:55:00+02:00,55,ajuntament-mercat,237,151,86,36.3
2026-09-16T17:56:00Z,2026-09-16T19:56:00+02:00,53,dr-robert,407,200,207,50.9
2026-09-16T17:56:00Z,2026-09-16T19:56:00+02:00,54,placa-vella,297,154,143,48.1
2026-09-16T17:56:00Z,2026-09-16T19:56:00+02:00,55,ajuntament-mercat,237,151,86,36.3
2026-09-16T17:57:00Z,2026-09-16T19:57:00+02:00,53,dr-robert,407,200,207,50.9
2026-09-16T17:57:00Z,2026-09-16T19:57:00+02:00,54,placa-vella,297,154,143,48.1
2026-09-16T17:57:00Z,2026-09-16T19:57:00+02:00,55,ajuntament-mercat,237,151,86,36.3
2026-09-16T17:58:00Z,2026-09-16T19:58:00+02:00,53,dr-robert,407,200,207,50.9
2026-09-16T17:58:00Z,2026-09-16T19:58:00+02:00,54,placa-vella,297,154,143,48.1
2026-09-16T17:58:00Z,2026-09-16T19:58:00+02:00,55,ajuntament-mercat,237,151,86,36.3
2026-09-16T17:59:00Z,2026-09-16T19:59:00+02:00,53,dr-robert,407,200,207,50.9
2026-09-16T17:59:00Z,2026-09-16T19:59:00+02:00,54,placa-vella,297,154,143,48.1
2026-09-16T17:59:00Z,2026-09-16T19:59:00+02:00,55,ajuntament-mercat,237,151,86,36.3
2026-09-16T18:00:00Z,2026-09-16T20:00:00+02:00,53,dr-robert,407,212,195,47.9
2026-09-16T18:00:00Z,2026-09-16T20:00:00+02:00,54,placa-vella,297,158,139,46.8
2026-09-16T18:00:00Z,2026-09-16T20:00:00+02:00,55,ajuntament-mercat,237,151,86,36.3
2026-09-16T18:01:00Z,2026-09-16T20:01:00+02:00,53,dr-robert,407,212,195,47.9
2026-09-16T18:01:00Z,2026-09-16T20:01:00+02:00,54,placa-vella,297,158,139,46.8
2026-09-16T18:01:00Z,2026-09-16T20:01:00+02:00,55,ajuntament-mercat,237,151,86,36.3
2026-09-16T18:02:00Z,2026-09-16T20:02:00+02:00,53,dr-robert,407,212,195,47.9
2026-09-16T18:02:00Z,2026-09-16T20:02:00+02:00,54,placa-vella,297,158,139,46.8
2026-09-16T18:02:00Z,2026-09-16T20:02:00+02:00,55,ajuntament-mercat,237,151,86,36.3
2026-09-16T18:03:00Z,2026-09-16T20:03:00+02:00,53,dr-robert,407,212,195,47.9
2026-09-16T18:03:00Z,2026-09-16T20:03:00+02:00,54,placa-vella,297,158,139,46.8
2026-09-16T18:03:00Z,2026-09-16T20:03:00+02:00,55,ajuntament-mercat,237,151,86,36.3
2026-09-16T18:04:00Z,2026-09-16T20:04:00+02:00,53,dr-robert,407,212,195,47.9
2026-09-16T18:04:00Z,2026-09-16T20:04:00+02:00,54,placa-vella,297,158,139,46.8
2026-09-16T18:04:00Z,2026-09-16T20:04:00+02:00,55,ajuntament-mercat,237,151,86,36.3
2026-09-16T18:05:00Z,2026-09-16T20:05:00+02:00,53,dr-robert,407,214,193,47.4
2026-09-16T18:05:00Z,2026-09-16T20:05:00+02:00,54,placa-vella,297,162,135,45.5
2026-09-16T18:05:00Z,2026-09-16T20:05:00+02:00,55,ajuntament-mercat,237,150,87,36.7
2026-09-16T18:06:00Z,2026-09-16T20:06:00+02:00,53,dr-robert,407,214,193,47.4
2026-09-16T18:06:00Z,2026-09-16T20:06:00+02:00,54,placa-vella,297,162,135,45.5
2026-09-16T18:06:00Z,2026-09-16T20:06:00+02:00,55,ajuntament-mercat,237,150,87,36.7
2026-09-16T18:07:00Z,2026-09-16T20:07:00+02:00,53,dr-robert,407,214,193,47.4
2026-09-16T18:07:00Z,2026-09-16T20:07:00+02:00,54,placa-vella,297,162,135,45.5
2026-09-16T18:07:00Z,2026-09-16T20:07:00+02:00,55,ajuntament-mercat,237,150,87,36.7
2026-09-16T18:08:00Z,2026-09-16T20:08:00+02:00,53,dr-robert,407,214,193,47.4
2026-09-16T18:08:00Z,2026-09-16T20:08:00+02:00,54,placa-vella,297,162,135,45.5
2026-09-16T18:08:00Z,2026-09-16T20:08:00+02:00,55,ajuntament-mercat,237,150,87,36.7
2026-09-16T18:09:00Z,2026-09-16T20:09:00+02:00,53,dr-robert,407,214,193,47.4
2026-09-16T18:09:00Z,2026-09-16T20:09:00+02:00,54,placa-vella,297,162,135,45.5
2026-09-16T18:09:00Z,2026-09-16T20:09:00+02:00,55,ajuntament-mercat,237,150,87,36.7
2026-09-16T18:10:00Z,2026-09-16T20:10:00+02:00,53,dr-robert,407,212,195,47.9
2026-09-16T18:10:00Z,2026-09-16T20:10:00+02:00,54,placa-vella,297,168,129,43.4
2026-09-16T18:10:00Z,2026-09-16T20:10:00+02:00,55,ajuntament-mercat,237,153,84,35.4
2026-09-16T18:11:00Z,2026-09-16T20:11:00+02:00,53,dr-robert,407,212,195,47.9
2026-09-16T18:11:00Z,2026-09-16T20:11:00+02:00,54,placa-vella,297,168,129,43.4
2026-09-16T18:11:00Z,2026-09-16T20:11:00+02:00,55,ajuntament-mercat,237,153,84,35.4
2026-09-16T18:12:00Z,2026-09-16T20:12:00+02:00,53,dr-robert,407,212,195,47.9
2026-09-16T18:12:00Z,2026-09-16T20:12:00+02:00,54,placa-vella,297,168,129,43.4
2026-09-16T18:12:00Z,2026-09-16T20:12:00+02:00,55,ajuntament-mercat,237,153,84,35.4
2026-09-16T18:13:00Z,2026-09-16T20:13:00+02:00,53,dr-robert,407,212,195,47.9
2026-09-16T18:13:00Z,2026-09-16T20:13:00+02:00,54,placa-vella,297,168,129,43.4
2026-09-16T18:13:00Z,2026-09-16T20:13:00+02:00,55,ajuntament-mercat,237,153,84,35.4
2026-09-16T18:14:00Z,2026-09-16T20:14:00+02:00,53,dr-robert,407,212,195,47.9
2026-09-16T18:14:00Z,2026-09-16T20:14:00+02:00,54,placa-vella,297,168,129,43.4
2026-09-16T18:14:00Z,2026-09-16T20:14:00+02:00,55,ajuntament-mercat,237,153,84,35.4
2026-09-16T18:15:00Z,2026-09-16T20:15:00+02:00,53,dr-robert,407,227,180,44.2
2026-09-16T18:15:00Z,2026-09-16T20:15:00+02:00,54,placa-vella,297,170,127,42.8
2026-09-16T18:15:00Z,2026-09-16T20:15:00+02:00,55,ajuntament-mercat,237,154,83,35
2026-09-16T18:16:00Z,2026-09-16T20:16:00+02:00,53,dr-robert,407,227,180,44.2
2026-09-16T18:16:00Z,2026-09-16T20:16:00+02:00,54,placa-vella,297,170,127,42.8
2026-09-16T18:16:00Z,2026-09-16T20:16:00+02:00,55,ajuntament-mercat,237,154,83,35
2026-09-16T18:17:00Z,2026-09-16T20:17:00+02:00,53,dr-robert,407,227,180,44.2
2026-09-16T18:17:00Z,2026-09-16T20:17:00+02:00,54,placa-vella,297,170,127,42.8
2026-09-16T18:17:00Z,2026-09-16T20:17:00+02:00,55,ajuntament-mercat,237,154,83,35
2026-09-16T18:18:00Z,2026-09-16T20:18:00+02:00,53,dr-robert,407,227,180,44.2
2026-09-16T18:18:00Z,2026-09-16T20:18:00+02:00,54,placa-vella,297,170,127,42.8
2026-09-16T18:18:00Z,2026-09-16T20:18:00+02:00,55,ajuntament-mercat,237,154,83,35
2026-09-16T18:19:00Z,2026-09-16T20:19:00+02:00,53,dr-robert,407,227,180,44.2
2026-09-16T18:19:00Z,2026-09-16T20:19:00+02:00,54,placa-vella,297,170,127,42.8
2026-09-16T18:19:00Z,2026-09-16T20:19:00+02:00,55,ajuntament-mercat,237,154,83,35
2026-09-16T18:20:00Z,2026-09-16T20:20:00+02:00,53,dr-robert,407,237,170,41.8
2026-09-16T18:20:00Z,2026-09-16T20:20:00+02:00,54,placa-vella,297,173,124,41.8
2026-09-16T18:20:00Z,2026-09-16T20:20:00+02:00,55,ajuntament-mercat,237,156,81,34.2
2026-09-16T18:21:00Z,2026-09-16T20:21:00+02:00,53,dr-robert,407,237,170,41.8
2026-09-16T18:21:00Z,2026-09-16T20:21:00+02:00,54,placa-vella,297,173,124,41.8
2026-09-16T18:21:00Z,2026-09-16T20:21:00+02:00,55,ajuntament-mercat,237,156,81,34.2
2026-09-16T18:22:00Z,2026-09-16T20:22:00+02:00,53,dr-robert,407,237,170,41.8
2026-09-16T18:22:00Z,2026-09-16T20:22:00+02:00,54,placa-vella,297,173,124,41.8
2026-09-16T18:22:00Z,2026-09-16T20:22:00+02:00,55,ajuntament-mercat,237,156,81,34.2
2026-09-16T18:23:00Z,2026-09-16T20:23:00+02:00,53,dr-robert,407,237,170,41.8
2026-09-16T18:23:00Z,2026-09-16T20:23:00+02:00,54,placa-vella,297,173,124,41.8
2026-09-16T18:23:00Z,2026-09-16T20:23:00+02:00,55,ajuntament-mercat,237,156,81,34.2
2026-09-16T18:24:00Z,2026-09-16T20:24:00+02:00,53,dr-robert,407,237,170,41.8
2026-09-16T18:24:00Z,2026-09-16T20:24:00+02:00,54,placa-vella,297,173,124,41.8
2026-09-16T18:24:00Z,2026-09-16T20:24:00+02:00,55,ajuntament-mercat,237,156,81,34.2
2026-09-16T18:25:00Z,2026-09-16T20:25:00+02:00,53,dr-robert,407,245,162,39.8
2026-09-16T18:25:00Z,2026-09-16T20:25:00+02:00,54,placa-vella,297,175,122,41.1
2026-09-16T18:25:00Z,2026-09-16T20:25:00+02:00,55,ajuntament-mercat,237,159,78,32.9
2026-09-16T18:26:00Z,2026-09-16T20:26:00+02:00,53,dr-robert,407,245,162,39.8
2026-09-16T18:26:00Z,2026-09-16T20:26:00+02:00,54,placa-vella,297,175,122,41.1
2026-09-16T18:26:00Z,2026-09-16T20:26:00+02:00,55,ajuntament-mercat,237,159,78,32.9
2026-09-16T18:27:00Z,2026-09-16T20:27:00+02:00,53,dr-robert,407,245,162,39.8
2026-09-16T18:27:00Z,2026-09-16T20:27:00+02:00,54,placa-vella,297,175,122,41.1
2026-09-16T18:27:00Z,2026-09-16T20:27:00+02:00,55,ajuntament-mercat,237,159,78,32.9
2026-09-16T18:28:00Z,2026-09-16T20:28:00+02:00,53,dr-robert,407,245,162,39.8
2026-09-16T18:28:00Z,2026-09-16T20:28:00+02:00,54,placa-vella,297,175,122,41.1
2026-09-16T18:28:00Z,2026-09-16T20:28:00+02:00,55,ajuntament-mercat,237,159,78,32.9
2026-09-16T18:29:00Z,2026-09-16T20:29:00+02:00,53,dr-robert,407,245,162,39.8
2026-09-16T18:29:00Z,2026-09-16T20:29:00+02:00,54,placa-vella,297,175,122,41.1
2026-09-16T18:29:00Z,2026-09-16T20:29:00+02:00,55,ajuntament-mercat,237,159,78,32.9
2026-09-16T18:30:00Z,2026-09-16T20:30:00+02:00,53,dr-robert,407,253,154,37.8
2026-09-16T18:30:00Z,2026-09-16T20:30:00+02:00,54,placa-vella,297,178,119,40.1
2026-09-16T18:30:00Z,2026-09-16T20:30:00+02:00,55,ajuntament-mercat,237,161,76,32.1
2026-09-16T18:31:00Z,2026-09-16T20:31:00+02:00,53,dr-robert,407,253,154,37.8
2026-09-16T18:31:00Z,2026-09-16T20:31:00+02:00,54,placa-vella,297,178,119,40.1
2026-09-16T18:31:00Z,2026-09-16T20:31:00+02:00,55,ajuntament-mercat,237,161,76,32.1
2026-09-16T18:32:00Z,2026-09-16T20:32:00+02:00,53,dr-robert,407,253,154,37.8
2026-09-16T18:32:00Z,2026-09-16T20:32:00+02:00,54,placa-vella,297,178,119,40.1
2026-09-16T18:32:00Z,2026-09-16T20:32:00+02:00,55,ajuntament-mercat,237,161,76,32.1
2026-09-16T18:33:00Z,2026-09-16T20:33:00+02:00,53,dr-robert,407,253,154,37.8
2026-09-16T18:33:00Z,2026-09-16T20:33:00+02:00,54,placa-vella,297,178,119,40.1
2026-09-16T18:33:00Z,2026-09-16T20:33:00+02:00,55,ajuntament-mercat,237,161,76,32.1
2026-09-16T18:34:00Z,2026-09-16T20:34:00+02:00,53,dr-robert,407,253,154,37.8
2026-09-16T18:34:00Z,2026-09-16T20:34:00+02:00,54,placa-vella,297,178,119,40.1
2026-09-16T18:34:00Z,2026-09-16T20:34:00+02:00,55,ajuntament-mercat,237,161,76,32.1
2026-09-16T18:35:00Z,2026-09-16T20:35:00+02:00,53,dr-robert,407,256,151,37.1
2026-09-16T18:35:00Z,2026-09-16T20:35:00+02:00,54,placa-vella,297,184,113,38
2026-09-16T18:35:00Z,2026-09-16T20:35:00+02:00,55,ajuntament-mercat,237,162,75,31.6
2026-09-16T18:36:00Z,2026-09-16T20:36:00+02:00,53,dr-robert,407,256,151,37.1
2026-09-16T18:36:00Z,2026-09-16T20:36:00+02:00,54,placa-vella,297,184,113,38
2026-09-16T18:36:00Z,2026-09-16T20:36:00+02:00,55,ajuntament-mercat,237,162,75,31.6
2026-09-16T18:37:00Z,2026-09-16T20:37:00+02:00,53,dr-robert,407,256,151,37.1
2026-09-16T18:37:00Z,2026-09-16T20:37:00+02:00,54,placa-vella,297,184,113,38
2026-09-16T18:37:00Z,2026-09-16T20:37:00+02:00,55,ajuntament-mercat,237,162,75,31.6
2026-09-16T18:38:00Z,2026-09-16T20:38:00+02:00,53,dr-robert,407,256,151,37.1
2026-09-16T18:38:00Z,2026-09-16T20:38:00+02:00,54,placa-vella,297,184,113,38
2026-09-16T18:38:00Z,2026-09-16T20:38:00+02:00,55,ajuntament-mercat,237,162,75,31.6
2026-09-16T18:39:00Z,2026-09-16T20:39:00+02:00,53,dr-robert,407,256,151,37.1
2026-09-16T18:39:00Z,2026-09-16T20:39:00+02:00,54,placa-vella,297,184,113,38
2026-09-16T18:39:00Z,2026-09-16T20:39:00+02:00,55,ajuntament-mercat,237,162,75,31.6
2026-09-16T18:40:00Z,2026-09-16T20:40:00+02:00,53,dr-robert,407,265,142,34.9
2026-09-16T18:40:00Z,2026-09-16T20:40:00+02:00,54,placa-vella,297,186,111,37.4
2026-09-16T18:40:00Z,2026-09-16T20:40:00+02:00,55,ajuntament-mercat,237,165,72,30.4
2026-09-16T18:41:00Z,2026-09-16T20:41:00+02:00,53,dr-robert,407,265,142,34.9
2026-09-16T18:41:00Z,2026-09-16T20:41:00+02:00,54,placa-vella,297,186,111,37.4
2026-09-16T18:41:00Z,2026-09-16T20:41:00+02:00,55,ajuntament-mercat,237,165,72,30.4
2026-09-16T18:42:00Z,2026-09-16T20:42:00+02:00,53,dr-robert,407,265,142,34.9
2026-09-16T18:42:00Z,2026-09-16T20:42:00+02:00,54,placa-vella,297,186,111,37.4
2026-09-16T18:42:00Z,2026-09-16T20:42:00+02:00,55,ajuntament-mercat,237,165,72,30.4
2026-09-16T18:43:00Z,2026-09-16T20:43:00+02:00,53,dr-robert,407,265,142,34.9
2026-09-16T18:43:00Z,2026-09-16T20:43:00+02:00,54,placa-vella,297,186,111,37.4
2026-09-16T18:43:00Z,2026-09-16T20:43:00+02:00,55,ajuntament-mercat,237,165,72,30.4
2026-09-16T18:44:00Z,2026-09-16T20:44:00+02:00,53,dr-robert,407,265,142,34.9
2026-09-16T18:44:00Z,2026-09-16T20:44:00+02:00,54,placa-vella,297,186,111,37.4
2026-09-16T18:44:00Z,2026-09-16T20:44:00+02:00,55,ajuntament-mercat,237,165,72,30.4
2026-09-16T18:45:00Z,2026-09-16T20:45:00+02:00,53,dr-robert,407,271,136,33.4
2026-09-16T18:45:00Z,2026-09-16T20:45:00+02:00,54,placa-vella,297,191,106,35.7
2026-09-16T18:45:00Z,2026-09-16T20:45:00+02:00,55,ajuntament-mercat,237,166,71,30
2026-09-16T18:46:00Z,2026-09-16T20:46:00+02:00,53,dr-robert,407,271,136,33.4
2026-09-16T18:46:00Z,2026-09-16T20:46:00+02:00,54,placa-vella,297,191,106,35.7
2026-09-16T18:46:00Z,2026-09-16T20:46:00+02:00,55,ajuntament-mercat,237,166,71,30
2026-09-16T18:47:00Z,2026-09-16T20:47:00+02:00,53,dr-robert,407,271,136,33.4
2026-09-16T18:47:00Z,2026-09-16T20:47:00+02:00,54,placa-vella,297,191,106,35.7
2026-09-16T18:47:00Z,2026-09-16T20:47:00+02:00,55,ajuntament-mercat,237,166,71,30
2026-09-16T18:48:00Z,2026-09-16T20:48:00+02:00,53,dr-robert,407,271,136,33.4
2026-09-16T18:48:00Z,2026-09-16T20:48:00+02:00,54,placa-vella,297,191,106,35.7
2026-09-16T18:48:00Z,2026-09-16T20:48:00+02:00,55,ajuntament-mercat,237,166,71,30
2026-09-16T18:49:00Z,2026-09-16T20:49:00+02:00,53,dr-robert,407,271,136,33.4
2026-09-16T18:49:00Z,2026-09-16T20:49:00+02:00,54,placa-vella,297,191,106,35.7
2026-09-16T18:49:00Z,2026-09-16T20:49:00+02:00,55,ajuntament-mercat,237,166,71,30
2026-09-16T18:50:00Z,2026-09-16T20:50:00+02:00,53,dr-robert,407,270,137,33.7
2026-09-16T18:50:00Z,2026-09-16T20:50:00+02:00,54,placa-vella,297,193,104,35
2026-09-16T18:50:00Z,2026-09-16T20:50:00+02:00,55,ajuntament-mercat,237,168,69,29.1
2026-09-16T18:51:00Z,2026-09-16T20:51:00+02:00,53,dr-robert,407,270,137,33.7
2026-09-16T18:51:00Z,2026-09-16T20:51:00+02:00,54,placa-vella,297,193,104,35
2026-09-16T18:51:00Z,2026-09-16T20:51:00+02:00,55,ajuntament-mercat,237,168,69,29.1
2026-09-16T18:52:00Z,2026-09-16T20:52:00+02:00,53,dr-robert,407,270,137,33.7
2026-09-16T18:52:00Z,2026-09-16T20:52:00+02:00,54,placa-vella,297,193,104,35
2026-09-16T18:52:00Z,2026-09-16T20:52:00+02:00,55,ajuntament-mercat,237,168,69,29.1
2026-09-16T18:53:00Z,2026-09-16T20:53:00+02:00,53,dr-robert,407,270,137,33.7
2026-09-16T18:53:00Z,2026-09-16T20:53:00+02:00,54,placa-vella,297,193,104,35
2026-09-16T18:53:00Z,2026-09-16T20:53:00+02:00,55,ajuntament-mercat,237,168,69,29.1
2026-09-16T18:54:00Z,2026-09-16T20:54:00+02:00,53,dr-robert,407,270,137,33.7
2026-09-16T18:54:00Z,2026-09-16T20:54:00+02:00,54,placa-vella,297,193,104,35
2026-09-16T18:54:00Z,2026-09-16T20:54:00+02:00,55,ajuntament-mercat,237,168,69,29.1
2026-09-16T18:55:00Z,2026-09-16T20:55:00+02:00,53,dr-robert,407,273,134,32.9
2026-09-16T18:55:00Z,2026-09-16T20:55:00+02:00,54,placa-vella,297,197,100,33.7
2026-09-16T18:55:00Z,2026-09-16T20:55:00+02:00,55,ajuntament-mercat,237,167,70,29.5
2026-09-16T18:56:00Z,2026-09-16T20:56:00+02:00,53,dr-robert,407,273,134,32.9
2026-09-16T18:56:00Z,2026-09-16T20:56:00+02:00,54,placa-vella,297,197,100,33.7
2026-09-16T18:56:00Z,2026-09-16T20:56:00+02:00,55,ajuntament-mercat,237,167,70,29.5
2026-09-16T18:57:00Z,2026-09-16T20:57:00+02:00,53,dr-robert,407,273,134,32.9
2026-09-16T18:57:00Z,2026-09-16T20:57:00+02:00,54,placa-vella,297,197,100,33.7
2026-09-16T18:57:00Z,2026-09-16T20:57:00+02:00,55,ajuntament-mercat,237,167,70,29.5
2026-09-16T18:58:00Z,2026-09-16T20:58:00+02:00,53,dr-robert,407,273,134,32.9
2026-09-16T18:58:00Z,2026-09-16T20:58:00+02:00,54,placa-vella,297,197,100,33.7
2026-09-16T18:58:00Z,2026-09-16T20:58:00+02:00,55,ajuntament-mercat,237,167,70,29.5
2026-09-16T18:59:00Z,2026-09-16T20:59:00+02:00,53,dr-robert,407,273,134,32.9
2026-09-16T18:59:00Z,2026-09-16T20:59:00+02:00,54,placa-vella,297,197,100,33.7
2026-09-16T18:59:00Z,2026-09-16T20:59:00+02:00,55,ajuntament-mercat,237,167,70,29.5
2026-09-16T19:00:00Z,2026-09-16T21:00:00+02:00,53,dr-robert,407,273,134,32.9
2026-09-16T19:00:00Z,2026-09-16T21:00:00+02:00,54,placa-vella,297,197,100,33.7
2026-09-16T19:00:00Z,2026-09-16T21:00:00+02:00,55,ajuntament-mercat,237,167,70,29.5
2026-09-16T19:01:00Z,2026-09-16T21:01:00+02:00,53,dr-robert,407,272,135,33.2
2026-09-16T19:01:00Z,2026-09-16T21:01:00+02:00,54,placa-vella,297,203,94,31.6
2026-09-16T19:01:00Z,2026-09-16T21:01:00+02:00,55,ajuntament-mercat,237,171,66,27.8
2026-09-16T19:02:00Z,2026-09-16T21:02:00+02:00,53,dr-robert,407,272,135,33.2
2026-09-16T19:02:00Z,2026-09-16T21:02:00+02:00,54,placa-vella,297,203,94,31.6
2026-09-16T19:02:00Z,2026-09-16T21:02:00+02:00,55,ajuntament-mercat,237,171,66,27.8
2026-09-16T19:03:00Z,2026-09-16T21:03:00+02:00,53,dr-robert,407,272,135,33.2
2026-09-16T19:03:00Z,2026-09-16T21:03:00+02:00,54,placa-vella,297,203,94,31.6
2026-09-16T19:03:00Z,2026-09-16T21:03:00+02:00,55,ajuntament-mercat,237,171,66,27.8
2026-09-16T19:04:00Z,2026-09-16T21:04:00+02:00,53,dr-robert,407,272,135,33.2
2026-09-16T19:04:00Z,2026-09-16T21:04:00+02:00,54,placa-vella,297,203,94,31.6
2026-09-16T19:04:00Z,2026-09-16T21:04:00+02:00,55,ajuntament-mercat,237,171,66,27.8
2026-09-16T19:05:00Z,2026-09-16T21:05:00+02:00,53,dr-robert,407,273,134,32.9
2026-09-16T19:05:00Z,2026-09-16T21:05:00+02:00,54,placa-vella,297,204,93,31.3
2026-09-16T19:05:00Z,2026-09-16T21:05:00+02:00,55,ajuntament-mercat,237,172,65,27.4
2026-09-16T19:06:00Z,2026-09-16T21:06:00+02:00,53,dr-robert,407,273,134,32.9
2026-09-16T19:06:00Z,2026-09-16T21:06:00+02:00,54,placa-vella,297,204,93,31.3
2026-09-16T19:06:00Z,2026-09-16T21:06:00+02:00,55,ajuntament-mercat,237,172,65,27.4
2026-09-16T19:07:00Z,2026-09-16T21:07:00+02:00,53,dr-robert,407,273,134,32.9
2026-09-16T19:07:00Z,2026-09-16T21:07:00+02:00,54,placa-vella,297,204,93,31.3
2026-09-16T19:07:00Z,2026-09-16T21:07:00+02:00,55,ajuntament-mercat,237,172,65,27.4
2026-09-16T19:08:00Z,2026-09-16T21:08:00+02:00,53,dr-robert,407,273,134,32.9
2026-09-16T19:08:00Z,2026-09-16T21:08:00+02:00,54,placa-vella,297,204,93,31.3
2026-09-16T19:08:00Z,2026-09-16T21:08:00+02:00,55,ajuntament-mercat,237,172,65,27.4
2026-09-16T19:09:00Z,2026-09-16T21:09:00+02:00,53,dr-robert,407,273,134,32.9
2026-09-16T19:09:00Z,2026-09-16T21:09:00+02:00,54,placa-vella,297,204,93,31.3
2026-09-16T19:09:00Z,2026-09-16T21:09:00+02:00,55,ajuntament-mercat,237,172,65,27.4
2026-09-16T19:10:00Z,2026-09-16T21:10:00+02:00,53,dr-robert,407,278,129,31.7
2026-09-16T19:10:00Z,2026-09-16T21:10:00+02:00,54,placa-vella,297,205,92,31
2026-09-16T19:10:00Z,2026-09-16T21:10:00+02:00,55,ajuntament-mercat,237,171,66,27.8
2026-09-16T19:11:00Z,2026-09-16T21:11:00+02:00,53,dr-robert,407,278,129,31.7
2026-09-16T19:11:00Z,2026-09-16T21:11:00+02:00,54,placa-vella,297,205,92,31
2026-09-16T19:11:00Z,2026-09-16T21:11:00+02:00,55,ajuntament-mercat,237,171,66,27.8
2026-09-16T19:12:00Z,2026-09-16T21:12:00+02:00,53,dr-robert,407,278,129,31.7
2026-09-16T19:12:00Z,2026-09-16T21:12:00+02:00,54,placa-vella,297,205,92,31
2026-09-16T19:12:00Z,2026-09-16T21:12:00+02:00,55,ajuntament-mercat,237,171,66,27.8
2026-09-16T19:13:00Z,2026-09-16T21:13:00+02:00,53,dr-robert,407,278,129,31.7
2026-09-16T19:13:00Z,2026-09-16T21:13:00+02:00,54,placa-vella,297,205,92,31
2026-09-16T19:13:00Z,2026-09-16T21:13:00+02:00,55,ajuntament-mercat,237,171,66,27.8
2026-09-16T19:14:00Z,2026-09-16T21:14:00+02:00,53,dr-robert,407,278,129,31.7
2026-09-16T19:14:00Z,2026-09-16T21:14:00+02:00,54,placa-vella,297,205,92,31
2026-09-16T19:14:00Z,2026-09-16T21:14:00+02:00,55,ajuntament-mercat,237,171,66,27.8
2026-09-16T19:15:00Z,2026-09-16T21:15:00+02:00,53,dr-robert,407,278,129,31.7
2026-09-16T19:15:00Z,2026-09-16T21:15:00+02:00,54,placa-vella,297,204,93,31.3
2026-09-16T19:15:00Z,2026-09-16T21:15:00+02:00,55,ajuntament-mercat,237,172,65,27.4
2026-09-16T19:16:00Z,2026-09-16T21:16:00+02:00,53,dr-robert,407,278,129,31.7
2026-09-16T19:16:00Z,2026-09-16T21:16:00+02:00,54,placa-vella,297,204,93,31.3
2026-09-16T19:16:00Z,2026-09-16T21:16:00+02:00,55,ajuntament-mercat,237,172,65,27.4
2026-09-16T19:17:00Z,2026-09-16T21:17:00+02:00,53,dr-robert,407,278,129,31.7
2026-09-16T19:17:00Z,2026-09-16T21:17:00+02:00,54,placa-vella,297,204,93,31.3
2026-09-16T19:17:00Z,2026-09-16T21:17:00+02:00,55,ajuntament-mercat,237,172,65,27.4
2026-09-16T19:18:00Z,2026-09-16T21:18:00+02:00,53,dr-robert,407,278,129,31.7
2026-09-16T19:18:00Z,2026-09-16T21:18:00+02:00,54,placa-vella,297,204,93,31.3
2026-09-16T19:18:00Z,2026-09-16T21:18:00+02:00,55,ajuntament-mercat,237,172,65,27.4
2026-09-16T19:19:00Z,2026-09-16T21:19:00+02:00,53,dr-robert,407,278,129,31.7
2026-09-16T19:19:00Z,2026-09-16T21:19:00+02:00,54,placa-vella,297,204,93,31.3
2026-09-16T19:19:00Z,2026-09-16T21:19:00+02:00,55,ajuntament-mercat,237,172,65,27.4
2026-09-16T19:20:00Z,2026-09-16T21:20:00+02:00,53,dr-robert,407,280,127,31.2
2026-09-16T19:20:00Z,2026-09-16T21:20:00+02:00,54,placa-vella,297,203,94,31.6
2026-09-16T19:20:00Z,2026-09-16T21:20:00+02:00,55,ajuntament-mercat,237,170,67,28.3
2026-09-16T19:21:00Z,2026-09-16T21:21:00+02:00,53,dr-robert,407,280,127,31.2
2026-09-16T19:21:00Z,2026-09-16T21:21:00+02:00,54,placa-vella,297,203,94,31.6
2026-09-16T19:21:00Z,2026-09-16T21:21:00+02:00,55,ajuntament-mercat,237,170,67,28.3
2026-09-16T19:22:00Z,2026-09-16T21:22:00+02:00,53,dr-robert,407,280,127,31.2
2026-09-16T19:22:00Z,2026-09-16T21:22:00+02:00,54,placa-vella,297,203,94,31.6
2026-09-16T19:22:00Z,2026-09-16T21:22:00+02:00,55,ajuntament-mercat,237,170,67,28.3
2026-09-16T19:23:00Z,2026-09-16T21:23:00+02:00,53,dr-robert,407,280,127,31.2
2026-09-16T19:23:00Z,2026-09-16T21:23:00+02:00,54,placa-vella,297,203,94,31.6
2026-09-16T19:23:00Z,2026-09-16T21:23:00+02:00,55,ajuntament-mercat,237,170,67,28.3
2026-09-16T19:24:00Z,2026-09-16T21:24:00+02:00,53,dr-robert,407,280,127,31.2
2026-09-16T19:24:00Z,2026-09-16T21:24:00+02:00,54,placa-vella,297,203,94,31.6
2026-09-16T19:24:00Z,2026-09-16T21:24:00+02:00,55,ajuntament-mercat,237,170,67,28.3
2026-09-16T19:25:00Z,2026-09-16T21:25:00+02:00,53,dr-robert,407,281,126,31
2026-09-16T19:25:00Z,2026-09-16T21:25:00+02:00,54,placa-vella,297,204,93,31.3
2026-09-16T19:25:00Z,2026-09-16T21:25:00+02:00,55,ajuntament-mercat,237,170,67,28.3
2026-09-16T19:26:00Z,2026-09-16T21:26:00+02:00,53,dr-robert,407,281,126,31
2026-09-16T19:26:00Z,2026-09-16T21:26:00+02:00,54,placa-vella,297,204,93,31.3
2026-09-16T19:26:00Z,2026-09-16T21:26:00+02:00,55,ajuntament-mercat,237,170,67,28.3
2026-09-16T19:27:00Z,2026-09-16T21:27:00+02:00,53,dr-robert,407,281,126,31
2026-09-16T19:27:00Z,2026-09-16T21:27:00+02:00,54,placa-vella,297,204,93,31.3
2026-09-16T19:27:00Z,2026-09-16T21:27:00+02:00,55,ajuntament-mercat,237,170,67,28.3
2026-09-16T19:28:00Z,2026-09-16T21:28:00+02:00,53,dr-robert,407,281,126,31
2026-09-16T19:28:00Z,2026-09-16T21:28:00+02:00,54,placa-vella,297,204,93,31.3
2026-09-16T19:28:00Z,2026-09-16T21:28:00+02:00,55,ajuntament-mercat,237,170,67,28.3
2026-09-16T19:29:00Z,2026-09-16T21:29:00+02:00,53,dr-robert,407,281,126,31
2026-09-16T19:29:00Z,2026-09-16T21:29:00+02:00,54,placa-vella,297,204,93,31.3
2026-09-16T19:29:00Z,2026-09-16T21:29:00+02:00,55,ajuntament-mercat,237,170,67,28.3
2026-09-16T19:30:00Z,2026-09-16T21:30:00+02:00,53,dr-robert,407,283,124,30.5
2026-09-16T19:30:00Z,2026-09-16T21:30:00+02:00,54,placa-vella,297,205,92,31
2026-09-16T19:30:00Z,2026-09-16T21:30:00+02:00,55,ajuntament-mercat,237,172,65,27.4
2026-09-16T19:31:00Z,2026-09-16T21:31:00+02:00,53,dr-robert,407,283,124,30.5
2026-09-16T19:31:00Z,2026-09-16T21:31:00+02:00,54,placa-vella,297,205,92,31
2026-09-16T19:31:00Z,2026-09-16T21:31:00+02:00,55,ajuntament-mercat,237,172,65,27.4
2026-09-16T19:32:00Z,2026-09-16T21:32:00+02:00,53,dr-robert,407,283,124,30.5
2026-09-16T19:32:00Z,2026-09-16T21:32:00+02:00,54,placa-vella,297,205,92,31
2026-09-16T19:32:00Z,2026-09-16T21:32:00+02:00,55,ajuntament-mercat,237,172,65,27.4
2026-09-16T19:33:00Z,2026-09-16T21:33:00+02:00,53,dr-robert,407,283,124,30.5
2026-09-16T19:33:00Z,2026-09-16T21:33:00+02:00,54,placa-vella,297,205,92,31
2026-09-16T19:33:00Z,2026-09-16T21:33:00+02:00,55,ajuntament-mercat,237,172,65,27.4
2026-09-16T19:34:00Z,2026-09-16T21:34:00+02:00,53,dr-robert,407,283,124,30.5
2026-09-16T19:34:00Z,2026-09-16T21:34:00+02:00,54,placa-vella,297,205,92,31
2026-09-16T19:34:00Z,2026-09-16T21:34:00+02:00,55,ajuntament-mercat,237,172,65,27.4
2026-09-16T19:35:00Z,2026-09-16T21:35:00+02:00,53,dr-robert,407,287,120,29.5
2026-09-16T19:35:00Z,2026-09-16T21:35:00+02:00,54,placa-vella,297,204,93,31.3
2026-09-16T19:35:00Z,2026-09-16T21:35:00+02:00,55,ajuntament-mercat,237,172,65,27.4
2026-09-16T19:36:00Z,2026-09-16T21:36:00+02:00,53,dr-robert,407,287,120,29.5
2026-09-16T19:36:00Z,2026-09-16T21:36:00+02:00,54,placa-vella,297,204,93,31.3
2026-09-16T19:36:00Z,2026-09-16T21:36:00+02:00,55,ajuntament-mercat,237,172,65,27.4
2026-09-16T19:37:00Z,2026-09-16T21:37:00+02:00,53,dr-robert,407,287,120,29.5
2026-09-16T19:37:00Z,2026-09-16T21:37:00+02:00,54,placa-vella,297,204,93,31.3
2026-09-16T19:37:00Z,2026-09-16T21:37:00+02:00,55,ajuntament-mercat,237,172,65,27.4
2026-09-16T19:38:00Z,2026-09-16T21:38:00+02:00,53,dr-robert,407,287,120,29.5
2026-09-16T19:38:00Z,2026-09-16T21:38:00+02:00,54,placa-vella,297,204,93,31.3
2026-09-16T19:38:00Z,2026-09-16T21:38:00+02:00,55,ajuntament-mercat,237,172,65,27.4
2026-09-16T19:39:00Z,2026-09-16T21:39:00+02:00,53,dr-robert,407,287,120,29.5
2026-09-16T19:39:00Z,2026-09-16T21:39:00+02:00,54,placa-vella,297,204,93,31.3
2026-09-16T19:39:00Z,2026-09-16T21:39:00+02:00,55,ajuntament-mercat,237,172,65,27.4
2026-09-16T19:40:00Z,2026-09-16T21:40:00+02:00,53,dr-robert,407,293,114,28
2026-09-16T19:40:00Z,2026-09-16T21:40:00+02:00,54,placa-vella,297,203,94,31.6
2026-09-16T19:40:00Z,2026-09-16T21:40:00+02:00,55,ajuntament-mercat,237,174,63,26.6
2026-09-16T19:41:00Z,2026-09-16T21:41:00+02:00,53,dr-robert,407,293,114,28
2026-09-16T19:41:00Z,2026-09-16T21:41:00+02:00,54,placa-vella,297,203,94,31.6
2026-09-16T19:41:00Z,2026-09-16T21:41:00+02:00,55,ajuntament-mercat,237,174,63,26.6
2026-09-16T19:42:00Z,2026-09-16T21:42:00+02:00,53,dr-robert,407,293,114,28
2026-09-16T19:42:00Z,2026-09-16T21:42:00+02:00,54,placa-vella,297,203,94,31.6
2026-09-16T19:42:00Z,2026-09-16T21:42:00+02:00,55,ajuntament-mercat,237,174,63,26.6
2026-09-16T19:43:00Z,2026-09-16T21:43:00+02:00,53,dr-robert,407,293,114,28
2026-09-16T19:43:00Z,2026-09-16T21:43:00+02:00,54,placa-vella,297,203,94,31.6
2026-09-16T19:43:00Z,2026-09-16T21:43:00+02:00,55,ajuntament-mercat,237,174,63,26.6
2026-09-16T19:44:00Z,2026-09-16T21:44:00+02:00,53,dr-robert,407,293,114,28
2026-09-16T19:44:00Z,2026-09-16T21:44:00+02:00,54,placa-vella,297,203,94,31.6
2026-09-16T19:44:00Z,2026-09-16T21:44:00+02:00,55,ajuntament-mercat,237,174,63,26.6
2026-09-16T19:45:00Z,2026-09-16T21:45:00+02:00,53,dr-robert,407,295,112,27.5
2026-09-16T19:45:00Z,2026-09-16T21:45:00+02:00,54,placa-vella,297,205,92,31
2026-09-16T19:45:00Z,2026-09-16T21:45:00+02:00,55,ajuntament-mercat,237,175,62,26.2
2026-09-16T19:46:00Z,2026-09-16T21:46:00+02:00,53,dr-robert,407,295,112,27.5
2026-09-16T19:46:00Z,2026-09-16T21:46:00+02:00,54,placa-vella,297,205,92,31
2026-09-16T19:46:00Z,2026-09-16T21:46:00+02:00,55,ajuntament-mercat,237,175,62,26.2
2026-09-16T19:47:00Z,2026-09-16T21:47:00+02:00,53,dr-robert,407,295,112,27.5
2026-09-16T19:47:00Z,2026-09-16T21:47:00+02:00,54,placa-vella,297,205,92,31
2026-09-16T19:47:00Z,2026-09-16T21:47:00+02:00,55,ajuntament-mercat,237,175,62,26.2
2026-09-16T19:48:00Z,2026-09-16T21:48:00+02:00,53,dr-robert,407,295,112,27.5
2026-09-16T19:48:00Z,2026-09-16T21:48:00+02:00,54,placa-vella,297,205,92,31
2026-09-16T19:48:00Z,2026-09-16T21:48:00+02:00,55,ajuntament-mercat,237,175,62,26.2
2026-09-16T19:49:00Z,2026-09-16T21:49:00+02:00,53,dr-robert,407,295,112,27.5
2026-09-16T19:49:00Z,2026-09-16T21:49:00+02:00,54,placa-vella,297,205,92,31
2026-09-16T19:49:00Z,2026-09-16T21:49:00+02:00,55,ajuntament-mercat,237,175,62,26.2
2026-09-16T19:50:00Z,2026-09-16T21:50:00+02:00,53,dr-robert,407,298,109,26.8
2026-09-16T19:50:00Z,2026-09-16T21:50:00+02:00,54,placa-vella,297,205,92,31
2026-09-16T19:50:00Z,2026-09-16T21:50:00+02:00,55,ajuntament-mercat,237,176,61,25.7
2026-09-16T19:51:00Z,2026-09-16T21:51:00+02:00,53,dr-robert,407,298,109,26.8
2026-09-16T19:51:00Z,2026-09-16T21:51:00+02:00,54,placa-vella,297,205,92,31
2026-09-16T19:51:00Z,2026-09-16T21:51:00+02:00,55,ajuntament-mercat,237,176,61,25.7
2026-09-16T19:52:00Z,2026-09-16T21:52:00+02:00,53,dr-robert,407,298,109,26.8
2026-09-16T19:52:00Z,2026-09-16T21:52:00+02:00,54,placa-vella,297,205,92,31
2026-09-16T19:52:00Z,2026-09-16T21:52:00+02:00,55,ajuntament-mercat,237,176,61,25.7
2026-09-16T19:53:00Z,2026-09-16T21:53:00+02:00,53,dr-robert,407,298,109,26.8
2026-09-16T19:53:00Z,2026-09-16T21:53:00+02:00,54,placa-vella,297,205,92,31
2026-09-16T19:53:00Z,2026-09-16T21:53:00+02:00,55,ajuntament-mercat,237,176,61,25.7
2026-09-16T19:54:00Z,2026-09-16T21:54:00+02:00,53,dr-robert,407,298,109,26.8
2026-09-16T19:54:00Z,2026-09-16T21:54:00+02:00,54,placa-vella,297,205,92,31
2026-09-16T19:54:00Z,2026-09-16T21:54:00+02:00,55,ajuntament-mercat,237,176,61,25.7
2026-09-16T19:55:00Z,2026-09-16T21:55:00+02:00,53,dr-robert,407,297,110,27
2026-09-16T19:55:00Z,2026-09-16T21:55:00+02:00,54,placa-vella,297,205,92,31
2026-09-16T19:55:00Z,2026-09-16T21:55:00+02:00,55,ajuntament-mercat,237,177,60,25.3
2026-09-16T19:56:00Z,2026-09-16T21:56:00+02:00,53,dr-robert,407,297,110,27
2026-09-16T19:56:00Z,2026-09-16T21:56:00+02:00,54,placa-vella,297,205,92,31
2026-09-16T19:56:00Z,2026-09-16T21:56:00+02:00,55,ajuntament-mercat,237,177,60,25.3
2026-09-16T19:57:00Z,2026-09-16T21:57:00+02:00,53,dr-robert,407,297,110,27
2026-09-16T19:57:00Z,2026-09-16T21:57:00+02:00,54,placa-vella,297,205,92,31
2026-09-16T19:57:00Z,2026-09-16T21:57:00+02:00,55,ajuntament-mercat,237,177,60,25.3
2026-09-16T19:58:00Z,2026-09-16T21:58:00+02:00,53,dr-robert,407,297,110,27
2026-09-16T19:58:00Z,2026-09-16T21:58:00+02:00,54,placa-vella,297,205,92,31
2026-09-16T19:58:00Z,2026-09-16T21:58:00+02:00,55,ajuntament-mercat,237,177,60,25.3
2026-09-16T19:59:00Z,2026-09-16T21:59:00+02:00,53,dr-robert,407,297,110,27
2026-09-16T19:59:00Z,2026-09-16T21:59:00+02:00,54,placa-vella,297,205,92,31
2026-09-16T19:59:00Z,2026-09-16T21:59:00+02:00,55,ajuntament-mercat,237,177,60,25.3
2026-09-16T20:00:00Z,2026-09-16T22:00:00+02:00,53,dr-robert,407,302,105,25.8
2026-09-16T20:00:00Z,2026-09-16T22:00:00+02:00,54,placa-vella,297,206,91,30.6
2026-09-16T20:00:00Z,2026-09-16T22:00:00+02:00,55,ajuntament-mercat,237,177,60,25.3
2026-09-16T20:01:00Z,2026-09-16T22:01:00+02:00,53,dr-robert,407,302,105,25.8
2026-09-16T20:01:00Z,2026-09-16T22:01:00+02:00,54,placa-vella,297,206,91,30.6
2026-09-16T20:01:00Z,2026-09-16T22:01:00+02:00,55,ajuntament-mercat,237,177,60,25.3
2026-09-16T20:02:00Z,2026-09-16T22:02:00+02:00,53,dr-robert,407,302,105,25.8
2026-09-16T20:02:00Z,2026-09-16T22:02:00+02:00,54,placa-vella,297,206,91,30.6
2026-09-16T20:02:00Z,2026-09-16T22:02:00+02:00,55,ajuntament-mercat,237,177,60,25.3
2026-09-16T20:03:00Z,2026-09-16T22:03:00+02:00,53,dr-robert,407,302,105,25.8
2026-09-16T20:03:00Z,2026-09-16T22:03:00+02:00,54,placa-vella,297,206,91,30.6
2026-09-16T20:03:00Z,2026-09-16T22:03:00+02:00,55,ajuntament-mercat,237,177,60,25.3
2026-09-16T20:04:00Z,2026-09-16T22:04:00+02:00,53,dr-robert,407,302,105,25.8
2026-09-16T20:04:00Z,2026-09-16T22:04:00+02:00,54,placa-vella,297,206,91,30.6
2026-09-16T20:04:00Z,2026-09-16T22:04:00+02:00,55,ajuntament-mercat,237,177,60,25.3
2026-09-16T20:05:00Z,2026-09-16T22:05:00+02:00,53,dr-robert,407,302,105,25.8
2026-09-16T20:05:00Z,2026-09-16T22:05:00+02:00,54,placa-vella,297,206,91,30.6
2026-09-16T20:05:00Z,2026-09-16T22:05:00+02:00,55,ajuntament-mercat,237,177,60,25.3
2026-09-16T20:06:00Z,2026-09-16T22:06:00+02:00,53,dr-robert,407,307,100,24.6
2026-09-16T20:06:00Z,2026-09-16T22:06:00+02:00,54,placa-vella,297,206,91,30.6
2026-09-16T20:06:00Z,2026-09-16T22:06:00+02:00,55,ajuntament-mercat,237,178,59,24.9
2026-09-16T20:07:00Z,2026-09-16T22:07:00+02:00,53,dr-robert,407,307,100,24.6
2026-09-16T20:07:00Z,2026-09-16T22:07:00+02:00,54,placa-vella,297,206,91,30.6
2026-09-16T20:07:00Z,2026-09-16T22:07:00+02:00,55,ajuntament-mercat,237,178,59,24.9
2026-09-16T20:08:00Z,2026-09-16T22:08:00+02:00,53,dr-robert,407,307,100,24.6
2026-09-16T20:08:00Z,2026-09-16T22:08:00+02:00,54,placa-vella,297,206,91,30.6
2026-09-16T20:08:00Z,2026-09-16T22:08:00+02:00,55,ajuntament-mercat,237,178,59,24.9
2026-09-16T20:09:00Z,2026-09-16T22:09:00+02:00,53,dr-robert,407,307,100,24.6
2026-09-16T20:09:00Z,2026-09-16T22:09:00+02:00,54,placa-vella,297,206,91,30.6
2026-09-16T20:09:00Z,2026-09-16T22:09:00+02:00,55,ajuntament-mercat,237,178,59,24.9
2026-09-16T20:10:00Z,2026-09-16T22:10:00+02:00,53,dr-robert,407,310,97,23.8
2026-09-16T20:10:00Z,2026-09-16T22:10:00+02:00,54,placa-vella,297,207,90,30.3
2026-09-16T20:10:00Z,2026-09-16T22:10:00+02:00,55,ajuntament-mercat,237,178,59,24.9
2026-09-16T20:11:00Z,2026-09-16T22:11:00+02:00,53,dr-robert,407,310,97,23.8
2026-09-16T20:11:00Z,2026-09-16T22:11:00+02:00,54,placa-vella,297,207,90,30.3
2026-09-16T20:11:00Z,2026-09-16T22:11:00+02:00,55,ajuntament-mercat,237,178,59,24.9
2026-09-16T20:12:00Z,2026-09-16T22:12:00+02:00,53,dr-robert,407,310,97,23.8
2026-09-16T20:12:00Z,2026-09-16T22:12:00+02:00,54,placa-vella,297,207,90,30.3
2026-09-16T20:12:00Z,2026-09-16T22:12:00+02:00,55,ajuntament-mercat,237,178,59,24.9
2026-09-16T20:13:00Z,2026-09-16T22:13:00+02:00,53,dr-robert,407,310,97,23.8
2026-09-16T20:13:00Z,2026-09-16T22:13:00+02:00,54,placa-vella,297,207,90,30.3
2026-09-16T20:13:00Z,2026-09-16T22:13:00+02:00,55,ajuntament-mercat,237,178,59,24.9
2026-09-16T20:14:00Z,2026-09-16T22:14:00+02:00,53,dr-robert,407,310,97,23.8
2026-09-16T20:14:00Z,2026-09-16T22:14:00+02:00,54,placa-vella,297,207,90,30.3
2026-09-16T20:14:00Z,2026-09-16T22:14:00+02:00,55,ajuntament-mercat,237,178,59,24.9
2026-09-16T20:15:00Z,2026-09-16T22:15:00+02:00,53,dr-robert,407,310,97,23.8
2026-09-16T20:15:00Z,2026-09-16T22:15:00+02:00,54,placa-vella,297,208,89,30
2026-09-16T20:15:00Z,2026-09-16T22:15:00+02:00,55,ajuntament-mercat,237,178,59,24.9
2026-09-16T20:16:00Z,2026-09-16T22:16:00+02:00,53,dr-robert,407,310,97,23.8
2026-09-16T20:16:00Z,2026-09-16T22:16:00+02:00,54,placa-vella,297,208,89,30
2026-09-16T20:16:00Z,2026-09-16T22:16:00+02:00,55,ajuntament-mercat,237,178,59,24.9
2026-09-16T20:17:00Z,2026-09-16T22:17:00+02:00,53,dr-robert,407,310,97,23.8
2026-09-16T20:17:00Z,2026-09-16T22:17:00+02:00,54,placa-vella,297,208,89,30
2026-09-16T20:17:00Z,2026-09-16T22:17:00+02:00,55,ajuntament-mercat,237,178,59,24.9
2026-09-16T20:18:00Z,2026-09-16T22:18:00+02:00,53,dr-robert,407,310,97,23.8
2026-09-16T20:18:00Z,2026-09-16T22:18:00+02:00,54,placa-vella,297,208,89,30
2026-09-16T20:18:00Z,2026-09-16T22:18:00+02:00,55,ajuntament-mercat,237,178,59,24.9
2026-09-16T20:19:00Z,2026-09-16T22:19:00+02:00,53,dr-robert,407,310,97,23.8
2026-09-16T20:19:00Z,2026-09-16T22:19:00+02:00,54,placa-vella,297,208,89,30
2026-09-16T20:19:00Z,2026-09-16T22:19:00+02:00,55,ajuntament-mercat,237,178,59,24.9
2026-09-16T20:20:00Z,2026-09-16T22:20:00+02:00,53,dr-robert,407,310,97,23.8
2026-09-16T20:20:00Z,2026-09-16T22:20:00+02:00,54,placa-vella,297,208,89,30
2026-09-16T20:20:00Z,2026-09-16T22:20:00+02:00,55,ajuntament-mercat,237,178,59,24.9
2026-09-16T20:25:00Z,2026-09-16T22:25:00+02:00,53,dr-robert,407,310,97,23.8
2026-09-16T20:25:00Z,2026-09-16T22:25:00+02:00,54,placa-vella,297,208,89,30
2026-09-16T20:25:00Z,2026-09-16T22:25:00+02:00,55,ajuntament-mercat,237,179,58,24.5
2026-09-16T20:26:00Z,2026-09-16T22:26:00+02:00,53,dr-robert,407,310,97,23.8
2026-09-16T20:26:00Z,2026-09-16T22:26:00+02:00,54,placa-vella,297,208,89,30
2026-09-16T20:26:00Z,2026-09-16T22:26:00+02:00,55,ajuntament-mercat,237,179,58,24.5
2026-09-16T20:27:00Z,2026-09-16T22:27:00+02:00,53,dr-robert,407,310,97,23.8
2026-09-16T20:27:00Z,2026-09-16T22:27:00+02:00,54,placa-vella,297,208,89,30
2026-09-16T20:27:00Z,2026-09-16T22:27:00+02:00,55,ajuntament-mercat,237,179,58,24.5
2026-09-16T20:28:00Z,2026-09-16T22:28:00+02:00,53,dr-robert,407,310,97,23.8
2026-09-16T20:28:00Z,2026-09-16T22:28:00+02:00,54,placa-vella,297,208,89,30
2026-09-16T20:28:00Z,2026-09-16T22:28:00+02:00,55,ajuntament-mercat,237,179,58,24.5
2026-09-16T20:29:00Z,2026-09-16T22:29:00+02:00,53,dr-robert,407,310,97,23.8
2026-09-16T20:29:00Z,2026-09-16T22:29:00+02:00,54,placa-vella,297,208,89,30
2026-09-16T20:29:00Z,2026-09-16T22:29:00+02:00,55,ajuntament-mercat,237,179,58,24.5
2026-09-16T20:30:00Z,2026-09-16T22:30:00+02:00,53,dr-robert,407,310,97,23.8
2026-09-16T20:30:00Z,2026-09-16T22:30:00+02:00,54,placa-vella,297,208,89,30
2026-09-16T20:30:00Z,2026-09-16T22:30:00+02:00,55,ajuntament-mercat,237,179,58,24.5
2026-09-16T20:31:00Z,2026-09-16T22:31:00+02:00,53,dr-robert,407,310,97,23.8
2026-09-16T20:31:00Z,2026-09-16T22:31:00+02:00,54,placa-vella,297,208,89,30
2026-09-16T20:31:00Z,2026-09-16T22:31:00+02:00,55,ajuntament-mercat,237,179,58,24.5
2026-09-16T20:32:00Z,2026-09-16T22:32:00+02:00,53,dr-robert,407,310,97,23.8
2026-09-16T20:32:00Z,2026-09-16T22:32:00+02:00,54,placa-vella,297,208,89,30
2026-09-16T20:32:00Z,2026-09-16T22:32:00+02:00,55,ajuntament-mercat,237,179,58,24.5
2026-09-16T20:33:00Z,2026-09-16T22:33:00+02:00,53,dr-robert,407,310,97,23.8
2026-09-16T20:33:00Z,2026-09-16T22:33:00+02:00,54,placa-vella,297,208,89,30
2026-09-16T20:33:00Z,2026-09-16T22:33:00+02:00,55,ajuntament-mercat,237,179,58,24.5
2026-09-16T20:34:00Z,2026-09-16T22:34:00+02:00,53,dr-robert,407,310,97,23.8
2026-09-16T20:34:00Z,2026-09-16T22:34:00+02:00,54,placa-vella,297,208,89,30
2026-09-16T20:34:00Z,2026-09-16T22:34:00+02:00,55,ajuntament-mercat,237,179,58,24.5
2026-09-16T20:35:00Z,2026-09-16T22:35:00+02:00,53,dr-robert,407,312,95,23.3
2026-09-16T20:35:00Z,2026-09-16T22:35:00+02:00,54,placa-vella,297,211,86,29
2026-09-16T20:35:00Z,2026-09-16T22:35:00+02:00,55,ajuntament-mercat,237,179,58,24.5
2026-09-16T20:36:00Z,2026-09-16T22:36:00+02:00,53,dr-robert,407,312,95,23.3
2026-09-16T20:36:00Z,2026-09-16T22:36:00+02:00,54,placa-vella,297,211,86,29
2026-09-16T20:36:00Z,2026-09-16T22:36:00+02:00,55,ajuntament-mercat,237,179,58,24.5
2026-09-16T20:37:00Z,2026-09-16T22:37:00+02:00,53,dr-robert,407,312,95,23.3
2026-09-16T20:37:00Z,2026-09-16T22:37:00+02:00,54,placa-vella,297,211,86,29
2026-09-16T20:37:00Z,2026-09-16T22:37:00+02:00,55,ajuntament-mercat,237,179,58,24.5
2026-09-16T20:38:00Z,2026-09-16T22:38:00+02:00,53,dr-robert,407,312,95,23.3
2026-09-16T20:38:00Z,2026-09-16T22:38:00+02:00,54,placa-vella,297,211,86,29
2026-09-16T20:38:00Z,2026-09-16T22:38:00+02:00,55,ajuntament-mercat,237,179,58,24.5
2026-09-16T20:39:00Z,2026-09-16T22:39:00+02:00,53,dr-robert,407,312,95,23.3
2026-09-16T20:39:00Z,2026-09-16T22:39:00+02:00,54,placa-vella,297,211,86,29
2026-09-16T20:39:00Z,2026-09-16T22:39:00+02:00,55,ajuntament-mercat,237,179,58,24.5
2026-09-16T20:40:00Z,2026-09-16T22:40:00+02:00,53,dr-robert,407,312,95,23.3
2026-09-16T20:40:00Z,2026-09-16T22:40:00+02:00,54,placa-vella,297,213,84,28.3
2026-09-16T20:40:00Z,2026-09-16T22:40:00+02:00,55,ajuntament-mercat,237,180,57,24.1
2026-09-16T20:41:00Z,2026-09-16T22:41:00+02:00,53,dr-robert,407,312,95,23.3
2026-09-16T20:41:00Z,2026-09-16T22:41:00+02:00,54,placa-vella,297,213,84,28.3
2026-09-16T20:41:00Z,2026-09-16T22:41:00+02:00,55,ajuntament-mercat,237,180,57,24.1
2026-09-16T20:42:00Z,2026-09-16T22:42:00+02:00,53,dr-robert,407,312,95,23.3
2026-09-16T20:42:00Z,2026-09-16T22:42:00+02:00,54,placa-vella,297,213,84,28.3
2026-09-16T20:42:00Z,2026-09-16T22:42:00+02:00,55,ajuntament-mercat,237,180,57,24.1
2026-09-16T20:43:00Z,2026-09-16T22:43:00+02:00,53,dr-robert,407,312,95,23.3
2026-09-16T20:43:00Z,2026-09-16T22:43:00+02:00,54,placa-vella,297,213,84,28.3
2026-09-16T20:43:00Z,2026-09-16T22:43:00+02:00,55,ajuntament-mercat,237,180,57,24.1
2026-09-16T20:44:00Z,2026-09-16T22:44:00+02:00,53,dr-robert,407,312,95,23.3
2026-09-16T20:44:00Z,2026-09-16T22:44:00+02:00,54,placa-vella,297,213,84,28.3
2026-09-16T20:44:00Z,2026-09-16T22:44:00+02:00,55,ajuntament-mercat,237,180,57,24.1
2026-09-16T20:45:00Z,2026-09-16T22:45:00+02:00,53,dr-robert,407,312,95,23.3
2026-09-16T20:45:00Z,2026-09-16T22:45:00+02:00,54,placa-vella,297,213,84,28.3
2026-09-16T20:45:00Z,2026-09-16T22:45:00+02:00,55,ajuntament-mercat,237,179,58,24.5
2026-09-16T20:46:00Z,2026-09-16T22:46:00+02:00,53,dr-robert,407,312,95,23.3
2026-09-16T20:46:00Z,2026-09-16T22:46:00+02:00,54,placa-vella,297,213,84,28.3
2026-09-16T20:46:00Z,2026-09-16T22:46:00+02:00,55,ajuntament-mercat,237,179,58,24.5
2026-09-16T20:47:00Z,2026-09-16T22:47:00+02:00,53,dr-robert,407,312,95,23.3
2026-09-16T20:47:00Z,2026-09-16T22:47:00+02:00,54,placa-vella,297,213,84,28.3
2026-09-16T20:47:00Z,2026-09-16T22:47:00+02:00,55,ajuntament-mercat,237,179,58,24.5
2026-09-16T20:48:00Z,2026-09-16T22:48:00+02:00,53,dr-robert,407,312,95,23.3
2026-09-16T20:48:00Z,2026-09-16T22:48:00+02:00,54,placa-vella,297,213,84,28.3
2026-09-16T20:48:00Z,2026-09-16T22:48:00+02:00,55,ajuntament-mercat,237,179,58,24.5
2026-09-16T20:49:00Z,2026-09-16T22:49:00+02:00,53,dr-robert,407,312,95,23.3
2026-09-16T20:49:00Z,2026-09-16T22:49:00+02:00,54,placa-vella,297,213,84,28.3
2026-09-16T20:49:00Z,2026-09-16T22:49:00+02:00,55,ajuntament-mercat,237,179,58,24.5
2026-09-16T20:50:00Z,2026-09-16T22:50:00+02:00,53,dr-robert,407,314,93,22.9
2026-09-16T20:50:00Z,2026-09-16T22:50:00+02:00,54,placa-vella,297,214,83,27.9
2026-09-16T20:50:00Z,2026-09-16T22:50:00+02:00,55,ajuntament-mercat,237,180,57,24.1
2026-09-16T20:51:00Z,2026-09-16T22:51:00+02:00,53,dr-robert,407,314,93,22.9
2026-09-16T20:51:00Z,2026-09-16T22:51:00+02:00,54,placa-vella,297,214,83,27.9
2026-09-16T20:51:00Z,2026-09-16T22:51:00+02:00,55,ajuntament-mercat,237,180,57,24.1
2026-09-16T20:52:00Z,2026-09-16T22:52:00+02:00,53,dr-robert,407,314,93,22.9
2026-09-16T20:52:00Z,2026-09-16T22:52:00+02:00,54,placa-vella,297,214,83,27.9
2026-09-16T20:52:00Z,2026-09-16T22:52:00+02:00,55,ajuntament-mercat,237,180,57,24.1
2026-09-16T20:53:00Z,2026-09-16T22:53:00+02:00,53,dr-robert,407,314,93,22.9
2026-09-16T20:53:00Z,2026-09-16T22:53:00+02:00,54,placa-vella,297,214,83,27.9
2026-09-16T20:53:00Z,2026-09-16T22:53:00+02:00,55,ajuntament-mercat,237,180,57,24.1
2026-09-16T20:54:00Z,2026-09-16T22:54:00+02:00,53,dr-robert,407,314,93,22.9
2026-09-16T20:54:00Z,2026-09-16T22:54:00+02:00,54,placa-vella,297,214,83,27.9
2026-09-16T20:54:00Z,2026-09-16T22:54:00+02:00,55,ajuntament-mercat,237,180,57,24.1
2026-09-16T20:55:00Z,2026-09-16T22:55:00+02:00,53,dr-robert,407,313,94,23.1
2026-09-16T20:55:00Z,2026-09-16T22:55:00+02:00,54,placa-vella,297,214,83,27.9
2026-09-16T20:55:00Z,2026-09-16T22:55:00+02:00,55,ajuntament-mercat,237,180,57,24.1
2026-09-16T20:56:00Z,2026-09-16T22:56:00+02:00,53,dr-robert,407,313,94,23.1
2026-09-16T20:56:00Z,2026-09-16T22:56:00+02:00,54,placa-vella,297,214,83,27.9
2026-09-16T20:56:00Z,2026-09-16T22:56:00+02:00,55,ajuntament-mercat,237,180,57,24.1
2026-09-16T20:57:00Z,2026-09-16T22:57:00+02:00,53,dr-robert,407,313,94,23.1
2026-09-16T20:57:00Z,2026-09-16T22:57:00+02:00,54,placa-vella,297,214,83,27.9
2026-09-16T20:57:00Z,2026-09-16T22:57:00+02:00,55,ajuntament-mercat,237,180,57,24.1
2026-09-16T20:58:00Z,2026-09-16T22:58:00+02:00,53,dr-robert,407,313,94,23.1
2026-09-16T20:58:00Z,2026-09-16T22:58:00+02:00,54,placa-vella,297,214,83,27.9
2026-09-16T20:58:00Z,2026-09-16T22:58:00+02:00,55,ajuntament-mercat,237,180,57,24.1
2026-09-16T20:59:00Z,2026-09-16T22:59:00+02:00,53,dr-robert,407,313,94,23.1
2026-09-16T20:59:00Z,2026-09-16T22:59:00+02:00,54,placa-vella,297,214,83,27.9
2026-09-16T20:59:00Z,2026-09-16T22:59:00+02:00,55,ajuntament-mercat,237,180,57,24.1
2026-09-16T21:00:00Z,2026-09-16T23:00:00+02:00,53,dr-robert,407,313,94,23.1
2026-09-16T21:00:00Z,2026-09-16T23:00:00+02:00,54,placa-vella,297,214,83,27.9
2026-09-16T21:00:00Z,2026-09-16T23:00:00+02:00,55,ajuntament-mercat,237,180,57,24.1
2026-09-16T21:01:00Z,2026-09-16T23:01:00+02:00,53,dr-robert,407,313,94,23.1
2026-09-16T21:01:00Z,2026-09-16T23:01:00+02:00,54,placa-vella,297,214,83,27.9
2026-09-16T21:01:00Z,2026-09-16T23:01:00+02:00,55,ajuntament-mercat,237,180,57,24.1
2026-09-16T21:02:00Z,2026-09-16T23:02:00+02:00,53,dr-robert,407,313,94,23.1
2026-09-16T21:02:00Z,2026-09-16T23:02:00+02:00,54,placa-vella,297,214,83,27.9
2026-09-16T21:02:00Z,2026-09-16T23:02:00+02:00,55,ajuntament-mercat,237,180,57,24.1
2026-09-16T21:03:00Z,2026-09-16T23:03:00+02:00,53,dr-robert,407,313,94,23.1
2026-09-16T21:03:00Z,2026-09-16T23:03:00+02:00,54,placa-vella,297,214,83,27.9
2026-09-16T21:03:00Z,2026-09-16T23:03:00+02:00,55,ajuntament-mercat,237,180,57,24.1
2026-09-16T21:04:00Z,2026-09-16T23:04:00+02:00,53,dr-robert,407,313,94,23.1
2026-09-16T21:04:00Z,2026-09-16T23:04:00+02:00,54,placa-vella,297,214,83,27.9
2026-09-16T21:04:00Z,2026-09-16T23:04:00+02:00,55,ajuntament-mercat,237,180,57,24.1
2026-09-16T21:05:00Z,2026-09-16T23:05:00+02:00,53,dr-robert,407,312,95,23.3
2026-09-16T21:05:00Z,2026-09-16T23:05:00+02:00,54,placa-vella,297,216,81,27.3
2026-09-16T21:05:00Z,2026-09-16T23:05:00+02:00,55,ajuntament-mercat,237,181,56,23.6
2026-09-16T21:06:00Z,2026-09-16T23:06:00+02:00,53,dr-robert,407,312,95,23.3
2026-09-16T21:06:00Z,2026-09-16T23:06:00+02:00,54,placa-vella,297,216,81,27.3
2026-09-16T21:06:00Z,2026-09-16T23:06:00+02:00,55,ajuntament-mercat,237,181,56,23.6
2026-09-16T21:07:00Z,2026-09-16T23:07:00+02:00,53,dr-robert,407,312,95,23.3
2026-09-16T21:07:00Z,2026-09-16T23:07:00+02:00,54,placa-vella,297,216,81,27.3
2026-09-16T21:07:00Z,2026-09-16T23:07:00+02:00,55,ajuntament-mercat,237,181,56,23.6
2026-09-16T21:08:00Z,2026-09-16T23:08:00+02:00,53,dr-robert,407,312,95,23.3
2026-09-16T21:08:00Z,2026-09-16T23:08:00+02:00,54,placa-vella,297,216,81,27.3
2026-09-16T21:08:00Z,2026-09-16T23:08:00+02:00,55,ajuntament-mercat,237,181,56,23.6
2026-09-16T21:09:00Z,2026-09-16T23:09:00+02:00,53,dr-robert,407,312,95,23.3
2026-09-16T21:09:00Z,2026-09-16T23:09:00+02:00,54,placa-vella,297,216,81,27.3
2026-09-16T21:09:00Z,2026-09-16T23:09:00+02:00,55,ajuntament-mercat,237,181,56,23.6
2026-09-16T21:10:00Z,2026-09-16T23:10:00+02:00,53,dr-robert,407,312,95,23.3
2026-09-16T21:10:00Z,2026-09-16T23:10:00+02:00,54,placa-vella,297,216,81,27.3
2026-09-16T21:10:00Z,2026-09-16T23:10:00+02:00,55,ajuntament-mercat,237,181,56,23.6
2026-09-16T21:11:00Z,2026-09-16T23:11:00+02:00,53,dr-robert,407,312,95,23.3
2026-09-16T21:11:00Z,2026-09-16T23:11:00+02:00,54,placa-vella,297,216,81,27.3
2026-09-16T21:11:00Z,2026-09-16T23:11:00+02:00,55,ajuntament-mercat,237,181,56,23.6
2026-09-16T21:12:00Z,2026-09-16T23:12:00+02:00,53,dr-robert,407,312,95,23.3
2026-09-16T21:12:00Z,2026-09-16T23:12:00+02:00,54,placa-vella,297,216,81,27.3
2026-09-16T21:12:00Z,2026-09-16T23:12:00+02:00,55,ajuntament-mercat,237,181,56,23.6
2026-09-16T21:13:00Z,2026-09-16T23:13:00+02:00,53,dr-robert,407,312,95,23.3
2026-09-16T21:13:00Z,2026-09-16T23:13:00+02:00,54,placa-vella,297,216,81,27.3
2026-09-16T21:13:00Z,2026-09-16T23:13:00+02:00,55,ajuntament-mercat,237,181,56,23.6
2026-09-16T21:14:00Z,2026-09-16T23:14:00+02:00,53,dr-robert,407,312,95,23.3
2026-09-16T21:14:00Z,2026-09-16T23:14:00+02:00,54,placa-vella,297,216,81,27.3
2026-09-16T21:14:00Z,2026-09-16T23:14:00+02:00,55,ajuntament-mercat,237,181,56,23.6
2026-09-16T21:15:00Z,2026-09-16T23:15:00+02:00,53,dr-robert,407,314,93,22.9
2026-09-16T21:15:00Z,2026-09-16T23:15:00+02:00,54,placa-vella,297,216,81,27.3
2026-09-16T21:15:00Z,2026-09-16T23:15:00+02:00,55,ajuntament-mercat,237,181,56,23.6
2026-09-16T21:16:00Z,2026-09-16T23:16:00+02:00,53,dr-robert,407,314,93,22.9
2026-09-16T21:16:00Z,2026-09-16T23:16:00+02:00,54,placa-vella,297,216,81,27.3
2026-09-16T21:16:00Z,2026-09-16T23:16:00+02:00,55,ajuntament-mercat,237,181,56,23.6
2026-09-16T21:17:00Z,2026-09-16T23:17:00+02:00,53,dr-robert,407,314,93,22.9
2026-09-16T21:17:00Z,2026-09-16T23:17:00+02:00,54,placa-vella,297,216,81,27.3
2026-09-16T21:17:00Z,2026-09-16T23:17:00+02:00,55,ajuntament-mercat,237,181,56,23.6
2026-09-16T21:18:00Z,2026-09-16T23:18:00+02:00,53,dr-robert,407,314,93,22.9
2026-09-16T21:18:00Z,2026-09-16T23:18:00+02:00,54,placa-vella,297,216,81,27.3
2026-09-16T21:18:00Z,2026-09-16T23:18:00+02:00,55,ajuntament-mercat,237,181,56,23.6
2026-09-16T21:19:00Z,2026-09-16T23:19:00+02:00,53,dr-robert,407,314,93,22.9
2026-09-16T21:19:00Z,2026-09-16T23:19:00+02:00,54,placa-vella,297,216,81,27.3
2026-09-16T21:19:00Z,2026-09-16T23:19:00+02:00,55,ajuntament-mercat,237,181,56,23.6
2026-09-16T21:20:00Z,2026-09-16T23:20:00+02:00,53,dr-robert,407,315,92,22.6
2026-09-16T21:20:00Z,2026-09-16T23:20:00+02:00,54,placa-vella,297,216,81,27.3
2026-09-16T21:20:00Z,2026-09-16T23:20:00+02:00,55,ajuntament-mercat,237,186,51,21.5
2026-09-16T21:21:00Z,2026-09-16T23:21:00+02:00,53,dr-robert,407,315,92,22.6
2026-09-16T21:21:00Z,2026-09-16T23:21:00+02:00,54,placa-vella,297,216,81,27.3
2026-09-16T21:21:00Z,2026-09-16T23:21:00+02:00,55,ajuntament-mercat,237,186,51,21.5
2026-09-16T21:22:00Z,2026-09-16T23:22:00+02:00,53,dr-robert,407,315,92,22.6
2026-09-16T21:22:00Z,2026-09-16T23:22:00+02:00,54,placa-vella,297,216,81,27.3
2026-09-16T21:22:00Z,2026-09-16T23:22:00+02:00,55,ajuntament-mercat,237,186,51,21.5
2026-09-16T21:23:00Z,2026-09-16T23:23:00+02:00,53,dr-robert,407,315,92,22.6
2026-09-16T21:23:00Z,2026-09-16T23:23:00+02:00,54,placa-vella,297,216,81,27.3
2026-09-16T21:23:00Z,2026-09-16T23:23:00+02:00,55,ajuntament-mercat,237,186,51,21.5
2026-09-16T21:24:00Z,2026-09-16T23:24:00+02:00,53,dr-robert,407,315,92,22.6
2026-09-16T21:24:00Z,2026-09-16T23:24:00+02:00,54,placa-vella,297,216,81,27.3
2026-09-16T21:24:00Z,2026-09-16T23:24:00+02:00,55,ajuntament-mercat,237,186,51,21.5
2026-09-16T21:25:00Z,2026-09-16T23:25:00+02:00,53,dr-robert,407,315,92,22.6
2026-09-16T21:25:00Z,2026-09-16T23:25:00+02:00,54,placa-vella,297,217,80,26.9
2026-09-16T21:25:00Z,2026-09-16T23:25:00+02:00,55,ajuntament-mercat,237,186,51,21.5
2026-09-16T21:26:00Z,2026-09-16T23:26:00+02:00,53,dr-robert,407,315,92,22.6
2026-09-16T21:26:00Z,2026-09-16T23:26:00+02:00,54,placa-vella,297,217,80,26.9
2026-09-16T21:26:00Z,2026-09-16T23:26:00+02:00,55,ajuntament-mercat,237,186,51,21.5
2026-09-16T21:27:00Z,2026-09-16T23:27:00+02:00,53,dr-robert,407,315,92,22.6
2026-09-16T21:27:00Z,2026-09-16T23:27:00+02:00,54,placa-vella,297,217,80,26.9
2026-09-16T21:27:00Z,2026-09-16T23:27:00+02:00,55,ajuntament-mercat,237,186,51,21.5
2026-09-16T21:28:00Z,2026-09-16T23:28:00+02:00,53,dr-robert,407,315,92,22.6
2026-09-16T21:28:00Z,2026-09-16T23:28:00+02:00,54,placa-vella,297,217,80,26.9
2026-09-16T21:28:00Z,2026-09-16T23:28:00+02:00,55,ajuntament-mercat,237,186,51,21.5
2026-09-16T21:29:00Z,2026-09-16T23:29:00+02:00,53,dr-robert,407,315,92,22.6
2026-09-16T21:29:00Z,2026-09-16T23:29:00+02:00,54,placa-vella,297,217,80,26.9
2026-09-16T21:29:00Z,2026-09-16T23:29:00+02:00,55,ajuntament-mercat,237,186,51,21.5
2026-09-16T21:30:00Z,2026-09-16T23:30:00+02:00,53,dr-robert,407,315,92,22.6
2026-09-16T21:30:00Z,2026-09-16T23:30:00+02:00,54,placa-vella,297,218,79,26.6
2026-09-16T21:30:00Z,2026-09-16T23:30:00+02:00,55,ajuntament-mercat,237,186,51,21.5
2026-09-16T21:31:00Z,2026-09-16T23:31:00+02:00,53,dr-robert,407,315,92,22.6
2026-09-16T21:31:00Z,2026-09-16T23:31:00+02:00,54,placa-vella,297,218,79,26.6
2026-09-16T21:31:00Z,2026-09-16T23:31:00+02:00,55,ajuntament-mercat,237,186,51,21.5
2026-09-16T21:32:00Z,2026-09-16T23:32:00+02:00,53,dr-robert,407,315,92,22.6
2026-09-16T21:32:00Z,2026-09-16T23:32:00+02:00,54,placa-vella,297,218,79,26.6
2026-09-16T21:32:00Z,2026-09-16T23:32:00+02:00,55,ajuntament-mercat,237,186,51,21.5
2026-09-16T21:33:00Z,2026-09-16T23:33:00+02:00,53,dr-robert,407,315,92,22.6
2026-09-16T21:33:00Z,2026-09-16T23:33:00+02:00,54,placa-vella,297,218,79,26.6
2026-09-16T21:33:00Z,2026-09-16T23:33:00+02:00,55,ajuntament-mercat,237,186,51,21.5
2026-09-16T21:34:00Z,2026-09-16T23:34:00+02:00,53,dr-robert,407,315,92,22.6
2026-09-16T21:34:00Z,2026-09-16T23:34:00+02:00,54,placa-vella,297,218,79,26.6
2026-09-16T21:34:00Z,2026-09-16T23:34:00+02:00,55,ajuntament-mercat,237,186,51,21.5
2026-09-16T21:35:00Z,2026-09-16T23:35:00+02:00,53,dr-robert,407,315,92,22.6
2026-09-16T21:35:00Z,2026-09-16T23:35:00+02:00,54,placa-vella,297,218,79,26.6
2026-09-16T21:35:00Z,2026-09-16T23:35:00+02:00,55,ajuntament-mercat,237,186,51,21.5
2026-09-16T21:36:00Z,2026-09-16T23:36:00+02:00,53,dr-robert,407,315,92,22.6
2026-09-16T21:36:00Z,2026-09-16T23:36:00+02:00,54,placa-vella,297,218,79,26.6
2026-09-16T21:36:00Z,2026-09-16T23:36:00+02:00,55,ajuntament-mercat,237,186,51,21.5
2026-09-16T21:37:00Z,2026-09-16T23:37:00+02:00,53,dr-robert,407,315,92,22.6
2026-09-16T21:37:00Z,2026-09-16T23:37:00+02:00,54,placa-vella,297,218,79,26.6
2026-09-16T21:37:00Z,2026-09-16T23:37:00+02:00,55,ajuntament-mercat,237,186,51,21.5
2026-09-16T21:38:00Z,2026-09-16T23:38:00+02:00,53,dr-robert,407,315,92,22.6
2026-09-16T21:38:00Z,2026-09-16T23:38:00+02:00,54,placa-vella,297,218,79,26.6
2026-09-16T21:38:00Z,2026-09-16T23:38:00+02:00,55,ajuntament-mercat,237,186,51,21.5
2026-09-16T21:39:00Z,2026-09-16T23:39:00+02:00,53,dr-robert,407,315,92,22.6
2026-09-16T21:39:00Z,2026-09-16T23:39:00+02:00,54,placa-vella,297,218,79,26.6
2026-09-16T21:39:00Z,2026-09-16T23:39:00+02:00,55,ajuntament-mercat,237,186,51,21.5
2026-09-16T21:40:00Z,2026-09-16T23:40:00+02:00,53,dr-robert,407,316,91,22.4
2026-09-16T21:40:00Z,2026-09-16T23:40:00+02:00,54,placa-vella,297,218,79,26.6
2026-09-16T21:40:00Z,2026-09-16T23:40:00+02:00,55,ajuntament-mercat,237,185,52,21.9
2026-09-16T21:41:00Z,2026-09-16T23:41:00+02:00,53,dr-robert,407,316,91,22.4
2026-09-16T21:41:00Z,2026-09-16T23:41:00+02:00,54,placa-vella,297,218,79,26.6
2026-09-16T21:41:00Z,2026-09-16T23:41:00+02:00,55,ajuntament-mercat,237,185,52,21.9
2026-09-16T21:42:00Z,2026-09-16T23:42:00+02:00,53,dr-robert,407,316,91,22.4
2026-09-16T21:42:00Z,2026-09-16T23:42:00+02:00,54,placa-vella,297,218,79,26.6
2026-09-16T21:42:00Z,2026-09-16T23:42:00+02:00,55,ajuntament-mercat,237,185,52,21.9
2026-09-16T21:43:00Z,2026-09-16T23:43:00+02:00,53,dr-robert,407,316,91,22.4
2026-09-16T21:43:00Z,2026-09-16T23:43:00+02:00,54,placa-vella,297,218,79,26.6
2026-09-16T21:43:00Z,2026-09-16T23:43:00+02:00,55,ajuntament-mercat,237,185,52,21.9
2026-09-16T21:44:00Z,2026-09-16T23:44:00+02:00,53,dr-robert,407,316,91,22.4
2026-09-16T21:44:00Z,2026-09-16T23:44:00+02:00,54,placa-vella,297,218,79,26.6
2026-09-16T21:44:00Z,2026-09-16T23:44:00+02:00,55,ajuntament-mercat,237,185,52,21.9
2026-09-16T21:45:00Z,2026-09-16T23:45:00+02:00,53,dr-robert,407,320,87,21.4
2026-09-16T21:45:00Z,2026-09-16T23:45:00+02:00,54,placa-vella,297,218,79,26.6
2026-09-16T21:45:00Z,2026-09-16T23:45:00+02:00,55,ajuntament-mercat,237,186,51,21.5
2026-09-16T21:46:00Z,2026-09-16T23:46:00+02:00,53,dr-robert,407,320,87,21.4
2026-09-16T21:46:00Z,2026-09-16T23:46:00+02:00,54,placa-vella,297,218,79,26.6
2026-09-16T21:46:00Z,2026-09-16T23:46:00+02:00,55,ajuntament-mercat,237,186,51,21.5
2026-09-16T21:47:00Z,2026-09-16T23:47:00+02:00,53,dr-robert,407,320,87,21.4
2026-09-16T21:47:00Z,2026-09-16T23:47:00+02:00,54,placa-vella,297,218,79,26.6
2026-09-16T21:47:00Z,2026-09-16T23:47:00+02:00,55,ajuntament-mercat,237,186,51,21.5
2026-09-16T21:48:00Z,2026-09-16T23:48:00+02:00,53,dr-robert,407,320,87,21.4
2026-09-16T21:48:00Z,2026-09-16T23:48:00+02:00,54,placa-vella,297,218,79,26.6
2026-09-16T21:48:00Z,2026-09-16T23:48:00+02:00,55,ajuntament-mercat,237,186,51,21.5
2026-09-16T21:49:00Z,2026-09-16T23:49:00+02:00,53,dr-robert,407,320,87,21.4
2026-09-16T21:49:00Z,2026-09-16T23:49:00+02:00,54,placa-vella,297,218,79,26.6
2026-09-16T21:49:00Z,2026-09-16T23:49:00+02:00,55,ajuntament-mercat,237,186,51,21.5
2026-09-16T21:50:00Z,2026-09-16T23:50:00+02:00,53,dr-robert,407,320,87,21.4
2026-09-16T21:50:00Z,2026-09-16T23:50:00+02:00,54,placa-vella,297,218,79,26.6
2026-09-16T21:50:00Z,2026-09-16T23:50:00+02:00,55,ajuntament-mercat,237,187,50,21.1
2026-09-16T21:51:00Z,2026-09-16T23:51:00+02:00,53,dr-robert,407,320,87,21.4
2026-09-16T21:51:00Z,2026-09-16T23:51:00+02:00,54,placa-vella,297,218,79,26.6
2026-09-16T21:51:00Z,2026-09-16T23:51:00+02:00,55,ajuntament-mercat,237,187,50,21.1
2026-09-16T21:52:00Z,2026-09-16T23:52:00+02:00,53,dr-robert,407,320,87,21.4
2026-09-16T21:52:00Z,2026-09-16T23:52:00+02:00,54,placa-vella,297,218,79,26.6
2026-09-16T21:52:00Z,2026-09-16T23:52:00+02:00,55,ajuntament-mercat,237,187,50,21.1
2026-09-16T21:53:00Z,2026-09-16T23:53:00+02:00,53,dr-robert,407,320,87,21.4
2026-09-16T21:53:00Z,2026-09-16T23:53:00+02:00,54,placa-vella,297,218,79,26.6
2026-09-16T21:53:00Z,2026-09-16T23:53:00+02:00,55,ajuntament-mercat,237,187,50,21.1
2026-09-16T21:54:00Z,2026-09-16T23:54:00+02:00,53,dr-robert,407,320,87,21.4
2026-09-16T21:54:00Z,2026-09-16T23:54:00+02:00,54,placa-vella,297,218,79,26.6
2026-09-16T21:54:00Z,2026-09-16T23:54:00+02:00,55,ajuntament-mercat,237,187,50,21.1
2026-09-16T21:55:00Z,2026-09-16T23:55:00+02:00,53,dr-robert,407,321,86,21.1
2026-09-16T21:55:00Z,2026-09-16T23:55:00+02:00,54,placa-vella,297,218,79,26.6
2026-09-16T21:55:00Z,2026-09-16T23:55:00+02:00,55,ajuntament-mercat,237,187,50,21.1
2026-09-16T21:56:00Z,2026-09-16T23:56:00+02:00,53,dr-robert,407,321,86,21.1
2026-09-16T21:56:00Z,2026-09-16T23:56:00+02:00,54,placa-vella,297,218,79,26.6
2026-09-16T21:56:00Z,2026-09-16T23:56:00+02:00,55,ajuntament-mercat,237,187,50,21.1
2026-09-16T21:57:00Z,2026-09-16T23:57:00+02:00,53,dr-robert,407,321,86,21.1
2026-09-16T21:57:00Z,2026-09-16T23:57:00+02:00,54,placa-vella,297,218,79,26.6
2026-09-16T21:57:00Z,2026-09-16T23:57:00+02:00,55,ajuntament-mercat,237,187,50,21.1
2026-09-16T21:58:00Z,2026-09-16T23:58:00+02:00,53,dr-robert,407,321,86,21.1
2026-09-16T21:58:00Z,2026-09-16T23:58:00+02:00,54,placa-vella,297,218,79,26.6
2026-09-16T21:58:00Z,2026-09-16T23:58:00+02:00,55,ajuntament-mercat,237,187,50,21.1
2026-09-16T21:59:00Z,2026-09-16T23:59:00+02:00,53,dr-robert,407,321,86,21.1
2026-09-16T21:59:00Z,2026-09-16T23:59:00+02:00,54,placa-vella,297,218,79,26.6
2026-09-16T21:59:00Z,2026-09-16T23:59:00+02:00,55,ajuntament-mercat,237,187,50,21.1
