timestamp_utc,timestamp_local,parking_id,parking_slug,capacity,available,occupied,occupancy_pct
2026-09-22T22:00:00Z,2026-09-23T00:00:00+02:00,53,dr-robert,407,314,93,22.9
2026-09-22T22:00:00Z,2026-09-23T00:00:00+02:00,54,placa-vella,297,208,89,30
2026-09-22T22:00:00Z,2026-09-23T00:00:00+02:00,55,ajuntament-mercat,237,188,49,20.7
2026-09-22T22:01:00Z,2026-09-23T00:01:00+02:00,53,dr-robert,407,316,91,22.4
2026-09-22T22:01:00Z,2026-09-23T00:01:00+02:00,54,placa-vella,297,208,89,30
2026-09-22T22:01:00Z,2026-09-23T00:01:00+02:00,55,ajuntament-mercat,237,188,49,20.7
2026-09-22T22:02:00Z,2026-09-23T00:02:00+02:00,53,dr-robert,407,316,91,22.4
2026-09-22T22:02:00Z,2026-09-23T00:02:00+02:00,54,placa-vella,297,208,89,30
2026-09-22T22:02:00Z,2026-09-23T00:02:00+02:00,55,ajuntament-mercat,237,188,49,20.7
2026-09-22T22:03:00Z,2026-09-23T00:03:00+02:00,53,dr-robert,407,316,91,22.4
2026-09-22T22:03:00Z,2026-09-23T00:03:00+02:00,54,placa-vella,297,208,89,30
2026-09-22T22:03:00Z,2026-09-23T00:03:00+02:00,55,ajuntament-mercat,237,188,49,20.7
2026-09-22T22:04:00Z,2026-09-23T00:04:00+02:00,53,dr-robert,407,316,91,22.4
2026-09-22T22:04:00Z,2026-09-23T00:04:00+02:00,54,placa-vella,297,208,89,30
2026-09-22T22:04:00Z,2026-09-23T00:04:00+02:00,55,ajuntament-mercat,237,188,49,20.7
2026-09-22T22:05:00Z,2026-09-23T00:05:00+02:00,53,dr-robert,407,318,89,21.9
2026-09-22T22:05:00Z,2026-09-23T00:05:00+02:00,54,placa-vella,297,208,89,30
2026-09-22T22:05:00Z,2026-09-23T00:05:00+02:00,55,ajuntament-mercat,237,188,49,20.7
2026-09-22T22:06:00Z,2026-09-23T00:06:00+02:00,53,dr-robert,407,318,89,21.9
2026-09-22T22:06:00Z,2026-09-23T00:06:00+02:00,54,placa-vella,297,208,89,30
2026-09-22T22:06:00Z,2026-09-23T00:06:00+02:00,55,ajuntament-mercat,237,188,49,20.7
2026-09-22T22:07:00Z,2026-09-23T00:07:00+02:00,53,dr-robert,407,318,89,21.9
2026-09-22T22:07:00Z,2026-09-23T00:07:00+02:00,54,placa-vella,297,208,89,30
2026-09-22T22:07:00Z,2026-09-23T00:07:00+02:00,55,ajuntament-mercat,237,188,49,20.7
2026-09-22T22:08:00Z,2026-09-23T00:08:00+02:00,53,dr-robert,407,318,89,21.9
2026-09-22T22:08:00Z,2026-09-23T00:08:00+02:00,54,placa-vella,297,208,89,30
2026-09-22T22:08:00Z,2026-09-23T00:08:00+02:00,55,ajuntament-mercat,237,188,49,20.7
2026-09-22T22:09:00Z,2026-09-23T00:09:00+02:00,53,dr-robert,407,318,89,21.9
2026-09-22T22:09:00Z,2026-09-23T00:09:00+02:00,54,placa-vella,297,208,89,30
2026-09-22T22:09:00Z,2026-09-23T00:09:00+02:00,55,ajuntament-mercat,237,188,49,20.7
2026-09-22T22:10:00Z,2026-09-23T00:10:00+02:00,53,dr-robert,407,318,89,21.9
2026-09-22T22:10:00Z,2026-09-23T00:10:00+02:00,54,placa-vella,297,208,89,30
2026-09-22T22:10:00Z,2026-09-23T00:10:00+02:00,55,ajuntament-mercat,237,188,49,20.7
2026-09-22T22:11:00Z,2026-09-23T00:11:00+02:00,53,dr-robert,407,318,89,21.9
2026-09-22T22:11:00Z,2026-09-23T00:11:00+02:00,54,placa-vella,297,208,89,30
2026-09-22T22:11:00Z,2026-09-23T00:11:00+02:00,55,ajuntament-mercat,237,188,49,20.7
2026-09-22T22:12:00Z,2026-09-23T00:12:00+02:00,53,dr-robert,407,318,89,21.9
2026-09-22T22:12:00Z,2026-09-23T00:12:00+02:00,54,placa-vella,297,208,89,30
2026-09-22T22:12:00Z,2026-09-23T00:12:00+02:00,55,ajuntament-mercat,237,188,49,20.7
2026-09-22T22:13:00Z,2026-09-23T00:13:00+02:00,53,dr-robert,407,318,89,21.9
2026-09-22T22:13:00Z,2026-09-23T00:13:00+02:00,54,placa-vella,297,208,89,30
2026-09-22T22:13:00Z,2026-09-23T00:13:00+02:00,55,ajuntament-mercat,237,188,49,20.7
2026-09-22T22:14:00Z,2026-09-23T00:14:00+02:00,53,dr-robert,407,318,89,21.9
2026-09-22T22:14:00Z,2026-09-23T00:14:00+02:00,54,placa-vella,297,208,89,30
2026-09-22T22:14:00Z,2026-09-23T00:14:00+02:00,55,ajuntament-mercat,237,188,49,20.7
2026-09-22T22:15:00Z,2026-09-23T00:15:00+02:00,53,dr-robert,407,321,86,21.1
2026-09-22T22:15:00Z,2026-09-23T00:15:00+02:00,54,placa-vella,297,208,89,30
2026-09-22T22:15:00Z,2026-09-23T00:15:00+02:00,55,ajuntament-mercat,237,188,49,20.7
2026-09-22T22:16:00Z,2026-09-23T00:16:00+02:00,53,dr-robert,407,321,86,21.1
2026-09-22T22:16:00Z,2026-09-23T00:16:00+02:00,54,placa-vella,297,208,89,30
2026-09-22T22:16:00Z,2026-09-23T00:16:00+02:00,55,ajuntament-mercat,237,188,49,20.7
2026-09-22T22:17:00Z,2026-09-23T00:17:00+02:00,53,dr-robert,407,321,86,21.1
2026-09-22T22:17:00Z,2026-09-23T00:17:00+02:00,54,placa-vella,297,208,89,30
2026-09-22T22:17:00Z,2026-09-23T00:17:00+02:00,55,ajuntament-mercat,237,188,49,20.7
2026-09-22T22:18:00Z,2026-09-23T00:18:00+02:00,53,dr-robert,407,321,86,21.1
2026-09-22T22:18:00Z,2026-09-23T00:18:00+02:00,54,placa-vella,297,208,89,30
2026-09-22T22:18:00Z,2026-09-23T00:18:00+02:00,55,ajuntament-mercat,237,188,49,20.7
2026-09-22T22:19:00Z,2026-09-23T00:19:00+02:00,53,dr-robert,407,321,86,21.1
2026-09-22T22:19:00Z,2026-09-23T00:19:00+02:00,54,placa-vella,297,208,89,30
2026-09-22T22:19:00Z,2026-09-23T00:19:00+02:00,55,ajuntament-mercat,237,188,49,20.7
2026-09-22T22:20:00Z,2026-09-23T00:20:00+02:00,53,dr-robert,407,323,84,20.6
2026-09-22T22:20:00Z,2026-09-23T00:20:00+02:00,54,placa-vella,297,208,89,30
2026-09-22T22:20:00Z,2026-09-23T00:20:00+02:00,55,ajuntament-mercat,237,188,49,20.7
2026-09-22T22:21:00Z,2026-09-23T00:21:00+02:00,53,dr-robert,407,323,84,20.6
2026-09-22T22:21:00Z,2026-09-23T00:21:00+02:00,54,placa-vella,297,208,89,30
2026-09-22T22:21:00Z,2026-09-23T00:21:00+02:00,55,ajuntament-mercat,237,188,49,20.7
2026-09-22T22:22:00Z,2026-09-23T00:22:00+02:00,53,dr-robert,407,323,84,20.6
2026-09-22T22:22:00Z,2026-09-23T00:22:00+02:00,54,placa-vella,297,208,89,30
2026-09-22T22:22:00Z,2026-09-23T00:22:00+02:00,55,ajuntament-mercat,237,188,49,20.7
2026-09-22T22:23:00Z,2026-09-23T00:23:00+02:00,53,dr-robert,407,323,84,20.6
2026-09-22T22:23:00Z,2026-09-23T00:23:00+02:00,54,placa-vella,297,208,89,30
2026-09-22T22:23:00Z,2026-09-23T00:23:00+02:00,55,ajuntament-mercat,237,188,49,20.7
2026-09-22T22:24:00Z,2026-09-23T00:24:00+02:00,53,dr-robert,407,323,84,20.6
2026-09-22T22:24:00Z,2026-09-23T00:24:00+02:00,54,placa-vella,297,208,89,30
2026-09-22T22:24:00Z,2026-09-23T00:24:00+02:00,55,ajuntament-mercat,237,188,49,20.7
2026-09-22T22:25:00Z,2026-09-23T00:25:00+02:00,53,dr-robert,407,325,82,20.1
2026-09-22T22:25:00Z,2026-09-23T00:25:00+02:00,54,placa-vella,297,208,89,30
2026-09-22T22:25:00Z,2026-09-23T00:25:00+02:00,55,ajuntament-mercat,237,188,49,20.7
2026-09-22T22:26:00Z,2026-09-23T00:26:00+02:00,53,dr-robert,407,325,82,20.1
2026-09-22T22:26:00Z,2026-09-23T00:26:00+02:00,54,placa-vella,297,208,89,30
2026-09-22T22:26:00Z,2026-09-23T00:26:00+02:00,55,ajuntament-mercat,237,188,49,20.7
2026-09-22T22:27:00Z,2026-09-23T00:27:00+02:00,53,dr-robert,407,325,82,20.1
2026-09-22T22:27:00Z,2026-09-23T00:27:00+02:00,54,placa-vella,297,208,89,30
2026-09-22T22:27:00Z,2026-09-23T00:27:00+02:00,55,ajuntament-mercat,237,188,49,20.7
2026-09-22T22:28:00Z,2026-09-23T00:28:00+02:00,53,dr-robert,407,325,82,20.1
2026-09-22T22:28:00Z,2026-09-23T00:28:00+02:00,54,placa-vella,297,208,89,30
2026-09-22T22:28:00Z,2026-09-23T00:28:00+02:00,55,ajuntament-mercat,237,188,49,20.7
2026-09-22T22:29:00Z,2026-09-23T00:29:00+02:00,53,dr-robert,407,325,82,20.1
2026-09-22T22:29:00Z,2026-09-23T00:29:00+02:00,54,placa-vella,297,208,89,30
2026-09-22T22:29:00Z,2026-09-23T00:29:00+02:00,55,ajuntament-mercat,237,188,49,20.7
2026-09-22T22:30:00Z,2026-09-23T00:30:00+02:00,53,dr-robert,407,325,82,20.1
2026-09-22T22:30:00Z,2026-09-23T00:30:00+02:00,54,placa-vella,297,208,89,30
2026-09-22T22:30:00Z,2026-09-23T00:30:00+02:00,55,ajuntament-mercat,237,188,49,20.7
2026-09-22T22:31:00Z,2026-09-23T00:31:00+02:00,53,dr-robert,407,325,82,20.1
2026-09-22T22:31:00Z,2026-09-23T00:31:00+02:00,54,placa-vella,297,208,89,30
2026-09-22T22:31:00Z,2026-09-23T00:31:00+02:00,55,ajuntament-mercat,237,188,49,20.7
2026-09-22T22:32:00Z,2026-09-23T00:32:00+02:00,53,dr-robert,407,325,82,20.1
2026-09-22T22:32:00Z,2026-09-23T00:32:00+02:00,54,placa-vella,297,208,89,30
2026-09-22T22:32:00Z,2026-09-23T00:32:00+02:00,55,ajuntament-mercat,237,188,49,20.7
2026-09-22T22:33:00Z,2026-09-23T00:33:00+02:00,53,dr-robert,407,325,82,20.1
2026-09-22T22:33:00Z,2026-09-23T00:33:00+02:00,54,placa-vella,297,208,89,30
2026-09-22T22:33:00Z,2026-09-23T00:33:00+02:00,55,ajuntament-mercat,237,188,49,20.7
2026-09-22T22:34:00Z,2026-09-23T00:34:00+02:00,53,dr-robert,407,325,82,20.1
2026-09-22T22:34:00Z,2026-09-23T00:34:00+02:00,54,placa-vella,297,208,89,30
2026-09-22T22:34:00Z,2026-09-23T00:34:00+02:00,55,ajuntament-mercat,237,188,49,20.7
2026-09-22T22:35:00Z,2026-09-23T00:35:00+02:00,53,dr-robert,407,326,81,19.9
2026-09-22T22:35:00Z,2026-09-23T00:35:00+02:00,54,placa-vella,297,208,89,30
2026-09-22T22:35:00Z,2026-09-23T00:35:00+02:00,55,ajuntament-mercat,237,188,49,20.7
2026-09-22T22:36:00Z,2026-09-23T00:36:00+02:00,53,dr-robert,407,326,81,19.9
2026-09-22T22:36:00Z,2026-09-23T00:36:00+02:00,54,placa-vella,297,208,89,30
2026-09-22T22:36:00Z,2026-09-23T00:36:00+02:00,55,ajuntament-mercat,237,188,49,20.7
2026-09-22T22:37:00Z,2026-09-23T00:37:00+02:00,53,dr-robert,407,326,81,19.9
2026-09-22T22:37:00Z,2026-09-23T00:37:00+02:00,54,placa-vella,297,208,89,30
2026-09-22T22:37:00Z,2026-09-23T00:37:00+02:00,55,ajuntament-mercat,237,188,49,20.7
2026-09-22T22:38:00Z,2026-09-23T00:38:00+02:00,53,dr-robert,407,326,81,19.9
2026-09-22T22:38:00Z,2026-09-23T00:38:00+02:00,54,placa-vella,297,208,89,30
2026-09-22T22:38:00Z,2026-09-23T00:38:00+02:00,55,ajuntament-mercat,237,188,49,20.7
2026-09-22T22:39:00Z,2026-09-23T00:39:00+02:00,53,dr-robert,407,326,81,19.9
2026-09-22T22:39:00Z,2026-09-23T00:39:00+02:00,54,placa-vella,297,208,89,30
2026-09-22T22:39:00Z,2026-09-23T00:39:00+02:00,55,ajuntament-mercat,237,188,49,20.7
2026-09-22T22:40:00Z,2026-09-23T00:40:00+02:00,53,dr-robert,407,326,81,19.9
2026-09-22T22:40:00Z,2026-09-23T00:40:00+02:00,54,placa-vella,297,209,88,29.6
2026-09-22T22:40:00Z,2026-09-23T00:40:00+02:00,55,ajuntament-mercat,237,188,49,20.7
2026-09-22T22:41:00Z,2026-09-23T00:41:00+02:00,53,dr-robert,407,326,81,19.9
2026-09-22T22:41:00Z,2026-09-23T00:41:00+02:00,54,placa-vella,297,209,88,29.6
2026-09-22T22:41:00Z,2026-09-23T00:41:00+02:00,55,ajuntament-mercat,237,188,49,20.7
2026-09-22T22:42:00Z,2026-09-23T00:42:00+02:00,53,dr-robert,407,326,81,19.9
2026-09-22T22:42:00Z,2026-09-23T00:42:00+02:00,54,placa-vella,297,209,88,29.6
2026-09-22T22:42:00Z,2026-09-23T00:42:00+02:00,55,ajuntament-mercat,237,188,49,20.7
2026-09-22T22:43:00Z,2026-09-23T00:43:00+02:00,53,dr-robert,407,326,81,19.9
2026-09-22T22:43:00Z,2026-09-23T00:43:00+02:00,54,placa-vella,297,209,88,29.6
2026-09-22T22:43:00Z,2026-09-23T00:43:00+02:00,55,ajuntament-mercat,237,188,49,20.7
2026-09-22T22:44:00Z,2026-09-23T00:44:00+02:00,53,dr-robert,407,326,81,19.9
2026-09-22T22:44:00Z,2026-09-23T00:44:00+02:00,54,placa-vella,297,209,88,29.6
2026-09-22T22:44:00Z,2026-09-23T00:44:00+02:00,55,ajuntament-mercat,237,188,49,20.7
2026-09-22T22:45:00Z,2026-09-23T00:45:00+02:00,53,dr-robert,407,326,81,19.9
2026-09-22T22:45:00Z,2026-09-23T00:45:00+02:00,54,placa-vella,297,209,88,29.6
2026-09-22T22:45:00Z,2026-09-23T00:45:00+02:00,55,ajuntament-mercat,237,188,49,20.7
2026-09-22T22:46:00Z,2026-09-23T00:46:00+02:00,53,dr-robert,407,326,81,19.9
2026-09-22T22:46:00Z,2026-09-23T00:46:00+02:00,54,placa-vella,297,209,88,29.6
2026-09-22T22:46:00Z,2026-09-23T00:46:00+02:00,55,ajuntament-mercat,237,188,49,20.7
2026-09-22T22:47:00Z,2026-09-23T00:47:00+02:00,53,dr-robert,407,326,81,19.9
2026-09-22T22:47:00Z,2026-09-23T00:47:00+02:00,54,placa-vella,297,209,88,29.6
2026-09-22T22:47:00Z,2026-09-23T00:47:00+02:00,55,ajuntament-mercat,237,188,49,20.7
2026-09-22T22:48:00Z,2026-09-23T00:48:00+02:00,53,dr-robert,407,326,81,19.9
2026-09-22T22:48:00Z,2026-09-23T00:48:00+02:00,54,placa-vella,297,209,88,29.6
2026-09-22T22:48:00Z,2026-09-23T00:48:00+02:00,55,ajuntament-mercat,237,188,49,20.7
2026-09-22T22:49:00Z,2026-09-23T00:49:00+02:00,53,dr-robert,407,326,81,19.9
2026-09-22T22:49:00Z,2026-09-23T00:49:00+02:00,54,placa-vella,297,209,88,29.6
2026-09-22T22:49:00Z,2026-09-23T00:49:00+02:00,55,ajuntament-mercat,237,188,49,20.7
2026-09-22T22:50:00Z,2026-09-23T00:50:00+02:00,53,dr-robert,407,329,78,19.2
2026-09-22T22:50:00Z,2026-09-23T00:50:00+02:00,54,placa-vella,297,210,87,29.3
2026-09-22T22:50:00Z,2026-09-23T00:50:00+02:00,55,ajuntament-mercat,237,188,49,20.7
2026-09-22T22:51:00Z,2026-09-23T00:51:00+02:00,53,dr-robert,407,329,78,19.2
2026-09-22T22:51:00Z,2026-09-23T00:51:00+02:00,54,placa-vella,297,210,87,29.3
2026-09-22T22:51:00Z,2026-09-23T00:51:00+02:00,55,ajuntament-mercat,237,188,49,20.7
2026-09-22T22:52:00Z,2026-09-23T00:52:00+02:00,53,dr-robert,407,329,78,19.2
2026-09-22T22:52:00Z,2026-09-23T00:52:00+02:00,54,placa-vella,297,210,87,29.3
2026-09-22T22:52:00Z,2026-09-23T00:52:00+02:00,55,ajuntament-mercat,237,188,49,20.7
2026-09-22T22:53:00Z,2026-09-23T00:53:00+02:00,53,dr-robert,407,329,78,19.2
2026-09-22T22:53:00Z,2026-09-23T00:53:00+02:00,54,placa-vella,297,210,87,29.3
2026-09-22T22:53:00Z,2026-09-23T00:53:00+02:00,55,ajuntament-mercat,237,188,49,20.7
2026-09-22T22:54:00Z,2026-09-23T00:54:00+02:00,53,dr-robert,407,329,78,19.2
2026-09-22T22:54:00Z,2026-09-23T00:54:00+02:00,54,placa-vella,297,210,87,29.3
2026-09-22T22:54:00Z,2026-09-23T00:54:00+02:00,55,ajuntament-mercat,237,188,49,20.7
2026-09-22T22:55:00Z,2026-09-23T00:55:00+02:00,53,dr-robert,407,328,79,19.4
2026-09-22T22:55:00Z,2026-09-23T00:55:00+02:00,54,placa-vella,297,210,87,29.3
2026-09-22T22:55:00Z,2026-09-23T00:55:00+02:00,55,ajuntament-mercat,237,188,49,20.7
2026-09-22T22:56:00Z,2026-09-23T00:56:00+02:00,53,dr-robert,407,328,79,19.4
2026-09-22T22:56:00Z,2026-09-23T00:56:00+02:00,54,placa-vella,297,210,87,29.3
2026-09-22T22:56:00Z,2026-09-23T00:56:00+02:00,55,ajuntament-mercat,237,188,49,20.7
2026-09-22T22:57:00Z,2026-09-23T00:57:00+02:00,53,dr-robert,407,328,79,19.4
2026-09-22T22:57:00Z,2026-09-23T00:57:00+02:00,54,placa-vella,297,210,87,29.3
2026-09-22T22:57:00Z,2026-09-23T00:57:00+02:00,55,ajuntament-mercat,237,188,49,20.7
2026-09-22T22:58:00Z,2026-09-23T00:58:00+02:00,53,dr-robert,407,328,79,19.4
2026-09-22T22:58:00Z,2026-09-23T00:58:00+02:00,54,placa-vella,297,210,87,29.3
2026-09-22T22:58:00Z,2026-09-23T00:58:00+02:00,55,ajuntament-mercat,237,188,49,20.7
2026-09-22T22:59:00Z,2026-09-23T00:59:00+02:00,53,dr-robert,407,328,79,19.4
2026-09-22T22:59:00Z,2026-09-23T00:59:00+02:00,54,placa-vella,297,210,87,29.3
2026-09-22T22:59:00Z,2026-09-23T00:59:00+02:00,55,ajuntament-mercat,237,188,49,20.7
2026-09-22T23:00:00Z,2026-09-23T01:00:00+02:00,53,dr-robert,407,328,79,19.4
2026-09-22T23:00:00Z,2026-09-23T01:00:00+02:00,54,placa-vella,297,210,87,29.3
2026-09-22T23:00:00Z,2026-09-23T01:00:00+02:00,55,ajuntament-mercat,237,188,49,20.7
2026-09-22T23:01:00Z,2026-09-23T01:01:00+02:00,53,dr-robert,407,328,79,19.4
2026-09-22T23:01:00Z,2026-09-23T01:01:00+02:00,54,placa-vella,297,210,87,29.3
2026-09-22T23:01:00Z,2026-09-23T01:01:00+02:00,55,ajuntament-mercat,237,188,49,20.7
2026-09-22T23:02:00Z,2026-09-23T01:02:00+02:00,53,dr-robert,407,328,79,19.4
2026-09-22T23:02:00Z,2026-09-23T01:02:00+02:00,54,placa-vella,297,210,87,29.3
2026-09-22T23:02:00Z,2026-09-23T01:02:00+02:00,55,ajuntament-mercat,237,188,49,20.7
2026-09-22T23:03:00Z,2026-09-23T01:03:00+02:00,53,dr-robert,407,328,79,19.4
2026-09-22T23:03:00Z,2026-09-23T01:03:00+02:00,54,placa-vella,297,210,87,29.3
2026-09-22T23:03:00Z,2026-09-23T01:03:00+02:00,55,ajuntament-mercat,237,188,49,20.7
2026-09-22T23:04:00Z,2026-09-23T01:04:00+02:00,53,dr-robert,407,328,79,19.4
2026-09-22T23:04:00Z,2026-09-23T01:04:00+02:00,54,placa-vella,297,210,87,29.3
2026-09-22T23:04:00Z,2026-09-23T01:04:00+02:00,55,ajuntament-mercat,237,188,49,20.7
2026-09-22T23:05:00Z,2026-09-23T01:05:00+02:00,53,dr-robert,407,328,79,19.4
2026-09-22T23:05:00Z,2026-09-23T01:05:00+02:00,54,placa-vella,297,210,87,29.3
2026-09-22T23:05:00Z,2026-09-23T01:05:00+02:00,55,ajuntament-mercat,237,188,49,20.7
2026-09-22T23:06:00Z,2026-09-23T01:06:00+02:00,53,dr-robert,407,328,79,19.4
2026-09-22T23:06:00Z,2026-09-23T01:06:00+02:00,54,placa-vella,297,210,87,29.3
2026-09-22T23:06:00Z,2026-09-23T01:06:00+02:00,55,ajuntament-mercat,237,188,49,20.7
2026-09-22T23:07:00Z,2026-09-23T01:07:00+02:00,53,dr-robert,407,328,79,19.4
2026-09-22T23:07:00Z,2026-09-23T01:07:00+02:00,54,placa-vella,297,210,87,29.3
2026-09-22T23:07:00Z,2026-09-23T01:07:00+02:00,55,ajuntament-mercat,237,188,49,20.7
2026-09-22T23:08:00Z,2026-09-23T01:08:00+02:00,53,dr-robert,407,328,79,19.4
2026-09-22T23:08:00Z,2026-09-23T01:08:00+02:00,54,placa-vella,297,210,87,29.3
2026-09-22T23:08:00Z,2026-09-23T01:08:00+02:00,55,ajuntament-mercat,237,188,49,20.7
2026-09-22T23:09:00Z,2026-09-23T01:09:00+02:00,53,dr-robert,407,328,79,19.4
2026-09-22T23:09:00Z,2026-09-23T01:09:00+02:00,54,placa-vella,297,210,87,29.3
2026-09-22T23:09:00Z,2026-09-23T01:09:00+02:00,55,ajuntament-mercat,237,188,49,20.7
2026-09-22T23:10:00Z,2026-09-23T01:10:00+02:00,53,dr-robert,407,328,79,19.4
2026-09-22T23:10:00Z,2026-09-23T01:10:00+02:00,54,placa-vella,297,210,87,29.3
2026-09-22T23:10:00Z,2026-09-23T01:10:00+02:00,55,ajuntament-mercat,237,188,49,20.7
2026-09-22T23:11:00Z,2026-09-23T01:11:00+02:00,53,dr-robert,407,328,79,19.4
2026-09-22T23:11:00Z,2026-09-23T01:11:00+02:00,54,placa-vella,297,210,87,29.3
2026-09-22T23:11:00Z,2026-09-23T01:11:00+02:00,55,ajuntament-mercat,237,188,49,20.7
2026-09-22T23:12:00Z,2026-09-23T01:12:00+02:00,53,dr-robert,407,328,79,19.4
2026-09-22T23:12:00Z,2026-09-23T01:12:00+02:00,54,placa-vella,297,210,87,29.3
2026-09-22T23:12:00Z,2026-09-23T01:12:00+02:00,55,ajuntament-mercat,237,188,49,20.7
2026-09-22T23:13:00Z,2026-09-23T01:13:00+02:00,53,dr-robert,407,328,79,19.4
2026-09-22T23:13:00Z,2026-09-23T01:13:00+02:00,54,placa-vella,297,210,87,29.3
2026-09-22T23:13:00Z,2026-09-23T01:13:00+02:00,55,ajuntament-mercat,237,188,49,20.7
2026-09-22T23:14:00Z,2026-09-23T01:14:00+02:00,53,dr-robert,407,328,79,19.4
2026-09-22T23:14:00Z,2026-09-23T01:14:00+02:00,54,placa-vella,297,210,87,29.3
2026-09-22T23:14:00Z,2026-09-23T01:14:00+02:00,55,ajuntament-mercat,237,188,49,20.7
2026-09-22T23:15:00Z,2026-09-23T01:15:00+02:00,53,dr-robert,407,328,79,19.4
2026-09-22T23:15:00Z,2026-09-23T01:15:00+02:00,54,placa-vella,297,210,87,29.3
2026-09-22T23:15:00Z,2026-09-23T01:15:00+02:00,55,ajuntament-mercat,237,188,49,20.7
2026-09-22T23:16:00Z,2026-09-23T01:16:00+02:00,53,dr-robert,407,328,79,19.4
2026-09-22T23:16:00Z,2026-09-23T01:16:00+02:00,54,placa-vella,297,210,87,29.3
2026-09-22T23:16:00Z,2026-09-23T01:16:00+02:00,55,ajuntament-mercat,237,188,49,20.7
2026-09-22T23:17:00Z,2026-09-23T01:17:00+02:00,53,dr-robert,407,328,79,19.4
2026-09-22T23:17:00Z,2026-09-23T01:17:00+02:00,54,placa-vella,297,210,87,29.3
2026-09-22T23:17:00Z,2026-09-23T01:17:00+02:00,55,ajuntament-mercat,237,188,49,20.7
2026-09-22T23:18:00Z,2026-09-23T01:18:00+02:00,53,dr-robert,407,328,79,19.4
2026-09-22T23:18:00Z,2026-09-23T01:18:00+02:00,54,placa-vella,297,210,87,29.3
2026-09-22T23:18:00Z,2026-09-23T01:18:00+02:00,55,ajuntament-mercat,237,188,49,20.7
2026-09-22T23:19:00Z,2026-09-23T01:19:00+02:00,53,dr-robert,407,328,79,19.4
2026-09-22T23:19:00Z,2026-09-23T01:19:00+02:00,54,placa-vella,297,210,87,29.3
2026-09-22T23:19:00Z,2026-09-23T01:19:00+02:00,55,ajuntament-mercat,237,188,49,20.7
2026-09-22T23:20:00Z,2026-09-23T01:20:00+02:00,53,dr-robert,407,329,78,19.2
2026-09-22T23:20:00Z,2026-09-23T01:20:00+02:00,54,placa-vella,297,209,88,29.6
2026-09-22T23:20:00Z,2026-09-23T01:20:00+02:00,55,ajuntament-mercat,237,188,49,20.7
2026-09-22T23:21:00Z,2026-09-23T01:21:00+02:00,53,dr-robert,407,329,78,19.2
2026-09-22T23:21:00Z,2026-09-23T01:21:00+02:00,54,placa-vella,297,209,88,29.6
2026-09-22T23:21:00Z,2026-09-23T01:21:00+02:00,55,ajuntament-mercat,237,188,49,20.7
2026-09-22T23:22:00Z,2026-09-23T01:22:00+02:00,53,dr-robert,407,329,78,19.2
2026-09-22T23:22:00Z,2026-09-23T01:22:00+02:00,54,placa-vella,297,209,88,29.6
2026-09-22T23:22:00Z,2026-09-23T01:22:00+02:00,55,ajuntament-mercat,237,188,49,20.7
2026-09-22T23:23:00Z,2026-09-23T01:23:00+02:00,53,dr-robert,407,329,78,19.2
2026-09-22T23:23:00Z,2026-09-23T01:23:00+02:00,54,placa-vella,297,209,88,29.6
2026-09-22T23:23:00Z,2026-09-23T01:23:00+02:00,55,ajuntament-mercat,237,188,49,20.7
2026-09-22T23:24:00Z,2026-09-23T01:24:00+02:00,53,dr-robert,407,329,78,19.2
2026-09-22T23:24:00Z,2026-09-23T01:24:00+02:00,54,placa-vella,297,209,88,29.6
2026-09-22T23:24:00Z,2026-09-23T01:24:00+02:00,55,ajuntament-mercat,237,188,49,20.7
2026-09-22T23:25:00Z,2026-09-23T01:25:00+02:00,53,dr-robert,407,328,79,19.4
2026-09-22T23:25:00Z,2026-09-23T01:25:00+02:00,54,placa-vella,297,209,88,29.6
2026-09-22T23:25:00Z,2026-09-23T01:25:00+02:00,55,ajuntament-mercat,237,188,49,20.7
2026-09-22T23:26:00Z,2026-09-23T01:26:00+02:00,53,dr-robert,407,328,79,19.4
2026-09-22T23:26:00Z,2026-09-23T01:26:00+02:00,54,placa-vella,297,209,88,29.6
2026-09-22T23:26:00Z,2026-09-23T01:26:00+02:00,55,ajuntament-mercat,237,188,49,20.7
2026-09-22T23:27:00Z,2026-09-23T01:27:00+02:00,53,dr-robert,407,328,79,19.4
2026-09-22T23:27:00Z,2026-09-23T01:27:00+02:00,54,placa-vella,297,209,88,29.6
2026-09-22T23:27:00Z,2026-09-23T01:27:00+02:00,55,ajuntament-mercat,237,188,49,20.7
2026-09-22T23:28:00Z,2026-09-23T01:28:00+02:00,53,dr-robert,407,328,79,19.4
2026-09-22T23:28:00Z,2026-09-23T01:28:00+02:00,54,placa-vella,297,209,88,29.6
2026-09-22T23:28:00Z,2026-09-23T01:28:00+02:00,55,ajuntament-mercat,237,188,49,20.7
2026-09-22T23:29:00Z,2026-09-23T01:29:00+02:00,53,dr-robert,407,328,79,19.4
2026-09-22T23:29:00Z,2026-09-23T01:29:00+02:00,54,placa-vella,297,209,88,29.6
2026-09-22T23:29:00Z,2026-09-23T01:29:00+02:00,55,ajuntament-mercat,237,188,49,20.7
2026-09-22T23:30:00Z,2026-09-23T01:30:00+02:00,53,dr-robert,407,328,79,19.4
2026-09-22T23:30:00Z,2026-09-23T01:30:00+02:00,54,placa-vella,297,210,87,29.3
2026-09-22T23:30:00Z,2026-09-23T01:30:00+02:00,55,ajuntament-mercat,237,188,49,20.7
2026-09-22T23:31:00Z,2026-09-23T01:31:00+02:00,53,dr-robert,407,328,79,19.4
2026-09-22T23:31:00Z,2026-09-23T01:31:00+02:00,54,placa-vella,297,210,87,29.3
2026-09-22T23:31:00Z,2026-09-23T01:31:00+02:00,55,ajuntament-mercat,237,188,49,20.7
2026-09-22T23:32:00Z,2026-09-23T01:32:00+02:00,53,dr-robert,407,328,79,19.4
2026-09-22T23:32:00Z,2026-09-23T01:32:00+02:00,54,placa-vella,297,210,87,29.3
2026-09-22T23:32:00Z,2026-09-23T01:32:00+02:00,55,ajuntament-mercat,237,188,49,20.7
2026-09-22T23:33:00Z,2026-09-23T01:33:00+02:00,53,dr-robert,407,328,79,19.4
2026-09-22T23:33:00Z,2026-09-23T01:33:00+02:00,54,placa-vella,297,210,87,29.3
2026-09-22T23:33:00Z,2026-09-23T01:33:00+02:00,55,ajuntament-mercat,237,188,49,20.7
2026-09-22T23:34:00Z,2026-09-23T01:34:00+02:00,53,dr-robert,407,328,79,19.4
2026-09-22T23:34:00Z,2026-09-23T01:34:00+02:00,54,placa-vella,297,210,87,29.3
2026-09-22T23:34:00Z,2026-09-23T01:34:00+02:00,55,ajuntament-mercat,237,188,49,20.7
2026-09-22T23:35:00Z,2026-09-23T01:35:00+02:00,53,dr-robert,407,328,79,19.4
2026-09-22T23:35:00Z,2026-09-23T01:35:00+02:00,54,placa-vella,297,210,87,29.3
2026-09-22T23:35:00Z,2026-09-23T01:35:00+02:00,55,ajuntament-mercat,237,188,49,20.7
2026-09-22T23:36:00Z,2026-09-23T01:36:00+02:00,53,dr-robert,407,328,79,19.4
2026-09-22T23:36:00Z,2026-09-23T01:36:00+02:00,54,placa-vella,297,210,87,29.3
2026-09-22T23:36:00Z,2026-09-23T01:36:00+02:00,55,ajuntament-mercat,237,188,49,20.7
2026-09-22T23:37:00Z,2026-09-23T01:37:00+02:00,53,dr-robert,407,328,79,19.4
2026-09-22T23:37:00Z,2026-09-23T01:37:00+02:00,54,placa-vella,297,210,87,29.3
2026-09-22T23:37:00Z,2026-09-23T01:37:00+02:00,55,ajuntament-mercat,237,188,49,20.7
2026-09-22T23:38:00Z,2026-09-23T01:38:00+02:00,53,dr-robert,407,328,79,19.4
2026-09-22T23:38:00Z,2026-09-23T01:38:00+02:00,54,placa-vella,297,210,87,29.3
2026-09-22T23:38:00Z,2026-09-23T01:38:00+02:00,55,ajuntament-mercat,237,188,49,20.7
2026-09-22T23:39:00Z,2026-09-23T01:39:00+02:00,53,dr-robert,407,328,79,19.4
2026-09-22T23:39:00Z,2026-09-23T01:39:00+02:00,54,placa-vella,297,210,87,29.3
2026-09-22T23:39:00Z,2026-09-23T01:39:00+02:00,55,ajuntament-mercat,237,188,49,20.7
2026-09-22T23:40:00Z,2026-09-23T01:40:00+02:00,53,dr-robert,407,328,79,19.4
2026-09-22T23:40:00Z,2026-09-23T01:40:00+02:00,54,placa-vella,297,210,87,29.3
2026-09-22T23:40:00Z,2026-09-23T01:40:00+02:00,55,ajuntament-mercat,237,188,49,20.7
2026-09-22T23:41:00Z,2026-09-23T01:41:00+02:00,53,dr-robert,407,328,79,19.4
2026-09-22T23:41:00Z,2026-09-23T01:41:00+02:00,54,placa-vella,297,210,87,29.3
2026-09-22T23:41:00Z,2026-09-23T01:41:00+02:00,55,ajuntament-mercat,237,188,49,20.7
2026-09-22T23:42:00Z,2026-09-23T01:42:00+02:00,53,dr-robert,407,328,79,19.4
2026-09-22T23:42:00Z,2026-09-23T01:42:00+02:00,54,placa-vella,297,210,87,29.3
2026-09-22T23:42:00Z,2026-09-23T01:42:00+02:00,55,ajuntament-mercat,237,188,49,20.7
2026-09-22T23:43:00Z,2026-09-23T01:43:00+02:00,53,dr-robert,407,328,79,19.4
2026-09-22T23:43:00Z,2026-09-23T01:43:00+02:00,54,placa-vella,297,210,87,29.3
2026-09-22T23:43:00Z,2026-09-23T01:43:00+02:00,55,ajuntament-mercat,237,188,49,20.7
2026-09-22T23:44:00Z,2026-09-23T01:44:00+02:00,53,dr-robert,407,328,79,19.4
2026-09-22T23:44:00Z,2026-09-23T01:44:00+02:00,54,placa-vella,297,210,87,29.3
2026-09-22T23:44:00Z,2026-09-23T01:44:00+02:00,55,ajuntament-mercat,237,188,49,20.7
2026-09-22T23:45:00Z,2026-09-23T01:45:00+02:00,53,dr-robert,407,328,79,19.4
2026-09-22T23:45:00Z,2026-09-23T01:45:00+02:00,54,placa-vella,297,210,87,29.3
2026-09-22T23:45:00Z,2026-09-23T01:45:00+02:00,55,ajuntament-mercat,237,188,49,20.7
2026-09-22T23:46:00Z,2026-09-23T01:46:00+02:00,53,dr-robert,407,328,79,19.4
2026-09-22T23:46:00Z,2026-09-23T01:46:00+02:00,54,placa-vella,297,210,87,29.3
2026-09-22T23:46:00Z,2026-09-23T01:46:00+02:00,55,ajuntament-mercat,237,188,49,20.7
2026-09-22T23:47:00Z,2026-09-23T01:47:00+02:00,53,dr-robert,407,328,79,19.4
2026-09-22T23:47:00Z,2026-09-23T01:47:00+02:00,54,placa-vella,297,210,87,29.3
2026-09-22T23:47:00Z,2026-09-23T01:47:00+02:00,55,ajuntament-mercat,237,188,49,20.7
2026-09-22T23:48:00Z,2026-09-23T01:48:00+02:00,53,dr-robert,407,328,79,19.4
2026-09-22T23:48:00Z,2026-09-23T01:48:00+02:00,54,placa-vella,297,210,87,29.3
2026-09-22T23:48:00Z,2026-09-23T01:48:00+02:00,55,ajuntament-mercat,237,188,49,20.7
2026-09-22T23:49:00Z,2026-09-23T01:49:00+02:00,53,dr-robert,407,328,79,19.4
2026-09-22T23:49:00Z,2026-09-23T01:49:00+02:00,54,placa-vella,297,210,87,29.3
2026-09-22T23:49:00Z,2026-09-23T01:49:00+02:00,55,ajuntament-mercat,237,188,49,20.7
2026-09-22T23:50:00Z,2026-09-23T01:50:00+02:00,53,dr-robert,407,328,79,19.4
2026-09-22T23:50:00Z,2026-09-23T01:50:00+02:00,54,placa-vella,297,210,87,29.3
2026-09-22T23:50:00Z,2026-09-23T01:50:00+02:00,55,ajuntament-mercat,237,188,49,20.7
2026-09-22T23:51:00Z,2026-09-23T01:51:00+02:00,53,dr-robert,407,328,79,19.4
2026-09-22T23:51:00Z,2026-09-23T01:51:00+02:00,54,placa-vella,297,210,87,29.3
2026-09-22T23:51:00Z,2026-09-23T01:51:00+02:00,55,ajuntament-mercat,237,188,49,20.7
2026-09-22T23:52:00Z,2026-09-23T01:52:00+02:00,53,dr-robert,407,328,79,19.4
2026-09-22T23:52:00Z,2026-09-23T01:52:00+02:00,54,placa-vella,297,210,87,29.3
2026-09-22T23:52:00Z,2026-09-23T01:52:00+02:00,55,ajuntament-mercat,237,188,49,20.7
2026-09-22T23:53:00Z,2026-09-23T01:53:00+02:00,53,dr-robert,407,328,79,19.4
2026-09-22T23:53:00Z,2026-09-23T01:53:00+02:00,54,placa-vella,297,210,87,29.3
2026-09-22T23:53:00Z,2026-09-23T01:53:00+02:00,55,ajuntament-mercat,237,188,49,20.7
2026-09-22T23:54:00Z,2026-09-23T01:54:00+02:00,53,dr-robert,407,328,79,19.4
2026-09-22T23:54:00Z,2026-09-23T01:54:00+02:00,54,placa-vella,297,210,87,29.3
2026-09-22T23:54:00Z,2026-09-23T01:54:00+02:00,55,ajuntament-mercat,237,188,49,20.7
2026-09-22T23:55:00Z,2026-09-23T01:55:00+02:00,53,dr-robert,407,329,78,19.2
2026-09-22T23:55:00Z,2026-09-23T01:55:00+02:00,54,placa-vella,297,210,87,29.3
2026-09-22T23:55:00Z,2026-09-23T01:55:00+02:00,55,ajuntament-mercat,237,188,49,20.7
2026-09-22T23:56:00Z,2026-09-23T01:56:00+02:00,53,dr-robert,407,329,78,19.2
2026-09-22T23:56:00Z,2026-09-23T01:56:00+02:00,54,placa-vella,297,210,87,29.3
2026-09-22T23:56:00Z,2026-09-23T01:56:00+02:00,55,ajuntament-mercat,237,188,49,20.7
2026-09-22T23:57:00Z,2026-09-23T01:57:00+02:00,53,dr-robert,407,329,78,19.2
2026-09-22T23:57:00Z,2026-09-23T01:57:00+02:00,54,placa-vella,297,210,87,29.3
2026-09-22T23:57:00Z,2026-09-23T01:57:00+02:00,55,ajuntament-mercat,237,188,49,20.7
2026-09-22T23:58:00Z,2026-09-23T01:58:00+02:00,53,dr-robert,407,329,78,19.2
2026-09-22T23:58:00Z,2026-09-23T01:58:00+02:00,54,placa-vella,297,210,87,29.3
2026-09-22T23:58:00Z,2026-09-23T01:58:00+02:00,55,ajuntament-mercat,237,188,49,20.7
2026-09-22T23:59:00Z,2026-09-23T01:59:00+02:00,53,dr-robert,407,329,78,19.2
2026-09-22T23:59:00Z,2026-09-23T01:59:00+02:00,54,placa-vella,297,210,87,29.3
2026-09-22T23:59:00Z,2026-09-23T01:59:00+02:00,55,ajuntament-mercat,237,188,49,20.7
2026-09-23T00:00:00Z,2026-09-23T02:00:00+02:00,53,dr-robert,407,329,78,19.2
2026-09-23T00:00:00Z,2026-09-23T02:00:00+02:00,54,placa-vella,297,210,87,29.3
2026-09-23T00:00:00Z,2026-09-23T02:00:00+02:00,55,ajuntament-mercat,237,188,49,20.7
2026-09-23T00:01:00Z,2026-09-23T02:01:00+02:00,53,dr-robert,407,330,77,18.9
2026-09-23T00:01:00Z,2026-09-23T02:01:00+02:00,54,placa-vella,297,210,87,29.3
2026-09-23T00:01:00Z,2026-09-23T02:01:00+02:00,55,ajuntament-mercat,237,188,49,20.7
2026-09-23T00:02:00Z,2026-09-23T02:02:00+02:00,53,dr-robert,407,330,77,18.9
2026-09-23T00:02:00Z,2026-09-23T02:02:00+02:00,54,placa-vella,297,210,87,29.3
2026-09-23T00:02:00Z,2026-09-23T02:02:00+02:00,55,ajuntament-mercat,237,188,49,20.7
2026-09-23T00:03:00Z,2026-09-23T02:03:00+02:00,53,dr-robert,407,330,77,18.9
2026-09-23T00:03:00Z,2026-09-23T02:03:00+02:00,54,placa-vella,297,210,87,29.3
2026-09-23T00:03:00Z,2026-09-23T02:03:00+02:00,55,ajuntament-mercat,237,188,49,20.7
2026-09-23T00:04:00Z,2026-09-23T02:04:00+02:00,53,dr-robert,407,330,77,18.9
2026-09-23T00:04:00Z,2026-09-23T02:04:00+02:00,54,placa-vella,297,210,87,29.3
2026-09-23T00:04:00Z,2026-09-23T02:04:00+02:00,55,ajuntament-mercat,237,188,49,20.7
2026-09-23T00:05:00Z,2026-09-23T02:05:00+02:00,53,dr-robert,407,330,77,18.9
2026-09-23T00:05:00Z,2026-09-23T02:05:00+02:00,54,placa-vella,297,210,87,29.3
2026-09-23T00:05:00Z,2026-09-23T02:05:00+02:00,55,ajuntament-mercat,237,188,49,20.7
2026-09-23T00:06:00Z,2026-09-23T02:06:00+02:00,53,dr-robert,407,332,75,18.4
2026-09-23T00:06:00Z,2026-09-23T02:06:00+02:00,54,placa-vella,297,210,87,29.3
2026-09-23T00:06:00Z,2026-09-23T02:06:00+02:00,55,ajuntament-mercat,237,188,49,20.7
2026-09-23T00:07:00Z,2026-09-23T02:07:00+02:00,53,dr-robert,407,332,75,18.4
2026-09-23T00:07:00Z,2026-09-23T02:07:00+02:00,54,placa-vella,297,210,87,29.3
2026-09-23T00:07:00Z,2026-09-23T02:07:00+02:00,55,ajuntament-mercat,237,188,49,20.7
2026-09-23T00:08:00Z,2026-09-23T02:08:00+02:00,53,dr-robert,407,332,75,18.4
2026-09-23T00:08:00Z,2026-09-23T02:08:00+02:00,54,placa-vella,297,210,87,29.3
2026-09-23T00:08:00Z,2026-09-23T02:08:00+02:00,55,ajuntament-mercat,237,188,49,20.7
2026-09-23T00:09:00Z,2026-09-23T02:09:00+02:00,53,dr-robert,407,332,75,18.4
2026-09-23T00:09:00Z,2026-09-23T02:09:00+02:00,54,placa-vella,297,210,87,29.3
2026-09-23T00:09:00Z,2026-09-23T02:09:00+02:00,55,ajuntament-mercat,237,188,49,20.7
2026-09-23T00:10:00Z,2026-09-23T02:10:00+02:00,53,dr-robert,407,332,75,18.4
2026-09-23T00:10:00Z,2026-09-23T02:10:00+02:00,54,placa-vella,297,210,87,29.3
2026-09-23T00:10:00Z,2026-09-23T02:10:00+02:00,55,ajuntament-mercat,237,188,49,20.7
2026-09-23T00:11:00Z,2026-09-23T02:11:00+02:00,53,dr-robert,407,332,75,18.4
2026-09-23T00:11:00Z,2026-09-23T02:11:00+02:00,54,placa-vella,297,210,87,29.3
2026-09-23T00:11:00Z,2026-09-23T02:11:00+02:00,55,ajuntament-mercat,237,188,49,20.7
2026-09-23T00:12:00Z,2026-09-23T02:12:00+02:00,53,dr-robert,407,332,75,18.4
2026-09-23T00:12:00Z,2026-09-23T02:12:00+02:00,54,placa-vella,297,210,87,29.3
2026-09-23T00:12:00Z,2026-09-23T02:12:00+02:00,55,ajuntament-mercat,237,188,49,20.7
2026-09-23T00:13:00Z,2026-09-23T02:13:00+02:00,53,dr-robert,407,332,75,18.4
2026-09-23T00:13:00Z,2026-09-23T02:13:00+02:00,54,placa-vella,297,210,87,29.3
2026-09-23T00:13:00Z,2026-09-23T02:13:00+02:00,55,ajuntament-mercat,237,188,49,20.7
2026-09-23T00:14:00Z,2026-09-23T02:14:00+02:00,53,dr-robert,407,332,75,18.4
2026-09-23T00:14:00Z,2026-09-23T02:14:00+02:00,54,placa-vella,297,210,87,29.3
2026-09-23T00:14:00Z,2026-09-23T02:14:00+02:00,55,ajuntament-mercat,237,188,49,20.7
2026-09-23T00:15:00Z,2026-09-23T02:15:00+02:00,53,dr-robert,407,332,75,18.4
2026-09-23T00:15:00Z,2026-09-23T02:15:00+02:00,54,placa-vella,297,210,87,29.3
2026-09-23T00:15:00Z,2026-09-23T02:15:00+02:00,55,ajuntament-mercat,237,188,49,20.7
2026-09-23T00:16:00Z,2026-09-23T02:16:00+02:00,53,dr-robert,407,332,75,18.4
2026-09-23T00:16:00Z,2026-09-23T02:16:00+02:00,54,placa-vella,297,210,87,29.3
2026-09-23T00:16:00Z,2026-09-23T02:16:00+02:00,55,ajuntament-mercat,237,188,49,20.7
2026-09-23T00:17:00Z,2026-09-23T02:17:00+02:00,53,dr-robert,407,332,75,18.4
2026-09-23T00:17:00Z,2026-09-23T02:17:00+02:00,54,placa-vella,297,210,87,29.3
2026-09-23T00:17:00Z,2026-09-23T02:17:00+02:00,55,ajuntament-mercat,237,188,49,20.7
2026-09-23T00:18:00Z,2026-09-23T02:18:00+02:00,53,dr-robert,407,332,75,18.4
2026-09-23T00:18:00Z,2026-09-23T02:18:00+02:00,54,placa-vella,297,210,87,29.3
2026-09-23T00:18:00Z,2026-09-23T02:18:00+02:00,55,ajuntament-mercat,237,188,49,20.7
2026-09-23T00:19:00Z,2026-09-23T02:19:00+02:00,53,dr-robert,407,332,75,18.4
2026-09-23T00:19:00Z,2026-09-23T02:19:00+02:00,54,placa-vella,297,210,87,29.3
2026-09-23T00:19:00Z,2026-09-23T02:19:00+02:00,55,ajuntament-mercat,237,188,49,20.7
2026-09-23T00:20:00Z,2026-09-23T02:20:00+02:00,53,dr-robert,407,331,76,18.7
2026-09-23T00:20:00Z,2026-09-23T02:20:00+02:00,54,placa-vella,297,210,87,29.3
2026-09-23T00:20:00Z,2026-09-23T02:20:00+02:00,55,ajuntament-mercat,237,188,49,20.7
2026-09-23T00:21:00Z,2026-09-23T02:21:00+02:00,53,dr-robert,407,331,76,18.7
2026-09-23T00:21:00Z,2026-09-23T02:21:00+02:00,54,placa-vella,297,210,87,29.3
2026-09-23T00:21:00Z,2026-09-23T02:21:00+02:00,55,ajuntament-mercat,237,188,49,20.7
2026-09-23T00:22:00Z,2026-09-23T02:22:00+02:00,53,dr-robert,407,331,76,18.7
2026-09-23T00:22:00Z,2026-09-23T02:22:00+02:00,54,placa-vella,297,210,87,29.3
2026-09-23T00:22:00Z,2026-09-23T02:22:00+02:00,55,ajuntament-mercat,237,188,49,20.7
2026-09-23T00:23:00Z,2026-09-23T02:23:00+02:00,53,dr-robert,407,331,76,18.7
2026-09-23T00:23:00Z,2026-09-23T02:23:00+02:00,54,placa-vella,297,210,87,29.3
2026-09-23T00:23:00Z,2026-09-23T02:23:00+02:00,55,ajuntament-mercat,237,188,49,20.7
2026-09-23T00:24:00Z,2026-09-23T02:24:00+02:00,53,dr-robert,407,331,76,18.7
2026-09-23T00:24:00Z,2026-09-23T02:24:00+02:00,54,placa-vella,297,210,87,29.3
2026-09-23T00:24:00Z,2026-09-23T02:24:00+02:00,55,ajuntament-mercat,237,188,49,20.7
2026-09-23T00:25:00Z,2026-09-23T02:25:00+02:00,53,dr-robert,407,332,75,18.4
2026-09-23T00:25:00Z,2026-09-23T02:25:00+02:00,54,placa-vella,297,210,87,29.3
2026-09-23T00:25:00Z,2026-09-23T02:25:00+02:00,55,ajuntament-mercat,237,188,49,20.7
2026-09-23T00:26:00Z,2026-09-23T02:26:00+02:00,53,dr-robert,407,332,75,18.4
2026-09-23T00:26:00Z,2026-09-23T02:26:00+02:00,54,placa-vella,297,210,87,29.3
2026-09-23T00:26:00Z,2026-09-23T02:26:00+02:00,55,ajuntament-mercat,237,188,49,20.7
2026-09-23T00:27:00Z,2026-09-23T02:27:00+02:00,53,dr-robert,407,332,75,18.4
2026-09-23T00:27:00Z,2026-09-23T02:27:00+02:00,54,placa-vella,297,210,87,29.3
2026-09-23T00:27:00Z,2026-09-23T02:27:00+02:00,55,ajuntament-mercat,237,188,49,20.7
2026-09-23T00:28:00Z,2026-09-23T02:28:00+02:00,53,dr-robert,407,332,75,18.4
2026-09-23T00:28:00Z,2026-09-23T02:28:00+02:00,54,placa-vella,297,210,87,29.3
2026-09-23T00:28:00Z,2026-09-23T02:28:00+02:00,55,ajuntament-mercat,237,188,49,20.7
2026-09-23T00:29:00Z,2026-09-23T02:29:00+02:00,53,dr-robert,407,332,75,18.4
2026-09-23T00:29:00Z,2026-09-23T02:29:00+02:00,54,placa-vella,297,210,87,29.3
2026-09-23T00:29:00Z,2026-09-23T02:29:00+02:00,55,ajuntament-mercat,237,188,49,20.7
2026-09-23T00:30:00Z,2026-09-23T02:30:00+02:00,53,dr-robert,407,332,75,18.4
2026-09-23T00:30:00Z,2026-09-23T02:30:00+02:00,54,placa-vella,297,210,87,29.3
2026-09-23T00:30:00Z,2026-09-23T02:30:00+02:00,55,ajuntament-mercat,237,188,49,20.7
2026-09-23T00:31:00Z,2026-09-23T02:31:00+02:00,53,dr-robert,407,332,75,18.4
2026-09-23T00:31:00Z,2026-09-23T02:31:00+02:00,54,placa-vella,297,210,87,29.3
2026-09-23T00:31:00Z,2026-09-23T02:31:00+02:00,55,ajuntament-mercat,237,188,49,20.7
2026-09-23T00:32:00Z,2026-09-23T02:32:00+02:00,53,dr-robert,407,332,75,18.4
2026-09-23T00:32:00Z,2026-09-23T02:32:00+02:00,54,placa-vella,297,210,87,29.3
2026-09-23T00:32:00Z,2026-09-23T02:32:00+02:00,55,ajuntament-mercat,237,188,49,20.7
2026-09-23T00:33:00Z,2026-09-23T02:33:00+02:00,53,dr-robert,407,332,75,18.4
2026-09-23T00:33:00Z,2026-09-23T02:33:00+02:00,54,placa-vella,297,210,87,29.3
2026-09-23T00:33:00Z,2026-09-23T02:33:00+02:00,55,ajuntament-mercat,237,188,49,20.7
2026-09-23T00:34:00Z,2026-09-23T02:34:00+02:00,53,dr-robert,407,332,75,18.4
2026-09-23T00:34:00Z,2026-09-23T02:34:00+02:00,54,placa-vella,297,210,87,29.3
2026-09-23T00:34:00Z,2026-09-23T02:34:00+02:00,55,ajuntament-mercat,237,188,49,20.7
2026-09-23T00:35:00Z,2026-09-23T02:35:00+02:00,53,dr-robert,407,332,75,18.4
2026-09-23T00:35:00Z,2026-09-23T02:35:00+02:00,54,placa-vella,297,210,87,29.3
2026-09-23T00:35:00Z,2026-09-23T02:35:00+02:00,55,ajuntament-mercat,237,188,49,20.7
2026-09-23T00:36:00Z,2026-09-23T02:36:00+02:00,53,dr-robert,407,332,75,18.4
2026-09-23T00:36:00Z,2026-09-23T02:36:00+02:00,54,placa-vella,297,210,87,29.3
2026-09-23T00:36:00Z,2026-09-23T02:36:00+02:00,55,ajuntament-mercat,237,188,49,20.7
2026-09-23T00:37:00Z,2026-09-23T02:37:00+02:00,53,dr-robert,407,332,75,18.4
2026-09-23T00:37:00Z,2026-09-23T02:37:00+02:00,54,placa-vella,297,210,87,29.3
2026-09-23T00:37:00Z,2026-09-23T02:37:00+02:00,55,ajuntament-mercat,237,188,49,20.7
2026-09-23T00:38:00Z,2026-09-23T02:38:00+02:00,53,dr-robert,407,332,75,18.4
2026-09-23T00:38:00Z,2026-09-23T02:38:00+02:00,54,placa-vella,297,210,87,29.3
2026-09-23T00:38:00Z,2026-09-23T02:38:00+02:00,55,ajuntament-mercat,237,188,49,20.7
2026-09-23T00:39:00Z,2026-09-23T02:39:00+02:00,53,dr-robert,407,332,75,18.4
2026-09-23T00:39:00Z,2026-09-23T02:39:00+02:00,54,placa-vella,297,210,87,29.3
2026-09-23T00:39:00Z,2026-09-23T02:39:00+02:00,55,ajuntament-mercat,237,188,49,20.7
2026-09-23T00:40:00Z,2026-09-23T02:40:00+02:00,53,dr-robert,407,331,76,18.7
2026-09-23T00:40:00Z,2026-09-23T02:40:00+02:00,54,placa-vella,297,210,87,29.3
2026-09-23T00:40:00Z,2026-09-23T02:40:00+02:00,55,ajuntament-mercat,237,188,49,20.7
2026-09-23T00:41:00Z,2026-09-23T02:41:00+02:00,53,dr-robert,407,331,76,18.7
2026-09-23T00:41:00Z,2026-09-23T02:41:00+02:00,54,placa-vella,297,210,87,29.3
2026-09-23T00:41:00Z,2026-09-23T02:41:00+02:00,55,ajuntament-mercat,237,188,49,20.7
2026-09-23T00:42:00Z,2026-09-23T02:42:00+02:00,53,dr-robert,407,331,76,18.7
2026-09-23T00:42:00Z,2026-09-23T02:42:00+02:00,54,placa-vella,297,210,87,29.3
2026-09-23T00:42:00Z,2026-09-23T02:42:00+02:00,55,ajuntament-mercat,237,188,49,20.7
2026-09-23T00:43:00Z,2026-09-23T02:43:00+02:00,53,dr-robert,407,331,76,18.7
2026-09-23T00:43:00Z,2026-09-23T02:43:00+02:00,54,placa-vella,297,210,87,29.3
2026-09-23T00:43:00Z,2026-09-23T02:43:00+02:00,55,ajuntament-mercat,237,188,49,20.7
2026-09-23T00:44:00Z,2026-09-23T02:44:00+02:00,53,dr-robert,407,331,76,18.7
2026-09-23T00:44:00Z,2026-09-23T02:44:00+02:00,54,placa-vella,297,210,87,29.3
2026-09-23T00:44:00Z,2026-09-23T02:44:00+02:00,55,ajuntament-mercat,237,188,49,20.7
2026-09-23T00:45:00Z,2026-09-23T02:45:00+02:00,53,dr-robert,407,331,76,18.7
2026-09-23T00:45:00Z,2026-09-23T02:45:00+02:00,54,placa-vella,297,210,87,29.3
2026-09-23T00:45:00Z,2026-09-23T02:45:00+02:00,55,ajuntament-mercat,237,188,49,20.7
2026-09-23T00:46:00Z,2026-09-23T02:46:00+02:00,53,dr-robert,407,331,76,18.7
2026-09-23T00:46:00Z,2026-09-23T02:46:00+02:00,54,placa-vella,297,210,87,29.3
2026-09-23T00:46:00Z,2026-09-23T02:46:00+02:00,55,ajuntament-mercat,237,188,49,20.7
2026-09-23T00:47:00Z,2026-09-23T02:47:00+02:00,53,dr-robert,407,331,76,18.7
2026-09-23T00:47:00Z,2026-09-23T02:47:00+02:00,54,placa-vella,297,210,87,29.3
2026-09-23T00:47:00Z,2026-09-23T02:47:00+02:00,55,ajuntament-mercat,237,188,49,20.7
2026-09-23T00:48:00Z,2026-09-23T02:48:00+02:00,53,dr-robert,407,331,76,18.7
2026-09-23T00:48:00Z,2026-09-23T02:48:00+02:00,54,placa-vella,297,210,87,29.3
2026-09-23T00:48:00Z,2026-09-23T02:48:00+02:00,55,ajuntament-mercat,237,188,49,20.7
2026-09-23T00:49:00Z,2026-09-23T02:49:00+02:00,53,dr-robert,407,331,76,18.7
2026-09-23T00:49:00Z,2026-09-23T02:49:00+02:00,54,placa-vella,297,210,87,29.3
2026-09-23T00:49:00Z,2026-09-23T02:49:00+02:00,55,ajuntament-mercat,237,188,49,20.7
2026-09-23T00:50:00Z,2026-09-23T02:50:00+02:00,53,dr-robert,407,330,77,18.9
2026-09-23T00:50:00Z,2026-09-23T02:50:00+02:00,54,placa-vella,297,210,87,29.3
2026-09-23T00:50:00Z,2026-09-23T02:50:00+02:00,55,ajuntament-mercat,237,188,49,20.7
2026-09-23T00:51:00Z,2026-09-23T02:51:00+02:00,53,dr-robert,407,330,77,18.9
2026-09-23T00:51:00Z,2026-09-23T02:51:00+02:00,54,placa-vella,297,210,87,29.3
2026-09-23T00:51:00Z,2026-09-23T02:51:00+02:00,55,ajuntament-mercat,237,188,49,20.7
2026-09-23T00:52:00Z,2026-09-23T02:52:00+02:00,53,dr-robert,407,330,77,18.9
2026-09-23T00:52:00Z,2026-09-23T02:52:00+02:00,54,placa-vella,297,210,87,29.3
2026-09-23T00:52:00Z,2026-09-23T02:52:00+02:00,55,ajuntament-mercat,237,188,49,20.7
2026-09-23T00:53:00Z,2026-09-23T02:53:00+02:00,53,dr-robert,407,330,77,18.9
2026-09-23T00:53:00Z,2026-09-23T02:53:00+02:00,54,placa-vella,297,210,87,29.3
2026-09-23T00:53:00Z,2026-09-23T02:53:00+02:00,55,ajuntament-mercat,237,188,49,20.7
2026-09-23T00:54:00Z,2026-09-23T02:54:00+02:00,53,dr-robert,407,330,77,18.9
2026-09-23T00:54:00Z,2026-09-23T02:54:00+02:00,54,placa-vella,297,210,87,29.3
2026-09-23T00:54:00Z,2026-09-23T02:54:00+02:00,55,ajuntament-mercat,237,188,49,20.7
2026-09-23T00:55:00Z,2026-09-23T02:55:00+02:00,53,dr-robert,407,330,77,18.9
2026-09-23T00:55:00Z,2026-09-23T02:55:00+02:00,54,placa-vella,297,210,87,29.3
2026-09-23T00:55:00Z,2026-09-23T02:55:00+02:00,55,ajuntament-mercat,237,188,49,20.7
2026-09-23T00:56:00Z,2026-09-23T02:56:00+02:00,53,dr-robert,407,330,77,18.9
2026-09-23T00:56:00Z,2026-09-23T02:56:00+02:00,54,placa-vella,297,210,87,29.3
2026-09-23T00:56:00Z,2026-09-23T02:56:00+02:00,55,ajuntament-mercat,237,188,49,20.7
2026-09-23T00:57:00Z,2026-09-23T02:57:00+02:00,53,dr-robert,407,330,77,18.9
2026-09-23T00:57:00Z,2026-09-23T02:57:00+02:00,54,placa-vella,297,210,87,29.3
2026-09-23T00:57:00Z,2026-09-23T02:57:00+02:00,55,ajuntament-mercat,237,188,49,20.7
2026-09-23T00:58:00Z,2026-09-23T02:58:00+02:00,53,dr-robert,407,330,77,18.9
2026-09-23T00:58:00Z,2026-09-23T02:58:00+02:00,54,placa-vella,297,210,87,29.3
2026-09-23T00:58:00Z,2026-09-23T02:58:00+02:00,55,ajuntament-mercat,237,188,49,20.7
2026-09-23T00:59:00Z,2026-09-23T02:59:00+02:00,53,dr-robert,407,330,77,18.9
2026-09-23T00:59:00Z,2026-09-23T02:59:00+02:00,54,placa-vella,297,210,87,29.3
2026-09-23T00:59:00Z,2026-09-23T02:59:00+02:00,55,ajuntament-mercat,237,188,49,20.7
2026-09-23T01:00:00Z,2026-09-23T03:00:00+02:00,53,dr-robert,407,330,77,18.9
2026-09-23T01:00:00Z,2026-09-23T03:00:00+02:00,54,placa-vella,297,210,87,29.3
2026-09-23T01:00:00Z,2026-09-23T03:00:00+02:00,55,ajuntament-mercat,237,188,49,20.7
2026-09-23T01:01:00Z,2026-09-23T03:01:00+02:00,53,dr-robert,407,330,77,18.9
2026-09-23T01:01:00Z,2026-09-23T03:01:00+02:00,54,placa-vella,297,210,87,29.3
2026-09-23T01:01:00Z,2026-09-23T03:01:00+02:00,55,ajuntament-mercat,237,188,49,20.7
2026-09-23T01:02:00Z,2026-09-23T03:02:00+02:00,53,dr-robert,407,330,77,18.9
2026-09-23T01:02:00Z,2026-09-23T03:02:00+02:00,54,placa-vella,297,210,87,29.3
2026-09-23T01:02:00Z,2026-09-23T03:02:00+02:00,55,ajuntament-mercat,237,188,49,20.7
2026-09-23T01:03:00Z,2026-09-23T03:03:00+02:00,53,dr-robert,407,330,77,18.9
2026-09-23T01:03:00Z,2026-09-23T03:03:00+02:00,54,placa-vella,297,210,87,29.3
2026-09-23T01:03:00Z,2026-09-23T03:03:00+02:00,55,ajuntament-mercat,237,188,49,20.7
2026-09-23T01:04:00Z,2026-09-23T03:04:00+02:00,53,dr-robert,407,330,77,18.9
2026-09-23T01:04:00Z,2026-09-23T03:04:00+02:00,54,placa-vella,297,210,87,29.3
2026-09-23T01:04:00Z,2026-09-23T03:04:00+02:00,55,ajuntament-mercat,237,188,49,20.7
2026-09-23T01:05:00Z,2026-09-23T03:05:00+02:00,53,dr-robert,407,330,77,18.9
2026-09-23T01:05:00Z,2026-09-23T03:05:00+02:00,54,placa-vella,297,210,87,29.3
2026-09-23T01:05:00Z,2026-09-23T03:05:00+02:00,55,ajuntament-mercat,237,188,49,20.7
2026-09-23T01:06:00Z,2026-09-23T03:06:00+02:00,53,dr-robert,407,330,77,18.9
2026-09-23T01:06:00Z,2026-09-23T03:06:00+02:00,54,placa-vella,297,210,87,29.3
2026-09-23T01:06:00Z,2026-09-23T03:06:00+02:00,55,ajuntament-mercat,237,188,49,20.7
2026-09-23T01:07:00Z,2026-09-23T03:07:00+02:00,53,dr-robert,407,330,77,18.9
2026-09-23T01:07:00Z,2026-09-23T03:07:00+02:00,54,placa-vella,297,210,87,29.3
2026-09-23T01:07:00Z,2026-09-23T03:07:00+02:00,55,ajuntament-mercat,237,188,49,20.7
2026-09-23T01:08:00Z,2026-09-23T03:08:00+02:00,53,dr-robert,407,330,77,18.9
2026-09-23T01:08:00Z,2026-09-23T03:08:00+02:00,54,placa-vella,297,210,87,29.3
2026-09-23T01:08:00Z,2026-09-23T03:08:00+02:00,55,ajuntament-mercat,237,188,49,20.7
2026-09-23T01:09:00Z,2026-09-23T03:09:00+02:00,53,dr-robert,407,330,77,18.9
2026-09-23T01:09:00Z,2026-09-23T03:09:00+02:00,54,placa-vella,297,210,87,29.3
2026-09-23T01:09:00Z,2026-09-23T03:09:00+02:00,55,ajuntament-mercat,237,188,49,20.7
2026-09-23T01:10:00Z,2026-09-23T03:10:00+02:00,53,dr-robert,407,331,76,18.7
2026-09-23T01:10:00Z,2026-09-23T03:10:00+02:00,54,placa-vella,297,210,87,29.3
2026-09-23T01:10:00Z,2026-09-23T03:10:00+02:00,55,ajuntament-mercat,237,188,49,20.7
2026-09-23T01:11:00Z,2026-09-23T03:11:00+02:00,53,dr-robert,407,331,76,18.7
2026-09-23T01:11:00Z,2026-09-23T03:11:00+02:00,54,placa-vella,297,210,87,29.3
2026-09-23T01:11:00Z,2026-09-23T03:11:00+02:00,55,ajuntament-mercat,237,188,49,20.7
2026-09-23T01:12:00Z,2026-09-23T03:12:00+02:00,53,dr-robert,407,331,76,18.7
2026-09-23T01:12:00Z,2026-09-23T03:12:00+02:00,54,placa-vella,297,210,87,29.3
2026-09-23T01:12:00Z,2026-09-23T03:12:00+02:00,55,ajuntament-mercat,237,188,49,20.7
2026-09-23T01:13:00Z,2026-09-23T03:13:00+02:00,53,dr-robert,407,331,76,18.7
2026-09-23T01:13:00Z,2026-09-23T03:13:00+02:00,54,placa-vella,297,210,87,29.3
2026-09-23T01:13:00Z,2026-09-23T03:13:00+02:00,55,ajuntament-mercat,237,188,49,20.7
2026-09-23T01:14:00Z,2026-09-23T03:14:00+02:00,53,dr-robert,407,331,76,18.7
2026-09-23T01:14:00Z,2026-09-23T03:14:00+02:00,54,placa-vella,297,210,87,29.3
2026-09-23T01:14:00Z,2026-09-23T03:14:00+02:00,55,ajuntament-mercat,237,188,49,20.7
2026-09-23T01:15:00Z,2026-09-23T03:15:00+02:00,53,dr-robert,407,331,76,18.7
2026-09-23T01:15:00Z,2026-09-23T03:15:00+02:00,54,placa-vella,297,210,87,29.3
2026-09-23T01:15:00Z,2026-09-23T03:15:00+02:00,55,ajuntament-mercat,237,188,49,20.7
2026-09-23T01:16:00Z,2026-09-23T03:16:00+02:00,53,dr-robert,407,331,76,18.7
2026-09-23T01:16:00Z,2026-09-23T03:16:00+02:00,54,placa-vella,297,210,87,29.3
2026-09-23T01:16:00Z,2026-09-23T03:16:00+02:00,55,ajuntament-mercat,237,188,49,20.7
2026-09-23T01:17:00Z,2026-09-23T03:17:00+02:00,53,dr-robert,407,331,76,18.7
2026-09-23T01:17:00Z,2026-09-23T03:17:00+02:00,54,placa-vella,297,210,87,29.3
2026-09-23T01:17:00Z,2026-09-23T03:17:00+02:00,55,ajuntament-mercat,237,188,49,20.7
2026-09-23T01:18:00Z,2026-09-23T03:18:00+02:00,53,dr-robert,407,331,76,18.7
2026-09-23T01:18:00Z,2026-09-23T03:18:00+02:00,54,placa-vella,297,210,87,29.3
2026-09-23T01:18:00Z,2026-09-23T03:18:00+02:00,55,ajuntament-mercat,237,188,49,20.7
2026-09-23T01:19:00Z,2026-09-23T03:19:00+02:00,53,dr-robert,407,331,76,18.7
2026-09-23T01:19:00Z,2026-09-23T03:19:00+02:00,54,placa-vella,297,210,87,29.3
2026-09-23T01:19:00Z,2026-09-23T03:19:00+02:00,55,ajuntament-mercat,237,188,49,20.7
2026-09-23T01:20:00Z,2026-09-23T03:20:00+02:00,53,dr-robert,407,330,77,18.9
2026-09-23T01:20:00Z,2026-09-23T03:20:00+02:00,54,placa-vella,297,210,87,29.3
2026-09-23T01:20:00Z,2026-09-23T03:20:00+02:00,55,ajuntament-mercat,237,188,49,20.7
2026-09-23T01:21:00Z,2026-09-23T03:21:00+02:00,53,dr-robert,407,330,77,18.9
2026-09-23T01:21:00Z,2026-09-23T03:21:00+02:00,54,placa-vella,297,210,87,29.3
2026-09-23T01:21:00Z,2026-09-23T03:21:00+02:00,55,ajuntament-mercat,237,188,49,20.7
2026-09-23T01:22:00Z,2026-09-23T03:22:00+02:00,53,dr-robert,407,330,77,18.9
2026-09-23T01:22:00Z,2026-09-23T03:22:00+02:00,54,placa-vella,297,210,87,29.3
2026-09-23T01:22:00Z,2026-09-23T03:22:00+02:00,55,ajuntament-mercat,237,188,49,20.7
2026-09-23T01:23:00Z,2026-09-23T03:23:00+02:00,53,dr-robert,407,330,77,18.9
2026-09-23T01:23:00Z,2026-09-23T03:23:00+02:00,54,placa-vella,297,210,87,29.3
2026-09-23T01:23:00Z,2026-09-23T03:23:00+02:00,55,ajuntament-mercat,237,188,49,20.7
2026-09-23T01:24:00Z,2026-09-23T03:24:00+02:00,53,dr-robert,407,330,77,18.9
2026-09-23T01:24:00Z,2026-09-23T03:24:00+02:00,54,placa-vella,297,210,87,29.3
2026-09-23T01:24:00Z,2026-09-23T03:24:00+02:00,55,ajuntament-mercat,237,188,49,20.7
2026-09-23T01:25:00Z,2026-09-23T03:25:00+02:00,53,dr-robert,407,329,78,19.2
2026-09-23T01:25:00Z,2026-09-23T03:25:00+02:00,54,placa-vella,297,210,87,29.3
2026-09-23T01:25:00Z,2026-09-23T03:25:00+02:00,55,ajuntament-mercat,237,188,49,20.7
2026-09-23T01:26:00Z,2026-09-23T03:26:00+02:00,53,dr-robert,407,329,78,19.2
2026-09-23T01:26:00Z,2026-09-23T03:26:00+02:00,54,placa-vella,297,210,87,29.3
2026-09-23T01:26:00Z,2026-09-23T03:26:00+02:00,55,ajuntament-mercat,237,188,49,20.7
2026-09-23T01:27:00Z,2026-09-23T03:27:00+02:00,53,dr-robert,407,329,78,19.2
2026-09-23T01:27:00Z,2026-09-23T03:27:00+02:00,54,placa-vella,297,210,87,29.3
2026-09-23T01:27:00Z,2026-09-23T03:27:00+02:00,55,ajuntament-mercat,237,188,49,20.7
2026-09-23T01:28:00Z,2026-09-23T03:28:00+02:00,53,dr-robert,407,329,78,19.2
2026-09-23T01:28:00Z,2026-09-23T03:28:00+02:00,54,placa-vella,297,210,87,29.3
2026-09-23T01:28:00Z,2026-09-23T03:28:00+02:00,55,ajuntament-mercat,237,188,49,20.7
2026-09-23T01:29:00Z,2026-09-23T03:29:00+02:00,53,dr-robert,407,329,78,19.2
2026-09-23T01:29:00Z,2026-09-23T03:29:00+02:00,54,placa-vella,297,210,87,29.3
2026-09-23T01:29:00Z,2026-09-23T03:29:00+02:00,55,ajuntament-mercat,237,188,49,20.7
2026-09-23T01:30:00Z,2026-09-23T03:30:00+02:00,53,dr-robert,407,329,78,19.2
2026-09-23T01:30:00Z,2026-09-23T03:30:00+02:00,54,placa-vella,297,210,87,29.3
2026-09-23T01:30:00Z,2026-09-23T03:30:00+02:00,55,ajuntament-mercat,237,188,49,20.7
2026-09-23T01:31:00Z,2026-09-23T03:31:00+02:00,53,dr-robert,407,329,78,19.2
2026-09-23T01:31:00Z,2026-09-23T03:31:00+02:00,54,placa-vella,297,210,87,29.3
2026-09-23T01:31:00Z,2026-09-23T03:31:00+02:00,55,ajuntament-mercat,237,188,49,20.7
2026-09-23T01:32:00Z,2026-09-23T03:32:00+02:00,53,dr-robert,407,329,78,19.2
2026-09-23T01:32:00Z,2026-09-23T03:32:00+02:00,54,placa-vella,297,210,87,29.3
2026-09-23T01:32:00Z,2026-09-23T03:32:00+02:00,55,ajuntament-mercat,237,188,49,20.7
2026-09-23T01:33:00Z,2026-09-23T03:33:00+02:00,53,dr-robert,407,329,78,19.2
2026-09-23T01:33:00Z,2026-09-23T03:33:00+02:00,54,placa-vella,297,210,87,29.3
2026-09-23T01:33:00Z,2026-09-23T03:33:00+02:00,55,ajuntament-mercat,237,188,49,20.7
2026-09-23T01:34:00Z,2026-09-23T03:34:00+02:00,53,dr-robert,407,329,78,19.2
2026-09-23T01:34:00Z,2026-09-23T03:34:00+02:00,54,placa-vella,297,210,87,29.3
2026-09-23T01:34:00Z,2026-09-23T03:34:00+02:00,55,ajuntament-mercat,237,188,49,20.7
2026-09-23T01:35:00Z,2026-09-23T03:35:00+02:00,53,dr-robert,407,329,78,19.2
2026-09-23T01:35:00Z,2026-09-23T03:35:00+02:00,54,placa-vella,297,211,86,29
2026-09-23T01:35:00Z,2026-09-23T03:35:00+02:00,55,ajuntament-mercat,237,188,49,20.7
2026-09-23T01:36:00Z,2026-09-23T03:36:00+02:00,53,dr-robert,407,329,78,19.2
2026-09-23T01:36:00Z,2026-09-23T03:36:00+02:00,54,placa-vella,297,211,86,29
2026-09-23T01:36:00Z,2026-09-23T03:36:00+02:00,55,ajuntament-mercat,237,188,49,20.7
2026-09-23T01:37:00Z,2026-09-23T03:37:00+02:00,53,dr-robert,407,329,78,19.2
2026-09-23T01:37:00Z,2026-09-23T03:37:00+02:00,54,placa-vella,297,211,86,29
2026-09-23T01:37:00Z,2026-09-23T03:37:00+02:00,55,ajuntament-mercat,237,188,49,20.7
2026-09-23T01:38:00Z,2026-09-23T03:38:00+02:00,53,dr-robert,407,329,78,19.2
2026-09-23T01:38:00Z,2026-09-23T03:38:00+02:00,54,placa-vella,297,211,86,29
2026-09-23T01:38:00Z,2026-09-23T03:38:00+02:00,55,ajuntament-mercat,237,188,49,20.7
2026-09-23T01:39:00Z,2026-09-23T03:39:00+02:00,53,dr-robert,407,329,78,19.2
2026-09-23T01:39:00Z,2026-09-23T03:39:00+02:00,54,placa-vella,297,211,86,29
2026-09-23T01:39:00Z,2026-09-23T03:39:00+02:00,55,ajuntament-mercat,237,188,49,20.7
2026-09-23T01:40:00Z,2026-09-23T03:40:00+02:00,53,dr-robert,407,328,79,19.4
2026-09-23T01:40:00Z,2026-09-23T03:40:00+02:00,54,placa-vella,297,211,86,29
2026-09-23T01:40:00Z,2026-09-23T03:40:00+02:00,55,ajuntament-mercat,237,188,49,20.7
2026-09-23T01:41:00Z,2026-09-23T03:41:00+02:00,53,dr-robert,407,328,79,19.4
2026-09-23T01:41:00Z,2026-09-23T03:41:00+02:00,54,placa-vella,297,211,86,29
2026-09-23T01:41:00Z,2026-09-23T03:41:00+02:00,55,ajuntament-mercat,237,188,49,20.7
2026-09-23T01:42:00Z,2026-09-23T03:42:00+02:00,53,dr-robert,407,328,79,19.4
2026-09-23T01:42:00Z,2026-09-23T03:42:00+02:00,54,placa-vella,297,211,86,29
2026-09-23T01:42:00Z,2026-09-23T03:42:00+02:00,55,ajuntament-mercat,237,188,49,20.7
2026-09-23T01:43:00Z,2026-09-23T03:43:00+02:00,53,dr-robert,407,328,79,19.4
2026-09-23T01:43:00Z,2026-09-23T03:43:00+02:00,54,placa-vella,297,211,86,29
2026-09-23T01:43:00Z,2026-09-23T03:43:00+02:00,55,ajuntament-mercat,237,188,49,20.7
2026-09-23T01:44:00Z,2026-09-23T03:44:00+02:00,53,dr-robert,407,328,79,19.4
2026-09-23T01:44:00Z,2026-09-23T03:44:00+02:00,54,placa-vella,297,211,86,29
2026-09-23T01:44:00Z,2026-09-23T03:44:00+02:00,55,ajuntament-mercat,237,188,49,20.7
2026-09-23T01:45:00Z,2026-09-23T03:45:00+02:00,53,dr-robert,407,329,78,19.2
2026-09-23T01:45:00Z,2026-09-23T03:45:00+02:00,54,placa-vella,297,211,86,29
2026-09-23T01:45:00Z,2026-09-23T03:45:00+02:00,55,ajuntament-mercat,237,188,49,20.7
2026-09-23T01:46:00Z,2026-09-23T03:46:00+02:00,53,dr-robert,407,329,78,19.2
2026-09-23T01:46:00Z,2026-09-23T03:46:00+02:00,54,placa-vella,297,211,86,29
2026-09-23T01:46:00Z,2026-09-23T03:46:00+02:00,55,ajuntament-mercat,237,188,49,20.7
2026-09-23T01:47:00Z,2026-09-23T03:47:00+02:00,53,dr-robert,407,329,78,19.2
2026-09-23T01:47:00Z,2026-09-23T03:47:00+02:00,54,placa-vella,297,211,86,29
2026-09-23T01:47:00Z,2026-09-23T03:47:00+02:00,55,ajuntament-mercat,237,188,49,20.7
2026-09-23T01:48:00Z,2026-09-23T03:48:00+02:00,53,dr-robert,407,329,78,19.2
2026-09-23T01:48:00Z,2026-09-23T03:48:00+02:00,54,placa-vella,297,211,86,29
2026-09-23T01:48:00Z,2026-09-23T03:48:00+02:00,55,ajuntament-mercat,237,188,49,20.7
2026-09-23T01:49:00Z,2026-09-23T03:49:00+02:00,53,dr-robert,407,329,78,19.2
2026-09-23T01:49:00Z,2026-09-23T03:49:00+02:00,54,placa-vella,297,211,86,29
2026-09-23T01:49:00Z,2026-09-23T03:49:00+02:00,55,ajuntament-mercat,237,188,49,20.7
2026-09-23T01:50:00Z,2026-09-23T03:50:00+02:00,53,dr-robert,407,329,78,19.2
2026-09-23T01:50:00Z,2026-09-23T03:50:00+02:00,54,placa-vella,297,211,86,29
2026-09-23T01:50:00Z,2026-09-23T03:50:00+02:00,55,ajuntament-mercat,237,188,49,20.7
2026-09-23T01:51:00Z,2026-09-23T03:51:00+02:00,53,dr-robert,407,329,78,19.2
2026-09-23T01:51:00Z,2026-09-23T03:51:00+02:00,54,placa-vella,297,211,86,29
2026-09-23T01:51:00Z,2026-09-23T03:51:00+02:00,55,ajuntament-mercat,237,188,49,20.7
2026-09-23T01:52:00Z,2026-09-23T03:52:00+02:00,53,dr-robert,407,329,78,19.2
2026-09-23T01:52:00Z,2026-09-23T03:52:00+02:00,54,placa-vella,297,211,86,29
2026-09-23T01:52:00Z,2026-09-23T03:52:00+02:00,55,ajuntament-mercat,237,188,49,20.7
2026-09-23T01:53:00Z,2026-09-23T03:53:00+02:00,53,dr-robert,407,329,78,19.2
2026-09-23T01:53:00Z,2026-09-23T03:53:00+02:00,54,placa-vella,297,211,86,29
2026-09-23T01:53:00Z,2026-09-23T03:53:00+02:00,55,ajuntament-mercat,237,188,49,20.7
2026-09-23T01:54:00Z,2026-09-23T03:54:00+02:00,53,dr-robert,407,329,78,19.2
2026-09-23T01:54:00Z,2026-09-23T03:54:00+02:00,54,placa-vella,297,211,86,29
2026-09-23T01:54:00Z,2026-09-23T03:54:00+02:00,55,ajuntament-mercat,237,188,49,20.7
2026-09-23T01:55:00Z,2026-09-23T03:55:00+02:00,53,dr-robert,407,329,78,19.2
2026-09-23T01:55:00Z,2026-09-23T03:55:00+02:00,54,placa-vella,297,211,86,29
2026-09-23T01:55:00Z,2026-09-23T03:55:00+02:00,55,ajuntament-mercat,237,188,49,20.7
2026-09-23T01:56:00Z,2026-09-23T03:56:00+02:00,53,dr-robert,407,329,78,19.2
2026-09-23T01:56:00Z,2026-09-23T03:56:00+02:00,54,placa-vella,297,211,86,29
2026-09-23T01:56:00Z,2026-09-23T03:56:00+02:00,55,ajuntament-mercat,237,188,49,20.7
2026-09-23T01:57:00Z,2026-09-23T03:57:00+02:00,53,dr-robert,407,329,78,19.2
2026-09-23T01:57:00Z,2026-09-23T03:57:00+02:00,54,placa-vella,297,211,86,29
2026-09-23T01:57:00Z,2026-09-23T03:57:00+02:00,55,ajuntament-mercat,237,188,49,20.7
2026-09-23T01:58:00Z,2026-09-23T03:58:00+02:00,53,dr-robert,407,329,78,19.2
2026-09-23T01:58:00Z,2026-09-23T03:58:00+02:00,54,placa-vella,297,211,86,29
2026-09-23T01:58:00Z,2026-09-23T03:58:00+02:00,55,ajuntament-mercat,237,188,49,20.7
2026-09-23T01:59:00Z,2026-09-23T03:59:00+02:00,53,dr-robert,407,329,78,19.2
2026-09-23T01:59:00Z,2026-09-23T03:59:00+02:00,54,placa-vella,297,211,86,29
2026-09-23T01:59:00Z,2026-09-23T03:59:00+02:00,55,ajuntament-mercat,237,188,49,20.7
2026-09-23T02:00:00Z,2026-09-23T04:00:00+02:00,53,dr-robert,407,329,78,19.2
2026-09-23T02:00:00Z,2026-09-23T04:00:00+02:00,54,placa-vella,297,211,86,29
2026-09-23T02:00:00Z,2026-09-23T04:00:00+02:00,55,ajuntament-mercat,237,188,49,20.7
2026-09-23T02:01:00Z,2026-09-23T04:01:00+02:00,53,dr-robert,407,329,78,19.2
2026-09-23T02:01:00Z,2026-09-23T04:01:00+02:00,54,placa-vella,297,211,86,29
2026-09-23T02:01:00Z,2026-09-23T04:01:00+02:00,55,ajuntament-mercat,237,188,49,20.7
2026-09-23T02:02:00Z,2026-09-23T04:02:00+02:00,53,dr-robert,407,333,74,18.2
2026-09-23T02:02:00Z,2026-09-23T04:02:00+02:00,54,placa-vella,297,211,86,29
2026-09-23T02:02:00Z,2026-09-23T04:02:00+02:00,55,ajuntament-mercat,237,188,49,20.7
2026-09-23T02:03:00Z,2026-09-23T04:03:00+02:00,53,dr-robert,407,333,74,18.2
2026-09-23T02:03:00Z,2026-09-23T04:03:00+02:00,54,placa-vella,297,211,86,29
2026-09-23T02:03:00Z,2026-09-23T04:03:00+02:00,55,ajuntament-mercat,237,188,49,20.7
2026-09-23T02:04:00Z,2026-09-23T04:04:00+02:00,53,dr-robert,407,333,74,18.2
2026-09-23T02:04:00Z,2026-09-23T04:04:00+02:00,54,placa-vella,297,211,86,29
2026-09-23T02:04:00Z,2026-09-23T04:04:00+02:00,55,ajuntament-mercat,237,188,49,20.7
2026-09-23T02:05:00Z,2026-09-23T04:05:00+02:00,53,dr-robert,407,333,74,18.2
2026-09-23T02:05:00Z,2026-09-23T04:05:00+02:00,54,placa-vella,297,211,86,29
2026-09-23T02:05:00Z,2026-09-23T04:05:00+02:00,55,ajuntament-mercat,237,188,49,20.7
2026-09-23T02:06:00Z,2026-09-23T04:06:00+02:00,53,dr-robert,407,333,74,18.2
2026-09-23T02:06:00Z,2026-09-23T04:06:00+02:00,54,placa-vella,297,211,86,29
2026-09-23T02:06:00Z,2026-09-23T04:06:00+02:00,55,ajuntament-mercat,237,188,49,20.7
2026-09-23T02:07:00Z,2026-09-23T04:07:00+02:00,53,dr-robert,407,333,74,18.2
2026-09-23T02:07:00Z,2026-09-23T04:07:00+02:00,54,placa-vella,297,211,86,29
2026-09-23T02:07:00Z,2026-09-23T04:07:00+02:00,55,ajuntament-mercat,237,188,49,20.7
2026-09-23T02:08:00Z,2026-09-23T04:08:00+02:00,53,dr-robert,407,333,74,18.2
2026-09-23T02:08:00Z,2026-09-23T04:08:00+02:00,54,placa-vella,297,211,86,29
2026-09-23T02:08:00Z,2026-09-23T04:08:00+02:00,55,ajuntament-mercat,237,188,49,20.7
2026-09-23T02:09:00Z,2026-09-23T04:09:00+02:00,53,dr-robert,407,333,74,18.2
2026-09-23T02:09:00Z,2026-09-23T04:09:00+02:00,54,placa-vella,297,211,86,29
2026-09-23T02:09:00Z,2026-09-23T04:09:00+02:00,55,ajuntament-mercat,237,188,49,20.7
2026-09-23T02:10:00Z,2026-09-23T04:10:00+02:00,53,dr-robert,407,333,74,18.2
2026-09-23T02:10:00Z,2026-09-23T04:10:00+02:00,54,placa-vella,297,211,86,29
2026-09-23T02:10:00Z,2026-09-23T04:10:00+02:00,55,ajuntament-mercat,237,188,49,20.7
2026-09-23T02:11:00Z,2026-09-23T04:11:00+02:00,53,dr-robert,407,333,74,18.2
2026-09-23T02:11:00Z,2026-09-23T04:11:00+02:00,54,placa-vella,297,211,86,29
2026-09-23T02:11:00Z,2026-09-23T04:11:00+02:00,55,ajuntament-mercat,237,188,49,20.7
2026-09-23T02:12:00Z,2026-09-23T04:12:00+02:00,53,dr-robert,407,333,74,18.2
2026-09-23T02:12:00Z,2026-09-23T04:12:00+02:00,54,placa-vella,297,211,86,29
2026-09-23T02:12:00Z,2026-09-23T04:12:00+02:00,55,ajuntament-mercat,237,188,49,20.7
2026-09-23T02:13:00Z,2026-09-23T04:13:00+02:00,53,dr-robert,407,333,74,18.2
2026-09-23T02:13:00Z,2026-09-23T04:13:00+02:00,54,placa-vella,297,211,86,29
2026-09-23T02:13:00Z,2026-09-23T04:13:00+02:00,55,ajuntament-mercat,237,188,49,20.7
2026-09-23T02:14:00Z,2026-09-23T04:14:00+02:00,53,dr-robert,407,333,74,18.2
2026-09-23T02:14:00Z,2026-09-23T04:14:00+02:00,54,placa-vella,297,211,86,29
2026-09-23T02:14:00Z,2026-09-23T04:14:00+02:00,55,ajuntament-mercat,237,188,49,20.7
2026-09-23T02:15:00Z,2026-09-23T04:15:00+02:00,53,dr-robert,407,334,73,17.9
2026-09-23T02:15:00Z,2026-09-23T04:15:00+02:00,54,placa-vella,297,211,86,29
2026-09-23T02:15:00Z,2026-09-23T04:15:00+02:00,55,ajuntament-mercat,237,188,49,20.7
2026-09-23T02:16:00Z,2026-09-23T04:16:00+02:00,53,dr-robert,407,334,73,17.9
2026-09-23T02:16:00Z,2026-09-23T04:16:00+02:00,54,placa-vella,297,211,86,29
2026-09-23T02:16:00Z,2026-09-23T04:16:00+02:00,55,ajuntament-mercat,237,188,49,20.7
2026-09-23T02:17:00Z,2026-09-23T04:17:00+02:00,53,dr-robert,407,334,73,17.9
2026-09-23T02:17:00Z,2026-09-23T04:17:00+02:00,54,placa-vella,297,211,86,29
2026-09-23T02:17:00Z,2026-09-23T04:17:00+02:00,55,ajuntament-mercat,237,188,49,20.7
2026-09-23T02:18:00Z,2026-09-23T04:18:00+02:00,53,dr-robert,407,334,73,17.9
2026-09-23T02:18:00Z,2026-09-23T04:18:00+02:00,54,placa-vella,297,211,86,29
2026-09-23T02:18:00Z,2026-09-23T04:18:00+02:00,55,ajuntament-mercat,237,188,49,20.7
2026-09-23T02:19:00Z,2026-09-23T04:19:00+02:00,53,dr-robert,407,334,73,17.9
2026-09-23T02:19:00Z,2026-09-23T04:19:00+02:00,54,placa-vella,297,211,86,29
2026-09-23T02:19:00Z,2026-09-23T04:19:00+02:00,55,ajuntament-mercat,237,188,49,20.7
2026-09-23T02:20:00Z,2026-09-23T04:20:00+02:00,53,dr-robert,407,332,75,18.4
2026-09-23T02:20:00Z,2026-09-23T04:20:00+02:00,54,placa-vella,297,211,86,29
2026-09-23T02:20:00Z,2026-09-23T04:20:00+02:00,55,ajuntament-mercat,237,188,49,20.7
2026-09-23T02:21:00Z,2026-09-23T04:21:00+02:00,53,dr-robert,407,332,75,18.4
2026-09-23T02:21:00Z,2026-09-23T04:21:00+02:00,54,placa-vella,297,211,86,29
2026-09-23T02:21:00Z,2026-09-23T04:21:00+02:00,55,ajuntament-mercat,237,188,49,20.7
2026-09-23T02:22:00Z,2026-09-23T04:22:00+02:00,53,dr-robert,407,332,75,18.4
2026-09-23T02:22:00Z,2026-09-23T04:22:00+02:00,54,placa-vella,297,211,86,29
2026-09-23T02:22:00Z,2026-09-23T04:22:00+02:00,55,ajuntament-mercat,237,188,49,20.7
2026-09-23T02:23:00Z,2026-09-23T04:23:00+02:00,53,dr-robert,407,332,75,18.4
2026-09-23T02:23:00Z,2026-09-23T04:23:00+02:00,54,placa-vella,297,211,86,29
2026-09-23T02:23:00Z,2026-09-23T04:23:00+02:00,55,ajuntament-mercat,237,188,49,20.7
2026-09-23T02:24:00Z,2026-09-23T04:24:00+02:00,53,dr-robert,407,332,75,18.4
2026-09-23T02:24:00Z,2026-09-23T04:24:00+02:00,54,placa-vella,297,211,86,29
2026-09-23T02:24:00Z,2026-09-23T04:24:00+02:00,55,ajuntament-mercat,237,188,49,20.7
2026-09-23T02:25:00Z,2026-09-23T04:25:00+02:00,53,dr-robert,407,333,74,18.2
2026-09-23T02:25:00Z,2026-09-23T04:25:00+02:00,54,placa-vella,297,211,86,29
2026-09-23T02:25:00Z,2026-09-23T04:25:00+02:00,55,ajuntament-mercat,237,188,49,20.7
2026-09-23T02:26:00Z,2026-09-23T04:26:00+02:00,53,dr-robert,407,333,74,18.2
2026-09-23T02:26:00Z,2026-09-23T04:26:00+02:00,54,placa-vella,297,211,86,29
2026-09-23T02:26:00Z,2026-09-23T04:26:00+02:00,55,ajuntament-mercat,237,188,49,20.7
2026-09-23T02:27:00Z,2026-09-23T04:27:00+02:00,53,dr-robert,407,333,74,18.2
2026-09-23T02:27:00Z,2026-09-23T04:27:00+02:00,54,placa-vella,297,211,86,29
2026-09-23T02:27:00Z,2026-09-23T04:27:00+02:00,55,ajuntament-mercat,237,188,49,20.7
2026-09-23T02:28:00Z,2026-09-23T04:28:00+02:00,53,dr-robert,407,333,74,18.2
2026-09-23T02:28:00Z,2026-09-23T04:28:00+02:00,54,placa-vella,297,211,86,29
2026-09-23T02:28:00Z,2026-09-23T04:28:00+02:00,55,ajuntament-mercat,237,188,49,20.7
2026-09-23T02:29:00Z,2026-09-23T04:29:00+02:00,53,dr-robert,407,333,74,18.2
2026-09-23T02:29:00Z,2026-09-23T04:29:00+02:00,54,placa-vella,297,211,86,29
2026-09-23T02:29:00Z,2026-09-23T04:29:00+02:00,55,ajuntament-mercat,237,188,49,20.7
2026-09-23T02:30:00Z,2026-09-23T04:30:00+02:00,53,dr-robert,407,333,74,18.2
2026-09-23T02:30:00Z,2026-09-23T04:30:00+02:00,54,placa-vella,297,211,86,29
2026-09-23T02:30:00Z,2026-09-23T04:30:00+02:00,55,ajuntament-mercat,237,188,49,20.7
2026-09-23T02:31:00Z,2026-09-23T04:31:00+02:00,53,dr-robert,407,333,74,18.2
2026-09-23T02:31:00Z,2026-09-23T04:31:00+02:00,54,placa-vella,297,211,86,29
2026-09-23T02:31:00Z,2026-09-23T04:31:00+02:00,55,ajuntament-mercat,237,188,49,20.7
2026-09-23T02:32:00Z,2026-09-23T04:32:00+02:00,53,dr-robert,407,333,74,18.2
2026-09-23T02:32:00Z,2026-09-23T04:32:00+02:00,54,placa-vella,297,211,86,29
2026-09-23T02:32:00Z,2026-09-23T04:32:00+02:00,55,ajuntament-mercat,237,188,49,20.7
2026-09-23T02:33:00Z,2026-09-23T04:33:00+02:00,53,dr-robert,407,333,74,18.2
2026-09-23T02:33:00Z,2026-09-23T04:33:00+02:00,54,placa-vella,297,211,86,29
2026-09-23T02:33:00Z,2026-09-23T04:33:00+02:00,55,ajuntament-mercat,237,188,49,20.7
2026-09-23T02:34:00Z,2026-09-23T04:34:00+02:00,53,dr-robert,407,333,74,18.2
2026-09-23T02:34:00Z,2026-09-23T04:34:00+02:00,54,placa-vella,297,211,86,29
2026-09-23T02:34:00Z,2026-09-23T04:34:00+02:00,55,ajuntament-mercat,237,188,49,20.7
2026-09-23T02:35:00Z,2026-09-23T04:35:00+02:00,53,dr-robert,407,333,74,18.2
2026-09-23T02:35:00Z,2026-09-23T04:35:00+02:00,54,placa-vella,297,211,86,29
2026-09-23T02:35:00Z,2026-09-23T04:35:00+02:00,55,ajuntament-mercat,237,188,49,20.7
2026-09-23T02:36:00Z,2026-09-23T04:36:00+02:00,53,dr-robert,407,333,74,18.2
2026-09-23T02:36:00Z,2026-09-23T04:36:00+02:00,54,placa-vella,297,211,86,29
2026-09-23T02:36:00Z,2026-09-23T04:36:00+02:00,55,ajuntament-mercat,237,188,49,20.7
2026-09-23T02:37:00Z,2026-09-23T04:37:00+02:00,53,dr-robert,407,333,74,18.2
2026-09-23T02:37:00Z,2026-09-23T04:37:00+02:00,54,placa-vella,297,211,86,29
2026-09-23T02:37:00Z,2026-09-23T04:37:00+02:00,55,ajuntament-mercat,237,188,49,20.7
2026-09-23T02:38:00Z,2026-09-23T04:38:00+02:00,53,dr-robert,407,333,74,18.2
2026-09-23T02:38:00Z,2026-09-23T04:38:00+02:00,54,placa-vella,297,211,86,29
2026-09-23T02:38:00Z,2026-09-23T04:38:00+02:00,55,ajuntament-mercat,237,188,49,20.7
2026-09-23T02:39:00Z,2026-09-23T04:39:00+02:00,53,dr-robert,407,333,74,18.2
2026-09-23T02:39:00Z,2026-09-23T04:39:00+02:00,54,placa-vella,297,211,86,29
2026-09-23T02:39:00Z,2026-09-23T04:39:00+02:00,55,ajuntament-mercat,237,188,49,20.7
2026-09-23T02:40:00Z,2026-09-23T04:40:00+02:00,53,dr-robert,407,333,74,18.2
2026-09-23T02:40:00Z,2026-09-23T04:40:00+02:00,54,placa-vella,297,211,86,29
2026-09-23T02:40:00Z,2026-09-23T04:40:00+02:00,55,ajuntament-mercat,237,188,49,20.7
2026-09-23T02:41:00Z,2026-09-23T04:41:00+02:00,53,dr-robert,407,333,74,18.2
2026-09-23T02:41:00Z,2026-09-23T04:41:00+02:00,54,placa-vella,297,211,86,29
2026-09-23T02:41:00Z,2026-09-23T04:41:00+02:00,55,ajuntament-mercat,237,188,49,20.7
2026-09-23T02:42:00Z,2026-09-23T04:42:00+02:00,53,dr-robert,407,333,74,18.2
2026-09-23T02:42:00Z,2026-09-23T04:42:00+02:00,54,placa-vella,297,211,86,29
2026-09-23T02:42:00Z,2026-09-23T04:42:00+02:00,55,ajuntament-mercat,237,188,49,20.7
2026-09-23T02:43:00Z,2026-09-23T04:43:00+02:00,53,dr-robert,407,333,74,18.2
2026-09-23T02:43:00Z,2026-09-23T04:43:00+02:00,54,placa-vella,297,211,86,29
2026-09-23T02:43:00Z,2026-09-23T04:43:00+02:00,55,ajuntament-mercat,237,188,49,20.7
2026-09-23T02:44:00Z,2026-09-23T04:44:00+02:00,53,dr-robert,407,333,74,18.2
2026-09-23T02:44:00Z,2026-09-23T04:44:00+02:00,54,placa-vella,297,211,86,29
2026-09-23T02:44:00Z,2026-09-23T04:44:00+02:00,55,ajuntament-mercat,237,188,49,20.7
2026-09-23T02:45:00Z,2026-09-23T04:45:00+02:00,53,dr-robert,407,333,74,18.2
2026-09-23T02:45:00Z,2026-09-23T04:45:00+02:00,54,placa-vella,297,211,86,29
2026-09-23T02:45:00Z,2026-09-23T04:45:00+02:00,55,ajuntament-mercat,237,188,49,20.7
2026-09-23T02:46:00Z,2026-09-23T04:46:00+02:00,53,dr-robert,407,333,74,18.2
2026-09-23T02:46:00Z,2026-09-23T04:46:00+02:00,54,placa-vella,297,211,86,29
2026-09-23T02:46:00Z,2026-09-23T04:46:00+02:00,55,ajuntament-mercat,237,188,49,20.7
2026-09-23T02:47:00Z,2026-09-23T04:47:00+02:00,53,dr-robert,407,333,74,18.2
2026-09-23T02:47:00Z,2026-09-23T04:47:00+02:00,54,placa-vella,297,211,86,29
2026-09-23T02:47:00Z,2026-09-23T04:47:00+02:00,55,ajuntament-mercat,237,188,49,20.7
2026-09-23T02:48:00Z,2026-09-23T04:48:00+02:00,53,dr-robert,407,333,74,18.2
2026-09-23T02:48:00Z,2026-09-23T04:48:00+02:00,54,placa-vella,297,211,86,29
2026-09-23T02:48:00Z,2026-09-23T04:48:00+02:00,55,ajuntament-mercat,237,188,49,20.7
2026-09-23T02:49:00Z,2026-09-23T04:49:00+02:00,53,dr-robert,407,333,74,18.2
2026-09-23T02:49:00Z,2026-09-23T04:49:00+02:00,54,placa-vella,297,211,86,29
2026-09-23T02:49:00Z,2026-09-23T04:49:00+02:00,55,ajuntament-mercat,237,188,49,20.7
2026-09-23T02:50:00Z,2026-09-23T04:50:00+02:00,53,dr-robert,407,333,74,18.2
2026-09-23T02:50:00Z,2026-09-23T04:50:00+02:00,54,placa-vella,297,211,86,29
2026-09-23T02:50:00Z,2026-09-23T04:50:00+02:00,55,ajuntament-mercat,237,188,49,20.7
2026-09-23T02:51:00Z,2026-09-23T04:51:00+02:00,53,dr-robert,407,333,74,18.2
2026-09-23T02:51:00Z,2026-09-23T04:51:00+02:00,54,placa-vella,297,211,86,29
2026-09-23T02:51:00Z,2026-09-23T04:51:00+02:00,55,ajuntament-mercat,237,188,49,20.7
2026-09-23T02:52:00Z,2026-09-23T04:52:00+02:00,53,dr-robert,407,333,74,18.2
2026-09-23T02:52:00Z,2026-09-23T04:52:00+02:00,54,placa-vella,297,211,86,29
2026-09-23T02:52:00Z,2026-09-23T04:52:00+02:00,55,ajuntament-mercat,237,188,49,20.7
2026-09-23T02:53:00Z,2026-09-23T04:53:00+02:00,53,dr-robert,407,333,74,18.2
2026-09-23T02:53:00Z,2026-09-23T04:53:00+02:00,54,placa-vella,297,211,86,29
2026-09-23T02:53:00Z,2026-09-23T04:53:00+02:00,55,ajuntament-mercat,237,188,49,20.7
2026-09-23T02:54:00Z,2026-09-23T04:54:00+02:00,53,dr-robert,407,333,74,18.2
2026-09-23T02:54:00Z,2026-09-23T04:54:00+02:00,54,placa-vella,297,211,86,29
2026-09-23T02:54:00Z,2026-09-23T04:54:00+02:00,55,ajuntament-mercat,237,188,49,20.7
2026-09-23T02:55:00Z,2026-09-23T04:55:00+02:00,53,dr-robert,407,333,74,18.2
2026-09-23T02:55:00Z,2026-09-23T04:55:00+02:00,54,placa-vella,297,211,86,29
2026-09-23T02:55:00Z,2026-09-23T04:55:00+02:00,55,ajuntament-mercat,237,188,49,20.7
2026-09-23T02:56:00Z,2026-09-23T04:56:00+02:00,53,dr-robert,407,333,74,18.2
2026-09-23T02:56:00Z,2026-09-23T04:56:00+02:00,54,placa-vella,297,211,86,29
2026-09-23T02:56:00Z,2026-09-23T04:56:00+02:00,55,ajuntament-mercat,237,188,49,20.7
2026-09-23T02:57:00Z,2026-09-23T04:57:00+02:00,53,dr-robert,407,333,74,18.2
2026-09-23T02:57:00Z,2026-09-23T04:57:00+02:00,54,placa-vella,297,211,86,29
2026-09-23T02:57:00Z,2026-09-23T04:57:00+02:00,55,ajuntament-mercat,237,188,49,20.7
2026-09-23T02:58:00Z,2026-09-23T04:58:00+02:00,53,dr-robert,407,333,74,18.2
2026-09-23T02:58:00Z,2026-09-23T04:58:00+02:00,54,placa-vella,297,211,86,29
2026-09-23T02:58:00Z,2026-09-23T04:58:00+02:00,55,ajuntament-mercat,237,188,49,20.7
2026-09-23T02:59:00Z,2026-09-23T04:59:00+02:00,53,dr-robert,407,333,74,18.2
2026-09-23T02:59:00Z,2026-09-23T04:59:00+02:00,54,placa-vella,297,211,86,29
2026-09-23T02:59:00Z,2026-09-23T04:59:00+02:00,55,ajuntament-mercat,237,188,49,20.7
2026-09-23T03:00:00Z,2026-09-23T05:00:00+02:00,53,dr-robert,407,333,74,18.2
2026-09-23T03:00:00Z,2026-09-23T05:00:00+02:00,54,placa-vella,297,211,86,29
2026-09-23T03:00:00Z,2026-09-23T05:00:00+02:00,55,ajuntament-mercat,237,188,49,20.7
2026-09-23T03:01:00Z,2026-09-23T05:01:00+02:00,53,dr-robert,407,333,74,18.2
2026-09-23T03:01:00Z,2026-09-23T05:01:00+02:00,54,placa-vella,297,211,86,29
2026-09-23T03:01:00Z,2026-09-23T05:01:00+02:00,55,ajuntament-mercat,237,188,49,20.7
2026-09-23T03:02:00Z,2026-09-23T05:02:00+02:00,53,dr-robert,407,334,73,17.9
2026-09-23T03:02:00Z,2026-09-23T05:02:00+02:00,54,placa-vella,297,211,86,29
2026-09-23T03:02:00Z,2026-09-23T05:02:00+02:00,55,ajuntament-mercat,237,188,49,20.7
2026-09-23T03:03:00Z,2026-09-23T05:03:00+02:00,53,dr-robert,407,334,73,17.9
2026-09-23T03:03:00Z,2026-09-23T05:03:00+02:00,54,placa-vella,297,211,86,29
2026-09-23T03:03:00Z,2026-09-23T05:03:00+02:00,55,ajuntament-mercat,237,188,49,20.7
2026-09-23T03:04:00Z,2026-09-23T05:04:00+02:00,53,dr-robert,407,334,73,17.9
2026-09-23T03:04:00Z,2026-09-23T05:04:00+02:00,54,placa-vella,297,211,86,29
2026-09-23T03:04:00Z,2026-09-23T05:04:00+02:00,55,ajuntament-mercat,237,188,49,20.7
2026-09-23T03:05:00Z,2026-09-23T05:05:00+02:00,53,dr-robert,407,334,73,17.9
2026-09-23T03:05:00Z,2026-09-23T05:05:00+02:00,54,placa-vella,297,211,86,29
2026-09-23T03:05:00Z,2026-09-23T05:05:00+02:00,55,ajuntament-mercat,237,188,49,20.7
2026-09-23T03:06:00Z,2026-09-23T05:06:00+02:00,53,dr-robert,407,334,73,17.9
2026-09-23T03:06:00Z,2026-09-23T05:06:00+02:00,54,placa-vella,297,211,86,29
2026-09-23T03:06:00Z,2026-09-23T05:06:00+02:00,55,ajuntament-mercat,237,188,49,20.7
2026-09-23T03:07:00Z,2026-09-23T05:07:00+02:00,53,dr-robert,407,334,73,17.9
2026-09-23T03:07:00Z,2026-09-23T05:07:00+02:00,54,placa-vella,297,211,86,29
2026-09-23T03:07:00Z,2026-09-23T05:07:00+02:00,55,ajuntament-mercat,237,188,49,20.7
2026-09-23T03:08:00Z,2026-09-23T05:08:00+02:00,53,dr-robert,407,334,73,17.9
2026-09-23T03:08:00Z,2026-09-23T05:08:00+02:00,54,placa-vella,297,211,86,29
2026-09-23T03:08:00Z,2026-09-23T05:08:00+02:00,55,ajuntament-mercat,237,188,49,20.7
2026-09-23T03:09:00Z,2026-09-23T05:09:00+02:00,53,dr-robert,407,334,73,17.9
2026-09-23T03:09:00Z,2026-09-23T05:09:00+02:00,54,placa-vella,297,211,86,29
2026-09-23T03:09:00Z,2026-09-23T05:09:00+02:00,55,ajuntament-mercat,237,188,49,20.7
2026-09-23T03:10:00Z,2026-09-23T05:10:00+02:00,53,dr-robert,407,335,72,17.7
2026-09-23T03:10:00Z,2026-09-23T05:10:00+02:00,54,placa-vella,297,211,86,29
2026-09-23T03:10:00Z,2026-09-23T05:10:00+02:00,55,ajuntament-mercat,237,188,49,20.7
2026-09-23T03:11:00Z,2026-09-23T05:11:00+02:00,53,dr-robert,407,335,72,17.7
2026-09-23T03:11:00Z,2026-09-23T05:11:00+02:00,54,placa-vella,297,211,86,29
2026-09-23T03:11:00Z,2026-09-23T05:11:00+02:00,55,ajuntament-mercat,237,188,49,20.7
2026-09-23T03:12:00Z,2026-09-23T05:12:00+02:00,53,dr-robert,407,335,72,17.7
2026-09-23T03:12:00Z,2026-09-23T05:12:00+02:00,54,placa-vella,297,211,86,29
2026-09-23T03:12:00Z,2026-09-23T05:12:00+02:00,55,ajuntament-mercat,237,188,49,20.7
2026-09-23T03:13:00Z,2026-09-23T05:13:00+02:00,53,dr-robert,407,335,72,17.7
2026-09-23T03:13:00Z,2026-09-23T05:13:00+02:00,54,placa-vella,297,211,86,29
2026-09-23T03:13:00Z,2026-09-23T05:13:00+02:00,55,ajuntament-mercat,237,188,49,20.7
2026-09-23T03:14:00Z,2026-09-23T05:14:00+02:00,53,dr-robert,407,335,72,17.7
2026-09-23T03:14:00Z,2026-09-23T05:14:00+02:00,54,placa-vella,297,211,86,29
2026-09-23T03:14:00Z,2026-09-23T05:14:00+02:00,55,ajuntament-mercat,237,188,49,20.7
2026-09-23T03:15:00Z,2026-09-23T05:15:00+02:00,53,dr-robert,407,334,73,17.9
2026-09-23T03:15:00Z,2026-09-23T05:15:00+02:00,54,placa-vella,297,211,86,29
2026-09-23T03:15:00Z,2026-09-23T05:15:00+02:00,55,ajuntament-mercat,237,188,49,20.7
2026-09-23T03:16:00Z,2026-09-23T05:16:00+02:00,53,dr-robert,407,334,73,17.9
2026-09-23T03:16:00Z,2026-09-23T05:16:00+02:00,54,placa-vella,297,211,86,29
2026-09-23T03:16:00Z,2026-09-23T05:16:00+02:00,55,ajuntament-mercat,237,188,49,20.7
2026-09-23T03:17:00Z,2026-09-23T05:17:00+02:00,53,dr-robert,407,334,73,17.9
2026-09-23T03:17:00Z,2026-09-23T05:17:00+02:00,54,placa-vella,297,211,86,29
2026-09-23T03:17:00Z,2026-09-23T05:17:00+02:00,55,ajuntament-mercat,237,188,49,20.7
2026-09-23T03:18:00Z,2026-09-23T05:18:00+02:00,53,dr-robert,407,334,73,17.9
2026-09-23T03:18:00Z,2026-09-23T05:18:00+02:00,54,placa-vella,297,211,86,29
2026-09-23T03:18:00Z,2026-09-23T05:18:00+02:00,55,ajuntament-mercat,237,188,49,20.7
2026-09-23T03:19:00Z,2026-09-23T05:19:00+02:00,53,dr-robert,407,334,73,17.9
2026-09-23T03:19:00Z,2026-09-23T05:19:00+02:00,54,placa-vella,297,211,86,29
2026-09-23T03:19:00Z,2026-09-23T05:19:00+02:00,55,ajuntament-mercat,237,188,49,20.7
2026-09-23T03:20:00Z,2026-09-23T05:20:00+02:00,53,dr-robert,407,334,73,17.9
2026-09-23T03:20:00Z,2026-09-23T05:20:00+02:00,54,placa-vella,297,211,86,29
2026-09-23T03:20:00Z,2026-09-23T05:20:00+02:00,55,ajuntament-mercat,237,188,49,20.7
2026-09-23T03:21:00Z,2026-09-23T05:21:00+02:00,53,dr-robert,407,334,73,17.9
2026-09-23T03:21:00Z,2026-09-23T05:21:00+02:00,54,placa-vella,297,211,86,29
2026-09-23T03:21:00Z,2026-09-23T05:21:00+02:00,55,ajuntament-mercat,237,188,49,20.7
2026-09-23T03:22:00Z,2026-09-23T05:22:00+02:00,53,dr-robert,407,334,73,17.9
2026-09-23T03:22:00Z,2026-09-23T05:22:00+02:00,54,placa-vella,297,211,86,29
2026-09-23T03:22:00Z,2026-09-23T05:22:00+02:00,55,ajuntament-mercat,237,188,49,20.7
2026-09-23T03:23:00Z,2026-09-23T05:23:00+02:00,53,dr-robert,407,334,73,17.9
2026-09-23T03:23:00Z,2026-09-23T05:23:00+02:00,54,placa-vella,297,211,86,29
2026-09-23T03:23:00Z,2026-09-23T05:23:00+02:00,55,ajuntament-mercat,237,188,49,20.7
2026-09-23T03:24:00Z,2026-09-23T05:24:00+02:00,53,dr-robert,407,334,73,17.9
2026-09-23T03:24:00Z,2026-09-23T05:24:00+02:00,54,placa-vella,297,211,86,29
2026-09-23T03:24:00Z,2026-09-23T05:24:00+02:00,55,ajuntament-mercat,237,188,49,20.7
2026-09-23T03:25:00Z,2026-09-23T05:25:00+02:00,53,dr-robert,407,333,74,18.2
2026-09-23T03:25:00Z,2026-09-23T05:25:00+02:00,54,placa-vella,297,211,86,29
2026-09-23T03:25:00Z,2026-09-23T05:25:00+02:00,55,ajuntament-mercat,237,187,50,21.1
2026-09-23T03:26:00Z,2026-09-23T05:26:00+02:00,53,dr-robert,407,333,74,18.2
2026-09-23T03:26:00Z,2026-09-23T05:26:00+02:00,54,placa-vella,297,211,86,29
2026-09-23T03:26:00Z,2026-09-23T05:26:00+02:00,55,ajuntament-mercat,237,187,50,21.1
2026-09-23T03:27:00Z,2026-09-23T05:27:00+02:00,53,dr-robert,407,333,74,18.2
2026-09-23T03:27:00Z,2026-09-23T05:27:00+02:00,54,placa-vella,297,211,86,29
2026-09-23T03:27:00Z,2026-09-23T05:27:00+02:00,55,ajuntament-mercat,237,187,50,21.1
2026-09-23T03:28:00Z,2026-09-23T05:28:00+02:00,53,dr-robert,407,333,74,18.2
2026-09-23T03:28:00Z,2026-09-23T05:28:00+02:00,54,placa-vella,297,211,86,29
2026-09-23T03:28:00Z,2026-09-23T05:28:00+02:00,55,ajuntament-mercat,237,187,50,21.1
2026-09-23T03:29:00Z,2026-09-23T05:29:00+02:00,53,dr-robert,407,333,74,18.2
2026-09-23T03:29:00Z,2026-09-23T05:29:00+02:00,54,placa-vella,297,211,86,29
2026-09-23T03:29:00Z,2026-09-23T05:29:00+02:00,55,ajuntament-mercat,237,187,50,21.1
2026-09-23T03:30:00Z,2026-09-23T05:30:00+02:00,53,dr-robert,407,333,74,18.2
2026-09-23T03:30:00Z,2026-09-23T05:30:00+02:00,54,placa-vella,297,210,87,29.3
2026-09-23T03:30:00Z,2026-09-23T05:30:00+02:00,55,ajuntament-mercat,237,187,50,21.1
2026-09-23T03:31:00Z,2026-09-23T05:31:00+02:00,53,dr-robert,407,333,74,18.2
2026-09-23T03:31:00Z,2026-09-23T05:31:00+02:00,54,placa-vella,297,210,87,29.3
2026-09-23T03:31:00Z,2026-09-23T05:31:00+02:00,55,ajuntament-mercat,237,187,50,21.1
2026-09-23T03:32:00Z,2026-09-23T05:32:00+02:00,53,dr-robert,407,333,74,18.2
2026-09-23T03:32:00Z,2026-09-23T05:32:00+02:00,54,placa-vella,297,210,87,29.3
2026-09-23T03:32:00Z,2026-09-23T05:32:00+02:00,55,ajuntament-mercat,237,187,50,21.1
2026-09-23T03:33:00Z,2026-09-23T05:33:00+02:00,53,dr-robert,407,333,74,18.2
2026-09-23T03:33:00Z,2026-09-23T05:33:00+02:00,54,placa-vella,297,210,87,29.3
2026-09-23T03:33:00Z,2026-09-23T05:33:00+02:00,55,ajuntament-mercat,237,187,50,21.1
2026-09-23T03:34:00Z,2026-09-23T05:34:00+02:00,53,dr-robert,407,333,74,18.2
2026-09-23T03:34:00Z,2026-09-23T05:34:00+02:00,54,placa-vella,297,210,87,29.3
2026-09-23T03:34:00Z,2026-09-23T05:34:00+02:00,55,ajuntament-mercat,237,187,50,21.1
2026-09-23T03:35:00Z,2026-09-23T05:35:00+02:00,53,dr-robert,407,333,74,18.2
2026-09-23T03:35:00Z,2026-09-23T05:35:00+02:00,54,placa-vella,297,210,87,29.3
2026-09-23T03:35:00Z,2026-09-23T05:35:00+02:00,55,ajuntament-mercat,237,187,50,21.1
2026-09-23T03:36:00Z,2026-09-23T05:36:00+02:00,53,dr-robert,407,333,74,18.2
2026-09-23T03:36:00Z,2026-09-23T05:36:00+02:00,54,placa-vella,297,210,87,29.3
2026-09-23T03:36:00Z,2026-09-23T05:36:00+02:00,55,ajuntament-mercat,237,187,50,21.1
2026-09-23T03:37:00Z,2026-09-23T05:37:00+02:00,53,dr-robert,407,333,74,18.2
2026-09-23T03:37:00Z,2026-09-23T05:37:00+02:00,54,placa-vella,297,210,87,29.3
2026-09-23T03:37:00Z,2026-09-23T05:37:00+02:00,55,ajuntament-mercat,237,187,50,21.1
2026-09-23T03:38:00Z,2026-09-23T05:38:00+02:00,53,dr-robert,407,333,74,18.2
2026-09-23T03:38:00Z,2026-09-23T05:38:00+02:00,54,placa-vella,297,210,87,29.3
2026-09-23T03:38:00Z,2026-09-23T05:38:00+02:00,55,ajuntament-mercat,237,187,50,21.1
2026-09-23T03:39:00Z,2026-09-23T05:39:00+02:00,53,dr-robert,407,333,74,18.2
2026-09-23T03:39:00Z,2026-09-23T05:39:00+02:00,54,placa-vella,297,210,87,29.3
2026-09-23T03:39:00Z,2026-09-23T05:39:00+02:00,55,ajuntament-mercat,237,187,50,21.1
2026-09-23T03:40:00Z,2026-09-23T05:40:00+02:00,53,dr-robert,407,332,75,18.4
2026-09-23T03:40:00Z,2026-09-23T05:40:00+02:00,54,placa-vella,297,211,86,29
2026-09-23T03:40:00Z,2026-09-23T05:40:00+02:00,55,ajuntament-mercat,237,187,50,21.1
2026-09-23T03:41:00Z,2026-09-23T05:41:00+02:00,53,dr-robert,407,332,75,18.4
2026-09-23T03:41:00Z,2026-09-23T05:41:00+02:00,54,placa-vella,297,211,86,29
2026-09-23T03:41:00Z,2026-09-23T05:41:00+02:00,55,ajuntament-mercat,237,187,50,21.1
2026-09-23T03:42:00Z,2026-09-23T05:42:00+02:00,53,dr-robert,407,332,75,18.4
2026-09-23T03:42:00Z,2026-09-23T05:42:00+02:00,54,placa-vella,297,211,86,29
2026-09-23T03:42:00Z,2026-09-23T05:42:00+02:00,55,ajuntament-mercat,237,187,50,21.1
2026-09-23T03:43:00Z,2026-09-23T05:43:00+02:00,53,dr-robert,407,332,75,18.4
2026-09-23T03:43:00Z,2026-09-23T05:43:00+02:00,54,placa-vella,297,211,86,29
2026-09-23T03:43:00Z,2026-09-23T05:43:00+02:00,55,ajuntament-mercat,237,187,50,21.1
2026-09-23T03:44:00Z,2026-09-23T05:44:00+02:00,53,dr-robert,407,332,75,18.4
2026-09-23T03:44:00Z,2026-09-23T05:44:00+02:00,54,placa-vella,297,211,86,29
2026-09-23T03:44:00Z,2026-09-23T05:44:00+02:00,55,ajuntament-mercat,237,187,50,21.1
2026-09-23T03:45:00Z,2026-09-23T05:45:00+02:00,53,dr-robert,407,331,76,18.7
2026-09-23T03:45:00Z,2026-09-23T05:45:00+02:00,54,placa-vella,297,211,86,29
2026-09-23T03:45:00Z,2026-09-23T05:45:00+02:00,55,ajuntament-mercat,237,186,51,21.5
2026-09-23T03:46:00Z,2026-09-23T05:46:00+02:00,53,dr-robert,407,331,76,18.7
2026-09-23T03:46:00Z,2026-09-23T05:46:00+02:00,54,placa-vella,297,211,86,29
2026-09-23T03:46:00Z,2026-09-23T05:46:00+02:00,55,ajuntament-mercat,237,186,51,21.5
2026-09-23T03:47:00Z,2026-09-23T05:47:00+02:00,53,dr-robert,407,331,76,18.7
2026-09-23T03:47:00Z,2026-09-23T05:47:00+02:00,54,placa-vella,297,211,86,29
2026-09-23T03:47:00Z,2026-09-23T05:47:00+02:00,55,ajuntament-mercat,237,186,51,21.5
2026-09-23T03:48:00Z,2026-09-23T05:48:00+02:00,53,dr-robert,407,331,76,18.7
2026-09-23T03:48:00Z,2026-09-23T05:48:00+02:00,54,placa-vella,297,211,86,29
2026-09-23T03:48:00Z,2026-09-23T05:48:00+02:00,55,ajuntament-mercat,237,186,51,21.5
2026-09-23T03:49:00Z,2026-09-23T05:49:00+02:00,53,dr-robert,407,331,76,18.7
2026-09-23T03:49:00Z,2026-09-23T05:49:00+02:00,54,placa-vella,297,211,86,29
2026-09-23T03:49:00Z,2026-09-23T05:49:00+02:00,55,ajuntament-mercat,237,186,51,21.5
2026-09-23T03:50:00Z,2026-09-23T05:50:00+02:00,53,dr-robert,407,331,76,18.7
2026-09-23T03:50:00Z,2026-09-23T05:50:00+02:00,54,placa-vella,297,211,86,29
2026-09-23T03:50:00Z,2026-09-23T05:50:00+02:00,55,ajuntament-mercat,237,187,50,21.1
2026-09-23T03:51:00Z,2026-09-23T05:51:00+02:00,53,dr-robert,407,331,76,18.7
2026-09-23T03:51:00Z,2026-09-23T05:51:00+02:00,54,placa-vella,297,211,86,29
2026-09-23T03:51:00Z,2026-09-23T05:51:00+02:00,55,ajuntament-mercat,237,187,50,21.1
2026-09-23T03:52:00Z,2026-09-23T05:52:00+02:00,53,dr-robert,407,331,76,18.7
2026-09-23T03:52:00Z,2026-09-23T05:52:00+02:00,54,placa-vella,297,211,86,29
2026-09-23T03:52:00Z,2026-09-23T05:52:00+02:00,55,ajuntament-mercat,237,187,50,21.1
2026-09-23T03:53:00Z,2026-09-23T05:53:00+02:00,53,dr-robert,407,331,76,18.7
2026-09-23T03:53:00Z,2026-09-23T05:53:00+02:00,54,placa-vella,297,211,86,29
2026-09-23T03:53:00Z,2026-09-23T05:53:00+02:00,55,ajuntament-mercat,237,187,50,21.1
2026-09-23T03:54:00Z,2026-09-23T05:54:00+02:00,53,dr-robert,407,331,76,18.7
2026-09-23T03:54:00Z,2026-09-23T05:54:00+02:00,54,placa-vella,297,211,86,29
2026-09-23T03:54:00Z,2026-09-23T05:54:00+02:00,55,ajuntament-mercat,237,187,50,21.1
2026-09-23T03:55:00Z,2026-09-23T05:55:00+02:00,53,dr-robert,407,330,77,18.9
2026-09-23T03:55:00Z,2026-09-23T05:55:00+02:00,54,placa-vella,297,212,85,28.6
2026-09-23T03:55:00Z,2026-09-23T05:55:00+02:00,55,ajuntament-mercat,237,186,51,21.5
2026-09-23T03:56:00Z,2026-09-23T05:56:00+02:00,53,dr-robert,407,330,77,18.9
2026-09-23T03:56:00Z,2026-09-23T05:56:00+02:00,54,placa-vella,297,212,85,28.6
2026-09-23T03:56:00Z,2026-09-23T05:56:00+02:00,55,ajuntament-mercat,237,186,51,21.5
2026-09-23T03:57:00Z,2026-09-23T05:57:00+02:00,53,dr-robert,407,330,77,18.9
2026-09-23T03:57:00Z,2026-09-23T05:57:00+02:00,54,placa-vella,297,212,85,28.6
2026-09-23T03:57:00Z,2026-09-23T05:57:00+02:00,55,ajuntament-mercat,237,186,51,21.5
2026-09-23T03:58:00Z,2026-09-23T05:58:00+02:00,53,dr-robert,407,330,77,18.9
2026-09-23T03:58:00Z,2026-09-23T05:58:00+02:00,54,placa-vella,297,212,85,28.6
2026-09-23T03:58:00Z,2026-09-23T05:58:00+02:00,55,ajuntament-mercat,237,186,51,21.5
2026-09-23T03:59:00Z,2026-09-23T05:59:00+02:00,53,dr-robert,407,330,77,18.9
2026-09-23T03:59:00Z,2026-09-23T05:59:00+02:00,54,placa-vella,297,212,85,28.6
2026-09-23T03:59:00Z,2026-09-23T05:59:00+02:00,55,ajuntament-mercat,237,186,51,21.5
2026-09-23T04:00:00Z,2026-09-23T06:00:00+02:00,53,dr-robert,407,330,77,18.9
2026-09-23T04:00:00Z,2026-09-23T06:00:00+02:00,54,placa-vella,297,212,85,28.6
2026-09-23T04:00:00Z,2026-09-23T06:00:00+02:00,55,ajuntament-mercat,237,186,51,21.5
2026-09-23T04:01:00Z,2026-09-23T06:01:00+02:00,53,dr-robert,407,330,77,18.9
2026-09-23T04:01:00Z,2026-09-23T06:01:00+02:00,54,placa-vella,297,212,85,28.6
2026-09-23T04:01:00Z,2026-09-23T06:01:00+02:00,55,ajuntament-mercat,237,186,51,21.5
2026-09-23T04:02:00Z,2026-09-23T06:02:00+02:00,53,dr-robert,407,330,77,18.9
2026-09-23T04:02:00Z,2026-09-23T06:02:00+02:00,54,placa-vella,297,212,85,28.6
2026-09-23T04:02:00Z,2026-09-23T06:02:00+02:00,55,ajuntament-mercat,237,186,51,21.5
2026-09-23T04:03:00Z,2026-09-23T06:03:00+02:00,53,dr-robert,407,330,77,18.9
2026-09-23T04:03:00Z,2026-09-23T06:03:00+02:00,54,placa-vella,297,212,85,28.6
2026-09-23T04:03:00Z,2026-09-23T06:03:00+02:00,55,ajuntament-mercat,237,186,51,21.5
2026-09-23T04:04:00Z,2026-09-23T06:04:00+02:00,53,dr-robert,407,331,76,18.7
2026-09-23T04:04:00Z,2026-09-23T06:04:00+02:00,54,placa-vella,297,211,86,29
2026-09-23T04:04:00Z,2026-09-23T06:04:00+02:00,55,ajuntament-mercat,237,193,44,18.6
2026-09-23T04:05:00Z,2026-09-23T06:05:00+02:00,53,dr-robert,407,331,76,18.7
2026-09-23T04:05:00Z,2026-09-23T06:05:00+02:00,54,placa-vella,297,211,86,29
2026-09-23T04:05:00Z,2026-09-23T06:05:00+02:00,55,ajuntament-mercat,237,193,44,18.6
2026-09-23T04:06:00Z,2026-09-23T06:06:00+02:00,53,dr-robert,407,331,76,18.7
2026-09-23T04:06:00Z,2026-09-23T06:06:00+02:00,54,placa-vella,297,211,86,29
2026-09-23T04:06:00Z,2026-09-23T06:06:00+02:00,55,ajuntament-mercat,237,193,44,18.6
2026-09-23T04:07:00Z,2026-09-23T06:07:00+02:00,53,dr-robert,407,331,76,18.7
2026-09-23T04:07:00Z,2026-09-23T06:07:00+02:00,54,placa-vella,297,211,86,29
2026-09-23T04:07:00Z,2026-09-23T06:07:00+02:00,55,ajuntament-mercat,237,193,44,18.6
2026-09-23T04:08:00Z,2026-09-23T06:08:00+02:00,53,dr-robert,407,331,76,18.7
2026-09-23T04:08:00Z,2026-09-23T06:08:00+02:00,54,placa-vella,297,211,86,29
2026-09-23T04:08:00Z,2026-09-23T06:08:00+02:00,55,ajuntament-mercat,237,193,44,18.6
2026-09-23T04:09:00Z,2026-09-23T06:09:00+02:00,53,dr-robert,407,331,76,18.7
2026-09-23T04:09:00Z,2026-09-23T06:09:00+02:00,54,placa-vella,297,211,86,29
2026-09-23T04:09:00Z,2026-09-23T06:09:00+02:00,55,ajuntament-mercat,237,193,44,18.6
2026-09-23T04:10:00Z,2026-09-23T06:10:00+02:00,53,dr-robert,407,330,77,18.9
2026-09-23T04:10:00Z,2026-09-23T06:10:00+02:00,54,placa-vella,297,214,83,27.9
2026-09-23T04:10:00Z,2026-09-23T06:10:00+02:00,55,ajuntament-mercat,237,193,44,18.6
2026-09-23T04:11:00Z,2026-09-23T06:11:00+02:00,53,dr-robert,407,330,77,18.9
2026-09-23T04:11:00Z,2026-09-23T06:11:00+02:00,54,placa-vella,297,214,83,27.9
2026-09-23T04:11:00Z,2026-09-23T06:11:00+02:00,55,ajuntament-mercat,237,193,44,18.6
2026-09-23T04:12:00Z,2026-09-23T06:12:00+02:00,53,dr-robert,407,330,77,18.9
2026-09-23T04:12:00Z,2026-09-23T06:12:00+02:00,54,placa-vella,297,214,83,27.9
2026-09-23T04:12:00Z,2026-09-23T06:12:00+02:00,55,ajuntament-mercat,237,193,44,18.6
2026-09-23T04:13:00Z,2026-09-23T06:13:00+02:00,53,dr-robert,407,330,77,18.9
2026-09-23T04:13:00Z,2026-09-23T06:13:00+02:00,54,placa-vella,297,214,83,27.9
2026-09-23T04:13:00Z,2026-09-23T06:13:00+02:00,55,ajuntament-mercat,237,193,44,18.6
2026-09-23T04:14:00Z,2026-09-23T06:14:00+02:00,53,dr-robert,407,330,77,18.9
2026-09-23T04:14:00Z,2026-09-23T06:14:00+02:00,54,placa-vella,297,214,83,27.9
2026-09-23T04:14:00Z,2026-09-23T06:14:00+02:00,55,ajuntament-mercat,237,193,44,18.6
2026-09-23T04:15:00Z,2026-09-23T06:15:00+02:00,53,dr-robert,407,329,78,19.2
2026-09-23T04:15:00Z,2026-09-23T06:15:00+02:00,54,placa-vella,297,214,83,27.9
2026-09-23T04:15:00Z,2026-09-23T06:15:00+02:00,55,ajuntament-mercat,237,193,44,18.6
2026-09-23T04:16:00Z,2026-09-23T06:16:00+02:00,53,dr-robert,407,329,78,19.2
2026-09-23T04:16:00Z,2026-09-23T06:16:00+02:00,54,placa-vella,297,214,83,27.9
2026-09-23T04:16:00Z,2026-09-23T06:16:00+02:00,55,ajuntament-mercat,237,193,44,18.6
2026-09-23T04:17:00Z,2026-09-23T06:17:00+02:00,53,dr-robert,407,329,78,19.2
2026-09-23T04:17:00Z,2026-09-23T06:17:00+02:00,54,placa-vella,297,214,83,27.9
2026-09-23T04:17:00Z,2026-09-23T06:17:00+02:00,55,ajuntament-mercat,237,193,44,18.6
2026-09-23T04:18:00Z,2026-09-23T06:18:00+02:00,53,dr-robert,407,329,78,19.2
2026-09-23T04:18:00Z,2026-09-23T06:18:00+02:00,54,placa-vella,297,214,83,27.9
2026-09-23T04:18:00Z,2026-09-23T06:18:00+02:00,55,ajuntament-mercat,237,193,44,18.6
2026-09-23T04:19:00Z,2026-09-23T06:19:00+02:00,53,dr-robert,407,329,78,19.2
2026-09-23T04:19:00Z,2026-09-23T06:19:00+02:00,54,placa-vella,297,214,83,27.9
2026-09-23T04:19:00Z,2026-09-23T06:19:00+02:00,55,ajuntament-mercat,237,193,44,18.6
2026-09-23T04:20:00Z,2026-09-23T06:20:00+02:00,53,dr-robert,407,330,77,18.9
2026-09-23T04:20:00Z,2026-09-23T06:20:00+02:00,54,placa-vella,297,214,83,27.9
2026-09-23T04:20:00Z,2026-09-23T06:20:00+02:00,55,ajuntament-mercat,237,193,44,18.6
2026-09-23T04:21:00Z,2026-09-23T06:21:00+02:00,53,dr-robert,407,330,77,18.9
2026-09-23T04:21:00Z,2026-09-23T06:21:00+02:00,54,placa-vella,297,214,83,27.9
2026-09-23T04:21:00Z,2026-09-23T06:21:00+02:00,55,ajuntament-mercat,237,193,44,18.6
2026-09-23T04:22:00Z,2026-09-23T06:22:00+02:00,53,dr-robert,407,330,77,18.9
2026-09-23T04:22:00Z,2026-09-23T06:22:00+02:00,54,placa-vella,297,214,83,27.9
2026-09-23T04:22:00Z,2026-09-23T06:22:00+02:00,55,ajuntament-mercat,237,193,44,18.6
2026-09-23T04:23:00Z,2026-09-23T06:23:00+02:00,53,dr-robert,407,330,77,18.9
2026-09-23T04:23:00Z,2026-09-23T06:23:00+02:00,54,placa-vella,297,214,83,27.9
2026-09-23T04:23:00Z,2026-09-23T06:23:00+02:00,55,ajuntament-mercat,237,193,44,18.6
2026-09-23T04:24:00Z,2026-09-23T06:24:00+02:00,53,dr-robert,407,330,77,18.9
2026-09-23T04:24:00Z,2026-09-23T06:24:00+02:00,54,placa-vella,297,214,83,27.9
2026-09-23T04:24:00Z,2026-09-23T06:24:00+02:00,55,ajuntament-mercat,237,193,44,18.6
2026-09-23T04:25:00Z,2026-09-23T06:25:00+02:00,53,dr-robert,407,331,76,18.7
2026-09-23T04:25:00Z,2026-09-23T06:25:00+02:00,54,placa-vella,297,214,83,27.9
2026-09-23T04:25:00Z,2026-09-23T06:25:00+02:00,55,ajuntament-mercat,237,193,44,18.6
2026-09-23T04:26:00Z,2026-09-23T06:26:00+02:00,53,dr-robert,407,331,76,18.7
2026-09-23T04:26:00Z,2026-09-23T06:26:00+02:00,54,placa-vella,297,214,83,27.9
2026-09-23T04:26:00Z,2026-09-23T06:26:00+02:00,55,ajuntament-mercat,237,193,44,18.6
2026-09-23T04:27:00Z,2026-09-23T06:27:00+02:00,53,dr-robert,407,331,76,18.7
2026-09-23T04:27:00Z,2026-09-23T06:27:00+02:00,54,placa-vella,297,214,83,27.9
2026-09-23T04:27:00Z,2026-09-23T06:27:00+02:00,55,ajuntament-mercat,237,193,44,18.6
2026-09-23T04:28:00Z,2026-09-23T06:28:00+02:00,53,dr-robert,407,331,76,18.7
2026-09-23T04:28:00Z,2026-09-23T06:28:00+02:00,54,placa-vella,297,214,83,27.9
2026-09-23T04:28:00Z,2026-09-23T06:28:00+02:00,55,ajuntament-mercat,237,193,44,18.6
2026-09-23T04:29:00Z,2026-09-23T06:29:00+02:00,53,dr-robert,407,331,76,18.7
2026-09-23T04:29:00Z,2026-09-23T06:29:00+02:00,54,placa-vella,297,214,83,27.9
2026-09-23T04:29:00Z,2026-09-23T06:29:00+02:00,55,ajuntament-mercat,237,193,44,18.6
2026-09-23T04:30:00Z,2026-09-23T06:30:00+02:00,53,dr-robert,407,330,77,18.9
2026-09-23T04:30:00Z,2026-09-23T06:30:00+02:00,54,placa-vella,297,214,83,27.9
2026-09-23T04:30:00Z,2026-09-23T06:30:00+02:00,55,ajuntament-mercat,237,192,45,19
2026-09-23T04:31:00Z,2026-09-23T06:31:00+02:00,53,dr-robert,407,330,77,18.9
2026-09-23T04:31:00Z,2026-09-23T06:31:00+02:00,54,placa-vella,297,214,83,27.9
2026-09-23T04:31:00Z,2026-09-23T06:31:00+02:00,55,ajuntament-mercat,237,192,45,19
2026-09-23T04:32:00Z,2026-09-23T06:32:00+02:00,53,dr-robert,407,330,77,18.9
2026-09-23T04:32:00Z,2026-09-23T06:32:00+02:00,54,placa-vella,297,214,83,27.9
2026-09-23T04:32:00Z,2026-09-23T06:32:00+02:00,55,ajuntament-mercat,237,192,45,19
2026-09-23T04:33:00Z,2026-09-23T06:33:00+02:00,53,dr-robert,407,330,77,18.9
2026-09-23T04:33:00Z,2026-09-23T06:33:00+02:00,54,placa-vella,297,214,83,27.9
2026-09-23T04:33:00Z,2026-09-23T06:33:00+02:00,55,ajuntament-mercat,237,192,45,19
2026-09-23T04:34:00Z,2026-09-23T06:34:00+02:00,53,dr-robert,407,330,77,18.9
2026-09-23T04:34:00Z,2026-09-23T06:34:00+02:00,54,placa-vella,297,214,83,27.9
2026-09-23T04:34:00Z,2026-09-23T06:34:00+02:00,55,ajuntament-mercat,237,192,45,19
2026-09-23T04:35:00Z,2026-09-23T06:35:00+02:00,53,dr-robert,407,331,76,18.7
2026-09-23T04:35:00Z,2026-09-23T06:35:00+02:00,54,placa-vella,297,214,83,27.9
2026-09-23T04:35:00Z,2026-09-23T06:35:00+02:00,55,ajuntament-mercat,237,191,46,19.4
2026-09-23T04:36:00Z,2026-09-23T06:36:00+02:00,53,dr-robert,407,331,76,18.7
2026-09-23T04:36:00Z,2026-09-23T06:36:00+02:00,54,placa-vella,297,214,83,27.9
2026-09-23T04:36:00Z,2026-09-23T06:36:00+02:00,55,ajuntament-mercat,237,191,46,19.4
2026-09-23T04:37:00Z,2026-09-23T06:37:00+02:00,53,dr-robert,407,331,76,18.7
2026-09-23T04:37:00Z,2026-09-23T06:37:00+02:00,54,placa-vella,297,214,83,27.9
2026-09-23T04:37:00Z,2026-09-23T06:37:00+02:00,55,ajuntament-mercat,237,191,46,19.4
2026-09-23T04:38:00Z,2026-09-23T06:38:00+02:00,53,dr-robert,407,331,76,18.7
2026-09-23T04:38:00Z,2026-09-23T06:38:00+02:00,54,placa-vella,297,214,83,27.9
2026-09-23T04:38:00Z,2026-09-23T06:38:00+02:00,55,ajuntament-mercat,237,191,46,19.4
2026-09-23T04:39:00Z,2026-09-23T06:39:00+02:00,53,dr-robert,407,331,76,18.7
2026-09-23T04:39:00Z,2026-09-23T06:39:00+02:00,54,placa-vella,297,214,83,27.9
2026-09-23T04:39:00Z,2026-09-23T06:39:00+02:00,55,ajuntament-mercat,237,191,46,19.4
2026-09-23T04:40:00Z,2026-09-23T06:40:00+02:00,53,dr-robert,407,331,76,18.7
2026-09-23T04:40:00Z,2026-09-23T06:40:00+02:00,54,placa-vella,297,213,84,28.3
2026-09-23T04:40:00Z,2026-09-23T06:40:00+02:00,55,ajuntament-mercat,237,190,47,19.8
2026-09-23T04:41:00Z,2026-09-23T06:41:00+02:00,53,dr-robert,407,331,76,18.7
2026-09-23T04:41:00Z,2026-09-23T06:41:00+02:00,54,placa-vella,297,213,84,28.3
2026-09-23T04:41:00Z,2026-09-23T06:41:00+02:00,55,ajuntament-mercat,237,190,47,19.8
2026-09-23T04:42:00Z,2026-09-23T06:42:00+02:00,53,dr-robert,407,331,76,18.7
2026-09-23T04:42:00Z,2026-09-23T06:42:00+02:00,54,placa-vella,297,213,84,28.3
2026-09-23T04:42:00Z,2026-09-23T06:42:00+02:00,55,ajuntament-mercat,237,190,47,19.8
2026-09-23T04:43:00Z,2026-09-23T06:43:00+02:00,53,dr-robert,407,331,76,18.7
2026-09-23T04:43:00Z,2026-09-23T06:43:00+02:00,54,placa-vella,297,213,84,28.3
2026-09-23T04:43:00Z,2026-09-23T06:43:00+02:00,55,ajuntament-mercat,237,190,47,19.8
2026-09-23T04:44:00Z,2026-09-23T06:44:00+02:00,53,dr-robert,407,331,76,18.7
2026-09-23T04:44:00Z,2026-09-23T06:44:00+02:00,54,placa-vella,297,213,84,28.3
2026-09-23T04:44:00Z,2026-09-23T06:44:00+02:00,55,ajuntament-mercat,237,190,47,19.8
2026-09-23T04:45:00Z,2026-09-23T06:45:00+02:00,53,dr-robert,407,329,78,19.2
2026-09-23T04:45:00Z,2026-09-23T06:45:00+02:00,54,placa-vella,297,211,86,29
2026-09-23T04:45:00Z,2026-09-23T06:45:00+02:00,55,ajuntament-mercat,237,190,47,19.8
2026-09-23T04:46:00Z,2026-09-23T06:46:00+02:00,53,dr-robert,407,329,78,19.2
2026-09-23T04:46:00Z,2026-09-23T06:46:00+02:00,54,placa-vella,297,211,86,29
2026-09-23T04:46:00Z,2026-09-23T06:46:00+02:00,55,ajuntament-mercat,237,190,47,19.8
2026-09-23T04:47:00Z,2026-09-23T06:47:00+02:00,53,dr-robert,407,329,78,19.2
2026-09-23T04:47:00Z,2026-09-23T06:47:00+02:00,54,placa-vella,297,211,86,29
2026-09-23T04:47:00Z,2026-09-23T06:47:00+02:00,55,ajuntament-mercat,237,190,47,19.8
2026-09-23T04:48:00Z,2026-09-23T06:48:00+02:00,53,dr-robert,407,329,78,19.2
2026-09-23T04:48:00Z,2026-09-23T06:48:00+02:00,54,placa-vella,297,211,86,29
2026-09-23T04:48:00Z,2026-09-23T06:48:00+02:00,55,ajuntament-mercat,237,190,47,19.8
2026-09-23T04:49:00Z,2026-09-23T06:49:00+02:00,53,dr-robert,407,329,78,19.2
2026-09-23T04:49:00Z,2026-09-23T06:49:00+02:00,54,placa-vella,297,211,86,29
2026-09-23T04:49:00Z,2026-09-23T06:49:00+02:00,55,ajuntament-mercat,237,190,47,19.8
2026-09-23T04:50:00Z,2026-09-23T06:50:00+02:00,53,dr-robert,407,322,85,20.9
2026-09-23T04:50:00Z,2026-09-23T06:50:00+02:00,54,placa-vella,297,210,87,29.3
2026-09-23T04:50:00Z,2026-09-23T06:50:00+02:00,55,ajuntament-mercat,237,189,48,20.3
2026-09-23T04:51:00Z,2026-09-23T06:51:00+02:00,53,dr-robert,407,322,85,20.9
2026-09-23T04:51:00Z,2026-09-23T06:51:00+02:00,54,placa-vella,297,210,87,29.3
2026-09-23T04:51:00Z,2026-09-23T06:51:00+02:00,55,ajuntament-mercat,237,189,48,20.3
2026-09-23T04:52:00Z,2026-09-23T06:52:00+02:00,53,dr-robert,407,322,85,20.9
2026-09-23T04:52:00Z,2026-09-23T06:52:00+02:00,54,placa-vella,297,210,87,29.3
2026-09-23T04:52:00Z,2026-09-23T06:52:00+02:00,55,ajuntament-mercat,237,189,48,20.3
2026-09-23T04:53:00Z,2026-09-23T06:53:00+02:00,53,dr-robert,407,322,85,20.9
2026-09-23T04:53:00Z,2026-09-23T06:53:00+02:00,54,placa-vella,297,210,87,29.3
2026-09-23T04:53:00Z,2026-09-23T06:53:00+02:00,55,ajuntament-mercat,237,189,48,20.3
2026-09-23T04:54:00Z,2026-09-23T06:54:00+02:00,53,dr-robert,407,322,85,20.9
2026-09-23T04:54:00Z,2026-09-23T06:54:00+02:00,54,placa-vella,297,210,87,29.3
2026-09-23T04:54:00Z,2026-09-23T06:54:00+02:00,55,ajuntament-mercat,237,189,48,20.3
2026-09-23T04:55:00Z,2026-09-23T06:55:00+02:00,53,dr-robert,407,320,87,21.4
2026-09-23T04:55:00Z,2026-09-23T06:55:00+02:00,54,placa-vella,297,210,87,29.3
2026-09-23T04:55:00Z,2026-09-23T06:55:00+02:00,55,ajuntament-mercat,237,189,48,20.3
2026-09-23T04:56:00Z,2026-09-23T06:56:00+02:00,53,dr-robert,407,320,87,21.4
2026-09-23T04:56:00Z,2026-09-23T06:56:00+02:00,54,placa-vella,297,210,87,29.3
2026-09-23T04:56:00Z,2026-09-23T06:56:00+02:00,55,ajuntament-mercat,237,189,48,20.3
2026-09-23T04:57:00Z,2026-09-23T06:57:00+02:00,53,dr-robert,407,320,87,21.4
2026-09-23T04:57:00Z,2026-09-23T06:57:00+02:00,54,placa-vella,297,210,87,29.3
2026-09-23T04:57:00Z,2026-09-23T06:57:00+02:00,55,ajuntament-mercat,237,189,48,20.3
2026-09-23T04:58:00Z,2026-09-23T06:58:00+02:00,53,dr-robert,407,320,87,21.4
2026-09-23T04:58:00Z,2026-09-23T06:58:00+02:00,54,placa-vella,297,210,87,29.3
2026-09-23T04:58:00Z,2026-09-23T06:58:00+02:00,55,ajuntament-mercat,237,189,48,20.3
2026-09-23T04:59:00Z,2026-09-23T06:59:00+02:00,53,dr-robert,407,320,87,21.4
2026-09-23T04:59:00Z,2026-09-23T06:59:00+02:00,54,placa-vella,297,210,87,29.3
2026-09-23T04:59:00Z,2026-09-23T06:59:00+02:00,55,ajuntament-mercat,237,189,48,20.3
2026-09-23T05:00:00Z,2026-09-23T07:00:00+02:00,53,dr-robert,407,320,87,21.4
2026-09-23T05:00:00Z,2026-09-23T07:00:00+02:00,54,placa-vella,297,210,87,29.3
2026-09-23T05:00:00Z,2026-09-23T07:00:00+02:00,55,ajuntament-mercat,237,189,48,20.3
2026-09-23T05:01:00Z,2026-09-23T07:01:00+02:00,53,dr-robert,407,320,87,21.4
2026-09-23T05:01:00Z,2026-09-23T07:01:00+02:00,54,placa-vella,297,210,87,29.3
2026-09-23T05:01:00Z,2026-09-23T07:01:00+02:00,55,ajuntament-mercat,237,189,48,20.3
2026-09-23T05:02:00Z,2026-09-23T07:02:00+02:00,53,dr-robert,407,314,93,22.9
2026-09-23T05:02:00Z,2026-09-23T07:02:00+02:00,54,placa-vella,297,210,87,29.3
2026-09-23T05:02:00Z,2026-09-23T07:02:00+02:00,55,ajuntament-mercat,237,188,49,20.7
2026-09-23T05:03:00Z,2026-09-23T07:03:00+02:00,53,dr-robert,407,314,93,22.9
2026-09-23T05:03:00Z,2026-09-23T07:03:00+02:00,54,placa-vella,297,210,87,29.3
2026-09-23T05:03:00Z,2026-09-23T07:03:00+02:00,55,ajuntament-mercat,237,188,49,20.7
2026-09-23T05:04:00Z,2026-09-23T07:04:00+02:00,53,dr-robert,407,314,93,22.9
2026-09-23T05:04:00Z,2026-09-23T07:04:00+02:00,54,placa-vella,297,210,87,29.3
2026-09-23T05:04:00Z,2026-09-23T07:04:00+02:00,55,ajuntament-mercat,237,188,49,20.7
2026-09-23T05:05:00Z,2026-09-23T07:05:00+02:00,53,dr-robert,407,314,93,22.9
2026-09-23T05:05:00Z,2026-09-23T07:05:00+02:00,54,placa-vella,297,210,87,29.3
2026-09-23T05:05:00Z,2026-09-23T07:05:00+02:00,55,ajuntament-mercat,237,188,49,20.7
2026-09-23T05:06:00Z,2026-09-23T07:06:00+02:00,53,dr-robert,407,308,99,24.3
2026-09-23T05:06:00Z,2026-09-23T07:06:00+02:00,54,placa-vella,297,212,85,28.6
2026-09-23T05:06:00Z,2026-09-23T07:06:00+02:00,55,ajuntament-mercat,237,190,47,19.8
2026-09-23T05:07:00Z,2026-09-23T07:07:00+02:00,53,dr-robert,407,308,99,24.3
2026-09-23T05:07:00Z,2026-09-23T07:07:00+02:00,54,placa-vella,297,212,85,28.6
2026-09-23T05:07:00Z,2026-09-23T07:07:00+02:00,55,ajuntament-mercat,237,190,47,19.8
2026-09-23T05:08:00Z,2026-09-23T07:08:00+02:00,53,dr-robert,407,308,99,24.3
2026-09-23T05:08:00Z,2026-09-23T07:08:00+02:00,54,placa-vella,297,212,85,28.6
2026-09-23T05:08:00Z,2026-09-23T07:08:00+02:00,55,ajuntament-mercat,237,190,47,19.8
2026-09-23T05:09:00Z,2026-09-23T07:09:00+02:00,53,dr-robert,407,308,99,24.3
2026-09-23T05:09:00Z,2026-09-23T07:09:00+02:00,54,placa-vella,297,212,85,28.6
2026-09-23T05:09:00Z,2026-09-23T07:09:00+02:00,55,ajuntament-mercat,237,190,47,19.8
2026-09-23T05:10:00Z,2026-09-23T07:10:00+02:00,53,dr-robert,407,303,104,25.6
2026-09-23T05:10:00Z,2026-09-23T07:10:00+02:00,54,placa-vella,297,211,86,29
2026-09-23T05:10:00Z,2026-09-23T07:10:00+02:00,55,ajuntament-mercat,237,190,47,19.8
2026-09-23T05:11:00Z,2026-09-23T07:11:00+02:00,53,dr-robert,407,303,104,25.6
2026-09-23T05:11:00Z,2026-09-23T07:11:00+02:00,54,placa-vella,297,211,86,29
2026-09-23T05:11:00Z,2026-09-23T07:11:00+02:00,55,ajuntament-mercat,237,190,47,19.8
2026-09-23T05:12:00Z,2026-09-23T07:12:00+02:00,53,dr-robert,407,303,104,25.6
2026-09-23T05:12:00Z,2026-09-23T07:12:00+02:00,54,placa-vella,297,211,86,29
2026-09-23T05:12:00Z,2026-09-23T07:12:00+02:00,55,ajuntament-mercat,237,190,47,19.8
2026-09-23T05:13:00Z,2026-09-23T07:13:00+02:00,53,dr-robert,407,303,104,25.6
2026-09-23T05:13:00Z,2026-09-23T07:13:00+02:00,54,placa-vella,297,211,86,29
2026-09-23T05:13:00Z,2026-09-23T07:13:00+02:00,55,ajuntament-mercat,237,190,47,19.8
2026-09-23T05:14:00Z,2026-09-23T07:14:00+02:00,53,dr-robert,407,303,104,25.6
2026-09-23T05:14:00Z,2026-09-23T07:14:00+02:00,54,placa-vella,297,211,86,29
2026-09-23T05:14:00Z,2026-09-23T07:14:00+02:00,55,ajuntament-mercat,237,190,47,19.8
2026-09-23T05:15:00Z,2026-09-23T07:15:00+02:00,53,dr-robert,407,300,107,26.3
2026-09-23T05:15:00Z,2026-09-23T07:15:00+02:00,54,placa-vella,297,210,87,29.3
2026-09-23T05:15:00Z,2026-09-23T07:15:00+02:00,55,ajuntament-mercat,237,189,48,20.3
2026-09-23T05:16:00Z,2026-09-23T07:16:00+02:00,53,dr-robert,407,300,107,26.3
2026-09-23T05:16:00Z,2026-09-23T07:16:00+02:00,54,placa-vella,297,210,87,29.3
2026-09-23T05:16:00Z,2026-09-23T07:16:00+02:00,55,ajuntament-mercat,237,189,48,20.3
2026-09-23T05:17:00Z,2026-09-23T07:17:00+02:00,53,dr-robert,407,300,107,26.3
2026-09-23T05:17:00Z,2026-09-23T07:17:00+02:00,54,placa-vella,297,210,87,29.3
2026-09-23T05:17:00Z,2026-09-23T07:17:00+02:00,55,ajuntament-mercat,237,189,48,20.3
2026-09-23T05:18:00Z,2026-09-23T07:18:00+02:00,53,dr-robert,407,300,107,26.3
2026-09-23T05:18:00Z,2026-09-23T07:18:00+02:00,54,placa-vella,297,210,87,29.3
2026-09-23T05:18:00Z,2026-09-23T07:18:00+02:00,55,ajuntament-mercat,237,189,48,20.3
2026-09-23T05:19:00Z,2026-09-23T07:19:00+02:00,53,dr-robert,407,300,107,26.3
2026-09-23T05:19:00Z,2026-09-23T07:19:00+02:00,54,placa-vella,297,210,87,29.3
2026-09-23T05:19:00Z,2026-09-23T07:19:00+02:00,55,ajuntament-mercat,237,189,48,20.3
2026-09-23T05:20:00Z,2026-09-23T07:20:00+02:00,53,dr-robert,407,295,112,27.5
2026-09-23T05:20:00Z,2026-09-23T07:20:00+02:00,54,placa-vella,297,212,85,28.6
2026-09-23T05:20:00Z,2026-09-23T07:20:00+02:00,55,ajuntament-mercat,237,184,53,22.4
2026-09-23T05:21:00Z,2026-09-23T07:21:00+02:00,53,dr-robert,407,295,112,27.5
2026-09-23T05:21:00Z,2026-09-23T07:21:00+02:00,54,placa-vella,297,212,85,28.6
2026-09-23T05:21:00Z,2026-09-23T07:21:00+02:00,55,ajuntament-mercat,237,184,53,22.4
2026-09-23T05:22:00Z,2026-09-23T07:22:00+02:00,53,dr-robert,407,295,112,27.5
2026-09-23T05:22:00Z,2026-09-23T07:22:00+02:00,54,placa-vella,297,212,85,28.6
2026-09-23T05:22:00Z,2026-09-23T07:22:00+02:00,55,ajuntament-mercat,237,184,53,22.4
2026-09-23T05:23:00Z,2026-09-23T07:23:00+02:00,53,dr-robert,407,295,112,27.5
2026-09-23T05:23:00Z,2026-09-23T07:23:00+02:00,54,placa-vella,297,212,85,28.6
2026-09-23T05:23:00Z,2026-09-23T07:23:00+02:00,55,ajuntament-mercat,237,184,53,22.4
2026-09-23T05:24:00Z,2026-09-23T07:24:00+02:00,53,dr-robert,407,295,112,27.5
2026-09-23T05:24:00Z,2026-09-23T07:24:00+02:00,54,placa-vella,297,212,85,28.6
2026-09-23T05:24:00Z,2026-09-23T07:24:00+02:00,55,ajuntament-mercat,237,184,53,22.4
2026-09-23T05:25:00Z,2026-09-23T07:25:00+02:00,53,dr-robert,407,292,115,28.3
2026-09-23T05:25:00Z,2026-09-23T07:25:00+02:00,54,placa-vella,297,214,83,27.9
2026-09-23T05:25:00Z,2026-09-23T07:25:00+02:00,55,ajuntament-mercat,237,184,53,22.4
2026-09-23T05:26:00Z,2026-09-23T07:26:00+02:00,53,dr-robert,407,292,115,28.3
2026-09-23T05:26:00Z,2026-09-23T07:26:00+02:00,54,placa-vella,297,214,83,27.9
2026-09-23T05:26:00Z,2026-09-23T07:26:00+02:00,55,ajuntament-mercat,237,184,53,22.4
2026-09-23T05:27:00Z,2026-09-23T07:27:00+02:00,53,dr-robert,407,292,115,28.3
2026-09-23T05:27:00Z,2026-09-23T07:27:00+02:00,54,placa-vella,297,214,83,27.9
2026-09-23T05:27:00Z,2026-09-23T07:27:00+02:00,55,ajuntament-mercat,237,184,53,22.4
2026-09-23T05:28:00Z,2026-09-23T07:28:00+02:00,53,dr-robert,407,292,115,28.3
2026-09-23T05:28:00Z,2026-09-23T07:28:00+02:00,54,placa-vella,297,214,83,27.9
2026-09-23T05:28:00Z,2026-09-23T07:28:00+02:00,55,ajuntament-mercat,237,184,53,22.4
2026-09-23T05:29:00Z,2026-09-23T07:29:00+02:00,53,dr-robert,407,292,115,28.3
2026-09-23T05:29:00Z,2026-09-23T07:29:00+02:00,54,placa-vella,297,214,83,27.9
2026-09-23T05:29:00Z,2026-09-23T07:29:00+02:00,55,ajuntament-mercat,237,184,53,22.4
2026-09-23T05:30:00Z,2026-09-23T07:30:00+02:00,53,dr-robert,407,286,121,29.7
2026-09-23T05:30:00Z,2026-09-23T07:30:00+02:00,54,placa-vella,297,212,85,28.6
2026-09-23T05:30:00Z,2026-09-23T07:30:00+02:00,55,ajuntament-mercat,237,184,53,22.4
2026-09-23T05:31:00Z,2026-09-23T07:31:00+02:00,53,dr-robert,407,286,121,29.7
2026-09-23T05:31:00Z,2026-09-23T07:31:00+02:00,54,placa-vella,297,212,85,28.6
2026-09-23T05:31:00Z,2026-09-23T07:31:00+02:00,55,ajuntament-mercat,237,184,53,22.4
2026-09-23T05:32:00Z,2026-09-23T07:32:00+02:00,53,dr-robert,407,286,121,29.7
2026-09-23T05:32:00Z,2026-09-23T07:32:00+02:00,54,placa-vella,297,212,85,28.6
2026-09-23T05:32:00Z,2026-09-23T07:32:00+02:00,55,ajuntament-mercat,237,184,53,22.4
2026-09-23T05:33:00Z,2026-09-23T07:33:00+02:00,53,dr-robert,407,286,121,29.7
2026-09-23T05:33:00Z,2026-09-23T07:33:00+02:00,54,placa-vella,297,212,85,28.6
2026-09-23T05:33:00Z,2026-09-23T07:33:00+02:00,55,ajuntament-mercat,237,184,53,22.4
2026-09-23T05:34:00Z,2026-09-23T07:34:00+02:00,53,dr-robert,407,286,121,29.7
2026-09-23T05:34:00Z,2026-09-23T07:34:00+02:00,54,placa-vella,297,212,85,28.6
2026-09-23T05:34:00Z,2026-09-23T07:34:00+02:00,55,ajuntament-mercat,237,184,53,22.4
2026-09-23T05:35:00Z,2026-09-23T07:35:00+02:00,53,dr-robert,407,278,129,31.7
2026-09-23T05:35:00Z,2026-09-23T07:35:00+02:00,54,placa-vella,297,210,87,29.3
2026-09-23T05:35:00Z,2026-09-23T07:35:00+02:00,55,ajuntament-mercat,237,175,62,26.2
2026-09-23T05:36:00Z,2026-09-23T07:36:00+02:00,53,dr-robert,407,278,129,31.7
2026-09-23T05:36:00Z,2026-09-23T07:36:00+02:00,54,placa-vella,297,210,87,29.3
2026-09-23T05:36:00Z,2026-09-23T07:36:00+02:00,55,ajuntament-mercat,237,175,62,26.2
2026-09-23T05:37:00Z,2026-09-23T07:37:00+02:00,53,dr-robert,407,278,129,31.7
2026-09-23T05:37:00Z,2026-09-23T07:37:00+02:00,54,placa-vella,297,210,87,29.3
2026-09-23T05:37:00Z,2026-09-23T07:37:00+02:00,55,ajuntament-mercat,237,175,62,26.2
2026-09-23T05:38:00Z,2026-09-23T07:38:00+02:00,53,dr-robert,407,278,129,31.7
2026-09-23T05:38:00Z,2026-09-23T07:38:00+02:00,54,placa-vella,297,210,87,29.3
2026-09-23T05:38:00Z,2026-09-23T07:38:00+02:00,55,ajuntament-mercat,237,175,62,26.2
2026-09-23T05:39:00Z,2026-09-23T07:39:00+02:00,53,dr-robert,407,278,129,31.7
2026-09-23T05:39:00Z,2026-09-23T07:39:00+02:00,54,placa-vella,297,210,87,29.3
2026-09-23T05:39:00Z,2026-09-23T07:39:00+02:00,55,ajuntament-mercat,237,175,62,26.2
2026-09-23T05:40:00Z,2026-09-23T07:40:00+02:00,53,dr-robert,407,269,138,33.9
2026-09-23T05:40:00Z,2026-09-23T07:40:00+02:00,54,placa-vella,297,210,87,29.3
2026-09-23T05:40:00Z,2026-09-23T07:40:00+02:00,55,ajuntament-mercat,237,173,64,27
2026-09-23T05:41:00Z,2026-09-23T07:41:00+02:00,53,dr-robert,407,269,138,33.9
2026-09-23T05:41:00Z,2026-09-23T07:41:00+02:00,54,placa-vella,297,210,87,29.3
2026-09-23T05:41:00Z,2026-09-23T07:41:00+02:00,55,ajuntament-mercat,237,173,64,27
2026-09-23T05:42:00Z,2026-09-23T07:42:00+02:00,53,dr-robert,407,269,138,33.9
2026-09-23T05:42:00Z,2026-09-23T07:42:00+02:00,54,placa-vella,297,210,87,29.3
2026-09-23T05:42:00Z,2026-09-23T07:42:00+02:00,55,ajuntament-mercat,237,173,64,27
2026-09-23T05:43:00Z,2026-09-23T07:43:00+02:00,53,dr-robert,407,269,138,33.9
2026-09-23T05:43:00Z,2026-09-23T07:43:00+02:00,54,placa-vella,297,210,87,29.3
2026-09-23T05:43:00Z,2026-09-23T07:43:00+02:00,55,ajuntament-mercat,237,173,64,27
2026-09-23T05:44:00Z,2026-09-23T07:44:00+02:00,53,dr-robert,407,269,138,33.9
2026-09-23T05:44:00Z,2026-09-23T07:44:00+02:00,54,placa-vella,297,210,87,29.3
2026-09-23T05:44:00Z,2026-09-23T07:44:00+02:00,55,ajuntament-mercat,237,173,64,27
2026-09-23T05:45:00Z,2026-09-23T07:45:00+02:00,53,dr-robert,407,262,145,35.6
2026-09-23T05:45:00Z,2026-09-23T07:45:00+02:00,54,placa-vella,297,209,88,29.6
2026-09-23T05:45:00Z,2026-09-23T07:45:00+02:00,55,ajuntament-mercat,237,172,65,27.4
2026-09-23T05:46:00Z,2026-09-23T07:46:00+02:00,53,dr-robert,407,262,145,35.6
2026-09-23T05:46:00Z,2026-09-23T07:46:00+02:00,54,placa-vella,297,209,88,29.6
2026-09-23T05:46:00Z,2026-09-23T07:46:00+02:00,55,ajuntament-mercat,237,172,65,27.4
2026-09-23T05:47:00Z,2026-09-23T07:47:00+02:00,53,dr-robert,407,262,145,35.6
2026-09-23T05:47:00Z,2026-09-23T07:47:00+02:00,54,placa-vella,297,209,88,29.6
2026-09-23T05:47:00Z,2026-09-23T07:47:00+02:00,55,ajuntament-mercat,237,172,65,27.4
2026-09-23T05:48:00Z,2026-09-23T07:48:00+02:00,53,dr-robert,407,262,145,35.6
2026-09-23T05:48:00Z,2026-09-23T07:48:00+02:00,54,placa-vella,297,209,88,29.6
2026-09-23T05:48:00Z,2026-09-23T07:48:00+02:00,55,ajuntament-mercat,237,172,65,27.4
2026-09-23T05:49:00Z,2026-09-23T07:49:00+02:00,53,dr-robert,407,262,145,35.6
2026-09-23T05:49:00Z,2026-09-23T07:49:00+02:00,54,placa-vella,297,209,88,29.6
2026-09-23T05:49:00Z,2026-09-23T07:49:00+02:00,55,ajuntament-mercat,237,172,65,27.4
2026-09-23T05:50:00Z,2026-09-23T07:50:00+02:00,53,dr-robert,407,248,159,39.1
2026-09-23T05:50:00Z,2026-09-23T07:50:00+02:00,54,placa-vella,297,205,92,31
2026-09-23T05:50:00Z,2026-09-23T07:50:00+02:00,55,ajuntament-mercat,237,166,71,30
2026-09-23T05:51:00Z,2026-09-23T07:51:00+02:00,53,dr-robert,407,248,159,39.1
2026-09-23T05:51:00Z,2026-09-23T07:51:00+02:00,54,placa-vella,297,205,92,31
2026-09-23T05:51:00Z,2026-09-23T07:51:00+02:00,55,ajuntament-mercat,237,166,71,30
2026-09-23T05:52:00Z,2026-09-23T07:52:00+02:00,53,dr-robert,407,248,159,39.1
2026-09-23T05:52:00Z,2026-09-23T07:52:00+02:00,54,placa-vella,297,205,92,31
2026-09-23T05:52:00Z,2026-09-23T07:52:00+02:00,55,ajuntament-mercat,237,166,71,30
2026-09-23T05:53:00Z,2026-09-23T07:53:00+02:00,53,dr-robert,407,248,159,39.1
2026-09-23T05:53:00Z,2026-09-23T07:53:00+02:00,54,placa-vella,297,205,92,31
2026-09-23T05:53:00Z,2026-09-23T07:53:00+02:00,55,ajuntament-mercat,237,166,71,30
2026-09-23T05:54:00Z,2026-09-23T07:54:00+02:00,53,dr-robert,407,248,159,39.1
2026-09-23T05:54:00Z,2026-09-23T07:54:00+02:00,54,placa-vella,297,205,92,31
2026-09-23T05:54:00Z,2026-09-23T07:54:00+02:00,55,ajuntament-mercat,237,166,71,30
2026-09-23T05:55:00Z,2026-09-23T07:55:00+02:00,53,dr-robert,407,242,165,40.5
2026-09-23T05:55:00Z,2026-09-23T07:55:00+02:00,54,placa-vella,297,198,99,33.3
2026-09-23T05:55:00Z,2026-09-23T07:55:00+02:00,55,ajuntament-mercat,237,160,77,32.5
2026-09-23T05:56:00Z,2026-09-23T07:56:00+02:00,53,dr-robert,407,242,165,40.5
2026-09-23T05:56:00Z,2026-09-23T07:56:00+02:00,54,placa-vella,297,198,99,33.3
2026-09-23T05:56:00Z,2026-09-23T07:56:00+02:00,55,ajuntament-mercat,237,160,77,32.5
2026-09-23T05:57:00Z,2026-09-23T07:57:00+02:00,53,dr-robert,407,242,165,40.5
2026-09-23T05:57:00Z,2026-09-23T07:57:00+02:00,54,placa-vella,297,198,99,33.3
2026-09-23T05:57:00Z,2026-09-23T07:57:00+02:00,55,ajuntament-mercat,237,160,77,32.5
2026-09-23T05:58:00Z,2026-09-23T07:58:00+02:00,53,dr-robert,407,242,165,40.5
2026-09-23T05:58:00Z,2026-09-23T07:58:00+02:00,54,placa-vella,297,198,99,33.3
2026-09-23T05:58:00Z,2026-09-23T07:58:00+02:00,55,ajuntament-mercat,237,160,77,32.5
2026-09-23T05:59:00Z,2026-09-23T07:59:00+02:00,53,dr-robert,407,242,165,40.5
2026-09-23T05:59:00Z,2026-09-23T07:59:00+02:00,54,placa-vella,297,198,99,33.3
2026-09-23T05:59:00Z,2026-09-23T07:59:00+02:00,55,ajuntament-mercat,237,160,77,32.5
2026-09-23T06:00:00Z,2026-09-23T08:00:00+02:00,53,dr-robert,407,242,165,40.5
2026-09-23T06:00:00Z,2026-09-23T08:00:00+02:00,54,placa-vella,297,198,99,33.3
2026-09-23T06:00:00Z,2026-09-23T08:00:00+02:00,55,ajuntament-mercat,237,160,77,32.5
2026-09-23T06:01:00Z,2026-09-23T08:01:00+02:00,53,dr-robert,407,242,165,40.5
2026-09-23T06:01:00Z,2026-09-23T08:01:00+02:00,54,placa-vella,297,198,99,33.3
2026-09-23T06:01:00Z,2026-09-23T08:01:00+02:00,55,ajuntament-mercat,237,160,77,32.5
2026-09-23T06:02:00Z,2026-09-23T08:02:00+02:00,53,dr-robert,407,242,165,40.5
2026-09-23T06:02:00Z,2026-09-23T08:02:00+02:00,54,placa-vella,297,198,99,33.3
2026-09-23T06:02:00Z,2026-09-23T08:02:00+02:00,55,ajuntament-mercat,237,160,77,32.5
2026-09-23T06:03:00Z,2026-09-23T08:03:00+02:00,53,dr-robert,407,225,182,44.7
2026-09-23T06:03:00Z,2026-09-23T08:03:00+02:00,54,placa-vella,297,194,103,34.7
2026-09-23T06:03:00Z,2026-09-23T08:03:00+02:00,55,ajuntament-mercat,237,154,83,35
2026-09-23T06:04:00Z,2026-09-23T08:04:00+02:00,53,dr-robert,407,225,182,44.7
2026-09-23T06:04:00Z,2026-09-23T08:04:00+02:00,54,placa-vella,297,194,103,34.7
2026-09-23T06:04:00Z,2026-09-23T08:04:00+02:00,55,ajuntament-mercat,237,154,83,35
2026-09-23T06:05:00Z,2026-09-23T08:05:00+02:00,53,dr-robert,407,215,192,47.2
2026-09-23T06:05:00Z,2026-09-23T08:05:00+02:00,54,placa-vella,297,194,103,34.7
2026-09-23T06:05:00Z,2026-09-23T08:05:00+02:00,55,ajuntament-mercat,237,150,87,36.7
2026-09-23T06:06:00Z,2026-09-23T08:06:00+02:00,53,dr-robert,407,215,192,47.2
2026-09-23T06:06:00Z,2026-09-23T08:06:00+02:00,54,placa-vella,297,194,103,34.7
2026-09-23T06:06:00Z,2026-09-23T08:06:00+02:00,55,ajuntament-mercat,237,150,87,36.7
2026-09-23T06:07:00Z,2026-09-23T08:07:00+02:00,53,dr-robert,407,215,192,47.2
2026-09-23T06:07:00Z,2026-09-23T08:07:00+02:00,54,placa-vella,297,194,103,34.7
2026-09-23T06:07:00Z,2026-09-23T08:07:00+02:00,55,ajuntament-mercat,237,150,87,36.7
2026-09-23T06:08:00Z,2026-09-23T08:08:00+02:00,53,dr-robert,407,215,192,47.2
2026-09-23T06:08:00Z,2026-09-23T08:08:00+02:00,54,placa-vella,297,194,103,34.7
2026-09-23T06:08:00Z,2026-09-23T08:08:00+02:00,55,ajuntament-mercat,237,150,87,36.7
2026-09-23T06:09:00Z,2026-09-23T08:09:00+02:00,53,dr-robert,407,215,192,47.2
2026-09-23T06:09:00Z,2026-09-23T08:09:00+02:00,54,placa-vella,297,194,103,34.7
2026-09-23T06:09:00Z,2026-09-23T08:09:00+02:00,55,ajuntament-mercat,237,150,87,36.7
2026-09-23T06:10:00Z,2026-09-23T08:10:00+02:00,53,dr-robert,407,209,198,48.6
2026-09-23T06:10:00Z,2026-09-23T08:10:00+02:00,54,placa-vella,297,191,106,35.7
2026-09-23T06:10:00Z,2026-09-23T08:10:00+02:00,55,ajuntament-mercat,237,147,90,38
2026-09-23T06:11:00Z,2026-09-23T08:11:00+02:00,53,dr-robert,407,209,198,48.6
2026-09-23T06:11:00Z,2026-09-23T08:11:00+02:00,54,placa-vella,297,191,106,35.7
2026-09-23T06:11:00Z,2026-09-23T08:11:00+02:00,55,ajuntament-mercat,237,147,90,38
2026-09-23T06:12:00Z,2026-09-23T08:12:00+02:00,53,dr-robert,407,209,198,48.6
2026-09-23T06:12:00Z,2026-09-23T08:12:00+02:00,54,placa-vella,297,191,106,35.7
2026-09-23T06:12:00Z,2026-09-23T08:12:00+02:00,55,ajuntament-mercat,237,147,90,38
2026-09-23T06:13:00Z,2026-09-23T08:13:00+02:00,53,dr-robert,407,209,198,48.6
2026-09-23T06:13:00Z,2026-09-23T08:13:00+02:00,54,placa-vella,297,191,106,35.7
2026-09-23T06:13:00Z,2026-09-23T08:13:00+02:00,55,ajuntament-mercat,237,147,90,38
2026-09-23T06:14:00Z,2026-09-23T08:14:00+02:00,53,dr-robert,407,209,198,48.6
2026-09-23T06:14:00Z,2026-09-23T08:14:00+02:00,54,placa-vella,297,191,106,35.7
2026-09-23T06:14:00Z,2026-09-23T08:14:00+02:00,55,ajuntament-mercat,237,147,90,38
2026-09-23T06:15:00Z,2026-09-23T08:15:00+02:00,53,dr-robert,407,205,202,49.6
2026-09-23T06:15:00Z,2026-09-23T08:15:00+02:00,54,placa-vella,297,182,115,38.7
2026-09-23T06:15:00Z,2026-09-23T08:15:00+02:00,55,ajuntament-mercat,237,145,92,38.8
2026-09-23T06:16:00Z,2026-09-23T08:16:00+02:00,53,dr-robert,407,205,202,49.6
2026-09-23T06:16:00Z,2026-09-23T08:16:00+02:00,54,placa-vella,297,182,115,38.7
2026-09-23T06:16:00Z,2026-09-23T08:16:00+02:00,55,ajuntament-mercat,237,145,92,38.8
2026-09-23T06:17:00Z,2026-09-23T08:17:00+02:00,53,dr-robert,407,205,202,49.6
2026-09-23T06:17:00Z,2026-09-23T08:17:00+02:00,54,placa-vella,297,182,115,38.7
2026-09-23T06:17:00Z,2026-09-23T08:17:00+02:00,55,ajuntament-mercat,237,145,92,38.8
2026-09-23T06:18:00Z,2026-09-23T08:18:00+02:00,53,dr-robert,407,205,202,49.6
2026-09-23T06:18:00Z,2026-09-23T08:18:00+02:00,54,placa-vella,297,182,115,38.7
2026-09-23T06:18:00Z,2026-09-23T08:18:00+02:00,55,ajuntament-mercat,237,145,92,38.8
2026-09-23T06:19:00Z,2026-09-23T08:19:00+02:00,53,dr-robert,407,205,202,49.6
2026-09-23T06:19:00Z,2026-09-23T08:19:00+02:00,54,placa-vella,297,182,115,38.7
2026-09-23T06:19:00Z,2026-09-23T08:19:00+02:00,55,ajuntament-mercat,237,145,92,38.8
2026-09-23T06:20:00Z,2026-09-23T08:20:00+02:00,53,dr-robert,407,195,212,52.1
2026-09-23T06:20:00Z,2026-09-23T08:20:00+02:00,54,placa-vella,297,178,119,40.1
2026-09-23T06:20:00Z,2026-09-23T08:20:00+02:00,55,ajuntament-mercat,237,137,100,42.2
2026-09-23T06:21:00Z,2026-09-23T08:21:00+02:00,53,dr-robert,407,195,212,52.1
2026-09-23T06:21:00Z,2026-09-23T08:21:00+02:00,54,placa-vella,297,178,119,40.1
2026-09-23T06:21:00Z,2026-09-23T08:21:00+02:00,55,ajuntament-mercat,237,137,100,42.2
2026-09-23T06:22:00Z,2026-09-23T08:22:00+02:00,53,dr-robert,407,195,212,52.1
2026-09-23T06:22:00Z,2026-09-23T08:22:00+02:00,54,placa-vella,297,178,119,40.1
2026-09-23T06:22:00Z,2026-09-23T08:22:00+02:00,55,ajuntament-mercat,237,137,100,42.2
2026-09-23T06:23:00Z,2026-09-23T08:23:00+02:00,53,dr-robert,407,195,212,52.1
2026-09-23T06:23:00Z,2026-09-23T08:23:00+02:00,54,placa-vella,297,178,119,40.1
2026-09-23T06:23:00Z,2026-09-23T08:23:00+02:00,55,ajuntament-mercat,237,137,100,42.2
2026-09-23T06:24:00Z,2026-09-23T08:24:00+02:00,53,dr-robert,407,195,212,52.1
2026-09-23T06:24:00Z,2026-09-23T08:24:00+02:00,54,placa-vella,297,178,119,40.1
2026-09-23T06:24:00Z,2026-09-23T08:24:00+02:00,55,ajuntament-mercat,237,137,100,42.2
2026-09-23T06:25:00Z,2026-09-23T08:25:00+02:00,53,dr-robert,407,185,222,54.5
2026-09-23T06:25:00Z,2026-09-23T08:25:00+02:00,54,placa-vella,297,170,127,42.8
2026-09-23T06:25:00Z,2026-09-23T08:25:00+02:00,55,ajuntament-mercat,237,134,103,43.5
2026-09-23T06:26:00Z,2026-09-23T08:26:00+02:00,53,dr-robert,407,185,222,54.5
2026-09-23T06:26:00Z,2026-09-23T08:26:00+02:00,54,placa-vella,297,170,127,42.8
2026-09-23T06:26:00Z,2026-09-23T08:26:00+02:00,55,ajuntament-mercat,237,134,103,43.5
2026-09-23T06:27:00Z,2026-09-23T08:27:00+02:00,53,dr-robert,407,185,222,54.5
2026-09-23T06:27:00Z,2026-09-23T08:27:00+02:00,54,placa-vella,297,170,127,42.8
2026-09-23T06:27:00Z,2026-09-23T08:27:00+02:00,55,ajuntament-mercat,237,134,103,43.5
2026-09-23T06:28:00Z,2026-09-23T08:28:00+02:00,53,dr-robert,407,185,222,54.5
2026-09-23T06:28:00Z,2026-09-23T08:28:00+02:00,54,placa-vella,297,170,127,42.8
2026-09-23T06:28:00Z,2026-09-23T08:28:00+02:00,55,ajuntament-mercat,237,134,103,43.5
2026-09-23T06:29:00Z,2026-09-23T08:29:00+02:00,53,dr-robert,407,185,222,54.5
2026-09-23T06:29:00Z,2026-09-23T08:29:00+02:00,54,placa-vella,297,170,127,42.8
2026-09-23T06:29:00Z,2026-09-23T08:29:00+02:00,55,ajuntament-mercat,237,134,103,43.5
2026-09-23T06:30:00Z,2026-09-23T08:30:00+02:00,53,dr-robert,407,174,233,57.2
2026-09-23T06:30:00Z,2026-09-23T08:30:00+02:00,54,placa-vella,297,165,132,44.4
2026-09-23T06:30:00Z,2026-09-23T08:30:00+02:00,55,ajuntament-mercat,237,132,105,44.3
2026-09-23T06:31:00Z,2026-09-23T08:31:00+02:00,53,dr-robert,407,174,233,57.2
2026-09-23T06:31:00Z,2026-09-23T08:31:00+02:00,54,placa-vella,297,165,132,44.4
2026-09-23T06:31:00Z,2026-09-23T08:31:00+02:00,55,ajuntament-mercat,237,132,105,44.3
2026-09-23T06:32:00Z,2026-09-23T08:32:00+02:00,53,dr-robert,407,174,233,57.2
2026-09-23T06:32:00Z,2026-09-23T08:32:00+02:00,54,placa-vella,297,165,132,44.4
2026-09-23T06:32:00Z,2026-09-23T08:32:00+02:00,55,ajuntament-mercat,237,132,105,44.3
2026-09-23T06:33:00Z,2026-09-23T08:33:00+02:00,53,dr-robert,407,174,233,57.2
2026-09-23T06:33:00Z,2026-09-23T08:33:00+02:00,54,placa-vella,297,165,132,44.4
2026-09-23T06:33:00Z,2026-09-23T08:33:00+02:00,55,ajuntament-mercat,237,132,105,44.3
2026-09-23T06:34:00Z,2026-09-23T08:34:00+02:00,53,dr-robert,407,174,233,57.2
2026-09-23T06:34:00Z,2026-09-23T08:34:00+02:00,54,placa-vella,297,165,132,44.4
2026-09-23T06:34:00Z,2026-09-23T08:34:00+02:00,55,ajuntament-mercat,237,132,105,44.3
2026-09-23T06:35:00Z,2026-09-23T08:35:00+02:00,53,dr-robert,407,164,243,59.7
2026-09-23T06:35:00Z,2026-09-23T08:35:00+02:00,54,placa-vella,297,166,131,44.1
2026-09-23T06:35:00Z,2026-09-23T08:35:00+02:00,55,ajuntament-mercat,237,130,107,45.1
2026-09-23T06:36:00Z,2026-09-23T08:36:00+02:00,53,dr-robert,407,164,243,59.7
2026-09-23T06:36:00Z,2026-09-23T08:36:00+02:00,54,placa-vella,297,166,131,44.1
2026-09-23T06:36:00Z,2026-09-23T08:36:00+02:00,55,ajuntament-mercat,237,130,107,45.1
2026-09-23T06:37:00Z,2026-09-23T08:37:00+02:00,53,dr-robert,407,164,243,59.7
2026-09-23T06:37:00Z,2026-09-23T08:37:00+02:00,54,placa-vella,297,166,131,44.1
2026-09-23T06:37:00Z,2026-09-23T08:37:00+02:00,55,ajuntament-mercat,237,130,107,45.1
2026-09-23T06:38:00Z,2026-09-23T08:38:00+02:00,53,dr-robert,407,164,243,59.7
2026-09-23T06:38:00Z,2026-09-23T08:38:00+02:00,54,placa-vella,297,166,131,44.1
2026-09-23T06:38:00Z,2026-09-23T08:38:00+02:00,55,ajuntament-mercat,237,130,107,45.1
2026-09-23T06:39:00Z,2026-09-23T08:39:00+02:00,53,dr-robert,407,164,243,59.7
2026-09-23T06:39:00Z,2026-09-23T08:39:00+02:00,54,placa-vella,297,166,131,44.1
2026-09-23T06:39:00Z,2026-09-23T08:39:00+02:00,55,ajuntament-mercat,237,130,107,45.1
2026-09-23T06:40:00Z,2026-09-23T08:40:00+02:00,53,dr-robert,407,154,253,62.2
2026-09-23T06:40:00Z,2026-09-23T08:40:00+02:00,54,placa-vella,297,159,138,46.5
2026-09-23T06:40:00Z,2026-09-23T08:40:00+02:00,55,ajuntament-mercat,237,124,113,47.7
2026-09-23T06:41:00Z,2026-09-23T08:41:00+02:00,53,dr-robert,407,154,253,62.2
2026-09-23T06:41:00Z,2026-09-23T08:41:00+02:00,54,placa-vella,297,159,138,46.5
2026-09-23T06:41:00Z,2026-09-23T08:41:00+02:00,55,ajuntament-mercat,237,124,113,47.7
2026-09-23T06:42:00Z,2026-09-23T08:42:00+02:00,53,dr-robert,407,154,253,62.2
2026-09-23T06:42:00Z,2026-09-23T08:42:00+02:00,54,placa-vella,297,159,138,46.5
2026-09-23T06:42:00Z,2026-09-23T08:42:00+02:00,55,ajuntament-mercat,237,124,113,47.7
2026-09-23T06:43:00Z,2026-09-23T08:43:00+02:00,53,dr-robert,407,154,253,62.2
2026-09-23T06:43:00Z,2026-09-23T08:43:00+02:00,54,placa-vella,297,159,138,46.5
2026-09-23T06:43:00Z,2026-09-23T08:43:00+02:00,55,ajuntament-mercat,237,124,113,47.7
2026-09-23T06:44:00Z,2026-09-23T08:44:00+02:00,53,dr-robert,407,154,253,62.2
2026-09-23T06:44:00Z,2026-09-23T08:44:00+02:00,54,placa-vella,297,159,138,46.5
2026-09-23T06:44:00Z,2026-09-23T08:44:00+02:00,55,ajuntament-mercat,237,124,113,47.7
2026-09-23T06:45:00Z,2026-09-23T08:45:00+02:00,53,dr-robert,407,145,262,64.4
2026-09-23T06:45:00Z,2026-09-23T08:45:00+02:00,54,placa-vella,297,154,143,48.1
2026-09-23T06:45:00Z,2026-09-23T08:45:00+02:00,55,ajuntament-mercat,237,123,114,48.1
2026-09-23T06:46:00Z,2026-09-23T08:46:00+02:00,53,dr-robert,407,145,262,64.4
2026-09-23T06:46:00Z,2026-09-23T08:46:00+02:00,54,placa-vella,297,154,143,48.1
2026-09-23T06:46:00Z,2026-09-23T08:46:00+02:00,55,ajuntament-mercat,237,123,114,48.1
2026-09-23T06:47:00Z,2026-09-23T08:47:00+02:00,53,dr-robert,407,145,262,64.4
2026-09-23T06:47:00Z,2026-09-23T08:47:00+02:00,54,placa-vella,297,154,143,48.1
2026-09-23T06:47:00Z,2026-09-23T08:47:00+02:00,55,ajuntament-mercat,237,123,114,48.1
2026-09-23T06:48:00Z,2026-09-23T08:48:00+02:00,53,dr-robert,407,145,262,64.4
2026-09-23T06:48:00Z,2026-09-23T08:48:00+02:00,54,placa-vella,297,154,143,48.1
2026-09-23T06:48:00Z,2026-09-23T08:48:00+02:00,55,ajuntament-mercat,237,123,114,48.1
2026-09-23T06:49:00Z,2026-09-23T08:49:00+02:00,53,dr-robert,407,145,262,64.4
2026-09-23T06:49:00Z,2026-09-23T08:49:00+02:00,54,placa-vella,297,154,143,48.1
2026-09-23T06:49:00Z,2026-09-23T08:49:00+02:00,55,ajuntament-mercat,237,123,114,48.1
2026-09-23T06:50:00Z,2026-09-23T08:50:00+02:00,53,dr-robert,407,125,282,69.3
2026-09-23T06:50:00Z,2026-09-23T08:50:00+02:00,54,placa-vella,297,152,145,48.8
2026-09-23T06:50:00Z,2026-09-23T08:50:00+02:00,55,ajuntament-mercat,237,113,124,52.3
2026-09-23T06:51:00Z,2026-09-23T08:51:00+02:00,53,dr-robert,407,125,282,69.3
2026-09-23T06:51:00Z,2026-09-23T08:51:00+02:00,54,placa-vella,297,152,145,48.8
2026-09-23T06:51:00Z,2026-09-23T08:51:00+02:00,55,ajuntament-mercat,237,113,124,52.3
2026-09-23T06:52:00Z,2026-09-23T08:52:00+02:00,53,dr-robert,407,125,282,69.3
2026-09-23T06:52:00Z,2026-09-23T08:52:00+02:00,54,placa-vella,297,152,145,48.8
2026-09-23T06:52:00Z,2026-09-23T08:52:00+02:00,55,ajuntament-mercat,237,113,124,52.3
2026-09-23T06:53:00Z,2026-09-23T08:53:00+02:00,53,dr-robert,407,125,282,69.3
2026-09-23T06:53:00Z,2026-09-23T08:53:00+02:00,54,placa-vella,297,152,145,48.8
2026-09-23T06:53:00Z,2026-09-23T08:53:00+02:00,55,ajuntament-mercat,237,113,124,52.3
2026-09-23T06:54:00Z,2026-09-23T08:54:00+02:00,53,dr-robert,407,125,282,69.3
2026-09-23T06:54:00Z,2026-09-23T08:54:00+02:00,54,placa-vella,297,152,145,48.8
2026-09-23T06:54:00Z,2026-09-23T08:54:00+02:00,55,ajuntament-mercat,237,113,124,52.3
2026-09-23T06:55:00Z,2026-09-23T08:55:00+02:00,53,dr-robert,407,111,296,72.7
2026-09-23T06:55:00Z,2026-09-23T08:55:00+02:00,54,placa-vella,297,149,148,49.8
2026-09-23T06:55:00Z,2026-09-23T08:55:00+02:00,55,ajuntament-mercat,237,107,130,54.9
2026-09-23T06:56:00Z,2026-09-23T08:56:00+02:00,53,dr-robert,407,111,296,72.7
2026-09-23T06:56:00Z,2026-09-23T08:56:00+02:00,54,placa-vella,297,149,148,49.8
2026-09-23T06:56:00Z,2026-09-23T08:56:00+02:00,55,ajuntament-mercat,237,107,130,54.9
2026-09-23T06:57:00Z,2026-09-23T08:57:00+02:00,53,dr-robert,407,111,296,72.7
2026-09-23T06:57:00Z,2026-09-23T08:57:00+02:00,54,placa-vella,297,149,148,49.8
2026-09-23T06:57:00Z,2026-09-23T08:57:00+02:00,55,ajuntament-mercat,237,107,130,54.9
2026-09-23T06:58:00Z,2026-09-23T08:58:00+02:00,53,dr-robert,407,111,296,72.7
2026-09-23T06:58:00Z,2026-09-23T08:58:00+02:00,54,placa-vella,297,149,148,49.8
2026-09-23T06:58:00Z,2026-09-23T08:58:00+02:00,55,ajuntament-mercat,237,107,130,54.9
2026-09-23T06:59:00Z,2026-09-23T08:59:00+02:00,53,dr-robert,407,111,296,72.7
2026-09-23T06:59:00Z,2026-09-23T08:59:00+02:00,54,placa-vella,297,149,148,49.8
2026-09-23T06:59:00Z,2026-09-23T08:59:00+02:00,55,ajuntament-mercat,237,107,130,54.9
2026-09-23T07:00:00Z,2026-09-23T09:00:00+02:00,53,dr-robert,407,111,296,72.7
2026-09-23T07:00:00Z,2026-09-23T09:00:00+02:00,54,placa-vella,297,149,148,49.8
2026-09-23T07:00:00Z,2026-09-23T09:00:00+02:00,55,ajuntament-mercat,237,107,130,54.9
2026-09-23T07:01:00Z,2026-09-23T09:01:00+02:00,53,dr-robert,407,111,296,72.7
2026-09-23T07:01:00Z,2026-09-23T09:01:00+02:00,54,placa-vella,297,149,148,49.8
2026-09-23T07:01:00Z,2026-09-23T09:01:00+02:00,55,ajuntament-mercat,237,107,130,54.9
2026-09-23T07:02:00Z,2026-09-23T09:02:00+02:00,53,dr-robert,407,105,302,74.2
2026-09-23T07:02:00Z,2026-09-23T09:02:00+02:00,54,placa-vella,297,143,154,51.9
2026-09-23T07:02:00Z,2026-09-23T09:02:00+02:00,55,ajuntament-mercat,237,98,139,58.6
2026-09-23T07:03:00Z,2026-09-23T09:03:00+02:00,53,dr-robert,407,105,302,74.2
2026-09-23T07:03:00Z,2026-09-23T09:03:00+02:00,54,placa-vella,297,143,154,51.9
2026-09-23T07:03:00Z,2026-09-23T09:03:00+02:00,55,ajuntament-mercat,237,98,139,58.6
2026-09-23T07:04:00Z,2026-09-23T09:04:00+02:00,53,dr-robert,407,105,302,74.2
2026-09-23T07:04:00Z,2026-09-23T09:04:00+02:00,54,placa-vella,297,143,154,51.9
2026-09-23T07:04:00Z,2026-09-23T09:04:00+02:00,55,ajuntament-mercat,237,98,139,58.6
2026-09-23T07:05:00Z,2026-09-23T09:05:00+02:00,53,dr-robert,407,102,305,74.9
2026-09-23T07:05:00Z,2026-09-23T09:05:00+02:00,54,placa-vella,297,139,158,53.2
2026-09-23T07:05:00Z,2026-09-23T09:05:00+02:00,55,ajuntament-mercat,237,95,142,59.9
2026-09-23T07:06:00Z,2026-09-23T09:06:00+02:00,53,dr-robert,407,102,305,74.9
2026-09-23T07:06:00Z,2026-09-23T09:06:00+02:00,54,placa-vella,297,139,158,53.2
2026-09-23T07:06:00Z,2026-09-23T09:06:00+02:00,55,ajuntament-mercat,237,95,142,59.9
2026-09-23T07:07:00Z,2026-09-23T09:07:00+02:00,53,dr-robert,407,102,305,74.9
2026-09-23T07:07:00Z,2026-09-23T09:07:00+02:00,54,placa-vella,297,139,158,53.2
2026-09-23T07:07:00Z,2026-09-23T09:07:00+02:00,55,ajuntament-mercat,237,95,142,59.9
2026-09-23T07:08:00Z,2026-09-23T09:08:00+02:00,53,dr-robert,407,102,305,74.9
2026-09-23T07:08:00Z,2026-09-23T09:08:00+02:00,54,placa-vella,297,139,158,53.2
2026-09-23T07:08:00Z,2026-09-23T09:08:00+02:00,55,ajuntament-mercat,237,95,142,59.9
2026-09-23T07:09:00Z,2026-09-23T09:09:00+02:00,53,dr-robert,407,102,305,74.9
2026-09-23T07:09:00Z,2026-09-23T09:09:00+02:00,54,placa-vella,297,139,158,53.2
2026-09-23T07:09:00Z,2026-09-23T09:09:00+02:00,55,ajuntament-mercat,237,95,142,59.9
2026-09-23T07:10:00Z,2026-09-23T09:10:00+02:00,53,dr-robert,407,100,307,75.4
2026-09-23T07:10:00Z,2026-09-23T09:10:00+02:00,54,placa-vella,297,133,164,55.2
2026-09-23T07:10:00Z,2026-09-23T09:10:00+02:00,55,ajuntament-mercat,237,95,142,59.9
2026-09-23T07:11:00Z,2026-09-23T09:11:00+02:00,53,dr-robert,407,100,307,75.4
2026-09-23T07:11:00Z,2026-09-23T09:11:00+02:00,54,placa-vella,297,133,164,55.2
2026-09-23T07:11:00Z,2026-09-23T09:11:00+02:00,55,ajuntament-mercat,237,95,142,59.9
2026-09-23T07:12:00Z,2026-09-23T09:12:00+02:00,53,dr-robert,407,100,307,75.4
2026-09-23T07:12:00Z,2026-09-23T09:12:00+02:00,54,placa-vella,297,133,164,55.2
2026-09-23T07:12:00Z,2026-09-23T09:12:00+02:00,55,ajuntament-mercat,237,95,142,59.9
2026-09-23T07:13:00Z,2026-09-23T09:13:00+02:00,53,dr-robert,407,100,307,75.4
2026-09-23T07:13:00Z,2026-09-23T09:13:00+02:00,54,placa-vella,297,133,164,55.2
2026-09-23T07:13:00Z,2026-09-23T09:13:00+02:00,55,ajuntament-mercat,237,95,142,59.9
2026-09-23T07:14:00Z,2026-09-23T09:14:00+02:00,53,dr-robert,407,100,307,75.4
2026-09-23T07:14:00Z,2026-09-23T09:14:00+02:00,54,placa-vella,297,133,164,55.2
2026-09-23T07:14:00Z,2026-09-23T09:14:00+02:00,55,ajuntament-mercat,237,95,142,59.9
2026-09-23T07:15:00Z,2026-09-23T09:15:00+02:00,53,dr-robert,407,96,311,76.4
2026-09-23T07:15:00Z,2026-09-23T09:15:00+02:00,54,placa-vella,297,126,171,57.6
2026-09-23T07:15:00Z,2026-09-23T09:15:00+02:00,55,ajuntament-mercat,237,93,144,60.8
2026-09-23T07:16:00Z,2026-09-23T09:16:00+02:00,53,dr-robert,407,96,311,76.4
2026-09-23T07:16:00Z,2026-09-23T09:16:00+02:00,54,placa-vella,297,126,171,57.6
2026-09-23T07:16:00Z,2026-09-23T09:16:00+02:00,55,ajuntament-mercat,237,93,144,60.8
2026-09-23T07:17:00Z,2026-09-23T09:17:00+02:00,53,dr-robert,407,96,311,76.4
2026-09-23T07:17:00Z,2026-09-23T09:17:00+02:00,54,placa-vella,297,126,171,57.6
2026-09-23T07:17:00Z,2026-09-23T09:17:00+02:00,55,ajuntament-mercat,237,93,144,60.8
2026-09-23T07:18:00Z,2026-09-23T09:18:00+02:00,53,dr-robert,407,96,311,76.4
2026-09-23T07:18:00Z,2026-09-23T09:18:00+02:00,54,placa-vella,297,126,171,57.6
2026-09-23T07:18:00Z,2026-09-23T09:18:00+02:00,55,ajuntament-mercat,237,93,144,60.8
2026-09-23T07:19:00Z,2026-09-23T09:19:00+02:00,53,dr-robert,407,96,311,76.4
2026-09-23T07:19:00Z,2026-09-23T09:19:00+02:00,54,placa-vella,297,126,171,57.6
2026-09-23T07:19:00Z,2026-09-23T09:19:00+02:00,55,ajuntament-mercat,237,93,144,60.8
2026-09-23T07:20:00Z,2026-09-23T09:20:00+02:00,53,dr-robert,407,89,318,78.1
2026-09-23T07:20:00Z,2026-09-23T09:20:00+02:00,54,placa-vella,297,123,174,58.6
2026-09-23T07:20:00Z,2026-09-23T09:20:00+02:00,55,ajuntament-mercat,237,89,148,62.4
2026-09-23T07:21:00Z,2026-09-23T09:21:00+02:00,53,dr-robert,407,89,318,78.1
2026-09-23T07:21:00Z,2026-09-23T09:21:00+02:00,54,placa-vella,297,123,174,58.6
2026-09-23T07:21:00Z,2026-09-23T09:21:00+02:00,55,ajuntament-mercat,237,89,148,62.4
2026-09-23T07:22:00Z,2026-09-23T09:22:00+02:00,53,dr-robert,407,89,318,78.1
2026-09-23T07:22:00Z,2026-09-23T09:22:00+02:00,54,placa-vella,297,123,174,58.6
2026-09-23T07:22:00Z,2026-09-23T09:22:00+02:00,55,ajuntament-mercat,237,89,148,62.4
2026-09-23T07:23:00Z,2026-09-23T09:23:00+02:00,53,dr-robert,407,89,318,78.1
2026-09-23T07:23:00Z,2026-09-23T09:23:00+02:00,54,placa-vella,297,123,174,58.6
2026-09-23T07:23:00Z,2026-09-23T09:23:00+02:00,55,ajuntament-mercat,237,89,148,62.4
2026-09-23T07:24:00Z,2026-09-23T09:24:00+02:00,53,dr-robert,407,89,318,78.1
2026-09-23T07:24:00Z,2026-09-23T09:24:00+02:00,54,placa-vella,297,123,174,58.6
2026-09-23T07:24:00Z,2026-09-23T09:24:00+02:00,55,ajuntament-mercat,237,89,148,62.4
2026-09-23T07:25:00Z,2026-09-23T09:25:00+02:00,53,dr-robert,407,89,318,78.1
2026-09-23T07:25:00Z,2026-09-23T09:25:00+02:00,54,placa-vella,297,115,182,61.3
2026-09-23T07:25:00Z,2026-09-23T09:25:00+02:00,55,ajuntament-mercat,237,85,152,64.1
2026-09-23T07:26:00Z,2026-09-23T09:26:00+02:00,53,dr-robert,407,89,318,78.1
2026-09-23T07:26:00Z,2026-09-23T09:26:00+02:00,54,placa-vella,297,115,182,61.3
2026-09-23T07:26:00Z,2026-09-23T09:26:00+02:00,55,ajuntament-mercat,237,85,152,64.1
2026-09-23T07:27:00Z,2026-09-23T09:27:00+02:00,53,dr-robert,407,89,318,78.1
2026-09-23T07:27:00Z,2026-09-23T09:27:00+02:00,54,placa-vella,297,115,182,61.3
2026-09-23T07:27:00Z,2026-09-23T09:27:00+02:00,55,ajuntament-mercat,237,85,152,64.1
2026-09-23T07:28:00Z,2026-09-23T09:28:00+02:00,53,dr-robert,407,89,318,78.1
2026-09-23T07:28:00Z,2026-09-23T09:28:00+02:00,54,placa-vella,297,115,182,61.3
2026-09-23T07:28:00Z,2026-09-23T09:28:00+02:00,55,ajuntament-mercat,237,85,152,64.1
2026-09-23T07:29:00Z,2026-09-23T09:29:00+02:00,53,dr-robert,407,89,318,78.1
2026-09-23T07:29:00Z,2026-09-23T09:29:00+02:00,54,placa-vella,297,115,182,61.3
2026-09-23T07:29:00Z,2026-09-23T09:29:00+02:00,55,ajuntament-mercat,237,85,152,64.1
2026-09-23T07:30:00Z,2026-09-23T09:30:00+02:00,53,dr-robert,407,84,323,79.4
2026-09-23T07:30:00Z,2026-09-23T09:30:00+02:00,54,placa-vella,297,108,189,63.6
2026-09-23T07:30:00Z,2026-09-23T09:30:00+02:00,55,ajuntament-mercat,237,78,159,67.1
2026-09-23T07:31:00Z,2026-09-23T09:31:00+02:00,53,dr-robert,407,84,323,79.4
2026-09-23T07:31:00Z,2026-09-23T09:31:00+02:00,54,placa-vella,297,108,189,63.6
2026-09-23T07:31:00Z,2026-09-23T09:31:00+02:00,55,ajuntament-mercat,237,78,159,67.1
2026-09-23T07:32:00Z,2026-09-23T09:32:00+02:00,53,dr-robert,407,84,323,79.4
2026-09-23T07:32:00Z,2026-09-23T09:32:00+02:00,54,placa-vella,297,108,189,63.6
2026-09-23T07:32:00Z,2026-09-23T09:32:00+02:00,55,ajuntament-mercat,237,78,159,67.1
2026-09-23T07:33:00Z,2026-09-23T09:33:00+02:00,53,dr-robert,407,84,323,79.4
2026-09-23T07:33:00Z,2026-09-23T09:33:00+02:00,54,placa-vella,297,108,189,63.6
2026-09-23T07:33:00Z,2026-09-23T09:33:00+02:00,55,ajuntament-mercat,237,78,159,67.1
2026-09-23T07:34:00Z,2026-09-23T09:34:00+02:00,53,dr-robert,407,84,323,79.4
2026-09-23T07:34:00Z,2026-09-23T09:34:00+02:00,54,placa-vella,297,108,189,63.6
2026-09-23T07:34:00Z,2026-09-23T09:34:00+02:00,55,ajuntament-mercat,237,78,159,67.1
2026-09-23T07:35:00Z,2026-09-23T09:35:00+02:00,53,dr-robert,407,76,331,81.3
2026-09-23T07:35:00Z,2026-09-23T09:35:00+02:00,54,placa-vella,297,108,189,63.6
2026-09-23T07:35:00Z,2026-09-23T09:35:00+02:00,55,ajuntament-mercat,237,77,160,67.5
2026-09-23T07:36:00Z,2026-09-23T09:36:00+02:00,53,dr-robert,407,76,331,81.3
2026-09-23T07:36:00Z,2026-09-23T09:36:00+02:00,54,placa-vella,297,108,189,63.6
2026-09-23T07:36:00Z,2026-09-23T09:36:00+02:00,55,ajuntament-mercat,237,77,160,67.5
2026-09-23T07:37:00Z,2026-09-23T09:37:00+02:00,53,dr-robert,407,76,331,81.3
2026-09-23T07:37:00Z,2026-09-23T09:37:00+02:00,54,placa-vella,297,108,189,63.6
2026-09-23T07:37:00Z,2026-09-23T09:37:00+02:00,55,ajuntament-mercat,237,77,160,67.5
2026-09-23T07:38:00Z,2026-09-23T09:38:00+02:00,53,dr-robert,407,76,331,81.3
2026-09-23T07:38:00Z,2026-09-23T09:38:00+02:00,54,placa-vella,297,108,189,63.6
2026-09-23T07:38:00Z,2026-09-23T09:38:00+02:00,55,ajuntament-mercat,237,77,160,67.5
2026-09-23T07:39:00Z,2026-09-23T09:39:00+02:00,53,dr-robert,407,76,331,81.3
2026-09-23T07:39:00Z,2026-09-23T09:39:00+02:00,54,placa-vella,297,108,189,63.6
2026-09-23T07:39:00Z,2026-09-23T09:39:00+02:00,55,ajuntament-mercat,237,77,160,67.5
2026-09-23T07:40:00Z,2026-09-23T09:40:00+02:00,53,dr-robert,407,78,329,80.8
2026-09-23T07:40:00Z,2026-09-23T09:40:00+02:00,54,placa-vella,297,108,189,63.6
2026-09-23T07:40:00Z,2026-09-23T09:40:00+02:00,55,ajuntament-mercat,237,74,163,68.8
2026-09-23T07:41:00Z,2026-09-23T09:41:00+02:00,53,dr-robert,407,78,329,80.8
2026-09-23T07:41:00Z,2026-09-23T09:41:00+02:00,54,placa-vella,297,108,189,63.6
2026-09-23T07:41:00Z,2026-09-23T09:41:00+02:00,55,ajuntament-mercat,237,74,163,68.8
2026-09-23T07:42:00Z,2026-09-23T09:42:00+02:00,53,dr-robert,407,78,329,80.8
2026-09-23T07:42:00Z,2026-09-23T09:42:00+02:00,54,placa-vella,297,108,189,63.6
2026-09-23T07:42:00Z,2026-09-23T09:42:00+02:00,55,ajuntament-mercat,237,74,163,68.8
2026-09-23T07:43:00Z,2026-09-23T09:43:00+02:00,53,dr-robert,407,78,329,80.8
2026-09-23T07:43:00Z,2026-09-23T09:43:00+02:00,54,placa-vella,297,108,189,63.6
2026-09-23T07:43:00Z,2026-09-23T09:43:00+02:00,55,ajuntament-mercat,237,74,163,68.8
2026-09-23T07:44:00Z,2026-09-23T09:44:00+02:00,53,dr-robert,407,78,329,80.8
2026-09-23T07:44:00Z,2026-09-23T09:44:00+02:00,54,placa-vella,297,108,189,63.6
2026-09-23T07:44:00Z,2026-09-23T09:44:00+02:00,55,ajuntament-mercat,237,74,163,68.8
2026-09-23T07:45:00Z,2026-09-23T09:45:00+02:00,53,dr-robert,407,72,335,82.3
2026-09-23T07:45:00Z,2026-09-23T09:45:00+02:00,54,placa-vella,297,105,192,64.6
2026-09-23T07:45:00Z,2026-09-23T09:45:00+02:00,55,ajuntament-mercat,237,71,166,70
2026-09-23T07:46:00Z,2026-09-23T09:46:00+02:00,53,dr-robert,407,72,335,82.3
2026-09-23T07:46:00Z,2026-09-23T09:46:00+02:00,54,placa-vella,297,105,192,64.6
2026-09-23T07:46:00Z,2026-09-23T09:46:00+02:00,55,ajuntament-mercat,237,71,166,70
2026-09-23T07:47:00Z,2026-09-23T09:47:00+02:00,53,dr-robert,407,72,335,82.3
2026-09-23T07:47:00Z,2026-09-23T09:47:00+02:00,54,placa-vella,297,105,192,64.6
2026-09-23T07:47:00Z,2026-09-23T09:47:00+02:00,55,ajuntament-mercat,237,71,166,70
2026-09-23T07:48:00Z,2026-09-23T09:48:00+02:00,53,dr-robert,407,72,335,82.3
2026-09-23T07:48:00Z,2026-09-23T09:48:00+02:00,54,placa-vella,297,105,192,64.6
2026-09-23T07:48:00Z,2026-09-23T09:48:00+02:00,55,ajuntament-mercat,237,71,166,70
2026-09-23T07:49:00Z,2026-09-23T09:49:00+02:00,53,dr-robert,407,72,335,82.3
2026-09-23T07:49:00Z,2026-09-23T09:49:00+02:00,54,placa-vella,297,105,192,64.6
2026-09-23T07:49:00Z,2026-09-23T09:49:00+02:00,55,ajuntament-mercat,237,71,166,70
2026-09-23T07:50:00Z,2026-09-23T09:50:00+02:00,53,dr-robert,407,68,339,83.3
2026-09-23T07:50:00Z,2026-09-23T09:50:00+02:00,54,placa-vella,297,97,200,67.3
2026-09-23T07:50:00Z,2026-09-23T09:50:00+02:00,55,ajuntament-mercat,237,73,164,69.2
2026-09-23T07:51:00Z,2026-09-23T09:51:00+02:00,53,dr-robert,407,68,339,83.3
2026-09-23T07:51:00Z,2026-09-23T09:51:00+02:00,54,placa-vella,297,97,200,67.3
2026-09-23T07:51:00Z,2026-09-23T09:51:00+02:00,55,ajuntament-mercat,237,73,164,69.2
2026-09-23T07:52:00Z,2026-09-23T09:52:00+02:00,53,dr-robert,407,68,339,83.3
2026-09-23T07:52:00Z,2026-09-23T09:52:00+02:00,54,placa-vella,297,97,200,67.3
2026-09-23T07:52:00Z,2026-09-23T09:52:00+02:00,55,ajuntament-mercat,237,73,164,69.2
2026-09-23T07:53:00Z,2026-09-23T09:53:00+02:00,53,dr-robert,407,68,339,83.3
2026-09-23T07:53:00Z,2026-09-23T09:53:00+02:00,54,placa-vella,297,97,200,67.3
2026-09-23T07:53:00Z,2026-09-23T09:53:00+02:00,55,ajuntament-mercat,237,73,164,69.2
2026-09-23T07:54:00Z,2026-09-23T09:54:00+02:00,53,dr-robert,407,68,339,83.3
2026-09-23T07:54:00Z,2026-09-23T09:54:00+02:00,54,placa-vella,297,97,200,67.3
2026-09-23T07:54:00Z,2026-09-23T09:54:00+02:00,55,ajuntament-mercat,237,73,164,69.2
2026-09-23T07:55:00Z,2026-09-23T09:55:00+02:00,53,dr-robert,407,66,341,83.8
2026-09-23T07:55:00Z,2026-09-23T09:55:00+02:00,54,placa-vella,297,85,212,71.4
2026-09-23T07:55:00Z,2026-09-23T09:55:00+02:00,55,ajuntament-mercat,237,72,165,69.6
2026-09-23T07:56:00Z,2026-09-23T09:56:00+02:00,53,dr-robert,407,66,341,83.8
2026-09-23T07:56:00Z,2026-09-23T09:56:00+02:00,54,placa-vella,297,85,212,71.4
2026-09-23T07:56:00Z,2026-09-23T09:56:00+02:00,55,ajuntament-mercat,237,72,165,69.6
2026-09-23T07:57:00Z,2026-09-23T09:57:00+02:00,53,dr-robert,407,66,341,83.8
2026-09-23T07:57:00Z,2026-09-23T09:57:00+02:00,54,placa-vella,297,85,212,71.4
2026-09-23T07:57:00Z,2026-09-23T09:57:00+02:00,55,ajuntament-mercat,237,72,165,69.6
2026-09-23T07:58:00Z,2026-09-23T09:58:00+02:00,53,dr-robert,407,66,341,83.8
2026-09-23T07:58:00Z,2026-09-23T09:58:00+02:00,54,placa-vella,297,85,212,71.4
2026-09-23T07:58:00Z,2026-09-23T09:58:00+02:00,55,ajuntament-mercat,237,72,165,69.6
2026-09-23T07:59:00Z,2026-09-23T09:59:00+02:00,53,dr-robert,407,66,341,83.8
2026-09-23T07:59:00Z,2026-09-23T09:59:00+02:00,54,placa-vella,297,85,212,71.4
2026-09-23T07:59:00Z,2026-09-23T09:59:00+02:00,55,ajuntament-mercat,237,72,165,69.6
2026-09-23T08:00:00Z,2026-09-23T10:00:00+02:00,53,dr-robert,407,66,341,83.8
2026-09-23T08:00:00Z,2026-09-23T10:00:00+02:00,54,placa-vella,297,85,212,71.4
2026-09-23T08:00:00Z,2026-09-23T10:00:00+02:00,55,ajuntament-mercat,237,72,165,69.6
2026-09-23T08:01:00Z,2026-09-23T10:01:00+02:00,53,dr-robert,407,66,341,83.8
2026-09-23T08:01:00Z,2026-09-23T10:01:00+02:00,54,placa-vella,297,85,212,71.4
2026-09-23T08:01:00Z,2026-09-23T10:01:00+02:00,55,ajuntament-mercat,237,72,165,69.6
2026-09-23T08:02:00Z,2026-09-23T10:02:00+02:00,53,dr-robert,407,66,341,83.8
2026-09-23T08:02:00Z,2026-09-23T10:02:00+02:00,54,placa-vella,297,85,212,71.4
2026-09-23T08:02:00Z,2026-09-23T10:02:00+02:00,55,ajuntament-mercat,237,72,165,69.6
2026-09-23T08:07:00Z,2026-09-23T10:07:00+02:00,53,dr-robert,407,66,341,83.8
2026-09-23T08:07:00Z,2026-09-23T10:07:00+02:00,55,ajuntament-mercat,237,72,165,69.6
2026-09-23T08:08:00Z,2026-09-23T10:08:00+02:00,53,dr-robert,407,66,341,83.8
2026-09-23T08:08:00Z,2026-09-23T10:08:00+02:00,55,ajuntament-mercat,237,72,165,69.6
2026-09-23T08:09:00Z,2026-09-23T10:09:00+02:00,53,dr-robert,407,66,341,83.8
2026-09-23T08:09:00Z,2026-09-23T10:09:00+02:00,55,ajuntament-mercat,237,72,165,69.6
2026-09-23T08:10:00Z,2026-09-23T10:10:00+02:00,53,dr-robert,407,66,341,83.8
2026-09-23T08:10:00Z,2026-09-23T10:10:00+02:00,55,ajuntament-mercat,237,72,165,69.6
2026-09-23T08:11:00Z,2026-09-23T10:11:00+02:00,53,dr-robert,407,66,341,83.8
2026-09-23T08:11:00Z,2026-09-23T10:11:00+02:00,55,ajuntament-mercat,237,72,165,69.6
2026-09-23T08:12:00Z,2026-09-23T10:12:00+02:00,53,dr-robert,407,56,351,86.2
2026-09-23T08:12:00Z,2026-09-23T10:12:00+02:00,54,placa-vella,297,76,221,74.4
2026-09-23T08:12:00Z,2026-09-23T10:12:00+02:00,55,ajuntament-mercat,237,67,170,71.7
2026-09-23T08:13:00Z,2026-09-23T10:13:00+02:00,53,dr-robert,407,56,351,86.2
2026-09-23T08:13:00Z,2026-09-23T10:13:00+02:00,54,placa-vella,297,76,221,74.4
2026-09-23T08:13:00Z,2026-09-23T10:13:00+02:00,55,ajuntament-mercat,237,67,170,71.7
2026-09-23T08:14:00Z,2026-09-23T10:14:00+02:00,53,dr-robert,407,56,351,86.2
2026-09-23T08:14:00Z,2026-09-23T10:14:00+02:00,54,placa-vella,297,76,221,74.4
2026-09-23T08:14:00Z,2026-09-23T10:14:00+02:00,55,ajuntament-mercat,237,67,170,71.7
2026-09-23T08:15:00Z,2026-09-23T10:15:00+02:00,53,dr-robert,407,56,351,86.2
2026-09-23T08:15:00Z,2026-09-23T10:15:00+02:00,54,placa-vella,297,76,221,74.4
2026-09-23T08:15:00Z,2026-09-23T10:15:00+02:00,55,ajuntament-mercat,237,67,170,71.7
2026-09-23T08:16:00Z,2026-09-23T10:16:00+02:00,53,dr-robert,407,52,355,87.2
2026-09-23T08:16:00Z,2026-09-23T10:16:00+02:00,54,placa-vella,297,71,226,76.1
2026-09-23T08:16:00Z,2026-09-23T10:16:00+02:00,55,ajuntament-mercat,237,68,169,71.3
2026-09-23T08:17:00Z,2026-09-23T10:17:00+02:00,53,dr-robert,407,52,355,87.2
2026-09-23T08:17:00Z,2026-09-23T10:17:00+02:00,54,placa-vella,297,71,226,76.1
2026-09-23T08:17:00Z,2026-09-23T10:17:00+02:00,55,ajuntament-mercat,237,68,169,71.3
2026-09-23T08:18:00Z,2026-09-23T10:18:00+02:00,53,dr-robert,407,52,355,87.2
2026-09-23T08:18:00Z,2026-09-23T10:18:00+02:00,54,placa-vella,297,71,226,76.1
2026-09-23T08:18:00Z,2026-09-23T10:18:00+02:00,55,ajuntament-mercat,237,68,169,71.3
2026-09-23T08:19:00Z,2026-09-23T10:19:00+02:00,53,dr-robert,407,52,355,87.2
2026-09-23T08:19:00Z,2026-09-23T10:19:00+02:00,54,placa-vella,297,71,226,76.1
2026-09-23T08:19:00Z,2026-09-23T10:19:00+02:00,55,ajuntament-mercat,237,68,169,71.3
2026-09-23T08:20:00Z,2026-09-23T10:20:00+02:00,53,dr-robert,407,52,355,87.2
2026-09-23T08:20:00Z,2026-09-23T10:20:00+02:00,54,placa-vella,297,71,226,76.1
2026-09-23T08:20:00Z,2026-09-23T10:20:00+02:00,55,ajuntament-mercat,237,68,169,71.3
2026-09-23T08:21:00Z,2026-09-23T10:21:00+02:00,53,dr-robert,407,57,350,86
2026-09-23T08:21:00Z,2026-09-23T10:21:00+02:00,54,placa-vella,297,67,230,77.4
2026-09-23T08:21:00Z,2026-09-23T10:21:00+02:00,55,ajuntament-mercat,237,68,169,71.3
2026-09-23T08:22:00Z,2026-09-23T10:22:00+02:00,53,dr-robert,407,57,350,86
2026-09-23T08:22:00Z,2026-09-23T10:22:00+02:00,54,placa-vella,297,67,230,77.4
2026-09-23T08:22:00Z,2026-09-23T10:22:00+02:00,55,ajuntament-mercat,237,68,169,71.3
2026-09-23T08:23:00Z,2026-09-23T10:23:00+02:00,53,dr-robert,407,57,350,86
2026-09-23T08:23:00Z,2026-09-23T10:23:00+02:00,54,placa-vella,297,67,230,77.4
2026-09-23T08:23:00Z,2026-09-23T10:23:00+02:00,55,ajuntament-mercat,237,68,169,71.3
2026-09-23T08:24:00Z,2026-09-23T10:24:00+02:00,53,dr-robert,407,57,350,86
2026-09-23T08:24:00Z,2026-09-23T10:24:00+02:00,54,placa-vella,297,67,230,77.4
2026-09-23T08:24:00Z,2026-09-23T10:24:00+02:00,55,ajuntament-mercat,237,68,169,71.3
2026-09-23T08:25:00Z,2026-09-23T10:25:00+02:00,53,dr-robert,407,57,350,86
2026-09-23T08:25:00Z,2026-09-23T10:25:00+02:00,54,placa-vella,297,67,230,77.4
2026-09-23T08:25:00Z,2026-09-23T10:25:00+02:00,55,ajuntament-mercat,237,68,169,71.3
2026-09-23T08:26:00Z,2026-09-23T10:26:00+02:00,53,dr-robert,407,53,354,87
2026-09-23T08:26:00Z,2026-09-23T10:26:00+02:00,54,placa-vella,297,63,234,78.8
2026-09-23T08:26:00Z,2026-09-23T10:26:00+02:00,55,ajuntament-mercat,237,66,171,72.2
2026-09-23T08:27:00Z,2026-09-23T10:27:00+02:00,53,dr-robert,407,53,354,87
2026-09-23T08:27:00Z,2026-09-23T10:27:00+02:00,54,placa-vella,297,63,234,78.8
2026-09-23T08:27:00Z,2026-09-23T10:27:00+02:00,55,ajuntament-mercat,237,66,171,72.2
2026-09-23T08:28:00Z,2026-09-23T10:28:00+02:00,53,dr-robert,407,53,354,87
2026-09-23T08:28:00Z,2026-09-23T10:28:00+02:00,54,placa-vella,297,63,234,78.8
2026-09-23T08:28:00Z,2026-09-23T10:28:00+02:00,55,ajuntament-mercat,237,66,171,72.2
2026-09-23T08:29:00Z,2026-09-23T10:29:00+02:00,53,dr-robert,407,53,354,87
2026-09-23T08:29:00Z,2026-09-23T10:29:00+02:00,54,placa-vella,297,63,234,78.8
2026-09-23T08:29:00Z,2026-09-23T10:29:00+02:00,55,ajuntament-mercat,237,66,171,72.2
2026-09-23T08:30:00Z,2026-09-23T10:30:00+02:00,53,dr-robert,407,53,354,87
2026-09-23T08:30:00Z,2026-09-23T10:30:00+02:00,54,placa-vella,297,63,234,78.8
2026-09-23T08:30:00Z,2026-09-23T10:30:00+02:00,55,ajuntament-mercat,237,66,171,72.2
2026-09-23T08:31:00Z,2026-09-23T10:31:00+02:00,53,dr-robert,407,53,354,87
2026-09-23T08:31:00Z,2026-09-23T10:31:00+02:00,54,placa-vella,297,62,235,79.1
2026-09-23T08:31:00Z,2026-09-23T10:31:00+02:00,55,ajuntament-mercat,237,63,174,73.4
2026-09-23T08:32:00Z,2026-09-23T10:32:00+02:00,53,dr-robert,407,53,354,87
2026-09-23T08:32:00Z,2026-09-23T10:32:00+02:00,54,placa-vella,297,62,235,79.1
2026-09-23T08:32:00Z,2026-09-23T10:32:00+02:00,55,ajuntament-mercat,237,63,174,73.4
2026-09-23T08:33:00Z,2026-09-23T10:33:00+02:00,53,dr-robert,407,53,354,87
2026-09-23T08:33:00Z,2026-09-23T10:33:00+02:00,54,placa-vella,297,62,235,79.1
2026-09-23T08:33:00Z,2026-09-23T10:33:00+02:00,55,ajuntament-mercat,237,63,174,73.4
2026-09-23T08:34:00Z,2026-09-23T10:34:00+02:00,53,dr-robert,407,53,354,87
2026-09-23T08:34:00Z,2026-09-23T10:34:00+02:00,54,placa-vella,297,62,235,79.1
2026-09-23T08:34:00Z,2026-09-23T10:34:00+02:00,55,ajuntament-mercat,237,63,174,73.4
2026-09-23T08:35:00Z,2026-09-23T10:35:00+02:00,53,dr-robert,407,53,354,87
2026-09-23T08:35:00Z,2026-09-23T10:35:00+02:00,54,placa-vella,297,62,235,79.1
2026-09-23T08:35:00Z,2026-09-23T10:35:00+02:00,55,ajuntament-mercat,237,63,174,73.4
2026-09-23T08:36:00Z,2026-09-23T10:36:00+02:00,53,dr-robert,407,56,351,86.2
2026-09-23T08:36:00Z,2026-09-23T10:36:00+02:00,54,placa-vella,297,66,231,77.8
2026-09-23T08:36:00Z,2026-09-23T10:36:00+02:00,55,ajuntament-mercat,237,63,174,73.4
2026-09-23T08:37:00Z,2026-09-23T10:37:00+02:00,53,dr-robert,407,56,351,86.2
2026-09-23T08:37:00Z,2026-09-23T10:37:00+02:00,54,placa-vella,297,66,231,77.8
2026-09-23T08:37:00Z,2026-09-23T10:37:00+02:00,55,ajuntament-mercat,237,63,174,73.4
2026-09-23T08:38:00Z,2026-09-23T10:38:00+02:00,53,dr-robert,407,56,351,86.2
2026-09-23T08:38:00Z,2026-09-23T10:38:00+02:00,54,placa-vella,297,66,231,77.8
2026-09-23T08:38:00Z,2026-09-23T10:38:00+02:00,55,ajuntament-mercat,237,63,174,73.4
2026-09-23T08:39:00Z,2026-09-23T10:39:00+02:00,53,dr-robert,407,56,351,86.2
2026-09-23T08:39:00Z,2026-09-23T10:39:00+02:00,54,placa-vella,297,66,231,77.8
2026-09-23T08:39:00Z,2026-09-23T10:39:00+02:00,55,ajuntament-mercat,237,63,174,73.4
2026-09-23T08:40:00Z,2026-09-23T10:40:00+02:00,53,dr-robert,407,56,351,86.2
2026-09-23T08:40:00Z,2026-09-23T10:40:00+02:00,54,placa-vella,297,66,231,77.8
2026-09-23T08:40:00Z,2026-09-23T10:40:00+02:00,55,ajuntament-mercat,237,63,174,73.4
2026-09-23T08:41:00Z,2026-09-23T10:41:00+02:00,53,dr-robert,407,55,352,86.5
2026-09-23T08:41:00Z,2026-09-23T10:41:00+02:00,54,placa-vella,297,64,233,78.5
2026-09-23T08:41:00Z,2026-09-23T10:41:00+02:00,55,ajuntament-mercat,237,62,175,73.8
2026-09-23T08:42:00Z,2026-09-23T10:42:00+02:00,53,dr-robert,407,55,352,86.5
2026-09-23T08:42:00Z,2026-09-23T10:42:00+02:00,54,placa-vella,297,64,233,78.5
2026-09-23T08:42:00Z,2026-09-23T10:42:00+02:00,55,ajuntament-mercat,237,62,175,73.8
2026-09-23T08:43:00Z,2026-09-23T10:43:00+02:00,53,dr-robert,407,55,352,86.5
2026-09-23T08:43:00Z,2026-09-23T10:43:00+02:00,54,placa-vella,297,64,233,78.5
2026-09-23T08:43:00Z,2026-09-23T10:43:00+02:00,55,ajuntament-mercat,237,62,175,73.8
2026-09-23T08:44:00Z,2026-09-23T10:44:00+02:00,53,dr-robert,407,55,352,86.5
2026-09-23T08:44:00Z,2026-09-23T10:44:00+02:00,54,placa-vella,297,64,233,78.5
2026-09-23T08:44:00Z,2026-09-23T10:44:00+02:00,55,ajuntament-mercat,237,62,175,73.8
2026-09-23T08:45:00Z,2026-09-23T10:45:00+02:00,53,dr-robert,407,55,352,86.5
2026-09-23T08:45:00Z,2026-09-23T10:45:00+02:00,54,placa-vella,297,64,233,78.5
2026-09-23T08:45:00Z,2026-09-23T10:45:00+02:00,55,ajuntament-mercat,237,62,175,73.8
2026-09-23T08:46:00Z,2026-09-23T10:46:00+02:00,53,dr-robert,407,55,352,86.5
2026-09-23T08:46:00Z,2026-09-23T10:46:00+02:00,54,placa-vella,297,61,236,79.5
2026-09-23T08:46:00Z,2026-09-23T10:46:00+02:00,55,ajuntament-mercat,237,62,175,73.8
2026-09-23T08:47:00Z,2026-09-23T10:47:00+02:00,53,dr-robert,407,55,352,86.5
2026-09-23T08:47:00Z,2026-09-23T10:47:00+02:00,54,placa-vella,297,61,236,79.5
2026-09-23T08:47:00Z,2026-09-23T10:47:00+02:00,55,ajuntament-mercat,237,62,175,73.8
2026-09-23T08:48:00Z,2026-09-23T10:48:00+02:00,53,dr-robert,407,55,352,86.5
2026-09-23T08:48:00Z,2026-09-23T10:48:00+02:00,54,placa-vella,297,61,236,79.5
2026-09-23T08:48:00Z,2026-09-23T10:48:00+02:00,55,ajuntament-mercat,237,62,175,73.8
2026-09-23T08:49:00Z,2026-09-23T10:49:00+02:00,53,dr-robert,407,55,352,86.5
2026-09-23T08:49:00Z,2026-09-23T10:49:00+02:00,54,placa-vella,297,61,236,79.5
2026-09-23T08:49:00Z,2026-09-23T10:49:00+02:00,55,ajuntament-mercat,237,62,175,73.8
2026-09-23T08:50:00Z,2026-09-23T10:50:00+02:00,53,dr-robert,407,55,352,86.5
2026-09-23T08:50:00Z,2026-09-23T10:50:00+02:00,54,placa-vella,297,61,236,79.5
2026-09-23T08:50:00Z,2026-09-23T10:50:00+02:00,55,ajuntament-mercat,237,62,175,73.8
2026-09-23T08:51:00Z,2026-09-23T10:51:00+02:00,53,dr-robert,407,58,349,85.7
2026-09-23T08:51:00Z,2026-09-23T10:51:00+02:00,54,placa-vella,297,57,240,80.8
2026-09-23T08:51:00Z,2026-09-23T10:51:00+02:00,55,ajuntament-mercat,237,63,174,73.4
2026-09-23T08:52:00Z,2026-09-23T10:52:00+02:00,53,dr-robert,407,58,349,85.7
2026-09-23T08:52:00Z,2026-09-23T10:52:00+02:00,54,placa-vella,297,57,240,80.8
2026-09-23T08:52:00Z,2026-09-23T10:52:00+02:00,55,ajuntament-mercat,237,63,174,73.4
2026-09-23T08:53:00Z,2026-09-23T10:53:00+02:00,53,dr-robert,407,58,349,85.7
2026-09-23T08:53:00Z,2026-09-23T10:53:00+02:00,54,placa-vella,297,57,240,80.8
2026-09-23T08:53:00Z,2026-09-23T10:53:00+02:00,55,ajuntament-mercat,237,63,174,73.4
2026-09-23T08:54:00Z,2026-09-23T10:54:00+02:00,53,dr-robert,407,58,349,85.7
2026-09-23T08:54:00Z,2026-09-23T10:54:00+02:00,54,placa-vella,297,57,240,80.8
2026-09-23T08:54:00Z,2026-09-23T10:54:00+02:00,55,ajuntament-mercat,237,63,174,73.4
2026-09-23T08:55:00Z,2026-09-23T10:55:00+02:00,53,dr-robert,407,58,349,85.7
2026-09-23T08:55:00Z,2026-09-23T10:55:00+02:00,54,placa-vella,297,57,240,80.8
2026-09-23T08:55:00Z,2026-09-23T10:55:00+02:00,55,ajuntament-mercat,237,63,174,73.4
2026-09-23T08:56:00Z,2026-09-23T10:56:00+02:00,53,dr-robert,407,58,349,85.7
2026-09-23T08:56:00Z,2026-09-23T10:56:00+02:00,54,placa-vella,297,52,245,82.5
2026-09-23T08:56:00Z,2026-09-23T10:56:00+02:00,55,ajuntament-mercat,237,64,173,73
2026-09-23T08:57:00Z,2026-09-23T10:57:00+02:00,53,dr-robert,407,58,349,85.7
2026-09-23T08:57:00Z,2026-09-23T10:57:00+02:00,54,placa-vella,297,52,245,82.5
2026-09-23T08:57:00Z,2026-09-23T10:57:00+02:00,55,ajuntament-mercat,237,64,173,73
2026-09-23T08:58:00Z,2026-09-23T10:58:00+02:00,53,dr-robert,407,58,349,85.7
2026-09-23T08:58:00Z,2026-09-23T10:58:00+02:00,54,placa-vella,297,52,245,82.5
2026-09-23T08:58:00Z,2026-09-23T10:58:00+02:00,55,ajuntament-mercat,237,64,173,73
2026-09-23T08:59:00Z,2026-09-23T10:59:00+02:00,53,dr-robert,407,58,349,85.7
2026-09-23T08:59:00Z,2026-09-23T10:59:00+02:00,54,placa-vella,297,52,245,82.5
2026-09-23T08:59:00Z,2026-09-23T10:59:00+02:00,55,ajuntament-mercat,237,64,173,73
2026-09-23T09:00:00Z,2026-09-23T11:00:00+02:00,53,dr-robert,407,58,349,85.7
2026-09-23T09:00:00Z,2026-09-23T11:00:00+02:00,54,placa-vella,297,52,245,82.5
2026-09-23T09:00:00Z,2026-09-23T11:00:00+02:00,55,ajuntament-mercat,237,64,173,73
2026-09-23T09:01:00Z,2026-09-23T11:01:00+02:00,53,dr-robert,407,58,349,85.7
2026-09-23T09:01:00Z,2026-09-23T11:01:00+02:00,54,placa-vella,297,52,245,82.5
2026-09-23T09:01:00Z,2026-09-23T11:01:00+02:00,55,ajuntament-mercat,237,64,173,73
2026-09-23T09:02:00Z,2026-09-23T11:02:00+02:00,53,dr-robert,407,56,351,86.2
2026-09-23T09:02:00Z,2026-09-23T11:02:00+02:00,54,placa-vella,297,53,244,82.2
2026-09-23T09:02:00Z,2026-09-23T11:02:00+02:00,55,ajuntament-mercat,237,61,176,74.3
2026-09-23T09:03:00Z,2026-09-23T11:03:00+02:00,53,dr-robert,407,56,351,86.2
2026-09-23T09:03:00Z,2026-09-23T11:03:00+02:00,54,placa-vella,297,53,244,82.2
2026-09-23T09:03:00Z,2026-09-23T11:03:00+02:00,55,ajuntament-mercat,237,61,176,74.3
2026-09-23T09:04:00Z,2026-09-23T11:04:00+02:00,53,dr-robert,407,56,351,86.2
2026-09-23T09:04:00Z,2026-09-23T11:04:00+02:00,54,placa-vella,297,53,244,82.2
2026-09-23T09:04:00Z,2026-09-23T11:04:00+02:00,55,ajuntament-mercat,237,61,176,74.3
2026-09-23T09:05:00Z,2026-09-23T11:05:00+02:00,53,dr-robert,407,56,351,86.2
2026-09-23T09:05:00Z,2026-09-23T11:05:00+02:00,54,placa-vella,297,53,244,82.2
2026-09-23T09:05:00Z,2026-09-23T11:05:00+02:00,55,ajuntament-mercat,237,61,176,74.3
2026-09-23T09:06:00Z,2026-09-23T11:06:00+02:00,53,dr-robert,407,64,343,84.3
2026-09-23T09:06:00Z,2026-09-23T11:06:00+02:00,54,placa-vella,297,52,245,82.5
2026-09-23T09:06:00Z,2026-09-23T11:06:00+02:00,55,ajuntament-mercat,237,62,175,73.8
2026-09-23T09:07:00Z,2026-09-23T11:07:00+02:00,53,dr-robert,407,64,343,84.3
2026-09-23T09:07:00Z,2026-09-23T11:07:00+02:00,54,placa-vella,297,52,245,82.5
2026-09-23T09:07:00Z,2026-09-23T11:07:00+02:00,55,ajuntament-mercat,237,62,175,73.8
2026-09-23T09:08:00Z,2026-09-23T11:08:00+02:00,53,dr-robert,407,64,343,84.3
2026-09-23T09:08:00Z,2026-09-23T11:08:00+02:00,54,placa-vella,297,52,245,82.5
2026-09-23T09:08:00Z,2026-09-23T11:08:00+02:00,55,ajuntament-mercat,237,62,175,73.8
2026-09-23T09:09:00Z,2026-09-23T11:09:00+02:00,53,dr-robert,407,64,343,84.3
2026-09-23T09:09:00Z,2026-09-23T11:09:00+02:00,54,placa-vella,297,52,245,82.5
2026-09-23T09:09:00Z,2026-09-23T11:09:00+02:00,55,ajuntament-mercat,237,62,175,73.8
2026-09-23T09:10:00Z,2026-09-23T11:10:00+02:00,53,dr-robert,407,64,343,84.3
2026-09-23T09:10:00Z,2026-09-23T11:10:00+02:00,54,placa-vella,297,52,245,82.5
2026-09-23T09:10:00Z,2026-09-23T11:10:00+02:00,55,ajuntament-mercat,237,62,175,73.8
2026-09-23T09:11:00Z,2026-09-23T11:11:00+02:00,53,dr-robert,407,63,344,84.5
2026-09-23T09:11:00Z,2026-09-23T11:11:00+02:00,54,placa-vella,297,58,239,80.5
2026-09-23T09:11:00Z,2026-09-23T11:11:00+02:00,55,ajuntament-mercat,237,63,174,73.4
2026-09-23T09:12:00Z,2026-09-23T11:12:00+02:00,53,dr-robert,407,63,344,84.5
2026-09-23T09:12:00Z,2026-09-23T11:12:00+02:00,54,placa-vella,297,58,239,80.5
2026-09-23T09:12:00Z,2026-09-23T11:12:00+02:00,55,ajuntament-mercat,237,63,174,73.4
2026-09-23T09:13:00Z,2026-09-23T11:13:00+02:00,53,dr-robert,407,63,344,84.5
2026-09-23T09:13:00Z,2026-09-23T11:13:00+02:00,54,placa-vella,297,58,239,80.5
2026-09-23T09:13:00Z,2026-09-23T11:13:00+02:00,55,ajuntament-mercat,237,63,174,73.4
2026-09-23T09:14:00Z,2026-09-23T11:14:00+02:00,53,dr-robert,407,63,344,84.5
2026-09-23T09:14:00Z,2026-09-23T11:14:00+02:00,54,placa-vella,297,58,239,80.5
2026-09-23T09:14:00Z,2026-09-23T11:14:00+02:00,55,ajuntament-mercat,237,63,174,73.4
2026-09-23T09:15:00Z,2026-09-23T11:15:00+02:00,53,dr-robert,407,63,344,84.5
2026-09-23T09:15:00Z,2026-09-23T11:15:00+02:00,54,placa-vella,297,58,239,80.5
2026-09-23T09:15:00Z,2026-09-23T11:15:00+02:00,55,ajuntament-mercat,237,63,174,73.4
2026-09-23T09:16:00Z,2026-09-23T11:16:00+02:00,53,dr-robert,407,63,344,84.5
2026-09-23T09:16:00Z,2026-09-23T11:16:00+02:00,54,placa-vella,297,62,235,79.1
2026-09-23T09:16:00Z,2026-09-23T11:16:00+02:00,55,ajuntament-mercat,237,63,174,73.4
2026-09-23T09:17:00Z,2026-09-23T11:17:00+02:00,53,dr-robert,407,63,344,84.5
2026-09-23T09:17:00Z,2026-09-23T11:17:00+02:00,54,placa-vella,297,62,235,79.1
2026-09-23T09:17:00Z,2026-09-23T11:17:00+02:00,55,ajuntament-mercat,237,63,174,73.4
2026-09-23T09:18:00Z,2026-09-23T11:18:00+02:00,53,dr-robert,407,63,344,84.5
2026-09-23T09:18:00Z,2026-09-23T11:18:00+02:00,54,placa-vella,297,62,235,79.1
2026-09-23T09:18:00Z,2026-09-23T11:18:00+02:00,55,ajuntament-mercat,237,63,174,73.4
2026-09-23T09:19:00Z,2026-09-23T11:19:00+02:00,53,dr-robert,407,63,344,84.5
2026-09-23T09:19:00Z,2026-09-23T11:19:00+02:00,54,placa-vella,297,62,235,79.1
2026-09-23T09:19:00Z,2026-09-23T11:19:00+02:00,55,ajuntament-mercat,237,63,174,73.4
2026-09-23T09:20:00Z,2026-09-23T11:20:00+02:00,53,dr-robert,407,63,344,84.5
2026-09-23T09:20:00Z,2026-09-23T11:20:00+02:00,54,placa-vella,297,62,235,79.1
2026-09-23T09:20:00Z,2026-09-23T11:20:00+02:00,55,ajuntament-mercat,237,63,174,73.4
2026-09-23T09:21:00Z,2026-09-23T11:21:00+02:00,53,dr-robert,407,58,349,85.7
2026-09-23T09:21:00Z,2026-09-23T11:21:00+02:00,54,placa-vella,297,65,232,78.1
2026-09-23T09:21:00Z,2026-09-23T11:21:00+02:00,55,ajuntament-mercat,237,64,173,73
2026-09-23T09:22:00Z,2026-09-23T11:22:00+02:00,53,dr-robert,407,58,349,85.7
2026-09-23T09:22:00Z,2026-09-23T11:22:00+02:00,54,placa-vella,297,65,232,78.1
2026-09-23T09:22:00Z,2026-09-23T11:22:00+02:00,55,ajuntament-mercat,237,64,173,73
2026-09-23T09:23:00Z,2026-09-23T11:23:00+02:00,53,dr-robert,407,58,349,85.7
2026-09-23T09:23:00Z,2026-09-23T11:23:00+02:00,54,placa-vella,297,65,232,78.1
2026-09-23T09:23:00Z,2026-09-23T11:23:00+02:00,55,ajuntament-mercat,237,64,173,73
2026-09-23T09:24:00Z,2026-09-23T11:24:00+02:00,53,dr-robert,407,58,349,85.7
2026-09-23T09:24:00Z,2026-09-23T11:24:00+02:00,54,placa-vella,297,65,232,78.1
2026-09-23T09:24:00Z,2026-09-23T11:24:00+02:00,55,ajuntament-mercat,237,64,173,73
2026-09-23T09:25:00Z,2026-09-23T11:25:00+02:00,53,dr-robert,407,58,349,85.7
2026-09-23T09:25:00Z,2026-09-23T11:25:00+02:00,54,placa-vella,297,65,232,78.1
2026-09-23T09:25:00Z,2026-09-23T11:25:00+02:00,55,ajuntament-mercat,237,64,173,73
2026-09-23T09:26:00Z,2026-09-23T11:26:00+02:00,53,dr-robert,407,59,348,85.5
2026-09-23T09:26:00Z,2026-09-23T11:26:00+02:00,54,placa-vella,297,68,229,77.1
2026-09-23T09:26:00Z,2026-09-23T11:26:00+02:00,55,ajuntament-mercat,237,68,169,71.3
2026-09-23T09:27:00Z,2026-09-23T11:27:00+02:00,53,dr-robert,407,59,348,85.5
2026-09-23T09:27:00Z,2026-09-23T11:27:00+02:00,54,placa-vella,297,68,229,77.1
2026-09-23T09:27:00Z,2026-09-23T11:27:00+02:00,55,ajuntament-mercat,237,68,169,71.3
2026-09-23T09:28:00Z,2026-09-23T11:28:00+02:00,53,dr-robert,407,59,348,85.5
2026-09-23T09:28:00Z,2026-09-23T11:28:00+02:00,54,placa-vella,297,68,229,77.1
2026-09-23T09:28:00Z,2026-09-23T11:28:00+02:00,55,ajuntament-mercat,237,68,169,71.3
2026-09-23T09:29:00Z,2026-09-23T11:29:00+02:00,53,dr-robert,407,59,348,85.5
2026-09-23T09:29:00Z,2026-09-23T11:29:00+02:00,54,placa-vella,297,68,229,77.1
2026-09-23T09:29:00Z,2026-09-23T11:29:00+02:00,55,ajuntament-mercat,237,68,169,71.3
2026-09-23T09:30:00Z,2026-09-23T11:30:00+02:00,53,dr-robert,407,59,348,85.5
2026-09-23T09:30:00Z,2026-09-23T11:30:00+02:00,54,placa-vella,297,68,229,77.1
2026-09-23T09:30:00Z,2026-09-23T11:30:00+02:00,55,ajuntament-mercat,237,68,169,71.3
2026-09-23T09:31:00Z,2026-09-23T11:31:00+02:00,53,dr-robert,407,55,352,86.5
2026-09-23T09:31:00Z,2026-09-23T11:31:00+02:00,54,placa-vella,297,68,229,77.1
2026-09-23T09:31:00Z,2026-09-23T11:31:00+02:00,55,ajuntament-mercat,237,67,170,71.7
2026-09-23T09:32:00Z,2026-09-23T11:32:00+02:00,53,dr-robert,407,55,352,86.5
2026-09-23T09:32:00Z,2026-09-23T11:32:00+02:00,54,placa-vella,297,68,229,77.1
2026-09-23T09:32:00Z,2026-09-23T11:32:00+02:00,55,ajuntament-mercat,237,67,170,71.7
2026-09-23T09:33:00Z,2026-09-23T11:33:00+02:00,53,dr-robert,407,55,352,86.5
2026-09-23T09:33:00Z,2026-09-23T11:33:00+02:00,54,placa-vella,297,68,229,77.1
2026-09-23T09:33:00Z,2026-09-23T11:33:00+02:00,55,ajuntament-mercat,237,67,170,71.7
2026-09-23T09:34:00Z,2026-09-23T11:34:00+02:00,53,dr-robert,407,55,352,86.5
2026-09-23T09:34:00Z,2026-09-23T11:34:00+02:00,54,placa-vella,297,68,229,77.1
2026-09-23T09:34:00Z,2026-09-23T11:34:00+02:00,55,ajuntament-mercat,237,67,170,71.7
2026-09-23T09:35:00Z,2026-09-23T11:35:00+02:00,53,dr-robert,407,55,352,86.5
2026-09-23T09:35:00Z,2026-09-23T11:35:00+02:00,54,placa-vella,297,68,229,77.1
2026-09-23T09:35:00Z,2026-09-23T11:35:00+02:00,55,ajuntament-mercat,237,67,170,71.7
2026-09-23T09:36:00Z,2026-09-23T11:36:00+02:00,53,dr-robert,407,48,359,88.2
2026-09-23T09:36:00Z,2026-09-23T11:36:00+02:00,54,placa-vella,297,66,231,77.8
2026-09-23T09:36:00Z,2026-09-23T11:36:00+02:00,55,ajuntament-mercat,237,66,171,72.2
2026-09-23T09:37:00Z,2026-09-23T11:37:00+02:00,53,dr-robert,407,48,359,88.2
2026-09-23T09:37:00Z,2026-09-23T11:37:00+02:00,54,placa-vella,297,66,231,77.8
2026-09-23T09:37:00Z,2026-09-23T11:37:00+02:00,55,ajuntament-mercat,237,66,171,72.2
2026-09-23T09:38:00Z,2026-09-23T11:38:00+02:00,53,dr-robert,407,48,359,88.2
2026-09-23T09:38:00Z,2026-09-23T11:38:00+02:00,54,placa-vella,297,66,231,77.8
2026-09-23T09:38:00Z,2026-09-23T11:38:00+02:00,55,ajuntament-mercat,237,66,171,72.2
2026-09-23T09:39:00Z,2026-09-23T11:39:00+02:00,53,dr-robert,407,48,359,88.2
2026-09-23T09:39:00Z,2026-09-23T11:39:00+02:00,54,placa-vella,297,66,231,77.8
2026-09-23T09:39:00Z,2026-09-23T11:39:00+02:00,55,ajuntament-mercat,237,66,171,72.2
2026-09-23T09:40:00Z,2026-09-23T11:40:00+02:00,53,dr-robert,407,48,359,88.2
2026-09-23T09:40:00Z,2026-09-23T11:40:00+02:00,54,placa-vella,297,66,231,77.8
2026-09-23T09:40:00Z,2026-09-23T11:40:00+02:00,55,ajuntament-mercat,237,66,171,72.2
2026-09-23T09:41:00Z,2026-09-23T11:41:00+02:00,53,dr-robert,407,51,356,87.5
2026-09-23T09:41:00Z,2026-09-23T11:41:00+02:00,54,placa-vella,297,59,238,80.1
2026-09-23T09:41:00Z,2026-09-23T11:41:00+02:00,55,ajuntament-mercat,237,68,169,71.3
2026-09-23T09:42:00Z,2026-09-23T11:42:00+02:00,53,dr-robert,407,51,356,87.5
2026-09-23T09:42:00Z,2026-09-23T11:42:00+02:00,54,placa-vella,297,59,238,80.1
2026-09-23T09:42:00Z,2026-09-23T11:42:00+02:00,55,ajuntament-mercat,237,68,169,71.3
2026-09-23T09:43:00Z,2026-09-23T11:43:00+02:00,53,dr-robert,407,51,356,87.5
2026-09-23T09:43:00Z,2026-09-23T11:43:00+02:00,54,placa-vella,297,59,238,80.1
2026-09-23T09:43:00Z,2026-09-23T11:43:00+02:00,55,ajuntament-mercat,237,68,169,71.3
2026-09-23T09:44:00Z,2026-09-23T11:44:00+02:00,53,dr-robert,407,51,356,87.5
2026-09-23T09:44:00Z,2026-09-23T11:44:00+02:00,54,placa-vella,297,59,238,80.1
2026-09-23T09:44:00Z,2026-09-23T11:44:00+02:00,55,ajuntament-mercat,237,68,169,71.3
2026-09-23T09:45:00Z,2026-09-23T11:45:00+02:00,53,dr-robert,407,51,356,87.5
2026-09-23T09:45:00Z,2026-09-23T11:45:00+02:00,54,placa-vella,297,59,238,80.1
2026-09-23T09:45:00Z,2026-09-23T11:45:00+02:00,55,ajuntament-mercat,237,68,169,71.3
2026-09-23T09:46:00Z,2026-09-23T11:46:00+02:00,53,dr-robert,407,50,357,87.7
2026-09-23T09:46:00Z,2026-09-23T11:46:00+02:00,54,placa-vella,297,57,240,80.8
2026-09-23T09:46:00Z,2026-09-23T11:46:00+02:00,55,ajuntament-mercat,237,74,163,68.8
2026-09-23T09:47:00Z,2026-09-23T11:47:00+02:00,53,dr-robert,407,50,357,87.7
2026-09-23T09:47:00Z,2026-09-23T11:47:00+02:00,54,placa-vella,297,57,240,80.8
2026-09-23T09:47:00Z,2026-09-23T11:47:00+02:00,55,ajuntament-mercat,237,74,163,68.8
2026-09-23T09:48:00Z,2026-09-23T11:48:00+02:00,53,dr-robert,407,50,357,87.7
2026-09-23T09:48:00Z,2026-09-23T11:48:00+02:00,54,placa-vella,297,57,240,80.8
2026-09-23T09:48:00Z,2026-09-23T11:48:00+02:00,55,ajuntament-mercat,237,74,163,68.8
2026-09-23T09:49:00Z,2026-09-23T11:49:00+02:00,53,dr-robert,407,50,357,87.7
2026-09-23T09:49:00Z,2026-09-23T11:49:00+02:00,54,placa-vella,297,57,240,80.8
2026-09-23T09:49:00Z,2026-09-23T11:49:00+02:00,55,ajuntament-mercat,237,74,163,68.8
2026-09-23T09:50:00Z,2026-09-23T11:50:00+02:00,53,dr-robert,407,50,357,87.7
2026-09-23T09:50:00Z,2026-09-23T11:50:00+02:00,54,placa-vella,297,57,240,80.8
2026-09-23T09:50:00Z,2026-09-23T11:50:00+02:00,55,ajuntament-mercat,237,74,163,68.8
2026-09-23T09:51:00Z,2026-09-23T11:51:00+02:00,53,dr-robert,407,46,361,88.7
2026-09-23T09:51:00Z,2026-09-23T11:51:00+02:00,54,placa-vella,297,61,236,79.5
2026-09-23T09:51:00Z,2026-09-23T11:51:00+02:00,55,ajuntament-mercat,237,76,161,67.9
2026-09-23T09:52:00Z,2026-09-23T11:52:00+02:00,53,dr-robert,407,46,361,88.7
2026-09-23T09:52:00Z,2026-09-23T11:52:00+02:00,54,placa-vella,297,61,236,79.5
2026-09-23T09:52:00Z,2026-09-23T11:52:00+02:00,55,ajuntament-mercat,237,76,161,67.9
2026-09-23T09:53:00Z,2026-09-23T11:53:00+02:00,53,dr-robert,407,46,361,88.7
2026-09-23T09:53:00Z,2026-09-23T11:53:00+02:00,54,placa-vella,297,61,236,79.5
2026-09-23T09:53:00Z,2026-09-23T11:53:00+02:00,55,ajuntament-mercat,237,76,161,67.9
2026-09-23T09:54:00Z,2026-09-23T11:54:00+02:00,53,dr-robert,407,46,361,88.7
2026-09-23T09:54:00Z,2026-09-23T11:54:00+02:00,54,placa-vella,297,61,236,79.5
2026-09-23T09:54:00Z,2026-09-23T11:54:00+02:00,55,ajuntament-mercat,237,76,161,67.9
2026-09-23T09:55:00Z,2026-09-23T11:55:00+02:00,53,dr-robert,407,46,361,88.7
2026-09-23T09:55:00Z,2026-09-23T11:55:00+02:00,54,placa-vella,297,61,236,79.5
2026-09-23T09:55:00Z,2026-09-23T11:55:00+02:00,55,ajuntament-mercat,237,76,161,67.9
2026-09-23T09:56:00Z,2026-09-23T11:56:00+02:00,53,dr-robert,407,48,359,88.2
2026-09-23T09:56:00Z,2026-09-23T11:56:00+02:00,54,placa-vella,297,58,239,80.5
2026-09-23T09:56:00Z,2026-09-23T11:56:00+02:00,55,ajuntament-mercat,237,75,162,68.4
2026-09-23T09:57:00Z,2026-09-23T11:57:00+02:00,53,dr-robert,407,48,359,88.2
2026-09-23T09:57:00Z,2026-09-23T11:57:00+02:00,54,placa-vella,297,58,239,80.5
2026-09-23T09:57:00Z,2026-09-23T11:57:00+02:00,55,ajuntament-mercat,237,75,162,68.4
2026-09-23T09:58:00Z,2026-09-23T11:58:00+02:00,53,dr-robert,407,48,359,88.2
2026-09-23T09:58:00Z,2026-09-23T11:58:00+02:00,54,placa-vella,297,58,239,80.5
2026-09-23T09:58:00Z,2026-09-23T11:58:00+02:00,55,ajuntament-mercat,237,75,162,68.4
2026-09-23T09:59:00Z,2026-09-23T11:59:00+02:00,53,dr-robert,407,48,359,88.2
2026-09-23T09:59:00Z,2026-09-23T11:59:00+02:00,54,placa-vella,297,58,239,80.5
2026-09-23T09:59:00Z,2026-09-23T11:59:00+02:00,55,ajuntament-mercat,237,75,162,68.4
2026-09-23T10:00:00Z,2026-09-23T12:00:00+02:00,53,dr-robert,407,48,359,88.2
2026-09-23T10:00:00Z,2026-09-23T12:00:00+02:00,54,placa-vella,297,58,239,80.5
2026-09-23T10:00:00Z,2026-09-23T12:00:00+02:00,55,ajuntament-mercat,237,75,162,68.4
2026-09-23T10:01:00Z,2026-09-23T12:01:00+02:00,53,dr-robert,407,48,359,88.2
2026-09-23T10:01:00Z,2026-09-23T12:01:00+02:00,54,placa-vella,297,58,239,80.5
2026-09-23T10:01:00Z,2026-09-23T12:01:00+02:00,55,ajuntament-mercat,237,75,162,68.4
2026-09-23T10:02:00Z,2026-09-23T12:02:00+02:00,53,dr-robert,407,48,359,88.2
2026-09-23T10:02:00Z,2026-09-23T12:02:00+02:00,54,placa-vella,297,54,243,81.8
2026-09-23T10:02:00Z,2026-09-23T12:02:00+02:00,55,ajuntament-mercat,237,75,162,68.4
2026-09-23T10:03:00Z,2026-09-23T12:03:00+02:00,53,dr-robert,407,48,359,88.2
2026-09-23T10:03:00Z,2026-09-23T12:03:00+02:00,54,placa-vella,297,54,243,81.8
2026-09-23T10:03:00Z,2026-09-23T12:03:00+02:00,55,ajuntament-mercat,237,75,162,68.4
2026-09-23T10:04:00Z,2026-09-23T12:04:00+02:00,53,dr-robert,407,48,359,88.2
2026-09-23T10:04:00Z,2026-09-23T12:04:00+02:00,54,placa-vella,297,54,243,81.8
2026-09-23T10:04:00Z,2026-09-23T12:04:00+02:00,55,ajuntament-mercat,237,75,162,68.4
2026-09-23T10:05:00Z,2026-09-23T12:05:00+02:00,53,dr-robert,407,48,359,88.2
2026-09-23T10:05:00Z,2026-09-23T12:05:00+02:00,54,placa-vella,297,54,243,81.8
2026-09-23T10:05:00Z,2026-09-23T12:05:00+02:00,55,ajuntament-mercat,237,75,162,68.4
2026-09-23T10:06:00Z,2026-09-23T12:06:00+02:00,53,dr-robert,407,44,363,89.2
2026-09-23T10:06:00Z,2026-09-23T12:06:00+02:00,55,ajuntament-mercat,237,77,160,67.5
2026-09-23T10:07:00Z,2026-09-23T12:07:00+02:00,53,dr-robert,407,44,363,89.2
2026-09-23T10:07:00Z,2026-09-23T12:07:00+02:00,55,ajuntament-mercat,237,77,160,67.5
2026-09-23T10:08:00Z,2026-09-23T12:08:00+02:00,53,dr-robert,407,44,363,89.2
2026-09-23T10:08:00Z,2026-09-23T12:08:00+02:00,55,ajuntament-mercat,237,77,160,67.5
2026-09-23T10:09:00Z,2026-09-23T12:09:00+02:00,53,dr-robert,407,44,363,89.2
2026-09-23T10:09:00Z,2026-09-23T12:09:00+02:00,55,ajuntament-mercat,237,77,160,67.5
2026-09-23T10:10:00Z,2026-09-23T12:10:00+02:00,53,dr-robert,407,44,363,89.2
2026-09-23T10:10:00Z,2026-09-23T12:10:00+02:00,55,ajuntament-mercat,237,77,160,67.5
2026-09-23T10:11:00Z,2026-09-23T12:11:00+02:00,53,dr-robert,407,48,359,88.2
2026-09-23T10:11:00Z,2026-09-23T12:11:00+02:00,54,placa-vella,297,54,243,81.8
2026-09-23T10:11:00Z,2026-09-23T12:11:00+02:00,55,ajuntament-mercat,237,73,164,69.2
2026-09-23T10:12:00Z,2026-09-23T12:12:00+02:00,53,dr-robert,407,48,359,88.2
2026-09-23T10:12:00Z,2026-09-23T12:12:00+02:00,54,placa-vella,297,54,243,81.8
2026-09-23T10:12:00Z,2026-09-23T12:12:00+02:00,55,ajuntament-mercat,237,73,164,69.2
2026-09-23T10:13:00Z,2026-09-23T12:13:00+02:00,53,dr-robert,407,48,359,88.2
2026-09-23T10:13:00Z,2026-09-23T12:13:00+02:00,54,placa-vella,297,54,243,81.8
2026-09-23T10:13:00Z,2026-09-23T12:13:00+02:00,55,ajuntament-mercat,237,73,164,69.2
2026-09-23T10:14:00Z,2026-09-23T12:14:00+02:00,53,dr-robert,407,48,359,88.2
2026-09-23T10:14:00Z,2026-09-23T12:14:00+02:00,54,placa-vella,297,54,243,81.8
2026-09-23T10:14:00Z,2026-09-23T12:14:00+02:00,55,ajuntament-mercat,237,73,164,69.2
2026-09-23T10:15:00Z,2026-09-23T12:15:00+02:00,53,dr-robert,407,48,359,88.2
2026-09-23T10:15:00Z,2026-09-23T12:15:00+02:00,54,placa-vella,297,54,243,81.8
2026-09-23T10:15:00Z,2026-09-23T12:15:00+02:00,55,ajuntament-mercat,237,73,164,69.2
2026-09-23T10:16:00Z,2026-09-23T12:16:00+02:00,53,dr-robert,407,53,354,87
2026-09-23T10:16:00Z,2026-09-23T12:16:00+02:00,54,placa-vella,297,52,245,82.5
2026-09-23T10:16:00Z,2026-09-23T12:16:00+02:00,55,ajuntament-mercat,237,74,163,68.8
2026-09-23T10:17:00Z,2026-09-23T12:17:00+02:00,53,dr-robert,407,53,354,87
2026-09-23T10:17:00Z,2026-09-23T12:17:00+02:00,54,placa-vella,297,52,245,82.5
2026-09-23T10:17:00Z,2026-09-23T12:17:00+02:00,55,ajuntament-mercat,237,74,163,68.8
2026-09-23T10:18:00Z,2026-09-23T12:18:00+02:00,53,dr-robert,407,53,354,87
2026-09-23T10:18:00Z,2026-09-23T12:18:00+02:00,54,placa-vella,297,52,245,82.5
2026-09-23T10:18:00Z,2026-09-23T12:18:00+02:00,55,ajuntament-mercat,237,74,163,68.8
2026-09-23T10:19:00Z,2026-09-23T12:19:00+02:00,53,dr-robert,407,53,354,87
2026-09-23T10:19:00Z,2026-09-23T12:19:00+02:00,54,placa-vella,297,52,245,82.5
2026-09-23T10:19:00Z,2026-09-23T12:19:00+02:00,55,ajuntament-mercat,237,74,163,68.8
2026-09-23T10:20:00Z,2026-09-23T12:20:00+02:00,53,dr-robert,407,53,354,87
2026-09-23T10:20:00Z,2026-09-23T12:20:00+02:00,54,placa-vella,297,52,245,82.5
2026-09-23T10:20:00Z,2026-09-23T12:20:00+02:00,55,ajuntament-mercat,237,74,163,68.8
2026-09-23T10:21:00Z,2026-09-23T12:21:00+02:00,53,dr-robert,407,56,351,86.2
2026-09-23T10:21:00Z,2026-09-23T12:21:00+02:00,54,placa-vella,297,55,242,81.5
2026-09-23T10:21:00Z,2026-09-23T12:21:00+02:00,55,ajuntament-mercat,237,75,162,68.4
2026-09-23T10:22:00Z,2026-09-23T12:22:00+02:00,53,dr-robert,407,56,351,86.2
2026-09-23T10:22:00Z,2026-09-23T12:22:00+02:00,54,placa-vella,297,55,242,81.5
2026-09-23T10:22:00Z,2026-09-23T12:22:00+02:00,55,ajuntament-mercat,237,75,162,68.4
2026-09-23T10:23:00Z,2026-09-23T12:23:00+02:00,53,dr-robert,407,56,351,86.2
2026-09-23T10:23:00Z,2026-09-23T12:23:00+02:00,54,placa-vella,297,55,242,81.5
2026-09-23T10:23:00Z,2026-09-23T12:23:00+02:00,55,ajuntament-mercat,237,75,162,68.4
2026-09-23T10:24:00Z,2026-09-23T12:24:00+02:00,53,dr-robert,407,56,351,86.2
2026-09-23T10:24:00Z,2026-09-23T12:24:00+02:00,54,placa-vella,297,55,242,81.5
2026-09-23T10:24:00Z,2026-09-23T12:24:00+02:00,55,ajuntament-mercat,237,75,162,68.4
2026-09-23T10:25:00Z,2026-09-23T12:25:00+02:00,53,dr-robert,407,56,351,86.2
2026-09-23T10:25:00Z,2026-09-23T12:25:00+02:00,54,placa-vella,297,55,242,81.5
2026-09-23T10:25:00Z,2026-09-23T12:25:00+02:00,55,ajuntament-mercat,237,75,162,68.4
2026-09-23T10:26:00Z,2026-09-23T12:26:00+02:00,53,dr-robert,407,58,349,85.7
2026-09-23T10:26:00Z,2026-09-23T12:26:00+02:00,54,placa-vella,297,59,238,80.1
2026-09-23T10:26:00Z,2026-09-23T12:26:00+02:00,55,ajuntament-mercat,237,78,159,67.1
2026-09-23T10:27:00Z,2026-09-23T12:27:00+02:00,53,dr-robert,407,58,349,85.7
2026-09-23T10:27:00Z,2026-09-23T12:27:00+02:00,54,placa-vella,297,59,238,80.1
2026-09-23T10:27:00Z,2026-09-23T12:27:00+02:00,55,ajuntament-mercat,237,78,159,67.1
2026-09-23T10:28:00Z,2026-09-23T12:28:00+02:00,53,dr-robert,407,58,349,85.7
2026-09-23T10:28:00Z,2026-09-23T12:28:00+02:00,54,placa-vella,297,59,238,80.1
2026-09-23T10:28:00Z,2026-09-23T12:28:00+02:00,55,ajuntament-mercat,237,78,159,67.1
2026-09-23T10:29:00Z,2026-09-23T12:29:00+02:00,53,dr-robert,407,58,349,85.7
2026-09-23T10:29:00Z,2026-09-23T12:29:00+02:00,54,placa-vella,297,59,238,80.1
2026-09-23T10:29:00Z,2026-09-23T12:29:00+02:00,55,ajuntament-mercat,237,78,159,67.1
2026-09-23T10:30:00Z,2026-09-23T12:30:00+02:00,53,dr-robert,407,58,349,85.7
2026-09-23T10:30:00Z,2026-09-23T12:30:00+02:00,54,placa-vella,297,59,238,80.1
2026-09-23T10:30:00Z,2026-09-23T12:30:00+02:00,55,ajuntament-mercat,237,78,159,67.1
2026-09-23T10:31:00Z,2026-09-23T12:31:00+02:00,53,dr-robert,407,56,351,86.2
2026-09-23T10:31:00Z,2026-09-23T12:31:00+02:00,54,placa-vella,297,62,235,79.1
2026-09-23T10:31:00Z,2026-09-23T12:31:00+02:00,55,ajuntament-mercat,237,79,158,66.7
2026-09-23T10:32:00Z,2026-09-23T12:32:00+02:00,53,dr-robert,407,56,351,86.2
2026-09-23T10:32:00Z,2026-09-23T12:32:00+02:00,54,placa-vella,297,62,235,79.1
2026-09-23T10:32:00Z,2026-09-23T12:32:00+02:00,55,ajuntament-mercat,237,79,158,66.7
2026-09-23T10:33:00Z,2026-09-23T12:33:00+02:00,53,dr-robert,407,56,351,86.2
2026-09-23T10:33:00Z,2026-09-23T12:33:00+02:00,54,placa-vella,297,62,235,79.1
2026-09-23T10:33:00Z,2026-09-23T12:33:00+02:00,55,ajuntament-mercat,237,79,158,66.7
2026-09-23T10:34:00Z,2026-09-23T12:34:00+02:00,53,dr-robert,407,56,351,86.2
2026-09-23T10:34:00Z,2026-09-23T12:34:00+02:00,54,placa-vella,297,62,235,79.1
2026-09-23T10:34:00Z,2026-09-23T12:34:00+02:00,55,ajuntament-mercat,237,79,158,66.7
2026-09-23T10:35:00Z,2026-09-23T12:35:00+02:00,53,dr-robert,407,56,351,86.2
2026-09-23T10:35:00Z,2026-09-23T12:35:00+02:00,54,placa-vella,297,62,235,79.1
2026-09-23T10:35:00Z,2026-09-23T12:35:00+02:00,55,ajuntament-mercat,237,79,158,66.7
2026-09-23T10:36:00Z,2026-09-23T12:36:00+02:00,53,dr-robert,407,61,346,85
2026-09-23T10:36:00Z,2026-09-23T12:36:00+02:00,54,placa-vella,297,60,237,79.8
2026-09-23T10:36:00Z,2026-09-23T12:36:00+02:00,55,ajuntament-mercat,237,78,159,67.1
2026-09-23T10:37:00Z,2026-09-23T12:37:00+02:00,53,dr-robert,407,61,346,85
2026-09-23T10:37:00Z,2026-09-23T12:37:00+02:00,54,placa-vella,297,60,237,79.8
2026-09-23T10:37:00Z,2026-09-23T12:37:00+02:00,55,ajuntament-mercat,237,78,159,67.1
2026-09-23T10:38:00Z,2026-09-23T12:38:00+02:00,53,dr-robert,407,61,346,85
2026-09-23T10:38:00Z,2026-09-23T12:38:00+02:00,54,placa-vella,297,60,237,79.8
2026-09-23T10:38:00Z,2026-09-23T12:38:00+02:00,55,ajuntament-mercat,237,78,159,67.1
2026-09-23T10:39:00Z,2026-09-23T12:39:00+02:00,53,dr-robert,407,61,346,85
2026-09-23T10:39:00Z,2026-09-23T12:39:00+02:00,54,placa-vella,297,60,237,79.8
2026-09-23T10:39:00Z,2026-09-23T12:39:00+02:00,55,ajuntament-mercat,237,78,159,67.1
2026-09-23T10:40:00Z,2026-09-23T12:40:00+02:00,53,dr-robert,407,61,346,85
2026-09-23T10:40:00Z,2026-09-23T12:40:00+02:00,54,placa-vella,297,60,237,79.8
2026-09-23T10:40:00Z,2026-09-23T12:40:00+02:00,55,ajuntament-mercat,237,78,159,67.1
2026-09-23T10:41:00Z,2026-09-23T12:41:00+02:00,53,dr-robert,407,64,343,84.3
2026-09-23T10:41:00Z,2026-09-23T12:41:00+02:00,54,placa-vella,297,64,233,78.5
2026-09-23T10:41:00Z,2026-09-23T12:41:00+02:00,55,ajuntament-mercat,237,79,158,66.7
2026-09-23T10:42:00Z,2026-09-23T12:42:00+02:00,53,dr-robert,407,64,343,84.3
2026-09-23T10:42:00Z,2026-09-23T12:42:00+02:00,54,placa-vella,297,64,233,78.5
2026-09-23T10:42:00Z,2026-09-23T12:42:00+02:00,55,ajuntament-mercat,237,79,158,66.7
2026-09-23T10:43:00Z,2026-09-23T12:43:00+02:00,53,dr-robert,407,64,343,84.3
2026-09-23T10:43:00Z,2026-09-23T12:43:00+02:00,54,placa-vella,297,64,233,78.5
2026-09-23T10:43:00Z,2026-09-23T12:43:00+02:00,55,ajuntament-mercat,237,79,158,66.7
2026-09-23T10:44:00Z,2026-09-23T12:44:00+02:00,53,dr-robert,407,64,343,84.3
2026-09-23T10:44:00Z,2026-09-23T12:44:00+02:00,54,placa-vella,297,64,233,78.5
2026-09-23T10:44:00Z,2026-09-23T12:44:00+02:00,55,ajuntament-mercat,237,79,158,66.7
2026-09-23T10:45:00Z,2026-09-23T12:45:00+02:00,53,dr-robert,407,64,343,84.3
2026-09-23T10:45:00Z,2026-09-23T12:45:00+02:00,54,placa-vella,297,64,233,78.5
2026-09-23T10:45:00Z,2026-09-23T12:45:00+02:00,55,ajuntament-mercat,237,79,158,66.7
2026-09-23T10:46:00Z,2026-09-23T12:46:00+02:00,53,dr-robert,407,65,342,84
2026-09-23T10:46:00Z,2026-09-23T12:46:00+02:00,54,placa-vella,297,66,231,77.8
2026-09-23T10:46:00Z,2026-09-23T12:46:00+02:00,55,ajuntament-mercat,237,76,161,67.9
2026-09-23T10:47:00Z,2026-09-23T12:47:00+02:00,53,dr-robert,407,65,342,84
2026-09-23T10:47:00Z,2026-09-23T12:47:00+02:00,54,placa-vella,297,66,231,77.8
2026-09-23T10:47:00Z,2026-09-23T12:47:00+02:00,55,ajuntament-mercat,237,76,161,67.9
2026-09-23T10:48:00Z,2026-09-23T12:48:00+02:00,53,dr-robert,407,65,342,84
2026-09-23T10:48:00Z,2026-09-23T12:48:00+02:00,54,placa-vella,297,66,231,77.8
2026-09-23T10:48:00Z,2026-09-23T12:48:00+02:00,55,ajuntament-mercat,237,76,161,67.9
2026-09-23T10:49:00Z,2026-09-23T12:49:00+02:00,53,dr-robert,407,65,342,84
2026-09-23T10:49:00Z,2026-09-23T12:49:00+02:00,54,placa-vella,297,66,231,77.8
2026-09-23T10:49:00Z,2026-09-23T12:49:00+02:00,55,ajuntament-mercat,237,76,161,67.9
2026-09-23T10:50:00Z,2026-09-23T12:50:00+02:00,53,dr-robert,407,65,342,84
2026-09-23T10:50:00Z,2026-09-23T12:50:00+02:00,54,placa-vella,297,66,231,77.8
2026-09-23T10:50:00Z,2026-09-23T12:50:00+02:00,55,ajuntament-mercat,237,76,161,67.9
2026-09-23T10:51:00Z,2026-09-23T12:51:00+02:00,53,dr-robert,407,70,337,82.8
2026-09-23T10:51:00Z,2026-09-23T12:51:00+02:00,54,placa-vella,297,68,229,77.1
2026-09-23T10:51:00Z,2026-09-23T12:51:00+02:00,55,ajuntament-mercat,237,74,163,68.8
2026-09-23T10:52:00Z,2026-09-23T12:52:00+02:00,53,dr-robert,407,70,337,82.8
2026-09-23T10:52:00Z,2026-09-23T12:52:00+02:00,54,placa-vella,297,68,229,77.1
2026-09-23T10:52:00Z,2026-09-23T12:52:00+02:00,55,ajuntament-mercat,237,74,163,68.8
2026-09-23T10:53:00Z,2026-09-23T12:53:00+02:00,53,dr-robert,407,70,337,82.8
2026-09-23T10:53:00Z,2026-09-23T12:53:00+02:00,54,placa-vella,297,68,229,77.1
2026-09-23T10:53:00Z,2026-09-23T12:53:00+02:00,55,ajuntament-mercat,237,74,163,68.8
2026-09-23T10:54:00Z,2026-09-23T12:54:00+02:00,53,dr-robert,407,70,337,82.8
2026-09-23T10:54:00Z,2026-09-23T12:54:00+02:00,54,placa-vella,297,68,229,77.1
2026-09-23T10:54:00Z,2026-09-23T12:54:00+02:00,55,ajuntament-mercat,237,74,163,68.8
2026-09-23T10:55:00Z,2026-09-23T12:55:00+02:00,53,dr-robert,407,70,337,82.8
2026-09-23T10:55:00Z,2026-09-23T12:55:00+02:00,54,placa-vella,297,68,229,77.1
2026-09-23T10:55:00Z,2026-09-23T12:55:00+02:00,55,ajuntament-mercat,237,74,163,68.8
2026-09-23T10:56:00Z,2026-09-23T12:56:00+02:00,53,dr-robert,407,78,329,80.8
2026-09-23T10:56:00Z,2026-09-23T12:56:00+02:00,54,placa-vella,297,72,225,75.8
2026-09-23T10:56:00Z,2026-09-23T12:56:00+02:00,55,ajuntament-mercat,237,74,163,68.8
2026-09-23T10:57:00Z,2026-09-23T12:57:00+02:00,53,dr-robert,407,78,329,80.8
2026-09-23T10:57:00Z,2026-09-23T12:57:00+02:00,54,placa-vella,297,72,225,75.8
2026-09-23T10:57:00Z,2026-09-23T12:57:00+02:00,55,ajuntament-mercat,237,74,163,68.8
2026-09-23T10:58:00Z,2026-09-23T12:58:00+02:00,53,dr-robert,407,78,329,80.8
2026-09-23T10:58:00Z,2026-09-23T12:58:00+02:00,54,placa-vella,297,72,225,75.8
2026-09-23T10:58:00Z,2026-09-23T12:58:00+02:00,55,ajuntament-mercat,237,74,163,68.8
2026-09-23T10:59:00Z,2026-09-23T12:59:00+02:00,53,dr-robert,407,78,329,80.8
2026-09-23T10:59:00Z,2026-09-23T12:59:00+02:00,54,placa-vella,297,72,225,75.8
2026-09-23T10:59:00Z,2026-09-23T12:59:00+02:00,55,ajuntament-mercat,237,74,163,68.8
2026-09-23T11:00:00Z,2026-09-23T13:00:00+02:00,53,dr-robert,407,78,329,80.8
2026-09-23T11:00:00Z,2026-09-23T13:00:00+02:00,54,placa-vella,297,72,225,75.8
2026-09-23T11:00:00Z,2026-09-23T13:00:00+02:00,55,ajuntament-mercat,237,74,163,68.8
2026-09-23T11:01:00Z,2026-09-23T13:01:00+02:00,53,dr-robert,407,78,329,80.8
2026-09-23T11:01:00Z,2026-09-23T13:01:00+02:00,54,placa-vella,297,72,225,75.8
2026-09-23T11:01:00Z,2026-09-23T13:01:00+02:00,55,ajuntament-mercat,237,74,163,68.8
2026-09-23T11:02:00Z,2026-09-23T13:02:00+02:00,53,dr-robert,407,81,326,80.1
2026-09-23T11:02:00Z,2026-09-23T13:02:00+02:00,54,placa-vella,297,74,223,75.1
2026-09-23T11:02:00Z,2026-09-23T13:02:00+02:00,55,ajuntament-mercat,237,71,166,70
2026-09-23T11:03:00Z,2026-09-23T13:03:00+02:00,53,dr-robert,407,81,326,80.1
2026-09-23T11:03:00Z,2026-09-23T13:03:00+02:00,54,placa-vella,297,74,223,75.1
2026-09-23T11:03:00Z,2026-09-23T13:03:00+02:00,55,ajuntament-mercat,237,71,166,70
2026-09-23T11:04:00Z,2026-09-23T13:04:00+02:00,53,dr-robert,407,81,326,80.1
2026-09-23T11:04:00Z,2026-09-23T13:04:00+02:00,54,placa-vella,297,74,223,75.1
2026-09-23T11:04:00Z,2026-09-23T13:04:00+02:00,55,ajuntament-mercat,237,71,166,70
2026-09-23T11:05:00Z,2026-09-23T13:05:00+02:00,53,dr-robert,407,81,326,80.1
2026-09-23T11:05:00Z,2026-09-23T13:05:00+02:00,54,placa-vella,297,74,223,75.1
2026-09-23T11:05:00Z,2026-09-23T13:05:00+02:00,55,ajuntament-mercat,237,71,166,70
2026-09-23T11:06:00Z,2026-09-23T13:06:00+02:00,53,dr-robert,407,88,319,78.4
2026-09-23T11:06:00Z,2026-09-23T13:06:00+02:00,54,placa-vella,297,76,221,74.4
2026-09-23T11:06:00Z,2026-09-23T13:06:00+02:00,55,ajuntament-mercat,237,71,166,70
2026-09-23T11:07:00Z,2026-09-23T13:07:00+02:00,53,dr-robert,407,88,319,78.4
2026-09-23T11:07:00Z,2026-09-23T13:07:00+02:00,54,placa-vella,297,76,221,74.4
2026-09-23T11:07:00Z,2026-09-23T13:07:00+02:00,55,ajuntament-mercat,237,71,166,70
2026-09-23T11:08:00Z,2026-09-23T13:08:00+02:00,53,dr-robert,407,88,319,78.4
2026-09-23T11:08:00Z,2026-09-23T13:08:00+02:00,54,placa-vella,297,76,221,74.4
2026-09-23T11:08:00Z,2026-09-23T13:08:00+02:00,55,ajuntament-mercat,237,71,166,70
2026-09-23T11:09:00Z,2026-09-23T13:09:00+02:00,53,dr-robert,407,88,319,78.4
2026-09-23T11:09:00Z,2026-09-23T13:09:00+02:00,54,placa-vella,297,76,221,74.4
2026-09-23T11:09:00Z,2026-09-23T13:09:00+02:00,55,ajuntament-mercat,237,71,166,70
2026-09-23T11:10:00Z,2026-09-23T13:10:00+02:00,53,dr-robert,407,88,319,78.4
2026-09-23T11:10:00Z,2026-09-23T13:10:00+02:00,54,placa-vella,297,76,221,74.4
2026-09-23T11:10:00Z,2026-09-23T13:10:00+02:00,55,ajuntament-mercat,237,71,166,70
2026-09-23T11:11:00Z,2026-09-23T13:11:00+02:00,53,dr-robert,407,96,311,76.4
2026-09-23T11:11:00Z,2026-09-23T13:11:00+02:00,54,placa-vella,297,77,220,74.1
2026-09-23T11:11:00Z,2026-09-23T13:11:00+02:00,55,ajuntament-mercat,237,74,163,68.8
2026-09-23T11:12:00Z,2026-09-23T13:12:00+02:00,53,dr-robert,407,96,311,76.4
2026-09-23T11:12:00Z,2026-09-23T13:12:00+02:00,54,placa-vella,297,77,220,74.1
2026-09-23T11:12:00Z,2026-09-23T13:12:00+02:00,55,ajuntament-mercat,237,74,163,68.8
2026-09-23T11:13:00Z,2026-09-23T13:13:00+02:00,53,dr-robert,407,96,311,76.4
2026-09-23T11:13:00Z,2026-09-23T13:13:00+02:00,54,placa-vella,297,77,220,74.1
2026-09-23T11:13:00Z,2026-09-23T13:13:00+02:00,55,ajuntament-mercat,237,74,163,68.8
2026-09-23T11:14:00Z,2026-09-23T13:14:00+02:00,53,dr-robert,407,96,311,76.4
2026-09-23T11:14:00Z,2026-09-23T13:14:00+02:00,54,placa-vella,297,77,220,74.1
2026-09-23T11:14:00Z,2026-09-23T13:14:00+02:00,55,ajuntament-mercat,237,74,163,68.8
2026-09-23T11:15:00Z,2026-09-23T13:15:00+02:00,53,dr-robert,407,96,311,76.4
2026-09-23T11:15:00Z,2026-09-23T13:15:00+02:00,54,placa-vella,297,77,220,74.1
2026-09-23T11:15:00Z,2026-09-23T13:15:00+02:00,55,ajuntament-mercat,237,74,163,68.8
2026-09-23T11:16:00Z,2026-09-23T13:16:00+02:00,53,dr-robert,407,104,303,74.4
2026-09-23T11:16:00Z,2026-09-23T13:16:00+02:00,54,placa-vella,297,76,221,74.4
2026-09-23T11:16:00Z,2026-09-23T13:16:00+02:00,55,ajuntament-mercat,237,74,163,68.8
2026-09-23T11:17:00Z,2026-09-23T13:17:00+02:00,53,dr-robert,407,104,303,74.4
2026-09-23T11:17:00Z,2026-09-23T13:17:00+02:00,54,placa-vella,297,76,221,74.4
2026-09-23T11:17:00Z,2026-09-23T13:17:00+02:00,55,ajuntament-mercat,237,74,163,68.8
2026-09-23T11:18:00Z,2026-09-23T13:18:00+02:00,53,dr-robert,407,104,303,74.4
2026-09-23T11:18:00Z,2026-09-23T13:18:00+02:00,54,placa-vella,297,76,221,74.4
2026-09-23T11:18:00Z,2026-09-23T13:18:00+02:00,55,ajuntament-mercat,237,74,163,68.8
2026-09-23T11:19:00Z,2026-09-23T13:19:00+02:00,53,dr-robert,407,104,303,74.4
2026-09-23T11:19:00Z,2026-09-23T13:19:00+02:00,54,placa-vella,297,76,221,74.4
2026-09-23T11:19:00Z,2026-09-23T13:19:00+02:00,55,ajuntament-mercat,237,74,163,68.8
2026-09-23T11:20:00Z,2026-09-23T13:20:00+02:00,53,dr-robert,407,104,303,74.4
2026-09-23T11:20:00Z,2026-09-23T13:20:00+02:00,54,placa-vella,297,76,221,74.4
2026-09-23T11:20:00Z,2026-09-23T13:20:00+02:00,55,ajuntament-mercat,237,74,163,68.8
2026-09-23T11:21:00Z,2026-09-23T13:21:00+02:00,53,dr-robert,407,99,308,75.7
2026-09-23T11:21:00Z,2026-09-23T13:21:00+02:00,54,placa-vella,297,78,219,73.7
2026-09-23T11:21:00Z,2026-09-23T13:21:00+02:00,55,ajuntament-mercat,237,74,163,68.8
2026-09-23T11:22:00Z,2026-09-23T13:22:00+02:00,53,dr-robert,407,99,308,75.7
2026-09-23T11:22:00Z,2026-09-23T13:22:00+02:00,54,placa-vella,297,78,219,73.7
2026-09-23T11:22:00Z,2026-09-23T13:22:00+02:00,55,ajuntament-mercat,237,74,163,68.8
2026-09-23T11:23:00Z,2026-09-23T13:23:00+02:00,53,dr-robert,407,99,308,75.7
2026-09-23T11:23:00Z,2026-09-23T13:23:00+02:00,54,placa-vella,297,78,219,73.7
2026-09-23T11:23:00Z,2026-09-23T13:23:00+02:00,55,ajuntament-mercat,237,74,163,68.8
2026-09-23T11:24:00Z,2026-09-23T13:24:00+02:00,53,dr-robert,407,99,308,75.7
2026-09-23T11:24:00Z,2026-09-23T13:24:00+02:00,54,placa-vella,297,78,219,73.7
2026-09-23T11:24:00Z,2026-09-23T13:24:00+02:00,55,ajuntament-mercat,237,74,163,68.8
2026-09-23T11:25:00Z,2026-09-23T13:25:00+02:00,53,dr-robert,407,99,308,75.7
2026-09-23T11:25:00Z,2026-09-23T13:25:00+02:00,54,placa-vella,297,78,219,73.7
2026-09-23T11:25:00Z,2026-09-23T13:25:00+02:00,55,ajuntament-mercat,237,74,163,68.8
2026-09-23T11:26:00Z,2026-09-23T13:26:00+02:00,53,dr-robert,407,107,300,73.7
2026-09-23T11:26:00Z,2026-09-23T13:26:00+02:00,54,placa-vella,297,80,217,73.1
2026-09-23T11:26:00Z,2026-09-23T13:26:00+02:00,55,ajuntament-mercat,237,76,161,67.9
2026-09-23T11:27:00Z,2026-09-23T13:27:00+02:00,53,dr-robert,407,107,300,73.7
2026-09-23T11:27:00Z,2026-09-23T13:27:00+02:00,54,placa-vella,297,80,217,73.1
2026-09-23T11:27:00Z,2026-09-23T13:27:00+02:00,55,ajuntament-mercat,237,76,161,67.9
2026-09-23T11:28:00Z,2026-09-23T13:28:00+02:00,53,dr-robert,407,107,300,73.7
2026-09-23T11:28:00Z,2026-09-23T13:28:00+02:00,54,placa-vella,297,80,217,73.1
2026-09-23T11:28:00Z,2026-09-23T13:28:00+02:00,55,ajuntament-mercat,237,76,161,67.9
2026-09-23T11:29:00Z,2026-09-23T13:29:00+02:00,53,dr-robert,407,107,300,73.7
2026-09-23T11:29:00Z,2026-09-23T13:29:00+02:00,54,placa-vella,297,80,217,73.1
2026-09-23T11:29:00Z,2026-09-23T13:29:00+02:00,55,ajuntament-mercat,237,76,161,67.9
2026-09-23T11:30:00Z,2026-09-23T13:30:00+02:00,53,dr-robert,407,107,300,73.7
2026-09-23T11:30:00Z,2026-09-23T13:30:00+02:00,54,placa-vella,297,80,217,73.1
2026-09-23T11:30:00Z,2026-09-23T13:30:00+02:00,55,ajuntament-mercat,237,76,161,67.9
2026-09-23T11:31:00Z,2026-09-23T13:31:00+02:00,53,dr-robert,407,111,296,72.7
2026-09-23T11:31:00Z,2026-09-23T13:31:00+02:00,54,placa-vella,297,85,212,71.4
2026-09-23T11:31:00Z,2026-09-23T13:31:00+02:00,55,ajuntament-mercat,237,78,159,67.1
2026-09-23T11:32:00Z,2026-09-23T13:32:00+02:00,53,dr-robert,407,111,296,72.7
2026-09-23T11:32:00Z,2026-09-23T13:32:00+02:00,54,placa-vella,297,85,212,71.4
2026-09-23T11:32:00Z,2026-09-23T13:32:00+02:00,55,ajuntament-mercat,237,78,159,67.1
2026-09-23T11:33:00Z,2026-09-23T13:33:00+02:00,53,dr-robert,407,111,296,72.7
2026-09-23T11:33:00Z,2026-09-23T13:33:00+02:00,54,placa-vella,297,85,212,71.4
2026-09-23T11:33:00Z,2026-09-23T13:33:00+02:00,55,ajuntament-mercat,237,78,159,67.1
2026-09-23T11:34:00Z,2026-09-23T13:34:00+02:00,53,dr-robert,407,111,296,72.7
2026-09-23T11:34:00Z,2026-09-23T13:34:00+02:00,54,placa-vella,297,85,212,71.4
2026-09-23T11:34:00Z,2026-09-23T13:34:00+02:00,55,ajuntament-mercat,237,78,159,67.1
2026-09-23T11:35:00Z,2026-09-23T13:35:00+02:00,53,dr-robert,407,111,296,72.7
2026-09-23T11:35:00Z,2026-09-23T13:35:00+02:00,54,placa-vella,297,85,212,71.4
2026-09-23T11:35:00Z,2026-09-23T13:35:00+02:00,55,ajuntament-mercat,237,78,159,67.1
2026-09-23T11:36:00Z,2026-09-23T13:36:00+02:00,53,dr-robert,407,112,295,72.5
2026-09-23T11:36:00Z,2026-09-23T13:36:00+02:00,54,placa-vella,297,88,209,70.4
2026-09-23T11:36:00Z,2026-09-23T13:36:00+02:00,55,ajuntament-mercat,237,80,157,66.2
2026-09-23T11:37:00Z,2026-09-23T13:37:00+02:00,53,dr-robert,407,112,295,72.5
2026-09-23T11:37:00Z,2026-09-23T13:37:00+02:00,54,placa-vella,297,88,209,70.4
2026-09-23T11:37:00Z,2026-09-23T13:37:00+02:00,55,ajuntament-mercat,237,80,157,66.2
2026-09-23T11:38:00Z,2026-09-23T13:38:00+02:00,53,dr-robert,407,112,295,72.5
2026-09-23T11:38:00Z,2026-09-23T13:38:00+02:00,54,placa-vella,297,88,209,70.4
2026-09-23T11:38:00Z,2026-09-23T13:38:00+02:00,55,ajuntament-mercat,237,80,157,66.2
2026-09-23T11:39:00Z,2026-09-23T13:39:00+02:00,53,dr-robert,407,112,295,72.5
2026-09-23T11:39:00Z,2026-09-23T13:39:00+02:00,54,placa-vella,297,88,209,70.4
2026-09-23T11:39:00Z,2026-09-23T13:39:00+02:00,55,ajuntament-mercat,237,80,157,66.2
2026-09-23T11:40:00Z,2026-09-23T13:40:00+02:00,53,dr-robert,407,112,295,72.5
2026-09-23T11:40:00Z,2026-09-23T13:40:00+02:00,54,placa-vella,297,88,209,70.4
2026-09-23T11:40:00Z,2026-09-23T13:40:00+02:00,55,ajuntament-mercat,237,80,157,66.2
2026-09-23T11:41:00Z,2026-09-23T13:41:00+02:00,53,dr-robert,407,117,290,71.3
2026-09-23T11:41:00Z,2026-09-23T13:41:00+02:00,54,placa-vella,297,88,209,70.4
2026-09-23T11:41:00Z,2026-09-23T13:41:00+02:00,55,ajuntament-mercat,237,79,158,66.7
2026-09-23T11:42:00Z,2026-09-23T13:42:00+02:00,53,dr-robert,407,117,290,71.3
2026-09-23T11:42:00Z,2026-09-23T13:42:00+02:00,54,placa-vella,297,88,209,70.4
2026-09-23T11:42:00Z,2026-09-23T13:42:00+02:00,55,ajuntament-mercat,237,79,158,66.7
2026-09-23T11:43:00Z,2026-09-23T13:43:00+02:00,53,dr-robert,407,117,290,71.3
2026-09-23T11:43:00Z,2026-09-23T13:43:00+02:00,54,placa-vella,297,88,209,70.4
2026-09-23T11:43:00Z,2026-09-23T13:43:00+02:00,55,ajuntament-mercat,237,79,158,66.7
2026-09-23T11:44:00Z,2026-09-23T13:44:00+02:00,53,dr-robert,407,117,290,71.3
2026-09-23T11:44:00Z,2026-09-23T13:44:00+02:00,54,placa-vella,297,88,209,70.4
2026-09-23T11:44:00Z,2026-09-23T13:44:00+02:00,55,ajuntament-mercat,237,79,158,66.7
2026-09-23T11:45:00Z,2026-09-23T13:45:00+02:00,53,dr-robert,407,117,290,71.3
2026-09-23T11:45:00Z,2026-09-23T13:45:00+02:00,54,placa-vella,297,88,209,70.4
2026-09-23T11:45:00Z,2026-09-23T13:45:00+02:00,55,ajuntament-mercat,237,79,158,66.7
2026-09-23T11:46:00Z,2026-09-23T13:46:00+02:00,53,dr-robert,407,120,287,70.5
2026-09-23T11:46:00Z,2026-09-23T13:46:00+02:00,54,placa-vella,297,92,205,69
2026-09-23T11:46:00Z,2026-09-23T13:46:00+02:00,55,ajuntament-mercat,237,84,153,64.6
2026-09-23T11:47:00Z,2026-09-23T13:47:00+02:00,53,dr-robert,407,120,287,70.5
2026-09-23T11:47:00Z,2026-09-23T13:47:00+02:00,54,placa-vella,297,92,205,69
2026-09-23T11:47:00Z,2026-09-23T13:47:00+02:00,55,ajuntament-mercat,237,84,153,64.6
2026-09-23T11:48:00Z,2026-09-23T13:48:00+02:00,53,dr-robert,407,120,287,70.5
2026-09-23T11:48:00Z,2026-09-23T13:48:00+02:00,54,placa-vella,297,92,205,69
2026-09-23T11:48:00Z,2026-09-23T13:48:00+02:00,55,ajuntament-mercat,237,84,153,64.6
2026-09-23T11:49:00Z,2026-09-23T13:49:00+02:00,53,dr-robert,407,120,287,70.5
2026-09-23T11:49:00Z,2026-09-23T13:49:00+02:00,54,placa-vella,297,92,205,69
2026-09-23T11:49:00Z,2026-09-23T13:49:00+02:00,55,ajuntament-mercat,237,84,153,64.6
2026-09-23T11:50:00Z,2026-09-23T13:50:00+02:00,53,dr-robert,407,120,287,70.5
2026-09-23T11:50:00Z,2026-09-23T13:50:00+02:00,54,placa-vella,297,92,205,69
2026-09-23T11:50:00Z,2026-09-23T13:50:00+02:00,55,ajuntament-mercat,237,84,153,64.6
2026-09-23T11:51:00Z,2026-09-23T13:51:00+02:00,53,dr-robert,407,117,290,71.3
2026-09-23T11:51:00Z,2026-09-23T13:51:00+02:00,54,placa-vella,297,94,203,68.4
2026-09-23T11:51:00Z,2026-09-23T13:51:00+02:00,55,ajuntament-mercat,237,82,155,65.4
2026-09-23T11:52:00Z,2026-09-23T13:52:00+02:00,53,dr-robert,407,117,290,71.3
2026-09-23T11:52:00Z,2026-09-23T13:52:00+02:00,54,placa-vella,297,94,203,68.4
2026-09-23T11:52:00Z,2026-09-23T13:52:00+02:00,55,ajuntament-mercat,237,82,155,65.4
2026-09-23T11:53:00Z,2026-09-23T13:53:00+02:00,53,dr-robert,407,117,290,71.3
2026-09-23T11:53:00Z,2026-09-23T13:53:00+02:00,54,placa-vella,297,94,203,68.4
2026-09-23T11:53:00Z,2026-09-23T13:53:00+02:00,55,ajuntament-mercat,237,82,155,65.4
2026-09-23T11:54:00Z,2026-09-23T13:54:00+02:00,53,dr-robert,407,117,290,71.3
2026-09-23T11:54:00Z,2026-09-23T13:54:00+02:00,54,placa-vella,297,94,203,68.4
2026-09-23T11:54:00Z,2026-09-23T13:54:00+02:00,55,ajuntament-mercat,237,82,155,65.4
2026-09-23T11:55:00Z,2026-09-23T13:55:00+02:00,53,dr-robert,407,117,290,71.3
2026-09-23T11:55:00Z,2026-09-23T13:55:00+02:00,54,placa-vella,297,94,203,68.4
2026-09-23T11:55:00Z,2026-09-23T13:55:00+02:00,55,ajuntament-mercat,237,82,155,65.4
2026-09-23T11:56:00Z,2026-09-23T13:56:00+02:00,53,dr-robert,407,119,288,70.8
2026-09-23T11:56:00Z,2026-09-23T13:56:00+02:00,54,placa-vella,297,92,205,69
2026-09-23T11:56:00Z,2026-09-23T13:56:00+02:00,55,ajuntament-mercat,237,84,153,64.6
2026-09-23T11:57:00Z,2026-09-23T13:57:00+02:00,53,dr-robert,407,119,288,70.8
2026-09-23T11:57:00Z,2026-09-23T13:57:00+02:00,54,placa-vella,297,92,205,69
2026-09-23T11:57:00Z,2026-09-23T13:57:00+02:00,55,ajuntament-mercat,237,84,153,64.6
2026-09-23T11:58:00Z,2026-09-23T13:58:00+02:00,53,dr-robert,407,119,288,70.8
2026-09-23T11:58:00Z,2026-09-23T13:58:00+02:00,54,placa-vella,297,92,205,69
2026-09-23T11:58:00Z,2026-09-23T13:58:00+02:00,55,ajuntament-mercat,237,84,153,64.6
2026-09-23T11:59:00Z,2026-09-23T13:59:00+02:00,53,dr-robert,407,119,288,70.8
2026-09-23T11:59:00Z,2026-09-23T13:59:00+02:00,54,placa-vella,297,92,205,69
2026-09-23T11:59:00Z,2026-09-23T13:59:00+02:00,55,ajuntament-mercat,237,84,153,64.6
2026-09-23T12:00:00Z,2026-09-23T14:00:00+02:00,53,dr-robert,407,119,288,70.8
2026-09-23T12:00:00Z,2026-09-23T14:00:00+02:00,54,placa-vella,297,92,205,69
2026-09-23T12:00:00Z,2026-09-23T14:00:00+02:00,55,ajuntament-mercat,237,84,153,64.6
2026-09-23T12:01:00Z,2026-09-23T14:01:00+02:00,53,dr-robert,407,119,288,70.8
2026-09-23T12:01:00Z,2026-09-23T14:01:00+02:00,54,placa-vella,297,92,205,69
2026-09-23T12:01:00Z,2026-09-23T14:01:00+02:00,55,ajuntament-mercat,237,84,153,64.6
2026-09-23T12:02:00Z,2026-09-23T14:02:00+02:00,53,dr-robert,407,124,283,69.5
2026-09-23T12:02:00Z,2026-09-23T14:02:00+02:00,54,placa-vella,297,94,203,68.4
2026-09-23T12:02:00Z,2026-09-23T14:02:00+02:00,55,ajuntament-mercat,237,84,153,64.6
2026-09-23T12:03:00Z,2026-09-23T14:03:00+02:00,53,dr-robert,407,124,283,69.5
2026-09-23T12:03:00Z,2026-09-23T14:03:00+02:00,54,placa-vella,297,94,203,68.4
2026-09-23T12:03:00Z,2026-09-23T14:03:00+02:00,55,ajuntament-mercat,237,84,153,64.6
2026-09-23T12:04:00Z,2026-09-23T14:04:00+02:00,53,dr-robert,407,124,283,69.5
2026-09-23T12:04:00Z,2026-09-23T14:04:00+02:00,54,placa-vella,297,94,203,68.4
2026-09-23T12:04:00Z,2026-09-23T14:04:00+02:00,55,ajuntament-mercat,237,84,153,64.6
2026-09-23T12:05:00Z,2026-09-23T14:05:00+02:00,53,dr-robert,407,124,283,69.5
2026-09-23T12:05:00Z,2026-09-23T14:05:00+02:00,54,placa-vella,297,94,203,68.4
2026-09-23T12:05:00Z,2026-09-23T14:05:00+02:00,55,ajuntament-mercat,237,84,153,64.6
2026-09-23T12:06:00Z,2026-09-23T14:06:00+02:00,53,dr-robert,407,124,283,69.5
2026-09-23T12:06:00Z,2026-09-23T14:06:00+02:00,54,placa-vella,297,95,202,68
2026-09-23T12:06:00Z,2026-09-23T14:06:00+02:00,55,ajuntament-mercat,237,85,152,64.1
2026-09-23T12:07:00Z,2026-09-23T14:07:00+02:00,53,dr-robert,407,124,283,69.5
2026-09-23T12:07:00Z,2026-09-23T14:07:00+02:00,54,placa-vella,297,95,202,68
2026-09-23T12:07:00Z,2026-09-23T14:07:00+02:00,55,ajuntament-mercat,237,85,152,64.1
2026-09-23T12:08:00Z,2026-09-23T14:08:00+02:00,53,dr-robert,407,124,283,69.5
2026-09-23T12:08:00Z,2026-09-23T14:08:00+02:00,54,placa-vella,297,95,202,68
2026-09-23T12:08:00Z,2026-09-23T14:08:00+02:00,55,ajuntament-mercat,237,85,152,64.1
2026-09-23T12:09:00Z,2026-09-23T14:09:00+02:00,53,dr-robert,407,124,283,69.5
2026-09-23T12:09:00Z,2026-09-23T14:09:00+02:00,54,placa-vella,297,95,202,68
2026-09-23T12:09:00Z,2026-09-23T14:09:00+02:00,55,ajuntament-mercat,237,85,152,64.1
2026-09-23T12:10:00Z,2026-09-23T14:10:00+02:00,53,dr-robert,407,124,283,69.5
2026-09-23T12:10:00Z,2026-09-23T14:10:00+02:00,54,placa-vella,297,95,202,68
2026-09-23T12:10:00Z,2026-09-23T14:10:00+02:00,55,ajuntament-mercat,237,85,152,64.1
2026-09-23T12:11:00Z,2026-09-23T14:11:00+02:00,53,dr-robert,407,124,283,69.5
2026-09-23T12:11:00Z,2026-09-23T14:11:00+02:00,54,placa-vella,297,98,199,67
2026-09-23T12:11:00Z,2026-09-23T14:11:00+02:00,55,ajuntament-mercat,237,94,143,60.3
2026-09-23T12:12:00Z,2026-09-23T14:12:00+02:00,53,dr-robert,407,124,283,69.5
2026-09-23T12:12:00Z,2026-09-23T14:12:00+02:00,54,placa-vella,297,98,199,67
2026-09-23T12:12:00Z,2026-09-23T14:12:00+02:00,55,ajuntament-mercat,237,94,143,60.3
2026-09-23T12:13:00Z,2026-09-23T14:13:00+02:00,53,dr-robert,407,124,283,69.5
2026-09-23T12:13:00Z,2026-09-23T14:13:00+02:00,54,placa-vella,297,98,199,67
2026-09-23T12:13:00Z,2026-09-23T14:13:00+02:00,55,ajuntament-mercat,237,94,143,60.3
2026-09-23T12:14:00Z,2026-09-23T14:14:00+02:00,53,dr-robert,407,124,283,69.5
2026-09-23T12:14:00Z,2026-09-23T14:14:00+02:00,54,placa-vella,297,98,199,67
2026-09-23T12:14:00Z,2026-09-23T14:14:00+02:00,55,ajuntament-mercat,237,94,143,60.3
2026-09-23T12:15:00Z,2026-09-23T14:15:00+02:00,53,dr-robert,407,124,283,69.5
2026-09-23T12:15:00Z,2026-09-23T14:15:00+02:00,54,placa-vella,297,98,199,67
2026-09-23T12:15:00Z,2026-09-23T14:15:00+02:00,55,ajuntament-mercat,237,94,143,60.3
2026-09-23T12:16:00Z,2026-09-23T14:16:00+02:00,53,dr-robert,407,131,276,67.8
2026-09-23T12:16:00Z,2026-09-23T14:16:00+02:00,54,placa-vella,297,104,193,65
2026-09-23T12:16:00Z,2026-09-23T14:16:00+02:00,55,ajuntament-mercat,237,99,138,58.2
2026-09-23T12:17:00Z,2026-09-23T14:17:00+02:00,53,dr-robert,407,131,276,67.8
2026-09-23T12:17:00Z,2026-09-23T14:17:00+02:00,54,placa-vella,297,104,193,65
2026-09-23T12:17:00Z,2026-09-23T14:17:00+02:00,55,ajuntament-mercat,237,99,138,58.2
2026-09-23T12:18:00Z,2026-09-23T14:18:00+02:00,53,dr-robert,407,131,276,67.8
2026-09-23T12:18:00Z,2026-09-23T14:18:00+02:00,54,placa-vella,297,104,193,65
2026-09-23T12:18:00Z,2026-09-23T14:18:00+02:00,55,ajuntament-mercat,237,99,138,58.2
2026-09-23T12:19:00Z,2026-09-23T14:19:00+02:00,53,dr-robert,407,131,276,67.8
2026-09-23T12:19:00Z,2026-09-23T14:19:00+02:00,54,placa-vella,297,104,193,65
2026-09-23T12:19:00Z,2026-09-23T14:19:00+02:00,55,ajuntament-mercat,237,99,138,58.2
2026-09-23T12:20:00Z,2026-09-23T14:20:00+02:00,53,dr-robert,407,131,276,67.8
2026-09-23T12:20:00Z,2026-09-23T14:20:00+02:00,54,placa-vella,297,104,193,65
2026-09-23T12:20:00Z,2026-09-23T14:20:00+02:00,55,ajuntament-mercat,237,99,138,58.2
2026-09-23T12:21:00Z,2026-09-23T14:21:00+02:00,53,dr-robert,407,134,273,67.1
2026-09-23T12:21:00Z,2026-09-23T14:21:00+02:00,54,placa-vella,297,107,190,64
2026-09-23T12:21:00Z,2026-09-23T14:21:00+02:00,55,ajuntament-mercat,237,99,138,58.2
2026-09-23T12:22:00Z,2026-09-23T14:22:00+02:00,53,dr-robert,407,134,273,67.1
2026-09-23T12:22:00Z,2026-09-23T14:22:00+02:00,54,placa-vella,297,107,190,64
2026-09-23T12:22:00Z,2026-09-23T14:22:00+02:00,55,ajuntament-mercat,237,99,138,58.2
2026-09-23T12:23:00Z,2026-09-23T14:23:00+02:00,53,dr-robert,407,134,273,67.1
2026-09-23T12:23:00Z,2026-09-23T14:23:00+02:00,54,placa-vella,297,107,190,64
2026-09-23T12:23:00Z,2026-09-23T14:23:00+02:00,55,ajuntament-mercat,237,99,138,58.2
2026-09-23T12:24:00Z,2026-09-23T14:24:00+02:00,53,dr-robert,407,134,273,67.1
2026-09-23T12:24:00Z,2026-09-23T14:24:00+02:00,54,placa-vella,297,107,190,64
2026-09-23T12:24:00Z,2026-09-23T14:24:00+02:00,55,ajuntament-mercat,237,99,138,58.2
2026-09-23T12:25:00Z,2026-09-23T14:25:00+02:00,53,dr-robert,407,134,273,67.1
2026-09-23T12:25:00Z,2026-09-23T14:25:00+02:00,54,placa-vella,297,107,190,64
2026-09-23T12:25:00Z,2026-09-23T14:25:00+02:00,55,ajuntament-mercat,237,99,138,58.2
2026-09-23T12:26:00Z,2026-09-23T14:26:00+02:00,53,dr-robert,407,140,267,65.6
2026-09-23T12:26:00Z,2026-09-23T14:26:00+02:00,54,placa-vella,297,111,186,62.6
2026-09-23T12:26:00Z,2026-09-23T14:26:00+02:00,55,ajuntament-mercat,237,100,137,57.8
2026-09-23T12:27:00Z,2026-09-23T14:27:00+02:00,53,dr-robert,407,140,267,65.6
2026-09-23T12:27:00Z,2026-09-23T14:27:00+02:00,54,placa-vella,297,111,186,62.6
2026-09-23T12:27:00Z,2026-09-23T14:27:00+02:00,55,ajuntament-mercat,237,100,137,57.8
2026-09-23T12:28:00Z,2026-09-23T14:28:00+02:00,53,dr-robert,407,140,267,65.6
2026-09-23T12:28:00Z,2026-09-23T14:28:00+02:00,54,placa-vella,297,111,186,62.6
2026-09-23T12:28:00Z,2026-09-23T14:28:00+02:00,55,ajuntament-mercat,237,100,137,57.8
2026-09-23T12:29:00Z,2026-09-23T14:29:00+02:00,53,dr-robert,407,140,267,65.6
2026-09-23T12:29:00Z,2026-09-23T14:29:00+02:00,54,placa-vella,297,111,186,62.6
2026-09-23T12:29:00Z,2026-09-23T14:29:00+02:00,55,ajuntament-mercat,237,100,137,57.8
2026-09-23T12:30:00Z,2026-09-23T14:30:00+02:00,53,dr-robert,407,140,267,65.6
2026-09-23T12:30:00Z,2026-09-23T14:30:00+02:00,54,placa-vella,297,111,186,62.6
2026-09-23T12:30:00Z,2026-09-23T14:30:00+02:00,55,ajuntament-mercat,237,100,137,57.8
2026-09-23T12:31:00Z,2026-09-23T14:31:00+02:00,53,dr-robert,407,145,262,64.4
2026-09-23T12:31:00Z,2026-09-23T14:31:00+02:00,54,placa-vella,297,115,182,61.3
2026-09-23T12:31:00Z,2026-09-23T14:31:00+02:00,55,ajuntament-mercat,237,102,135,57
2026-09-23T12:32:00Z,2026-09-23T14:32:00+02:00,53,dr-robert,407,145,262,64.4
2026-09-23T12:32:00Z,2026-09-23T14:32:00+02:00,54,placa-vella,297,115,182,61.3
2026-09-23T12:32:00Z,2026-09-23T14:32:00+02:00,55,ajuntament-mercat,237,102,135,57
2026-09-23T12:33:00Z,2026-09-23T14:33:00+02:00,53,dr-robert,407,145,262,64.4
2026-09-23T12:33:00Z,2026-09-23T14:33:00+02:00,54,placa-vella,297,115,182,61.3
2026-09-23T12:33:00Z,2026-09-23T14:33:00+02:00,55,ajuntament-mercat,237,102,135,57
2026-09-23T12:34:00Z,2026-09-23T14:34:00+02:00,53,dr-robert,407,145,262,64.4
2026-09-23T12:34:00Z,2026-09-23T14:34:00+02:00,54,placa-vella,297,115,182,61.3
2026-09-23T12:34:00Z,2026-09-23T14:34:00+02:00,55,ajuntament-mercat,237,102,135,57
2026-09-23T12:35:00Z,2026-09-23T14:35:00+02:00,53,dr-robert,407,145,262,64.4
2026-09-23T12:35:00Z,2026-09-23T14:35:00+02:00,54,placa-vella,297,115,182,61.3
2026-09-23T12:35:00Z,2026-09-23T14:35:00+02:00,55,ajuntament-mercat,237,102,135,57
2026-09-23T12:36:00Z,2026-09-23T14:36:00+02:00,53,dr-robert,407,153,254,62.4
2026-09-23T12:36:00Z,2026-09-23T14:36:00+02:00,54,placa-vella,297,116,181,60.9
2026-09-23T12:36:00Z,2026-09-23T14:36:00+02:00,55,ajuntament-mercat,237,105,132,55.7
2026-09-23T12:37:00Z,2026-09-23T14:37:00+02:00,53,dr-robert,407,153,254,62.4
2026-09-23T12:37:00Z,2026-09-23T14:37:00+02:00,54,placa-vella,297,116,181,60.9
2026-09-23T12:37:00Z,2026-09-23T14:37:00+02:00,55,ajuntament-mercat,237,105,132,55.7
2026-09-23T12:38:00Z,2026-09-23T14:38:00+02:00,53,dr-robert,407,153,254,62.4
2026-09-23T12:38:00Z,2026-09-23T14:38:00+02:00,54,placa-vella,297,116,181,60.9
2026-09-23T12:38:00Z,2026-09-23T14:38:00+02:00,55,ajuntament-mercat,237,105,132,55.7
2026-09-23T12:39:00Z,2026-09-23T14:39:00+02:00,53,dr-robert,407,153,254,62.4
2026-09-23T12:39:00Z,2026-09-23T14:39:00+02:00,54,placa-vella,297,116,181,60.9
2026-09-23T12:39:00Z,2026-09-23T14:39:00+02:00,55,ajuntament-mercat,237,105,132,55.7
2026-09-23T12:40:00Z,2026-09-23T14:40:00+02:00,53,dr-robert,407,153,254,62.4
2026-09-23T12:40:00Z,2026-09-23T14:40:00+02:00,54,placa-vella,297,116,181,60.9
2026-09-23T12:40:00Z,2026-09-23T14:40:00+02:00,55,ajuntament-mercat,237,105,132,55.7
2026-09-23T12:41:00Z,2026-09-23T14:41:00+02:00,53,dr-robert,407,152,255,62.7
2026-09-23T12:41:00Z,2026-09-23T14:41:00+02:00,54,placa-vella,297,118,179,60.3
2026-09-23T12:41:00Z,2026-09-23T14:41:00+02:00,55,ajuntament-mercat,237,106,131,55.3
2026-09-23T12:42:00Z,2026-09-23T14:42:00+02:00,53,dr-robert,407,152,255,62.7
2026-09-23T12:42:00Z,2026-09-23T14:42:00+02:00,54,placa-vella,297,118,179,60.3
2026-09-23T12:42:00Z,2026-09-23T14:42:00+02:00,55,ajuntament-mercat,237,106,131,55.3
2026-09-23T12:43:00Z,2026-09-23T14:43:00+02:00,53,dr-robert,407,152,255,62.7
2026-09-23T12:43:00Z,2026-09-23T14:43:00+02:00,54,placa-vella,297,118,179,60.3
2026-09-23T12:43:00Z,2026-09-23T14:43:00+02:00,55,ajuntament-mercat,237,106,131,55.3
2026-09-23T12:44:00Z,2026-09-23T14:44:00+02:00,53,dr-robert,407,152,255,62.7
2026-09-23T12:44:00Z,2026-09-23T14:44:00+02:00,54,placa-vella,297,118,179,60.3
2026-09-23T12:44:00Z,2026-09-23T14:44:00+02:00,55,ajuntament-mercat,237,106,131,55.3
2026-09-23T12:45:00Z,2026-09-23T14:45:00+02:00,53,dr-robert,407,152,255,62.7
2026-09-23T12:45:00Z,2026-09-23T14:45:00+02:00,54,placa-vella,297,118,179,60.3
2026-09-23T12:45:00Z,2026-09-23T14:45:00+02:00,55,ajuntament-mercat,237,106,131,55.3
2026-09-23T12:46:00Z,2026-09-23T14:46:00+02:00,53,dr-robert,407,156,251,61.7
2026-09-23T12:46:00Z,2026-09-23T14:46:00+02:00,54,placa-vella,297,115,182,61.3
2026-09-23T12:46:00Z,2026-09-23T14:46:00+02:00,55,ajuntament-mercat,237,109,128,54
2026-09-23T12:47:00Z,2026-09-23T14:47:00+02:00,53,dr-robert,407,156,251,61.7
2026-09-23T12:47:00Z,2026-09-23T14:47:00+02:00,54,placa-vella,297,115,182,61.3
2026-09-23T12:47:00Z,2026-09-23T14:47:00+02:00,55,ajuntament-mercat,237,109,128,54
2026-09-23T12:48:00Z,2026-09-23T14:48:00+02:00,53,dr-robert,407,156,251,61.7
2026-09-23T12:48:00Z,2026-09-23T14:48:00+02:00,54,placa-vella,297,115,182,61.3
2026-09-23T12:48:00Z,2026-09-23T14:48:00+02:00,55,ajuntament-mercat,237,109,128,54
2026-09-23T12:49:00Z,2026-09-23T14:49:00+02:00,53,dr-robert,407,156,251,61.7
2026-09-23T12:49:00Z,2026-09-23T14:49:00+02:00,54,placa-vella,297,115,182,61.3
2026-09-23T12:49:00Z,2026-09-23T14:49:00+02:00,55,ajuntament-mercat,237,109,128,54
2026-09-23T12:50:00Z,2026-09-23T14:50:00+02:00,53,dr-robert,407,156,251,61.7
2026-09-23T12:50:00Z,2026-09-23T14:50:00+02:00,54,placa-vella,297,115,182,61.3
2026-09-23T12:50:00Z,2026-09-23T14:50:00+02:00,55,ajuntament-mercat,237,109,128,54
2026-09-23T12:51:00Z,2026-09-23T14:51:00+02:00,53,dr-robert,407,160,247,60.7
2026-09-23T12:51:00Z,2026-09-23T14:51:00+02:00,54,placa-vella,297,114,183,61.6
2026-09-23T12:51:00Z,2026-09-23T14:51:00+02:00,55,ajuntament-mercat,237,108,129,54.4
2026-09-23T12:52:00Z,2026-09-23T14:52:00+02:00,53,dr-robert,407,160,247,60.7
2026-09-23T12:52:00Z,2026-09-23T14:52:00+02:00,54,placa-vella,297,114,183,61.6
2026-09-23T12:52:00Z,2026-09-23T14:52:00+02:00,55,ajuntament-mercat,237,108,129,54.4
2026-09-23T12:53:00Z,2026-09-23T14:53:00+02:00,53,dr-robert,407,160,247,60.7
2026-09-23T12:53:00Z,2026-09-23T14:53:00+02:00,54,placa-vella,297,114,183,61.6
2026-09-23T12:53:00Z,2026-09-23T14:53:00+02:00,55,ajuntament-mercat,237,108,129,54.4
2026-09-23T12:54:00Z,2026-09-23T14:54:00+02:00,53,dr-robert,407,160,247,60.7
2026-09-23T12:54:00Z,2026-09-23T14:54:00+02:00,54,placa-vella,297,114,183,61.6
2026-09-23T12:54:00Z,2026-09-23T14:54:00+02:00,55,ajuntament-mercat,237,108,129,54.4
2026-09-23T12:55:00Z,2026-09-23T14:55:00+02:00,53,dr-robert,407,160,247,60.7
2026-09-23T12:55:00Z,2026-09-23T14:55:00+02:00,54,placa-vella,297,114,183,61.6
2026-09-23T12:55:00Z,2026-09-23T14:55:00+02:00,55,ajuntament-mercat,237,108,129,54.4
2026-09-23T12:56:00Z,2026-09-23T14:56:00+02:00,53,dr-robert,407,161,246,60.4
2026-09-23T12:56:00Z,2026-09-23T14:56:00+02:00,54,placa-vella,297,112,185,62.3
2026-09-23T12:56:00Z,2026-09-23T14:56:00+02:00,55,ajuntament-mercat,237,107,130,54.9
2026-09-23T12:57:00Z,2026-09-23T14:57:00+02:00,53,dr-robert,407,161,246,60.4
2026-09-23T12:57:00Z,2026-09-23T14:57:00+02:00,54,placa-vella,297,112,185,62.3
2026-09-23T12:57:00Z,2026-09-23T14:57:00+02:00,55,ajuntament-mercat,237,107,130,54.9
2026-09-23T12:58:00Z,2026-09-23T14:58:00+02:00,53,dr-robert,407,161,246,60.4
2026-09-23T12:58:00Z,2026-09-23T14:58:00+02:00,54,placa-vella,297,112,185,62.3
2026-09-23T12:58:00Z,2026-09-23T14:58:00+02:00,55,ajuntament-mercat,237,107,130,54.9
2026-09-23T12:59:00Z,2026-09-23T14:59:00+02:00,53,dr-robert,407,161,246,60.4
2026-09-23T12:59:00Z,2026-09-23T14:59:00+02:00,54,placa-vella,297,112,185,62.3
2026-09-23T12:59:00Z,2026-09-23T14:59:00+02:00,55,ajuntament-mercat,237,107,130,54.9
2026-09-23T13:00:00Z,2026-09-23T15:00:00+02:00,53,dr-robert,407,161,246,60.4
2026-09-23T13:00:00Z,2026-09-23T15:00:00+02:00,54,placa-vella,297,112,185,62.3
2026-09-23T13:00:00Z,2026-09-23T15:00:00+02:00,55,ajuntament-mercat,237,107,130,54.9
2026-09-23T13:01:00Z,2026-09-23T15:01:00+02:00,53,dr-robert,407,168,239,58.7
2026-09-23T13:01:00Z,2026-09-23T15:01:00+02:00,54,placa-vella,297,107,190,64
2026-09-23T13:01:00Z,2026-09-23T15:01:00+02:00,55,ajuntament-mercat,237,106,131,55.3
2026-09-23T13:02:00Z,2026-09-23T15:02:00+02:00,53,dr-robert,407,168,239,58.7
2026-09-23T13:02:00Z,2026-09-23T15:02:00+02:00,54,placa-vella,297,107,190,64
2026-09-23T13:02:00Z,2026-09-23T15:02:00+02:00,55,ajuntament-mercat,237,106,131,55.3
2026-09-23T13:03:00Z,2026-09-23T15:03:00+02:00,53,dr-robert,407,168,239,58.7
2026-09-23T13:03:00Z,2026-09-23T15:03:00+02:00,54,placa-vella,297,107,190,64
2026-09-23T13:03:00Z,2026-09-23T15:03:00+02:00,55,ajuntament-mercat,237,106,131,55.3
2026-09-23T13:04:00Z,2026-09-23T15:04:00+02:00,53,dr-robert,407,168,239,58.7
2026-09-23T13:04:00Z,2026-09-23T15:04:00+02:00,54,placa-vella,297,107,190,64
2026-09-23T13:04:00Z,2026-09-23T15:04:00+02:00,55,ajuntament-mercat,237,106,131,55.3
2026-09-23T13:05:00Z,2026-09-23T15:05:00+02:00,53,dr-robert,407,168,239,58.7
2026-09-23T13:05:00Z,2026-09-23T15:05:00+02:00,54,placa-vella,297,107,190,64
2026-09-23T13:05:00Z,2026-09-23T15:05:00+02:00,55,ajuntament-mercat,237,106,131,55.3
2026-09-23T13:06:00Z,2026-09-23T15:06:00+02:00,53,dr-robert,407,166,241,59.2
2026-09-23T13:06:00Z,2026-09-23T15:06:00+02:00,54,placa-vella,297,112,185,62.3
2026-09-23T13:06:00Z,2026-09-23T15:06:00+02:00,55,ajuntament-mercat,237,106,131,55.3
2026-09-23T13:07:00Z,2026-09-23T15:07:00+02:00,53,dr-robert,407,166,241,59.2
2026-09-23T13:07:00Z,2026-09-23T15:07:00+02:00,54,placa-vella,297,112,185,62.3
2026-09-23T13:07:00Z,2026-09-23T15:07:00+02:00,55,ajuntament-mercat,237,106,131,55.3
2026-09-23T13:08:00Z,2026-09-23T15:08:00+02:00,53,dr-robert,407,166,241,59.2
2026-09-23T13:08:00Z,2026-09-23T15:08:00+02:00,54,placa-vella,297,112,185,62.3
2026-09-23T13:08:00Z,2026-09-23T15:08:00+02:00,55,ajuntament-mercat,237,106,131,55.3
2026-09-23T13:09:00Z,2026-09-23T15:09:00+02:00,53,dr-robert,407,166,241,59.2
2026-09-23T13:09:00Z,2026-09-23T15:09:00+02:00,54,placa-vella,297,112,185,62.3
2026-09-23T13:09:00Z,2026-09-23T15:09:00+02:00,55,ajuntament-mercat,237,106,131,55.3
2026-09-23T13:10:00Z,2026-09-23T15:10:00+02:00,53,dr-robert,407,166,241,59.2
2026-09-23T13:10:00Z,2026-09-23T15:10:00+02:00,54,placa-vella,297,112,185,62.3
2026-09-23T13:10:00Z,2026-09-23T15:10:00+02:00,55,ajuntament-mercat,237,106,131,55.3
2026-09-23T13:11:00Z,2026-09-23T15:11:00+02:00,53,dr-robert,407,171,236,58
2026-09-23T13:11:00Z,2026-09-23T15:11:00+02:00,54,placa-vella,297,115,182,61.3
2026-09-23T13:11:00Z,2026-09-23T15:11:00+02:00,55,ajuntament-mercat,237,112,125,52.7
2026-09-23T13:12:00Z,2026-09-23T15:12:00+02:00,53,dr-robert,407,171,236,58
2026-09-23T13:12:00Z,2026-09-23T15:12:00+02:00,54,placa-vella,297,115,182,61.3
2026-09-23T13:12:00Z,2026-09-23T15:12:00+02:00,55,ajuntament-mercat,237,112,125,52.7
2026-09-23T13:13:00Z,2026-09-23T15:13:00+02:00,53,dr-robert,407,171,236,58
2026-09-23T13:13:00Z,2026-09-23T15:13:00+02:00,54,placa-vella,297,115,182,61.3
2026-09-23T13:13:00Z,2026-09-23T15:13:00+02:00,55,ajuntament-mercat,237,112,125,52.7
2026-09-23T13:14:00Z,2026-09-23T15:14:00+02:00,53,dr-robert,407,171,236,58
2026-09-23T13:14:00Z,2026-09-23T15:14:00+02:00,54,placa-vella,297,115,182,61.3
2026-09-23T13:14:00Z,2026-09-23T15:14:00+02:00,55,ajuntament-mercat,237,112,125,52.7
2026-09-23T13:15:00Z,2026-09-23T15:15:00+02:00,53,dr-robert,407,171,236,58
2026-09-23T13:15:00Z,2026-09-23T15:15:00+02:00,54,placa-vella,297,115,182,61.3
2026-09-23T13:15:00Z,2026-09-23T15:15:00+02:00,55,ajuntament-mercat,237,112,125,52.7
2026-09-23T13:16:00Z,2026-09-23T15:16:00+02:00,53,dr-robert,407,177,230,56.5
2026-09-23T13:16:00Z,2026-09-23T15:16:00+02:00,54,placa-vella,297,117,180,60.6
2026-09-23T13:16:00Z,2026-09-23T15:16:00+02:00,55,ajuntament-mercat,237,114,123,51.9
2026-09-23T13:17:00Z,2026-09-23T15:17:00+02:00,53,dr-robert,407,177,230,56.5
2026-09-23T13:17:00Z,2026-09-23T15:17:00+02:00,54,placa-vella,297,117,180,60.6
2026-09-23T13:17:00Z,2026-09-23T15:17:00+02:00,55,ajuntament-mercat,237,114,123,51.9
2026-09-23T13:18:00Z,2026-09-23T15:18:00+02:00,53,dr-robert,407,177,230,56.5
2026-09-23T13:18:00Z,2026-09-23T15:18:00+02:00,54,placa-vella,297,117,180,60.6
2026-09-23T13:18:00Z,2026-09-23T15:18:00+02:00,55,ajuntament-mercat,237,114,123,51.9
2026-09-23T13:19:00Z,2026-09-23T15:19:00+02:00,53,dr-robert,407,177,230,56.5
2026-09-23T13:19:00Z,2026-09-23T15:19:00+02:00,54,placa-vella,297,117,180,60.6
2026-09-23T13:19:00Z,2026-09-23T15:19:00+02:00,55,ajuntament-mercat,237,114,123,51.9
2026-09-23T13:20:00Z,2026-09-23T15:20:00+02:00,53,dr-robert,407,177,230,56.5
2026-09-23T13:20:00Z,2026-09-23T15:20:00+02:00,54,placa-vella,297,117,180,60.6
2026-09-23T13:20:00Z,2026-09-23T15:20:00+02:00,55,ajuntament-mercat,237,114,123,51.9
2026-09-23T13:21:00Z,2026-09-23T15:21:00+02:00,53,dr-robert,407,171,236,58
2026-09-23T13:21:00Z,2026-09-23T15:21:00+02:00,54,placa-vella,297,116,181,60.9
2026-09-23T13:21:00Z,2026-09-23T15:21:00+02:00,55,ajuntament-mercat,237,116,121,51.1
2026-09-23T13:22:00Z,2026-09-23T15:22:00+02:00,53,dr-robert,407,171,236,58
2026-09-23T13:22:00Z,2026-09-23T15:22:00+02:00,54,placa-vella,297,116,181,60.9
2026-09-23T13:22:00Z,2026-09-23T15:22:00+02:00,55,ajuntament-mercat,237,116,121,51.1
2026-09-23T13:23:00Z,2026-09-23T15:23:00+02:00,53,dr-robert,407,171,236,58
2026-09-23T13:23:00Z,2026-09-23T15:23:00+02:00,54,placa-vella,297,116,181,60.9
2026-09-23T13:23:00Z,2026-09-23T15:23:00+02:00,55,ajuntament-mercat,237,116,121,51.1
2026-09-23T13:24:00Z,2026-09-23T15:24:00+02:00,53,dr-robert,407,171,236,58
2026-09-23T13:24:00Z,2026-09-23T15:24:00+02:00,54,placa-vella,297,116,181,60.9
2026-09-23T13:24:00Z,2026-09-23T15:24:00+02:00,55,ajuntament-mercat,237,116,121,51.1
2026-09-23T13:25:00Z,2026-09-23T15:25:00+02:00,53,dr-robert,407,171,236,58
2026-09-23T13:25:00Z,2026-09-23T15:25:00+02:00,54,placa-vella,297,116,181,60.9
2026-09-23T13:25:00Z,2026-09-23T15:25:00+02:00,55,ajuntament-mercat,237,116,121,51.1
2026-09-23T13:26:00Z,2026-09-23T15:26:00+02:00,53,dr-robert,407,177,230,56.5
2026-09-23T13:26:00Z,2026-09-23T15:26:00+02:00,54,placa-vella,297,114,183,61.6
2026-09-23T13:26:00Z,2026-09-23T15:26:00+02:00,55,ajuntament-mercat,237,118,119,50.2
2026-09-23T13:27:00Z,2026-09-23T15:27:00+02:00,53,dr-robert,407,177,230,56.5
2026-09-23T13:27:00Z,2026-09-23T15:27:00+02:00,54,placa-vella,297,114,183,61.6
2026-09-23T13:27:00Z,2026-09-23T15:27:00+02:00,55,ajuntament-mercat,237,118,119,50.2
2026-09-23T13:28:00Z,2026-09-23T15:28:00+02:00,53,dr-robert,407,177,230,56.5
2026-09-23T13:28:00Z,2026-09-23T15:28:00+02:00,54,placa-vella,297,114,183,61.6
2026-09-23T13:28:00Z,2026-09-23T15:28:00+02:00,55,ajuntament-mercat,237,118,119,50.2
2026-09-23T13:29:00Z,2026-09-23T15:29:00+02:00,53,dr-robert,407,177,230,56.5
2026-09-23T13:29:00Z,2026-09-23T15:29:00+02:00,54,placa-vella,297,114,183,61.6
2026-09-23T13:29:00Z,2026-09-23T15:29:00+02:00,55,ajuntament-mercat,237,118,119,50.2
2026-09-23T13:30:00Z,2026-09-23T15:30:00+02:00,53,dr-robert,407,177,230,56.5
2026-09-23T13:30:00Z,2026-09-23T15:30:00+02:00,54,placa-vella,297,114,183,61.6
2026-09-23T13:30:00Z,2026-09-23T15:30:00+02:00,55,ajuntament-mercat,237,118,119,50.2
2026-09-23T13:31:00Z,2026-09-23T15:31:00+02:00,53,dr-robert,407,171,236,58
2026-09-23T13:31:00Z,2026-09-23T15:31:00+02:00,54,placa-vella,297,113,184,62
2026-09-23T13:31:00Z,2026-09-23T15:31:00+02:00,55,ajuntament-mercat,237,117,120,50.6
2026-09-23T13:32:00Z,2026-09-23T15:32:00+02:00,53,dr-robert,407,171,236,58
2026-09-23T13:32:00Z,2026-09-23T15:32:00+02:00,54,placa-vella,297,113,184,62
2026-09-23T13:32:00Z,2026-09-23T15:32:00+02:00,55,ajuntament-mercat,237,117,120,50.6
2026-09-23T13:33:00Z,2026-09-23T15:33:00+02:00,53,dr-robert,407,171,236,58
2026-09-23T13:33:00Z,2026-09-23T15:33:00+02:00,54,placa-vella,297,113,184,62
2026-09-23T13:33:00Z,2026-09-23T15:33:00+02:00,55,ajuntament-mercat,237,117,120,50.6
2026-09-23T13:34:00Z,2026-09-23T15:34:00+02:00,53,dr-robert,407,171,236,58
2026-09-23T13:34:00Z,2026-09-23T15:34:00+02:00,54,placa-vella,297,113,184,62
2026-09-23T13:34:00Z,2026-09-23T15:34:00+02:00,55,ajuntament-mercat,237,117,120,50.6
2026-09-23T13:35:00Z,2026-09-23T15:35:00+02:00,53,dr-robert,407,171,236,58
2026-09-23T13:35:00Z,2026-09-23T15:35:00+02:00,54,placa-vella,297,113,184,62
2026-09-23T13:35:00Z,2026-09-23T15:35:00+02:00,55,ajuntament-mercat,237,117,120,50.6
2026-09-23T13:36:00Z,2026-09-23T15:36:00+02:00,53,dr-robert,407,170,237,58.2
2026-09-23T13:36:00Z,2026-09-23T15:36:00+02:00,54,placa-vella,297,113,184,62
2026-09-23T13:36:00Z,2026-09-23T15:36:00+02:00,55,ajuntament-mercat,237,120,117,49.4
2026-09-23T13:37:00Z,2026-09-23T15:37:00+02:00,53,dr-robert,407,170,237,58.2
2026-09-23T13:37:00Z,2026-09-23T15:37:00+02:00,54,placa-vella,297,113,184,62
2026-09-23T13:37:00Z,2026-09-23T15:37:00+02:00,55,ajuntament-mercat,237,120,117,49.4
2026-09-23T13:38:00Z,2026-09-23T15:38:00+02:00,53,dr-robert,407,170,237,58.2
2026-09-23T13:38:00Z,2026-09-23T15:38:00+02:00,54,placa-vella,297,113,184,62
2026-09-23T13:38:00Z,2026-09-23T15:38:00+02:00,55,ajuntament-mercat,237,120,117,49.4
2026-09-23T13:39:00Z,2026-09-23T15:39:00+02:00,53,dr-robert,407,170,237,58.2
2026-09-23T13:39:00Z,2026-09-23T15:39:00+02:00,54,placa-vella,297,113,184,62
2026-09-23T13:39:00Z,2026-09-23T15:39:00+02:00,55,ajuntament-mercat,237,120,117,49.4
2026-09-23T13:40:00Z,2026-09-23T15:40:00+02:00,53,dr-robert,407,170,237,58.2
2026-09-23T13:40:00Z,2026-09-23T15:40:00+02:00,54,placa-vella,297,113,184,62
2026-09-23T13:40:00Z,2026-09-23T15:40:00+02:00,55,ajuntament-mercat,237,120,117,49.4
2026-09-23T13:41:00Z,2026-09-23T15:41:00+02:00,53,dr-robert,407,168,239,58.7
2026-09-23T13:41:00Z,2026-09-23T15:41:00+02:00,54,placa-vella,297,115,182,61.3
2026-09-23T13:41:00Z,2026-09-23T15:41:00+02:00,55,ajuntament-mercat,237,121,116,48.9
2026-09-23T13:42:00Z,2026-09-23T15:42:00+02:00,53,dr-robert,407,168,239,58.7
2026-09-23T13:42:00Z,2026-09-23T15:42:00+02:00,54,placa-vella,297,115,182,61.3
2026-09-23T13:42:00Z,2026-09-23T15:42:00+02:00,55,ajuntament-mercat,237,121,116,48.9
2026-09-23T13:43:00Z,2026-09-23T15:43:00+02:00,53,dr-robert,407,168,239,58.7
2026-09-23T13:43:00Z,2026-09-23T15:43:00+02:00,54,placa-vella,297,115,182,61.3
2026-09-23T13:43:00Z,2026-09-23T15:43:00+02:00,55,ajuntament-mercat,237,121,116,48.9
2026-09-23T13:44:00Z,2026-09-23T15:44:00+02:00,53,dr-robert,407,168,239,58.7
2026-09-23T13:44:00Z,2026-09-23T15:44:00+02:00,54,placa-vella,297,115,182,61.3
2026-09-23T13:44:00Z,2026-09-23T15:44:00+02:00,55,ajuntament-mercat,237,121,116,48.9
2026-09-23T13:45:00Z,2026-09-23T15:45:00+02:00,53,dr-robert,407,168,239,58.7
2026-09-23T13:45:00Z,2026-09-23T15:45:00+02:00,54,placa-vella,297,115,182,61.3
2026-09-23T13:45:00Z,2026-09-23T15:45:00+02:00,55,ajuntament-mercat,237,121,116,48.9
2026-09-23T13:46:00Z,2026-09-23T15:46:00+02:00,53,dr-robert,407,166,241,59.2
2026-09-23T13:46:00Z,2026-09-23T15:46:00+02:00,54,placa-vella,297,112,185,62.3
2026-09-23T13:46:00Z,2026-09-23T15:46:00+02:00,55,ajuntament-mercat,237,121,116,48.9
2026-09-23T13:47:00Z,2026-09-23T15:47:00+02:00,53,dr-robert,407,166,241,59.2
2026-09-23T13:47:00Z,2026-09-23T15:47:00+02:00,54,placa-vella,297,112,185,62.3
2026-09-23T13:47:00Z,2026-09-23T15:47:00+02:00,55,ajuntament-mercat,237,121,116,48.9
2026-09-23T13:48:00Z,2026-09-23T15:48:00+02:00,53,dr-robert,407,166,241,59.2
2026-09-23T13:48:00Z,2026-09-23T15:48:00+02:00,54,placa-vella,297,112,185,62.3
2026-09-23T13:48:00Z,2026-09-23T15:48:00+02:00,55,ajuntament-mercat,237,121,116,48.9
2026-09-23T13:49:00Z,2026-09-23T15:49:00+02:00,53,dr-robert,407,166,241,59.2
2026-09-23T13:49:00Z,2026-09-23T15:49:00+02:00,54,placa-vella,297,112,185,62.3
2026-09-23T13:49:00Z,2026-09-23T15:49:00+02:00,55,ajuntament-mercat,237,121,116,48.9
2026-09-23T13:50:00Z,2026-09-23T15:50:00+02:00,53,dr-robert,407,166,241,59.2
2026-09-23T13:50:00Z,2026-09-23T15:50:00+02:00,54,placa-vella,297,112,185,62.3
2026-09-23T13:50:00Z,2026-09-23T15:50:00+02:00,55,ajuntament-mercat,237,121,116,48.9
2026-09-23T13:51:00Z,2026-09-23T15:51:00+02:00,53,dr-robert,407,173,234,57.5
2026-09-23T13:51:00Z,2026-09-23T15:51:00+02:00,54,placa-vella,297,110,187,63
2026-09-23T13:51:00Z,2026-09-23T15:51:00+02:00,55,ajuntament-mercat,237,119,118,49.8
2026-09-23T13:52:00Z,2026-09-23T15:52:00+02:00,53,dr-robert,407,173,234,57.5
2026-09-23T13:52:00Z,2026-09-23T15:52:00+02:00,54,placa-vella,297,110,187,63
2026-09-23T13:52:00Z,2026-09-23T15:52:00+02:00,55,ajuntament-mercat,237,119,118,49.8
2026-09-23T13:53:00Z,2026-09-23T15:53:00+02:00,53,dr-robert,407,173,234,57.5
2026-09-23T13:53:00Z,2026-09-23T15:53:00+02:00,54,placa-vella,297,110,187,63
2026-09-23T13:53:00Z,2026-09-23T15:53:00+02:00,55,ajuntament-mercat,237,119,118,49.8
2026-09-23T13:54:00Z,2026-09-23T15:54:00+02:00,53,dr-robert,407,173,234,57.5
2026-09-23T13:54:00Z,2026-09-23T15:54:00+02:00,54,placa-vella,297,110,187,63
2026-09-23T13:54:00Z,2026-09-23T15:54:00+02:00,55,ajuntament-mercat,237,119,118,49.8
2026-09-23T13:55:00Z,2026-09-23T15:55:00+02:00,53,dr-robert,407,173,234,57.5
2026-09-23T13:55:00Z,2026-09-23T15:55:00+02:00,54,placa-vella,297,110,187,63
2026-09-23T13:55:00Z,2026-09-23T15:55:00+02:00,55,ajuntament-mercat,237,119,118,49.8
2026-09-23T13:56:00Z,2026-09-23T15:56:00+02:00,53,dr-robert,407,172,235,57.7
2026-09-23T13:56:00Z,2026-09-23T15:56:00+02:00,54,placa-vella,297,110,187,63
2026-09-23T13:56:00Z,2026-09-23T15:56:00+02:00,55,ajuntament-mercat,237,120,117,49.4
2026-09-23T13:57:00Z,2026-09-23T15:57:00+02:00,53,dr-robert,407,172,235,57.7
2026-09-23T13:57:00Z,2026-09-23T15:57:00+02:00,54,placa-vella,297,110,187,63
2026-09-23T13:57:00Z,2026-09-23T15:57:00+02:00,55,ajuntament-mercat,237,120,117,49.4
2026-09-23T13:58:00Z,2026-09-23T15:58:00+02:00,53,dr-robert,407,172,235,57.7
2026-09-23T13:58:00Z,2026-09-23T15:58:00+02:00,54,placa-vella,297,110,187,63
2026-09-23T13:58:00Z,2026-09-23T15:58:00+02:00,55,ajuntament-mercat,237,120,117,49.4
2026-09-23T13:59:00Z,2026-09-23T15:59:00+02:00,53,dr-robert,407,172,235,57.7
2026-09-23T13:59:00Z,2026-09-23T15:59:00+02:00,54,placa-vella,297,110,187,63
2026-09-23T13:59:00Z,2026-09-23T15:59:00+02:00,55,ajuntament-mercat,237,120,117,49.4
2026-09-23T14:00:00Z,2026-09-23T16:00:00+02:00,53,dr-robert,407,172,235,57.7
2026-09-23T14:00:00Z,2026-09-23T16:00:00+02:00,54,placa-vella,297,110,187,63
2026-09-23T14:00:00Z,2026-09-23T16:00:00+02:00,55,ajuntament-mercat,237,120,117,49.4
2026-09-23T14:01:00Z,2026-09-23T16:01:00+02:00,53,dr-robert,407,172,235,57.7
2026-09-23T14:01:00Z,2026-09-23T16:01:00+02:00,54,placa-vella,297,110,187,63
2026-09-23T14:01:00Z,2026-09-23T16:01:00+02:00,55,ajuntament-mercat,237,120,117,49.4
2026-09-23T14:02:00Z,2026-09-23T16:02:00+02:00,53,dr-robert,407,173,234,57.5
2026-09-23T14:02:00Z,2026-09-23T16:02:00+02:00,54,placa-vella,297,103,194,65.3
2026-09-23T14:02:00Z,2026-09-23T16:02:00+02:00,55,ajuntament-mercat,237,123,114,48.1
2026-09-23T14:03:00Z,2026-09-23T16:03:00+02:00,53,dr-robert,407,173,234,57.5
2026-09-23T14:03:00Z,2026-09-23T16:03:00+02:00,54,placa-vella,297,103,194,65.3
2026-09-23T14:03:00Z,2026-09-23T16:03:00+02:00,55,ajuntament-mercat,237,123,114,48.1
2026-09-23T14:04:00Z,2026-09-23T16:04:00+02:00,53,dr-robert,407,173,234,57.5
2026-09-23T14:04:00Z,2026-09-23T16:04:00+02:00,54,placa-vella,297,103,194,65.3
2026-09-23T14:04:00Z,2026-09-23T16:04:00+02:00,55,ajuntament-mercat,237,123,114,48.1
2026-09-23T14:05:00Z,2026-09-23T16:05:00+02:00,53,dr-robert,407,173,234,57.5
2026-09-23T14:05:00Z,2026-09-23T16:05:00+02:00,54,placa-vella,297,103,194,65.3
2026-09-23T14:05:00Z,2026-09-23T16:05:00+02:00,55,ajuntament-mercat,237,123,114,48.1
2026-09-23T14:06:00Z,2026-09-23T16:06:00+02:00,53,dr-robert,407,178,229,56.3
2026-09-23T14:06:00Z,2026-09-23T16:06:00+02:00,54,placa-vella,297,103,194,65.3
2026-09-23T14:06:00Z,2026-09-23T16:06:00+02:00,55,ajuntament-mercat,237,126,111,46.8
2026-09-23T14:07:00Z,2026-09-23T16:07:00+02:00,53,dr-robert,407,178,229,56.3
2026-09-23T14:07:00Z,2026-09-23T16:07:00+02:00,54,placa-vella,297,103,194,65.3
2026-09-23T14:07:00Z,2026-09-23T16:07:00+02:00,55,ajuntament-mercat,237,126,111,46.8
2026-09-23T14:08:00Z,2026-09-23T16:08:00+02:00,53,dr-robert,407,178,229,56.3
2026-09-23T14:08:00Z,2026-09-23T16:08:00+02:00,54,placa-vella,297,103,194,65.3
2026-09-23T14:08:00Z,2026-09-23T16:08:00+02:00,55,ajuntament-mercat,237,126,111,46.8
2026-09-23T14:09:00Z,2026-09-23T16:09:00+02:00,53,dr-robert,407,178,229,56.3
2026-09-23T14:09:00Z,2026-09-23T16:09:00+02:00,54,placa-vella,297,103,194,65.3
2026-09-23T14:09:00Z,2026-09-23T16:09:00+02:00,55,ajuntament-mercat,237,126,111,46.8
2026-09-23T14:10:00Z,2026-09-23T16:10:00+02:00,53,dr-robert,407,178,229,56.3
2026-09-23T14:10:00Z,2026-09-23T16:10:00+02:00,54,placa-vella,297,103,194,65.3
2026-09-23T14:10:00Z,2026-09-23T16:10:00+02:00,55,ajuntament-mercat,237,126,111,46.8
2026-09-23T14:11:00Z,2026-09-23T16:11:00+02:00,53,dr-robert,407,181,226,55.5
2026-09-23T14:11:00Z,2026-09-23T16:11:00+02:00,54,placa-vella,297,105,192,64.6
2026-09-23T14:11:00Z,2026-09-23T16:11:00+02:00,55,ajuntament-mercat,237,130,107,45.1
2026-09-23T14:12:00Z,2026-09-23T16:12:00+02:00,53,dr-robert,407,181,226,55.5
2026-09-23T14:12:00Z,2026-09-23T16:12:00+02:00,54,placa-vella,297,105,192,64.6
2026-09-23T14:12:00Z,2026-09-23T16:12:00+02:00,55,ajuntament-mercat,237,130,107,45.1
2026-09-23T14:13:00Z,2026-09-23T16:13:00+02:00,53,dr-robert,407,181,226,55.5
2026-09-23T14:13:00Z,2026-09-23T16:13:00+02:00,54,placa-vella,297,105,192,64.6
2026-09-23T14:13:00Z,2026-09-23T16:13:00+02:00,55,ajuntament-mercat,237,130,107,45.1
2026-09-23T14:14:00Z,2026-09-23T16:14:00+02:00,53,dr-robert,407,181,226,55.5
2026-09-23T14:14:00Z,2026-09-23T16:14:00+02:00,54,placa-vella,297,105,192,64.6
2026-09-23T14:14:00Z,2026-09-23T16:14:00+02:00,55,ajuntament-mercat,237,130,107,45.1
2026-09-23T14:15:00Z,2026-09-23T16:15:00+02:00,53,dr-robert,407,181,226,55.5
2026-09-23T14:15:00Z,2026-09-23T16:15:00+02:00,54,placa-vella,297,105,192,64.6
2026-09-23T14:15:00Z,2026-09-23T16:15:00+02:00,55,ajuntament-mercat,237,130,107,45.1
2026-09-23T14:16:00Z,2026-09-23T16:16:00+02:00,53,dr-robert,407,184,223,54.8
2026-09-23T14:16:00Z,2026-09-23T16:16:00+02:00,54,placa-vella,297,103,194,65.3
2026-09-23T14:16:00Z,2026-09-23T16:16:00+02:00,55,ajuntament-mercat,237,127,110,46.4
2026-09-23T14:17:00Z,2026-09-23T16:17:00+02:00,53,dr-robert,407,184,223,54.8
2026-09-23T14:17:00Z,2026-09-23T16:17:00+02:00,54,placa-vella,297,103,194,65.3
2026-09-23T14:17:00Z,2026-09-23T16:17:00+02:00,55,ajuntament-mercat,237,127,110,46.4
2026-09-23T14:18:00Z,2026-09-23T16:18:00+02:00,53,dr-robert,407,184,223,54.8
2026-09-23T14:18:00Z,2026-09-23T16:18:00+02:00,54,placa-vella,297,103,194,65.3
2026-09-23T14:18:00Z,2026-09-23T16:18:00+02:00,55,ajuntament-mercat,237,127,110,46.4
2026-09-23T14:19:00Z,2026-09-23T16:19:00+02:00,53,dr-robert,407,184,223,54.8
2026-09-23T14:19:00Z,2026-09-23T16:19:00+02:00,54,placa-vella,297,103,194,65.3
2026-09-23T14:19:00Z,2026-09-23T16:19:00+02:00,55,ajuntament-mercat,237,127,110,46.4
2026-09-23T14:20:00Z,2026-09-23T16:20:00+02:00,53,dr-robert,407,184,223,54.8
2026-09-23T14:20:00Z,2026-09-23T16:20:00+02:00,54,placa-vella,297,103,194,65.3
2026-09-23T14:20:00Z,2026-09-23T16:20:00+02:00,55,ajuntament-mercat,237,127,110,46.4
2026-09-23T14:21:00Z,2026-09-23T16:21:00+02:00,53,dr-robert,407,184,223,54.8
2026-09-23T14:21:00Z,2026-09-23T16:21:00+02:00,54,placa-vella,297,100,197,66.3
2026-09-23T14:21:00Z,2026-09-23T16:21:00+02:00,55,ajuntament-mercat,237,129,108,45.6
2026-09-23T14:22:00Z,2026-09-23T16:22:00+02:00,53,dr-robert,407,184,223,54.8
2026-09-23T14:22:00Z,2026-09-23T16:22:00+02:00,54,placa-vella,297,100,197,66.3
2026-09-23T14:22:00Z,2026-09-23T16:22:00+02:00,55,ajuntament-mercat,237,129,108,45.6
2026-09-23T14:23:00Z,2026-09-23T16:23:00+02:00,53,dr-robert,407,184,223,54.8
2026-09-23T14:23:00Z,2026-09-23T16:23:00+02:00,54,placa-vella,297,100,197,66.3
2026-09-23T14:23:00Z,2026-09-23T16:23:00+02:00,55,ajuntament-mercat,237,129,108,45.6
2026-09-23T14:24:00Z,2026-09-23T16:24:00+02:00,53,dr-robert,407,184,223,54.8
2026-09-23T14:24:00Z,2026-09-23T16:24:00+02:00,54,placa-vella,297,100,197,66.3
2026-09-23T14:24:00Z,2026-09-23T16:24:00+02:00,55,ajuntament-mercat,237,129,108,45.6
2026-09-23T14:25:00Z,2026-09-23T16:25:00+02:00,53,dr-robert,407,184,223,54.8
2026-09-23T14:25:00Z,2026-09-23T16:25:00+02:00,54,placa-vella,297,100,197,66.3
2026-09-23T14:25:00Z,2026-09-23T16:25:00+02:00,55,ajuntament-mercat,237,129,108,45.6
2026-09-23T14:26:00Z,2026-09-23T16:26:00+02:00,53,dr-robert,407,187,220,54.1
2026-09-23T14:26:00Z,2026-09-23T16:26:00+02:00,54,placa-vella,297,102,195,65.7
2026-09-23T14:26:00Z,2026-09-23T16:26:00+02:00,55,ajuntament-mercat,237,129,108,45.6
2026-09-23T14:27:00Z,2026-09-23T16:27:00+02:00,53,dr-robert,407,187,220,54.1
2026-09-23T14:27:00Z,2026-09-23T16:27:00+02:00,54,placa-vella,297,102,195,65.7
2026-09-23T14:27:00Z,2026-09-23T16:27:00+02:00,55,ajuntament-mercat,237,129,108,45.6
2026-09-23T14:28:00Z,2026-09-23T16:28:00+02:00,53,dr-robert,407,187,220,54.1
2026-09-23T14:28:00Z,2026-09-23T16:28:00+02:00,54,placa-vella,297,102,195,65.7
2026-09-23T14:28:00Z,2026-09-23T16:28:00+02:00,55,ajuntament-mercat,237,129,108,45.6
2026-09-23T14:29:00Z,2026-09-23T16:29:00+02:00,53,dr-robert,407,187,220,54.1
2026-09-23T14:29:00Z,2026-09-23T16:29:00+02:00,54,placa-vella,297,102,195,65.7
2026-09-23T14:29:00Z,2026-09-23T16:29:00+02:00,55,ajuntament-mercat,237,129,108,45.6
2026-09-23T14:30:00Z,2026-09-23T16:30:00+02:00,53,dr-robert,407,187,220,54.1
2026-09-23T14:30:00Z,2026-09-23T16:30:00+02:00,54,placa-vella,297,102,195,65.7
2026-09-23T14:30:00Z,2026-09-23T16:30:00+02:00,55,ajuntament-mercat,237,129,108,45.6
2026-09-23T14:31:00Z,2026-09-23T16:31:00+02:00,53,dr-robert,407,182,225,55.3
2026-09-23T14:31:00Z,2026-09-23T16:31:00+02:00,54,placa-vella,297,102,195,65.7
2026-09-23T14:31:00Z,2026-09-23T16:31:00+02:00,55,ajuntament-mercat,237,133,104,43.9
2026-09-23T14:32:00Z,2026-09-23T16:32:00+02:00,53,dr-robert,407,182,225,55.3
2026-09-23T14:32:00Z,2026-09-23T16:32:00+02:00,54,placa-vella,297,102,195,65.7
2026-09-23T14:32:00Z,2026-09-23T16:32:00+02:00,55,ajuntament-mercat,237,133,104,43.9
2026-09-23T14:33:00Z,2026-09-23T16:33:00+02:00,53,dr-robert,407,182,225,55.3
2026-09-23T14:33:00Z,2026-09-23T16:33:00+02:00,54,placa-vella,297,102,195,65.7
2026-09-23T14:33:00Z,2026-09-23T16:33:00+02:00,55,ajuntament-mercat,237,133,104,43.9
2026-09-23T14:34:00Z,2026-09-23T16:34:00+02:00,53,dr-robert,407,182,225,55.3
2026-09-23T14:34:00Z,2026-09-23T16:34:00+02:00,54,placa-vella,297,102,195,65.7
2026-09-23T14:34:00Z,2026-09-23T16:34:00+02:00,55,ajuntament-mercat,237,133,104,43.9
2026-09-23T14:35:00Z,2026-09-23T16:35:00+02:00,53,dr-robert,407,182,225,55.3
2026-09-23T14:35:00Z,2026-09-23T16:35:00+02:00,54,placa-vella,297,102,195,65.7
2026-09-23T14:35:00Z,2026-09-23T16:35:00+02:00,55,ajuntament-mercat,237,133,104,43.9
2026-09-23T14:36:00Z,2026-09-23T16:36:00+02:00,53,dr-robert,407,183,224,55
2026-09-23T14:36:00Z,2026-09-23T16:36:00+02:00,54,placa-vella,297,104,193,65
2026-09-23T14:36:00Z,2026-09-23T16:36:00+02:00,55,ajuntament-mercat,237,132,105,44.3
2026-09-23T14:37:00Z,2026-09-23T16:37:00+02:00,53,dr-robert,407,183,224,55
2026-09-23T14:37:00Z,2026-09-23T16:37:00+02:00,54,placa-vella,297,104,193,65
2026-09-23T14:37:00Z,2026-09-23T16:37:00+02:00,55,ajuntament-mercat,237,132,105,44.3
2026-09-23T14:38:00Z,2026-09-23T16:38:00+02:00,53,dr-robert,407,183,224,55
2026-09-23T14:38:00Z,2026-09-23T16:38:00+02:00,54,placa-vella,297,104,193,65
2026-09-23T14:38:00Z,2026-09-23T16:38:00+02:00,55,ajuntament-mercat,237,132,105,44.3
2026-09-23T14:39:00Z,2026-09-23T16:39:00+02:00,53,dr-robert,407,183,224,55
2026-09-23T14:39:00Z,2026-09-23T16:39:00+02:00,54,placa-vella,297,104,193,65
2026-09-23T14:39:00Z,2026-09-23T16:39:00+02:00,55,ajuntament-mercat,237,132,105,44.3
2026-09-23T14:40:00Z,2026-09-23T16:40:00+02:00,53,dr-robert,407,183,224,55
2026-09-23T14:40:00Z,2026-09-23T16:40:00+02:00,54,placa-vella,297,104,193,65
2026-09-23T14:40:00Z,2026-09-23T16:40:00+02:00,55,ajuntament-mercat,237,132,105,44.3
2026-09-23T14:41:00Z,2026-09-23T16:41:00+02:00,53,dr-robert,407,179,228,56
2026-09-23T14:41:00Z,2026-09-23T16:41:00+02:00,54,placa-vella,297,103,194,65.3
2026-09-23T14:41:00Z,2026-09-23T16:41:00+02:00,55,ajuntament-mercat,237,130,107,45.1
2026-09-23T14:42:00Z,2026-09-23T16:42:00+02:00,53,dr-robert,407,179,228,56
2026-09-23T14:42:00Z,2026-09-23T16:42:00+02:00,54,placa-vella,297,103,194,65.3
2026-09-23T14:42:00Z,2026-09-23T16:42:00+02:00,55,ajuntament-mercat,237,130,107,45.1
2026-09-23T14:43:00Z,2026-09-23T16:43:00+02:00,53,dr-robert,407,179,228,56
2026-09-23T14:43:00Z,2026-09-23T16:43:00+02:00,54,placa-vella,297,103,194,65.3
2026-09-23T14:43:00Z,2026-09-23T16:43:00+02:00,55,ajuntament-mercat,237,130,107,45.1
2026-09-23T14:44:00Z,2026-09-23T16:44:00+02:00,53,dr-robert,407,179,228,56
2026-09-23T14:44:00Z,2026-09-23T16:44:00+02:00,54,placa-vella,297,103,194,65.3
2026-09-23T14:44:00Z,2026-09-23T16:44:00+02:00,55,ajuntament-mercat,237,130,107,45.1
2026-09-23T14:45:00Z,2026-09-23T16:45:00+02:00,53,dr-robert,407,179,228,56
2026-09-23T14:45:00Z,2026-09-23T16:45:00+02:00,54,placa-vella,297,103,194,65.3
2026-09-23T14:45:00Z,2026-09-23T16:45:00+02:00,55,ajuntament-mercat,237,130,107,45.1
2026-09-23T14:46:00Z,2026-09-23T16:46:00+02:00,53,dr-robert,407,176,231,56.8
2026-09-23T14:46:00Z,2026-09-23T16:46:00+02:00,54,placa-vella,297,102,195,65.7
2026-09-23T14:46:00Z,2026-09-23T16:46:00+02:00,55,ajuntament-mercat,237,128,109,46
2026-09-23T14:47:00Z,2026-09-23T16:47:00+02:00,53,dr-robert,407,176,231,56.8
2026-09-23T14:47:00Z,2026-09-23T16:47:00+02:00,54,placa-vella,297,102,195,65.7
2026-09-23T14:47:00Z,2026-09-23T16:47:00+02:00,55,ajuntament-mercat,237,128,109,46
2026-09-23T14:48:00Z,2026-09-23T16:48:00+02:00,53,dr-robert,407,176,231,56.8
2026-09-23T14:48:00Z,2026-09-23T16:48:00+02:00,54,placa-vella,297,102,195,65.7
2026-09-23T14:48:00Z,2026-09-23T16:48:00+02:00,55,ajuntament-mercat,237,128,109,46
2026-09-23T14:49:00Z,2026-09-23T16:49:00+02:00,53,dr-robert,407,176,231,56.8
2026-09-23T14:49:00Z,2026-09-23T16:49:00+02:00,54,placa-vella,297,102,195,65.7
2026-09-23T14:49:00Z,2026-09-23T16:49:00+02:00,55,ajuntament-mercat,237,128,109,46
2026-09-23T14:50:00Z,2026-09-23T16:50:00+02:00,53,dr-robert,407,176,231,56.8
2026-09-23T14:50:00Z,2026-09-23T16:50:00+02:00,54,placa-vella,297,102,195,65.7
2026-09-23T14:50:00Z,2026-09-23T16:50:00+02:00,55,ajuntament-mercat,237,128,109,46
2026-09-23T14:51:00Z,2026-09-23T16:51:00+02:00,53,dr-robert,407,172,235,57.7
2026-09-23T14:51:00Z,2026-09-23T16:51:00+02:00,54,placa-vella,297,99,198,66.7
2026-09-23T14:51:00Z,2026-09-23T16:51:00+02:00,55,ajuntament-mercat,237,126,111,46.8
2026-09-23T14:52:00Z,2026-09-23T16:52:00+02:00,53,dr-robert,407,172,235,57.7
2026-09-23T14:52:00Z,2026-09-23T16:52:00+02:00,54,placa-vella,297,99,198,66.7
2026-09-23T14:52:00Z,2026-09-23T16:52:00+02:00,55,ajuntament-mercat,237,126,111,46.8
2026-09-23T14:53:00Z,2026-09-23T16:53:00+02:00,53,dr-robert,407,172,235,57.7
2026-09-23T14:53:00Z,2026-09-23T16:53:00+02:00,54,placa-vella,297,99,198,66.7
2026-09-23T14:53:00Z,2026-09-23T16:53:00+02:00,55,ajuntament-mercat,237,126,111,46.8
2026-09-23T14:54:00Z,2026-09-23T16:54:00+02:00,53,dr-robert,407,172,235,57.7
2026-09-23T14:54:00Z,2026-09-23T16:54:00+02:00,54,placa-vella,297,99,198,66.7
2026-09-23T14:54:00Z,2026-09-23T16:54:00+02:00,55,ajuntament-mercat,237,126,111,46.8
2026-09-23T14:55:00Z,2026-09-23T16:55:00+02:00,53,dr-robert,407,172,235,57.7
2026-09-23T14:55:00Z,2026-09-23T16:55:00+02:00,54,placa-vella,297,99,198,66.7
2026-09-23T14:55:00Z,2026-09-23T16:55:00+02:00,55,ajuntament-mercat,237,126,111,46.8
2026-09-23T14:56:00Z,2026-09-23T16:56:00+02:00,53,dr-robert,407,171,236,58
2026-09-23T14:56:00Z,2026-09-23T16:56:00+02:00,54,placa-vella,297,101,196,66
2026-09-23T14:56:00Z,2026-09-23T16:56:00+02:00,55,ajuntament-mercat,237,124,113,47.7
2026-09-23T14:57:00Z,2026-09-23T16:57:00+02:00,53,dr-robert,407,171,236,58
2026-09-23T14:57:00Z,2026-09-23T16:57:00+02:00,54,placa-vella,297,101,196,66
2026-09-23T14:57:00Z,2026-09-23T16:57:00+02:00,55,ajuntament-mercat,237,124,113,47.7
2026-09-23T14:58:00Z,2026-09-23T16:58:00+02:00,53,dr-robert,407,171,236,58
2026-09-23T14:58:00Z,2026-09-23T16:58:00+02:00,54,placa-vella,297,101,196,66
2026-09-23T14:58:00Z,2026-09-23T16:58:00+02:00,55,ajuntament-mercat,237,124,113,47.7
2026-09-23T14:59:00Z,2026-09-23T16:59:00+02:00,53,dr-robert,407,171,236,58
2026-09-23T14:59:00Z,2026-09-23T16:59:00+02:00,54,placa-vella,297,101,196,66
2026-09-23T14:59:00Z,2026-09-23T16:59:00+02:00,55,ajuntament-mercat,237,124,113,47.7
2026-09-23T15:00:00Z,2026-09-23T17:00:00+02:00,53,dr-robert,407,171,236,58
2026-09-23T15:00:00Z,2026-09-23T17:00:00+02:00,54,placa-vella,297,101,196,66
2026-09-23T15:00:00Z,2026-09-23T17:00:00+02:00,55,ajuntament-mercat,237,124,113,47.7
2026-09-23T15:01:00Z,2026-09-23T17:01:00+02:00,53,dr-robert,407,171,236,58
2026-09-23T15:01:00Z,2026-09-23T17:01:00+02:00,54,placa-vella,297,101,196,66
2026-09-23T15:01:00Z,2026-09-23T17:01:00+02:00,55,ajuntament-mercat,237,124,113,47.7
2026-09-23T15:02:00Z,2026-09-23T17:02:00+02:00,53,dr-robert,407,171,236,58
2026-09-23T15:02:00Z,2026-09-23T17:02:00+02:00,54,placa-vella,297,101,196,66
2026-09-23T15:02:00Z,2026-09-23T17:02:00+02:00,55,ajuntament-mercat,237,124,113,47.7
2026-09-23T15:03:00Z,2026-09-23T17:03:00+02:00,53,dr-robert,407,170,237,58.2
2026-09-23T15:03:00Z,2026-09-23T17:03:00+02:00,54,placa-vella,297,93,204,68.7
2026-09-23T15:03:00Z,2026-09-23T17:03:00+02:00,55,ajuntament-mercat,237,121,116,48.9
2026-09-23T15:04:00Z,2026-09-23T17:04:00+02:00,53,dr-robert,407,170,237,58.2
2026-09-23T15:04:00Z,2026-09-23T17:04:00+02:00,54,placa-vella,297,93,204,68.7
2026-09-23T15:04:00Z,2026-09-23T17:04:00+02:00,55,ajuntament-mercat,237,121,116,48.9
2026-09-23T15:05:00Z,2026-09-23T17:05:00+02:00,53,dr-robert,407,170,237,58.2
2026-09-23T15:05:00Z,2026-09-23T17:05:00+02:00,54,placa-vella,297,93,204,68.7
2026-09-23T15:05:00Z,2026-09-23T17:05:00+02:00,55,ajuntament-mercat,237,121,116,48.9
2026-09-23T15:06:00Z,2026-09-23T17:06:00+02:00,53,dr-robert,407,170,237,58.2
2026-09-23T15:06:00Z,2026-09-23T17:06:00+02:00,54,placa-vella,297,92,205,69
2026-09-23T15:06:00Z,2026-09-23T17:06:00+02:00,55,ajuntament-mercat,237,119,118,49.8
2026-09-23T15:07:00Z,2026-09-23T17:07:00+02:00,53,dr-robert,407,170,237,58.2
2026-09-23T15:07:00Z,2026-09-23T17:07:00+02:00,54,placa-vella,297,92,205,69
2026-09-23T15:07:00Z,2026-09-23T17:07:00+02:00,55,ajuntament-mercat,237,119,118,49.8
2026-09-23T15:08:00Z,2026-09-23T17:08:00+02:00,53,dr-robert,407,170,237,58.2
2026-09-23T15:08:00Z,2026-09-23T17:08:00+02:00,54,placa-vella,297,92,205,69
2026-09-23T15:08:00Z,2026-09-23T17:08:00+02:00,55,ajuntament-mercat,237,119,118,49.8
2026-09-23T15:09:00Z,2026-09-23T17:09:00+02:00,53,dr-robert,407,170,237,58.2
2026-09-23T15:09:00Z,2026-09-23T17:09:00+02:00,54,placa-vella,297,92,205,69
2026-09-23T15:09:00Z,2026-09-23T17:09:00+02:00,55,ajuntament-mercat,237,119,118,49.8
2026-09-23T15:10:00Z,2026-09-23T17:10:00+02:00,53,dr-robert,407,170,237,58.2
2026-09-23T15:10:00Z,2026-09-23T17:10:00+02:00,54,placa-vella,297,92,205,69
2026-09-23T15:10:00Z,2026-09-23T17:10:00+02:00,55,ajuntament-mercat,237,119,118,49.8
2026-09-23T15:11:00Z,2026-09-23T17:11:00+02:00,53,dr-robert,407,174,233,57.2
2026-09-23T15:11:00Z,2026-09-23T17:11:00+02:00,54,placa-vella,297,87,210,70.7
2026-09-23T15:11:00Z,2026-09-23T17:11:00+02:00,55,ajuntament-mercat,237,121,116,48.9
2026-09-23T15:12:00Z,2026-09-23T17:12:00+02:00,53,dr-robert,407,174,233,57.2
2026-09-23T15:12:00Z,2026-09-23T17:12:00+02:00,54,placa-vella,297,87,210,70.7
2026-09-23T15:12:00Z,2026-09-23T17:12:00+02:00,55,ajuntament-mercat,237,121,116,48.9
2026-09-23T15:13:00Z,2026-09-23T17:13:00+02:00,53,dr-robert,407,174,233,57.2
2026-09-23T15:13:00Z,2026-09-23T17:13:00+02:00,54,placa-vella,297,87,210,70.7
2026-09-23T15:13:00Z,2026-09-23T17:13:00+02:00,55,ajuntament-mercat,237,121,116,48.9
2026-09-23T15:14:00Z,2026-09-23T17:14:00+02:00,53,dr-robert,407,174,233,57.2
2026-09-23T15:14:00Z,2026-09-23T17:14:00+02:00,54,placa-vella,297,87,210,70.7
2026-09-23T15:14:00Z,2026-09-23T17:14:00+02:00,55,ajuntament-mercat,237,121,116,48.9
2026-09-23T15:15:00Z,2026-09-23T17:15:00+02:00,53,dr-robert,407,174,233,57.2
2026-09-23T15:15:00Z,2026-09-23T17:15:00+02:00,54,placa-vella,297,87,210,70.7
2026-09-23T15:15:00Z,2026-09-23T17:15:00+02:00,55,ajuntament-mercat,237,121,116,48.9
2026-09-23T15:16:00Z,2026-09-23T17:16:00+02:00,53,dr-robert,407,177,230,56.5
2026-09-23T15:16:00Z,2026-09-23T17:16:00+02:00,54,placa-vella,297,88,209,70.4
2026-09-23T15:16:00Z,2026-09-23T17:16:00+02:00,55,ajuntament-mercat,237,123,114,48.1
2026-09-23T15:17:00Z,2026-09-23T17:17:00+02:00,53,dr-robert,407,177,230,56.5
2026-09-23T15:17:00Z,2026-09-23T17:17:00+02:00,54,placa-vella,297,88,209,70.4
2026-09-23T15:17:00Z,2026-09-23T17:17:00+02:00,55,ajuntament-mercat,237,123,114,48.1
2026-09-23T15:18:00Z,2026-09-23T17:18:00+02:00,53,dr-robert,407,177,230,56.5
2026-09-23T15:18:00Z,2026-09-23T17:18:00+02:00,54,placa-vella,297,88,209,70.4
2026-09-23T15:18:00Z,2026-09-23T17:18:00+02:00,55,ajuntament-mercat,237,123,114,48.1
2026-09-23T15:19:00Z,2026-09-23T17:19:00+02:00,53,dr-robert,407,177,230,56.5
2026-09-23T15:19:00Z,2026-09-23T17:19:00+02:00,54,placa-vella,297,88,209,70.4
2026-09-23T15:19:00Z,2026-09-23T17:19:00+02:00,55,ajuntament-mercat,237,123,114,48.1
2026-09-23T15:20:00Z,2026-09-23T17:20:00+02:00,53,dr-robert,407,177,230,56.5
2026-09-23T15:20:00Z,2026-09-23T17:20:00+02:00,54,placa-vella,297,88,209,70.4
2026-09-23T15:20:00Z,2026-09-23T17:20:00+02:00,55,ajuntament-mercat,237,123,114,48.1
2026-09-23T15:21:00Z,2026-09-23T17:21:00+02:00,53,dr-robert,407,178,229,56.3
2026-09-23T15:21:00Z,2026-09-23T17:21:00+02:00,54,placa-vella,297,91,206,69.4
2026-09-23T15:21:00Z,2026-09-23T17:21:00+02:00,55,ajuntament-mercat,237,123,114,48.1
2026-09-23T15:22:00Z,2026-09-23T17:22:00+02:00,53,dr-robert,407,178,229,56.3
2026-09-23T15:22:00Z,2026-09-23T17:22:00+02:00,54,placa-vella,297,91,206,69.4
2026-09-23T15:22:00Z,2026-09-23T17:22:00+02:00,55,ajuntament-mercat,237,123,114,48.1
2026-09-23T15:23:00Z,2026-09-23T17:23:00+02:00,53,dr-robert,407,178,229,56.3
2026-09-23T15:23:00Z,2026-09-23T17:23:00+02:00,54,placa-vella,297,91,206,69.4
2026-09-23T15:23:00Z,2026-09-23T17:23:00+02:00,55,ajuntament-mercat,237,123,114,48.1
2026-09-23T15:24:00Z,2026-09-23T17:24:00+02:00,53,dr-robert,407,178,229,56.3
2026-09-23T15:24:00Z,2026-09-23T17:24:00+02:00,54,placa-vella,297,91,206,69.4
2026-09-23T15:24:00Z,2026-09-23T17:24:00+02:00,55,ajuntament-mercat,237,123,114,48.1
2026-09-23T15:25:00Z,2026-09-23T17:25:00+02:00,53,dr-robert,407,178,229,56.3
2026-09-23T15:25:00Z,2026-09-23T17:25:00+02:00,54,placa-vella,297,91,206,69.4
2026-09-23T15:25:00Z,2026-09-23T17:25:00+02:00,55,ajuntament-mercat,237,123,114,48.1
2026-09-23T15:26:00Z,2026-09-23T17:26:00+02:00,53,dr-robert,407,184,223,54.8
2026-09-23T15:26:00Z,2026-09-23T17:26:00+02:00,54,placa-vella,297,91,206,69.4
2026-09-23T15:26:00Z,2026-09-23T17:26:00+02:00,55,ajuntament-mercat,237,123,114,48.1
2026-09-23T15:27:00Z,2026-09-23T17:27:00+02:00,53,dr-robert,407,184,223,54.8
2026-09-23T15:27:00Z,2026-09-23T17:27:00+02:00,54,placa-vella,297,91,206,69.4
2026-09-23T15:27:00Z,2026-09-23T17:27:00+02:00,55,ajuntament-mercat,237,123,114,48.1
2026-09-23T15:28:00Z,2026-09-23T17:28:00+02:00,53,dr-robert,407,184,223,54.8
2026-09-23T15:28:00Z,2026-09-23T17:28:00+02:00,54,placa-vella,297,91,206,69.4
2026-09-23T15:28:00Z,2026-09-23T17:28:00+02:00,55,ajuntament-mercat,237,123,114,48.1
2026-09-23T15:29:00Z,2026-09-23T17:29:00+02:00,53,dr-robert,407,184,223,54.8
2026-09-23T15:29:00Z,2026-09-23T17:29:00+02:00,54,placa-vella,297,91,206,69.4
2026-09-23T15:29:00Z,2026-09-23T17:29:00+02:00,55,ajuntament-mercat,237,123,114,48.1
2026-09-23T15:30:00Z,2026-09-23T17:30:00+02:00,53,dr-robert,407,184,223,54.8
2026-09-23T15:30:00Z,2026-09-23T17:30:00+02:00,54,placa-vella,297,91,206,69.4
2026-09-23T15:30:00Z,2026-09-23T17:30:00+02:00,55,ajuntament-mercat,237,123,114,48.1
2026-09-23T15:31:00Z,2026-09-23T17:31:00+02:00,53,dr-robert,407,181,226,55.5
2026-09-23T15:31:00Z,2026-09-23T17:31:00+02:00,54,placa-vella,297,92,205,69
2026-09-23T15:31:00Z,2026-09-23T17:31:00+02:00,55,ajuntament-mercat,237,125,112,47.3
2026-09-23T15:32:00Z,2026-09-23T17:32:00+02:00,53,dr-robert,407,181,226,55.5
2026-09-23T15:32:00Z,2026-09-23T17:32:00+02:00,54,placa-vella,297,92,205,69
2026-09-23T15:32:00Z,2026-09-23T17:32:00+02:00,55,ajuntament-mercat,237,125,112,47.3
2026-09-23T15:33:00Z,2026-09-23T17:33:00+02:00,53,dr-robert,407,181,226,55.5
2026-09-23T15:33:00Z,2026-09-23T17:33:00+02:00,54,placa-vella,297,92,205,69
2026-09-23T15:33:00Z,2026-09-23T17:33:00+02:00,55,ajuntament-mercat,237,125,112,47.3
2026-09-23T15:34:00Z,2026-09-23T17:34:00+02:00,53,dr-robert,407,181,226,55.5
2026-09-23T15:34:00Z,2026-09-23T17:34:00+02:00,54,placa-vella,297,92,205,69
2026-09-23T15:34:00Z,2026-09-23T17:34:00+02:00,55,ajuntament-mercat,237,125,112,47.3
2026-09-23T15:35:00Z,2026-09-23T17:35:00+02:00,53,dr-robert,407,181,226,55.5
2026-09-23T15:35:00Z,2026-09-23T17:35:00+02:00,54,placa-vella,297,92,205,69
2026-09-23T15:35:00Z,2026-09-23T17:35:00+02:00,55,ajuntament-mercat,237,125,112,47.3
2026-09-23T15:36:00Z,2026-09-23T17:36:00+02:00,53,dr-robert,407,179,228,56
2026-09-23T15:36:00Z,2026-09-23T17:36:00+02:00,54,placa-vella,297,93,204,68.7
2026-09-23T15:36:00Z,2026-09-23T17:36:00+02:00,55,ajuntament-mercat,237,125,112,47.3
2026-09-23T15:37:00Z,2026-09-23T17:37:00+02:00,53,dr-robert,407,179,228,56
2026-09-23T15:37:00Z,2026-09-23T17:37:00+02:00,54,placa-vella,297,93,204,68.7
2026-09-23T15:37:00Z,2026-09-23T17:37:00+02:00,55,ajuntament-mercat,237,125,112,47.3
2026-09-23T15:38:00Z,2026-09-23T17:38:00+02:00,53,dr-robert,407,179,228,56
2026-09-23T15:38:00Z,2026-09-23T17:38:00+02:00,54,placa-vella,297,93,204,68.7
2026-09-23T15:38:00Z,2026-09-23T17:38:00+02:00,55,ajuntament-mercat,237,125,112,47.3
2026-09-23T15:39:00Z,2026-09-23T17:39:00+02:00,53,dr-robert,407,179,228,56
2026-09-23T15:39:00Z,2026-09-23T17:39:00+02:00,54,placa-vella,297,93,204,68.7
2026-09-23T15:39:00Z,2026-09-23T17:39:00+02:00,55,ajuntament-mercat,237,125,112,47.3
2026-09-23T15:40:00Z,2026-09-23T17:40:00+02:00,53,dr-robert,407,179,228,56
2026-09-23T15:40:00Z,2026-09-23T17:40:00+02:00,54,placa-vella,297,93,204,68.7
2026-09-23T15:40:00Z,2026-09-23T17:40:00+02:00,55,ajuntament-mercat,237,125,112,47.3
2026-09-23T15:41:00Z,2026-09-23T17:41:00+02:00,53,dr-robert,407,179,228,56
2026-09-23T15:41:00Z,2026-09-23T17:41:00+02:00,54,placa-vella,297,93,204,68.7
2026-09-23T15:41:00Z,2026-09-23T17:41:00+02:00,55,ajuntament-mercat,237,125,112,47.3
2026-09-23T15:42:00Z,2026-09-23T17:42:00+02:00,53,dr-robert,407,177,230,56.5
2026-09-23T15:42:00Z,2026-09-23T17:42:00+02:00,54,placa-vella,297,93,204,68.7
2026-09-23T15:42:00Z,2026-09-23T17:42:00+02:00,55,ajuntament-mercat,237,124,113,47.7
2026-09-23T15:43:00Z,2026-09-23T17:43:00+02:00,53,dr-robert,407,177,230,56.5
2026-09-23T15:43:00Z,2026-09-23T17:43:00+02:00,54,placa-vella,297,93,204,68.7
2026-09-23T15:43:00Z,2026-09-23T17:43:00+02:00,55,ajuntament-mercat,237,124,113,47.7
2026-09-23T15:44:00Z,2026-09-23T17:44:00+02:00,53,dr-robert,407,177,230,56.5
2026-09-23T15:44:00Z,2026-09-23T17:44:00+02:00,54,placa-vella,297,93,204,68.7
2026-09-23T15:44:00Z,2026-09-23T17:44:00+02:00,55,ajuntament-mercat,237,124,113,47.7
2026-09-23T15:45:00Z,2026-09-23T17:45:00+02:00,53,dr-robert,407,177,230,56.5
2026-09-23T15:45:00Z,2026-09-23T17:45:00+02:00,54,placa-vella,297,93,204,68.7
2026-09-23T15:45:00Z,2026-09-23T17:45:00+02:00,55,ajuntament-mercat,237,124,113,47.7
2026-09-23T15:46:00Z,2026-09-23T17:46:00+02:00,53,dr-robert,407,173,234,57.5
2026-09-23T15:46:00Z,2026-09-23T17:46:00+02:00,54,placa-vella,297,94,203,68.4
2026-09-23T15:46:00Z,2026-09-23T17:46:00+02:00,55,ajuntament-mercat,237,121,116,48.9
2026-09-23T15:47:00Z,2026-09-23T17:47:00+02:00,53,dr-robert,407,173,234,57.5
2026-09-23T15:47:00Z,2026-09-23T17:47:00+02:00,54,placa-vella,297,94,203,68.4
2026-09-23T15:47:00Z,2026-09-23T17:47:00+02:00,55,ajuntament-mercat,237,121,116,48.9
2026-09-23T15:48:00Z,2026-09-23T17:48:00+02:00,53,dr-robert,407,173,234,57.5
2026-09-23T15:48:00Z,2026-09-23T17:48:00+02:00,54,placa-vella,297,94,203,68.4
2026-09-23T15:48:00Z,2026-09-23T17:48:00+02:00,55,ajuntament-mercat,237,121,116,48.9
2026-09-23T15:49:00Z,2026-09-23T17:49:00+02:00,53,dr-robert,407,173,234,57.5
2026-09-23T15:49:00Z,2026-09-23T17:49:00+02:00,54,placa-vella,297,94,203,68.4
2026-09-23T15:49:00Z,2026-09-23T17:49:00+02:00,55,ajuntament-mercat,237,121,116,48.9
2026-09-23T15:50:00Z,2026-09-23T17:50:00+02:00,53,dr-robert,407,173,234,57.5
2026-09-23T15:50:00Z,2026-09-23T17:50:00+02:00,54,placa-vella,297,94,203,68.4
2026-09-23T15:50:00Z,2026-09-23T17:50:00+02:00,55,ajuntament-mercat,237,121,116,48.9
2026-09-23T15:51:00Z,2026-09-23T17:51:00+02:00,53,dr-robert,407,171,236,58
2026-09-23T15:51:00Z,2026-09-23T17:51:00+02:00,54,placa-vella,297,90,207,69.7
2026-09-23T15:51:00Z,2026-09-23T17:51:00+02:00,55,ajuntament-mercat,237,119,118,49.8
2026-09-23T15:52:00Z,2026-09-23T17:52:00+02:00,53,dr-robert,407,171,236,58
2026-09-23T15:52:00Z,2026-09-23T17:52:00+02:00,54,placa-vella,297,90,207,69.7
2026-09-23T15:52:00Z,2026-09-23T17:52:00+02:00,55,ajuntament-mercat,237,119,118,49.8
2026-09-23T15:53:00Z,2026-09-23T17:53:00+02:00,53,dr-robert,407,171,236,58
2026-09-23T15:53:00Z,2026-09-23T17:53:00+02:00,54,placa-vella,297,90,207,69.7
2026-09-23T15:53:00Z,2026-09-23T17:53:00+02:00,55,ajuntament-mercat,237,119,118,49.8
2026-09-23T15:54:00Z,2026-09-23T17:54:00+02:00,53,dr-robert,407,171,236,58
2026-09-23T15:54:00Z,2026-09-23T17:54:00+02:00,54,placa-vella,297,90,207,69.7
2026-09-23T15:54:00Z,2026-09-23T17:54:00+02:00,55,ajuntament-mercat,237,119,118,49.8
2026-09-23T15:55:00Z,2026-09-23T17:55:00+02:00,53,dr-robert,407,171,236,58
2026-09-23T15:55:00Z,2026-09-23T17:55:00+02:00,54,placa-vella,297,90,207,69.7
2026-09-23T15:55:00Z,2026-09-23T17:55:00+02:00,55,ajuntament-mercat,237,119,118,49.8
2026-09-23T15:56:00Z,2026-09-23T17:56:00+02:00,53,dr-robert,407,174,233,57.2
2026-09-23T15:56:00Z,2026-09-23T17:56:00+02:00,54,placa-vella,297,88,209,70.4
2026-09-23T15:56:00Z,2026-09-23T17:56:00+02:00,55,ajuntament-mercat,237,123,114,48.1
2026-09-23T15:57:00Z,2026-09-23T17:57:00+02:00,53,dr-robert,407,174,233,57.2
2026-09-23T15:57:00Z,2026-09-23T17:57:00+02:00,54,placa-vella,297,88,209,70.4
2026-09-23T15:57:00Z,2026-09-23T17:57:00+02:00,55,ajuntament-mercat,237,123,114,48.1
2026-09-23T15:58:00Z,2026-09-23T17:58:00+02:00,53,dr-robert,407,174,233,57.2
2026-09-23T15:58:00Z,2026-09-23T17:58:00+02:00,54,placa-vella,297,88,209,70.4
2026-09-23T15:58:00Z,2026-09-23T17:58:00+02:00,55,ajuntament-mercat,237,123,114,48.1
2026-09-23T15:59:00Z,2026-09-23T17:59:00+02:00,53,dr-robert,407,174,233,57.2
2026-09-23T15:59:00Z,2026-09-23T17:59:00+02:00,54,placa-vella,297,88,209,70.4
2026-09-23T15:59:00Z,2026-09-23T17:59:00+02:00,55,ajuntament-mercat,237,123,114,48.1
2026-09-23T16:00:00Z,2026-09-23T18:00:00+02:00,53,dr-robert,407,174,233,57.2
2026-09-23T16:00:00Z,2026-09-23T18:00:00+02:00,54,placa-vella,297,88,209,70.4
2026-09-23T16:00:00Z,2026-09-23T18:00:00+02:00,55,ajuntament-mercat,237,123,114,48.1
2026-09-23T16:01:00Z,2026-09-23T18:01:00+02:00,53,dr-robert,407,174,233,57.2
2026-09-23T16:01:00Z,2026-09-23T18:01:00+02:00,54,placa-vella,297,88,209,70.4
2026-09-23T16:01:00Z,2026-09-23T18:01:00+02:00,55,ajuntament-mercat,237,123,114,48.1
2026-09-23T16:02:00Z,2026-09-23T18:02:00+02:00,53,dr-robert,407,174,233,57.2
2026-09-23T16:02:00Z,2026-09-23T18:02:00+02:00,54,placa-vella,297,88,209,70.4
2026-09-23T16:02:00Z,2026-09-23T18:02:00+02:00,55,ajuntament-mercat,237,123,114,48.1
2026-09-23T16:03:00Z,2026-09-23T18:03:00+02:00,53,dr-robert,407,172,235,57.7
2026-09-23T16:03:00Z,2026-09-23T18:03:00+02:00,54,placa-vella,297,81,216,72.7
2026-09-23T16:03:00Z,2026-09-23T18:03:00+02:00,55,ajuntament-mercat,237,124,113,47.7
2026-09-23T16:04:00Z,2026-09-23T18:04:00+02:00,53,dr-robert,407,172,235,57.7
2026-09-23T16:04:00Z,2026-09-23T18:04:00+02:00,54,placa-vella,297,81,216,72.7
2026-09-23T16:04:00Z,2026-09-23T18:04:00+02:00,55,ajuntament-mercat,237,124,113,47.7
2026-09-23T16:05:00Z,2026-09-23T18:05:00+02:00,53,dr-robert,407,172,235,57.7
2026-09-23T16:05:00Z,2026-09-23T18:05:00+02:00,54,placa-vella,297,81,216,72.7
2026-09-23T16:05:00Z,2026-09-23T18:05:00+02:00,55,ajuntament-mercat,237,124,113,47.7
2026-09-23T16:06:00Z,2026-09-23T18:06:00+02:00,53,dr-robert,407,175,232,57
2026-09-23T16:06:00Z,2026-09-23T18:06:00+02:00,54,placa-vella,297,85,212,71.4
2026-09-23T16:06:00Z,2026-09-23T18:06:00+02:00,55,ajuntament-mercat,237,119,118,49.8
2026-09-23T16:07:00Z,2026-09-23T18:07:00+02:00,53,dr-robert,407,175,232,57
2026-09-23T16:07:00Z,2026-09-23T18:07:00+02:00,54,placa-vella,297,85,212,71.4
2026-09-23T16:07:00Z,2026-09-23T18:07:00+02:00,55,ajuntament-mercat,237,119,118,49.8
2026-09-23T16:08:00Z,2026-09-23T18:08:00+02:00,53,dr-robert,407,175,232,57
2026-09-23T16:08:00Z,2026-09-23T18:08:00+02:00,54,placa-vella,297,85,212,71.4
2026-09-23T16:08:00Z,2026-09-23T18:08:00+02:00,55,ajuntament-mercat,237,119,118,49.8
2026-09-23T16:09:00Z,2026-09-23T18:09:00+02:00,53,dr-robert,407,175,232,57
2026-09-23T16:09:00Z,2026-09-23T18:09:00+02:00,54,placa-vella,297,85,212,71.4
2026-09-23T16:09:00Z,2026-09-23T18:09:00+02:00,55,ajuntament-mercat,237,119,118,49.8
2026-09-23T16:10:00Z,2026-09-23T18:10:00+02:00,53,dr-robert,407,175,232,57
2026-09-23T16:10:00Z,2026-09-23T18:10:00+02:00,54,placa-vella,297,85,212,71.4
2026-09-23T16:10:00Z,2026-09-23T18:10:00+02:00,55,ajuntament-mercat,237,119,118,49.8
2026-09-23T16:11:00Z,2026-09-23T18:11:00+02:00,53,dr-robert,407,178,229,56.3
2026-09-23T16:11:00Z,2026-09-23T18:11:00+02:00,54,placa-vella,297,85,212,71.4
2026-09-23T16:11:00Z,2026-09-23T18:11:00+02:00,55,ajuntament-mercat,237,119,118,49.8
2026-09-23T16:12:00Z,2026-09-23T18:12:00+02:00,53,dr-robert,407,178,229,56.3
2026-09-23T16:12:00Z,2026-09-23T18:12:00+02:00,54,placa-vella,297,85,212,71.4
2026-09-23T16:12:00Z,2026-09-23T18:12:00+02:00,55,ajuntament-mercat,237,119,118,49.8
2026-09-23T16:13:00Z,2026-09-23T18:13:00+02:00,53,dr-robert,407,178,229,56.3
2026-09-23T16:13:00Z,2026-09-23T18:13:00+02:00,54,placa-vella,297,85,212,71.4
2026-09-23T16:13:00Z,2026-09-23T18:13:00+02:00,55,ajuntament-mercat,237,119,118,49.8
2026-09-23T16:14:00Z,2026-09-23T18:14:00+02:00,53,dr-robert,407,178,229,56.3
2026-09-23T16:14:00Z,2026-09-23T18:14:00+02:00,54,placa-vella,297,85,212,71.4
2026-09-23T16:14:00Z,2026-09-23T18:14:00+02:00,55,ajuntament-mercat,237,119,118,49.8
2026-09-23T16:15:00Z,2026-09-23T18:15:00+02:00,53,dr-robert,407,178,229,56.3
2026-09-23T16:15:00Z,2026-09-23T18:15:00+02:00,54,placa-vella,297,85,212,71.4
2026-09-23T16:15:00Z,2026-09-23T18:15:00+02:00,55,ajuntament-mercat,237,119,118,49.8
2026-09-23T16:16:00Z,2026-09-23T18:16:00+02:00,53,dr-robert,407,180,227,55.8
2026-09-23T16:16:00Z,2026-09-23T18:16:00+02:00,54,placa-vella,297,85,212,71.4
2026-09-23T16:16:00Z,2026-09-23T18:16:00+02:00,55,ajuntament-mercat,237,117,120,50.6
2026-09-23T16:17:00Z,2026-09-23T18:17:00+02:00,53,dr-robert,407,180,227,55.8
2026-09-23T16:17:00Z,2026-09-23T18:17:00+02:00,54,placa-vella,297,85,212,71.4
2026-09-23T16:17:00Z,2026-09-23T18:17:00+02:00,55,ajuntament-mercat,237,117,120,50.6
2026-09-23T16:18:00Z,2026-09-23T18:18:00+02:00,53,dr-robert,407,180,227,55.8
2026-09-23T16:18:00Z,2026-09-23T18:18:00+02:00,54,placa-vella,297,85,212,71.4
2026-09-23T16:18:00Z,2026-09-23T18:18:00+02:00,55,ajuntament-mercat,237,117,120,50.6
2026-09-23T16:19:00Z,2026-09-23T18:19:00+02:00,53,dr-robert,407,180,227,55.8
2026-09-23T16:19:00Z,2026-09-23T18:19:00+02:00,54,placa-vella,297,85,212,71.4
2026-09-23T16:19:00Z,2026-09-23T18:19:00+02:00,55,ajuntament-mercat,237,117,120,50.6
2026-09-23T16:20:00Z,2026-09-23T18:20:00+02:00,53,dr-robert,407,180,227,55.8
2026-09-23T16:20:00Z,2026-09-23T18:20:00+02:00,54,placa-vella,297,85,212,71.4
2026-09-23T16:20:00Z,2026-09-23T18:20:00+02:00,55,ajuntament-mercat,237,117,120,50.6
2026-09-23T16:21:00Z,2026-09-23T18:21:00+02:00,53,dr-robert,407,177,230,56.5
2026-09-23T16:21:00Z,2026-09-23T18:21:00+02:00,54,placa-vella,297,84,213,71.7
2026-09-23T16:21:00Z,2026-09-23T18:21:00+02:00,55,ajuntament-mercat,237,116,121,51.1
2026-09-23T16:22:00Z,2026-09-23T18:22:00+02:00,53,dr-robert,407,177,230,56.5
2026-09-23T16:22:00Z,2026-09-23T18:22:00+02:00,54,placa-vella,297,84,213,71.7
2026-09-23T16:22:00Z,2026-09-23T18:22:00+02:00,55,ajuntament-mercat,237,116,121,51.1
2026-09-23T16:23:00Z,2026-09-23T18:23:00+02:00,53,dr-robert,407,177,230,56.5
2026-09-23T16:23:00Z,2026-09-23T18:23:00+02:00,54,placa-vella,297,84,213,71.7
2026-09-23T16:23:00Z,2026-09-23T18:23:00+02:00,55,ajuntament-mercat,237,116,121,51.1
2026-09-23T16:24:00Z,2026-09-23T18:24:00+02:00,53,dr-robert,407,177,230,56.5
2026-09-23T16:24:00Z,2026-09-23T18:24:00+02:00,54,placa-vella,297,84,213,71.7
2026-09-23T16:24:00Z,2026-09-23T18:24:00+02:00,55,ajuntament-mercat,237,116,121,51.1
2026-09-23T16:25:00Z,2026-09-23T18:25:00+02:00,53,dr-robert,407,177,230,56.5
2026-09-23T16:25:00Z,2026-09-23T18:25:00+02:00,54,placa-vella,297,84,213,71.7
2026-09-23T16:25:00Z,2026-09-23T18:25:00+02:00,55,ajuntament-mercat,237,116,121,51.1
2026-09-23T16:26:00Z,2026-09-23T18:26:00+02:00,53,dr-robert,407,178,229,56.3
2026-09-23T16:26:00Z,2026-09-23T18:26:00+02:00,54,placa-vella,297,80,217,73.1
2026-09-23T16:26:00Z,2026-09-23T18:26:00+02:00,55,ajuntament-mercat,237,114,123,51.9
2026-09-23T16:27:00Z,2026-09-23T18:27:00+02:00,53,dr-robert,407,178,229,56.3
2026-09-23T16:27:00Z,2026-09-23T18:27:00+02:00,54,placa-vella,297,80,217,73.1
2026-09-23T16:27:00Z,2026-09-23T18:27:00+02:00,55,ajuntament-mercat,237,114,123,51.9
2026-09-23T16:28:00Z,2026-09-23T18:28:00+02:00,53,dr-robert,407,178,229,56.3
2026-09-23T16:28:00Z,2026-09-23T18:28:00+02:00,54,placa-vella,297,80,217,73.1
2026-09-23T16:28:00Z,2026-09-23T18:28:00+02:00,55,ajuntament-mercat,237,114,123,51.9
2026-09-23T16:29:00Z,2026-09-23T18:29:00+02:00,53,dr-robert,407,178,229,56.3
2026-09-23T16:29:00Z,2026-09-23T18:29:00+02:00,54,placa-vella,297,80,217,73.1
2026-09-23T16:29:00Z,2026-09-23T18:29:00+02:00,55,ajuntament-mercat,237,114,123,51.9
2026-09-23T16:30:00Z,2026-09-23T18:30:00+02:00,53,dr-robert,407,178,229,56.3
2026-09-23T16:30:00Z,2026-09-23T18:30:00+02:00,54,placa-vella,297,80,217,73.1
2026-09-23T16:30:00Z,2026-09-23T18:30:00+02:00,55,ajuntament-mercat,237,114,123,51.9
2026-09-23T16:31:00Z,2026-09-23T18:31:00+02:00,53,dr-robert,407,184,223,54.8
2026-09-23T16:31:00Z,2026-09-23T18:31:00+02:00,54,placa-vella,297,87,210,70.7
2026-09-23T16:31:00Z,2026-09-23T18:31:00+02:00,55,ajuntament-mercat,237,112,125,52.7
2026-09-23T16:32:00Z,2026-09-23T18:32:00+02:00,53,dr-robert,407,184,223,54.8
2026-09-23T16:32:00Z,2026-09-23T18:32:00+02:00,54,placa-vella,297,87,210,70.7
2026-09-23T16:32:00Z,2026-09-23T18:32:00+02:00,55,ajuntament-mercat,237,112,125,52.7
2026-09-23T16:33:00Z,2026-09-23T18:33:00+02:00,53,dr-robert,407,184,223,54.8
2026-09-23T16:33:00Z,2026-09-23T18:33:00+02:00,54,placa-vella,297,87,210,70.7
2026-09-23T16:33:00Z,2026-09-23T18:33:00+02:00,55,ajuntament-mercat,237,112,125,52.7
2026-09-23T16:34:00Z,2026-09-23T18:34:00+02:00,53,dr-robert,407,184,223,54.8
2026-09-23T16:34:00Z,2026-09-23T18:34:00+02:00,54,placa-vella,297,87,210,70.7
2026-09-23T16:34:00Z,2026-09-23T18:34:00+02:00,55,ajuntament-mercat,237,112,125,52.7
2026-09-23T16:35:00Z,2026-09-23T18:35:00+02:00,53,dr-robert,407,184,223,54.8
2026-09-23T16:35:00Z,2026-09-23T18:35:00+02:00,54,placa-vella,297,87,210,70.7
2026-09-23T16:35:00Z,2026-09-23T18:35:00+02:00,55,ajuntament-mercat,237,112,125,52.7
2026-09-23T16:36:00Z,2026-09-23T18:36:00+02:00,53,dr-robert,407,187,220,54.1
2026-09-23T16:36:00Z,2026-09-23T18:36:00+02:00,54,placa-vella,297,79,218,73.4
2026-09-23T16:36:00Z,2026-09-23T18:36:00+02:00,55,ajuntament-mercat,237,112,125,52.7
2026-09-23T16:37:00Z,2026-09-23T18:37:00+02:00,53,dr-robert,407,187,220,54.1
2026-09-23T16:37:00Z,2026-09-23T18:37:00+02:00,54,placa-vella,297,79,218,73.4
2026-09-23T16:37:00Z,2026-09-23T18:37:00+02:00,55,ajuntament-mercat,237,112,125,52.7
2026-09-23T16:38:00Z,2026-09-23T18:38:00+02:00,53,dr-robert,407,187,220,54.1
2026-09-23T16:38:00Z,2026-09-23T18:38:00+02:00,54,placa-vella,297,79,218,73.4
2026-09-23T16:38:00Z,2026-09-23T18:38:00+02:00,55,ajuntament-mercat,237,112,125,52.7
2026-09-23T16:39:00Z,2026-09-23T18:39:00+02:00,53,dr-robert,407,187,220,54.1
2026-09-23T16:39:00Z,2026-09-23T18:39:00+02:00,54,placa-vella,297,79,218,73.4
2026-09-23T16:39:00Z,2026-09-23T18:39:00+02:00,55,ajuntament-mercat,237,112,125,52.7
2026-09-23T16:40:00Z,2026-09-23T18:40:00+02:00,53,dr-robert,407,187,220,54.1
2026-09-23T16:40:00Z,2026-09-23T18:40:00+02:00,54,placa-vella,297,79,218,73.4
2026-09-23T16:40:00Z,2026-09-23T18:40:00+02:00,55,ajuntament-mercat,237,112,125,52.7
2026-09-23T16:41:00Z,2026-09-23T18:41:00+02:00,53,dr-robert,407,192,215,52.8
2026-09-23T16:41:00Z,2026-09-23T18:41:00+02:00,54,placa-vella,297,84,213,71.7
2026-09-23T16:41:00Z,2026-09-23T18:41:00+02:00,55,ajuntament-mercat,237,111,126,53.2
2026-09-23T16:42:00Z,2026-09-23T18:42:00+02:00,53,dr-robert,407,192,215,52.8
2026-09-23T16:42:00Z,2026-09-23T18:42:00+02:00,54,placa-vella,297,84,213,71.7
2026-09-23T16:42:00Z,2026-09-23T18:42:00+02:00,55,ajuntament-mercat,237,111,126,53.2
2026-09-23T16:43:00Z,2026-09-23T18:43:00+02:00,53,dr-robert,407,192,215,52.8
2026-09-23T16:43:00Z,2026-09-23T18:43:00+02:00,54,placa-vella,297,84,213,71.7
2026-09-23T16:43:00Z,2026-09-23T18:43:00+02:00,55,ajuntament-mercat,237,111,126,53.2
2026-09-23T16:44:00Z,2026-09-23T18:44:00+02:00,53,dr-robert,407,192,215,52.8
2026-09-23T16:44:00Z,2026-09-23T18:44:00+02:00,54,placa-vella,297,84,213,71.7
2026-09-23T16:44:00Z,2026-09-23T18:44:00+02:00,55,ajuntament-mercat,237,111,126,53.2
2026-09-23T16:45:00Z,2026-09-23T18:45:00+02:00,53,dr-robert,407,192,215,52.8
2026-09-23T16:45:00Z,2026-09-23T18:45:00+02:00,54,placa-vella,297,84,213,71.7
2026-09-23T16:45:00Z,2026-09-23T18:45:00+02:00,55,ajuntament-mercat,237,111,126,53.2
2026-09-23T16:46:00Z,2026-09-23T18:46:00+02:00,53,dr-robert,407,193,214,52.6
2026-09-23T16:46:00Z,2026-09-23T18:46:00+02:00,54,placa-vella,297,87,210,70.7
2026-09-23T16:46:00Z,2026-09-23T18:46:00+02:00,55,ajuntament-mercat,237,111,126,53.2
2026-09-23T16:47:00Z,2026-09-23T18:47:00+02:00,53,dr-robert,407,193,214,52.6
2026-09-23T16:47:00Z,2026-09-23T18:47:00+02:00,54,placa-vella,297,87,210,70.7
2026-09-23T16:47:00Z,2026-09-23T18:47:00+02:00,55,ajuntament-mercat,237,111,126,53.2
2026-09-23T16:48:00Z,2026-09-23T18:48:00+02:00,53,dr-robert,407,193,214,52.6
2026-09-23T16:48:00Z,2026-09-23T18:48:00+02:00,54,placa-vella,297,87,210,70.7
2026-09-23T16:48:00Z,2026-09-23T18:48:00+02:00,55,ajuntament-mercat,237,111,126,53.2
2026-09-23T16:49:00Z,2026-09-23T18:49:00+02:00,53,dr-robert,407,193,214,52.6
2026-09-23T16:49:00Z,2026-09-23T18:49:00+02:00,54,placa-vella,297,87,210,70.7
2026-09-23T16:49:00Z,2026-09-23T18:49:00+02:00,55,ajuntament-mercat,237,111,126,53.2
2026-09-23T16:50:00Z,2026-09-23T18:50:00+02:00,53,dr-robert,407,193,214,52.6
2026-09-23T16:50:00Z,2026-09-23T18:50:00+02:00,54,placa-vella,297,87,210,70.7
2026-09-23T16:50:00Z,2026-09-23T18:50:00+02:00,55,ajuntament-mercat,237,111,126,53.2
2026-09-23T16:51:00Z,2026-09-23T18:51:00+02:00,53,dr-robert,407,192,215,52.8
2026-09-23T16:51:00Z,2026-09-23T18:51:00+02:00,54,placa-vella,297,90,207,69.7
2026-09-23T16:51:00Z,2026-09-23T18:51:00+02:00,55,ajuntament-mercat,237,111,126,53.2
2026-09-23T16:52:00Z,2026-09-23T18:52:00+02:00,53,dr-robert,407,192,215,52.8
2026-09-23T16:52:00Z,2026-09-23T18:52:00+02:00,54,placa-vella,297,90,207,69.7
2026-09-23T16:52:00Z,2026-09-23T18:52:00+02:00,55,ajuntament-mercat,237,111,126,53.2
2026-09-23T16:53:00Z,2026-09-23T18:53:00+02:00,53,dr-robert,407,192,215,52.8
2026-09-23T16:53:00Z,2026-09-23T18:53:00+02:00,54,placa-vella,297,90,207,69.7
2026-09-23T16:53:00Z,2026-09-23T18:53:00+02:00,55,ajuntament-mercat,237,111,126,53.2
2026-09-23T16:54:00Z,2026-09-23T18:54:00+02:00,53,dr-robert,407,192,215,52.8
2026-09-23T16:54:00Z,2026-09-23T18:54:00+02:00,54,placa-vella,297,90,207,69.7
2026-09-23T16:54:00Z,2026-09-23T18:54:00+02:00,55,ajuntament-mercat,237,111,126,53.2
2026-09-23T16:55:00Z,2026-09-23T18:55:00+02:00,53,dr-robert,407,192,215,52.8
2026-09-23T16:55:00Z,2026-09-23T18:55:00+02:00,54,placa-vella,297,90,207,69.7
2026-09-23T16:55:00Z,2026-09-23T18:55:00+02:00,55,ajuntament-mercat,237,111,126,53.2
2026-09-23T16:56:00Z,2026-09-23T18:56:00+02:00,53,dr-robert,407,201,206,50.6
2026-09-23T16:56:00Z,2026-09-23T18:56:00+02:00,54,placa-vella,297,87,210,70.7
2026-09-23T16:56:00Z,2026-09-23T18:56:00+02:00,55,ajuntament-mercat,237,113,124,52.3
2026-09-23T16:57:00Z,2026-09-23T18:57:00+02:00,53,dr-robert,407,201,206,50.6
2026-09-23T16:57:00Z,2026-09-23T18:57:00+02:00,54,placa-vella,297,87,210,70.7
2026-09-23T16:57:00Z,2026-09-23T18:57:00+02:00,55,ajuntament-mercat,237,113,124,52.3
2026-09-23T16:58:00Z,2026-09-23T18:58:00+02:00,53,dr-robert,407,201,206,50.6
2026-09-23T16:58:00Z,2026-09-23T18:58:00+02:00,54,placa-vella,297,87,210,70.7
2026-09-23T16:58:00Z,2026-09-23T18:58:00+02:00,55,ajuntament-mercat,237,113,124,52.3
2026-09-23T16:59:00Z,2026-09-23T18:59:00+02:00,53,dr-robert,407,201,206,50.6
2026-09-23T16:59:00Z,2026-09-23T18:59:00+02:00,54,placa-vella,297,87,210,70.7
2026-09-23T16:59:00Z,2026-09-23T18:59:00+02:00,55,ajuntament-mercat,237,113,124,52.3
2026-09-23T17:00:00Z,2026-09-23T19:00:00+02:00,53,dr-robert,407,201,206,50.6
2026-09-23T17:00:00Z,2026-09-23T19:00:00+02:00,54,placa-vella,297,87,210,70.7
2026-09-23T17:00:00Z,2026-09-23T19:00:00+02:00,55,ajuntament-mercat,237,113,124,52.3
2026-09-23T17:01:00Z,2026-09-23T19:01:00+02:00,53,dr-robert,407,201,206,50.6
2026-09-23T17:01:00Z,2026-09-23T19:01:00+02:00,54,placa-vella,297,87,210,70.7
2026-09-23T17:01:00Z,2026-09-23T19:01:00+02:00,55,ajuntament-mercat,237,113,124,52.3
2026-09-23T17:02:00Z,2026-09-23T19:02:00+02:00,53,dr-robert,407,201,206,50.6
2026-09-23T17:02:00Z,2026-09-23T19:02:00+02:00,54,placa-vella,297,87,210,70.7
2026-09-23T17:02:00Z,2026-09-23T19:02:00+02:00,55,ajuntament-mercat,237,113,124,52.3
2026-09-23T17:03:00Z,2026-09-23T19:03:00+02:00,53,dr-robert,407,201,206,50.6
2026-09-23T17:03:00Z,2026-09-23T19:03:00+02:00,54,placa-vella,297,87,210,70.7
2026-09-23T17:03:00Z,2026-09-23T19:03:00+02:00,55,ajuntament-mercat,237,113,124,52.3
2026-09-23T17:04:00Z,2026-09-23T19:04:00+02:00,53,dr-robert,407,203,204,50.1
2026-09-23T17:04:00Z,2026-09-23T19:04:00+02:00,54,placa-vella,297,91,206,69.4
2026-09-23T17:04:00Z,2026-09-23T19:04:00+02:00,55,ajuntament-mercat,237,119,118,49.8
2026-09-23T17:05:00Z,2026-09-23T19:05:00+02:00,53,dr-robert,407,203,204,50.1
2026-09-23T17:05:00Z,2026-09-23T19:05:00+02:00,54,placa-vella,297,91,206,69.4
2026-09-23T17:05:00Z,2026-09-23T19:05:00+02:00,55,ajuntament-mercat,237,119,118,49.8
2026-09-23T17:06:00Z,2026-09-23T19:06:00+02:00,53,dr-robert,407,205,202,49.6
2026-09-23T17:06:00Z,2026-09-23T19:06:00+02:00,54,placa-vella,297,93,204,68.7
2026-09-23T17:06:00Z,2026-09-23T19:06:00+02:00,55,ajuntament-mercat,237,120,117,49.4
2026-09-23T17:07:00Z,2026-09-23T19:07:00+02:00,53,dr-robert,407,205,202,49.6
2026-09-23T17:07:00Z,2026-09-23T19:07:00+02:00,54,placa-vella,297,93,204,68.7
2026-09-23T17:07:00Z,2026-09-23T19:07:00+02:00,55,ajuntament-mercat,237,120,117,49.4
2026-09-23T17:08:00Z,2026-09-23T19:08:00+02:00,53,dr-robert,407,205,202,49.6
2026-09-23T17:08:00Z,2026-09-23T19:08:00+02:00,54,placa-vella,297,93,204,68.7
2026-09-23T17:08:00Z,2026-09-23T19:08:00+02:00,55,ajuntament-mercat,237,120,117,49.4
2026-09-23T17:09:00Z,2026-09-23T19:09:00+02:00,53,dr-robert,407,205,202,49.6
2026-09-23T17:09:00Z,2026-09-23T19:09:00+02:00,54,placa-vella,297,93,204,68.7
2026-09-23T17:09:00Z,2026-09-23T19:09:00+02:00,55,ajuntament-mercat,237,120,117,49.4
2026-09-23T17:10:00Z,2026-09-23T19:10:00+02:00,53,dr-robert,407,205,202,49.6
2026-09-23T17:10:00Z,2026-09-23T19:10:00+02:00,54,placa-vella,297,93,204,68.7
2026-09-23T17:10:00Z,2026-09-23T19:10:00+02:00,55,ajuntament-mercat,237,120,117,49.4
2026-09-23T17:11:00Z,2026-09-23T19:11:00+02:00,53,dr-robert,407,209,198,48.6
2026-09-23T17:11:00Z,2026-09-23T19:11:00+02:00,54,placa-vella,297,101,196,66
2026-09-23T17:11:00Z,2026-09-23T19:11:00+02:00,55,ajuntament-mercat,237,123,114,48.1
2026-09-23T17:12:00Z,2026-09-23T19:12:00+02:00,53,dr-robert,407,209,198,48.6
2026-09-23T17:12:00Z,2026-09-23T19:12:00+02:00,54,placa-vella,297,101,196,66
2026-09-23T17:12:00Z,2026-09-23T19:12:00+02:00,55,ajuntament-mercat,237,123,114,48.1
2026-09-23T17:13:00Z,2026-09-23T19:13:00+02:00,53,dr-robert,407,209,198,48.6
2026-09-23T17:13:00Z,2026-09-23T19:13:00+02:00,54,placa-vella,297,101,196,66
2026-09-23T17:13:00Z,2026-09-23T19:13:00+02:00,55,ajuntament-mercat,237,123,114,48.1
2026-09-23T17:14:00Z,2026-09-23T19:14:00+02:00,53,dr-robert,407,209,198,48.6
2026-09-23T17:14:00Z,2026-09-23T19:14:00+02:00,54,placa-vella,297,101,196,66
2026-09-23T17:14:00Z,2026-09-23T19:14:00+02:00,55,ajuntament-mercat,237,123,114,48.1
2026-09-23T17:15:00Z,2026-09-23T19:15:00+02:00,53,dr-robert,407,209,198,48.6
2026-09-23T17:15:00Z,2026-09-23T19:15:00+02:00,54,placa-vella,297,101,196,66
2026-09-23T17:15:00Z,2026-09-23T19:15:00+02:00,55,ajuntament-mercat,237,123,114,48.1
2026-09-23T17:16:00Z,2026-09-23T19:16:00+02:00,53,dr-robert,407,214,193,47.4
2026-09-23T17:16:00Z,2026-09-23T19:16:00+02:00,54,placa-vella,297,100,197,66.3
2026-09-23T17:16:00Z,2026-09-23T19:16:00+02:00,55,ajuntament-mercat,237,123,114,48.1
2026-09-23T17:17:00Z,2026-09-23T19:17:00+02:00,53,dr-robert,407,214,193,47.4
2026-09-23T17:17:00Z,2026-09-23T19:17:00+02:00,54,placa-vella,297,100,197,66.3
2026-09-23T17:17:00Z,2026-09-23T19:17:00+02:00,55,ajuntament-mercat,237,123,114,48.1
2026-09-23T17:18:00Z,2026-09-23T19:18:00+02:00,53,dr-robert,407,214,193,47.4
2026-09-23T17:18:00Z,2026-09-23T19:18:00+02:00,54,placa-vella,297,100,197,66.3
2026-09-23T17:18:00Z,2026-09-23T19:18:00+02:00,55,ajuntament-mercat,237,123,114,48.1
2026-09-23T17:19:00Z,2026-09-23T19:19:00+02:00,53,dr-robert,407,214,193,47.4
2026-09-23T17:19:00Z,2026-09-23T19:19:00+02:00,54,placa-vella,297,100,197,66.3
2026-09-23T17:19:00Z,2026-09-23T19:19:00+02:00,55,ajuntament-mercat,237,123,114,48.1
2026-09-23T17:20:00Z,2026-09-23T19:20:00+02:00,53,dr-robert,407,214,193,47.4
2026-09-23T17:20:00Z,2026-09-23T19:20:00+02:00,54,placa-vella,297,100,197,66.3
2026-09-23T17:20:00Z,2026-09-23T19:20:00+02:00,55,ajuntament-mercat,237,123,114,48.1
2026-09-23T17:21:00Z,2026-09-23T19:21:00+02:00,53,dr-robert,407,217,190,46.7
2026-09-23T17:21:00Z,2026-09-23T19:21:00+02:00,54,placa-vella,297,105,192,64.6
2026-09-23T17:21:00Z,2026-09-23T19:21:00+02:00,55,ajuntament-mercat,237,130,107,45.1
2026-09-23T17:22:00Z,2026-09-23T19:22:00+02:00,53,dr-robert,407,217,190,46.7
2026-09-23T17:22:00Z,2026-09-23T19:22:00+02:00,54,placa-vella,297,105,192,64.6
2026-09-23T17:22:00Z,2026-09-23T19:22:00+02:00,55,ajuntament-mercat,237,130,107,45.1
2026-09-23T17:23:00Z,2026-09-23T19:23:00+02:00,53,dr-robert,407,217,190,46.7
2026-09-23T17:23:00Z,2026-09-23T19:23:00+02:00,54,placa-vella,297,105,192,64.6
2026-09-23T17:23:00Z,2026-09-23T19:23:00+02:00,55,ajuntament-mercat,237,130,107,45.1
2026-09-23T17:24:00Z,2026-09-23T19:24:00+02:00,53,dr-robert,407,217,190,46.7
2026-09-23T17:24:00Z,2026-09-23T19:24:00+02:00,54,placa-vella,297,105,192,64.6
2026-09-23T17:24:00Z,2026-09-23T19:24:00+02:00,55,ajuntament-mercat,237,130,107,45.1
2026-09-23T17:25:00Z,2026-09-23T19:25:00+02:00,53,dr-robert,407,217,190,46.7
2026-09-23T17:25:00Z,2026-09-23T19:25:00+02:00,54,placa-vella,297,105,192,64.6
2026-09-23T17:25:00Z,2026-09-23T19:25:00+02:00,55,ajuntament-mercat,237,130,107,45.1
2026-09-23T17:26:00Z,2026-09-23T19:26:00+02:00,53,dr-robert,407,220,187,45.9
2026-09-23T17:26:00Z,2026-09-23T19:26:00+02:00,54,placa-vella,297,109,188,63.3
2026-09-23T17:26:00Z,2026-09-23T19:26:00+02:00,55,ajuntament-mercat,237,130,107,45.1
2026-09-23T17:27:00Z,2026-09-23T19:27:00+02:00,53,dr-robert,407,220,187,45.9
2026-09-23T17:27:00Z,2026-09-23T19:27:00+02:00,54,placa-vella,297,109,188,63.3
2026-09-23T17:27:00Z,2026-09-23T19:27:00+02:00,55,ajuntament-mercat,237,130,107,45.1
2026-09-23T17:28:00Z,2026-09-23T19:28:00+02:00,53,dr-robert,407,220,187,45.9
2026-09-23T17:28:00Z,2026-09-23T19:28:00+02:00,54,placa-vella,297,109,188,63.3
2026-09-23T17:28:00Z,2026-09-23T19:28:00+02:00,55,ajuntament-mercat,237,130,107,45.1
2026-09-23T17:29:00Z,2026-09-23T19:29:00+02:00,53,dr-robert,407,220,187,45.9
2026-09-23T17:29:00Z,2026-09-23T19:29:00+02:00,54,placa-vella,297,109,188,63.3
2026-09-23T17:29:00Z,2026-09-23T19:29:00+02:00,55,ajuntament-mercat,237,130,107,45.1
2026-09-23T17:30:00Z,2026-09-23T19:30:00+02:00,53,dr-robert,407,220,187,45.9
2026-09-23T17:30:00Z,2026-09-23T19:30:00+02:00,54,placa-vella,297,109,188,63.3
2026-09-23T17:30:00Z,2026-09-23T19:30:00+02:00,55,ajuntament-mercat,237,130,107,45.1
2026-09-23T17:31:00Z,2026-09-23T19:31:00+02:00,53,dr-robert,407,225,182,44.7
2026-09-23T17:31:00Z,2026-09-23T19:31:00+02:00,54,placa-vella,297,112,185,62.3
2026-09-23T17:31:00Z,2026-09-23T19:31:00+02:00,55,ajuntament-mercat,237,131,106,44.7
2026-09-23T17:32:00Z,2026-09-23T19:32:00+02:00,53,dr-robert,407,225,182,44.7
2026-09-23T17:32:00Z,2026-09-23T19:32:00+02:00,54,placa-vella,297,112,185,62.3
2026-09-23T17:32:00Z,2026-09-23T19:32:00+02:00,55,ajuntament-mercat,237,131,106,44.7
2026-09-23T17:33:00Z,2026-09-23T19:33:00+02:00,53,dr-robert,407,225,182,44.7
2026-09-23T17:33:00Z,2026-09-23T19:33:00+02:00,54,placa-vella,297,112,185,62.3
2026-09-23T17:33:00Z,2026-09-23T19:33:00+02:00,55,ajuntament-mercat,237,131,106,44.7
2026-09-23T17:34:00Z,2026-09-23T19:34:00+02:00,53,dr-robert,407,225,182,44.7
2026-09-23T17:34:00Z,2026-09-23T19:34:00+02:00,54,placa-vella,297,112,185,62.3
2026-09-23T17:34:00Z,2026-09-23T19:34:00+02:00,55,ajuntament-mercat,237,131,106,44.7
2026-09-23T17:35:00Z,2026-09-23T19:35:00+02:00,53,dr-robert,407,225,182,44.7
2026-09-23T17:35:00Z,2026-09-23T19:35:00+02:00,54,placa-vella,297,112,185,62.3
2026-09-23T17:35:00Z,2026-09-23T19:35:00+02:00,55,ajuntament-mercat,237,131,106,44.7
2026-09-23T17:36:00Z,2026-09-23T19:36:00+02:00,53,dr-robert,407,229,178,43.7
2026-09-23T17:36:00Z,2026-09-23T19:36:00+02:00,54,placa-vella,297,116,181,60.9
2026-09-23T17:36:00Z,2026-09-23T19:36:00+02:00,55,ajuntament-mercat,237,134,103,43.5
2026-09-23T17:37:00Z,2026-09-23T19:37:00+02:00,53,dr-robert,407,229,178,43.7
2026-09-23T17:37:00Z,2026-09-23T19:37:00+02:00,54,placa-vella,297,116,181,60.9
2026-09-23T17:37:00Z,2026-09-23T19:37:00+02:00,55,ajuntament-mercat,237,134,103,43.5
2026-09-23T17:38:00Z,2026-09-23T19:38:00+02:00,53,dr-robert,407,229,178,43.7
2026-09-23T17:38:00Z,2026-09-23T19:38:00+02:00,54,placa-vella,297,116,181,60.9
2026-09-23T17:38:00Z,2026-09-23T19:38:00+02:00,55,ajuntament-mercat,237,134,103,43.5
2026-09-23T17:39:00Z,2026-09-23T19:39:00+02:00,53,dr-robert,407,229,178,43.7
2026-09-23T17:39:00Z,2026-09-23T19:39:00+02:00,54,placa-vella,297,116,181,60.9
2026-09-23T17:39:00Z,2026-09-23T19:39:00+02:00,55,ajuntament-mercat,237,134,103,43.5
2026-09-23T17:40:00Z,2026-09-23T19:40:00+02:00,53,dr-robert,407,229,178,43.7
2026-09-23T17:40:00Z,2026-09-23T19:40:00+02:00,54,placa-vella,297,116,181,60.9
2026-09-23T17:40:00Z,2026-09-23T19:40:00+02:00,55,ajuntament-mercat,237,134,103,43.5
2026-09-23T17:41:00Z,2026-09-23T19:41:00+02:00,53,dr-robert,407,236,171,42
2026-09-23T17:41:00Z,2026-09-23T19:41:00+02:00,54,placa-vella,297,118,179,60.3
2026-09-23T17:41:00Z,2026-09-23T19:41:00+02:00,55,ajuntament-mercat,237,136,101,42.6
2026-09-23T17:42:00Z,2026-09-23T19:42:00+02:00,53,dr-robert,407,236,171,42
2026-09-23T17:42:00Z,2026-09-23T19:42:00+02:00,54,placa-vella,297,118,179,60.3
2026-09-23T17:42:00Z,2026-09-23T19:42:00+02:00,55,ajuntament-mercat,237,136,101,42.6
2026-09-23T17:43:00Z,2026-09-23T19:43:00+02:00,53,dr-robert,407,236,171,42
2026-09-23T17:43:00Z,2026-09-23T19:43:00+02:00,54,placa-vella,297,118,179,60.3
2026-09-23T17:43:00Z,2026-09-23T19:43:00+02:00,55,ajuntament-mercat,237,136,101,42.6
2026-09-23T17:44:00Z,2026-09-23T19:44:00+02:00,53,dr-robert,407,236,171,42
2026-09-23T17:44:00Z,2026-09-23T19:44:00+02:00,54,placa-vella,297,118,179,60.3
2026-09-23T17:44:00Z,2026-09-23T19:44:00+02:00,55,ajuntament-mercat,237,136,101,42.6
2026-09-23T17:45:00Z,2026-09-23T19:45:00+02:00,53,dr-robert,407,236,171,42
2026-09-23T17:45:00Z,2026-09-23T19:45:00+02:00,54,placa-vella,297,118,179,60.3
2026-09-23T17:45:00Z,2026-09-23T19:45:00+02:00,55,ajuntament-mercat,237,136,101,42.6
2026-09-23T17:46:00Z,2026-09-23T19:46:00+02:00,53,dr-robert,407,245,162,39.8
2026-09-23T17:46:00Z,2026-09-23T19:46:00+02:00,54,placa-vella,297,124,173,58.2
2026-09-23T17:46:00Z,2026-09-23T19:46:00+02:00,55,ajuntament-mercat,237,138,99,41.8
2026-09-23T17:47:00Z,2026-09-23T19:47:00+02:00,53,dr-robert,407,245,162,39.8
2026-09-23T17:47:00Z,2026-09-23T19:47:00+02:00,54,placa-vella,297,124,173,58.2
2026-09-23T17:47:00Z,2026-09-23T19:47:00+02:00,55,ajuntament-mercat,237,138,99,41.8
2026-09-23T17:48:00Z,2026-09-23T19:48:00+02:00,53,dr-robert,407,245,162,39.8
2026-09-23T17:48:00Z,2026-09-23T19:48:00+02:00,54,placa-vella,297,124,173,58.2
2026-09-23T17:48:00Z,2026-09-23T19:48:00+02:00,55,ajuntament-mercat,237,138,99,41.8
2026-09-23T17:49:00Z,2026-09-23T19:49:00+02:00,53,dr-robert,407,245,162,39.8
2026-09-23T17:49:00Z,2026-09-23T19:49:00+02:00,54,placa-vella,297,124,173,58.2
2026-09-23T17:49:00Z,2026-09-23T19:49:00+02:00,55,ajuntament-mercat,237,138,99,41.8
2026-09-23T17:50:00Z,2026-09-23T19:50:00+02:00,53,dr-robert,407,245,162,39.8
2026-09-23T17:50:00Z,2026-09-23T19:50:00+02:00,54,placa-vella,297,124,173,58.2
2026-09-23T17:50:00Z,2026-09-23T19:50:00+02:00,55,ajuntament-mercat,237,138,99,41.8
2026-09-23T17:51:00Z,2026-09-23T19:51:00+02:00,53,dr-robert,407,251,156,38.3
2026-09-23T17:51:00Z,2026-09-23T19:51:00+02:00,54,placa-vella,297,130,167,56.2
2026-09-23T17:51:00Z,2026-09-23T19:51:00+02:00,55,ajuntament-mercat,237,137,100,42.2
2026-09-23T17:52:00Z,2026-09-23T19:52:00+02:00,53,dr-robert,407,251,156,38.3
2026-09-23T17:52:00Z,2026-09-23T19:52:00+02:00,54,placa-vella,297,130,167,56.2
2026-09-23T17:52:00Z,2026-09-23T19:52:00+02:00,55,ajuntament-mercat,237,137,100,42.2
2026-09-23T17:53:00Z,2026-09-23T19:53:00+02:00,53,dr-robert,407,251,156,38.3
2026-09-23T17:53:00Z,2026-09-23T19:53:00+02:00,54,placa-vella,297,130,167,56.2
2026-09-23T17:53:00Z,2026-09-23T19:53:00+02:00,55,ajuntament-mercat,237,137,100,42.2
2026-09-23T17:54:00Z,2026-09-23T19:54:00+02:00,53,dr-robert,407,251,156,38.3
2026-09-23T17:54:00Z,2026-09-23T19:54:00+02:00,54,placa-vella,297,130,167,56.2
2026-09-23T17:54:00Z,2026-09-23T19:54:00+02:00,55,ajuntament-mercat,237,137,100,42.2
2026-09-23T17:55:00Z,2026-09-23T19:55:00+02:00,53,dr-robert,407,251,156,38.3
2026-09-23T17:55:00Z,2026-09-23T19:55:00+02:00,54,placa-vella,297,130,167,56.2
2026-09-23T17:55:00Z,2026-09-23T19:55:00+02:00,55,ajuntament-mercat,237,137,100,42.2
2026-09-23T17:56:00Z,2026-09-23T19:56:00+02:00,53,dr-robert,407,253,154,37.8
2026-09-23T17:56:00Z,2026-09-23T19:56:00+02:00,54,placa-vella,297,135,162,54.5
2026-09-23T17:56:00Z,2026-09-23T19:56:00+02:00,55,ajuntament-mercat,237,140,97,40.9
2026-09-23T17:57:00Z,2026-09-23T19:57:00+02:00,53,dr-robert,407,253,154,37.8
2026-09-23T17:57:00Z,2026-09-23T19:57:00+02:00,54,placa-vella,297,135,162,54.5
2026-09-23T17:57:00Z,2026-09-23T19:57:00+02:00,55,ajuntament-mercat,237,140,97,40.9
2026-09-23T17:58:00Z,2026-09-23T19:58:00+02:00,53,dr-robert,407,253,154,37.8
2026-09-23T17:58:00Z,2026-09-23T19:58:00+02:00,54,placa-vella,297,135,162,54.5
2026-09-23T17:58:00Z,2026-09-23T19:58:00+02:00,55,ajuntament-mercat,237,140,97,40.9
2026-09-23T17:59:00Z,2026-09-23T19:59:00+02:00,53,dr-robert,407,253,154,37.8
2026-09-23T17:59:00Z,2026-09-23T19:59:00+02:00,54,placa-vella,297,135,162,54.5
2026-09-23T17:59:00Z,2026-09-23T19:59:00+02:00,55,ajuntament-mercat,237,140,97,40.9
2026-09-23T18:00:00Z,2026-09-23T20:00:00+02:00,53,dr-robert,407,253,154,37.8
2026-09-23T18:00:00Z,2026-09-23T20:00:00+02:00,54,placa-vella,297,135,162,54.5
2026-09-23T18:00:00Z,2026-09-23T20:00:00+02:00,55,ajuntament-mercat,237,140,97,40.9
2026-09-23T18:01:00Z,2026-09-23T20:01:00+02:00,53,dr-robert,407,253,154,37.8
2026-09-23T18:01:00Z,2026-09-23T20:01:00+02:00,54,placa-vella,297,135,162,54.5
2026-09-23T18:01:00Z,2026-09-23T20:01:00+02:00,55,ajuntament-mercat,237,140,97,40.9
2026-09-23T18:02:00Z,2026-09-23T20:02:00+02:00,53,dr-robert,407,253,154,37.8
2026-09-23T18:02:00Z,2026-09-23T20:02:00+02:00,54,placa-vella,297,135,162,54.5
2026-09-23T18:02:00Z,2026-09-23T20:02:00+02:00,55,ajuntament-mercat,237,140,97,40.9
2026-09-23T18:03:00Z,2026-09-23T20:03:00+02:00,53,dr-robert,407,254,153,37.6
2026-09-23T18:03:00Z,2026-09-23T20:03:00+02:00,54,placa-vella,297,143,154,51.9
2026-09-23T18:03:00Z,2026-09-23T20:03:00+02:00,55,ajuntament-mercat,237,139,98,41.4
2026-09-23T18:04:00Z,2026-09-23T20:04:00+02:00,53,dr-robert,407,254,153,37.6
2026-09-23T18:04:00Z,2026-09-23T20:04:00+02:00,54,placa-vella,297,143,154,51.9
2026-09-23T18:04:00Z,2026-09-23T20:04:00+02:00,55,ajuntament-mercat,237,139,98,41.4
2026-09-23T18:05:00Z,2026-09-23T20:05:00+02:00,53,dr-robert,407,254,153,37.6
2026-09-23T18:05:00Z,2026-09-23T20:05:00+02:00,54,placa-vella,297,143,154,51.9
2026-09-23T18:05:00Z,2026-09-23T20:05:00+02:00,55,ajuntament-mercat,237,139,98,41.4
2026-09-23T18:06:00Z,2026-09-23T20:06:00+02:00,53,dr-robert,407,260,147,36.1
2026-09-23T18:06:00Z,2026-09-23T20:06:00+02:00,54,placa-vella,297,145,152,51.2
2026-09-23T18:06:00Z,2026-09-23T20:06:00+02:00,55,ajuntament-mercat,237,143,94,39.7
2026-09-23T18:07:00Z,2026-09-23T20:07:00+02:00,53,dr-robert,407,260,147,36.1
2026-09-23T18:07:00Z,2026-09-23T20:07:00+02:00,54,placa-vella,297,145,152,51.2
2026-09-23T18:07:00Z,2026-09-23T20:07:00+02:00,55,ajuntament-mercat,237,143,94,39.7
2026-09-23T18:08:00Z,2026-09-23T20:08:00+02:00,53,dr-robert,407,260,147,36.1
2026-09-23T18:08:00Z,2026-09-23T20:08:00+02:00,54,placa-vella,297,145,152,51.2
2026-09-23T18:08:00Z,2026-09-23T20:08:00+02:00,55,ajuntament-mercat,237,143,94,39.7
2026-09-23T18:09:00Z,2026-09-23T20:09:00+02:00,53,dr-robert,407,260,147,36.1
2026-09-23T18:09:00Z,2026-09-23T20:09:00+02:00,54,placa-vella,297,145,152,51.2
2026-09-23T18:09:00Z,2026-09-23T20:09:00+02:00,55,ajuntament-mercat,237,143,94,39.7
2026-09-23T18:10:00Z,2026-09-23T20:10:00+02:00,53,dr-robert,407,260,147,36.1
2026-09-23T18:10:00Z,2026-09-23T20:10:00+02:00,54,placa-vella,297,145,152,51.2
2026-09-23T18:10:00Z,2026-09-23T20:10:00+02:00,55,ajuntament-mercat,237,143,94,39.7
2026-09-23T18:11:00Z,2026-09-23T20:11:00+02:00,53,dr-robert,407,260,147,36.1
2026-09-23T18:11:00Z,2026-09-23T20:11:00+02:00,54,placa-vella,297,156,141,47.5
2026-09-23T18:11:00Z,2026-09-23T20:11:00+02:00,55,ajuntament-mercat,237,146,91,38.4
2026-09-23T18:12:00Z,2026-09-23T20:12:00+02:00,53,dr-robert,407,260,147,36.1
2026-09-23T18:12:00Z,2026-09-23T20:12:00+02:00,54,placa-vella,297,156,141,47.5
2026-09-23T18:12:00Z,2026-09-23T20:12:00+02:00,55,ajuntament-mercat,237,146,91,38.4
2026-09-23T18:13:00Z,2026-09-23T20:13:00+02:00,53,dr-robert,407,260,147,36.1
2026-09-23T18:13:00Z,2026-09-23T20:13:00+02:00,54,placa-vella,297,156,141,47.5
2026-09-23T18:13:00Z,2026-09-23T20:13:00+02:00,55,ajuntament-mercat,237,146,91,38.4
2026-09-23T18:14:00Z,2026-09-23T20:14:00+02:00,53,dr-robert,407,260,147,36.1
2026-09-23T18:14:00Z,2026-09-23T20:14:00+02:00,54,placa-vella,297,156,141,47.5
2026-09-23T18:14:00Z,2026-09-23T20:14:00+02:00,55,ajuntament-mercat,237,146,91,38.4
2026-09-23T18:15:00Z,2026-09-23T20:15:00+02:00,53,dr-robert,407,260,147,36.1
2026-09-23T18:15:00Z,2026-09-23T20:15:00+02:00,54,placa-vella,297,156,141,47.5
2026-09-23T18:15:00Z,2026-09-23T20:15:00+02:00,55,ajuntament-mercat,237,146,91,38.4
2026-09-23T18:16:00Z,2026-09-23T20:16:00+02:00,53,dr-robert,407,268,139,34.2
2026-09-23T18:16:00Z,2026-09-23T20:16:00+02:00,54,placa-vella,297,158,139,46.8
2026-09-23T18:16:00Z,2026-09-23T20:16:00+02:00,55,ajuntament-mercat,237,150,87,36.7
2026-09-23T18:17:00Z,2026-09-23T20:17:00+02:00,53,dr-robert,407,268,139,34.2
2026-09-23T18:17:00Z,2026-09-23T20:17:00+02:00,54,placa-vella,297,158,139,46.8
2026-09-23T18:17:00Z,2026-09-23T20:17:00+02:00,55,ajuntament-mercat,237,150,87,36.7
2026-09-23T18:18:00Z,2026-09-23T20:18:00+02:00,53,dr-robert,407,268,139,34.2
2026-09-23T18:18:00Z,2026-09-23T20:18:00+02:00,54,placa-vella,297,158,139,46.8
2026-09-23T18:18:00Z,2026-09-23T20:18:00+02:00,55,ajuntament-mercat,237,150,87,36.7
2026-09-23T18:19:00Z,2026-09-23T20:19:00+02:00,53,dr-robert,407,268,139,34.2
2026-09-23T18:19:00Z,2026-09-23T20:19:00+02:00,54,placa-vella,297,158,139,46.8
2026-09-23T18:19:00Z,2026-09-23T20:19:00+02:00,55,ajuntament-mercat,237,150,87,36.7
2026-09-23T18:20:00Z,2026-09-23T20:20:00+02:00,53,dr-robert,407,268,139,34.2
2026-09-23T18:20:00Z,2026-09-23T20:20:00+02:00,54,placa-vella,297,158,139,46.8
2026-09-23T18:20:00Z,2026-09-23T20:20:00+02:00,55,ajuntament-mercat,237,150,87,36.7
2026-09-23T18:21:00Z,2026-09-23T20:21:00+02:00,53,dr-robert,407,275,132,32.4
2026-09-23T18:21:00Z,2026-09-23T20:21:00+02:00,54,placa-vella,297,168,129,43.4
2026-09-23T18:21:00Z,2026-09-23T20:21:00+02:00,55,ajuntament-mercat,237,156,81,34.2
2026-09-23T18:22:00Z,2026-09-23T20:22:00+02:00,53,dr-robert,407,275,132,32.4
2026-09-23T18:22:00Z,2026-09-23T20:22:00+02:00,54,placa-vella,297,168,129,43.4
2026-09-23T18:22:00Z,2026-09-23T20:22:00+02:00,55,ajuntament-mercat,237,156,81,34.2
2026-09-23T18:23:00Z,2026-09-23T20:23:00+02:00,53,dr-robert,407,275,132,32.4
2026-09-23T18:23:00Z,2026-09-23T20:23:00+02:00,54,placa-vella,297,168,129,43.4
2026-09-23T18:23:00Z,2026-09-23T20:23:00+02:00,55,ajuntament-mercat,237,156,81,34.2
2026-09-23T18:24:00Z,2026-09-23T20:24:00+02:00,53,dr-robert,407,275,132,32.4
2026-09-23T18:24:00Z,2026-09-23T20:24:00+02:00,54,placa-vella,297,168,129,43.4
2026-09-23T18:24:00Z,2026-09-23T20:24:00+02:00,55,ajuntament-mercat,237,156,81,34.2
2026-09-23T18:25:00Z,2026-09-23T20:25:00+02:00,53,dr-robert,407,275,132,32.4
2026-09-23T18:25:00Z,2026-09-23T20:25:00+02:00,54,placa-vella,297,168,129,43.4
2026-09-23T18:25:00Z,2026-09-23T20:25:00+02:00,55,ajuntament-mercat,237,156,81,34.2
2026-09-23T18:26:00Z,2026-09-23T20:26:00+02:00,53,dr-robert,407,277,130,31.9
2026-09-23T18:26:00Z,2026-09-23T20:26:00+02:00,54,placa-vella,297,171,126,42.4
2026-09-23T18:26:00Z,2026-09-23T20:26:00+02:00,55,ajuntament-mercat,237,157,80,33.8
2026-09-23T18:27:00Z,2026-09-23T20:27:00+02:00,53,dr-robert,407,277,130,31.9
2026-09-23T18:27:00Z,2026-09-23T20:27:00+02:00,54,placa-vella,297,171,126,42.4
2026-09-23T18:27:00Z,2026-09-23T20:27:00+02:00,55,ajuntament-mercat,237,157,80,33.8
2026-09-23T18:28:00Z,2026-09-23T20:28:00+02:00,53,dr-robert,407,277,130,31.9
2026-09-23T18:28:00Z,2026-09-23T20:28:00+02:00,54,placa-vella,297,171,126,42.4
2026-09-23T18:28:00Z,2026-09-23T20:28:00+02:00,55,ajuntament-mercat,237,157,80,33.8
2026-09-23T18:29:00Z,2026-09-23T20:29:00+02:00,53,dr-robert,407,277,130,31.9
2026-09-23T18:29:00Z,2026-09-23T20:29:00+02:00,54,placa-vella,297,171,126,42.4
2026-09-23T18:29:00Z,2026-09-23T20:29:00+02:00,55,ajuntament-mercat,237,157,80,33.8
2026-09-23T18:30:00Z,2026-09-23T20:30:00+02:00,53,dr-robert,407,277,130,31.9
2026-09-23T18:30:00Z,2026-09-23T20:30:00+02:00,54,placa-vella,297,171,126,42.4
2026-09-23T18:30:00Z,2026-09-23T20:30:00+02:00,55,ajuntament-mercat,237,157,80,33.8
2026-09-23T18:31:00Z,2026-09-23T20:31:00+02:00,53,dr-robert,407,283,124,30.5
2026-09-23T18:31:00Z,2026-09-23T20:31:00+02:00,54,placa-vella,297,175,122,41.1
2026-09-23T18:31:00Z,2026-09-23T20:31:00+02:00,55,ajuntament-mercat,237,159,78,32.9
2026-09-23T18:32:00Z,2026-09-23T20:32:00+02:00,53,dr-robert,407,283,124,30.5
2026-09-23T18:32:00Z,2026-09-23T20:32:00+02:00,54,placa-vella,297,175,122,41.1
2026-09-23T18:32:00Z,2026-09-23T20:32:00+02:00,55,ajuntament-mercat,237,159,78,32.9
2026-09-23T18:33:00Z,2026-09-23T20:33:00+02:00,53,dr-robert,407,283,124,30.5
2026-09-23T18:33:00Z,2026-09-23T20:33:00+02:00,54,placa-vella,297,175,122,41.1
2026-09-23T18:33:00Z,2026-09-23T20:33:00+02:00,55,ajuntament-mercat,237,159,78,32.9
2026-09-23T18:34:00Z,2026-09-23T20:34:00+02:00,53,dr-robert,407,283,124,30.5
2026-09-23T18:34:00Z,2026-09-23T20:34:00+02:00,54,placa-vella,297,175,122,41.1
2026-09-23T18:34:00Z,2026-09-23T20:34:00+02:00,55,ajuntament-mercat,237,159,78,32.9
2026-09-23T18:35:00Z,2026-09-23T20:35:00+02:00,53,dr-robert,407,283,124,30.5
2026-09-23T18:35:00Z,2026-09-23T20:35:00+02:00,54,placa-vella,297,175,122,41.1
2026-09-23T18:35:00Z,2026-09-23T20:35:00+02:00,55,ajuntament-mercat,237,159,78,32.9
2026-09-23T18:36:00Z,2026-09-23T20:36:00+02:00,53,dr-robert,407,282,125,30.7
2026-09-23T18:36:00Z,2026-09-23T20:36:00+02:00,54,placa-vella,297,181,116,39.1
2026-09-23T18:36:00Z,2026-09-23T20:36:00+02:00,55,ajuntament-mercat,237,160,77,32.5
2026-09-23T18:37:00Z,2026-09-23T20:37:00+02:00,53,dr-robert,407,282,125,30.7
2026-09-23T18:37:00Z,2026-09-23T20:37:00+02:00,54,placa-vella,297,181,116,39.1
2026-09-23T18:37:00Z,2026-09-23T20:37:00+02:00,55,ajuntament-mercat,237,160,77,32.5
2026-09-23T18:38:00Z,2026-09-23T20:38:00+02:00,53,dr-robert,407,282,125,30.7
2026-09-23T18:38:00Z,2026-09-23T20:38:00+02:00,54,placa-vella,297,181,116,39.1
2026-09-23T18:38:00Z,2026-09-23T20:38:00+02:00,55,ajuntament-mercat,237,160,77,32.5
2026-09-23T18:39:00Z,2026-09-23T20:39:00+02:00,53,dr-robert,407,282,125,30.7
2026-09-23T18:39:00Z,2026-09-23T20:39:00+02:00,54,placa-vella,297,181,116,39.1
2026-09-23T18:39:00Z,2026-09-23T20:39:00+02:00,55,ajuntament-mercat,237,160,77,32.5
2026-09-23T18:40:00Z,2026-09-23T20:40:00+02:00,53,dr-robert,407,282,125,30.7
2026-09-23T18:40:00Z,2026-09-23T20:40:00+02:00,54,placa-vella,297,181,116,39.1
2026-09-23T18:40:00Z,2026-09-23T20:40:00+02:00,55,ajuntament-mercat,237,160,77,32.5
2026-09-23T18:41:00Z,2026-09-23T20:41:00+02:00,53,dr-robert,407,283,124,30.5
2026-09-23T18:41:00Z,2026-09-23T20:41:00+02:00,54,placa-vella,297,189,108,36.4
2026-09-23T18:41:00Z,2026-09-23T20:41:00+02:00,55,ajuntament-mercat,237,159,78,32.9
2026-09-23T18:42:00Z,2026-09-23T20:42:00+02:00,53,dr-robert,407,283,124,30.5
2026-09-23T18:42:00Z,2026-09-23T20:42:00+02:00,54,placa-vella,297,189,108,36.4
2026-09-23T18:42:00Z,2026-09-23T20:42:00+02:00,55,ajuntament-mercat,237,159,78,32.9
2026-09-23T18:43:00Z,2026-09-23T20:43:00+02:00,53,dr-robert,407,283,124,30.5
2026-09-23T18:43:00Z,2026-09-23T20:43:00+02:00,54,placa-vella,297,189,108,36.4
2026-09-23T18:43:00Z,2026-09-23T20:43:00+02:00,55,ajuntament-mercat,237,159,78,32.9
2026-09-23T18:44:00Z,2026-09-23T20:44:00+02:00,53,dr-robert,407,283,124,30.5
2026-09-23T18:44:00Z,2026-09-23T20:44:00+02:00,54,placa-vella,297,189,108,36.4
2026-09-23T18:44:00Z,2026-09-23T20:44:00+02:00,55,ajuntament-mercat,237,159,78,32.9
2026-09-23T18:45:00Z,2026-09-23T20:45:00+02:00,53,dr-robert,407,283,124,30.5
2026-09-23T18:45:00Z,2026-09-23T20:45:00+02:00,54,placa-vella,297,189,108,36.4
2026-09-23T18:45:00Z,2026-09-23T20:45:00+02:00,55,ajuntament-mercat,237,159,78,32.9
2026-09-23T18:46:00Z,2026-09-23T20:46:00+02:00,53,dr-robert,407,285,122,30
2026-09-23T18:46:00Z,2026-09-23T20:46:00+02:00,54,placa-vella,297,195,102,34.3
2026-09-23T18:46:00Z,2026-09-23T20:46:00+02:00,55,ajuntament-mercat,237,163,74,31.2
2026-09-23T18:47:00Z,2026-09-23T20:47:00+02:00,53,dr-robert,407,285,122,30
2026-09-23T18:47:00Z,2026-09-23T20:47:00+02:00,54,placa-vella,297,195,102,34.3
2026-09-23T18:47:00Z,2026-09-23T20:47:00+02:00,55,ajuntament-mercat,237,163,74,31.2
2026-09-23T18:48:00Z,2026-09-23T20:48:00+02:00,53,dr-robert,407,285,122,30
2026-09-23T18:48:00Z,2026-09-23T20:48:00+02:00,54,placa-vella,297,195,102,34.3
2026-09-23T18:48:00Z,2026-09-23T20:48:00+02:00,55,ajuntament-mercat,237,163,74,31.2
2026-09-23T18:49:00Z,2026-09-23T20:49:00+02:00,53,dr-robert,407,285,122,30
2026-09-23T18:49:00Z,2026-09-23T20:49:00+02:00,54,placa-vella,297,195,102,34.3
2026-09-23T18:49:00Z,2026-09-23T20:49:00+02:00,55,ajuntament-mercat,237,163,74,31.2
2026-09-23T18:50:00Z,2026-09-23T20:50:00+02:00,53,dr-robert,407,285,122,30
2026-09-23T18:50:00Z,2026-09-23T20:50:00+02:00,54,placa-vella,297,195,102,34.3
2026-09-23T18:50:00Z,2026-09-23T20:50:00+02:00,55,ajuntament-mercat,237,163,74,31.2
2026-09-23T18:51:00Z,2026-09-23T20:51:00+02:00,53,dr-robert,407,287,120,29.5
2026-09-23T18:51:00Z,2026-09-23T20:51:00+02:00,54,placa-vella,297,194,103,34.7
2026-09-23T18:51:00Z,2026-09-23T20:51:00+02:00,55,ajuntament-mercat,237,167,70,29.5
2026-09-23T18:52:00Z,2026-09-23T20:52:00+02:00,53,dr-robert,407,287,120,29.5
2026-09-23T18:52:00Z,2026-09-23T20:52:00+02:00,54,placa-vella,297,194,103,34.7
2026-09-23T18:52:00Z,2026-09-23T20:52:00+02:00,55,ajuntament-mercat,237,167,70,29.5
2026-09-23T18:53:00Z,2026-09-23T20:53:00+02:00,53,dr-robert,407,287,120,29.5
2026-09-23T18:53:00Z,2026-09-23T20:53:00+02:00,54,placa-vella,297,194,103,34.7
2026-09-23T18:53:00Z,2026-09-23T20:53:00+02:00,55,ajuntament-mercat,237,167,70,29.5
2026-09-23T18:54:00Z,2026-09-23T20:54:00+02:00,53,dr-robert,407,287,120,29.5
2026-09-23T18:54:00Z,2026-09-23T20:54:00+02:00,54,placa-vella,297,194,103,34.7
2026-09-23T18:54:00Z,2026-09-23T20:54:00+02:00,55,ajuntament-mercat,237,167,70,29.5
2026-09-23T18:55:00Z,2026-09-23T20:55:00+02:00,53,dr-robert,407,287,120,29.5
2026-09-23T18:55:00Z,2026-09-23T20:55:00+02:00,54,placa-vella,297,194,103,34.7
2026-09-23T18:55:00Z,2026-09-23T20:55:00+02:00,55,ajuntament-mercat,237,167,70,29.5
2026-09-23T18:56:00Z,2026-09-23T20:56:00+02:00,53,dr-robert,407,291,116,28.5
2026-09-23T18:56:00Z,2026-09-23T20:56:00+02:00,54,placa-vella,297,195,102,34.3
2026-09-23T18:56:00Z,2026-09-23T20:56:00+02:00,55,ajuntament-mercat,237,168,69,29.1
2026-09-23T18:57:00Z,2026-09-23T20:57:00+02:00,53,dr-robert,407,291,116,28.5
2026-09-23T18:57:00Z,2026-09-23T20:57:00+02:00,54,placa-vella,297,195,102,34.3
2026-09-23T18:57:00Z,2026-09-23T20:57:00+02:00,55,ajuntament-mercat,237,168,69,29.1
2026-09-23T18:58:00Z,2026-09-23T20:58:00+02:00,53,dr-robert,407,291,116,28.5
2026-09-23T18:58:00Z,2026-09-23T20:58:00+02:00,54,placa-vella,297,195,102,34.3
2026-09-23T18:58:00Z,2026-09-23T20:58:00+02:00,55,ajuntament-mercat,237,168,69,29.1
2026-09-23T18:59:00Z,2026-09-23T20:59:00+02:00,53,dr-robert,407,291,116,28.5
2026-09-23T18:59:00Z,2026-09-23T20:59:00+02:00,54,placa-vella,297,195,102,34.3
2026-09-23T18:59:00Z,2026-09-23T20:59:00+02:00,55,ajuntament-mercat,237,168,69,29.1
2026-09-23T19:00:00Z,2026-09-23T21:00:00+02:00,53,dr-robert,407,291,116,28.5
2026-09-23T19:00:00Z,2026-09-23T21:00:00+02:00,54,placa-vella,297,195,102,34.3
2026-09-23T19:00:00Z,2026-09-23T21:00:00+02:00,55,ajuntament-mercat,237,168,69,29.1
2026-09-23T19:01:00Z,2026-09-23T21:01:00+02:00,53,dr-robert,407,291,116,28.5
2026-09-23T19:01:00Z,2026-09-23T21:01:00+02:00,54,placa-vella,297,195,102,34.3
2026-09-23T19:01:00Z,2026-09-23T21:01:00+02:00,55,ajuntament-mercat,237,168,69,29.1
2026-09-23T19:02:00Z,2026-09-23T21:02:00+02:00,53,dr-robert,407,296,111,27.3
2026-09-23T19:02:00Z,2026-09-23T21:02:00+02:00,54,placa-vella,297,198,99,33.3
2026-09-23T19:02:00Z,2026-09-23T21:02:00+02:00,55,ajuntament-mercat,237,170,67,28.3
2026-09-23T19:03:00Z,2026-09-23T21:03:00+02:00,53,dr-robert,407,296,111,27.3
2026-09-23T19:03:00Z,2026-09-23T21:03:00+02:00,54,placa-vella,297,198,99,33.3
2026-09-23T19:03:00Z,2026-09-23T21:03:00+02:00,55,ajuntament-mercat,237,170,67,28.3
2026-09-23T19:04:00Z,2026-09-23T21:04:00+02:00,53,dr-robert,407,296,111,27.3
2026-09-23T19:04:00Z,2026-09-23T21:04:00+02:00,54,placa-vella,297,198,99,33.3
2026-09-23T19:04:00Z,2026-09-23T21:04:00+02:00,55,ajuntament-mercat,237,170,67,28.3
2026-09-23T19:05:00Z,2026-09-23T21:05:00+02:00,53,dr-robert,407,296,111,27.3
2026-09-23T19:05:00Z,2026-09-23T21:05:00+02:00,54,placa-vella,297,198,99,33.3
2026-09-23T19:05:00Z,2026-09-23T21:05:00+02:00,55,ajuntament-mercat,237,170,67,28.3
2026-09-23T19:06:00Z,2026-09-23T21:06:00+02:00,53,dr-robert,407,298,109,26.8
2026-09-23T19:06:00Z,2026-09-23T21:06:00+02:00,54,placa-vella,297,196,101,34
2026-09-23T19:06:00Z,2026-09-23T21:06:00+02:00,55,ajuntament-mercat,237,169,68,28.7
2026-09-23T19:07:00Z,2026-09-23T21:07:00+02:00,53,dr-robert,407,298,109,26.8
2026-09-23T19:07:00Z,2026-09-23T21:07:00+02:00,54,placa-vella,297,196,101,34
2026-09-23T19:07:00Z,2026-09-23T21:07:00+02:00,55,ajuntament-mercat,237,169,68,28.7
2026-09-23T19:08:00Z,2026-09-23T21:08:00+02:00,53,dr-robert,407,298,109,26.8
2026-09-23T19:08:00Z,2026-09-23T21:08:00+02:00,54,placa-vella,297,196,101,34
2026-09-23T19:08:00Z,2026-09-23T21:08:00+02:00,55,ajuntament-mercat,237,169,68,28.7
2026-09-23T19:09:00Z,2026-09-23T21:09:00+02:00,53,dr-robert,407,298,109,26.8
2026-09-23T19:09:00Z,2026-09-23T21:09:00+02:00,54,placa-vella,297,196,101,34
2026-09-23T19:09:00Z,2026-09-23T21:09:00+02:00,55,ajuntament-mercat,237,169,68,28.7
2026-09-23T19:10:00Z,2026-09-23T21:10:00+02:00,53,dr-robert,407,298,109,26.8
2026-09-23T19:10:00Z,2026-09-23T21:10:00+02:00,54,placa-vella,297,196,101,34
2026-09-23T19:10:00Z,2026-09-23T21:10:00+02:00,55,ajuntament-mercat,237,169,68,28.7
2026-09-23T19:11:00Z,2026-09-23T21:11:00+02:00,53,dr-robert,407,299,108,26.5
2026-09-23T19:11:00Z,2026-09-23T21:11:00+02:00,54,placa-vella,297,195,102,34.3
2026-09-23T19:11:00Z,2026-09-23T21:11:00+02:00,55,ajuntament-mercat,237,172,65,27.4
2026-09-23T19:12:00Z,2026-09-23T21:12:00+02:00,53,dr-robert,407,299,108,26.5
2026-09-23T19:12:00Z,2026-09-23T21:12:00+02:00,54,placa-vella,297,195,102,34.3
2026-09-23T19:12:00Z,2026-09-23T21:12:00+02:00,55,ajuntament-mercat,237,172,65,27.4
2026-09-23T19:13:00Z,2026-09-23T21:13:00+02:00,53,dr-robert,407,299,108,26.5
2026-09-23T19:13:00Z,2026-09-23T21:13:00+02:00,54,placa-vella,297,195,102,34.3
2026-09-23T19:13:00Z,2026-09-23T21:13:00+02:00,55,ajuntament-mercat,237,172,65,27.4
2026-09-23T19:14:00Z,2026-09-23T21:14:00+02:00,53,dr-robert,407,299,108,26.5
2026-09-23T19:14:00Z,2026-09-23T21:14:00+02:00,54,placa-vella,297,195,102,34.3
2026-09-23T19:14:00Z,2026-09-23T21:14:00+02:00,55,ajuntament-mercat,237,172,65,27.4
2026-09-23T19:15:00Z,2026-09-23T21:15:00+02:00,53,dr-robert,407,299,108,26.5
2026-09-23T19:15:00Z,2026-09-23T21:15:00+02:00,54,placa-vella,297,195,102,34.3
2026-09-23T19:15:00Z,2026-09-23T21:15:00+02:00,55,ajuntament-mercat,237,172,65,27.4
2026-09-23T19:16:00Z,2026-09-23T21:16:00+02:00,53,dr-robert,407,299,108,26.5
2026-09-23T19:16:00Z,2026-09-23T21:16:00+02:00,54,placa-vella,297,197,100,33.7
2026-09-23T19:16:00Z,2026-09-23T21:16:00+02:00,55,ajuntament-mercat,237,173,64,27
2026-09-23T19:17:00Z,2026-09-23T21:17:00+02:00,53,dr-robert,407,299,108,26.5
2026-09-23T19:17:00Z,2026-09-23T21:17:00+02:00,54,placa-vella,297,197,100,33.7
2026-09-23T19:17:00Z,2026-09-23T21:17:00+02:00,55,ajuntament-mercat,237,173,64,27
2026-09-23T19:18:00Z,2026-09-23T21:18:00+02:00,53,dr-robert,407,299,108,26.5
2026-09-23T19:18:00Z,2026-09-23T21:18:00+02:00,54,placa-vella,297,197,100,33.7
2026-09-23T19:18:00Z,2026-09-23T21:18:00+02:00,55,ajuntament-mercat,237,173,64,27
2026-09-23T19:19:00Z,2026-09-23T21:19:00+02:00,53,dr-robert,407,299,108,26.5
2026-09-23T19:19:00Z,2026-09-23T21:19:00+02:00,54,placa-vella,297,197,100,33.7
2026-09-23T19:19:00Z,2026-09-23T21:19:00+02:00,55,ajuntament-mercat,237,173,64,27
2026-09-23T19:20:00Z,2026-09-23T21:20:00+02:00,53,dr-robert,407,299,108,26.5
2026-09-23T19:20:00Z,2026-09-23T21:20:00+02:00,54,placa-vella,297,197,100,33.7
2026-09-23T19:20:00Z,2026-09-23T21:20:00+02:00,55,ajuntament-mercat,237,173,64,27
2026-09-23T19:21:00Z,2026-09-23T21:21:00+02:00,53,dr-robert,407,303,104,25.6
2026-09-23T19:21:00Z,2026-09-23T21:21:00+02:00,54,placa-vella,297,197,100,33.7
2026-09-23T19:21:00Z,2026-09-23T21:21:00+02:00,55,ajuntament-mercat,237,172,65,27.4
2026-09-23T19:22:00Z,2026-09-23T21:22:00+02:00,53,dr-robert,407,303,104,25.6
2026-09-23T19:22:00Z,2026-09-23T21:22:00+02:00,54,placa-vella,297,197,100,33.7
2026-09-23T19:22:00Z,2026-09-23T21:22:00+02:00,55,ajuntament-mercat,237,172,65,27.4
2026-09-23T19:23:00Z,2026-09-23T21:23:00+02:00,53,dr-robert,407,303,104,25.6
2026-09-23T19:23:00Z,2026-09-23T21:23:00+02:00,54,placa-vella,297,197,100,33.7
2026-09-23T19:23:00Z,2026-09-23T21:23:00+02:00,55,ajuntament-mercat,237,172,65,27.4
2026-09-23T19:24:00Z,2026-09-23T21:24:00+02:00,53,dr-robert,407,303,104,25.6
2026-09-23T19:24:00Z,2026-09-23T21:24:00+02:00,54,placa-vella,297,197,100,33.7
2026-09-23T19:24:00Z,2026-09-23T21:24:00+02:00,55,ajuntament-mercat,237,172,65,27.4
2026-09-23T19:25:00Z,2026-09-23T21:25:00+02:00,53,dr-robert,407,303,104,25.6
2026-09-23T19:25:00Z,2026-09-23T21:25:00+02:00,54,placa-vella,297,197,100,33.7
2026-09-23T19:25:00Z,2026-09-23T21:25:00+02:00,55,ajuntament-mercat,237,172,65,27.4
2026-09-23T19:26:00Z,2026-09-23T21:26:00+02:00,53,dr-robert,407,306,101,24.8
2026-09-23T19:26:00Z,2026-09-23T21:26:00+02:00,54,placa-vella,297,197,100,33.7
2026-09-23T19:26:00Z,2026-09-23T21:26:00+02:00,55,ajuntament-mercat,237,176,61,25.7
2026-09-23T19:27:00Z,2026-09-23T21:27:00+02:00,53,dr-robert,407,306,101,24.8
2026-09-23T19:27:00Z,2026-09-23T21:27:00+02:00,54,placa-vella,297,197,100,33.7
2026-09-23T19:27:00Z,2026-09-23T21:27:00+02:00,55,ajuntament-mercat,237,176,61,25.7
2026-09-23T19:28:00Z,2026-09-23T21:28:00+02:00,53,dr-robert,407,306,101,24.8
2026-09-23T19:28:00Z,2026-09-23T21:28:00+02:00,54,placa-vella,297,197,100,33.7
2026-09-23T19:28:00Z,2026-09-23T21:28:00+02:00,55,ajuntament-mercat,237,176,61,25.7
2026-09-23T19:29:00Z,2026-09-23T21:29:00+02:00,53,dr-robert,407,306,101,24.8
2026-09-23T19:29:00Z,2026-09-23T21:29:00+02:00,54,placa-vella,297,197,100,33.7
2026-09-23T19:29:00Z,2026-09-23T21:29:00+02:00,55,ajuntament-mercat,237,176,61,25.7
2026-09-23T19:30:00Z,2026-09-23T21:30:00+02:00,53,dr-robert,407,306,101,24.8
2026-09-23T19:30:00Z,2026-09-23T21:30:00+02:00,54,placa-vella,297,197,100,33.7
2026-09-23T19:30:00Z,2026-09-23T21:30:00+02:00,55,ajuntament-mercat,237,176,61,25.7
2026-09-23T19:31:00Z,2026-09-23T21:31:00+02:00,53,dr-robert,407,308,99,24.3
2026-09-23T19:31:00Z,2026-09-23T21:31:00+02:00,54,placa-vella,297,195,102,34.3
2026-09-23T19:31:00Z,2026-09-23T21:31:00+02:00,55,ajuntament-mercat,237,176,61,25.7
2026-09-23T19:32:00Z,2026-09-23T21:32:00+02:00,53,dr-robert,407,308,99,24.3
2026-09-23T19:32:00Z,2026-09-23T21:32:00+02:00,54,placa-vella,297,195,102,34.3
2026-09-23T19:32:00Z,2026-09-23T21:32:00+02:00,55,ajuntament-mercat,237,176,61,25.7
2026-09-23T19:33:00Z,2026-09-23T21:33:00+02:00,53,dr-robert,407,308,99,24.3
2026-09-23T19:33:00Z,2026-09-23T21:33:00+02:00,54,placa-vella,297,195,102,34.3
2026-09-23T19:33:00Z,2026-09-23T21:33:00+02:00,55,ajuntament-mercat,237,176,61,25.7
2026-09-23T19:34:00Z,2026-09-23T21:34:00+02:00,53,dr-robert,407,308,99,24.3
2026-09-23T19:34:00Z,2026-09-23T21:34:00+02:00,54,placa-vella,297,195,102,34.3
2026-09-23T19:34:00Z,2026-09-23T21:34:00+02:00,55,ajuntament-mercat,237,176,61,25.7
2026-09-23T19:35:00Z,2026-09-23T21:35:00+02:00,53,dr-robert,407,308,99,24.3
2026-09-23T19:35:00Z,2026-09-23T21:35:00+02:00,54,placa-vella,297,195,102,34.3
2026-09-23T19:35:00Z,2026-09-23T21:35:00+02:00,55,ajuntament-mercat,237,176,61,25.7
2026-09-23T19:36:00Z,2026-09-23T21:36:00+02:00,53,dr-robert,407,309,98,24.1
2026-09-23T19:36:00Z,2026-09-23T21:36:00+02:00,54,placa-vella,297,193,104,35
2026-09-23T19:36:00Z,2026-09-23T21:36:00+02:00,55,ajuntament-mercat,237,177,60,25.3
2026-09-23T19:37:00Z,2026-09-23T21:37:00+02:00,53,dr-robert,407,309,98,24.1
2026-09-23T19:37:00Z,2026-09-23T21:37:00+02:00,54,placa-vella,297,193,104,35
2026-09-23T19:37:00Z,2026-09-23T21:37:00+02:00,55,ajuntament-mercat,237,177,60,25.3
2026-09-23T19:38:00Z,2026-09-23T21:38:00+02:00,53,dr-robert,407,309,98,24.1
2026-09-23T19:38:00Z,2026-09-23T21:38:00+02:00,54,placa-vella,297,193,104,35
2026-09-23T19:38:00Z,2026-09-23T21:38:00+02:00,55,ajuntament-mercat,237,177,60,25.3
2026-09-23T19:39:00Z,2026-09-23T21:39:00+02:00,53,dr-robert,407,309,98,24.1
2026-09-23T19:39:00Z,2026-09-23T21:39:00+02:00,54,placa-vella,297,193,104,35
2026-09-23T19:39:00Z,2026-09-23T21:39:00+02:00,55,ajuntament-mercat,237,177,60,25.3
2026-09-23T19:40:00Z,2026-09-23T21:40:00+02:00,53,dr-robert,407,309,98,24.1
2026-09-23T19:40:00Z,2026-09-23T21:40:00+02:00,54,placa-vella,297,193,104,35
2026-09-23T19:40:00Z,2026-09-23T21:40:00+02:00,55,ajuntament-mercat,237,177,60,25.3
2026-09-23T19:41:00Z,2026-09-23T21:41:00+02:00,53,dr-robert,407,311,96,23.6
2026-09-23T19:41:00Z,2026-09-23T21:41:00+02:00,54,placa-vella,297,193,104,35
2026-09-23T19:41:00Z,2026-09-23T21:41:00+02:00,55,ajuntament-mercat,237,180,57,24.1
2026-09-23T19:42:00Z,2026-09-23T21:42:00+02:00,53,dr-robert,407,311,96,23.6
2026-09-23T19:42:00Z,2026-09-23T21:42:00+02:00,54,placa-vella,297,193,104,35
2026-09-23T19:42:00Z,2026-09-23T21:42:00+02:00,55,ajuntament-mercat,237,180,57,24.1
2026-09-23T19:43:00Z,2026-09-23T21:43:00+02:00,53,dr-robert,407,311,96,23.6
2026-09-23T19:43:00Z,2026-09-23T21:43:00+02:00,54,placa-vella,297,193,104,35
2026-09-23T19:43:00Z,2026-09-23T21:43:00+02:00,55,ajuntament-mercat,237,180,57,24.1
2026-09-23T19:44:00Z,2026-09-23T21:44:00+02:00,53,dr-robert,407,311,96,23.6
2026-09-23T19:44:00Z,2026-09-23T21:44:00+02:00,54,placa-vella,297,193,104,35
2026-09-23T19:44:00Z,2026-09-23T21:44:00+02:00,55,ajuntament-mercat,237,180,57,24.1
2026-09-23T19:45:00Z,2026-09-23T21:45:00+02:00,53,dr-robert,407,311,96,23.6
2026-09-23T19:45:00Z,2026-09-23T21:45:00+02:00,54,placa-vella,297,193,104,35
2026-09-23T19:45:00Z,2026-09-23T21:45:00+02:00,55,ajuntament-mercat,237,180,57,24.1
2026-09-23T19:46:00Z,2026-09-23T21:46:00+02:00,53,dr-robert,407,312,95,23.3
2026-09-23T19:46:00Z,2026-09-23T21:46:00+02:00,54,placa-vella,297,193,104,35
2026-09-23T19:46:00Z,2026-09-23T21:46:00+02:00,55,ajuntament-mercat,237,180,57,24.1
2026-09-23T19:47:00Z,2026-09-23T21:47:00+02:00,53,dr-robert,407,312,95,23.3
2026-09-23T19:47:00Z,2026-09-23T21:47:00+02:00,54,placa-vella,297,193,104,35
2026-09-23T19:47:00Z,2026-09-23T21:47:00+02:00,55,ajuntament-mercat,237,180,57,24.1
2026-09-23T19:48:00Z,2026-09-23T21:48:00+02:00,53,dr-robert,407,312,95,23.3
2026-09-23T19:48:00Z,2026-09-23T21:48:00+02:00,54,placa-vella,297,193,104,35
2026-09-23T19:48:00Z,2026-09-23T21:48:00+02:00,55,ajuntament-mercat,237,180,57,24.1
2026-09-23T19:49:00Z,2026-09-23T21:49:00+02:00,53,dr-robert,407,312,95,23.3
2026-09-23T19:49:00Z,2026-09-23T21:49:00+02:00,54,placa-vella,297,193,104,35
2026-09-23T19:49:00Z,2026-09-23T21:49:00+02:00,55,ajuntament-mercat,237,180,57,24.1
2026-09-23T19:50:00Z,2026-09-23T21:50:00+02:00,53,dr-robert,407,312,95,23.3
2026-09-23T19:50:00Z,2026-09-23T21:50:00+02:00,54,placa-vella,297,193,104,35
2026-09-23T19:50:00Z,2026-09-23T21:50:00+02:00,55,ajuntament-mercat,237,180,57,24.1
2026-09-23T19:51:00Z,2026-09-23T21:51:00+02:00,53,dr-robert,407,312,95,23.3
2026-09-23T19:51:00Z,2026-09-23T21:51:00+02:00,54,placa-vella,297,193,104,35
2026-09-23T19:51:00Z,2026-09-23T21:51:00+02:00,55,ajuntament-mercat,237,181,56,23.6
2026-09-23T19:52:00Z,2026-09-23T21:52:00+02:00,53,dr-robert,407,312,95,23.3
2026-09-23T19:52:00Z,2026-09-23T21:52:00+02:00,54,placa-vella,297,193,104,35
2026-09-23T19:52:00Z,2026-09-23T21:52:00+02:00,55,ajuntament-mercat,237,181,56,23.6
2026-09-23T19:53:00Z,2026-09-23T21:53:00+02:00,53,dr-robert,407,312,95,23.3
2026-09-23T19:53:00Z,2026-09-23T21:53:00+02:00,54,placa-vella,297,193,104,35
2026-09-23T19:53:00Z,2026-09-23T21:53:00+02:00,55,ajuntament-mercat,237,181,56,23.6
2026-09-23T19:54:00Z,2026-09-23T21:54:00+02:00,53,dr-robert,407,312,95,23.3
2026-09-23T19:54:00Z,2026-09-23T21:54:00+02:00,54,placa-vella,297,193,104,35
2026-09-23T19:54:00Z,2026-09-23T21:54:00+02:00,55,ajuntament-mercat,237,181,56,23.6
2026-09-23T19:55:00Z,2026-09-23T21:55:00+02:00,53,dr-robert,407,312,95,23.3
2026-09-23T19:55:00Z,2026-09-23T21:55:00+02:00,54,placa-vella,297,193,104,35
2026-09-23T19:55:00Z,2026-09-23T21:55:00+02:00,55,ajuntament-mercat,237,181,56,23.6
2026-09-23T19:56:00Z,2026-09-23T21:56:00+02:00,53,dr-robert,407,316,91,22.4
2026-09-23T19:56:00Z,2026-09-23T21:56:00+02:00,54,placa-vella,297,192,105,35.4
2026-09-23T19:56:00Z,2026-09-23T21:56:00+02:00,55,ajuntament-mercat,237,183,54,22.8
2026-09-23T19:57:00Z,2026-09-23T21:57:00+02:00,53,dr-robert,407,316,91,22.4
2026-09-23T19:57:00Z,2026-09-23T21:57:00+02:00,54,placa-vella,297,192,105,35.4
2026-09-23T19:57:00Z,2026-09-23T21:57:00+02:00,55,ajuntament-mercat,237,183,54,22.8
2026-09-23T19:58:00Z,2026-09-23T21:58:00+02:00,53,dr-robert,407,316,91,22.4
2026-09-23T19:58:00Z,2026-09-23T21:58:00+02:00,54,placa-vella,297,192,105,35.4
2026-09-23T19:58:00Z,2026-09-23T21:58:00+02:00,55,ajuntament-mercat,237,183,54,22.8
2026-09-23T19:59:00Z,2026-09-23T21:59:00+02:00,53,dr-robert,407,316,91,22.4
2026-09-23T19:59:00Z,2026-09-23T21:59:00+02:00,54,placa-vella,297,192,105,35.4
2026-09-23T19:59:00Z,2026-09-23T21:59:00+02:00,55,ajuntament-mercat,237,183,54,22.8
2026-09-23T20:00:00Z,2026-09-23T22:00:00+02:00,53,dr-robert,407,316,91,22.4
2026-09-23T20:00:00Z,2026-09-23T22:00:00+02:00,54,placa-vella,297,192,105,35.4
2026-09-23T20:00:00Z,2026-09-23T22:00:00+02:00,55,ajuntament-mercat,237,183,54,22.8
2026-09-23T20:01:00Z,2026-09-23T22:01:00+02:00,53,dr-robert,407,316,91,22.4
2026-09-23T20:01:00Z,2026-09-23T22:01:00+02:00,54,placa-vella,297,192,105,35.4
2026-09-23T20:01:00Z,2026-09-23T22:01:00+02:00,55,ajuntament-mercat,237,183,54,22.8
2026-09-23T20:02:00Z,2026-09-23T22:02:00+02:00,53,dr-robert,407,320,87,21.4
2026-09-23T20:02:00Z,2026-09-23T22:02:00+02:00,54,placa-vella,297,193,104,35
2026-09-23T20:02:00Z,2026-09-23T22:02:00+02:00,55,ajuntament-mercat,237,184,53,22.4
2026-09-23T20:03:00Z,2026-09-23T22:03:00+02:00,53,dr-robert,407,320,87,21.4
2026-09-23T20:03:00Z,2026-09-23T22:03:00+02:00,54,placa-vella,297,193,104,35
2026-09-23T20:03:00Z,2026-09-23T22:03:00+02:00,55,ajuntament-mercat,237,184,53,22.4
2026-09-23T20:04:00Z,2026-09-23T22:04:00+02:00,53,dr-robert,407,320,87,21.4
2026-09-23T20:04:00Z,2026-09-23T22:04:00+02:00,54,placa-vella,297,193,104,35
2026-09-23T20:04:00Z,2026-09-23T22:04:00+02:00,55,ajuntament-mercat,237,184,53,22.4
2026-09-23T20:05:00Z,2026-09-23T22:05:00+02:00,53,dr-robert,407,320,87,21.4
2026-09-23T20:05:00Z,2026-09-23T22:05:00+02:00,54,placa-vella,297,193,104,35
2026-09-23T20:05:00Z,2026-09-23T22:05:00+02:00,55,ajuntament-mercat,237,184,53,22.4
2026-09-23T20:06:00Z,2026-09-23T22:06:00+02:00,53,dr-robert,407,326,81,19.9
2026-09-23T20:06:00Z,2026-09-23T22:06:00+02:00,54,placa-vella,297,192,105,35.4
2026-09-23T20:06:00Z,2026-09-23T22:06:00+02:00,55,ajuntament-mercat,237,184,53,22.4
2026-09-23T20:07:00Z,2026-09-23T22:07:00+02:00,53,dr-robert,407,326,81,19.9
2026-09-23T20:07:00Z,2026-09-23T22:07:00+02:00,54,placa-vella,297,192,105,35.4
2026-09-23T20:07:00Z,2026-09-23T22:07:00+02:00,55,ajuntament-mercat,237,184,53,22.4
2026-09-23T20:08:00Z,2026-09-23T22:08:00+02:00,53,dr-robert,407,326,81,19.9
2026-09-23T20:08:00Z,2026-09-23T22:08:00+02:00,54,placa-vella,297,192,105,35.4
2026-09-23T20:08:00Z,2026-09-23T22:08:00+02:00,55,ajuntament-mercat,237,184,53,22.4
2026-09-23T20:09:00Z,2026-09-23T22:09:00+02:00,53,dr-robert,407,326,81,19.9
2026-09-23T20:09:00Z,2026-09-23T22:09:00+02:00,54,placa-vella,297,192,105,35.4
2026-09-23T20:09:00Z,2026-09-23T22:09:00+02:00,55,ajuntament-mercat,237,184,53,22.4
2026-09-23T20:10:00Z,2026-09-23T22:10:00+02:00,53,dr-robert,407,326,81,19.9
2026-09-23T20:10:00Z,2026-09-23T22:10:00+02:00,54,placa-vella,297,192,105,35.4
2026-09-23T20:10:00Z,2026-09-23T22:10:00+02:00,55,ajuntament-mercat,237,184,53,22.4
2026-09-23T20:11:00Z,2026-09-23T22:11:00+02:00,53,dr-robert,407,325,82,20.1
2026-09-23T20:11:00Z,2026-09-23T22:11:00+02:00,54,placa-vella,297,192,105,35.4
2026-09-23T20:11:00Z,2026-09-23T22:11:00+02:00,55,ajuntament-mercat,237,185,52,21.9
2026-09-23T20:12:00Z,2026-09-23T22:12:00+02:00,53,dr-robert,407,325,82,20.1
2026-09-23T20:12:00Z,2026-09-23T22:12:00+02:00,54,placa-vella,297,192,105,35.4
2026-09-23T20:12:00Z,2026-09-23T22:12:00+02:00,55,ajuntament-mercat,237,185,52,21.9
2026-09-23T20:13:00Z,2026-09-23T22:13:00+02:00,53,dr-robert,407,325,82,20.1
2026-09-23T20:13:00Z,2026-09-23T22:13:00+02:00,54,placa-vella,297,192,105,35.4
2026-09-23T20:13:00Z,2026-09-23T22:13:00+02:00,55,ajuntament-mercat,237,185,52,21.9
2026-09-23T20:14:00Z,2026-09-23T22:14:00+02:00,53,dr-robert,407,325,82,20.1
2026-09-23T20:14:00Z,2026-09-23T22:14:00+02:00,54,placa-vella,297,192,105,35.4
2026-09-23T20:14:00Z,2026-09-23T22:14:00+02:00,55,ajuntament-mercat,237,185,52,21.9
2026-09-23T20:15:00Z,2026-09-23T22:15:00+02:00,53,dr-robert,407,325,82,20.1
2026-09-23T20:15:00Z,2026-09-23T22:15:00+02:00,54,placa-vella,297,192,105,35.4
2026-09-23T20:15:00Z,2026-09-23T22:15:00+02:00,55,ajuntament-mercat,237,185,52,21.9
2026-09-23T20:16:00Z,2026-09-23T22:16:00+02:00,53,dr-robert,407,326,81,19.9
2026-09-23T20:16:00Z,2026-09-23T22:16:00+02:00,54,placa-vella,297,192,105,35.4
2026-09-23T20:16:00Z,2026-09-23T22:16:00+02:00,55,ajuntament-mercat,237,186,51,21.5
2026-09-23T20:17:00Z,2026-09-23T22:17:00+02:00,53,dr-robert,407,326,81,19.9
2026-09-23T20:17:00Z,2026-09-23T22:17:00+02:00,54,placa-vella,297,192,105,35.4
2026-09-23T20:17:00Z,2026-09-23T22:17:00+02:00,55,ajuntament-mercat,237,186,51,21.5
2026-09-23T20:18:00Z,2026-09-23T22:18:00+02:00,53,dr-robert,407,326,81,19.9
2026-09-23T20:18:00Z,2026-09-23T22:18:00+02:00,54,placa-vella,297,192,105,35.4
2026-09-23T20:18:00Z,2026-09-23T22:18:00+02:00,55,ajuntament-mercat,237,186,51,21.5
2026-09-23T20:19:00Z,2026-09-23T22:19:00+02:00,53,dr-robert,407,326,81,19.9
2026-09-23T20:19:00Z,2026-09-23T22:19:00+02:00,54,placa-vella,297,192,105,35.4
2026-09-23T20:19:00Z,2026-09-23T22:19:00+02:00,55,ajuntament-mercat,237,186,51,21.5
2026-09-23T20:20:00Z,2026-09-23T22:20:00+02:00,53,dr-robert,407,326,81,19.9
2026-09-23T20:20:00Z,2026-09-23T22:20:00+02:00,54,placa-vella,297,192,105,35.4
2026-09-23T20:20:00Z,2026-09-23T22:20:00+02:00,55,ajuntament-mercat,237,186,51,21.5
2026-09-23T20:21:00Z,2026-09-23T22:21:00+02:00,53,dr-robert,407,325,82,20.1
2026-09-23T20:21:00Z,2026-09-23T22:21:00+02:00,54,placa-vella,297,194,103,34.7
2026-09-23T20:21:00Z,2026-09-23T22:21:00+02:00,55,ajuntament-mercat,237,186,51,21.5
2026-09-23T20:22:00Z,2026-09-23T22:22:00+02:00,53,dr-robert,407,325,82,20.1
2026-09-23T20:22:00Z,2026-09-23T22:22:00+02:00,54,placa-vella,297,194,103,34.7
2026-09-23T20:22:00Z,2026-09-23T22:22:00+02:00,55,ajuntament-mercat,237,186,51,21.5
2026-09-23T20:23:00Z,2026-09-23T22:23:00+02:00,53,dr-robert,407,325,82,20.1
2026-09-23T20:23:00Z,2026-09-23T22:23:00+02:00,54,placa-vella,297,194,103,34.7
2026-09-23T20:23:00Z,2026-09-23T22:23:00+02:00,55,ajuntament-mercat,237,186,51,21.5
2026-09-23T20:24:00Z,2026-09-23T22:24:00+02:00,53,dr-robert,407,325,82,20.1
2026-09-23T20:24:00Z,2026-09-23T22:24:00+02:00,54,placa-vella,297,194,103,34.7
2026-09-23T20:24:00Z,2026-09-23T22:24:00+02:00,55,ajuntament-mercat,237,186,51,21.5
2026-09-23T20:25:00Z,2026-09-23T22:25:00+02:00,53,dr-robert,407,325,82,20.1
2026-09-23T20:25:00Z,2026-09-23T22:25:00+02:00,54,placa-vella,297,194,103,34.7
2026-09-23T20:25:00Z,2026-09-23T22:25:00+02:00,55,ajuntament-mercat,237,186,51,21.5
2026-09-23T20:26:00Z,2026-09-23T22:26:00+02:00,53,dr-robert,407,328,79,19.4
2026-09-23T20:26:00Z,2026-09-23T22:26:00+02:00,54,placa-vella,297,195,102,34.3
2026-09-23T20:26:00Z,2026-09-23T22:26:00+02:00,55,ajuntament-mercat,237,186,51,21.5
2026-09-23T20:27:00Z,2026-09-23T22:27:00+02:00,53,dr-robert,407,328,79,19.4
2026-09-23T20:27:00Z,2026-09-23T22:27:00+02:00,54,placa-vella,297,195,102,34.3
2026-09-23T20:27:00Z,2026-09-23T22:27:00+02:00,55,ajuntament-mercat,237,186,51,21.5
2026-09-23T20:28:00Z,2026-09-23T22:28:00+02:00,53,dr-robert,407,328,79,19.4
2026-09-23T20:28:00Z,2026-09-23T22:28:00+02:00,54,placa-vella,297,195,102,34.3
2026-09-23T20:28:00Z,2026-09-23T22:28:00+02:00,55,ajuntament-mercat,237,186,51,21.5
2026-09-23T20:29:00Z,2026-09-23T22:29:00+02:00,53,dr-robert,407,328,79,19.4
2026-09-23T20:29:00Z,2026-09-23T22:29:00+02:00,54,placa-vella,297,195,102,34.3
2026-09-23T20:29:00Z,2026-09-23T22:29:00+02:00,55,ajuntament-mercat,237,186,51,21.5
2026-09-23T20:30:00Z,2026-09-23T22:30:00+02:00,53,dr-robert,407,328,79,19.4
2026-09-23T20:30:00Z,2026-09-23T22:30:00+02:00,54,placa-vella,297,195,102,34.3
2026-09-23T20:30:00Z,2026-09-23T22:30:00+02:00,55,ajuntament-mercat,237,186,51,21.5
2026-09-23T20:31:00Z,2026-09-23T22:31:00+02:00,53,dr-robert,407,327,80,19.7
2026-09-23T20:31:00Z,2026-09-23T22:31:00+02:00,54,placa-vella,297,194,103,34.7
2026-09-23T20:31:00Z,2026-09-23T22:31:00+02:00,55,ajuntament-mercat,237,186,51,21.5
2026-09-23T20:32:00Z,2026-09-23T22:32:00+02:00,53,dr-robert,407,327,80,19.7
2026-09-23T20:32:00Z,2026-09-23T22:32:00+02:00,54,placa-vella,297,194,103,34.7
2026-09-23T20:32:00Z,2026-09-23T22:32:00+02:00,55,ajuntament-mercat,237,186,51,21.5
2026-09-23T20:33:00Z,2026-09-23T22:33:00+02:00,53,dr-robert,407,327,80,19.7
2026-09-23T20:33:00Z,2026-09-23T22:33:00+02:00,54,placa-vella,297,194,103,34.7
2026-09-23T20:33:00Z,2026-09-23T22:33:00+02:00,55,ajuntament-mercat,237,186,51,21.5
2026-09-23T20:34:00Z,2026-09-23T22:34:00+02:00,53,dr-robert,407,327,80,19.7
2026-09-23T20:34:00Z,2026-09-23T22:34:00+02:00,54,placa-vella,297,194,103,34.7
2026-09-23T20:34:00Z,2026-09-23T22:34:00+02:00,55,ajuntament-mercat,237,186,51,21.5
2026-09-23T20:35:00Z,2026-09-23T22:35:00+02:00,53,dr-robert,407,327,80,19.7
2026-09-23T20:35:00Z,2026-09-23T22:35:00+02:00,54,placa-vella,297,194,103,34.7
2026-09-23T20:35:00Z,2026-09-23T22:35:00+02:00,55,ajuntament-mercat,237,186,51,21.5
2026-09-23T20:36:00Z,2026-09-23T22:36:00+02:00,53,dr-robert,407,326,81,19.9
2026-09-23T20:36:00Z,2026-09-23T22:36:00+02:00,54,placa-vella,297,195,102,34.3
2026-09-23T20:36:00Z,2026-09-23T22:36:00+02:00,55,ajuntament-mercat,237,186,51,21.5
2026-09-23T20:37:00Z,2026-09-23T22:37:00+02:00,53,dr-robert,407,326,81,19.9
2026-09-23T20:37:00Z,2026-09-23T22:37:00+02:00,54,placa-vella,297,195,102,34.3
2026-09-23T20:37:00Z,2026-09-23T22:37:00+02:00,55,ajuntament-mercat,237,186,51,21.5
2026-09-23T20:38:00Z,2026-09-23T22:38:00+02:00,53,dr-robert,407,326,81,19.9
2026-09-23T20:38:00Z,2026-09-23T22:38:00+02:00,54,placa-vella,297,195,102,34.3
2026-09-23T20:38:00Z,2026-09-23T22:38:00+02:00,55,ajuntament-mercat,237,186,51,21.5
2026-09-23T20:39:00Z,2026-09-23T22:39:00+02:00,53,dr-robert,407,326,81,19.9
2026-09-23T20:39:00Z,2026-09-23T22:39:00+02:00,54,placa-vella,297,195,102,34.3
2026-09-23T20:39:00Z,2026-09-23T22:39:00+02:00,55,ajuntament-mercat,237,186,51,21.5
2026-09-23T20:40:00Z,2026-09-23T22:40:00+02:00,53,dr-robert,407,326,81,19.9
2026-09-23T20:40:00Z,2026-09-23T22:40:00+02:00,54,placa-vella,297,195,102,34.3
2026-09-23T20:40:00Z,2026-09-23T22:40:00+02:00,55,ajuntament-mercat,237,186,51,21.5
2026-09-23T20:41:00Z,2026-09-23T22:41:00+02:00,53,dr-robert,407,324,83,20.4
2026-09-23T20:41:00Z,2026-09-23T22:41:00+02:00,54,placa-vella,297,198,99,33.3
2026-09-23T20:41:00Z,2026-09-23T22:41:00+02:00,55,ajuntament-mercat,237,186,51,21.5
2026-09-23T20:42:00Z,2026-09-23T22:42:00+02:00,53,dr-robert,407,324,83,20.4
2026-09-23T20:42:00Z,2026-09-23T22:42:00+02:00,54,placa-vella,297,198,99,33.3
2026-09-23T20:42:00Z,2026-09-23T22:42:00+02:00,55,ajuntament-mercat,237,186,51,21.5
2026-09-23T20:43:00Z,2026-09-23T22:43:00+02:00,53,dr-robert,407,324,83,20.4
2026-09-23T20:43:00Z,2026-09-23T22:43:00+02:00,54,placa-vella,297,198,99,33.3
2026-09-23T20:43:00Z,2026-09-23T22:43:00+02:00,55,ajuntament-mercat,237,186,51,21.5
2026-09-23T20:44:00Z,2026-09-23T22:44:00+02:00,53,dr-robert,407,324,83,20.4
2026-09-23T20:44:00Z,2026-09-23T22:44:00+02:00,54,placa-vella,297,198,99,33.3
2026-09-23T20:44:00Z,2026-09-23T22:44:00+02:00,55,ajuntament-mercat,237,186,51,21.5
2026-09-23T20:45:00Z,2026-09-23T22:45:00+02:00,53,dr-robert,407,324,83,20.4
2026-09-23T20:45:00Z,2026-09-23T22:45:00+02:00,54,placa-vella,297,198,99,33.3
2026-09-23T20:45:00Z,2026-09-23T22:45:00+02:00,55,ajuntament-mercat,237,186,51,21.5
2026-09-23T20:46:00Z,2026-09-23T22:46:00+02:00,53,dr-robert,407,321,86,21.1
2026-09-23T20:46:00Z,2026-09-23T22:46:00+02:00,54,placa-vella,297,199,98,33
2026-09-23T20:46:00Z,2026-09-23T22:46:00+02:00,55,ajuntament-mercat,237,185,52,21.9
2026-09-23T20:47:00Z,2026-09-23T22:47:00+02:00,53,dr-robert,407,321,86,21.1
2026-09-23T20:47:00Z,2026-09-23T22:47:00+02:00,54,placa-vella,297,199,98,33
2026-09-23T20:47:00Z,2026-09-23T22:47:00+02:00,55,ajuntament-mercat,237,185,52,21.9
2026-09-23T20:48:00Z,2026-09-23T22:48:00+02:00,53,dr-robert,407,321,86,21.1
2026-09-23T20:48:00Z,2026-09-23T22:48:00+02:00,54,placa-vella,297,199,98,33
2026-09-23T20:48:00Z,2026-09-23T22:48:00+02:00,55,ajuntament-mercat,237,185,52,21.9
2026-09-23T20:49:00Z,2026-09-23T22:49:00+02:00,53,dr-robert,407,321,86,21.1
2026-09-23T20:49:00Z,2026-09-23T22:49:00+02:00,54,placa-vella,297,199,98,33
2026-09-23T20:49:00Z,2026-09-23T22:49:00+02:00,55,ajuntament-mercat,237,185,52,21.9
2026-09-23T20:50:00Z,2026-09-23T22:50:00+02:00,53,dr-robert,407,321,86,21.1
2026-09-23T20:50:00Z,2026-09-23T22:50:00+02:00,54,placa-vella,297,199,98,33
2026-09-23T20:50:00Z,2026-09-23T22:50:00+02:00,55,ajuntament-mercat,237,185,52,21.9
2026-09-23T20:51:00Z,2026-09-23T22:51:00+02:00,53,dr-robert,407,320,87,21.4
2026-09-23T20:51:00Z,2026-09-23T22:51:00+02:00,54,placa-vella,297,201,96,32.3
2026-09-23T20:51:00Z,2026-09-23T22:51:00+02:00,55,ajuntament-mercat,237,186,51,21.5
2026-09-23T20:52:00Z,2026-09-23T22:52:00+02:00,53,dr-robert,407,320,87,21.4
2026-09-23T20:52:00Z,2026-09-23T22:52:00+02:00,54,placa-vella,297,201,96,32.3
2026-09-23T20:52:00Z,2026-09-23T22:52:00+02:00,55,ajuntament-mercat,237,186,51,21.5
2026-09-23T20:53:00Z,2026-09-23T22:53:00+02:00,53,dr-robert,407,320,87,21.4
2026-09-23T20:53:00Z,2026-09-23T22:53:00+02:00,54,placa-vella,297,201,96,32.3
2026-09-23T20:53:00Z,2026-09-23T22:53:00+02:00,55,ajuntament-mercat,237,186,51,21.5
2026-09-23T20:54:00Z,2026-09-23T22:54:00+02:00,53,dr-robert,407,320,87,21.4
2026-09-23T20:54:00Z,2026-09-23T22:54:00+02:00,54,placa-vella,297,201,96,32.3
2026-09-23T20:54:00Z,2026-09-23T22:54:00+02:00,55,ajuntament-mercat,237,186,51,21.5
2026-09-23T20:55:00Z,2026-09-23T22:55:00+02:00,53,dr-robert,407,320,87,21.4
2026-09-23T20:55:00Z,2026-09-23T22:55:00+02:00,54,placa-vella,297,201,96,32.3
2026-09-23T20:55:00Z,2026-09-23T22:55:00+02:00,55,ajuntament-mercat,237,186,51,21.5
2026-09-23T20:56:00Z,2026-09-23T22:56:00+02:00,53,dr-robert,407,320,87,21.4
2026-09-23T20:56:00Z,2026-09-23T22:56:00+02:00,54,placa-vella,297,202,95,32
2026-09-23T20:56:00Z,2026-09-23T22:56:00+02:00,55,ajuntament-mercat,237,185,52,21.9
2026-09-23T20:57:00Z,2026-09-23T22:57:00+02:00,53,dr-robert,407,320,87,21.4
2026-09-23T20:57:00Z,2026-09-23T22:57:00+02:00,54,placa-vella,297,202,95,32
2026-09-23T20:57:00Z,2026-09-23T22:57:00+02:00,55,ajuntament-mercat,237,185,52,21.9
2026-09-23T20:58:00Z,2026-09-23T22:58:00+02:00,53,dr-robert,407,320,87,21.4
2026-09-23T20:58:00Z,2026-09-23T22:58:00+02:00,54,placa-vella,297,202,95,32
2026-09-23T20:58:00Z,2026-09-23T22:58:00+02:00,55,ajuntament-mercat,237,185,52,21.9
2026-09-23T20:59:00Z,2026-09-23T22:59:00+02:00,53,dr-robert,407,320,87,21.4
2026-09-23T20:59:00Z,2026-09-23T22:59:00+02:00,54,placa-vella,297,202,95,32
2026-09-23T20:59:00Z,2026-09-23T22:59:00+02:00,55,ajuntament-mercat,237,185,52,21.9
2026-09-23T21:00:00Z,2026-09-23T23:00:00+02:00,53,dr-robert,407,320,87,21.4
2026-09-23T21:00:00Z,2026-09-23T23:00:00+02:00,54,placa-vella,297,202,95,32
2026-09-23T21:00:00Z,2026-09-23T23:00:00+02:00,55,ajuntament-mercat,237,185,52,21.9
2026-09-23T21:01:00Z,2026-09-23T23:01:00+02:00,53,dr-robert,407,320,87,21.4
2026-09-23T21:01:00Z,2026-09-23T23:01:00+02:00,54,placa-vella,297,202,95,32
2026-09-23T21:01:00Z,2026-09-23T23:01:00+02:00,55,ajuntament-mercat,237,185,52,21.9
2026-09-23T21:02:00Z,2026-09-23T23:02:00+02:00,53,dr-robert,407,320,87,21.4
2026-09-23T21:02:00Z,2026-09-23T23:02:00+02:00,54,placa-vella,297,202,95,32
2026-09-23T21:02:00Z,2026-09-23T23:02:00+02:00,55,ajuntament-mercat,237,185,52,21.9
2026-09-23T21:03:00Z,2026-09-23T23:03:00+02:00,53,dr-robert,407,323,84,20.6
2026-09-23T21:03:00Z,2026-09-23T23:03:00+02:00,54,placa-vella,297,204,93,31.3
2026-09-23T21:03:00Z,2026-09-23T23:03:00+02:00,55,ajuntament-mercat,237,185,52,21.9
2026-09-23T21:04:00Z,2026-09-23T23:04:00+02:00,53,dr-robert,407,323,84,20.6
2026-09-23T21:04:00Z,2026-09-23T23:04:00+02:00,54,placa-vella,297,204,93,31.3
2026-09-23T21:04:00Z,2026-09-23T23:04:00+02:00,55,ajuntament-mercat,237,185,52,21.9
2026-09-23T21:05:00Z,2026-09-23T23:05:00+02:00,53,dr-robert,407,323,84,20.6
2026-09-23T21:05:00Z,2026-09-23T23:05:00+02:00,54,placa-vella,297,204,93,31.3
2026-09-23T21:05:00Z,2026-09-23T23:05:00+02:00,55,ajuntament-mercat,237,185,52,21.9
2026-09-23T21:06:00Z,2026-09-23T23:06:00+02:00,53,dr-robert,407,324,83,20.4
2026-09-23T21:06:00Z,2026-09-23T23:06:00+02:00,54,placa-vella,297,204,93,31.3
2026-09-23T21:06:00Z,2026-09-23T23:06:00+02:00,55,ajuntament-mercat,237,186,51,21.5
2026-09-23T21:07:00Z,2026-09-23T23:07:00+02:00,53,dr-robert,407,324,83,20.4
2026-09-23T21:07:00Z,2026-09-23T23:07:00+02:00,54,placa-vella,297,204,93,31.3
2026-09-23T21:07:00Z,2026-09-23T23:07:00+02:00,55,ajuntament-mercat,237,186,51,21.5
2026-09-23T21:08:00Z,2026-09-23T23:08:00+02:00,53,dr-robert,407,324,83,20.4
2026-09-23T21:08:00Z,2026-09-23T23:08:00+02:00,54,placa-vella,297,204,93,31.3
2026-09-23T21:08:00Z,2026-09-23T23:08:00+02:00,55,ajuntament-mercat,237,186,51,21.5
2026-09-23T21:09:00Z,2026-09-23T23:09:00+02:00,53,dr-robert,407,324,83,20.4
2026-09-23T21:09:00Z,2026-09-23T23:09:00+02:00,54,placa-vella,297,204,93,31.3
2026-09-23T21:09:00Z,2026-09-23T23:09:00+02:00,55,ajuntament-mercat,237,186,51,21.5
2026-09-23T21:10:00Z,2026-09-23T23:10:00+02:00,53,dr-robert,407,324,83,20.4
2026-09-23T21:10:00Z,2026-09-23T23:10:00+02:00,54,placa-vella,297,204,93,31.3
2026-09-23T21:10:00Z,2026-09-23T23:10:00+02:00,55,ajuntament-mercat,237,186,51,21.5
2026-09-23T21:11:00Z,2026-09-23T23:11:00+02:00,53,dr-robert,407,325,82,20.1
2026-09-23T21:11:00Z,2026-09-23T23:11:00+02:00,54,placa-vella,297,204,93,31.3
2026-09-23T21:11:00Z,2026-09-23T23:11:00+02:00,55,ajuntament-mercat,237,186,51,21.5
2026-09-23T21:12:00Z,2026-09-23T23:12:00+02:00,53,dr-robert,407,325,82,20.1
2026-09-23T21:12:00Z,2026-09-23T23:12:00+02:00,54,placa-vella,297,204,93,31.3
2026-09-23T21:12:00Z,2026-09-23T23:12:00+02:00,55,ajuntament-mercat,237,186,51,21.5
2026-09-23T21:13:00Z,2026-09-23T23:13:00+02:00,53,dr-robert,407,325,82,20.1
2026-09-23T21:13:00Z,2026-09-23T23:13:00+02:00,54,placa-vella,297,204,93,31.3
2026-09-23T21:13:00Z,2026-09-23T23:13:00+02:00,55,ajuntament-mercat,237,186,51,21.5
2026-09-23T21:14:00Z,2026-09-23T23:14:00+02:00,53,dr-robert,407,325,82,20.1
2026-09-23T21:14:00Z,2026-09-23T23:14:00+02:00,54,placa-vella,297,204,93,31.3
2026-09-23T21:14:00Z,2026-09-23T23:14:00+02:00,55,ajuntament-mercat,237,186,51,21.5
2026-09-23T21:15:00Z,2026-09-23T23:15:00+02:00,53,dr-robert,407,325,82,20.1
2026-09-23T21:15:00Z,2026-09-23T23:15:00+02:00,54,placa-vella,297,204,93,31.3
2026-09-23T21:15:00Z,2026-09-23T23:15:00+02:00,55,ajuntament-mercat,237,186,51,21.5
2026-09-23T21:16:00Z,2026-09-23T23:16:00+02:00,53,dr-robert,407,325,82,20.1
2026-09-23T21:16:00Z,2026-09-23T23:16:00+02:00,54,placa-vella,297,205,92,31
2026-09-23T21:16:00Z,2026-09-23T23:16:00+02:00,55,ajuntament-mercat,237,186,51,21.5
2026-09-23T21:17:00Z,2026-09-23T23:17:00+02:00,53,dr-robert,407,325,82,20.1
2026-09-23T21:17:00Z,2026-09-23T23:17:00+02:00,54,placa-vella,297,205,92,31
2026-09-23T21:17:00Z,2026-09-23T23:17:00+02:00,55,ajuntament-mercat,237,186,51,21.5
2026-09-23T21:18:00Z,2026-09-23T23:18:00+02:00,53,dr-robert,407,325,82,20.1
2026-09-23T21:18:00Z,2026-09-23T23:18:00+02:00,54,placa-vella,297,205,92,31
2026-09-23T21:18:00Z,2026-09-23T23:18:00+02:00,55,ajuntament-mercat,237,186,51,21.5
2026-09-23T21:19:00Z,2026-09-23T23:19:00+02:00,53,dr-robert,407,325,82,20.1
2026-09-23T21:19:00Z,2026-09-23T23:19:00+02:00,54,placa-vella,297,205,92,31
2026-09-23T21:19:00Z,2026-09-23T23:19:00+02:00,55,ajuntament-mercat,237,186,51,21.5
2026-09-23T21:20:00Z,2026-09-23T23:20:00+02:00,53,dr-robert,407,325,82,20.1
2026-09-23T21:20:00Z,2026-09-23T23:20:00+02:00,54,placa-vella,297,205,92,31
2026-09-23T21:20:00Z,2026-09-23T23:20:00+02:00,55,ajuntament-mercat,237,186,51,21.5
2026-09-23T21:21:00Z,2026-09-23T23:21:00+02:00,53,dr-robert,407,327,80,19.7
2026-09-23T21:21:00Z,2026-09-23T23:21:00+02:00,54,placa-vella,297,205,92,31
2026-09-23T21:21:00Z,2026-09-23T23:21:00+02:00,55,ajuntament-mercat,237,186,51,21.5
2026-09-23T21:22:00Z,2026-09-23T23:22:00+02:00,53,dr-robert,407,327,80,19.7
2026-09-23T21:22:00Z,2026-09-23T23:22:00+02:00,54,placa-vella,297,205,92,31
2026-09-23T21:22:00Z,2026-09-23T23:22:00+02:00,55,ajuntament-mercat,237,186,51,21.5
2026-09-23T21:23:00Z,2026-09-23T23:23:00+02:00,53,dr-robert,407,327,80,19.7
2026-09-23T21:23:00Z,2026-09-23T23:23:00+02:00,54,placa-vella,297,205,92,31
2026-09-23T21:23:00Z,2026-09-23T23:23:00+02:00,55,ajuntament-mercat,237,186,51,21.5
2026-09-23T21:24:00Z,2026-09-23T23:24:00+02:00,53,dr-robert,407,327,80,19.7
2026-09-23T21:24:00Z,2026-09-23T23:24:00+02:00,54,placa-vella,297,205,92,31
2026-09-23T21:24:00Z,2026-09-23T23:24:00+02:00,55,ajuntament-mercat,237,186,51,21.5
2026-09-23T21:25:00Z,2026-09-23T23:25:00+02:00,53,dr-robert,407,327,80,19.7
2026-09-23T21:25:00Z,2026-09-23T23:25:00+02:00,54,placa-vella,297,205,92,31
2026-09-23T21:25:00Z,2026-09-23T23:25:00+02:00,55,ajuntament-mercat,237,186,51,21.5
2026-09-23T21:26:00Z,2026-09-23T23:26:00+02:00,53,dr-robert,407,325,82,20.1
2026-09-23T21:26:00Z,2026-09-23T23:26:00+02:00,54,placa-vella,297,206,91,30.6
2026-09-23T21:26:00Z,2026-09-23T23:26:00+02:00,55,ajuntament-mercat,237,186,51,21.5
2026-09-23T21:27:00Z,2026-09-23T23:27:00+02:00,53,dr-robert,407,325,82,20.1
2026-09-23T21:27:00Z,2026-09-23T23:27:00+02:00,54,placa-vella,297,206,91,30.6
2026-09-23T21:27:00Z,2026-09-23T23:27:00+02:00,55,ajuntament-mercat,237,186,51,21.5
2026-09-23T21:28:00Z,2026-09-23T23:28:00+02:00,53,dr-robert,407,325,82,20.1
2026-09-23T21:28:00Z,2026-09-23T23:28:00+02:00,54,placa-vella,297,206,91,30.6
2026-09-23T21:28:00Z,2026-09-23T23:28:00+02:00,55,ajuntament-mercat,237,186,51,21.5
2026-09-23T21:29:00Z,2026-09-23T23:29:00+02:00,53,dr-robert,407,325,82,20.1
2026-09-23T21:29:00Z,2026-09-23T23:29:00+02:00,54,placa-vella,297,206,91,30.6
2026-09-23T21:29:00Z,2026-09-23T23:29:00+02:00,55,ajuntament-mercat,237,186,51,21.5
2026-09-23T21:30:00Z,2026-09-23T23:30:00+02:00,53,dr-robert,407,325,82,20.1
2026-09-23T21:30:00Z,2026-09-23T23:30:00+02:00,54,placa-vella,297,206,91,30.6
2026-09-23T21:30:00Z,2026-09-23T23:30:00+02:00,55,ajuntament-mercat,237,186,51,21.5
2026-09-23T21:31:00Z,2026-09-23T23:31:00+02:00,53,dr-robert,407,328,79,19.4
2026-09-23T21:31:00Z,2026-09-23T23:31:00+02:00,54,placa-vella,297,206,91,30.6
2026-09-23T21:31:00Z,2026-09-23T23:31:00+02:00,55,ajuntament-mercat,237,187,50,21.1
2026-09-23T21:32:00Z,2026-09-23T23:32:00+02:00,53,dr-robert,407,328,79,19.4
2026-09-23T21:32:00Z,2026-09-23T23:32:00+02:00,54,placa-vella,297,206,91,30.6
2026-09-23T21:32:00Z,2026-09-23T23:32:00+02:00,55,ajuntament-mercat,237,187,50,21.1
2026-09-23T21:33:00Z,2026-09-23T23:33:00+02:00,53,dr-robert,407,328,79,19.4
2026-09-23T21:33:00Z,2026-09-23T23:33:00+02:00,54,placa-vella,297,206,91,30.6
2026-09-23T21:33:00Z,2026-09-23T23:33:00+02:00,55,ajuntament-mercat,237,187,50,21.1
2026-09-23T21:34:00Z,2026-09-23T23:34:00+02:00,53,dr-robert,407,328,79,19.4
2026-09-23T21:34:00Z,2026-09-23T23:34:00+02:00,54,placa-vella,297,206,91,30.6
2026-09-23T21:34:00Z,2026-09-23T23:34:00+02:00,55,ajuntament-mercat,237,187,50,21.1
2026-09-23T21:35:00Z,2026-09-23T23:35:00+02:00,53,dr-robert,407,328,79,19.4
2026-09-23T21:35:00Z,2026-09-23T23:35:00+02:00,54,placa-vella,297,206,91,30.6
2026-09-23T21:35:00Z,2026-09-23T23:35:00+02:00,55,ajuntament-mercat,237,187,50,21.1
2026-09-23T21:36:00Z,2026-09-23T23:36:00+02:00,53,dr-robert,407,329,78,19.2
2026-09-23T21:36:00Z,2026-09-23T23:36:00+02:00,54,placa-vella,297,207,90,30.3
2026-09-23T21:36:00Z,2026-09-23T23:36:00+02:00,55,ajuntament-mercat,237,189,48,20.3
2026-09-23T21:37:00Z,2026-09-23T23:37:00+02:00,53,dr-robert,407,329,78,19.2
2026-09-23T21:37:00Z,2026-09-23T23:37:00+02:00,54,placa-vella,297,207,90,30.3
2026-09-23T21:37:00Z,2026-09-23T23:37:00+02:00,55,ajuntament-mercat,237,189,48,20.3
2026-09-23T21:38:00Z,2026-09-23T23:38:00+02:00,53,dr-robert,407,329,78,19.2
2026-09-23T21:38:00Z,2026-09-23T23:38:00+02:00,54,placa-vella,297,207,90,30.3
2026-09-23T21:38:00Z,2026-09-23T23:38:00+02:00,55,ajuntament-mercat,237,189,48,20.3
2026-09-23T21:39:00Z,2026-09-23T23:39:00+02:00,53,dr-robert,407,329,78,19.2
2026-09-23T21:39:00Z,2026-09-23T23:39:00+02:00,54,placa-vella,297,207,90,30.3
2026-09-23T21:39:00Z,2026-09-23T23:39:00+02:00,55,ajuntament-mercat,237,189,48,20.3
2026-09-23T21:40:00Z,2026-09-23T23:40:00+02:00,53,dr-robert,407,329,78,19.2
2026-09-23T21:40:00Z,2026-09-23T23:40:00+02:00,54,placa-vella,297,207,90,30.3
2026-09-23T21:40:00Z,2026-09-23T23:40:00+02:00,55,ajuntament-mercat,237,189,48,20.3
2026-09-23T21:41:00Z,2026-09-23T23:41:00+02:00,53,dr-robert,407,330,77,18.9
2026-09-23T21:41:00Z,2026-09-23T23:41:00+02:00,54,placa-vella,297,209,88,29.6
2026-09-23T21:41:00Z,2026-09-23T23:41:00+02:00,55,ajuntament-mercat,237,189,48,20.3
2026-09-23T21:42:00Z,2026-09-23T23:42:00+02:00,53,dr-robert,407,330,77,18.9
2026-09-23T21:42:00Z,2026-09-23T23:42:00+02:00,54,placa-vella,297,209,88,29.6
2026-09-23T21:42:00Z,2026-09-23T23:42:00+02:00,55,ajuntament-mercat,237,189,48,20.3
2026-09-23T21:43:00Z,2026-09-23T23:43:00+02:00,53,dr-robert,407,330,77,18.9
2026-09-23T21:43:00Z,2026-09-23T23:43:00+02:00,54,placa-vella,297,209,88,29.6
2026-09-23T21:43:00Z,2026-09-23T23:43:00+02:00,55,ajuntament-mercat,237,189,48,20.3
2026-09-23T21:44:00Z,2026-09-23T23:44:00+02:00,53,dr-robert,407,330,77,18.9
2026-09-23T21:44:00Z,2026-09-23T23:44:00+02:00,54,placa-vella,297,209,88,29.6
2026-09-23T21:44:00Z,2026-09-23T23:44:00+02:00,55,ajuntament-mercat,237,189,48,20.3
2026-09-23T21:45:00Z,2026-09-23T23:45:00+02:00,53,dr-robert,407,330,77,18.9
2026-09-23T21:45:00Z,2026-09-23T23:45:00+02:00,54,placa-vella,297,209,88,29.6
2026-09-23T21:45:00Z,2026-09-23T23:45:00+02:00,55,ajuntament-mercat,237,189,48,20.3
2026-09-23T21:46:00Z,2026-09-23T23:46:00+02:00,53,dr-robert,407,333,74,18.2
2026-09-23T21:46:00Z,2026-09-23T23:46:00+02:00,54,placa-vella,297,211,86,29
2026-09-23T21:46:00Z,2026-09-23T23:46:00+02:00,55,ajuntament-mercat,237,190,47,19.8
2026-09-23T21:47:00Z,2026-09-23T23:47:00+02:00,53,dr-robert,407,333,74,18.2
2026-09-23T21:47:00Z,2026-09-23T23:47:00+02:00,54,placa-vella,297,211,86,29
2026-09-23T21:47:00Z,2026-09-23T23:47:00+02:00,55,ajuntament-mercat,237,190,47,19.8
2026-09-23T21:48:00Z,2026-09-23T23:48:00+02:00,53,dr-robert,407,333,74,18.2
2026-09-23T21:48:00Z,2026-09-23T23:48:00+02:00,54,placa-vella,297,211,86,29
2026-09-23T21:48:00Z,2026-09-23T23:48:00+02:00,55,ajuntament-mercat,237,190,47,19.8
2026-09-23T21:49:00Z,2026-09-23T23:49:00+02:00,53,dr-robert,407,333,74,18.2
2026-09-23T21:49:00Z,2026-09-23T23:49:00+02:00,54,placa-vella,297,211,86,29
2026-09-23T21:49:00Z,2026-09-23T23:49:00+02:00,55,ajuntament-mercat,237,190,47,19.8
2026-09-23T21:50:00Z,2026-09-23T23:50:00+02:00,53,dr-robert,407,333,74,18.2
2026-09-23T21:50:00Z,2026-09-23T23:50:00+02:00,54,placa-vella,297,211,86,29
2026-09-23T21:50:00Z,2026-09-23T23:50:00+02:00,55,ajuntament-mercat,237,190,47,19.8
2026-09-23T21:51:00Z,2026-09-23T23:51:00+02:00,53,dr-robert,407,336,71,17.4
2026-09-23T21:51:00Z,2026-09-23T23:51:00+02:00,54,placa-vella,297,212,85,28.6
2026-09-23T21:51:00Z,2026-09-23T23:51:00+02:00,55,ajuntament-mercat,237,190,47,19.8
2026-09-23T21:52:00Z,2026-09-23T23:52:00+02:00,53,dr-robert,407,336,71,17.4
2026-09-23T21:52:00Z,2026-09-23T23:52:00+02:00,54,placa-vella,297,212,85,28.6
2026-09-23T21:52:00Z,2026-09-23T23:52:00+02:00,55,ajuntament-mercat,237,190,47,19.8
2026-09-23T21:53:00Z,2026-09-23T23:53:00+02:00,53,dr-robert,407,336,71,17.4
2026-09-23T21:53:00Z,2026-09-23T23:53:00+02:00,54,placa-vella,297,212,85,28.6
2026-09-23T21:53:00Z,2026-09-23T23:53:00+02:00,55,ajuntament-mercat,237,190,47,19.8
2026-09-23T21:54:00Z,2026-09-23T23:54:00+02:00,53,dr-robert,407,336,71,17.4
2026-09-23T21:54:00Z,2026-09-23T23:54:00+02:00,54,placa-vella,297,212,85,28.6
2026-09-23T21:54:00Z,2026-09-23T23:54:00+02:00,55,ajuntament-mercat,237,190,47,19.8
2026-09-23T21:55:00Z,2026-09-23T23:55:00+02:00,53,dr-robert,407,336,71,17.4
2026-09-23T21:55:00Z,2026-09-23T23:55:00+02:00,54,placa-vella,297,212,85,28.6
2026-09-23T21:55:00Z,2026-09-23T23:55:00+02:00,55,ajuntament-mercat,237,190,47,19.8
2026-09-23T21:56:00Z,2026-09-23T23:56:00+02:00,53,dr-robert,407,339,68,16.7
2026-09-23T21:56:00Z,2026-09-23T23:56:00+02:00,54,placa-vella,297,214,83,27.9
2026-09-23T21:56:00Z,2026-09-23T23:56:00+02:00,55,ajuntament-mercat,237,190,47,19.8
2026-09-23T21:57:00Z,2026-09-23T23:57:00+02:00,53,dr-robert,407,339,68,16.7
2026-09-23T21:57:00Z,2026-09-23T23:57:00+02:00,54,placa-vella,297,214,83,27.9
2026-09-23T21:57:00Z,2026-09-23T23:57:00+02:00,55,ajuntament-mercat,237,190,47,19.8
2026-09-23T21:58:00Z,2026-09-23T23:58:00+02:00,53,dr-robert,407,339,68,16.7
2026-09-23T21:58:00Z,2026-09-23T23:58:00+02:00,54,placa-vella,297,214,83,27.9
2026-09-23T21:58:00Z,2026-09-23T23:58:00+02:00,55,ajuntament-mercat,237,190,47,19.8
2026-09-23T21:59:00Z,2026-09-23T23:59:00+02:00,53,dr-robert,407,339,68,16.7
2026-09-23T21:59:00Z,2026-09-23T23:59:00+02:00,54,placa-vella,297,214,83,27.9
2026-09-23T21:59:00Z,2026-09-23T23:59:00+02:00,55,ajuntament-mercat,237,190,47,19.8
