timestamp_utc,timestamp_local,parking_id,parking_slug,capacity,available,occupied,occupancy_pct
2026-10-04T22:00:00Z,2026-10-05T00:00:00+02:00,53,dr-robert,407,346,61,15
2026-10-04T22:00:00Z,2026-10-05T00:00:00+02:00,54,placa-vella,297,208,89,30
2026-10-04T22:00:00Z,2026-10-05T00:00:00+02:00,55,ajuntament-mercat,237,199,38,16
2026-10-04T22:01:00Z,2026-10-05T00:01:00+02:00,53,dr-robert,407,346,61,15
2026-10-04T22:01:00Z,2026-10-05T00:01:00+02:00,54,placa-vella,297,208,89,30
2026-10-04T22:01:00Z,2026-10-05T00:01:00+02:00,55,ajuntament-mercat,237,199,38,16
2026-10-04T22:02:00Z,2026-10-05T00:02:00+02:00,53,dr-robert,407,346,61,15
2026-10-04T22:02:00Z,2026-10-05T00:02:00+02:00,54,placa-vella,297,208,89,30
2026-10-04T22:02:00Z,2026-10-05T00:02:00+02:00,55,ajuntament-mercat,237,199,38,16
2026-10-04T22:03:00Z,2026-10-05T00:03:00+02:00,53,dr-robert,407,346,61,15
2026-10-04T22:03:00Z,2026-10-05T00:03:00+02:00,54,placa-vella,297,208,89,30
2026-10-04T22:03:00Z,2026-10-05T00:03:00+02:00,55,ajuntament-mercat,237,199,38,16
2026-10-04T22:04:00Z,2026-10-05T00:04:00+02:00,53,dr-robert,407,346,61,15
2026-10-04T22:04:00Z,2026-10-05T00:04:00+02:00,54,placa-vella,297,208,89,30
2026-10-04T22:04:00Z,2026-10-05T00:04:00+02:00,55,ajuntament-mercat,237,199,38,16
2026-10-04T22:05:00Z,2026-10-05T00:05:00+02:00,53,dr-robert,407,345,62,15.2
2026-10-04T22:05:00Z,2026-10-05T00:05:00+02:00,54,placa-vella,297,208,89,30
2026-10-04T22:05:00Z,2026-10-05T00:05:00+02:00,55,ajuntament-mercat,237,199,38,16
2026-10-04T22:06:00Z,2026-10-05T00:06:00+02:00,53,dr-robert,407,345,62,15.2
2026-10-04T22:06:00Z,2026-10-05T00:06:00+02:00,54,placa-vella,297,208,89,30
2026-10-04T22:06:00Z,2026-10-05T00:06:00+02:00,55,ajuntament-mercat,237,199,38,16
2026-10-04T22:07:00Z,2026-10-05T00:07:00+02:00,53,dr-robert,407,345,62,15.2
2026-10-04T22:07:00Z,2026-10-05T00:07:00+02:00,54,placa-vella,297,208,89,30
2026-10-04T22:07:00Z,2026-10-05T00:07:00+02:00,55,ajuntament-mercat,237,199,38,16
2026-10-04T22:08:00Z,2026-10-05T00:08:00+02:00,53,dr-robert,407,345,62,15.2
2026-10-04T22:08:00Z,2026-10-05T00:08:00+02:00,54,placa-vella,297,208,89,30
2026-10-04T22:08:00Z,2026-10-05T00:08:00+02:00,55,ajuntament-mercat,237,199,38,16
2026-10-04T22:09:00Z,2026-10-05T00:09:00+02:00,53,dr-robert,407,345,62,15.2
2026-10-04T22:09:00Z,2026-10-05T00:09:00+02:00,54,placa-vella,297,208,89,30
2026-10-04T22:09:00Z,2026-10-05T00:09:00+02:00,55,ajuntament-mercat,237,199,38,16
2026-10-04T22:10:00Z,2026-10-05T00:10:00+02:00,53,dr-robert,407,346,61,15
2026-10-04T22:10:00Z,2026-10-05T00:10:00+02:00,54,placa-vella,297,208,89,30
2026-10-04T22:10:00Z,2026-10-05T00:10:00+02:00,55,ajuntament-mercat,237,199,38,16
2026-10-04T22:11:00Z,2026-10-05T00:11:00+02:00,53,dr-robert,407,346,61,15
2026-10-04T22:11:00Z,2026-10-05T00:11:00+02:00,54,placa-vella,297,208,89,30
2026-10-04T22:11:00Z,2026-10-05T00:11:00+02:00,55,ajuntament-mercat,237,199,38,16
2026-10-04T22:12:00Z,2026-10-05T00:12:00+02:00,53,dr-robert,407,346,61,15
2026-10-04T22:12:00Z,2026-10-05T00:12:00+02:00,54,placa-vella,297,208,89,30
2026-10-04T22:12:00Z,2026-10-05T00:12:00+02:00,55,ajuntament-mercat,237,199,38,16
2026-10-04T22:13:00Z,2026-10-05T00:13:00+02:00,53,dr-robert,407,346,61,15
2026-10-04T22:13:00Z,2026-10-05T00:13:00+02:00,54,placa-vella,297,208,89,30
2026-10-04T22:13:00Z,2026-10-05T00:13:00+02:00,55,ajuntament-mercat,237,199,38,16
2026-10-04T22:14:00Z,2026-10-05T00:14:00+02:00,53,dr-robert,407,346,61,15
2026-10-04T22:14:00Z,2026-10-05T00:14:00+02:00,54,placa-vella,297,208,89,30
2026-10-04T22:14:00Z,2026-10-05T00:14:00+02:00,55,ajuntament-mercat,237,199,38,16
2026-10-04T22:15:00Z,2026-10-05T00:15:00+02:00,53,dr-robert,407,346,61,15
2026-10-04T22:15:00Z,2026-10-05T00:15:00+02:00,54,placa-vella,297,208,89,30
2026-10-04T22:15:00Z,2026-10-05T00:15:00+02:00,55,ajuntament-mercat,237,199,38,16
2026-10-04T22:16:00Z,2026-10-05T00:16:00+02:00,53,dr-robert,407,346,61,15
2026-10-04T22:16:00Z,2026-10-05T00:16:00+02:00,54,placa-vella,297,208,89,30
2026-10-04T22:16:00Z,2026-10-05T00:16:00+02:00,55,ajuntament-mercat,237,199,38,16
2026-10-04T22:17:00Z,2026-10-05T00:17:00+02:00,53,dr-robert,407,346,61,15
2026-10-04T22:17:00Z,2026-10-05T00:17:00+02:00,54,placa-vella,297,208,89,30
2026-10-04T22:17:00Z,2026-10-05T00:17:00+02:00,55,ajuntament-mercat,237,199,38,16
2026-10-04T22:18:00Z,2026-10-05T00:18:00+02:00,53,dr-robert,407,346,61,15
2026-10-04T22:18:00Z,2026-10-05T00:18:00+02:00,54,placa-vella,297,208,89,30
2026-10-04T22:18:00Z,2026-10-05T00:18:00+02:00,55,ajuntament-mercat,237,199,38,16
2026-10-04T22:19:00Z,2026-10-05T00:19:00+02:00,53,dr-robert,407,346,61,15
2026-10-04T22:19:00Z,2026-10-05T00:19:00+02:00,54,placa-vella,297,208,89,30
2026-10-04T22:19:00Z,2026-10-05T00:19:00+02:00,55,ajuntament-mercat,237,199,38,16
2026-10-04T22:20:00Z,2026-10-05T00:20:00+02:00,53,dr-robert,407,347,60,14.7
2026-10-04T22:20:00Z,2026-10-05T00:20:00+02:00,54,placa-vella,297,208,89,30
2026-10-04T22:20:00Z,2026-10-05T00:20:00+02:00,55,ajuntament-mercat,237,199,38,16
2026-10-04T22:21:00Z,2026-10-05T00:21:00+02:00,53,dr-robert,407,347,60,14.7
2026-10-04T22:21:00Z,2026-10-05T00:21:00+02:00,54,placa-vella,297,208,89,30
2026-10-04T22:21:00Z,2026-10-05T00:21:00+02:00,55,ajuntament-mercat,237,199,38,16
2026-10-04T22:22:00Z,2026-10-05T00:22:00+02:00,53,dr-robert,407,347,60,14.7
2026-10-04T22:22:00Z,2026-10-05T00:22:00+02:00,54,placa-vella,297,208,89,30
2026-10-04T22:22:00Z,2026-10-05T00:22:00+02:00,55,ajuntament-mercat,237,199,38,16
2026-10-04T22:23:00Z,2026-10-05T00:23:00+02:00,53,dr-robert,407,347,60,14.7
2026-10-04T22:23:00Z,2026-10-05T00:23:00+02:00,54,placa-vella,297,208,89,30
2026-10-04T22:23:00Z,2026-10-05T00:23:00+02:00,55,ajuntament-mercat,237,199,38,16
2026-10-04T22:24:00Z,2026-10-05T00:24:00+02:00,53,dr-robert,407,347,60,14.7
2026-10-04T22:24:00Z,2026-10-05T00:24:00+02:00,54,placa-vella,297,208,89,30
2026-10-04T22:24:00Z,2026-10-05T00:24:00+02:00,55,ajuntament-mercat,237,199,38,16
2026-10-04T22:25:00Z,2026-10-05T00:25:00+02:00,53,dr-robert,407,349,58,14.3
2026-10-04T22:25:00Z,2026-10-05T00:25:00+02:00,54,placa-vella,297,208,89,30
2026-10-04T22:25:00Z,2026-10-05T00:25:00+02:00,55,ajuntament-mercat,237,199,38,16
2026-10-04T22:26:00Z,2026-10-05T00:26:00+02:00,53,dr-robert,407,349,58,14.3
2026-10-04T22:26:00Z,2026-10-05T00:26:00+02:00,54,placa-vella,297,208,89,30
2026-10-04T22:26:00Z,2026-10-05T00:26:00+02:00,55,ajuntament-mercat,237,199,38,16
2026-10-04T22:27:00Z,2026-10-05T00:27:00+02:00,53,dr-robert,407,349,58,14.3
2026-10-04T22:27:00Z,2026-10-05T00:27:00+02:00,54,placa-vella,297,208,89,30
2026-10-04T22:27:00Z,2026-10-05T00:27:00+02:00,55,ajuntament-mercat,237,199,38,16
2026-10-04T22:28:00Z,2026-10-05T00:28:00+02:00,53,dr-robert,407,349,58,14.3
2026-10-04T22:28:00Z,2026-10-05T00:28:00+02:00,54,placa-vella,297,208,89,30
2026-10-04T22:28:00Z,2026-10-05T00:28:00+02:00,55,ajuntament-mercat,237,199,38,16
2026-10-04T22:29:00Z,2026-10-05T00:29:00+02:00,53,dr-robert,407,349,58,14.3
2026-10-04T22:29:00Z,2026-10-05T00:29:00+02:00,54,placa-vella,297,208,89,30
2026-10-04T22:29:00Z,2026-10-05T00:29:00+02:00,55,ajuntament-mercat,237,199,38,16
2026-10-04T22:30:00Z,2026-10-05T00:30:00+02:00,53,dr-robert,407,349,58,14.3
2026-10-04T22:30:00Z,2026-10-05T00:30:00+02:00,54,placa-vella,297,208,89,30
2026-10-04T22:30:00Z,2026-10-05T00:30:00+02:00,55,ajuntament-mercat,237,199,38,16
2026-10-04T22:31:00Z,2026-10-05T00:31:00+02:00,53,dr-robert,407,349,58,14.3
2026-10-04T22:31:00Z,2026-10-05T00:31:00+02:00,54,placa-vella,297,208,89,30
2026-10-04T22:31:00Z,2026-10-05T00:31:00+02:00,55,ajuntament-mercat,237,199,38,16
2026-10-04T22:32:00Z,2026-10-05T00:32:00+02:00,53,dr-robert,407,349,58,14.3
2026-10-04T22:32:00Z,2026-10-05T00:32:00+02:00,54,placa-vella,297,208,89,30
2026-10-04T22:32:00Z,2026-10-05T00:32:00+02:00,55,ajuntament-mercat,237,199,38,16
2026-10-04T22:33:00Z,2026-10-05T00:33:00+02:00,53,dr-robert,407,349,58,14.3
2026-10-04T22:33:00Z,2026-10-05T00:33:00+02:00,54,placa-vella,297,208,89,30
2026-10-04T22:33:00Z,2026-10-05T00:33:00+02:00,55,ajuntament-mercat,237,199,38,16
2026-10-04T22:34:00Z,2026-10-05T00:34:00+02:00,53,dr-robert,407,349,58,14.3
2026-10-04T22:34:00Z,2026-10-05T00:34:00+02:00,54,placa-vella,297,208,89,30
2026-10-04T22:34:00Z,2026-10-05T00:34:00+02:00,55,ajuntament-mercat,237,199,38,16
2026-10-04T22:35:00Z,2026-10-05T00:35:00+02:00,53,dr-robert,407,351,56,13.8
2026-10-04T22:35:00Z,2026-10-05T00:35:00+02:00,54,placa-vella,297,208,89,30
2026-10-04T22:35:00Z,2026-10-05T00:35:00+02:00,55,ajuntament-mercat,237,199,38,16
2026-10-04T22:36:00Z,2026-10-05T00:36:00+02:00,53,dr-robert,407,351,56,13.8
2026-10-04T22:36:00Z,2026-10-05T00:36:00+02:00,54,placa-vella,297,208,89,30
2026-10-04T22:36:00Z,2026-10-05T00:36:00+02:00,55,ajuntament-mercat,237,199,38,16
2026-10-04T22:37:00Z,2026-10-05T00:37:00+02:00,53,dr-robert,407,351,56,13.8
2026-10-04T22:37:00Z,2026-10-05T00:37:00+02:00,54,placa-vella,297,208,89,30
2026-10-04T22:37:00Z,2026-10-05T00:37:00+02:00,55,ajuntament-mercat,237,199,38,16
2026-10-04T22:38:00Z,2026-10-05T00:38:00+02:00,53,dr-robert,407,351,56,13.8
2026-10-04T22:38:00Z,2026-10-05T00:38:00+02:00,54,placa-vella,297,208,89,30
2026-10-04T22:38:00Z,2026-10-05T00:38:00+02:00,55,ajuntament-mercat,237,199,38,16
2026-10-04T22:39:00Z,2026-10-05T00:39:00+02:00,53,dr-robert,407,351,56,13.8
2026-10-04T22:39:00Z,2026-10-05T00:39:00+02:00,54,placa-vella,297,208,89,30
2026-10-04T22:39:00Z,2026-10-05T00:39:00+02:00,55,ajuntament-mercat,237,199,38,16
2026-10-04T22:40:00Z,2026-10-05T00:40:00+02:00,53,dr-robert,407,351,56,13.8
2026-10-04T22:40:00Z,2026-10-05T00:40:00+02:00,54,placa-vella,297,208,89,30
2026-10-04T22:40:00Z,2026-10-05T00:40:00+02:00,55,ajuntament-mercat,237,199,38,16
2026-10-04T22:41:00Z,2026-10-05T00:41:00+02:00,53,dr-robert,407,351,56,13.8
2026-10-04T22:41:00Z,2026-10-05T00:41:00+02:00,54,placa-vella,297,208,89,30
2026-10-04T22:41:00Z,2026-10-05T00:41:00+02:00,55,ajuntament-mercat,237,199,38,16
2026-10-04T22:42:00Z,2026-10-05T00:42:00+02:00,53,dr-robert,407,351,56,13.8
2026-10-04T22:42:00Z,2026-10-05T00:42:00+02:00,54,placa-vella,297,208,89,30
2026-10-04T22:42:00Z,2026-10-05T00:42:00+02:00,55,ajuntament-mercat,237,199,38,16
2026-10-04T22:43:00Z,2026-10-05T00:43:00+02:00,53,dr-robert,407,351,56,13.8
2026-10-04T22:43:00Z,2026-10-05T00:43:00+02:00,54,placa-vella,297,208,89,30
2026-10-04T22:43:00Z,2026-10-05T00:43:00+02:00,55,ajuntament-mercat,237,199,38,16
2026-10-04T22:44:00Z,2026-10-05T00:44:00+02:00,53,dr-robert,407,351,56,13.8
2026-10-04T22:44:00Z,2026-10-05T00:44:00+02:00,54,placa-vella,297,208,89,30
2026-10-04T22:44:00Z,2026-10-05T00:44:00+02:00,55,ajuntament-mercat,237,199,38,16
2026-10-04T22:45:00Z,2026-10-05T00:45:00+02:00,53,dr-robert,407,351,56,13.8
2026-10-04T22:45:00Z,2026-10-05T00:45:00+02:00,54,placa-vella,297,208,89,30
2026-10-04T22:45:00Z,2026-10-05T00:45:00+02:00,55,ajuntament-mercat,237,199,38,16
2026-10-04T22:46:00Z,2026-10-05T00:46:00+02:00,53,dr-robert,407,350,57,14
2026-10-04T22:46:00Z,2026-10-05T00:46:00+02:00,54,placa-vella,297,208,89,30
2026-10-04T22:46:00Z,2026-10-05T00:46:00+02:00,55,ajuntament-mercat,237,199,38,16
2026-10-04T22:47:00Z,2026-10-05T00:47:00+02:00,53,dr-robert,407,350,57,14
2026-10-04T22:47:00Z,2026-10-05T00:47:00+02:00,54,placa-vella,297,208,89,30
2026-10-04T22:47:00Z,2026-10-05T00:47:00+02:00,55,ajuntament-mercat,237,199,38,16
2026-10-04T22:48:00Z,2026-10-05T00:48:00+02:00,53,dr-robert,407,350,57,14
2026-10-04T22:48:00Z,2026-10-05T00:48:00+02:00,54,placa-vella,297,208,89,30
2026-10-04T22:48:00Z,2026-10-05T00:48:00+02:00,55,ajuntament-mercat,237,199,38,16
2026-10-04T22:49:00Z,2026-10-05T00:49:00+02:00,53,dr-robert,407,350,57,14
2026-10-04T22:49:00Z,2026-10-05T00:49:00+02:00,54,placa-vella,297,208,89,30
2026-10-04T22:49:00Z,2026-10-05T00:49:00+02:00,55,ajuntament-mercat,237,199,38,16
2026-10-04T22:50:00Z,2026-10-05T00:50:00+02:00,53,dr-robert,407,349,58,14.3
2026-10-04T22:50:00Z,2026-10-05T00:50:00+02:00,54,placa-vella,297,208,89,30
2026-10-04T22:50:00Z,2026-10-05T00:50:00+02:00,55,ajuntament-mercat,237,199,38,16
2026-10-04T22:51:00Z,2026-10-05T00:51:00+02:00,53,dr-robert,407,349,58,14.3
2026-10-04T22:51:00Z,2026-10-05T00:51:00+02:00,54,placa-vella,297,208,89,30
2026-10-04T22:51:00Z,2026-10-05T00:51:00+02:00,55,ajuntament-mercat,237,199,38,16
2026-10-04T22:52:00Z,2026-10-05T00:52:00+02:00,53,dr-robert,407,349,58,14.3
2026-10-04T22:52:00Z,2026-10-05T00:52:00+02:00,54,placa-vella,297,208,89,30
2026-10-04T22:52:00Z,2026-10-05T00:52:00+02:00,55,ajuntament-mercat,237,199,38,16
2026-10-04T22:53:00Z,2026-10-05T00:53:00+02:00,53,dr-robert,407,349,58,14.3
2026-10-04T22:53:00Z,2026-10-05T00:53:00+02:00,54,placa-vella,297,208,89,30
2026-10-04T22:53:00Z,2026-10-05T00:53:00+02:00,55,ajuntament-mercat,237,199,38,16
2026-10-04T22:54:00Z,2026-10-05T00:54:00+02:00,53,dr-robert,407,349,58,14.3
2026-10-04T22:54:00Z,2026-10-05T00:54:00+02:00,54,placa-vella,297,208,89,30
2026-10-04T22:54:00Z,2026-10-05T00:54:00+02:00,55,ajuntament-mercat,237,199,38,16
2026-10-04T22:55:00Z,2026-10-05T00:55:00+02:00,53,dr-robert,407,349,58,14.3
2026-10-04T22:55:00Z,2026-10-05T00:55:00+02:00,54,placa-vella,297,208,89,30
2026-10-04T22:55:00Z,2026-10-05T00:55:00+02:00,55,ajuntament-mercat,237,199,38,16
2026-10-04T22:56:00Z,2026-10-05T00:56:00+02:00,53,dr-robert,407,349,58,14.3
2026-10-04T22:56:00Z,2026-10-05T00:56:00+02:00,54,placa-vella,297,208,89,30
2026-10-04T22:56:00Z,2026-10-05T00:56:00+02:00,55,ajuntament-mercat,237,199,38,16
2026-10-04T22:57:00Z,2026-10-05T00:57:00+02:00,53,dr-robert,407,349,58,14.3
2026-10-04T22:57:00Z,2026-10-05T00:57:00+02:00,54,placa-vella,297,208,89,30
2026-10-04T22:57:00Z,2026-10-05T00:57:00+02:00,55,ajuntament-mercat,237,199,38,16
2026-10-04T22:58:00Z,2026-10-05T00:58:00+02:00,53,dr-robert,407,349,58,14.3
2026-10-04T22:58:00Z,2026-10-05T00:58:00+02:00,54,placa-vella,297,208,89,30
2026-10-04T22:58:00Z,2026-10-05T00:58:00+02:00,55,ajuntament-mercat,237,199,38,16
2026-10-04T22:59:00Z,2026-10-05T00:59:00+02:00,53,dr-robert,407,349,58,14.3
2026-10-04T22:59:00Z,2026-10-05T00:59:00+02:00,54,placa-vella,297,208,89,30
2026-10-04T22:59:00Z,2026-10-05T00:59:00+02:00,55,ajuntament-mercat,237,199,38,16
2026-10-04T23:00:00Z,2026-10-05T01:00:00+02:00,53,dr-robert,407,349,58,14.3
2026-10-04T23:00:00Z,2026-10-05T01:00:00+02:00,54,placa-vella,297,208,89,30
2026-10-04T23:00:00Z,2026-10-05T01:00:00+02:00,55,ajuntament-mercat,237,199,38,16
2026-10-04T23:01:00Z,2026-10-05T01:01:00+02:00,53,dr-robert,407,349,58,14.3
2026-10-04T23:01:00Z,2026-10-05T01:01:00+02:00,54,placa-vella,297,208,89,30
2026-10-04T23:01:00Z,2026-10-05T01:01:00+02:00,55,ajuntament-mercat,237,199,38,16
2026-10-04T23:02:00Z,2026-10-05T01:02:00+02:00,53,dr-robert,407,349,58,14.3
2026-10-04T23:02:00Z,2026-10-05T01:02:00+02:00,54,placa-vella,297,208,89,30
2026-10-04T23:02:00Z,2026-10-05T01:02:00+02:00,55,ajuntament-mercat,237,199,38,16
2026-10-04T23:03:00Z,2026-10-05T01:03:00+02:00,53,dr-robert,407,349,58,14.3
2026-10-04T23:03:00Z,2026-10-05T01:03:00+02:00,54,placa-vella,297,208,89,30
2026-10-04T23:03:00Z,2026-10-05T01:03:00+02:00,55,ajuntament-mercat,237,199,38,16
2026-10-04T23:04:00Z,2026-10-05T01:04:00+02:00,53,dr-robert,407,349,58,14.3
2026-10-04T23:04:00Z,2026-10-05T01:04:00+02:00,54,placa-vella,297,208,89,30
2026-10-04T23:04:00Z,2026-10-05T01:04:00+02:00,55,ajuntament-mercat,237,199,38,16
2026-10-04T23:05:00Z,2026-10-05T01:05:00+02:00,53,dr-robert,407,350,57,14
2026-10-04T23:05:00Z,2026-10-05T01:05:00+02:00,54,placa-vella,297,208,89,30
2026-10-04T23:05:00Z,2026-10-05T01:05:00+02:00,55,ajuntament-mercat,237,199,38,16
2026-10-04T23:06:00Z,2026-10-05T01:06:00+02:00,53,dr-robert,407,350,57,14
2026-10-04T23:06:00Z,2026-10-05T01:06:00+02:00,54,placa-vella,297,208,89,30
2026-10-04T23:06:00Z,2026-10-05T01:06:00+02:00,55,ajuntament-mercat,237,199,38,16
2026-10-04T23:07:00Z,2026-10-05T01:07:00+02:00,53,dr-robert,407,350,57,14
2026-10-04T23:07:00Z,2026-10-05T01:07:00+02:00,54,placa-vella,297,208,89,30
2026-10-04T23:07:00Z,2026-10-05T01:07:00+02:00,55,ajuntament-mercat,237,199,38,16
2026-10-04T23:08:00Z,2026-10-05T01:08:00+02:00,53,dr-robert,407,350,57,14
2026-10-04T23:08:00Z,2026-10-05T01:08:00+02:00,54,placa-vella,297,208,89,30
2026-10-04T23:08:00Z,2026-10-05T01:08:00+02:00,55,ajuntament-mercat,237,199,38,16
2026-10-04T23:09:00Z,2026-10-05T01:09:00+02:00,53,dr-robert,407,350,57,14
2026-10-04T23:09:00Z,2026-10-05T01:09:00+02:00,54,placa-vella,297,208,89,30
2026-10-04T23:09:00Z,2026-10-05T01:09:00+02:00,55,ajuntament-mercat,237,199,38,16
2026-10-04T23:10:00Z,2026-10-05T01:10:00+02:00,53,dr-robert,407,349,58,14.3
2026-10-04T23:10:00Z,2026-10-05T01:10:00+02:00,54,placa-vella,297,208,89,30
2026-10-04T23:10:00Z,2026-10-05T01:10:00+02:00,55,ajuntament-mercat,237,199,38,16
2026-10-04T23:11:00Z,2026-10-05T01:11:00+02:00,53,dr-robert,407,349,58,14.3
2026-10-04T23:11:00Z,2026-10-05T01:11:00+02:00,54,placa-vella,297,208,89,30
2026-10-04T23:11:00Z,2026-10-05T01:11:00+02:00,55,ajuntament-mercat,237,199,38,16
2026-10-04T23:12:00Z,2026-10-05T01:12:00+02:00,53,dr-robert,407,349,58,14.3
2026-10-04T23:12:00Z,2026-10-05T01:12:00+02:00,54,placa-vella,297,208,89,30
2026-10-04T23:12:00Z,2026-10-05T01:12:00+02:00,55,ajuntament-mercat,237,199,38,16
2026-10-04T23:13:00Z,2026-10-05T01:13:00+02:00,53,dr-robert,407,349,58,14.3
2026-10-04T23:13:00Z,2026-10-05T01:13:00+02:00,54,placa-vella,297,208,89,30
2026-10-04T23:13:00Z,2026-10-05T01:13:00+02:00,55,ajuntament-mercat,237,199,38,16
2026-10-04T23:14:00Z,2026-10-05T01:14:00+02:00,53,dr-robert,407,349,58,14.3
2026-10-04T23:14:00Z,2026-10-05T01:14:00+02:00,54,placa-vella,297,208,89,30
2026-10-04T23:14:00Z,2026-10-05T01:14:00+02:00,55,ajuntament-mercat,237,199,38,16
2026-10-04T23:15:00Z,2026-10-05T01:15:00+02:00,53,dr-robert,407,349,58,14.3
2026-10-04T23:15:00Z,2026-10-05T01:15:00+02:00,54,placa-vella,297,208,89,30
2026-10-04T23:15:00Z,2026-10-05T01:15:00+02:00,55,ajuntament-mercat,237,199,38,16
2026-10-04T23:16:00Z,2026-10-05T01:16:00+02:00,53,dr-robert,407,349,58,14.3
2026-10-04T23:16:00Z,2026-10-05T01:16:00+02:00,54,placa-vella,297,208,89,30
2026-10-04T23:16:00Z,2026-10-05T01:16:00+02:00,55,ajuntament-mercat,237,199,38,16
2026-10-04T23:17:00Z,2026-10-05T01:17:00+02:00,53,dr-robert,407,349,58,14.3
2026-10-04T23:17:00Z,2026-10-05T01:17:00+02:00,54,placa-vella,297,208,89,30
2026-10-04T23:17:00Z,2026-10-05T01:17:00+02:00,55,ajuntament-mercat,237,199,38,16
2026-10-04T23:18:00Z,2026-10-05T01:18:00+02:00,53,dr-robert,407,349,58,14.3
2026-10-04T23:18:00Z,2026-10-05T01:18:00+02:00,54,placa-vella,297,208,89,30
2026-10-04T23:18:00Z,2026-10-05T01:18:00+02:00,55,ajuntament-mercat,237,199,38,16
2026-10-04T23:19:00Z,2026-10-05T01:19:00+02:00,53,dr-robert,407,349,58,14.3
2026-10-04T23:19:00Z,2026-10-05T01:19:00+02:00,54,placa-vella,297,208,89,30
2026-10-04T23:19:00Z,2026-10-05T01:19:00+02:00,55,ajuntament-mercat,237,199,38,16
2026-10-04T23:20:00Z,2026-10-05T01:20:00+02:00,53,dr-robert,407,349,58,14.3
2026-10-04T23:20:00Z,2026-10-05T01:20:00+02:00,54,placa-vella,297,208,89,30
2026-10-04T23:20:00Z,2026-10-05T01:20:00+02:00,55,ajuntament-mercat,237,199,38,16
2026-10-04T23:21:00Z,2026-10-05T01:21:00+02:00,53,dr-robert,407,349,58,14.3
2026-10-04T23:21:00Z,2026-10-05T01:21:00+02:00,54,placa-vella,297,208,89,30
2026-10-04T23:21:00Z,2026-10-05T01:21:00+02:00,55,ajuntament-mercat,237,199,38,16
2026-10-04T23:22:00Z,2026-10-05T01:22:00+02:00,53,dr-robert,407,349,58,14.3
2026-10-04T23:22:00Z,2026-10-05T01:22:00+02:00,54,placa-vella,297,208,89,30
2026-10-04T23:22:00Z,2026-10-05T01:22:00+02:00,55,ajuntament-mercat,237,199,38,16
2026-10-04T23:23:00Z,2026-10-05T01:23:00+02:00,53,dr-robert,407,349,58,14.3
2026-10-04T23:23:00Z,2026-10-05T01:23:00+02:00,54,placa-vella,297,208,89,30
2026-10-04T23:23:00Z,2026-10-05T01:23:00+02:00,55,ajuntament-mercat,237,199,38,16
2026-10-04T23:24:00Z,2026-10-05T01:24:00+02:00,53,dr-robert,407,349,58,14.3
2026-10-04T23:24:00Z,2026-10-05T01:24:00+02:00,54,placa-vella,297,208,89,30
2026-10-04T23:24:00Z,2026-10-05T01:24:00+02:00,55,ajuntament-mercat,237,199,38,16
2026-10-04T23:25:00Z,2026-10-05T01:25:00+02:00,53,dr-robert,407,349,58,14.3
2026-10-04T23:25:00Z,2026-10-05T01:25:00+02:00,54,placa-vella,297,208,89,30
2026-10-04T23:25:00Z,2026-10-05T01:25:00+02:00,55,ajuntament-mercat,237,199,38,16
2026-10-04T23:26:00Z,2026-10-05T01:26:00+02:00,53,dr-robert,407,349,58,14.3
2026-10-04T23:26:00Z,2026-10-05T01:26:00+02:00,54,placa-vella,297,208,89,30
2026-10-04T23:26:00Z,2026-10-05T01:26:00+02:00,55,ajuntament-mercat,237,199,38,16
2026-10-04T23:27:00Z,2026-10-05T01:27:00+02:00,53,dr-robert,407,349,58,14.3
2026-10-04T23:27:00Z,2026-10-05T01:27:00+02:00,54,placa-vella,297,208,89,30
2026-10-04T23:27:00Z,2026-10-05T01:27:00+02:00,55,ajuntament-mercat,237,199,38,16
2026-10-04T23:28:00Z,2026-10-05T01:28:00+02:00,53,dr-robert,407,349,58,14.3
2026-10-04T23:28:00Z,2026-10-05T01:28:00+02:00,54,placa-vella,297,208,89,30
2026-10-04T23:28:00Z,2026-10-05T01:28:00+02:00,55,ajuntament-mercat,237,199,38,16
2026-10-04T23:29:00Z,2026-10-05T01:29:00+02:00,53,dr-robert,407,349,58,14.3
2026-10-04T23:29:00Z,2026-10-05T01:29:00+02:00,54,placa-vella,297,208,89,30
2026-10-04T23:29:00Z,2026-10-05T01:29:00+02:00,55,ajuntament-mercat,237,199,38,16
2026-10-04T23:30:00Z,2026-10-05T01:30:00+02:00,53,dr-robert,407,349,58,14.3
2026-10-04T23:30:00Z,2026-10-05T01:30:00+02:00,54,placa-vella,297,208,89,30
2026-10-04T23:30:00Z,2026-10-05T01:30:00+02:00,55,ajuntament-mercat,237,199,38,16
2026-10-04T23:31:00Z,2026-10-05T01:31:00+02:00,53,dr-robert,407,349,58,14.3
2026-10-04T23:31:00Z,2026-10-05T01:31:00+02:00,54,placa-vella,297,208,89,30
2026-10-04T23:31:00Z,2026-10-05T01:31:00+02:00,55,ajuntament-mercat,237,199,38,16
2026-10-04T23:32:00Z,2026-10-05T01:32:00+02:00,53,dr-robert,407,349,58,14.3
2026-10-04T23:32:00Z,2026-10-05T01:32:00+02:00,54,placa-vella,297,208,89,30
2026-10-04T23:32:00Z,2026-10-05T01:32:00+02:00,55,ajuntament-mercat,237,199,38,16
2026-10-04T23:33:00Z,2026-10-05T01:33:00+02:00,53,dr-robert,407,349,58,14.3
2026-10-04T23:33:00Z,2026-10-05T01:33:00+02:00,54,placa-vella,297,208,89,30
2026-10-04T23:33:00Z,2026-10-05T01:33:00+02:00,55,ajuntament-mercat,237,199,38,16
2026-10-04T23:34:00Z,2026-10-05T01:34:00+02:00,53,dr-robert,407,349,58,14.3
2026-10-04T23:34:00Z,2026-10-05T01:34:00+02:00,54,placa-vella,297,208,89,30
2026-10-04T23:34:00Z,2026-10-05T01:34:00+02:00,55,ajuntament-mercat,237,199,38,16
2026-10-04T23:35:00Z,2026-10-05T01:35:00+02:00,53,dr-robert,407,350,57,14
2026-10-04T23:35:00Z,2026-10-05T01:35:00+02:00,54,placa-vella,297,208,89,30
2026-10-04T23:35:00Z,2026-10-05T01:35:00+02:00,55,ajuntament-mercat,237,199,38,16
2026-10-04T23:36:00Z,2026-10-05T01:36:00+02:00,53,dr-robert,407,350,57,14
2026-10-04T23:36:00Z,2026-10-05T01:36:00+02:00,54,placa-vella,297,208,89,30
2026-10-04T23:36:00Z,2026-10-05T01:36:00+02:00,55,ajuntament-mercat,237,199,38,16
2026-10-04T23:37:00Z,2026-10-05T01:37:00+02:00,53,dr-robert,407,350,57,14
2026-10-04T23:37:00Z,2026-10-05T01:37:00+02:00,54,placa-vella,297,208,89,30
2026-10-04T23:37:00Z,2026-10-05T01:37:00+02:00,55,ajuntament-mercat,237,199,38,16
2026-10-04T23:38:00Z,2026-10-05T01:38:00+02:00,53,dr-robert,407,350,57,14
2026-10-04T23:38:00Z,2026-10-05T01:38:00+02:00,54,placa-vella,297,208,89,30
2026-10-04T23:38:00Z,2026-10-05T01:38:00+02:00,55,ajuntament-mercat,237,199,38,16
2026-10-04T23:39:00Z,2026-10-05T01:39:00+02:00,53,dr-robert,407,350,57,14
2026-10-04T23:39:00Z,2026-10-05T01:39:00+02:00,54,placa-vella,297,208,89,30
2026-10-04T23:39:00Z,2026-10-05T01:39:00+02:00,55,ajuntament-mercat,237,199,38,16
2026-10-04T23:40:00Z,2026-10-05T01:40:00+02:00,53,dr-robert,407,349,58,14.3
2026-10-04T23:40:00Z,2026-10-05T01:40:00+02:00,54,placa-vella,297,208,89,30
2026-10-04T23:40:00Z,2026-10-05T01:40:00+02:00,55,ajuntament-mercat,237,199,38,16
2026-10-04T23:41:00Z,2026-10-05T01:41:00+02:00,53,dr-robert,407,349,58,14.3
2026-10-04T23:41:00Z,2026-10-05T01:41:00+02:00,54,placa-vella,297,208,89,30
2026-10-04T23:41:00Z,2026-10-05T01:41:00+02:00,55,ajuntament-mercat,237,199,38,16
2026-10-04T23:42:00Z,2026-10-05T01:42:00+02:00,53,dr-robert,407,349,58,14.3
2026-10-04T23:42:00Z,2026-10-05T01:42:00+02:00,54,placa-vella,297,208,89,30
2026-10-04T23:42:00Z,2026-10-05T01:42:00+02:00,55,ajuntament-mercat,237,199,38,16
2026-10-04T23:43:00Z,2026-10-05T01:43:00+02:00,53,dr-robert,407,349,58,14.3
2026-10-04T23:43:00Z,2026-10-05T01:43:00+02:00,54,placa-vella,297,208,89,30
2026-10-04T23:43:00Z,2026-10-05T01:43:00+02:00,55,ajuntament-mercat,237,199,38,16
2026-10-04T23:44:00Z,2026-10-05T01:44:00+02:00,53,dr-robert,407,349,58,14.3
2026-10-04T23:44:00Z,2026-10-05T01:44:00+02:00,54,placa-vella,297,208,89,30
2026-10-04T23:44:00Z,2026-10-05T01:44:00+02:00,55,ajuntament-mercat,237,199,38,16
2026-10-04T23:45:00Z,2026-10-05T01:45:00+02:00,53,dr-robert,407,349,58,14.3
2026-10-04T23:45:00Z,2026-10-05T01:45:00+02:00,54,placa-vella,297,208,89,30
2026-10-04T23:45:00Z,2026-10-05T01:45:00+02:00,55,ajuntament-mercat,237,199,38,16
2026-10-04T23:46:00Z,2026-10-05T01:46:00+02:00,53,dr-robert,407,349,58,14.3
2026-10-04T23:46:00Z,2026-10-05T01:46:00+02:00,54,placa-vella,297,208,89,30
2026-10-04T23:46:00Z,2026-10-05T01:46:00+02:00,55,ajuntament-mercat,237,199,38,16
2026-10-04T23:47:00Z,2026-10-05T01:47:00+02:00,53,dr-robert,407,349,58,14.3
2026-10-04T23:47:00Z,2026-10-05T01:47:00+02:00,54,placa-vella,297,208,89,30
2026-10-04T23:47:00Z,2026-10-05T01:47:00+02:00,55,ajuntament-mercat,237,199,38,16
2026-10-04T23:48:00Z,2026-10-05T01:48:00+02:00,53,dr-robert,407,349,58,14.3
2026-10-04T23:48:00Z,2026-10-05T01:48:00+02:00,54,placa-vella,297,208,89,30
2026-10-04T23:48:00Z,2026-10-05T01:48:00+02:00,55,ajuntament-mercat,237,199,38,16
2026-10-04T23:49:00Z,2026-10-05T01:49:00+02:00,53,dr-robert,407,349,58,14.3
2026-10-04T23:49:00Z,2026-10-05T01:49:00+02:00,54,placa-vella,297,208,89,30
2026-10-04T23:49:00Z,2026-10-05T01:49:00+02:00,55,ajuntament-mercat,237,199,38,16
2026-10-04T23:50:00Z,2026-10-05T01:50:00+02:00,53,dr-robert,407,349,58,14.3
2026-10-04T23:50:00Z,2026-10-05T01:50:00+02:00,54,placa-vella,297,208,89,30
2026-10-04T23:50:00Z,2026-10-05T01:50:00+02:00,55,ajuntament-mercat,237,199,38,16
2026-10-04T23:51:00Z,2026-10-05T01:51:00+02:00,53,dr-robert,407,349,58,14.3
2026-10-04T23:51:00Z,2026-10-05T01:51:00+02:00,54,placa-vella,297,208,89,30
2026-10-04T23:51:00Z,2026-10-05T01:51:00+02:00,55,ajuntament-mercat,237,199,38,16
2026-10-04T23:52:00Z,2026-10-05T01:52:00+02:00,53,dr-robert,407,349,58,14.3
2026-10-04T23:52:00Z,2026-10-05T01:52:00+02:00,54,placa-vella,297,208,89,30
2026-10-04T23:52:00Z,2026-10-05T01:52:00+02:00,55,ajuntament-mercat,237,199,38,16
2026-10-04T23:53:00Z,2026-10-05T01:53:00+02:00,53,dr-robert,407,349,58,14.3
2026-10-04T23:53:00Z,2026-10-05T01:53:00+02:00,54,placa-vella,297,208,89,30
2026-10-04T23:53:00Z,2026-10-05T01:53:00+02:00,55,ajuntament-mercat,237,199,38,16
2026-10-04T23:54:00Z,2026-10-05T01:54:00+02:00,53,dr-robert,407,349,58,14.3
2026-10-04T23:54:00Z,2026-10-05T01:54:00+02:00,54,placa-vella,297,208,89,30
2026-10-04T23:54:00Z,2026-10-05T01:54:00+02:00,55,ajuntament-mercat,237,199,38,16
2026-10-04T23:55:00Z,2026-10-05T01:55:00+02:00,53,dr-robert,407,349,58,14.3
2026-10-04T23:55:00Z,2026-10-05T01:55:00+02:00,54,placa-vella,297,208,89,30
2026-10-04T23:55:00Z,2026-10-05T01:55:00+02:00,55,ajuntament-mercat,237,199,38,16
2026-10-04T23:56:00Z,2026-10-05T01:56:00+02:00,53,dr-robert,407,349,58,14.3
2026-10-04T23:56:00Z,2026-10-05T01:56:00+02:00,54,placa-vella,297,208,89,30
2026-10-04T23:56:00Z,2026-10-05T01:56:00+02:00,55,ajuntament-mercat,237,199,38,16
2026-10-04T23:57:00Z,2026-10-05T01:57:00+02:00,53,dr-robert,407,349,58,14.3
2026-10-04T23:57:00Z,2026-10-05T01:57:00+02:00,54,placa-vella,297,208,89,30
2026-10-04T23:57:00Z,2026-10-05T01:57:00+02:00,55,ajuntament-mercat,237,199,38,16
2026-10-04T23:58:00Z,2026-10-05T01:58:00+02:00,53,dr-robert,407,349,58,14.3
2026-10-04T23:58:00Z,2026-10-05T01:58:00+02:00,54,placa-vella,297,208,89,30
2026-10-04T23:58:00Z,2026-10-05T01:58:00+02:00,55,ajuntament-mercat,237,199,38,16
2026-10-04T23:59:00Z,2026-10-05T01:59:00+02:00,53,dr-robert,407,349,58,14.3
2026-10-04T23:59:00Z,2026-10-05T01:59:00+02:00,54,placa-vella,297,208,89,30
2026-10-04T23:59:00Z,2026-10-05T01:59:00+02:00,55,ajuntament-mercat,237,199,38,16
2026-10-05T00:00:00Z,2026-10-05T02:00:00+02:00,53,dr-robert,407,349,58,14.3
2026-10-05T00:00:00Z,2026-10-05T02:00:00+02:00,54,placa-vella,297,208,89,30
2026-10-05T00:00:00Z,2026-10-05T02:00:00+02:00,55,ajuntament-mercat,237,199,38,16
2026-10-05T00:01:00Z,2026-10-05T02:01:00+02:00,53,dr-robert,407,348,59,14.5
2026-10-05T00:01:00Z,2026-10-05T02:01:00+02:00,54,placa-vella,297,208,89,30
2026-10-05T00:01:00Z,2026-10-05T02:01:00+02:00,55,ajuntament-mercat,237,199,38,16
2026-10-05T00:02:00Z,2026-10-05T02:02:00+02:00,53,dr-robert,407,348,59,14.5
2026-10-05T00:02:00Z,2026-10-05T02:02:00+02:00,54,placa-vella,297,208,89,30
2026-10-05T00:02:00Z,2026-10-05T02:02:00+02:00,55,ajuntament-mercat,237,199,38,16
2026-10-05T00:03:00Z,2026-10-05T02:03:00+02:00,53,dr-robert,407,348,59,14.5
2026-10-05T00:03:00Z,2026-10-05T02:03:00+02:00,54,placa-vella,297,208,89,30
2026-10-05T00:03:00Z,2026-10-05T02:03:00+02:00,55,ajuntament-mercat,237,199,38,16
2026-10-05T00:04:00Z,2026-10-05T02:04:00+02:00,53,dr-robert,407,348,59,14.5
2026-10-05T00:04:00Z,2026-10-05T02:04:00+02:00,54,placa-vella,297,208,89,30
2026-10-05T00:04:00Z,2026-10-05T02:04:00+02:00,55,ajuntament-mercat,237,199,38,16
2026-10-05T00:05:00Z,2026-10-05T02:05:00+02:00,53,dr-robert,407,348,59,14.5
2026-10-05T00:05:00Z,2026-10-05T02:05:00+02:00,54,placa-vella,297,208,89,30
2026-10-05T00:05:00Z,2026-10-05T02:05:00+02:00,55,ajuntament-mercat,237,199,38,16
2026-10-05T00:06:00Z,2026-10-05T02:06:00+02:00,53,dr-robert,407,348,59,14.5
2026-10-05T00:06:00Z,2026-10-05T02:06:00+02:00,54,placa-vella,297,208,89,30
2026-10-05T00:06:00Z,2026-10-05T02:06:00+02:00,55,ajuntament-mercat,237,199,38,16
2026-10-05T00:07:00Z,2026-10-05T02:07:00+02:00,53,dr-robert,407,348,59,14.5
2026-10-05T00:07:00Z,2026-10-05T02:07:00+02:00,54,placa-vella,297,208,89,30
2026-10-05T00:07:00Z,2026-10-05T02:07:00+02:00,55,ajuntament-mercat,237,199,38,16
2026-10-05T00:08:00Z,2026-10-05T02:08:00+02:00,53,dr-robert,407,348,59,14.5
2026-10-05T00:08:00Z,2026-10-05T02:08:00+02:00,54,placa-vella,297,208,89,30
2026-10-05T00:08:00Z,2026-10-05T02:08:00+02:00,55,ajuntament-mercat,237,199,38,16
2026-10-05T00:09:00Z,2026-10-05T02:09:00+02:00,53,dr-robert,407,348,59,14.5
2026-10-05T00:09:00Z,2026-10-05T02:09:00+02:00,54,placa-vella,297,208,89,30
2026-10-05T00:09:00Z,2026-10-05T02:09:00+02:00,55,ajuntament-mercat,237,199,38,16
2026-10-05T00:10:00Z,2026-10-05T02:10:00+02:00,53,dr-robert,407,348,59,14.5
2026-10-05T00:10:00Z,2026-10-05T02:10:00+02:00,54,placa-vella,297,208,89,30
2026-10-05T00:10:00Z,2026-10-05T02:10:00+02:00,55,ajuntament-mercat,237,199,38,16
2026-10-05T00:11:00Z,2026-10-05T02:11:00+02:00,53,dr-robert,407,348,59,14.5
2026-10-05T00:11:00Z,2026-10-05T02:11:00+02:00,54,placa-vella,297,208,89,30
2026-10-05T00:11:00Z,2026-10-05T02:11:00+02:00,55,ajuntament-mercat,237,199,38,16
2026-10-05T00:12:00Z,2026-10-05T02:12:00+02:00,53,dr-robert,407,348,59,14.5
2026-10-05T00:12:00Z,2026-10-05T02:12:00+02:00,54,placa-vella,297,208,89,30
2026-10-05T00:12:00Z,2026-10-05T02:12:00+02:00,55,ajuntament-mercat,237,199,38,16
2026-10-05T00:13:00Z,2026-10-05T02:13:00+02:00,53,dr-robert,407,348,59,14.5
2026-10-05T00:13:00Z,2026-10-05T02:13:00+02:00,54,placa-vella,297,208,89,30
2026-10-05T00:13:00Z,2026-10-05T02:13:00+02:00,55,ajuntament-mercat,237,199,38,16
2026-10-05T00:14:00Z,2026-10-05T02:14:00+02:00,53,dr-robert,407,348,59,14.5
2026-10-05T00:14:00Z,2026-10-05T02:14:00+02:00,54,placa-vella,297,208,89,30
2026-10-05T00:14:00Z,2026-10-05T02:14:00+02:00,55,ajuntament-mercat,237,199,38,16
2026-10-05T00:15:00Z,2026-10-05T02:15:00+02:00,53,dr-robert,407,348,59,14.5
2026-10-05T00:15:00Z,2026-10-05T02:15:00+02:00,54,placa-vella,297,208,89,30
2026-10-05T00:15:00Z,2026-10-05T02:15:00+02:00,55,ajuntament-mercat,237,199,38,16
2026-10-05T00:16:00Z,2026-10-05T02:16:00+02:00,53,dr-robert,407,348,59,14.5
2026-10-05T00:16:00Z,2026-10-05T02:16:00+02:00,54,placa-vella,297,208,89,30
2026-10-05T00:16:00Z,2026-10-05T02:16:00+02:00,55,ajuntament-mercat,237,199,38,16
2026-10-05T00:17:00Z,2026-10-05T02:17:00+02:00,53,dr-robert,407,348,59,14.5
2026-10-05T00:17:00Z,2026-10-05T02:17:00+02:00,54,placa-vella,297,208,89,30
2026-10-05T00:17:00Z,2026-10-05T02:17:00+02:00,55,ajuntament-mercat,237,199,38,16
2026-10-05T00:18:00Z,2026-10-05T02:18:00+02:00,53,dr-robert,407,348,59,14.5
2026-10-05T00:18:00Z,2026-10-05T02:18:00+02:00,54,placa-vella,297,208,89,30
2026-10-05T00:18:00Z,2026-10-05T02:18:00+02:00,55,ajuntament-mercat,237,199,38,16
2026-10-05T00:19:00Z,2026-10-05T02:19:00+02:00,53,dr-robert,407,348,59,14.5
2026-10-05T00:19:00Z,2026-10-05T02:19:00+02:00,54,placa-vella,297,208,89,30
2026-10-05T00:19:00Z,2026-10-05T02:19:00+02:00,55,ajuntament-mercat,237,199,38,16
2026-10-05T00:20:00Z,2026-10-05T02:20:00+02:00,53,dr-robert,407,348,59,14.5
2026-10-05T00:20:00Z,2026-10-05T02:20:00+02:00,54,placa-vella,297,208,89,30
2026-10-05T00:20:00Z,2026-10-05T02:20:00+02:00,55,ajuntament-mercat,237,199,38,16
2026-10-05T00:21:00Z,2026-10-05T02:21:00+02:00,53,dr-robert,407,348,59,14.5
2026-10-05T00:21:00Z,2026-10-05T02:21:00+02:00,54,placa-vella,297,208,89,30
2026-10-05T00:21:00Z,2026-10-05T02:21:00+02:00,55,ajuntament-mercat,237,199,38,16
2026-10-05T00:22:00Z,2026-10-05T02:22:00+02:00,53,dr-robert,407,348,59,14.5
2026-10-05T00:22:00Z,2026-10-05T02:22:00+02:00,54,placa-vella,297,208,89,30
2026-10-05T00:22:00Z,2026-10-05T02:22:00+02:00,55,ajuntament-mercat,237,199,38,16
2026-10-05T00:23:00Z,2026-10-05T02:23:00+02:00,53,dr-robert,407,348,59,14.5
2026-10-05T00:23:00Z,2026-10-05T02:23:00+02:00,54,placa-vella,297,208,89,30
2026-10-05T00:23:00Z,2026-10-05T02:23:00+02:00,55,ajuntament-mercat,237,199,38,16
2026-10-05T00:24:00Z,2026-10-05T02:24:00+02:00,53,dr-robert,407,348,59,14.5
2026-10-05T00:24:00Z,2026-10-05T02:24:00+02:00,54,placa-vella,297,208,89,30
2026-10-05T00:24:00Z,2026-10-05T02:24:00+02:00,55,ajuntament-mercat,237,199,38,16
2026-10-05T00:25:00Z,2026-10-05T02:25:00+02:00,53,dr-robert,407,347,60,14.7
2026-10-05T00:25:00Z,2026-10-05T02:25:00+02:00,54,placa-vella,297,209,88,29.6
2026-10-05T00:25:00Z,2026-10-05T02:25:00+02:00,55,ajuntament-mercat,237,200,37,15.6
2026-10-05T00:26:00Z,2026-10-05T02:26:00+02:00,53,dr-robert,407,347,60,14.7
2026-10-05T00:26:00Z,2026-10-05T02:26:00+02:00,54,placa-vella,297,209,88,29.6
2026-10-05T00:26:00Z,2026-10-05T02:26:00+02:00,55,ajuntament-mercat,237,200,37,15.6
2026-10-05T00:27:00Z,2026-10-05T02:27:00+02:00,53,dr-robert,407,347,60,14.7
2026-10-05T00:27:00Z,2026-10-05T02:27:00+02:00,54,placa-vella,297,209,88,29.6
2026-10-05T00:27:00Z,2026-10-05T02:27:00+02:00,55,ajuntament-mercat,237,200,37,15.6
2026-10-05T00:28:00Z,2026-10-05T02:28:00+02:00,53,dr-robert,407,347,60,14.7
2026-10-05T00:28:00Z,2026-10-05T02:28:00+02:00,54,placa-vella,297,209,88,29.6
2026-10-05T00:28:00Z,2026-10-05T02:28:00+02:00,55,ajuntament-mercat,237,200,37,15.6
2026-10-05T00:29:00Z,2026-10-05T02:29:00+02:00,53,dr-robert,407,347,60,14.7
2026-10-05T00:29:00Z,2026-10-05T02:29:00+02:00,54,placa-vella,297,209,88,29.6
2026-10-05T00:29:00Z,2026-10-05T02:29:00+02:00,55,ajuntament-mercat,237,200,37,15.6
2026-10-05T00:30:00Z,2026-10-05T02:30:00+02:00,53,dr-robert,407,347,60,14.7
2026-10-05T00:30:00Z,2026-10-05T02:30:00+02:00,54,placa-vella,297,209,88,29.6
2026-10-05T00:30:00Z,2026-10-05T02:30:00+02:00,55,ajuntament-mercat,237,200,37,15.6
2026-10-05T00:31:00Z,2026-10-05T02:31:00+02:00,53,dr-robert,407,347,60,14.7
2026-10-05T00:31:00Z,2026-10-05T02:31:00+02:00,54,placa-vella,297,209,88,29.6
2026-10-05T00:31:00Z,2026-10-05T02:31:00+02:00,55,ajuntament-mercat,237,200,37,15.6
2026-10-05T00:32:00Z,2026-10-05T02:32:00+02:00,53,dr-robert,407,347,60,14.7
2026-10-05T00:32:00Z,2026-10-05T02:32:00+02:00,54,placa-vella,297,209,88,29.6
2026-10-05T00:32:00Z,2026-10-05T02:32:00+02:00,55,ajuntament-mercat,237,200,37,15.6
2026-10-05T00:33:00Z,2026-10-05T02:33:00+02:00,53,dr-robert,407,347,60,14.7
2026-10-05T00:33:00Z,2026-10-05T02:33:00+02:00,54,placa-vella,297,209,88,29.6
2026-10-05T00:33:00Z,2026-10-05T02:33:00+02:00,55,ajuntament-mercat,237,200,37,15.6
2026-10-05T00:34:00Z,2026-10-05T02:34:00+02:00,53,dr-robert,407,347,60,14.7
2026-10-05T00:34:00Z,2026-10-05T02:34:00+02:00,54,placa-vella,297,209,88,29.6
2026-10-05T00:34:00Z,2026-10-05T02:34:00+02:00,55,ajuntament-mercat,237,200,37,15.6
2026-10-05T00:35:00Z,2026-10-05T02:35:00+02:00,53,dr-robert,407,347,60,14.7
2026-10-05T00:35:00Z,2026-10-05T02:35:00+02:00,54,placa-vella,297,209,88,29.6
2026-10-05T00:35:00Z,2026-10-05T02:35:00+02:00,55,ajuntament-mercat,237,200,37,15.6
2026-10-05T00:36:00Z,2026-10-05T02:36:00+02:00,53,dr-robert,407,347,60,14.7
2026-10-05T00:36:00Z,2026-10-05T02:36:00+02:00,54,placa-vella,297,209,88,29.6
2026-10-05T00:36:00Z,2026-10-05T02:36:00+02:00,55,ajuntament-mercat,237,200,37,15.6
2026-10-05T00:37:00Z,2026-10-05T02:37:00+02:00,53,dr-robert,407,347,60,14.7
2026-10-05T00:37:00Z,2026-10-05T02:37:00+02:00,54,placa-vella,297,209,88,29.6
2026-10-05T00:37:00Z,2026-10-05T02:37:00+02:00,55,ajuntament-mercat,237,200,37,15.6
2026-10-05T00:38:00Z,2026-10-05T02:38:00+02:00,53,dr-robert,407,347,60,14.7
2026-10-05T00:38:00Z,2026-10-05T02:38:00+02:00,54,placa-vella,297,209,88,29.6
2026-10-05T00:38:00Z,2026-10-05T02:38:00+02:00,55,ajuntament-mercat,237,200,37,15.6
2026-10-05T00:39:00Z,2026-10-05T02:39:00+02:00,53,dr-robert,407,347,60,14.7
2026-10-05T00:39:00Z,2026-10-05T02:39:00+02:00,54,placa-vella,297,209,88,29.6
2026-10-05T00:39:00Z,2026-10-05T02:39:00+02:00,55,ajuntament-mercat,237,200,37,15.6
2026-10-05T00:40:00Z,2026-10-05T02:40:00+02:00,53,dr-robert,407,348,59,14.5
2026-10-05T00:40:00Z,2026-10-05T02:40:00+02:00,54,placa-vella,297,209,88,29.6
2026-10-05T00:40:00Z,2026-10-05T02:40:00+02:00,55,ajuntament-mercat,237,200,37,15.6
2026-10-05T00:41:00Z,2026-10-05T02:41:00+02:00,53,dr-robert,407,348,59,14.5
2026-10-05T00:41:00Z,2026-10-05T02:41:00+02:00,54,placa-vella,297,209,88,29.6
2026-10-05T00:41:00Z,2026-10-05T02:41:00+02:00,55,ajuntament-mercat,237,200,37,15.6
2026-10-05T00:42:00Z,2026-10-05T02:42:00+02:00,53,dr-robert,407,348,59,14.5
2026-10-05T00:42:00Z,2026-10-05T02:42:00+02:00,54,placa-vella,297,209,88,29.6
2026-10-05T00:42:00Z,2026-10-05T02:42:00+02:00,55,ajuntament-mercat,237,200,37,15.6
2026-10-05T00:43:00Z,2026-10-05T02:43:00+02:00,53,dr-robert,407,348,59,14.5
2026-10-05T00:43:00Z,2026-10-05T02:43:00+02:00,54,placa-vella,297,209,88,29.6
2026-10-05T00:43:00Z,2026-10-05T02:43:00+02:00,55,ajuntament-mercat,237,200,37,15.6
2026-10-05T00:44:00Z,2026-10-05T02:44:00+02:00,53,dr-robert,407,348,59,14.5
2026-10-05T00:44:00Z,2026-10-05T02:44:00+02:00,54,placa-vella,297,209,88,29.6
2026-10-05T00:44:00Z,2026-10-05T02:44:00+02:00,55,ajuntament-mercat,237,200,37,15.6
2026-10-05T00:45:00Z,2026-10-05T02:45:00+02:00,53,dr-robert,407,348,59,14.5
2026-10-05T00:45:00Z,2026-10-05T02:45:00+02:00,54,placa-vella,297,209,88,29.6
2026-10-05T00:45:00Z,2026-10-05T02:45:00+02:00,55,ajuntament-mercat,237,200,37,15.6
2026-10-05T00:46:00Z,2026-10-05T02:46:00+02:00,53,dr-robert,407,348,59,14.5
2026-10-05T00:46:00Z,2026-10-05T02:46:00+02:00,54,placa-vella,297,209,88,29.6
2026-10-05T00:46:00Z,2026-10-05T02:46:00+02:00,55,ajuntament-mercat,237,200,37,15.6
2026-10-05T00:47:00Z,2026-10-05T02:47:00+02:00,53,dr-robert,407,348,59,14.5
2026-10-05T00:47:00Z,2026-10-05T02:47:00+02:00,54,placa-vella,297,209,88,29.6
2026-10-05T00:47:00Z,2026-10-05T02:47:00+02:00,55,ajuntament-mercat,237,200,37,15.6
2026-10-05T00:48:00Z,2026-10-05T02:48:00+02:00,53,dr-robert,407,348,59,14.5
2026-10-05T00:48:00Z,2026-10-05T02:48:00+02:00,54,placa-vella,297,209,88,29.6
2026-10-05T00:48:00Z,2026-10-05T02:48:00+02:00,55,ajuntament-mercat,237,200,37,15.6
2026-10-05T00:49:00Z,2026-10-05T02:49:00+02:00,53,dr-robert,407,348,59,14.5
2026-10-05T00:49:00Z,2026-10-05T02:49:00+02:00,54,placa-vella,297,209,88,29.6
2026-10-05T00:49:00Z,2026-10-05T02:49:00+02:00,55,ajuntament-mercat,237,200,37,15.6
2026-10-05T00:50:00Z,2026-10-05T02:50:00+02:00,53,dr-robert,407,348,59,14.5
2026-10-05T00:50:00Z,2026-10-05T02:50:00+02:00,54,placa-vella,297,209,88,29.6
2026-10-05T00:50:00Z,2026-10-05T02:50:00+02:00,55,ajuntament-mercat,237,200,37,15.6
2026-10-05T00:51:00Z,2026-10-05T02:51:00+02:00,53,dr-robert,407,348,59,14.5
2026-10-05T00:51:00Z,2026-10-05T02:51:00+02:00,54,placa-vella,297,209,88,29.6
2026-10-05T00:51:00Z,2026-10-05T02:51:00+02:00,55,ajuntament-mercat,237,200,37,15.6
2026-10-05T00:52:00Z,2026-10-05T02:52:00+02:00,53,dr-robert,407,348,59,14.5
2026-10-05T00:52:00Z,2026-10-05T02:52:00+02:00,54,placa-vella,297,209,88,29.6
2026-10-05T00:52:00Z,2026-10-05T02:52:00+02:00,55,ajuntament-mercat,237,200,37,15.6
2026-10-05T00:53:00Z,2026-10-05T02:53:00+02:00,53,dr-robert,407,348,59,14.5
2026-10-05T00:53:00Z,2026-10-05T02:53:00+02:00,54,placa-vella,297,209,88,29.6
2026-10-05T00:53:00Z,2026-10-05T02:53:00+02:00,55,ajuntament-mercat,237,200,37,15.6
2026-10-05T00:54:00Z,2026-10-05T02:54:00+02:00,53,dr-robert,407,348,59,14.5
2026-10-05T00:54:00Z,2026-10-05T02:54:00+02:00,54,placa-vella,297,209,88,29.6
2026-10-05T00:54:00Z,2026-10-05T02:54:00+02:00,55,ajuntament-mercat,237,200,37,15.6
2026-10-05T00:55:00Z,2026-10-05T02:55:00+02:00,53,dr-robert,407,350,57,14
2026-10-05T00:55:00Z,2026-10-05T02:55:00+02:00,54,placa-vella,297,209,88,29.6
2026-10-05T00:55:00Z,2026-10-05T02:55:00+02:00,55,ajuntament-mercat,237,200,37,15.6
2026-10-05T00:56:00Z,2026-10-05T02:56:00+02:00,53,dr-robert,407,350,57,14
2026-10-05T00:56:00Z,2026-10-05T02:56:00+02:00,54,placa-vella,297,209,88,29.6
2026-10-05T00:56:00Z,2026-10-05T02:56:00+02:00,55,ajuntament-mercat,237,200,37,15.6
2026-10-05T00:57:00Z,2026-10-05T02:57:00+02:00,53,dr-robert,407,350,57,14
2026-10-05T00:57:00Z,2026-10-05T02:57:00+02:00,54,placa-vella,297,209,88,29.6
2026-10-05T00:57:00Z,2026-10-05T02:57:00+02:00,55,ajuntament-mercat,237,200,37,15.6
2026-10-05T00:58:00Z,2026-10-05T02:58:00+02:00,53,dr-robert,407,350,57,14
2026-10-05T00:58:00Z,2026-10-05T02:58:00+02:00,54,placa-vella,297,209,88,29.6
2026-10-05T00:58:00Z,2026-10-05T02:58:00+02:00,55,ajuntament-mercat,237,200,37,15.6
2026-10-05T00:59:00Z,2026-10-05T02:59:00+02:00,53,dr-robert,407,350,57,14
2026-10-05T00:59:00Z,2026-10-05T02:59:00+02:00,54,placa-vella,297,209,88,29.6
2026-10-05T00:59:00Z,2026-10-05T02:59:00+02:00,55,ajuntament-mercat,237,200,37,15.6
2026-10-05T01:00:00Z,2026-10-05T03:00:00+02:00,53,dr-robert,407,350,57,14
2026-10-05T01:00:00Z,2026-10-05T03:00:00+02:00,54,placa-vella,297,209,88,29.6
2026-10-05T01:00:00Z,2026-10-05T03:00:00+02:00,55,ajuntament-mercat,237,200,37,15.6
2026-10-05T01:01:00Z,2026-10-05T03:01:00+02:00,53,dr-robert,407,350,57,14
2026-10-05T01:01:00Z,2026-10-05T03:01:00+02:00,54,placa-vella,297,209,88,29.6
2026-10-05T01:01:00Z,2026-10-05T03:01:00+02:00,55,ajuntament-mercat,237,200,37,15.6
2026-10-05T01:02:00Z,2026-10-05T03:02:00+02:00,53,dr-robert,407,350,57,14
2026-10-05T01:02:00Z,2026-10-05T03:02:00+02:00,54,placa-vella,297,209,88,29.6
2026-10-05T01:02:00Z,2026-10-05T03:02:00+02:00,55,ajuntament-mercat,237,200,37,15.6
2026-10-05T01:03:00Z,2026-10-05T03:03:00+02:00,53,dr-robert,407,350,57,14
2026-10-05T01:03:00Z,2026-10-05T03:03:00+02:00,54,placa-vella,297,209,88,29.6
2026-10-05T01:03:00Z,2026-10-05T03:03:00+02:00,55,ajuntament-mercat,237,200,37,15.6
2026-10-05T01:04:00Z,2026-10-05T03:04:00+02:00,53,dr-robert,407,350,57,14
2026-10-05T01:04:00Z,2026-10-05T03:04:00+02:00,54,placa-vella,297,209,88,29.6
2026-10-05T01:04:00Z,2026-10-05T03:04:00+02:00,55,ajuntament-mercat,237,200,37,15.6
2026-10-05T01:05:00Z,2026-10-05T03:05:00+02:00,53,dr-robert,407,350,57,14
2026-10-05T01:05:00Z,2026-10-05T03:05:00+02:00,54,placa-vella,297,209,88,29.6
2026-10-05T01:05:00Z,2026-10-05T03:05:00+02:00,55,ajuntament-mercat,237,200,37,15.6
2026-10-05T01:06:00Z,2026-10-05T03:06:00+02:00,53,dr-robert,407,350,57,14
2026-10-05T01:06:00Z,2026-10-05T03:06:00+02:00,54,placa-vella,297,209,88,29.6
2026-10-05T01:06:00Z,2026-10-05T03:06:00+02:00,55,ajuntament-mercat,237,200,37,15.6
2026-10-05T01:07:00Z,2026-10-05T03:07:00+02:00,53,dr-robert,407,350,57,14
2026-10-05T01:07:00Z,2026-10-05T03:07:00+02:00,54,placa-vella,297,209,88,29.6
2026-10-05T01:07:00Z,2026-10-05T03:07:00+02:00,55,ajuntament-mercat,237,200,37,15.6
2026-10-05T01:08:00Z,2026-10-05T03:08:00+02:00,53,dr-robert,407,350,57,14
2026-10-05T01:08:00Z,2026-10-05T03:08:00+02:00,54,placa-vella,297,209,88,29.6
2026-10-05T01:08:00Z,2026-10-05T03:08:00+02:00,55,ajuntament-mercat,237,200,37,15.6
2026-10-05T01:09:00Z,2026-10-05T03:09:00+02:00,53,dr-robert,407,350,57,14
2026-10-05T01:09:00Z,2026-10-05T03:09:00+02:00,54,placa-vella,297,209,88,29.6
2026-10-05T01:09:00Z,2026-10-05T03:09:00+02:00,55,ajuntament-mercat,237,200,37,15.6
2026-10-05T01:10:00Z,2026-10-05T03:10:00+02:00,53,dr-robert,407,350,57,14
2026-10-05T01:10:00Z,2026-10-05T03:10:00+02:00,54,placa-vella,297,209,88,29.6
2026-10-05T01:10:00Z,2026-10-05T03:10:00+02:00,55,ajuntament-mercat,237,200,37,15.6
2026-10-05T01:11:00Z,2026-10-05T03:11:00+02:00,53,dr-robert,407,350,57,14
2026-10-05T01:11:00Z,2026-10-05T03:11:00+02:00,54,placa-vella,297,209,88,29.6
2026-10-05T01:11:00Z,2026-10-05T03:11:00+02:00,55,ajuntament-mercat,237,200,37,15.6
2026-10-05T01:12:00Z,2026-10-05T03:12:00+02:00,53,dr-robert,407,350,57,14
2026-10-05T01:12:00Z,2026-10-05T03:12:00+02:00,54,placa-vella,297,209,88,29.6
2026-10-05T01:12:00Z,2026-10-05T03:12:00+02:00,55,ajuntament-mercat,237,200,37,15.6
2026-10-05T01:13:00Z,2026-10-05T03:13:00+02:00,53,dr-robert,407,350,57,14
2026-10-05T01:13:00Z,2026-10-05T03:13:00+02:00,54,placa-vella,297,209,88,29.6
2026-10-05T01:13:00Z,2026-10-05T03:13:00+02:00,55,ajuntament-mercat,237,200,37,15.6
2026-10-05T01:14:00Z,2026-10-05T03:14:00+02:00,53,dr-robert,407,350,57,14
2026-10-05T01:14:00Z,2026-10-05T03:14:00+02:00,54,placa-vella,297,209,88,29.6
2026-10-05T01:14:00Z,2026-10-05T03:14:00+02:00,55,ajuntament-mercat,237,200,37,15.6
2026-10-05T01:15:00Z,2026-10-05T03:15:00+02:00,53,dr-robert,407,350,57,14
2026-10-05T01:15:00Z,2026-10-05T03:15:00+02:00,54,placa-vella,297,209,88,29.6
2026-10-05T01:15:00Z,2026-10-05T03:15:00+02:00,55,ajuntament-mercat,237,200,37,15.6
2026-10-05T01:16:00Z,2026-10-05T03:16:00+02:00,53,dr-robert,407,350,57,14
2026-10-05T01:16:00Z,2026-10-05T03:16:00+02:00,54,placa-vella,297,209,88,29.6
2026-10-05T01:16:00Z,2026-10-05T03:16:00+02:00,55,ajuntament-mercat,237,200,37,15.6
2026-10-05T01:17:00Z,2026-10-05T03:17:00+02:00,53,dr-robert,407,350,57,14
2026-10-05T01:17:00Z,2026-10-05T03:17:00+02:00,54,placa-vella,297,209,88,29.6
2026-10-05T01:17:00Z,2026-10-05T03:17:00+02:00,55,ajuntament-mercat,237,200,37,15.6
2026-10-05T01:18:00Z,2026-10-05T03:18:00+02:00,53,dr-robert,407,350,57,14
2026-10-05T01:18:00Z,2026-10-05T03:18:00+02:00,54,placa-vella,297,209,88,29.6
2026-10-05T01:18:00Z,2026-10-05T03:18:00+02:00,55,ajuntament-mercat,237,200,37,15.6
2026-10-05T01:19:00Z,2026-10-05T03:19:00+02:00,53,dr-robert,407,350,57,14
2026-10-05T01:19:00Z,2026-10-05T03:19:00+02:00,54,placa-vella,297,209,88,29.6
2026-10-05T01:19:00Z,2026-10-05T03:19:00+02:00,55,ajuntament-mercat,237,200,37,15.6
2026-10-05T01:20:00Z,2026-10-05T03:20:00+02:00,53,dr-robert,407,350,57,14
2026-10-05T01:20:00Z,2026-10-05T03:20:00+02:00,54,placa-vella,297,209,88,29.6
2026-10-05T01:20:00Z,2026-10-05T03:20:00+02:00,55,ajuntament-mercat,237,200,37,15.6
2026-10-05T01:21:00Z,2026-10-05T03:21:00+02:00,53,dr-robert,407,350,57,14
2026-10-05T01:21:00Z,2026-10-05T03:21:00+02:00,54,placa-vella,297,209,88,29.6
2026-10-05T01:21:00Z,2026-10-05T03:21:00+02:00,55,ajuntament-mercat,237,200,37,15.6
2026-10-05T01:22:00Z,2026-10-05T03:22:00+02:00,53,dr-robert,407,350,57,14
2026-10-05T01:22:00Z,2026-10-05T03:22:00+02:00,54,placa-vella,297,209,88,29.6
2026-10-05T01:22:00Z,2026-10-05T03:22:00+02:00,55,ajuntament-mercat,237,200,37,15.6
2026-10-05T01:23:00Z,2026-10-05T03:23:00+02:00,53,dr-robert,407,350,57,14
2026-10-05T01:23:00Z,2026-10-05T03:23:00+02:00,54,placa-vella,297,209,88,29.6
2026-10-05T01:23:00Z,2026-10-05T03:23:00+02:00,55,ajuntament-mercat,237,200,37,15.6
2026-10-05T01:24:00Z,2026-10-05T03:24:00+02:00,53,dr-robert,407,350,57,14
2026-10-05T01:24:00Z,2026-10-05T03:24:00+02:00,54,placa-vella,297,209,88,29.6
2026-10-05T01:24:00Z,2026-10-05T03:24:00+02:00,55,ajuntament-mercat,237,200,37,15.6
2026-10-05T01:25:00Z,2026-10-05T03:25:00+02:00,53,dr-robert,407,350,57,14
2026-10-05T01:25:00Z,2026-10-05T03:25:00+02:00,54,placa-vella,297,209,88,29.6
2026-10-05T01:25:00Z,2026-10-05T03:25:00+02:00,55,ajuntament-mercat,237,200,37,15.6
2026-10-05T01:26:00Z,2026-10-05T03:26:00+02:00,53,dr-robert,407,350,57,14
2026-10-05T01:26:00Z,2026-10-05T03:26:00+02:00,54,placa-vella,297,209,88,29.6
2026-10-05T01:26:00Z,2026-10-05T03:26:00+02:00,55,ajuntament-mercat,237,200,37,15.6
2026-10-05T01:27:00Z,2026-10-05T03:27:00+02:00,53,dr-robert,407,350,57,14
2026-10-05T01:27:00Z,2026-10-05T03:27:00+02:00,54,placa-vella,297,209,88,29.6
2026-10-05T01:27:00Z,2026-10-05T03:27:00+02:00,55,ajuntament-mercat,237,200,37,15.6
2026-10-05T01:28:00Z,2026-10-05T03:28:00+02:00,53,dr-robert,407,350,57,14
2026-10-05T01:28:00Z,2026-10-05T03:28:00+02:00,54,placa-vella,297,209,88,29.6
2026-10-05T01:28:00Z,2026-10-05T03:28:00+02:00,55,ajuntament-mercat,237,200,37,15.6
2026-10-05T01:29:00Z,2026-10-05T03:29:00+02:00,53,dr-robert,407,350,57,14
2026-10-05T01:29:00Z,2026-10-05T03:29:00+02:00,54,placa-vella,297,209,88,29.6
2026-10-05T01:29:00Z,2026-10-05T03:29:00+02:00,55,ajuntament-mercat,237,200,37,15.6
2026-10-05T01:30:00Z,2026-10-05T03:30:00+02:00,53,dr-robert,407,350,57,14
2026-10-05T01:30:00Z,2026-10-05T03:30:00+02:00,54,placa-vella,297,209,88,29.6
2026-10-05T01:30:00Z,2026-10-05T03:30:00+02:00,55,ajuntament-mercat,237,200,37,15.6
2026-10-05T01:31:00Z,2026-10-05T03:31:00+02:00,53,dr-robert,407,350,57,14
2026-10-05T01:31:00Z,2026-10-05T03:31:00+02:00,54,placa-vella,297,209,88,29.6
2026-10-05T01:31:00Z,2026-10-05T03:31:00+02:00,55,ajuntament-mercat,237,200,37,15.6
2026-10-05T01:32:00Z,2026-10-05T03:32:00+02:00,53,dr-robert,407,349,58,14.3
2026-10-05T01:32:00Z,2026-10-05T03:32:00+02:00,54,placa-vella,297,209,88,29.6
2026-10-05T01:32:00Z,2026-10-05T03:32:00+02:00,55,ajuntament-mercat,237,200,37,15.6
2026-10-05T01:33:00Z,2026-10-05T03:33:00+02:00,53,dr-robert,407,349,58,14.3
2026-10-05T01:33:00Z,2026-10-05T03:33:00+02:00,54,placa-vella,297,209,88,29.6
2026-10-05T01:33:00Z,2026-10-05T03:33:00+02:00,55,ajuntament-mercat,237,200,37,15.6
2026-10-05T01:34:00Z,2026-10-05T03:34:00+02:00,53,dr-robert,407,349,58,14.3
2026-10-05T01:34:00Z,2026-10-05T03:34:00+02:00,54,placa-vella,297,209,88,29.6
2026-10-05T01:34:00Z,2026-10-05T03:34:00+02:00,55,ajuntament-mercat,237,200,37,15.6
2026-10-05T01:35:00Z,2026-10-05T03:35:00+02:00,53,dr-robert,407,349,58,14.3
2026-10-05T01:35:00Z,2026-10-05T03:35:00+02:00,54,placa-vella,297,209,88,29.6
2026-10-05T01:35:00Z,2026-10-05T03:35:00+02:00,55,ajuntament-mercat,237,200,37,15.6
2026-10-05T01:36:00Z,2026-10-05T03:36:00+02:00,53,dr-robert,407,349,58,14.3
2026-10-05T01:36:00Z,2026-10-05T03:36:00+02:00,54,placa-vella,297,209,88,29.6
2026-10-05T01:36:00Z,2026-10-05T03:36:00+02:00,55,ajuntament-mercat,237,200,37,15.6
2026-10-05T01:37:00Z,2026-10-05T03:37:00+02:00,53,dr-robert,407,349,58,14.3
2026-10-05T01:37:00Z,2026-10-05T03:37:00+02:00,54,placa-vella,297,209,88,29.6
2026-10-05T01:37:00Z,2026-10-05T03:37:00+02:00,55,ajuntament-mercat,237,200,37,15.6
2026-10-05T01:38:00Z,2026-10-05T03:38:00+02:00,53,dr-robert,407,349,58,14.3
2026-10-05T01:38:00Z,2026-10-05T03:38:00+02:00,54,placa-vella,297,209,88,29.6
2026-10-05T01:38:00Z,2026-10-05T03:38:00+02:00,55,ajuntament-mercat,237,200,37,15.6
2026-10-05T01:39:00Z,2026-10-05T03:39:00+02:00,53,dr-robert,407,349,58,14.3
2026-10-05T01:39:00Z,2026-10-05T03:39:00+02:00,54,placa-vella,297,209,88,29.6
2026-10-05T01:39:00Z,2026-10-05T03:39:00+02:00,55,ajuntament-mercat,237,200,37,15.6
2026-10-05T01:40:00Z,2026-10-05T03:40:00+02:00,53,dr-robert,407,350,57,14
2026-10-05T01:40:00Z,2026-10-05T03:40:00+02:00,54,placa-vella,297,209,88,29.6
2026-10-05T01:40:00Z,2026-10-05T03:40:00+02:00,55,ajuntament-mercat,237,200,37,15.6
2026-10-05T01:41:00Z,2026-10-05T03:41:00+02:00,53,dr-robert,407,350,57,14
2026-10-05T01:41:00Z,2026-10-05T03:41:00+02:00,54,placa-vella,297,209,88,29.6
2026-10-05T01:41:00Z,2026-10-05T03:41:00+02:00,55,ajuntament-mercat,237,200,37,15.6
2026-10-05T01:42:00Z,2026-10-05T03:42:00+02:00,53,dr-robert,407,350,57,14
2026-10-05T01:42:00Z,2026-10-05T03:42:00+02:00,54,placa-vella,297,209,88,29.6
2026-10-05T01:42:00Z,2026-10-05T03:42:00+02:00,55,ajuntament-mercat,237,200,37,15.6
2026-10-05T01:43:00Z,2026-10-05T03:43:00+02:00,53,dr-robert,407,350,57,14
2026-10-05T01:43:00Z,2026-10-05T03:43:00+02:00,54,placa-vella,297,209,88,29.6
2026-10-05T01:43:00Z,2026-10-05T03:43:00+02:00,55,ajuntament-mercat,237,200,37,15.6
2026-10-05T01:44:00Z,2026-10-05T03:44:00+02:00,53,dr-robert,407,350,57,14
2026-10-05T01:44:00Z,2026-10-05T03:44:00+02:00,54,placa-vella,297,209,88,29.6
2026-10-05T01:44:00Z,2026-10-05T03:44:00+02:00,55,ajuntament-mercat,237,200,37,15.6
2026-10-05T01:45:00Z,2026-10-05T03:45:00+02:00,53,dr-robert,407,349,58,14.3
2026-10-05T01:45:00Z,2026-10-05T03:45:00+02:00,54,placa-vella,297,209,88,29.6
2026-10-05T01:45:00Z,2026-10-05T03:45:00+02:00,55,ajuntament-mercat,237,200,37,15.6
2026-10-05T01:46:00Z,2026-10-05T03:46:00+02:00,53,dr-robert,407,349,58,14.3
2026-10-05T01:46:00Z,2026-10-05T03:46:00+02:00,54,placa-vella,297,209,88,29.6
2026-10-05T01:46:00Z,2026-10-05T03:46:00+02:00,55,ajuntament-mercat,237,200,37,15.6
2026-10-05T01:47:00Z,2026-10-05T03:47:00+02:00,53,dr-robert,407,349,58,14.3
2026-10-05T01:47:00Z,2026-10-05T03:47:00+02:00,54,placa-vella,297,209,88,29.6
2026-10-05T01:47:00Z,2026-10-05T03:47:00+02:00,55,ajuntament-mercat,237,200,37,15.6
2026-10-05T01:48:00Z,2026-10-05T03:48:00+02:00,53,dr-robert,407,349,58,14.3
2026-10-05T01:48:00Z,2026-10-05T03:48:00+02:00,54,placa-vella,297,209,88,29.6
2026-10-05T01:48:00Z,2026-10-05T03:48:00+02:00,55,ajuntament-mercat,237,200,37,15.6
2026-10-05T01:49:00Z,2026-10-05T03:49:00+02:00,53,dr-robert,407,349,58,14.3
2026-10-05T01:49:00Z,2026-10-05T03:49:00+02:00,54,placa-vella,297,209,88,29.6
2026-10-05T01:49:00Z,2026-10-05T03:49:00+02:00,55,ajuntament-mercat,237,200,37,15.6
2026-10-05T01:50:00Z,2026-10-05T03:50:00+02:00,53,dr-robert,407,349,58,14.3
2026-10-05T01:50:00Z,2026-10-05T03:50:00+02:00,54,placa-vella,297,209,88,29.6
2026-10-05T01:50:00Z,2026-10-05T03:50:00+02:00,55,ajuntament-mercat,237,200,37,15.6
2026-10-05T01:51:00Z,2026-10-05T03:51:00+02:00,53,dr-robert,407,349,58,14.3
2026-10-05T01:51:00Z,2026-10-05T03:51:00+02:00,54,placa-vella,297,209,88,29.6
2026-10-05T01:51:00Z,2026-10-05T03:51:00+02:00,55,ajuntament-mercat,237,200,37,15.6
2026-10-05T01:52:00Z,2026-10-05T03:52:00+02:00,53,dr-robert,407,349,58,14.3
2026-10-05T01:52:00Z,2026-10-05T03:52:00+02:00,54,placa-vella,297,209,88,29.6
2026-10-05T01:52:00Z,2026-10-05T03:52:00+02:00,55,ajuntament-mercat,237,200,37,15.6
2026-10-05T01:53:00Z,2026-10-05T03:53:00+02:00,53,dr-robert,407,349,58,14.3
2026-10-05T01:53:00Z,2026-10-05T03:53:00+02:00,54,placa-vella,297,209,88,29.6
2026-10-05T01:53:00Z,2026-10-05T03:53:00+02:00,55,ajuntament-mercat,237,200,37,15.6
2026-10-05T01:54:00Z,2026-10-05T03:54:00+02:00,53,dr-robert,407,349,58,14.3
2026-10-05T01:54:00Z,2026-10-05T03:54:00+02:00,54,placa-vella,297,209,88,29.6
2026-10-05T01:54:00Z,2026-10-05T03:54:00+02:00,55,ajuntament-mercat,237,200,37,15.6
2026-10-05T01:55:00Z,2026-10-05T03:55:00+02:00,53,dr-robert,407,349,58,14.3
2026-10-05T01:55:00Z,2026-10-05T03:55:00+02:00,54,placa-vella,297,209,88,29.6
2026-10-05T01:55:00Z,2026-10-05T03:55:00+02:00,55,ajuntament-mercat,237,200,37,15.6
2026-10-05T01:56:00Z,2026-10-05T03:56:00+02:00,53,dr-robert,407,349,58,14.3
2026-10-05T01:56:00Z,2026-10-05T03:56:00+02:00,54,placa-vella,297,209,88,29.6
2026-10-05T01:56:00Z,2026-10-05T03:56:00+02:00,55,ajuntament-mercat,237,200,37,15.6
2026-10-05T01:57:00Z,2026-10-05T03:57:00+02:00,53,dr-robert,407,349,58,14.3
2026-10-05T01:57:00Z,2026-10-05T03:57:00+02:00,54,placa-vella,297,209,88,29.6
2026-10-05T01:57:00Z,2026-10-05T03:57:00+02:00,55,ajuntament-mercat,237,200,37,15.6
2026-10-05T01:58:00Z,2026-10-05T03:58:00+02:00,53,dr-robert,407,349,58,14.3
2026-10-05T01:58:00Z,2026-10-05T03:58:00+02:00,54,placa-vella,297,209,88,29.6
2026-10-05T01:58:00Z,2026-10-05T03:58:00+02:00,55,ajuntament-mercat,237,200,37,15.6
2026-10-05T01:59:00Z,2026-10-05T03:59:00+02:00,53,dr-robert,407,349,58,14.3
2026-10-05T01:59:00Z,2026-10-05T03:59:00+02:00,54,placa-vella,297,209,88,29.6
2026-10-05T01:59:00Z,2026-10-05T03:59:00+02:00,55,ajuntament-mercat,237,200,37,15.6
2026-10-05T02:00:00Z,2026-10-05T04:00:00+02:00,53,dr-robert,407,349,58,14.3
2026-10-05T02:00:00Z,2026-10-05T04:00:00+02:00,54,placa-vella,297,209,88,29.6
2026-10-05T02:00:00Z,2026-10-05T04:00:00+02:00,55,ajuntament-mercat,237,200,37,15.6
2026-10-05T02:01:00Z,2026-10-05T04:01:00+02:00,53,dr-robert,407,349,58,14.3
2026-10-05T02:01:00Z,2026-10-05T04:01:00+02:00,54,placa-vella,297,209,88,29.6
2026-10-05T02:01:00Z,2026-10-05T04:01:00+02:00,55,ajuntament-mercat,237,200,37,15.6
2026-10-05T02:02:00Z,2026-10-05T04:02:00+02:00,53,dr-robert,407,349,58,14.3
2026-10-05T02:02:00Z,2026-10-05T04:02:00+02:00,54,placa-vella,297,209,88,29.6
2026-10-05T02:02:00Z,2026-10-05T04:02:00+02:00,55,ajuntament-mercat,237,200,37,15.6
2026-10-05T02:03:00Z,2026-10-05T04:03:00+02:00,53,dr-robert,407,349,58,14.3
2026-10-05T02:03:00Z,2026-10-05T04:03:00+02:00,54,placa-vella,297,209,88,29.6
2026-10-05T02:03:00Z,2026-10-05T04:03:00+02:00,55,ajuntament-mercat,237,200,37,15.6
2026-10-05T02:04:00Z,2026-10-05T04:04:00+02:00,53,dr-robert,407,350,57,14
2026-10-05T02:04:00Z,2026-10-05T04:04:00+02:00,54,placa-vella,297,209,88,29.6
2026-10-05T02:04:00Z,2026-10-05T04:04:00+02:00,55,ajuntament-mercat,237,200,37,15.6
2026-10-05T02:05:00Z,2026-10-05T04:05:00+02:00,53,dr-robert,407,350,57,14
2026-10-05T02:05:00Z,2026-10-05T04:05:00+02:00,54,placa-vella,297,209,88,29.6
2026-10-05T02:05:00Z,2026-10-05T04:05:00+02:00,55,ajuntament-mercat,237,200,37,15.6
2026-10-05T02:06:00Z,2026-10-05T04:06:00+02:00,53,dr-robert,407,350,57,14
2026-10-05T02:06:00Z,2026-10-05T04:06:00+02:00,54,placa-vella,297,209,88,29.6
2026-10-05T02:06:00Z,2026-10-05T04:06:00+02:00,55,ajuntament-mercat,237,200,37,15.6
2026-10-05T02:07:00Z,2026-10-05T04:07:00+02:00,53,dr-robert,407,350,57,14
2026-10-05T02:07:00Z,2026-10-05T04:07:00+02:00,54,placa-vella,297,209,88,29.6
2026-10-05T02:07:00Z,2026-10-05T04:07:00+02:00,55,ajuntament-mercat,237,200,37,15.6
2026-10-05T02:08:00Z,2026-10-05T04:08:00+02:00,53,dr-robert,407,350,57,14
2026-10-05T02:08:00Z,2026-10-05T04:08:00+02:00,54,placa-vella,297,209,88,29.6
2026-10-05T02:08:00Z,2026-10-05T04:08:00+02:00,55,ajuntament-mercat,237,200,37,15.6
2026-10-05T02:09:00Z,2026-10-05T04:09:00+02:00,53,dr-robert,407,350,57,14
2026-10-05T02:09:00Z,2026-10-05T04:09:00+02:00,54,placa-vella,297,209,88,29.6
2026-10-05T02:09:00Z,2026-10-05T04:09:00+02:00,55,ajuntament-mercat,237,200,37,15.6
2026-10-05T02:10:00Z,2026-10-05T04:10:00+02:00,53,dr-robert,407,350,57,14
2026-10-05T02:10:00Z,2026-10-05T04:10:00+02:00,54,placa-vella,297,209,88,29.6
2026-10-05T02:10:00Z,2026-10-05T04:10:00+02:00,55,ajuntament-mercat,237,200,37,15.6
2026-10-05T02:11:00Z,2026-10-05T04:11:00+02:00,53,dr-robert,407,350,57,14
2026-10-05T02:11:00Z,2026-10-05T04:11:00+02:00,54,placa-vella,297,209,88,29.6
2026-10-05T02:11:00Z,2026-10-05T04:11:00+02:00,55,ajuntament-mercat,237,200,37,15.6
2026-10-05T02:12:00Z,2026-10-05T04:12:00+02:00,53,dr-robert,407,350,57,14
2026-10-05T02:12:00Z,2026-10-05T04:12:00+02:00,54,placa-vella,297,209,88,29.6
2026-10-05T02:12:00Z,2026-10-05T04:12:00+02:00,55,ajuntament-mercat,237,200,37,15.6
2026-10-05T02:13:00Z,2026-10-05T04:13:00+02:00,53,dr-robert,407,350,57,14
2026-10-05T02:13:00Z,2026-10-05T04:13:00+02:00,54,placa-vella,297,209,88,29.6
2026-10-05T02:13:00Z,2026-10-05T04:13:00+02:00,55,ajuntament-mercat,237,200,37,15.6
2026-10-05T02:14:00Z,2026-10-05T04:14:00+02:00,53,dr-robert,407,350,57,14
2026-10-05T02:14:00Z,2026-10-05T04:14:00+02:00,54,placa-vella,297,209,88,29.6
2026-10-05T02:14:00Z,2026-10-05T04:14:00+02:00,55,ajuntament-mercat,237,200,37,15.6
2026-10-05T02:15:00Z,2026-10-05T04:15:00+02:00,53,dr-robert,407,350,57,14
2026-10-05T02:15:00Z,2026-10-05T04:15:00+02:00,54,placa-vella,297,209,88,29.6
2026-10-05T02:15:00Z,2026-10-05T04:15:00+02:00,55,ajuntament-mercat,237,200,37,15.6
2026-10-05T02:16:00Z,2026-10-05T04:16:00+02:00,53,dr-robert,407,350,57,14
2026-10-05T02:16:00Z,2026-10-05T04:16:00+02:00,54,placa-vella,297,209,88,29.6
2026-10-05T02:16:00Z,2026-10-05T04:16:00+02:00,55,ajuntament-mercat,237,200,37,15.6
2026-10-05T02:17:00Z,2026-10-05T04:17:00+02:00,53,dr-robert,407,350,57,14
2026-10-05T02:17:00Z,2026-10-05T04:17:00+02:00,54,placa-vella,297,209,88,29.6
2026-10-05T02:17:00Z,2026-10-05T04:17:00+02:00,55,ajuntament-mercat,237,200,37,15.6
2026-10-05T02:18:00Z,2026-10-05T04:18:00+02:00,53,dr-robert,407,350,57,14
2026-10-05T02:18:00Z,2026-10-05T04:18:00+02:00,54,placa-vella,297,209,88,29.6
2026-10-05T02:18:00Z,2026-10-05T04:18:00+02:00,55,ajuntament-mercat,237,200,37,15.6
2026-10-05T02:19:00Z,2026-10-05T04:19:00+02:00,53,dr-robert,407,350,57,14
2026-10-05T02:19:00Z,2026-10-05T04:19:00+02:00,54,placa-vella,297,209,88,29.6
2026-10-05T02:19:00Z,2026-10-05T04:19:00+02:00,55,ajuntament-mercat,237,200,37,15.6
2026-10-05T02:20:00Z,2026-10-05T04:20:00+02:00,53,dr-robert,407,351,56,13.8
2026-10-05T02:20:00Z,2026-10-05T04:20:00+02:00,54,placa-vella,297,209,88,29.6
2026-10-05T02:20:00Z,2026-10-05T04:20:00+02:00,55,ajuntament-mercat,237,200,37,15.6
2026-10-05T02:21:00Z,2026-10-05T04:21:00+02:00,53,dr-robert,407,351,56,13.8
2026-10-05T02:21:00Z,2026-10-05T04:21:00+02:00,54,placa-vella,297,209,88,29.6
2026-10-05T02:21:00Z,2026-10-05T04:21:00+02:00,55,ajuntament-mercat,237,200,37,15.6
2026-10-05T02:22:00Z,2026-10-05T04:22:00+02:00,53,dr-robert,407,351,56,13.8
2026-10-05T02:22:00Z,2026-10-05T04:22:00+02:00,54,placa-vella,297,209,88,29.6
2026-10-05T02:22:00Z,2026-10-05T04:22:00+02:00,55,ajuntament-mercat,237,200,37,15.6
2026-10-05T02:23:00Z,2026-10-05T04:23:00+02:00,53,dr-robert,407,351,56,13.8
2026-10-05T02:23:00Z,2026-10-05T04:23:00+02:00,54,placa-vella,297,209,88,29.6
2026-10-05T02:23:00Z,2026-10-05T04:23:00+02:00,55,ajuntament-mercat,237,200,37,15.6
2026-10-05T02:24:00Z,2026-10-05T04:24:00+02:00,53,dr-robert,407,351,56,13.8
2026-10-05T02:24:00Z,2026-10-05T04:24:00+02:00,54,placa-vella,297,209,88,29.6
2026-10-05T02:24:00Z,2026-10-05T04:24:00+02:00,55,ajuntament-mercat,237,200,37,15.6
2026-10-05T02:25:00Z,2026-10-05T04:25:00+02:00,53,dr-robert,407,352,55,13.5
2026-10-05T02:25:00Z,2026-10-05T04:25:00+02:00,54,placa-vella,297,209,88,29.6
2026-10-05T02:25:00Z,2026-10-05T04:25:00+02:00,55,ajuntament-mercat,237,200,37,15.6
2026-10-05T02:26:00Z,2026-10-05T04:26:00+02:00,53,dr-robert,407,352,55,13.5
2026-10-05T02:26:00Z,2026-10-05T04:26:00+02:00,54,placa-vella,297,209,88,29.6
2026-10-05T02:26:00Z,2026-10-05T04:26:00+02:00,55,ajuntament-mercat,237,200,37,15.6
2026-10-05T02:27:00Z,2026-10-05T04:27:00+02:00,53,dr-robert,407,352,55,13.5
2026-10-05T02:27:00Z,2026-10-05T04:27:00+02:00,54,placa-vella,297,209,88,29.6
2026-10-05T02:27:00Z,2026-10-05T04:27:00+02:00,55,ajuntament-mercat,237,200,37,15.6
2026-10-05T02:28:00Z,2026-10-05T04:28:00+02:00,53,dr-robert,407,352,55,13.5
2026-10-05T02:28:00Z,2026-10-05T04:28:00+02:00,54,placa-vella,297,209,88,29.6
2026-10-05T02:28:00Z,2026-10-05T04:28:00+02:00,55,ajuntament-mercat,237,200,37,15.6
2026-10-05T02:29:00Z,2026-10-05T04:29:00+02:00,53,dr-robert,407,352,55,13.5
2026-10-05T02:29:00Z,2026-10-05T04:29:00+02:00,54,placa-vella,297,209,88,29.6
2026-10-05T02:29:00Z,2026-10-05T04:29:00+02:00,55,ajuntament-mercat,237,200,37,15.6
2026-10-05T02:30:00Z,2026-10-05T04:30:00+02:00,53,dr-robert,407,352,55,13.5
2026-10-05T02:30:00Z,2026-10-05T04:30:00+02:00,54,placa-vella,297,209,88,29.6
2026-10-05T02:30:00Z,2026-10-05T04:30:00+02:00,55,ajuntament-mercat,237,200,37,15.6
2026-10-05T02:31:00Z,2026-10-05T04:31:00+02:00,53,dr-robert,407,351,56,13.8
2026-10-05T02:31:00Z,2026-10-05T04:31:00+02:00,54,placa-vella,297,209,88,29.6
2026-10-05T02:31:00Z,2026-10-05T04:31:00+02:00,55,ajuntament-mercat,237,200,37,15.6
2026-10-05T02:32:00Z,2026-10-05T04:32:00+02:00,53,dr-robert,407,351,56,13.8
2026-10-05T02:32:00Z,2026-10-05T04:32:00+02:00,54,placa-vella,297,209,88,29.6
2026-10-05T02:32:00Z,2026-10-05T04:32:00+02:00,55,ajuntament-mercat,237,200,37,15.6
2026-10-05T02:33:00Z,2026-10-05T04:33:00+02:00,53,dr-robert,407,351,56,13.8
2026-10-05T02:33:00Z,2026-10-05T04:33:00+02:00,54,placa-vella,297,209,88,29.6
2026-10-05T02:33:00Z,2026-10-05T04:33:00+02:00,55,ajuntament-mercat,237,200,37,15.6
2026-10-05T02:34:00Z,2026-10-05T04:34:00+02:00,53,dr-robert,407,351,56,13.8
2026-10-05T02:34:00Z,2026-10-05T04:34:00+02:00,54,placa-vella,297,209,88,29.6
2026-10-05T02:34:00Z,2026-10-05T04:34:00+02:00,55,ajuntament-mercat,237,200,37,15.6
2026-10-05T02:35:00Z,2026-10-05T04:35:00+02:00,53,dr-robert,407,351,56,13.8
2026-10-05T02:35:00Z,2026-10-05T04:35:00+02:00,54,placa-vella,297,209,88,29.6
2026-10-05T02:35:00Z,2026-10-05T04:35:00+02:00,55,ajuntament-mercat,237,200,37,15.6
2026-10-05T02:36:00Z,2026-10-05T04:36:00+02:00,53,dr-robert,407,351,56,13.8
2026-10-05T02:36:00Z,2026-10-05T04:36:00+02:00,54,placa-vella,297,209,88,29.6
2026-10-05T02:36:00Z,2026-10-05T04:36:00+02:00,55,ajuntament-mercat,237,200,37,15.6
2026-10-05T02:37:00Z,2026-10-05T04:37:00+02:00,53,dr-robert,407,351,56,13.8
2026-10-05T02:37:00Z,2026-10-05T04:37:00+02:00,54,placa-vella,297,209,88,29.6
2026-10-05T02:37:00Z,2026-10-05T04:37:00+02:00,55,ajuntament-mercat,237,200,37,15.6
2026-10-05T02:38:00Z,2026-10-05T04:38:00+02:00,53,dr-robert,407,351,56,13.8
2026-10-05T02:38:00Z,2026-10-05T04:38:00+02:00,54,placa-vella,297,209,88,29.6
2026-10-05T02:38:00Z,2026-10-05T04:38:00+02:00,55,ajuntament-mercat,237,200,37,15.6
2026-10-05T02:39:00Z,2026-10-05T04:39:00+02:00,53,dr-robert,407,351,56,13.8
2026-10-05T02:39:00Z,2026-10-05T04:39:00+02:00,54,placa-vella,297,209,88,29.6
2026-10-05T02:39:00Z,2026-10-05T04:39:00+02:00,55,ajuntament-mercat,237,200,37,15.6
2026-10-05T02:40:00Z,2026-10-05T04:40:00+02:00,53,dr-robert,407,351,56,13.8
2026-10-05T02:40:00Z,2026-10-05T04:40:00+02:00,54,placa-vella,297,209,88,29.6
2026-10-05T02:40:00Z,2026-10-05T04:40:00+02:00,55,ajuntament-mercat,237,200,37,15.6
2026-10-05T02:41:00Z,2026-10-05T04:41:00+02:00,53,dr-robert,407,351,56,13.8
2026-10-05T02:41:00Z,2026-10-05T04:41:00+02:00,54,placa-vella,297,209,88,29.6
2026-10-05T02:41:00Z,2026-10-05T04:41:00+02:00,55,ajuntament-mercat,237,200,37,15.6
2026-10-05T02:42:00Z,2026-10-05T04:42:00+02:00,53,dr-robert,407,351,56,13.8
2026-10-05T02:42:00Z,2026-10-05T04:42:00+02:00,54,placa-vella,297,209,88,29.6
2026-10-05T02:42:00Z,2026-10-05T04:42:00+02:00,55,ajuntament-mercat,237,200,37,15.6
2026-10-05T02:43:00Z,2026-10-05T04:43:00+02:00,53,dr-robert,407,351,56,13.8
2026-10-05T02:43:00Z,2026-10-05T04:43:00+02:00,54,placa-vella,297,209,88,29.6
2026-10-05T02:43:00Z,2026-10-05T04:43:00+02:00,55,ajuntament-mercat,237,200,37,15.6
2026-10-05T02:44:00Z,2026-10-05T04:44:00+02:00,53,dr-robert,407,351,56,13.8
2026-10-05T02:44:00Z,2026-10-05T04:44:00+02:00,54,placa-vella,297,209,88,29.6
2026-10-05T02:44:00Z,2026-10-05T04:44:00+02:00,55,ajuntament-mercat,237,200,37,15.6
2026-10-05T02:45:00Z,2026-10-05T04:45:00+02:00,53,dr-robert,407,351,56,13.8
2026-10-05T02:45:00Z,2026-10-05T04:45:00+02:00,54,placa-vella,297,209,88,29.6
2026-10-05T02:45:00Z,2026-10-05T04:45:00+02:00,55,ajuntament-mercat,237,200,37,15.6
2026-10-05T02:46:00Z,2026-10-05T04:46:00+02:00,53,dr-robert,407,351,56,13.8
2026-10-05T02:46:00Z,2026-10-05T04:46:00+02:00,54,placa-vella,297,209,88,29.6
2026-10-05T02:46:00Z,2026-10-05T04:46:00+02:00,55,ajuntament-mercat,237,200,37,15.6
2026-10-05T02:47:00Z,2026-10-05T04:47:00+02:00,53,dr-robert,407,351,56,13.8
2026-10-05T02:47:00Z,2026-10-05T04:47:00+02:00,54,placa-vella,297,209,88,29.6
2026-10-05T02:47:00Z,2026-10-05T04:47:00+02:00,55,ajuntament-mercat,237,200,37,15.6
2026-10-05T02:48:00Z,2026-10-05T04:48:00+02:00,53,dr-robert,407,351,56,13.8
2026-10-05T02:48:00Z,2026-10-05T04:48:00+02:00,54,placa-vella,297,209,88,29.6
2026-10-05T02:48:00Z,2026-10-05T04:48:00+02:00,55,ajuntament-mercat,237,200,37,15.6
2026-10-05T02:49:00Z,2026-10-05T04:49:00+02:00,53,dr-robert,407,351,56,13.8
2026-10-05T02:49:00Z,2026-10-05T04:49:00+02:00,54,placa-vella,297,209,88,29.6
2026-10-05T02:49:00Z,2026-10-05T04:49:00+02:00,55,ajuntament-mercat,237,200,37,15.6
2026-10-05T02:50:00Z,2026-10-05T04:50:00+02:00,53,dr-robert,407,351,56,13.8
2026-10-05T02:50:00Z,2026-10-05T04:50:00+02:00,54,placa-vella,297,209,88,29.6
2026-10-05T02:50:00Z,2026-10-05T04:50:00+02:00,55,ajuntament-mercat,237,200,37,15.6
2026-10-05T02:51:00Z,2026-10-05T04:51:00+02:00,53,dr-robert,407,351,56,13.8
2026-10-05T02:51:00Z,2026-10-05T04:51:00+02:00,54,placa-vella,297,209,88,29.6
2026-10-05T02:51:00Z,2026-10-05T04:51:00+02:00,55,ajuntament-mercat,237,200,37,15.6
2026-10-05T02:52:00Z,2026-10-05T04:52:00+02:00,53,dr-robert,407,351,56,13.8
2026-10-05T02:52:00Z,2026-10-05T04:52:00+02:00,54,placa-vella,297,209,88,29.6
2026-10-05T02:52:00Z,2026-10-05T04:52:00+02:00,55,ajuntament-mercat,237,200,37,15.6
2026-10-05T02:53:00Z,2026-10-05T04:53:00+02:00,53,dr-robert,407,351,56,13.8
2026-10-05T02:53:00Z,2026-10-05T04:53:00+02:00,54,placa-vella,297,209,88,29.6
2026-10-05T02:53:00Z,2026-10-05T04:53:00+02:00,55,ajuntament-mercat,237,200,37,15.6
2026-10-05T02:54:00Z,2026-10-05T04:54:00+02:00,53,dr-robert,407,351,56,13.8
2026-10-05T02:54:00Z,2026-10-05T04:54:00+02:00,54,placa-vella,297,209,88,29.6
2026-10-05T02:54:00Z,2026-10-05T04:54:00+02:00,55,ajuntament-mercat,237,200,37,15.6
2026-10-05T02:55:00Z,2026-10-05T04:55:00+02:00,53,dr-robert,407,350,57,14
2026-10-05T02:55:00Z,2026-10-05T04:55:00+02:00,54,placa-vella,297,209,88,29.6
2026-10-05T02:55:00Z,2026-10-05T04:55:00+02:00,55,ajuntament-mercat,237,200,37,15.6
2026-10-05T02:56:00Z,2026-10-05T04:56:00+02:00,53,dr-robert,407,350,57,14
2026-10-05T02:56:00Z,2026-10-05T04:56:00+02:00,54,placa-vella,297,209,88,29.6
2026-10-05T02:56:00Z,2026-10-05T04:56:00+02:00,55,ajuntament-mercat,237,200,37,15.6
2026-10-05T02:57:00Z,2026-10-05T04:57:00+02:00,53,dr-robert,407,350,57,14
2026-10-05T02:57:00Z,2026-10-05T04:57:00+02:00,54,placa-vella,297,209,88,29.6
2026-10-05T02:57:00Z,2026-10-05T04:57:00+02:00,55,ajuntament-mercat,237,200,37,15.6
2026-10-05T02:58:00Z,2026-10-05T04:58:00+02:00,53,dr-robert,407,350,57,14
2026-10-05T02:58:00Z,2026-10-05T04:58:00+02:00,54,placa-vella,297,209,88,29.6
2026-10-05T02:58:00Z,2026-10-05T04:58:00+02:00,55,ajuntament-mercat,237,200,37,15.6
2026-10-05T02:59:00Z,2026-10-05T04:59:00+02:00,53,dr-robert,407,350,57,14
2026-10-05T02:59:00Z,2026-10-05T04:59:00+02:00,54,placa-vella,297,209,88,29.6
2026-10-05T02:59:00Z,2026-10-05T04:59:00+02:00,55,ajuntament-mercat,237,200,37,15.6
2026-10-05T03:00:00Z,2026-10-05T05:00:00+02:00,53,dr-robert,407,350,57,14
2026-10-05T03:00:00Z,2026-10-05T05:00:00+02:00,54,placa-vella,297,209,88,29.6
2026-10-05T03:00:00Z,2026-10-05T05:00:00+02:00,55,ajuntament-mercat,237,200,37,15.6
2026-10-05T03:01:00Z,2026-10-05T05:01:00+02:00,53,dr-robert,407,350,57,14
2026-10-05T03:01:00Z,2026-10-05T05:01:00+02:00,54,placa-vella,297,209,88,29.6
2026-10-05T03:01:00Z,2026-10-05T05:01:00+02:00,55,ajuntament-mercat,237,200,37,15.6
2026-10-05T03:02:00Z,2026-10-05T05:02:00+02:00,53,dr-robert,407,350,57,14
2026-10-05T03:02:00Z,2026-10-05T05:02:00+02:00,54,placa-vella,297,209,88,29.6
2026-10-05T03:02:00Z,2026-10-05T05:02:00+02:00,55,ajuntament-mercat,237,200,37,15.6
2026-10-05T03:03:00Z,2026-10-05T05:03:00+02:00,53,dr-robert,407,350,57,14
2026-10-05T03:03:00Z,2026-10-05T05:03:00+02:00,54,placa-vella,297,209,88,29.6
2026-10-05T03:03:00Z,2026-10-05T05:03:00+02:00,55,ajuntament-mercat,237,200,37,15.6
2026-10-05T03:04:00Z,2026-10-05T05:04:00+02:00,53,dr-robert,407,350,57,14
2026-10-05T03:04:00Z,2026-10-05T05:04:00+02:00,54,placa-vella,297,209,88,29.6
2026-10-05T03:04:00Z,2026-10-05T05:04:00+02:00,55,ajuntament-mercat,237,200,37,15.6
2026-10-05T03:05:00Z,2026-10-05T05:05:00+02:00,53,dr-robert,407,350,57,14
2026-10-05T03:05:00Z,2026-10-05T05:05:00+02:00,54,placa-vella,297,209,88,29.6
2026-10-05T03:05:00Z,2026-10-05T05:05:00+02:00,55,ajuntament-mercat,237,200,37,15.6
2026-10-05T03:06:00Z,2026-10-05T05:06:00+02:00,53,dr-robert,407,350,57,14
2026-10-05T03:06:00Z,2026-10-05T05:06:00+02:00,54,placa-vella,297,209,88,29.6
2026-10-05T03:06:00Z,2026-10-05T05:06:00+02:00,55,ajuntament-mercat,237,200,37,15.6
2026-10-05T03:07:00Z,2026-10-05T05:07:00+02:00,53,dr-robert,407,350,57,14
2026-10-05T03:07:00Z,2026-10-05T05:07:00+02:00,54,placa-vella,297,209,88,29.6
2026-10-05T03:07:00Z,2026-10-05T05:07:00+02:00,55,ajuntament-mercat,237,200,37,15.6
2026-10-05T03:08:00Z,2026-10-05T05:08:00+02:00,53,dr-robert,407,350,57,14
2026-10-05T03:08:00Z,2026-10-05T05:08:00+02:00,54,placa-vella,297,209,88,29.6
2026-10-05T03:08:00Z,2026-10-05T05:08:00+02:00,55,ajuntament-mercat,237,200,37,15.6
2026-10-05T03:09:00Z,2026-10-05T05:09:00+02:00,53,dr-robert,407,350,57,14
2026-10-05T03:09:00Z,2026-10-05T05:09:00+02:00,54,placa-vella,297,209,88,29.6
2026-10-05T03:09:00Z,2026-10-05T05:09:00+02:00,55,ajuntament-mercat,237,200,37,15.6
2026-10-05T03:10:00Z,2026-10-05T05:10:00+02:00,53,dr-robert,407,350,57,14
2026-10-05T03:10:00Z,2026-10-05T05:10:00+02:00,54,placa-vella,297,209,88,29.6
2026-10-05T03:10:00Z,2026-10-05T05:10:00+02:00,55,ajuntament-mercat,237,200,37,15.6
2026-10-05T03:11:00Z,2026-10-05T05:11:00+02:00,53,dr-robert,407,350,57,14
2026-10-05T03:11:00Z,2026-10-05T05:11:00+02:00,54,placa-vella,297,209,88,29.6
2026-10-05T03:11:00Z,2026-10-05T05:11:00+02:00,55,ajuntament-mercat,237,200,37,15.6
2026-10-05T03:12:00Z,2026-10-05T05:12:00+02:00,53,dr-robert,407,350,57,14
2026-10-05T03:12:00Z,2026-10-05T05:12:00+02:00,54,placa-vella,297,209,88,29.6
2026-10-05T03:12:00Z,2026-10-05T05:12:00+02:00,55,ajuntament-mercat,237,200,37,15.6
2026-10-05T03:13:00Z,2026-10-05T05:13:00+02:00,53,dr-robert,407,350,57,14
2026-10-05T03:13:00Z,2026-10-05T05:13:00+02:00,54,placa-vella,297,209,88,29.6
2026-10-05T03:13:00Z,2026-10-05T05:13:00+02:00,55,ajuntament-mercat,237,200,37,15.6
2026-10-05T03:14:00Z,2026-10-05T05:14:00+02:00,53,dr-robert,407,350,57,14
2026-10-05T03:14:00Z,2026-10-05T05:14:00+02:00,54,placa-vella,297,209,88,29.6
2026-10-05T03:14:00Z,2026-10-05T05:14:00+02:00,55,ajuntament-mercat,237,200,37,15.6
2026-10-05T03:15:00Z,2026-10-05T05:15:00+02:00,53,dr-robert,407,350,57,14
2026-10-05T03:15:00Z,2026-10-05T05:15:00+02:00,54,placa-vella,297,209,88,29.6
2026-10-05T03:15:00Z,2026-10-05T05:15:00+02:00,55,ajuntament-mercat,237,200,37,15.6
2026-10-05T03:16:00Z,2026-10-05T05:16:00+02:00,53,dr-robert,407,351,56,13.8
2026-10-05T03:16:00Z,2026-10-05T05:16:00+02:00,54,placa-vella,297,209,88,29.6
2026-10-05T03:16:00Z,2026-10-05T05:16:00+02:00,55,ajuntament-mercat,237,200,37,15.6
2026-10-05T03:17:00Z,2026-10-05T05:17:00+02:00,53,dr-robert,407,351,56,13.8
2026-10-05T03:17:00Z,2026-10-05T05:17:00+02:00,54,placa-vella,297,209,88,29.6
2026-10-05T03:17:00Z,2026-10-05T05:17:00+02:00,55,ajuntament-mercat,237,200,37,15.6
2026-10-05T03:18:00Z,2026-10-05T05:18:00+02:00,53,dr-robert,407,351,56,13.8
2026-10-05T03:18:00Z,2026-10-05T05:18:00+02:00,54,placa-vella,297,209,88,29.6
2026-10-05T03:18:00Z,2026-10-05T05:18:00+02:00,55,ajuntament-mercat,237,200,37,15.6
2026-10-05T03:19:00Z,2026-10-05T05:19:00+02:00,53,dr-robert,407,351,56,13.8
2026-10-05T03:19:00Z,2026-10-05T05:19:00+02:00,54,placa-vella,297,209,88,29.6
2026-10-05T03:19:00Z,2026-10-05T05:19:00+02:00,55,ajuntament-mercat,237,200,37,15.6
2026-10-05T03:20:00Z,2026-10-05T05:20:00+02:00,53,dr-robert,407,351,56,13.8
2026-10-05T03:20:00Z,2026-10-05T05:20:00+02:00,54,placa-vella,297,209,88,29.6
2026-10-05T03:20:00Z,2026-10-05T05:20:00+02:00,55,ajuntament-mercat,237,200,37,15.6
2026-10-05T03:21:00Z,2026-10-05T05:21:00+02:00,53,dr-robert,407,350,57,14
2026-10-05T03:21:00Z,2026-10-05T05:21:00+02:00,54,placa-vella,297,209,88,29.6
2026-10-05T03:21:00Z,2026-10-05T05:21:00+02:00,55,ajuntament-mercat,237,200,37,15.6
2026-10-05T03:22:00Z,2026-10-05T05:22:00+02:00,53,dr-robert,407,350,57,14
2026-10-05T03:22:00Z,2026-10-05T05:22:00+02:00,54,placa-vella,297,209,88,29.6
2026-10-05T03:22:00Z,2026-10-05T05:22:00+02:00,55,ajuntament-mercat,237,200,37,15.6
2026-10-05T03:23:00Z,2026-10-05T05:23:00+02:00,53,dr-robert,407,350,57,14
2026-10-05T03:23:00Z,2026-10-05T05:23:00+02:00,54,placa-vella,297,209,88,29.6
2026-10-05T03:23:00Z,2026-10-05T05:23:00+02:00,55,ajuntament-mercat,237,200,37,15.6
2026-10-05T03:24:00Z,2026-10-05T05:24:00+02:00,53,dr-robert,407,350,57,14
2026-10-05T03:24:00Z,2026-10-05T05:24:00+02:00,54,placa-vella,297,209,88,29.6
2026-10-05T03:24:00Z,2026-10-05T05:24:00+02:00,55,ajuntament-mercat,237,200,37,15.6
2026-10-05T03:25:00Z,2026-10-05T05:25:00+02:00,53,dr-robert,407,351,56,13.8
2026-10-05T03:25:00Z,2026-10-05T05:25:00+02:00,54,placa-vella,297,209,88,29.6
2026-10-05T03:25:00Z,2026-10-05T05:25:00+02:00,55,ajuntament-mercat,237,200,37,15.6
2026-10-05T03:26:00Z,2026-10-05T05:26:00+02:00,53,dr-robert,407,351,56,13.8
2026-10-05T03:26:00Z,2026-10-05T05:26:00+02:00,54,placa-vella,297,209,88,29.6
2026-10-05T03:26:00Z,2026-10-05T05:26:00+02:00,55,ajuntament-mercat,237,200,37,15.6
2026-10-05T03:27:00Z,2026-10-05T05:27:00+02:00,53,dr-robert,407,351,56,13.8
2026-10-05T03:27:00Z,2026-10-05T05:27:00+02:00,54,placa-vella,297,209,88,29.6
2026-10-05T03:27:00Z,2026-10-05T05:27:00+02:00,55,ajuntament-mercat,237,200,37,15.6
2026-10-05T03:28:00Z,2026-10-05T05:28:00+02:00,53,dr-robert,407,351,56,13.8
2026-10-05T03:28:00Z,2026-10-05T05:28:00+02:00,54,placa-vella,297,209,88,29.6
2026-10-05T03:28:00Z,2026-10-05T05:28:00+02:00,55,ajuntament-mercat,237,200,37,15.6
2026-10-05T03:29:00Z,2026-10-05T05:29:00+02:00,53,dr-robert,407,351,56,13.8
2026-10-05T03:29:00Z,2026-10-05T05:29:00+02:00,54,placa-vella,297,209,88,29.6
2026-10-05T03:29:00Z,2026-10-05T05:29:00+02:00,55,ajuntament-mercat,237,200,37,15.6
2026-10-05T03:30:00Z,2026-10-05T05:30:00+02:00,53,dr-robert,407,351,56,13.8
2026-10-05T03:30:00Z,2026-10-05T05:30:00+02:00,54,placa-vella,297,209,88,29.6
2026-10-05T03:30:00Z,2026-10-05T05:30:00+02:00,55,ajuntament-mercat,237,199,38,16
2026-10-05T03:31:00Z,2026-10-05T05:31:00+02:00,53,dr-robert,407,351,56,13.8
2026-10-05T03:31:00Z,2026-10-05T05:31:00+02:00,54,placa-vella,297,209,88,29.6
2026-10-05T03:31:00Z,2026-10-05T05:31:00+02:00,55,ajuntament-mercat,237,199,38,16
2026-10-05T03:32:00Z,2026-10-05T05:32:00+02:00,53,dr-robert,407,351,56,13.8
2026-10-05T03:32:00Z,2026-10-05T05:32:00+02:00,54,placa-vella,297,209,88,29.6
2026-10-05T03:32:00Z,2026-10-05T05:32:00+02:00,55,ajuntament-mercat,237,199,38,16
2026-10-05T03:33:00Z,2026-10-05T05:33:00+02:00,53,dr-robert,407,351,56,13.8
2026-10-05T03:33:00Z,2026-10-05T05:33:00+02:00,54,placa-vella,297,209,88,29.6
2026-10-05T03:33:00Z,2026-10-05T05:33:00+02:00,55,ajuntament-mercat,237,199,38,16
2026-10-05T03:34:00Z,2026-10-05T05:34:00+02:00,53,dr-robert,407,351,56,13.8
2026-10-05T03:34:00Z,2026-10-05T05:34:00+02:00,54,placa-vella,297,209,88,29.6
2026-10-05T03:34:00Z,2026-10-05T05:34:00+02:00,55,ajuntament-mercat,237,199,38,16
2026-10-05T03:35:00Z,2026-10-05T05:35:00+02:00,53,dr-robert,407,351,56,13.8
2026-10-05T03:35:00Z,2026-10-05T05:35:00+02:00,54,placa-vella,297,209,88,29.6
2026-10-05T03:35:00Z,2026-10-05T05:35:00+02:00,55,ajuntament-mercat,237,199,38,16
2026-10-05T03:36:00Z,2026-10-05T05:36:00+02:00,53,dr-robert,407,351,56,13.8
2026-10-05T03:36:00Z,2026-10-05T05:36:00+02:00,54,placa-vella,297,209,88,29.6
2026-10-05T03:36:00Z,2026-10-05T05:36:00+02:00,55,ajuntament-mercat,237,199,38,16
2026-10-05T03:37:00Z,2026-10-05T05:37:00+02:00,53,dr-robert,407,351,56,13.8
2026-10-05T03:37:00Z,2026-10-05T05:37:00+02:00,54,placa-vella,297,209,88,29.6
2026-10-05T03:37:00Z,2026-10-05T05:37:00+02:00,55,ajuntament-mercat,237,199,38,16
2026-10-05T03:38:00Z,2026-10-05T05:38:00+02:00,53,dr-robert,407,351,56,13.8
2026-10-05T03:38:00Z,2026-10-05T05:38:00+02:00,54,placa-vella,297,209,88,29.6
2026-10-05T03:38:00Z,2026-10-05T05:38:00+02:00,55,ajuntament-mercat,237,199,38,16
2026-10-05T03:39:00Z,2026-10-05T05:39:00+02:00,53,dr-robert,407,351,56,13.8
2026-10-05T03:39:00Z,2026-10-05T05:39:00+02:00,54,placa-vella,297,209,88,29.6
2026-10-05T03:39:00Z,2026-10-05T05:39:00+02:00,55,ajuntament-mercat,237,199,38,16
2026-10-05T03:40:00Z,2026-10-05T05:40:00+02:00,53,dr-robert,407,351,56,13.8
2026-10-05T03:40:00Z,2026-10-05T05:40:00+02:00,54,placa-vella,297,209,88,29.6
2026-10-05T03:40:00Z,2026-10-05T05:40:00+02:00,55,ajuntament-mercat,237,199,38,16
2026-10-05T03:41:00Z,2026-10-05T05:41:00+02:00,53,dr-robert,407,351,56,13.8
2026-10-05T03:41:00Z,2026-10-05T05:41:00+02:00,54,placa-vella,297,209,88,29.6
2026-10-05T03:41:00Z,2026-10-05T05:41:00+02:00,55,ajuntament-mercat,237,199,38,16
2026-10-05T03:42:00Z,2026-10-05T05:42:00+02:00,53,dr-robert,407,351,56,13.8
2026-10-05T03:42:00Z,2026-10-05T05:42:00+02:00,54,placa-vella,297,209,88,29.6
2026-10-05T03:42:00Z,2026-10-05T05:42:00+02:00,55,ajuntament-mercat,237,199,38,16
2026-10-05T03:43:00Z,2026-10-05T05:43:00+02:00,53,dr-robert,407,351,56,13.8
2026-10-05T03:43:00Z,2026-10-05T05:43:00+02:00,54,placa-vella,297,209,88,29.6
2026-10-05T03:43:00Z,2026-10-05T05:43:00+02:00,55,ajuntament-mercat,237,199,38,16
2026-10-05T03:44:00Z,2026-10-05T05:44:00+02:00,53,dr-robert,407,351,56,13.8
2026-10-05T03:44:00Z,2026-10-05T05:44:00+02:00,54,placa-vella,297,209,88,29.6
2026-10-05T03:44:00Z,2026-10-05T05:44:00+02:00,55,ajuntament-mercat,237,199,38,16
2026-10-05T03:45:00Z,2026-10-05T05:45:00+02:00,53,dr-robert,407,351,56,13.8
2026-10-05T03:45:00Z,2026-10-05T05:45:00+02:00,54,placa-vella,297,210,87,29.3
2026-10-05T03:45:00Z,2026-10-05T05:45:00+02:00,55,ajuntament-mercat,237,198,39,16.5
2026-10-05T03:46:00Z,2026-10-05T05:46:00+02:00,53,dr-robert,407,351,56,13.8
2026-10-05T03:46:00Z,2026-10-05T05:46:00+02:00,54,placa-vella,297,210,87,29.3
2026-10-05T03:46:00Z,2026-10-05T05:46:00+02:00,55,ajuntament-mercat,237,198,39,16.5
2026-10-05T03:47:00Z,2026-10-05T05:47:00+02:00,53,dr-robert,407,351,56,13.8
2026-10-05T03:47:00Z,2026-10-05T05:47:00+02:00,54,placa-vella,297,210,87,29.3
2026-10-05T03:47:00Z,2026-10-05T05:47:00+02:00,55,ajuntament-mercat,237,198,39,16.5
2026-10-05T03:48:00Z,2026-10-05T05:48:00+02:00,53,dr-robert,407,351,56,13.8
2026-10-05T03:48:00Z,2026-10-05T05:48:00+02:00,54,placa-vella,297,210,87,29.3
2026-10-05T03:48:00Z,2026-10-05T05:48:00+02:00,55,ajuntament-mercat,237,198,39,16.5
2026-10-05T03:49:00Z,2026-10-05T05:49:00+02:00,53,dr-robert,407,351,56,13.8
2026-10-05T03:49:00Z,2026-10-05T05:49:00+02:00,54,placa-vella,297,210,87,29.3
2026-10-05T03:49:00Z,2026-10-05T05:49:00+02:00,55,ajuntament-mercat,237,198,39,16.5
2026-10-05T03:50:00Z,2026-10-05T05:50:00+02:00,53,dr-robert,407,352,55,13.5
2026-10-05T03:50:00Z,2026-10-05T05:50:00+02:00,54,placa-vella,297,210,87,29.3
2026-10-05T03:50:00Z,2026-10-05T05:50:00+02:00,55,ajuntament-mercat,237,199,38,16
2026-10-05T03:51:00Z,2026-10-05T05:51:00+02:00,53,dr-robert,407,352,55,13.5
2026-10-05T03:51:00Z,2026-10-05T05:51:00+02:00,54,placa-vella,297,210,87,29.3
2026-10-05T03:51:00Z,2026-10-05T05:51:00+02:00,55,ajuntament-mercat,237,199,38,16
2026-10-05T03:52:00Z,2026-10-05T05:52:00+02:00,53,dr-robert,407,352,55,13.5
2026-10-05T03:52:00Z,2026-10-05T05:52:00+02:00,54,placa-vella,297,210,87,29.3
2026-10-05T03:52:00Z,2026-10-05T05:52:00+02:00,55,ajuntament-mercat,237,199,38,16
2026-10-05T03:53:00Z,2026-10-05T05:53:00+02:00,53,dr-robert,407,352,55,13.5
2026-10-05T03:53:00Z,2026-10-05T05:53:00+02:00,54,placa-vella,297,210,87,29.3
2026-10-05T03:53:00Z,2026-10-05T05:53:00+02:00,55,ajuntament-mercat,237,199,38,16
2026-10-05T03:54:00Z,2026-10-05T05:54:00+02:00,53,dr-robert,407,352,55,13.5
2026-10-05T03:54:00Z,2026-10-05T05:54:00+02:00,54,placa-vella,297,210,87,29.3
2026-10-05T03:54:00Z,2026-10-05T05:54:00+02:00,55,ajuntament-mercat,237,199,38,16
2026-10-05T03:55:00Z,2026-10-05T05:55:00+02:00,53,dr-robert,407,353,54,13.3
2026-10-05T03:55:00Z,2026-10-05T05:55:00+02:00,54,placa-vella,297,209,88,29.6
2026-10-05T03:55:00Z,2026-10-05T05:55:00+02:00,55,ajuntament-mercat,237,198,39,16.5
2026-10-05T03:56:00Z,2026-10-05T05:56:00+02:00,53,dr-robert,407,353,54,13.3
2026-10-05T03:56:00Z,2026-10-05T05:56:00+02:00,54,placa-vella,297,209,88,29.6
2026-10-05T03:56:00Z,2026-10-05T05:56:00+02:00,55,ajuntament-mercat,237,198,39,16.5
2026-10-05T03:57:00Z,2026-10-05T05:57:00+02:00,53,dr-robert,407,353,54,13.3
2026-10-05T03:57:00Z,2026-10-05T05:57:00+02:00,54,placa-vella,297,209,88,29.6
2026-10-05T03:57:00Z,2026-10-05T05:57:00+02:00,55,ajuntament-mercat,237,198,39,16.5
2026-10-05T03:58:00Z,2026-10-05T05:58:00+02:00,53,dr-robert,407,353,54,13.3
2026-10-05T03:58:00Z,2026-10-05T05:58:00+02:00,54,placa-vella,297,209,88,29.6
2026-10-05T03:58:00Z,2026-10-05T05:58:00+02:00,55,ajuntament-mercat,237,198,39,16.5
2026-10-05T03:59:00Z,2026-10-05T05:59:00+02:00,53,dr-robert,407,353,54,13.3
2026-10-05T03:59:00Z,2026-10-05T05:59:00+02:00,54,placa-vella,297,209,88,29.6
2026-10-05T03:59:00Z,2026-10-05T05:59:00+02:00,55,ajuntament-mercat,237,198,39,16.5
2026-10-05T04:00:00Z,2026-10-05T06:00:00+02:00,53,dr-robert,407,353,54,13.3
2026-10-05T04:00:00Z,2026-10-05T06:00:00+02:00,54,placa-vella,297,209,88,29.6
2026-10-05T04:00:00Z,2026-10-05T06:00:00+02:00,55,ajuntament-mercat,237,198,39,16.5
2026-10-05T04:01:00Z,2026-10-05T06:01:00+02:00,53,dr-robert,407,353,54,13.3
2026-10-05T04:01:00Z,2026-10-05T06:01:00+02:00,54,placa-vella,297,209,88,29.6
2026-10-05T04:01:00Z,2026-10-05T06:01:00+02:00,55,ajuntament-mercat,237,198,39,16.5
2026-10-05T04:02:00Z,2026-10-05T06:02:00+02:00,53,dr-robert,407,353,54,13.3
2026-10-05T04:02:00Z,2026-10-05T06:02:00+02:00,54,placa-vella,297,209,88,29.6
2026-10-05T04:02:00Z,2026-10-05T06:02:00+02:00,55,ajuntament-mercat,237,198,39,16.5
2026-10-05T04:03:00Z,2026-10-05T06:03:00+02:00,53,dr-robert,407,353,54,13.3
2026-10-05T04:03:00Z,2026-10-05T06:03:00+02:00,54,placa-vella,297,209,88,29.6
2026-10-05T04:03:00Z,2026-10-05T06:03:00+02:00,55,ajuntament-mercat,237,198,39,16.5
2026-10-05T04:04:00Z,2026-10-05T06:04:00+02:00,53,dr-robert,407,353,54,13.3
2026-10-05T04:04:00Z,2026-10-05T06:04:00+02:00,54,placa-vella,297,209,88,29.6
2026-10-05T04:04:00Z,2026-10-05T06:04:00+02:00,55,ajuntament-mercat,237,198,39,16.5
2026-10-05T04:05:00Z,2026-10-05T06:05:00+02:00,53,dr-robert,407,351,56,13.8
2026-10-05T04:05:00Z,2026-10-05T06:05:00+02:00,54,placa-vella,297,209,88,29.6
2026-10-05T04:05:00Z,2026-10-05T06:05:00+02:00,55,ajuntament-mercat,237,199,38,16
2026-10-05T04:06:00Z,2026-10-05T06:06:00+02:00,53,dr-robert,407,351,56,13.8
2026-10-05T04:06:00Z,2026-10-05T06:06:00+02:00,54,placa-vella,297,209,88,29.6
2026-10-05T04:06:00Z,2026-10-05T06:06:00+02:00,55,ajuntament-mercat,237,199,38,16
2026-10-05T04:07:00Z,2026-10-05T06:07:00+02:00,53,dr-robert,407,351,56,13.8
2026-10-05T04:07:00Z,2026-10-05T06:07:00+02:00,54,placa-vella,297,209,88,29.6
2026-10-05T04:07:00Z,2026-10-05T06:07:00+02:00,55,ajuntament-mercat,237,199,38,16
2026-10-05T04:08:00Z,2026-10-05T06:08:00+02:00,53,dr-robert,407,351,56,13.8
2026-10-05T04:08:00Z,2026-10-05T06:08:00+02:00,54,placa-vella,297,209,88,29.6
2026-10-05T04:08:00Z,2026-10-05T06:08:00+02:00,55,ajuntament-mercat,237,199,38,16
2026-10-05T04:09:00Z,2026-10-05T06:09:00+02:00,53,dr-robert,407,351,56,13.8
2026-10-05T04:09:00Z,2026-10-05T06:09:00+02:00,54,placa-vella,297,209,88,29.6
2026-10-05T04:09:00Z,2026-10-05T06:09:00+02:00,55,ajuntament-mercat,237,199,38,16
2026-10-05T04:10:00Z,2026-10-05T06:10:00+02:00,53,dr-robert,407,351,56,13.8
2026-10-05T04:10:00Z,2026-10-05T06:10:00+02:00,54,placa-vella,297,210,87,29.3
2026-10-05T04:10:00Z,2026-10-05T06:10:00+02:00,55,ajuntament-mercat,237,199,38,16
2026-10-05T04:11:00Z,2026-10-05T06:11:00+02:00,53,dr-robert,407,351,56,13.8
2026-10-05T04:11:00Z,2026-10-05T06:11:00+02:00,54,placa-vella,297,210,87,29.3
2026-10-05T04:11:00Z,2026-10-05T06:11:00+02:00,55,ajuntament-mercat,237,199,38,16
2026-10-05T04:12:00Z,2026-10-05T06:12:00+02:00,53,dr-robert,407,351,56,13.8
2026-10-05T04:12:00Z,2026-10-05T06:12:00+02:00,54,placa-vella,297,210,87,29.3
2026-10-05T04:12:00Z,2026-10-05T06:12:00+02:00,55,ajuntament-mercat,237,199,38,16
2026-10-05T04:13:00Z,2026-10-05T06:13:00+02:00,53,dr-robert,407,351,56,13.8
2026-10-05T04:13:00Z,2026-10-05T06:13:00+02:00,54,placa-vella,297,210,87,29.3
2026-10-05T04:13:00Z,2026-10-05T06:13:00+02:00,55,ajuntament-mercat,237,199,38,16
2026-10-05T04:14:00Z,2026-10-05T06:14:00+02:00,53,dr-robert,407,351,56,13.8
2026-10-05T04:14:00Z,2026-10-05T06:14:00+02:00,54,placa-vella,297,210,87,29.3
2026-10-05T04:14:00Z,2026-10-05T06:14:00+02:00,55,ajuntament-mercat,237,199,38,16
2026-10-05T04:15:00Z,2026-10-05T06:15:00+02:00,53,dr-robert,407,350,57,14
2026-10-05T04:15:00Z,2026-10-05T06:15:00+02:00,54,placa-vella,297,210,87,29.3
2026-10-05T04:15:00Z,2026-10-05T06:15:00+02:00,55,ajuntament-mercat,237,199,38,16
2026-10-05T04:16:00Z,2026-10-05T06:16:00+02:00,53,dr-robert,407,350,57,14
2026-10-05T04:16:00Z,2026-10-05T06:16:00+02:00,54,placa-vella,297,210,87,29.3
2026-10-05T04:16:00Z,2026-10-05T06:16:00+02:00,55,ajuntament-mercat,237,199,38,16
2026-10-05T04:17:00Z,2026-10-05T06:17:00+02:00,53,dr-robert,407,350,57,14
2026-10-05T04:17:00Z,2026-10-05T06:17:00+02:00,54,placa-vella,297,210,87,29.3
2026-10-05T04:17:00Z,2026-10-05T06:17:00+02:00,55,ajuntament-mercat,237,199,38,16
2026-10-05T04:18:00Z,2026-10-05T06:18:00+02:00,53,dr-robert,407,350,57,14
2026-10-05T04:18:00Z,2026-10-05T06:18:00+02:00,54,placa-vella,297,210,87,29.3
2026-10-05T04:18:00Z,2026-10-05T06:18:00+02:00,55,ajuntament-mercat,237,199,38,16
2026-10-05T04:19:00Z,2026-10-05T06:19:00+02:00,53,dr-robert,407,350,57,14
2026-10-05T04:19:00Z,2026-10-05T06:19:00+02:00,54,placa-vella,297,210,87,29.3
2026-10-05T04:19:00Z,2026-10-05T06:19:00+02:00,55,ajuntament-mercat,237,199,38,16
2026-10-05T04:20:00Z,2026-10-05T06:20:00+02:00,53,dr-robert,407,350,57,14
2026-10-05T04:20:00Z,2026-10-05T06:20:00+02:00,54,placa-vella,297,210,87,29.3
2026-10-05T04:20:00Z,2026-10-05T06:20:00+02:00,55,ajuntament-mercat,237,199,38,16
2026-10-05T04:21:00Z,2026-10-05T06:21:00+02:00,53,dr-robert,407,350,57,14
2026-10-05T04:21:00Z,2026-10-05T06:21:00+02:00,54,placa-vella,297,210,87,29.3
2026-10-05T04:21:00Z,2026-10-05T06:21:00+02:00,55,ajuntament-mercat,237,199,38,16
2026-10-05T04:22:00Z,2026-10-05T06:22:00+02:00,53,dr-robert,407,350,57,14
2026-10-05T04:22:00Z,2026-10-05T06:22:00+02:00,54,placa-vella,297,210,87,29.3
2026-10-05T04:22:00Z,2026-10-05T06:22:00+02:00,55,ajuntament-mercat,237,199,38,16
2026-10-05T04:23:00Z,2026-10-05T06:23:00+02:00,53,dr-robert,407,350,57,14
2026-10-05T04:23:00Z,2026-10-05T06:23:00+02:00,54,placa-vella,297,210,87,29.3
2026-10-05T04:23:00Z,2026-10-05T06:23:00+02:00,55,ajuntament-mercat,237,199,38,16
2026-10-05T04:24:00Z,2026-10-05T06:24:00+02:00,53,dr-robert,407,350,57,14
2026-10-05T04:24:00Z,2026-10-05T06:24:00+02:00,54,placa-vella,297,210,87,29.3
2026-10-05T04:24:00Z,2026-10-05T06:24:00+02:00,55,ajuntament-mercat,237,199,38,16
2026-10-05T04:25:00Z,2026-10-05T06:25:00+02:00,53,dr-robert,407,349,58,14.3
2026-10-05T04:25:00Z,2026-10-05T06:25:00+02:00,54,placa-vella,297,209,88,29.6
2026-10-05T04:25:00Z,2026-10-05T06:25:00+02:00,55,ajuntament-mercat,237,200,37,15.6
2026-10-05T04:26:00Z,2026-10-05T06:26:00+02:00,53,dr-robert,407,349,58,14.3
2026-10-05T04:26:00Z,2026-10-05T06:26:00+02:00,54,placa-vella,297,209,88,29.6
2026-10-05T04:26:00Z,2026-10-05T06:26:00+02:00,55,ajuntament-mercat,237,200,37,15.6
2026-10-05T04:27:00Z,2026-10-05T06:27:00+02:00,53,dr-robert,407,349,58,14.3
2026-10-05T04:27:00Z,2026-10-05T06:27:00+02:00,54,placa-vella,297,209,88,29.6
2026-10-05T04:27:00Z,2026-10-05T06:27:00+02:00,55,ajuntament-mercat,237,200,37,15.6
2026-10-05T04:28:00Z,2026-10-05T06:28:00+02:00,53,dr-robert,407,349,58,14.3
2026-10-05T04:28:00Z,2026-10-05T06:28:00+02:00,54,placa-vella,297,209,88,29.6
2026-10-05T04:28:00Z,2026-10-05T06:28:00+02:00,55,ajuntament-mercat,237,200,37,15.6
2026-10-05T04:29:00Z,2026-10-05T06:29:00+02:00,53,dr-robert,407,349,58,14.3
2026-10-05T04:29:00Z,2026-10-05T06:29:00+02:00,54,placa-vella,297,209,88,29.6
2026-10-05T04:29:00Z,2026-10-05T06:29:00+02:00,55,ajuntament-mercat,237,200,37,15.6
2026-10-05T04:30:00Z,2026-10-05T06:30:00+02:00,53,dr-robert,407,349,58,14.3
2026-10-05T04:30:00Z,2026-10-05T06:30:00+02:00,54,placa-vella,297,209,88,29.6
2026-10-05T04:30:00Z,2026-10-05T06:30:00+02:00,55,ajuntament-mercat,237,200,37,15.6
2026-10-05T04:35:00Z,2026-10-05T06:35:00+02:00,53,dr-robert,407,348,59,14.5
2026-10-05T04:35:00Z,2026-10-05T06:35:00+02:00,54,placa-vella,297,207,90,30.3
2026-10-05T04:35:00Z,2026-10-05T06:35:00+02:00,55,ajuntament-mercat,237,200,37,15.6
2026-10-05T04:36:00Z,2026-10-05T06:36:00+02:00,53,dr-robert,407,348,59,14.5
2026-10-05T04:36:00Z,2026-10-05T06:36:00+02:00,54,placa-vella,297,207,90,30.3
2026-10-05T04:36:00Z,2026-10-05T06:36:00+02:00,55,ajuntament-mercat,237,200,37,15.6
2026-10-05T04:37:00Z,2026-10-05T06:37:00+02:00,53,dr-robert,407,348,59,14.5
2026-10-05T04:37:00Z,2026-10-05T06:37:00+02:00,54,placa-vella,297,207,90,30.3
2026-10-05T04:37:00Z,2026-10-05T06:37:00+02:00,55,ajuntament-mercat,237,200,37,15.6
2026-10-05T04:38:00Z,2026-10-05T06:38:00+02:00,53,dr-robert,407,348,59,14.5
2026-10-05T04:38:00Z,2026-10-05T06:38:00+02:00,54,placa-vella,297,207,90,30.3
2026-10-05T04:38:00Z,2026-10-05T06:38:00+02:00,55,ajuntament-mercat,237,200,37,15.6
2026-10-05T04:39:00Z,2026-10-05T06:39:00+02:00,53,dr-robert,407,348,59,14.5
2026-10-05T04:39:00Z,2026-10-05T06:39:00+02:00,54,placa-vella,297,207,90,30.3
2026-10-05T04:39:00Z,2026-10-05T06:39:00+02:00,55,ajuntament-mercat,237,200,37,15.6
2026-10-05T04:40:00Z,2026-10-05T06:40:00+02:00,53,dr-robert,407,346,61,15
2026-10-05T04:40:00Z,2026-10-05T06:40:00+02:00,54,placa-vella,297,208,89,30
2026-10-05T04:40:00Z,2026-10-05T06:40:00+02:00,55,ajuntament-mercat,237,200,37,15.6
2026-10-05T04:41:00Z,2026-10-05T06:41:00+02:00,53,dr-robert,407,346,61,15
2026-10-05T04:41:00Z,2026-10-05T06:41:00+02:00,54,placa-vella,297,208,89,30
2026-10-05T04:41:00Z,2026-10-05T06:41:00+02:00,55,ajuntament-mercat,237,200,37,15.6
2026-10-05T04:42:00Z,2026-10-05T06:42:00+02:00,53,dr-robert,407,346,61,15
2026-10-05T04:42:00Z,2026-10-05T06:42:00+02:00,54,placa-vella,297,208,89,30
2026-10-05T04:42:00Z,2026-10-05T06:42:00+02:00,55,ajuntament-mercat,237,200,37,15.6
2026-10-05T04:43:00Z,2026-10-05T06:43:00+02:00,53,dr-robert,407,346,61,15
2026-10-05T04:43:00Z,2026-10-05T06:43:00+02:00,54,placa-vella,297,208,89,30
2026-10-05T04:43:00Z,2026-10-05T06:43:00+02:00,55,ajuntament-mercat,237,200,37,15.6
2026-10-05T04:44:00Z,2026-10-05T06:44:00+02:00,53,dr-robert,407,346,61,15
2026-10-05T04:44:00Z,2026-10-05T06:44:00+02:00,54,placa-vella,297,208,89,30
2026-10-05T04:44:00Z,2026-10-05T06:44:00+02:00,55,ajuntament-mercat,237,200,37,15.6
2026-10-05T04:45:00Z,2026-10-05T06:45:00+02:00,53,dr-robert,407,344,63,15.5
2026-10-05T04:45:00Z,2026-10-05T06:45:00+02:00,54,placa-vella,297,209,88,29.6
2026-10-05T04:45:00Z,2026-10-05T06:45:00+02:00,55,ajuntament-mercat,237,200,37,15.6
2026-10-05T04:46:00Z,2026-10-05T06:46:00+02:00,53,dr-robert,407,344,63,15.5
2026-10-05T04:46:00Z,2026-10-05T06:46:00+02:00,54,placa-vella,297,209,88,29.6
2026-10-05T04:46:00Z,2026-10-05T06:46:00+02:00,55,ajuntament-mercat,237,200,37,15.6
2026-10-05T04:47:00Z,2026-10-05T06:47:00+02:00,53,dr-robert,407,344,63,15.5
2026-10-05T04:47:00Z,2026-10-05T06:47:00+02:00,54,placa-vella,297,209,88,29.6
2026-10-05T04:47:00Z,2026-10-05T06:47:00+02:00,55,ajuntament-mercat,237,200,37,15.6
2026-10-05T04:48:00Z,2026-10-05T06:48:00+02:00,53,dr-robert,407,344,63,15.5
2026-10-05T04:48:00Z,2026-10-05T06:48:00+02:00,54,placa-vella,297,209,88,29.6
2026-10-05T04:48:00Z,2026-10-05T06:48:00+02:00,55,ajuntament-mercat,237,200,37,15.6
2026-10-05T04:49:00Z,2026-10-05T06:49:00+02:00,53,dr-robert,407,344,63,15.5
2026-10-05T04:49:00Z,2026-10-05T06:49:00+02:00,54,placa-vella,297,209,88,29.6
2026-10-05T04:49:00Z,2026-10-05T06:49:00+02:00,55,ajuntament-mercat,237,200,37,15.6
2026-10-05T04:50:00Z,2026-10-05T06:50:00+02:00,53,dr-robert,407,340,67,16.5
2026-10-05T04:50:00Z,2026-10-05T06:50:00+02:00,54,placa-vella,297,210,87,29.3
2026-10-05T04:50:00Z,2026-10-05T06:50:00+02:00,55,ajuntament-mercat,237,200,37,15.6
2026-10-05T04:51:00Z,2026-10-05T06:51:00+02:00,53,dr-robert,407,340,67,16.5
2026-10-05T04:51:00Z,2026-10-05T06:51:00+02:00,54,placa-vella,297,210,87,29.3
2026-10-05T04:51:00Z,2026-10-05T06:51:00+02:00,55,ajuntament-mercat,237,200,37,15.6
2026-10-05T04:52:00Z,2026-10-05T06:52:00+02:00,53,dr-robert,407,340,67,16.5
2026-10-05T04:52:00Z,2026-10-05T06:52:00+02:00,54,placa-vella,297,210,87,29.3
2026-10-05T04:52:00Z,2026-10-05T06:52:00+02:00,55,ajuntament-mercat,237,200,37,15.6
2026-10-05T04:53:00Z,2026-10-05T06:53:00+02:00,53,dr-robert,407,340,67,16.5
2026-10-05T04:53:00Z,2026-10-05T06:53:00+02:00,54,placa-vella,297,210,87,29.3
2026-10-05T04:53:00Z,2026-10-05T06:53:00+02:00,55,ajuntament-mercat,237,200,37,15.6
2026-10-05T04:54:00Z,2026-10-05T06:54:00+02:00,53,dr-robert,407,340,67,16.5
2026-10-05T04:54:00Z,2026-10-05T06:54:00+02:00,54,placa-vella,297,210,87,29.3
2026-10-05T04:54:00Z,2026-10-05T06:54:00+02:00,55,ajuntament-mercat,237,200,37,15.6
2026-10-05T04:55:00Z,2026-10-05T06:55:00+02:00,53,dr-robert,407,338,69,17
2026-10-05T04:55:00Z,2026-10-05T06:55:00+02:00,54,placa-vella,297,211,86,29
2026-10-05T04:55:00Z,2026-10-05T06:55:00+02:00,55,ajuntament-mercat,237,199,38,16
2026-10-05T04:56:00Z,2026-10-05T06:56:00+02:00,53,dr-robert,407,338,69,17
2026-10-05T04:56:00Z,2026-10-05T06:56:00+02:00,54,placa-vella,297,211,86,29
2026-10-05T04:56:00Z,2026-10-05T06:56:00+02:00,55,ajuntament-mercat,237,199,38,16
2026-10-05T04:57:00Z,2026-10-05T06:57:00+02:00,53,dr-robert,407,338,69,17
2026-10-05T04:57:00Z,2026-10-05T06:57:00+02:00,54,placa-vella,297,211,86,29
2026-10-05T04:57:00Z,2026-10-05T06:57:00+02:00,55,ajuntament-mercat,237,199,38,16
2026-10-05T04:58:00Z,2026-10-05T06:58:00+02:00,53,dr-robert,407,338,69,17
2026-10-05T04:58:00Z,2026-10-05T06:58:00+02:00,54,placa-vella,297,211,86,29
2026-10-05T04:58:00Z,2026-10-05T06:58:00+02:00,55,ajuntament-mercat,237,199,38,16
2026-10-05T04:59:00Z,2026-10-05T06:59:00+02:00,53,dr-robert,407,338,69,17
2026-10-05T04:59:00Z,2026-10-05T06:59:00+02:00,54,placa-vella,297,211,86,29
2026-10-05T04:59:00Z,2026-10-05T06:59:00+02:00,55,ajuntament-mercat,237,199,38,16
2026-10-05T05:00:00Z,2026-10-05T07:00:00+02:00,53,dr-robert,407,338,69,17
2026-10-05T05:00:00Z,2026-10-05T07:00:00+02:00,54,placa-vella,297,211,86,29
2026-10-05T05:00:00Z,2026-10-05T07:00:00+02:00,55,ajuntament-mercat,237,199,38,16
2026-10-05T05:01:00Z,2026-10-05T07:01:00+02:00,53,dr-robert,407,338,69,17
2026-10-05T05:01:00Z,2026-10-05T07:01:00+02:00,54,placa-vella,297,211,86,29
2026-10-05T05:01:00Z,2026-10-05T07:01:00+02:00,55,ajuntament-mercat,237,199,38,16
2026-10-05T05:02:00Z,2026-10-05T07:02:00+02:00,53,dr-robert,407,338,69,17
2026-10-05T05:02:00Z,2026-10-05T07:02:00+02:00,54,placa-vella,297,211,86,29
2026-10-05T05:02:00Z,2026-10-05T07:02:00+02:00,55,ajuntament-mercat,237,199,38,16
2026-10-05T05:03:00Z,2026-10-05T07:03:00+02:00,53,dr-robert,407,334,73,17.9
2026-10-05T05:03:00Z,2026-10-05T07:03:00+02:00,54,placa-vella,297,212,85,28.6
2026-10-05T05:03:00Z,2026-10-05T07:03:00+02:00,55,ajuntament-mercat,237,199,38,16
2026-10-05T05:04:00Z,2026-10-05T07:04:00+02:00,53,dr-robert,407,334,73,17.9
2026-10-05T05:04:00Z,2026-10-05T07:04:00+02:00,54,placa-vella,297,212,85,28.6
2026-10-05T05:04:00Z,2026-10-05T07:04:00+02:00,55,ajuntament-mercat,237,199,38,16
2026-10-05T05:05:00Z,2026-10-05T07:05:00+02:00,53,dr-robert,407,334,73,17.9
2026-10-05T05:05:00Z,2026-10-05T07:05:00+02:00,54,placa-vella,297,212,85,28.6
2026-10-05T05:05:00Z,2026-10-05T07:05:00+02:00,55,ajuntament-mercat,237,199,38,16
2026-10-05T05:06:00Z,2026-10-05T07:06:00+02:00,53,dr-robert,407,334,73,17.9
2026-10-05T05:06:00Z,2026-10-05T07:06:00+02:00,54,placa-vella,297,212,85,28.6
2026-10-05T05:06:00Z,2026-10-05T07:06:00+02:00,55,ajuntament-mercat,237,199,38,16
2026-10-05T05:07:00Z,2026-10-05T07:07:00+02:00,53,dr-robert,407,329,78,19.2
2026-10-05T05:07:00Z,2026-10-05T07:07:00+02:00,54,placa-vella,297,212,85,28.6
2026-10-05T05:07:00Z,2026-10-05T07:07:00+02:00,55,ajuntament-mercat,237,199,38,16
2026-10-05T05:08:00Z,2026-10-05T07:08:00+02:00,53,dr-robert,407,329,78,19.2
2026-10-05T05:08:00Z,2026-10-05T07:08:00+02:00,54,placa-vella,297,212,85,28.6
2026-10-05T05:08:00Z,2026-10-05T07:08:00+02:00,55,ajuntament-mercat,237,199,38,16
2026-10-05T05:09:00Z,2026-10-05T07:09:00+02:00,53,dr-robert,407,329,78,19.2
2026-10-05T05:09:00Z,2026-10-05T07:09:00+02:00,54,placa-vella,297,212,85,28.6
2026-10-05T05:09:00Z,2026-10-05T07:09:00+02:00,55,ajuntament-mercat,237,199,38,16
2026-10-05T05:11:00Z,2026-10-05T07:11:00+02:00,53,dr-robert,407,321,86,21.1
2026-10-05T05:11:00Z,2026-10-05T07:11:00+02:00,54,placa-vella,297,212,85,28.6
2026-10-05T05:11:00Z,2026-10-05T07:11:00+02:00,55,ajuntament-mercat,237,198,39,16.5
2026-10-05T05:12:00Z,2026-10-05T07:12:00+02:00,53,dr-robert,407,321,86,21.1
2026-10-05T05:12:00Z,2026-10-05T07:12:00+02:00,54,placa-vella,297,212,85,28.6
2026-10-05T05:12:00Z,2026-10-05T07:12:00+02:00,55,ajuntament-mercat,237,198,39,16.5
2026-10-05T05:13:00Z,2026-10-05T07:13:00+02:00,53,dr-robert,407,321,86,21.1
2026-10-05T05:13:00Z,2026-10-05T07:13:00+02:00,54,placa-vella,297,212,85,28.6
2026-10-05T05:13:00Z,2026-10-05T07:13:00+02:00,55,ajuntament-mercat,237,198,39,16.5
2026-10-05T05:14:00Z,2026-10-05T07:14:00+02:00,53,dr-robert,407,321,86,21.1
2026-10-05T05:14:00Z,2026-10-05T07:14:00+02:00,54,placa-vella,297,212,85,28.6
2026-10-05T05:14:00Z,2026-10-05T07:14:00+02:00,55,ajuntament-mercat,237,198,39,16.5
2026-10-05T05:15:00Z,2026-10-05T07:15:00+02:00,53,dr-robert,407,315,92,22.6
2026-10-05T05:15:00Z,2026-10-05T07:15:00+02:00,54,placa-vella,297,212,85,28.6
2026-10-05T05:15:00Z,2026-10-05T07:15:00+02:00,55,ajuntament-mercat,237,198,39,16.5
2026-10-05T05:16:00Z,2026-10-05T07:16:00+02:00,53,dr-robert,407,315,92,22.6
2026-10-05T05:16:00Z,2026-10-05T07:16:00+02:00,54,placa-vella,297,212,85,28.6
2026-10-05T05:16:00Z,2026-10-05T07:16:00+02:00,55,ajuntament-mercat,237,198,39,16.5
2026-10-05T05:17:00Z,2026-10-05T07:17:00+02:00,53,dr-robert,407,315,92,22.6
2026-10-05T05:17:00Z,2026-10-05T07:17:00+02:00,54,placa-vella,297,212,85,28.6
2026-10-05T05:17:00Z,2026-10-05T07:17:00+02:00,55,ajuntament-mercat,237,198,39,16.5
2026-10-05T05:18:00Z,2026-10-05T07:18:00+02:00,53,dr-robert,407,315,92,22.6
2026-10-05T05:18:00Z,2026-10-05T07:18:00+02:00,54,placa-vella,297,212,85,28.6
2026-10-05T05:18:00Z,2026-10-05T07:18:00+02:00,55,ajuntament-mercat,237,198,39,16.5
2026-10-05T05:19:00Z,2026-10-05T07:19:00+02:00,53,dr-robert,407,315,92,22.6
2026-10-05T05:19:00Z,2026-10-05T07:19:00+02:00,54,placa-vella,297,212,85,28.6
2026-10-05T05:19:00Z,2026-10-05T07:19:00+02:00,55,ajuntament-mercat,237,198,39,16.5
2026-10-05T05:20:00Z,2026-10-05T07:20:00+02:00,53,dr-robert,407,315,92,22.6
2026-10-05T05:20:00Z,2026-10-05T07:20:00+02:00,54,placa-vella,297,212,85,28.6
2026-10-05T05:20:00Z,2026-10-05T07:20:00+02:00,55,ajuntament-mercat,237,198,39,16.5
2026-10-05T05:21:00Z,2026-10-05T07:21:00+02:00,53,dr-robert,407,315,92,22.6
2026-10-05T05:21:00Z,2026-10-05T07:21:00+02:00,54,placa-vella,297,212,85,28.6
2026-10-05T05:21:00Z,2026-10-05T07:21:00+02:00,55,ajuntament-mercat,237,198,39,16.5
2026-10-05T05:22:00Z,2026-10-05T07:22:00+02:00,53,dr-robert,407,315,92,22.6
2026-10-05T05:22:00Z,2026-10-05T07:22:00+02:00,54,placa-vella,297,212,85,28.6
2026-10-05T05:22:00Z,2026-10-05T07:22:00+02:00,55,ajuntament-mercat,237,198,39,16.5
2026-10-05T05:23:00Z,2026-10-05T07:23:00+02:00,53,dr-robert,407,307,100,24.6
2026-10-05T05:23:00Z,2026-10-05T07:23:00+02:00,54,placa-vella,297,211,86,29
2026-10-05T05:23:00Z,2026-10-05T07:23:00+02:00,55,ajuntament-mercat,237,196,41,17.3
2026-10-05T05:24:00Z,2026-10-05T07:24:00+02:00,53,dr-robert,407,307,100,24.6
2026-10-05T05:24:00Z,2026-10-05T07:24:00+02:00,54,placa-vella,297,211,86,29
2026-10-05T05:24:00Z,2026-10-05T07:24:00+02:00,55,ajuntament-mercat,237,196,41,17.3
2026-10-05T05:25:00Z,2026-10-05T07:25:00+02:00,53,dr-robert,407,304,103,25.3
2026-10-05T05:25:00Z,2026-10-05T07:25:00+02:00,54,placa-vella,297,211,86,29
2026-10-05T05:25:00Z,2026-10-05T07:25:00+02:00,55,ajuntament-mercat,237,197,40,16.9
2026-10-05T05:26:00Z,2026-10-05T07:26:00+02:00,53,dr-robert,407,304,103,25.3
2026-10-05T05:26:00Z,2026-10-05T07:26:00+02:00,54,placa-vella,297,211,86,29
2026-10-05T05:26:00Z,2026-10-05T07:26:00+02:00,55,ajuntament-mercat,237,197,40,16.9
2026-10-05T05:27:00Z,2026-10-05T07:27:00+02:00,53,dr-robert,407,304,103,25.3
2026-10-05T05:27:00Z,2026-10-05T07:27:00+02:00,54,placa-vella,297,211,86,29
2026-10-05T05:27:00Z,2026-10-05T07:27:00+02:00,55,ajuntament-mercat,237,197,40,16.9
2026-10-05T05:28:00Z,2026-10-05T07:28:00+02:00,53,dr-robert,407,304,103,25.3
2026-10-05T05:28:00Z,2026-10-05T07:28:00+02:00,54,placa-vella,297,211,86,29
2026-10-05T05:28:00Z,2026-10-05T07:28:00+02:00,55,ajuntament-mercat,237,197,40,16.9
2026-10-05T05:29:00Z,2026-10-05T07:29:00+02:00,53,dr-robert,407,304,103,25.3
2026-10-05T05:29:00Z,2026-10-05T07:29:00+02:00,54,placa-vella,297,211,86,29
2026-10-05T05:29:00Z,2026-10-05T07:29:00+02:00,55,ajuntament-mercat,237,197,40,16.9
2026-10-05T05:30:00Z,2026-10-05T07:30:00+02:00,53,dr-robert,407,302,105,25.8
2026-10-05T05:30:00Z,2026-10-05T07:30:00+02:00,54,placa-vella,297,211,86,29
2026-10-05T05:30:00Z,2026-10-05T07:30:00+02:00,55,ajuntament-mercat,237,196,41,17.3
2026-10-05T05:31:00Z,2026-10-05T07:31:00+02:00,53,dr-robert,407,302,105,25.8
2026-10-05T05:31:00Z,2026-10-05T07:31:00+02:00,54,placa-vella,297,211,86,29
2026-10-05T05:31:00Z,2026-10-05T07:31:00+02:00,55,ajuntament-mercat,237,196,41,17.3
2026-10-05T05:32:00Z,2026-10-05T07:32:00+02:00,53,dr-robert,407,302,105,25.8
2026-10-05T05:32:00Z,2026-10-05T07:32:00+02:00,54,placa-vella,297,211,86,29
2026-10-05T05:32:00Z,2026-10-05T07:32:00+02:00,55,ajuntament-mercat,237,196,41,17.3
2026-10-05T05:33:00Z,2026-10-05T07:33:00+02:00,53,dr-robert,407,302,105,25.8
2026-10-05T05:33:00Z,2026-10-05T07:33:00+02:00,54,placa-vella,297,211,86,29
2026-10-05T05:33:00Z,2026-10-05T07:33:00+02:00,55,ajuntament-mercat,237,196,41,17.3
2026-10-05T05:34:00Z,2026-10-05T07:34:00+02:00,53,dr-robert,407,302,105,25.8
2026-10-05T05:34:00Z,2026-10-05T07:34:00+02:00,54,placa-vella,297,211,86,29
2026-10-05T05:34:00Z,2026-10-05T07:34:00+02:00,55,ajuntament-mercat,237,196,41,17.3
2026-10-05T05:35:00Z,2026-10-05T07:35:00+02:00,53,dr-robert,407,294,113,27.8
2026-10-05T05:35:00Z,2026-10-05T07:35:00+02:00,54,placa-vella,297,209,88,29.6
2026-10-05T05:35:00Z,2026-10-05T07:35:00+02:00,55,ajuntament-mercat,237,192,45,19
2026-10-05T05:36:00Z,2026-10-05T07:36:00+02:00,53,dr-robert,407,294,113,27.8
2026-10-05T05:36:00Z,2026-10-05T07:36:00+02:00,54,placa-vella,297,209,88,29.6
2026-10-05T05:36:00Z,2026-10-05T07:36:00+02:00,55,ajuntament-mercat,237,192,45,19
2026-10-05T05:37:00Z,2026-10-05T07:37:00+02:00,53,dr-robert,407,294,113,27.8
2026-10-05T05:37:00Z,2026-10-05T07:37:00+02:00,54,placa-vella,297,209,88,29.6
2026-10-05T05:37:00Z,2026-10-05T07:37:00+02:00,55,ajuntament-mercat,237,192,45,19
2026-10-05T05:38:00Z,2026-10-05T07:38:00+02:00,53,dr-robert,407,294,113,27.8
2026-10-05T05:38:00Z,2026-10-05T07:38:00+02:00,54,placa-vella,297,209,88,29.6
2026-10-05T05:38:00Z,2026-10-05T07:38:00+02:00,55,ajuntament-mercat,237,192,45,19
2026-10-05T05:39:00Z,2026-10-05T07:39:00+02:00,53,dr-robert,407,294,113,27.8
2026-10-05T05:39:00Z,2026-10-05T07:39:00+02:00,54,placa-vella,297,209,88,29.6
2026-10-05T05:39:00Z,2026-10-05T07:39:00+02:00,55,ajuntament-mercat,237,192,45,19
2026-10-05T05:40:00Z,2026-10-05T07:40:00+02:00,53,dr-robert,407,288,119,29.2
2026-10-05T05:40:00Z,2026-10-05T07:40:00+02:00,54,placa-vella,297,210,87,29.3
2026-10-05T05:40:00Z,2026-10-05T07:40:00+02:00,55,ajuntament-mercat,237,192,45,19
2026-10-05T05:41:00Z,2026-10-05T07:41:00+02:00,53,dr-robert,407,288,119,29.2
2026-10-05T05:41:00Z,2026-10-05T07:41:00+02:00,54,placa-vella,297,210,87,29.3
2026-10-05T05:41:00Z,2026-10-05T07:41:00+02:00,55,ajuntament-mercat,237,192,45,19
2026-10-05T05:42:00Z,2026-10-05T07:42:00+02:00,53,dr-robert,407,288,119,29.2
2026-10-05T05:42:00Z,2026-10-05T07:42:00+02:00,54,placa-vella,297,210,87,29.3
2026-10-05T05:42:00Z,2026-10-05T07:42:00+02:00,55,ajuntament-mercat,237,192,45,19
2026-10-05T05:43:00Z,2026-10-05T07:43:00+02:00,53,dr-robert,407,288,119,29.2
2026-10-05T05:43:00Z,2026-10-05T07:43:00+02:00,54,placa-vella,297,210,87,29.3
2026-10-05T05:43:00Z,2026-10-05T07:43:00+02:00,55,ajuntament-mercat,237,192,45,19
2026-10-05T05:44:00Z,2026-10-05T07:44:00+02:00,53,dr-robert,407,288,119,29.2
2026-10-05T05:44:00Z,2026-10-05T07:44:00+02:00,54,placa-vella,297,210,87,29.3
2026-10-05T05:44:00Z,2026-10-05T07:44:00+02:00,55,ajuntament-mercat,237,192,45,19
2026-10-05T05:45:00Z,2026-10-05T07:45:00+02:00,53,dr-robert,407,281,126,31
2026-10-05T05:45:00Z,2026-10-05T07:45:00+02:00,54,placa-vella,297,207,90,30.3
2026-10-05T05:45:00Z,2026-10-05T07:45:00+02:00,55,ajuntament-mercat,237,191,46,19.4
2026-10-05T05:46:00Z,2026-10-05T07:46:00+02:00,53,dr-robert,407,281,126,31
2026-10-05T05:46:00Z,2026-10-05T07:46:00+02:00,54,placa-vella,297,207,90,30.3
2026-10-05T05:46:00Z,2026-10-05T07:46:00+02:00,55,ajuntament-mercat,237,191,46,19.4
2026-10-05T05:47:00Z,2026-10-05T07:47:00+02:00,53,dr-robert,407,281,126,31
2026-10-05T05:47:00Z,2026-10-05T07:47:00+02:00,54,placa-vella,297,207,90,30.3
2026-10-05T05:47:00Z,2026-10-05T07:47:00+02:00,55,ajuntament-mercat,237,191,46,19.4
2026-10-05T05:48:00Z,2026-10-05T07:48:00+02:00,53,dr-robert,407,281,126,31
2026-10-05T05:48:00Z,2026-10-05T07:48:00+02:00,54,placa-vella,297,207,90,30.3
2026-10-05T05:48:00Z,2026-10-05T07:48:00+02:00,55,ajuntament-mercat,237,191,46,19.4
2026-10-05T05:49:00Z,2026-10-05T07:49:00+02:00,53,dr-robert,407,281,126,31
2026-10-05T05:49:00Z,2026-10-05T07:49:00+02:00,54,placa-vella,297,207,90,30.3
2026-10-05T05:49:00Z,2026-10-05T07:49:00+02:00,55,ajuntament-mercat,237,191,46,19.4
2026-10-05T05:50:00Z,2026-10-05T07:50:00+02:00,53,dr-robert,407,277,130,31.9
2026-10-05T05:50:00Z,2026-10-05T07:50:00+02:00,54,placa-vella,297,204,93,31.3
2026-10-05T05:50:00Z,2026-10-05T07:50:00+02:00,55,ajuntament-mercat,237,188,49,20.7
2026-10-05T05:51:00Z,2026-10-05T07:51:00+02:00,53,dr-robert,407,277,130,31.9
2026-10-05T05:51:00Z,2026-10-05T07:51:00+02:00,54,placa-vella,297,204,93,31.3
2026-10-05T05:51:00Z,2026-10-05T07:51:00+02:00,55,ajuntament-mercat,237,188,49,20.7
2026-10-05T05:52:00Z,2026-10-05T07:52:00+02:00,53,dr-robert,407,277,130,31.9
2026-10-05T05:52:00Z,2026-10-05T07:52:00+02:00,54,placa-vella,297,204,93,31.3
2026-10-05T05:52:00Z,2026-10-05T07:52:00+02:00,55,ajuntament-mercat,237,188,49,20.7
2026-10-05T05:53:00Z,2026-10-05T07:53:00+02:00,53,dr-robert,407,277,130,31.9
2026-10-05T05:53:00Z,2026-10-05T07:53:00+02:00,54,placa-vella,297,204,93,31.3
2026-10-05T05:53:00Z,2026-10-05T07:53:00+02:00,55,ajuntament-mercat,237,188,49,20.7
2026-10-05T05:54:00Z,2026-10-05T07:54:00+02:00,53,dr-robert,407,277,130,31.9
2026-10-05T05:54:00Z,2026-10-05T07:54:00+02:00,54,placa-vella,297,204,93,31.3
2026-10-05T05:54:00Z,2026-10-05T07:54:00+02:00,55,ajuntament-mercat,237,188,49,20.7
2026-10-05T05:55:00Z,2026-10-05T07:55:00+02:00,53,dr-robert,407,271,136,33.4
2026-10-05T05:55:00Z,2026-10-05T07:55:00+02:00,54,placa-vella,297,201,96,32.3
2026-10-05T05:55:00Z,2026-10-05T07:55:00+02:00,55,ajuntament-mercat,237,185,52,21.9
2026-10-05T05:56:00Z,2026-10-05T07:56:00+02:00,53,dr-robert,407,271,136,33.4
2026-10-05T05:56:00Z,2026-10-05T07:56:00+02:00,54,placa-vella,297,201,96,32.3
2026-10-05T05:56:00Z,2026-10-05T07:56:00+02:00,55,ajuntament-mercat,237,185,52,21.9
2026-10-05T05:57:00Z,2026-10-05T07:57:00+02:00,53,dr-robert,407,271,136,33.4
2026-10-05T05:57:00Z,2026-10-05T07:57:00+02:00,54,placa-vella,297,201,96,32.3
2026-10-05T05:57:00Z,2026-10-05T07:57:00+02:00,55,ajuntament-mercat,237,185,52,21.9
2026-10-05T05:58:00Z,2026-10-05T07:58:00+02:00,53,dr-robert,407,271,136,33.4
2026-10-05T05:58:00Z,2026-10-05T07:58:00+02:00,54,placa-vella,297,201,96,32.3
2026-10-05T05:58:00Z,2026-10-05T07:58:00+02:00,55,ajuntament-mercat,237,185,52,21.9
2026-10-05T05:59:00Z,2026-10-05T07:59:00+02:00,53,dr-robert,407,271,136,33.4
2026-10-05T05:59:00Z,2026-10-05T07:59:00+02:00,54,placa-vella,297,201,96,32.3
2026-10-05T05:59:00Z,2026-10-05T07:59:00+02:00,55,ajuntament-mercat,237,185,52,21.9
2026-10-05T06:00:00Z,2026-10-05T08:00:00+02:00,53,dr-robert,407,271,136,33.4
2026-10-05T06:00:00Z,2026-10-05T08:00:00+02:00,54,placa-vella,297,201,96,32.3
2026-10-05T06:00:00Z,2026-10-05T08:00:00+02:00,55,ajuntament-mercat,237,185,52,21.9
2026-10-05T06:01:00Z,2026-10-05T08:01:00+02:00,53,dr-robert,407,271,136,33.4
2026-10-05T06:01:00Z,2026-10-05T08:01:00+02:00,54,placa-vella,297,201,96,32.3
2026-10-05T06:01:00Z,2026-10-05T08:01:00+02:00,55,ajuntament-mercat,237,185,52,21.9
2026-10-05T06:02:00Z,2026-10-05T08:02:00+02:00,53,dr-robert,407,271,136,33.4
2026-10-05T06:02:00Z,2026-10-05T08:02:00+02:00,54,placa-vella,297,201,96,32.3
2026-10-05T06:02:00Z,2026-10-05T08:02:00+02:00,55,ajuntament-mercat,237,185,52,21.9
2026-10-05T06:03:00Z,2026-10-05T08:03:00+02:00,53,dr-robert,407,268,139,34.2
2026-10-05T06:03:00Z,2026-10-05T08:03:00+02:00,54,placa-vella,297,191,106,35.7
2026-10-05T06:03:00Z,2026-10-05T08:03:00+02:00,55,ajuntament-mercat,237,171,66,27.8
2026-10-05T06:04:00Z,2026-10-05T08:04:00+02:00,53,dr-robert,407,268,139,34.2
2026-10-05T06:04:00Z,2026-10-05T08:04:00+02:00,54,placa-vella,297,191,106,35.7
2026-10-05T06:04:00Z,2026-10-05T08:04:00+02:00,55,ajuntament-mercat,237,171,66,27.8
2026-10-05T06:05:00Z,2026-10-05T08:05:00+02:00,53,dr-robert,407,262,145,35.6
2026-10-05T06:05:00Z,2026-10-05T08:05:00+02:00,54,placa-vella,297,187,110,37
2026-10-05T06:05:00Z,2026-10-05T08:05:00+02:00,55,ajuntament-mercat,237,169,68,28.7
2026-10-05T06:06:00Z,2026-10-05T08:06:00+02:00,53,dr-robert,407,262,145,35.6
2026-10-05T06:06:00Z,2026-10-05T08:06:00+02:00,54,placa-vella,297,187,110,37
2026-10-05T06:06:00Z,2026-10-05T08:06:00+02:00,55,ajuntament-mercat,237,169,68,28.7
2026-10-05T06:07:00Z,2026-10-05T08:07:00+02:00,53,dr-robert,407,262,145,35.6
2026-10-05T06:07:00Z,2026-10-05T08:07:00+02:00,54,placa-vella,297,187,110,37
2026-10-05T06:07:00Z,2026-10-05T08:07:00+02:00,55,ajuntament-mercat,237,169,68,28.7
2026-10-05T06:08:00Z,2026-10-05T08:08:00+02:00,53,dr-robert,407,262,145,35.6
2026-10-05T06:08:00Z,2026-10-05T08:08:00+02:00,54,placa-vella,297,187,110,37
2026-10-05T06:08:00Z,2026-10-05T08:08:00+02:00,55,ajuntament-mercat,237,169,68,28.7
2026-10-05T06:09:00Z,2026-10-05T08:09:00+02:00,53,dr-robert,407,262,145,35.6
2026-10-05T06:09:00Z,2026-10-05T08:09:00+02:00,54,placa-vella,297,187,110,37
2026-10-05T06:09:00Z,2026-10-05T08:09:00+02:00,55,ajuntament-mercat,237,169,68,28.7
2026-10-05T06:10:00Z,2026-10-05T08:10:00+02:00,53,dr-robert,407,250,157,38.6
2026-10-05T06:10:00Z,2026-10-05T08:10:00+02:00,54,placa-vella,297,186,111,37.4
2026-10-05T06:10:00Z,2026-10-05T08:10:00+02:00,55,ajuntament-mercat,237,164,73,30.8
2026-10-05T06:11:00Z,2026-10-05T08:11:00+02:00,53,dr-robert,407,250,157,38.6
2026-10-05T06:11:00Z,2026-10-05T08:11:00+02:00,54,placa-vella,297,186,111,37.4
2026-10-05T06:11:00Z,2026-10-05T08:11:00+02:00,55,ajuntament-mercat,237,164,73,30.8
2026-10-05T06:12:00Z,2026-10-05T08:12:00+02:00,53,dr-robert,407,250,157,38.6
2026-10-05T06:12:00Z,2026-10-05T08:12:00+02:00,54,placa-vella,297,186,111,37.4
2026-10-05T06:12:00Z,2026-10-05T08:12:00+02:00,55,ajuntament-mercat,237,164,73,30.8
2026-10-05T06:13:00Z,2026-10-05T08:13:00+02:00,53,dr-robert,407,250,157,38.6
2026-10-05T06:13:00Z,2026-10-05T08:13:00+02:00,54,placa-vella,297,186,111,37.4
2026-10-05T06:13:00Z,2026-10-05T08:13:00+02:00,55,ajuntament-mercat,237,164,73,30.8
2026-10-05T06:14:00Z,2026-10-05T08:14:00+02:00,53,dr-robert,407,250,157,38.6
2026-10-05T06:14:00Z,2026-10-05T08:14:00+02:00,54,placa-vella,297,186,111,37.4
2026-10-05T06:14:00Z,2026-10-05T08:14:00+02:00,55,ajuntament-mercat,237,164,73,30.8
2026-10-05T06:15:00Z,2026-10-05T08:15:00+02:00,53,dr-robert,407,229,178,43.7
2026-10-05T06:15:00Z,2026-10-05T08:15:00+02:00,54,placa-vella,297,186,111,37.4
2026-10-05T06:15:00Z,2026-10-05T08:15:00+02:00,55,ajuntament-mercat,237,156,81,34.2
2026-10-05T06:16:00Z,2026-10-05T08:16:00+02:00,53,dr-robert,407,229,178,43.7
2026-10-05T06:16:00Z,2026-10-05T08:16:00+02:00,54,placa-vella,297,186,111,37.4
2026-10-05T06:16:00Z,2026-10-05T08:16:00+02:00,55,ajuntament-mercat,237,156,81,34.2
2026-10-05T06:17:00Z,2026-10-05T08:17:00+02:00,53,dr-robert,407,229,178,43.7
2026-10-05T06:17:00Z,2026-10-05T08:17:00+02:00,54,placa-vella,297,186,111,37.4
2026-10-05T06:17:00Z,2026-10-05T08:17:00+02:00,55,ajuntament-mercat,237,156,81,34.2
2026-10-05T06:18:00Z,2026-10-05T08:18:00+02:00,53,dr-robert,407,229,178,43.7
2026-10-05T06:18:00Z,2026-10-05T08:18:00+02:00,54,placa-vella,297,186,111,37.4
2026-10-05T06:18:00Z,2026-10-05T08:18:00+02:00,55,ajuntament-mercat,237,156,81,34.2
2026-10-05T06:19:00Z,2026-10-05T08:19:00+02:00,53,dr-robert,407,229,178,43.7
2026-10-05T06:19:00Z,2026-10-05T08:19:00+02:00,54,placa-vella,297,186,111,37.4
2026-10-05T06:19:00Z,2026-10-05T08:19:00+02:00,55,ajuntament-mercat,237,156,81,34.2
2026-10-05T06:20:00Z,2026-10-05T08:20:00+02:00,53,dr-robert,407,215,192,47.2
2026-10-05T06:20:00Z,2026-10-05T08:20:00+02:00,54,placa-vella,297,181,116,39.1
2026-10-05T06:20:00Z,2026-10-05T08:20:00+02:00,55,ajuntament-mercat,237,151,86,36.3
2026-10-05T06:21:00Z,2026-10-05T08:21:00+02:00,53,dr-robert,407,215,192,47.2
2026-10-05T06:21:00Z,2026-10-05T08:21:00+02:00,54,placa-vella,297,181,116,39.1
2026-10-05T06:21:00Z,2026-10-05T08:21:00+02:00,55,ajuntament-mercat,237,151,86,36.3
2026-10-05T06:22:00Z,2026-10-05T08:22:00+02:00,53,dr-robert,407,215,192,47.2
2026-10-05T06:22:00Z,2026-10-05T08:22:00+02:00,54,placa-vella,297,181,116,39.1
2026-10-05T06:22:00Z,2026-10-05T08:22:00+02:00,55,ajuntament-mercat,237,151,86,36.3
2026-10-05T06:23:00Z,2026-10-05T08:23:00+02:00,53,dr-robert,407,215,192,47.2
2026-10-05T06:23:00Z,2026-10-05T08:23:00+02:00,54,placa-vella,297,181,116,39.1
2026-10-05T06:23:00Z,2026-10-05T08:23:00+02:00,55,ajuntament-mercat,237,151,86,36.3
2026-10-05T06:24:00Z,2026-10-05T08:24:00+02:00,53,dr-robert,407,215,192,47.2
2026-10-05T06:24:00Z,2026-10-05T08:24:00+02:00,54,placa-vella,297,181,116,39.1
2026-10-05T06:24:00Z,2026-10-05T08:24:00+02:00,55,ajuntament-mercat,237,151,86,36.3
2026-10-05T06:25:00Z,2026-10-05T08:25:00+02:00,53,dr-robert,407,207,200,49.1
2026-10-05T06:25:00Z,2026-10-05T08:25:00+02:00,54,placa-vella,297,178,119,40.1
2026-10-05T06:25:00Z,2026-10-05T08:25:00+02:00,55,ajuntament-mercat,237,147,90,38
2026-10-05T06:26:00Z,2026-10-05T08:26:00+02:00,53,dr-robert,407,207,200,49.1
2026-10-05T06:26:00Z,2026-10-05T08:26:00+02:00,54,placa-vella,297,178,119,40.1
2026-10-05T06:26:00Z,2026-10-05T08:26:00+02:00,55,ajuntament-mercat,237,147,90,38
2026-10-05T06:27:00Z,2026-10-05T08:27:00+02:00,53,dr-robert,407,207,200,49.1
2026-10-05T06:27:00Z,2026-10-05T08:27:00+02:00,54,placa-vella,297,178,119,40.1
2026-10-05T06:27:00Z,2026-10-05T08:27:00+02:00,55,ajuntament-mercat,237,147,90,38
2026-10-05T06:28:00Z,2026-10-05T08:28:00+02:00,53,dr-robert,407,207,200,49.1
2026-10-05T06:28:00Z,2026-10-05T08:28:00+02:00,54,placa-vella,297,178,119,40.1
2026-10-05T06:28:00Z,2026-10-05T08:28:00+02:00,55,ajuntament-mercat,237,147,90,38
2026-10-05T06:29:00Z,2026-10-05T08:29:00+02:00,53,dr-robert,407,207,200,49.1
2026-10-05T06:29:00Z,2026-10-05T08:29:00+02:00,54,placa-vella,297,178,119,40.1
2026-10-05T06:29:00Z,2026-10-05T08:29:00+02:00,55,ajuntament-mercat,237,147,90,38
2026-10-05T06:30:00Z,2026-10-05T08:30:00+02:00,53,dr-robert,407,188,219,53.8
2026-10-05T06:30:00Z,2026-10-05T08:30:00+02:00,54,placa-vella,297,174,123,41.4
2026-10-05T06:30:00Z,2026-10-05T08:30:00+02:00,55,ajuntament-mercat,237,145,92,38.8
2026-10-05T06:31:00Z,2026-10-05T08:31:00+02:00,53,dr-robert,407,188,219,53.8
2026-10-05T06:31:00Z,2026-10-05T08:31:00+02:00,54,placa-vella,297,174,123,41.4
2026-10-05T06:31:00Z,2026-10-05T08:31:00+02:00,55,ajuntament-mercat,237,145,92,38.8
2026-10-05T06:32:00Z,2026-10-05T08:32:00+02:00,53,dr-robert,407,188,219,53.8
2026-10-05T06:32:00Z,2026-10-05T08:32:00+02:00,54,placa-vella,297,174,123,41.4
2026-10-05T06:32:00Z,2026-10-05T08:32:00+02:00,55,ajuntament-mercat,237,145,92,38.8
2026-10-05T06:33:00Z,2026-10-05T08:33:00+02:00,53,dr-robert,407,188,219,53.8
2026-10-05T06:33:00Z,2026-10-05T08:33:00+02:00,54,placa-vella,297,174,123,41.4
2026-10-05T06:33:00Z,2026-10-05T08:33:00+02:00,55,ajuntament-mercat,237,145,92,38.8
2026-10-05T06:34:00Z,2026-10-05T08:34:00+02:00,53,dr-robert,407,188,219,53.8
2026-10-05T06:34:00Z,2026-10-05T08:34:00+02:00,54,placa-vella,297,174,123,41.4
2026-10-05T06:34:00Z,2026-10-05T08:34:00+02:00,55,ajuntament-mercat,237,145,92,38.8
2026-10-05T06:35:00Z,2026-10-05T08:35:00+02:00,53,dr-robert,407,175,232,57
2026-10-05T06:35:00Z,2026-10-05T08:35:00+02:00,54,placa-vella,297,175,122,41.1
2026-10-05T06:35:00Z,2026-10-05T08:35:00+02:00,55,ajuntament-mercat,237,138,99,41.8
2026-10-05T06:36:00Z,2026-10-05T08:36:00+02:00,53,dr-robert,407,175,232,57
2026-10-05T06:36:00Z,2026-10-05T08:36:00+02:00,54,placa-vella,297,175,122,41.1
2026-10-05T06:36:00Z,2026-10-05T08:36:00+02:00,55,ajuntament-mercat,237,138,99,41.8
2026-10-05T06:37:00Z,2026-10-05T08:37:00+02:00,53,dr-robert,407,175,232,57
2026-10-05T06:37:00Z,2026-10-05T08:37:00+02:00,54,placa-vella,297,175,122,41.1
2026-10-05T06:37:00Z,2026-10-05T08:37:00+02:00,55,ajuntament-mercat,237,138,99,41.8
2026-10-05T06:38:00Z,2026-10-05T08:38:00+02:00,53,dr-robert,407,175,232,57
2026-10-05T06:38:00Z,2026-10-05T08:38:00+02:00,54,placa-vella,297,175,122,41.1
2026-10-05T06:38:00Z,2026-10-05T08:38:00+02:00,55,ajuntament-mercat,237,138,99,41.8
2026-10-05T06:39:00Z,2026-10-05T08:39:00+02:00,53,dr-robert,407,175,232,57
2026-10-05T06:39:00Z,2026-10-05T08:39:00+02:00,54,placa-vella,297,175,122,41.1
2026-10-05T06:39:00Z,2026-10-05T08:39:00+02:00,55,ajuntament-mercat,237,138,99,41.8
2026-10-05T06:40:00Z,2026-10-05T08:40:00+02:00,53,dr-robert,407,163,244,60
2026-10-05T06:40:00Z,2026-10-05T08:40:00+02:00,54,placa-vella,297,171,126,42.4
2026-10-05T06:40:00Z,2026-10-05T08:40:00+02:00,55,ajuntament-mercat,237,140,97,40.9
2026-10-05T06:41:00Z,2026-10-05T08:41:00+02:00,53,dr-robert,407,163,244,60
2026-10-05T06:41:00Z,2026-10-05T08:41:00+02:00,54,placa-vella,297,171,126,42.4
2026-10-05T06:41:00Z,2026-10-05T08:41:00+02:00,55,ajuntament-mercat,237,140,97,40.9
2026-10-05T06:42:00Z,2026-10-05T08:42:00+02:00,53,dr-robert,407,163,244,60
2026-10-05T06:42:00Z,2026-10-05T08:42:00+02:00,54,placa-vella,297,171,126,42.4
2026-10-05T06:42:00Z,2026-10-05T08:42:00+02:00,55,ajuntament-mercat,237,140,97,40.9
2026-10-05T06:43:00Z,2026-10-05T08:43:00+02:00,53,dr-robert,407,163,244,60
2026-10-05T06:43:00Z,2026-10-05T08:43:00+02:00,54,placa-vella,297,171,126,42.4
2026-10-05T06:43:00Z,2026-10-05T08:43:00+02:00,55,ajuntament-mercat,237,140,97,40.9
2026-10-05T06:44:00Z,2026-10-05T08:44:00+02:00,53,dr-robert,407,163,244,60
2026-10-05T06:44:00Z,2026-10-05T08:44:00+02:00,54,placa-vella,297,171,126,42.4
2026-10-05T06:44:00Z,2026-10-05T08:44:00+02:00,55,ajuntament-mercat,237,140,97,40.9
2026-10-05T06:45:00Z,2026-10-05T08:45:00+02:00,53,dr-robert,407,148,259,63.6
2026-10-05T06:45:00Z,2026-10-05T08:45:00+02:00,54,placa-vella,297,170,127,42.8
2026-10-05T06:45:00Z,2026-10-05T08:45:00+02:00,55,ajuntament-mercat,237,137,100,42.2
2026-10-05T06:46:00Z,2026-10-05T08:46:00+02:00,53,dr-robert,407,148,259,63.6
2026-10-05T06:46:00Z,2026-10-05T08:46:00+02:00,54,placa-vella,297,170,127,42.8
2026-10-05T06:46:00Z,2026-10-05T08:46:00+02:00,55,ajuntament-mercat,237,137,100,42.2
2026-10-05T06:47:00Z,2026-10-05T08:47:00+02:00,53,dr-robert,407,148,259,63.6
2026-10-05T06:47:00Z,2026-10-05T08:47:00+02:00,54,placa-vella,297,170,127,42.8
2026-10-05T06:47:00Z,2026-10-05T08:47:00+02:00,55,ajuntament-mercat,237,137,100,42.2
2026-10-05T06:48:00Z,2026-10-05T08:48:00+02:00,53,dr-robert,407,148,259,63.6
2026-10-05T06:48:00Z,2026-10-05T08:48:00+02:00,54,placa-vella,297,170,127,42.8
2026-10-05T06:48:00Z,2026-10-05T08:48:00+02:00,55,ajuntament-mercat,237,137,100,42.2
2026-10-05T06:49:00Z,2026-10-05T08:49:00+02:00,53,dr-robert,407,148,259,63.6
2026-10-05T06:49:00Z,2026-10-05T08:49:00+02:00,54,placa-vella,297,170,127,42.8
2026-10-05T06:49:00Z,2026-10-05T08:49:00+02:00,55,ajuntament-mercat,237,137,100,42.2
2026-10-05T06:50:00Z,2026-10-05T08:50:00+02:00,53,dr-robert,407,133,274,67.3
2026-10-05T06:50:00Z,2026-10-05T08:50:00+02:00,54,placa-vella,297,164,133,44.8
2026-10-05T06:50:00Z,2026-10-05T08:50:00+02:00,55,ajuntament-mercat,237,136,101,42.6
2026-10-05T06:51:00Z,2026-10-05T08:51:00+02:00,53,dr-robert,407,133,274,67.3
2026-10-05T06:51:00Z,2026-10-05T08:51:00+02:00,54,placa-vella,297,164,133,44.8
2026-10-05T06:51:00Z,2026-10-05T08:51:00+02:00,55,ajuntament-mercat,237,136,101,42.6
2026-10-05T06:52:00Z,2026-10-05T08:52:00+02:00,53,dr-robert,407,133,274,67.3
2026-10-05T06:52:00Z,2026-10-05T08:52:00+02:00,54,placa-vella,297,164,133,44.8
2026-10-05T06:52:00Z,2026-10-05T08:52:00+02:00,55,ajuntament-mercat,237,136,101,42.6
2026-10-05T06:53:00Z,2026-10-05T08:53:00+02:00,53,dr-robert,407,133,274,67.3
2026-10-05T06:53:00Z,2026-10-05T08:53:00+02:00,54,placa-vella,297,164,133,44.8
2026-10-05T06:53:00Z,2026-10-05T08:53:00+02:00,55,ajuntament-mercat,237,136,101,42.6
2026-10-05T06:54:00Z,2026-10-05T08:54:00+02:00,53,dr-robert,407,133,274,67.3
2026-10-05T06:54:00Z,2026-10-05T08:54:00+02:00,54,placa-vella,297,164,133,44.8
2026-10-05T06:54:00Z,2026-10-05T08:54:00+02:00,55,ajuntament-mercat,237,136,101,42.6
2026-10-05T06:55:00Z,2026-10-05T08:55:00+02:00,53,dr-robert,407,121,286,70.3
2026-10-05T06:55:00Z,2026-10-05T08:55:00+02:00,54,placa-vella,297,163,134,45.1
2026-10-05T06:55:00Z,2026-10-05T08:55:00+02:00,55,ajuntament-mercat,237,136,101,42.6
2026-10-05T06:56:00Z,2026-10-05T08:56:00+02:00,53,dr-robert,407,121,286,70.3
2026-10-05T06:56:00Z,2026-10-05T08:56:00+02:00,54,placa-vella,297,163,134,45.1
2026-10-05T06:56:00Z,2026-10-05T08:56:00+02:00,55,ajuntament-mercat,237,136,101,42.6
2026-10-05T06:57:00Z,2026-10-05T08:57:00+02:00,53,dr-robert,407,121,286,70.3
2026-10-05T06:57:00Z,2026-10-05T08:57:00+02:00,54,placa-vella,297,163,134,45.1
2026-10-05T06:57:00Z,2026-10-05T08:57:00+02:00,55,ajuntament-mercat,237,136,101,42.6
2026-10-05T06:58:00Z,2026-10-05T08:58:00+02:00,53,dr-robert,407,121,286,70.3
2026-10-05T06:58:00Z,2026-10-05T08:58:00+02:00,54,placa-vella,297,163,134,45.1
2026-10-05T06:58:00Z,2026-10-05T08:58:00+02:00,55,ajuntament-mercat,237,136,101,42.6
2026-10-05T06:59:00Z,2026-10-05T08:59:00+02:00,53,dr-robert,407,121,286,70.3
2026-10-05T06:59:00Z,2026-10-05T08:59:00+02:00,54,placa-vella,297,163,134,45.1
2026-10-05T06:59:00Z,2026-10-05T08:59:00+02:00,55,ajuntament-mercat,237,136,101,42.6
2026-10-05T07:00:00Z,2026-10-05T09:00:00+02:00,53,dr-robert,407,121,286,70.3
2026-10-05T07:00:00Z,2026-10-05T09:00:00+02:00,54,placa-vella,297,163,134,45.1
2026-10-05T07:00:00Z,2026-10-05T09:00:00+02:00,55,ajuntament-mercat,237,136,101,42.6
2026-10-05T07:05:00Z,2026-10-05T09:05:00+02:00,53,dr-robert,407,127,280,68.8
2026-10-05T07:05:00Z,2026-10-05T09:05:00+02:00,54,placa-vella,297,150,147,49.5
2026-10-05T07:05:00Z,2026-10-05T09:05:00+02:00,55,ajuntament-mercat,237,130,107,45.1
2026-10-05T07:06:00Z,2026-10-05T09:06:00+02:00,53,dr-robert,407,127,280,68.8
2026-10-05T07:06:00Z,2026-10-05T09:06:00+02:00,54,placa-vella,297,150,147,49.5
2026-10-05T07:06:00Z,2026-10-05T09:06:00+02:00,55,ajuntament-mercat,237,130,107,45.1
2026-10-05T07:07:00Z,2026-10-05T09:07:00+02:00,53,dr-robert,407,127,280,68.8
2026-10-05T07:07:00Z,2026-10-05T09:07:00+02:00,54,placa-vella,297,150,147,49.5
2026-10-05T07:07:00Z,2026-10-05T09:07:00+02:00,55,ajuntament-mercat,237,130,107,45.1
2026-10-05T07:08:00Z,2026-10-05T09:08:00+02:00,53,dr-robert,407,127,280,68.8
2026-10-05T07:08:00Z,2026-10-05T09:08:00+02:00,54,placa-vella,297,150,147,49.5
2026-10-05T07:08:00Z,2026-10-05T09:08:00+02:00,55,ajuntament-mercat,237,130,107,45.1
2026-10-05T07:09:00Z,2026-10-05T09:09:00+02:00,53,dr-robert,407,127,280,68.8
2026-10-05T07:09:00Z,2026-10-05T09:09:00+02:00,54,placa-vella,297,150,147,49.5
2026-10-05T07:09:00Z,2026-10-05T09:09:00+02:00,55,ajuntament-mercat,237,130,107,45.1
2026-10-05T07:10:00Z,2026-10-05T09:10:00+02:00,53,dr-robert,407,135,272,66.8
2026-10-05T07:10:00Z,2026-10-05T09:10:00+02:00,54,placa-vella,297,145,152,51.2
2026-10-05T07:10:00Z,2026-10-05T09:10:00+02:00,55,ajuntament-mercat,237,123,114,48.1
2026-10-05T07:11:00Z,2026-10-05T09:11:00+02:00,53,dr-robert,407,135,272,66.8
2026-10-05T07:11:00Z,2026-10-05T09:11:00+02:00,54,placa-vella,297,145,152,51.2
2026-10-05T07:11:00Z,2026-10-05T09:11:00+02:00,55,ajuntament-mercat,237,123,114,48.1
2026-10-05T07:12:00Z,2026-10-05T09:12:00+02:00,53,dr-robert,407,135,272,66.8
2026-10-05T07:12:00Z,2026-10-05T09:12:00+02:00,54,placa-vella,297,145,152,51.2
2026-10-05T07:12:00Z,2026-10-05T09:12:00+02:00,55,ajuntament-mercat,237,123,114,48.1
2026-10-05T07:13:00Z,2026-10-05T09:13:00+02:00,53,dr-robert,407,135,272,66.8
2026-10-05T07:13:00Z,2026-10-05T09:13:00+02:00,54,placa-vella,297,145,152,51.2
2026-10-05T07:13:00Z,2026-10-05T09:13:00+02:00,55,ajuntament-mercat,237,123,114,48.1
2026-10-05T07:14:00Z,2026-10-05T09:14:00+02:00,53,dr-robert,407,135,272,66.8
2026-10-05T07:14:00Z,2026-10-05T09:14:00+02:00,54,placa-vella,297,145,152,51.2
2026-10-05T07:14:00Z,2026-10-05T09:14:00+02:00,55,ajuntament-mercat,237,123,114,48.1
2026-10-05T07:15:00Z,2026-10-05T09:15:00+02:00,53,dr-robert,407,141,266,65.4
2026-10-05T07:15:00Z,2026-10-05T09:15:00+02:00,54,placa-vella,297,140,157,52.9
2026-10-05T07:15:00Z,2026-10-05T09:15:00+02:00,55,ajuntament-mercat,237,119,118,49.8
2026-10-05T07:16:00Z,2026-10-05T09:16:00+02:00,53,dr-robert,407,141,266,65.4
2026-10-05T07:16:00Z,2026-10-05T09:16:00+02:00,54,placa-vella,297,140,157,52.9
2026-10-05T07:16:00Z,2026-10-05T09:16:00+02:00,55,ajuntament-mercat,237,119,118,49.8
2026-10-05T07:17:00Z,2026-10-05T09:17:00+02:00,53,dr-robert,407,141,266,65.4
2026-10-05T07:17:00Z,2026-10-05T09:17:00+02:00,54,placa-vella,297,140,157,52.9
2026-10-05T07:17:00Z,2026-10-05T09:17:00+02:00,55,ajuntament-mercat,237,119,118,49.8
2026-10-05T07:18:00Z,2026-10-05T09:18:00+02:00,53,dr-robert,407,141,266,65.4
2026-10-05T07:18:00Z,2026-10-05T09:18:00+02:00,54,placa-vella,297,140,157,52.9
2026-10-05T07:18:00Z,2026-10-05T09:18:00+02:00,55,ajuntament-mercat,237,119,118,49.8
2026-10-05T07:19:00Z,2026-10-05T09:19:00+02:00,53,dr-robert,407,141,266,65.4
2026-10-05T07:19:00Z,2026-10-05T09:19:00+02:00,54,placa-vella,297,140,157,52.9
2026-10-05T07:19:00Z,2026-10-05T09:19:00+02:00,55,ajuntament-mercat,237,119,118,49.8
2026-10-05T07:20:00Z,2026-10-05T09:20:00+02:00,53,dr-robert,407,138,269,66.1
2026-10-05T07:20:00Z,2026-10-05T09:20:00+02:00,54,placa-vella,297,136,161,54.2
2026-10-05T07:20:00Z,2026-10-05T09:20:00+02:00,55,ajuntament-mercat,237,116,121,51.1
2026-10-05T07:21:00Z,2026-10-05T09:21:00+02:00,53,dr-robert,407,138,269,66.1
2026-10-05T07:21:00Z,2026-10-05T09:21:00+02:00,54,placa-vella,297,136,161,54.2
2026-10-05T07:21:00Z,2026-10-05T09:21:00+02:00,55,ajuntament-mercat,237,116,121,51.1
2026-10-05T07:22:00Z,2026-10-05T09:22:00+02:00,53,dr-robert,407,138,269,66.1
2026-10-05T07:22:00Z,2026-10-05T09:22:00+02:00,54,placa-vella,297,136,161,54.2
2026-10-05T07:22:00Z,2026-10-05T09:22:00+02:00,55,ajuntament-mercat,237,116,121,51.1
2026-10-05T07:23:00Z,2026-10-05T09:23:00+02:00,53,dr-robert,407,138,269,66.1
2026-10-05T07:23:00Z,2026-10-05T09:23:00+02:00,54,placa-vella,297,136,161,54.2
2026-10-05T07:23:00Z,2026-10-05T09:23:00+02:00,55,ajuntament-mercat,237,116,121,51.1
2026-10-05T07:24:00Z,2026-10-05T09:24:00+02:00,53,dr-robert,407,138,269,66.1
2026-10-05T07:24:00Z,2026-10-05T09:24:00+02:00,54,placa-vella,297,136,161,54.2
2026-10-05T07:24:00Z,2026-10-05T09:24:00+02:00,55,ajuntament-mercat,237,116,121,51.1
2026-10-05T07:25:00Z,2026-10-05T09:25:00+02:00,53,dr-robert,407,129,278,68.3
2026-10-05T07:25:00Z,2026-10-05T09:25:00+02:00,54,placa-vella,297,133,164,55.2
2026-10-05T07:25:00Z,2026-10-05T09:25:00+02:00,55,ajuntament-mercat,237,112,125,52.7
2026-10-05T07:26:00Z,2026-10-05T09:26:00+02:00,53,dr-robert,407,129,278,68.3
2026-10-05T07:26:00Z,2026-10-05T09:26:00+02:00,54,placa-vella,297,133,164,55.2
2026-10-05T07:26:00Z,2026-10-05T09:26:00+02:00,55,ajuntament-mercat,237,112,125,52.7
2026-10-05T07:27:00Z,2026-10-05T09:27:00+02:00,53,dr-robert,407,129,278,68.3
2026-10-05T07:27:00Z,2026-10-05T09:27:00+02:00,54,placa-vella,297,133,164,55.2
2026-10-05T07:27:00Z,2026-10-05T09:27:00+02:00,55,ajuntament-mercat,237,112,125,52.7
2026-10-05T07:28:00Z,2026-10-05T09:28:00+02:00,53,dr-robert,407,129,278,68.3
2026-10-05T07:28:00Z,2026-10-05T09:28:00+02:00,54,placa-vella,297,133,164,55.2
2026-10-05T07:28:00Z,2026-10-05T09:28:00+02:00,55,ajuntament-mercat,237,112,125,52.7
2026-10-05T07:29:00Z,2026-10-05T09:29:00+02:00,53,dr-robert,407,129,278,68.3
2026-10-05T07:29:00Z,2026-10-05T09:29:00+02:00,54,placa-vella,297,133,164,55.2
2026-10-05T07:29:00Z,2026-10-05T09:29:00+02:00,55,ajuntament-mercat,237,112,125,52.7
2026-10-05T07:30:00Z,2026-10-05T09:30:00+02:00,53,dr-robert,407,113,294,72.2
2026-10-05T07:30:00Z,2026-10-05T09:30:00+02:00,54,placa-vella,297,126,171,57.6
2026-10-05T07:30:00Z,2026-10-05T09:30:00+02:00,55,ajuntament-mercat,237,106,131,55.3
2026-10-05T07:31:00Z,2026-10-05T09:31:00+02:00,53,dr-robert,407,113,294,72.2
2026-10-05T07:31:00Z,2026-10-05T09:31:00+02:00,54,placa-vella,297,126,171,57.6
2026-10-05T07:31:00Z,2026-10-05T09:31:00+02:00,55,ajuntament-mercat,237,106,131,55.3
2026-10-05T07:32:00Z,2026-10-05T09:32:00+02:00,53,dr-robert,407,113,294,72.2
2026-10-05T07:32:00Z,2026-10-05T09:32:00+02:00,54,placa-vella,297,126,171,57.6
2026-10-05T07:32:00Z,2026-10-05T09:32:00+02:00,55,ajuntament-mercat,237,106,131,55.3
2026-10-05T07:33:00Z,2026-10-05T09:33:00+02:00,53,dr-robert,407,113,294,72.2
2026-10-05T07:33:00Z,2026-10-05T09:33:00+02:00,54,placa-vella,297,126,171,57.6
2026-10-05T07:33:00Z,2026-10-05T09:33:00+02:00,55,ajuntament-mercat,237,106,131,55.3
2026-10-05T07:34:00Z,2026-10-05T09:34:00+02:00,53,dr-robert,407,113,294,72.2
2026-10-05T07:34:00Z,2026-10-05T09:34:00+02:00,54,placa-vella,297,126,171,57.6
2026-10-05T07:34:00Z,2026-10-05T09:34:00+02:00,55,ajuntament-mercat,237,106,131,55.3
2026-10-05T07:35:00Z,2026-10-05T09:35:00+02:00,53,dr-robert,407,98,309,75.9
2026-10-05T07:35:00Z,2026-10-05T09:35:00+02:00,54,placa-vella,297,120,177,59.6
2026-10-05T07:35:00Z,2026-10-05T09:35:00+02:00,55,ajuntament-mercat,237,104,133,56.1
2026-10-05T07:36:00Z,2026-10-05T09:36:00+02:00,53,dr-robert,407,98,309,75.9
2026-10-05T07:36:00Z,2026-10-05T09:36:00+02:00,54,placa-vella,297,120,177,59.6
2026-10-05T07:36:00Z,2026-10-05T09:36:00+02:00,55,ajuntament-mercat,237,104,133,56.1
2026-10-05T07:37:00Z,2026-10-05T09:37:00+02:00,53,dr-robert,407,98,309,75.9
2026-10-05T07:37:00Z,2026-10-05T09:37:00+02:00,54,placa-vella,297,120,177,59.6
2026-10-05T07:37:00Z,2026-10-05T09:37:00+02:00,55,ajuntament-mercat,237,104,133,56.1
2026-10-05T07:38:00Z,2026-10-05T09:38:00+02:00,53,dr-robert,407,98,309,75.9
2026-10-05T07:38:00Z,2026-10-05T09:38:00+02:00,54,placa-vella,297,120,177,59.6
2026-10-05T07:38:00Z,2026-10-05T09:38:00+02:00,55,ajuntament-mercat,237,104,133,56.1
2026-10-05T07:39:00Z,2026-10-05T09:39:00+02:00,53,dr-robert,407,98,309,75.9
2026-10-05T07:39:00Z,2026-10-05T09:39:00+02:00,54,placa-vella,297,120,177,59.6
2026-10-05T07:39:00Z,2026-10-05T09:39:00+02:00,55,ajuntament-mercat,237,104,133,56.1
2026-10-05T07:40:00Z,2026-10-05T09:40:00+02:00,53,dr-robert,407,91,316,77.6
2026-10-05T07:40:00Z,2026-10-05T09:40:00+02:00,54,placa-vella,297,119,178,59.9
2026-10-05T07:40:00Z,2026-10-05T09:40:00+02:00,55,ajuntament-mercat,237,99,138,58.2
2026-10-05T07:41:00Z,2026-10-05T09:41:00+02:00,53,dr-robert,407,91,316,77.6
2026-10-05T07:41:00Z,2026-10-05T09:41:00+02:00,54,placa-vella,297,119,178,59.9
2026-10-05T07:41:00Z,2026-10-05T09:41:00+02:00,55,ajuntament-mercat,237,99,138,58.2
2026-10-05T07:42:00Z,2026-10-05T09:42:00+02:00,53,dr-robert,407,91,316,77.6
2026-10-05T07:42:00Z,2026-10-05T09:42:00+02:00,54,placa-vella,297,119,178,59.9
2026-10-05T07:42:00Z,2026-10-05T09:42:00+02:00,55,ajuntament-mercat,237,99,138,58.2
2026-10-05T07:43:00Z,2026-10-05T09:43:00+02:00,53,dr-robert,407,91,316,77.6
2026-10-05T07:43:00Z,2026-10-05T09:43:00+02:00,54,placa-vella,297,119,178,59.9
2026-10-05T07:43:00Z,2026-10-05T09:43:00+02:00,55,ajuntament-mercat,237,99,138,58.2
2026-10-05T07:44:00Z,2026-10-05T09:44:00+02:00,53,dr-robert,407,91,316,77.6
2026-10-05T07:44:00Z,2026-10-05T09:44:00+02:00,54,placa-vella,297,119,178,59.9
2026-10-05T07:44:00Z,2026-10-05T09:44:00+02:00,55,ajuntament-mercat,237,99,138,58.2
2026-10-05T07:45:00Z,2026-10-05T09:45:00+02:00,53,dr-robert,407,83,324,79.6
2026-10-05T07:45:00Z,2026-10-05T09:45:00+02:00,54,placa-vella,297,120,177,59.6
2026-10-05T07:45:00Z,2026-10-05T09:45:00+02:00,55,ajuntament-mercat,237,96,141,59.5
2026-10-05T07:46:00Z,2026-10-05T09:46:00+02:00,53,dr-robert,407,83,324,79.6
2026-10-05T07:46:00Z,2026-10-05T09:46:00+02:00,54,placa-vella,297,120,177,59.6
2026-10-05T07:46:00Z,2026-10-05T09:46:00+02:00,55,ajuntament-mercat,237,96,141,59.5
2026-10-05T07:47:00Z,2026-10-05T09:47:00+02:00,53,dr-robert,407,83,324,79.6
2026-10-05T07:47:00Z,2026-10-05T09:47:00+02:00,54,placa-vella,297,120,177,59.6
2026-10-05T07:47:00Z,2026-10-05T09:47:00+02:00,55,ajuntament-mercat,237,96,141,59.5
2026-10-05T07:48:00Z,2026-10-05T09:48:00+02:00,53,dr-robert,407,83,324,79.6
2026-10-05T07:48:00Z,2026-10-05T09:48:00+02:00,54,placa-vella,297,120,177,59.6
2026-10-05T07:48:00Z,2026-10-05T09:48:00+02:00,55,ajuntament-mercat,237,96,141,59.5
2026-10-05T07:49:00Z,2026-10-05T09:49:00+02:00,53,dr-robert,407,83,324,79.6
2026-10-05T07:49:00Z,2026-10-05T09:49:00+02:00,54,placa-vella,297,120,177,59.6
2026-10-05T07:49:00Z,2026-10-05T09:49:00+02:00,55,ajuntament-mercat,237,96,141,59.5
2026-10-05T07:50:00Z,2026-10-05T09:50:00+02:00,53,dr-robert,407,64,343,84.3
2026-10-05T07:50:00Z,2026-10-05T09:50:00+02:00,54,placa-vella,297,120,177,59.6
2026-10-05T07:50:00Z,2026-10-05T09:50:00+02:00,55,ajuntament-mercat,237,90,147,62
2026-10-05T07:51:00Z,2026-10-05T09:51:00+02:00,53,dr-robert,407,64,343,84.3
2026-10-05T07:51:00Z,2026-10-05T09:51:00+02:00,54,placa-vella,297,120,177,59.6
2026-10-05T07:51:00Z,2026-10-05T09:51:00+02:00,55,ajuntament-mercat,237,90,147,62
2026-10-05T07:52:00Z,2026-10-05T09:52:00+02:00,53,dr-robert,407,64,343,84.3
2026-10-05T07:52:00Z,2026-10-05T09:52:00+02:00,54,placa-vella,297,120,177,59.6
2026-10-05T07:52:00Z,2026-10-05T09:52:00+02:00,55,ajuntament-mercat,237,90,147,62
2026-10-05T07:53:00Z,2026-10-05T09:53:00+02:00,53,dr-robert,407,64,343,84.3
2026-10-05T07:53:00Z,2026-10-05T09:53:00+02:00,54,placa-vella,297,120,177,59.6
2026-10-05T07:53:00Z,2026-10-05T09:53:00+02:00,55,ajuntament-mercat,237,90,147,62
2026-10-05T07:54:00Z,2026-10-05T09:54:00+02:00,53,dr-robert,407,64,343,84.3
2026-10-05T07:54:00Z,2026-10-05T09:54:00+02:00,54,placa-vella,297,120,177,59.6
2026-10-05T07:54:00Z,2026-10-05T09:54:00+02:00,55,ajuntament-mercat,237,90,147,62
2026-10-05T07:55:00Z,2026-10-05T09:55:00+02:00,53,dr-robert,407,64,343,84.3
2026-10-05T07:55:00Z,2026-10-05T09:55:00+02:00,54,placa-vella,297,120,177,59.6
2026-10-05T07:55:00Z,2026-10-05T09:55:00+02:00,55,ajuntament-mercat,237,90,147,62
2026-10-05T07:56:00Z,2026-10-05T09:56:00+02:00,53,dr-robert,407,57,350,86
2026-10-05T07:56:00Z,2026-10-05T09:56:00+02:00,54,placa-vella,297,113,184,62
2026-10-05T07:56:00Z,2026-10-05T09:56:00+02:00,55,ajuntament-mercat,237,88,149,62.9
2026-10-05T07:57:00Z,2026-10-05T09:57:00+02:00,53,dr-robert,407,57,350,86
2026-10-05T07:57:00Z,2026-10-05T09:57:00+02:00,54,placa-vella,297,113,184,62
2026-10-05T07:57:00Z,2026-10-05T09:57:00+02:00,55,ajuntament-mercat,237,88,149,62.9
2026-10-05T07:58:00Z,2026-10-05T09:58:00+02:00,53,dr-robert,407,57,350,86
2026-10-05T07:58:00Z,2026-10-05T09:58:00+02:00,54,placa-vella,297,113,184,62
2026-10-05T07:58:00Z,2026-10-05T09:58:00+02:00,55,ajuntament-mercat,237,88,149,62.9
2026-10-05T07:59:00Z,2026-10-05T09:59:00+02:00,53,dr-robert,407,57,350,86
2026-10-05T07:59:00Z,2026-10-05T09:59:00+02:00,54,placa-vella,297,113,184,62
2026-10-05T07:59:00Z,2026-10-05T09:59:00+02:00,55,ajuntament-mercat,237,88,149,62.9
2026-10-05T08:00:00Z,2026-10-05T10:00:00+02:00,53,dr-robert,407,57,350,86
2026-10-05T08:00:00Z,2026-10-05T10:00:00+02:00,54,placa-vella,297,113,184,62
2026-10-05T08:00:00Z,2026-10-05T10:00:00+02:00,55,ajuntament-mercat,237,88,149,62.9
2026-10-05T08:01:00Z,2026-10-05T10:01:00+02:00,53,dr-robert,407,57,350,86
2026-10-05T08:01:00Z,2026-10-05T10:01:00+02:00,54,placa-vella,297,113,184,62
2026-10-05T08:01:00Z,2026-10-05T10:01:00+02:00,55,ajuntament-mercat,237,88,149,62.9
2026-10-05T08:02:00Z,2026-10-05T10:02:00+02:00,53,dr-robert,407,57,350,86
2026-10-05T08:02:00Z,2026-10-05T10:02:00+02:00,54,placa-vella,297,113,184,62
2026-10-05T08:02:00Z,2026-10-05T10:02:00+02:00,55,ajuntament-mercat,237,88,149,62.9
2026-10-05T08:03:00Z,2026-10-05T10:03:00+02:00,53,dr-robert,407,57,350,86
2026-10-05T08:03:00Z,2026-10-05T10:03:00+02:00,54,placa-vella,297,113,184,62
2026-10-05T08:03:00Z,2026-10-05T10:03:00+02:00,55,ajuntament-mercat,237,88,149,62.9
2026-10-05T08:04:00Z,2026-10-05T10:04:00+02:00,53,dr-robert,407,55,352,86.5
2026-10-05T08:04:00Z,2026-10-05T10:04:00+02:00,54,placa-vella,297,111,186,62.6
2026-10-05T08:04:00Z,2026-10-05T10:04:00+02:00,55,ajuntament-mercat,237,84,153,64.6
2026-10-05T08:05:00Z,2026-10-05T10:05:00+02:00,53,dr-robert,407,55,352,86.5
2026-10-05T08:05:00Z,2026-10-05T10:05:00+02:00,54,placa-vella,297,111,186,62.6
2026-10-05T08:05:00Z,2026-10-05T10:05:00+02:00,55,ajuntament-mercat,237,84,153,64.6
2026-10-05T08:06:00Z,2026-10-05T10:06:00+02:00,53,dr-robert,407,55,352,86.5
2026-10-05T08:06:00Z,2026-10-05T10:06:00+02:00,54,placa-vella,297,111,186,62.6
2026-10-05T08:06:00Z,2026-10-05T10:06:00+02:00,55,ajuntament-mercat,237,84,153,64.6
2026-10-05T08:07:00Z,2026-10-05T10:07:00+02:00,53,dr-robert,407,55,352,86.5
2026-10-05T08:07:00Z,2026-10-05T10:07:00+02:00,54,placa-vella,297,107,190,64
2026-10-05T08:07:00Z,2026-10-05T10:07:00+02:00,55,ajuntament-mercat,237,85,152,64.1
2026-10-05T08:08:00Z,2026-10-05T10:08:00+02:00,53,dr-robert,407,55,352,86.5
2026-10-05T08:08:00Z,2026-10-05T10:08:00+02:00,54,placa-vella,297,107,190,64
2026-10-05T08:08:00Z,2026-10-05T10:08:00+02:00,55,ajuntament-mercat,237,85,152,64.1
2026-10-05T08:09:00Z,2026-10-05T10:09:00+02:00,53,dr-robert,407,55,352,86.5
2026-10-05T08:09:00Z,2026-10-05T10:09:00+02:00,54,placa-vella,297,107,190,64
2026-10-05T08:09:00Z,2026-10-05T10:09:00+02:00,55,ajuntament-mercat,237,85,152,64.1
2026-10-05T08:10:00Z,2026-10-05T10:10:00+02:00,53,dr-robert,407,50,357,87.7
2026-10-05T08:10:00Z,2026-10-05T10:10:00+02:00,54,placa-vella,297,108,189,63.6
2026-10-05T08:10:00Z,2026-10-05T10:10:00+02:00,55,ajuntament-mercat,237,84,153,64.6
2026-10-05T08:11:00Z,2026-10-05T10:11:00+02:00,53,dr-robert,407,50,357,87.7
2026-10-05T08:11:00Z,2026-10-05T10:11:00+02:00,54,placa-vella,297,108,189,63.6
2026-10-05T08:11:00Z,2026-10-05T10:11:00+02:00,55,ajuntament-mercat,237,84,153,64.6
2026-10-05T08:12:00Z,2026-10-05T10:12:00+02:00,53,dr-robert,407,50,357,87.7
2026-10-05T08:12:00Z,2026-10-05T10:12:00+02:00,54,placa-vella,297,108,189,63.6
2026-10-05T08:12:00Z,2026-10-05T10:12:00+02:00,55,ajuntament-mercat,237,84,153,64.6
2026-10-05T08:13:00Z,2026-10-05T10:13:00+02:00,53,dr-robert,407,50,357,87.7
2026-10-05T08:13:00Z,2026-10-05T10:13:00+02:00,54,placa-vella,297,108,189,63.6
2026-10-05T08:13:00Z,2026-10-05T10:13:00+02:00,55,ajuntament-mercat,237,84,153,64.6
2026-10-05T08:14:00Z,2026-10-05T10:14:00+02:00,53,dr-robert,407,50,357,87.7
2026-10-05T08:14:00Z,2026-10-05T10:14:00+02:00,54,placa-vella,297,108,189,63.6
2026-10-05T08:14:00Z,2026-10-05T10:14:00+02:00,55,ajuntament-mercat,237,84,153,64.6
2026-10-05T08:15:00Z,2026-10-05T10:15:00+02:00,53,dr-robert,407,50,357,87.7
2026-10-05T08:15:00Z,2026-10-05T10:15:00+02:00,54,placa-vella,297,101,196,66
2026-10-05T08:15:00Z,2026-10-05T10:15:00+02:00,55,ajuntament-mercat,237,80,157,66.2
2026-10-05T08:16:00Z,2026-10-05T10:16:00+02:00,53,dr-robert,407,50,357,87.7
2026-10-05T08:16:00Z,2026-10-05T10:16:00+02:00,54,placa-vella,297,101,196,66
2026-10-05T08:16:00Z,2026-10-05T10:16:00+02:00,55,ajuntament-mercat,237,80,157,66.2
2026-10-05T08:17:00Z,2026-10-05T10:17:00+02:00,53,dr-robert,407,50,357,87.7
2026-10-05T08:17:00Z,2026-10-05T10:17:00+02:00,54,placa-vella,297,101,196,66
2026-10-05T08:17:00Z,2026-10-05T10:17:00+02:00,55,ajuntament-mercat,237,80,157,66.2
2026-10-05T08:18:00Z,2026-10-05T10:18:00+02:00,53,dr-robert,407,50,357,87.7
2026-10-05T08:18:00Z,2026-10-05T10:18:00+02:00,54,placa-vella,297,101,196,66
2026-10-05T08:18:00Z,2026-10-05T10:18:00+02:00,55,ajuntament-mercat,237,80,157,66.2
2026-10-05T08:19:00Z,2026-10-05T10:19:00+02:00,53,dr-robert,407,50,357,87.7
2026-10-05T08:19:00Z,2026-10-05T10:19:00+02:00,54,placa-vella,297,101,196,66
2026-10-05T08:19:00Z,2026-10-05T10:19:00+02:00,55,ajuntament-mercat,237,80,157,66.2
2026-10-05T08:20:00Z,2026-10-05T10:20:00+02:00,53,dr-robert,407,47,360,88.5
2026-10-05T08:20:00Z,2026-10-05T10:20:00+02:00,54,placa-vella,297,102,195,65.7
2026-10-05T08:20:00Z,2026-10-05T10:20:00+02:00,55,ajuntament-mercat,237,81,156,65.8
2026-10-05T08:21:00Z,2026-10-05T10:21:00+02:00,53,dr-robert,407,47,360,88.5
2026-10-05T08:21:00Z,2026-10-05T10:21:00+02:00,54,placa-vella,297,102,195,65.7
2026-10-05T08:21:00Z,2026-10-05T10:21:00+02:00,55,ajuntament-mercat,237,81,156,65.8
2026-10-05T08:22:00Z,2026-10-05T10:22:00+02:00,53,dr-robert,407,47,360,88.5
2026-10-05T08:22:00Z,2026-10-05T10:22:00+02:00,54,placa-vella,297,102,195,65.7
2026-10-05T08:22:00Z,2026-10-05T10:22:00+02:00,55,ajuntament-mercat,237,81,156,65.8
2026-10-05T08:23:00Z,2026-10-05T10:23:00+02:00,53,dr-robert,407,47,360,88.5
2026-10-05T08:23:00Z,2026-10-05T10:23:00+02:00,54,placa-vella,297,102,195,65.7
2026-10-05T08:23:00Z,2026-10-05T10:23:00+02:00,55,ajuntament-mercat,237,81,156,65.8
2026-10-05T08:24:00Z,2026-10-05T10:24:00+02:00,53,dr-robert,407,47,360,88.5
2026-10-05T08:24:00Z,2026-10-05T10:24:00+02:00,54,placa-vella,297,102,195,65.7
2026-10-05T08:24:00Z,2026-10-05T10:24:00+02:00,55,ajuntament-mercat,237,81,156,65.8
2026-10-05T08:25:00Z,2026-10-05T10:25:00+02:00,53,dr-robert,407,51,356,87.5
2026-10-05T08:25:00Z,2026-10-05T10:25:00+02:00,54,placa-vella,297,104,193,65
2026-10-05T08:25:00Z,2026-10-05T10:25:00+02:00,55,ajuntament-mercat,237,81,156,65.8
2026-10-05T08:26:00Z,2026-10-05T10:26:00+02:00,53,dr-robert,407,51,356,87.5
2026-10-05T08:26:00Z,2026-10-05T10:26:00+02:00,54,placa-vella,297,104,193,65
2026-10-05T08:26:00Z,2026-10-05T10:26:00+02:00,55,ajuntament-mercat,237,81,156,65.8
2026-10-05T08:27:00Z,2026-10-05T10:27:00+02:00,53,dr-robert,407,51,356,87.5
2026-10-05T08:27:00Z,2026-10-05T10:27:00+02:00,54,placa-vella,297,104,193,65
2026-10-05T08:27:00Z,2026-10-05T10:27:00+02:00,55,ajuntament-mercat,237,81,156,65.8
2026-10-05T08:28:00Z,2026-10-05T10:28:00+02:00,53,dr-robert,407,51,356,87.5
2026-10-05T08:28:00Z,2026-10-05T10:28:00+02:00,54,placa-vella,297,104,193,65
2026-10-05T08:28:00Z,2026-10-05T10:28:00+02:00,55,ajuntament-mercat,237,81,156,65.8
2026-10-05T08:29:00Z,2026-10-05T10:29:00+02:00,53,dr-robert,407,51,356,87.5
2026-10-05T08:29:00Z,2026-10-05T10:29:00+02:00,54,placa-vella,297,104,193,65
2026-10-05T08:29:00Z,2026-10-05T10:29:00+02:00,55,ajuntament-mercat,237,81,156,65.8
2026-10-05T08:30:00Z,2026-10-05T10:30:00+02:00,53,dr-robert,407,51,356,87.5
2026-10-05T08:30:00Z,2026-10-05T10:30:00+02:00,54,placa-vella,297,104,193,65
2026-10-05T08:30:00Z,2026-10-05T10:30:00+02:00,55,ajuntament-mercat,237,81,156,65.8
2026-10-05T08:31:00Z,2026-10-05T10:31:00+02:00,53,dr-robert,407,51,356,87.5
2026-10-05T08:31:00Z,2026-10-05T10:31:00+02:00,54,placa-vella,297,104,193,65
2026-10-05T08:31:00Z,2026-10-05T10:31:00+02:00,55,ajuntament-mercat,237,81,156,65.8
2026-10-05T08:32:00Z,2026-10-05T10:32:00+02:00,53,dr-robert,407,51,356,87.5
2026-10-05T08:32:00Z,2026-10-05T10:32:00+02:00,54,placa-vella,297,104,193,65
2026-10-05T08:32:00Z,2026-10-05T10:32:00+02:00,55,ajuntament-mercat,237,81,156,65.8
2026-10-05T08:33:00Z,2026-10-05T10:33:00+02:00,53,dr-robert,407,51,356,87.5
2026-10-05T08:33:00Z,2026-10-05T10:33:00+02:00,54,placa-vella,297,104,193,65
2026-10-05T08:33:00Z,2026-10-05T10:33:00+02:00,55,ajuntament-mercat,237,81,156,65.8
2026-10-05T08:34:00Z,2026-10-05T10:34:00+02:00,54,placa-vella,297,104,193,65
2026-10-05T08:34:00Z,2026-10-05T10:34:00+02:00,55,ajuntament-mercat,237,81,156,65.8
2026-10-05T08:35:00Z,2026-10-05T10:35:00+02:00,53,dr-robert,407,51,356,87.5
2026-10-05T08:35:00Z,2026-10-05T10:35:00+02:00,54,placa-vella,297,104,193,65
2026-10-05T08:35:00Z,2026-10-05T10:35:00+02:00,55,ajuntament-mercat,237,81,156,65.8
2026-10-05T08:36:00Z,2026-10-05T10:36:00+02:00,53,dr-robert,407,51,356,87.5
2026-10-05T08:36:00Z,2026-10-05T10:36:00+02:00,54,placa-vella,297,104,193,65
2026-10-05T08:36:00Z,2026-10-05T10:36:00+02:00,55,ajuntament-mercat,237,81,156,65.8
2026-10-05T08:37:00Z,2026-10-05T10:37:00+02:00,53,dr-robert,407,51,356,87.5
2026-10-05T08:37:00Z,2026-10-05T10:37:00+02:00,54,placa-vella,297,104,193,65
2026-10-05T08:37:00Z,2026-10-05T10:37:00+02:00,55,ajuntament-mercat,237,81,156,65.8
2026-10-05T08:38:00Z,2026-10-05T10:38:00+02:00,53,dr-robert,407,51,356,87.5
2026-10-05T08:38:00Z,2026-10-05T10:38:00+02:00,54,placa-vella,297,104,193,65
2026-10-05T08:38:00Z,2026-10-05T10:38:00+02:00,55,ajuntament-mercat,237,81,156,65.8
2026-10-05T08:39:00Z,2026-10-05T10:39:00+02:00,53,dr-robert,407,51,356,87.5
2026-10-05T08:39:00Z,2026-10-05T10:39:00+02:00,54,placa-vella,297,98,199,67
2026-10-05T08:39:00Z,2026-10-05T10:39:00+02:00,55,ajuntament-mercat,237,79,158,66.7
2026-10-05T08:40:00Z,2026-10-05T10:40:00+02:00,53,dr-robert,407,51,356,87.5
2026-10-05T08:40:00Z,2026-10-05T10:40:00+02:00,54,placa-vella,297,98,199,67
2026-10-05T08:40:00Z,2026-10-05T10:40:00+02:00,55,ajuntament-mercat,237,79,158,66.7
2026-10-05T08:41:00Z,2026-10-05T10:41:00+02:00,53,dr-robert,407,51,356,87.5
2026-10-05T08:41:00Z,2026-10-05T10:41:00+02:00,54,placa-vella,297,98,199,67
2026-10-05T08:41:00Z,2026-10-05T10:41:00+02:00,55,ajuntament-mercat,237,79,158,66.7
2026-10-05T08:42:00Z,2026-10-05T10:42:00+02:00,53,dr-robert,407,51,356,87.5
2026-10-05T08:42:00Z,2026-10-05T10:42:00+02:00,54,placa-vella,297,98,199,67
2026-10-05T08:42:00Z,2026-10-05T10:42:00+02:00,55,ajuntament-mercat,237,79,158,66.7
2026-10-05T08:43:00Z,2026-10-05T10:43:00+02:00,53,dr-robert,407,51,356,87.5
2026-10-05T08:43:00Z,2026-10-05T10:43:00+02:00,54,placa-vella,297,98,199,67
2026-10-05T08:43:00Z,2026-10-05T10:43:00+02:00,55,ajuntament-mercat,237,79,158,66.7
2026-10-05T08:44:00Z,2026-10-05T10:44:00+02:00,53,dr-robert,407,51,356,87.5
2026-10-05T08:44:00Z,2026-10-05T10:44:00+02:00,54,placa-vella,297,98,199,67
2026-10-05T08:44:00Z,2026-10-05T10:44:00+02:00,55,ajuntament-mercat,237,79,158,66.7
2026-10-05T08:45:00Z,2026-10-05T10:45:00+02:00,53,dr-robert,407,51,356,87.5
2026-10-05T08:45:00Z,2026-10-05T10:45:00+02:00,54,placa-vella,297,98,199,67
2026-10-05T08:45:00Z,2026-10-05T10:45:00+02:00,55,ajuntament-mercat,237,79,158,66.7
2026-10-05T08:46:00Z,2026-10-05T10:46:00+02:00,53,dr-robert,407,51,356,87.5
2026-10-05T08:46:00Z,2026-10-05T10:46:00+02:00,54,placa-vella,297,98,199,67
2026-10-05T08:46:00Z,2026-10-05T10:46:00+02:00,55,ajuntament-mercat,237,79,158,66.7
2026-10-05T08:47:00Z,2026-10-05T10:47:00+02:00,53,dr-robert,407,51,356,87.5
2026-10-05T08:47:00Z,2026-10-05T10:47:00+02:00,54,placa-vella,297,98,199,67
2026-10-05T08:47:00Z,2026-10-05T10:47:00+02:00,55,ajuntament-mercat,237,79,158,66.7
2026-10-05T08:48:00Z,2026-10-05T10:48:00+02:00,53,dr-robert,407,51,356,87.5
2026-10-05T08:48:00Z,2026-10-05T10:48:00+02:00,54,placa-vella,297,98,199,67
2026-10-05T08:48:00Z,2026-10-05T10:48:00+02:00,55,ajuntament-mercat,237,79,158,66.7
2026-10-05T08:49:00Z,2026-10-05T10:49:00+02:00,53,dr-robert,407,51,356,87.5
2026-10-05T08:49:00Z,2026-10-05T10:49:00+02:00,54,placa-vella,297,98,199,67
2026-10-05T08:49:00Z,2026-10-05T10:49:00+02:00,55,ajuntament-mercat,237,79,158,66.7
2026-10-05T08:50:00Z,2026-10-05T10:50:00+02:00,53,dr-robert,407,51,356,87.5
2026-10-05T08:50:00Z,2026-10-05T10:50:00+02:00,54,placa-vella,297,98,199,67
2026-10-05T08:50:00Z,2026-10-05T10:50:00+02:00,55,ajuntament-mercat,237,79,158,66.7
2026-10-05T08:51:00Z,2026-10-05T10:51:00+02:00,53,dr-robert,407,51,356,87.5
2026-10-05T08:51:00Z,2026-10-05T10:51:00+02:00,54,placa-vella,297,98,199,67
2026-10-05T08:51:00Z,2026-10-05T10:51:00+02:00,55,ajuntament-mercat,237,79,158,66.7
2026-10-05T08:52:00Z,2026-10-05T10:52:00+02:00,53,dr-robert,407,51,356,87.5
2026-10-05T08:52:00Z,2026-10-05T10:52:00+02:00,54,placa-vella,297,98,199,67
2026-10-05T08:52:00Z,2026-10-05T10:52:00+02:00,55,ajuntament-mercat,237,79,158,66.7
2026-10-05T08:53:00Z,2026-10-05T10:53:00+02:00,53,dr-robert,407,51,356,87.5
2026-10-05T08:53:00Z,2026-10-05T10:53:00+02:00,54,placa-vella,297,98,199,67
2026-10-05T08:53:00Z,2026-10-05T10:53:00+02:00,55,ajuntament-mercat,237,79,158,66.7
2026-10-05T08:54:00Z,2026-10-05T10:54:00+02:00,53,dr-robert,407,51,356,87.5
2026-10-05T08:54:00Z,2026-10-05T10:54:00+02:00,54,placa-vella,297,98,199,67
2026-10-05T08:54:00Z,2026-10-05T10:54:00+02:00,55,ajuntament-mercat,237,79,158,66.7
2026-10-05T08:55:00Z,2026-10-05T10:55:00+02:00,53,dr-robert,407,51,356,87.5
2026-10-05T08:55:00Z,2026-10-05T10:55:00+02:00,54,placa-vella,297,98,199,67
2026-10-05T08:55:00Z,2026-10-05T10:55:00+02:00,55,ajuntament-mercat,237,79,158,66.7
2026-10-05T08:56:00Z,2026-10-05T10:56:00+02:00,53,dr-robert,407,51,356,87.5
2026-10-05T08:56:00Z,2026-10-05T10:56:00+02:00,54,placa-vella,297,98,199,67
2026-10-05T08:56:00Z,2026-10-05T10:56:00+02:00,55,ajuntament-mercat,237,79,158,66.7
2026-10-05T08:57:00Z,2026-10-05T10:57:00+02:00,53,dr-robert,407,51,356,87.5
2026-10-05T08:57:00Z,2026-10-05T10:57:00+02:00,54,placa-vella,297,98,199,67
2026-10-05T08:57:00Z,2026-10-05T10:57:00+02:00,55,ajuntament-mercat,237,79,158,66.7
2026-10-05T08:58:00Z,2026-10-05T10:58:00+02:00,53,dr-robert,407,51,356,87.5
2026-10-05T08:58:00Z,2026-10-05T10:58:00+02:00,54,placa-vella,297,98,199,67
2026-10-05T08:58:00Z,2026-10-05T10:58:00+02:00,55,ajuntament-mercat,237,79,158,66.7
2026-10-05T08:59:00Z,2026-10-05T10:59:00+02:00,53,dr-robert,407,51,356,87.5
2026-10-05T08:59:00Z,2026-10-05T10:59:00+02:00,54,placa-vella,297,98,199,67
2026-10-05T08:59:00Z,2026-10-05T10:59:00+02:00,55,ajuntament-mercat,237,79,158,66.7
2026-10-05T09:00:00Z,2026-10-05T11:00:00+02:00,53,dr-robert,407,51,356,87.5
2026-10-05T09:00:00Z,2026-10-05T11:00:00+02:00,54,placa-vella,297,98,199,67
2026-10-05T09:00:00Z,2026-10-05T11:00:00+02:00,55,ajuntament-mercat,237,79,158,66.7
2026-10-05T09:01:00Z,2026-10-05T11:01:00+02:00,53,dr-robert,407,51,356,87.5
2026-10-05T09:01:00Z,2026-10-05T11:01:00+02:00,54,placa-vella,297,98,199,67
2026-10-05T09:01:00Z,2026-10-05T11:01:00+02:00,55,ajuntament-mercat,237,79,158,66.7
2026-10-05T09:02:00Z,2026-10-05T11:02:00+02:00,53,dr-robert,407,51,356,87.5
2026-10-05T09:02:00Z,2026-10-05T11:02:00+02:00,54,placa-vella,297,98,199,67
2026-10-05T09:02:00Z,2026-10-05T11:02:00+02:00,55,ajuntament-mercat,237,79,158,66.7
2026-10-05T09:03:00Z,2026-10-05T11:03:00+02:00,53,dr-robert,407,51,356,87.5
2026-10-05T09:03:00Z,2026-10-05T11:03:00+02:00,54,placa-vella,297,98,199,67
2026-10-05T09:03:00Z,2026-10-05T11:03:00+02:00,55,ajuntament-mercat,237,79,158,66.7
2026-10-05T09:04:00Z,2026-10-05T11:04:00+02:00,53,dr-robert,407,51,356,87.5
2026-10-05T09:04:00Z,2026-10-05T11:04:00+02:00,54,placa-vella,297,98,199,67
2026-10-05T09:04:00Z,2026-10-05T11:04:00+02:00,55,ajuntament-mercat,237,79,158,66.7
2026-10-05T09:05:00Z,2026-10-05T11:05:00+02:00,53,dr-robert,407,51,356,87.5
2026-10-05T09:05:00Z,2026-10-05T11:05:00+02:00,54,placa-vella,297,98,199,67
2026-10-05T09:05:00Z,2026-10-05T11:05:00+02:00,55,ajuntament-mercat,237,79,158,66.7
2026-10-05T09:06:00Z,2026-10-05T11:06:00+02:00,53,dr-robert,407,51,356,87.5
2026-10-05T09:06:00Z,2026-10-05T11:06:00+02:00,54,placa-vella,297,98,199,67
2026-10-05T09:06:00Z,2026-10-05T11:06:00+02:00,55,ajuntament-mercat,237,79,158,66.7
2026-10-05T09:07:00Z,2026-10-05T11:07:00+02:00,53,dr-robert,407,51,356,87.5
2026-10-05T09:07:00Z,2026-10-05T11:07:00+02:00,54,placa-vella,297,98,199,67
2026-10-05T09:07:00Z,2026-10-05T11:07:00+02:00,55,ajuntament-mercat,237,79,158,66.7
2026-10-05T09:08:00Z,2026-10-05T11:08:00+02:00,53,dr-robert,407,51,356,87.5
2026-10-05T09:08:00Z,2026-10-05T11:08:00+02:00,54,placa-vella,297,98,199,67
2026-10-05T09:08:00Z,2026-10-05T11:08:00+02:00,55,ajuntament-mercat,237,79,158,66.7
2026-10-05T09:09:00Z,2026-10-05T11:09:00+02:00,53,dr-robert,407,51,356,87.5
2026-10-05T09:09:00Z,2026-10-05T11:09:00+02:00,54,placa-vella,297,98,199,67
2026-10-05T09:09:00Z,2026-10-05T11:09:00+02:00,55,ajuntament-mercat,237,79,158,66.7
2026-10-05T09:10:00Z,2026-10-05T11:10:00+02:00,53,dr-robert,407,51,356,87.5
2026-10-05T09:10:00Z,2026-10-05T11:10:00+02:00,54,placa-vella,297,98,199,67
2026-10-05T09:10:00Z,2026-10-05T11:10:00+02:00,55,ajuntament-mercat,237,79,158,66.7
2026-10-05T09:11:00Z,2026-10-05T11:11:00+02:00,53,dr-robert,407,51,356,87.5
2026-10-05T09:11:00Z,2026-10-05T11:11:00+02:00,54,placa-vella,297,98,199,67
2026-10-05T09:11:00Z,2026-10-05T11:11:00+02:00,55,ajuntament-mercat,237,79,158,66.7
2026-10-05T09:12:00Z,2026-10-05T11:12:00+02:00,53,dr-robert,407,51,356,87.5
2026-10-05T09:12:00Z,2026-10-05T11:12:00+02:00,54,placa-vella,297,98,199,67
2026-10-05T09:12:00Z,2026-10-05T11:12:00+02:00,55,ajuntament-mercat,237,79,158,66.7
2026-10-05T09:13:00Z,2026-10-05T11:13:00+02:00,53,dr-robert,407,51,356,87.5
2026-10-05T09:13:00Z,2026-10-05T11:13:00+02:00,54,placa-vella,297,98,199,67
2026-10-05T09:13:00Z,2026-10-05T11:13:00+02:00,55,ajuntament-mercat,237,79,158,66.7
2026-10-05T09:14:00Z,2026-10-05T11:14:00+02:00,53,dr-robert,407,51,356,87.5
2026-10-05T09:14:00Z,2026-10-05T11:14:00+02:00,54,placa-vella,297,98,199,67
2026-10-05T09:14:00Z,2026-10-05T11:14:00+02:00,55,ajuntament-mercat,237,79,158,66.7
2026-10-05T09:15:00Z,2026-10-05T11:15:00+02:00,53,dr-robert,407,51,356,87.5
2026-10-05T09:15:00Z,2026-10-05T11:15:00+02:00,54,placa-vella,297,98,199,67
2026-10-05T09:15:00Z,2026-10-05T11:15:00+02:00,55,ajuntament-mercat,237,79,158,66.7
2026-10-05T09:16:00Z,2026-10-05T11:16:00+02:00,53,dr-robert,407,51,356,87.5
2026-10-05T09:16:00Z,2026-10-05T11:16:00+02:00,54,placa-vella,297,98,199,67
2026-10-05T09:16:00Z,2026-10-05T11:16:00+02:00,55,ajuntament-mercat,237,79,158,66.7
2026-10-05T09:17:00Z,2026-10-05T11:17:00+02:00,53,dr-robert,407,31,376,92.4
2026-10-05T09:17:00Z,2026-10-05T11:17:00+02:00,54,placa-vella,297,84,213,71.7
2026-10-05T09:17:00Z,2026-10-05T11:17:00+02:00,55,ajuntament-mercat,237,72,165,69.6
2026-10-05T09:18:00Z,2026-10-05T11:18:00+02:00,53,dr-robert,407,31,376,92.4
2026-10-05T09:18:00Z,2026-10-05T11:18:00+02:00,54,placa-vella,297,84,213,71.7
2026-10-05T09:18:00Z,2026-10-05T11:18:00+02:00,55,ajuntament-mercat,237,72,165,69.6
2026-10-05T09:19:00Z,2026-10-05T11:19:00+02:00,53,dr-robert,407,31,376,92.4
2026-10-05T09:19:00Z,2026-10-05T11:19:00+02:00,54,placa-vella,297,84,213,71.7
2026-10-05T09:19:00Z,2026-10-05T11:19:00+02:00,55,ajuntament-mercat,237,72,165,69.6
2026-10-05T09:20:00Z,2026-10-05T11:20:00+02:00,53,dr-robert,407,36,371,91.2
2026-10-05T09:20:00Z,2026-10-05T11:20:00+02:00,54,placa-vella,297,85,212,71.4
2026-10-05T09:20:00Z,2026-10-05T11:20:00+02:00,55,ajuntament-mercat,237,73,164,69.2
2026-10-05T09:21:00Z,2026-10-05T11:21:00+02:00,53,dr-robert,407,36,371,91.2
2026-10-05T09:21:00Z,2026-10-05T11:21:00+02:00,54,placa-vella,297,85,212,71.4
2026-10-05T09:21:00Z,2026-10-05T11:21:00+02:00,55,ajuntament-mercat,237,73,164,69.2
2026-10-05T09:22:00Z,2026-10-05T11:22:00+02:00,53,dr-robert,407,36,371,91.2
2026-10-05T09:22:00Z,2026-10-05T11:22:00+02:00,54,placa-vella,297,85,212,71.4
2026-10-05T09:22:00Z,2026-10-05T11:22:00+02:00,55,ajuntament-mercat,237,73,164,69.2
2026-10-05T09:23:00Z,2026-10-05T11:23:00+02:00,53,dr-robert,407,36,371,91.2
2026-10-05T09:23:00Z,2026-10-05T11:23:00+02:00,54,placa-vella,297,85,212,71.4
2026-10-05T09:23:00Z,2026-10-05T11:23:00+02:00,55,ajuntament-mercat,237,73,164,69.2
2026-10-05T09:24:00Z,2026-10-05T11:24:00+02:00,53,dr-robert,407,36,371,91.2
2026-10-05T09:24:00Z,2026-10-05T11:24:00+02:00,54,placa-vella,297,85,212,71.4
2026-10-05T09:24:00Z,2026-10-05T11:24:00+02:00,55,ajuntament-mercat,237,73,164,69.2
2026-10-05T09:25:00Z,2026-10-05T11:25:00+02:00,53,dr-robert,407,34,373,91.6
2026-10-05T09:25:00Z,2026-10-05T11:25:00+02:00,54,placa-vella,297,85,212,71.4
2026-10-05T09:25:00Z,2026-10-05T11:25:00+02:00,55,ajuntament-mercat,237,74,163,68.8
2026-10-05T09:26:00Z,2026-10-05T11:26:00+02:00,53,dr-robert,407,34,373,91.6
2026-10-05T09:26:00Z,2026-10-05T11:26:00+02:00,54,placa-vella,297,85,212,71.4
2026-10-05T09:26:00Z,2026-10-05T11:26:00+02:00,55,ajuntament-mercat,237,74,163,68.8
2026-10-05T09:27:00Z,2026-10-05T11:27:00+02:00,53,dr-robert,407,34,373,91.6
2026-10-05T09:27:00Z,2026-10-05T11:27:00+02:00,54,placa-vella,297,85,212,71.4
2026-10-05T09:27:00Z,2026-10-05T11:27:00+02:00,55,ajuntament-mercat,237,74,163,68.8
2026-10-05T09:28:00Z,2026-10-05T11:28:00+02:00,53,dr-robert,407,34,373,91.6
2026-10-05T09:28:00Z,2026-10-05T11:28:00+02:00,54,placa-vella,297,85,212,71.4
2026-10-05T09:28:00Z,2026-10-05T11:28:00+02:00,55,ajuntament-mercat,237,74,163,68.8
2026-10-05T09:29:00Z,2026-10-05T11:29:00+02:00,53,dr-robert,407,34,373,91.6
2026-10-05T09:29:00Z,2026-10-05T11:29:00+02:00,54,placa-vella,297,85,212,71.4
2026-10-05T09:29:00Z,2026-10-05T11:29:00+02:00,55,ajuntament-mercat,237,74,163,68.8
2026-10-05T09:30:00Z,2026-10-05T11:30:00+02:00,53,dr-robert,407,30,377,92.6
2026-10-05T09:30:00Z,2026-10-05T11:30:00+02:00,54,placa-vella,297,80,217,73.1
2026-10-05T09:30:00Z,2026-10-05T11:30:00+02:00,55,ajuntament-mercat,237,73,164,69.2
2026-10-05T09:31:00Z,2026-10-05T11:31:00+02:00,53,dr-robert,407,30,377,92.6
2026-10-05T09:31:00Z,2026-10-05T11:31:00+02:00,54,placa-vella,297,80,217,73.1
2026-10-05T09:31:00Z,2026-10-05T11:31:00+02:00,55,ajuntament-mercat,237,73,164,69.2
2026-10-05T09:32:00Z,2026-10-05T11:32:00+02:00,53,dr-robert,407,30,377,92.6
2026-10-05T09:32:00Z,2026-10-05T11:32:00+02:00,54,placa-vella,297,80,217,73.1
2026-10-05T09:32:00Z,2026-10-05T11:32:00+02:00,55,ajuntament-mercat,237,73,164,69.2
2026-10-05T09:33:00Z,2026-10-05T11:33:00+02:00,53,dr-robert,407,30,377,92.6
2026-10-05T09:33:00Z,2026-10-05T11:33:00+02:00,54,placa-vella,297,80,217,73.1
2026-10-05T09:33:00Z,2026-10-05T11:33:00+02:00,55,ajuntament-mercat,237,73,164,69.2
2026-10-05T09:34:00Z,2026-10-05T11:34:00+02:00,53,dr-robert,407,30,377,92.6
2026-10-05T09:34:00Z,2026-10-05T11:34:00+02:00,54,placa-vella,297,80,217,73.1
2026-10-05T09:34:00Z,2026-10-05T11:34:00+02:00,55,ajuntament-mercat,237,73,164,69.2
2026-10-05T09:35:00Z,2026-10-05T11:35:00+02:00,53,dr-robert,407,30,377,92.6
2026-10-05T09:35:00Z,2026-10-05T11:35:00+02:00,54,placa-vella,297,80,217,73.1
2026-10-05T09:35:00Z,2026-10-05T11:35:00+02:00,55,ajuntament-mercat,237,73,164,69.2
2026-10-05T09:36:00Z,2026-10-05T11:36:00+02:00,53,dr-robert,407,35,372,91.4
2026-10-05T09:36:00Z,2026-10-05T11:36:00+02:00,54,placa-vella,297,84,213,71.7
2026-10-05T09:36:00Z,2026-10-05T11:36:00+02:00,55,ajuntament-mercat,237,74,163,68.8
2026-10-05T09:37:00Z,2026-10-05T11:37:00+02:00,53,dr-robert,407,35,372,91.4
2026-10-05T09:37:00Z,2026-10-05T11:37:00+02:00,54,placa-vella,297,84,213,71.7
2026-10-05T09:37:00Z,2026-10-05T11:37:00+02:00,55,ajuntament-mercat,237,74,163,68.8
2026-10-05T09:38:00Z,2026-10-05T11:38:00+02:00,53,dr-robert,407,35,372,91.4
2026-10-05T09:38:00Z,2026-10-05T11:38:00+02:00,54,placa-vella,297,84,213,71.7
2026-10-05T09:38:00Z,2026-10-05T11:38:00+02:00,55,ajuntament-mercat,237,74,163,68.8
2026-10-05T09:39:00Z,2026-10-05T11:39:00+02:00,53,dr-robert,407,35,372,91.4
2026-10-05T09:39:00Z,2026-10-05T11:39:00+02:00,54,placa-vella,297,84,213,71.7
2026-10-05T09:39:00Z,2026-10-05T11:39:00+02:00,55,ajuntament-mercat,237,74,163,68.8
2026-10-05T09:40:00Z,2026-10-05T11:40:00+02:00,53,dr-robert,407,35,372,91.4
2026-10-05T09:40:00Z,2026-10-05T11:40:00+02:00,54,placa-vella,297,84,213,71.7
2026-10-05T09:40:00Z,2026-10-05T11:40:00+02:00,55,ajuntament-mercat,237,74,163,68.8
2026-10-05T09:41:00Z,2026-10-05T11:41:00+02:00,53,dr-robert,407,37,370,90.9
2026-10-05T09:41:00Z,2026-10-05T11:41:00+02:00,54,placa-vella,297,85,212,71.4
2026-10-05T09:41:00Z,2026-10-05T11:41:00+02:00,55,ajuntament-mercat,237,69,168,70.9
2026-10-05T09:42:00Z,2026-10-05T11:42:00+02:00,53,dr-robert,407,37,370,90.9
2026-10-05T09:42:00Z,2026-10-05T11:42:00+02:00,54,placa-vella,297,85,212,71.4
2026-10-05T09:42:00Z,2026-10-05T11:42:00+02:00,55,ajuntament-mercat,237,69,168,70.9
2026-10-05T09:43:00Z,2026-10-05T11:43:00+02:00,53,dr-robert,407,37,370,90.9
2026-10-05T09:43:00Z,2026-10-05T11:43:00+02:00,54,placa-vella,297,85,212,71.4
2026-10-05T09:43:00Z,2026-10-05T11:43:00+02:00,55,ajuntament-mercat,237,69,168,70.9
2026-10-05T09:44:00Z,2026-10-05T11:44:00+02:00,53,dr-robert,407,37,370,90.9
2026-10-05T09:44:00Z,2026-10-05T11:44:00+02:00,54,placa-vella,297,85,212,71.4
2026-10-05T09:44:00Z,2026-10-05T11:44:00+02:00,55,ajuntament-mercat,237,69,168,70.9
2026-10-05T09:45:00Z,2026-10-05T11:45:00+02:00,53,dr-robert,407,37,370,90.9
2026-10-05T09:45:00Z,2026-10-05T11:45:00+02:00,54,placa-vella,297,85,212,71.4
2026-10-05T09:45:00Z,2026-10-05T11:45:00+02:00,55,ajuntament-mercat,237,69,168,70.9
2026-10-05T09:46:00Z,2026-10-05T11:46:00+02:00,53,dr-robert,407,40,367,90.2
2026-10-05T09:46:00Z,2026-10-05T11:46:00+02:00,54,placa-vella,297,81,216,72.7
2026-10-05T09:46:00Z,2026-10-05T11:46:00+02:00,55,ajuntament-mercat,237,66,171,72.2
2026-10-05T09:47:00Z,2026-10-05T11:47:00+02:00,53,dr-robert,407,40,367,90.2
2026-10-05T09:47:00Z,2026-10-05T11:47:00+02:00,54,placa-vella,297,81,216,72.7
2026-10-05T09:47:00Z,2026-10-05T11:47:00+02:00,55,ajuntament-mercat,237,66,171,72.2
2026-10-05T09:48:00Z,2026-10-05T11:48:00+02:00,53,dr-robert,407,40,367,90.2
2026-10-05T09:48:00Z,2026-10-05T11:48:00+02:00,54,placa-vella,297,81,216,72.7
2026-10-05T09:48:00Z,2026-10-05T11:48:00+02:00,55,ajuntament-mercat,237,66,171,72.2
2026-10-05T09:49:00Z,2026-10-05T11:49:00+02:00,53,dr-robert,407,40,367,90.2
2026-10-05T09:49:00Z,2026-10-05T11:49:00+02:00,54,placa-vella,297,81,216,72.7
2026-10-05T09:49:00Z,2026-10-05T11:49:00+02:00,55,ajuntament-mercat,237,66,171,72.2
2026-10-05T09:50:00Z,2026-10-05T11:50:00+02:00,53,dr-robert,407,40,367,90.2
2026-10-05T09:50:00Z,2026-10-05T11:50:00+02:00,54,placa-vella,297,81,216,72.7
2026-10-05T09:50:00Z,2026-10-05T11:50:00+02:00,55,ajuntament-mercat,237,66,171,72.2
2026-10-05T09:51:00Z,2026-10-05T11:51:00+02:00,53,dr-robert,407,40,367,90.2
2026-10-05T09:51:00Z,2026-10-05T11:51:00+02:00,54,placa-vella,297,81,216,72.7
2026-10-05T09:51:00Z,2026-10-05T11:51:00+02:00,55,ajuntament-mercat,237,66,171,72.2
2026-10-05T09:52:00Z,2026-10-05T11:52:00+02:00,53,dr-robert,407,40,367,90.2
2026-10-05T09:52:00Z,2026-10-05T11:52:00+02:00,54,placa-vella,297,81,216,72.7
2026-10-05T09:52:00Z,2026-10-05T11:52:00+02:00,55,ajuntament-mercat,237,66,171,72.2
2026-10-05T09:53:00Z,2026-10-05T11:53:00+02:00,53,dr-robert,407,43,364,89.4
2026-10-05T09:53:00Z,2026-10-05T11:53:00+02:00,54,placa-vella,297,83,214,72.1
2026-10-05T09:53:00Z,2026-10-05T11:53:00+02:00,55,ajuntament-mercat,237,66,171,72.2
2026-10-05T09:54:00Z,2026-10-05T11:54:00+02:00,53,dr-robert,407,43,364,89.4
2026-10-05T09:54:00Z,2026-10-05T11:54:00+02:00,54,placa-vella,297,83,214,72.1
2026-10-05T09:54:00Z,2026-10-05T11:54:00+02:00,55,ajuntament-mercat,237,66,171,72.2
2026-10-05T09:55:00Z,2026-10-05T11:55:00+02:00,53,dr-robert,407,43,364,89.4
2026-10-05T09:55:00Z,2026-10-05T11:55:00+02:00,54,placa-vella,297,83,214,72.1
2026-10-05T09:55:00Z,2026-10-05T11:55:00+02:00,55,ajuntament-mercat,237,66,171,72.2
2026-10-05T09:56:00Z,2026-10-05T11:56:00+02:00,53,dr-robert,407,43,364,89.4
2026-10-05T09:56:00Z,2026-10-05T11:56:00+02:00,54,placa-vella,297,83,214,72.1
2026-10-05T09:56:00Z,2026-10-05T11:56:00+02:00,55,ajuntament-mercat,237,66,171,72.2
2026-10-05T09:57:00Z,2026-10-05T11:57:00+02:00,53,dr-robert,407,35,372,91.4
2026-10-05T09:57:00Z,2026-10-05T11:57:00+02:00,54,placa-vella,297,82,215,72.4
2026-10-05T09:57:00Z,2026-10-05T11:57:00+02:00,55,ajuntament-mercat,237,71,166,70
2026-10-05T09:58:00Z,2026-10-05T11:58:00+02:00,53,dr-robert,407,35,372,91.4
2026-10-05T09:58:00Z,2026-10-05T11:58:00+02:00,54,placa-vella,297,82,215,72.4
2026-10-05T09:58:00Z,2026-10-05T11:58:00+02:00,55,ajuntament-mercat,237,71,166,70
2026-10-05T09:59:00Z,2026-10-05T11:59:00+02:00,53,dr-robert,407,35,372,91.4
2026-10-05T09:59:00Z,2026-10-05T11:59:00+02:00,54,placa-vella,297,82,215,72.4
2026-10-05T09:59:00Z,2026-10-05T11:59:00+02:00,55,ajuntament-mercat,237,71,166,70
2026-10-05T10:00:00Z,2026-10-05T12:00:00+02:00,53,dr-robert,407,35,372,91.4
2026-10-05T10:00:00Z,2026-10-05T12:00:00+02:00,54,placa-vella,297,82,215,72.4
2026-10-05T10:00:00Z,2026-10-05T12:00:00+02:00,55,ajuntament-mercat,237,71,166,70
2026-10-05T10:01:00Z,2026-10-05T12:01:00+02:00,53,dr-robert,407,35,372,91.4
2026-10-05T10:01:00Z,2026-10-05T12:01:00+02:00,54,placa-vella,297,82,215,72.4
2026-10-05T10:01:00Z,2026-10-05T12:01:00+02:00,55,ajuntament-mercat,237,71,166,70
2026-10-05T10:02:00Z,2026-10-05T12:02:00+02:00,53,dr-robert,407,35,372,91.4
2026-10-05T10:02:00Z,2026-10-05T12:02:00+02:00,54,placa-vella,297,82,215,72.4
2026-10-05T10:02:00Z,2026-10-05T12:02:00+02:00,55,ajuntament-mercat,237,71,166,70
2026-10-05T10:03:00Z,2026-10-05T12:03:00+02:00,53,dr-robert,407,36,371,91.2
2026-10-05T10:03:00Z,2026-10-05T12:03:00+02:00,54,placa-vella,297,81,216,72.7
2026-10-05T10:03:00Z,2026-10-05T12:03:00+02:00,55,ajuntament-mercat,237,75,162,68.4
2026-10-05T10:04:00Z,2026-10-05T12:04:00+02:00,53,dr-robert,407,36,371,91.2
2026-10-05T10:04:00Z,2026-10-05T12:04:00+02:00,54,placa-vella,297,81,216,72.7
2026-10-05T10:04:00Z,2026-10-05T12:04:00+02:00,55,ajuntament-mercat,237,75,162,68.4
2026-10-05T10:05:00Z,2026-10-05T12:05:00+02:00,53,dr-robert,407,36,371,91.2
2026-10-05T10:05:00Z,2026-10-05T12:05:00+02:00,54,placa-vella,297,81,216,72.7
2026-10-05T10:05:00Z,2026-10-05T12:05:00+02:00,55,ajuntament-mercat,237,75,162,68.4
2026-10-05T10:06:00Z,2026-10-05T12:06:00+02:00,53,dr-robert,407,36,371,91.2
2026-10-05T10:06:00Z,2026-10-05T12:06:00+02:00,54,placa-vella,297,81,216,72.7
2026-10-05T10:06:00Z,2026-10-05T12:06:00+02:00,55,ajuntament-mercat,237,75,162,68.4
2026-10-05T10:07:00Z,2026-10-05T12:07:00+02:00,53,dr-robert,407,40,367,90.2
2026-10-05T10:07:00Z,2026-10-05T12:07:00+02:00,54,placa-vella,297,83,214,72.1
2026-10-05T10:07:00Z,2026-10-05T12:07:00+02:00,55,ajuntament-mercat,237,75,162,68.4
2026-10-05T10:08:00Z,2026-10-05T12:08:00+02:00,53,dr-robert,407,40,367,90.2
2026-10-05T10:08:00Z,2026-10-05T12:08:00+02:00,54,placa-vella,297,83,214,72.1
2026-10-05T10:08:00Z,2026-10-05T12:08:00+02:00,55,ajuntament-mercat,237,75,162,68.4
2026-10-05T10:09:00Z,2026-10-05T12:09:00+02:00,53,dr-robert,407,40,367,90.2
2026-10-05T10:09:00Z,2026-10-05T12:09:00+02:00,54,placa-vella,297,83,214,72.1
2026-10-05T10:09:00Z,2026-10-05T12:09:00+02:00,55,ajuntament-mercat,237,75,162,68.4
2026-10-05T10:10:00Z,2026-10-05T12:10:00+02:00,53,dr-robert,407,40,367,90.2
2026-10-05T10:10:00Z,2026-10-05T12:10:00+02:00,54,placa-vella,297,83,214,72.1
2026-10-05T10:10:00Z,2026-10-05T12:10:00+02:00,55,ajuntament-mercat,237,75,162,68.4
2026-10-05T10:11:00Z,2026-10-05T12:11:00+02:00,53,dr-robert,407,32,375,92.1
2026-10-05T10:11:00Z,2026-10-05T12:11:00+02:00,54,placa-vella,297,82,215,72.4
2026-10-05T10:11:00Z,2026-10-05T12:11:00+02:00,55,ajuntament-mercat,237,74,163,68.8
2026-10-05T10:12:00Z,2026-10-05T12:12:00+02:00,53,dr-robert,407,32,375,92.1
2026-10-05T10:12:00Z,2026-10-05T12:12:00+02:00,54,placa-vella,297,82,215,72.4
2026-10-05T10:12:00Z,2026-10-05T12:12:00+02:00,55,ajuntament-mercat,237,74,163,68.8
2026-10-05T10:13:00Z,2026-10-05T12:13:00+02:00,53,dr-robert,407,32,375,92.1
2026-10-05T10:13:00Z,2026-10-05T12:13:00+02:00,54,placa-vella,297,82,215,72.4
2026-10-05T10:13:00Z,2026-10-05T12:13:00+02:00,55,ajuntament-mercat,237,74,163,68.8
2026-10-05T10:14:00Z,2026-10-05T12:14:00+02:00,53,dr-robert,407,32,375,92.1
2026-10-05T10:14:00Z,2026-10-05T12:14:00+02:00,54,placa-vella,297,82,215,72.4
2026-10-05T10:14:00Z,2026-10-05T12:14:00+02:00,55,ajuntament-mercat,237,74,163,68.8
2026-10-05T10:15:00Z,2026-10-05T12:15:00+02:00,53,dr-robert,407,32,375,92.1
2026-10-05T10:15:00Z,2026-10-05T12:15:00+02:00,54,placa-vella,297,82,215,72.4
2026-10-05T10:15:00Z,2026-10-05T12:15:00+02:00,55,ajuntament-mercat,237,74,163,68.8
2026-10-05T10:16:00Z,2026-10-05T12:16:00+02:00,53,dr-robert,407,33,374,91.9
2026-10-05T10:16:00Z,2026-10-05T12:16:00+02:00,54,placa-vella,297,85,212,71.4
2026-10-05T10:16:00Z,2026-10-05T12:16:00+02:00,55,ajuntament-mercat,237,75,162,68.4
2026-10-05T10:17:00Z,2026-10-05T12:17:00+02:00,53,dr-robert,407,33,374,91.9
2026-10-05T10:17:00Z,2026-10-05T12:17:00+02:00,54,placa-vella,297,85,212,71.4
2026-10-05T10:17:00Z,2026-10-05T12:17:00+02:00,55,ajuntament-mercat,237,75,162,68.4
2026-10-05T10:18:00Z,2026-10-05T12:18:00+02:00,53,dr-robert,407,33,374,91.9
2026-10-05T10:18:00Z,2026-10-05T12:18:00+02:00,54,placa-vella,297,85,212,71.4
2026-10-05T10:18:00Z,2026-10-05T12:18:00+02:00,55,ajuntament-mercat,237,75,162,68.4
2026-10-05T10:19:00Z,2026-10-05T12:19:00+02:00,53,dr-robert,407,33,374,91.9
2026-10-05T10:19:00Z,2026-10-05T12:19:00+02:00,54,placa-vella,297,85,212,71.4
2026-10-05T10:19:00Z,2026-10-05T12:19:00+02:00,55,ajuntament-mercat,237,75,162,68.4
2026-10-05T10:20:00Z,2026-10-05T12:20:00+02:00,53,dr-robert,407,33,374,91.9
2026-10-05T10:20:00Z,2026-10-05T12:20:00+02:00,54,placa-vella,297,85,212,71.4
2026-10-05T10:20:00Z,2026-10-05T12:20:00+02:00,55,ajuntament-mercat,237,75,162,68.4
2026-10-05T10:21:00Z,2026-10-05T12:21:00+02:00,53,dr-robert,407,39,368,90.4
2026-10-05T10:21:00Z,2026-10-05T12:21:00+02:00,54,placa-vella,297,85,212,71.4
2026-10-05T10:21:00Z,2026-10-05T12:21:00+02:00,55,ajuntament-mercat,237,76,161,67.9
2026-10-05T10:22:00Z,2026-10-05T12:22:00+02:00,53,dr-robert,407,39,368,90.4
2026-10-05T10:22:00Z,2026-10-05T12:22:00+02:00,54,placa-vella,297,85,212,71.4
2026-10-05T10:22:00Z,2026-10-05T12:22:00+02:00,55,ajuntament-mercat,237,76,161,67.9
2026-10-05T10:23:00Z,2026-10-05T12:23:00+02:00,53,dr-robert,407,39,368,90.4
2026-10-05T10:23:00Z,2026-10-05T12:23:00+02:00,54,placa-vella,297,85,212,71.4
2026-10-05T10:23:00Z,2026-10-05T12:23:00+02:00,55,ajuntament-mercat,237,76,161,67.9
2026-10-05T10:24:00Z,2026-10-05T12:24:00+02:00,53,dr-robert,407,39,368,90.4
2026-10-05T10:24:00Z,2026-10-05T12:24:00+02:00,54,placa-vella,297,85,212,71.4
2026-10-05T10:24:00Z,2026-10-05T12:24:00+02:00,55,ajuntament-mercat,237,76,161,67.9
2026-10-05T10:25:00Z,2026-10-05T12:25:00+02:00,53,dr-robert,407,39,368,90.4
2026-10-05T10:25:00Z,2026-10-05T12:25:00+02:00,54,placa-vella,297,85,212,71.4
2026-10-05T10:25:00Z,2026-10-05T12:25:00+02:00,55,ajuntament-mercat,237,76,161,67.9
2026-10-05T10:26:00Z,2026-10-05T12:26:00+02:00,53,dr-robert,407,36,371,91.2
2026-10-05T10:26:00Z,2026-10-05T12:26:00+02:00,54,placa-vella,297,89,208,70
2026-10-05T10:26:00Z,2026-10-05T12:26:00+02:00,55,ajuntament-mercat,237,73,164,69.2
2026-10-05T10:27:00Z,2026-10-05T12:27:00+02:00,53,dr-robert,407,36,371,91.2
2026-10-05T10:27:00Z,2026-10-05T12:27:00+02:00,54,placa-vella,297,89,208,70
2026-10-05T10:27:00Z,2026-10-05T12:27:00+02:00,55,ajuntament-mercat,237,73,164,69.2
2026-10-05T10:28:00Z,2026-10-05T12:28:00+02:00,53,dr-robert,407,36,371,91.2
2026-10-05T10:28:00Z,2026-10-05T12:28:00+02:00,54,placa-vella,297,89,208,70
2026-10-05T10:28:00Z,2026-10-05T12:28:00+02:00,55,ajuntament-mercat,237,73,164,69.2
2026-10-05T10:29:00Z,2026-10-05T12:29:00+02:00,53,dr-robert,407,36,371,91.2
2026-10-05T10:29:00Z,2026-10-05T12:29:00+02:00,54,placa-vella,297,89,208,70
2026-10-05T10:29:00Z,2026-10-05T12:29:00+02:00,55,ajuntament-mercat,237,73,164,69.2
2026-10-05T10:30:00Z,2026-10-05T12:30:00+02:00,53,dr-robert,407,36,371,91.2
2026-10-05T10:30:00Z,2026-10-05T12:30:00+02:00,54,placa-vella,297,89,208,70
2026-10-05T10:30:00Z,2026-10-05T12:30:00+02:00,55,ajuntament-mercat,237,73,164,69.2
2026-10-05T10:31:00Z,2026-10-05T12:31:00+02:00,53,dr-robert,407,36,371,91.2
2026-10-05T10:31:00Z,2026-10-05T12:31:00+02:00,54,placa-vella,297,89,208,70
2026-10-05T10:31:00Z,2026-10-05T12:31:00+02:00,55,ajuntament-mercat,237,73,164,69.2
2026-10-05T10:32:00Z,2026-10-05T12:32:00+02:00,53,dr-robert,407,36,371,91.2
2026-10-05T10:32:00Z,2026-10-05T12:32:00+02:00,54,placa-vella,297,89,208,70
2026-10-05T10:32:00Z,2026-10-05T12:32:00+02:00,55,ajuntament-mercat,237,73,164,69.2
2026-10-05T10:33:00Z,2026-10-05T12:33:00+02:00,53,dr-robert,407,36,371,91.2
2026-10-05T10:33:00Z,2026-10-05T12:33:00+02:00,54,placa-vella,297,89,208,70
2026-10-05T10:33:00Z,2026-10-05T12:33:00+02:00,55,ajuntament-mercat,237,73,164,69.2
2026-10-05T10:34:00Z,2026-10-05T12:34:00+02:00,53,dr-robert,407,45,362,88.9
2026-10-05T10:34:00Z,2026-10-05T12:34:00+02:00,54,placa-vella,297,91,206,69.4
2026-10-05T10:34:00Z,2026-10-05T12:34:00+02:00,55,ajuntament-mercat,237,75,162,68.4
2026-10-05T10:35:00Z,2026-10-05T12:35:00+02:00,53,dr-robert,407,45,362,88.9
2026-10-05T10:35:00Z,2026-10-05T12:35:00+02:00,54,placa-vella,297,91,206,69.4
2026-10-05T10:35:00Z,2026-10-05T12:35:00+02:00,55,ajuntament-mercat,237,75,162,68.4
2026-10-05T10:36:00Z,2026-10-05T12:36:00+02:00,53,dr-robert,407,45,362,88.9
2026-10-05T10:36:00Z,2026-10-05T12:36:00+02:00,54,placa-vella,297,91,206,69.4
2026-10-05T10:36:00Z,2026-10-05T12:36:00+02:00,55,ajuntament-mercat,237,75,162,68.4
2026-10-05T10:37:00Z,2026-10-05T12:37:00+02:00,53,dr-robert,407,47,360,88.5
2026-10-05T10:37:00Z,2026-10-05T12:37:00+02:00,54,placa-vella,297,91,206,69.4
2026-10-05T10:37:00Z,2026-10-05T12:37:00+02:00,55,ajuntament-mercat,237,76,161,67.9
2026-10-05T10:38:00Z,2026-10-05T12:38:00+02:00,53,dr-robert,407,47,360,88.5
2026-10-05T10:38:00Z,2026-10-05T12:38:00+02:00,54,placa-vella,297,91,206,69.4
2026-10-05T10:38:00Z,2026-10-05T12:38:00+02:00,55,ajuntament-mercat,237,76,161,67.9
2026-10-05T10:39:00Z,2026-10-05T12:39:00+02:00,53,dr-robert,407,47,360,88.5
2026-10-05T10:39:00Z,2026-10-05T12:39:00+02:00,54,placa-vella,297,91,206,69.4
2026-10-05T10:39:00Z,2026-10-05T12:39:00+02:00,55,ajuntament-mercat,237,76,161,67.9
2026-10-05T10:40:00Z,2026-10-05T12:40:00+02:00,53,dr-robert,407,47,360,88.5
2026-10-05T10:40:00Z,2026-10-05T12:40:00+02:00,54,placa-vella,297,91,206,69.4
2026-10-05T10:40:00Z,2026-10-05T12:40:00+02:00,55,ajuntament-mercat,237,76,161,67.9
2026-10-05T10:41:00Z,2026-10-05T12:41:00+02:00,53,dr-robert,407,52,355,87.2
2026-10-05T10:41:00Z,2026-10-05T12:41:00+02:00,54,placa-vella,297,92,205,69
2026-10-05T10:41:00Z,2026-10-05T12:41:00+02:00,55,ajuntament-mercat,237,74,163,68.8
2026-10-05T10:42:00Z,2026-10-05T12:42:00+02:00,53,dr-robert,407,52,355,87.2
2026-10-05T10:42:00Z,2026-10-05T12:42:00+02:00,54,placa-vella,297,92,205,69
2026-10-05T10:42:00Z,2026-10-05T12:42:00+02:00,55,ajuntament-mercat,237,74,163,68.8
2026-10-05T10:43:00Z,2026-10-05T12:43:00+02:00,53,dr-robert,407,52,355,87.2
2026-10-05T10:43:00Z,2026-10-05T12:43:00+02:00,54,placa-vella,297,92,205,69
2026-10-05T10:43:00Z,2026-10-05T12:43:00+02:00,55,ajuntament-mercat,237,74,163,68.8
2026-10-05T10:44:00Z,2026-10-05T12:44:00+02:00,53,dr-robert,407,52,355,87.2
2026-10-05T10:44:00Z,2026-10-05T12:44:00+02:00,54,placa-vella,297,92,205,69
2026-10-05T10:44:00Z,2026-10-05T12:44:00+02:00,55,ajuntament-mercat,237,74,163,68.8
2026-10-05T10:45:00Z,2026-10-05T12:45:00+02:00,53,dr-robert,407,52,355,87.2
2026-10-05T10:45:00Z,2026-10-05T12:45:00+02:00,54,placa-vella,297,92,205,69
2026-10-05T10:45:00Z,2026-10-05T12:45:00+02:00,55,ajuntament-mercat,237,74,163,68.8
2026-10-05T10:46:00Z,2026-10-05T12:46:00+02:00,53,dr-robert,407,52,355,87.2
2026-10-05T10:46:00Z,2026-10-05T12:46:00+02:00,54,placa-vella,297,92,205,69
2026-10-05T10:46:00Z,2026-10-05T12:46:00+02:00,55,ajuntament-mercat,237,74,163,68.8
2026-10-05T10:47:00Z,2026-10-05T12:47:00+02:00,53,dr-robert,407,63,344,84.5
2026-10-05T10:47:00Z,2026-10-05T12:47:00+02:00,54,placa-vella,297,90,207,69.7
2026-10-05T10:47:00Z,2026-10-05T12:47:00+02:00,55,ajuntament-mercat,237,74,163,68.8
2026-10-05T10:48:00Z,2026-10-05T12:48:00+02:00,53,dr-robert,407,63,344,84.5
2026-10-05T10:48:00Z,2026-10-05T12:48:00+02:00,54,placa-vella,297,90,207,69.7
2026-10-05T10:48:00Z,2026-10-05T12:48:00+02:00,55,ajuntament-mercat,237,74,163,68.8
2026-10-05T10:49:00Z,2026-10-05T12:49:00+02:00,53,dr-robert,407,63,344,84.5
2026-10-05T10:49:00Z,2026-10-05T12:49:00+02:00,54,placa-vella,297,90,207,69.7
2026-10-05T10:49:00Z,2026-10-05T12:49:00+02:00,55,ajuntament-mercat,237,74,163,68.8
2026-10-05T10:50:00Z,2026-10-05T12:50:00+02:00,53,dr-robert,407,63,344,84.5
2026-10-05T10:50:00Z,2026-10-05T12:50:00+02:00,54,placa-vella,297,90,207,69.7
2026-10-05T10:50:00Z,2026-10-05T12:50:00+02:00,55,ajuntament-mercat,237,74,163,68.8
2026-10-05T10:51:00Z,2026-10-05T12:51:00+02:00,53,dr-robert,407,63,344,84.5
2026-10-05T10:51:00Z,2026-10-05T12:51:00+02:00,54,placa-vella,297,90,207,69.7
2026-10-05T10:51:00Z,2026-10-05T12:51:00+02:00,55,ajuntament-mercat,237,74,163,68.8
2026-10-05T10:52:00Z,2026-10-05T12:52:00+02:00,53,dr-robert,407,68,339,83.3
2026-10-05T10:52:00Z,2026-10-05T12:52:00+02:00,54,placa-vella,297,96,201,67.7
2026-10-05T10:52:00Z,2026-10-05T12:52:00+02:00,55,ajuntament-mercat,237,69,168,70.9
2026-10-05T10:53:00Z,2026-10-05T12:53:00+02:00,53,dr-robert,407,68,339,83.3
2026-10-05T10:53:00Z,2026-10-05T12:53:00+02:00,54,placa-vella,297,96,201,67.7
2026-10-05T10:53:00Z,2026-10-05T12:53:00+02:00,55,ajuntament-mercat,237,69,168,70.9
2026-10-05T10:54:00Z,2026-10-05T12:54:00+02:00,53,dr-robert,407,68,339,83.3
2026-10-05T10:54:00Z,2026-10-05T12:54:00+02:00,54,placa-vella,297,96,201,67.7
2026-10-05T10:54:00Z,2026-10-05T12:54:00+02:00,55,ajuntament-mercat,237,69,168,70.9
2026-10-05T10:55:00Z,2026-10-05T12:55:00+02:00,53,dr-robert,407,68,339,83.3
2026-10-05T10:55:00Z,2026-10-05T12:55:00+02:00,54,placa-vella,297,96,201,67.7
2026-10-05T10:55:00Z,2026-10-05T12:55:00+02:00,55,ajuntament-mercat,237,69,168,70.9
2026-10-05T10:56:00Z,2026-10-05T12:56:00+02:00,53,dr-robert,407,69,338,83
2026-10-05T10:56:00Z,2026-10-05T12:56:00+02:00,54,placa-vella,297,101,196,66
2026-10-05T10:56:00Z,2026-10-05T12:56:00+02:00,55,ajuntament-mercat,237,68,169,71.3
2026-10-05T10:57:00Z,2026-10-05T12:57:00+02:00,53,dr-robert,407,69,338,83
2026-10-05T10:57:00Z,2026-10-05T12:57:00+02:00,54,placa-vella,297,101,196,66
2026-10-05T10:57:00Z,2026-10-05T12:57:00+02:00,55,ajuntament-mercat,237,68,169,71.3
2026-10-05T10:58:00Z,2026-10-05T12:58:00+02:00,53,dr-robert,407,69,338,83
2026-10-05T10:58:00Z,2026-10-05T12:58:00+02:00,54,placa-vella,297,101,196,66
2026-10-05T10:58:00Z,2026-10-05T12:58:00+02:00,55,ajuntament-mercat,237,68,169,71.3
2026-10-05T10:59:00Z,2026-10-05T12:59:00+02:00,53,dr-robert,407,69,338,83
2026-10-05T10:59:00Z,2026-10-05T12:59:00+02:00,54,placa-vella,297,101,196,66
2026-10-05T10:59:00Z,2026-10-05T12:59:00+02:00,55,ajuntament-mercat,237,68,169,71.3
2026-10-05T11:00:00Z,2026-10-05T13:00:00+02:00,53,dr-robert,407,69,338,83
2026-10-05T11:00:00Z,2026-10-05T13:00:00+02:00,54,placa-vella,297,101,196,66
2026-10-05T11:00:00Z,2026-10-05T13:00:00+02:00,55,ajuntament-mercat,237,68,169,71.3
2026-10-05T11:01:00Z,2026-10-05T13:01:00+02:00,53,dr-robert,407,70,337,82.8
2026-10-05T11:01:00Z,2026-10-05T13:01:00+02:00,54,placa-vella,297,103,194,65.3
2026-10-05T11:01:00Z,2026-10-05T13:01:00+02:00,55,ajuntament-mercat,237,72,165,69.6
2026-10-05T11:02:00Z,2026-10-05T13:02:00+02:00,53,dr-robert,407,70,337,82.8
2026-10-05T11:02:00Z,2026-10-05T13:02:00+02:00,54,placa-vella,297,103,194,65.3
2026-10-05T11:02:00Z,2026-10-05T13:02:00+02:00,55,ajuntament-mercat,237,72,165,69.6
2026-10-05T11:03:00Z,2026-10-05T13:03:00+02:00,53,dr-robert,407,70,337,82.8
2026-10-05T11:03:00Z,2026-10-05T13:03:00+02:00,54,placa-vella,297,103,194,65.3
2026-10-05T11:03:00Z,2026-10-05T13:03:00+02:00,55,ajuntament-mercat,237,72,165,69.6
2026-10-05T11:04:00Z,2026-10-05T13:04:00+02:00,53,dr-robert,407,70,337,82.8
2026-10-05T11:04:00Z,2026-10-05T13:04:00+02:00,54,placa-vella,297,103,194,65.3
2026-10-05T11:04:00Z,2026-10-05T13:04:00+02:00,55,ajuntament-mercat,237,72,165,69.6
2026-10-05T11:05:00Z,2026-10-05T13:05:00+02:00,53,dr-robert,407,70,337,82.8
2026-10-05T11:05:00Z,2026-10-05T13:05:00+02:00,54,placa-vella,297,103,194,65.3
2026-10-05T11:05:00Z,2026-10-05T13:05:00+02:00,55,ajuntament-mercat,237,72,165,69.6
2026-10-05T11:06:00Z,2026-10-05T13:06:00+02:00,53,dr-robert,407,70,337,82.8
2026-10-05T11:06:00Z,2026-10-05T13:06:00+02:00,54,placa-vella,297,103,194,65.3
2026-10-05T11:06:00Z,2026-10-05T13:06:00+02:00,55,ajuntament-mercat,237,72,165,69.6
2026-10-05T11:07:00Z,2026-10-05T13:07:00+02:00,53,dr-robert,407,70,337,82.8
2026-10-05T11:07:00Z,2026-10-05T13:07:00+02:00,54,placa-vella,297,103,194,65.3
2026-10-05T11:07:00Z,2026-10-05T13:07:00+02:00,55,ajuntament-mercat,237,72,165,69.6
2026-10-05T11:08:00Z,2026-10-05T13:08:00+02:00,53,dr-robert,407,70,337,82.8
2026-10-05T11:08:00Z,2026-10-05T13:08:00+02:00,54,placa-vella,297,103,194,65.3
2026-10-05T11:08:00Z,2026-10-05T13:08:00+02:00,55,ajuntament-mercat,237,72,165,69.6
2026-10-05T11:09:00Z,2026-10-05T13:09:00+02:00,53,dr-robert,407,70,337,82.8
2026-10-05T11:09:00Z,2026-10-05T13:09:00+02:00,54,placa-vella,297,103,194,65.3
2026-10-05T11:09:00Z,2026-10-05T13:09:00+02:00,55,ajuntament-mercat,237,72,165,69.6
2026-10-05T11:10:00Z,2026-10-05T13:10:00+02:00,53,dr-robert,407,70,337,82.8
2026-10-05T11:10:00Z,2026-10-05T13:10:00+02:00,54,placa-vella,297,103,194,65.3
2026-10-05T11:10:00Z,2026-10-05T13:10:00+02:00,55,ajuntament-mercat,237,72,165,69.6
2026-10-05T11:11:00Z,2026-10-05T13:11:00+02:00,53,dr-robert,407,84,323,79.4
2026-10-05T11:11:00Z,2026-10-05T13:11:00+02:00,54,placa-vella,297,99,198,66.7
2026-10-05T11:11:00Z,2026-10-05T13:11:00+02:00,55,ajuntament-mercat,237,75,162,68.4
2026-10-05T11:12:00Z,2026-10-05T13:12:00+02:00,53,dr-robert,407,84,323,79.4
2026-10-05T11:12:00Z,2026-10-05T13:12:00+02:00,54,placa-vella,297,99,198,66.7
2026-10-05T11:12:00Z,2026-10-05T13:12:00+02:00,55,ajuntament-mercat,237,75,162,68.4
2026-10-05T11:13:00Z,2026-10-05T13:13:00+02:00,53,dr-robert,407,84,323,79.4
2026-10-05T11:13:00Z,2026-10-05T13:13:00+02:00,54,placa-vella,297,99,198,66.7
2026-10-05T11:13:00Z,2026-10-05T13:13:00+02:00,55,ajuntament-mercat,237,75,162,68.4
2026-10-05T11:14:00Z,2026-10-05T13:14:00+02:00,53,dr-robert,407,84,323,79.4
2026-10-05T11:14:00Z,2026-10-05T13:14:00+02:00,54,placa-vella,297,99,198,66.7
2026-10-05T11:14:00Z,2026-10-05T13:14:00+02:00,55,ajuntament-mercat,237,75,162,68.4
2026-10-05T11:15:00Z,2026-10-05T13:15:00+02:00,53,dr-robert,407,91,316,77.6
2026-10-05T11:15:00Z,2026-10-05T13:15:00+02:00,54,placa-vella,297,104,193,65
2026-10-05T11:15:00Z,2026-10-05T13:15:00+02:00,55,ajuntament-mercat,237,74,163,68.8
2026-10-05T11:16:00Z,2026-10-05T13:16:00+02:00,53,dr-robert,407,91,316,77.6
2026-10-05T11:16:00Z,2026-10-05T13:16:00+02:00,54,placa-vella,297,104,193,65
2026-10-05T11:16:00Z,2026-10-05T13:16:00+02:00,55,ajuntament-mercat,237,74,163,68.8
2026-10-05T11:17:00Z,2026-10-05T13:17:00+02:00,53,dr-robert,407,91,316,77.6
2026-10-05T11:17:00Z,2026-10-05T13:17:00+02:00,54,placa-vella,297,104,193,65
2026-10-05T11:17:00Z,2026-10-05T13:17:00+02:00,55,ajuntament-mercat,237,74,163,68.8
2026-10-05T11:18:00Z,2026-10-05T13:18:00+02:00,53,dr-robert,407,91,316,77.6
2026-10-05T11:18:00Z,2026-10-05T13:18:00+02:00,54,placa-vella,297,104,193,65
2026-10-05T11:18:00Z,2026-10-05T13:18:00+02:00,55,ajuntament-mercat,237,74,163,68.8
2026-10-05T11:19:00Z,2026-10-05T13:19:00+02:00,53,dr-robert,407,91,316,77.6
2026-10-05T11:19:00Z,2026-10-05T13:19:00+02:00,54,placa-vella,297,104,193,65
2026-10-05T11:19:00Z,2026-10-05T13:19:00+02:00,55,ajuntament-mercat,237,74,163,68.8
2026-10-05T11:20:00Z,2026-10-05T13:20:00+02:00,53,dr-robert,407,96,311,76.4
2026-10-05T11:20:00Z,2026-10-05T13:20:00+02:00,54,placa-vella,297,105,192,64.6
2026-10-05T11:20:00Z,2026-10-05T13:20:00+02:00,55,ajuntament-mercat,237,78,159,67.1
2026-10-05T11:21:00Z,2026-10-05T13:21:00+02:00,53,dr-robert,407,96,311,76.4
2026-10-05T11:21:00Z,2026-10-05T13:21:00+02:00,54,placa-vella,297,105,192,64.6
2026-10-05T11:21:00Z,2026-10-05T13:21:00+02:00,55,ajuntament-mercat,237,78,159,67.1
2026-10-05T11:22:00Z,2026-10-05T13:22:00+02:00,53,dr-robert,407,96,311,76.4
2026-10-05T11:22:00Z,2026-10-05T13:22:00+02:00,54,placa-vella,297,105,192,64.6
2026-10-05T11:22:00Z,2026-10-05T13:22:00+02:00,55,ajuntament-mercat,237,78,159,67.1
2026-10-05T11:23:00Z,2026-10-05T13:23:00+02:00,53,dr-robert,407,96,311,76.4
2026-10-05T11:23:00Z,2026-10-05T13:23:00+02:00,54,placa-vella,297,105,192,64.6
2026-10-05T11:23:00Z,2026-10-05T13:23:00+02:00,55,ajuntament-mercat,237,78,159,67.1
2026-10-05T11:24:00Z,2026-10-05T13:24:00+02:00,53,dr-robert,407,96,311,76.4
2026-10-05T11:24:00Z,2026-10-05T13:24:00+02:00,54,placa-vella,297,105,192,64.6
2026-10-05T11:24:00Z,2026-10-05T13:24:00+02:00,55,ajuntament-mercat,237,78,159,67.1
2026-10-05T11:25:00Z,2026-10-05T13:25:00+02:00,53,dr-robert,407,101,306,75.2
2026-10-05T11:25:00Z,2026-10-05T13:25:00+02:00,54,placa-vella,297,105,192,64.6
2026-10-05T11:25:00Z,2026-10-05T13:25:00+02:00,55,ajuntament-mercat,237,80,157,66.2
2026-10-05T11:26:00Z,2026-10-05T13:26:00+02:00,53,dr-robert,407,101,306,75.2
2026-10-05T11:26:00Z,2026-10-05T13:26:00+02:00,54,placa-vella,297,105,192,64.6
2026-10-05T11:26:00Z,2026-10-05T13:26:00+02:00,55,ajuntament-mercat,237,80,157,66.2
2026-10-05T11:27:00Z,2026-10-05T13:27:00+02:00,53,dr-robert,407,101,306,75.2
2026-10-05T11:27:00Z,2026-10-05T13:27:00+02:00,54,placa-vella,297,105,192,64.6
2026-10-05T11:27:00Z,2026-10-05T13:27:00+02:00,55,ajuntament-mercat,237,80,157,66.2
2026-10-05T11:28:00Z,2026-10-05T13:28:00+02:00,53,dr-robert,407,101,306,75.2
2026-10-05T11:28:00Z,2026-10-05T13:28:00+02:00,54,placa-vella,297,105,192,64.6
2026-10-05T11:28:00Z,2026-10-05T13:28:00+02:00,55,ajuntament-mercat,237,80,157,66.2
2026-10-05T11:29:00Z,2026-10-05T13:29:00+02:00,53,dr-robert,407,101,306,75.2
2026-10-05T11:29:00Z,2026-10-05T13:29:00+02:00,54,placa-vella,297,105,192,64.6
2026-10-05T11:29:00Z,2026-10-05T13:29:00+02:00,55,ajuntament-mercat,237,80,157,66.2
2026-10-05T11:30:00Z,2026-10-05T13:30:00+02:00,53,dr-robert,407,103,304,74.7
2026-10-05T11:30:00Z,2026-10-05T13:30:00+02:00,54,placa-vella,297,110,187,63
2026-10-05T11:30:00Z,2026-10-05T13:30:00+02:00,55,ajuntament-mercat,237,83,154,65
2026-10-05T11:31:00Z,2026-10-05T13:31:00+02:00,53,dr-robert,407,103,304,74.7
2026-10-05T11:31:00Z,2026-10-05T13:31:00+02:00,54,placa-vella,297,110,187,63
2026-10-05T11:31:00Z,2026-10-05T13:31:00+02:00,55,ajuntament-mercat,237,83,154,65
2026-10-05T11:32:00Z,2026-10-05T13:32:00+02:00,53,dr-robert,407,103,304,74.7
2026-10-05T11:32:00Z,2026-10-05T13:32:00+02:00,54,placa-vella,297,110,187,63
2026-10-05T11:32:00Z,2026-10-05T13:32:00+02:00,55,ajuntament-mercat,237,83,154,65
2026-10-05T11:33:00Z,2026-10-05T13:33:00+02:00,53,dr-robert,407,103,304,74.7
2026-10-05T11:33:00Z,2026-10-05T13:33:00+02:00,54,placa-vella,297,110,187,63
2026-10-05T11:33:00Z,2026-10-05T13:33:00+02:00,55,ajuntament-mercat,237,83,154,65
2026-10-05T11:34:00Z,2026-10-05T13:34:00+02:00,53,dr-robert,407,103,304,74.7
2026-10-05T11:34:00Z,2026-10-05T13:34:00+02:00,54,placa-vella,297,110,187,63
2026-10-05T11:34:00Z,2026-10-05T13:34:00+02:00,55,ajuntament-mercat,237,83,154,65
2026-10-05T11:35:00Z,2026-10-05T13:35:00+02:00,53,dr-robert,407,105,302,74.2
2026-10-05T11:35:00Z,2026-10-05T13:35:00+02:00,54,placa-vella,297,114,183,61.6
2026-10-05T11:35:00Z,2026-10-05T13:35:00+02:00,55,ajuntament-mercat,237,83,154,65
2026-10-05T11:36:00Z,2026-10-05T13:36:00+02:00,53,dr-robert,407,105,302,74.2
2026-10-05T11:36:00Z,2026-10-05T13:36:00+02:00,54,placa-vella,297,114,183,61.6
2026-10-05T11:36:00Z,2026-10-05T13:36:00+02:00,55,ajuntament-mercat,237,83,154,65
2026-10-05T11:37:00Z,2026-10-05T13:37:00+02:00,53,dr-robert,407,105,302,74.2
2026-10-05T11:37:00Z,2026-10-05T13:37:00+02:00,54,placa-vella,297,114,183,61.6
2026-10-05T11:37:00Z,2026-10-05T13:37:00+02:00,55,ajuntament-mercat,237,83,154,65
2026-10-05T11:38:00Z,2026-10-05T13:38:00+02:00,53,dr-robert,407,105,302,74.2
2026-10-05T11:38:00Z,2026-10-05T13:38:00+02:00,54,placa-vella,297,114,183,61.6
2026-10-05T11:38:00Z,2026-10-05T13:38:00+02:00,55,ajuntament-mercat,237,83,154,65
2026-10-05T11:39:00Z,2026-10-05T13:39:00+02:00,53,dr-robert,407,105,302,74.2
2026-10-05T11:39:00Z,2026-10-05T13:39:00+02:00,54,placa-vella,297,114,183,61.6
2026-10-05T11:39:00Z,2026-10-05T13:39:00+02:00,55,ajuntament-mercat,237,83,154,65
2026-10-05T11:40:00Z,2026-10-05T13:40:00+02:00,53,dr-robert,407,100,307,75.4
2026-10-05T11:40:00Z,2026-10-05T13:40:00+02:00,54,placa-vella,297,117,180,60.6
2026-10-05T11:40:00Z,2026-10-05T13:40:00+02:00,55,ajuntament-mercat,237,85,152,64.1
2026-10-05T11:41:00Z,2026-10-05T13:41:00+02:00,53,dr-robert,407,100,307,75.4
2026-10-05T11:41:00Z,2026-10-05T13:41:00+02:00,54,placa-vella,297,117,180,60.6
2026-10-05T11:41:00Z,2026-10-05T13:41:00+02:00,55,ajuntament-mercat,237,85,152,64.1
2026-10-05T11:42:00Z,2026-10-05T13:42:00+02:00,53,dr-robert,407,100,307,75.4
2026-10-05T11:42:00Z,2026-10-05T13:42:00+02:00,54,placa-vella,297,117,180,60.6
2026-10-05T11:42:00Z,2026-10-05T13:42:00+02:00,55,ajuntament-mercat,237,85,152,64.1
2026-10-05T11:43:00Z,2026-10-05T13:43:00+02:00,53,dr-robert,407,100,307,75.4
2026-10-05T11:43:00Z,2026-10-05T13:43:00+02:00,54,placa-vella,297,117,180,60.6
2026-10-05T11:43:00Z,2026-10-05T13:43:00+02:00,55,ajuntament-mercat,237,85,152,64.1
2026-10-05T11:44:00Z,2026-10-05T13:44:00+02:00,53,dr-robert,407,100,307,75.4
2026-10-05T11:44:00Z,2026-10-05T13:44:00+02:00,54,placa-vella,297,117,180,60.6
2026-10-05T11:44:00Z,2026-10-05T13:44:00+02:00,55,ajuntament-mercat,237,85,152,64.1
2026-10-05T11:45:00Z,2026-10-05T13:45:00+02:00,53,dr-robert,407,111,296,72.7
2026-10-05T11:45:00Z,2026-10-05T13:45:00+02:00,54,placa-vella,297,125,172,57.9
2026-10-05T11:45:00Z,2026-10-05T13:45:00+02:00,55,ajuntament-mercat,237,88,149,62.9
2026-10-05T11:46:00Z,2026-10-05T13:46:00+02:00,53,dr-robert,407,111,296,72.7
2026-10-05T11:46:00Z,2026-10-05T13:46:00+02:00,54,placa-vella,297,125,172,57.9
2026-10-05T11:46:00Z,2026-10-05T13:46:00+02:00,55,ajuntament-mercat,237,88,149,62.9
2026-10-05T11:47:00Z,2026-10-05T13:47:00+02:00,53,dr-robert,407,111,296,72.7
2026-10-05T11:47:00Z,2026-10-05T13:47:00+02:00,54,placa-vella,297,125,172,57.9
2026-10-05T11:47:00Z,2026-10-05T13:47:00+02:00,55,ajuntament-mercat,237,88,149,62.9
2026-10-05T11:48:00Z,2026-10-05T13:48:00+02:00,53,dr-robert,407,111,296,72.7
2026-10-05T11:48:00Z,2026-10-05T13:48:00+02:00,54,placa-vella,297,125,172,57.9
2026-10-05T11:48:00Z,2026-10-05T13:48:00+02:00,55,ajuntament-mercat,237,88,149,62.9
2026-10-05T11:49:00Z,2026-10-05T13:49:00+02:00,53,dr-robert,407,111,296,72.7
2026-10-05T11:49:00Z,2026-10-05T13:49:00+02:00,54,placa-vella,297,125,172,57.9
2026-10-05T11:49:00Z,2026-10-05T13:49:00+02:00,55,ajuntament-mercat,237,88,149,62.9
2026-10-05T11:50:00Z,2026-10-05T13:50:00+02:00,53,dr-robert,407,115,292,71.7
2026-10-05T11:50:00Z,2026-10-05T13:50:00+02:00,54,placa-vella,297,127,170,57.2
2026-10-05T11:50:00Z,2026-10-05T13:50:00+02:00,55,ajuntament-mercat,237,89,148,62.4
2026-10-05T11:51:00Z,2026-10-05T13:51:00+02:00,53,dr-robert,407,115,292,71.7
2026-10-05T11:51:00Z,2026-10-05T13:51:00+02:00,54,placa-vella,297,127,170,57.2
2026-10-05T11:51:00Z,2026-10-05T13:51:00+02:00,55,ajuntament-mercat,237,89,148,62.4
2026-10-05T11:52:00Z,2026-10-05T13:52:00+02:00,53,dr-robert,407,115,292,71.7
2026-10-05T11:52:00Z,2026-10-05T13:52:00+02:00,54,placa-vella,297,127,170,57.2
2026-10-05T11:52:00Z,2026-10-05T13:52:00+02:00,55,ajuntament-mercat,237,89,148,62.4
2026-10-05T11:53:00Z,2026-10-05T13:53:00+02:00,53,dr-robert,407,115,292,71.7
2026-10-05T11:53:00Z,2026-10-05T13:53:00+02:00,54,placa-vella,297,127,170,57.2
2026-10-05T11:53:00Z,2026-10-05T13:53:00+02:00,55,ajuntament-mercat,237,89,148,62.4
2026-10-05T11:54:00Z,2026-10-05T13:54:00+02:00,53,dr-robert,407,115,292,71.7
2026-10-05T11:54:00Z,2026-10-05T13:54:00+02:00,54,placa-vella,297,127,170,57.2
2026-10-05T11:54:00Z,2026-10-05T13:54:00+02:00,55,ajuntament-mercat,237,89,148,62.4
2026-10-05T11:55:00Z,2026-10-05T13:55:00+02:00,53,dr-robert,407,115,292,71.7
2026-10-05T11:55:00Z,2026-10-05T13:55:00+02:00,54,placa-vella,297,127,170,57.2
2026-10-05T11:55:00Z,2026-10-05T13:55:00+02:00,55,ajuntament-mercat,237,89,148,62.4
2026-10-05T11:56:00Z,2026-10-05T13:56:00+02:00,53,dr-robert,407,112,295,72.5
2026-10-05T11:56:00Z,2026-10-05T13:56:00+02:00,54,placa-vella,297,125,172,57.9
2026-10-05T11:56:00Z,2026-10-05T13:56:00+02:00,55,ajuntament-mercat,237,93,144,60.8
2026-10-05T11:57:00Z,2026-10-05T13:57:00+02:00,53,dr-robert,407,112,295,72.5
2026-10-05T11:57:00Z,2026-10-05T13:57:00+02:00,54,placa-vella,297,125,172,57.9
2026-10-05T11:57:00Z,2026-10-05T13:57:00+02:00,55,ajuntament-mercat,237,93,144,60.8
2026-10-05T11:58:00Z,2026-10-05T13:58:00+02:00,53,dr-robert,407,112,295,72.5
2026-10-05T11:58:00Z,2026-10-05T13:58:00+02:00,54,placa-vella,297,125,172,57.9
2026-10-05T11:58:00Z,2026-10-05T13:58:00+02:00,55,ajuntament-mercat,237,93,144,60.8
2026-10-05T11:59:00Z,2026-10-05T13:59:00+02:00,53,dr-robert,407,112,295,72.5
2026-10-05T11:59:00Z,2026-10-05T13:59:00+02:00,54,placa-vella,297,125,172,57.9
2026-10-05T11:59:00Z,2026-10-05T13:59:00+02:00,55,ajuntament-mercat,237,93,144,60.8
2026-10-05T12:00:00Z,2026-10-05T14:00:00+02:00,53,dr-robert,407,112,295,72.5
2026-10-05T12:00:00Z,2026-10-05T14:00:00+02:00,54,placa-vella,297,125,172,57.9
2026-10-05T12:00:00Z,2026-10-05T14:00:00+02:00,55,ajuntament-mercat,237,93,144,60.8
2026-10-05T12:01:00Z,2026-10-05T14:01:00+02:00,53,dr-robert,407,112,295,72.5
2026-10-05T12:01:00Z,2026-10-05T14:01:00+02:00,54,placa-vella,297,125,172,57.9
2026-10-05T12:01:00Z,2026-10-05T14:01:00+02:00,55,ajuntament-mercat,237,93,144,60.8
2026-10-05T12:02:00Z,2026-10-05T14:02:00+02:00,53,dr-robert,407,112,295,72.5
2026-10-05T12:02:00Z,2026-10-05T14:02:00+02:00,54,placa-vella,297,125,172,57.9
2026-10-05T12:02:00Z,2026-10-05T14:02:00+02:00,55,ajuntament-mercat,237,93,144,60.8
2026-10-05T12:03:00Z,2026-10-05T14:03:00+02:00,53,dr-robert,407,112,295,72.5
2026-10-05T12:03:00Z,2026-10-05T14:03:00+02:00,54,placa-vella,297,125,172,57.9
2026-10-05T12:03:00Z,2026-10-05T14:03:00+02:00,55,ajuntament-mercat,237,93,144,60.8
2026-10-05T12:04:00Z,2026-10-05T14:04:00+02:00,53,dr-robert,407,112,295,72.5
2026-10-05T12:04:00Z,2026-10-05T14:04:00+02:00,54,placa-vella,297,125,172,57.9
2026-10-05T12:04:00Z,2026-10-05T14:04:00+02:00,55,ajuntament-mercat,237,93,144,60.8
2026-10-05T12:05:00Z,2026-10-05T14:05:00+02:00,53,dr-robert,407,112,295,72.5
2026-10-05T12:05:00Z,2026-10-05T14:05:00+02:00,54,placa-vella,297,125,172,57.9
2026-10-05T12:05:00Z,2026-10-05T14:05:00+02:00,55,ajuntament-mercat,237,93,144,60.8
2026-10-05T12:06:00Z,2026-10-05T14:06:00+02:00,53,dr-robert,407,112,295,72.5
2026-10-05T12:06:00Z,2026-10-05T14:06:00+02:00,54,placa-vella,297,125,172,57.9
2026-10-05T12:06:00Z,2026-10-05T14:06:00+02:00,55,ajuntament-mercat,237,93,144,60.8
2026-10-05T12:07:00Z,2026-10-05T14:07:00+02:00,53,dr-robert,407,112,295,72.5
2026-10-05T12:07:00Z,2026-10-05T14:07:00+02:00,54,placa-vella,297,125,172,57.9
2026-10-05T12:07:00Z,2026-10-05T14:07:00+02:00,55,ajuntament-mercat,237,93,144,60.8
2026-10-05T12:08:00Z,2026-10-05T14:08:00+02:00,53,dr-robert,407,122,285,70
2026-10-05T12:08:00Z,2026-10-05T14:08:00+02:00,54,placa-vella,297,129,168,56.6
2026-10-05T12:08:00Z,2026-10-05T14:08:00+02:00,55,ajuntament-mercat,237,100,137,57.8
2026-10-05T12:09:00Z,2026-10-05T14:09:00+02:00,53,dr-robert,407,122,285,70
2026-10-05T12:09:00Z,2026-10-05T14:09:00+02:00,54,placa-vella,297,129,168,56.6
2026-10-05T12:09:00Z,2026-10-05T14:09:00+02:00,55,ajuntament-mercat,237,100,137,57.8
2026-10-05T12:10:00Z,2026-10-05T14:10:00+02:00,53,dr-robert,407,122,285,70
2026-10-05T12:10:00Z,2026-10-05T14:10:00+02:00,54,placa-vella,297,129,168,56.6
2026-10-05T12:10:00Z,2026-10-05T14:10:00+02:00,55,ajuntament-mercat,237,100,137,57.8
2026-10-05T12:11:00Z,2026-10-05T14:11:00+02:00,53,dr-robert,407,122,285,70
2026-10-05T12:11:00Z,2026-10-05T14:11:00+02:00,54,placa-vella,297,129,168,56.6
2026-10-05T12:11:00Z,2026-10-05T14:11:00+02:00,55,ajuntament-mercat,237,100,137,57.8
2026-10-05T12:12:00Z,2026-10-05T14:12:00+02:00,53,dr-robert,407,122,285,70
2026-10-05T12:12:00Z,2026-10-05T14:12:00+02:00,54,placa-vella,297,129,168,56.6
2026-10-05T12:12:00Z,2026-10-05T14:12:00+02:00,55,ajuntament-mercat,237,100,137,57.8
2026-10-05T12:13:00Z,2026-10-05T14:13:00+02:00,53,dr-robert,407,122,285,70
2026-10-05T12:13:00Z,2026-10-05T14:13:00+02:00,54,placa-vella,297,129,168,56.6
2026-10-05T12:13:00Z,2026-10-05T14:13:00+02:00,55,ajuntament-mercat,237,100,137,57.8
2026-10-05T12:14:00Z,2026-10-05T14:14:00+02:00,53,dr-robert,407,123,284,69.8
2026-10-05T12:14:00Z,2026-10-05T14:14:00+02:00,54,placa-vella,297,136,161,54.2
2026-10-05T12:14:00Z,2026-10-05T14:14:00+02:00,55,ajuntament-mercat,237,103,134,56.5
2026-10-05T12:15:00Z,2026-10-05T14:15:00+02:00,53,dr-robert,407,123,284,69.8
2026-10-05T12:15:00Z,2026-10-05T14:15:00+02:00,54,placa-vella,297,136,161,54.2
2026-10-05T12:15:00Z,2026-10-05T14:15:00+02:00,55,ajuntament-mercat,237,103,134,56.5
2026-10-05T12:16:00Z,2026-10-05T14:16:00+02:00,53,dr-robert,407,123,284,69.8
2026-10-05T12:16:00Z,2026-10-05T14:16:00+02:00,54,placa-vella,297,136,161,54.2
2026-10-05T12:16:00Z,2026-10-05T14:16:00+02:00,55,ajuntament-mercat,237,103,134,56.5
2026-10-05T12:17:00Z,2026-10-05T14:17:00+02:00,53,dr-robert,407,123,284,69.8
2026-10-05T12:17:00Z,2026-10-05T14:17:00+02:00,54,placa-vella,297,136,161,54.2
2026-10-05T12:17:00Z,2026-10-05T14:17:00+02:00,55,ajuntament-mercat,237,103,134,56.5
2026-10-05T12:18:00Z,2026-10-05T14:18:00+02:00,53,dr-robert,407,123,284,69.8
2026-10-05T12:18:00Z,2026-10-05T14:18:00+02:00,54,placa-vella,297,136,161,54.2
2026-10-05T12:18:00Z,2026-10-05T14:18:00+02:00,55,ajuntament-mercat,237,103,134,56.5
2026-10-05T12:19:00Z,2026-10-05T14:19:00+02:00,53,dr-robert,407,123,284,69.8
2026-10-05T12:19:00Z,2026-10-05T14:19:00+02:00,54,placa-vella,297,136,161,54.2
2026-10-05T12:19:00Z,2026-10-05T14:19:00+02:00,55,ajuntament-mercat,237,103,134,56.5
2026-10-05T12:20:00Z,2026-10-05T14:20:00+02:00,53,dr-robert,407,123,284,69.8
2026-10-05T12:20:00Z,2026-10-05T14:20:00+02:00,54,placa-vella,297,136,161,54.2
2026-10-05T12:20:00Z,2026-10-05T14:20:00+02:00,55,ajuntament-mercat,237,103,134,56.5
2026-10-05T12:21:00Z,2026-10-05T14:21:00+02:00,53,dr-robert,407,123,284,69.8
2026-10-05T12:21:00Z,2026-10-05T14:21:00+02:00,54,placa-vella,297,136,161,54.2
2026-10-05T12:21:00Z,2026-10-05T14:21:00+02:00,55,ajuntament-mercat,237,103,134,56.5
2026-10-05T12:22:00Z,2026-10-05T14:22:00+02:00,53,dr-robert,407,125,282,69.3
2026-10-05T12:22:00Z,2026-10-05T14:22:00+02:00,54,placa-vella,297,140,157,52.9
2026-10-05T12:22:00Z,2026-10-05T14:22:00+02:00,55,ajuntament-mercat,237,103,134,56.5
2026-10-05T12:23:00Z,2026-10-05T14:23:00+02:00,53,dr-robert,407,125,282,69.3
2026-10-05T12:23:00Z,2026-10-05T14:23:00+02:00,54,placa-vella,297,140,157,52.9
2026-10-05T12:23:00Z,2026-10-05T14:23:00+02:00,55,ajuntament-mercat,237,103,134,56.5
2026-10-05T12:24:00Z,2026-10-05T14:24:00+02:00,53,dr-robert,407,125,282,69.3
2026-10-05T12:24:00Z,2026-10-05T14:24:00+02:00,54,placa-vella,297,140,157,52.9
2026-10-05T12:24:00Z,2026-10-05T14:24:00+02:00,55,ajuntament-mercat,237,103,134,56.5
2026-10-05T12:25:00Z,2026-10-05T14:25:00+02:00,53,dr-robert,407,125,282,69.3
2026-10-05T12:25:00Z,2026-10-05T14:25:00+02:00,54,placa-vella,297,140,157,52.9
2026-10-05T12:25:00Z,2026-10-05T14:25:00+02:00,55,ajuntament-mercat,237,103,134,56.5
2026-10-05T12:26:00Z,2026-10-05T14:26:00+02:00,53,dr-robert,407,130,277,68.1
2026-10-05T12:26:00Z,2026-10-05T14:26:00+02:00,54,placa-vella,297,141,156,52.5
2026-10-05T12:26:00Z,2026-10-05T14:26:00+02:00,55,ajuntament-mercat,237,107,130,54.9
2026-10-05T12:27:00Z,2026-10-05T14:27:00+02:00,53,dr-robert,407,130,277,68.1
2026-10-05T12:27:00Z,2026-10-05T14:27:00+02:00,54,placa-vella,297,141,156,52.5
2026-10-05T12:27:00Z,2026-10-05T14:27:00+02:00,55,ajuntament-mercat,237,107,130,54.9
2026-10-05T12:28:00Z,2026-10-05T14:28:00+02:00,53,dr-robert,407,130,277,68.1
2026-10-05T12:28:00Z,2026-10-05T14:28:00+02:00,54,placa-vella,297,141,156,52.5
2026-10-05T12:28:00Z,2026-10-05T14:28:00+02:00,55,ajuntament-mercat,237,107,130,54.9
2026-10-05T12:29:00Z,2026-10-05T14:29:00+02:00,53,dr-robert,407,130,277,68.1
2026-10-05T12:29:00Z,2026-10-05T14:29:00+02:00,54,placa-vella,297,141,156,52.5
2026-10-05T12:29:00Z,2026-10-05T14:29:00+02:00,55,ajuntament-mercat,237,107,130,54.9
2026-10-05T12:30:00Z,2026-10-05T14:30:00+02:00,53,dr-robert,407,130,277,68.1
2026-10-05T12:30:00Z,2026-10-05T14:30:00+02:00,54,placa-vella,297,141,156,52.5
2026-10-05T12:30:00Z,2026-10-05T14:30:00+02:00,55,ajuntament-mercat,237,107,130,54.9
2026-10-05T12:31:00Z,2026-10-05T14:31:00+02:00,53,dr-robert,407,130,277,68.1
2026-10-05T12:31:00Z,2026-10-05T14:31:00+02:00,54,placa-vella,297,141,156,52.5
2026-10-05T12:31:00Z,2026-10-05T14:31:00+02:00,55,ajuntament-mercat,237,107,130,54.9
2026-10-05T12:32:00Z,2026-10-05T14:32:00+02:00,53,dr-robert,407,130,277,68.1
2026-10-05T12:32:00Z,2026-10-05T14:32:00+02:00,54,placa-vella,297,141,156,52.5
2026-10-05T12:32:00Z,2026-10-05T14:32:00+02:00,55,ajuntament-mercat,237,107,130,54.9
2026-10-05T12:33:00Z,2026-10-05T14:33:00+02:00,53,dr-robert,407,130,277,68.1
2026-10-05T12:33:00Z,2026-10-05T14:33:00+02:00,54,placa-vella,297,141,156,52.5
2026-10-05T12:33:00Z,2026-10-05T14:33:00+02:00,55,ajuntament-mercat,237,107,130,54.9
2026-10-05T12:34:00Z,2026-10-05T14:34:00+02:00,53,dr-robert,407,130,277,68.1
2026-10-05T12:34:00Z,2026-10-05T14:34:00+02:00,54,placa-vella,297,141,156,52.5
2026-10-05T12:34:00Z,2026-10-05T14:34:00+02:00,55,ajuntament-mercat,237,107,130,54.9
2026-10-05T12:35:00Z,2026-10-05T14:35:00+02:00,53,dr-robert,407,130,277,68.1
2026-10-05T12:35:00Z,2026-10-05T14:35:00+02:00,54,placa-vella,297,141,156,52.5
2026-10-05T12:35:00Z,2026-10-05T14:35:00+02:00,55,ajuntament-mercat,237,107,130,54.9
2026-10-05T12:36:00Z,2026-10-05T14:36:00+02:00,53,dr-robert,407,130,277,68.1
2026-10-05T12:36:00Z,2026-10-05T14:36:00+02:00,54,placa-vella,297,146,151,50.8
2026-10-05T12:36:00Z,2026-10-05T14:36:00+02:00,55,ajuntament-mercat,237,101,136,57.4
2026-10-05T12:37:00Z,2026-10-05T14:37:00+02:00,53,dr-robert,407,130,277,68.1
2026-10-05T12:37:00Z,2026-10-05T14:37:00+02:00,54,placa-vella,297,146,151,50.8
2026-10-05T12:37:00Z,2026-10-05T14:37:00+02:00,55,ajuntament-mercat,237,101,136,57.4
2026-10-05T12:38:00Z,2026-10-05T14:38:00+02:00,53,dr-robert,407,130,277,68.1
2026-10-05T12:38:00Z,2026-10-05T14:38:00+02:00,54,placa-vella,297,146,151,50.8
2026-10-05T12:38:00Z,2026-10-05T14:38:00+02:00,55,ajuntament-mercat,237,101,136,57.4
2026-10-05T12:39:00Z,2026-10-05T14:39:00+02:00,53,dr-robert,407,130,277,68.1
2026-10-05T12:39:00Z,2026-10-05T14:39:00+02:00,54,placa-vella,297,146,151,50.8
2026-10-05T12:39:00Z,2026-10-05T14:39:00+02:00,55,ajuntament-mercat,237,101,136,57.4
2026-10-05T12:40:00Z,2026-10-05T14:40:00+02:00,53,dr-robert,407,130,277,68.1
2026-10-05T12:40:00Z,2026-10-05T14:40:00+02:00,54,placa-vella,297,146,151,50.8
2026-10-05T12:40:00Z,2026-10-05T14:40:00+02:00,55,ajuntament-mercat,237,101,136,57.4
2026-10-05T12:41:00Z,2026-10-05T14:41:00+02:00,53,dr-robert,407,131,276,67.8
2026-10-05T12:41:00Z,2026-10-05T14:41:00+02:00,54,placa-vella,297,145,152,51.2
2026-10-05T12:41:00Z,2026-10-05T14:41:00+02:00,55,ajuntament-mercat,237,103,134,56.5
2026-10-05T12:42:00Z,2026-10-05T14:42:00+02:00,53,dr-robert,407,131,276,67.8
2026-10-05T12:42:00Z,2026-10-05T14:42:00+02:00,54,placa-vella,297,145,152,51.2
2026-10-05T12:42:00Z,2026-10-05T14:42:00+02:00,55,ajuntament-mercat,237,103,134,56.5
2026-10-05T12:43:00Z,2026-10-05T14:43:00+02:00,53,dr-robert,407,131,276,67.8
2026-10-05T12:43:00Z,2026-10-05T14:43:00+02:00,54,placa-vella,297,145,152,51.2
2026-10-05T12:43:00Z,2026-10-05T14:43:00+02:00,55,ajuntament-mercat,237,103,134,56.5
2026-10-05T12:44:00Z,2026-10-05T14:44:00+02:00,53,dr-robert,407,131,276,67.8
2026-10-05T12:44:00Z,2026-10-05T14:44:00+02:00,54,placa-vella,297,145,152,51.2
2026-10-05T12:44:00Z,2026-10-05T14:44:00+02:00,55,ajuntament-mercat,237,103,134,56.5
2026-10-05T12:45:00Z,2026-10-05T14:45:00+02:00,53,dr-robert,407,129,278,68.3
2026-10-05T12:45:00Z,2026-10-05T14:45:00+02:00,54,placa-vella,297,145,152,51.2
2026-10-05T12:45:00Z,2026-10-05T14:45:00+02:00,55,ajuntament-mercat,237,104,133,56.1
2026-10-05T12:46:00Z,2026-10-05T14:46:00+02:00,53,dr-robert,407,129,278,68.3
2026-10-05T12:46:00Z,2026-10-05T14:46:00+02:00,54,placa-vella,297,145,152,51.2
2026-10-05T12:46:00Z,2026-10-05T14:46:00+02:00,55,ajuntament-mercat,237,104,133,56.1
2026-10-05T12:47:00Z,2026-10-05T14:47:00+02:00,53,dr-robert,407,129,278,68.3
2026-10-05T12:47:00Z,2026-10-05T14:47:00+02:00,54,placa-vella,297,145,152,51.2
2026-10-05T12:47:00Z,2026-10-05T14:47:00+02:00,55,ajuntament-mercat,237,104,133,56.1
2026-10-05T12:48:00Z,2026-10-05T14:48:00+02:00,53,dr-robert,407,129,278,68.3
2026-10-05T12:48:00Z,2026-10-05T14:48:00+02:00,54,placa-vella,297,145,152,51.2
2026-10-05T12:48:00Z,2026-10-05T14:48:00+02:00,55,ajuntament-mercat,237,104,133,56.1
2026-10-05T12:49:00Z,2026-10-05T14:49:00+02:00,53,dr-robert,407,129,278,68.3
2026-10-05T12:49:00Z,2026-10-05T14:49:00+02:00,54,placa-vella,297,145,152,51.2
2026-10-05T12:49:00Z,2026-10-05T14:49:00+02:00,55,ajuntament-mercat,237,104,133,56.1
2026-10-05T12:50:00Z,2026-10-05T14:50:00+02:00,53,dr-robert,407,129,278,68.3
2026-10-05T12:50:00Z,2026-10-05T14:50:00+02:00,54,placa-vella,297,145,152,51.2
2026-10-05T12:50:00Z,2026-10-05T14:50:00+02:00,55,ajuntament-mercat,237,104,133,56.1
2026-10-05T12:51:00Z,2026-10-05T14:51:00+02:00,53,dr-robert,407,129,278,68.3
2026-10-05T12:51:00Z,2026-10-05T14:51:00+02:00,54,placa-vella,297,145,152,51.2
2026-10-05T12:51:00Z,2026-10-05T14:51:00+02:00,55,ajuntament-mercat,237,104,133,56.1
2026-10-05T12:52:00Z,2026-10-05T14:52:00+02:00,53,dr-robert,407,129,278,68.3
2026-10-05T12:52:00Z,2026-10-05T14:52:00+02:00,54,placa-vella,297,145,152,51.2
2026-10-05T12:52:00Z,2026-10-05T14:52:00+02:00,55,ajuntament-mercat,237,104,133,56.1
2026-10-05T12:53:00Z,2026-10-05T14:53:00+02:00,53,dr-robert,407,139,268,65.8
2026-10-05T12:53:00Z,2026-10-05T14:53:00+02:00,54,placa-vella,297,144,153,51.5
2026-10-05T12:53:00Z,2026-10-05T14:53:00+02:00,55,ajuntament-mercat,237,106,131,55.3
2026-10-05T12:54:00Z,2026-10-05T14:54:00+02:00,53,dr-robert,407,139,268,65.8
2026-10-05T12:54:00Z,2026-10-05T14:54:00+02:00,54,placa-vella,297,144,153,51.5
2026-10-05T12:54:00Z,2026-10-05T14:54:00+02:00,55,ajuntament-mercat,237,106,131,55.3
2026-10-05T12:55:00Z,2026-10-05T14:55:00+02:00,53,dr-robert,407,139,268,65.8
2026-10-05T12:55:00Z,2026-10-05T14:55:00+02:00,54,placa-vella,297,144,153,51.5
2026-10-05T12:55:00Z,2026-10-05T14:55:00+02:00,55,ajuntament-mercat,237,107,130,54.9
2026-10-05T12:56:00Z,2026-10-05T14:56:00+02:00,53,dr-robert,407,139,268,65.8
2026-10-05T12:56:00Z,2026-10-05T14:56:00+02:00,54,placa-vella,297,144,153,51.5
2026-10-05T12:56:00Z,2026-10-05T14:56:00+02:00,55,ajuntament-mercat,237,107,130,54.9
2026-10-05T12:57:00Z,2026-10-05T14:57:00+02:00,53,dr-robert,407,139,268,65.8
2026-10-05T12:57:00Z,2026-10-05T14:57:00+02:00,54,placa-vella,297,144,153,51.5
2026-10-05T12:57:00Z,2026-10-05T14:57:00+02:00,55,ajuntament-mercat,237,107,130,54.9
2026-10-05T12:58:00Z,2026-10-05T14:58:00+02:00,53,dr-robert,407,139,268,65.8
2026-10-05T12:58:00Z,2026-10-05T14:58:00+02:00,54,placa-vella,297,144,153,51.5
2026-10-05T12:58:00Z,2026-10-05T14:58:00+02:00,55,ajuntament-mercat,237,107,130,54.9
2026-10-05T12:59:00Z,2026-10-05T14:59:00+02:00,53,dr-robert,407,139,268,65.8
2026-10-05T12:59:00Z,2026-10-05T14:59:00+02:00,54,placa-vella,297,144,153,51.5
2026-10-05T12:59:00Z,2026-10-05T14:59:00+02:00,55,ajuntament-mercat,237,107,130,54.9
2026-10-05T13:00:00Z,2026-10-05T15:00:00+02:00,53,dr-robert,407,139,268,65.8
2026-10-05T13:00:00Z,2026-10-05T15:00:00+02:00,54,placa-vella,297,144,153,51.5
2026-10-05T13:00:00Z,2026-10-05T15:00:00+02:00,55,ajuntament-mercat,237,107,130,54.9
2026-10-05T13:01:00Z,2026-10-05T15:01:00+02:00,53,dr-robert,407,139,268,65.8
2026-10-05T13:01:00Z,2026-10-05T15:01:00+02:00,54,placa-vella,297,144,153,51.5
2026-10-05T13:01:00Z,2026-10-05T15:01:00+02:00,55,ajuntament-mercat,237,107,130,54.9
2026-10-05T13:02:00Z,2026-10-05T15:02:00+02:00,53,dr-robert,407,139,268,65.8
2026-10-05T13:02:00Z,2026-10-05T15:02:00+02:00,54,placa-vella,297,144,153,51.5
2026-10-05T13:02:00Z,2026-10-05T15:02:00+02:00,55,ajuntament-mercat,237,107,130,54.9
2026-10-05T13:03:00Z,2026-10-05T15:03:00+02:00,53,dr-robert,407,139,268,65.8
2026-10-05T13:03:00Z,2026-10-05T15:03:00+02:00,54,placa-vella,297,144,153,51.5
2026-10-05T13:03:00Z,2026-10-05T15:03:00+02:00,55,ajuntament-mercat,237,107,130,54.9
2026-10-05T13:04:00Z,2026-10-05T15:04:00+02:00,53,dr-robert,407,141,266,65.4
2026-10-05T13:04:00Z,2026-10-05T15:04:00+02:00,54,placa-vella,297,147,150,50.5
2026-10-05T13:04:00Z,2026-10-05T15:04:00+02:00,55,ajuntament-mercat,237,114,123,51.9
2026-10-05T13:05:00Z,2026-10-05T15:05:00+02:00,53,dr-robert,407,141,266,65.4
2026-10-05T13:05:00Z,2026-10-05T15:05:00+02:00,54,placa-vella,297,147,150,50.5
2026-10-05T13:05:00Z,2026-10-05T15:05:00+02:00,55,ajuntament-mercat,237,114,123,51.9
2026-10-05T13:06:00Z,2026-10-05T15:06:00+02:00,53,dr-robert,407,141,266,65.4
2026-10-05T13:06:00Z,2026-10-05T15:06:00+02:00,54,placa-vella,297,147,150,50.5
2026-10-05T13:06:00Z,2026-10-05T15:06:00+02:00,55,ajuntament-mercat,237,114,123,51.9
2026-10-05T13:07:00Z,2026-10-05T15:07:00+02:00,53,dr-robert,407,141,266,65.4
2026-10-05T13:07:00Z,2026-10-05T15:07:00+02:00,54,placa-vella,297,147,150,50.5
2026-10-05T13:07:00Z,2026-10-05T15:07:00+02:00,55,ajuntament-mercat,237,114,123,51.9
2026-10-05T13:08:00Z,2026-10-05T15:08:00+02:00,53,dr-robert,407,149,258,63.4
2026-10-05T13:08:00Z,2026-10-05T15:08:00+02:00,54,placa-vella,297,151,146,49.2
2026-10-05T13:08:00Z,2026-10-05T15:08:00+02:00,55,ajuntament-mercat,237,115,122,51.5
2026-10-05T13:09:00Z,2026-10-05T15:09:00+02:00,53,dr-robert,407,149,258,63.4
2026-10-05T13:09:00Z,2026-10-05T15:09:00+02:00,54,placa-vella,297,151,146,49.2
2026-10-05T13:09:00Z,2026-10-05T15:09:00+02:00,55,ajuntament-mercat,237,115,122,51.5
2026-10-05T13:10:00Z,2026-10-05T15:10:00+02:00,53,dr-robert,407,149,258,63.4
2026-10-05T13:10:00Z,2026-10-05T15:10:00+02:00,54,placa-vella,297,151,146,49.2
2026-10-05T13:10:00Z,2026-10-05T15:10:00+02:00,55,ajuntament-mercat,237,115,122,51.5
2026-10-05T13:11:00Z,2026-10-05T15:11:00+02:00,53,dr-robert,407,153,254,62.4
2026-10-05T13:11:00Z,2026-10-05T15:11:00+02:00,54,placa-vella,297,151,146,49.2
2026-10-05T13:11:00Z,2026-10-05T15:11:00+02:00,55,ajuntament-mercat,237,118,119,50.2
2026-10-05T13:12:00Z,2026-10-05T15:12:00+02:00,53,dr-robert,407,153,254,62.4
2026-10-05T13:12:00Z,2026-10-05T15:12:00+02:00,54,placa-vella,297,151,146,49.2
2026-10-05T13:12:00Z,2026-10-05T15:12:00+02:00,55,ajuntament-mercat,237,118,119,50.2
2026-10-05T13:13:00Z,2026-10-05T15:13:00+02:00,53,dr-robert,407,153,254,62.4
2026-10-05T13:13:00Z,2026-10-05T15:13:00+02:00,54,placa-vella,297,151,146,49.2
2026-10-05T13:13:00Z,2026-10-05T15:13:00+02:00,55,ajuntament-mercat,237,118,119,50.2
2026-10-05T13:14:00Z,2026-10-05T15:14:00+02:00,53,dr-robert,407,153,254,62.4
2026-10-05T13:14:00Z,2026-10-05T15:14:00+02:00,54,placa-vella,297,151,146,49.2
2026-10-05T13:14:00Z,2026-10-05T15:14:00+02:00,55,ajuntament-mercat,237,118,119,50.2
2026-10-05T13:15:00Z,2026-10-05T15:15:00+02:00,53,dr-robert,407,153,254,62.4
2026-10-05T13:15:00Z,2026-10-05T15:15:00+02:00,54,placa-vella,297,151,146,49.2
2026-10-05T13:15:00Z,2026-10-05T15:15:00+02:00,55,ajuntament-mercat,237,118,119,50.2
2026-10-05T13:16:00Z,2026-10-05T15:16:00+02:00,53,dr-robert,407,147,260,63.9
2026-10-05T13:16:00Z,2026-10-05T15:16:00+02:00,54,placa-vella,297,154,143,48.1
2026-10-05T13:16:00Z,2026-10-05T15:16:00+02:00,55,ajuntament-mercat,237,123,114,48.1
2026-10-05T13:17:00Z,2026-10-05T15:17:00+02:00,53,dr-robert,407,147,260,63.9
2026-10-05T13:17:00Z,2026-10-05T15:17:00+02:00,54,placa-vella,297,154,143,48.1
2026-10-05T13:17:00Z,2026-10-05T15:17:00+02:00,55,ajuntament-mercat,237,123,114,48.1
2026-10-05T13:18:00Z,2026-10-05T15:18:00+02:00,53,dr-robert,407,147,260,63.9
2026-10-05T13:18:00Z,2026-10-05T15:18:00+02:00,54,placa-vella,297,154,143,48.1
2026-10-05T13:18:00Z,2026-10-05T15:18:00+02:00,55,ajuntament-mercat,237,123,114,48.1
2026-10-05T13:19:00Z,2026-10-05T15:19:00+02:00,53,dr-robert,407,147,260,63.9
2026-10-05T13:19:00Z,2026-10-05T15:19:00+02:00,54,placa-vella,297,154,143,48.1
2026-10-05T13:19:00Z,2026-10-05T15:19:00+02:00,55,ajuntament-mercat,237,123,114,48.1
2026-10-05T13:20:00Z,2026-10-05T15:20:00+02:00,53,dr-robert,407,147,260,63.9
2026-10-05T13:20:00Z,2026-10-05T15:20:00+02:00,54,placa-vella,297,154,143,48.1
2026-10-05T13:20:00Z,2026-10-05T15:20:00+02:00,55,ajuntament-mercat,237,123,114,48.1
2026-10-05T13:21:00Z,2026-10-05T15:21:00+02:00,53,dr-robert,407,157,250,61.4
2026-10-05T13:21:00Z,2026-10-05T15:21:00+02:00,54,placa-vella,297,156,141,47.5
2026-10-05T13:21:00Z,2026-10-05T15:21:00+02:00,55,ajuntament-mercat,237,120,117,49.4
2026-10-05T13:22:00Z,2026-10-05T15:22:00+02:00,53,dr-robert,407,157,250,61.4
2026-10-05T13:22:00Z,2026-10-05T15:22:00+02:00,54,placa-vella,297,156,141,47.5
2026-10-05T13:22:00Z,2026-10-05T15:22:00+02:00,55,ajuntament-mercat,237,120,117,49.4
2026-10-05T13:23:00Z,2026-10-05T15:23:00+02:00,53,dr-robert,407,157,250,61.4
2026-10-05T13:23:00Z,2026-10-05T15:23:00+02:00,54,placa-vella,297,156,141,47.5
2026-10-05T13:23:00Z,2026-10-05T15:23:00+02:00,55,ajuntament-mercat,237,120,117,49.4
2026-10-05T13:24:00Z,2026-10-05T15:24:00+02:00,53,dr-robert,407,157,250,61.4
2026-10-05T13:24:00Z,2026-10-05T15:24:00+02:00,54,placa-vella,297,156,141,47.5
2026-10-05T13:24:00Z,2026-10-05T15:24:00+02:00,55,ajuntament-mercat,237,120,117,49.4
2026-10-05T13:25:00Z,2026-10-05T15:25:00+02:00,53,dr-robert,407,157,250,61.4
2026-10-05T13:25:00Z,2026-10-05T15:25:00+02:00,54,placa-vella,297,156,141,47.5
2026-10-05T13:25:00Z,2026-10-05T15:25:00+02:00,55,ajuntament-mercat,237,120,117,49.4
2026-10-05T13:26:00Z,2026-10-05T15:26:00+02:00,53,dr-robert,407,160,247,60.7
2026-10-05T13:26:00Z,2026-10-05T15:26:00+02:00,54,placa-vella,297,156,141,47.5
2026-10-05T13:26:00Z,2026-10-05T15:26:00+02:00,55,ajuntament-mercat,237,125,112,47.3
2026-10-05T13:27:00Z,2026-10-05T15:27:00+02:00,53,dr-robert,407,160,247,60.7
2026-10-05T13:27:00Z,2026-10-05T15:27:00+02:00,54,placa-vella,297,156,141,47.5
2026-10-05T13:27:00Z,2026-10-05T15:27:00+02:00,55,ajuntament-mercat,237,125,112,47.3
2026-10-05T13:28:00Z,2026-10-05T15:28:00+02:00,53,dr-robert,407,160,247,60.7
2026-10-05T13:28:00Z,2026-10-05T15:28:00+02:00,54,placa-vella,297,156,141,47.5
2026-10-05T13:28:00Z,2026-10-05T15:28:00+02:00,55,ajuntament-mercat,237,125,112,47.3
2026-10-05T13:29:00Z,2026-10-05T15:29:00+02:00,53,dr-robert,407,160,247,60.7
2026-10-05T13:29:00Z,2026-10-05T15:29:00+02:00,54,placa-vella,297,156,141,47.5
2026-10-05T13:29:00Z,2026-10-05T15:29:00+02:00,55,ajuntament-mercat,237,125,112,47.3
2026-10-05T13:30:00Z,2026-10-05T15:30:00+02:00,53,dr-robert,407,160,247,60.7
2026-10-05T13:30:00Z,2026-10-05T15:30:00+02:00,54,placa-vella,297,156,141,47.5
2026-10-05T13:30:00Z,2026-10-05T15:30:00+02:00,55,ajuntament-mercat,237,125,112,47.3
2026-10-05T13:31:00Z,2026-10-05T15:31:00+02:00,53,dr-robert,407,154,253,62.2
2026-10-05T13:31:00Z,2026-10-05T15:31:00+02:00,54,placa-vella,297,156,141,47.5
2026-10-05T13:31:00Z,2026-10-05T15:31:00+02:00,55,ajuntament-mercat,237,124,113,47.7
2026-10-05T13:32:00Z,2026-10-05T15:32:00+02:00,53,dr-robert,407,154,253,62.2
2026-10-05T13:32:00Z,2026-10-05T15:32:00+02:00,54,placa-vella,297,156,141,47.5
2026-10-05T13:32:00Z,2026-10-05T15:32:00+02:00,55,ajuntament-mercat,237,124,113,47.7
2026-10-05T13:33:00Z,2026-10-05T15:33:00+02:00,53,dr-robert,407,154,253,62.2
2026-10-05T13:33:00Z,2026-10-05T15:33:00+02:00,54,placa-vella,297,156,141,47.5
2026-10-05T13:33:00Z,2026-10-05T15:33:00+02:00,55,ajuntament-mercat,237,124,113,47.7
2026-10-05T13:34:00Z,2026-10-05T15:34:00+02:00,53,dr-robert,407,154,253,62.2
2026-10-05T13:34:00Z,2026-10-05T15:34:00+02:00,54,placa-vella,297,156,141,47.5
2026-10-05T13:34:00Z,2026-10-05T15:34:00+02:00,55,ajuntament-mercat,237,124,113,47.7
2026-10-05T13:35:00Z,2026-10-05T15:35:00+02:00,53,dr-robert,407,154,253,62.2
2026-10-05T13:35:00Z,2026-10-05T15:35:00+02:00,55,ajuntament-mercat,237,124,113,47.7
2026-10-05T13:36:00Z,2026-10-05T15:36:00+02:00,53,dr-robert,407,150,257,63.1
2026-10-05T13:36:00Z,2026-10-05T15:36:00+02:00,54,placa-vella,297,161,136,45.8
2026-10-05T13:36:00Z,2026-10-05T15:36:00+02:00,55,ajuntament-mercat,237,124,113,47.7
2026-10-05T13:37:00Z,2026-10-05T15:37:00+02:00,53,dr-robert,407,150,257,63.1
2026-10-05T13:37:00Z,2026-10-05T15:37:00+02:00,54,placa-vella,297,161,136,45.8
2026-10-05T13:37:00Z,2026-10-05T15:37:00+02:00,55,ajuntament-mercat,237,124,113,47.7
2026-10-05T13:38:00Z,2026-10-05T15:38:00+02:00,53,dr-robert,407,150,257,63.1
2026-10-05T13:38:00Z,2026-10-05T15:38:00+02:00,54,placa-vella,297,161,136,45.8
2026-10-05T13:38:00Z,2026-10-05T15:38:00+02:00,55,ajuntament-mercat,237,124,113,47.7
2026-10-05T13:39:00Z,2026-10-05T15:39:00+02:00,53,dr-robert,407,150,257,63.1
2026-10-05T13:39:00Z,2026-10-05T15:39:00+02:00,54,placa-vella,297,161,136,45.8
2026-10-05T13:39:00Z,2026-10-05T15:39:00+02:00,55,ajuntament-mercat,237,124,113,47.7
2026-10-05T13:40:00Z,2026-10-05T15:40:00+02:00,53,dr-robert,407,151,256,62.9
2026-10-05T13:40:00Z,2026-10-05T15:40:00+02:00,54,placa-vella,297,160,137,46.1
2026-10-05T13:40:00Z,2026-10-05T15:40:00+02:00,55,ajuntament-mercat,237,124,113,47.7
2026-10-05T13:41:00Z,2026-10-05T15:41:00+02:00,53,dr-robert,407,151,256,62.9
2026-10-05T13:41:00Z,2026-10-05T15:41:00+02:00,54,placa-vella,297,160,137,46.1
2026-10-05T13:41:00Z,2026-10-05T15:41:00+02:00,55,ajuntament-mercat,237,124,113,47.7
2026-10-05T13:42:00Z,2026-10-05T15:42:00+02:00,53,dr-robert,407,151,256,62.9
2026-10-05T13:42:00Z,2026-10-05T15:42:00+02:00,54,placa-vella,297,160,137,46.1
2026-10-05T13:42:00Z,2026-10-05T15:42:00+02:00,55,ajuntament-mercat,237,124,113,47.7
2026-10-05T13:43:00Z,2026-10-05T15:43:00+02:00,53,dr-robert,407,151,256,62.9
2026-10-05T13:43:00Z,2026-10-05T15:43:00+02:00,54,placa-vella,297,160,137,46.1
2026-10-05T13:43:00Z,2026-10-05T15:43:00+02:00,55,ajuntament-mercat,237,124,113,47.7
2026-10-05T13:44:00Z,2026-10-05T15:44:00+02:00,53,dr-robert,407,151,256,62.9
2026-10-05T13:44:00Z,2026-10-05T15:44:00+02:00,54,placa-vella,297,160,137,46.1
2026-10-05T13:44:00Z,2026-10-05T15:44:00+02:00,55,ajuntament-mercat,237,124,113,47.7
2026-10-05T13:45:00Z,2026-10-05T15:45:00+02:00,53,dr-robert,407,151,256,62.9
2026-10-05T13:45:00Z,2026-10-05T15:45:00+02:00,54,placa-vella,297,160,137,46.1
2026-10-05T13:45:00Z,2026-10-05T15:45:00+02:00,55,ajuntament-mercat,237,124,113,47.7
2026-10-05T13:46:00Z,2026-10-05T15:46:00+02:00,53,dr-robert,407,152,255,62.7
2026-10-05T13:46:00Z,2026-10-05T15:46:00+02:00,54,placa-vella,297,159,138,46.5
2026-10-05T13:46:00Z,2026-10-05T15:46:00+02:00,55,ajuntament-mercat,237,126,111,46.8
2026-10-05T13:47:00Z,2026-10-05T15:47:00+02:00,53,dr-robert,407,152,255,62.7
2026-10-05T13:47:00Z,2026-10-05T15:47:00+02:00,54,placa-vella,297,159,138,46.5
2026-10-05T13:47:00Z,2026-10-05T15:47:00+02:00,55,ajuntament-mercat,237,126,111,46.8
2026-10-05T13:48:00Z,2026-10-05T15:48:00+02:00,53,dr-robert,407,152,255,62.7
2026-10-05T13:48:00Z,2026-10-05T15:48:00+02:00,54,placa-vella,297,159,138,46.5
2026-10-05T13:48:00Z,2026-10-05T15:48:00+02:00,55,ajuntament-mercat,237,126,111,46.8
2026-10-05T13:49:00Z,2026-10-05T15:49:00+02:00,53,dr-robert,407,152,255,62.7
2026-10-05T13:49:00Z,2026-10-05T15:49:00+02:00,54,placa-vella,297,159,138,46.5
2026-10-05T13:49:00Z,2026-10-05T15:49:00+02:00,55,ajuntament-mercat,237,126,111,46.8
2026-10-05T13:50:00Z,2026-10-05T15:50:00+02:00,53,dr-robert,407,152,255,62.7
2026-10-05T13:50:00Z,2026-10-05T15:50:00+02:00,54,placa-vella,297,159,138,46.5
2026-10-05T13:50:00Z,2026-10-05T15:50:00+02:00,55,ajuntament-mercat,237,126,111,46.8
2026-10-05T13:51:00Z,2026-10-05T15:51:00+02:00,53,dr-robert,407,152,255,62.7
2026-10-05T13:51:00Z,2026-10-05T15:51:00+02:00,54,placa-vella,297,159,138,46.5
2026-10-05T13:51:00Z,2026-10-05T15:51:00+02:00,55,ajuntament-mercat,237,126,111,46.8
2026-10-05T13:52:00Z,2026-10-05T15:52:00+02:00,53,dr-robert,407,152,255,62.7
2026-10-05T13:52:00Z,2026-10-05T15:52:00+02:00,54,placa-vella,297,159,138,46.5
2026-10-05T13:52:00Z,2026-10-05T15:52:00+02:00,55,ajuntament-mercat,237,126,111,46.8
2026-10-05T13:53:00Z,2026-10-05T15:53:00+02:00,53,dr-robert,407,161,246,60.4
2026-10-05T13:53:00Z,2026-10-05T15:53:00+02:00,54,placa-vella,297,160,137,46.1
2026-10-05T13:53:00Z,2026-10-05T15:53:00+02:00,55,ajuntament-mercat,237,125,112,47.3
2026-10-05T13:54:00Z,2026-10-05T15:54:00+02:00,53,dr-robert,407,161,246,60.4
2026-10-05T13:54:00Z,2026-10-05T15:54:00+02:00,54,placa-vella,297,160,137,46.1
2026-10-05T13:54:00Z,2026-10-05T15:54:00+02:00,55,ajuntament-mercat,237,125,112,47.3
2026-10-05T13:56:00Z,2026-10-05T15:56:00+02:00,53,dr-robert,407,161,246,60.4
2026-10-05T13:56:00Z,2026-10-05T15:56:00+02:00,54,placa-vella,297,159,138,46.5
2026-10-05T13:56:00Z,2026-10-05T15:56:00+02:00,55,ajuntament-mercat,237,125,112,47.3
2026-10-05T13:57:00Z,2026-10-05T15:57:00+02:00,53,dr-robert,407,161,246,60.4
2026-10-05T13:57:00Z,2026-10-05T15:57:00+02:00,54,placa-vella,297,159,138,46.5
2026-10-05T13:57:00Z,2026-10-05T15:57:00+02:00,55,ajuntament-mercat,237,125,112,47.3
2026-10-05T13:58:00Z,2026-10-05T15:58:00+02:00,53,dr-robert,407,161,246,60.4
2026-10-05T13:58:00Z,2026-10-05T15:58:00+02:00,54,placa-vella,297,159,138,46.5
2026-10-05T13:58:00Z,2026-10-05T15:58:00+02:00,55,ajuntament-mercat,237,125,112,47.3
2026-10-05T13:59:00Z,2026-10-05T15:59:00+02:00,53,dr-robert,407,161,246,60.4
2026-10-05T13:59:00Z,2026-10-05T15:59:00+02:00,54,placa-vella,297,159,138,46.5
2026-10-05T13:59:00Z,2026-10-05T15:59:00+02:00,55,ajuntament-mercat,237,125,112,47.3
2026-10-05T14:00:00Z,2026-10-05T16:00:00+02:00,55,ajuntament-mercat,237,125,112,47.3
2026-10-05T14:01:00Z,2026-10-05T16:01:00+02:00,53,dr-robert,407,161,246,60.4
2026-10-05T14:01:00Z,2026-10-05T16:01:00+02:00,54,placa-vella,297,159,138,46.5
2026-10-05T14:01:00Z,2026-10-05T16:01:00+02:00,55,ajuntament-mercat,237,125,112,47.3
2026-10-05T14:02:00Z,2026-10-05T16:02:00+02:00,53,dr-robert,407,161,246,60.4
2026-10-05T14:02:00Z,2026-10-05T16:02:00+02:00,54,placa-vella,297,159,138,46.5
2026-10-05T14:02:00Z,2026-10-05T16:02:00+02:00,55,ajuntament-mercat,237,125,112,47.3
2026-10-05T14:03:00Z,2026-10-05T16:03:00+02:00,53,dr-robert,407,161,246,60.4
2026-10-05T14:03:00Z,2026-10-05T16:03:00+02:00,54,placa-vella,297,159,138,46.5
2026-10-05T14:03:00Z,2026-10-05T16:03:00+02:00,55,ajuntament-mercat,237,125,112,47.3
2026-10-05T14:04:00Z,2026-10-05T16:04:00+02:00,53,dr-robert,407,156,251,61.7
2026-10-05T14:04:00Z,2026-10-05T16:04:00+02:00,54,placa-vella,297,155,142,47.8
2026-10-05T14:04:00Z,2026-10-05T16:04:00+02:00,55,ajuntament-mercat,237,124,113,47.7
2026-10-05T14:05:00Z,2026-10-05T16:05:00+02:00,53,dr-robert,407,156,251,61.7
2026-10-05T14:05:00Z,2026-10-05T16:05:00+02:00,54,placa-vella,297,155,142,47.8
2026-10-05T14:05:00Z,2026-10-05T16:05:00+02:00,55,ajuntament-mercat,237,124,113,47.7
2026-10-05T14:06:00Z,2026-10-05T16:06:00+02:00,53,dr-robert,407,156,251,61.7
2026-10-05T14:06:00Z,2026-10-05T16:06:00+02:00,54,placa-vella,297,155,142,47.8
2026-10-05T14:06:00Z,2026-10-05T16:06:00+02:00,55,ajuntament-mercat,237,124,113,47.7
2026-10-05T14:07:00Z,2026-10-05T16:07:00+02:00,53,dr-robert,407,156,251,61.7
2026-10-05T14:07:00Z,2026-10-05T16:07:00+02:00,54,placa-vella,297,155,142,47.8
2026-10-05T14:07:00Z,2026-10-05T16:07:00+02:00,55,ajuntament-mercat,237,124,113,47.7
2026-10-05T14:08:00Z,2026-10-05T16:08:00+02:00,53,dr-robert,407,156,251,61.7
2026-10-05T14:08:00Z,2026-10-05T16:08:00+02:00,54,placa-vella,297,155,142,47.8
2026-10-05T14:08:00Z,2026-10-05T16:08:00+02:00,55,ajuntament-mercat,237,124,113,47.7
2026-10-05T14:09:00Z,2026-10-05T16:09:00+02:00,53,dr-robert,407,159,248,60.9
2026-10-05T14:09:00Z,2026-10-05T16:09:00+02:00,54,placa-vella,297,154,143,48.1
2026-10-05T14:09:00Z,2026-10-05T16:09:00+02:00,55,ajuntament-mercat,237,126,111,46.8
2026-10-05T14:10:00Z,2026-10-05T16:10:00+02:00,53,dr-robert,407,159,248,60.9
2026-10-05T14:10:00Z,2026-10-05T16:10:00+02:00,54,placa-vella,297,154,143,48.1
2026-10-05T14:10:00Z,2026-10-05T16:10:00+02:00,55,ajuntament-mercat,237,126,111,46.8
2026-10-05T14:11:00Z,2026-10-05T16:11:00+02:00,53,dr-robert,407,159,248,60.9
2026-10-05T14:11:00Z,2026-10-05T16:11:00+02:00,54,placa-vella,297,154,143,48.1
2026-10-05T14:11:00Z,2026-10-05T16:11:00+02:00,55,ajuntament-mercat,237,126,111,46.8
2026-10-05T14:12:00Z,2026-10-05T16:12:00+02:00,53,dr-robert,407,164,243,59.7
2026-10-05T14:12:00Z,2026-10-05T16:12:00+02:00,54,placa-vella,297,155,142,47.8
2026-10-05T14:12:00Z,2026-10-05T16:12:00+02:00,55,ajuntament-mercat,237,127,110,46.4
2026-10-05T14:13:00Z,2026-10-05T16:13:00+02:00,53,dr-robert,407,164,243,59.7
2026-10-05T14:13:00Z,2026-10-05T16:13:00+02:00,54,placa-vella,297,155,142,47.8
2026-10-05T14:13:00Z,2026-10-05T16:13:00+02:00,55,ajuntament-mercat,237,127,110,46.4
2026-10-05T14:14:00Z,2026-10-05T16:14:00+02:00,53,dr-robert,407,164,243,59.7
2026-10-05T14:14:00Z,2026-10-05T16:14:00+02:00,54,placa-vella,297,155,142,47.8
2026-10-05T14:14:00Z,2026-10-05T16:14:00+02:00,55,ajuntament-mercat,237,127,110,46.4
2026-10-05T14:15:00Z,2026-10-05T16:15:00+02:00,53,dr-robert,407,164,243,59.7
2026-10-05T14:15:00Z,2026-10-05T16:15:00+02:00,54,placa-vella,297,155,142,47.8
2026-10-05T14:15:00Z,2026-10-05T16:15:00+02:00,55,ajuntament-mercat,237,127,110,46.4
2026-10-05T14:16:00Z,2026-10-05T16:16:00+02:00,53,dr-robert,407,158,249,61.2
2026-10-05T14:16:00Z,2026-10-05T16:16:00+02:00,54,placa-vella,297,151,146,49.2
2026-10-05T14:16:00Z,2026-10-05T16:16:00+02:00,55,ajuntament-mercat,237,127,110,46.4
2026-10-05T14:17:00Z,2026-10-05T16:17:00+02:00,53,dr-robert,407,158,249,61.2
2026-10-05T14:17:00Z,2026-10-05T16:17:00+02:00,54,placa-vella,297,151,146,49.2
2026-10-05T14:17:00Z,2026-10-05T16:17:00+02:00,55,ajuntament-mercat,237,127,110,46.4
2026-10-05T14:18:00Z,2026-10-05T16:18:00+02:00,53,dr-robert,407,158,249,61.2
2026-10-05T14:18:00Z,2026-10-05T16:18:00+02:00,54,placa-vella,297,151,146,49.2
2026-10-05T14:18:00Z,2026-10-05T16:18:00+02:00,55,ajuntament-mercat,237,127,110,46.4
2026-10-05T14:19:00Z,2026-10-05T16:19:00+02:00,53,dr-robert,407,158,249,61.2
2026-10-05T14:19:00Z,2026-10-05T16:19:00+02:00,54,placa-vella,297,151,146,49.2
2026-10-05T14:19:00Z,2026-10-05T16:19:00+02:00,55,ajuntament-mercat,237,127,110,46.4
2026-10-05T14:20:00Z,2026-10-05T16:20:00+02:00,53,dr-robert,407,158,249,61.2
2026-10-05T14:20:00Z,2026-10-05T16:20:00+02:00,54,placa-vella,297,151,146,49.2
2026-10-05T14:20:00Z,2026-10-05T16:20:00+02:00,55,ajuntament-mercat,237,127,110,46.4
2026-10-05T14:21:00Z,2026-10-05T16:21:00+02:00,53,dr-robert,407,158,249,61.2
2026-10-05T14:21:00Z,2026-10-05T16:21:00+02:00,54,placa-vella,297,151,146,49.2
2026-10-05T14:21:00Z,2026-10-05T16:21:00+02:00,55,ajuntament-mercat,237,127,110,46.4
2026-10-05T14:22:00Z,2026-10-05T16:22:00+02:00,53,dr-robert,407,162,245,60.2
2026-10-05T14:22:00Z,2026-10-05T16:22:00+02:00,54,placa-vella,297,148,149,50.2
2026-10-05T14:22:00Z,2026-10-05T16:22:00+02:00,55,ajuntament-mercat,237,127,110,46.4
2026-10-05T14:23:00Z,2026-10-05T16:23:00+02:00,53,dr-robert,407,162,245,60.2
2026-10-05T14:23:00Z,2026-10-05T16:23:00+02:00,54,placa-vella,297,148,149,50.2
2026-10-05T14:23:00Z,2026-10-05T16:23:00+02:00,55,ajuntament-mercat,237,127,110,46.4
2026-10-05T14:24:00Z,2026-10-05T16:24:00+02:00,53,dr-robert,407,162,245,60.2
2026-10-05T14:24:00Z,2026-10-05T16:24:00+02:00,54,placa-vella,297,148,149,50.2
2026-10-05T14:24:00Z,2026-10-05T16:24:00+02:00,55,ajuntament-mercat,237,127,110,46.4
2026-10-05T14:25:00Z,2026-10-05T16:25:00+02:00,53,dr-robert,407,162,245,60.2
2026-10-05T14:25:00Z,2026-10-05T16:25:00+02:00,54,placa-vella,297,148,149,50.2
2026-10-05T14:25:00Z,2026-10-05T16:25:00+02:00,55,ajuntament-mercat,237,127,110,46.4
2026-10-05T14:26:00Z,2026-10-05T16:26:00+02:00,53,dr-robert,407,159,248,60.9
2026-10-05T14:26:00Z,2026-10-05T16:26:00+02:00,54,placa-vella,297,145,152,51.2
2026-10-05T14:26:00Z,2026-10-05T16:26:00+02:00,55,ajuntament-mercat,237,126,111,46.8
2026-10-05T14:27:00Z,2026-10-05T16:27:00+02:00,53,dr-robert,407,159,248,60.9
2026-10-05T14:27:00Z,2026-10-05T16:27:00+02:00,54,placa-vella,297,145,152,51.2
2026-10-05T14:27:00Z,2026-10-05T16:27:00+02:00,55,ajuntament-mercat,237,126,111,46.8
2026-10-05T14:28:00Z,2026-10-05T16:28:00+02:00,53,dr-robert,407,159,248,60.9
2026-10-05T14:28:00Z,2026-10-05T16:28:00+02:00,54,placa-vella,297,145,152,51.2
2026-10-05T14:28:00Z,2026-10-05T16:28:00+02:00,55,ajuntament-mercat,237,126,111,46.8
2026-10-05T14:29:00Z,2026-10-05T16:29:00+02:00,53,dr-robert,407,159,248,60.9
2026-10-05T14:29:00Z,2026-10-05T16:29:00+02:00,54,placa-vella,297,145,152,51.2
2026-10-05T14:29:00Z,2026-10-05T16:29:00+02:00,55,ajuntament-mercat,237,126,111,46.8
2026-10-05T14:30:00Z,2026-10-05T16:30:00+02:00,53,dr-robert,407,159,248,60.9
2026-10-05T14:30:00Z,2026-10-05T16:30:00+02:00,54,placa-vella,297,145,152,51.2
2026-10-05T14:30:00Z,2026-10-05T16:30:00+02:00,55,ajuntament-mercat,237,126,111,46.8
2026-10-05T14:31:00Z,2026-10-05T16:31:00+02:00,53,dr-robert,407,159,248,60.9
2026-10-05T14:31:00Z,2026-10-05T16:31:00+02:00,54,placa-vella,297,145,152,51.2
2026-10-05T14:31:00Z,2026-10-05T16:31:00+02:00,55,ajuntament-mercat,237,126,111,46.8
2026-10-05T14:32:00Z,2026-10-05T16:32:00+02:00,53,dr-robert,407,161,246,60.4
2026-10-05T14:32:00Z,2026-10-05T16:32:00+02:00,54,placa-vella,297,140,157,52.9
2026-10-05T14:32:00Z,2026-10-05T16:32:00+02:00,55,ajuntament-mercat,237,126,111,46.8
2026-10-05T14:33:00Z,2026-10-05T16:33:00+02:00,53,dr-robert,407,161,246,60.4
2026-10-05T14:33:00Z,2026-10-05T16:33:00+02:00,54,placa-vella,297,140,157,52.9
2026-10-05T14:33:00Z,2026-10-05T16:33:00+02:00,55,ajuntament-mercat,237,125,112,47.3
2026-10-05T14:34:00Z,2026-10-05T16:34:00+02:00,53,dr-robert,407,161,246,60.4
2026-10-05T14:34:00Z,2026-10-05T16:34:00+02:00,54,placa-vella,297,140,157,52.9
2026-10-05T14:34:00Z,2026-10-05T16:34:00+02:00,55,ajuntament-mercat,237,125,112,47.3
2026-10-05T14:35:00Z,2026-10-05T16:35:00+02:00,53,dr-robert,407,161,246,60.4
2026-10-05T14:35:00Z,2026-10-05T16:35:00+02:00,54,placa-vella,297,140,157,52.9
2026-10-05T14:35:00Z,2026-10-05T16:35:00+02:00,55,ajuntament-mercat,237,125,112,47.3
2026-10-05T14:36:00Z,2026-10-05T16:36:00+02:00,53,dr-robert,407,161,246,60.4
2026-10-05T14:36:00Z,2026-10-05T16:36:00+02:00,54,placa-vella,297,140,157,52.9
2026-10-05T14:36:00Z,2026-10-05T16:36:00+02:00,55,ajuntament-mercat,237,124,113,47.7
2026-10-05T14:37:00Z,2026-10-05T16:37:00+02:00,53,dr-robert,407,154,253,62.2
2026-10-05T14:37:00Z,2026-10-05T16:37:00+02:00,54,placa-vella,297,142,155,52.2
2026-10-05T14:37:00Z,2026-10-05T16:37:00+02:00,55,ajuntament-mercat,237,124,113,47.7
2026-10-05T14:38:00Z,2026-10-05T16:38:00+02:00,53,dr-robert,407,154,253,62.2
2026-10-05T14:38:00Z,2026-10-05T16:38:00+02:00,54,placa-vella,297,142,155,52.2
2026-10-05T14:38:00Z,2026-10-05T16:38:00+02:00,55,ajuntament-mercat,237,124,113,47.7
2026-10-05T14:39:00Z,2026-10-05T16:39:00+02:00,53,dr-robert,407,154,253,62.2
2026-10-05T14:39:00Z,2026-10-05T16:39:00+02:00,54,placa-vella,297,142,155,52.2
2026-10-05T14:39:00Z,2026-10-05T16:39:00+02:00,55,ajuntament-mercat,237,124,113,47.7
2026-10-05T14:40:00Z,2026-10-05T16:40:00+02:00,53,dr-robert,407,154,253,62.2
2026-10-05T14:40:00Z,2026-10-05T16:40:00+02:00,54,placa-vella,297,142,155,52.2
2026-10-05T14:40:00Z,2026-10-05T16:40:00+02:00,55,ajuntament-mercat,237,124,113,47.7
2026-10-05T14:41:00Z,2026-10-05T16:41:00+02:00,53,dr-robert,407,154,253,62.2
2026-10-05T14:41:00Z,2026-10-05T16:41:00+02:00,54,placa-vella,297,142,155,52.2
2026-10-05T14:41:00Z,2026-10-05T16:41:00+02:00,55,ajuntament-mercat,237,124,113,47.7
2026-10-05T14:42:00Z,2026-10-05T16:42:00+02:00,53,dr-robert,407,148,259,63.6
2026-10-05T14:42:00Z,2026-10-05T16:42:00+02:00,54,placa-vella,297,140,157,52.9
2026-10-05T14:42:00Z,2026-10-05T16:42:00+02:00,55,ajuntament-mercat,237,124,113,47.7
2026-10-05T14:43:00Z,2026-10-05T16:43:00+02:00,53,dr-robert,407,148,259,63.6
2026-10-05T14:43:00Z,2026-10-05T16:43:00+02:00,54,placa-vella,297,140,157,52.9
2026-10-05T14:43:00Z,2026-10-05T16:43:00+02:00,55,ajuntament-mercat,237,124,113,47.7
2026-10-05T14:44:00Z,2026-10-05T16:44:00+02:00,53,dr-robert,407,148,259,63.6
2026-10-05T14:44:00Z,2026-10-05T16:44:00+02:00,54,placa-vella,297,140,157,52.9
2026-10-05T14:44:00Z,2026-10-05T16:44:00+02:00,55,ajuntament-mercat,237,124,113,47.7
2026-10-05T14:45:00Z,2026-10-05T16:45:00+02:00,53,dr-robert,407,148,259,63.6
2026-10-05T14:45:00Z,2026-10-05T16:45:00+02:00,54,placa-vella,297,140,157,52.9
2026-10-05T14:45:00Z,2026-10-05T16:45:00+02:00,55,ajuntament-mercat,237,124,113,47.7
2026-10-05T14:46:00Z,2026-10-05T16:46:00+02:00,53,dr-robert,407,148,259,63.6
2026-10-05T14:46:00Z,2026-10-05T16:46:00+02:00,54,placa-vella,297,140,157,52.9
2026-10-05T14:46:00Z,2026-10-05T16:46:00+02:00,55,ajuntament-mercat,237,124,113,47.7
2026-10-05T14:47:00Z,2026-10-05T16:47:00+02:00,53,dr-robert,407,148,259,63.6
2026-10-05T14:47:00Z,2026-10-05T16:47:00+02:00,54,placa-vella,297,140,157,52.9
2026-10-05T14:47:00Z,2026-10-05T16:47:00+02:00,55,ajuntament-mercat,237,124,113,47.7
2026-10-05T14:48:00Z,2026-10-05T16:48:00+02:00,53,dr-robert,407,148,259,63.6
2026-10-05T14:48:00Z,2026-10-05T16:48:00+02:00,54,placa-vella,297,140,157,52.9
2026-10-05T14:48:00Z,2026-10-05T16:48:00+02:00,55,ajuntament-mercat,237,124,113,47.7
2026-10-05T14:49:00Z,2026-10-05T16:49:00+02:00,53,dr-robert,407,137,270,66.3
2026-10-05T14:49:00Z,2026-10-05T16:49:00+02:00,54,placa-vella,297,130,167,56.2
2026-10-05T14:49:00Z,2026-10-05T16:49:00+02:00,55,ajuntament-mercat,237,117,120,50.6
2026-10-05T14:50:00Z,2026-10-05T16:50:00+02:00,53,dr-robert,407,137,270,66.3
2026-10-05T14:50:00Z,2026-10-05T16:50:00+02:00,54,placa-vella,297,130,167,56.2
2026-10-05T14:50:00Z,2026-10-05T16:50:00+02:00,55,ajuntament-mercat,237,117,120,50.6
2026-10-05T14:51:00Z,2026-10-05T16:51:00+02:00,53,dr-robert,407,137,270,66.3
2026-10-05T14:51:00Z,2026-10-05T16:51:00+02:00,54,placa-vella,297,130,167,56.2
2026-10-05T14:51:00Z,2026-10-05T16:51:00+02:00,55,ajuntament-mercat,237,117,120,50.6
2026-10-05T14:52:00Z,2026-10-05T16:52:00+02:00,53,dr-robert,407,139,268,65.8
2026-10-05T14:52:00Z,2026-10-05T16:52:00+02:00,54,placa-vella,297,127,170,57.2
2026-10-05T14:52:00Z,2026-10-05T16:52:00+02:00,55,ajuntament-mercat,237,117,120,50.6
2026-10-05T14:53:00Z,2026-10-05T16:53:00+02:00,53,dr-robert,407,139,268,65.8
2026-10-05T14:53:00Z,2026-10-05T16:53:00+02:00,54,placa-vella,297,127,170,57.2
2026-10-05T14:53:00Z,2026-10-05T16:53:00+02:00,55,ajuntament-mercat,237,117,120,50.6
2026-10-05T14:54:00Z,2026-10-05T16:54:00+02:00,53,dr-robert,407,139,268,65.8
2026-10-05T14:54:00Z,2026-10-05T16:54:00+02:00,54,placa-vella,297,127,170,57.2
2026-10-05T14:54:00Z,2026-10-05T16:54:00+02:00,55,ajuntament-mercat,237,117,120,50.6
2026-10-05T14:55:00Z,2026-10-05T16:55:00+02:00,53,dr-robert,407,136,271,66.6
2026-10-05T14:55:00Z,2026-10-05T16:55:00+02:00,54,placa-vella,297,118,179,60.3
2026-10-05T14:55:00Z,2026-10-05T16:55:00+02:00,55,ajuntament-mercat,237,116,121,51.1
2026-10-05T14:56:00Z,2026-10-05T16:56:00+02:00,53,dr-robert,407,136,271,66.6
2026-10-05T14:56:00Z,2026-10-05T16:56:00+02:00,54,placa-vella,297,118,179,60.3
2026-10-05T14:56:00Z,2026-10-05T16:56:00+02:00,55,ajuntament-mercat,237,116,121,51.1
2026-10-05T14:57:00Z,2026-10-05T16:57:00+02:00,53,dr-robert,407,136,271,66.6
2026-10-05T14:57:00Z,2026-10-05T16:57:00+02:00,54,placa-vella,297,118,179,60.3
2026-10-05T14:57:00Z,2026-10-05T16:57:00+02:00,55,ajuntament-mercat,237,116,121,51.1
2026-10-05T14:58:00Z,2026-10-05T16:58:00+02:00,53,dr-robert,407,136,271,66.6
2026-10-05T14:58:00Z,2026-10-05T16:58:00+02:00,54,placa-vella,297,118,179,60.3
2026-10-05T14:58:00Z,2026-10-05T16:58:00+02:00,55,ajuntament-mercat,237,116,121,51.1
2026-10-05T14:59:00Z,2026-10-05T16:59:00+02:00,53,dr-robert,407,136,271,66.6
2026-10-05T14:59:00Z,2026-10-05T16:59:00+02:00,54,placa-vella,297,118,179,60.3
2026-10-05T14:59:00Z,2026-10-05T16:59:00+02:00,55,ajuntament-mercat,237,116,121,51.1
2026-10-05T15:00:00Z,2026-10-05T17:00:00+02:00,53,dr-robert,407,136,271,66.6
2026-10-05T15:00:00Z,2026-10-05T17:00:00+02:00,54,placa-vella,297,118,179,60.3
2026-10-05T15:00:00Z,2026-10-05T17:00:00+02:00,55,ajuntament-mercat,237,116,121,51.1
2026-10-05T15:01:00Z,2026-10-05T17:01:00+02:00,53,dr-robert,407,136,271,66.6
2026-10-05T15:01:00Z,2026-10-05T17:01:00+02:00,54,placa-vella,297,118,179,60.3
2026-10-05T15:01:00Z,2026-10-05T17:01:00+02:00,55,ajuntament-mercat,237,116,121,51.1
2026-10-05T15:02:00Z,2026-10-05T17:02:00+02:00,53,dr-robert,407,140,267,65.6
2026-10-05T15:02:00Z,2026-10-05T17:02:00+02:00,54,placa-vella,297,120,177,59.6
2026-10-05T15:02:00Z,2026-10-05T17:02:00+02:00,55,ajuntament-mercat,237,115,122,51.5
2026-10-05T15:03:00Z,2026-10-05T17:03:00+02:00,53,dr-robert,407,140,267,65.6
2026-10-05T15:03:00Z,2026-10-05T17:03:00+02:00,54,placa-vella,297,120,177,59.6
2026-10-05T15:03:00Z,2026-10-05T17:03:00+02:00,55,ajuntament-mercat,237,115,122,51.5
2026-10-05T15:04:00Z,2026-10-05T17:04:00+02:00,53,dr-robert,407,140,267,65.6
2026-10-05T15:04:00Z,2026-10-05T17:04:00+02:00,54,placa-vella,297,120,177,59.6
2026-10-05T15:04:00Z,2026-10-05T17:04:00+02:00,55,ajuntament-mercat,237,115,122,51.5
2026-10-05T15:05:00Z,2026-10-05T17:05:00+02:00,53,dr-robert,407,144,263,64.6
2026-10-05T15:05:00Z,2026-10-05T17:05:00+02:00,54,placa-vella,297,123,174,58.6
2026-10-05T15:05:00Z,2026-10-05T17:05:00+02:00,55,ajuntament-mercat,237,118,119,50.2
2026-10-05T15:06:00Z,2026-10-05T17:06:00+02:00,53,dr-robert,407,144,263,64.6
2026-10-05T15:06:00Z,2026-10-05T17:06:00+02:00,54,placa-vella,297,123,174,58.6
2026-10-05T15:06:00Z,2026-10-05T17:06:00+02:00,55,ajuntament-mercat,237,118,119,50.2
2026-10-05T15:07:00Z,2026-10-05T17:07:00+02:00,53,dr-robert,407,144,263,64.6
2026-10-05T15:07:00Z,2026-10-05T17:07:00+02:00,54,placa-vella,297,123,174,58.6
2026-10-05T15:07:00Z,2026-10-05T17:07:00+02:00,55,ajuntament-mercat,237,118,119,50.2
2026-10-05T15:08:00Z,2026-10-05T17:08:00+02:00,53,dr-robert,407,144,263,64.6
2026-10-05T15:08:00Z,2026-10-05T17:08:00+02:00,54,placa-vella,297,123,174,58.6
2026-10-05T15:08:00Z,2026-10-05T17:08:00+02:00,55,ajuntament-mercat,237,118,119,50.2
2026-10-05T15:09:00Z,2026-10-05T17:09:00+02:00,53,dr-robert,407,144,263,64.6
2026-10-05T15:09:00Z,2026-10-05T17:09:00+02:00,54,placa-vella,297,123,174,58.6
2026-10-05T15:09:00Z,2026-10-05T17:09:00+02:00,55,ajuntament-mercat,237,118,119,50.2
2026-10-05T15:10:00Z,2026-10-05T17:10:00+02:00,53,dr-robert,407,152,255,62.7
2026-10-05T15:10:00Z,2026-10-05T17:10:00+02:00,54,placa-vella,297,121,176,59.3
2026-10-05T15:10:00Z,2026-10-05T17:10:00+02:00,55,ajuntament-mercat,237,116,121,51.1
2026-10-05T15:11:00Z,2026-10-05T17:11:00+02:00,53,dr-robert,407,152,255,62.7
2026-10-05T15:11:00Z,2026-10-05T17:11:00+02:00,54,placa-vella,297,121,176,59.3
2026-10-05T15:11:00Z,2026-10-05T17:11:00+02:00,55,ajuntament-mercat,237,116,121,51.1
2026-10-05T15:12:00Z,2026-10-05T17:12:00+02:00,53,dr-robert,407,152,255,62.7
2026-10-05T15:12:00Z,2026-10-05T17:12:00+02:00,54,placa-vella,297,121,176,59.3
2026-10-05T15:12:00Z,2026-10-05T17:12:00+02:00,55,ajuntament-mercat,237,116,121,51.1
2026-10-05T15:13:00Z,2026-10-05T17:13:00+02:00,53,dr-robert,407,152,255,62.7
2026-10-05T15:13:00Z,2026-10-05T17:13:00+02:00,54,placa-vella,297,121,176,59.3
2026-10-05T15:13:00Z,2026-10-05T17:13:00+02:00,55,ajuntament-mercat,237,116,121,51.1
2026-10-05T15:14:00Z,2026-10-05T17:14:00+02:00,53,dr-robert,407,152,255,62.7
2026-10-05T15:14:00Z,2026-10-05T17:14:00+02:00,54,placa-vella,297,121,176,59.3
2026-10-05T15:14:00Z,2026-10-05T17:14:00+02:00,55,ajuntament-mercat,237,116,121,51.1
2026-10-05T15:15:00Z,2026-10-05T17:15:00+02:00,53,dr-robert,407,150,257,63.1
2026-10-05T15:15:00Z,2026-10-05T17:15:00+02:00,54,placa-vella,297,124,173,58.2
2026-10-05T15:15:00Z,2026-10-05T17:15:00+02:00,55,ajuntament-mercat,237,119,118,49.8
2026-10-05T15:16:00Z,2026-10-05T17:16:00+02:00,53,dr-robert,407,150,257,63.1
2026-10-05T15:16:00Z,2026-10-05T17:16:00+02:00,54,placa-vella,297,124,173,58.2
2026-10-05T15:16:00Z,2026-10-05T17:16:00+02:00,55,ajuntament-mercat,237,119,118,49.8
2026-10-05T15:17:00Z,2026-10-05T17:17:00+02:00,53,dr-robert,407,150,257,63.1
2026-10-05T15:17:00Z,2026-10-05T17:17:00+02:00,54,placa-vella,297,124,173,58.2
2026-10-05T15:17:00Z,2026-10-05T17:17:00+02:00,55,ajuntament-mercat,237,119,118,49.8
2026-10-05T15:18:00Z,2026-10-05T17:18:00+02:00,53,dr-robert,407,150,257,63.1
2026-10-05T15:18:00Z,2026-10-05T17:18:00+02:00,54,placa-vella,297,124,173,58.2
2026-10-05T15:18:00Z,2026-10-05T17:18:00+02:00,55,ajuntament-mercat,237,119,118,49.8
2026-10-05T15:19:00Z,2026-10-05T17:19:00+02:00,53,dr-robert,407,150,257,63.1
2026-10-05T15:19:00Z,2026-10-05T17:19:00+02:00,54,placa-vella,297,124,173,58.2
2026-10-05T15:19:00Z,2026-10-05T17:19:00+02:00,55,ajuntament-mercat,237,119,118,49.8
2026-10-05T15:20:00Z,2026-10-05T17:20:00+02:00,53,dr-robert,407,152,255,62.7
2026-10-05T15:20:00Z,2026-10-05T17:20:00+02:00,54,placa-vella,297,127,170,57.2
2026-10-05T15:20:00Z,2026-10-05T17:20:00+02:00,55,ajuntament-mercat,237,120,117,49.4
2026-10-05T15:21:00Z,2026-10-05T17:21:00+02:00,53,dr-robert,407,152,255,62.7
2026-10-05T15:21:00Z,2026-10-05T17:21:00+02:00,54,placa-vella,297,127,170,57.2
2026-10-05T15:21:00Z,2026-10-05T17:21:00+02:00,55,ajuntament-mercat,237,120,117,49.4
2026-10-05T15:22:00Z,2026-10-05T17:22:00+02:00,53,dr-robert,407,152,255,62.7
2026-10-05T15:22:00Z,2026-10-05T17:22:00+02:00,54,placa-vella,297,127,170,57.2
2026-10-05T15:22:00Z,2026-10-05T17:22:00+02:00,55,ajuntament-mercat,237,120,117,49.4
2026-10-05T15:23:00Z,2026-10-05T17:23:00+02:00,53,dr-robert,407,152,255,62.7
2026-10-05T15:23:00Z,2026-10-05T17:23:00+02:00,54,placa-vella,297,127,170,57.2
2026-10-05T15:23:00Z,2026-10-05T17:23:00+02:00,55,ajuntament-mercat,237,120,117,49.4
2026-10-05T15:24:00Z,2026-10-05T17:24:00+02:00,53,dr-robert,407,152,255,62.7
2026-10-05T15:24:00Z,2026-10-05T17:24:00+02:00,54,placa-vella,297,127,170,57.2
2026-10-05T15:24:00Z,2026-10-05T17:24:00+02:00,55,ajuntament-mercat,237,120,117,49.4
2026-10-05T15:25:00Z,2026-10-05T17:25:00+02:00,53,dr-robert,407,157,250,61.4
2026-10-05T15:25:00Z,2026-10-05T17:25:00+02:00,54,placa-vella,297,124,173,58.2
2026-10-05T15:25:00Z,2026-10-05T17:25:00+02:00,55,ajuntament-mercat,237,117,120,50.6
2026-10-05T15:26:00Z,2026-10-05T17:26:00+02:00,53,dr-robert,407,157,250,61.4
2026-10-05T15:26:00Z,2026-10-05T17:26:00+02:00,54,placa-vella,297,124,173,58.2
2026-10-05T15:26:00Z,2026-10-05T17:26:00+02:00,55,ajuntament-mercat,237,117,120,50.6
2026-10-05T15:27:00Z,2026-10-05T17:27:00+02:00,53,dr-robert,407,157,250,61.4
2026-10-05T15:27:00Z,2026-10-05T17:27:00+02:00,54,placa-vella,297,124,173,58.2
2026-10-05T15:27:00Z,2026-10-05T17:27:00+02:00,55,ajuntament-mercat,237,117,120,50.6
2026-10-05T15:28:00Z,2026-10-05T17:28:00+02:00,53,dr-robert,407,157,250,61.4
2026-10-05T15:28:00Z,2026-10-05T17:28:00+02:00,54,placa-vella,297,124,173,58.2
2026-10-05T15:28:00Z,2026-10-05T17:28:00+02:00,55,ajuntament-mercat,237,117,120,50.6
2026-10-05T15:29:00Z,2026-10-05T17:29:00+02:00,53,dr-robert,407,157,250,61.4
2026-10-05T15:29:00Z,2026-10-05T17:29:00+02:00,54,placa-vella,297,124,173,58.2
2026-10-05T15:29:00Z,2026-10-05T17:29:00+02:00,55,ajuntament-mercat,237,117,120,50.6
2026-10-05T15:30:00Z,2026-10-05T17:30:00+02:00,53,dr-robert,407,159,248,60.9
2026-10-05T15:30:00Z,2026-10-05T17:30:00+02:00,54,placa-vella,297,120,177,59.6
2026-10-05T15:30:00Z,2026-10-05T17:30:00+02:00,55,ajuntament-mercat,237,113,124,52.3
2026-10-05T15:31:00Z,2026-10-05T17:31:00+02:00,53,dr-robert,407,159,248,60.9
2026-10-05T15:31:00Z,2026-10-05T17:31:00+02:00,54,placa-vella,297,120,177,59.6
2026-10-05T15:31:00Z,2026-10-05T17:31:00+02:00,55,ajuntament-mercat,237,113,124,52.3
2026-10-05T15:32:00Z,2026-10-05T17:32:00+02:00,53,dr-robert,407,159,248,60.9
2026-10-05T15:32:00Z,2026-10-05T17:32:00+02:00,54,placa-vella,297,120,177,59.6
2026-10-05T15:32:00Z,2026-10-05T17:32:00+02:00,55,ajuntament-mercat,237,113,124,52.3
2026-10-05T15:33:00Z,2026-10-05T17:33:00+02:00,53,dr-robert,407,159,248,60.9
2026-10-05T15:33:00Z,2026-10-05T17:33:00+02:00,54,placa-vella,297,120,177,59.6
2026-10-05T15:33:00Z,2026-10-05T17:33:00+02:00,55,ajuntament-mercat,237,113,124,52.3
2026-10-05T15:34:00Z,2026-10-05T17:34:00+02:00,53,dr-robert,407,159,248,60.9
2026-10-05T15:34:00Z,2026-10-05T17:34:00+02:00,54,placa-vella,297,120,177,59.6
2026-10-05T15:34:00Z,2026-10-05T17:34:00+02:00,55,ajuntament-mercat,237,113,124,52.3
2026-10-05T15:35:00Z,2026-10-05T17:35:00+02:00,53,dr-robert,407,162,245,60.2
2026-10-05T15:35:00Z,2026-10-05T17:35:00+02:00,54,placa-vella,297,122,175,58.9
2026-10-05T15:35:00Z,2026-10-05T17:35:00+02:00,55,ajuntament-mercat,237,113,124,52.3
2026-10-05T15:36:00Z,2026-10-05T17:36:00+02:00,53,dr-robert,407,162,245,60.2
2026-10-05T15:36:00Z,2026-10-05T17:36:00+02:00,54,placa-vella,297,122,175,58.9
2026-10-05T15:36:00Z,2026-10-05T17:36:00+02:00,55,ajuntament-mercat,237,113,124,52.3
2026-10-05T15:37:00Z,2026-10-05T17:37:00+02:00,53,dr-robert,407,162,245,60.2
2026-10-05T15:37:00Z,2026-10-05T17:37:00+02:00,54,placa-vella,297,122,175,58.9
2026-10-05T15:37:00Z,2026-10-05T17:37:00+02:00,55,ajuntament-mercat,237,113,124,52.3
2026-10-05T15:38:00Z,2026-10-05T17:38:00+02:00,53,dr-robert,407,162,245,60.2
2026-10-05T15:38:00Z,2026-10-05T17:38:00+02:00,54,placa-vella,297,122,175,58.9
2026-10-05T15:38:00Z,2026-10-05T17:38:00+02:00,55,ajuntament-mercat,237,113,124,52.3
2026-10-05T15:39:00Z,2026-10-05T17:39:00+02:00,53,dr-robert,407,162,245,60.2
2026-10-05T15:39:00Z,2026-10-05T17:39:00+02:00,54,placa-vella,297,122,175,58.9
2026-10-05T15:39:00Z,2026-10-05T17:39:00+02:00,55,ajuntament-mercat,237,113,124,52.3
2026-10-05T15:40:00Z,2026-10-05T17:40:00+02:00,53,dr-robert,407,159,248,60.9
2026-10-05T15:40:00Z,2026-10-05T17:40:00+02:00,54,placa-vella,297,121,176,59.3
2026-10-05T15:40:00Z,2026-10-05T17:40:00+02:00,55,ajuntament-mercat,237,115,122,51.5
2026-10-05T15:41:00Z,2026-10-05T17:41:00+02:00,53,dr-robert,407,159,248,60.9
2026-10-05T15:41:00Z,2026-10-05T17:41:00+02:00,54,placa-vella,297,121,176,59.3
2026-10-05T15:41:00Z,2026-10-05T17:41:00+02:00,55,ajuntament-mercat,237,115,122,51.5
2026-10-05T15:42:00Z,2026-10-05T17:42:00+02:00,53,dr-robert,407,159,248,60.9
2026-10-05T15:42:00Z,2026-10-05T17:42:00+02:00,54,placa-vella,297,121,176,59.3
2026-10-05T15:42:00Z,2026-10-05T17:42:00+02:00,55,ajuntament-mercat,237,115,122,51.5
2026-10-05T15:43:00Z,2026-10-05T17:43:00+02:00,53,dr-robert,407,159,248,60.9
2026-10-05T15:43:00Z,2026-10-05T17:43:00+02:00,54,placa-vella,297,121,176,59.3
2026-10-05T15:43:00Z,2026-10-05T17:43:00+02:00,55,ajuntament-mercat,237,115,122,51.5
2026-10-05T15:44:00Z,2026-10-05T17:44:00+02:00,53,dr-robert,407,159,248,60.9
2026-10-05T15:44:00Z,2026-10-05T17:44:00+02:00,54,placa-vella,297,121,176,59.3
2026-10-05T15:44:00Z,2026-10-05T17:44:00+02:00,55,ajuntament-mercat,237,115,122,51.5
2026-10-05T15:45:00Z,2026-10-05T17:45:00+02:00,53,dr-robert,407,157,250,61.4
2026-10-05T15:45:00Z,2026-10-05T17:45:00+02:00,54,placa-vella,297,120,177,59.6
2026-10-05T15:45:00Z,2026-10-05T17:45:00+02:00,55,ajuntament-mercat,237,114,123,51.9
2026-10-05T15:46:00Z,2026-10-05T17:46:00+02:00,53,dr-robert,407,157,250,61.4
2026-10-05T15:46:00Z,2026-10-05T17:46:00+02:00,54,placa-vella,297,120,177,59.6
2026-10-05T15:46:00Z,2026-10-05T17:46:00+02:00,55,ajuntament-mercat,237,114,123,51.9
2026-10-05T15:47:00Z,2026-10-05T17:47:00+02:00,53,dr-robert,407,157,250,61.4
2026-10-05T15:47:00Z,2026-10-05T17:47:00+02:00,54,placa-vella,297,120,177,59.6
2026-10-05T15:47:00Z,2026-10-05T17:47:00+02:00,55,ajuntament-mercat,237,114,123,51.9
2026-10-05T15:48:00Z,2026-10-05T17:48:00+02:00,53,dr-robert,407,157,250,61.4
2026-10-05T15:48:00Z,2026-10-05T17:48:00+02:00,54,placa-vella,297,120,177,59.6
2026-10-05T15:48:00Z,2026-10-05T17:48:00+02:00,55,ajuntament-mercat,237,114,123,51.9
2026-10-05T15:49:00Z,2026-10-05T17:49:00+02:00,53,dr-robert,407,157,250,61.4
2026-10-05T15:49:00Z,2026-10-05T17:49:00+02:00,54,placa-vella,297,120,177,59.6
2026-10-05T15:49:00Z,2026-10-05T17:49:00+02:00,55,ajuntament-mercat,237,114,123,51.9
2026-10-05T15:50:00Z,2026-10-05T17:50:00+02:00,53,dr-robert,407,151,256,62.9
2026-10-05T15:50:00Z,2026-10-05T17:50:00+02:00,54,placa-vella,297,124,173,58.2
2026-10-05T15:50:00Z,2026-10-05T17:50:00+02:00,55,ajuntament-mercat,237,113,124,52.3
2026-10-05T15:51:00Z,2026-10-05T17:51:00+02:00,53,dr-robert,407,151,256,62.9
2026-10-05T15:51:00Z,2026-10-05T17:51:00+02:00,54,placa-vella,297,124,173,58.2
2026-10-05T15:51:00Z,2026-10-05T17:51:00+02:00,55,ajuntament-mercat,237,113,124,52.3
2026-10-05T15:52:00Z,2026-10-05T17:52:00+02:00,53,dr-robert,407,151,256,62.9
2026-10-05T15:52:00Z,2026-10-05T17:52:00+02:00,54,placa-vella,297,124,173,58.2
2026-10-05T15:52:00Z,2026-10-05T17:52:00+02:00,55,ajuntament-mercat,237,113,124,52.3
2026-10-05T15:53:00Z,2026-10-05T17:53:00+02:00,53,dr-robert,407,151,256,62.9
2026-10-05T15:53:00Z,2026-10-05T17:53:00+02:00,54,placa-vella,297,124,173,58.2
2026-10-05T15:53:00Z,2026-10-05T17:53:00+02:00,55,ajuntament-mercat,237,113,124,52.3
2026-10-05T15:54:00Z,2026-10-05T17:54:00+02:00,53,dr-robert,407,151,256,62.9
2026-10-05T15:54:00Z,2026-10-05T17:54:00+02:00,54,placa-vella,297,124,173,58.2
2026-10-05T15:54:00Z,2026-10-05T17:54:00+02:00,55,ajuntament-mercat,237,113,124,52.3
2026-10-05T15:55:00Z,2026-10-05T17:55:00+02:00,53,dr-robert,407,149,258,63.4
2026-10-05T15:55:00Z,2026-10-05T17:55:00+02:00,54,placa-vella,297,127,170,57.2
2026-10-05T15:55:00Z,2026-10-05T17:55:00+02:00,55,ajuntament-mercat,237,109,128,54
2026-10-05T15:56:00Z,2026-10-05T17:56:00+02:00,53,dr-robert,407,149,258,63.4
2026-10-05T15:56:00Z,2026-10-05T17:56:00+02:00,54,placa-vella,297,127,170,57.2
2026-10-05T15:56:00Z,2026-10-05T17:56:00+02:00,55,ajuntament-mercat,237,109,128,54
2026-10-05T15:57:00Z,2026-10-05T17:57:00+02:00,53,dr-robert,407,149,258,63.4
2026-10-05T15:57:00Z,2026-10-05T17:57:00+02:00,54,placa-vella,297,127,170,57.2
2026-10-05T15:57:00Z,2026-10-05T17:57:00+02:00,55,ajuntament-mercat,237,109,128,54
2026-10-05T15:58:00Z,2026-10-05T17:58:00+02:00,53,dr-robert,407,149,258,63.4
2026-10-05T15:58:00Z,2026-10-05T17:58:00+02:00,54,placa-vella,297,127,170,57.2
2026-10-05T15:58:00Z,2026-10-05T17:58:00+02:00,55,ajuntament-mercat,237,109,128,54
2026-10-05T15:59:00Z,2026-10-05T17:59:00+02:00,53,dr-robert,407,149,258,63.4
2026-10-05T15:59:00Z,2026-10-05T17:59:00+02:00,54,placa-vella,297,127,170,57.2
2026-10-05T15:59:00Z,2026-10-05T17:59:00+02:00,55,ajuntament-mercat,237,109,128,54
2026-10-05T16:00:00Z,2026-10-05T18:00:00+02:00,53,dr-robert,407,149,258,63.4
2026-10-05T16:00:00Z,2026-10-05T18:00:00+02:00,54,placa-vella,297,127,170,57.2
2026-10-05T16:00:00Z,2026-10-05T18:00:00+02:00,55,ajuntament-mercat,237,109,128,54
2026-10-05T16:01:00Z,2026-10-05T18:01:00+02:00,53,dr-robert,407,155,252,61.9
2026-10-05T16:01:00Z,2026-10-05T18:01:00+02:00,54,placa-vella,297,126,171,57.6
2026-10-05T16:01:00Z,2026-10-05T18:01:00+02:00,55,ajuntament-mercat,237,110,127,53.6
2026-10-05T16:02:00Z,2026-10-05T18:02:00+02:00,53,dr-robert,407,155,252,61.9
2026-10-05T16:02:00Z,2026-10-05T18:02:00+02:00,54,placa-vella,297,126,171,57.6
2026-10-05T16:02:00Z,2026-10-05T18:02:00+02:00,55,ajuntament-mercat,237,110,127,53.6
2026-10-05T16:03:00Z,2026-10-05T18:03:00+02:00,53,dr-robert,407,155,252,61.9
2026-10-05T16:03:00Z,2026-10-05T18:03:00+02:00,54,placa-vella,297,126,171,57.6
2026-10-05T16:03:00Z,2026-10-05T18:03:00+02:00,55,ajuntament-mercat,237,110,127,53.6
2026-10-05T16:04:00Z,2026-10-05T18:04:00+02:00,53,dr-robert,407,155,252,61.9
2026-10-05T16:04:00Z,2026-10-05T18:04:00+02:00,54,placa-vella,297,126,171,57.6
2026-10-05T16:04:00Z,2026-10-05T18:04:00+02:00,55,ajuntament-mercat,237,110,127,53.6
2026-10-05T16:05:00Z,2026-10-05T18:05:00+02:00,53,dr-robert,407,160,247,60.7
2026-10-05T16:05:00Z,2026-10-05T18:05:00+02:00,54,placa-vella,297,126,171,57.6
2026-10-05T16:05:00Z,2026-10-05T18:05:00+02:00,55,ajuntament-mercat,237,109,128,54
2026-10-05T16:06:00Z,2026-10-05T18:06:00+02:00,53,dr-robert,407,160,247,60.7
2026-10-05T16:06:00Z,2026-10-05T18:06:00+02:00,54,placa-vella,297,126,171,57.6
2026-10-05T16:06:00Z,2026-10-05T18:06:00+02:00,55,ajuntament-mercat,237,109,128,54
2026-10-05T16:07:00Z,2026-10-05T18:07:00+02:00,53,dr-robert,407,160,247,60.7
2026-10-05T16:07:00Z,2026-10-05T18:07:00+02:00,54,placa-vella,297,126,171,57.6
2026-10-05T16:07:00Z,2026-10-05T18:07:00+02:00,55,ajuntament-mercat,237,109,128,54
2026-10-05T16:08:00Z,2026-10-05T18:08:00+02:00,53,dr-robert,407,160,247,60.7
2026-10-05T16:08:00Z,2026-10-05T18:08:00+02:00,54,placa-vella,297,126,171,57.6
2026-10-05T16:08:00Z,2026-10-05T18:08:00+02:00,55,ajuntament-mercat,237,109,128,54
2026-10-05T16:09:00Z,2026-10-05T18:09:00+02:00,53,dr-robert,407,160,247,60.7
2026-10-05T16:09:00Z,2026-10-05T18:09:00+02:00,54,placa-vella,297,126,171,57.6
2026-10-05T16:09:00Z,2026-10-05T18:09:00+02:00,55,ajuntament-mercat,237,109,128,54
2026-10-05T16:10:00Z,2026-10-05T18:10:00+02:00,53,dr-robert,407,162,245,60.2
2026-10-05T16:10:00Z,2026-10-05T18:10:00+02:00,54,placa-vella,297,125,172,57.9
2026-10-05T16:10:00Z,2026-10-05T18:10:00+02:00,55,ajuntament-mercat,237,111,126,53.2
2026-10-05T16:11:00Z,2026-10-05T18:11:00+02:00,53,dr-robert,407,162,245,60.2
2026-10-05T16:11:00Z,2026-10-05T18:11:00+02:00,54,placa-vella,297,125,172,57.9
2026-10-05T16:11:00Z,2026-10-05T18:11:00+02:00,55,ajuntament-mercat,237,111,126,53.2
2026-10-05T16:12:00Z,2026-10-05T18:12:00+02:00,53,dr-robert,407,162,245,60.2
2026-10-05T16:12:00Z,2026-10-05T18:12:00+02:00,54,placa-vella,297,125,172,57.9
2026-10-05T16:12:00Z,2026-10-05T18:12:00+02:00,55,ajuntament-mercat,237,111,126,53.2
2026-10-05T16:13:00Z,2026-10-05T18:13:00+02:00,53,dr-robert,407,162,245,60.2
2026-10-05T16:13:00Z,2026-10-05T18:13:00+02:00,54,placa-vella,297,125,172,57.9
2026-10-05T16:13:00Z,2026-10-05T18:13:00+02:00,55,ajuntament-mercat,237,111,126,53.2
2026-10-05T16:14:00Z,2026-10-05T18:14:00+02:00,53,dr-robert,407,162,245,60.2
2026-10-05T16:14:00Z,2026-10-05T18:14:00+02:00,54,placa-vella,297,125,172,57.9
2026-10-05T16:14:00Z,2026-10-05T18:14:00+02:00,55,ajuntament-mercat,237,111,126,53.2
2026-10-05T16:15:00Z,2026-10-05T18:15:00+02:00,53,dr-robert,407,161,246,60.4
2026-10-05T16:15:00Z,2026-10-05T18:15:00+02:00,54,placa-vella,297,127,170,57.2
2026-10-05T16:15:00Z,2026-10-05T18:15:00+02:00,55,ajuntament-mercat,237,109,128,54
2026-10-05T16:16:00Z,2026-10-05T18:16:00+02:00,53,dr-robert,407,161,246,60.4
2026-10-05T16:16:00Z,2026-10-05T18:16:00+02:00,54,placa-vella,297,127,170,57.2
2026-10-05T16:16:00Z,2026-10-05T18:16:00+02:00,55,ajuntament-mercat,237,109,128,54
2026-10-05T16:17:00Z,2026-10-05T18:17:00+02:00,53,dr-robert,407,161,246,60.4
2026-10-05T16:17:00Z,2026-10-05T18:17:00+02:00,54,placa-vella,297,127,170,57.2
2026-10-05T16:17:00Z,2026-10-05T18:17:00+02:00,55,ajuntament-mercat,237,109,128,54
2026-10-05T16:18:00Z,2026-10-05T18:18:00+02:00,53,dr-robert,407,161,246,60.4
2026-10-05T16:18:00Z,2026-10-05T18:18:00+02:00,54,placa-vella,297,127,170,57.2
2026-10-05T16:18:00Z,2026-10-05T18:18:00+02:00,55,ajuntament-mercat,237,109,128,54
2026-10-05T16:19:00Z,2026-10-05T18:19:00+02:00,53,dr-robert,407,161,246,60.4
2026-10-05T16:19:00Z,2026-10-05T18:19:00+02:00,54,placa-vella,297,127,170,57.2
2026-10-05T16:19:00Z,2026-10-05T18:19:00+02:00,55,ajuntament-mercat,237,109,128,54
2026-10-05T16:20:00Z,2026-10-05T18:20:00+02:00,53,dr-robert,407,162,245,60.2
2026-10-05T16:20:00Z,2026-10-05T18:20:00+02:00,54,placa-vella,297,127,170,57.2
2026-10-05T16:20:00Z,2026-10-05T18:20:00+02:00,55,ajuntament-mercat,237,114,123,51.9
2026-10-05T16:21:00Z,2026-10-05T18:21:00+02:00,53,dr-robert,407,162,245,60.2
2026-10-05T16:21:00Z,2026-10-05T18:21:00+02:00,54,placa-vella,297,127,170,57.2
2026-10-05T16:21:00Z,2026-10-05T18:21:00+02:00,55,ajuntament-mercat,237,114,123,51.9
2026-10-05T16:22:00Z,2026-10-05T18:22:00+02:00,53,dr-robert,407,162,245,60.2
2026-10-05T16:22:00Z,2026-10-05T18:22:00+02:00,54,placa-vella,297,127,170,57.2
2026-10-05T16:22:00Z,2026-10-05T18:22:00+02:00,55,ajuntament-mercat,237,114,123,51.9
2026-10-05T16:23:00Z,2026-10-05T18:23:00+02:00,53,dr-robert,407,162,245,60.2
2026-10-05T16:23:00Z,2026-10-05T18:23:00+02:00,54,placa-vella,297,127,170,57.2
2026-10-05T16:23:00Z,2026-10-05T18:23:00+02:00,55,ajuntament-mercat,237,114,123,51.9
2026-10-05T16:24:00Z,2026-10-05T18:24:00+02:00,53,dr-robert,407,162,245,60.2
2026-10-05T16:24:00Z,2026-10-05T18:24:00+02:00,54,placa-vella,297,127,170,57.2
2026-10-05T16:24:00Z,2026-10-05T18:24:00+02:00,55,ajuntament-mercat,237,114,123,51.9
2026-10-05T16:25:00Z,2026-10-05T18:25:00+02:00,53,dr-robert,407,163,244,60
2026-10-05T16:25:00Z,2026-10-05T18:25:00+02:00,54,placa-vella,297,127,170,57.2
2026-10-05T16:25:00Z,2026-10-05T18:25:00+02:00,55,ajuntament-mercat,237,115,122,51.5
2026-10-05T16:26:00Z,2026-10-05T18:26:00+02:00,53,dr-robert,407,163,244,60
2026-10-05T16:26:00Z,2026-10-05T18:26:00+02:00,54,placa-vella,297,127,170,57.2
2026-10-05T16:26:00Z,2026-10-05T18:26:00+02:00,55,ajuntament-mercat,237,115,122,51.5
2026-10-05T16:27:00Z,2026-10-05T18:27:00+02:00,53,dr-robert,407,163,244,60
2026-10-05T16:27:00Z,2026-10-05T18:27:00+02:00,54,placa-vella,297,127,170,57.2
2026-10-05T16:27:00Z,2026-10-05T18:27:00+02:00,55,ajuntament-mercat,237,115,122,51.5
2026-10-05T16:28:00Z,2026-10-05T18:28:00+02:00,53,dr-robert,407,163,244,60
2026-10-05T16:28:00Z,2026-10-05T18:28:00+02:00,54,placa-vella,297,127,170,57.2
2026-10-05T16:28:00Z,2026-10-05T18:28:00+02:00,55,ajuntament-mercat,237,115,122,51.5
2026-10-05T16:29:00Z,2026-10-05T18:29:00+02:00,53,dr-robert,407,163,244,60
2026-10-05T16:29:00Z,2026-10-05T18:29:00+02:00,54,placa-vella,297,127,170,57.2
2026-10-05T16:29:00Z,2026-10-05T18:29:00+02:00,55,ajuntament-mercat,237,115,122,51.5
2026-10-05T16:30:00Z,2026-10-05T18:30:00+02:00,53,dr-robert,407,168,239,58.7
2026-10-05T16:30:00Z,2026-10-05T18:30:00+02:00,54,placa-vella,297,125,172,57.9
2026-10-05T16:30:00Z,2026-10-05T18:30:00+02:00,55,ajuntament-mercat,237,116,121,51.1
2026-10-05T16:31:00Z,2026-10-05T18:31:00+02:00,53,dr-robert,407,168,239,58.7
2026-10-05T16:31:00Z,2026-10-05T18:31:00+02:00,54,placa-vella,297,125,172,57.9
2026-10-05T16:31:00Z,2026-10-05T18:31:00+02:00,55,ajuntament-mercat,237,116,121,51.1
2026-10-05T16:32:00Z,2026-10-05T18:32:00+02:00,53,dr-robert,407,168,239,58.7
2026-10-05T16:32:00Z,2026-10-05T18:32:00+02:00,54,placa-vella,297,125,172,57.9
2026-10-05T16:32:00Z,2026-10-05T18:32:00+02:00,55,ajuntament-mercat,237,116,121,51.1
2026-10-05T16:33:00Z,2026-10-05T18:33:00+02:00,53,dr-robert,407,168,239,58.7
2026-10-05T16:33:00Z,2026-10-05T18:33:00+02:00,54,placa-vella,297,125,172,57.9
2026-10-05T16:33:00Z,2026-10-05T18:33:00+02:00,55,ajuntament-mercat,237,116,121,51.1
2026-10-05T16:34:00Z,2026-10-05T18:34:00+02:00,53,dr-robert,407,168,239,58.7
2026-10-05T16:34:00Z,2026-10-05T18:34:00+02:00,54,placa-vella,297,125,172,57.9
2026-10-05T16:34:00Z,2026-10-05T18:34:00+02:00,55,ajuntament-mercat,237,116,121,51.1
2026-10-05T16:35:00Z,2026-10-05T18:35:00+02:00,53,dr-robert,407,159,248,60.9
2026-10-05T16:35:00Z,2026-10-05T18:35:00+02:00,54,placa-vella,297,124,173,58.2
2026-10-05T16:35:00Z,2026-10-05T18:35:00+02:00,55,ajuntament-mercat,237,118,119,50.2
2026-10-05T16:36:00Z,2026-10-05T18:36:00+02:00,53,dr-robert,407,159,248,60.9
2026-10-05T16:36:00Z,2026-10-05T18:36:00+02:00,54,placa-vella,297,124,173,58.2
2026-10-05T16:36:00Z,2026-10-05T18:36:00+02:00,55,ajuntament-mercat,237,118,119,50.2
2026-10-05T16:37:00Z,2026-10-05T18:37:00+02:00,53,dr-robert,407,159,248,60.9
2026-10-05T16:37:00Z,2026-10-05T18:37:00+02:00,54,placa-vella,297,124,173,58.2
2026-10-05T16:37:00Z,2026-10-05T18:37:00+02:00,55,ajuntament-mercat,237,118,119,50.2
2026-10-05T16:38:00Z,2026-10-05T18:38:00+02:00,53,dr-robert,407,159,248,60.9
2026-10-05T16:38:00Z,2026-10-05T18:38:00+02:00,54,placa-vella,297,124,173,58.2
2026-10-05T16:38:00Z,2026-10-05T18:38:00+02:00,55,ajuntament-mercat,237,118,119,50.2
2026-10-05T16:39:00Z,2026-10-05T18:39:00+02:00,53,dr-robert,407,159,248,60.9
2026-10-05T16:39:00Z,2026-10-05T18:39:00+02:00,54,placa-vella,297,124,173,58.2
2026-10-05T16:39:00Z,2026-10-05T18:39:00+02:00,55,ajuntament-mercat,237,118,119,50.2
2026-10-05T16:40:00Z,2026-10-05T18:40:00+02:00,53,dr-robert,407,164,243,59.7
2026-10-05T16:40:00Z,2026-10-05T18:40:00+02:00,54,placa-vella,297,128,169,56.9
2026-10-05T16:40:00Z,2026-10-05T18:40:00+02:00,55,ajuntament-mercat,237,118,119,50.2
2026-10-05T16:41:00Z,2026-10-05T18:41:00+02:00,53,dr-robert,407,164,243,59.7
2026-10-05T16:41:00Z,2026-10-05T18:41:00+02:00,54,placa-vella,297,128,169,56.9
2026-10-05T16:41:00Z,2026-10-05T18:41:00+02:00,55,ajuntament-mercat,237,118,119,50.2
2026-10-05T16:42:00Z,2026-10-05T18:42:00+02:00,53,dr-robert,407,164,243,59.7
2026-10-05T16:42:00Z,2026-10-05T18:42:00+02:00,54,placa-vella,297,128,169,56.9
2026-10-05T16:42:00Z,2026-10-05T18:42:00+02:00,55,ajuntament-mercat,237,118,119,50.2
2026-10-05T16:43:00Z,2026-10-05T18:43:00+02:00,53,dr-robert,407,164,243,59.7
2026-10-05T16:43:00Z,2026-10-05T18:43:00+02:00,54,placa-vella,297,128,169,56.9
2026-10-05T16:43:00Z,2026-10-05T18:43:00+02:00,55,ajuntament-mercat,237,118,119,50.2
2026-10-05T16:44:00Z,2026-10-05T18:44:00+02:00,53,dr-robert,407,164,243,59.7
2026-10-05T16:44:00Z,2026-10-05T18:44:00+02:00,54,placa-vella,297,128,169,56.9
2026-10-05T16:44:00Z,2026-10-05T18:44:00+02:00,55,ajuntament-mercat,237,118,119,50.2
2026-10-05T16:45:00Z,2026-10-05T18:45:00+02:00,53,dr-robert,407,167,240,59
2026-10-05T16:45:00Z,2026-10-05T18:45:00+02:00,54,placa-vella,297,125,172,57.9
2026-10-05T16:45:00Z,2026-10-05T18:45:00+02:00,55,ajuntament-mercat,237,122,115,48.5
2026-10-05T16:46:00Z,2026-10-05T18:46:00+02:00,53,dr-robert,407,167,240,59
2026-10-05T16:46:00Z,2026-10-05T18:46:00+02:00,54,placa-vella,297,125,172,57.9
2026-10-05T16:46:00Z,2026-10-05T18:46:00+02:00,55,ajuntament-mercat,237,122,115,48.5
2026-10-05T16:47:00Z,2026-10-05T18:47:00+02:00,53,dr-robert,407,167,240,59
2026-10-05T16:47:00Z,2026-10-05T18:47:00+02:00,54,placa-vella,297,125,172,57.9
2026-10-05T16:47:00Z,2026-10-05T18:47:00+02:00,55,ajuntament-mercat,237,122,115,48.5
2026-10-05T16:48:00Z,2026-10-05T18:48:00+02:00,53,dr-robert,407,167,240,59
2026-10-05T16:48:00Z,2026-10-05T18:48:00+02:00,54,placa-vella,297,125,172,57.9
2026-10-05T16:48:00Z,2026-10-05T18:48:00+02:00,55,ajuntament-mercat,237,122,115,48.5
2026-10-05T16:49:00Z,2026-10-05T18:49:00+02:00,53,dr-robert,407,167,240,59
2026-10-05T16:49:00Z,2026-10-05T18:49:00+02:00,54,placa-vella,297,125,172,57.9
2026-10-05T16:49:00Z,2026-10-05T18:49:00+02:00,55,ajuntament-mercat,237,122,115,48.5
2026-10-05T16:50:00Z,2026-10-05T18:50:00+02:00,53,dr-robert,407,165,242,59.5
2026-10-05T16:50:00Z,2026-10-05T18:50:00+02:00,54,placa-vella,297,122,175,58.9
2026-10-05T16:50:00Z,2026-10-05T18:50:00+02:00,55,ajuntament-mercat,237,121,116,48.9
2026-10-05T16:51:00Z,2026-10-05T18:51:00+02:00,53,dr-robert,407,165,242,59.5
2026-10-05T16:51:00Z,2026-10-05T18:51:00+02:00,54,placa-vella,297,122,175,58.9
2026-10-05T16:51:00Z,2026-10-05T18:51:00+02:00,55,ajuntament-mercat,237,121,116,48.9
2026-10-05T16:52:00Z,2026-10-05T18:52:00+02:00,53,dr-robert,407,165,242,59.5
2026-10-05T16:52:00Z,2026-10-05T18:52:00+02:00,54,placa-vella,297,122,175,58.9
2026-10-05T16:52:00Z,2026-10-05T18:52:00+02:00,55,ajuntament-mercat,237,121,116,48.9
2026-10-05T16:53:00Z,2026-10-05T18:53:00+02:00,53,dr-robert,407,165,242,59.5
2026-10-05T16:53:00Z,2026-10-05T18:53:00+02:00,54,placa-vella,297,122,175,58.9
2026-10-05T16:53:00Z,2026-10-05T18:53:00+02:00,55,ajuntament-mercat,237,121,116,48.9
2026-10-05T16:54:00Z,2026-10-05T18:54:00+02:00,53,dr-robert,407,165,242,59.5
2026-10-05T16:54:00Z,2026-10-05T18:54:00+02:00,54,placa-vella,297,122,175,58.9
2026-10-05T16:54:00Z,2026-10-05T18:54:00+02:00,55,ajuntament-mercat,237,121,116,48.9
2026-10-05T16:55:00Z,2026-10-05T18:55:00+02:00,53,dr-robert,407,166,241,59.2
2026-10-05T16:55:00Z,2026-10-05T18:55:00+02:00,54,placa-vella,297,124,173,58.2
2026-10-05T16:55:00Z,2026-10-05T18:55:00+02:00,55,ajuntament-mercat,237,121,116,48.9
2026-10-05T16:56:00Z,2026-10-05T18:56:00+02:00,53,dr-robert,407,166,241,59.2
2026-10-05T16:56:00Z,2026-10-05T18:56:00+02:00,54,placa-vella,297,124,173,58.2
2026-10-05T16:56:00Z,2026-10-05T18:56:00+02:00,55,ajuntament-mercat,237,121,116,48.9
2026-10-05T16:57:00Z,2026-10-05T18:57:00+02:00,53,dr-robert,407,166,241,59.2
2026-10-05T16:57:00Z,2026-10-05T18:57:00+02:00,54,placa-vella,297,124,173,58.2
2026-10-05T16:57:00Z,2026-10-05T18:57:00+02:00,55,ajuntament-mercat,237,121,116,48.9
2026-10-05T16:58:00Z,2026-10-05T18:58:00+02:00,53,dr-robert,407,166,241,59.2
2026-10-05T16:58:00Z,2026-10-05T18:58:00+02:00,54,placa-vella,297,124,173,58.2
2026-10-05T16:58:00Z,2026-10-05T18:58:00+02:00,55,ajuntament-mercat,237,121,116,48.9
2026-10-05T16:59:00Z,2026-10-05T18:59:00+02:00,53,dr-robert,407,166,241,59.2
2026-10-05T16:59:00Z,2026-10-05T18:59:00+02:00,54,placa-vella,297,124,173,58.2
2026-10-05T16:59:00Z,2026-10-05T18:59:00+02:00,55,ajuntament-mercat,237,121,116,48.9
2026-10-05T17:00:00Z,2026-10-05T19:00:00+02:00,53,dr-robert,407,166,241,59.2
2026-10-05T17:00:00Z,2026-10-05T19:00:00+02:00,54,placa-vella,297,124,173,58.2
2026-10-05T17:00:00Z,2026-10-05T19:00:00+02:00,55,ajuntament-mercat,237,121,116,48.9
2026-10-05T17:01:00Z,2026-10-05T19:01:00+02:00,53,dr-robert,407,176,231,56.8
2026-10-05T17:01:00Z,2026-10-05T19:01:00+02:00,54,placa-vella,297,120,177,59.6
2026-10-05T17:01:00Z,2026-10-05T19:01:00+02:00,55,ajuntament-mercat,237,122,115,48.5
2026-10-05T17:02:00Z,2026-10-05T19:02:00+02:00,53,dr-robert,407,176,231,56.8
2026-10-05T17:02:00Z,2026-10-05T19:02:00+02:00,54,placa-vella,297,120,177,59.6
2026-10-05T17:02:00Z,2026-10-05T19:02:00+02:00,55,ajuntament-mercat,237,122,115,48.5
2026-10-05T17:03:00Z,2026-10-05T19:03:00+02:00,53,dr-robert,407,176,231,56.8
2026-10-05T17:03:00Z,2026-10-05T19:03:00+02:00,54,placa-vella,297,120,177,59.6
2026-10-05T17:03:00Z,2026-10-05T19:03:00+02:00,55,ajuntament-mercat,237,122,115,48.5
2026-10-05T17:04:00Z,2026-10-05T19:04:00+02:00,53,dr-robert,407,176,231,56.8
2026-10-05T17:04:00Z,2026-10-05T19:04:00+02:00,54,placa-vella,297,120,177,59.6
2026-10-05T17:04:00Z,2026-10-05T19:04:00+02:00,55,ajuntament-mercat,237,122,115,48.5
2026-10-05T17:05:00Z,2026-10-05T19:05:00+02:00,53,dr-robert,407,178,229,56.3
2026-10-05T17:05:00Z,2026-10-05T19:05:00+02:00,54,placa-vella,297,118,179,60.3
2026-10-05T17:05:00Z,2026-10-05T19:05:00+02:00,55,ajuntament-mercat,237,124,113,47.7
2026-10-05T17:06:00Z,2026-10-05T19:06:00+02:00,53,dr-robert,407,178,229,56.3
2026-10-05T17:06:00Z,2026-10-05T19:06:00+02:00,54,placa-vella,297,118,179,60.3
2026-10-05T17:06:00Z,2026-10-05T19:06:00+02:00,55,ajuntament-mercat,237,124,113,47.7
2026-10-05T17:07:00Z,2026-10-05T19:07:00+02:00,53,dr-robert,407,178,229,56.3
2026-10-05T17:07:00Z,2026-10-05T19:07:00+02:00,54,placa-vella,297,118,179,60.3
2026-10-05T17:07:00Z,2026-10-05T19:07:00+02:00,55,ajuntament-mercat,237,124,113,47.7
2026-10-05T17:08:00Z,2026-10-05T19:08:00+02:00,53,dr-robert,407,178,229,56.3
2026-10-05T17:08:00Z,2026-10-05T19:08:00+02:00,54,placa-vella,297,118,179,60.3
2026-10-05T17:08:00Z,2026-10-05T19:08:00+02:00,55,ajuntament-mercat,237,124,113,47.7
2026-10-05T17:09:00Z,2026-10-05T19:09:00+02:00,53,dr-robert,407,178,229,56.3
2026-10-05T17:09:00Z,2026-10-05T19:09:00+02:00,54,placa-vella,297,118,179,60.3
2026-10-05T17:09:00Z,2026-10-05T19:09:00+02:00,55,ajuntament-mercat,237,124,113,47.7
2026-10-05T17:10:00Z,2026-10-05T19:10:00+02:00,53,dr-robert,407,178,229,56.3
2026-10-05T17:10:00Z,2026-10-05T19:10:00+02:00,54,placa-vella,297,116,181,60.9
2026-10-05T17:10:00Z,2026-10-05T19:10:00+02:00,55,ajuntament-mercat,237,126,111,46.8
2026-10-05T17:11:00Z,2026-10-05T19:11:00+02:00,53,dr-robert,407,178,229,56.3
2026-10-05T17:11:00Z,2026-10-05T19:11:00+02:00,54,placa-vella,297,116,181,60.9
2026-10-05T17:11:00Z,2026-10-05T19:11:00+02:00,55,ajuntament-mercat,237,126,111,46.8
2026-10-05T17:12:00Z,2026-10-05T19:12:00+02:00,53,dr-robert,407,178,229,56.3
2026-10-05T17:12:00Z,2026-10-05T19:12:00+02:00,54,placa-vella,297,116,181,60.9
2026-10-05T17:12:00Z,2026-10-05T19:12:00+02:00,55,ajuntament-mercat,237,126,111,46.8
2026-10-05T17:13:00Z,2026-10-05T19:13:00+02:00,53,dr-robert,407,178,229,56.3
2026-10-05T17:13:00Z,2026-10-05T19:13:00+02:00,54,placa-vella,297,116,181,60.9
2026-10-05T17:13:00Z,2026-10-05T19:13:00+02:00,55,ajuntament-mercat,237,126,111,46.8
2026-10-05T17:14:00Z,2026-10-05T19:14:00+02:00,53,dr-robert,407,178,229,56.3
2026-10-05T17:14:00Z,2026-10-05T19:14:00+02:00,54,placa-vella,297,116,181,60.9
2026-10-05T17:14:00Z,2026-10-05T19:14:00+02:00,55,ajuntament-mercat,237,126,111,46.8
2026-10-05T17:15:00Z,2026-10-05T19:15:00+02:00,53,dr-robert,407,183,224,55
2026-10-05T17:15:00Z,2026-10-05T19:15:00+02:00,54,placa-vella,297,122,175,58.9
2026-10-05T17:15:00Z,2026-10-05T19:15:00+02:00,55,ajuntament-mercat,237,125,112,47.3
2026-10-05T17:16:00Z,2026-10-05T19:16:00+02:00,53,dr-robert,407,183,224,55
2026-10-05T17:16:00Z,2026-10-05T19:16:00+02:00,54,placa-vella,297,122,175,58.9
2026-10-05T17:16:00Z,2026-10-05T19:16:00+02:00,55,ajuntament-mercat,237,125,112,47.3
2026-10-05T17:17:00Z,2026-10-05T19:17:00+02:00,53,dr-robert,407,183,224,55
2026-10-05T17:17:00Z,2026-10-05T19:17:00+02:00,54,placa-vella,297,122,175,58.9
2026-10-05T17:17:00Z,2026-10-05T19:17:00+02:00,55,ajuntament-mercat,237,125,112,47.3
2026-10-05T17:18:00Z,2026-10-05T19:18:00+02:00,53,dr-robert,407,183,224,55
2026-10-05T17:18:00Z,2026-10-05T19:18:00+02:00,54,placa-vella,297,122,175,58.9
2026-10-05T17:18:00Z,2026-10-05T19:18:00+02:00,55,ajuntament-mercat,237,125,112,47.3
2026-10-05T17:19:00Z,2026-10-05T19:19:00+02:00,53,dr-robert,407,183,224,55
2026-10-05T17:19:00Z,2026-10-05T19:19:00+02:00,54,placa-vella,297,122,175,58.9
2026-10-05T17:19:00Z,2026-10-05T19:19:00+02:00,55,ajuntament-mercat,237,125,112,47.3
2026-10-05T17:20:00Z,2026-10-05T19:20:00+02:00,53,dr-robert,407,184,223,54.8
2026-10-05T17:20:00Z,2026-10-05T19:20:00+02:00,54,placa-vella,297,127,170,57.2
2026-10-05T17:20:00Z,2026-10-05T19:20:00+02:00,55,ajuntament-mercat,237,130,107,45.1
2026-10-05T17:21:00Z,2026-10-05T19:21:00+02:00,53,dr-robert,407,184,223,54.8
2026-10-05T17:21:00Z,2026-10-05T19:21:00+02:00,54,placa-vella,297,127,170,57.2
2026-10-05T17:21:00Z,2026-10-05T19:21:00+02:00,55,ajuntament-mercat,237,130,107,45.1
2026-10-05T17:22:00Z,2026-10-05T19:22:00+02:00,53,dr-robert,407,184,223,54.8
2026-10-05T17:22:00Z,2026-10-05T19:22:00+02:00,54,placa-vella,297,127,170,57.2
2026-10-05T17:22:00Z,2026-10-05T19:22:00+02:00,55,ajuntament-mercat,237,130,107,45.1
2026-10-05T17:23:00Z,2026-10-05T19:23:00+02:00,53,dr-robert,407,184,223,54.8
2026-10-05T17:23:00Z,2026-10-05T19:23:00+02:00,54,placa-vella,297,127,170,57.2
2026-10-05T17:23:00Z,2026-10-05T19:23:00+02:00,55,ajuntament-mercat,237,130,107,45.1
2026-10-05T17:24:00Z,2026-10-05T19:24:00+02:00,53,dr-robert,407,184,223,54.8
2026-10-05T17:24:00Z,2026-10-05T19:24:00+02:00,54,placa-vella,297,127,170,57.2
2026-10-05T17:24:00Z,2026-10-05T19:24:00+02:00,55,ajuntament-mercat,237,130,107,45.1
2026-10-05T17:25:00Z,2026-10-05T19:25:00+02:00,53,dr-robert,407,194,213,52.3
2026-10-05T17:25:00Z,2026-10-05T19:25:00+02:00,54,placa-vella,297,132,165,55.6
2026-10-05T17:25:00Z,2026-10-05T19:25:00+02:00,55,ajuntament-mercat,237,132,105,44.3
2026-10-05T17:26:00Z,2026-10-05T19:26:00+02:00,53,dr-robert,407,194,213,52.3
2026-10-05T17:26:00Z,2026-10-05T19:26:00+02:00,54,placa-vella,297,132,165,55.6
2026-10-05T17:26:00Z,2026-10-05T19:26:00+02:00,55,ajuntament-mercat,237,132,105,44.3
2026-10-05T17:27:00Z,2026-10-05T19:27:00+02:00,53,dr-robert,407,194,213,52.3
2026-10-05T17:27:00Z,2026-10-05T19:27:00+02:00,54,placa-vella,297,132,165,55.6
2026-10-05T17:27:00Z,2026-10-05T19:27:00+02:00,55,ajuntament-mercat,237,132,105,44.3
2026-10-05T17:28:00Z,2026-10-05T19:28:00+02:00,53,dr-robert,407,194,213,52.3
2026-10-05T17:28:00Z,2026-10-05T19:28:00+02:00,54,placa-vella,297,132,165,55.6
2026-10-05T17:28:00Z,2026-10-05T19:28:00+02:00,55,ajuntament-mercat,237,132,105,44.3
2026-10-05T17:29:00Z,2026-10-05T19:29:00+02:00,53,dr-robert,407,194,213,52.3
2026-10-05T17:29:00Z,2026-10-05T19:29:00+02:00,54,placa-vella,297,132,165,55.6
2026-10-05T17:29:00Z,2026-10-05T19:29:00+02:00,55,ajuntament-mercat,237,132,105,44.3
2026-10-05T17:30:00Z,2026-10-05T19:30:00+02:00,53,dr-robert,407,196,211,51.8
2026-10-05T17:30:00Z,2026-10-05T19:30:00+02:00,54,placa-vella,297,136,161,54.2
2026-10-05T17:30:00Z,2026-10-05T19:30:00+02:00,55,ajuntament-mercat,237,133,104,43.9
2026-10-05T17:31:00Z,2026-10-05T19:31:00+02:00,53,dr-robert,407,196,211,51.8
2026-10-05T17:31:00Z,2026-10-05T19:31:00+02:00,54,placa-vella,297,136,161,54.2
2026-10-05T17:31:00Z,2026-10-05T19:31:00+02:00,55,ajuntament-mercat,237,133,104,43.9
2026-10-05T17:32:00Z,2026-10-05T19:32:00+02:00,53,dr-robert,407,196,211,51.8
2026-10-05T17:32:00Z,2026-10-05T19:32:00+02:00,54,placa-vella,297,136,161,54.2
2026-10-05T17:32:00Z,2026-10-05T19:32:00+02:00,55,ajuntament-mercat,237,133,104,43.9
2026-10-05T17:33:00Z,2026-10-05T19:33:00+02:00,53,dr-robert,407,196,211,51.8
2026-10-05T17:33:00Z,2026-10-05T19:33:00+02:00,54,placa-vella,297,136,161,54.2
2026-10-05T17:33:00Z,2026-10-05T19:33:00+02:00,55,ajuntament-mercat,237,133,104,43.9
2026-10-05T17:34:00Z,2026-10-05T19:34:00+02:00,53,dr-robert,407,196,211,51.8
2026-10-05T17:34:00Z,2026-10-05T19:34:00+02:00,54,placa-vella,297,136,161,54.2
2026-10-05T17:34:00Z,2026-10-05T19:34:00+02:00,55,ajuntament-mercat,237,133,104,43.9
2026-10-05T17:35:00Z,2026-10-05T19:35:00+02:00,53,dr-robert,407,192,215,52.8
2026-10-05T17:35:00Z,2026-10-05T19:35:00+02:00,54,placa-vella,297,137,160,53.9
2026-10-05T17:35:00Z,2026-10-05T19:35:00+02:00,55,ajuntament-mercat,237,139,98,41.4
2026-10-05T17:36:00Z,2026-10-05T19:36:00+02:00,53,dr-robert,407,192,215,52.8
2026-10-05T17:36:00Z,2026-10-05T19:36:00+02:00,54,placa-vella,297,137,160,53.9
2026-10-05T17:36:00Z,2026-10-05T19:36:00+02:00,55,ajuntament-mercat,237,139,98,41.4
2026-10-05T17:37:00Z,2026-10-05T19:37:00+02:00,53,dr-robert,407,192,215,52.8
2026-10-05T17:37:00Z,2026-10-05T19:37:00+02:00,54,placa-vella,297,137,160,53.9
2026-10-05T17:37:00Z,2026-10-05T19:37:00+02:00,55,ajuntament-mercat,237,139,98,41.4
2026-10-05T17:38:00Z,2026-10-05T19:38:00+02:00,53,dr-robert,407,192,215,52.8
2026-10-05T17:38:00Z,2026-10-05T19:38:00+02:00,54,placa-vella,297,137,160,53.9
2026-10-05T17:38:00Z,2026-10-05T19:38:00+02:00,55,ajuntament-mercat,237,139,98,41.4
2026-10-05T17:39:00Z,2026-10-05T19:39:00+02:00,53,dr-robert,407,192,215,52.8
2026-10-05T17:39:00Z,2026-10-05T19:39:00+02:00,54,placa-vella,297,137,160,53.9
2026-10-05T17:39:00Z,2026-10-05T19:39:00+02:00,55,ajuntament-mercat,237,139,98,41.4
2026-10-05T17:40:00Z,2026-10-05T19:40:00+02:00,53,dr-robert,407,198,209,51.4
2026-10-05T17:40:00Z,2026-10-05T19:40:00+02:00,54,placa-vella,297,133,164,55.2
2026-10-05T17:40:00Z,2026-10-05T19:40:00+02:00,55,ajuntament-mercat,237,139,98,41.4
2026-10-05T17:41:00Z,2026-10-05T19:41:00+02:00,53,dr-robert,407,198,209,51.4
2026-10-05T17:41:00Z,2026-10-05T19:41:00+02:00,54,placa-vella,297,133,164,55.2
2026-10-05T17:41:00Z,2026-10-05T19:41:00+02:00,55,ajuntament-mercat,237,139,98,41.4
2026-10-05T17:42:00Z,2026-10-05T19:42:00+02:00,53,dr-robert,407,198,209,51.4
2026-10-05T17:42:00Z,2026-10-05T19:42:00+02:00,54,placa-vella,297,133,164,55.2
2026-10-05T17:42:00Z,2026-10-05T19:42:00+02:00,55,ajuntament-mercat,237,139,98,41.4
2026-10-05T17:43:00Z,2026-10-05T19:43:00+02:00,53,dr-robert,407,198,209,51.4
2026-10-05T17:43:00Z,2026-10-05T19:43:00+02:00,54,placa-vella,297,133,164,55.2
2026-10-05T17:43:00Z,2026-10-05T19:43:00+02:00,55,ajuntament-mercat,237,139,98,41.4
2026-10-05T17:44:00Z,2026-10-05T19:44:00+02:00,53,dr-robert,407,198,209,51.4
2026-10-05T17:44:00Z,2026-10-05T19:44:00+02:00,54,placa-vella,297,133,164,55.2
2026-10-05T17:44:00Z,2026-10-05T19:44:00+02:00,55,ajuntament-mercat,237,139,98,41.4
2026-10-05T17:45:00Z,2026-10-05T19:45:00+02:00,53,dr-robert,407,198,209,51.4
2026-10-05T17:45:00Z,2026-10-05T19:45:00+02:00,54,placa-vella,297,135,162,54.5
2026-10-05T17:45:00Z,2026-10-05T19:45:00+02:00,55,ajuntament-mercat,237,139,98,41.4
2026-10-05T17:46:00Z,2026-10-05T19:46:00+02:00,53,dr-robert,407,198,209,51.4
2026-10-05T17:46:00Z,2026-10-05T19:46:00+02:00,54,placa-vella,297,135,162,54.5
2026-10-05T17:46:00Z,2026-10-05T19:46:00+02:00,55,ajuntament-mercat,237,139,98,41.4
2026-10-05T17:47:00Z,2026-10-05T19:47:00+02:00,53,dr-robert,407,198,209,51.4
2026-10-05T17:47:00Z,2026-10-05T19:47:00+02:00,54,placa-vella,297,135,162,54.5
2026-10-05T17:47:00Z,2026-10-05T19:47:00+02:00,55,ajuntament-mercat,237,139,98,41.4
2026-10-05T17:48:00Z,2026-10-05T19:48:00+02:00,53,dr-robert,407,198,209,51.4
2026-10-05T17:48:00Z,2026-10-05T19:48:00+02:00,54,placa-vella,297,135,162,54.5
2026-10-05T17:48:00Z,2026-10-05T19:48:00+02:00,55,ajuntament-mercat,237,139,98,41.4
2026-10-05T17:49:00Z,2026-10-05T19:49:00+02:00,53,dr-robert,407,198,209,51.4
2026-10-05T17:49:00Z,2026-10-05T19:49:00+02:00,54,placa-vella,297,135,162,54.5
2026-10-05T17:49:00Z,2026-10-05T19:49:00+02:00,55,ajuntament-mercat,237,139,98,41.4
2026-10-05T17:50:00Z,2026-10-05T19:50:00+02:00,53,dr-robert,407,201,206,50.6
2026-10-05T17:50:00Z,2026-10-05T19:50:00+02:00,54,placa-vella,297,142,155,52.2
2026-10-05T17:50:00Z,2026-10-05T19:50:00+02:00,55,ajuntament-mercat,237,141,96,40.5
2026-10-05T17:51:00Z,2026-10-05T19:51:00+02:00,53,dr-robert,407,201,206,50.6
2026-10-05T17:51:00Z,2026-10-05T19:51:00+02:00,54,placa-vella,297,142,155,52.2
2026-10-05T17:51:00Z,2026-10-05T19:51:00+02:00,55,ajuntament-mercat,237,141,96,40.5
2026-10-05T17:52:00Z,2026-10-05T19:52:00+02:00,53,dr-robert,407,201,206,50.6
2026-10-05T17:52:00Z,2026-10-05T19:52:00+02:00,54,placa-vella,297,142,155,52.2
2026-10-05T17:52:00Z,2026-10-05T19:52:00+02:00,55,ajuntament-mercat,237,141,96,40.5
2026-10-05T17:53:00Z,2026-10-05T19:53:00+02:00,53,dr-robert,407,201,206,50.6
2026-10-05T17:53:00Z,2026-10-05T19:53:00+02:00,54,placa-vella,297,142,155,52.2
2026-10-05T17:53:00Z,2026-10-05T19:53:00+02:00,55,ajuntament-mercat,237,141,96,40.5
2026-10-05T17:54:00Z,2026-10-05T19:54:00+02:00,53,dr-robert,407,201,206,50.6
2026-10-05T17:54:00Z,2026-10-05T19:54:00+02:00,54,placa-vella,297,142,155,52.2
2026-10-05T17:54:00Z,2026-10-05T19:54:00+02:00,55,ajuntament-mercat,237,141,96,40.5
2026-10-05T17:55:00Z,2026-10-05T19:55:00+02:00,53,dr-robert,407,199,208,51.1
2026-10-05T17:55:00Z,2026-10-05T19:55:00+02:00,54,placa-vella,297,140,157,52.9
2026-10-05T17:55:00Z,2026-10-05T19:55:00+02:00,55,ajuntament-mercat,237,145,92,38.8
2026-10-05T17:56:00Z,2026-10-05T19:56:00+02:00,53,dr-robert,407,199,208,51.1
2026-10-05T17:56:00Z,2026-10-05T19:56:00+02:00,54,placa-vella,297,140,157,52.9
2026-10-05T17:56:00Z,2026-10-05T19:56:00+02:00,55,ajuntament-mercat,237,145,92,38.8
2026-10-05T17:57:00Z,2026-10-05T19:57:00+02:00,53,dr-robert,407,199,208,51.1
2026-10-05T17:57:00Z,2026-10-05T19:57:00+02:00,54,placa-vella,297,140,157,52.9
2026-10-05T17:57:00Z,2026-10-05T19:57:00+02:00,55,ajuntament-mercat,237,145,92,38.8
2026-10-05T17:58:00Z,2026-10-05T19:58:00+02:00,53,dr-robert,407,199,208,51.1
2026-10-05T17:58:00Z,2026-10-05T19:58:00+02:00,54,placa-vella,297,140,157,52.9
2026-10-05T17:58:00Z,2026-10-05T19:58:00+02:00,55,ajuntament-mercat,237,145,92,38.8
2026-10-05T17:59:00Z,2026-10-05T19:59:00+02:00,53,dr-robert,407,199,208,51.1
2026-10-05T17:59:00Z,2026-10-05T19:59:00+02:00,54,placa-vella,297,140,157,52.9
2026-10-05T17:59:00Z,2026-10-05T19:59:00+02:00,55,ajuntament-mercat,237,145,92,38.8
2026-10-05T18:00:00Z,2026-10-05T20:00:00+02:00,53,dr-robert,407,199,208,51.1
2026-10-05T18:00:00Z,2026-10-05T20:00:00+02:00,54,placa-vella,297,140,157,52.9
2026-10-05T18:00:00Z,2026-10-05T20:00:00+02:00,55,ajuntament-mercat,237,145,92,38.8
2026-10-05T18:01:00Z,2026-10-05T20:01:00+02:00,53,dr-robert,407,208,199,48.9
2026-10-05T18:01:00Z,2026-10-05T20:01:00+02:00,54,placa-vella,297,148,149,50.2
2026-10-05T18:01:00Z,2026-10-05T20:01:00+02:00,55,ajuntament-mercat,237,145,92,38.8
2026-10-05T18:02:00Z,2026-10-05T20:02:00+02:00,53,dr-robert,407,208,199,48.9
2026-10-05T18:02:00Z,2026-10-05T20:02:00+02:00,54,placa-vella,297,148,149,50.2
2026-10-05T18:02:00Z,2026-10-05T20:02:00+02:00,55,ajuntament-mercat,237,145,92,38.8
2026-10-05T18:03:00Z,2026-10-05T20:03:00+02:00,53,dr-robert,407,208,199,48.9
2026-10-05T18:03:00Z,2026-10-05T20:03:00+02:00,54,placa-vella,297,148,149,50.2
2026-10-05T18:03:00Z,2026-10-05T20:03:00+02:00,55,ajuntament-mercat,237,145,92,38.8
2026-10-05T18:04:00Z,2026-10-05T20:04:00+02:00,53,dr-robert,407,208,199,48.9
2026-10-05T18:04:00Z,2026-10-05T20:04:00+02:00,54,placa-vella,297,148,149,50.2
2026-10-05T18:04:00Z,2026-10-05T20:04:00+02:00,55,ajuntament-mercat,237,145,92,38.8
2026-10-05T18:05:00Z,2026-10-05T20:05:00+02:00,53,dr-robert,407,209,198,48.6
2026-10-05T18:05:00Z,2026-10-05T20:05:00+02:00,54,placa-vella,297,151,146,49.2
2026-10-05T18:05:00Z,2026-10-05T20:05:00+02:00,55,ajuntament-mercat,237,146,91,38.4
2026-10-05T18:06:00Z,2026-10-05T20:06:00+02:00,53,dr-robert,407,209,198,48.6
2026-10-05T18:06:00Z,2026-10-05T20:06:00+02:00,54,placa-vella,297,151,146,49.2
2026-10-05T18:06:00Z,2026-10-05T20:06:00+02:00,55,ajuntament-mercat,237,146,91,38.4
2026-10-05T18:07:00Z,2026-10-05T20:07:00+02:00,53,dr-robert,407,209,198,48.6
2026-10-05T18:07:00Z,2026-10-05T20:07:00+02:00,54,placa-vella,297,151,146,49.2
2026-10-05T18:07:00Z,2026-10-05T20:07:00+02:00,55,ajuntament-mercat,237,146,91,38.4
2026-10-05T18:08:00Z,2026-10-05T20:08:00+02:00,53,dr-robert,407,209,198,48.6
2026-10-05T18:08:00Z,2026-10-05T20:08:00+02:00,54,placa-vella,297,151,146,49.2
2026-10-05T18:08:00Z,2026-10-05T20:08:00+02:00,55,ajuntament-mercat,237,146,91,38.4
2026-10-05T18:09:00Z,2026-10-05T20:09:00+02:00,53,dr-robert,407,209,198,48.6
2026-10-05T18:09:00Z,2026-10-05T20:09:00+02:00,54,placa-vella,297,151,146,49.2
2026-10-05T18:09:00Z,2026-10-05T20:09:00+02:00,55,ajuntament-mercat,237,146,91,38.4
2026-10-05T18:10:00Z,2026-10-05T20:10:00+02:00,53,dr-robert,407,217,190,46.7
2026-10-05T18:10:00Z,2026-10-05T20:10:00+02:00,54,placa-vella,297,160,137,46.1
2026-10-05T18:10:00Z,2026-10-05T20:10:00+02:00,55,ajuntament-mercat,237,147,90,38
2026-10-05T18:11:00Z,2026-10-05T20:11:00+02:00,53,dr-robert,407,217,190,46.7
2026-10-05T18:11:00Z,2026-10-05T20:11:00+02:00,54,placa-vella,297,160,137,46.1
2026-10-05T18:11:00Z,2026-10-05T20:11:00+02:00,55,ajuntament-mercat,237,147,90,38
2026-10-05T18:12:00Z,2026-10-05T20:12:00+02:00,53,dr-robert,407,217,190,46.7
2026-10-05T18:12:00Z,2026-10-05T20:12:00+02:00,54,placa-vella,297,160,137,46.1
2026-10-05T18:12:00Z,2026-10-05T20:12:00+02:00,55,ajuntament-mercat,237,147,90,38
2026-10-05T18:13:00Z,2026-10-05T20:13:00+02:00,53,dr-robert,407,217,190,46.7
2026-10-05T18:13:00Z,2026-10-05T20:13:00+02:00,54,placa-vella,297,160,137,46.1
2026-10-05T18:13:00Z,2026-10-05T20:13:00+02:00,55,ajuntament-mercat,237,147,90,38
2026-10-05T18:14:00Z,2026-10-05T20:14:00+02:00,53,dr-robert,407,217,190,46.7
2026-10-05T18:14:00Z,2026-10-05T20:14:00+02:00,54,placa-vella,297,160,137,46.1
2026-10-05T18:14:00Z,2026-10-05T20:14:00+02:00,55,ajuntament-mercat,237,147,90,38
2026-10-05T18:15:00Z,2026-10-05T20:15:00+02:00,53,dr-robert,407,220,187,45.9
2026-10-05T18:15:00Z,2026-10-05T20:15:00+02:00,54,placa-vella,297,169,128,43.1
2026-10-05T18:15:00Z,2026-10-05T20:15:00+02:00,55,ajuntament-mercat,237,147,90,38
2026-10-05T18:16:00Z,2026-10-05T20:16:00+02:00,53,dr-robert,407,220,187,45.9
2026-10-05T18:16:00Z,2026-10-05T20:16:00+02:00,54,placa-vella,297,169,128,43.1
2026-10-05T18:16:00Z,2026-10-05T20:16:00+02:00,55,ajuntament-mercat,237,147,90,38
2026-10-05T18:17:00Z,2026-10-05T20:17:00+02:00,53,dr-robert,407,220,187,45.9
2026-10-05T18:17:00Z,2026-10-05T20:17:00+02:00,54,placa-vella,297,169,128,43.1
2026-10-05T18:17:00Z,2026-10-05T20:17:00+02:00,55,ajuntament-mercat,237,147,90,38
2026-10-05T18:18:00Z,2026-10-05T20:18:00+02:00,53,dr-robert,407,220,187,45.9
2026-10-05T18:18:00Z,2026-10-05T20:18:00+02:00,54,placa-vella,297,169,128,43.1
2026-10-05T18:18:00Z,2026-10-05T20:18:00+02:00,55,ajuntament-mercat,237,147,90,38
2026-10-05T18:19:00Z,2026-10-05T20:19:00+02:00,53,dr-robert,407,220,187,45.9
2026-10-05T18:19:00Z,2026-10-05T20:19:00+02:00,54,placa-vella,297,169,128,43.1
2026-10-05T18:19:00Z,2026-10-05T20:19:00+02:00,55,ajuntament-mercat,237,147,90,38
2026-10-05T18:20:00Z,2026-10-05T20:20:00+02:00,53,dr-robert,407,225,182,44.7
2026-10-05T18:20:00Z,2026-10-05T20:20:00+02:00,54,placa-vella,297,171,126,42.4
2026-10-05T18:20:00Z,2026-10-05T20:20:00+02:00,55,ajuntament-mercat,237,147,90,38
2026-10-05T18:21:00Z,2026-10-05T20:21:00+02:00,53,dr-robert,407,225,182,44.7
2026-10-05T18:21:00Z,2026-10-05T20:21:00+02:00,54,placa-vella,297,171,126,42.4
2026-10-05T18:21:00Z,2026-10-05T20:21:00+02:00,55,ajuntament-mercat,237,147,90,38
2026-10-05T18:22:00Z,2026-10-05T20:22:00+02:00,53,dr-robert,407,225,182,44.7
2026-10-05T18:22:00Z,2026-10-05T20:22:00+02:00,54,placa-vella,297,171,126,42.4
2026-10-05T18:22:00Z,2026-10-05T20:22:00+02:00,55,ajuntament-mercat,237,147,90,38
2026-10-05T18:23:00Z,2026-10-05T20:23:00+02:00,53,dr-robert,407,225,182,44.7
2026-10-05T18:23:00Z,2026-10-05T20:23:00+02:00,54,placa-vella,297,171,126,42.4
2026-10-05T18:23:00Z,2026-10-05T20:23:00+02:00,55,ajuntament-mercat,237,147,90,38
2026-10-05T18:24:00Z,2026-10-05T20:24:00+02:00,53,dr-robert,407,225,182,44.7
2026-10-05T18:24:00Z,2026-10-05T20:24:00+02:00,54,placa-vella,297,171,126,42.4
2026-10-05T18:24:00Z,2026-10-05T20:24:00+02:00,55,ajuntament-mercat,237,147,90,38
2026-10-05T18:25:00Z,2026-10-05T20:25:00+02:00,53,dr-robert,407,228,179,44
2026-10-05T18:25:00Z,2026-10-05T20:25:00+02:00,54,placa-vella,297,174,123,41.4
2026-10-05T18:25:00Z,2026-10-05T20:25:00+02:00,55,ajuntament-mercat,237,152,85,35.9
2026-10-05T18:26:00Z,2026-10-05T20:26:00+02:00,53,dr-robert,407,228,179,44
2026-10-05T18:26:00Z,2026-10-05T20:26:00+02:00,54,placa-vella,297,174,123,41.4
2026-10-05T18:26:00Z,2026-10-05T20:26:00+02:00,55,ajuntament-mercat,237,152,85,35.9
2026-10-05T18:27:00Z,2026-10-05T20:27:00+02:00,53,dr-robert,407,228,179,44
2026-10-05T18:27:00Z,2026-10-05T20:27:00+02:00,54,placa-vella,297,174,123,41.4
2026-10-05T18:27:00Z,2026-10-05T20:27:00+02:00,55,ajuntament-mercat,237,152,85,35.9
2026-10-05T18:28:00Z,2026-10-05T20:28:00+02:00,53,dr-robert,407,228,179,44
2026-10-05T18:28:00Z,2026-10-05T20:28:00+02:00,54,placa-vella,297,174,123,41.4
2026-10-05T18:28:00Z,2026-10-05T20:28:00+02:00,55,ajuntament-mercat,237,152,85,35.9
2026-10-05T18:29:00Z,2026-10-05T20:29:00+02:00,53,dr-robert,407,228,179,44
2026-10-05T18:29:00Z,2026-10-05T20:29:00+02:00,54,placa-vella,297,174,123,41.4
2026-10-05T18:29:00Z,2026-10-05T20:29:00+02:00,55,ajuntament-mercat,237,152,85,35.9
2026-10-05T18:30:00Z,2026-10-05T20:30:00+02:00,53,dr-robert,407,234,173,42.5
2026-10-05T18:30:00Z,2026-10-05T20:30:00+02:00,54,placa-vella,297,181,116,39.1
2026-10-05T18:30:00Z,2026-10-05T20:30:00+02:00,55,ajuntament-mercat,237,155,82,34.6
2026-10-05T18:31:00Z,2026-10-05T20:31:00+02:00,53,dr-robert,407,234,173,42.5
2026-10-05T18:31:00Z,2026-10-05T20:31:00+02:00,54,placa-vella,297,181,116,39.1
2026-10-05T18:31:00Z,2026-10-05T20:31:00+02:00,55,ajuntament-mercat,237,155,82,34.6
2026-10-05T18:32:00Z,2026-10-05T20:32:00+02:00,53,dr-robert,407,234,173,42.5
2026-10-05T18:32:00Z,2026-10-05T20:32:00+02:00,54,placa-vella,297,181,116,39.1
2026-10-05T18:32:00Z,2026-10-05T20:32:00+02:00,55,ajuntament-mercat,237,155,82,34.6
2026-10-05T18:33:00Z,2026-10-05T20:33:00+02:00,53,dr-robert,407,234,173,42.5
2026-10-05T18:33:00Z,2026-10-05T20:33:00+02:00,54,placa-vella,297,181,116,39.1
2026-10-05T18:33:00Z,2026-10-05T20:33:00+02:00,55,ajuntament-mercat,237,155,82,34.6
2026-10-05T18:34:00Z,2026-10-05T20:34:00+02:00,53,dr-robert,407,234,173,42.5
2026-10-05T18:34:00Z,2026-10-05T20:34:00+02:00,54,placa-vella,297,181,116,39.1
2026-10-05T18:34:00Z,2026-10-05T20:34:00+02:00,55,ajuntament-mercat,237,155,82,34.6
2026-10-05T18:35:00Z,2026-10-05T20:35:00+02:00,53,dr-robert,407,239,168,41.3
2026-10-05T18:35:00Z,2026-10-05T20:35:00+02:00,54,placa-vella,297,180,117,39.4
2026-10-05T18:35:00Z,2026-10-05T20:35:00+02:00,55,ajuntament-mercat,237,159,78,32.9
2026-10-05T18:36:00Z,2026-10-05T20:36:00+02:00,53,dr-robert,407,239,168,41.3
2026-10-05T18:36:00Z,2026-10-05T20:36:00+02:00,54,placa-vella,297,180,117,39.4
2026-10-05T18:36:00Z,2026-10-05T20:36:00+02:00,55,ajuntament-mercat,237,159,78,32.9
2026-10-05T18:37:00Z,2026-10-05T20:37:00+02:00,53,dr-robert,407,239,168,41.3
2026-10-05T18:37:00Z,2026-10-05T20:37:00+02:00,54,placa-vella,297,180,117,39.4
2026-10-05T18:37:00Z,2026-10-05T20:37:00+02:00,55,ajuntament-mercat,237,159,78,32.9
2026-10-05T18:38:00Z,2026-10-05T20:38:00+02:00,53,dr-robert,407,239,168,41.3
2026-10-05T18:38:00Z,2026-10-05T20:38:00+02:00,54,placa-vella,297,180,117,39.4
2026-10-05T18:38:00Z,2026-10-05T20:38:00+02:00,55,ajuntament-mercat,237,159,78,32.9
2026-10-05T18:39:00Z,2026-10-05T20:39:00+02:00,53,dr-robert,407,239,168,41.3
2026-10-05T18:39:00Z,2026-10-05T20:39:00+02:00,54,placa-vella,297,180,117,39.4
2026-10-05T18:39:00Z,2026-10-05T20:39:00+02:00,55,ajuntament-mercat,237,159,78,32.9
2026-10-05T18:40:00Z,2026-10-05T20:40:00+02:00,53,dr-robert,407,239,168,41.3
2026-10-05T18:40:00Z,2026-10-05T20:40:00+02:00,54,placa-vella,297,184,113,38
2026-10-05T18:40:00Z,2026-10-05T20:40:00+02:00,55,ajuntament-mercat,237,164,73,30.8
2026-10-05T18:41:00Z,2026-10-05T20:41:00+02:00,53,dr-robert,407,239,168,41.3
2026-10-05T18:41:00Z,2026-10-05T20:41:00+02:00,54,placa-vella,297,184,113,38
2026-10-05T18:41:00Z,2026-10-05T20:41:00+02:00,55,ajuntament-mercat,237,164,73,30.8
2026-10-05T18:42:00Z,2026-10-05T20:42:00+02:00,53,dr-robert,407,239,168,41.3
2026-10-05T18:42:00Z,2026-10-05T20:42:00+02:00,54,placa-vella,297,184,113,38
2026-10-05T18:42:00Z,2026-10-05T20:42:00+02:00,55,ajuntament-mercat,237,164,73,30.8
2026-10-05T18:43:00Z,2026-10-05T20:43:00+02:00,53,dr-robert,407,239,168,41.3
2026-10-05T18:43:00Z,2026-10-05T20:43:00+02:00,54,placa-vella,297,184,113,38
2026-10-05T18:43:00Z,2026-10-05T20:43:00+02:00,55,ajuntament-mercat,237,164,73,30.8
2026-10-05T18:44:00Z,2026-10-05T20:44:00+02:00,53,dr-robert,407,239,168,41.3
2026-10-05T18:44:00Z,2026-10-05T20:44:00+02:00,54,placa-vella,297,184,113,38
2026-10-05T18:44:00Z,2026-10-05T20:44:00+02:00,55,ajuntament-mercat,237,164,73,30.8
2026-10-05T18:45:00Z,2026-10-05T20:45:00+02:00,53,dr-robert,407,244,163,40
2026-10-05T18:45:00Z,2026-10-05T20:45:00+02:00,54,placa-vella,297,190,107,36
2026-10-05T18:45:00Z,2026-10-05T20:45:00+02:00,55,ajuntament-mercat,237,166,71,30
2026-10-05T18:46:00Z,2026-10-05T20:46:00+02:00,53,dr-robert,407,244,163,40
2026-10-05T18:46:00Z,2026-10-05T20:46:00+02:00,54,placa-vella,297,190,107,36
2026-10-05T18:46:00Z,2026-10-05T20:46:00+02:00,55,ajuntament-mercat,237,166,71,30
2026-10-05T18:47:00Z,2026-10-05T20:47:00+02:00,53,dr-robert,407,244,163,40
2026-10-05T18:47:00Z,2026-10-05T20:47:00+02:00,54,placa-vella,297,190,107,36
2026-10-05T18:47:00Z,2026-10-05T20:47:00+02:00,55,ajuntament-mercat,237,166,71,30
2026-10-05T18:48:00Z,2026-10-05T20:48:00+02:00,53,dr-robert,407,244,163,40
2026-10-05T18:48:00Z,2026-10-05T20:48:00+02:00,54,placa-vella,297,190,107,36
2026-10-05T18:48:00Z,2026-10-05T20:48:00+02:00,55,ajuntament-mercat,237,166,71,30
2026-10-05T18:49:00Z,2026-10-05T20:49:00+02:00,53,dr-robert,407,244,163,40
2026-10-05T18:49:00Z,2026-10-05T20:49:00+02:00,54,placa-vella,297,190,107,36
2026-10-05T18:49:00Z,2026-10-05T20:49:00+02:00,55,ajuntament-mercat,237,166,71,30
2026-10-05T18:50:00Z,2026-10-05T20:50:00+02:00,53,dr-robert,407,248,159,39.1
2026-10-05T18:50:00Z,2026-10-05T20:50:00+02:00,54,placa-vella,297,193,104,35
2026-10-05T18:50:00Z,2026-10-05T20:50:00+02:00,55,ajuntament-mercat,237,170,67,28.3
2026-10-05T18:51:00Z,2026-10-05T20:51:00+02:00,53,dr-robert,407,248,159,39.1
2026-10-05T18:51:00Z,2026-10-05T20:51:00+02:00,54,placa-vella,297,193,104,35
2026-10-05T18:51:00Z,2026-10-05T20:51:00+02:00,55,ajuntament-mercat,237,170,67,28.3
2026-10-05T18:52:00Z,2026-10-05T20:52:00+02:00,53,dr-robert,407,248,159,39.1
2026-10-05T18:52:00Z,2026-10-05T20:52:00+02:00,54,placa-vella,297,193,104,35
2026-10-05T18:52:00Z,2026-10-05T20:52:00+02:00,55,ajuntament-mercat,237,170,67,28.3
2026-10-05T18:53:00Z,2026-10-05T20:53:00+02:00,53,dr-robert,407,248,159,39.1
2026-10-05T18:53:00Z,2026-10-05T20:53:00+02:00,54,placa-vella,297,193,104,35
2026-10-05T18:53:00Z,2026-10-05T20:53:00+02:00,55,ajuntament-mercat,237,170,67,28.3
2026-10-05T18:54:00Z,2026-10-05T20:54:00+02:00,53,dr-robert,407,248,159,39.1
2026-10-05T18:54:00Z,2026-10-05T20:54:00+02:00,54,placa-vella,297,193,104,35
2026-10-05T18:54:00Z,2026-10-05T20:54:00+02:00,55,ajuntament-mercat,237,170,67,28.3
2026-10-05T18:55:00Z,2026-10-05T20:55:00+02:00,53,dr-robert,407,249,158,38.8
2026-10-05T18:55:00Z,2026-10-05T20:55:00+02:00,54,placa-vella,297,195,102,34.3
2026-10-05T18:55:00Z,2026-10-05T20:55:00+02:00,55,ajuntament-mercat,237,175,62,26.2
2026-10-05T18:56:00Z,2026-10-05T20:56:00+02:00,53,dr-robert,407,249,158,38.8
2026-10-05T18:56:00Z,2026-10-05T20:56:00+02:00,54,placa-vella,297,195,102,34.3
2026-10-05T18:56:00Z,2026-10-05T20:56:00+02:00,55,ajuntament-mercat,237,175,62,26.2
2026-10-05T18:57:00Z,2026-10-05T20:57:00+02:00,53,dr-robert,407,249,158,38.8
2026-10-05T18:57:00Z,2026-10-05T20:57:00+02:00,54,placa-vella,297,195,102,34.3
2026-10-05T18:57:00Z,2026-10-05T20:57:00+02:00,55,ajuntament-mercat,237,175,62,26.2
2026-10-05T18:58:00Z,2026-10-05T20:58:00+02:00,53,dr-robert,407,249,158,38.8
2026-10-05T18:58:00Z,2026-10-05T20:58:00+02:00,54,placa-vella,297,195,102,34.3
2026-10-05T18:58:00Z,2026-10-05T20:58:00+02:00,55,ajuntament-mercat,237,175,62,26.2
2026-10-05T18:59:00Z,2026-10-05T20:59:00+02:00,53,dr-robert,407,249,158,38.8
2026-10-05T18:59:00Z,2026-10-05T20:59:00+02:00,54,placa-vella,297,195,102,34.3
2026-10-05T18:59:00Z,2026-10-05T20:59:00+02:00,55,ajuntament-mercat,237,175,62,26.2
2026-10-05T19:00:00Z,2026-10-05T21:00:00+02:00,53,dr-robert,407,249,158,38.8
2026-10-05T19:00:00Z,2026-10-05T21:00:00+02:00,54,placa-vella,297,195,102,34.3
2026-10-05T19:00:00Z,2026-10-05T21:00:00+02:00,55,ajuntament-mercat,237,175,62,26.2
2026-10-05T19:01:00Z,2026-10-05T21:01:00+02:00,53,dr-robert,407,249,158,38.8
2026-10-05T19:01:00Z,2026-10-05T21:01:00+02:00,54,placa-vella,297,193,104,35
2026-10-05T19:01:00Z,2026-10-05T21:01:00+02:00,55,ajuntament-mercat,237,173,64,27
2026-10-05T19:02:00Z,2026-10-05T21:02:00+02:00,53,dr-robert,407,249,158,38.8
2026-10-05T19:02:00Z,2026-10-05T21:02:00+02:00,54,placa-vella,297,193,104,35
2026-10-05T19:02:00Z,2026-10-05T21:02:00+02:00,55,ajuntament-mercat,237,173,64,27
2026-10-05T19:03:00Z,2026-10-05T21:03:00+02:00,53,dr-robert,407,249,158,38.8
2026-10-05T19:03:00Z,2026-10-05T21:03:00+02:00,54,placa-vella,297,193,104,35
2026-10-05T19:03:00Z,2026-10-05T21:03:00+02:00,55,ajuntament-mercat,237,173,64,27
2026-10-05T19:04:00Z,2026-10-05T21:04:00+02:00,53,dr-robert,407,249,158,38.8
2026-10-05T19:04:00Z,2026-10-05T21:04:00+02:00,54,placa-vella,297,193,104,35
2026-10-05T19:04:00Z,2026-10-05T21:04:00+02:00,55,ajuntament-mercat,237,173,64,27
2026-10-05T19:05:00Z,2026-10-05T21:05:00+02:00,53,dr-robert,407,249,158,38.8
2026-10-05T19:05:00Z,2026-10-05T21:05:00+02:00,54,placa-vella,297,196,101,34
2026-10-05T19:05:00Z,2026-10-05T21:05:00+02:00,55,ajuntament-mercat,237,174,63,26.6
2026-10-05T19:06:00Z,2026-10-05T21:06:00+02:00,53,dr-robert,407,249,158,38.8
2026-10-05T19:06:00Z,2026-10-05T21:06:00+02:00,54,placa-vella,297,196,101,34
2026-10-05T19:06:00Z,2026-10-05T21:06:00+02:00,55,ajuntament-mercat,237,174,63,26.6
2026-10-05T19:07:00Z,2026-10-05T21:07:00+02:00,53,dr-robert,407,249,158,38.8
2026-10-05T19:07:00Z,2026-10-05T21:07:00+02:00,54,placa-vella,297,196,101,34
2026-10-05T19:07:00Z,2026-10-05T21:07:00+02:00,55,ajuntament-mercat,237,174,63,26.6
2026-10-05T19:08:00Z,2026-10-05T21:08:00+02:00,53,dr-robert,407,249,158,38.8
2026-10-05T19:08:00Z,2026-10-05T21:08:00+02:00,54,placa-vella,297,196,101,34
2026-10-05T19:08:00Z,2026-10-05T21:08:00+02:00,55,ajuntament-mercat,237,174,63,26.6
2026-10-05T19:09:00Z,2026-10-05T21:09:00+02:00,53,dr-robert,407,249,158,38.8
2026-10-05T19:09:00Z,2026-10-05T21:09:00+02:00,54,placa-vella,297,196,101,34
2026-10-05T19:09:00Z,2026-10-05T21:09:00+02:00,55,ajuntament-mercat,237,174,63,26.6
2026-10-05T19:10:00Z,2026-10-05T21:10:00+02:00,53,dr-robert,407,256,151,37.1
2026-10-05T19:10:00Z,2026-10-05T21:10:00+02:00,54,placa-vella,297,196,101,34
2026-10-05T19:10:00Z,2026-10-05T21:10:00+02:00,55,ajuntament-mercat,237,177,60,25.3
2026-10-05T19:11:00Z,2026-10-05T21:11:00+02:00,53,dr-robert,407,256,151,37.1
2026-10-05T19:11:00Z,2026-10-05T21:11:00+02:00,54,placa-vella,297,196,101,34
2026-10-05T19:11:00Z,2026-10-05T21:11:00+02:00,55,ajuntament-mercat,237,177,60,25.3
2026-10-05T19:12:00Z,2026-10-05T21:12:00+02:00,53,dr-robert,407,256,151,37.1
2026-10-05T19:12:00Z,2026-10-05T21:12:00+02:00,54,placa-vella,297,196,101,34
2026-10-05T19:12:00Z,2026-10-05T21:12:00+02:00,55,ajuntament-mercat,237,177,60,25.3
2026-10-05T19:13:00Z,2026-10-05T21:13:00+02:00,53,dr-robert,407,256,151,37.1
2026-10-05T19:13:00Z,2026-10-05T21:13:00+02:00,54,placa-vella,297,196,101,34
2026-10-05T19:13:00Z,2026-10-05T21:13:00+02:00,55,ajuntament-mercat,237,177,60,25.3
2026-10-05T19:14:00Z,2026-10-05T21:14:00+02:00,53,dr-robert,407,256,151,37.1
2026-10-05T19:14:00Z,2026-10-05T21:14:00+02:00,54,placa-vella,297,196,101,34
2026-10-05T19:14:00Z,2026-10-05T21:14:00+02:00,55,ajuntament-mercat,237,177,60,25.3
2026-10-05T19:15:00Z,2026-10-05T21:15:00+02:00,53,dr-robert,407,259,148,36.4
2026-10-05T19:15:00Z,2026-10-05T21:15:00+02:00,54,placa-vella,297,197,100,33.7
2026-10-05T19:15:00Z,2026-10-05T21:15:00+02:00,55,ajuntament-mercat,237,179,58,24.5
2026-10-05T19:16:00Z,2026-10-05T21:16:00+02:00,53,dr-robert,407,259,148,36.4
2026-10-05T19:16:00Z,2026-10-05T21:16:00+02:00,54,placa-vella,297,197,100,33.7
2026-10-05T19:16:00Z,2026-10-05T21:16:00+02:00,55,ajuntament-mercat,237,179,58,24.5
2026-10-05T19:17:00Z,2026-10-05T21:17:00+02:00,53,dr-robert,407,259,148,36.4
2026-10-05T19:17:00Z,2026-10-05T21:17:00+02:00,54,placa-vella,297,197,100,33.7
2026-10-05T19:17:00Z,2026-10-05T21:17:00+02:00,55,ajuntament-mercat,237,179,58,24.5
2026-10-05T19:18:00Z,2026-10-05T21:18:00+02:00,53,dr-robert,407,259,148,36.4
2026-10-05T19:18:00Z,2026-10-05T21:18:00+02:00,54,placa-vella,297,197,100,33.7
2026-10-05T19:18:00Z,2026-10-05T21:18:00+02:00,55,ajuntament-mercat,237,179,58,24.5
2026-10-05T19:19:00Z,2026-10-05T21:19:00+02:00,53,dr-robert,407,259,148,36.4
2026-10-05T19:19:00Z,2026-10-05T21:19:00+02:00,54,placa-vella,297,197,100,33.7
2026-10-05T19:19:00Z,2026-10-05T21:19:00+02:00,55,ajuntament-mercat,237,179,58,24.5
2026-10-05T19:20:00Z,2026-10-05T21:20:00+02:00,53,dr-robert,407,262,145,35.6
2026-10-05T19:20:00Z,2026-10-05T21:20:00+02:00,54,placa-vella,297,199,98,33
2026-10-05T19:20:00Z,2026-10-05T21:20:00+02:00,55,ajuntament-mercat,237,180,57,24.1
2026-10-05T19:21:00Z,2026-10-05T21:21:00+02:00,53,dr-robert,407,262,145,35.6
2026-10-05T19:21:00Z,2026-10-05T21:21:00+02:00,54,placa-vella,297,199,98,33
2026-10-05T19:21:00Z,2026-10-05T21:21:00+02:00,55,ajuntament-mercat,237,180,57,24.1
2026-10-05T19:22:00Z,2026-10-05T21:22:00+02:00,53,dr-robert,407,262,145,35.6
2026-10-05T19:22:00Z,2026-10-05T21:22:00+02:00,54,placa-vella,297,199,98,33
2026-10-05T19:22:00Z,2026-10-05T21:22:00+02:00,55,ajuntament-mercat,237,180,57,24.1
2026-10-05T19:23:00Z,2026-10-05T21:23:00+02:00,53,dr-robert,407,262,145,35.6
2026-10-05T19:23:00Z,2026-10-05T21:23:00+02:00,54,placa-vella,297,199,98,33
2026-10-05T19:23:00Z,2026-10-05T21:23:00+02:00,55,ajuntament-mercat,237,180,57,24.1
2026-10-05T19:24:00Z,2026-10-05T21:24:00+02:00,53,dr-robert,407,262,145,35.6
2026-10-05T19:24:00Z,2026-10-05T21:24:00+02:00,54,placa-vella,297,199,98,33
2026-10-05T19:24:00Z,2026-10-05T21:24:00+02:00,55,ajuntament-mercat,237,180,57,24.1
2026-10-05T19:25:00Z,2026-10-05T21:25:00+02:00,53,dr-robert,407,268,139,34.2
2026-10-05T19:25:00Z,2026-10-05T21:25:00+02:00,54,placa-vella,297,199,98,33
2026-10-05T19:25:00Z,2026-10-05T21:25:00+02:00,55,ajuntament-mercat,237,181,56,23.6
2026-10-05T19:26:00Z,2026-10-05T21:26:00+02:00,53,dr-robert,407,268,139,34.2
2026-10-05T19:26:00Z,2026-10-05T21:26:00+02:00,54,placa-vella,297,199,98,33
2026-10-05T19:26:00Z,2026-10-05T21:26:00+02:00,55,ajuntament-mercat,237,181,56,23.6
2026-10-05T19:27:00Z,2026-10-05T21:27:00+02:00,53,dr-robert,407,268,139,34.2
2026-10-05T19:27:00Z,2026-10-05T21:27:00+02:00,54,placa-vella,297,199,98,33
2026-10-05T19:27:00Z,2026-10-05T21:27:00+02:00,55,ajuntament-mercat,237,181,56,23.6
2026-10-05T19:28:00Z,2026-10-05T21:28:00+02:00,53,dr-robert,407,268,139,34.2
2026-10-05T19:28:00Z,2026-10-05T21:28:00+02:00,54,placa-vella,297,199,98,33
2026-10-05T19:28:00Z,2026-10-05T21:28:00+02:00,55,ajuntament-mercat,237,181,56,23.6
2026-10-05T19:29:00Z,2026-10-05T21:29:00+02:00,53,dr-robert,407,268,139,34.2
2026-10-05T19:29:00Z,2026-10-05T21:29:00+02:00,54,placa-vella,297,199,98,33
2026-10-05T19:29:00Z,2026-10-05T21:29:00+02:00,55,ajuntament-mercat,237,181,56,23.6
2026-10-05T19:30:00Z,2026-10-05T21:30:00+02:00,53,dr-robert,407,272,135,33.2
2026-10-05T19:30:00Z,2026-10-05T21:30:00+02:00,54,placa-vella,297,202,95,32
2026-10-05T19:30:00Z,2026-10-05T21:30:00+02:00,55,ajuntament-mercat,237,181,56,23.6
2026-10-05T19:31:00Z,2026-10-05T21:31:00+02:00,53,dr-robert,407,272,135,33.2
2026-10-05T19:31:00Z,2026-10-05T21:31:00+02:00,54,placa-vella,297,202,95,32
2026-10-05T19:31:00Z,2026-10-05T21:31:00+02:00,55,ajuntament-mercat,237,181,56,23.6
2026-10-05T19:32:00Z,2026-10-05T21:32:00+02:00,53,dr-robert,407,272,135,33.2
2026-10-05T19:32:00Z,2026-10-05T21:32:00+02:00,54,placa-vella,297,202,95,32
2026-10-05T19:32:00Z,2026-10-05T21:32:00+02:00,55,ajuntament-mercat,237,181,56,23.6
2026-10-05T19:33:00Z,2026-10-05T21:33:00+02:00,53,dr-robert,407,272,135,33.2
2026-10-05T19:33:00Z,2026-10-05T21:33:00+02:00,54,placa-vella,297,202,95,32
2026-10-05T19:33:00Z,2026-10-05T21:33:00+02:00,55,ajuntament-mercat,237,181,56,23.6
2026-10-05T19:34:00Z,2026-10-05T21:34:00+02:00,53,dr-robert,407,272,135,33.2
2026-10-05T19:34:00Z,2026-10-05T21:34:00+02:00,54,placa-vella,297,202,95,32
2026-10-05T19:34:00Z,2026-10-05T21:34:00+02:00,55,ajuntament-mercat,237,181,56,23.6
2026-10-05T19:35:00Z,2026-10-05T21:35:00+02:00,53,dr-robert,407,276,131,32.2
2026-10-05T19:35:00Z,2026-10-05T21:35:00+02:00,54,placa-vella,297,204,93,31.3
2026-10-05T19:35:00Z,2026-10-05T21:35:00+02:00,55,ajuntament-mercat,237,184,53,22.4
2026-10-05T19:36:00Z,2026-10-05T21:36:00+02:00,53,dr-robert,407,276,131,32.2
2026-10-05T19:36:00Z,2026-10-05T21:36:00+02:00,54,placa-vella,297,204,93,31.3
2026-10-05T19:36:00Z,2026-10-05T21:36:00+02:00,55,ajuntament-mercat,237,184,53,22.4
2026-10-05T19:37:00Z,2026-10-05T21:37:00+02:00,53,dr-robert,407,276,131,32.2
2026-10-05T19:37:00Z,2026-10-05T21:37:00+02:00,54,placa-vella,297,204,93,31.3
2026-10-05T19:37:00Z,2026-10-05T21:37:00+02:00,55,ajuntament-mercat,237,184,53,22.4
2026-10-05T19:38:00Z,2026-10-05T21:38:00+02:00,53,dr-robert,407,276,131,32.2
2026-10-05T19:38:00Z,2026-10-05T21:38:00+02:00,54,placa-vella,297,204,93,31.3
2026-10-05T19:38:00Z,2026-10-05T21:38:00+02:00,55,ajuntament-mercat,237,184,53,22.4
2026-10-05T19:39:00Z,2026-10-05T21:39:00+02:00,53,dr-robert,407,276,131,32.2
2026-10-05T19:39:00Z,2026-10-05T21:39:00+02:00,54,placa-vella,297,204,93,31.3
2026-10-05T19:39:00Z,2026-10-05T21:39:00+02:00,55,ajuntament-mercat,237,184,53,22.4
2026-10-05T19:40:00Z,2026-10-05T21:40:00+02:00,53,dr-robert,407,276,131,32.2
2026-10-05T19:40:00Z,2026-10-05T21:40:00+02:00,54,placa-vella,297,204,93,31.3
2026-10-05T19:40:00Z,2026-10-05T21:40:00+02:00,55,ajuntament-mercat,237,185,52,21.9
2026-10-05T19:41:00Z,2026-10-05T21:41:00+02:00,53,dr-robert,407,276,131,32.2
2026-10-05T19:41:00Z,2026-10-05T21:41:00+02:00,54,placa-vella,297,204,93,31.3
2026-10-05T19:41:00Z,2026-10-05T21:41:00+02:00,55,ajuntament-mercat,237,185,52,21.9
2026-10-05T19:42:00Z,2026-10-05T21:42:00+02:00,53,dr-robert,407,276,131,32.2
2026-10-05T19:42:00Z,2026-10-05T21:42:00+02:00,54,placa-vella,297,204,93,31.3
2026-10-05T19:42:00Z,2026-10-05T21:42:00+02:00,55,ajuntament-mercat,237,185,52,21.9
2026-10-05T19:43:00Z,2026-10-05T21:43:00+02:00,53,dr-robert,407,276,131,32.2
2026-10-05T19:43:00Z,2026-10-05T21:43:00+02:00,54,placa-vella,297,204,93,31.3
2026-10-05T19:43:00Z,2026-10-05T21:43:00+02:00,55,ajuntament-mercat,237,185,52,21.9
2026-10-05T19:44:00Z,2026-10-05T21:44:00+02:00,53,dr-robert,407,276,131,32.2
2026-10-05T19:44:00Z,2026-10-05T21:44:00+02:00,54,placa-vella,297,204,93,31.3
2026-10-05T19:44:00Z,2026-10-05T21:44:00+02:00,55,ajuntament-mercat,237,185,52,21.9
2026-10-05T19:45:00Z,2026-10-05T21:45:00+02:00,53,dr-robert,407,277,130,31.9
2026-10-05T19:45:00Z,2026-10-05T21:45:00+02:00,54,placa-vella,297,205,92,31
2026-10-05T19:45:00Z,2026-10-05T21:45:00+02:00,55,ajuntament-mercat,237,185,52,21.9
2026-10-05T19:46:00Z,2026-10-05T21:46:00+02:00,53,dr-robert,407,277,130,31.9
2026-10-05T19:46:00Z,2026-10-05T21:46:00+02:00,54,placa-vella,297,205,92,31
2026-10-05T19:46:00Z,2026-10-05T21:46:00+02:00,55,ajuntament-mercat,237,185,52,21.9
2026-10-05T19:47:00Z,2026-10-05T21:47:00+02:00,53,dr-robert,407,277,130,31.9
2026-10-05T19:47:00Z,2026-10-05T21:47:00+02:00,54,placa-vella,297,205,92,31
2026-10-05T19:47:00Z,2026-10-05T21:47:00+02:00,55,ajuntament-mercat,237,185,52,21.9
2026-10-05T19:48:00Z,2026-10-05T21:48:00+02:00,53,dr-robert,407,277,130,31.9
2026-10-05T19:48:00Z,2026-10-05T21:48:00+02:00,54,placa-vella,297,205,92,31
2026-10-05T19:48:00Z,2026-10-05T21:48:00+02:00,55,ajuntament-mercat,237,185,52,21.9
2026-10-05T19:49:00Z,2026-10-05T21:49:00+02:00,53,dr-robert,407,277,130,31.9
2026-10-05T19:49:00Z,2026-10-05T21:49:00+02:00,54,placa-vella,297,205,92,31
2026-10-05T19:49:00Z,2026-10-05T21:49:00+02:00,55,ajuntament-mercat,237,185,52,21.9
2026-10-05T19:50:00Z,2026-10-05T21:50:00+02:00,53,dr-robert,407,286,121,29.7
2026-10-05T19:50:00Z,2026-10-05T21:50:00+02:00,54,placa-vella,297,206,91,30.6
2026-10-05T19:50:00Z,2026-10-05T21:50:00+02:00,55,ajuntament-mercat,237,189,48,20.3
2026-10-05T19:51:00Z,2026-10-05T21:51:00+02:00,53,dr-robert,407,286,121,29.7
2026-10-05T19:51:00Z,2026-10-05T21:51:00+02:00,54,placa-vella,297,206,91,30.6
2026-10-05T19:51:00Z,2026-10-05T21:51:00+02:00,55,ajuntament-mercat,237,189,48,20.3
2026-10-05T19:52:00Z,2026-10-05T21:52:00+02:00,53,dr-robert,407,286,121,29.7
2026-10-05T19:52:00Z,2026-10-05T21:52:00+02:00,54,placa-vella,297,206,91,30.6
2026-10-05T19:52:00Z,2026-10-05T21:52:00+02:00,55,ajuntament-mercat,237,189,48,20.3
2026-10-05T19:53:00Z,2026-10-05T21:53:00+02:00,53,dr-robert,407,286,121,29.7
2026-10-05T19:53:00Z,2026-10-05T21:53:00+02:00,54,placa-vella,297,206,91,30.6
2026-10-05T19:53:00Z,2026-10-05T21:53:00+02:00,55,ajuntament-mercat,237,189,48,20.3
2026-10-05T19:54:00Z,2026-10-05T21:54:00+02:00,53,dr-robert,407,286,121,29.7
2026-10-05T19:54:00Z,2026-10-05T21:54:00+02:00,54,placa-vella,297,206,91,30.6
2026-10-05T19:54:00Z,2026-10-05T21:54:00+02:00,55,ajuntament-mercat,237,189,48,20.3
2026-10-05T19:55:00Z,2026-10-05T21:55:00+02:00,53,dr-robert,407,286,121,29.7
2026-10-05T19:55:00Z,2026-10-05T21:55:00+02:00,54,placa-vella,297,206,91,30.6
2026-10-05T19:55:00Z,2026-10-05T21:55:00+02:00,55,ajuntament-mercat,237,188,49,20.7
2026-10-05T19:56:00Z,2026-10-05T21:56:00+02:00,53,dr-robert,407,286,121,29.7
2026-10-05T19:56:00Z,2026-10-05T21:56:00+02:00,54,placa-vella,297,206,91,30.6
2026-10-05T19:56:00Z,2026-10-05T21:56:00+02:00,55,ajuntament-mercat,237,188,49,20.7
2026-10-05T19:57:00Z,2026-10-05T21:57:00+02:00,53,dr-robert,407,286,121,29.7
2026-10-05T19:57:00Z,2026-10-05T21:57:00+02:00,54,placa-vella,297,206,91,30.6
2026-10-05T19:57:00Z,2026-10-05T21:57:00+02:00,55,ajuntament-mercat,237,188,49,20.7
2026-10-05T19:58:00Z,2026-10-05T21:58:00+02:00,53,dr-robert,407,286,121,29.7
2026-10-05T19:58:00Z,2026-10-05T21:58:00+02:00,54,placa-vella,297,206,91,30.6
2026-10-05T19:58:00Z,2026-10-05T21:58:00+02:00,55,ajuntament-mercat,237,188,49,20.7
2026-10-05T19:59:00Z,2026-10-05T21:59:00+02:00,53,dr-robert,407,286,121,29.7
2026-10-05T19:59:00Z,2026-10-05T21:59:00+02:00,54,placa-vella,297,206,91,30.6
2026-10-05T19:59:00Z,2026-10-05T21:59:00+02:00,55,ajuntament-mercat,237,188,49,20.7
2026-10-05T20:00:00Z,2026-10-05T22:00:00+02:00,53,dr-robert,407,286,121,29.7
2026-10-05T20:00:00Z,2026-10-05T22:00:00+02:00,54,placa-vella,297,206,91,30.6
2026-10-05T20:00:00Z,2026-10-05T22:00:00+02:00,55,ajuntament-mercat,237,188,49,20.7
2026-10-05T20:01:00Z,2026-10-05T22:01:00+02:00,53,dr-robert,407,286,121,29.7
2026-10-05T20:01:00Z,2026-10-05T22:01:00+02:00,54,placa-vella,297,206,91,30.6
2026-10-05T20:01:00Z,2026-10-05T22:01:00+02:00,55,ajuntament-mercat,237,188,49,20.7
2026-10-05T20:02:00Z,2026-10-05T22:02:00+02:00,53,dr-robert,407,290,117,28.7
2026-10-05T20:02:00Z,2026-10-05T22:02:00+02:00,54,placa-vella,297,206,91,30.6
2026-10-05T20:02:00Z,2026-10-05T22:02:00+02:00,55,ajuntament-mercat,237,191,46,19.4
2026-10-05T20:03:00Z,2026-10-05T22:03:00+02:00,53,dr-robert,407,290,117,28.7
2026-10-05T20:03:00Z,2026-10-05T22:03:00+02:00,54,placa-vella,297,206,91,30.6
2026-10-05T20:03:00Z,2026-10-05T22:03:00+02:00,55,ajuntament-mercat,237,191,46,19.4
2026-10-05T20:04:00Z,2026-10-05T22:04:00+02:00,53,dr-robert,407,290,117,28.7
2026-10-05T20:04:00Z,2026-10-05T22:04:00+02:00,54,placa-vella,297,206,91,30.6
2026-10-05T20:04:00Z,2026-10-05T22:04:00+02:00,55,ajuntament-mercat,237,191,46,19.4
2026-10-05T20:05:00Z,2026-10-05T22:05:00+02:00,53,dr-robert,407,292,115,28.3
2026-10-05T20:05:00Z,2026-10-05T22:05:00+02:00,54,placa-vella,297,206,91,30.6
2026-10-05T20:05:00Z,2026-10-05T22:05:00+02:00,55,ajuntament-mercat,237,191,46,19.4
2026-10-05T20:06:00Z,2026-10-05T22:06:00+02:00,53,dr-robert,407,292,115,28.3
2026-10-05T20:06:00Z,2026-10-05T22:06:00+02:00,54,placa-vella,297,206,91,30.6
2026-10-05T20:06:00Z,2026-10-05T22:06:00+02:00,55,ajuntament-mercat,237,191,46,19.4
2026-10-05T20:07:00Z,2026-10-05T22:07:00+02:00,53,dr-robert,407,292,115,28.3
2026-10-05T20:07:00Z,2026-10-05T22:07:00+02:00,54,placa-vella,297,206,91,30.6
2026-10-05T20:07:00Z,2026-10-05T22:07:00+02:00,55,ajuntament-mercat,237,191,46,19.4
2026-10-05T20:08:00Z,2026-10-05T22:08:00+02:00,53,dr-robert,407,292,115,28.3
2026-10-05T20:08:00Z,2026-10-05T22:08:00+02:00,54,placa-vella,297,206,91,30.6
2026-10-05T20:08:00Z,2026-10-05T22:08:00+02:00,55,ajuntament-mercat,237,191,46,19.4
2026-10-05T20:09:00Z,2026-10-05T22:09:00+02:00,53,dr-robert,407,292,115,28.3
2026-10-05T20:09:00Z,2026-10-05T22:09:00+02:00,54,placa-vella,297,206,91,30.6
2026-10-05T20:09:00Z,2026-10-05T22:09:00+02:00,55,ajuntament-mercat,237,191,46,19.4
2026-10-05T20:10:00Z,2026-10-05T22:10:00+02:00,53,dr-robert,407,294,113,27.8
2026-10-05T20:10:00Z,2026-10-05T22:10:00+02:00,54,placa-vella,297,207,90,30.3
2026-10-05T20:10:00Z,2026-10-05T22:10:00+02:00,55,ajuntament-mercat,237,192,45,19
2026-10-05T20:11:00Z,2026-10-05T22:11:00+02:00,53,dr-robert,407,294,113,27.8
2026-10-05T20:11:00Z,2026-10-05T22:11:00+02:00,54,placa-vella,297,207,90,30.3
2026-10-05T20:11:00Z,2026-10-05T22:11:00+02:00,55,ajuntament-mercat,237,192,45,19
2026-10-05T20:12:00Z,2026-10-05T22:12:00+02:00,53,dr-robert,407,294,113,27.8
2026-10-05T20:12:00Z,2026-10-05T22:12:00+02:00,54,placa-vella,297,207,90,30.3
2026-10-05T20:12:00Z,2026-10-05T22:12:00+02:00,55,ajuntament-mercat,237,192,45,19
2026-10-05T20:13:00Z,2026-10-05T22:13:00+02:00,53,dr-robert,407,294,113,27.8
2026-10-05T20:13:00Z,2026-10-05T22:13:00+02:00,54,placa-vella,297,207,90,30.3
2026-10-05T20:13:00Z,2026-10-05T22:13:00+02:00,55,ajuntament-mercat,237,192,45,19
2026-10-05T20:14:00Z,2026-10-05T22:14:00+02:00,53,dr-robert,407,294,113,27.8
2026-10-05T20:14:00Z,2026-10-05T22:14:00+02:00,54,placa-vella,297,207,90,30.3
2026-10-05T20:14:00Z,2026-10-05T22:14:00+02:00,55,ajuntament-mercat,237,192,45,19
2026-10-05T20:15:00Z,2026-10-05T22:15:00+02:00,53,dr-robert,407,301,106,26
2026-10-05T20:15:00Z,2026-10-05T22:15:00+02:00,54,placa-vella,297,207,90,30.3
2026-10-05T20:15:00Z,2026-10-05T22:15:00+02:00,55,ajuntament-mercat,237,194,43,18.1
2026-10-05T20:16:00Z,2026-10-05T22:16:00+02:00,53,dr-robert,407,301,106,26
2026-10-05T20:16:00Z,2026-10-05T22:16:00+02:00,54,placa-vella,297,207,90,30.3
2026-10-05T20:16:00Z,2026-10-05T22:16:00+02:00,55,ajuntament-mercat,237,194,43,18.1
2026-10-05T20:17:00Z,2026-10-05T22:17:00+02:00,53,dr-robert,407,301,106,26
2026-10-05T20:17:00Z,2026-10-05T22:17:00+02:00,54,placa-vella,297,207,90,30.3
2026-10-05T20:17:00Z,2026-10-05T22:17:00+02:00,55,ajuntament-mercat,237,194,43,18.1
2026-10-05T20:18:00Z,2026-10-05T22:18:00+02:00,53,dr-robert,407,301,106,26
2026-10-05T20:18:00Z,2026-10-05T22:18:00+02:00,54,placa-vella,297,207,90,30.3
2026-10-05T20:18:00Z,2026-10-05T22:18:00+02:00,55,ajuntament-mercat,237,194,43,18.1
2026-10-05T20:19:00Z,2026-10-05T22:19:00+02:00,53,dr-robert,407,301,106,26
2026-10-05T20:19:00Z,2026-10-05T22:19:00+02:00,54,placa-vella,297,207,90,30.3
2026-10-05T20:19:00Z,2026-10-05T22:19:00+02:00,55,ajuntament-mercat,237,194,43,18.1
2026-10-05T20:20:00Z,2026-10-05T22:20:00+02:00,53,dr-robert,407,303,104,25.6
2026-10-05T20:20:00Z,2026-10-05T22:20:00+02:00,54,placa-vella,297,209,88,29.6
2026-10-05T20:20:00Z,2026-10-05T22:20:00+02:00,55,ajuntament-mercat,237,194,43,18.1
2026-10-05T20:21:00Z,2026-10-05T22:21:00+02:00,53,dr-robert,407,303,104,25.6
2026-10-05T20:21:00Z,2026-10-05T22:21:00+02:00,54,placa-vella,297,209,88,29.6
2026-10-05T20:21:00Z,2026-10-05T22:21:00+02:00,55,ajuntament-mercat,237,194,43,18.1
2026-10-05T20:22:00Z,2026-10-05T22:22:00+02:00,53,dr-robert,407,303,104,25.6
2026-10-05T20:22:00Z,2026-10-05T22:22:00+02:00,54,placa-vella,297,209,88,29.6
2026-10-05T20:22:00Z,2026-10-05T22:22:00+02:00,55,ajuntament-mercat,237,194,43,18.1
2026-10-05T20:23:00Z,2026-10-05T22:23:00+02:00,53,dr-robert,407,303,104,25.6
2026-10-05T20:23:00Z,2026-10-05T22:23:00+02:00,54,placa-vella,297,209,88,29.6
2026-10-05T20:23:00Z,2026-10-05T22:23:00+02:00,55,ajuntament-mercat,237,194,43,18.1
2026-10-05T20:24:00Z,2026-10-05T22:24:00+02:00,53,dr-robert,407,303,104,25.6
2026-10-05T20:24:00Z,2026-10-05T22:24:00+02:00,54,placa-vella,297,209,88,29.6
2026-10-05T20:24:00Z,2026-10-05T22:24:00+02:00,55,ajuntament-mercat,237,194,43,18.1
2026-10-05T20:25:00Z,2026-10-05T22:25:00+02:00,53,dr-robert,407,304,103,25.3
2026-10-05T20:25:00Z,2026-10-05T22:25:00+02:00,54,placa-vella,297,208,89,30
2026-10-05T20:25:00Z,2026-10-05T22:25:00+02:00,55,ajuntament-mercat,237,194,43,18.1
2026-10-05T20:26:00Z,2026-10-05T22:26:00+02:00,53,dr-robert,407,304,103,25.3
2026-10-05T20:26:00Z,2026-10-05T22:26:00+02:00,54,placa-vella,297,208,89,30
2026-10-05T20:26:00Z,2026-10-05T22:26:00+02:00,55,ajuntament-mercat,237,194,43,18.1
2026-10-05T20:27:00Z,2026-10-05T22:27:00+02:00,53,dr-robert,407,304,103,25.3
2026-10-05T20:27:00Z,2026-10-05T22:27:00+02:00,54,placa-vella,297,208,89,30
2026-10-05T20:27:00Z,2026-10-05T22:27:00+02:00,55,ajuntament-mercat,237,194,43,18.1
2026-10-05T20:28:00Z,2026-10-05T22:28:00+02:00,53,dr-robert,407,304,103,25.3
2026-10-05T20:28:00Z,2026-10-05T22:28:00+02:00,54,placa-vella,297,208,89,30
2026-10-05T20:28:00Z,2026-10-05T22:28:00+02:00,55,ajuntament-mercat,237,194,43,18.1
2026-10-05T20:29:00Z,2026-10-05T22:29:00+02:00,53,dr-robert,407,304,103,25.3
2026-10-05T20:29:00Z,2026-10-05T22:29:00+02:00,54,placa-vella,297,208,89,30
2026-10-05T20:29:00Z,2026-10-05T22:29:00+02:00,55,ajuntament-mercat,237,194,43,18.1
2026-10-05T20:30:00Z,2026-10-05T22:30:00+02:00,53,dr-robert,407,306,101,24.8
2026-10-05T20:30:00Z,2026-10-05T22:30:00+02:00,54,placa-vella,297,209,88,29.6
2026-10-05T20:30:00Z,2026-10-05T22:30:00+02:00,55,ajuntament-mercat,237,194,43,18.1
2026-10-05T20:31:00Z,2026-10-05T22:31:00+02:00,53,dr-robert,407,306,101,24.8
2026-10-05T20:31:00Z,2026-10-05T22:31:00+02:00,54,placa-vella,297,209,88,29.6
2026-10-05T20:31:00Z,2026-10-05T22:31:00+02:00,55,ajuntament-mercat,237,194,43,18.1
2026-10-05T20:32:00Z,2026-10-05T22:32:00+02:00,53,dr-robert,407,306,101,24.8
2026-10-05T20:32:00Z,2026-10-05T22:32:00+02:00,54,placa-vella,297,209,88,29.6
2026-10-05T20:32:00Z,2026-10-05T22:32:00+02:00,55,ajuntament-mercat,237,194,43,18.1
2026-10-05T20:33:00Z,2026-10-05T22:33:00+02:00,53,dr-robert,407,306,101,24.8
2026-10-05T20:33:00Z,2026-10-05T22:33:00+02:00,54,placa-vella,297,209,88,29.6
2026-10-05T20:33:00Z,2026-10-05T22:33:00+02:00,55,ajuntament-mercat,237,194,43,18.1
2026-10-05T20:34:00Z,2026-10-05T22:34:00+02:00,53,dr-robert,407,306,101,24.8
2026-10-05T20:34:00Z,2026-10-05T22:34:00+02:00,54,placa-vella,297,209,88,29.6
2026-10-05T20:34:00Z,2026-10-05T22:34:00+02:00,55,ajuntament-mercat,237,194,43,18.1
2026-10-05T20:35:00Z,2026-10-05T22:35:00+02:00,53,dr-robert,407,309,98,24.1
2026-10-05T20:35:00Z,2026-10-05T22:35:00+02:00,54,placa-vella,297,210,87,29.3
2026-10-05T20:35:00Z,2026-10-05T22:35:00+02:00,55,ajuntament-mercat,237,194,43,18.1
2026-10-05T20:36:00Z,2026-10-05T22:36:00+02:00,53,dr-robert,407,309,98,24.1
2026-10-05T20:36:00Z,2026-10-05T22:36:00+02:00,54,placa-vella,297,210,87,29.3
2026-10-05T20:36:00Z,2026-10-05T22:36:00+02:00,55,ajuntament-mercat,237,194,43,18.1
2026-10-05T20:37:00Z,2026-10-05T22:37:00+02:00,53,dr-robert,407,309,98,24.1
2026-10-05T20:37:00Z,2026-10-05T22:37:00+02:00,54,placa-vella,297,210,87,29.3
2026-10-05T20:37:00Z,2026-10-05T22:37:00+02:00,55,ajuntament-mercat,237,194,43,18.1
2026-10-05T20:38:00Z,2026-10-05T22:38:00+02:00,53,dr-robert,407,309,98,24.1
2026-10-05T20:38:00Z,2026-10-05T22:38:00+02:00,54,placa-vella,297,210,87,29.3
2026-10-05T20:38:00Z,2026-10-05T22:38:00+02:00,55,ajuntament-mercat,237,194,43,18.1
2026-10-05T20:39:00Z,2026-10-05T22:39:00+02:00,53,dr-robert,407,309,98,24.1
2026-10-05T20:39:00Z,2026-10-05T22:39:00+02:00,54,placa-vella,297,210,87,29.3
2026-10-05T20:39:00Z,2026-10-05T22:39:00+02:00,55,ajuntament-mercat,237,194,43,18.1
2026-10-05T20:40:00Z,2026-10-05T22:40:00+02:00,53,dr-robert,407,309,98,24.1
2026-10-05T20:40:00Z,2026-10-05T22:40:00+02:00,54,placa-vella,297,209,88,29.6
2026-10-05T20:40:00Z,2026-10-05T22:40:00+02:00,55,ajuntament-mercat,237,195,42,17.7
2026-10-05T20:41:00Z,2026-10-05T22:41:00+02:00,53,dr-robert,407,309,98,24.1
2026-10-05T20:41:00Z,2026-10-05T22:41:00+02:00,54,placa-vella,297,209,88,29.6
2026-10-05T20:41:00Z,2026-10-05T22:41:00+02:00,55,ajuntament-mercat,237,195,42,17.7
2026-10-05T20:42:00Z,2026-10-05T22:42:00+02:00,53,dr-robert,407,309,98,24.1
2026-10-05T20:42:00Z,2026-10-05T22:42:00+02:00,54,placa-vella,297,209,88,29.6
2026-10-05T20:42:00Z,2026-10-05T22:42:00+02:00,55,ajuntament-mercat,237,195,42,17.7
2026-10-05T20:43:00Z,2026-10-05T22:43:00+02:00,53,dr-robert,407,309,98,24.1
2026-10-05T20:43:00Z,2026-10-05T22:43:00+02:00,54,placa-vella,297,209,88,29.6
2026-10-05T20:43:00Z,2026-10-05T22:43:00+02:00,55,ajuntament-mercat,237,195,42,17.7
2026-10-05T20:44:00Z,2026-10-05T22:44:00+02:00,53,dr-robert,407,309,98,24.1
2026-10-05T20:44:00Z,2026-10-05T22:44:00+02:00,54,placa-vella,297,209,88,29.6
2026-10-05T20:44:00Z,2026-10-05T22:44:00+02:00,55,ajuntament-mercat,237,195,42,17.7
2026-10-05T20:45:00Z,2026-10-05T22:45:00+02:00,53,dr-robert,407,310,97,23.8
2026-10-05T20:45:00Z,2026-10-05T22:45:00+02:00,54,placa-vella,297,210,87,29.3
2026-10-05T20:45:00Z,2026-10-05T22:45:00+02:00,55,ajuntament-mercat,237,196,41,17.3
2026-10-05T20:46:00Z,2026-10-05T22:46:00+02:00,53,dr-robert,407,310,97,23.8
2026-10-05T20:46:00Z,2026-10-05T22:46:00+02:00,54,placa-vella,297,210,87,29.3
2026-10-05T20:46:00Z,2026-10-05T22:46:00+02:00,55,ajuntament-mercat,237,196,41,17.3
2026-10-05T20:47:00Z,2026-10-05T22:47:00+02:00,53,dr-robert,407,310,97,23.8
2026-10-05T20:47:00Z,2026-10-05T22:47:00+02:00,54,placa-vella,297,210,87,29.3
2026-10-05T20:47:00Z,2026-10-05T22:47:00+02:00,55,ajuntament-mercat,237,196,41,17.3
2026-10-05T20:48:00Z,2026-10-05T22:48:00+02:00,53,dr-robert,407,310,97,23.8
2026-10-05T20:48:00Z,2026-10-05T22:48:00+02:00,54,placa-vella,297,210,87,29.3
2026-10-05T20:48:00Z,2026-10-05T22:48:00+02:00,55,ajuntament-mercat,237,196,41,17.3
2026-10-05T20:49:00Z,2026-10-05T22:49:00+02:00,53,dr-robert,407,310,97,23.8
2026-10-05T20:49:00Z,2026-10-05T22:49:00+02:00,54,placa-vella,297,210,87,29.3
2026-10-05T20:49:00Z,2026-10-05T22:49:00+02:00,55,ajuntament-mercat,237,196,41,17.3
2026-10-05T20:50:00Z,2026-10-05T22:50:00+02:00,53,dr-robert,407,310,97,23.8
2026-10-05T20:50:00Z,2026-10-05T22:50:00+02:00,54,placa-vella,297,210,87,29.3
2026-10-05T20:50:00Z,2026-10-05T22:50:00+02:00,55,ajuntament-mercat,237,196,41,17.3
2026-10-05T20:51:00Z,2026-10-05T22:51:00+02:00,53,dr-robert,407,310,97,23.8
2026-10-05T20:51:00Z,2026-10-05T22:51:00+02:00,54,placa-vella,297,210,87,29.3
2026-10-05T20:51:00Z,2026-10-05T22:51:00+02:00,55,ajuntament-mercat,237,196,41,17.3
2026-10-05T20:52:00Z,2026-10-05T22:52:00+02:00,53,dr-robert,407,310,97,23.8
2026-10-05T20:52:00Z,2026-10-05T22:52:00+02:00,54,placa-vella,297,210,87,29.3
2026-10-05T20:52:00Z,2026-10-05T22:52:00+02:00,55,ajuntament-mercat,237,196,41,17.3
2026-10-05T20:53:00Z,2026-10-05T22:53:00+02:00,53,dr-robert,407,310,97,23.8
2026-10-05T20:53:00Z,2026-10-05T22:53:00+02:00,54,placa-vella,297,210,87,29.3
2026-10-05T20:53:00Z,2026-10-05T22:53:00+02:00,55,ajuntament-mercat,237,196,41,17.3
2026-10-05T20:54:00Z,2026-10-05T22:54:00+02:00,53,dr-robert,407,310,97,23.8
2026-10-05T20:54:00Z,2026-10-05T22:54:00+02:00,54,placa-vella,297,210,87,29.3
2026-10-05T20:54:00Z,2026-10-05T22:54:00+02:00,55,ajuntament-mercat,237,196,41,17.3
2026-10-05T20:55:00Z,2026-10-05T22:55:00+02:00,53,dr-robert,407,311,96,23.6
2026-10-05T20:55:00Z,2026-10-05T22:55:00+02:00,54,placa-vella,297,211,86,29
2026-10-05T20:55:00Z,2026-10-05T22:55:00+02:00,55,ajuntament-mercat,237,196,41,17.3
2026-10-05T20:56:00Z,2026-10-05T22:56:00+02:00,53,dr-robert,407,311,96,23.6
2026-10-05T20:56:00Z,2026-10-05T22:56:00+02:00,54,placa-vella,297,211,86,29
2026-10-05T20:56:00Z,2026-10-05T22:56:00+02:00,55,ajuntament-mercat,237,196,41,17.3
2026-10-05T20:57:00Z,2026-10-05T22:57:00+02:00,53,dr-robert,407,311,96,23.6
2026-10-05T20:57:00Z,2026-10-05T22:57:00+02:00,54,placa-vella,297,211,86,29
2026-10-05T20:57:00Z,2026-10-05T22:57:00+02:00,55,ajuntament-mercat,237,196,41,17.3
2026-10-05T20:58:00Z,2026-10-05T22:58:00+02:00,53,dr-robert,407,311,96,23.6
2026-10-05T20:58:00Z,2026-10-05T22:58:00+02:00,54,placa-vella,297,211,86,29
2026-10-05T20:58:00Z,2026-10-05T22:58:00+02:00,55,ajuntament-mercat,237,196,41,17.3
2026-10-05T20:59:00Z,2026-10-05T22:59:00+02:00,53,dr-robert,407,311,96,23.6
2026-10-05T20:59:00Z,2026-10-05T22:59:00+02:00,54,placa-vella,297,211,86,29
2026-10-05T20:59:00Z,2026-10-05T22:59:00+02:00,55,ajuntament-mercat,237,196,41,17.3
2026-10-05T21:00:00Z,2026-10-05T23:00:00+02:00,53,dr-robert,407,311,96,23.6
2026-10-05T21:00:00Z,2026-10-05T23:00:00+02:00,54,placa-vella,297,211,86,29
2026-10-05T21:00:00Z,2026-10-05T23:00:00+02:00,55,ajuntament-mercat,237,196,41,17.3
2026-10-05T21:01:00Z,2026-10-05T23:01:00+02:00,53,dr-robert,407,312,95,23.3
2026-10-05T21:01:00Z,2026-10-05T23:01:00+02:00,54,placa-vella,297,211,86,29
2026-10-05T21:01:00Z,2026-10-05T23:01:00+02:00,55,ajuntament-mercat,237,196,41,17.3
2026-10-05T21:02:00Z,2026-10-05T23:02:00+02:00,53,dr-robert,407,312,95,23.3
2026-10-05T21:02:00Z,2026-10-05T23:02:00+02:00,54,placa-vella,297,211,86,29
2026-10-05T21:02:00Z,2026-10-05T23:02:00+02:00,55,ajuntament-mercat,237,196,41,17.3
2026-10-05T21:03:00Z,2026-10-05T23:03:00+02:00,53,dr-robert,407,312,95,23.3
2026-10-05T21:03:00Z,2026-10-05T23:03:00+02:00,54,placa-vella,297,211,86,29
2026-10-05T21:03:00Z,2026-10-05T23:03:00+02:00,55,ajuntament-mercat,237,196,41,17.3
2026-10-05T21:04:00Z,2026-10-05T23:04:00+02:00,53,dr-robert,407,312,95,23.3
2026-10-05T21:04:00Z,2026-10-05T23:04:00+02:00,54,placa-vella,297,211,86,29
2026-10-05T21:04:00Z,2026-10-05T23:04:00+02:00,55,ajuntament-mercat,237,196,41,17.3
2026-10-05T21:05:00Z,2026-10-05T23:05:00+02:00,53,dr-robert,407,313,94,23.1
2026-10-05T21:05:00Z,2026-10-05T23:05:00+02:00,54,placa-vella,297,211,86,29
2026-10-05T21:05:00Z,2026-10-05T23:05:00+02:00,55,ajuntament-mercat,237,197,40,16.9
2026-10-05T21:06:00Z,2026-10-05T23:06:00+02:00,53,dr-robert,407,313,94,23.1
2026-10-05T21:06:00Z,2026-10-05T23:06:00+02:00,54,placa-vella,297,211,86,29
2026-10-05T21:06:00Z,2026-10-05T23:06:00+02:00,55,ajuntament-mercat,237,197,40,16.9
2026-10-05T21:07:00Z,2026-10-05T23:07:00+02:00,53,dr-robert,407,313,94,23.1
2026-10-05T21:07:00Z,2026-10-05T23:07:00+02:00,54,placa-vella,297,211,86,29
2026-10-05T21:07:00Z,2026-10-05T23:07:00+02:00,55,ajuntament-mercat,237,197,40,16.9
2026-10-05T21:08:00Z,2026-10-05T23:08:00+02:00,53,dr-robert,407,313,94,23.1
2026-10-05T21:08:00Z,2026-10-05T23:08:00+02:00,54,placa-vella,297,211,86,29
2026-10-05T21:08:00Z,2026-10-05T23:08:00+02:00,55,ajuntament-mercat,237,197,40,16.9
2026-10-05T21:09:00Z,2026-10-05T23:09:00+02:00,53,dr-robert,407,313,94,23.1
2026-10-05T21:09:00Z,2026-10-05T23:09:00+02:00,54,placa-vella,297,211,86,29
2026-10-05T21:09:00Z,2026-10-05T23:09:00+02:00,55,ajuntament-mercat,237,197,40,16.9
2026-10-05T21:10:00Z,2026-10-05T23:10:00+02:00,53,dr-robert,407,314,93,22.9
2026-10-05T21:10:00Z,2026-10-05T23:10:00+02:00,54,placa-vella,297,211,86,29
2026-10-05T21:10:00Z,2026-10-05T23:10:00+02:00,55,ajuntament-mercat,237,197,40,16.9
2026-10-05T21:11:00Z,2026-10-05T23:11:00+02:00,53,dr-robert,407,314,93,22.9
2026-10-05T21:11:00Z,2026-10-05T23:11:00+02:00,54,placa-vella,297,211,86,29
2026-10-05T21:11:00Z,2026-10-05T23:11:00+02:00,55,ajuntament-mercat,237,197,40,16.9
2026-10-05T21:12:00Z,2026-10-05T23:12:00+02:00,53,dr-robert,407,314,93,22.9
2026-10-05T21:12:00Z,2026-10-05T23:12:00+02:00,54,placa-vella,297,211,86,29
2026-10-05T21:12:00Z,2026-10-05T23:12:00+02:00,55,ajuntament-mercat,237,197,40,16.9
2026-10-05T21:13:00Z,2026-10-05T23:13:00+02:00,53,dr-robert,407,314,93,22.9
2026-10-05T21:13:00Z,2026-10-05T23:13:00+02:00,54,placa-vella,297,211,86,29
2026-10-05T21:13:00Z,2026-10-05T23:13:00+02:00,55,ajuntament-mercat,237,197,40,16.9
2026-10-05T21:14:00Z,2026-10-05T23:14:00+02:00,53,dr-robert,407,314,93,22.9
2026-10-05T21:14:00Z,2026-10-05T23:14:00+02:00,54,placa-vella,297,211,86,29
2026-10-05T21:14:00Z,2026-10-05T23:14:00+02:00,55,ajuntament-mercat,237,197,40,16.9
2026-10-05T21:15:00Z,2026-10-05T23:15:00+02:00,53,dr-robert,407,317,90,22.1
2026-10-05T21:15:00Z,2026-10-05T23:15:00+02:00,54,placa-vella,297,210,87,29.3
2026-10-05T21:15:00Z,2026-10-05T23:15:00+02:00,55,ajuntament-mercat,237,198,39,16.5
2026-10-05T21:16:00Z,2026-10-05T23:16:00+02:00,53,dr-robert,407,317,90,22.1
2026-10-05T21:16:00Z,2026-10-05T23:16:00+02:00,54,placa-vella,297,210,87,29.3
2026-10-05T21:16:00Z,2026-10-05T23:16:00+02:00,55,ajuntament-mercat,237,198,39,16.5
2026-10-05T21:17:00Z,2026-10-05T23:17:00+02:00,53,dr-robert,407,317,90,22.1
2026-10-05T21:17:00Z,2026-10-05T23:17:00+02:00,54,placa-vella,297,210,87,29.3
2026-10-05T21:17:00Z,2026-10-05T23:17:00+02:00,55,ajuntament-mercat,237,198,39,16.5
2026-10-05T21:18:00Z,2026-10-05T23:18:00+02:00,53,dr-robert,407,317,90,22.1
2026-10-05T21:18:00Z,2026-10-05T23:18:00+02:00,54,placa-vella,297,210,87,29.3
2026-10-05T21:18:00Z,2026-10-05T23:18:00+02:00,55,ajuntament-mercat,237,198,39,16.5
2026-10-05T21:19:00Z,2026-10-05T23:19:00+02:00,53,dr-robert,407,317,90,22.1
2026-10-05T21:19:00Z,2026-10-05T23:19:00+02:00,54,placa-vella,297,210,87,29.3
2026-10-05T21:19:00Z,2026-10-05T23:19:00+02:00,55,ajuntament-mercat,237,198,39,16.5
2026-10-05T21:20:00Z,2026-10-05T23:20:00+02:00,53,dr-robert,407,318,89,21.9
2026-10-05T21:20:00Z,2026-10-05T23:20:00+02:00,54,placa-vella,297,209,88,29.6
2026-10-05T21:20:00Z,2026-10-05T23:20:00+02:00,55,ajuntament-mercat,237,198,39,16.5
2026-10-05T21:21:00Z,2026-10-05T23:21:00+02:00,53,dr-robert,407,318,89,21.9
2026-10-05T21:21:00Z,2026-10-05T23:21:00+02:00,54,placa-vella,297,209,88,29.6
2026-10-05T21:21:00Z,2026-10-05T23:21:00+02:00,55,ajuntament-mercat,237,198,39,16.5
2026-10-05T21:22:00Z,2026-10-05T23:22:00+02:00,53,dr-robert,407,318,89,21.9
2026-10-05T21:22:00Z,2026-10-05T23:22:00+02:00,54,placa-vella,297,209,88,29.6
2026-10-05T21:22:00Z,2026-10-05T23:22:00+02:00,55,ajuntament-mercat,237,198,39,16.5
2026-10-05T21:23:00Z,2026-10-05T23:23:00+02:00,53,dr-robert,407,318,89,21.9
2026-10-05T21:23:00Z,2026-10-05T23:23:00+02:00,54,placa-vella,297,209,88,29.6
2026-10-05T21:23:00Z,2026-10-05T23:23:00+02:00,55,ajuntament-mercat,237,198,39,16.5
2026-10-05T21:24:00Z,2026-10-05T23:24:00+02:00,53,dr-robert,407,318,89,21.9
2026-10-05T21:24:00Z,2026-10-05T23:24:00+02:00,54,placa-vella,297,209,88,29.6
2026-10-05T21:24:00Z,2026-10-05T23:24:00+02:00,55,ajuntament-mercat,237,198,39,16.5
2026-10-05T21:25:00Z,2026-10-05T23:25:00+02:00,53,dr-robert,407,317,90,22.1
2026-10-05T21:25:00Z,2026-10-05T23:25:00+02:00,54,placa-vella,297,209,88,29.6
2026-10-05T21:25:00Z,2026-10-05T23:25:00+02:00,55,ajuntament-mercat,237,198,39,16.5
2026-10-05T21:26:00Z,2026-10-05T23:26:00+02:00,53,dr-robert,407,317,90,22.1
2026-10-05T21:26:00Z,2026-10-05T23:26:00+02:00,54,placa-vella,297,209,88,29.6
2026-10-05T21:26:00Z,2026-10-05T23:26:00+02:00,55,ajuntament-mercat,237,198,39,16.5
2026-10-05T21:27:00Z,2026-10-05T23:27:00+02:00,53,dr-robert,407,317,90,22.1
2026-10-05T21:27:00Z,2026-10-05T23:27:00+02:00,54,placa-vella,297,209,88,29.6
2026-10-05T21:27:00Z,2026-10-05T23:27:00+02:00,55,ajuntament-mercat,237,198,39,16.5
2026-10-05T21:28:00Z,2026-10-05T23:28:00+02:00,53,dr-robert,407,317,90,22.1
2026-10-05T21:28:00Z,2026-10-05T23:28:00+02:00,54,placa-vella,297,209,88,29.6
2026-10-05T21:28:00Z,2026-10-05T23:28:00+02:00,55,ajuntament-mercat,237,198,39,16.5
2026-10-05T21:29:00Z,2026-10-05T23:29:00+02:00,53,dr-robert,407,317,90,22.1
2026-10-05T21:29:00Z,2026-10-05T23:29:00+02:00,54,placa-vella,297,209,88,29.6
2026-10-05T21:29:00Z,2026-10-05T23:29:00+02:00,55,ajuntament-mercat,237,198,39,16.5
2026-10-05T21:30:00Z,2026-10-05T23:30:00+02:00,53,dr-robert,407,316,91,22.4
2026-10-05T21:30:00Z,2026-10-05T23:30:00+02:00,54,placa-vella,297,209,88,29.6
2026-10-05T21:30:00Z,2026-10-05T23:30:00+02:00,55,ajuntament-mercat,237,198,39,16.5
2026-10-05T21:31:00Z,2026-10-05T23:31:00+02:00,53,dr-robert,407,316,91,22.4
2026-10-05T21:31:00Z,2026-10-05T23:31:00+02:00,54,placa-vella,297,209,88,29.6
2026-10-05T21:31:00Z,2026-10-05T23:31:00+02:00,55,ajuntament-mercat,237,198,39,16.5
2026-10-05T21:32:00Z,2026-10-05T23:32:00+02:00,53,dr-robert,407,316,91,22.4
2026-10-05T21:32:00Z,2026-10-05T23:32:00+02:00,54,placa-vella,297,209,88,29.6
2026-10-05T21:32:00Z,2026-10-05T23:32:00+02:00,55,ajuntament-mercat,237,198,39,16.5
2026-10-05T21:33:00Z,2026-10-05T23:33:00+02:00,53,dr-robert,407,316,91,22.4
2026-10-05T21:33:00Z,2026-10-05T23:33:00+02:00,54,placa-vella,297,209,88,29.6
2026-10-05T21:33:00Z,2026-10-05T23:33:00+02:00,55,ajuntament-mercat,237,198,39,16.5
2026-10-05T21:34:00Z,2026-10-05T23:34:00+02:00,53,dr-robert,407,316,91,22.4
2026-10-05T21:34:00Z,2026-10-05T23:34:00+02:00,54,placa-vella,297,209,88,29.6
2026-10-05T21:34:00Z,2026-10-05T23:34:00+02:00,55,ajuntament-mercat,237,198,39,16.5
2026-10-05T21:35:00Z,2026-10-05T23:35:00+02:00,53,dr-robert,407,316,91,22.4
2026-10-05T21:35:00Z,2026-10-05T23:35:00+02:00,54,placa-vella,297,209,88,29.6
2026-10-05T21:35:00Z,2026-10-05T23:35:00+02:00,55,ajuntament-mercat,237,198,39,16.5
2026-10-05T21:36:00Z,2026-10-05T23:36:00+02:00,53,dr-robert,407,316,91,22.4
2026-10-05T21:36:00Z,2026-10-05T23:36:00+02:00,54,placa-vella,297,209,88,29.6
2026-10-05T21:36:00Z,2026-10-05T23:36:00+02:00,55,ajuntament-mercat,237,198,39,16.5
2026-10-05T21:37:00Z,2026-10-05T23:37:00+02:00,53,dr-robert,407,316,91,22.4
2026-10-05T21:37:00Z,2026-10-05T23:37:00+02:00,54,placa-vella,297,209,88,29.6
2026-10-05T21:37:00Z,2026-10-05T23:37:00+02:00,55,ajuntament-mercat,237,198,39,16.5
2026-10-05T21:38:00Z,2026-10-05T23:38:00+02:00,53,dr-robert,407,316,91,22.4
2026-10-05T21:38:00Z,2026-10-05T23:38:00+02:00,54,placa-vella,297,209,88,29.6
2026-10-05T21:38:00Z,2026-10-05T23:38:00+02:00,55,ajuntament-mercat,237,198,39,16.5
2026-10-05T21:39:00Z,2026-10-05T23:39:00+02:00,53,dr-robert,407,316,91,22.4
2026-10-05T21:39:00Z,2026-10-05T23:39:00+02:00,54,placa-vella,297,209,88,29.6
2026-10-05T21:39:00Z,2026-10-05T23:39:00+02:00,55,ajuntament-mercat,237,198,39,16.5
2026-10-05T21:40:00Z,2026-10-05T23:40:00+02:00,53,dr-robert,407,319,88,21.6
2026-10-05T21:40:00Z,2026-10-05T23:40:00+02:00,54,placa-vella,297,209,88,29.6
2026-10-05T21:40:00Z,2026-10-05T23:40:00+02:00,55,ajuntament-mercat,237,198,39,16.5
2026-10-05T21:41:00Z,2026-10-05T23:41:00+02:00,53,dr-robert,407,319,88,21.6
2026-10-05T21:41:00Z,2026-10-05T23:41:00+02:00,54,placa-vella,297,209,88,29.6
2026-10-05T21:41:00Z,2026-10-05T23:41:00+02:00,55,ajuntament-mercat,237,198,39,16.5
2026-10-05T21:42:00Z,2026-10-05T23:42:00+02:00,53,dr-robert,407,319,88,21.6
2026-10-05T21:42:00Z,2026-10-05T23:42:00+02:00,54,placa-vella,297,209,88,29.6
2026-10-05T21:42:00Z,2026-10-05T23:42:00+02:00,55,ajuntament-mercat,237,198,39,16.5
2026-10-05T21:43:00Z,2026-10-05T23:43:00+02:00,53,dr-robert,407,319,88,21.6
2026-10-05T21:43:00Z,2026-10-05T23:43:00+02:00,54,placa-vella,297,209,88,29.6
2026-10-05T21:43:00Z,2026-10-05T23:43:00+02:00,55,ajuntament-mercat,237,198,39,16.5
2026-10-05T21:44:00Z,2026-10-05T23:44:00+02:00,53,dr-robert,407,319,88,21.6
2026-10-05T21:44:00Z,2026-10-05T23:44:00+02:00,54,placa-vella,297,209,88,29.6
2026-10-05T21:44:00Z,2026-10-05T23:44:00+02:00,55,ajuntament-mercat,237,198,39,16.5
2026-10-05T21:45:00Z,2026-10-05T23:45:00+02:00,53,dr-robert,407,318,89,21.9
2026-10-05T21:45:00Z,2026-10-05T23:45:00+02:00,54,placa-vella,297,209,88,29.6
2026-10-05T21:45:00Z,2026-10-05T23:45:00+02:00,55,ajuntament-mercat,237,198,39,16.5
2026-10-05T21:46:00Z,2026-10-05T23:46:00+02:00,53,dr-robert,407,318,89,21.9
2026-10-05T21:46:00Z,2026-10-05T23:46:00+02:00,54,placa-vella,297,209,88,29.6
2026-10-05T21:46:00Z,2026-10-05T23:46:00+02:00,55,ajuntament-mercat,237,198,39,16.5
2026-10-05T21:47:00Z,2026-10-05T23:47:00+02:00,53,dr-robert,407,318,89,21.9
2026-10-05T21:47:00Z,2026-10-05T23:47:00+02:00,54,placa-vella,297,209,88,29.6
2026-10-05T21:47:00Z,2026-10-05T23:47:00+02:00,55,ajuntament-mercat,237,198,39,16.5
2026-10-05T21:48:00Z,2026-10-05T23:48:00+02:00,53,dr-robert,407,318,89,21.9
2026-10-05T21:48:00Z,2026-10-05T23:48:00+02:00,54,placa-vella,297,209,88,29.6
2026-10-05T21:48:00Z,2026-10-05T23:48:00+02:00,55,ajuntament-mercat,237,198,39,16.5
2026-10-05T21:49:00Z,2026-10-05T23:49:00+02:00,53,dr-robert,407,318,89,21.9
2026-10-05T21:49:00Z,2026-10-05T23:49:00+02:00,54,placa-vella,297,209,88,29.6
2026-10-05T21:49:00Z,2026-10-05T23:49:00+02:00,55,ajuntament-mercat,237,198,39,16.5
2026-10-05T21:50:00Z,2026-10-05T23:50:00+02:00,53,dr-robert,407,320,87,21.4
2026-10-05T21:50:00Z,2026-10-05T23:50:00+02:00,54,placa-vella,297,208,89,30
2026-10-05T21:50:00Z,2026-10-05T23:50:00+02:00,55,ajuntament-mercat,237,198,39,16.5
2026-10-05T21:51:00Z,2026-10-05T23:51:00+02:00,53,dr-robert,407,320,87,21.4
2026-10-05T21:51:00Z,2026-10-05T23:51:00+02:00,54,placa-vella,297,208,89,30
2026-10-05T21:51:00Z,2026-10-05T23:51:00+02:00,55,ajuntament-mercat,237,198,39,16.5
2026-10-05T21:52:00Z,2026-10-05T23:52:00+02:00,53,dr-robert,407,320,87,21.4
2026-10-05T21:52:00Z,2026-10-05T23:52:00+02:00,54,placa-vella,297,208,89,30
2026-10-05T21:52:00Z,2026-10-05T23:52:00+02:00,55,ajuntament-mercat,237,198,39,16.5
2026-10-05T21:53:00Z,2026-10-05T23:53:00+02:00,53,dr-robert,407,320,87,21.4
2026-10-05T21:53:00Z,2026-10-05T23:53:00+02:00,54,placa-vella,297,208,89,30
2026-10-05T21:53:00Z,2026-10-05T23:53:00+02:00,55,ajuntament-mercat,237,198,39,16.5
2026-10-05T21:54:00Z,2026-10-05T23:54:00+02:00,53,dr-robert,407,320,87,21.4
2026-10-05T21:54:00Z,2026-10-05T23:54:00+02:00,54,placa-vella,297,208,89,30
2026-10-05T21:54:00Z,2026-10-05T23:54:00+02:00,55,ajuntament-mercat,237,198,39,16.5
2026-10-05T21:55:00Z,2026-10-05T23:55:00+02:00,53,dr-robert,407,323,84,20.6
2026-10-05T21:55:00Z,2026-10-05T23:55:00+02:00,54,placa-vella,297,208,89,30
2026-10-05T21:55:00Z,2026-10-05T23:55:00+02:00,55,ajuntament-mercat,237,197,40,16.9
2026-10-05T21:56:00Z,2026-10-05T23:56:00+02:00,53,dr-robert,407,323,84,20.6
2026-10-05T21:56:00Z,2026-10-05T23:56:00+02:00,54,placa-vella,297,208,89,30
2026-10-05T21:56:00Z,2026-10-05T23:56:00+02:00,55,ajuntament-mercat,237,197,40,16.9
2026-10-05T21:57:00Z,2026-10-05T23:57:00+02:00,53,dr-robert,407,323,84,20.6
2026-10-05T21:57:00Z,2026-10-05T23:57:00+02:00,54,placa-vella,297,208,89,30
2026-10-05T21:57:00Z,2026-10-05T23:57:00+02:00,55,ajuntament-mercat,237,197,40,16.9
2026-10-05T21:58:00Z,2026-10-05T23:58:00+02:00,53,dr-robert,407,323,84,20.6
2026-10-05T21:58:00Z,2026-10-05T23:58:00+02:00,54,placa-vella,297,208,89,30
2026-10-05T21:58:00Z,2026-10-05T23:58:00+02:00,55,ajuntament-mercat,237,197,40,16.9
2026-10-05T21:59:00Z,2026-10-05T23:59:00+02:00,53,dr-robert,407,323,84,20.6
2026-10-05T21:59:00Z,2026-10-05T23:59:00+02:00,54,placa-vella,297,208,89,30
2026-10-05T21:59:00Z,2026-10-05T23:59:00+02:00,55,ajuntament-mercat,237,197,40,16.9
