timestamp_utc,timestamp_local,parking_id,parking_slug,capacity,available,occupied,occupancy_pct
2026-09-28T22:00:00Z,2026-09-29T00:00:00+02:00,53,dr-robert,407,325,82,20.1
2026-09-28T22:00:00Z,2026-09-29T00:00:00+02:00,54,placa-vella,297,205,92,31
2026-09-28T22:00:00Z,2026-09-29T00:00:00+02:00,55,ajuntament-mercat,237,189,48,20.3
2026-09-28T22:01:00Z,2026-09-29T00:01:00+02:00,53,dr-robert,407,325,82,20.1
2026-09-28T22:01:00Z,2026-09-29T00:01:00+02:00,54,placa-vella,297,205,92,31
2026-09-28T22:01:00Z,2026-09-29T00:01:00+02:00,55,ajuntament-mercat,237,189,48,20.3
2026-09-28T22:02:00Z,2026-09-29T00:02:00+02:00,53,dr-robert,407,325,82,20.1
2026-09-28T22:02:00Z,2026-09-29T00:02:00+02:00,54,placa-vella,297,207,90,30.3
2026-09-28T22:02:00Z,2026-09-29T00:02:00+02:00,55,ajuntament-mercat,237,189,48,20.3
2026-09-28T22:03:00Z,2026-09-29T00:03:00+02:00,53,dr-robert,407,325,82,20.1
2026-09-28T22:03:00Z,2026-09-29T00:03:00+02:00,54,placa-vella,297,207,90,30.3
2026-09-28T22:03:00Z,2026-09-29T00:03:00+02:00,55,ajuntament-mercat,237,189,48,20.3
2026-09-28T22:04:00Z,2026-09-29T00:04:00+02:00,53,dr-robert,407,325,82,20.1
2026-09-28T22:04:00Z,2026-09-29T00:04:00+02:00,54,placa-vella,297,207,90,30.3
2026-09-28T22:04:00Z,2026-09-29T00:04:00+02:00,55,ajuntament-mercat,237,189,48,20.3
2026-09-28T22:05:00Z,2026-09-29T00:05:00+02:00,53,dr-robert,407,325,82,20.1
2026-09-28T22:05:00Z,2026-09-29T00:05:00+02:00,54,placa-vella,297,207,90,30.3
2026-09-28T22:05:00Z,2026-09-29T00:05:00+02:00,55,ajuntament-mercat,237,189,48,20.3
2026-09-28T22:06:00Z,2026-09-29T00:06:00+02:00,53,dr-robert,407,325,82,20.1
2026-09-28T22:06:00Z,2026-09-29T00:06:00+02:00,54,placa-vella,297,207,90,30.3
2026-09-28T22:06:00Z,2026-09-29T00:06:00+02:00,55,ajuntament-mercat,237,189,48,20.3
2026-09-28T22:07:00Z,2026-09-29T00:07:00+02:00,53,dr-robert,407,325,82,20.1
2026-09-28T22:07:00Z,2026-09-29T00:07:00+02:00,54,placa-vella,297,207,90,30.3
2026-09-28T22:07:00Z,2026-09-29T00:07:00+02:00,55,ajuntament-mercat,237,189,48,20.3
2026-09-28T22:08:00Z,2026-09-29T00:08:00+02:00,53,dr-robert,407,325,82,20.1
2026-09-28T22:08:00Z,2026-09-29T00:08:00+02:00,54,placa-vella,297,207,90,30.3
2026-09-28T22:08:00Z,2026-09-29T00:08:00+02:00,55,ajuntament-mercat,237,189,48,20.3
2026-09-28T22:09:00Z,2026-09-29T00:09:00+02:00,53,dr-robert,407,325,82,20.1
2026-09-28T22:09:00Z,2026-09-29T00:09:00+02:00,54,placa-vella,297,207,90,30.3
2026-09-28T22:09:00Z,2026-09-29T00:09:00+02:00,55,ajuntament-mercat,237,189,48,20.3
2026-09-28T22:10:00Z,2026-09-29T00:10:00+02:00,53,dr-robert,407,326,81,19.9
2026-09-28T22:10:00Z,2026-09-29T00:10:00+02:00,54,placa-vella,297,208,89,30
2026-09-28T22:10:00Z,2026-09-29T00:10:00+02:00,55,ajuntament-mercat,237,189,48,20.3
2026-09-28T22:11:00Z,2026-09-29T00:11:00+02:00,53,dr-robert,407,326,81,19.9
2026-09-28T22:11:00Z,2026-09-29T00:11:00+02:00,54,placa-vella,297,208,89,30
2026-09-28T22:11:00Z,2026-09-29T00:11:00+02:00,55,ajuntament-mercat,237,189,48,20.3
2026-09-28T22:12:00Z,2026-09-29T00:12:00+02:00,53,dr-robert,407,326,81,19.9
2026-09-28T22:12:00Z,2026-09-29T00:12:00+02:00,54,placa-vella,297,208,89,30
2026-09-28T22:12:00Z,2026-09-29T00:12:00+02:00,55,ajuntament-mercat,237,189,48,20.3
2026-09-28T22:13:00Z,2026-09-29T00:13:00+02:00,53,dr-robert,407,326,81,19.9
2026-09-28T22:13:00Z,2026-09-29T00:13:00+02:00,54,placa-vella,297,208,89,30
2026-09-28T22:13:00Z,2026-09-29T00:13:00+02:00,55,ajuntament-mercat,237,189,48,20.3
2026-09-28T22:14:00Z,2026-09-29T00:14:00+02:00,53,dr-robert,407,326,81,19.9
2026-09-28T22:14:00Z,2026-09-29T00:14:00+02:00,54,placa-vella,297,208,89,30
2026-09-28T22:14:00Z,2026-09-29T00:14:00+02:00,55,ajuntament-mercat,237,189,48,20.3
2026-09-28T22:15:00Z,2026-09-29T00:15:00+02:00,53,dr-robert,407,326,81,19.9
2026-09-28T22:15:00Z,2026-09-29T00:15:00+02:00,54,placa-vella,297,208,89,30
2026-09-28T22:15:00Z,2026-09-29T00:15:00+02:00,55,ajuntament-mercat,237,189,48,20.3
2026-09-28T22:16:00Z,2026-09-29T00:16:00+02:00,53,dr-robert,407,326,81,19.9
2026-09-28T22:16:00Z,2026-09-29T00:16:00+02:00,54,placa-vella,297,208,89,30
2026-09-28T22:16:00Z,2026-09-29T00:16:00+02:00,55,ajuntament-mercat,237,189,48,20.3
2026-09-28T22:17:00Z,2026-09-29T00:17:00+02:00,53,dr-robert,407,326,81,19.9
2026-09-28T22:17:00Z,2026-09-29T00:17:00+02:00,54,placa-vella,297,208,89,30
2026-09-28T22:17:00Z,2026-09-29T00:17:00+02:00,55,ajuntament-mercat,237,189,48,20.3
2026-09-28T22:18:00Z,2026-09-29T00:18:00+02:00,53,dr-robert,407,326,81,19.9
2026-09-28T22:18:00Z,2026-09-29T00:18:00+02:00,54,placa-vella,297,208,89,30
2026-09-28T22:18:00Z,2026-09-29T00:18:00+02:00,55,ajuntament-mercat,237,189,48,20.3
2026-09-28T22:19:00Z,2026-09-29T00:19:00+02:00,53,dr-robert,407,326,81,19.9
2026-09-28T22:19:00Z,2026-09-29T00:19:00+02:00,54,placa-vella,297,208,89,30
2026-09-28T22:19:00Z,2026-09-29T00:19:00+02:00,55,ajuntament-mercat,237,189,48,20.3
2026-09-28T22:20:00Z,2026-09-29T00:20:00+02:00,53,dr-robert,407,326,81,19.9
2026-09-28T22:20:00Z,2026-09-29T00:20:00+02:00,54,placa-vella,297,208,89,30
2026-09-28T22:20:00Z,2026-09-29T00:20:00+02:00,55,ajuntament-mercat,237,188,49,20.7
2026-09-28T22:21:00Z,2026-09-29T00:21:00+02:00,53,dr-robert,407,326,81,19.9
2026-09-28T22:21:00Z,2026-09-29T00:21:00+02:00,54,placa-vella,297,208,89,30
2026-09-28T22:21:00Z,2026-09-29T00:21:00+02:00,55,ajuntament-mercat,237,188,49,20.7
2026-09-28T22:22:00Z,2026-09-29T00:22:00+02:00,53,dr-robert,407,326,81,19.9
2026-09-28T22:22:00Z,2026-09-29T00:22:00+02:00,54,placa-vella,297,208,89,30
2026-09-28T22:22:00Z,2026-09-29T00:22:00+02:00,55,ajuntament-mercat,237,188,49,20.7
2026-09-28T22:23:00Z,2026-09-29T00:23:00+02:00,53,dr-robert,407,326,81,19.9
2026-09-28T22:23:00Z,2026-09-29T00:23:00+02:00,54,placa-vella,297,208,89,30
2026-09-28T22:23:00Z,2026-09-29T00:23:00+02:00,55,ajuntament-mercat,237,188,49,20.7
2026-09-28T22:24:00Z,2026-09-29T00:24:00+02:00,53,dr-robert,407,326,81,19.9
2026-09-28T22:24:00Z,2026-09-29T00:24:00+02:00,54,placa-vella,297,208,89,30
2026-09-28T22:24:00Z,2026-09-29T00:24:00+02:00,55,ajuntament-mercat,237,188,49,20.7
2026-09-28T22:25:00Z,2026-09-29T00:25:00+02:00,53,dr-robert,407,326,81,19.9
2026-09-28T22:25:00Z,2026-09-29T00:25:00+02:00,54,placa-vella,297,208,89,30
2026-09-28T22:25:00Z,2026-09-29T00:25:00+02:00,55,ajuntament-mercat,237,188,49,20.7
2026-09-28T22:26:00Z,2026-09-29T00:26:00+02:00,53,dr-robert,407,326,81,19.9
2026-09-28T22:26:00Z,2026-09-29T00:26:00+02:00,54,placa-vella,297,208,89,30
2026-09-28T22:26:00Z,2026-09-29T00:26:00+02:00,55,ajuntament-mercat,237,188,49,20.7
2026-09-28T22:27:00Z,2026-09-29T00:27:00+02:00,53,dr-robert,407,326,81,19.9
2026-09-28T22:27:00Z,2026-09-29T00:27:00+02:00,54,placa-vella,297,208,89,30
2026-09-28T22:27:00Z,2026-09-29T00:27:00+02:00,55,ajuntament-mercat,237,188,49,20.7
2026-09-28T22:28:00Z,2026-09-29T00:28:00+02:00,53,dr-robert,407,326,81,19.9
2026-09-28T22:28:00Z,2026-09-29T00:28:00+02:00,54,placa-vella,297,208,89,30
2026-09-28T22:28:00Z,2026-09-29T00:28:00+02:00,55,ajuntament-mercat,237,188,49,20.7
2026-09-28T22:29:00Z,2026-09-29T00:29:00+02:00,53,dr-robert,407,326,81,19.9
2026-09-28T22:29:00Z,2026-09-29T00:29:00+02:00,54,placa-vella,297,208,89,30
2026-09-28T22:29:00Z,2026-09-29T00:29:00+02:00,55,ajuntament-mercat,237,188,49,20.7
2026-09-28T22:30:00Z,2026-09-29T00:30:00+02:00,53,dr-robert,407,326,81,19.9
2026-09-28T22:30:00Z,2026-09-29T00:30:00+02:00,54,placa-vella,297,208,89,30
2026-09-28T22:30:00Z,2026-09-29T00:30:00+02:00,55,ajuntament-mercat,237,188,49,20.7
2026-09-28T22:31:00Z,2026-09-29T00:31:00+02:00,53,dr-robert,407,326,81,19.9
2026-09-28T22:31:00Z,2026-09-29T00:31:00+02:00,54,placa-vella,297,208,89,30
2026-09-28T22:31:00Z,2026-09-29T00:31:00+02:00,55,ajuntament-mercat,237,188,49,20.7
2026-09-28T22:32:00Z,2026-09-29T00:32:00+02:00,53,dr-robert,407,326,81,19.9
2026-09-28T22:32:00Z,2026-09-29T00:32:00+02:00,54,placa-vella,297,208,89,30
2026-09-28T22:32:00Z,2026-09-29T00:32:00+02:00,55,ajuntament-mercat,237,188,49,20.7
2026-09-28T22:33:00Z,2026-09-29T00:33:00+02:00,53,dr-robert,407,326,81,19.9
2026-09-28T22:33:00Z,2026-09-29T00:33:00+02:00,54,placa-vella,297,208,89,30
2026-09-28T22:33:00Z,2026-09-29T00:33:00+02:00,55,ajuntament-mercat,237,188,49,20.7
2026-09-28T22:34:00Z,2026-09-29T00:34:00+02:00,53,dr-robert,407,326,81,19.9
2026-09-28T22:34:00Z,2026-09-29T00:34:00+02:00,54,placa-vella,297,208,89,30
2026-09-28T22:34:00Z,2026-09-29T00:34:00+02:00,55,ajuntament-mercat,237,188,49,20.7
2026-09-28T22:35:00Z,2026-09-29T00:35:00+02:00,53,dr-robert,407,327,80,19.7
2026-09-28T22:35:00Z,2026-09-29T00:35:00+02:00,54,placa-vella,297,208,89,30
2026-09-28T22:35:00Z,2026-09-29T00:35:00+02:00,55,ajuntament-mercat,237,188,49,20.7
2026-09-28T22:36:00Z,2026-09-29T00:36:00+02:00,53,dr-robert,407,327,80,19.7
2026-09-28T22:36:00Z,2026-09-29T00:36:00+02:00,54,placa-vella,297,208,89,30
2026-09-28T22:36:00Z,2026-09-29T00:36:00+02:00,55,ajuntament-mercat,237,188,49,20.7
2026-09-28T22:37:00Z,2026-09-29T00:37:00+02:00,53,dr-robert,407,327,80,19.7
2026-09-28T22:37:00Z,2026-09-29T00:37:00+02:00,54,placa-vella,297,208,89,30
2026-09-28T22:37:00Z,2026-09-29T00:37:00+02:00,55,ajuntament-mercat,237,188,49,20.7
2026-09-28T22:38:00Z,2026-09-29T00:38:00+02:00,53,dr-robert,407,327,80,19.7
2026-09-28T22:38:00Z,2026-09-29T00:38:00+02:00,54,placa-vella,297,208,89,30
2026-09-28T22:38:00Z,2026-09-29T00:38:00+02:00,55,ajuntament-mercat,237,188,49,20.7
2026-09-28T22:39:00Z,2026-09-29T00:39:00+02:00,53,dr-robert,407,327,80,19.7
2026-09-28T22:39:00Z,2026-09-29T00:39:00+02:00,54,placa-vella,297,208,89,30
2026-09-28T22:39:00Z,2026-09-29T00:39:00+02:00,55,ajuntament-mercat,237,188,49,20.7
2026-09-28T22:40:00Z,2026-09-29T00:40:00+02:00,53,dr-robert,407,326,81,19.9
2026-09-28T22:40:00Z,2026-09-29T00:40:00+02:00,54,placa-vella,297,208,89,30
2026-09-28T22:40:00Z,2026-09-29T00:40:00+02:00,55,ajuntament-mercat,237,188,49,20.7
2026-09-28T22:41:00Z,2026-09-29T00:41:00+02:00,53,dr-robert,407,326,81,19.9
2026-09-28T22:41:00Z,2026-09-29T00:41:00+02:00,54,placa-vella,297,208,89,30
2026-09-28T22:41:00Z,2026-09-29T00:41:00+02:00,55,ajuntament-mercat,237,188,49,20.7
2026-09-28T22:42:00Z,2026-09-29T00:42:00+02:00,53,dr-robert,407,326,81,19.9
2026-09-28T22:42:00Z,2026-09-29T00:42:00+02:00,54,placa-vella,297,208,89,30
2026-09-28T22:42:00Z,2026-09-29T00:42:00+02:00,55,ajuntament-mercat,237,188,49,20.7
2026-09-28T22:43:00Z,2026-09-29T00:43:00+02:00,53,dr-robert,407,326,81,19.9
2026-09-28T22:43:00Z,2026-09-29T00:43:00+02:00,54,placa-vella,297,208,89,30
2026-09-28T22:43:00Z,2026-09-29T00:43:00+02:00,55,ajuntament-mercat,237,188,49,20.7
2026-09-28T22:44:00Z,2026-09-29T00:44:00+02:00,53,dr-robert,407,326,81,19.9
2026-09-28T22:44:00Z,2026-09-29T00:44:00+02:00,54,placa-vella,297,208,89,30
2026-09-28T22:44:00Z,2026-09-29T00:44:00+02:00,55,ajuntament-mercat,237,188,49,20.7
2026-09-28T22:45:00Z,2026-09-29T00:45:00+02:00,53,dr-robert,407,327,80,19.7
2026-09-28T22:45:00Z,2026-09-29T00:45:00+02:00,54,placa-vella,297,208,89,30
2026-09-28T22:45:00Z,2026-09-29T00:45:00+02:00,55,ajuntament-mercat,237,188,49,20.7
2026-09-28T22:46:00Z,2026-09-29T00:46:00+02:00,53,dr-robert,407,327,80,19.7
2026-09-28T22:46:00Z,2026-09-29T00:46:00+02:00,54,placa-vella,297,208,89,30
2026-09-28T22:46:00Z,2026-09-29T00:46:00+02:00,55,ajuntament-mercat,237,188,49,20.7
2026-09-28T22:47:00Z,2026-09-29T00:47:00+02:00,53,dr-robert,407,327,80,19.7
2026-09-28T22:47:00Z,2026-09-29T00:47:00+02:00,54,placa-vella,297,208,89,30
2026-09-28T22:47:00Z,2026-09-29T00:47:00+02:00,55,ajuntament-mercat,237,188,49,20.7
2026-09-28T22:48:00Z,2026-09-29T00:48:00+02:00,53,dr-robert,407,327,80,19.7
2026-09-28T22:48:00Z,2026-09-29T00:48:00+02:00,54,placa-vella,297,208,89,30
2026-09-28T22:48:00Z,2026-09-29T00:48:00+02:00,55,ajuntament-mercat,237,188,49,20.7
2026-09-28T22:49:00Z,2026-09-29T00:49:00+02:00,53,dr-robert,407,327,80,19.7
2026-09-28T22:49:00Z,2026-09-29T00:49:00+02:00,54,placa-vella,297,208,89,30
2026-09-28T22:49:00Z,2026-09-29T00:49:00+02:00,55,ajuntament-mercat,237,188,49,20.7
2026-09-28T22:50:00Z,2026-09-29T00:50:00+02:00,53,dr-robert,407,328,79,19.4
2026-09-28T22:50:00Z,2026-09-29T00:50:00+02:00,54,placa-vella,297,208,89,30
2026-09-28T22:50:00Z,2026-09-29T00:50:00+02:00,55,ajuntament-mercat,237,188,49,20.7
2026-09-28T22:51:00Z,2026-09-29T00:51:00+02:00,53,dr-robert,407,328,79,19.4
2026-09-28T22:51:00Z,2026-09-29T00:51:00+02:00,54,placa-vella,297,208,89,30
2026-09-28T22:51:00Z,2026-09-29T00:51:00+02:00,55,ajuntament-mercat,237,188,49,20.7
2026-09-28T22:52:00Z,2026-09-29T00:52:00+02:00,53,dr-robert,407,328,79,19.4
2026-09-28T22:52:00Z,2026-09-29T00:52:00+02:00,54,placa-vella,297,208,89,30
2026-09-28T22:52:00Z,2026-09-29T00:52:00+02:00,55,ajuntament-mercat,237,188,49,20.7
2026-09-28T22:53:00Z,2026-09-29T00:53:00+02:00,53,dr-robert,407,328,79,19.4
2026-09-28T22:53:00Z,2026-09-29T00:53:00+02:00,54,placa-vella,297,208,89,30
2026-09-28T22:53:00Z,2026-09-29T00:53:00+02:00,55,ajuntament-mercat,237,188,49,20.7
2026-09-28T22:54:00Z,2026-09-29T00:54:00+02:00,53,dr-robert,407,328,79,19.4
2026-09-28T22:54:00Z,2026-09-29T00:54:00+02:00,54,placa-vella,297,208,89,30
2026-09-28T22:54:00Z,2026-09-29T00:54:00+02:00,55,ajuntament-mercat,237,188,49,20.7
2026-09-28T22:55:00Z,2026-09-29T00:55:00+02:00,53,dr-robert,407,328,79,19.4
2026-09-28T22:55:00Z,2026-09-29T00:55:00+02:00,54,placa-vella,297,208,89,30
2026-09-28T22:55:00Z,2026-09-29T00:55:00+02:00,55,ajuntament-mercat,237,188,49,20.7
2026-09-28T22:56:00Z,2026-09-29T00:56:00+02:00,53,dr-robert,407,328,79,19.4
2026-09-28T22:56:00Z,2026-09-29T00:56:00+02:00,54,placa-vella,297,208,89,30
2026-09-28T22:56:00Z,2026-09-29T00:56:00+02:00,55,ajuntament-mercat,237,188,49,20.7
2026-09-28T22:57:00Z,2026-09-29T00:57:00+02:00,53,dr-robert,407,328,79,19.4
2026-09-28T22:57:00Z,2026-09-29T00:57:00+02:00,54,placa-vella,297,208,89,30
2026-09-28T22:57:00Z,2026-09-29T00:57:00+02:00,55,ajuntament-mercat,237,188,49,20.7
2026-09-28T22:58:00Z,2026-09-29T00:58:00+02:00,53,dr-robert,407,328,79,19.4
2026-09-28T22:58:00Z,2026-09-29T00:58:00+02:00,54,placa-vella,297,208,89,30
2026-09-28T22:58:00Z,2026-09-29T00:58:00+02:00,55,ajuntament-mercat,237,188,49,20.7
2026-09-28T22:59:00Z,2026-09-29T00:59:00+02:00,53,dr-robert,407,328,79,19.4
2026-09-28T22:59:00Z,2026-09-29T00:59:00+02:00,54,placa-vella,297,208,89,30
2026-09-28T22:59:00Z,2026-09-29T00:59:00+02:00,55,ajuntament-mercat,237,188,49,20.7
2026-09-28T23:00:00Z,2026-09-29T01:00:00+02:00,53,dr-robert,407,328,79,19.4
2026-09-28T23:00:00Z,2026-09-29T01:00:00+02:00,54,placa-vella,297,208,89,30
2026-09-28T23:00:00Z,2026-09-29T01:00:00+02:00,55,ajuntament-mercat,237,188,49,20.7
2026-09-28T23:01:00Z,2026-09-29T01:01:00+02:00,53,dr-robert,407,328,79,19.4
2026-09-28T23:01:00Z,2026-09-29T01:01:00+02:00,54,placa-vella,297,208,89,30
2026-09-28T23:01:00Z,2026-09-29T01:01:00+02:00,55,ajuntament-mercat,237,188,49,20.7
2026-09-28T23:02:00Z,2026-09-29T01:02:00+02:00,53,dr-robert,407,328,79,19.4
2026-09-28T23:02:00Z,2026-09-29T01:02:00+02:00,54,placa-vella,297,207,90,30.3
2026-09-28T23:02:00Z,2026-09-29T01:02:00+02:00,55,ajuntament-mercat,237,188,49,20.7
2026-09-28T23:03:00Z,2026-09-29T01:03:00+02:00,53,dr-robert,407,328,79,19.4
2026-09-28T23:03:00Z,2026-09-29T01:03:00+02:00,54,placa-vella,297,207,90,30.3
2026-09-28T23:03:00Z,2026-09-29T01:03:00+02:00,55,ajuntament-mercat,237,188,49,20.7
2026-09-28T23:04:00Z,2026-09-29T01:04:00+02:00,53,dr-robert,407,328,79,19.4
2026-09-28T23:04:00Z,2026-09-29T01:04:00+02:00,54,placa-vella,297,207,90,30.3
2026-09-28T23:04:00Z,2026-09-29T01:04:00+02:00,55,ajuntament-mercat,237,188,49,20.7
2026-09-28T23:05:00Z,2026-09-29T01:05:00+02:00,53,dr-robert,407,328,79,19.4
2026-09-28T23:05:00Z,2026-09-29T01:05:00+02:00,54,placa-vella,297,207,90,30.3
2026-09-28T23:05:00Z,2026-09-29T01:05:00+02:00,55,ajuntament-mercat,237,188,49,20.7
2026-09-28T23:06:00Z,2026-09-29T01:06:00+02:00,53,dr-robert,407,328,79,19.4
2026-09-28T23:06:00Z,2026-09-29T01:06:00+02:00,54,placa-vella,297,207,90,30.3
2026-09-28T23:06:00Z,2026-09-29T01:06:00+02:00,55,ajuntament-mercat,237,188,49,20.7
2026-09-28T23:07:00Z,2026-09-29T01:07:00+02:00,53,dr-robert,407,328,79,19.4
2026-09-28T23:07:00Z,2026-09-29T01:07:00+02:00,54,placa-vella,297,207,90,30.3
2026-09-28T23:07:00Z,2026-09-29T01:07:00+02:00,55,ajuntament-mercat,237,188,49,20.7
2026-09-28T23:08:00Z,2026-09-29T01:08:00+02:00,53,dr-robert,407,328,79,19.4
2026-09-28T23:08:00Z,2026-09-29T01:08:00+02:00,54,placa-vella,297,207,90,30.3
2026-09-28T23:08:00Z,2026-09-29T01:08:00+02:00,55,ajuntament-mercat,237,188,49,20.7
2026-09-28T23:09:00Z,2026-09-29T01:09:00+02:00,53,dr-robert,407,328,79,19.4
2026-09-28T23:09:00Z,2026-09-29T01:09:00+02:00,54,placa-vella,297,207,90,30.3
2026-09-28T23:09:00Z,2026-09-29T01:09:00+02:00,55,ajuntament-mercat,237,188,49,20.7
2026-09-28T23:10:00Z,2026-09-29T01:10:00+02:00,53,dr-robert,407,328,79,19.4
2026-09-28T23:10:00Z,2026-09-29T01:10:00+02:00,54,placa-vella,297,207,90,30.3
2026-09-28T23:10:00Z,2026-09-29T01:10:00+02:00,55,ajuntament-mercat,237,188,49,20.7
2026-09-28T23:11:00Z,2026-09-29T01:11:00+02:00,53,dr-robert,407,328,79,19.4
2026-09-28T23:11:00Z,2026-09-29T01:11:00+02:00,54,placa-vella,297,207,90,30.3
2026-09-28T23:11:00Z,2026-09-29T01:11:00+02:00,55,ajuntament-mercat,237,188,49,20.7
2026-09-28T23:12:00Z,2026-09-29T01:12:00+02:00,53,dr-robert,407,328,79,19.4
2026-09-28T23:12:00Z,2026-09-29T01:12:00+02:00,54,placa-vella,297,207,90,30.3
2026-09-28T23:12:00Z,2026-09-29T01:12:00+02:00,55,ajuntament-mercat,237,188,49,20.7
2026-09-28T23:13:00Z,2026-09-29T01:13:00+02:00,53,dr-robert,407,328,79,19.4
2026-09-28T23:13:00Z,2026-09-29T01:13:00+02:00,54,placa-vella,297,207,90,30.3
2026-09-28T23:13:00Z,2026-09-29T01:13:00+02:00,55,ajuntament-mercat,237,188,49,20.7
2026-09-28T23:14:00Z,2026-09-29T01:14:00+02:00,53,dr-robert,407,328,79,19.4
2026-09-28T23:14:00Z,2026-09-29T01:14:00+02:00,54,placa-vella,297,207,90,30.3
2026-09-28T23:14:00Z,2026-09-29T01:14:00+02:00,55,ajuntament-mercat,237,188,49,20.7
2026-09-28T23:15:00Z,2026-09-29T01:15:00+02:00,53,dr-robert,407,328,79,19.4
2026-09-28T23:15:00Z,2026-09-29T01:15:00+02:00,54,placa-vella,297,207,90,30.3
2026-09-28T23:15:00Z,2026-09-29T01:15:00+02:00,55,ajuntament-mercat,237,188,49,20.7
2026-09-28T23:16:00Z,2026-09-29T01:16:00+02:00,53,dr-robert,407,328,79,19.4
2026-09-28T23:16:00Z,2026-09-29T01:16:00+02:00,54,placa-vella,297,207,90,30.3
2026-09-28T23:16:00Z,2026-09-29T01:16:00+02:00,55,ajuntament-mercat,237,188,49,20.7
2026-09-28T23:17:00Z,2026-09-29T01:17:00+02:00,53,dr-robert,407,328,79,19.4
2026-09-28T23:17:00Z,2026-09-29T01:17:00+02:00,54,placa-vella,297,207,90,30.3
2026-09-28T23:17:00Z,2026-09-29T01:17:00+02:00,55,ajuntament-mercat,237,188,49,20.7
2026-09-28T23:18:00Z,2026-09-29T01:18:00+02:00,53,dr-robert,407,328,79,19.4
2026-09-28T23:18:00Z,2026-09-29T01:18:00+02:00,54,placa-vella,297,207,90,30.3
2026-09-28T23:18:00Z,2026-09-29T01:18:00+02:00,55,ajuntament-mercat,237,188,49,20.7
2026-09-28T23:19:00Z,2026-09-29T01:19:00+02:00,53,dr-robert,407,328,79,19.4
2026-09-28T23:19:00Z,2026-09-29T01:19:00+02:00,54,placa-vella,297,207,90,30.3
2026-09-28T23:19:00Z,2026-09-29T01:19:00+02:00,55,ajuntament-mercat,237,188,49,20.7
2026-09-28T23:20:00Z,2026-09-29T01:20:00+02:00,53,dr-robert,407,328,79,19.4
2026-09-28T23:20:00Z,2026-09-29T01:20:00+02:00,54,placa-vella,297,207,90,30.3
2026-09-28T23:20:00Z,2026-09-29T01:20:00+02:00,55,ajuntament-mercat,237,188,49,20.7
2026-09-28T23:21:00Z,2026-09-29T01:21:00+02:00,53,dr-robert,407,328,79,19.4
2026-09-28T23:21:00Z,2026-09-29T01:21:00+02:00,54,placa-vella,297,207,90,30.3
2026-09-28T23:21:00Z,2026-09-29T01:21:00+02:00,55,ajuntament-mercat,237,188,49,20.7
2026-09-28T23:22:00Z,2026-09-29T01:22:00+02:00,53,dr-robert,407,328,79,19.4
2026-09-28T23:22:00Z,2026-09-29T01:22:00+02:00,54,placa-vella,297,207,90,30.3
2026-09-28T23:22:00Z,2026-09-29T01:22:00+02:00,55,ajuntament-mercat,237,188,49,20.7
2026-09-28T23:23:00Z,2026-09-29T01:23:00+02:00,53,dr-robert,407,328,79,19.4
2026-09-28T23:23:00Z,2026-09-29T01:23:00+02:00,54,placa-vella,297,207,90,30.3
2026-09-28T23:23:00Z,2026-09-29T01:23:00+02:00,55,ajuntament-mercat,237,188,49,20.7
2026-09-28T23:24:00Z,2026-09-29T01:24:00+02:00,53,dr-robert,407,328,79,19.4
2026-09-28T23:24:00Z,2026-09-29T01:24:00+02:00,54,placa-vella,297,207,90,30.3
2026-09-28T23:24:00Z,2026-09-29T01:24:00+02:00,55,ajuntament-mercat,237,188,49,20.7
2026-09-28T23:25:00Z,2026-09-29T01:25:00+02:00,53,dr-robert,407,328,79,19.4
2026-09-28T23:25:00Z,2026-09-29T01:25:00+02:00,54,placa-vella,297,207,90,30.3
2026-09-28T23:25:00Z,2026-09-29T01:25:00+02:00,55,ajuntament-mercat,237,188,49,20.7
2026-09-28T23:26:00Z,2026-09-29T01:26:00+02:00,53,dr-robert,407,328,79,19.4
2026-09-28T23:26:00Z,2026-09-29T01:26:00+02:00,54,placa-vella,297,207,90,30.3
2026-09-28T23:26:00Z,2026-09-29T01:26:00+02:00,55,ajuntament-mercat,237,188,49,20.7
2026-09-28T23:27:00Z,2026-09-29T01:27:00+02:00,53,dr-robert,407,328,79,19.4
2026-09-28T23:27:00Z,2026-09-29T01:27:00+02:00,54,placa-vella,297,207,90,30.3
2026-09-28T23:27:00Z,2026-09-29T01:27:00+02:00,55,ajuntament-mercat,237,188,49,20.7
2026-09-28T23:28:00Z,2026-09-29T01:28:00+02:00,53,dr-robert,407,328,79,19.4
2026-09-28T23:28:00Z,2026-09-29T01:28:00+02:00,54,placa-vella,297,207,90,30.3
2026-09-28T23:28:00Z,2026-09-29T01:28:00+02:00,55,ajuntament-mercat,237,188,49,20.7
2026-09-28T23:29:00Z,2026-09-29T01:29:00+02:00,53,dr-robert,407,328,79,19.4
2026-09-28T23:29:00Z,2026-09-29T01:29:00+02:00,54,placa-vella,297,207,90,30.3
2026-09-28T23:29:00Z,2026-09-29T01:29:00+02:00,55,ajuntament-mercat,237,188,49,20.7
2026-09-28T23:30:00Z,2026-09-29T01:30:00+02:00,53,dr-robert,407,328,79,19.4
2026-09-28T23:30:00Z,2026-09-29T01:30:00+02:00,54,placa-vella,297,207,90,30.3
2026-09-28T23:30:00Z,2026-09-29T01:30:00+02:00,55,ajuntament-mercat,237,188,49,20.7
2026-09-28T23:31:00Z,2026-09-29T01:31:00+02:00,53,dr-robert,407,328,79,19.4
2026-09-28T23:31:00Z,2026-09-29T01:31:00+02:00,54,placa-vella,297,207,90,30.3
2026-09-28T23:31:00Z,2026-09-29T01:31:00+02:00,55,ajuntament-mercat,237,188,49,20.7
2026-09-28T23:32:00Z,2026-09-29T01:32:00+02:00,53,dr-robert,407,328,79,19.4
2026-09-28T23:32:00Z,2026-09-29T01:32:00+02:00,54,placa-vella,297,207,90,30.3
2026-09-28T23:32:00Z,2026-09-29T01:32:00+02:00,55,ajuntament-mercat,237,188,49,20.7
2026-09-28T23:33:00Z,2026-09-29T01:33:00+02:00,53,dr-robert,407,328,79,19.4
2026-09-28T23:33:00Z,2026-09-29T01:33:00+02:00,54,placa-vella,297,207,90,30.3
2026-09-28T23:33:00Z,2026-09-29T01:33:00+02:00,55,ajuntament-mercat,237,188,49,20.7
2026-09-28T23:34:00Z,2026-09-29T01:34:00+02:00,53,dr-robert,407,328,79,19.4
2026-09-28T23:34:00Z,2026-09-29T01:34:00+02:00,54,placa-vella,297,207,90,30.3
2026-09-28T23:34:00Z,2026-09-29T01:34:00+02:00,55,ajuntament-mercat,237,188,49,20.7
2026-09-28T23:35:00Z,2026-09-29T01:35:00+02:00,53,dr-robert,407,328,79,19.4
2026-09-28T23:35:00Z,2026-09-29T01:35:00+02:00,54,placa-vella,297,207,90,30.3
2026-09-28T23:35:00Z,2026-09-29T01:35:00+02:00,55,ajuntament-mercat,237,188,49,20.7
2026-09-28T23:36:00Z,2026-09-29T01:36:00+02:00,53,dr-robert,407,328,79,19.4
2026-09-28T23:36:00Z,2026-09-29T01:36:00+02:00,54,placa-vella,297,207,90,30.3
2026-09-28T23:36:00Z,2026-09-29T01:36:00+02:00,55,ajuntament-mercat,237,188,49,20.7
2026-09-28T23:37:00Z,2026-09-29T01:37:00+02:00,53,dr-robert,407,328,79,19.4
2026-09-28T23:37:00Z,2026-09-29T01:37:00+02:00,54,placa-vella,297,207,90,30.3
2026-09-28T23:37:00Z,2026-09-29T01:37:00+02:00,55,ajuntament-mercat,237,188,49,20.7
2026-09-28T23:38:00Z,2026-09-29T01:38:00+02:00,53,dr-robert,407,328,79,19.4
2026-09-28T23:38:00Z,2026-09-29T01:38:00+02:00,54,placa-vella,297,207,90,30.3
2026-09-28T23:38:00Z,2026-09-29T01:38:00+02:00,55,ajuntament-mercat,237,188,49,20.7
2026-09-28T23:39:00Z,2026-09-29T01:39:00+02:00,53,dr-robert,407,328,79,19.4
2026-09-28T23:39:00Z,2026-09-29T01:39:00+02:00,54,placa-vella,297,207,90,30.3
2026-09-28T23:39:00Z,2026-09-29T01:39:00+02:00,55,ajuntament-mercat,237,188,49,20.7
2026-09-28T23:40:00Z,2026-09-29T01:40:00+02:00,53,dr-robert,407,327,80,19.7
2026-09-28T23:40:00Z,2026-09-29T01:40:00+02:00,54,placa-vella,297,207,90,30.3
2026-09-28T23:40:00Z,2026-09-29T01:40:00+02:00,55,ajuntament-mercat,237,188,49,20.7
2026-09-28T23:41:00Z,2026-09-29T01:41:00+02:00,53,dr-robert,407,327,80,19.7
2026-09-28T23:41:00Z,2026-09-29T01:41:00+02:00,54,placa-vella,297,207,90,30.3
2026-09-28T23:41:00Z,2026-09-29T01:41:00+02:00,55,ajuntament-mercat,237,188,49,20.7
2026-09-28T23:42:00Z,2026-09-29T01:42:00+02:00,53,dr-robert,407,327,80,19.7
2026-09-28T23:42:00Z,2026-09-29T01:42:00+02:00,54,placa-vella,297,207,90,30.3
2026-09-28T23:42:00Z,2026-09-29T01:42:00+02:00,55,ajuntament-mercat,237,188,49,20.7
2026-09-28T23:43:00Z,2026-09-29T01:43:00+02:00,53,dr-robert,407,327,80,19.7
2026-09-28T23:43:00Z,2026-09-29T01:43:00+02:00,54,placa-vella,297,207,90,30.3
2026-09-28T23:43:00Z,2026-09-29T01:43:00+02:00,55,ajuntament-mercat,237,188,49,20.7
2026-09-28T23:44:00Z,2026-09-29T01:44:00+02:00,53,dr-robert,407,327,80,19.7
2026-09-28T23:44:00Z,2026-09-29T01:44:00+02:00,54,placa-vella,297,207,90,30.3
2026-09-28T23:44:00Z,2026-09-29T01:44:00+02:00,55,ajuntament-mercat,237,188,49,20.7
2026-09-28T23:45:00Z,2026-09-29T01:45:00+02:00,53,dr-robert,407,327,80,19.7
2026-09-28T23:45:00Z,2026-09-29T01:45:00+02:00,54,placa-vella,297,207,90,30.3
2026-09-28T23:45:00Z,2026-09-29T01:45:00+02:00,55,ajuntament-mercat,237,188,49,20.7
2026-09-28T23:46:00Z,2026-09-29T01:46:00+02:00,53,dr-robert,407,327,80,19.7
2026-09-28T23:46:00Z,2026-09-29T01:46:00+02:00,54,placa-vella,297,207,90,30.3
2026-09-28T23:46:00Z,2026-09-29T01:46:00+02:00,55,ajuntament-mercat,237,188,49,20.7
2026-09-28T23:47:00Z,2026-09-29T01:47:00+02:00,53,dr-robert,407,327,80,19.7
2026-09-28T23:47:00Z,2026-09-29T01:47:00+02:00,54,placa-vella,297,207,90,30.3
2026-09-28T23:47:00Z,2026-09-29T01:47:00+02:00,55,ajuntament-mercat,237,188,49,20.7
2026-09-28T23:48:00Z,2026-09-29T01:48:00+02:00,53,dr-robert,407,327,80,19.7
2026-09-28T23:48:00Z,2026-09-29T01:48:00+02:00,54,placa-vella,297,207,90,30.3
2026-09-28T23:48:00Z,2026-09-29T01:48:00+02:00,55,ajuntament-mercat,237,188,49,20.7
2026-09-28T23:49:00Z,2026-09-29T01:49:00+02:00,53,dr-robert,407,327,80,19.7
2026-09-28T23:49:00Z,2026-09-29T01:49:00+02:00,54,placa-vella,297,207,90,30.3
2026-09-28T23:49:00Z,2026-09-29T01:49:00+02:00,55,ajuntament-mercat,237,188,49,20.7
2026-09-28T23:50:00Z,2026-09-29T01:50:00+02:00,53,dr-robert,407,327,80,19.7
2026-09-28T23:50:00Z,2026-09-29T01:50:00+02:00,54,placa-vella,297,207,90,30.3
2026-09-28T23:50:00Z,2026-09-29T01:50:00+02:00,55,ajuntament-mercat,237,188,49,20.7
2026-09-28T23:51:00Z,2026-09-29T01:51:00+02:00,53,dr-robert,407,327,80,19.7
2026-09-28T23:51:00Z,2026-09-29T01:51:00+02:00,54,placa-vella,297,207,90,30.3
2026-09-28T23:51:00Z,2026-09-29T01:51:00+02:00,55,ajuntament-mercat,237,188,49,20.7
2026-09-28T23:52:00Z,2026-09-29T01:52:00+02:00,53,dr-robert,407,327,80,19.7
2026-09-28T23:52:00Z,2026-09-29T01:52:00+02:00,54,placa-vella,297,207,90,30.3
2026-09-28T23:52:00Z,2026-09-29T01:52:00+02:00,55,ajuntament-mercat,237,188,49,20.7
2026-09-28T23:53:00Z,2026-09-29T01:53:00+02:00,53,dr-robert,407,327,80,19.7
2026-09-28T23:53:00Z,2026-09-29T01:53:00+02:00,54,placa-vella,297,207,90,30.3
2026-09-28T23:53:00Z,2026-09-29T01:53:00+02:00,55,ajuntament-mercat,237,188,49,20.7
2026-09-28T23:54:00Z,2026-09-29T01:54:00+02:00,53,dr-robert,407,327,80,19.7
2026-09-28T23:54:00Z,2026-09-29T01:54:00+02:00,54,placa-vella,297,207,90,30.3
2026-09-28T23:54:00Z,2026-09-29T01:54:00+02:00,55,ajuntament-mercat,237,188,49,20.7
2026-09-28T23:55:00Z,2026-09-29T01:55:00+02:00,53,dr-robert,407,327,80,19.7
2026-09-28T23:55:00Z,2026-09-29T01:55:00+02:00,54,placa-vella,297,207,90,30.3
2026-09-28T23:55:00Z,2026-09-29T01:55:00+02:00,55,ajuntament-mercat,237,188,49,20.7
2026-09-28T23:56:00Z,2026-09-29T01:56:00+02:00,53,dr-robert,407,327,80,19.7
2026-09-28T23:56:00Z,2026-09-29T01:56:00+02:00,54,placa-vella,297,207,90,30.3
2026-09-28T23:56:00Z,2026-09-29T01:56:00+02:00,55,ajuntament-mercat,237,188,49,20.7
2026-09-28T23:57:00Z,2026-09-29T01:57:00+02:00,53,dr-robert,407,327,80,19.7
2026-09-28T23:57:00Z,2026-09-29T01:57:00+02:00,54,placa-vella,297,207,90,30.3
2026-09-28T23:57:00Z,2026-09-29T01:57:00+02:00,55,ajuntament-mercat,237,188,49,20.7
2026-09-28T23:58:00Z,2026-09-29T01:58:00+02:00,53,dr-robert,407,327,80,19.7
2026-09-28T23:58:00Z,2026-09-29T01:58:00+02:00,54,placa-vella,297,207,90,30.3
2026-09-28T23:58:00Z,2026-09-29T01:58:00+02:00,55,ajuntament-mercat,237,188,49,20.7
2026-09-28T23:59:00Z,2026-09-29T01:59:00+02:00,53,dr-robert,407,327,80,19.7
2026-09-28T23:59:00Z,2026-09-29T01:59:00+02:00,54,placa-vella,297,207,90,30.3
2026-09-28T23:59:00Z,2026-09-29T01:59:00+02:00,55,ajuntament-mercat,237,188,49,20.7
2026-09-29T00:00:00Z,2026-09-29T02:00:00+02:00,53,dr-robert,407,327,80,19.7
2026-09-29T00:00:00Z,2026-09-29T02:00:00+02:00,54,placa-vella,297,207,90,30.3
2026-09-29T00:00:00Z,2026-09-29T02:00:00+02:00,55,ajuntament-mercat,237,188,49,20.7
2026-09-29T00:01:00Z,2026-09-29T02:01:00+02:00,53,dr-robert,407,327,80,19.7
2026-09-29T00:01:00Z,2026-09-29T02:01:00+02:00,54,placa-vella,297,207,90,30.3
2026-09-29T00:01:00Z,2026-09-29T02:01:00+02:00,55,ajuntament-mercat,237,188,49,20.7
2026-09-29T00:02:00Z,2026-09-29T02:02:00+02:00,53,dr-robert,407,327,80,19.7
2026-09-29T00:02:00Z,2026-09-29T02:02:00+02:00,54,placa-vella,297,207,90,30.3
2026-09-29T00:02:00Z,2026-09-29T02:02:00+02:00,55,ajuntament-mercat,237,188,49,20.7
2026-09-29T00:03:00Z,2026-09-29T02:03:00+02:00,53,dr-robert,407,327,80,19.7
2026-09-29T00:03:00Z,2026-09-29T02:03:00+02:00,54,placa-vella,297,207,90,30.3
2026-09-29T00:03:00Z,2026-09-29T02:03:00+02:00,55,ajuntament-mercat,237,188,49,20.7
2026-09-29T00:05:00Z,2026-09-29T02:05:00+02:00,53,dr-robert,407,327,80,19.7
2026-09-29T00:05:00Z,2026-09-29T02:05:00+02:00,54,placa-vella,297,207,90,30.3
2026-09-29T00:05:00Z,2026-09-29T02:05:00+02:00,55,ajuntament-mercat,237,188,49,20.7
2026-09-29T00:06:00Z,2026-09-29T02:06:00+02:00,53,dr-robert,407,327,80,19.7
2026-09-29T00:06:00Z,2026-09-29T02:06:00+02:00,54,placa-vella,297,207,90,30.3
2026-09-29T00:06:00Z,2026-09-29T02:06:00+02:00,55,ajuntament-mercat,237,188,49,20.7
2026-09-29T00:07:00Z,2026-09-29T02:07:00+02:00,53,dr-robert,407,328,79,19.4
2026-09-29T00:07:00Z,2026-09-29T02:07:00+02:00,54,placa-vella,297,207,90,30.3
2026-09-29T00:07:00Z,2026-09-29T02:07:00+02:00,55,ajuntament-mercat,237,188,49,20.7
2026-09-29T00:08:00Z,2026-09-29T02:08:00+02:00,53,dr-robert,407,328,79,19.4
2026-09-29T00:08:00Z,2026-09-29T02:08:00+02:00,54,placa-vella,297,207,90,30.3
2026-09-29T00:08:00Z,2026-09-29T02:08:00+02:00,55,ajuntament-mercat,237,188,49,20.7
2026-09-29T00:09:00Z,2026-09-29T02:09:00+02:00,53,dr-robert,407,328,79,19.4
2026-09-29T00:09:00Z,2026-09-29T02:09:00+02:00,54,placa-vella,297,207,90,30.3
2026-09-29T00:09:00Z,2026-09-29T02:09:00+02:00,55,ajuntament-mercat,237,188,49,20.7
2026-09-29T00:15:00Z,2026-09-29T02:15:00+02:00,53,dr-robert,407,328,79,19.4
2026-09-29T00:15:00Z,2026-09-29T02:15:00+02:00,54,placa-vella,297,207,90,30.3
2026-09-29T00:15:00Z,2026-09-29T02:15:00+02:00,55,ajuntament-mercat,237,188,49,20.7
2026-09-29T00:16:00Z,2026-09-29T02:16:00+02:00,53,dr-robert,407,328,79,19.4
2026-09-29T00:16:00Z,2026-09-29T02:16:00+02:00,54,placa-vella,297,207,90,30.3
2026-09-29T00:16:00Z,2026-09-29T02:16:00+02:00,55,ajuntament-mercat,237,188,49,20.7
2026-09-29T00:17:00Z,2026-09-29T02:17:00+02:00,53,dr-robert,407,328,79,19.4
2026-09-29T00:17:00Z,2026-09-29T02:17:00+02:00,54,placa-vella,297,207,90,30.3
2026-09-29T00:17:00Z,2026-09-29T02:17:00+02:00,55,ajuntament-mercat,237,188,49,20.7
2026-09-29T00:18:00Z,2026-09-29T02:18:00+02:00,53,dr-robert,407,328,79,19.4
2026-09-29T00:18:00Z,2026-09-29T02:18:00+02:00,54,placa-vella,297,207,90,30.3
2026-09-29T00:18:00Z,2026-09-29T02:18:00+02:00,55,ajuntament-mercat,237,188,49,20.7
2026-09-29T00:19:00Z,2026-09-29T02:19:00+02:00,53,dr-robert,407,328,79,19.4
2026-09-29T00:19:00Z,2026-09-29T02:19:00+02:00,54,placa-vella,297,207,90,30.3
2026-09-29T00:19:00Z,2026-09-29T02:19:00+02:00,55,ajuntament-mercat,237,188,49,20.7
2026-09-29T00:20:00Z,2026-09-29T02:20:00+02:00,53,dr-robert,407,328,79,19.4
2026-09-29T00:20:00Z,2026-09-29T02:20:00+02:00,54,placa-vella,297,207,90,30.3
2026-09-29T00:20:00Z,2026-09-29T02:20:00+02:00,55,ajuntament-mercat,237,188,49,20.7
2026-09-29T00:21:00Z,2026-09-29T02:21:00+02:00,53,dr-robert,407,328,79,19.4
2026-09-29T00:21:00Z,2026-09-29T02:21:00+02:00,54,placa-vella,297,207,90,30.3
2026-09-29T00:21:00Z,2026-09-29T02:21:00+02:00,55,ajuntament-mercat,237,188,49,20.7
2026-09-29T00:22:00Z,2026-09-29T02:22:00+02:00,53,dr-robert,407,328,79,19.4
2026-09-29T00:22:00Z,2026-09-29T02:22:00+02:00,54,placa-vella,297,207,90,30.3
2026-09-29T00:22:00Z,2026-09-29T02:22:00+02:00,55,ajuntament-mercat,237,188,49,20.7
2026-09-29T00:23:00Z,2026-09-29T02:23:00+02:00,53,dr-robert,407,328,79,19.4
2026-09-29T00:23:00Z,2026-09-29T02:23:00+02:00,54,placa-vella,297,207,90,30.3
2026-09-29T00:23:00Z,2026-09-29T02:23:00+02:00,55,ajuntament-mercat,237,188,49,20.7
2026-09-29T00:24:00Z,2026-09-29T02:24:00+02:00,53,dr-robert,407,328,79,19.4
2026-09-29T00:24:00Z,2026-09-29T02:24:00+02:00,54,placa-vella,297,207,90,30.3
2026-09-29T00:24:00Z,2026-09-29T02:24:00+02:00,55,ajuntament-mercat,237,188,49,20.7
2026-09-29T00:25:00Z,2026-09-29T02:25:00+02:00,53,dr-robert,407,329,78,19.2
2026-09-29T00:25:00Z,2026-09-29T02:25:00+02:00,54,placa-vella,297,207,90,30.3
2026-09-29T00:25:00Z,2026-09-29T02:25:00+02:00,55,ajuntament-mercat,237,188,49,20.7
2026-09-29T00:26:00Z,2026-09-29T02:26:00+02:00,53,dr-robert,407,329,78,19.2
2026-09-29T00:26:00Z,2026-09-29T02:26:00+02:00,54,placa-vella,297,207,90,30.3
2026-09-29T00:26:00Z,2026-09-29T02:26:00+02:00,55,ajuntament-mercat,237,188,49,20.7
2026-09-29T00:27:00Z,2026-09-29T02:27:00+02:00,53,dr-robert,407,329,78,19.2
2026-09-29T00:27:00Z,2026-09-29T02:27:00+02:00,54,placa-vella,297,207,90,30.3
2026-09-29T00:27:00Z,2026-09-29T02:27:00+02:00,55,ajuntament-mercat,237,188,49,20.7
2026-09-29T00:28:00Z,2026-09-29T02:28:00+02:00,53,dr-robert,407,329,78,19.2
2026-09-29T00:28:00Z,2026-09-29T02:28:00+02:00,54,placa-vella,297,207,90,30.3
2026-09-29T00:28:00Z,2026-09-29T02:28:00+02:00,55,ajuntament-mercat,237,188,49,20.7
2026-09-29T00:29:00Z,2026-09-29T02:29:00+02:00,53,dr-robert,407,329,78,19.2
2026-09-29T00:29:00Z,2026-09-29T02:29:00+02:00,54,placa-vella,297,207,90,30.3
2026-09-29T00:29:00Z,2026-09-29T02:29:00+02:00,55,ajuntament-mercat,237,188,49,20.7
2026-09-29T00:30:00Z,2026-09-29T02:30:00+02:00,53,dr-robert,407,331,76,18.7
2026-09-29T00:30:00Z,2026-09-29T02:30:00+02:00,54,placa-vella,297,208,89,30
2026-09-29T00:30:00Z,2026-09-29T02:30:00+02:00,55,ajuntament-mercat,237,188,49,20.7
2026-09-29T00:31:00Z,2026-09-29T02:31:00+02:00,53,dr-robert,407,331,76,18.7
2026-09-29T00:31:00Z,2026-09-29T02:31:00+02:00,54,placa-vella,297,208,89,30
2026-09-29T00:31:00Z,2026-09-29T02:31:00+02:00,55,ajuntament-mercat,237,188,49,20.7
2026-09-29T00:32:00Z,2026-09-29T02:32:00+02:00,53,dr-robert,407,331,76,18.7
2026-09-29T00:32:00Z,2026-09-29T02:32:00+02:00,54,placa-vella,297,208,89,30
2026-09-29T00:32:00Z,2026-09-29T02:32:00+02:00,55,ajuntament-mercat,237,188,49,20.7
2026-09-29T00:33:00Z,2026-09-29T02:33:00+02:00,53,dr-robert,407,331,76,18.7
2026-09-29T00:33:00Z,2026-09-29T02:33:00+02:00,54,placa-vella,297,208,89,30
2026-09-29T00:33:00Z,2026-09-29T02:33:00+02:00,55,ajuntament-mercat,237,188,49,20.7
2026-09-29T00:34:00Z,2026-09-29T02:34:00+02:00,53,dr-robert,407,331,76,18.7
2026-09-29T00:34:00Z,2026-09-29T02:34:00+02:00,54,placa-vella,297,208,89,30
2026-09-29T00:34:00Z,2026-09-29T02:34:00+02:00,55,ajuntament-mercat,237,188,49,20.7
2026-09-29T00:35:00Z,2026-09-29T02:35:00+02:00,53,dr-robert,407,330,77,18.9
2026-09-29T00:35:00Z,2026-09-29T02:35:00+02:00,54,placa-vella,297,208,89,30
2026-09-29T00:35:00Z,2026-09-29T02:35:00+02:00,55,ajuntament-mercat,237,188,49,20.7
2026-09-29T00:36:00Z,2026-09-29T02:36:00+02:00,53,dr-robert,407,330,77,18.9
2026-09-29T00:36:00Z,2026-09-29T02:36:00+02:00,54,placa-vella,297,208,89,30
2026-09-29T00:36:00Z,2026-09-29T02:36:00+02:00,55,ajuntament-mercat,237,188,49,20.7
2026-09-29T00:37:00Z,2026-09-29T02:37:00+02:00,53,dr-robert,407,330,77,18.9
2026-09-29T00:37:00Z,2026-09-29T02:37:00+02:00,54,placa-vella,297,208,89,30
2026-09-29T00:37:00Z,2026-09-29T02:37:00+02:00,55,ajuntament-mercat,237,188,49,20.7
2026-09-29T00:38:00Z,2026-09-29T02:38:00+02:00,53,dr-robert,407,330,77,18.9
2026-09-29T00:38:00Z,2026-09-29T02:38:00+02:00,54,placa-vella,297,208,89,30
2026-09-29T00:38:00Z,2026-09-29T02:38:00+02:00,55,ajuntament-mercat,237,188,49,20.7
2026-09-29T00:39:00Z,2026-09-29T02:39:00+02:00,53,dr-robert,407,330,77,18.9
2026-09-29T00:39:00Z,2026-09-29T02:39:00+02:00,54,placa-vella,297,208,89,30
2026-09-29T00:39:00Z,2026-09-29T02:39:00+02:00,55,ajuntament-mercat,237,188,49,20.7
2026-09-29T00:40:00Z,2026-09-29T02:40:00+02:00,53,dr-robert,407,331,76,18.7
2026-09-29T00:40:00Z,2026-09-29T02:40:00+02:00,54,placa-vella,297,208,89,30
2026-09-29T00:40:00Z,2026-09-29T02:40:00+02:00,55,ajuntament-mercat,237,188,49,20.7
2026-09-29T00:41:00Z,2026-09-29T02:41:00+02:00,53,dr-robert,407,331,76,18.7
2026-09-29T00:41:00Z,2026-09-29T02:41:00+02:00,54,placa-vella,297,208,89,30
2026-09-29T00:41:00Z,2026-09-29T02:41:00+02:00,55,ajuntament-mercat,237,188,49,20.7
2026-09-29T00:42:00Z,2026-09-29T02:42:00+02:00,53,dr-robert,407,331,76,18.7
2026-09-29T00:42:00Z,2026-09-29T02:42:00+02:00,54,placa-vella,297,208,89,30
2026-09-29T00:42:00Z,2026-09-29T02:42:00+02:00,55,ajuntament-mercat,237,188,49,20.7
2026-09-29T00:43:00Z,2026-09-29T02:43:00+02:00,53,dr-robert,407,331,76,18.7
2026-09-29T00:43:00Z,2026-09-29T02:43:00+02:00,54,placa-vella,297,208,89,30
2026-09-29T00:43:00Z,2026-09-29T02:43:00+02:00,55,ajuntament-mercat,237,188,49,20.7
2026-09-29T00:44:00Z,2026-09-29T02:44:00+02:00,53,dr-robert,407,331,76,18.7
2026-09-29T00:44:00Z,2026-09-29T02:44:00+02:00,54,placa-vella,297,208,89,30
2026-09-29T00:44:00Z,2026-09-29T02:44:00+02:00,55,ajuntament-mercat,237,188,49,20.7
2026-09-29T00:45:00Z,2026-09-29T02:45:00+02:00,53,dr-robert,407,331,76,18.7
2026-09-29T00:45:00Z,2026-09-29T02:45:00+02:00,54,placa-vella,297,208,89,30
2026-09-29T00:45:00Z,2026-09-29T02:45:00+02:00,55,ajuntament-mercat,237,188,49,20.7
2026-09-29T00:46:00Z,2026-09-29T02:46:00+02:00,53,dr-robert,407,331,76,18.7
2026-09-29T00:46:00Z,2026-09-29T02:46:00+02:00,54,placa-vella,297,208,89,30
2026-09-29T00:46:00Z,2026-09-29T02:46:00+02:00,55,ajuntament-mercat,237,188,49,20.7
2026-09-29T00:47:00Z,2026-09-29T02:47:00+02:00,53,dr-robert,407,331,76,18.7
2026-09-29T00:47:00Z,2026-09-29T02:47:00+02:00,54,placa-vella,297,208,89,30
2026-09-29T00:47:00Z,2026-09-29T02:47:00+02:00,55,ajuntament-mercat,237,188,49,20.7
2026-09-29T00:48:00Z,2026-09-29T02:48:00+02:00,53,dr-robert,407,331,76,18.7
2026-09-29T00:48:00Z,2026-09-29T02:48:00+02:00,54,placa-vella,297,208,89,30
2026-09-29T00:48:00Z,2026-09-29T02:48:00+02:00,55,ajuntament-mercat,237,188,49,20.7
2026-09-29T00:49:00Z,2026-09-29T02:49:00+02:00,53,dr-robert,407,331,76,18.7
2026-09-29T00:49:00Z,2026-09-29T02:49:00+02:00,54,placa-vella,297,208,89,30
2026-09-29T00:49:00Z,2026-09-29T02:49:00+02:00,55,ajuntament-mercat,237,188,49,20.7
2026-09-29T00:50:00Z,2026-09-29T02:50:00+02:00,53,dr-robert,407,330,77,18.9
2026-09-29T00:50:00Z,2026-09-29T02:50:00+02:00,54,placa-vella,297,208,89,30
2026-09-29T00:50:00Z,2026-09-29T02:50:00+02:00,55,ajuntament-mercat,237,188,49,20.7
2026-09-29T00:51:00Z,2026-09-29T02:51:00+02:00,53,dr-robert,407,330,77,18.9
2026-09-29T00:51:00Z,2026-09-29T02:51:00+02:00,54,placa-vella,297,208,89,30
2026-09-29T00:51:00Z,2026-09-29T02:51:00+02:00,55,ajuntament-mercat,237,188,49,20.7
2026-09-29T00:52:00Z,2026-09-29T02:52:00+02:00,53,dr-robert,407,330,77,18.9
2026-09-29T00:52:00Z,2026-09-29T02:52:00+02:00,54,placa-vella,297,208,89,30
2026-09-29T00:52:00Z,2026-09-29T02:52:00+02:00,55,ajuntament-mercat,237,188,49,20.7
2026-09-29T00:53:00Z,2026-09-29T02:53:00+02:00,53,dr-robert,407,330,77,18.9
2026-09-29T00:53:00Z,2026-09-29T02:53:00+02:00,54,placa-vella,297,208,89,30
2026-09-29T00:53:00Z,2026-09-29T02:53:00+02:00,55,ajuntament-mercat,237,188,49,20.7
2026-09-29T00:54:00Z,2026-09-29T02:54:00+02:00,53,dr-robert,407,330,77,18.9
2026-09-29T00:54:00Z,2026-09-29T02:54:00+02:00,54,placa-vella,297,208,89,30
2026-09-29T00:54:00Z,2026-09-29T02:54:00+02:00,55,ajuntament-mercat,237,188,49,20.7
2026-09-29T00:55:00Z,2026-09-29T02:55:00+02:00,53,dr-robert,407,329,78,19.2
2026-09-29T00:55:00Z,2026-09-29T02:55:00+02:00,54,placa-vella,297,208,89,30
2026-09-29T00:55:00Z,2026-09-29T02:55:00+02:00,55,ajuntament-mercat,237,188,49,20.7
2026-09-29T00:56:00Z,2026-09-29T02:56:00+02:00,53,dr-robert,407,329,78,19.2
2026-09-29T00:56:00Z,2026-09-29T02:56:00+02:00,54,placa-vella,297,208,89,30
2026-09-29T00:56:00Z,2026-09-29T02:56:00+02:00,55,ajuntament-mercat,237,188,49,20.7
2026-09-29T00:57:00Z,2026-09-29T02:57:00+02:00,53,dr-robert,407,329,78,19.2
2026-09-29T00:57:00Z,2026-09-29T02:57:00+02:00,54,placa-vella,297,208,89,30
2026-09-29T00:57:00Z,2026-09-29T02:57:00+02:00,55,ajuntament-mercat,237,188,49,20.7
2026-09-29T00:58:00Z,2026-09-29T02:58:00+02:00,53,dr-robert,407,329,78,19.2
2026-09-29T00:58:00Z,2026-09-29T02:58:00+02:00,54,placa-vella,297,208,89,30
2026-09-29T00:58:00Z,2026-09-29T02:58:00+02:00,55,ajuntament-mercat,237,188,49,20.7
2026-09-29T00:59:00Z,2026-09-29T02:59:00+02:00,53,dr-robert,407,329,78,19.2
2026-09-29T00:59:00Z,2026-09-29T02:59:00+02:00,54,placa-vella,297,208,89,30
2026-09-29T00:59:00Z,2026-09-29T02:59:00+02:00,55,ajuntament-mercat,237,188,49,20.7
2026-09-29T01:00:00Z,2026-09-29T03:00:00+02:00,53,dr-robert,407,329,78,19.2
2026-09-29T01:00:00Z,2026-09-29T03:00:00+02:00,54,placa-vella,297,208,89,30
2026-09-29T01:00:00Z,2026-09-29T03:00:00+02:00,55,ajuntament-mercat,237,188,49,20.7
2026-09-29T01:01:00Z,2026-09-29T03:01:00+02:00,53,dr-robert,407,329,78,19.2
2026-09-29T01:01:00Z,2026-09-29T03:01:00+02:00,54,placa-vella,297,208,89,30
2026-09-29T01:01:00Z,2026-09-29T03:01:00+02:00,55,ajuntament-mercat,237,188,49,20.7
2026-09-29T01:02:00Z,2026-09-29T03:02:00+02:00,53,dr-robert,407,329,78,19.2
2026-09-29T01:02:00Z,2026-09-29T03:02:00+02:00,54,placa-vella,297,208,89,30
2026-09-29T01:02:00Z,2026-09-29T03:02:00+02:00,55,ajuntament-mercat,237,188,49,20.7
2026-09-29T01:03:00Z,2026-09-29T03:03:00+02:00,53,dr-robert,407,329,78,19.2
2026-09-29T01:03:00Z,2026-09-29T03:03:00+02:00,54,placa-vella,297,208,89,30
2026-09-29T01:03:00Z,2026-09-29T03:03:00+02:00,55,ajuntament-mercat,237,188,49,20.7
2026-09-29T01:04:00Z,2026-09-29T03:04:00+02:00,53,dr-robert,407,329,78,19.2
2026-09-29T01:04:00Z,2026-09-29T03:04:00+02:00,54,placa-vella,297,208,89,30
2026-09-29T01:04:00Z,2026-09-29T03:04:00+02:00,55,ajuntament-mercat,237,188,49,20.7
2026-09-29T01:06:00Z,2026-09-29T03:06:00+02:00,53,dr-robert,407,329,78,19.2
2026-09-29T01:06:00Z,2026-09-29T03:06:00+02:00,54,placa-vella,297,208,89,30
2026-09-29T01:06:00Z,2026-09-29T03:06:00+02:00,55,ajuntament-mercat,237,188,49,20.7
2026-09-29T01:07:00Z,2026-09-29T03:07:00+02:00,53,dr-robert,407,329,78,19.2
2026-09-29T01:07:00Z,2026-09-29T03:07:00+02:00,54,placa-vella,297,208,89,30
2026-09-29T01:07:00Z,2026-09-29T03:07:00+02:00,55,ajuntament-mercat,237,188,49,20.7
2026-09-29T01:08:00Z,2026-09-29T03:08:00+02:00,53,dr-robert,407,329,78,19.2
2026-09-29T01:08:00Z,2026-09-29T03:08:00+02:00,54,placa-vella,297,208,89,30
2026-09-29T01:08:00Z,2026-09-29T03:08:00+02:00,55,ajuntament-mercat,237,188,49,20.7
2026-09-29T01:09:00Z,2026-09-29T03:09:00+02:00,53,dr-robert,407,329,78,19.2
2026-09-29T01:09:00Z,2026-09-29T03:09:00+02:00,54,placa-vella,297,208,89,30
2026-09-29T01:09:00Z,2026-09-29T03:09:00+02:00,55,ajuntament-mercat,237,188,49,20.7
2026-09-29T01:10:00Z,2026-09-29T03:10:00+02:00,53,dr-robert,407,329,78,19.2
2026-09-29T01:10:00Z,2026-09-29T03:10:00+02:00,54,placa-vella,297,208,89,30
2026-09-29T01:10:00Z,2026-09-29T03:10:00+02:00,55,ajuntament-mercat,237,188,49,20.7
2026-09-29T01:11:00Z,2026-09-29T03:11:00+02:00,53,dr-robert,407,329,78,19.2
2026-09-29T01:11:00Z,2026-09-29T03:11:00+02:00,54,placa-vella,297,208,89,30
2026-09-29T01:11:00Z,2026-09-29T03:11:00+02:00,55,ajuntament-mercat,237,188,49,20.7
2026-09-29T01:12:00Z,2026-09-29T03:12:00+02:00,53,dr-robert,407,330,77,18.9
2026-09-29T01:12:00Z,2026-09-29T03:12:00+02:00,54,placa-vella,297,208,89,30
2026-09-29T01:12:00Z,2026-09-29T03:12:00+02:00,55,ajuntament-mercat,237,188,49,20.7
2026-09-29T01:13:00Z,2026-09-29T03:13:00+02:00,53,dr-robert,407,330,77,18.9
2026-09-29T01:13:00Z,2026-09-29T03:13:00+02:00,54,placa-vella,297,208,89,30
2026-09-29T01:13:00Z,2026-09-29T03:13:00+02:00,55,ajuntament-mercat,237,188,49,20.7
2026-09-29T01:14:00Z,2026-09-29T03:14:00+02:00,53,dr-robert,407,330,77,18.9
2026-09-29T01:14:00Z,2026-09-29T03:14:00+02:00,54,placa-vella,297,208,89,30
2026-09-29T01:14:00Z,2026-09-29T03:14:00+02:00,55,ajuntament-mercat,237,188,49,20.7
2026-09-29T01:15:00Z,2026-09-29T03:15:00+02:00,53,dr-robert,407,330,77,18.9
2026-09-29T01:15:00Z,2026-09-29T03:15:00+02:00,54,placa-vella,297,208,89,30
2026-09-29T01:15:00Z,2026-09-29T03:15:00+02:00,55,ajuntament-mercat,237,188,49,20.7
2026-09-29T01:16:00Z,2026-09-29T03:16:00+02:00,53,dr-robert,407,332,75,18.4
2026-09-29T01:16:00Z,2026-09-29T03:16:00+02:00,54,placa-vella,297,208,89,30
2026-09-29T01:16:00Z,2026-09-29T03:16:00+02:00,55,ajuntament-mercat,237,188,49,20.7
2026-09-29T01:17:00Z,2026-09-29T03:17:00+02:00,53,dr-robert,407,332,75,18.4
2026-09-29T01:17:00Z,2026-09-29T03:17:00+02:00,54,placa-vella,297,208,89,30
2026-09-29T01:17:00Z,2026-09-29T03:17:00+02:00,55,ajuntament-mercat,237,188,49,20.7
2026-09-29T01:18:00Z,2026-09-29T03:18:00+02:00,53,dr-robert,407,332,75,18.4
2026-09-29T01:18:00Z,2026-09-29T03:18:00+02:00,54,placa-vella,297,208,89,30
2026-09-29T01:18:00Z,2026-09-29T03:18:00+02:00,55,ajuntament-mercat,237,188,49,20.7
2026-09-29T01:19:00Z,2026-09-29T03:19:00+02:00,53,dr-robert,407,332,75,18.4
2026-09-29T01:19:00Z,2026-09-29T03:19:00+02:00,54,placa-vella,297,208,89,30
2026-09-29T01:19:00Z,2026-09-29T03:19:00+02:00,55,ajuntament-mercat,237,188,49,20.7
2026-09-29T01:20:00Z,2026-09-29T03:20:00+02:00,53,dr-robert,407,332,75,18.4
2026-09-29T01:20:00Z,2026-09-29T03:20:00+02:00,54,placa-vella,297,208,89,30
2026-09-29T01:20:00Z,2026-09-29T03:20:00+02:00,55,ajuntament-mercat,237,188,49,20.7
2026-09-29T01:21:00Z,2026-09-29T03:21:00+02:00,53,dr-robert,407,332,75,18.4
2026-09-29T01:21:00Z,2026-09-29T03:21:00+02:00,54,placa-vella,297,208,89,30
2026-09-29T01:21:00Z,2026-09-29T03:21:00+02:00,55,ajuntament-mercat,237,188,49,20.7
2026-09-29T01:22:00Z,2026-09-29T03:22:00+02:00,53,dr-robert,407,332,75,18.4
2026-09-29T01:22:00Z,2026-09-29T03:22:00+02:00,54,placa-vella,297,208,89,30
2026-09-29T01:22:00Z,2026-09-29T03:22:00+02:00,55,ajuntament-mercat,237,188,49,20.7
2026-09-29T01:23:00Z,2026-09-29T03:23:00+02:00,53,dr-robert,407,332,75,18.4
2026-09-29T01:23:00Z,2026-09-29T03:23:00+02:00,54,placa-vella,297,208,89,30
2026-09-29T01:23:00Z,2026-09-29T03:23:00+02:00,55,ajuntament-mercat,237,188,49,20.7
2026-09-29T01:24:00Z,2026-09-29T03:24:00+02:00,53,dr-robert,407,332,75,18.4
2026-09-29T01:24:00Z,2026-09-29T03:24:00+02:00,54,placa-vella,297,209,88,29.6
2026-09-29T01:24:00Z,2026-09-29T03:24:00+02:00,55,ajuntament-mercat,237,188,49,20.7
2026-09-29T01:25:00Z,2026-09-29T03:25:00+02:00,53,dr-robert,407,332,75,18.4
2026-09-29T01:25:00Z,2026-09-29T03:25:00+02:00,54,placa-vella,297,209,88,29.6
2026-09-29T01:25:00Z,2026-09-29T03:25:00+02:00,55,ajuntament-mercat,237,188,49,20.7
2026-09-29T01:26:00Z,2026-09-29T03:26:00+02:00,53,dr-robert,407,332,75,18.4
2026-09-29T01:26:00Z,2026-09-29T03:26:00+02:00,54,placa-vella,297,209,88,29.6
2026-09-29T01:26:00Z,2026-09-29T03:26:00+02:00,55,ajuntament-mercat,237,188,49,20.7
2026-09-29T01:27:00Z,2026-09-29T03:27:00+02:00,53,dr-robert,407,332,75,18.4
2026-09-29T01:27:00Z,2026-09-29T03:27:00+02:00,54,placa-vella,297,209,88,29.6
2026-09-29T01:27:00Z,2026-09-29T03:27:00+02:00,55,ajuntament-mercat,237,188,49,20.7
2026-09-29T01:28:00Z,2026-09-29T03:28:00+02:00,53,dr-robert,407,332,75,18.4
2026-09-29T01:28:00Z,2026-09-29T03:28:00+02:00,54,placa-vella,297,209,88,29.6
2026-09-29T01:28:00Z,2026-09-29T03:28:00+02:00,55,ajuntament-mercat,237,188,49,20.7
2026-09-29T01:29:00Z,2026-09-29T03:29:00+02:00,53,dr-robert,407,332,75,18.4
2026-09-29T01:29:00Z,2026-09-29T03:29:00+02:00,54,placa-vella,297,209,88,29.6
2026-09-29T01:29:00Z,2026-09-29T03:29:00+02:00,55,ajuntament-mercat,237,188,49,20.7
2026-09-29T01:30:00Z,2026-09-29T03:30:00+02:00,53,dr-robert,407,332,75,18.4
2026-09-29T01:30:00Z,2026-09-29T03:30:00+02:00,54,placa-vella,297,209,88,29.6
2026-09-29T01:30:00Z,2026-09-29T03:30:00+02:00,55,ajuntament-mercat,237,188,49,20.7
2026-09-29T01:31:00Z,2026-09-29T03:31:00+02:00,53,dr-robert,407,332,75,18.4
2026-09-29T01:31:00Z,2026-09-29T03:31:00+02:00,54,placa-vella,297,209,88,29.6
2026-09-29T01:31:00Z,2026-09-29T03:31:00+02:00,55,ajuntament-mercat,237,188,49,20.7
2026-09-29T01:32:00Z,2026-09-29T03:32:00+02:00,53,dr-robert,407,332,75,18.4
2026-09-29T01:32:00Z,2026-09-29T03:32:00+02:00,54,placa-vella,297,209,88,29.6
2026-09-29T01:32:00Z,2026-09-29T03:32:00+02:00,55,ajuntament-mercat,237,188,49,20.7
2026-09-29T01:33:00Z,2026-09-29T03:33:00+02:00,53,dr-robert,407,332,75,18.4
2026-09-29T01:33:00Z,2026-09-29T03:33:00+02:00,54,placa-vella,297,209,88,29.6
2026-09-29T01:33:00Z,2026-09-29T03:33:00+02:00,55,ajuntament-mercat,237,188,49,20.7
2026-09-29T01:34:00Z,2026-09-29T03:34:00+02:00,53,dr-robert,407,332,75,18.4
2026-09-29T01:34:00Z,2026-09-29T03:34:00+02:00,54,placa-vella,297,209,88,29.6
2026-09-29T01:34:00Z,2026-09-29T03:34:00+02:00,55,ajuntament-mercat,237,188,49,20.7
2026-09-29T01:35:00Z,2026-09-29T03:35:00+02:00,53,dr-robert,407,332,75,18.4
2026-09-29T01:35:00Z,2026-09-29T03:35:00+02:00,54,placa-vella,297,209,88,29.6
2026-09-29T01:35:00Z,2026-09-29T03:35:00+02:00,55,ajuntament-mercat,237,188,49,20.7
2026-09-29T01:36:00Z,2026-09-29T03:36:00+02:00,53,dr-robert,407,332,75,18.4
2026-09-29T01:36:00Z,2026-09-29T03:36:00+02:00,54,placa-vella,297,209,88,29.6
2026-09-29T01:36:00Z,2026-09-29T03:36:00+02:00,55,ajuntament-mercat,237,188,49,20.7
2026-09-29T01:37:00Z,2026-09-29T03:37:00+02:00,53,dr-robert,407,332,75,18.4
2026-09-29T01:37:00Z,2026-09-29T03:37:00+02:00,54,placa-vella,297,209,88,29.6
2026-09-29T01:37:00Z,2026-09-29T03:37:00+02:00,55,ajuntament-mercat,237,188,49,20.7
2026-09-29T01:38:00Z,2026-09-29T03:38:00+02:00,53,dr-robert,407,332,75,18.4
2026-09-29T01:38:00Z,2026-09-29T03:38:00+02:00,54,placa-vella,297,210,87,29.3
2026-09-29T01:38:00Z,2026-09-29T03:38:00+02:00,55,ajuntament-mercat,237,188,49,20.7
2026-09-29T01:39:00Z,2026-09-29T03:39:00+02:00,53,dr-robert,407,332,75,18.4
2026-09-29T01:39:00Z,2026-09-29T03:39:00+02:00,54,placa-vella,297,210,87,29.3
2026-09-29T01:39:00Z,2026-09-29T03:39:00+02:00,55,ajuntament-mercat,237,188,49,20.7
2026-09-29T01:40:00Z,2026-09-29T03:40:00+02:00,53,dr-robert,407,332,75,18.4
2026-09-29T01:40:00Z,2026-09-29T03:40:00+02:00,54,placa-vella,297,210,87,29.3
2026-09-29T01:40:00Z,2026-09-29T03:40:00+02:00,55,ajuntament-mercat,237,188,49,20.7
2026-09-29T01:41:00Z,2026-09-29T03:41:00+02:00,53,dr-robert,407,332,75,18.4
2026-09-29T01:41:00Z,2026-09-29T03:41:00+02:00,54,placa-vella,297,210,87,29.3
2026-09-29T01:41:00Z,2026-09-29T03:41:00+02:00,55,ajuntament-mercat,237,188,49,20.7
2026-09-29T01:42:00Z,2026-09-29T03:42:00+02:00,53,dr-robert,407,332,75,18.4
2026-09-29T01:42:00Z,2026-09-29T03:42:00+02:00,54,placa-vella,297,210,87,29.3
2026-09-29T01:42:00Z,2026-09-29T03:42:00+02:00,55,ajuntament-mercat,237,188,49,20.7
2026-09-29T01:43:00Z,2026-09-29T03:43:00+02:00,53,dr-robert,407,332,75,18.4
2026-09-29T01:43:00Z,2026-09-29T03:43:00+02:00,54,placa-vella,297,210,87,29.3
2026-09-29T01:43:00Z,2026-09-29T03:43:00+02:00,55,ajuntament-mercat,237,188,49,20.7
2026-09-29T01:44:00Z,2026-09-29T03:44:00+02:00,53,dr-robert,407,332,75,18.4
2026-09-29T01:44:00Z,2026-09-29T03:44:00+02:00,54,placa-vella,297,210,87,29.3
2026-09-29T01:44:00Z,2026-09-29T03:44:00+02:00,55,ajuntament-mercat,237,188,49,20.7
2026-09-29T01:45:00Z,2026-09-29T03:45:00+02:00,53,dr-robert,407,332,75,18.4
2026-09-29T01:45:00Z,2026-09-29T03:45:00+02:00,54,placa-vella,297,210,87,29.3
2026-09-29T01:45:00Z,2026-09-29T03:45:00+02:00,55,ajuntament-mercat,237,188,49,20.7
2026-09-29T01:46:00Z,2026-09-29T03:46:00+02:00,53,dr-robert,407,332,75,18.4
2026-09-29T01:46:00Z,2026-09-29T03:46:00+02:00,54,placa-vella,297,210,87,29.3
2026-09-29T01:46:00Z,2026-09-29T03:46:00+02:00,55,ajuntament-mercat,237,188,49,20.7
2026-09-29T01:47:00Z,2026-09-29T03:47:00+02:00,53,dr-robert,407,332,75,18.4
2026-09-29T01:47:00Z,2026-09-29T03:47:00+02:00,54,placa-vella,297,210,87,29.3
2026-09-29T01:47:00Z,2026-09-29T03:47:00+02:00,55,ajuntament-mercat,237,188,49,20.7
2026-09-29T01:48:00Z,2026-09-29T03:48:00+02:00,53,dr-robert,407,332,75,18.4
2026-09-29T01:48:00Z,2026-09-29T03:48:00+02:00,54,placa-vella,297,210,87,29.3
2026-09-29T01:48:00Z,2026-09-29T03:48:00+02:00,55,ajuntament-mercat,237,188,49,20.7
2026-09-29T01:49:00Z,2026-09-29T03:49:00+02:00,53,dr-robert,407,332,75,18.4
2026-09-29T01:49:00Z,2026-09-29T03:49:00+02:00,54,placa-vella,297,210,87,29.3
2026-09-29T01:49:00Z,2026-09-29T03:49:00+02:00,55,ajuntament-mercat,237,188,49,20.7
2026-09-29T01:50:00Z,2026-09-29T03:50:00+02:00,53,dr-robert,407,331,76,18.7
2026-09-29T01:50:00Z,2026-09-29T03:50:00+02:00,54,placa-vella,297,210,87,29.3
2026-09-29T01:50:00Z,2026-09-29T03:50:00+02:00,55,ajuntament-mercat,237,188,49,20.7
2026-09-29T01:51:00Z,2026-09-29T03:51:00+02:00,53,dr-robert,407,331,76,18.7
2026-09-29T01:51:00Z,2026-09-29T03:51:00+02:00,54,placa-vella,297,210,87,29.3
2026-09-29T01:51:00Z,2026-09-29T03:51:00+02:00,55,ajuntament-mercat,237,188,49,20.7
2026-09-29T01:52:00Z,2026-09-29T03:52:00+02:00,53,dr-robert,407,331,76,18.7
2026-09-29T01:52:00Z,2026-09-29T03:52:00+02:00,54,placa-vella,297,210,87,29.3
2026-09-29T01:52:00Z,2026-09-29T03:52:00+02:00,55,ajuntament-mercat,237,188,49,20.7
2026-09-29T01:53:00Z,2026-09-29T03:53:00+02:00,53,dr-robert,407,331,76,18.7
2026-09-29T01:53:00Z,2026-09-29T03:53:00+02:00,54,placa-vella,297,210,87,29.3
2026-09-29T01:53:00Z,2026-09-29T03:53:00+02:00,55,ajuntament-mercat,237,188,49,20.7
2026-09-29T01:54:00Z,2026-09-29T03:54:00+02:00,53,dr-robert,407,331,76,18.7
2026-09-29T01:54:00Z,2026-09-29T03:54:00+02:00,54,placa-vella,297,210,87,29.3
2026-09-29T01:54:00Z,2026-09-29T03:54:00+02:00,55,ajuntament-mercat,237,188,49,20.7
2026-09-29T01:55:00Z,2026-09-29T03:55:00+02:00,53,dr-robert,407,331,76,18.7
2026-09-29T01:55:00Z,2026-09-29T03:55:00+02:00,54,placa-vella,297,210,87,29.3
2026-09-29T01:55:00Z,2026-09-29T03:55:00+02:00,55,ajuntament-mercat,237,188,49,20.7
2026-09-29T01:56:00Z,2026-09-29T03:56:00+02:00,53,dr-robert,407,331,76,18.7
2026-09-29T01:56:00Z,2026-09-29T03:56:00+02:00,54,placa-vella,297,210,87,29.3
2026-09-29T01:56:00Z,2026-09-29T03:56:00+02:00,55,ajuntament-mercat,237,188,49,20.7
2026-09-29T01:57:00Z,2026-09-29T03:57:00+02:00,53,dr-robert,407,331,76,18.7
2026-09-29T01:57:00Z,2026-09-29T03:57:00+02:00,54,placa-vella,297,210,87,29.3
2026-09-29T01:57:00Z,2026-09-29T03:57:00+02:00,55,ajuntament-mercat,237,188,49,20.7
2026-09-29T01:58:00Z,2026-09-29T03:58:00+02:00,53,dr-robert,407,331,76,18.7
2026-09-29T01:58:00Z,2026-09-29T03:58:00+02:00,54,placa-vella,297,210,87,29.3
2026-09-29T01:58:00Z,2026-09-29T03:58:00+02:00,55,ajuntament-mercat,237,188,49,20.7
2026-09-29T01:59:00Z,2026-09-29T03:59:00+02:00,53,dr-robert,407,331,76,18.7
2026-09-29T01:59:00Z,2026-09-29T03:59:00+02:00,54,placa-vella,297,210,87,29.3
2026-09-29T01:59:00Z,2026-09-29T03:59:00+02:00,55,ajuntament-mercat,237,188,49,20.7
2026-09-29T02:00:00Z,2026-09-29T04:00:00+02:00,53,dr-robert,407,331,76,18.7
2026-09-29T02:00:00Z,2026-09-29T04:00:00+02:00,54,placa-vella,297,210,87,29.3
2026-09-29T02:01:00Z,2026-09-29T04:01:00+02:00,53,dr-robert,407,331,76,18.7
2026-09-29T02:01:00Z,2026-09-29T04:01:00+02:00,54,placa-vella,297,210,87,29.3
2026-09-29T02:01:00Z,2026-09-29T04:01:00+02:00,55,ajuntament-mercat,237,188,49,20.7
2026-09-29T02:02:00Z,2026-09-29T04:02:00+02:00,53,dr-robert,407,331,76,18.7
2026-09-29T02:02:00Z,2026-09-29T04:02:00+02:00,54,placa-vella,297,210,87,29.3
2026-09-29T02:02:00Z,2026-09-29T04:02:00+02:00,55,ajuntament-mercat,237,188,49,20.7
2026-09-29T02:03:00Z,2026-09-29T04:03:00+02:00,53,dr-robert,407,331,76,18.7
2026-09-29T02:03:00Z,2026-09-29T04:03:00+02:00,54,placa-vella,297,210,87,29.3
2026-09-29T02:03:00Z,2026-09-29T04:03:00+02:00,55,ajuntament-mercat,237,188,49,20.7
2026-09-29T02:04:00Z,2026-09-29T04:04:00+02:00,53,dr-robert,407,331,76,18.7
2026-09-29T02:04:00Z,2026-09-29T04:04:00+02:00,54,placa-vella,297,210,87,29.3
2026-09-29T02:04:00Z,2026-09-29T04:04:00+02:00,55,ajuntament-mercat,237,188,49,20.7
2026-09-29T02:05:00Z,2026-09-29T04:05:00+02:00,53,dr-robert,407,331,76,18.7
2026-09-29T02:05:00Z,2026-09-29T04:05:00+02:00,54,placa-vella,297,210,87,29.3
2026-09-29T02:05:00Z,2026-09-29T04:05:00+02:00,55,ajuntament-mercat,237,188,49,20.7
2026-09-29T02:06:00Z,2026-09-29T04:06:00+02:00,53,dr-robert,407,331,76,18.7
2026-09-29T02:06:00Z,2026-09-29T04:06:00+02:00,54,placa-vella,297,210,87,29.3
2026-09-29T02:06:00Z,2026-09-29T04:06:00+02:00,55,ajuntament-mercat,237,188,49,20.7
2026-09-29T02:07:00Z,2026-09-29T04:07:00+02:00,53,dr-robert,407,331,76,18.7
2026-09-29T02:07:00Z,2026-09-29T04:07:00+02:00,54,placa-vella,297,210,87,29.3
2026-09-29T02:07:00Z,2026-09-29T04:07:00+02:00,55,ajuntament-mercat,237,188,49,20.7
2026-09-29T02:08:00Z,2026-09-29T04:08:00+02:00,53,dr-robert,407,331,76,18.7
2026-09-29T02:08:00Z,2026-09-29T04:08:00+02:00,54,placa-vella,297,210,87,29.3
2026-09-29T02:08:00Z,2026-09-29T04:08:00+02:00,55,ajuntament-mercat,237,188,49,20.7
2026-09-29T02:09:00Z,2026-09-29T04:09:00+02:00,53,dr-robert,407,331,76,18.7
2026-09-29T02:09:00Z,2026-09-29T04:09:00+02:00,54,placa-vella,297,210,87,29.3
2026-09-29T02:09:00Z,2026-09-29T04:09:00+02:00,55,ajuntament-mercat,237,188,49,20.7
2026-09-29T02:10:00Z,2026-09-29T04:10:00+02:00,53,dr-robert,407,331,76,18.7
2026-09-29T02:10:00Z,2026-09-29T04:10:00+02:00,54,placa-vella,297,210,87,29.3
2026-09-29T02:10:00Z,2026-09-29T04:10:00+02:00,55,ajuntament-mercat,237,188,49,20.7
2026-09-29T02:11:00Z,2026-09-29T04:11:00+02:00,53,dr-robert,407,331,76,18.7
2026-09-29T02:11:00Z,2026-09-29T04:11:00+02:00,54,placa-vella,297,210,87,29.3
2026-09-29T02:11:00Z,2026-09-29T04:11:00+02:00,55,ajuntament-mercat,237,188,49,20.7
2026-09-29T02:12:00Z,2026-09-29T04:12:00+02:00,53,dr-robert,407,334,73,17.9
2026-09-29T02:12:00Z,2026-09-29T04:12:00+02:00,54,placa-vella,297,209,88,29.6
2026-09-29T02:12:00Z,2026-09-29T04:12:00+02:00,55,ajuntament-mercat,237,188,49,20.7
2026-09-29T02:13:00Z,2026-09-29T04:13:00+02:00,53,dr-robert,407,334,73,17.9
2026-09-29T02:13:00Z,2026-09-29T04:13:00+02:00,54,placa-vella,297,209,88,29.6
2026-09-29T02:13:00Z,2026-09-29T04:13:00+02:00,55,ajuntament-mercat,237,188,49,20.7
2026-09-29T02:14:00Z,2026-09-29T04:14:00+02:00,53,dr-robert,407,334,73,17.9
2026-09-29T02:14:00Z,2026-09-29T04:14:00+02:00,54,placa-vella,297,209,88,29.6
2026-09-29T02:14:00Z,2026-09-29T04:14:00+02:00,55,ajuntament-mercat,237,188,49,20.7
2026-09-29T02:15:00Z,2026-09-29T04:15:00+02:00,53,dr-robert,407,334,73,17.9
2026-09-29T02:15:00Z,2026-09-29T04:15:00+02:00,54,placa-vella,297,209,88,29.6
2026-09-29T02:15:00Z,2026-09-29T04:15:00+02:00,55,ajuntament-mercat,237,188,49,20.7
2026-09-29T02:16:00Z,2026-09-29T04:16:00+02:00,53,dr-robert,407,334,73,17.9
2026-09-29T02:16:00Z,2026-09-29T04:16:00+02:00,54,placa-vella,297,209,88,29.6
2026-09-29T02:16:00Z,2026-09-29T04:16:00+02:00,55,ajuntament-mercat,237,188,49,20.7
2026-09-29T02:17:00Z,2026-09-29T04:17:00+02:00,53,dr-robert,407,334,73,17.9
2026-09-29T02:17:00Z,2026-09-29T04:17:00+02:00,54,placa-vella,297,209,88,29.6
2026-09-29T02:17:00Z,2026-09-29T04:17:00+02:00,55,ajuntament-mercat,237,188,49,20.7
2026-09-29T02:18:00Z,2026-09-29T04:18:00+02:00,53,dr-robert,407,334,73,17.9
2026-09-29T02:18:00Z,2026-09-29T04:18:00+02:00,54,placa-vella,297,209,88,29.6
2026-09-29T02:18:00Z,2026-09-29T04:18:00+02:00,55,ajuntament-mercat,237,188,49,20.7
2026-09-29T02:19:00Z,2026-09-29T04:19:00+02:00,53,dr-robert,407,334,73,17.9
2026-09-29T02:19:00Z,2026-09-29T04:19:00+02:00,54,placa-vella,297,209,88,29.6
2026-09-29T02:19:00Z,2026-09-29T04:19:00+02:00,55,ajuntament-mercat,237,188,49,20.7
2026-09-29T02:20:00Z,2026-09-29T04:20:00+02:00,53,dr-robert,407,334,73,17.9
2026-09-29T02:20:00Z,2026-09-29T04:20:00+02:00,54,placa-vella,297,209,88,29.6
2026-09-29T02:20:00Z,2026-09-29T04:20:00+02:00,55,ajuntament-mercat,237,188,49,20.7
2026-09-29T02:21:00Z,2026-09-29T04:21:00+02:00,53,dr-robert,407,334,73,17.9
2026-09-29T02:21:00Z,2026-09-29T04:21:00+02:00,54,placa-vella,297,209,88,29.6
2026-09-29T02:21:00Z,2026-09-29T04:21:00+02:00,55,ajuntament-mercat,237,188,49,20.7
2026-09-29T02:22:00Z,2026-09-29T04:22:00+02:00,53,dr-robert,407,334,73,17.9
2026-09-29T02:22:00Z,2026-09-29T04:22:00+02:00,54,placa-vella,297,209,88,29.6
2026-09-29T02:22:00Z,2026-09-29T04:22:00+02:00,55,ajuntament-mercat,237,188,49,20.7
2026-09-29T02:23:00Z,2026-09-29T04:23:00+02:00,53,dr-robert,407,334,73,17.9
2026-09-29T02:23:00Z,2026-09-29T04:23:00+02:00,54,placa-vella,297,209,88,29.6
2026-09-29T02:23:00Z,2026-09-29T04:23:00+02:00,55,ajuntament-mercat,237,188,49,20.7
2026-09-29T02:24:00Z,2026-09-29T04:24:00+02:00,53,dr-robert,407,334,73,17.9
2026-09-29T02:24:00Z,2026-09-29T04:24:00+02:00,54,placa-vella,297,209,88,29.6
2026-09-29T02:24:00Z,2026-09-29T04:24:00+02:00,55,ajuntament-mercat,237,188,49,20.7
2026-09-29T02:25:00Z,2026-09-29T04:25:00+02:00,53,dr-robert,407,334,73,17.9
2026-09-29T02:25:00Z,2026-09-29T04:25:00+02:00,54,placa-vella,297,209,88,29.6
2026-09-29T02:25:00Z,2026-09-29T04:25:00+02:00,55,ajuntament-mercat,237,188,49,20.7
2026-09-29T02:26:00Z,2026-09-29T04:26:00+02:00,53,dr-robert,407,334,73,17.9
2026-09-29T02:26:00Z,2026-09-29T04:26:00+02:00,54,placa-vella,297,209,88,29.6
2026-09-29T02:26:00Z,2026-09-29T04:26:00+02:00,55,ajuntament-mercat,237,188,49,20.7
2026-09-29T02:27:00Z,2026-09-29T04:27:00+02:00,53,dr-robert,407,334,73,17.9
2026-09-29T02:27:00Z,2026-09-29T04:27:00+02:00,54,placa-vella,297,209,88,29.6
2026-09-29T02:27:00Z,2026-09-29T04:27:00+02:00,55,ajuntament-mercat,237,188,49,20.7
2026-09-29T02:28:00Z,2026-09-29T04:28:00+02:00,53,dr-robert,407,334,73,17.9
2026-09-29T02:28:00Z,2026-09-29T04:28:00+02:00,54,placa-vella,297,209,88,29.6
2026-09-29T02:28:00Z,2026-09-29T04:28:00+02:00,55,ajuntament-mercat,237,188,49,20.7
2026-09-29T02:29:00Z,2026-09-29T04:29:00+02:00,53,dr-robert,407,334,73,17.9
2026-09-29T02:29:00Z,2026-09-29T04:29:00+02:00,54,placa-vella,297,209,88,29.6
2026-09-29T02:29:00Z,2026-09-29T04:29:00+02:00,55,ajuntament-mercat,237,188,49,20.7
2026-09-29T02:30:00Z,2026-09-29T04:30:00+02:00,53,dr-robert,407,334,73,17.9
2026-09-29T02:30:00Z,2026-09-29T04:30:00+02:00,54,placa-vella,297,209,88,29.6
2026-09-29T02:30:00Z,2026-09-29T04:30:00+02:00,55,ajuntament-mercat,237,188,49,20.7
2026-09-29T02:31:00Z,2026-09-29T04:31:00+02:00,53,dr-robert,407,336,71,17.4
2026-09-29T02:31:00Z,2026-09-29T04:31:00+02:00,54,placa-vella,297,209,88,29.6
2026-09-29T02:31:00Z,2026-09-29T04:31:00+02:00,55,ajuntament-mercat,237,188,49,20.7
2026-09-29T02:32:00Z,2026-09-29T04:32:00+02:00,53,dr-robert,407,336,71,17.4
2026-09-29T02:32:00Z,2026-09-29T04:32:00+02:00,54,placa-vella,297,209,88,29.6
2026-09-29T02:32:00Z,2026-09-29T04:32:00+02:00,55,ajuntament-mercat,237,188,49,20.7
2026-09-29T02:33:00Z,2026-09-29T04:33:00+02:00,53,dr-robert,407,336,71,17.4
2026-09-29T02:33:00Z,2026-09-29T04:33:00+02:00,54,placa-vella,297,209,88,29.6
2026-09-29T02:33:00Z,2026-09-29T04:33:00+02:00,55,ajuntament-mercat,237,188,49,20.7
2026-09-29T02:34:00Z,2026-09-29T04:34:00+02:00,53,dr-robert,407,336,71,17.4
2026-09-29T02:34:00Z,2026-09-29T04:34:00+02:00,54,placa-vella,297,209,88,29.6
2026-09-29T02:34:00Z,2026-09-29T04:34:00+02:00,55,ajuntament-mercat,237,188,49,20.7
2026-09-29T02:35:00Z,2026-09-29T04:35:00+02:00,53,dr-robert,407,336,71,17.4
2026-09-29T02:35:00Z,2026-09-29T04:35:00+02:00,54,placa-vella,297,209,88,29.6
2026-09-29T02:35:00Z,2026-09-29T04:35:00+02:00,55,ajuntament-mercat,237,188,49,20.7
2026-09-29T02:36:00Z,2026-09-29T04:36:00+02:00,53,dr-robert,407,336,71,17.4
2026-09-29T02:36:00Z,2026-09-29T04:36:00+02:00,54,placa-vella,297,209,88,29.6
2026-09-29T02:36:00Z,2026-09-29T04:36:00+02:00,55,ajuntament-mercat,237,188,49,20.7
2026-09-29T02:37:00Z,2026-09-29T04:37:00+02:00,53,dr-robert,407,336,71,17.4
2026-09-29T02:37:00Z,2026-09-29T04:37:00+02:00,54,placa-vella,297,209,88,29.6
2026-09-29T02:37:00Z,2026-09-29T04:37:00+02:00,55,ajuntament-mercat,237,188,49,20.7
2026-09-29T02:38:00Z,2026-09-29T04:38:00+02:00,53,dr-robert,407,336,71,17.4
2026-09-29T02:38:00Z,2026-09-29T04:38:00+02:00,54,placa-vella,297,209,88,29.6
2026-09-29T02:38:00Z,2026-09-29T04:38:00+02:00,55,ajuntament-mercat,237,188,49,20.7
2026-09-29T02:39:00Z,2026-09-29T04:39:00+02:00,53,dr-robert,407,336,71,17.4
2026-09-29T02:39:00Z,2026-09-29T04:39:00+02:00,54,placa-vella,297,209,88,29.6
2026-09-29T02:39:00Z,2026-09-29T04:39:00+02:00,55,ajuntament-mercat,237,188,49,20.7
2026-09-29T02:40:00Z,2026-09-29T04:40:00+02:00,53,dr-robert,407,336,71,17.4
2026-09-29T02:40:00Z,2026-09-29T04:40:00+02:00,54,placa-vella,297,209,88,29.6
2026-09-29T02:40:00Z,2026-09-29T04:40:00+02:00,55,ajuntament-mercat,237,188,49,20.7
2026-09-29T02:41:00Z,2026-09-29T04:41:00+02:00,53,dr-robert,407,336,71,17.4
2026-09-29T02:41:00Z,2026-09-29T04:41:00+02:00,54,placa-vella,297,209,88,29.6
2026-09-29T02:41:00Z,2026-09-29T04:41:00+02:00,55,ajuntament-mercat,237,188,49,20.7
2026-09-29T02:42:00Z,2026-09-29T04:42:00+02:00,53,dr-robert,407,336,71,17.4
2026-09-29T02:42:00Z,2026-09-29T04:42:00+02:00,54,placa-vella,297,209,88,29.6
2026-09-29T02:42:00Z,2026-09-29T04:42:00+02:00,55,ajuntament-mercat,237,188,49,20.7
2026-09-29T02:43:00Z,2026-09-29T04:43:00+02:00,53,dr-robert,407,336,71,17.4
2026-09-29T02:43:00Z,2026-09-29T04:43:00+02:00,54,placa-vella,297,209,88,29.6
2026-09-29T02:43:00Z,2026-09-29T04:43:00+02:00,55,ajuntament-mercat,237,188,49,20.7
2026-09-29T02:44:00Z,2026-09-29T04:44:00+02:00,53,dr-robert,407,336,71,17.4
2026-09-29T02:44:00Z,2026-09-29T04:44:00+02:00,54,placa-vella,297,209,88,29.6
2026-09-29T02:44:00Z,2026-09-29T04:44:00+02:00,55,ajuntament-mercat,237,188,49,20.7
2026-09-29T02:45:00Z,2026-09-29T04:45:00+02:00,53,dr-robert,407,337,70,17.2
2026-09-29T02:45:00Z,2026-09-29T04:45:00+02:00,54,placa-vella,297,209,88,29.6
2026-09-29T02:45:00Z,2026-09-29T04:45:00+02:00,55,ajuntament-mercat,237,188,49,20.7
2026-09-29T02:46:00Z,2026-09-29T04:46:00+02:00,53,dr-robert,407,337,70,17.2
2026-09-29T02:46:00Z,2026-09-29T04:46:00+02:00,54,placa-vella,297,209,88,29.6
2026-09-29T02:46:00Z,2026-09-29T04:46:00+02:00,55,ajuntament-mercat,237,188,49,20.7
2026-09-29T02:47:00Z,2026-09-29T04:47:00+02:00,53,dr-robert,407,337,70,17.2
2026-09-29T02:47:00Z,2026-09-29T04:47:00+02:00,54,placa-vella,297,209,88,29.6
2026-09-29T02:47:00Z,2026-09-29T04:47:00+02:00,55,ajuntament-mercat,237,188,49,20.7
2026-09-29T02:48:00Z,2026-09-29T04:48:00+02:00,53,dr-robert,407,337,70,17.2
2026-09-29T02:48:00Z,2026-09-29T04:48:00+02:00,54,placa-vella,297,209,88,29.6
2026-09-29T02:48:00Z,2026-09-29T04:48:00+02:00,55,ajuntament-mercat,237,188,49,20.7
2026-09-29T02:49:00Z,2026-09-29T04:49:00+02:00,53,dr-robert,407,337,70,17.2
2026-09-29T02:49:00Z,2026-09-29T04:49:00+02:00,54,placa-vella,297,209,88,29.6
2026-09-29T02:49:00Z,2026-09-29T04:49:00+02:00,55,ajuntament-mercat,237,188,49,20.7
2026-09-29T02:50:00Z,2026-09-29T04:50:00+02:00,53,dr-robert,407,337,70,17.2
2026-09-29T02:50:00Z,2026-09-29T04:50:00+02:00,54,placa-vella,297,209,88,29.6
2026-09-29T02:50:00Z,2026-09-29T04:50:00+02:00,55,ajuntament-mercat,237,188,49,20.7
2026-09-29T02:51:00Z,2026-09-29T04:51:00+02:00,53,dr-robert,407,337,70,17.2
2026-09-29T02:51:00Z,2026-09-29T04:51:00+02:00,54,placa-vella,297,209,88,29.6
2026-09-29T02:51:00Z,2026-09-29T04:51:00+02:00,55,ajuntament-mercat,237,188,49,20.7
2026-09-29T02:52:00Z,2026-09-29T04:52:00+02:00,53,dr-robert,407,337,70,17.2
2026-09-29T02:52:00Z,2026-09-29T04:52:00+02:00,54,placa-vella,297,209,88,29.6
2026-09-29T02:52:00Z,2026-09-29T04:52:00+02:00,55,ajuntament-mercat,237,188,49,20.7
2026-09-29T02:53:00Z,2026-09-29T04:53:00+02:00,53,dr-robert,407,337,70,17.2
2026-09-29T02:53:00Z,2026-09-29T04:53:00+02:00,54,placa-vella,297,209,88,29.6
2026-09-29T02:53:00Z,2026-09-29T04:53:00+02:00,55,ajuntament-mercat,237,188,49,20.7
2026-09-29T02:54:00Z,2026-09-29T04:54:00+02:00,53,dr-robert,407,337,70,17.2
2026-09-29T02:54:00Z,2026-09-29T04:54:00+02:00,54,placa-vella,297,209,88,29.6
2026-09-29T02:54:00Z,2026-09-29T04:54:00+02:00,55,ajuntament-mercat,237,188,49,20.7
2026-09-29T02:55:00Z,2026-09-29T04:55:00+02:00,53,dr-robert,407,337,70,17.2
2026-09-29T02:55:00Z,2026-09-29T04:55:00+02:00,54,placa-vella,297,209,88,29.6
2026-09-29T02:55:00Z,2026-09-29T04:55:00+02:00,55,ajuntament-mercat,237,188,49,20.7
2026-09-29T02:56:00Z,2026-09-29T04:56:00+02:00,53,dr-robert,407,336,71,17.4
2026-09-29T02:56:00Z,2026-09-29T04:56:00+02:00,54,placa-vella,297,209,88,29.6
2026-09-29T02:56:00Z,2026-09-29T04:56:00+02:00,55,ajuntament-mercat,237,188,49,20.7
2026-09-29T02:57:00Z,2026-09-29T04:57:00+02:00,53,dr-robert,407,336,71,17.4
2026-09-29T02:57:00Z,2026-09-29T04:57:00+02:00,54,placa-vella,297,209,88,29.6
2026-09-29T02:57:00Z,2026-09-29T04:57:00+02:00,55,ajuntament-mercat,237,188,49,20.7
2026-09-29T02:58:00Z,2026-09-29T04:58:00+02:00,53,dr-robert,407,336,71,17.4
2026-09-29T02:58:00Z,2026-09-29T04:58:00+02:00,54,placa-vella,297,209,88,29.6
2026-09-29T02:58:00Z,2026-09-29T04:58:00+02:00,55,ajuntament-mercat,237,188,49,20.7
2026-09-29T02:59:00Z,2026-09-29T04:59:00+02:00,53,dr-robert,407,336,71,17.4
2026-09-29T02:59:00Z,2026-09-29T04:59:00+02:00,54,placa-vella,297,209,88,29.6
2026-09-29T02:59:00Z,2026-09-29T04:59:00+02:00,55,ajuntament-mercat,237,188,49,20.7
2026-09-29T03:00:00Z,2026-09-29T05:00:00+02:00,53,dr-robert,407,336,71,17.4
2026-09-29T03:00:00Z,2026-09-29T05:00:00+02:00,54,placa-vella,297,209,88,29.6
2026-09-29T03:00:00Z,2026-09-29T05:00:00+02:00,55,ajuntament-mercat,237,188,49,20.7
2026-09-29T03:01:00Z,2026-09-29T05:01:00+02:00,53,dr-robert,407,336,71,17.4
2026-09-29T03:01:00Z,2026-09-29T05:01:00+02:00,54,placa-vella,297,209,88,29.6
2026-09-29T03:01:00Z,2026-09-29T05:01:00+02:00,55,ajuntament-mercat,237,188,49,20.7
2026-09-29T03:02:00Z,2026-09-29T05:02:00+02:00,53,dr-robert,407,336,71,17.4
2026-09-29T03:02:00Z,2026-09-29T05:02:00+02:00,54,placa-vella,297,209,88,29.6
2026-09-29T03:02:00Z,2026-09-29T05:02:00+02:00,55,ajuntament-mercat,237,188,49,20.7
2026-09-29T03:03:00Z,2026-09-29T05:03:00+02:00,53,dr-robert,407,336,71,17.4
2026-09-29T03:03:00Z,2026-09-29T05:03:00+02:00,54,placa-vella,297,209,88,29.6
2026-09-29T03:03:00Z,2026-09-29T05:03:00+02:00,55,ajuntament-mercat,237,188,49,20.7
2026-09-29T03:04:00Z,2026-09-29T05:04:00+02:00,53,dr-robert,407,337,70,17.2
2026-09-29T03:04:00Z,2026-09-29T05:04:00+02:00,54,placa-vella,297,209,88,29.6
2026-09-29T03:04:00Z,2026-09-29T05:04:00+02:00,55,ajuntament-mercat,237,188,49,20.7
2026-09-29T03:05:00Z,2026-09-29T05:05:00+02:00,53,dr-robert,407,337,70,17.2
2026-09-29T03:05:00Z,2026-09-29T05:05:00+02:00,54,placa-vella,297,209,88,29.6
2026-09-29T03:05:00Z,2026-09-29T05:05:00+02:00,55,ajuntament-mercat,237,188,49,20.7
2026-09-29T03:06:00Z,2026-09-29T05:06:00+02:00,53,dr-robert,407,337,70,17.2
2026-09-29T03:06:00Z,2026-09-29T05:06:00+02:00,54,placa-vella,297,209,88,29.6
2026-09-29T03:06:00Z,2026-09-29T05:06:00+02:00,55,ajuntament-mercat,237,188,49,20.7
2026-09-29T03:07:00Z,2026-09-29T05:07:00+02:00,53,dr-robert,407,337,70,17.2
2026-09-29T03:07:00Z,2026-09-29T05:07:00+02:00,54,placa-vella,297,209,88,29.6
2026-09-29T03:07:00Z,2026-09-29T05:07:00+02:00,55,ajuntament-mercat,237,188,49,20.7
2026-09-29T03:08:00Z,2026-09-29T05:08:00+02:00,53,dr-robert,407,337,70,17.2
2026-09-29T03:08:00Z,2026-09-29T05:08:00+02:00,54,placa-vella,297,209,88,29.6
2026-09-29T03:08:00Z,2026-09-29T05:08:00+02:00,55,ajuntament-mercat,237,188,49,20.7
2026-09-29T03:09:00Z,2026-09-29T05:09:00+02:00,53,dr-robert,407,337,70,17.2
2026-09-29T03:09:00Z,2026-09-29T05:09:00+02:00,54,placa-vella,297,209,88,29.6
2026-09-29T03:09:00Z,2026-09-29T05:09:00+02:00,55,ajuntament-mercat,237,188,49,20.7
2026-09-29T03:10:00Z,2026-09-29T05:10:00+02:00,53,dr-robert,407,337,70,17.2
2026-09-29T03:10:00Z,2026-09-29T05:10:00+02:00,54,placa-vella,297,209,88,29.6
2026-09-29T03:10:00Z,2026-09-29T05:10:00+02:00,55,ajuntament-mercat,237,188,49,20.7
2026-09-29T03:11:00Z,2026-09-29T05:11:00+02:00,53,dr-robert,407,337,70,17.2
2026-09-29T03:11:00Z,2026-09-29T05:11:00+02:00,54,placa-vella,297,209,88,29.6
2026-09-29T03:11:00Z,2026-09-29T05:11:00+02:00,55,ajuntament-mercat,237,188,49,20.7
2026-09-29T03:12:00Z,2026-09-29T05:12:00+02:00,53,dr-robert,407,337,70,17.2
2026-09-29T03:12:00Z,2026-09-29T05:12:00+02:00,54,placa-vella,297,209,88,29.6
2026-09-29T03:12:00Z,2026-09-29T05:12:00+02:00,55,ajuntament-mercat,237,188,49,20.7
2026-09-29T03:13:00Z,2026-09-29T05:13:00+02:00,53,dr-robert,407,339,68,16.7
2026-09-29T03:13:00Z,2026-09-29T05:13:00+02:00,54,placa-vella,297,209,88,29.6
2026-09-29T03:13:00Z,2026-09-29T05:13:00+02:00,55,ajuntament-mercat,237,188,49,20.7
2026-09-29T03:14:00Z,2026-09-29T05:14:00+02:00,53,dr-robert,407,339,68,16.7
2026-09-29T03:14:00Z,2026-09-29T05:14:00+02:00,54,placa-vella,297,209,88,29.6
2026-09-29T03:14:00Z,2026-09-29T05:14:00+02:00,55,ajuntament-mercat,237,188,49,20.7
2026-09-29T03:15:00Z,2026-09-29T05:15:00+02:00,53,dr-robert,407,339,68,16.7
2026-09-29T03:15:00Z,2026-09-29T05:15:00+02:00,54,placa-vella,297,209,88,29.6
2026-09-29T03:15:00Z,2026-09-29T05:15:00+02:00,55,ajuntament-mercat,237,188,49,20.7
2026-09-29T03:16:00Z,2026-09-29T05:16:00+02:00,53,dr-robert,407,339,68,16.7
2026-09-29T03:16:00Z,2026-09-29T05:16:00+02:00,54,placa-vella,297,209,88,29.6
2026-09-29T03:16:00Z,2026-09-29T05:16:00+02:00,55,ajuntament-mercat,237,188,49,20.7
2026-09-29T03:17:00Z,2026-09-29T05:17:00+02:00,53,dr-robert,407,339,68,16.7
2026-09-29T03:17:00Z,2026-09-29T05:17:00+02:00,54,placa-vella,297,209,88,29.6
2026-09-29T03:17:00Z,2026-09-29T05:17:00+02:00,55,ajuntament-mercat,237,188,49,20.7
2026-09-29T03:18:00Z,2026-09-29T05:18:00+02:00,53,dr-robert,407,339,68,16.7
2026-09-29T03:18:00Z,2026-09-29T05:18:00+02:00,54,placa-vella,297,209,88,29.6
2026-09-29T03:18:00Z,2026-09-29T05:18:00+02:00,55,ajuntament-mercat,237,188,49,20.7
2026-09-29T03:19:00Z,2026-09-29T05:19:00+02:00,53,dr-robert,407,339,68,16.7
2026-09-29T03:19:00Z,2026-09-29T05:19:00+02:00,54,placa-vella,297,209,88,29.6
2026-09-29T03:19:00Z,2026-09-29T05:19:00+02:00,55,ajuntament-mercat,237,188,49,20.7
2026-09-29T03:20:00Z,2026-09-29T05:20:00+02:00,53,dr-robert,407,339,68,16.7
2026-09-29T03:20:00Z,2026-09-29T05:20:00+02:00,54,placa-vella,297,209,88,29.6
2026-09-29T03:20:00Z,2026-09-29T05:20:00+02:00,55,ajuntament-mercat,237,188,49,20.7
2026-09-29T03:21:00Z,2026-09-29T05:21:00+02:00,53,dr-robert,407,339,68,16.7
2026-09-29T03:21:00Z,2026-09-29T05:21:00+02:00,54,placa-vella,297,209,88,29.6
2026-09-29T03:21:00Z,2026-09-29T05:21:00+02:00,55,ajuntament-mercat,237,188,49,20.7
2026-09-29T03:22:00Z,2026-09-29T05:22:00+02:00,53,dr-robert,407,339,68,16.7
2026-09-29T03:22:00Z,2026-09-29T05:22:00+02:00,54,placa-vella,297,209,88,29.6
2026-09-29T03:22:00Z,2026-09-29T05:22:00+02:00,55,ajuntament-mercat,237,188,49,20.7
2026-09-29T03:23:00Z,2026-09-29T05:23:00+02:00,53,dr-robert,407,339,68,16.7
2026-09-29T03:23:00Z,2026-09-29T05:23:00+02:00,54,placa-vella,297,209,88,29.6
2026-09-29T03:23:00Z,2026-09-29T05:23:00+02:00,55,ajuntament-mercat,237,188,49,20.7
2026-09-29T03:24:00Z,2026-09-29T05:24:00+02:00,53,dr-robert,407,339,68,16.7
2026-09-29T03:24:00Z,2026-09-29T05:24:00+02:00,54,placa-vella,297,209,88,29.6
2026-09-29T03:24:00Z,2026-09-29T05:24:00+02:00,55,ajuntament-mercat,237,188,49,20.7
2026-09-29T03:25:00Z,2026-09-29T05:25:00+02:00,53,dr-robert,407,339,68,16.7
2026-09-29T03:25:00Z,2026-09-29T05:25:00+02:00,54,placa-vella,297,209,88,29.6
2026-09-29T03:25:00Z,2026-09-29T05:25:00+02:00,55,ajuntament-mercat,237,188,49,20.7
2026-09-29T03:26:00Z,2026-09-29T05:26:00+02:00,53,dr-robert,407,339,68,16.7
2026-09-29T03:26:00Z,2026-09-29T05:26:00+02:00,54,placa-vella,297,209,88,29.6
2026-09-29T03:26:00Z,2026-09-29T05:26:00+02:00,55,ajuntament-mercat,237,188,49,20.7
2026-09-29T03:27:00Z,2026-09-29T05:27:00+02:00,53,dr-robert,407,339,68,16.7
2026-09-29T03:27:00Z,2026-09-29T05:27:00+02:00,54,placa-vella,297,209,88,29.6
2026-09-29T03:27:00Z,2026-09-29T05:27:00+02:00,55,ajuntament-mercat,237,188,49,20.7
2026-09-29T03:28:00Z,2026-09-29T05:28:00+02:00,53,dr-robert,407,339,68,16.7
2026-09-29T03:28:00Z,2026-09-29T05:28:00+02:00,54,placa-vella,297,209,88,29.6
2026-09-29T03:28:00Z,2026-09-29T05:28:00+02:00,55,ajuntament-mercat,237,188,49,20.7
2026-09-29T03:29:00Z,2026-09-29T05:29:00+02:00,53,dr-robert,407,339,68,16.7
2026-09-29T03:29:00Z,2026-09-29T05:29:00+02:00,54,placa-vella,297,209,88,29.6
2026-09-29T03:29:00Z,2026-09-29T05:29:00+02:00,55,ajuntament-mercat,237,188,49,20.7
2026-09-29T03:30:00Z,2026-09-29T05:30:00+02:00,53,dr-robert,407,339,68,16.7
2026-09-29T03:30:00Z,2026-09-29T05:30:00+02:00,54,placa-vella,297,209,88,29.6
2026-09-29T03:30:00Z,2026-09-29T05:30:00+02:00,55,ajuntament-mercat,237,188,49,20.7
2026-09-29T03:31:00Z,2026-09-29T05:31:00+02:00,53,dr-robert,407,339,68,16.7
2026-09-29T03:31:00Z,2026-09-29T05:31:00+02:00,54,placa-vella,297,209,88,29.6
2026-09-29T03:31:00Z,2026-09-29T05:31:00+02:00,55,ajuntament-mercat,237,188,49,20.7
2026-09-29T03:32:00Z,2026-09-29T05:32:00+02:00,53,dr-robert,407,339,68,16.7
2026-09-29T03:32:00Z,2026-09-29T05:32:00+02:00,54,placa-vella,297,209,88,29.6
2026-09-29T03:32:00Z,2026-09-29T05:32:00+02:00,55,ajuntament-mercat,237,188,49,20.7
2026-09-29T03:33:00Z,2026-09-29T05:33:00+02:00,53,dr-robert,407,339,68,16.7
2026-09-29T03:33:00Z,2026-09-29T05:33:00+02:00,54,placa-vella,297,209,88,29.6
2026-09-29T03:33:00Z,2026-09-29T05:33:00+02:00,55,ajuntament-mercat,237,188,49,20.7
2026-09-29T03:34:00Z,2026-09-29T05:34:00+02:00,53,dr-robert,407,339,68,16.7
2026-09-29T03:34:00Z,2026-09-29T05:34:00+02:00,54,placa-vella,297,209,88,29.6
2026-09-29T03:34:00Z,2026-09-29T05:34:00+02:00,55,ajuntament-mercat,237,188,49,20.7
2026-09-29T03:35:00Z,2026-09-29T05:35:00+02:00,53,dr-robert,407,340,67,16.5
2026-09-29T03:35:00Z,2026-09-29T05:35:00+02:00,54,placa-vella,297,209,88,29.6
2026-09-29T03:35:00Z,2026-09-29T05:35:00+02:00,55,ajuntament-mercat,237,188,49,20.7
2026-09-29T03:36:00Z,2026-09-29T05:36:00+02:00,53,dr-robert,407,340,67,16.5
2026-09-29T03:36:00Z,2026-09-29T05:36:00+02:00,54,placa-vella,297,209,88,29.6
2026-09-29T03:36:00Z,2026-09-29T05:36:00+02:00,55,ajuntament-mercat,237,188,49,20.7
2026-09-29T03:37:00Z,2026-09-29T05:37:00+02:00,53,dr-robert,407,340,67,16.5
2026-09-29T03:37:00Z,2026-09-29T05:37:00+02:00,54,placa-vella,297,209,88,29.6
2026-09-29T03:37:00Z,2026-09-29T05:37:00+02:00,55,ajuntament-mercat,237,188,49,20.7
2026-09-29T03:38:00Z,2026-09-29T05:38:00+02:00,53,dr-robert,407,340,67,16.5
2026-09-29T03:38:00Z,2026-09-29T05:38:00+02:00,54,placa-vella,297,209,88,29.6
2026-09-29T03:38:00Z,2026-09-29T05:38:00+02:00,55,ajuntament-mercat,237,188,49,20.7
2026-09-29T03:39:00Z,2026-09-29T05:39:00+02:00,53,dr-robert,407,340,67,16.5
2026-09-29T03:39:00Z,2026-09-29T05:39:00+02:00,54,placa-vella,297,209,88,29.6
2026-09-29T03:39:00Z,2026-09-29T05:39:00+02:00,55,ajuntament-mercat,237,188,49,20.7
2026-09-29T03:40:00Z,2026-09-29T05:40:00+02:00,53,dr-robert,407,341,66,16.2
2026-09-29T03:40:00Z,2026-09-29T05:40:00+02:00,54,placa-vella,297,209,88,29.6
2026-09-29T03:40:00Z,2026-09-29T05:40:00+02:00,55,ajuntament-mercat,237,188,49,20.7
2026-09-29T03:41:00Z,2026-09-29T05:41:00+02:00,53,dr-robert,407,341,66,16.2
2026-09-29T03:41:00Z,2026-09-29T05:41:00+02:00,54,placa-vella,297,209,88,29.6
2026-09-29T03:41:00Z,2026-09-29T05:41:00+02:00,55,ajuntament-mercat,237,188,49,20.7
2026-09-29T03:42:00Z,2026-09-29T05:42:00+02:00,53,dr-robert,407,341,66,16.2
2026-09-29T03:42:00Z,2026-09-29T05:42:00+02:00,54,placa-vella,297,209,88,29.6
2026-09-29T03:42:00Z,2026-09-29T05:42:00+02:00,55,ajuntament-mercat,237,188,49,20.7
2026-09-29T03:43:00Z,2026-09-29T05:43:00+02:00,53,dr-robert,407,341,66,16.2
2026-09-29T03:43:00Z,2026-09-29T05:43:00+02:00,54,placa-vella,297,209,88,29.6
2026-09-29T03:43:00Z,2026-09-29T05:43:00+02:00,55,ajuntament-mercat,237,188,49,20.7
2026-09-29T03:44:00Z,2026-09-29T05:44:00+02:00,53,dr-robert,407,341,66,16.2
2026-09-29T03:44:00Z,2026-09-29T05:44:00+02:00,54,placa-vella,297,209,88,29.6
2026-09-29T03:44:00Z,2026-09-29T05:44:00+02:00,55,ajuntament-mercat,237,188,49,20.7
2026-09-29T03:45:00Z,2026-09-29T05:45:00+02:00,53,dr-robert,407,340,67,16.5
2026-09-29T03:45:00Z,2026-09-29T05:45:00+02:00,54,placa-vella,297,210,87,29.3
2026-09-29T03:45:00Z,2026-09-29T05:45:00+02:00,55,ajuntament-mercat,237,188,49,20.7
2026-09-29T03:46:00Z,2026-09-29T05:46:00+02:00,53,dr-robert,407,340,67,16.5
2026-09-29T03:46:00Z,2026-09-29T05:46:00+02:00,54,placa-vella,297,210,87,29.3
2026-09-29T03:46:00Z,2026-09-29T05:46:00+02:00,55,ajuntament-mercat,237,188,49,20.7
2026-09-29T03:47:00Z,2026-09-29T05:47:00+02:00,53,dr-robert,407,340,67,16.5
2026-09-29T03:47:00Z,2026-09-29T05:47:00+02:00,54,placa-vella,297,210,87,29.3
2026-09-29T03:47:00Z,2026-09-29T05:47:00+02:00,55,ajuntament-mercat,237,188,49,20.7
2026-09-29T03:48:00Z,2026-09-29T05:48:00+02:00,53,dr-robert,407,340,67,16.5
2026-09-29T03:48:00Z,2026-09-29T05:48:00+02:00,54,placa-vella,297,210,87,29.3
2026-09-29T03:48:00Z,2026-09-29T05:48:00+02:00,55,ajuntament-mercat,237,188,49,20.7
2026-09-29T03:49:00Z,2026-09-29T05:49:00+02:00,53,dr-robert,407,340,67,16.5
2026-09-29T03:49:00Z,2026-09-29T05:49:00+02:00,54,placa-vella,297,210,87,29.3
2026-09-29T03:49:00Z,2026-09-29T05:49:00+02:00,55,ajuntament-mercat,237,188,49,20.7
2026-09-29T03:50:00Z,2026-09-29T05:50:00+02:00,53,dr-robert,407,340,67,16.5
2026-09-29T03:50:00Z,2026-09-29T05:50:00+02:00,54,placa-vella,297,210,87,29.3
2026-09-29T03:50:00Z,2026-09-29T05:50:00+02:00,55,ajuntament-mercat,237,188,49,20.7
2026-09-29T03:51:00Z,2026-09-29T05:51:00+02:00,53,dr-robert,407,340,67,16.5
2026-09-29T03:51:00Z,2026-09-29T05:51:00+02:00,54,placa-vella,297,210,87,29.3
2026-09-29T03:51:00Z,2026-09-29T05:51:00+02:00,55,ajuntament-mercat,237,188,49,20.7
2026-09-29T03:52:00Z,2026-09-29T05:52:00+02:00,53,dr-robert,407,340,67,16.5
2026-09-29T03:52:00Z,2026-09-29T05:52:00+02:00,54,placa-vella,297,210,87,29.3
2026-09-29T03:52:00Z,2026-09-29T05:52:00+02:00,55,ajuntament-mercat,237,188,49,20.7
2026-09-29T03:53:00Z,2026-09-29T05:53:00+02:00,53,dr-robert,407,340,67,16.5
2026-09-29T03:53:00Z,2026-09-29T05:53:00+02:00,54,placa-vella,297,210,87,29.3
2026-09-29T03:53:00Z,2026-09-29T05:53:00+02:00,55,ajuntament-mercat,237,188,49,20.7
2026-09-29T03:54:00Z,2026-09-29T05:54:00+02:00,53,dr-robert,407,340,67,16.5
2026-09-29T03:54:00Z,2026-09-29T05:54:00+02:00,54,placa-vella,297,210,87,29.3
2026-09-29T03:54:00Z,2026-09-29T05:54:00+02:00,55,ajuntament-mercat,237,188,49,20.7
2026-09-29T03:55:00Z,2026-09-29T05:55:00+02:00,53,dr-robert,407,340,67,16.5
2026-09-29T03:55:00Z,2026-09-29T05:55:00+02:00,54,placa-vella,297,210,87,29.3
2026-09-29T03:55:00Z,2026-09-29T05:55:00+02:00,55,ajuntament-mercat,237,188,49,20.7
2026-09-29T03:56:00Z,2026-09-29T05:56:00+02:00,53,dr-robert,407,339,68,16.7
2026-09-29T03:56:00Z,2026-09-29T05:56:00+02:00,54,placa-vella,297,209,88,29.6
2026-09-29T03:56:00Z,2026-09-29T05:56:00+02:00,55,ajuntament-mercat,237,188,49,20.7
2026-09-29T03:57:00Z,2026-09-29T05:57:00+02:00,53,dr-robert,407,339,68,16.7
2026-09-29T03:57:00Z,2026-09-29T05:57:00+02:00,54,placa-vella,297,209,88,29.6
2026-09-29T03:57:00Z,2026-09-29T05:57:00+02:00,55,ajuntament-mercat,237,188,49,20.7
2026-09-29T03:58:00Z,2026-09-29T05:58:00+02:00,53,dr-robert,407,339,68,16.7
2026-09-29T03:58:00Z,2026-09-29T05:58:00+02:00,54,placa-vella,297,209,88,29.6
2026-09-29T03:58:00Z,2026-09-29T05:58:00+02:00,55,ajuntament-mercat,237,188,49,20.7
2026-09-29T03:59:00Z,2026-09-29T05:59:00+02:00,53,dr-robert,407,339,68,16.7
2026-09-29T03:59:00Z,2026-09-29T05:59:00+02:00,54,placa-vella,297,209,88,29.6
2026-09-29T03:59:00Z,2026-09-29T05:59:00+02:00,55,ajuntament-mercat,237,188,49,20.7
2026-09-29T04:00:00Z,2026-09-29T06:00:00+02:00,53,dr-robert,407,339,68,16.7
2026-09-29T04:00:00Z,2026-09-29T06:00:00+02:00,54,placa-vella,297,209,88,29.6
2026-09-29T04:00:00Z,2026-09-29T06:00:00+02:00,55,ajuntament-mercat,237,188,49,20.7
2026-09-29T04:01:00Z,2026-09-29T06:01:00+02:00,53,dr-robert,407,339,68,16.7
2026-09-29T04:01:00Z,2026-09-29T06:01:00+02:00,54,placa-vella,297,209,88,29.6
2026-09-29T04:01:00Z,2026-09-29T06:01:00+02:00,55,ajuntament-mercat,237,188,49,20.7
2026-09-29T04:02:00Z,2026-09-29T06:02:00+02:00,53,dr-robert,407,339,68,16.7
2026-09-29T04:02:00Z,2026-09-29T06:02:00+02:00,54,placa-vella,297,209,88,29.6
2026-09-29T04:02:00Z,2026-09-29T06:02:00+02:00,55,ajuntament-mercat,237,188,49,20.7
2026-09-29T04:03:00Z,2026-09-29T06:03:00+02:00,53,dr-robert,407,339,68,16.7
2026-09-29T04:03:00Z,2026-09-29T06:03:00+02:00,54,placa-vella,297,209,88,29.6
2026-09-29T04:03:00Z,2026-09-29T06:03:00+02:00,55,ajuntament-mercat,237,188,49,20.7
2026-09-29T04:04:00Z,2026-09-29T06:04:00+02:00,53,dr-robert,407,339,68,16.7
2026-09-29T04:04:00Z,2026-09-29T06:04:00+02:00,54,placa-vella,297,209,88,29.6
2026-09-29T04:04:00Z,2026-09-29T06:04:00+02:00,55,ajuntament-mercat,237,188,49,20.7
2026-09-29T04:05:00Z,2026-09-29T06:05:00+02:00,53,dr-robert,407,339,68,16.7
2026-09-29T04:05:00Z,2026-09-29T06:05:00+02:00,54,placa-vella,297,209,88,29.6
2026-09-29T04:05:00Z,2026-09-29T06:05:00+02:00,55,ajuntament-mercat,237,188,49,20.7
2026-09-29T04:06:00Z,2026-09-29T06:06:00+02:00,53,dr-robert,407,339,68,16.7
2026-09-29T04:06:00Z,2026-09-29T06:06:00+02:00,54,placa-vella,297,209,88,29.6
2026-09-29T04:06:00Z,2026-09-29T06:06:00+02:00,55,ajuntament-mercat,237,188,49,20.7
2026-09-29T04:07:00Z,2026-09-29T06:07:00+02:00,53,dr-robert,407,339,68,16.7
2026-09-29T04:07:00Z,2026-09-29T06:07:00+02:00,54,placa-vella,297,209,88,29.6
2026-09-29T04:07:00Z,2026-09-29T06:07:00+02:00,55,ajuntament-mercat,237,188,49,20.7
2026-09-29T04:08:00Z,2026-09-29T06:08:00+02:00,53,dr-robert,407,338,69,17
2026-09-29T04:08:00Z,2026-09-29T06:08:00+02:00,54,placa-vella,297,217,80,26.9
2026-09-29T04:08:00Z,2026-09-29T06:08:00+02:00,55,ajuntament-mercat,237,194,43,18.1
2026-09-29T04:09:00Z,2026-09-29T06:09:00+02:00,53,dr-robert,407,338,69,17
2026-09-29T04:09:00Z,2026-09-29T06:09:00+02:00,54,placa-vella,297,217,80,26.9
2026-09-29T04:09:00Z,2026-09-29T06:09:00+02:00,55,ajuntament-mercat,237,194,43,18.1
2026-09-29T04:10:00Z,2026-09-29T06:10:00+02:00,53,dr-robert,407,338,69,17
2026-09-29T04:10:00Z,2026-09-29T06:10:00+02:00,54,placa-vella,297,217,80,26.9
2026-09-29T04:10:00Z,2026-09-29T06:10:00+02:00,55,ajuntament-mercat,237,194,43,18.1
2026-09-29T04:11:00Z,2026-09-29T06:11:00+02:00,53,dr-robert,407,337,70,17.2
2026-09-29T04:11:00Z,2026-09-29T06:11:00+02:00,54,placa-vella,297,217,80,26.9
2026-09-29T04:11:00Z,2026-09-29T06:11:00+02:00,55,ajuntament-mercat,237,194,43,18.1
2026-09-29T04:12:00Z,2026-09-29T06:12:00+02:00,53,dr-robert,407,337,70,17.2
2026-09-29T04:12:00Z,2026-09-29T06:12:00+02:00,54,placa-vella,297,217,80,26.9
2026-09-29T04:12:00Z,2026-09-29T06:12:00+02:00,55,ajuntament-mercat,237,194,43,18.1
2026-09-29T04:13:00Z,2026-09-29T06:13:00+02:00,53,dr-robert,407,337,70,17.2
2026-09-29T04:13:00Z,2026-09-29T06:13:00+02:00,54,placa-vella,297,217,80,26.9
2026-09-29T04:13:00Z,2026-09-29T06:13:00+02:00,55,ajuntament-mercat,237,194,43,18.1
2026-09-29T04:14:00Z,2026-09-29T06:14:00+02:00,53,dr-robert,407,337,70,17.2
2026-09-29T04:14:00Z,2026-09-29T06:14:00+02:00,54,placa-vella,297,217,80,26.9
2026-09-29T04:14:00Z,2026-09-29T06:14:00+02:00,55,ajuntament-mercat,237,194,43,18.1
2026-09-29T04:15:00Z,2026-09-29T06:15:00+02:00,53,dr-robert,407,337,70,17.2
2026-09-29T04:15:00Z,2026-09-29T06:15:00+02:00,54,placa-vella,297,217,80,26.9
2026-09-29T04:15:00Z,2026-09-29T06:15:00+02:00,55,ajuntament-mercat,237,194,43,18.1
2026-09-29T04:16:00Z,2026-09-29T06:16:00+02:00,53,dr-robert,407,337,70,17.2
2026-09-29T04:16:00Z,2026-09-29T06:16:00+02:00,54,placa-vella,297,217,80,26.9
2026-09-29T04:16:00Z,2026-09-29T06:16:00+02:00,55,ajuntament-mercat,237,194,43,18.1
2026-09-29T04:17:00Z,2026-09-29T06:17:00+02:00,53,dr-robert,407,337,70,17.2
2026-09-29T04:17:00Z,2026-09-29T06:17:00+02:00,54,placa-vella,297,217,80,26.9
2026-09-29T04:17:00Z,2026-09-29T06:17:00+02:00,55,ajuntament-mercat,237,194,43,18.1
2026-09-29T04:18:00Z,2026-09-29T06:18:00+02:00,53,dr-robert,407,337,70,17.2
2026-09-29T04:18:00Z,2026-09-29T06:18:00+02:00,54,placa-vella,297,217,80,26.9
2026-09-29T04:18:00Z,2026-09-29T06:18:00+02:00,55,ajuntament-mercat,237,194,43,18.1
2026-09-29T04:19:00Z,2026-09-29T06:19:00+02:00,53,dr-robert,407,337,70,17.2
2026-09-29T04:19:00Z,2026-09-29T06:19:00+02:00,54,placa-vella,297,217,80,26.9
2026-09-29T04:19:00Z,2026-09-29T06:19:00+02:00,55,ajuntament-mercat,237,194,43,18.1
2026-09-29T04:25:00Z,2026-09-29T06:25:00+02:00,53,dr-robert,407,337,70,17.2
2026-09-29T04:25:00Z,2026-09-29T06:25:00+02:00,54,placa-vella,297,217,80,26.9
2026-09-29T04:25:00Z,2026-09-29T06:25:00+02:00,55,ajuntament-mercat,237,194,43,18.1
2026-09-29T04:26:00Z,2026-09-29T06:26:00+02:00,53,dr-robert,407,337,70,17.2
2026-09-29T04:26:00Z,2026-09-29T06:26:00+02:00,54,placa-vella,297,217,80,26.9
2026-09-29T04:26:00Z,2026-09-29T06:26:00+02:00,55,ajuntament-mercat,237,194,43,18.1
2026-09-29T04:27:00Z,2026-09-29T06:27:00+02:00,53,dr-robert,407,337,70,17.2
2026-09-29T04:27:00Z,2026-09-29T06:27:00+02:00,54,placa-vella,297,217,80,26.9
2026-09-29T04:27:00Z,2026-09-29T06:27:00+02:00,55,ajuntament-mercat,237,194,43,18.1
2026-09-29T04:28:00Z,2026-09-29T06:28:00+02:00,53,dr-robert,407,337,70,17.2
2026-09-29T04:28:00Z,2026-09-29T06:28:00+02:00,54,placa-vella,297,217,80,26.9
2026-09-29T04:28:00Z,2026-09-29T06:28:00+02:00,55,ajuntament-mercat,237,194,43,18.1
2026-09-29T04:29:00Z,2026-09-29T06:29:00+02:00,53,dr-robert,407,337,70,17.2
2026-09-29T04:29:00Z,2026-09-29T06:29:00+02:00,54,placa-vella,297,217,80,26.9
2026-09-29T04:29:00Z,2026-09-29T06:29:00+02:00,55,ajuntament-mercat,237,194,43,18.1
2026-09-29T04:30:00Z,2026-09-29T06:30:00+02:00,53,dr-robert,407,337,70,17.2
2026-09-29T04:30:00Z,2026-09-29T06:30:00+02:00,54,placa-vella,297,217,80,26.9
2026-09-29T04:30:00Z,2026-09-29T06:30:00+02:00,55,ajuntament-mercat,237,194,43,18.1
2026-09-29T04:31:00Z,2026-09-29T06:31:00+02:00,53,dr-robert,407,336,71,17.4
2026-09-29T04:31:00Z,2026-09-29T06:31:00+02:00,54,placa-vella,297,216,81,27.3
2026-09-29T04:31:00Z,2026-09-29T06:31:00+02:00,55,ajuntament-mercat,237,193,44,18.6
2026-09-29T04:32:00Z,2026-09-29T06:32:00+02:00,53,dr-robert,407,336,71,17.4
2026-09-29T04:32:00Z,2026-09-29T06:32:00+02:00,54,placa-vella,297,216,81,27.3
2026-09-29T04:32:00Z,2026-09-29T06:32:00+02:00,55,ajuntament-mercat,237,193,44,18.6
2026-09-29T04:33:00Z,2026-09-29T06:33:00+02:00,53,dr-robert,407,336,71,17.4
2026-09-29T04:33:00Z,2026-09-29T06:33:00+02:00,54,placa-vella,297,216,81,27.3
2026-09-29T04:33:00Z,2026-09-29T06:33:00+02:00,55,ajuntament-mercat,237,193,44,18.6
2026-09-29T04:34:00Z,2026-09-29T06:34:00+02:00,53,dr-robert,407,336,71,17.4
2026-09-29T04:34:00Z,2026-09-29T06:34:00+02:00,54,placa-vella,297,216,81,27.3
2026-09-29T04:34:00Z,2026-09-29T06:34:00+02:00,55,ajuntament-mercat,237,193,44,18.6
2026-09-29T04:35:00Z,2026-09-29T06:35:00+02:00,53,dr-robert,407,335,72,17.7
2026-09-29T04:35:00Z,2026-09-29T06:35:00+02:00,54,placa-vella,297,214,83,27.9
2026-09-29T04:35:00Z,2026-09-29T06:35:00+02:00,55,ajuntament-mercat,237,192,45,19
2026-09-29T04:36:00Z,2026-09-29T06:36:00+02:00,53,dr-robert,407,335,72,17.7
2026-09-29T04:36:00Z,2026-09-29T06:36:00+02:00,54,placa-vella,297,214,83,27.9
2026-09-29T04:36:00Z,2026-09-29T06:36:00+02:00,55,ajuntament-mercat,237,192,45,19
2026-09-29T04:37:00Z,2026-09-29T06:37:00+02:00,53,dr-robert,407,335,72,17.7
2026-09-29T04:37:00Z,2026-09-29T06:37:00+02:00,54,placa-vella,297,214,83,27.9
2026-09-29T04:37:00Z,2026-09-29T06:37:00+02:00,55,ajuntament-mercat,237,192,45,19
2026-09-29T04:38:00Z,2026-09-29T06:38:00+02:00,53,dr-robert,407,335,72,17.7
2026-09-29T04:38:00Z,2026-09-29T06:38:00+02:00,54,placa-vella,297,214,83,27.9
2026-09-29T04:38:00Z,2026-09-29T06:38:00+02:00,55,ajuntament-mercat,237,192,45,19
2026-09-29T04:39:00Z,2026-09-29T06:39:00+02:00,53,dr-robert,407,335,72,17.7
2026-09-29T04:39:00Z,2026-09-29T06:39:00+02:00,54,placa-vella,297,214,83,27.9
2026-09-29T04:39:00Z,2026-09-29T06:39:00+02:00,55,ajuntament-mercat,237,192,45,19
2026-09-29T04:40:00Z,2026-09-29T06:40:00+02:00,53,dr-robert,407,334,73,17.9
2026-09-29T04:40:00Z,2026-09-29T06:40:00+02:00,54,placa-vella,297,212,85,28.6
2026-09-29T04:40:00Z,2026-09-29T06:40:00+02:00,55,ajuntament-mercat,237,192,45,19
2026-09-29T04:41:00Z,2026-09-29T06:41:00+02:00,53,dr-robert,407,334,73,17.9
2026-09-29T04:41:00Z,2026-09-29T06:41:00+02:00,54,placa-vella,297,212,85,28.6
2026-09-29T04:41:00Z,2026-09-29T06:41:00+02:00,55,ajuntament-mercat,237,192,45,19
2026-09-29T04:42:00Z,2026-09-29T06:42:00+02:00,53,dr-robert,407,334,73,17.9
2026-09-29T04:42:00Z,2026-09-29T06:42:00+02:00,54,placa-vella,297,212,85,28.6
2026-09-29T04:42:00Z,2026-09-29T06:42:00+02:00,55,ajuntament-mercat,237,192,45,19
2026-09-29T04:43:00Z,2026-09-29T06:43:00+02:00,53,dr-robert,407,334,73,17.9
2026-09-29T04:43:00Z,2026-09-29T06:43:00+02:00,54,placa-vella,297,212,85,28.6
2026-09-29T04:43:00Z,2026-09-29T06:43:00+02:00,55,ajuntament-mercat,237,192,45,19
2026-09-29T04:44:00Z,2026-09-29T06:44:00+02:00,53,dr-robert,407,334,73,17.9
2026-09-29T04:44:00Z,2026-09-29T06:44:00+02:00,54,placa-vella,297,212,85,28.6
2026-09-29T04:44:00Z,2026-09-29T06:44:00+02:00,55,ajuntament-mercat,237,192,45,19
2026-09-29T04:45:00Z,2026-09-29T06:45:00+02:00,53,dr-robert,407,331,76,18.7
2026-09-29T04:45:00Z,2026-09-29T06:45:00+02:00,54,placa-vella,297,210,87,29.3
2026-09-29T04:45:00Z,2026-09-29T06:45:00+02:00,55,ajuntament-mercat,237,191,46,19.4
2026-09-29T04:46:00Z,2026-09-29T06:46:00+02:00,53,dr-robert,407,331,76,18.7
2026-09-29T04:46:00Z,2026-09-29T06:46:00+02:00,54,placa-vella,297,210,87,29.3
2026-09-29T04:46:00Z,2026-09-29T06:46:00+02:00,55,ajuntament-mercat,237,191,46,19.4
2026-09-29T04:47:00Z,2026-09-29T06:47:00+02:00,53,dr-robert,407,331,76,18.7
2026-09-29T04:47:00Z,2026-09-29T06:47:00+02:00,54,placa-vella,297,210,87,29.3
2026-09-29T04:47:00Z,2026-09-29T06:47:00+02:00,55,ajuntament-mercat,237,191,46,19.4
2026-09-29T04:48:00Z,2026-09-29T06:48:00+02:00,53,dr-robert,407,331,76,18.7
2026-09-29T04:48:00Z,2026-09-29T06:48:00+02:00,54,placa-vella,297,210,87,29.3
2026-09-29T04:48:00Z,2026-09-29T06:48:00+02:00,55,ajuntament-mercat,237,191,46,19.4
2026-09-29T04:49:00Z,2026-09-29T06:49:00+02:00,53,dr-robert,407,331,76,18.7
2026-09-29T04:49:00Z,2026-09-29T06:49:00+02:00,54,placa-vella,297,210,87,29.3
2026-09-29T04:49:00Z,2026-09-29T06:49:00+02:00,55,ajuntament-mercat,237,191,46,19.4
2026-09-29T04:50:00Z,2026-09-29T06:50:00+02:00,53,dr-robert,407,327,80,19.7
2026-09-29T04:50:00Z,2026-09-29T06:50:00+02:00,54,placa-vella,297,210,87,29.3
2026-09-29T04:50:00Z,2026-09-29T06:50:00+02:00,55,ajuntament-mercat,237,191,46,19.4
2026-09-29T04:51:00Z,2026-09-29T06:51:00+02:00,53,dr-robert,407,327,80,19.7
2026-09-29T04:51:00Z,2026-09-29T06:51:00+02:00,54,placa-vella,297,210,87,29.3
2026-09-29T04:51:00Z,2026-09-29T06:51:00+02:00,55,ajuntament-mercat,237,191,46,19.4
2026-09-29T04:52:00Z,2026-09-29T06:52:00+02:00,53,dr-robert,407,327,80,19.7
2026-09-29T04:52:00Z,2026-09-29T06:52:00+02:00,54,placa-vella,297,210,87,29.3
2026-09-29T04:52:00Z,2026-09-29T06:52:00+02:00,55,ajuntament-mercat,237,191,46,19.4
2026-09-29T04:53:00Z,2026-09-29T06:53:00+02:00,53,dr-robert,407,327,80,19.7
2026-09-29T04:53:00Z,2026-09-29T06:53:00+02:00,54,placa-vella,297,210,87,29.3
2026-09-29T04:53:00Z,2026-09-29T06:53:00+02:00,55,ajuntament-mercat,237,191,46,19.4
2026-09-29T04:54:00Z,2026-09-29T06:54:00+02:00,53,dr-robert,407,327,80,19.7
2026-09-29T04:54:00Z,2026-09-29T06:54:00+02:00,54,placa-vella,297,210,87,29.3
2026-09-29T04:54:00Z,2026-09-29T06:54:00+02:00,55,ajuntament-mercat,237,191,46,19.4
2026-09-29T04:55:00Z,2026-09-29T06:55:00+02:00,53,dr-robert,407,325,82,20.1
2026-09-29T04:55:00Z,2026-09-29T06:55:00+02:00,54,placa-vella,297,210,87,29.3
2026-09-29T04:55:00Z,2026-09-29T06:55:00+02:00,55,ajuntament-mercat,237,191,46,19.4
2026-09-29T04:56:00Z,2026-09-29T06:56:00+02:00,53,dr-robert,407,325,82,20.1
2026-09-29T04:56:00Z,2026-09-29T06:56:00+02:00,54,placa-vella,297,210,87,29.3
2026-09-29T04:56:00Z,2026-09-29T06:56:00+02:00,55,ajuntament-mercat,237,191,46,19.4
2026-09-29T04:57:00Z,2026-09-29T06:57:00+02:00,53,dr-robert,407,325,82,20.1
2026-09-29T04:57:00Z,2026-09-29T06:57:00+02:00,54,placa-vella,297,210,87,29.3
2026-09-29T04:57:00Z,2026-09-29T06:57:00+02:00,55,ajuntament-mercat,237,191,46,19.4
2026-09-29T04:58:00Z,2026-09-29T06:58:00+02:00,53,dr-robert,407,325,82,20.1
2026-09-29T04:58:00Z,2026-09-29T06:58:00+02:00,54,placa-vella,297,210,87,29.3
2026-09-29T04:58:00Z,2026-09-29T06:58:00+02:00,55,ajuntament-mercat,237,191,46,19.4
2026-09-29T04:59:00Z,2026-09-29T06:59:00+02:00,53,dr-robert,407,325,82,20.1
2026-09-29T04:59:00Z,2026-09-29T06:59:00+02:00,54,placa-vella,297,210,87,29.3
2026-09-29T04:59:00Z,2026-09-29T06:59:00+02:00,55,ajuntament-mercat,237,191,46,19.4
2026-09-29T05:00:00Z,2026-09-29T07:00:00+02:00,53,dr-robert,407,325,82,20.1
2026-09-29T05:00:00Z,2026-09-29T07:00:00+02:00,54,placa-vella,297,210,87,29.3
2026-09-29T05:00:00Z,2026-09-29T07:00:00+02:00,55,ajuntament-mercat,237,191,46,19.4
2026-09-29T05:01:00Z,2026-09-29T07:01:00+02:00,53,dr-robert,407,325,82,20.1
2026-09-29T05:01:00Z,2026-09-29T07:01:00+02:00,54,placa-vella,297,210,87,29.3
2026-09-29T05:01:00Z,2026-09-29T07:01:00+02:00,55,ajuntament-mercat,237,191,46,19.4
2026-09-29T05:02:00Z,2026-09-29T07:02:00+02:00,53,dr-robert,407,325,82,20.1
2026-09-29T05:02:00Z,2026-09-29T07:02:00+02:00,54,placa-vella,297,210,87,29.3
2026-09-29T05:02:00Z,2026-09-29T07:02:00+02:00,55,ajuntament-mercat,237,191,46,19.4
2026-09-29T05:03:00Z,2026-09-29T07:03:00+02:00,53,dr-robert,407,325,82,20.1
2026-09-29T05:03:00Z,2026-09-29T07:03:00+02:00,54,placa-vella,297,210,87,29.3
2026-09-29T05:03:00Z,2026-09-29T07:03:00+02:00,55,ajuntament-mercat,237,191,46,19.4
2026-09-29T05:04:00Z,2026-09-29T07:04:00+02:00,53,dr-robert,407,314,93,22.9
2026-09-29T05:04:00Z,2026-09-29T07:04:00+02:00,54,placa-vella,297,208,89,30
2026-09-29T05:04:00Z,2026-09-29T07:04:00+02:00,55,ajuntament-mercat,237,189,48,20.3
2026-09-29T05:05:00Z,2026-09-29T07:05:00+02:00,53,dr-robert,407,314,93,22.9
2026-09-29T05:05:00Z,2026-09-29T07:05:00+02:00,54,placa-vella,297,208,89,30
2026-09-29T05:05:00Z,2026-09-29T07:05:00+02:00,55,ajuntament-mercat,237,189,48,20.3
2026-09-29T05:06:00Z,2026-09-29T07:06:00+02:00,53,dr-robert,407,312,95,23.3
2026-09-29T05:06:00Z,2026-09-29T07:06:00+02:00,54,placa-vella,297,208,89,30
2026-09-29T05:06:00Z,2026-09-29T07:06:00+02:00,55,ajuntament-mercat,237,189,48,20.3
2026-09-29T05:07:00Z,2026-09-29T07:07:00+02:00,53,dr-robert,407,312,95,23.3
2026-09-29T05:07:00Z,2026-09-29T07:07:00+02:00,54,placa-vella,297,208,89,30
2026-09-29T05:07:00Z,2026-09-29T07:07:00+02:00,55,ajuntament-mercat,237,189,48,20.3
2026-09-29T05:08:00Z,2026-09-29T07:08:00+02:00,53,dr-robert,407,312,95,23.3
2026-09-29T05:08:00Z,2026-09-29T07:08:00+02:00,54,placa-vella,297,208,89,30
2026-09-29T05:08:00Z,2026-09-29T07:08:00+02:00,55,ajuntament-mercat,237,189,48,20.3
2026-09-29T05:09:00Z,2026-09-29T07:09:00+02:00,53,dr-robert,407,312,95,23.3
2026-09-29T05:09:00Z,2026-09-29T07:09:00+02:00,54,placa-vella,297,208,89,30
2026-09-29T05:09:00Z,2026-09-29T07:09:00+02:00,55,ajuntament-mercat,237,189,48,20.3
2026-09-29T05:10:00Z,2026-09-29T07:10:00+02:00,53,dr-robert,407,308,99,24.3
2026-09-29T05:10:00Z,2026-09-29T07:10:00+02:00,54,placa-vella,297,207,90,30.3
2026-09-29T05:10:00Z,2026-09-29T07:10:00+02:00,55,ajuntament-mercat,237,189,48,20.3
2026-09-29T05:11:00Z,2026-09-29T07:11:00+02:00,53,dr-robert,407,308,99,24.3
2026-09-29T05:11:00Z,2026-09-29T07:11:00+02:00,54,placa-vella,297,207,90,30.3
2026-09-29T05:11:00Z,2026-09-29T07:11:00+02:00,55,ajuntament-mercat,237,189,48,20.3
2026-09-29T05:12:00Z,2026-09-29T07:12:00+02:00,53,dr-robert,407,308,99,24.3
2026-09-29T05:12:00Z,2026-09-29T07:12:00+02:00,54,placa-vella,297,207,90,30.3
2026-09-29T05:12:00Z,2026-09-29T07:12:00+02:00,55,ajuntament-mercat,237,189,48,20.3
2026-09-29T05:13:00Z,2026-09-29T07:13:00+02:00,53,dr-robert,407,308,99,24.3
2026-09-29T05:13:00Z,2026-09-29T07:13:00+02:00,54,placa-vella,297,207,90,30.3
2026-09-29T05:13:00Z,2026-09-29T07:13:00+02:00,55,ajuntament-mercat,237,189,48,20.3
2026-09-29T05:14:00Z,2026-09-29T07:14:00+02:00,53,dr-robert,407,308,99,24.3
2026-09-29T05:14:00Z,2026-09-29T07:14:00+02:00,54,placa-vella,297,207,90,30.3
2026-09-29T05:14:00Z,2026-09-29T07:14:00+02:00,55,ajuntament-mercat,237,189,48,20.3
2026-09-29T05:15:00Z,2026-09-29T07:15:00+02:00,53,dr-robert,407,300,107,26.3
2026-09-29T05:15:00Z,2026-09-29T07:15:00+02:00,54,placa-vella,297,207,90,30.3
2026-09-29T05:15:00Z,2026-09-29T07:15:00+02:00,55,ajuntament-mercat,237,188,49,20.7
2026-09-29T05:16:00Z,2026-09-29T07:16:00+02:00,53,dr-robert,407,300,107,26.3
2026-09-29T05:16:00Z,2026-09-29T07:16:00+02:00,54,placa-vella,297,207,90,30.3
2026-09-29T05:16:00Z,2026-09-29T07:16:00+02:00,55,ajuntament-mercat,237,188,49,20.7
2026-09-29T05:17:00Z,2026-09-29T07:17:00+02:00,53,dr-robert,407,300,107,26.3
2026-09-29T05:17:00Z,2026-09-29T07:17:00+02:00,54,placa-vella,297,207,90,30.3
2026-09-29T05:17:00Z,2026-09-29T07:17:00+02:00,55,ajuntament-mercat,237,188,49,20.7
2026-09-29T05:18:00Z,2026-09-29T07:18:00+02:00,53,dr-robert,407,300,107,26.3
2026-09-29T05:18:00Z,2026-09-29T07:18:00+02:00,54,placa-vella,297,207,90,30.3
2026-09-29T05:18:00Z,2026-09-29T07:18:00+02:00,55,ajuntament-mercat,237,188,49,20.7
2026-09-29T05:19:00Z,2026-09-29T07:19:00+02:00,53,dr-robert,407,300,107,26.3
2026-09-29T05:19:00Z,2026-09-29T07:19:00+02:00,54,placa-vella,297,207,90,30.3
2026-09-29T05:19:00Z,2026-09-29T07:19:00+02:00,55,ajuntament-mercat,237,188,49,20.7
2026-09-29T05:20:00Z,2026-09-29T07:20:00+02:00,53,dr-robert,407,297,110,27
2026-09-29T05:20:00Z,2026-09-29T07:20:00+02:00,54,placa-vella,297,206,91,30.6
2026-09-29T05:20:00Z,2026-09-29T07:20:00+02:00,55,ajuntament-mercat,237,188,49,20.7
2026-09-29T05:21:00Z,2026-09-29T07:21:00+02:00,53,dr-robert,407,297,110,27
2026-09-29T05:21:00Z,2026-09-29T07:21:00+02:00,54,placa-vella,297,206,91,30.6
2026-09-29T05:21:00Z,2026-09-29T07:21:00+02:00,55,ajuntament-mercat,237,188,49,20.7
2026-09-29T05:22:00Z,2026-09-29T07:22:00+02:00,53,dr-robert,407,297,110,27
2026-09-29T05:22:00Z,2026-09-29T07:22:00+02:00,54,placa-vella,297,206,91,30.6
2026-09-29T05:22:00Z,2026-09-29T07:22:00+02:00,55,ajuntament-mercat,237,188,49,20.7
2026-09-29T05:23:00Z,2026-09-29T07:23:00+02:00,53,dr-robert,407,297,110,27
2026-09-29T05:23:00Z,2026-09-29T07:23:00+02:00,54,placa-vella,297,206,91,30.6
2026-09-29T05:23:00Z,2026-09-29T07:23:00+02:00,55,ajuntament-mercat,237,188,49,20.7
2026-09-29T05:24:00Z,2026-09-29T07:24:00+02:00,53,dr-robert,407,297,110,27
2026-09-29T05:24:00Z,2026-09-29T07:24:00+02:00,54,placa-vella,297,206,91,30.6
2026-09-29T05:24:00Z,2026-09-29T07:24:00+02:00,55,ajuntament-mercat,237,188,49,20.7
2026-09-29T05:25:00Z,2026-09-29T07:25:00+02:00,53,dr-robert,407,287,120,29.5
2026-09-29T05:25:00Z,2026-09-29T07:25:00+02:00,54,placa-vella,297,205,92,31
2026-09-29T05:25:00Z,2026-09-29T07:25:00+02:00,55,ajuntament-mercat,237,187,50,21.1
2026-09-29T05:26:00Z,2026-09-29T07:26:00+02:00,53,dr-robert,407,287,120,29.5
2026-09-29T05:26:00Z,2026-09-29T07:26:00+02:00,54,placa-vella,297,205,92,31
2026-09-29T05:26:00Z,2026-09-29T07:26:00+02:00,55,ajuntament-mercat,237,187,50,21.1
2026-09-29T05:27:00Z,2026-09-29T07:27:00+02:00,53,dr-robert,407,287,120,29.5
2026-09-29T05:27:00Z,2026-09-29T07:27:00+02:00,54,placa-vella,297,205,92,31
2026-09-29T05:27:00Z,2026-09-29T07:27:00+02:00,55,ajuntament-mercat,237,187,50,21.1
2026-09-29T05:28:00Z,2026-09-29T07:28:00+02:00,53,dr-robert,407,287,120,29.5
2026-09-29T05:28:00Z,2026-09-29T07:28:00+02:00,54,placa-vella,297,205,92,31
2026-09-29T05:28:00Z,2026-09-29T07:28:00+02:00,55,ajuntament-mercat,237,187,50,21.1
2026-09-29T05:29:00Z,2026-09-29T07:29:00+02:00,53,dr-robert,407,287,120,29.5
2026-09-29T05:29:00Z,2026-09-29T07:29:00+02:00,54,placa-vella,297,205,92,31
2026-09-29T05:29:00Z,2026-09-29T07:29:00+02:00,55,ajuntament-mercat,237,187,50,21.1
2026-09-29T05:30:00Z,2026-09-29T07:30:00+02:00,53,dr-robert,407,287,120,29.5
2026-09-29T05:30:00Z,2026-09-29T07:30:00+02:00,54,placa-vella,297,205,92,31
2026-09-29T05:30:00Z,2026-09-29T07:30:00+02:00,55,ajuntament-mercat,237,187,50,21.1
2026-09-29T05:31:00Z,2026-09-29T07:31:00+02:00,53,dr-robert,407,278,129,31.7
2026-09-29T05:31:00Z,2026-09-29T07:31:00+02:00,54,placa-vella,297,206,91,30.6
2026-09-29T05:31:00Z,2026-09-29T07:31:00+02:00,55,ajuntament-mercat,237,180,57,24.1
2026-09-29T05:32:00Z,2026-09-29T07:32:00+02:00,53,dr-robert,407,278,129,31.7
2026-09-29T05:32:00Z,2026-09-29T07:32:00+02:00,54,placa-vella,297,206,91,30.6
2026-09-29T05:32:00Z,2026-09-29T07:32:00+02:00,55,ajuntament-mercat,237,180,57,24.1
2026-09-29T05:33:00Z,2026-09-29T07:33:00+02:00,53,dr-robert,407,278,129,31.7
2026-09-29T05:33:00Z,2026-09-29T07:33:00+02:00,54,placa-vella,297,206,91,30.6
2026-09-29T05:33:00Z,2026-09-29T07:33:00+02:00,55,ajuntament-mercat,237,180,57,24.1
2026-09-29T05:34:00Z,2026-09-29T07:34:00+02:00,53,dr-robert,407,278,129,31.7
2026-09-29T05:34:00Z,2026-09-29T07:34:00+02:00,54,placa-vella,297,206,91,30.6
2026-09-29T05:34:00Z,2026-09-29T07:34:00+02:00,55,ajuntament-mercat,237,180,57,24.1
2026-09-29T05:35:00Z,2026-09-29T07:35:00+02:00,53,dr-robert,407,278,129,31.7
2026-09-29T05:35:00Z,2026-09-29T07:35:00+02:00,54,placa-vella,297,208,89,30
2026-09-29T05:35:00Z,2026-09-29T07:35:00+02:00,55,ajuntament-mercat,237,175,62,26.2
2026-09-29T05:36:00Z,2026-09-29T07:36:00+02:00,53,dr-robert,407,278,129,31.7
2026-09-29T05:36:00Z,2026-09-29T07:36:00+02:00,54,placa-vella,297,208,89,30
2026-09-29T05:36:00Z,2026-09-29T07:36:00+02:00,55,ajuntament-mercat,237,175,62,26.2
2026-09-29T05:37:00Z,2026-09-29T07:37:00+02:00,53,dr-robert,407,278,129,31.7
2026-09-29T05:37:00Z,2026-09-29T07:37:00+02:00,54,placa-vella,297,208,89,30
2026-09-29T05:37:00Z,2026-09-29T07:37:00+02:00,55,ajuntament-mercat,237,175,62,26.2
2026-09-29T05:38:00Z,2026-09-29T07:38:00+02:00,53,dr-robert,407,278,129,31.7
2026-09-29T05:38:00Z,2026-09-29T07:38:00+02:00,54,placa-vella,297,208,89,30
2026-09-29T05:38:00Z,2026-09-29T07:38:00+02:00,55,ajuntament-mercat,237,175,62,26.2
2026-09-29T05:39:00Z,2026-09-29T07:39:00+02:00,53,dr-robert,407,278,129,31.7
2026-09-29T05:39:00Z,2026-09-29T07:39:00+02:00,54,placa-vella,297,208,89,30
2026-09-29T05:39:00Z,2026-09-29T07:39:00+02:00,55,ajuntament-mercat,237,175,62,26.2
2026-09-29T05:40:00Z,2026-09-29T07:40:00+02:00,53,dr-robert,407,271,136,33.4
2026-09-29T05:40:00Z,2026-09-29T07:40:00+02:00,54,placa-vella,297,205,92,31
2026-09-29T05:40:00Z,2026-09-29T07:40:00+02:00,55,ajuntament-mercat,237,171,66,27.8
2026-09-29T05:41:00Z,2026-09-29T07:41:00+02:00,53,dr-robert,407,271,136,33.4
2026-09-29T05:41:00Z,2026-09-29T07:41:00+02:00,54,placa-vella,297,205,92,31
2026-09-29T05:41:00Z,2026-09-29T07:41:00+02:00,55,ajuntament-mercat,237,171,66,27.8
2026-09-29T05:42:00Z,2026-09-29T07:42:00+02:00,53,dr-robert,407,271,136,33.4
2026-09-29T05:42:00Z,2026-09-29T07:42:00+02:00,54,placa-vella,297,205,92,31
2026-09-29T05:42:00Z,2026-09-29T07:42:00+02:00,55,ajuntament-mercat,237,171,66,27.8
2026-09-29T05:43:00Z,2026-09-29T07:43:00+02:00,53,dr-robert,407,271,136,33.4
2026-09-29T05:43:00Z,2026-09-29T07:43:00+02:00,54,placa-vella,297,205,92,31
2026-09-29T05:43:00Z,2026-09-29T07:43:00+02:00,55,ajuntament-mercat,237,171,66,27.8
2026-09-29T05:44:00Z,2026-09-29T07:44:00+02:00,53,dr-robert,407,271,136,33.4
2026-09-29T05:44:00Z,2026-09-29T07:44:00+02:00,54,placa-vella,297,205,92,31
2026-09-29T05:44:00Z,2026-09-29T07:44:00+02:00,55,ajuntament-mercat,237,171,66,27.8
2026-09-29T05:45:00Z,2026-09-29T07:45:00+02:00,53,dr-robert,407,268,139,34.2
2026-09-29T05:45:00Z,2026-09-29T07:45:00+02:00,54,placa-vella,297,204,93,31.3
2026-09-29T05:45:00Z,2026-09-29T07:45:00+02:00,55,ajuntament-mercat,237,162,75,31.6
2026-09-29T05:46:00Z,2026-09-29T07:46:00+02:00,53,dr-robert,407,268,139,34.2
2026-09-29T05:46:00Z,2026-09-29T07:46:00+02:00,54,placa-vella,297,204,93,31.3
2026-09-29T05:46:00Z,2026-09-29T07:46:00+02:00,55,ajuntament-mercat,237,162,75,31.6
2026-09-29T05:47:00Z,2026-09-29T07:47:00+02:00,53,dr-robert,407,268,139,34.2
2026-09-29T05:47:00Z,2026-09-29T07:47:00+02:00,54,placa-vella,297,204,93,31.3
2026-09-29T05:47:00Z,2026-09-29T07:47:00+02:00,55,ajuntament-mercat,237,162,75,31.6
2026-09-29T05:48:00Z,2026-09-29T07:48:00+02:00,53,dr-robert,407,268,139,34.2
2026-09-29T05:48:00Z,2026-09-29T07:48:00+02:00,54,placa-vella,297,204,93,31.3
2026-09-29T05:48:00Z,2026-09-29T07:48:00+02:00,55,ajuntament-mercat,237,162,75,31.6
2026-09-29T05:49:00Z,2026-09-29T07:49:00+02:00,53,dr-robert,407,268,139,34.2
2026-09-29T05:49:00Z,2026-09-29T07:49:00+02:00,54,placa-vella,297,204,93,31.3
2026-09-29T05:49:00Z,2026-09-29T07:49:00+02:00,55,ajuntament-mercat,237,162,75,31.6
2026-09-29T05:50:00Z,2026-09-29T07:50:00+02:00,53,dr-robert,407,265,142,34.9
2026-09-29T05:50:00Z,2026-09-29T07:50:00+02:00,54,placa-vella,297,203,94,31.6
2026-09-29T05:50:00Z,2026-09-29T07:50:00+02:00,55,ajuntament-mercat,237,161,76,32.1
2026-09-29T05:51:00Z,2026-09-29T07:51:00+02:00,53,dr-robert,407,265,142,34.9
2026-09-29T05:51:00Z,2026-09-29T07:51:00+02:00,54,placa-vella,297,203,94,31.6
2026-09-29T05:51:00Z,2026-09-29T07:51:00+02:00,55,ajuntament-mercat,237,161,76,32.1
2026-09-29T05:52:00Z,2026-09-29T07:52:00+02:00,53,dr-robert,407,265,142,34.9
2026-09-29T05:52:00Z,2026-09-29T07:52:00+02:00,54,placa-vella,297,203,94,31.6
2026-09-29T05:52:00Z,2026-09-29T07:52:00+02:00,55,ajuntament-mercat,237,161,76,32.1
2026-09-29T05:53:00Z,2026-09-29T07:53:00+02:00,53,dr-robert,407,265,142,34.9
2026-09-29T05:53:00Z,2026-09-29T07:53:00+02:00,54,placa-vella,297,203,94,31.6
2026-09-29T05:53:00Z,2026-09-29T07:53:00+02:00,55,ajuntament-mercat,237,161,76,32.1
2026-09-29T05:54:00Z,2026-09-29T07:54:00+02:00,53,dr-robert,407,265,142,34.9
2026-09-29T05:54:00Z,2026-09-29T07:54:00+02:00,54,placa-vella,297,203,94,31.6
2026-09-29T05:54:00Z,2026-09-29T07:54:00+02:00,55,ajuntament-mercat,237,161,76,32.1
2026-09-29T05:55:00Z,2026-09-29T07:55:00+02:00,53,dr-robert,407,257,150,36.9
2026-09-29T05:55:00Z,2026-09-29T07:55:00+02:00,54,placa-vella,297,202,95,32
2026-09-29T05:55:00Z,2026-09-29T07:55:00+02:00,55,ajuntament-mercat,237,154,83,35
2026-09-29T05:56:00Z,2026-09-29T07:56:00+02:00,53,dr-robert,407,257,150,36.9
2026-09-29T05:56:00Z,2026-09-29T07:56:00+02:00,54,placa-vella,297,202,95,32
2026-09-29T05:56:00Z,2026-09-29T07:56:00+02:00,55,ajuntament-mercat,237,154,83,35
2026-09-29T05:57:00Z,2026-09-29T07:57:00+02:00,53,dr-robert,407,257,150,36.9
2026-09-29T05:57:00Z,2026-09-29T07:57:00+02:00,54,placa-vella,297,202,95,32
2026-09-29T05:57:00Z,2026-09-29T07:57:00+02:00,55,ajuntament-mercat,237,154,83,35
2026-09-29T05:58:00Z,2026-09-29T07:58:00+02:00,53,dr-robert,407,257,150,36.9
2026-09-29T05:58:00Z,2026-09-29T07:58:00+02:00,54,placa-vella,297,202,95,32
2026-09-29T05:58:00Z,2026-09-29T07:58:00+02:00,55,ajuntament-mercat,237,154,83,35
2026-09-29T05:59:00Z,2026-09-29T07:59:00+02:00,53,dr-robert,407,257,150,36.9
2026-09-29T05:59:00Z,2026-09-29T07:59:00+02:00,54,placa-vella,297,202,95,32
2026-09-29T05:59:00Z,2026-09-29T07:59:00+02:00,55,ajuntament-mercat,237,154,83,35
2026-09-29T06:00:00Z,2026-09-29T08:00:00+02:00,53,dr-robert,407,257,150,36.9
2026-09-29T06:00:00Z,2026-09-29T08:00:00+02:00,54,placa-vella,297,202,95,32
2026-09-29T06:00:00Z,2026-09-29T08:00:00+02:00,55,ajuntament-mercat,237,154,83,35
2026-09-29T06:01:00Z,2026-09-29T08:01:00+02:00,53,dr-robert,407,257,150,36.9
2026-09-29T06:01:00Z,2026-09-29T08:01:00+02:00,54,placa-vella,297,202,95,32
2026-09-29T06:01:00Z,2026-09-29T08:01:00+02:00,55,ajuntament-mercat,237,154,83,35
2026-09-29T06:02:00Z,2026-09-29T08:02:00+02:00,53,dr-robert,407,257,150,36.9
2026-09-29T06:02:00Z,2026-09-29T08:02:00+02:00,54,placa-vella,297,202,95,32
2026-09-29T06:02:00Z,2026-09-29T08:02:00+02:00,55,ajuntament-mercat,237,154,83,35
2026-09-29T06:03:00Z,2026-09-29T08:03:00+02:00,53,dr-robert,407,236,171,42
2026-09-29T06:03:00Z,2026-09-29T08:03:00+02:00,54,placa-vella,297,189,108,36.4
2026-09-29T06:03:00Z,2026-09-29T08:03:00+02:00,55,ajuntament-mercat,237,150,87,36.7
2026-09-29T06:04:00Z,2026-09-29T08:04:00+02:00,53,dr-robert,407,236,171,42
2026-09-29T06:04:00Z,2026-09-29T08:04:00+02:00,54,placa-vella,297,189,108,36.4
2026-09-29T06:04:00Z,2026-09-29T08:04:00+02:00,55,ajuntament-mercat,237,150,87,36.7
2026-09-29T06:05:00Z,2026-09-29T08:05:00+02:00,53,dr-robert,407,236,171,42
2026-09-29T06:05:00Z,2026-09-29T08:05:00+02:00,54,placa-vella,297,189,108,36.4
2026-09-29T06:05:00Z,2026-09-29T08:05:00+02:00,55,ajuntament-mercat,237,150,87,36.7
2026-09-29T06:06:00Z,2026-09-29T08:06:00+02:00,53,dr-robert,407,236,171,42
2026-09-29T06:06:00Z,2026-09-29T08:06:00+02:00,54,placa-vella,297,189,108,36.4
2026-09-29T06:06:00Z,2026-09-29T08:06:00+02:00,55,ajuntament-mercat,237,150,87,36.7
2026-09-29T06:07:00Z,2026-09-29T08:07:00+02:00,53,dr-robert,407,236,171,42
2026-09-29T06:07:00Z,2026-09-29T08:07:00+02:00,54,placa-vella,297,189,108,36.4
2026-09-29T06:07:00Z,2026-09-29T08:07:00+02:00,55,ajuntament-mercat,237,150,87,36.7
2026-09-29T06:08:00Z,2026-09-29T08:08:00+02:00,53,dr-robert,407,236,171,42
2026-09-29T06:08:00Z,2026-09-29T08:08:00+02:00,54,placa-vella,297,189,108,36.4
2026-09-29T06:08:00Z,2026-09-29T08:08:00+02:00,55,ajuntament-mercat,237,150,87,36.7
2026-09-29T06:09:00Z,2026-09-29T08:09:00+02:00,53,dr-robert,407,224,183,45
2026-09-29T06:09:00Z,2026-09-29T08:09:00+02:00,54,placa-vella,297,173,124,41.8
2026-09-29T06:09:00Z,2026-09-29T08:09:00+02:00,55,ajuntament-mercat,237,147,90,38
2026-09-29T06:10:00Z,2026-09-29T08:10:00+02:00,53,dr-robert,407,218,189,46.4
2026-09-29T06:10:00Z,2026-09-29T08:10:00+02:00,54,placa-vella,297,171,126,42.4
2026-09-29T06:10:00Z,2026-09-29T08:10:00+02:00,55,ajuntament-mercat,237,145,92,38.8
2026-09-29T06:11:00Z,2026-09-29T08:11:00+02:00,53,dr-robert,407,218,189,46.4
2026-09-29T06:11:00Z,2026-09-29T08:11:00+02:00,54,placa-vella,297,171,126,42.4
2026-09-29T06:11:00Z,2026-09-29T08:11:00+02:00,55,ajuntament-mercat,237,145,92,38.8
2026-09-29T06:12:00Z,2026-09-29T08:12:00+02:00,53,dr-robert,407,218,189,46.4
2026-09-29T06:12:00Z,2026-09-29T08:12:00+02:00,54,placa-vella,297,171,126,42.4
2026-09-29T06:12:00Z,2026-09-29T08:12:00+02:00,55,ajuntament-mercat,237,145,92,38.8
2026-09-29T06:13:00Z,2026-09-29T08:13:00+02:00,53,dr-robert,407,218,189,46.4
2026-09-29T06:13:00Z,2026-09-29T08:13:00+02:00,54,placa-vella,297,171,126,42.4
2026-09-29T06:13:00Z,2026-09-29T08:13:00+02:00,55,ajuntament-mercat,237,145,92,38.8
2026-09-29T06:14:00Z,2026-09-29T08:14:00+02:00,53,dr-robert,407,218,189,46.4
2026-09-29T06:14:00Z,2026-09-29T08:14:00+02:00,54,placa-vella,297,171,126,42.4
2026-09-29T06:14:00Z,2026-09-29T08:14:00+02:00,55,ajuntament-mercat,237,145,92,38.8
2026-09-29T06:15:00Z,2026-09-29T08:15:00+02:00,53,dr-robert,407,199,208,51.1
2026-09-29T06:15:00Z,2026-09-29T08:15:00+02:00,54,placa-vella,297,162,135,45.5
2026-09-29T06:15:00Z,2026-09-29T08:15:00+02:00,55,ajuntament-mercat,237,137,100,42.2
2026-09-29T06:16:00Z,2026-09-29T08:16:00+02:00,53,dr-robert,407,199,208,51.1
2026-09-29T06:16:00Z,2026-09-29T08:16:00+02:00,54,placa-vella,297,162,135,45.5
2026-09-29T06:16:00Z,2026-09-29T08:16:00+02:00,55,ajuntament-mercat,237,137,100,42.2
2026-09-29T06:17:00Z,2026-09-29T08:17:00+02:00,53,dr-robert,407,199,208,51.1
2026-09-29T06:17:00Z,2026-09-29T08:17:00+02:00,54,placa-vella,297,162,135,45.5
2026-09-29T06:17:00Z,2026-09-29T08:17:00+02:00,55,ajuntament-mercat,237,137,100,42.2
2026-09-29T06:18:00Z,2026-09-29T08:18:00+02:00,53,dr-robert,407,199,208,51.1
2026-09-29T06:18:00Z,2026-09-29T08:18:00+02:00,54,placa-vella,297,162,135,45.5
2026-09-29T06:18:00Z,2026-09-29T08:18:00+02:00,55,ajuntament-mercat,237,137,100,42.2
2026-09-29T06:19:00Z,2026-09-29T08:19:00+02:00,53,dr-robert,407,199,208,51.1
2026-09-29T06:19:00Z,2026-09-29T08:19:00+02:00,54,placa-vella,297,162,135,45.5
2026-09-29T06:19:00Z,2026-09-29T08:19:00+02:00,55,ajuntament-mercat,237,137,100,42.2
2026-09-29T06:20:00Z,2026-09-29T08:20:00+02:00,53,dr-robert,407,183,224,55
2026-09-29T06:20:00Z,2026-09-29T08:20:00+02:00,54,placa-vella,297,161,136,45.8
2026-09-29T06:20:00Z,2026-09-29T08:20:00+02:00,55,ajuntament-mercat,237,131,106,44.7
2026-09-29T06:21:00Z,2026-09-29T08:21:00+02:00,53,dr-robert,407,183,224,55
2026-09-29T06:21:00Z,2026-09-29T08:21:00+02:00,54,placa-vella,297,161,136,45.8
2026-09-29T06:21:00Z,2026-09-29T08:21:00+02:00,55,ajuntament-mercat,237,131,106,44.7
2026-09-29T06:22:00Z,2026-09-29T08:22:00+02:00,53,dr-robert,407,183,224,55
2026-09-29T06:22:00Z,2026-09-29T08:22:00+02:00,54,placa-vella,297,161,136,45.8
2026-09-29T06:22:00Z,2026-09-29T08:22:00+02:00,55,ajuntament-mercat,237,131,106,44.7
2026-09-29T06:23:00Z,2026-09-29T08:23:00+02:00,53,dr-robert,407,183,224,55
2026-09-29T06:23:00Z,2026-09-29T08:23:00+02:00,54,placa-vella,297,161,136,45.8
2026-09-29T06:23:00Z,2026-09-29T08:23:00+02:00,55,ajuntament-mercat,237,131,106,44.7
2026-09-29T06:24:00Z,2026-09-29T08:24:00+02:00,53,dr-robert,407,183,224,55
2026-09-29T06:24:00Z,2026-09-29T08:24:00+02:00,54,placa-vella,297,161,136,45.8
2026-09-29T06:24:00Z,2026-09-29T08:24:00+02:00,55,ajuntament-mercat,237,131,106,44.7
2026-09-29T06:25:00Z,2026-09-29T08:25:00+02:00,53,dr-robert,407,170,237,58.2
2026-09-29T06:25:00Z,2026-09-29T08:25:00+02:00,54,placa-vella,297,161,136,45.8
2026-09-29T06:25:00Z,2026-09-29T08:25:00+02:00,55,ajuntament-mercat,237,129,108,45.6
2026-09-29T06:26:00Z,2026-09-29T08:26:00+02:00,53,dr-robert,407,170,237,58.2
2026-09-29T06:26:00Z,2026-09-29T08:26:00+02:00,54,placa-vella,297,161,136,45.8
2026-09-29T06:26:00Z,2026-09-29T08:26:00+02:00,55,ajuntament-mercat,237,129,108,45.6
2026-09-29T06:27:00Z,2026-09-29T08:27:00+02:00,53,dr-robert,407,170,237,58.2
2026-09-29T06:27:00Z,2026-09-29T08:27:00+02:00,54,placa-vella,297,161,136,45.8
2026-09-29T06:27:00Z,2026-09-29T08:27:00+02:00,55,ajuntament-mercat,237,129,108,45.6
2026-09-29T06:28:00Z,2026-09-29T08:28:00+02:00,53,dr-robert,407,170,237,58.2
2026-09-29T06:28:00Z,2026-09-29T08:28:00+02:00,54,placa-vella,297,161,136,45.8
2026-09-29T06:28:00Z,2026-09-29T08:28:00+02:00,55,ajuntament-mercat,237,129,108,45.6
2026-09-29T06:29:00Z,2026-09-29T08:29:00+02:00,53,dr-robert,407,170,237,58.2
2026-09-29T06:29:00Z,2026-09-29T08:29:00+02:00,54,placa-vella,297,161,136,45.8
2026-09-29T06:29:00Z,2026-09-29T08:29:00+02:00,55,ajuntament-mercat,237,129,108,45.6
2026-09-29T06:30:00Z,2026-09-29T08:30:00+02:00,53,dr-robert,407,159,248,60.9
2026-09-29T06:30:00Z,2026-09-29T08:30:00+02:00,54,placa-vella,297,157,140,47.1
2026-09-29T06:30:00Z,2026-09-29T08:30:00+02:00,55,ajuntament-mercat,237,129,108,45.6
2026-09-29T06:31:00Z,2026-09-29T08:31:00+02:00,53,dr-robert,407,159,248,60.9
2026-09-29T06:31:00Z,2026-09-29T08:31:00+02:00,54,placa-vella,297,157,140,47.1
2026-09-29T06:31:00Z,2026-09-29T08:31:00+02:00,55,ajuntament-mercat,237,129,108,45.6
2026-09-29T06:32:00Z,2026-09-29T08:32:00+02:00,53,dr-robert,407,159,248,60.9
2026-09-29T06:32:00Z,2026-09-29T08:32:00+02:00,54,placa-vella,297,157,140,47.1
2026-09-29T06:32:00Z,2026-09-29T08:32:00+02:00,55,ajuntament-mercat,237,129,108,45.6
2026-09-29T06:33:00Z,2026-09-29T08:33:00+02:00,53,dr-robert,407,159,248,60.9
2026-09-29T06:33:00Z,2026-09-29T08:33:00+02:00,54,placa-vella,297,157,140,47.1
2026-09-29T06:33:00Z,2026-09-29T08:33:00+02:00,55,ajuntament-mercat,237,129,108,45.6
2026-09-29T06:34:00Z,2026-09-29T08:34:00+02:00,53,dr-robert,407,159,248,60.9
2026-09-29T06:34:00Z,2026-09-29T08:34:00+02:00,54,placa-vella,297,157,140,47.1
2026-09-29T06:34:00Z,2026-09-29T08:34:00+02:00,55,ajuntament-mercat,237,129,108,45.6
2026-09-29T06:35:00Z,2026-09-29T08:35:00+02:00,53,dr-robert,407,148,259,63.6
2026-09-29T06:35:00Z,2026-09-29T08:35:00+02:00,54,placa-vella,297,157,140,47.1
2026-09-29T06:35:00Z,2026-09-29T08:35:00+02:00,55,ajuntament-mercat,237,128,109,46
2026-09-29T06:36:00Z,2026-09-29T08:36:00+02:00,53,dr-robert,407,148,259,63.6
2026-09-29T06:36:00Z,2026-09-29T08:36:00+02:00,54,placa-vella,297,157,140,47.1
2026-09-29T06:36:00Z,2026-09-29T08:36:00+02:00,55,ajuntament-mercat,237,128,109,46
2026-09-29T06:37:00Z,2026-09-29T08:37:00+02:00,53,dr-robert,407,148,259,63.6
2026-09-29T06:37:00Z,2026-09-29T08:37:00+02:00,54,placa-vella,297,157,140,47.1
2026-09-29T06:37:00Z,2026-09-29T08:37:00+02:00,55,ajuntament-mercat,237,128,109,46
2026-09-29T06:38:00Z,2026-09-29T08:38:00+02:00,53,dr-robert,407,148,259,63.6
2026-09-29T06:38:00Z,2026-09-29T08:38:00+02:00,54,placa-vella,297,157,140,47.1
2026-09-29T06:38:00Z,2026-09-29T08:38:00+02:00,55,ajuntament-mercat,237,128,109,46
2026-09-29T06:39:00Z,2026-09-29T08:39:00+02:00,53,dr-robert,407,148,259,63.6
2026-09-29T06:39:00Z,2026-09-29T08:39:00+02:00,54,placa-vella,297,157,140,47.1
2026-09-29T06:39:00Z,2026-09-29T08:39:00+02:00,55,ajuntament-mercat,237,128,109,46
2026-09-29T06:40:00Z,2026-09-29T08:40:00+02:00,53,dr-robert,407,131,276,67.8
2026-09-29T06:40:00Z,2026-09-29T08:40:00+02:00,54,placa-vella,297,155,142,47.8
2026-09-29T06:40:00Z,2026-09-29T08:40:00+02:00,55,ajuntament-mercat,237,121,116,48.9
2026-09-29T06:41:00Z,2026-09-29T08:41:00+02:00,53,dr-robert,407,131,276,67.8
2026-09-29T06:41:00Z,2026-09-29T08:41:00+02:00,54,placa-vella,297,155,142,47.8
2026-09-29T06:41:00Z,2026-09-29T08:41:00+02:00,55,ajuntament-mercat,237,121,116,48.9
2026-09-29T06:42:00Z,2026-09-29T08:42:00+02:00,53,dr-robert,407,131,276,67.8
2026-09-29T06:42:00Z,2026-09-29T08:42:00+02:00,54,placa-vella,297,155,142,47.8
2026-09-29T06:42:00Z,2026-09-29T08:42:00+02:00,55,ajuntament-mercat,237,121,116,48.9
2026-09-29T06:43:00Z,2026-09-29T08:43:00+02:00,53,dr-robert,407,131,276,67.8
2026-09-29T06:43:00Z,2026-09-29T08:43:00+02:00,54,placa-vella,297,155,142,47.8
2026-09-29T06:43:00Z,2026-09-29T08:43:00+02:00,55,ajuntament-mercat,237,121,116,48.9
2026-09-29T06:44:00Z,2026-09-29T08:44:00+02:00,53,dr-robert,407,131,276,67.8
2026-09-29T06:44:00Z,2026-09-29T08:44:00+02:00,54,placa-vella,297,155,142,47.8
2026-09-29T06:44:00Z,2026-09-29T08:44:00+02:00,55,ajuntament-mercat,237,121,116,48.9
2026-09-29T06:45:00Z,2026-09-29T08:45:00+02:00,53,dr-robert,407,116,291,71.5
2026-09-29T06:45:00Z,2026-09-29T08:45:00+02:00,54,placa-vella,297,143,154,51.9
2026-09-29T06:45:00Z,2026-09-29T08:45:00+02:00,55,ajuntament-mercat,237,115,122,51.5
2026-09-29T06:46:00Z,2026-09-29T08:46:00+02:00,53,dr-robert,407,116,291,71.5
2026-09-29T06:46:00Z,2026-09-29T08:46:00+02:00,54,placa-vella,297,143,154,51.9
2026-09-29T06:46:00Z,2026-09-29T08:46:00+02:00,55,ajuntament-mercat,237,115,122,51.5
2026-09-29T06:47:00Z,2026-09-29T08:47:00+02:00,53,dr-robert,407,116,291,71.5
2026-09-29T06:47:00Z,2026-09-29T08:47:00+02:00,54,placa-vella,297,143,154,51.9
2026-09-29T06:47:00Z,2026-09-29T08:47:00+02:00,55,ajuntament-mercat,237,115,122,51.5
2026-09-29T06:48:00Z,2026-09-29T08:48:00+02:00,53,dr-robert,407,116,291,71.5
2026-09-29T06:48:00Z,2026-09-29T08:48:00+02:00,54,placa-vella,297,143,154,51.9
2026-09-29T06:48:00Z,2026-09-29T08:48:00+02:00,55,ajuntament-mercat,237,115,122,51.5
2026-09-29T06:49:00Z,2026-09-29T08:49:00+02:00,53,dr-robert,407,116,291,71.5
2026-09-29T06:49:00Z,2026-09-29T08:49:00+02:00,54,placa-vella,297,143,154,51.9
2026-09-29T06:49:00Z,2026-09-29T08:49:00+02:00,55,ajuntament-mercat,237,115,122,51.5
2026-09-29T06:50:00Z,2026-09-29T08:50:00+02:00,53,dr-robert,407,109,298,73.2
2026-09-29T06:50:00Z,2026-09-29T08:50:00+02:00,54,placa-vella,297,142,155,52.2
2026-09-29T06:50:00Z,2026-09-29T08:50:00+02:00,55,ajuntament-mercat,237,109,128,54
2026-09-29T06:51:00Z,2026-09-29T08:51:00+02:00,53,dr-robert,407,109,298,73.2
2026-09-29T06:51:00Z,2026-09-29T08:51:00+02:00,54,placa-vella,297,142,155,52.2
2026-09-29T06:51:00Z,2026-09-29T08:51:00+02:00,55,ajuntament-mercat,237,109,128,54
2026-09-29T06:52:00Z,2026-09-29T08:52:00+02:00,53,dr-robert,407,109,298,73.2
2026-09-29T06:52:00Z,2026-09-29T08:52:00+02:00,54,placa-vella,297,142,155,52.2
2026-09-29T06:52:00Z,2026-09-29T08:52:00+02:00,55,ajuntament-mercat,237,109,128,54
2026-09-29T06:53:00Z,2026-09-29T08:53:00+02:00,53,dr-robert,407,109,298,73.2
2026-09-29T06:53:00Z,2026-09-29T08:53:00+02:00,54,placa-vella,297,142,155,52.2
2026-09-29T06:53:00Z,2026-09-29T08:53:00+02:00,55,ajuntament-mercat,237,109,128,54
2026-09-29T06:54:00Z,2026-09-29T08:54:00+02:00,53,dr-robert,407,109,298,73.2
2026-09-29T06:54:00Z,2026-09-29T08:54:00+02:00,54,placa-vella,297,142,155,52.2
2026-09-29T06:54:00Z,2026-09-29T08:54:00+02:00,55,ajuntament-mercat,237,109,128,54
2026-09-29T06:55:00Z,2026-09-29T08:55:00+02:00,53,dr-robert,407,109,298,73.2
2026-09-29T06:55:00Z,2026-09-29T08:55:00+02:00,54,placa-vella,297,142,155,52.2
2026-09-29T06:55:00Z,2026-09-29T08:55:00+02:00,55,ajuntament-mercat,237,109,128,54
2026-09-29T06:56:00Z,2026-09-29T08:56:00+02:00,53,dr-robert,407,109,298,73.2
2026-09-29T06:56:00Z,2026-09-29T08:56:00+02:00,54,placa-vella,297,142,155,52.2
2026-09-29T06:56:00Z,2026-09-29T08:56:00+02:00,55,ajuntament-mercat,237,109,128,54
2026-09-29T06:57:00Z,2026-09-29T08:57:00+02:00,53,dr-robert,407,89,318,78.1
2026-09-29T06:57:00Z,2026-09-29T08:57:00+02:00,54,placa-vella,297,136,161,54.2
2026-09-29T06:57:00Z,2026-09-29T08:57:00+02:00,55,ajuntament-mercat,237,103,134,56.5
2026-09-29T06:58:00Z,2026-09-29T08:58:00+02:00,53,dr-robert,407,89,318,78.1
2026-09-29T06:58:00Z,2026-09-29T08:58:00+02:00,54,placa-vella,297,136,161,54.2
2026-09-29T06:58:00Z,2026-09-29T08:58:00+02:00,55,ajuntament-mercat,237,103,134,56.5
2026-09-29T06:59:00Z,2026-09-29T08:59:00+02:00,53,dr-robert,407,89,318,78.1
2026-09-29T06:59:00Z,2026-09-29T08:59:00+02:00,54,placa-vella,297,136,161,54.2
2026-09-29T06:59:00Z,2026-09-29T08:59:00+02:00,55,ajuntament-mercat,237,103,134,56.5
2026-09-29T07:00:00Z,2026-09-29T09:00:00+02:00,53,dr-robert,407,89,318,78.1
2026-09-29T07:00:00Z,2026-09-29T09:00:00+02:00,54,placa-vella,297,136,161,54.2
2026-09-29T07:00:00Z,2026-09-29T09:00:00+02:00,55,ajuntament-mercat,237,103,134,56.5
2026-09-29T07:01:00Z,2026-09-29T09:01:00+02:00,53,dr-robert,407,89,318,78.1
2026-09-29T07:01:00Z,2026-09-29T09:01:00+02:00,54,placa-vella,297,136,161,54.2
2026-09-29T07:01:00Z,2026-09-29T09:01:00+02:00,55,ajuntament-mercat,237,103,134,56.5
2026-09-29T07:02:00Z,2026-09-29T09:02:00+02:00,53,dr-robert,407,91,316,77.6
2026-09-29T07:02:00Z,2026-09-29T09:02:00+02:00,54,placa-vella,297,125,172,57.9
2026-09-29T07:02:00Z,2026-09-29T09:02:00+02:00,55,ajuntament-mercat,237,99,138,58.2
2026-09-29T07:03:00Z,2026-09-29T09:03:00+02:00,53,dr-robert,407,91,316,77.6
2026-09-29T07:03:00Z,2026-09-29T09:03:00+02:00,54,placa-vella,297,125,172,57.9
2026-09-29T07:03:00Z,2026-09-29T09:03:00+02:00,55,ajuntament-mercat,237,99,138,58.2
2026-09-29T07:04:00Z,2026-09-29T09:04:00+02:00,53,dr-robert,407,91,316,77.6
2026-09-29T07:04:00Z,2026-09-29T09:04:00+02:00,54,placa-vella,297,125,172,57.9
2026-09-29T07:04:00Z,2026-09-29T09:04:00+02:00,55,ajuntament-mercat,237,99,138,58.2
2026-09-29T07:05:00Z,2026-09-29T09:05:00+02:00,53,dr-robert,407,90,317,77.9
2026-09-29T07:05:00Z,2026-09-29T09:05:00+02:00,54,placa-vella,297,122,175,58.9
2026-09-29T07:05:00Z,2026-09-29T09:05:00+02:00,55,ajuntament-mercat,237,95,142,59.9
2026-09-29T07:06:00Z,2026-09-29T09:06:00+02:00,53,dr-robert,407,90,317,77.9
2026-09-29T07:06:00Z,2026-09-29T09:06:00+02:00,54,placa-vella,297,122,175,58.9
2026-09-29T07:06:00Z,2026-09-29T09:06:00+02:00,55,ajuntament-mercat,237,95,142,59.9
2026-09-29T07:07:00Z,2026-09-29T09:07:00+02:00,53,dr-robert,407,90,317,77.9
2026-09-29T07:07:00Z,2026-09-29T09:07:00+02:00,54,placa-vella,297,122,175,58.9
2026-09-29T07:07:00Z,2026-09-29T09:07:00+02:00,55,ajuntament-mercat,237,95,142,59.9
2026-09-29T07:08:00Z,2026-09-29T09:08:00+02:00,53,dr-robert,407,90,317,77.9
2026-09-29T07:08:00Z,2026-09-29T09:08:00+02:00,54,placa-vella,297,122,175,58.9
2026-09-29T07:08:00Z,2026-09-29T09:08:00+02:00,55,ajuntament-mercat,237,95,142,59.9
2026-09-29T07:09:00Z,2026-09-29T09:09:00+02:00,53,dr-robert,407,90,317,77.9
2026-09-29T07:09:00Z,2026-09-29T09:09:00+02:00,54,placa-vella,297,122,175,58.9
2026-09-29T07:09:00Z,2026-09-29T09:09:00+02:00,55,ajuntament-mercat,237,95,142,59.9
2026-09-29T07:10:00Z,2026-09-29T09:10:00+02:00,53,dr-robert,407,87,320,78.6
2026-09-29T07:10:00Z,2026-09-29T09:10:00+02:00,54,placa-vella,297,114,183,61.6
2026-09-29T07:10:00Z,2026-09-29T09:10:00+02:00,55,ajuntament-mercat,237,89,148,62.4
2026-09-29T07:11:00Z,2026-09-29T09:11:00+02:00,53,dr-robert,407,87,320,78.6
2026-09-29T07:11:00Z,2026-09-29T09:11:00+02:00,54,placa-vella,297,114,183,61.6
2026-09-29T07:11:00Z,2026-09-29T09:11:00+02:00,55,ajuntament-mercat,237,89,148,62.4
2026-09-29T07:12:00Z,2026-09-29T09:12:00+02:00,53,dr-robert,407,87,320,78.6
2026-09-29T07:12:00Z,2026-09-29T09:12:00+02:00,54,placa-vella,297,114,183,61.6
2026-09-29T07:12:00Z,2026-09-29T09:12:00+02:00,55,ajuntament-mercat,237,89,148,62.4
2026-09-29T07:13:00Z,2026-09-29T09:13:00+02:00,53,dr-robert,407,87,320,78.6
2026-09-29T07:13:00Z,2026-09-29T09:13:00+02:00,54,placa-vella,297,114,183,61.6
2026-09-29T07:13:00Z,2026-09-29T09:13:00+02:00,55,ajuntament-mercat,237,89,148,62.4
2026-09-29T07:14:00Z,2026-09-29T09:14:00+02:00,53,dr-robert,407,87,320,78.6
2026-09-29T07:14:00Z,2026-09-29T09:14:00+02:00,54,placa-vella,297,114,183,61.6
2026-09-29T07:14:00Z,2026-09-29T09:14:00+02:00,55,ajuntament-mercat,237,89,148,62.4
2026-09-29T07:15:00Z,2026-09-29T09:15:00+02:00,53,dr-robert,407,87,320,78.6
2026-09-29T07:15:00Z,2026-09-29T09:15:00+02:00,54,placa-vella,297,114,183,61.6
2026-09-29T07:15:00Z,2026-09-29T09:15:00+02:00,55,ajuntament-mercat,237,89,148,62.4
2026-09-29T07:16:00Z,2026-09-29T09:16:00+02:00,53,dr-robert,407,81,326,80.1
2026-09-29T07:16:00Z,2026-09-29T09:16:00+02:00,54,placa-vella,297,109,188,63.3
2026-09-29T07:16:00Z,2026-09-29T09:16:00+02:00,55,ajuntament-mercat,237,86,151,63.7
2026-09-29T07:17:00Z,2026-09-29T09:17:00+02:00,53,dr-robert,407,81,326,80.1
2026-09-29T07:17:00Z,2026-09-29T09:17:00+02:00,54,placa-vella,297,109,188,63.3
2026-09-29T07:17:00Z,2026-09-29T09:17:00+02:00,55,ajuntament-mercat,237,86,151,63.7
2026-09-29T07:18:00Z,2026-09-29T09:18:00+02:00,53,dr-robert,407,81,326,80.1
2026-09-29T07:18:00Z,2026-09-29T09:18:00+02:00,54,placa-vella,297,109,188,63.3
2026-09-29T07:18:00Z,2026-09-29T09:18:00+02:00,55,ajuntament-mercat,237,86,151,63.7
2026-09-29T07:19:00Z,2026-09-29T09:19:00+02:00,53,dr-robert,407,81,326,80.1
2026-09-29T07:19:00Z,2026-09-29T09:19:00+02:00,54,placa-vella,297,109,188,63.3
2026-09-29T07:19:00Z,2026-09-29T09:19:00+02:00,55,ajuntament-mercat,237,86,151,63.7
2026-09-29T07:20:00Z,2026-09-29T09:20:00+02:00,53,dr-robert,407,79,328,80.6
2026-09-29T07:20:00Z,2026-09-29T09:20:00+02:00,54,placa-vella,297,109,188,63.3
2026-09-29T07:20:00Z,2026-09-29T09:20:00+02:00,55,ajuntament-mercat,237,84,153,64.6
2026-09-29T07:21:00Z,2026-09-29T09:21:00+02:00,53,dr-robert,407,79,328,80.6
2026-09-29T07:21:00Z,2026-09-29T09:21:00+02:00,54,placa-vella,297,109,188,63.3
2026-09-29T07:21:00Z,2026-09-29T09:21:00+02:00,55,ajuntament-mercat,237,84,153,64.6
2026-09-29T07:22:00Z,2026-09-29T09:22:00+02:00,53,dr-robert,407,79,328,80.6
2026-09-29T07:22:00Z,2026-09-29T09:22:00+02:00,54,placa-vella,297,109,188,63.3
2026-09-29T07:22:00Z,2026-09-29T09:22:00+02:00,55,ajuntament-mercat,237,84,153,64.6
2026-09-29T07:23:00Z,2026-09-29T09:23:00+02:00,53,dr-robert,407,79,328,80.6
2026-09-29T07:23:00Z,2026-09-29T09:23:00+02:00,54,placa-vella,297,109,188,63.3
2026-09-29T07:23:00Z,2026-09-29T09:23:00+02:00,55,ajuntament-mercat,237,84,153,64.6
2026-09-29T07:24:00Z,2026-09-29T09:24:00+02:00,53,dr-robert,407,79,328,80.6
2026-09-29T07:24:00Z,2026-09-29T09:24:00+02:00,54,placa-vella,297,109,188,63.3
2026-09-29T07:24:00Z,2026-09-29T09:24:00+02:00,55,ajuntament-mercat,237,84,153,64.6
2026-09-29T07:25:00Z,2026-09-29T09:25:00+02:00,53,dr-robert,407,73,334,82.1
2026-09-29T07:25:00Z,2026-09-29T09:25:00+02:00,54,placa-vella,297,105,192,64.6
2026-09-29T07:25:00Z,2026-09-29T09:25:00+02:00,55,ajuntament-mercat,237,78,159,67.1
2026-09-29T07:26:00Z,2026-09-29T09:26:00+02:00,53,dr-robert,407,73,334,82.1
2026-09-29T07:26:00Z,2026-09-29T09:26:00+02:00,54,placa-vella,297,105,192,64.6
2026-09-29T07:26:00Z,2026-09-29T09:26:00+02:00,55,ajuntament-mercat,237,78,159,67.1
2026-09-29T07:27:00Z,2026-09-29T09:27:00+02:00,53,dr-robert,407,73,334,82.1
2026-09-29T07:27:00Z,2026-09-29T09:27:00+02:00,54,placa-vella,297,105,192,64.6
2026-09-29T07:27:00Z,2026-09-29T09:27:00+02:00,55,ajuntament-mercat,237,78,159,67.1
2026-09-29T07:28:00Z,2026-09-29T09:28:00+02:00,53,dr-robert,407,73,334,82.1
2026-09-29T07:28:00Z,2026-09-29T09:28:00+02:00,54,placa-vella,297,105,192,64.6
2026-09-29T07:28:00Z,2026-09-29T09:28:00+02:00,55,ajuntament-mercat,237,78,159,67.1
2026-09-29T07:29:00Z,2026-09-29T09:29:00+02:00,53,dr-robert,407,73,334,82.1
2026-09-29T07:29:00Z,2026-09-29T09:29:00+02:00,54,placa-vella,297,105,192,64.6
2026-09-29T07:29:00Z,2026-09-29T09:29:00+02:00,55,ajuntament-mercat,237,78,159,67.1
2026-09-29T07:30:00Z,2026-09-29T09:30:00+02:00,53,dr-robert,407,56,351,86.2
2026-09-29T07:30:00Z,2026-09-29T09:30:00+02:00,54,placa-vella,297,92,205,69
2026-09-29T07:30:00Z,2026-09-29T09:30:00+02:00,55,ajuntament-mercat,237,71,166,70
2026-09-29T07:31:00Z,2026-09-29T09:31:00+02:00,53,dr-robert,407,56,351,86.2
2026-09-29T07:31:00Z,2026-09-29T09:31:00+02:00,54,placa-vella,297,92,205,69
2026-09-29T07:31:00Z,2026-09-29T09:31:00+02:00,55,ajuntament-mercat,237,71,166,70
2026-09-29T07:32:00Z,2026-09-29T09:32:00+02:00,53,dr-robert,407,56,351,86.2
2026-09-29T07:32:00Z,2026-09-29T09:32:00+02:00,54,placa-vella,297,92,205,69
2026-09-29T07:32:00Z,2026-09-29T09:32:00+02:00,55,ajuntament-mercat,237,71,166,70
2026-09-29T07:33:00Z,2026-09-29T09:33:00+02:00,53,dr-robert,407,56,351,86.2
2026-09-29T07:33:00Z,2026-09-29T09:33:00+02:00,54,placa-vella,297,92,205,69
2026-09-29T07:33:00Z,2026-09-29T09:33:00+02:00,55,ajuntament-mercat,237,71,166,70
2026-09-29T07:34:00Z,2026-09-29T09:34:00+02:00,53,dr-robert,407,56,351,86.2
2026-09-29T07:34:00Z,2026-09-29T09:34:00+02:00,54,placa-vella,297,92,205,69
2026-09-29T07:34:00Z,2026-09-29T09:34:00+02:00,55,ajuntament-mercat,237,71,166,70
2026-09-29T07:35:00Z,2026-09-29T09:35:00+02:00,53,dr-robert,407,50,357,87.7
2026-09-29T07:35:00Z,2026-09-29T09:35:00+02:00,54,placa-vella,297,89,208,70
2026-09-29T07:35:00Z,2026-09-29T09:35:00+02:00,55,ajuntament-mercat,237,65,172,72.6
2026-09-29T07:36:00Z,2026-09-29T09:36:00+02:00,53,dr-robert,407,50,357,87.7
2026-09-29T07:36:00Z,2026-09-29T09:36:00+02:00,54,placa-vella,297,89,208,70
2026-09-29T07:36:00Z,2026-09-29T09:36:00+02:00,55,ajuntament-mercat,237,65,172,72.6
2026-09-29T07:37:00Z,2026-09-29T09:37:00+02:00,53,dr-robert,407,50,357,87.7
2026-09-29T07:37:00Z,2026-09-29T09:37:00+02:00,54,placa-vella,297,89,208,70
2026-09-29T07:37:00Z,2026-09-29T09:37:00+02:00,55,ajuntament-mercat,237,65,172,72.6
2026-09-29T07:38:00Z,2026-09-29T09:38:00+02:00,53,dr-robert,407,50,357,87.7
2026-09-29T07:38:00Z,2026-09-29T09:38:00+02:00,54,placa-vella,297,89,208,70
2026-09-29T07:38:00Z,2026-09-29T09:38:00+02:00,55,ajuntament-mercat,237,65,172,72.6
2026-09-29T07:39:00Z,2026-09-29T09:39:00+02:00,53,dr-robert,407,50,357,87.7
2026-09-29T07:39:00Z,2026-09-29T09:39:00+02:00,54,placa-vella,297,89,208,70
2026-09-29T07:39:00Z,2026-09-29T09:39:00+02:00,55,ajuntament-mercat,237,65,172,72.6
2026-09-29T07:40:00Z,2026-09-29T09:40:00+02:00,53,dr-robert,407,44,363,89.2
2026-09-29T07:40:00Z,2026-09-29T09:40:00+02:00,54,placa-vella,297,89,208,70
2026-09-29T07:40:00Z,2026-09-29T09:40:00+02:00,55,ajuntament-mercat,237,64,173,73
2026-09-29T07:41:00Z,2026-09-29T09:41:00+02:00,53,dr-robert,407,44,363,89.2
2026-09-29T07:41:00Z,2026-09-29T09:41:00+02:00,54,placa-vella,297,89,208,70
2026-09-29T07:41:00Z,2026-09-29T09:41:00+02:00,55,ajuntament-mercat,237,64,173,73
2026-09-29T07:42:00Z,2026-09-29T09:42:00+02:00,53,dr-robert,407,44,363,89.2
2026-09-29T07:42:00Z,2026-09-29T09:42:00+02:00,54,placa-vella,297,89,208,70
2026-09-29T07:42:00Z,2026-09-29T09:42:00+02:00,55,ajuntament-mercat,237,64,173,73
2026-09-29T07:43:00Z,2026-09-29T09:43:00+02:00,53,dr-robert,407,44,363,89.2
2026-09-29T07:43:00Z,2026-09-29T09:43:00+02:00,54,placa-vella,297,89,208,70
2026-09-29T07:43:00Z,2026-09-29T09:43:00+02:00,55,ajuntament-mercat,237,64,173,73
2026-09-29T07:44:00Z,2026-09-29T09:44:00+02:00,53,dr-robert,407,44,363,89.2
2026-09-29T07:44:00Z,2026-09-29T09:44:00+02:00,54,placa-vella,297,89,208,70
2026-09-29T07:44:00Z,2026-09-29T09:44:00+02:00,55,ajuntament-mercat,237,64,173,73
2026-09-29T07:45:00Z,2026-09-29T09:45:00+02:00,53,dr-robert,407,37,370,90.9
2026-09-29T07:45:00Z,2026-09-29T09:45:00+02:00,54,placa-vella,297,85,212,71.4
2026-09-29T07:45:00Z,2026-09-29T09:45:00+02:00,55,ajuntament-mercat,237,61,176,74.3
2026-09-29T07:46:00Z,2026-09-29T09:46:00+02:00,53,dr-robert,407,37,370,90.9
2026-09-29T07:46:00Z,2026-09-29T09:46:00+02:00,54,placa-vella,297,85,212,71.4
2026-09-29T07:46:00Z,2026-09-29T09:46:00+02:00,55,ajuntament-mercat,237,61,176,74.3
2026-09-29T07:47:00Z,2026-09-29T09:47:00+02:00,53,dr-robert,407,37,370,90.9
2026-09-29T07:47:00Z,2026-09-29T09:47:00+02:00,54,placa-vella,297,85,212,71.4
2026-09-29T07:47:00Z,2026-09-29T09:47:00+02:00,55,ajuntament-mercat,237,61,176,74.3
2026-09-29T07:48:00Z,2026-09-29T09:48:00+02:00,53,dr-robert,407,37,370,90.9
2026-09-29T07:48:00Z,2026-09-29T09:48:00+02:00,54,placa-vella,297,85,212,71.4
2026-09-29T07:48:00Z,2026-09-29T09:48:00+02:00,55,ajuntament-mercat,237,61,176,74.3
2026-09-29T07:49:00Z,2026-09-29T09:49:00+02:00,53,dr-robert,407,37,370,90.9
2026-09-29T07:49:00Z,2026-09-29T09:49:00+02:00,54,placa-vella,297,85,212,71.4
2026-09-29T07:49:00Z,2026-09-29T09:49:00+02:00,55,ajuntament-mercat,237,61,176,74.3
2026-09-29T07:50:00Z,2026-09-29T09:50:00+02:00,53,dr-robert,407,27,380,93.4
2026-09-29T07:50:00Z,2026-09-29T09:50:00+02:00,54,placa-vella,297,82,215,72.4
2026-09-29T07:50:00Z,2026-09-29T09:50:00+02:00,55,ajuntament-mercat,237,62,175,73.8
2026-09-29T07:51:00Z,2026-09-29T09:51:00+02:00,53,dr-robert,407,27,380,93.4
2026-09-29T07:51:00Z,2026-09-29T09:51:00+02:00,54,placa-vella,297,82,215,72.4
2026-09-29T07:51:00Z,2026-09-29T09:51:00+02:00,55,ajuntament-mercat,237,62,175,73.8
2026-09-29T07:52:00Z,2026-09-29T09:52:00+02:00,53,dr-robert,407,27,380,93.4
2026-09-29T07:52:00Z,2026-09-29T09:52:00+02:00,54,placa-vella,297,82,215,72.4
2026-09-29T07:52:00Z,2026-09-29T09:52:00+02:00,55,ajuntament-mercat,237,62,175,73.8
2026-09-29T07:53:00Z,2026-09-29T09:53:00+02:00,53,dr-robert,407,27,380,93.4
2026-09-29T07:53:00Z,2026-09-29T09:53:00+02:00,54,placa-vella,297,82,215,72.4
2026-09-29T07:53:00Z,2026-09-29T09:53:00+02:00,55,ajuntament-mercat,237,62,175,73.8
2026-09-29T07:54:00Z,2026-09-29T09:54:00+02:00,53,dr-robert,407,27,380,93.4
2026-09-29T07:54:00Z,2026-09-29T09:54:00+02:00,54,placa-vella,297,82,215,72.4
2026-09-29T07:54:00Z,2026-09-29T09:54:00+02:00,55,ajuntament-mercat,237,62,175,73.8
2026-09-29T07:55:00Z,2026-09-29T09:55:00+02:00,53,dr-robert,407,14,393,96.6
2026-09-29T07:55:00Z,2026-09-29T09:55:00+02:00,54,placa-vella,297,79,218,73.4
2026-09-29T07:55:00Z,2026-09-29T09:55:00+02:00,55,ajuntament-mercat,237,63,174,73.4
2026-09-29T07:56:00Z,2026-09-29T09:56:00+02:00,53,dr-robert,407,14,393,96.6
2026-09-29T07:56:00Z,2026-09-29T09:56:00+02:00,54,placa-vella,297,79,218,73.4
2026-09-29T07:56:00Z,2026-09-29T09:56:00+02:00,55,ajuntament-mercat,237,63,174,73.4
2026-09-29T07:57:00Z,2026-09-29T09:57:00+02:00,53,dr-robert,407,14,393,96.6
2026-09-29T07:57:00Z,2026-09-29T09:57:00+02:00,54,placa-vella,297,79,218,73.4
2026-09-29T07:57:00Z,2026-09-29T09:57:00+02:00,55,ajuntament-mercat,237,63,174,73.4
2026-09-29T07:58:00Z,2026-09-29T09:58:00+02:00,53,dr-robert,407,14,393,96.6
2026-09-29T07:58:00Z,2026-09-29T09:58:00+02:00,54,placa-vella,297,79,218,73.4
2026-09-29T07:58:00Z,2026-09-29T09:58:00+02:00,55,ajuntament-mercat,237,63,174,73.4
2026-09-29T07:59:00Z,2026-09-29T09:59:00+02:00,53,dr-robert,407,14,393,96.6
2026-09-29T07:59:00Z,2026-09-29T09:59:00+02:00,54,placa-vella,297,79,218,73.4
2026-09-29T07:59:00Z,2026-09-29T09:59:00+02:00,55,ajuntament-mercat,237,63,174,73.4
2026-09-29T08:00:00Z,2026-09-29T10:00:00+02:00,53,dr-robert,407,14,393,96.6
2026-09-29T08:00:00Z,2026-09-29T10:00:00+02:00,54,placa-vella,297,79,218,73.4
2026-09-29T08:00:00Z,2026-09-29T10:00:00+02:00,55,ajuntament-mercat,237,63,174,73.4
2026-09-29T08:01:00Z,2026-09-29T10:01:00+02:00,53,dr-robert,407,14,393,96.6
2026-09-29T08:01:00Z,2026-09-29T10:01:00+02:00,54,placa-vella,297,79,218,73.4
2026-09-29T08:01:00Z,2026-09-29T10:01:00+02:00,55,ajuntament-mercat,237,63,174,73.4
2026-09-29T08:02:00Z,2026-09-29T10:02:00+02:00,53,dr-robert,407,12,395,97.1
2026-09-29T08:02:00Z,2026-09-29T10:02:00+02:00,54,placa-vella,297,73,224,75.4
2026-09-29T08:03:00Z,2026-09-29T10:03:00+02:00,53,dr-robert,407,12,395,97.1
2026-09-29T08:03:00Z,2026-09-29T10:03:00+02:00,54,placa-vella,297,73,224,75.4
2026-09-29T08:04:00Z,2026-09-29T10:04:00+02:00,53,dr-robert,407,12,395,97.1
2026-09-29T08:04:00Z,2026-09-29T10:04:00+02:00,54,placa-vella,297,73,224,75.4
2026-09-29T08:05:00Z,2026-09-29T10:05:00+02:00,53,dr-robert,407,7,400,98.3
2026-09-29T08:05:00Z,2026-09-29T10:05:00+02:00,54,placa-vella,297,71,226,76.1
2026-09-29T08:05:00Z,2026-09-29T10:05:00+02:00,55,ajuntament-mercat,237,62,175,73.8
2026-09-29T08:06:00Z,2026-09-29T10:06:00+02:00,53,dr-robert,407,7,400,98.3
2026-09-29T08:06:00Z,2026-09-29T10:06:00+02:00,54,placa-vella,297,71,226,76.1
2026-09-29T08:06:00Z,2026-09-29T10:06:00+02:00,55,ajuntament-mercat,237,62,175,73.8
2026-09-29T08:07:00Z,2026-09-29T10:07:00+02:00,53,dr-robert,407,7,400,98.3
2026-09-29T08:07:00Z,2026-09-29T10:07:00+02:00,54,placa-vella,297,71,226,76.1
2026-09-29T08:07:00Z,2026-09-29T10:07:00+02:00,55,ajuntament-mercat,237,62,175,73.8
2026-09-29T08:08:00Z,2026-09-29T10:08:00+02:00,53,dr-robert,407,7,400,98.3
2026-09-29T08:08:00Z,2026-09-29T10:08:00+02:00,54,placa-vella,297,71,226,76.1
2026-09-29T08:08:00Z,2026-09-29T10:08:00+02:00,55,ajuntament-mercat,237,62,175,73.8
2026-09-29T08:09:00Z,2026-09-29T10:09:00+02:00,53,dr-robert,407,7,400,98.3
2026-09-29T08:09:00Z,2026-09-29T10:09:00+02:00,54,placa-vella,297,71,226,76.1
2026-09-29T08:09:00Z,2026-09-29T10:09:00+02:00,55,ajuntament-mercat,237,62,175,73.8
2026-09-29T08:10:00Z,2026-09-29T10:10:00+02:00,53,dr-robert,407,1,406,99.8
2026-09-29T08:10:00Z,2026-09-29T10:10:00+02:00,54,placa-vella,297,66,231,77.8
2026-09-29T08:10:00Z,2026-09-29T10:10:00+02:00,55,ajuntament-mercat,237,60,177,74.7
2026-09-29T08:11:00Z,2026-09-29T10:11:00+02:00,53,dr-robert,407,1,406,99.8
2026-09-29T08:11:00Z,2026-09-29T10:11:00+02:00,54,placa-vella,297,66,231,77.8
2026-09-29T08:11:00Z,2026-09-29T10:11:00+02:00,55,ajuntament-mercat,237,60,177,74.7
2026-09-29T08:12:00Z,2026-09-29T10:12:00+02:00,53,dr-robert,407,1,406,99.8
2026-09-29T08:12:00Z,2026-09-29T10:12:00+02:00,54,placa-vella,297,66,231,77.8
2026-09-29T08:12:00Z,2026-09-29T10:12:00+02:00,55,ajuntament-mercat,237,60,177,74.7
2026-09-29T08:13:00Z,2026-09-29T10:13:00+02:00,53,dr-robert,407,1,406,99.8
2026-09-29T08:13:00Z,2026-09-29T10:13:00+02:00,54,placa-vella,297,66,231,77.8
2026-09-29T08:13:00Z,2026-09-29T10:13:00+02:00,55,ajuntament-mercat,237,60,177,74.7
2026-09-29T08:14:00Z,2026-09-29T10:14:00+02:00,53,dr-robert,407,1,406,99.8
2026-09-29T08:14:00Z,2026-09-29T10:14:00+02:00,54,placa-vella,297,66,231,77.8
2026-09-29T08:14:00Z,2026-09-29T10:14:00+02:00,55,ajuntament-mercat,237,60,177,74.7
2026-09-29T08:15:00Z,2026-09-29T10:15:00+02:00,53,dr-robert,407,0,407,100
2026-09-29T08:15:00Z,2026-09-29T10:15:00+02:00,54,placa-vella,297,66,231,77.8
2026-09-29T08:15:00Z,2026-09-29T10:15:00+02:00,55,ajuntament-mercat,237,59,178,75.1
2026-09-29T08:16:00Z,2026-09-29T10:16:00+02:00,53,dr-robert,407,0,407,100
2026-09-29T08:16:00Z,2026-09-29T10:16:00+02:00,54,placa-vella,297,66,231,77.8
2026-09-29T08:16:00Z,2026-09-29T10:16:00+02:00,55,ajuntament-mercat,237,59,178,75.1
2026-09-29T08:17:00Z,2026-09-29T10:17:00+02:00,53,dr-robert,407,0,407,100
2026-09-29T08:17:00Z,2026-09-29T10:17:00+02:00,54,placa-vella,297,66,231,77.8
2026-09-29T08:17:00Z,2026-09-29T10:17:00+02:00,55,ajuntament-mercat,237,59,178,75.1
2026-09-29T08:18:00Z,2026-09-29T10:18:00+02:00,53,dr-robert,407,0,407,100
2026-09-29T08:18:00Z,2026-09-29T10:18:00+02:00,54,placa-vella,297,66,231,77.8
2026-09-29T08:18:00Z,2026-09-29T10:18:00+02:00,55,ajuntament-mercat,237,59,178,75.1
2026-09-29T08:19:00Z,2026-09-29T10:19:00+02:00,53,dr-robert,407,0,407,100
2026-09-29T08:19:00Z,2026-09-29T10:19:00+02:00,54,placa-vella,297,66,231,77.8
2026-09-29T08:19:00Z,2026-09-29T10:19:00+02:00,55,ajuntament-mercat,237,59,178,75.1
2026-09-29T08:20:00Z,2026-09-29T10:20:00+02:00,53,dr-robert,407,0,407,100
2026-09-29T08:20:00Z,2026-09-29T10:20:00+02:00,54,placa-vella,297,66,231,77.8
2026-09-29T08:20:00Z,2026-09-29T10:20:00+02:00,55,ajuntament-mercat,237,61,176,74.3
2026-09-29T08:21:00Z,2026-09-29T10:21:00+02:00,53,dr-robert,407,0,407,100
2026-09-29T08:21:00Z,2026-09-29T10:21:00+02:00,54,placa-vella,297,66,231,77.8
2026-09-29T08:21:00Z,2026-09-29T10:21:00+02:00,55,ajuntament-mercat,237,61,176,74.3
2026-09-29T08:22:00Z,2026-09-29T10:22:00+02:00,53,dr-robert,407,0,407,100
2026-09-29T08:22:00Z,2026-09-29T10:22:00+02:00,54,placa-vella,297,66,231,77.8
2026-09-29T08:22:00Z,2026-09-29T10:22:00+02:00,55,ajuntament-mercat,237,61,176,74.3
2026-09-29T08:23:00Z,2026-09-29T10:23:00+02:00,53,dr-robert,407,0,407,100
2026-09-29T08:23:00Z,2026-09-29T10:23:00+02:00,54,placa-vella,297,66,231,77.8
2026-09-29T08:23:00Z,2026-09-29T10:23:00+02:00,55,ajuntament-mercat,237,61,176,74.3
2026-09-29T08:24:00Z,2026-09-29T10:24:00+02:00,53,dr-robert,407,0,407,100
2026-09-29T08:24:00Z,2026-09-29T10:24:00+02:00,54,placa-vella,297,66,231,77.8
2026-09-29T08:24:00Z,2026-09-29T10:24:00+02:00,55,ajuntament-mercat,237,61,176,74.3
2026-09-29T08:25:00Z,2026-09-29T10:25:00+02:00,53,dr-robert,407,0,407,100
2026-09-29T08:25:00Z,2026-09-29T10:25:00+02:00,54,placa-vella,297,61,236,79.5
2026-09-29T08:25:00Z,2026-09-29T10:25:00+02:00,55,ajuntament-mercat,237,57,180,75.9
2026-09-29T08:26:00Z,2026-09-29T10:26:00+02:00,53,dr-robert,407,0,407,100
2026-09-29T08:26:00Z,2026-09-29T10:26:00+02:00,54,placa-vella,297,61,236,79.5
2026-09-29T08:26:00Z,2026-09-29T10:26:00+02:00,55,ajuntament-mercat,237,57,180,75.9
2026-09-29T08:27:00Z,2026-09-29T10:27:00+02:00,53,dr-robert,407,0,407,100
2026-09-29T08:27:00Z,2026-09-29T10:27:00+02:00,54,placa-vella,297,61,236,79.5
2026-09-29T08:27:00Z,2026-09-29T10:27:00+02:00,55,ajuntament-mercat,237,57,180,75.9
2026-09-29T08:28:00Z,2026-09-29T10:28:00+02:00,53,dr-robert,407,0,407,100
2026-09-29T08:28:00Z,2026-09-29T10:28:00+02:00,54,placa-vella,297,61,236,79.5
2026-09-29T08:28:00Z,2026-09-29T10:28:00+02:00,55,ajuntament-mercat,237,57,180,75.9
2026-09-29T08:29:00Z,2026-09-29T10:29:00+02:00,53,dr-robert,407,0,407,100
2026-09-29T08:29:00Z,2026-09-29T10:29:00+02:00,54,placa-vella,297,61,236,79.5
2026-09-29T08:29:00Z,2026-09-29T10:29:00+02:00,55,ajuntament-mercat,237,57,180,75.9
2026-09-29T08:30:00Z,2026-09-29T10:30:00+02:00,53,dr-robert,407,0,407,100
2026-09-29T08:30:00Z,2026-09-29T10:30:00+02:00,54,placa-vella,297,59,238,80.1
2026-09-29T08:30:00Z,2026-09-29T10:30:00+02:00,55,ajuntament-mercat,237,55,182,76.8
2026-09-29T08:31:00Z,2026-09-29T10:31:00+02:00,53,dr-robert,407,0,407,100
2026-09-29T08:31:00Z,2026-09-29T10:31:00+02:00,54,placa-vella,297,59,238,80.1
2026-09-29T08:31:00Z,2026-09-29T10:31:00+02:00,55,ajuntament-mercat,237,55,182,76.8
2026-09-29T08:32:00Z,2026-09-29T10:32:00+02:00,53,dr-robert,407,0,407,100
2026-09-29T08:32:00Z,2026-09-29T10:32:00+02:00,54,placa-vella,297,59,238,80.1
2026-09-29T08:32:00Z,2026-09-29T10:32:00+02:00,55,ajuntament-mercat,237,55,182,76.8
2026-09-29T08:33:00Z,2026-09-29T10:33:00+02:00,53,dr-robert,407,0,407,100
2026-09-29T08:33:00Z,2026-09-29T10:33:00+02:00,54,placa-vella,297,59,238,80.1
2026-09-29T08:33:00Z,2026-09-29T10:33:00+02:00,55,ajuntament-mercat,237,55,182,76.8
2026-09-29T08:34:00Z,2026-09-29T10:34:00+02:00,53,dr-robert,407,0,407,100
2026-09-29T08:34:00Z,2026-09-29T10:34:00+02:00,54,placa-vella,297,59,238,80.1
2026-09-29T08:34:00Z,2026-09-29T10:34:00+02:00,55,ajuntament-mercat,237,55,182,76.8
2026-09-29T08:35:00Z,2026-09-29T10:35:00+02:00,53,dr-robert,407,1,406,99.8
2026-09-29T08:35:00Z,2026-09-29T10:35:00+02:00,54,placa-vella,297,59,238,80.1
2026-09-29T08:35:00Z,2026-09-29T10:35:00+02:00,55,ajuntament-mercat,237,57,180,75.9
2026-09-29T08:36:00Z,2026-09-29T10:36:00+02:00,53,dr-robert,407,1,406,99.8
2026-09-29T08:36:00Z,2026-09-29T10:36:00+02:00,54,placa-vella,297,59,238,80.1
2026-09-29T08:36:00Z,2026-09-29T10:36:00+02:00,55,ajuntament-mercat,237,57,180,75.9
2026-09-29T08:37:00Z,2026-09-29T10:37:00+02:00,53,dr-robert,407,1,406,99.8
2026-09-29T08:37:00Z,2026-09-29T10:37:00+02:00,54,placa-vella,297,59,238,80.1
2026-09-29T08:37:00Z,2026-09-29T10:37:00+02:00,55,ajuntament-mercat,237,57,180,75.9
2026-09-29T08:38:00Z,2026-09-29T10:38:00+02:00,53,dr-robert,407,1,406,99.8
2026-09-29T08:38:00Z,2026-09-29T10:38:00+02:00,54,placa-vella,297,59,238,80.1
2026-09-29T08:38:00Z,2026-09-29T10:38:00+02:00,55,ajuntament-mercat,237,57,180,75.9
2026-09-29T08:39:00Z,2026-09-29T10:39:00+02:00,53,dr-robert,407,1,406,99.8
2026-09-29T08:39:00Z,2026-09-29T10:39:00+02:00,54,placa-vella,297,59,238,80.1
2026-09-29T08:39:00Z,2026-09-29T10:39:00+02:00,55,ajuntament-mercat,237,57,180,75.9
2026-09-29T08:40:00Z,2026-09-29T10:40:00+02:00,53,dr-robert,407,0,407,100
2026-09-29T08:40:00Z,2026-09-29T10:40:00+02:00,54,placa-vella,297,58,239,80.5
2026-09-29T08:40:00Z,2026-09-29T10:40:00+02:00,55,ajuntament-mercat,237,56,181,76.4
2026-09-29T08:41:00Z,2026-09-29T10:41:00+02:00,53,dr-robert,407,0,407,100
2026-09-29T08:41:00Z,2026-09-29T10:41:00+02:00,54,placa-vella,297,58,239,80.5
2026-09-29T08:41:00Z,2026-09-29T10:41:00+02:00,55,ajuntament-mercat,237,56,181,76.4
2026-09-29T08:42:00Z,2026-09-29T10:42:00+02:00,53,dr-robert,407,0,407,100
2026-09-29T08:42:00Z,2026-09-29T10:42:00+02:00,54,placa-vella,297,58,239,80.5
2026-09-29T08:42:00Z,2026-09-29T10:42:00+02:00,55,ajuntament-mercat,237,56,181,76.4
2026-09-29T08:43:00Z,2026-09-29T10:43:00+02:00,53,dr-robert,407,0,407,100
2026-09-29T08:43:00Z,2026-09-29T10:43:00+02:00,54,placa-vella,297,58,239,80.5
2026-09-29T08:43:00Z,2026-09-29T10:43:00+02:00,55,ajuntament-mercat,237,56,181,76.4
2026-09-29T08:44:00Z,2026-09-29T10:44:00+02:00,53,dr-robert,407,0,407,100
2026-09-29T08:44:00Z,2026-09-29T10:44:00+02:00,54,placa-vella,297,58,239,80.5
2026-09-29T08:44:00Z,2026-09-29T10:44:00+02:00,55,ajuntament-mercat,237,56,181,76.4
2026-09-29T08:45:00Z,2026-09-29T10:45:00+02:00,53,dr-robert,407,1,406,99.8
2026-09-29T08:45:00Z,2026-09-29T10:45:00+02:00,54,placa-vella,297,58,239,80.5
2026-09-29T08:45:00Z,2026-09-29T10:45:00+02:00,55,ajuntament-mercat,237,57,180,75.9
2026-09-29T08:46:00Z,2026-09-29T10:46:00+02:00,53,dr-robert,407,1,406,99.8
2026-09-29T08:46:00Z,2026-09-29T10:46:00+02:00,54,placa-vella,297,58,239,80.5
2026-09-29T08:46:00Z,2026-09-29T10:46:00+02:00,55,ajuntament-mercat,237,57,180,75.9
2026-09-29T08:47:00Z,2026-09-29T10:47:00+02:00,53,dr-robert,407,1,406,99.8
2026-09-29T08:47:00Z,2026-09-29T10:47:00+02:00,54,placa-vella,297,58,239,80.5
2026-09-29T08:47:00Z,2026-09-29T10:47:00+02:00,55,ajuntament-mercat,237,57,180,75.9
2026-09-29T08:48:00Z,2026-09-29T10:48:00+02:00,53,dr-robert,407,1,406,99.8
2026-09-29T08:48:00Z,2026-09-29T10:48:00+02:00,54,placa-vella,297,58,239,80.5
2026-09-29T08:48:00Z,2026-09-29T10:48:00+02:00,55,ajuntament-mercat,237,57,180,75.9
2026-09-29T08:49:00Z,2026-09-29T10:49:00+02:00,53,dr-robert,407,1,406,99.8
2026-09-29T08:49:00Z,2026-09-29T10:49:00+02:00,54,placa-vella,297,58,239,80.5
2026-09-29T08:49:00Z,2026-09-29T10:49:00+02:00,55,ajuntament-mercat,237,57,180,75.9
2026-09-29T08:50:00Z,2026-09-29T10:50:00+02:00,53,dr-robert,407,1,406,99.8
2026-09-29T08:50:00Z,2026-09-29T10:50:00+02:00,54,placa-vella,297,61,236,79.5
2026-09-29T08:50:00Z,2026-09-29T10:50:00+02:00,55,ajuntament-mercat,237,56,181,76.4
2026-09-29T08:51:00Z,2026-09-29T10:51:00+02:00,53,dr-robert,407,1,406,99.8
2026-09-29T08:51:00Z,2026-09-29T10:51:00+02:00,54,placa-vella,297,61,236,79.5
2026-09-29T08:51:00Z,2026-09-29T10:51:00+02:00,55,ajuntament-mercat,237,56,181,76.4
2026-09-29T08:52:00Z,2026-09-29T10:52:00+02:00,53,dr-robert,407,1,406,99.8
2026-09-29T08:52:00Z,2026-09-29T10:52:00+02:00,54,placa-vella,297,61,236,79.5
2026-09-29T08:52:00Z,2026-09-29T10:52:00+02:00,55,ajuntament-mercat,237,56,181,76.4
2026-09-29T08:53:00Z,2026-09-29T10:53:00+02:00,53,dr-robert,407,1,406,99.8
2026-09-29T08:53:00Z,2026-09-29T10:53:00+02:00,54,placa-vella,297,61,236,79.5
2026-09-29T08:53:00Z,2026-09-29T10:53:00+02:00,55,ajuntament-mercat,237,56,181,76.4
2026-09-29T08:54:00Z,2026-09-29T10:54:00+02:00,53,dr-robert,407,1,406,99.8
2026-09-29T08:54:00Z,2026-09-29T10:54:00+02:00,54,placa-vella,297,61,236,79.5
2026-09-29T08:54:00Z,2026-09-29T10:54:00+02:00,55,ajuntament-mercat,237,56,181,76.4
2026-09-29T08:55:00Z,2026-09-29T10:55:00+02:00,53,dr-robert,407,1,406,99.8
2026-09-29T08:55:00Z,2026-09-29T10:55:00+02:00,54,placa-vella,297,58,239,80.5
2026-09-29T08:55:00Z,2026-09-29T10:55:00+02:00,55,ajuntament-mercat,237,58,179,75.5
2026-09-29T08:56:00Z,2026-09-29T10:56:00+02:00,53,dr-robert,407,1,406,99.8
2026-09-29T08:56:00Z,2026-09-29T10:56:00+02:00,54,placa-vella,297,58,239,80.5
2026-09-29T08:56:00Z,2026-09-29T10:56:00+02:00,55,ajuntament-mercat,237,58,179,75.5
2026-09-29T08:57:00Z,2026-09-29T10:57:00+02:00,53,dr-robert,407,1,406,99.8
2026-09-29T08:57:00Z,2026-09-29T10:57:00+02:00,54,placa-vella,297,58,239,80.5
2026-09-29T08:57:00Z,2026-09-29T10:57:00+02:00,55,ajuntament-mercat,237,58,179,75.5
2026-09-29T08:58:00Z,2026-09-29T10:58:00+02:00,53,dr-robert,407,1,406,99.8
2026-09-29T08:58:00Z,2026-09-29T10:58:00+02:00,54,placa-vella,297,58,239,80.5
2026-09-29T08:58:00Z,2026-09-29T10:58:00+02:00,55,ajuntament-mercat,237,58,179,75.5
2026-09-29T08:59:00Z,2026-09-29T10:59:00+02:00,53,dr-robert,407,1,406,99.8
2026-09-29T08:59:00Z,2026-09-29T10:59:00+02:00,54,placa-vella,297,58,239,80.5
2026-09-29T08:59:00Z,2026-09-29T10:59:00+02:00,55,ajuntament-mercat,237,58,179,75.5
2026-09-29T09:00:00Z,2026-09-29T11:00:00+02:00,53,dr-robert,407,1,406,99.8
2026-09-29T09:00:00Z,2026-09-29T11:00:00+02:00,54,placa-vella,297,58,239,80.5
2026-09-29T09:00:00Z,2026-09-29T11:00:00+02:00,55,ajuntament-mercat,237,58,179,75.5
2026-09-29T09:01:00Z,2026-09-29T11:01:00+02:00,53,dr-robert,407,7,400,98.3
2026-09-29T09:01:00Z,2026-09-29T11:01:00+02:00,54,placa-vella,297,61,236,79.5
2026-09-29T09:01:00Z,2026-09-29T11:01:00+02:00,55,ajuntament-mercat,237,56,181,76.4
2026-09-29T09:02:00Z,2026-09-29T11:02:00+02:00,53,dr-robert,407,7,400,98.3
2026-09-29T09:02:00Z,2026-09-29T11:02:00+02:00,54,placa-vella,297,61,236,79.5
2026-09-29T09:02:00Z,2026-09-29T11:02:00+02:00,55,ajuntament-mercat,237,56,181,76.4
2026-09-29T09:03:00Z,2026-09-29T11:03:00+02:00,53,dr-robert,407,7,400,98.3
2026-09-29T09:03:00Z,2026-09-29T11:03:00+02:00,54,placa-vella,297,61,236,79.5
2026-09-29T09:03:00Z,2026-09-29T11:03:00+02:00,55,ajuntament-mercat,237,56,181,76.4
2026-09-29T09:04:00Z,2026-09-29T11:04:00+02:00,53,dr-robert,407,7,400,98.3
2026-09-29T09:04:00Z,2026-09-29T11:04:00+02:00,54,placa-vella,297,61,236,79.5
2026-09-29T09:04:00Z,2026-09-29T11:04:00+02:00,55,ajuntament-mercat,237,56,181,76.4
2026-09-29T09:05:00Z,2026-09-29T11:05:00+02:00,53,dr-robert,407,7,400,98.3
2026-09-29T09:05:00Z,2026-09-29T11:05:00+02:00,54,placa-vella,297,62,235,79.1
2026-09-29T09:05:00Z,2026-09-29T11:05:00+02:00,55,ajuntament-mercat,237,57,180,75.9
2026-09-29T09:06:00Z,2026-09-29T11:06:00+02:00,53,dr-robert,407,7,400,98.3
2026-09-29T09:06:00Z,2026-09-29T11:06:00+02:00,54,placa-vella,297,62,235,79.1
2026-09-29T09:06:00Z,2026-09-29T11:06:00+02:00,55,ajuntament-mercat,237,57,180,75.9
2026-09-29T09:07:00Z,2026-09-29T11:07:00+02:00,53,dr-robert,407,7,400,98.3
2026-09-29T09:07:00Z,2026-09-29T11:07:00+02:00,54,placa-vella,297,62,235,79.1
2026-09-29T09:07:00Z,2026-09-29T11:07:00+02:00,55,ajuntament-mercat,237,57,180,75.9
2026-09-29T09:08:00Z,2026-09-29T11:08:00+02:00,53,dr-robert,407,7,400,98.3
2026-09-29T09:08:00Z,2026-09-29T11:08:00+02:00,54,placa-vella,297,62,235,79.1
2026-09-29T09:08:00Z,2026-09-29T11:08:00+02:00,55,ajuntament-mercat,237,57,180,75.9
2026-09-29T09:09:00Z,2026-09-29T11:09:00+02:00,53,dr-robert,407,7,400,98.3
2026-09-29T09:09:00Z,2026-09-29T11:09:00+02:00,54,placa-vella,297,62,235,79.1
2026-09-29T09:09:00Z,2026-09-29T11:09:00+02:00,55,ajuntament-mercat,237,57,180,75.9
2026-09-29T09:10:00Z,2026-09-29T11:10:00+02:00,53,dr-robert,407,11,396,97.3
2026-09-29T09:10:00Z,2026-09-29T11:10:00+02:00,54,placa-vella,297,59,238,80.1
2026-09-29T09:10:00Z,2026-09-29T11:10:00+02:00,55,ajuntament-mercat,237,53,184,77.6
2026-09-29T09:11:00Z,2026-09-29T11:11:00+02:00,53,dr-robert,407,11,396,97.3
2026-09-29T09:11:00Z,2026-09-29T11:11:00+02:00,54,placa-vella,297,59,238,80.1
2026-09-29T09:11:00Z,2026-09-29T11:11:00+02:00,55,ajuntament-mercat,237,53,184,77.6
2026-09-29T09:12:00Z,2026-09-29T11:12:00+02:00,53,dr-robert,407,11,396,97.3
2026-09-29T09:12:00Z,2026-09-29T11:12:00+02:00,54,placa-vella,297,59,238,80.1
2026-09-29T09:12:00Z,2026-09-29T11:12:00+02:00,55,ajuntament-mercat,237,53,184,77.6
2026-09-29T09:13:00Z,2026-09-29T11:13:00+02:00,53,dr-robert,407,11,396,97.3
2026-09-29T09:13:00Z,2026-09-29T11:13:00+02:00,54,placa-vella,297,59,238,80.1
2026-09-29T09:13:00Z,2026-09-29T11:13:00+02:00,55,ajuntament-mercat,237,53,184,77.6
2026-09-29T09:14:00Z,2026-09-29T11:14:00+02:00,53,dr-robert,407,11,396,97.3
2026-09-29T09:14:00Z,2026-09-29T11:14:00+02:00,54,placa-vella,297,59,238,80.1
2026-09-29T09:14:00Z,2026-09-29T11:14:00+02:00,55,ajuntament-mercat,237,53,184,77.6
2026-09-29T09:15:00Z,2026-09-29T11:15:00+02:00,53,dr-robert,407,13,394,96.8
2026-09-29T09:15:00Z,2026-09-29T11:15:00+02:00,54,placa-vella,297,58,239,80.5
2026-09-29T09:15:00Z,2026-09-29T11:15:00+02:00,55,ajuntament-mercat,237,53,184,77.6
2026-09-29T09:16:00Z,2026-09-29T11:16:00+02:00,53,dr-robert,407,13,394,96.8
2026-09-29T09:16:00Z,2026-09-29T11:16:00+02:00,54,placa-vella,297,58,239,80.5
2026-09-29T09:16:00Z,2026-09-29T11:16:00+02:00,55,ajuntament-mercat,237,53,184,77.6
2026-09-29T09:17:00Z,2026-09-29T11:17:00+02:00,53,dr-robert,407,13,394,96.8
2026-09-29T09:17:00Z,2026-09-29T11:17:00+02:00,54,placa-vella,297,58,239,80.5
2026-09-29T09:17:00Z,2026-09-29T11:17:00+02:00,55,ajuntament-mercat,237,53,184,77.6
2026-09-29T09:18:00Z,2026-09-29T11:18:00+02:00,53,dr-robert,407,13,394,96.8
2026-09-29T09:18:00Z,2026-09-29T11:18:00+02:00,54,placa-vella,297,58,239,80.5
2026-09-29T09:18:00Z,2026-09-29T11:18:00+02:00,55,ajuntament-mercat,237,53,184,77.6
2026-09-29T09:19:00Z,2026-09-29T11:19:00+02:00,53,dr-robert,407,13,394,96.8
2026-09-29T09:19:00Z,2026-09-29T11:19:00+02:00,54,placa-vella,297,58,239,80.5
2026-09-29T09:19:00Z,2026-09-29T11:19:00+02:00,55,ajuntament-mercat,237,53,184,77.6
2026-09-29T09:20:00Z,2026-09-29T11:20:00+02:00,53,dr-robert,407,14,393,96.6
2026-09-29T09:20:00Z,2026-09-29T11:20:00+02:00,54,placa-vella,297,55,242,81.5
2026-09-29T09:20:00Z,2026-09-29T11:20:00+02:00,55,ajuntament-mercat,237,53,184,77.6
2026-09-29T09:21:00Z,2026-09-29T11:21:00+02:00,53,dr-robert,407,14,393,96.6
2026-09-29T09:21:00Z,2026-09-29T11:21:00+02:00,54,placa-vella,297,55,242,81.5
2026-09-29T09:21:00Z,2026-09-29T11:21:00+02:00,55,ajuntament-mercat,237,53,184,77.6
2026-09-29T09:22:00Z,2026-09-29T11:22:00+02:00,53,dr-robert,407,14,393,96.6
2026-09-29T09:22:00Z,2026-09-29T11:22:00+02:00,54,placa-vella,297,55,242,81.5
2026-09-29T09:22:00Z,2026-09-29T11:22:00+02:00,55,ajuntament-mercat,237,53,184,77.6
2026-09-29T09:23:00Z,2026-09-29T11:23:00+02:00,53,dr-robert,407,14,393,96.6
2026-09-29T09:23:00Z,2026-09-29T11:23:00+02:00,54,placa-vella,297,55,242,81.5
2026-09-29T09:23:00Z,2026-09-29T11:23:00+02:00,55,ajuntament-mercat,237,53,184,77.6
2026-09-29T09:24:00Z,2026-09-29T11:24:00+02:00,53,dr-robert,407,14,393,96.6
2026-09-29T09:24:00Z,2026-09-29T11:24:00+02:00,54,placa-vella,297,55,242,81.5
2026-09-29T09:24:00Z,2026-09-29T11:24:00+02:00,55,ajuntament-mercat,237,53,184,77.6
2026-09-29T09:25:00Z,2026-09-29T11:25:00+02:00,53,dr-robert,407,8,399,98
2026-09-29T09:25:00Z,2026-09-29T11:25:00+02:00,54,placa-vella,297,55,242,81.5
2026-09-29T09:25:00Z,2026-09-29T11:25:00+02:00,55,ajuntament-mercat,237,53,184,77.6
2026-09-29T09:26:00Z,2026-09-29T11:26:00+02:00,53,dr-robert,407,8,399,98
2026-09-29T09:26:00Z,2026-09-29T11:26:00+02:00,54,placa-vella,297,55,242,81.5
2026-09-29T09:26:00Z,2026-09-29T11:26:00+02:00,55,ajuntament-mercat,237,53,184,77.6
2026-09-29T09:27:00Z,2026-09-29T11:27:00+02:00,53,dr-robert,407,8,399,98
2026-09-29T09:27:00Z,2026-09-29T11:27:00+02:00,54,placa-vella,297,55,242,81.5
2026-09-29T09:27:00Z,2026-09-29T11:27:00+02:00,55,ajuntament-mercat,237,53,184,77.6
2026-09-29T09:28:00Z,2026-09-29T11:28:00+02:00,53,dr-robert,407,8,399,98
2026-09-29T09:28:00Z,2026-09-29T11:28:00+02:00,54,placa-vella,297,55,242,81.5
2026-09-29T09:28:00Z,2026-09-29T11:28:00+02:00,55,ajuntament-mercat,237,53,184,77.6
2026-09-29T09:29:00Z,2026-09-29T11:29:00+02:00,53,dr-robert,407,8,399,98
2026-09-29T09:29:00Z,2026-09-29T11:29:00+02:00,54,placa-vella,297,55,242,81.5
2026-09-29T09:29:00Z,2026-09-29T11:29:00+02:00,55,ajuntament-mercat,237,53,184,77.6
2026-09-29T09:30:00Z,2026-09-29T11:30:00+02:00,53,dr-robert,407,8,399,98
2026-09-29T09:30:00Z,2026-09-29T11:30:00+02:00,54,placa-vella,297,55,242,81.5
2026-09-29T09:30:00Z,2026-09-29T11:30:00+02:00,55,ajuntament-mercat,237,53,184,77.6
2026-09-29T09:31:00Z,2026-09-29T11:31:00+02:00,53,dr-robert,407,0,407,100
2026-09-29T09:31:00Z,2026-09-29T11:31:00+02:00,54,placa-vella,297,59,238,80.1
2026-09-29T09:31:00Z,2026-09-29T11:31:00+02:00,55,ajuntament-mercat,237,54,183,77.2
2026-09-29T09:32:00Z,2026-09-29T11:32:00+02:00,53,dr-robert,407,0,407,100
2026-09-29T09:32:00Z,2026-09-29T11:32:00+02:00,54,placa-vella,297,59,238,80.1
2026-09-29T09:32:00Z,2026-09-29T11:32:00+02:00,55,ajuntament-mercat,237,54,183,77.2
2026-09-29T09:33:00Z,2026-09-29T11:33:00+02:00,53,dr-robert,407,0,407,100
2026-09-29T09:33:00Z,2026-09-29T11:33:00+02:00,54,placa-vella,297,59,238,80.1
2026-09-29T09:33:00Z,2026-09-29T11:33:00+02:00,55,ajuntament-mercat,237,54,183,77.2
2026-09-29T09:34:00Z,2026-09-29T11:34:00+02:00,53,dr-robert,407,0,407,100
2026-09-29T09:34:00Z,2026-09-29T11:34:00+02:00,54,placa-vella,297,59,238,80.1
2026-09-29T09:34:00Z,2026-09-29T11:34:00+02:00,55,ajuntament-mercat,237,54,183,77.2
2026-09-29T09:35:00Z,2026-09-29T11:35:00+02:00,53,dr-robert,407,2,405,99.5
2026-09-29T09:35:00Z,2026-09-29T11:35:00+02:00,54,placa-vella,297,59,238,80.1
2026-09-29T09:35:00Z,2026-09-29T11:35:00+02:00,55,ajuntament-mercat,237,56,181,76.4
2026-09-29T09:36:00Z,2026-09-29T11:36:00+02:00,53,dr-robert,407,2,405,99.5
2026-09-29T09:36:00Z,2026-09-29T11:36:00+02:00,54,placa-vella,297,59,238,80.1
2026-09-29T09:36:00Z,2026-09-29T11:36:00+02:00,55,ajuntament-mercat,237,56,181,76.4
2026-09-29T09:37:00Z,2026-09-29T11:37:00+02:00,53,dr-robert,407,2,405,99.5
2026-09-29T09:37:00Z,2026-09-29T11:37:00+02:00,54,placa-vella,297,59,238,80.1
2026-09-29T09:37:00Z,2026-09-29T11:37:00+02:00,55,ajuntament-mercat,237,56,181,76.4
2026-09-29T09:38:00Z,2026-09-29T11:38:00+02:00,53,dr-robert,407,2,405,99.5
2026-09-29T09:38:00Z,2026-09-29T11:38:00+02:00,54,placa-vella,297,59,238,80.1
2026-09-29T09:38:00Z,2026-09-29T11:38:00+02:00,55,ajuntament-mercat,237,56,181,76.4
2026-09-29T09:39:00Z,2026-09-29T11:39:00+02:00,53,dr-robert,407,2,405,99.5
2026-09-29T09:39:00Z,2026-09-29T11:39:00+02:00,54,placa-vella,297,59,238,80.1
2026-09-29T09:39:00Z,2026-09-29T11:39:00+02:00,55,ajuntament-mercat,237,56,181,76.4
2026-09-29T09:40:00Z,2026-09-29T11:40:00+02:00,53,dr-robert,407,7,400,98.3
2026-09-29T09:40:00Z,2026-09-29T11:40:00+02:00,54,placa-vella,297,55,242,81.5
2026-09-29T09:40:00Z,2026-09-29T11:40:00+02:00,55,ajuntament-mercat,237,58,179,75.5
2026-09-29T09:41:00Z,2026-09-29T11:41:00+02:00,53,dr-robert,407,7,400,98.3
2026-09-29T09:41:00Z,2026-09-29T11:41:00+02:00,54,placa-vella,297,55,242,81.5
2026-09-29T09:41:00Z,2026-09-29T11:41:00+02:00,55,ajuntament-mercat,237,58,179,75.5
2026-09-29T09:42:00Z,2026-09-29T11:42:00+02:00,53,dr-robert,407,7,400,98.3
2026-09-29T09:42:00Z,2026-09-29T11:42:00+02:00,54,placa-vella,297,55,242,81.5
2026-09-29T09:42:00Z,2026-09-29T11:42:00+02:00,55,ajuntament-mercat,237,58,179,75.5
2026-09-29T09:43:00Z,2026-09-29T11:43:00+02:00,53,dr-robert,407,7,400,98.3
2026-09-29T09:43:00Z,2026-09-29T11:43:00+02:00,54,placa-vella,297,55,242,81.5
2026-09-29T09:43:00Z,2026-09-29T11:43:00+02:00,55,ajuntament-mercat,237,58,179,75.5
2026-09-29T09:44:00Z,2026-09-29T11:44:00+02:00,53,dr-robert,407,7,400,98.3
2026-09-29T09:44:00Z,2026-09-29T11:44:00+02:00,54,placa-vella,297,55,242,81.5
2026-09-29T09:44:00Z,2026-09-29T11:44:00+02:00,55,ajuntament-mercat,237,58,179,75.5
2026-09-29T09:45:00Z,2026-09-29T11:45:00+02:00,53,dr-robert,407,0,407,100
2026-09-29T09:45:00Z,2026-09-29T11:45:00+02:00,54,placa-vella,297,56,241,81.1
2026-09-29T09:45:00Z,2026-09-29T11:45:00+02:00,55,ajuntament-mercat,237,59,178,75.1
2026-09-29T09:46:00Z,2026-09-29T11:46:00+02:00,53,dr-robert,407,0,407,100
2026-09-29T09:46:00Z,2026-09-29T11:46:00+02:00,54,placa-vella,297,56,241,81.1
2026-09-29T09:46:00Z,2026-09-29T11:46:00+02:00,55,ajuntament-mercat,237,59,178,75.1
2026-09-29T09:47:00Z,2026-09-29T11:47:00+02:00,53,dr-robert,407,0,407,100
2026-09-29T09:47:00Z,2026-09-29T11:47:00+02:00,54,placa-vella,297,56,241,81.1
2026-09-29T09:47:00Z,2026-09-29T11:47:00+02:00,55,ajuntament-mercat,237,59,178,75.1
2026-09-29T09:48:00Z,2026-09-29T11:48:00+02:00,53,dr-robert,407,0,407,100
2026-09-29T09:48:00Z,2026-09-29T11:48:00+02:00,54,placa-vella,297,56,241,81.1
2026-09-29T09:48:00Z,2026-09-29T11:48:00+02:00,55,ajuntament-mercat,237,59,178,75.1
2026-09-29T09:49:00Z,2026-09-29T11:49:00+02:00,53,dr-robert,407,0,407,100
2026-09-29T09:49:00Z,2026-09-29T11:49:00+02:00,54,placa-vella,297,56,241,81.1
2026-09-29T09:49:00Z,2026-09-29T11:49:00+02:00,55,ajuntament-mercat,237,59,178,75.1
2026-09-29T09:50:00Z,2026-09-29T11:50:00+02:00,53,dr-robert,407,3,404,99.3
2026-09-29T09:50:00Z,2026-09-29T11:50:00+02:00,54,placa-vella,297,54,243,81.8
2026-09-29T09:50:00Z,2026-09-29T11:50:00+02:00,55,ajuntament-mercat,237,61,176,74.3
2026-09-29T09:51:00Z,2026-09-29T11:51:00+02:00,53,dr-robert,407,3,404,99.3
2026-09-29T09:51:00Z,2026-09-29T11:51:00+02:00,54,placa-vella,297,54,243,81.8
2026-09-29T09:51:00Z,2026-09-29T11:51:00+02:00,55,ajuntament-mercat,237,61,176,74.3
2026-09-29T09:52:00Z,2026-09-29T11:52:00+02:00,53,dr-robert,407,3,404,99.3
2026-09-29T09:52:00Z,2026-09-29T11:52:00+02:00,54,placa-vella,297,54,243,81.8
2026-09-29T09:52:00Z,2026-09-29T11:52:00+02:00,55,ajuntament-mercat,237,61,176,74.3
2026-09-29T09:53:00Z,2026-09-29T11:53:00+02:00,53,dr-robert,407,3,404,99.3
2026-09-29T09:53:00Z,2026-09-29T11:53:00+02:00,54,placa-vella,297,54,243,81.8
2026-09-29T09:53:00Z,2026-09-29T11:53:00+02:00,55,ajuntament-mercat,237,61,176,74.3
2026-09-29T09:54:00Z,2026-09-29T11:54:00+02:00,53,dr-robert,407,3,404,99.3
2026-09-29T09:54:00Z,2026-09-29T11:54:00+02:00,54,placa-vella,297,54,243,81.8
2026-09-29T09:54:00Z,2026-09-29T11:54:00+02:00,55,ajuntament-mercat,237,61,176,74.3
2026-09-29T09:55:00Z,2026-09-29T11:55:00+02:00,53,dr-robert,407,3,404,99.3
2026-09-29T09:55:00Z,2026-09-29T11:55:00+02:00,54,placa-vella,297,55,242,81.5
2026-09-29T09:55:00Z,2026-09-29T11:55:00+02:00,55,ajuntament-mercat,237,56,181,76.4
2026-09-29T09:56:00Z,2026-09-29T11:56:00+02:00,53,dr-robert,407,3,404,99.3
2026-09-29T09:56:00Z,2026-09-29T11:56:00+02:00,54,placa-vella,297,55,242,81.5
2026-09-29T09:56:00Z,2026-09-29T11:56:00+02:00,55,ajuntament-mercat,237,56,181,76.4
2026-09-29T09:57:00Z,2026-09-29T11:57:00+02:00,53,dr-robert,407,3,404,99.3
2026-09-29T09:57:00Z,2026-09-29T11:57:00+02:00,54,placa-vella,297,55,242,81.5
2026-09-29T09:57:00Z,2026-09-29T11:57:00+02:00,55,ajuntament-mercat,237,56,181,76.4
2026-09-29T09:58:00Z,2026-09-29T11:58:00+02:00,53,dr-robert,407,3,404,99.3
2026-09-29T09:58:00Z,2026-09-29T11:58:00+02:00,54,placa-vella,297,55,242,81.5
2026-09-29T09:58:00Z,2026-09-29T11:58:00+02:00,55,ajuntament-mercat,237,56,181,76.4
2026-09-29T09:59:00Z,2026-09-29T11:59:00+02:00,53,dr-robert,407,3,404,99.3
2026-09-29T09:59:00Z,2026-09-29T11:59:00+02:00,54,placa-vella,297,55,242,81.5
2026-09-29T09:59:00Z,2026-09-29T11:59:00+02:00,55,ajuntament-mercat,237,56,181,76.4
2026-09-29T10:00:00Z,2026-09-29T12:00:00+02:00,53,dr-robert,407,3,404,99.3
2026-09-29T10:00:00Z,2026-09-29T12:00:00+02:00,54,placa-vella,297,55,242,81.5
2026-09-29T10:00:00Z,2026-09-29T12:00:00+02:00,55,ajuntament-mercat,237,56,181,76.4
2026-09-29T10:01:00Z,2026-09-29T12:01:00+02:00,53,dr-robert,407,3,404,99.3
2026-09-29T10:01:00Z,2026-09-29T12:01:00+02:00,54,placa-vella,297,55,242,81.5
2026-09-29T10:01:00Z,2026-09-29T12:01:00+02:00,55,ajuntament-mercat,237,56,181,76.4
2026-09-29T10:02:00Z,2026-09-29T12:02:00+02:00,53,dr-robert,407,2,405,99.5
2026-09-29T10:02:00Z,2026-09-29T12:02:00+02:00,54,placa-vella,297,56,241,81.1
2026-09-29T10:02:00Z,2026-09-29T12:02:00+02:00,55,ajuntament-mercat,237,61,176,74.3
2026-09-29T10:03:00Z,2026-09-29T12:03:00+02:00,53,dr-robert,407,2,405,99.5
2026-09-29T10:03:00Z,2026-09-29T12:03:00+02:00,54,placa-vella,297,56,241,81.1
2026-09-29T10:03:00Z,2026-09-29T12:03:00+02:00,55,ajuntament-mercat,237,61,176,74.3
2026-09-29T10:04:00Z,2026-09-29T12:04:00+02:00,53,dr-robert,407,2,405,99.5
2026-09-29T10:04:00Z,2026-09-29T12:04:00+02:00,54,placa-vella,297,56,241,81.1
2026-09-29T10:04:00Z,2026-09-29T12:04:00+02:00,55,ajuntament-mercat,237,61,176,74.3
2026-09-29T10:05:00Z,2026-09-29T12:05:00+02:00,53,dr-robert,407,2,405,99.5
2026-09-29T10:05:00Z,2026-09-29T12:05:00+02:00,54,placa-vella,297,56,241,81.1
2026-09-29T10:05:00Z,2026-09-29T12:05:00+02:00,55,ajuntament-mercat,237,61,176,74.3
2026-09-29T10:06:00Z,2026-09-29T12:06:00+02:00,53,dr-robert,407,2,405,99.5
2026-09-29T10:06:00Z,2026-09-29T12:06:00+02:00,54,placa-vella,297,56,241,81.1
2026-09-29T10:06:00Z,2026-09-29T12:06:00+02:00,55,ajuntament-mercat,237,61,176,74.3
2026-09-29T10:07:00Z,2026-09-29T12:07:00+02:00,53,dr-robert,407,2,405,99.5
2026-09-29T10:07:00Z,2026-09-29T12:07:00+02:00,54,placa-vella,297,56,241,81.1
2026-09-29T10:07:00Z,2026-09-29T12:07:00+02:00,55,ajuntament-mercat,237,61,176,74.3
2026-09-29T10:08:00Z,2026-09-29T12:08:00+02:00,53,dr-robert,407,3,404,99.3
2026-09-29T10:08:00Z,2026-09-29T12:08:00+02:00,54,placa-vella,297,57,240,80.8
2026-09-29T10:08:00Z,2026-09-29T12:08:00+02:00,55,ajuntament-mercat,237,63,174,73.4
2026-09-29T10:09:00Z,2026-09-29T12:09:00+02:00,53,dr-robert,407,3,404,99.3
2026-09-29T10:09:00Z,2026-09-29T12:09:00+02:00,54,placa-vella,297,57,240,80.8
2026-09-29T10:09:00Z,2026-09-29T12:09:00+02:00,55,ajuntament-mercat,237,63,174,73.4
2026-09-29T10:10:00Z,2026-09-29T12:10:00+02:00,53,dr-robert,407,0,407,100
2026-09-29T10:10:00Z,2026-09-29T12:10:00+02:00,54,placa-vella,297,62,235,79.1
2026-09-29T10:10:00Z,2026-09-29T12:10:00+02:00,55,ajuntament-mercat,237,65,172,72.6
2026-09-29T10:11:00Z,2026-09-29T12:11:00+02:00,53,dr-robert,407,0,407,100
2026-09-29T10:11:00Z,2026-09-29T12:11:00+02:00,54,placa-vella,297,62,235,79.1
2026-09-29T10:11:00Z,2026-09-29T12:11:00+02:00,55,ajuntament-mercat,237,65,172,72.6
2026-09-29T10:12:00Z,2026-09-29T12:12:00+02:00,53,dr-robert,407,0,407,100
2026-09-29T10:12:00Z,2026-09-29T12:12:00+02:00,54,placa-vella,297,62,235,79.1
2026-09-29T10:12:00Z,2026-09-29T12:12:00+02:00,55,ajuntament-mercat,237,65,172,72.6
2026-09-29T10:13:00Z,2026-09-29T12:13:00+02:00,53,dr-robert,407,0,407,100
2026-09-29T10:13:00Z,2026-09-29T12:13:00+02:00,54,placa-vella,297,62,235,79.1
2026-09-29T10:13:00Z,2026-09-29T12:13:00+02:00,55,ajuntament-mercat,237,65,172,72.6
2026-09-29T10:14:00Z,2026-09-29T12:14:00+02:00,53,dr-robert,407,0,407,100
2026-09-29T10:14:00Z,2026-09-29T12:14:00+02:00,54,placa-vella,297,62,235,79.1
2026-09-29T10:14:00Z,2026-09-29T12:14:00+02:00,55,ajuntament-mercat,237,65,172,72.6
2026-09-29T10:15:00Z,2026-09-29T12:15:00+02:00,53,dr-robert,407,2,405,99.5
2026-09-29T10:15:00Z,2026-09-29T12:15:00+02:00,54,placa-vella,297,65,232,78.1
2026-09-29T10:15:00Z,2026-09-29T12:15:00+02:00,55,ajuntament-mercat,237,66,171,72.2
2026-09-29T10:16:00Z,2026-09-29T12:16:00+02:00,53,dr-robert,407,2,405,99.5
2026-09-29T10:16:00Z,2026-09-29T12:16:00+02:00,54,placa-vella,297,65,232,78.1
2026-09-29T10:16:00Z,2026-09-29T12:16:00+02:00,55,ajuntament-mercat,237,66,171,72.2
2026-09-29T10:17:00Z,2026-09-29T12:17:00+02:00,53,dr-robert,407,2,405,99.5
2026-09-29T10:17:00Z,2026-09-29T12:17:00+02:00,54,placa-vella,297,65,232,78.1
2026-09-29T10:17:00Z,2026-09-29T12:17:00+02:00,55,ajuntament-mercat,237,66,171,72.2
2026-09-29T10:18:00Z,2026-09-29T12:18:00+02:00,53,dr-robert,407,2,405,99.5
2026-09-29T10:18:00Z,2026-09-29T12:18:00+02:00,54,placa-vella,297,65,232,78.1
2026-09-29T10:18:00Z,2026-09-29T12:18:00+02:00,55,ajuntament-mercat,237,66,171,72.2
2026-09-29T10:19:00Z,2026-09-29T12:19:00+02:00,53,dr-robert,407,2,405,99.5
2026-09-29T10:19:00Z,2026-09-29T12:19:00+02:00,54,placa-vella,297,65,232,78.1
2026-09-29T10:19:00Z,2026-09-29T12:19:00+02:00,55,ajuntament-mercat,237,66,171,72.2
2026-09-29T10:20:00Z,2026-09-29T12:20:00+02:00,53,dr-robert,407,7,400,98.3
2026-09-29T10:20:00Z,2026-09-29T12:20:00+02:00,54,placa-vella,297,66,231,77.8
2026-09-29T10:20:00Z,2026-09-29T12:20:00+02:00,55,ajuntament-mercat,237,65,172,72.6
2026-09-29T10:21:00Z,2026-09-29T12:21:00+02:00,53,dr-robert,407,7,400,98.3
2026-09-29T10:21:00Z,2026-09-29T12:21:00+02:00,54,placa-vella,297,66,231,77.8
2026-09-29T10:21:00Z,2026-09-29T12:21:00+02:00,55,ajuntament-mercat,237,65,172,72.6
2026-09-29T10:22:00Z,2026-09-29T12:22:00+02:00,53,dr-robert,407,7,400,98.3
2026-09-29T10:22:00Z,2026-09-29T12:22:00+02:00,54,placa-vella,297,66,231,77.8
2026-09-29T10:22:00Z,2026-09-29T12:22:00+02:00,55,ajuntament-mercat,237,65,172,72.6
2026-09-29T10:23:00Z,2026-09-29T12:23:00+02:00,53,dr-robert,407,7,400,98.3
2026-09-29T10:23:00Z,2026-09-29T12:23:00+02:00,54,placa-vella,297,66,231,77.8
2026-09-29T10:23:00Z,2026-09-29T12:23:00+02:00,55,ajuntament-mercat,237,65,172,72.6
2026-09-29T10:24:00Z,2026-09-29T12:24:00+02:00,53,dr-robert,407,7,400,98.3
2026-09-29T10:24:00Z,2026-09-29T12:24:00+02:00,54,placa-vella,297,66,231,77.8
2026-09-29T10:24:00Z,2026-09-29T12:24:00+02:00,55,ajuntament-mercat,237,65,172,72.6
2026-09-29T10:25:00Z,2026-09-29T12:25:00+02:00,53,dr-robert,407,12,395,97.1
2026-09-29T10:25:00Z,2026-09-29T12:25:00+02:00,54,placa-vella,297,70,227,76.4
2026-09-29T10:25:00Z,2026-09-29T12:25:00+02:00,55,ajuntament-mercat,237,64,173,73
2026-09-29T10:26:00Z,2026-09-29T12:26:00+02:00,53,dr-robert,407,12,395,97.1
2026-09-29T10:26:00Z,2026-09-29T12:26:00+02:00,54,placa-vella,297,70,227,76.4
2026-09-29T10:26:00Z,2026-09-29T12:26:00+02:00,55,ajuntament-mercat,237,64,173,73
2026-09-29T10:27:00Z,2026-09-29T12:27:00+02:00,53,dr-robert,407,12,395,97.1
2026-09-29T10:27:00Z,2026-09-29T12:27:00+02:00,54,placa-vella,297,70,227,76.4
2026-09-29T10:27:00Z,2026-09-29T12:27:00+02:00,55,ajuntament-mercat,237,64,173,73
2026-09-29T10:28:00Z,2026-09-29T12:28:00+02:00,53,dr-robert,407,12,395,97.1
2026-09-29T10:28:00Z,2026-09-29T12:28:00+02:00,54,placa-vella,297,70,227,76.4
2026-09-29T10:28:00Z,2026-09-29T12:28:00+02:00,55,ajuntament-mercat,237,64,173,73
2026-09-29T10:29:00Z,2026-09-29T12:29:00+02:00,53,dr-robert,407,12,395,97.1
2026-09-29T10:29:00Z,2026-09-29T12:29:00+02:00,54,placa-vella,297,70,227,76.4
2026-09-29T10:29:00Z,2026-09-29T12:29:00+02:00,55,ajuntament-mercat,237,64,173,73
2026-09-29T10:30:00Z,2026-09-29T12:30:00+02:00,53,dr-robert,407,12,395,97.1
2026-09-29T10:30:00Z,2026-09-29T12:30:00+02:00,54,placa-vella,297,70,227,76.4
2026-09-29T10:30:00Z,2026-09-29T12:30:00+02:00,55,ajuntament-mercat,237,64,173,73
2026-09-29T10:31:00Z,2026-09-29T12:31:00+02:00,53,dr-robert,407,11,396,97.3
2026-09-29T10:31:00Z,2026-09-29T12:31:00+02:00,54,placa-vella,297,69,228,76.8
2026-09-29T10:31:00Z,2026-09-29T12:31:00+02:00,55,ajuntament-mercat,237,65,172,72.6
2026-09-29T10:32:00Z,2026-09-29T12:32:00+02:00,53,dr-robert,407,11,396,97.3
2026-09-29T10:32:00Z,2026-09-29T12:32:00+02:00,54,placa-vella,297,69,228,76.8
2026-09-29T10:32:00Z,2026-09-29T12:32:00+02:00,55,ajuntament-mercat,237,65,172,72.6
2026-09-29T10:33:00Z,2026-09-29T12:33:00+02:00,53,dr-robert,407,11,396,97.3
2026-09-29T10:33:00Z,2026-09-29T12:33:00+02:00,54,placa-vella,297,69,228,76.8
2026-09-29T10:33:00Z,2026-09-29T12:33:00+02:00,55,ajuntament-mercat,237,65,172,72.6
2026-09-29T10:34:00Z,2026-09-29T12:34:00+02:00,53,dr-robert,407,11,396,97.3
2026-09-29T10:34:00Z,2026-09-29T12:34:00+02:00,54,placa-vella,297,69,228,76.8
2026-09-29T10:34:00Z,2026-09-29T12:34:00+02:00,55,ajuntament-mercat,237,65,172,72.6
2026-09-29T10:35:00Z,2026-09-29T12:35:00+02:00,53,dr-robert,407,12,395,97.1
2026-09-29T10:35:00Z,2026-09-29T12:35:00+02:00,54,placa-vella,297,67,230,77.4
2026-09-29T10:35:00Z,2026-09-29T12:35:00+02:00,55,ajuntament-mercat,237,69,168,70.9
2026-09-29T10:36:00Z,2026-09-29T12:36:00+02:00,53,dr-robert,407,12,395,97.1
2026-09-29T10:36:00Z,2026-09-29T12:36:00+02:00,54,placa-vella,297,67,230,77.4
2026-09-29T10:36:00Z,2026-09-29T12:36:00+02:00,55,ajuntament-mercat,237,69,168,70.9
2026-09-29T10:37:00Z,2026-09-29T12:37:00+02:00,53,dr-robert,407,12,395,97.1
2026-09-29T10:37:00Z,2026-09-29T12:37:00+02:00,54,placa-vella,297,67,230,77.4
2026-09-29T10:37:00Z,2026-09-29T12:37:00+02:00,55,ajuntament-mercat,237,69,168,70.9
2026-09-29T10:38:00Z,2026-09-29T12:38:00+02:00,53,dr-robert,407,12,395,97.1
2026-09-29T10:38:00Z,2026-09-29T12:38:00+02:00,54,placa-vella,297,67,230,77.4
2026-09-29T10:38:00Z,2026-09-29T12:38:00+02:00,55,ajuntament-mercat,237,69,168,70.9
2026-09-29T10:39:00Z,2026-09-29T12:39:00+02:00,53,dr-robert,407,12,395,97.1
2026-09-29T10:39:00Z,2026-09-29T12:39:00+02:00,54,placa-vella,297,67,230,77.4
2026-09-29T10:39:00Z,2026-09-29T12:39:00+02:00,55,ajuntament-mercat,237,69,168,70.9
2026-09-29T10:40:00Z,2026-09-29T12:40:00+02:00,53,dr-robert,407,14,393,96.6
2026-09-29T10:40:00Z,2026-09-29T12:40:00+02:00,54,placa-vella,297,71,226,76.1
2026-09-29T10:40:00Z,2026-09-29T12:40:00+02:00,55,ajuntament-mercat,237,69,168,70.9
2026-09-29T10:41:00Z,2026-09-29T12:41:00+02:00,53,dr-robert,407,14,393,96.6
2026-09-29T10:41:00Z,2026-09-29T12:41:00+02:00,54,placa-vella,297,71,226,76.1
2026-09-29T10:41:00Z,2026-09-29T12:41:00+02:00,55,ajuntament-mercat,237,69,168,70.9
2026-09-29T10:42:00Z,2026-09-29T12:42:00+02:00,53,dr-robert,407,14,393,96.6
2026-09-29T10:42:00Z,2026-09-29T12:42:00+02:00,54,placa-vella,297,71,226,76.1
2026-09-29T10:42:00Z,2026-09-29T12:42:00+02:00,55,ajuntament-mercat,237,69,168,70.9
2026-09-29T10:43:00Z,2026-09-29T12:43:00+02:00,53,dr-robert,407,14,393,96.6
2026-09-29T10:43:00Z,2026-09-29T12:43:00+02:00,54,placa-vella,297,71,226,76.1
2026-09-29T10:43:00Z,2026-09-29T12:43:00+02:00,55,ajuntament-mercat,237,69,168,70.9
2026-09-29T10:44:00Z,2026-09-29T12:44:00+02:00,53,dr-robert,407,14,393,96.6
2026-09-29T10:44:00Z,2026-09-29T12:44:00+02:00,54,placa-vella,297,71,226,76.1
2026-09-29T10:44:00Z,2026-09-29T12:44:00+02:00,55,ajuntament-mercat,237,69,168,70.9
2026-09-29T10:45:00Z,2026-09-29T12:45:00+02:00,53,dr-robert,407,18,389,95.6
2026-09-29T10:45:00Z,2026-09-29T12:45:00+02:00,54,placa-vella,297,70,227,76.4
2026-09-29T10:45:00Z,2026-09-29T12:45:00+02:00,55,ajuntament-mercat,237,72,165,69.6
2026-09-29T10:46:00Z,2026-09-29T12:46:00+02:00,53,dr-robert,407,18,389,95.6
2026-09-29T10:46:00Z,2026-09-29T12:46:00+02:00,54,placa-vella,297,70,227,76.4
2026-09-29T10:46:00Z,2026-09-29T12:46:00+02:00,55,ajuntament-mercat,237,72,165,69.6
2026-09-29T10:47:00Z,2026-09-29T12:47:00+02:00,53,dr-robert,407,18,389,95.6
2026-09-29T10:47:00Z,2026-09-29T12:47:00+02:00,54,placa-vella,297,70,227,76.4
2026-09-29T10:47:00Z,2026-09-29T12:47:00+02:00,55,ajuntament-mercat,237,72,165,69.6
2026-09-29T10:48:00Z,2026-09-29T12:48:00+02:00,53,dr-robert,407,18,389,95.6
2026-09-29T10:48:00Z,2026-09-29T12:48:00+02:00,54,placa-vella,297,70,227,76.4
2026-09-29T10:48:00Z,2026-09-29T12:48:00+02:00,55,ajuntament-mercat,237,72,165,69.6
2026-09-29T10:49:00Z,2026-09-29T12:49:00+02:00,53,dr-robert,407,18,389,95.6
2026-09-29T10:49:00Z,2026-09-29T12:49:00+02:00,54,placa-vella,297,70,227,76.4
2026-09-29T10:49:00Z,2026-09-29T12:49:00+02:00,55,ajuntament-mercat,237,72,165,69.6
2026-09-29T10:50:00Z,2026-09-29T12:50:00+02:00,53,dr-robert,407,23,384,94.3
2026-09-29T10:50:00Z,2026-09-29T12:50:00+02:00,54,placa-vella,297,70,227,76.4
2026-09-29T10:50:00Z,2026-09-29T12:50:00+02:00,55,ajuntament-mercat,237,71,166,70
2026-09-29T10:51:00Z,2026-09-29T12:51:00+02:00,53,dr-robert,407,23,384,94.3
2026-09-29T10:51:00Z,2026-09-29T12:51:00+02:00,54,placa-vella,297,70,227,76.4
2026-09-29T10:51:00Z,2026-09-29T12:51:00+02:00,55,ajuntament-mercat,237,71,166,70
2026-09-29T10:52:00Z,2026-09-29T12:52:00+02:00,53,dr-robert,407,23,384,94.3
2026-09-29T10:52:00Z,2026-09-29T12:52:00+02:00,54,placa-vella,297,70,227,76.4
2026-09-29T10:52:00Z,2026-09-29T12:52:00+02:00,55,ajuntament-mercat,237,71,166,70
2026-09-29T10:53:00Z,2026-09-29T12:53:00+02:00,53,dr-robert,407,23,384,94.3
2026-09-29T10:53:00Z,2026-09-29T12:53:00+02:00,54,placa-vella,297,70,227,76.4
2026-09-29T10:53:00Z,2026-09-29T12:53:00+02:00,55,ajuntament-mercat,237,71,166,70
2026-09-29T10:54:00Z,2026-09-29T12:54:00+02:00,53,dr-robert,407,23,384,94.3
2026-09-29T10:54:00Z,2026-09-29T12:54:00+02:00,54,placa-vella,297,70,227,76.4
2026-09-29T10:54:00Z,2026-09-29T12:54:00+02:00,55,ajuntament-mercat,237,71,166,70
2026-09-29T10:55:00Z,2026-09-29T12:55:00+02:00,53,dr-robert,407,23,384,94.3
2026-09-29T10:55:00Z,2026-09-29T12:55:00+02:00,54,placa-vella,297,70,227,76.4
2026-09-29T10:55:00Z,2026-09-29T12:55:00+02:00,55,ajuntament-mercat,237,71,166,70
2026-09-29T10:56:00Z,2026-09-29T12:56:00+02:00,53,dr-robert,407,22,385,94.6
2026-09-29T10:56:00Z,2026-09-29T12:56:00+02:00,54,placa-vella,297,69,228,76.8
2026-09-29T10:56:00Z,2026-09-29T12:56:00+02:00,55,ajuntament-mercat,237,76,161,67.9
2026-09-29T10:57:00Z,2026-09-29T12:57:00+02:00,53,dr-robert,407,22,385,94.6
2026-09-29T10:57:00Z,2026-09-29T12:57:00+02:00,54,placa-vella,297,69,228,76.8
2026-09-29T10:57:00Z,2026-09-29T12:57:00+02:00,55,ajuntament-mercat,237,76,161,67.9
2026-09-29T10:58:00Z,2026-09-29T12:58:00+02:00,53,dr-robert,407,22,385,94.6
2026-09-29T10:58:00Z,2026-09-29T12:58:00+02:00,54,placa-vella,297,69,228,76.8
2026-09-29T10:58:00Z,2026-09-29T12:58:00+02:00,55,ajuntament-mercat,237,76,161,67.9
2026-09-29T10:59:00Z,2026-09-29T12:59:00+02:00,53,dr-robert,407,22,385,94.6
2026-09-29T10:59:00Z,2026-09-29T12:59:00+02:00,54,placa-vella,297,69,228,76.8
2026-09-29T10:59:00Z,2026-09-29T12:59:00+02:00,55,ajuntament-mercat,237,76,161,67.9
2026-09-29T11:00:00Z,2026-09-29T13:00:00+02:00,53,dr-robert,407,22,385,94.6
2026-09-29T11:00:00Z,2026-09-29T13:00:00+02:00,54,placa-vella,297,69,228,76.8
2026-09-29T11:00:00Z,2026-09-29T13:00:00+02:00,55,ajuntament-mercat,237,76,161,67.9
2026-09-29T11:01:00Z,2026-09-29T13:01:00+02:00,53,dr-robert,407,22,385,94.6
2026-09-29T11:01:00Z,2026-09-29T13:01:00+02:00,54,placa-vella,297,69,228,76.8
2026-09-29T11:01:00Z,2026-09-29T13:01:00+02:00,55,ajuntament-mercat,237,76,161,67.9
2026-09-29T11:02:00Z,2026-09-29T13:02:00+02:00,53,dr-robert,407,26,381,93.6
2026-09-29T11:02:00Z,2026-09-29T13:02:00+02:00,54,placa-vella,297,74,223,75.1
2026-09-29T11:02:00Z,2026-09-29T13:02:00+02:00,55,ajuntament-mercat,237,80,157,66.2
2026-09-29T11:03:00Z,2026-09-29T13:03:00+02:00,53,dr-robert,407,26,381,93.6
2026-09-29T11:03:00Z,2026-09-29T13:03:00+02:00,54,placa-vella,297,74,223,75.1
2026-09-29T11:03:00Z,2026-09-29T13:03:00+02:00,55,ajuntament-mercat,237,80,157,66.2
2026-09-29T11:04:00Z,2026-09-29T13:04:00+02:00,53,dr-robert,407,26,381,93.6
2026-09-29T11:04:00Z,2026-09-29T13:04:00+02:00,54,placa-vella,297,74,223,75.1
2026-09-29T11:04:00Z,2026-09-29T13:04:00+02:00,55,ajuntament-mercat,237,80,157,66.2
2026-09-29T11:05:00Z,2026-09-29T13:05:00+02:00,53,dr-robert,407,23,384,94.3
2026-09-29T11:05:00Z,2026-09-29T13:05:00+02:00,54,placa-vella,297,73,224,75.4
2026-09-29T11:05:00Z,2026-09-29T13:05:00+02:00,55,ajuntament-mercat,237,81,156,65.8
2026-09-29T11:06:00Z,2026-09-29T13:06:00+02:00,53,dr-robert,407,23,384,94.3
2026-09-29T11:06:00Z,2026-09-29T13:06:00+02:00,54,placa-vella,297,73,224,75.4
2026-09-29T11:06:00Z,2026-09-29T13:06:00+02:00,55,ajuntament-mercat,237,81,156,65.8
2026-09-29T11:07:00Z,2026-09-29T13:07:00+02:00,53,dr-robert,407,23,384,94.3
2026-09-29T11:07:00Z,2026-09-29T13:07:00+02:00,54,placa-vella,297,73,224,75.4
2026-09-29T11:07:00Z,2026-09-29T13:07:00+02:00,55,ajuntament-mercat,237,81,156,65.8
2026-09-29T11:08:00Z,2026-09-29T13:08:00+02:00,53,dr-robert,407,23,384,94.3
2026-09-29T11:08:00Z,2026-09-29T13:08:00+02:00,54,placa-vella,297,73,224,75.4
2026-09-29T11:08:00Z,2026-09-29T13:08:00+02:00,55,ajuntament-mercat,237,81,156,65.8
2026-09-29T11:09:00Z,2026-09-29T13:09:00+02:00,53,dr-robert,407,23,384,94.3
2026-09-29T11:09:00Z,2026-09-29T13:09:00+02:00,54,placa-vella,297,73,224,75.4
2026-09-29T11:09:00Z,2026-09-29T13:09:00+02:00,55,ajuntament-mercat,237,81,156,65.8
2026-09-29T11:10:00Z,2026-09-29T13:10:00+02:00,53,dr-robert,407,23,384,94.3
2026-09-29T11:10:00Z,2026-09-29T13:10:00+02:00,54,placa-vella,297,73,224,75.4
2026-09-29T11:10:00Z,2026-09-29T13:10:00+02:00,55,ajuntament-mercat,237,81,156,65.8
2026-09-29T11:11:00Z,2026-09-29T13:11:00+02:00,53,dr-robert,407,33,374,91.9
2026-09-29T11:11:00Z,2026-09-29T13:11:00+02:00,54,placa-vella,297,75,222,74.7
2026-09-29T11:11:00Z,2026-09-29T13:11:00+02:00,55,ajuntament-mercat,237,81,156,65.8
2026-09-29T11:12:00Z,2026-09-29T13:12:00+02:00,53,dr-robert,407,33,374,91.9
2026-09-29T11:12:00Z,2026-09-29T13:12:00+02:00,54,placa-vella,297,75,222,74.7
2026-09-29T11:12:00Z,2026-09-29T13:12:00+02:00,55,ajuntament-mercat,237,81,156,65.8
2026-09-29T11:13:00Z,2026-09-29T13:13:00+02:00,53,dr-robert,407,33,374,91.9
2026-09-29T11:13:00Z,2026-09-29T13:13:00+02:00,54,placa-vella,297,75,222,74.7
2026-09-29T11:13:00Z,2026-09-29T13:13:00+02:00,55,ajuntament-mercat,237,81,156,65.8
2026-09-29T11:14:00Z,2026-09-29T13:14:00+02:00,53,dr-robert,407,33,374,91.9
2026-09-29T11:14:00Z,2026-09-29T13:14:00+02:00,54,placa-vella,297,75,222,74.7
2026-09-29T11:14:00Z,2026-09-29T13:14:00+02:00,55,ajuntament-mercat,237,81,156,65.8
2026-09-29T11:15:00Z,2026-09-29T13:15:00+02:00,53,dr-robert,407,39,368,90.4
2026-09-29T11:15:00Z,2026-09-29T13:15:00+02:00,54,placa-vella,297,79,218,73.4
2026-09-29T11:15:00Z,2026-09-29T13:15:00+02:00,55,ajuntament-mercat,237,80,157,66.2
2026-09-29T11:16:00Z,2026-09-29T13:16:00+02:00,53,dr-robert,407,39,368,90.4
2026-09-29T11:16:00Z,2026-09-29T13:16:00+02:00,54,placa-vella,297,79,218,73.4
2026-09-29T11:16:00Z,2026-09-29T13:16:00+02:00,55,ajuntament-mercat,237,80,157,66.2
2026-09-29T11:17:00Z,2026-09-29T13:17:00+02:00,53,dr-robert,407,39,368,90.4
2026-09-29T11:17:00Z,2026-09-29T13:17:00+02:00,54,placa-vella,297,79,218,73.4
2026-09-29T11:17:00Z,2026-09-29T13:17:00+02:00,55,ajuntament-mercat,237,80,157,66.2
2026-09-29T11:18:00Z,2026-09-29T13:18:00+02:00,53,dr-robert,407,39,368,90.4
2026-09-29T11:18:00Z,2026-09-29T13:18:00+02:00,54,placa-vella,297,79,218,73.4
2026-09-29T11:18:00Z,2026-09-29T13:18:00+02:00,55,ajuntament-mercat,237,80,157,66.2
2026-09-29T11:19:00Z,2026-09-29T13:19:00+02:00,53,dr-robert,407,39,368,90.4
2026-09-29T11:19:00Z,2026-09-29T13:19:00+02:00,54,placa-vella,297,79,218,73.4
2026-09-29T11:19:00Z,2026-09-29T13:19:00+02:00,55,ajuntament-mercat,237,80,157,66.2
2026-09-29T11:20:00Z,2026-09-29T13:20:00+02:00,53,dr-robert,407,44,363,89.2
2026-09-29T11:20:00Z,2026-09-29T13:20:00+02:00,54,placa-vella,297,78,219,73.7
2026-09-29T11:20:00Z,2026-09-29T13:20:00+02:00,55,ajuntament-mercat,237,79,158,66.7
2026-09-29T11:21:00Z,2026-09-29T13:21:00+02:00,53,dr-robert,407,44,363,89.2
2026-09-29T11:21:00Z,2026-09-29T13:21:00+02:00,54,placa-vella,297,78,219,73.7
2026-09-29T11:21:00Z,2026-09-29T13:21:00+02:00,55,ajuntament-mercat,237,79,158,66.7
2026-09-29T11:22:00Z,2026-09-29T13:22:00+02:00,53,dr-robert,407,44,363,89.2
2026-09-29T11:22:00Z,2026-09-29T13:22:00+02:00,54,placa-vella,297,78,219,73.7
2026-09-29T11:22:00Z,2026-09-29T13:22:00+02:00,55,ajuntament-mercat,237,79,158,66.7
2026-09-29T11:23:00Z,2026-09-29T13:23:00+02:00,53,dr-robert,407,44,363,89.2
2026-09-29T11:23:00Z,2026-09-29T13:23:00+02:00,54,placa-vella,297,78,219,73.7
2026-09-29T11:23:00Z,2026-09-29T13:23:00+02:00,55,ajuntament-mercat,237,79,158,66.7
2026-09-29T11:24:00Z,2026-09-29T13:24:00+02:00,53,dr-robert,407,44,363,89.2
2026-09-29T11:24:00Z,2026-09-29T13:24:00+02:00,54,placa-vella,297,78,219,73.7
2026-09-29T11:24:00Z,2026-09-29T13:24:00+02:00,55,ajuntament-mercat,237,79,158,66.7
2026-09-29T11:25:00Z,2026-09-29T13:25:00+02:00,53,dr-robert,407,53,354,87
2026-09-29T11:25:00Z,2026-09-29T13:25:00+02:00,54,placa-vella,297,81,216,72.7
2026-09-29T11:25:00Z,2026-09-29T13:25:00+02:00,55,ajuntament-mercat,237,80,157,66.2
2026-09-29T11:26:00Z,2026-09-29T13:26:00+02:00,53,dr-robert,407,53,354,87
2026-09-29T11:26:00Z,2026-09-29T13:26:00+02:00,54,placa-vella,297,81,216,72.7
2026-09-29T11:26:00Z,2026-09-29T13:26:00+02:00,55,ajuntament-mercat,237,80,157,66.2
2026-09-29T11:27:00Z,2026-09-29T13:27:00+02:00,53,dr-robert,407,53,354,87
2026-09-29T11:27:00Z,2026-09-29T13:27:00+02:00,54,placa-vella,297,81,216,72.7
2026-09-29T11:27:00Z,2026-09-29T13:27:00+02:00,55,ajuntament-mercat,237,80,157,66.2
2026-09-29T11:28:00Z,2026-09-29T13:28:00+02:00,53,dr-robert,407,53,354,87
2026-09-29T11:28:00Z,2026-09-29T13:28:00+02:00,54,placa-vella,297,81,216,72.7
2026-09-29T11:28:00Z,2026-09-29T13:28:00+02:00,55,ajuntament-mercat,237,80,157,66.2
2026-09-29T11:29:00Z,2026-09-29T13:29:00+02:00,53,dr-robert,407,53,354,87
2026-09-29T11:29:00Z,2026-09-29T13:29:00+02:00,54,placa-vella,297,81,216,72.7
2026-09-29T11:29:00Z,2026-09-29T13:29:00+02:00,55,ajuntament-mercat,237,80,157,66.2
2026-09-29T11:30:00Z,2026-09-29T13:30:00+02:00,53,dr-robert,407,48,359,88.2
2026-09-29T11:30:00Z,2026-09-29T13:30:00+02:00,54,placa-vella,297,80,217,73.1
2026-09-29T11:30:00Z,2026-09-29T13:30:00+02:00,55,ajuntament-mercat,237,80,157,66.2
2026-09-29T11:31:00Z,2026-09-29T13:31:00+02:00,53,dr-robert,407,48,359,88.2
2026-09-29T11:31:00Z,2026-09-29T13:31:00+02:00,54,placa-vella,297,80,217,73.1
2026-09-29T11:31:00Z,2026-09-29T13:31:00+02:00,55,ajuntament-mercat,237,80,157,66.2
2026-09-29T11:32:00Z,2026-09-29T13:32:00+02:00,53,dr-robert,407,48,359,88.2
2026-09-29T11:32:00Z,2026-09-29T13:32:00+02:00,54,placa-vella,297,80,217,73.1
2026-09-29T11:32:00Z,2026-09-29T13:32:00+02:00,55,ajuntament-mercat,237,80,157,66.2
2026-09-29T11:33:00Z,2026-09-29T13:33:00+02:00,53,dr-robert,407,48,359,88.2
2026-09-29T11:33:00Z,2026-09-29T13:33:00+02:00,54,placa-vella,297,80,217,73.1
2026-09-29T11:33:00Z,2026-09-29T13:33:00+02:00,55,ajuntament-mercat,237,80,157,66.2
2026-09-29T11:34:00Z,2026-09-29T13:34:00+02:00,53,dr-robert,407,48,359,88.2
2026-09-29T11:34:00Z,2026-09-29T13:34:00+02:00,54,placa-vella,297,80,217,73.1
2026-09-29T11:34:00Z,2026-09-29T13:34:00+02:00,55,ajuntament-mercat,237,80,157,66.2
2026-09-29T11:35:00Z,2026-09-29T13:35:00+02:00,53,dr-robert,407,56,351,86.2
2026-09-29T11:35:00Z,2026-09-29T13:35:00+02:00,54,placa-vella,297,82,215,72.4
2026-09-29T11:35:00Z,2026-09-29T13:35:00+02:00,55,ajuntament-mercat,237,82,155,65.4
2026-09-29T11:36:00Z,2026-09-29T13:36:00+02:00,53,dr-robert,407,56,351,86.2
2026-09-29T11:36:00Z,2026-09-29T13:36:00+02:00,54,placa-vella,297,82,215,72.4
2026-09-29T11:36:00Z,2026-09-29T13:36:00+02:00,55,ajuntament-mercat,237,82,155,65.4
2026-09-29T11:37:00Z,2026-09-29T13:37:00+02:00,53,dr-robert,407,56,351,86.2
2026-09-29T11:37:00Z,2026-09-29T13:37:00+02:00,54,placa-vella,297,82,215,72.4
2026-09-29T11:37:00Z,2026-09-29T13:37:00+02:00,55,ajuntament-mercat,237,82,155,65.4
2026-09-29T11:38:00Z,2026-09-29T13:38:00+02:00,53,dr-robert,407,56,351,86.2
2026-09-29T11:38:00Z,2026-09-29T13:38:00+02:00,54,placa-vella,297,82,215,72.4
2026-09-29T11:38:00Z,2026-09-29T13:38:00+02:00,55,ajuntament-mercat,237,82,155,65.4
2026-09-29T11:39:00Z,2026-09-29T13:39:00+02:00,53,dr-robert,407,56,351,86.2
2026-09-29T11:39:00Z,2026-09-29T13:39:00+02:00,54,placa-vella,297,82,215,72.4
2026-09-29T11:39:00Z,2026-09-29T13:39:00+02:00,55,ajuntament-mercat,237,82,155,65.4
2026-09-29T11:40:00Z,2026-09-29T13:40:00+02:00,53,dr-robert,407,57,350,86
2026-09-29T11:40:00Z,2026-09-29T13:40:00+02:00,54,placa-vella,297,85,212,71.4
2026-09-29T11:40:00Z,2026-09-29T13:40:00+02:00,55,ajuntament-mercat,237,86,151,63.7
2026-09-29T11:41:00Z,2026-09-29T13:41:00+02:00,53,dr-robert,407,57,350,86
2026-09-29T11:41:00Z,2026-09-29T13:41:00+02:00,54,placa-vella,297,85,212,71.4
2026-09-29T11:41:00Z,2026-09-29T13:41:00+02:00,55,ajuntament-mercat,237,86,151,63.7
2026-09-29T11:42:00Z,2026-09-29T13:42:00+02:00,53,dr-robert,407,57,350,86
2026-09-29T11:42:00Z,2026-09-29T13:42:00+02:00,54,placa-vella,297,85,212,71.4
2026-09-29T11:42:00Z,2026-09-29T13:42:00+02:00,55,ajuntament-mercat,237,86,151,63.7
2026-09-29T11:43:00Z,2026-09-29T13:43:00+02:00,53,dr-robert,407,57,350,86
2026-09-29T11:43:00Z,2026-09-29T13:43:00+02:00,54,placa-vella,297,85,212,71.4
2026-09-29T11:43:00Z,2026-09-29T13:43:00+02:00,55,ajuntament-mercat,237,86,151,63.7
2026-09-29T11:44:00Z,2026-09-29T13:44:00+02:00,53,dr-robert,407,57,350,86
2026-09-29T11:44:00Z,2026-09-29T13:44:00+02:00,54,placa-vella,297,85,212,71.4
2026-09-29T11:44:00Z,2026-09-29T13:44:00+02:00,55,ajuntament-mercat,237,86,151,63.7
2026-09-29T11:45:00Z,2026-09-29T13:45:00+02:00,53,dr-robert,407,60,347,85.3
2026-09-29T11:45:00Z,2026-09-29T13:45:00+02:00,54,placa-vella,297,88,209,70.4
2026-09-29T11:45:00Z,2026-09-29T13:45:00+02:00,55,ajuntament-mercat,237,86,151,63.7
2026-09-29T11:46:00Z,2026-09-29T13:46:00+02:00,53,dr-robert,407,60,347,85.3
2026-09-29T11:46:00Z,2026-09-29T13:46:00+02:00,54,placa-vella,297,88,209,70.4
2026-09-29T11:46:00Z,2026-09-29T13:46:00+02:00,55,ajuntament-mercat,237,86,151,63.7
2026-09-29T11:47:00Z,2026-09-29T13:47:00+02:00,53,dr-robert,407,60,347,85.3
2026-09-29T11:47:00Z,2026-09-29T13:47:00+02:00,54,placa-vella,297,88,209,70.4
2026-09-29T11:47:00Z,2026-09-29T13:47:00+02:00,55,ajuntament-mercat,237,86,151,63.7
2026-09-29T11:48:00Z,2026-09-29T13:48:00+02:00,53,dr-robert,407,60,347,85.3
2026-09-29T11:48:00Z,2026-09-29T13:48:00+02:00,54,placa-vella,297,88,209,70.4
2026-09-29T11:48:00Z,2026-09-29T13:48:00+02:00,55,ajuntament-mercat,237,86,151,63.7
2026-09-29T11:49:00Z,2026-09-29T13:49:00+02:00,53,dr-robert,407,60,347,85.3
2026-09-29T11:49:00Z,2026-09-29T13:49:00+02:00,54,placa-vella,297,88,209,70.4
2026-09-29T11:49:00Z,2026-09-29T13:49:00+02:00,55,ajuntament-mercat,237,86,151,63.7
2026-09-29T11:50:00Z,2026-09-29T13:50:00+02:00,53,dr-robert,407,68,339,83.3
2026-09-29T11:50:00Z,2026-09-29T13:50:00+02:00,54,placa-vella,297,89,208,70
2026-09-29T11:50:00Z,2026-09-29T13:50:00+02:00,55,ajuntament-mercat,237,88,149,62.9
2026-09-29T11:51:00Z,2026-09-29T13:51:00+02:00,53,dr-robert,407,68,339,83.3
2026-09-29T11:51:00Z,2026-09-29T13:51:00+02:00,54,placa-vella,297,89,208,70
2026-09-29T11:51:00Z,2026-09-29T13:51:00+02:00,55,ajuntament-mercat,237,88,149,62.9
2026-09-29T11:52:00Z,2026-09-29T13:52:00+02:00,53,dr-robert,407,68,339,83.3
2026-09-29T11:52:00Z,2026-09-29T13:52:00+02:00,54,placa-vella,297,89,208,70
2026-09-29T11:52:00Z,2026-09-29T13:52:00+02:00,55,ajuntament-mercat,237,88,149,62.9
2026-09-29T11:53:00Z,2026-09-29T13:53:00+02:00,53,dr-robert,407,68,339,83.3
2026-09-29T11:53:00Z,2026-09-29T13:53:00+02:00,54,placa-vella,297,89,208,70
2026-09-29T11:53:00Z,2026-09-29T13:53:00+02:00,55,ajuntament-mercat,237,88,149,62.9
2026-09-29T11:54:00Z,2026-09-29T13:54:00+02:00,53,dr-robert,407,68,339,83.3
2026-09-29T11:54:00Z,2026-09-29T13:54:00+02:00,54,placa-vella,297,89,208,70
2026-09-29T11:54:00Z,2026-09-29T13:54:00+02:00,55,ajuntament-mercat,237,88,149,62.9
2026-09-29T11:55:00Z,2026-09-29T13:55:00+02:00,53,dr-robert,407,73,334,82.1
2026-09-29T11:55:00Z,2026-09-29T13:55:00+02:00,54,placa-vella,297,89,208,70
2026-09-29T11:55:00Z,2026-09-29T13:55:00+02:00,55,ajuntament-mercat,237,91,146,61.6
2026-09-29T11:56:00Z,2026-09-29T13:56:00+02:00,53,dr-robert,407,73,334,82.1
2026-09-29T11:56:00Z,2026-09-29T13:56:00+02:00,54,placa-vella,297,89,208,70
2026-09-29T11:56:00Z,2026-09-29T13:56:00+02:00,55,ajuntament-mercat,237,91,146,61.6
2026-09-29T11:57:00Z,2026-09-29T13:57:00+02:00,53,dr-robert,407,73,334,82.1
2026-09-29T11:57:00Z,2026-09-29T13:57:00+02:00,54,placa-vella,297,89,208,70
2026-09-29T11:57:00Z,2026-09-29T13:57:00+02:00,55,ajuntament-mercat,237,91,146,61.6
2026-09-29T11:58:00Z,2026-09-29T13:58:00+02:00,53,dr-robert,407,73,334,82.1
2026-09-29T11:58:00Z,2026-09-29T13:58:00+02:00,54,placa-vella,297,89,208,70
2026-09-29T11:58:00Z,2026-09-29T13:58:00+02:00,55,ajuntament-mercat,237,91,146,61.6
2026-09-29T11:59:00Z,2026-09-29T13:59:00+02:00,53,dr-robert,407,73,334,82.1
2026-09-29T11:59:00Z,2026-09-29T13:59:00+02:00,54,placa-vella,297,89,208,70
2026-09-29T11:59:00Z,2026-09-29T13:59:00+02:00,55,ajuntament-mercat,237,91,146,61.6
2026-09-29T12:00:00Z,2026-09-29T14:00:00+02:00,53,dr-robert,407,73,334,82.1
2026-09-29T12:00:00Z,2026-09-29T14:00:00+02:00,54,placa-vella,297,89,208,70
2026-09-29T12:00:00Z,2026-09-29T14:00:00+02:00,55,ajuntament-mercat,237,91,146,61.6
2026-09-29T12:01:00Z,2026-09-29T14:01:00+02:00,53,dr-robert,407,78,329,80.8
2026-09-29T12:01:00Z,2026-09-29T14:01:00+02:00,54,placa-vella,297,92,205,69
2026-09-29T12:01:00Z,2026-09-29T14:01:00+02:00,55,ajuntament-mercat,237,91,146,61.6
2026-09-29T12:02:00Z,2026-09-29T14:02:00+02:00,53,dr-robert,407,78,329,80.8
2026-09-29T12:02:00Z,2026-09-29T14:02:00+02:00,54,placa-vella,297,92,205,69
2026-09-29T12:02:00Z,2026-09-29T14:02:00+02:00,55,ajuntament-mercat,237,91,146,61.6
2026-09-29T12:03:00Z,2026-09-29T14:03:00+02:00,53,dr-robert,407,78,329,80.8
2026-09-29T12:03:00Z,2026-09-29T14:03:00+02:00,54,placa-vella,297,92,205,69
2026-09-29T12:03:00Z,2026-09-29T14:03:00+02:00,55,ajuntament-mercat,237,91,146,61.6
2026-09-29T12:04:00Z,2026-09-29T14:04:00+02:00,53,dr-robert,407,78,329,80.8
2026-09-29T12:04:00Z,2026-09-29T14:04:00+02:00,54,placa-vella,297,92,205,69
2026-09-29T12:04:00Z,2026-09-29T14:04:00+02:00,55,ajuntament-mercat,237,91,146,61.6
2026-09-29T12:05:00Z,2026-09-29T14:05:00+02:00,53,dr-robert,407,85,322,79.1
2026-09-29T12:05:00Z,2026-09-29T14:05:00+02:00,54,placa-vella,297,94,203,68.4
2026-09-29T12:05:00Z,2026-09-29T14:05:00+02:00,55,ajuntament-mercat,237,94,143,60.3
2026-09-29T12:06:00Z,2026-09-29T14:06:00+02:00,53,dr-robert,407,85,322,79.1
2026-09-29T12:06:00Z,2026-09-29T14:06:00+02:00,54,placa-vella,297,94,203,68.4
2026-09-29T12:06:00Z,2026-09-29T14:06:00+02:00,55,ajuntament-mercat,237,94,143,60.3
2026-09-29T12:07:00Z,2026-09-29T14:07:00+02:00,53,dr-robert,407,85,322,79.1
2026-09-29T12:07:00Z,2026-09-29T14:07:00+02:00,54,placa-vella,297,94,203,68.4
2026-09-29T12:07:00Z,2026-09-29T14:07:00+02:00,55,ajuntament-mercat,237,94,143,60.3
2026-09-29T12:08:00Z,2026-09-29T14:08:00+02:00,53,dr-robert,407,85,322,79.1
2026-09-29T12:08:00Z,2026-09-29T14:08:00+02:00,54,placa-vella,297,94,203,68.4
2026-09-29T12:08:00Z,2026-09-29T14:08:00+02:00,55,ajuntament-mercat,237,94,143,60.3
2026-09-29T12:09:00Z,2026-09-29T14:09:00+02:00,53,dr-robert,407,85,322,79.1
2026-09-29T12:09:00Z,2026-09-29T14:09:00+02:00,54,placa-vella,297,94,203,68.4
2026-09-29T12:09:00Z,2026-09-29T14:09:00+02:00,55,ajuntament-mercat,237,94,143,60.3
2026-09-29T12:10:00Z,2026-09-29T14:10:00+02:00,53,dr-robert,407,85,322,79.1
2026-09-29T12:10:00Z,2026-09-29T14:10:00+02:00,54,placa-vella,297,94,203,68.4
2026-09-29T12:10:00Z,2026-09-29T14:10:00+02:00,55,ajuntament-mercat,237,94,143,60.3
2026-09-29T12:11:00Z,2026-09-29T14:11:00+02:00,53,dr-robert,407,89,318,78.1
2026-09-29T12:11:00Z,2026-09-29T14:11:00+02:00,54,placa-vella,297,103,194,65.3
2026-09-29T12:11:00Z,2026-09-29T14:11:00+02:00,55,ajuntament-mercat,237,101,136,57.4
2026-09-29T12:12:00Z,2026-09-29T14:12:00+02:00,53,dr-robert,407,89,318,78.1
2026-09-29T12:12:00Z,2026-09-29T14:12:00+02:00,54,placa-vella,297,103,194,65.3
2026-09-29T12:12:00Z,2026-09-29T14:12:00+02:00,55,ajuntament-mercat,237,101,136,57.4
2026-09-29T12:13:00Z,2026-09-29T14:13:00+02:00,53,dr-robert,407,89,318,78.1
2026-09-29T12:13:00Z,2026-09-29T14:13:00+02:00,54,placa-vella,297,103,194,65.3
2026-09-29T12:13:00Z,2026-09-29T14:13:00+02:00,55,ajuntament-mercat,237,101,136,57.4
2026-09-29T12:14:00Z,2026-09-29T14:14:00+02:00,53,dr-robert,407,89,318,78.1
2026-09-29T12:14:00Z,2026-09-29T14:14:00+02:00,54,placa-vella,297,103,194,65.3
2026-09-29T12:14:00Z,2026-09-29T14:14:00+02:00,55,ajuntament-mercat,237,101,136,57.4
2026-09-29T12:15:00Z,2026-09-29T14:15:00+02:00,53,dr-robert,407,92,315,77.4
2026-09-29T12:15:00Z,2026-09-29T14:15:00+02:00,54,placa-vella,297,103,194,65.3
2026-09-29T12:15:00Z,2026-09-29T14:15:00+02:00,55,ajuntament-mercat,237,107,130,54.9
2026-09-29T12:16:00Z,2026-09-29T14:16:00+02:00,53,dr-robert,407,92,315,77.4
2026-09-29T12:16:00Z,2026-09-29T14:16:00+02:00,54,placa-vella,297,103,194,65.3
2026-09-29T12:16:00Z,2026-09-29T14:16:00+02:00,55,ajuntament-mercat,237,107,130,54.9
2026-09-29T12:17:00Z,2026-09-29T14:17:00+02:00,53,dr-robert,407,92,315,77.4
2026-09-29T12:17:00Z,2026-09-29T14:17:00+02:00,54,placa-vella,297,103,194,65.3
2026-09-29T12:17:00Z,2026-09-29T14:17:00+02:00,55,ajuntament-mercat,237,107,130,54.9
2026-09-29T12:18:00Z,2026-09-29T14:18:00+02:00,53,dr-robert,407,92,315,77.4
2026-09-29T12:18:00Z,2026-09-29T14:18:00+02:00,54,placa-vella,297,103,194,65.3
2026-09-29T12:18:00Z,2026-09-29T14:18:00+02:00,55,ajuntament-mercat,237,107,130,54.9
2026-09-29T12:19:00Z,2026-09-29T14:19:00+02:00,53,dr-robert,407,92,315,77.4
2026-09-29T12:19:00Z,2026-09-29T14:19:00+02:00,54,placa-vella,297,103,194,65.3
2026-09-29T12:19:00Z,2026-09-29T14:19:00+02:00,55,ajuntament-mercat,237,107,130,54.9
2026-09-29T12:20:00Z,2026-09-29T14:20:00+02:00,53,dr-robert,407,94,313,76.9
2026-09-29T12:20:00Z,2026-09-29T14:20:00+02:00,54,placa-vella,297,102,195,65.7
2026-09-29T12:20:00Z,2026-09-29T14:20:00+02:00,55,ajuntament-mercat,237,111,126,53.2
2026-09-29T12:21:00Z,2026-09-29T14:21:00+02:00,53,dr-robert,407,94,313,76.9
2026-09-29T12:21:00Z,2026-09-29T14:21:00+02:00,54,placa-vella,297,102,195,65.7
2026-09-29T12:21:00Z,2026-09-29T14:21:00+02:00,55,ajuntament-mercat,237,111,126,53.2
2026-09-29T12:22:00Z,2026-09-29T14:22:00+02:00,53,dr-robert,407,94,313,76.9
2026-09-29T12:22:00Z,2026-09-29T14:22:00+02:00,54,placa-vella,297,102,195,65.7
2026-09-29T12:22:00Z,2026-09-29T14:22:00+02:00,55,ajuntament-mercat,237,111,126,53.2
2026-09-29T12:23:00Z,2026-09-29T14:23:00+02:00,53,dr-robert,407,94,313,76.9
2026-09-29T12:23:00Z,2026-09-29T14:23:00+02:00,54,placa-vella,297,102,195,65.7
2026-09-29T12:23:00Z,2026-09-29T14:23:00+02:00,55,ajuntament-mercat,237,111,126,53.2
2026-09-29T12:24:00Z,2026-09-29T14:24:00+02:00,53,dr-robert,407,94,313,76.9
2026-09-29T12:24:00Z,2026-09-29T14:24:00+02:00,54,placa-vella,297,102,195,65.7
2026-09-29T12:24:00Z,2026-09-29T14:24:00+02:00,55,ajuntament-mercat,237,111,126,53.2
2026-09-29T12:25:00Z,2026-09-29T14:25:00+02:00,53,dr-robert,407,99,308,75.7
2026-09-29T12:25:00Z,2026-09-29T14:25:00+02:00,54,placa-vella,297,102,195,65.7
2026-09-29T12:25:00Z,2026-09-29T14:25:00+02:00,55,ajuntament-mercat,237,113,124,52.3
2026-09-29T12:26:00Z,2026-09-29T14:26:00+02:00,53,dr-robert,407,99,308,75.7
2026-09-29T12:26:00Z,2026-09-29T14:26:00+02:00,54,placa-vella,297,102,195,65.7
2026-09-29T12:26:00Z,2026-09-29T14:26:00+02:00,55,ajuntament-mercat,237,113,124,52.3
2026-09-29T12:27:00Z,2026-09-29T14:27:00+02:00,53,dr-robert,407,99,308,75.7
2026-09-29T12:27:00Z,2026-09-29T14:27:00+02:00,54,placa-vella,297,102,195,65.7
2026-09-29T12:27:00Z,2026-09-29T14:27:00+02:00,55,ajuntament-mercat,237,113,124,52.3
2026-09-29T12:28:00Z,2026-09-29T14:28:00+02:00,53,dr-robert,407,99,308,75.7
2026-09-29T12:28:00Z,2026-09-29T14:28:00+02:00,54,placa-vella,297,102,195,65.7
2026-09-29T12:28:00Z,2026-09-29T14:28:00+02:00,55,ajuntament-mercat,237,113,124,52.3
2026-09-29T12:29:00Z,2026-09-29T14:29:00+02:00,53,dr-robert,407,99,308,75.7
2026-09-29T12:29:00Z,2026-09-29T14:29:00+02:00,54,placa-vella,297,102,195,65.7
2026-09-29T12:29:00Z,2026-09-29T14:29:00+02:00,55,ajuntament-mercat,237,113,124,52.3
2026-09-29T12:30:00Z,2026-09-29T14:30:00+02:00,53,dr-robert,407,99,308,75.7
2026-09-29T12:30:00Z,2026-09-29T14:30:00+02:00,54,placa-vella,297,104,193,65
2026-09-29T12:30:00Z,2026-09-29T14:30:00+02:00,55,ajuntament-mercat,237,114,123,51.9
2026-09-29T12:31:00Z,2026-09-29T14:31:00+02:00,53,dr-robert,407,99,308,75.7
2026-09-29T12:31:00Z,2026-09-29T14:31:00+02:00,54,placa-vella,297,104,193,65
2026-09-29T12:31:00Z,2026-09-29T14:31:00+02:00,55,ajuntament-mercat,237,114,123,51.9
2026-09-29T12:32:00Z,2026-09-29T14:32:00+02:00,53,dr-robert,407,99,308,75.7
2026-09-29T12:32:00Z,2026-09-29T14:32:00+02:00,54,placa-vella,297,104,193,65
2026-09-29T12:32:00Z,2026-09-29T14:32:00+02:00,55,ajuntament-mercat,237,114,123,51.9
2026-09-29T12:33:00Z,2026-09-29T14:33:00+02:00,53,dr-robert,407,99,308,75.7
2026-09-29T12:33:00Z,2026-09-29T14:33:00+02:00,54,placa-vella,297,104,193,65
2026-09-29T12:33:00Z,2026-09-29T14:33:00+02:00,55,ajuntament-mercat,237,114,123,51.9
2026-09-29T12:34:00Z,2026-09-29T14:34:00+02:00,53,dr-robert,407,99,308,75.7
2026-09-29T12:34:00Z,2026-09-29T14:34:00+02:00,54,placa-vella,297,104,193,65
2026-09-29T12:34:00Z,2026-09-29T14:34:00+02:00,55,ajuntament-mercat,237,114,123,51.9
2026-09-29T12:35:00Z,2026-09-29T14:35:00+02:00,53,dr-robert,407,105,302,74.2
2026-09-29T12:35:00Z,2026-09-29T14:35:00+02:00,54,placa-vella,297,107,190,64
2026-09-29T12:35:00Z,2026-09-29T14:35:00+02:00,55,ajuntament-mercat,237,112,125,52.7
2026-09-29T12:36:00Z,2026-09-29T14:36:00+02:00,53,dr-robert,407,105,302,74.2
2026-09-29T12:36:00Z,2026-09-29T14:36:00+02:00,54,placa-vella,297,107,190,64
2026-09-29T12:36:00Z,2026-09-29T14:36:00+02:00,55,ajuntament-mercat,237,112,125,52.7
2026-09-29T12:37:00Z,2026-09-29T14:37:00+02:00,53,dr-robert,407,105,302,74.2
2026-09-29T12:37:00Z,2026-09-29T14:37:00+02:00,54,placa-vella,297,107,190,64
2026-09-29T12:37:00Z,2026-09-29T14:37:00+02:00,55,ajuntament-mercat,237,112,125,52.7
2026-09-29T12:38:00Z,2026-09-29T14:38:00+02:00,53,dr-robert,407,105,302,74.2
2026-09-29T12:38:00Z,2026-09-29T14:38:00+02:00,54,placa-vella,297,107,190,64
2026-09-29T12:38:00Z,2026-09-29T14:38:00+02:00,55,ajuntament-mercat,237,112,125,52.7
2026-09-29T12:39:00Z,2026-09-29T14:39:00+02:00,53,dr-robert,407,105,302,74.2
2026-09-29T12:39:00Z,2026-09-29T14:39:00+02:00,54,placa-vella,297,107,190,64
2026-09-29T12:39:00Z,2026-09-29T14:39:00+02:00,55,ajuntament-mercat,237,112,125,52.7
2026-09-29T12:40:00Z,2026-09-29T14:40:00+02:00,53,dr-robert,407,108,299,73.5
2026-09-29T12:40:00Z,2026-09-29T14:40:00+02:00,54,placa-vella,297,108,189,63.6
2026-09-29T12:40:00Z,2026-09-29T14:40:00+02:00,55,ajuntament-mercat,237,116,121,51.1
2026-09-29T12:41:00Z,2026-09-29T14:41:00+02:00,53,dr-robert,407,108,299,73.5
2026-09-29T12:41:00Z,2026-09-29T14:41:00+02:00,54,placa-vella,297,108,189,63.6
2026-09-29T12:41:00Z,2026-09-29T14:41:00+02:00,55,ajuntament-mercat,237,116,121,51.1
2026-09-29T12:42:00Z,2026-09-29T14:42:00+02:00,53,dr-robert,407,108,299,73.5
2026-09-29T12:42:00Z,2026-09-29T14:42:00+02:00,54,placa-vella,297,108,189,63.6
2026-09-29T12:42:00Z,2026-09-29T14:42:00+02:00,55,ajuntament-mercat,237,116,121,51.1
2026-09-29T12:43:00Z,2026-09-29T14:43:00+02:00,53,dr-robert,407,108,299,73.5
2026-09-29T12:43:00Z,2026-09-29T14:43:00+02:00,54,placa-vella,297,108,189,63.6
2026-09-29T12:43:00Z,2026-09-29T14:43:00+02:00,55,ajuntament-mercat,237,116,121,51.1
2026-09-29T12:44:00Z,2026-09-29T14:44:00+02:00,53,dr-robert,407,108,299,73.5
2026-09-29T12:44:00Z,2026-09-29T14:44:00+02:00,54,placa-vella,297,108,189,63.6
2026-09-29T12:44:00Z,2026-09-29T14:44:00+02:00,55,ajuntament-mercat,237,116,121,51.1
2026-09-29T12:45:00Z,2026-09-29T14:45:00+02:00,53,dr-robert,407,107,300,73.7
2026-09-29T12:45:00Z,2026-09-29T14:45:00+02:00,54,placa-vella,297,112,185,62.3
2026-09-29T12:45:00Z,2026-09-29T14:45:00+02:00,55,ajuntament-mercat,237,118,119,50.2
2026-09-29T12:46:00Z,2026-09-29T14:46:00+02:00,53,dr-robert,407,107,300,73.7
2026-09-29T12:46:00Z,2026-09-29T14:46:00+02:00,54,placa-vella,297,112,185,62.3
2026-09-29T12:46:00Z,2026-09-29T14:46:00+02:00,55,ajuntament-mercat,237,118,119,50.2
2026-09-29T12:47:00Z,2026-09-29T14:47:00+02:00,53,dr-robert,407,107,300,73.7
2026-09-29T12:47:00Z,2026-09-29T14:47:00+02:00,54,placa-vella,297,112,185,62.3
2026-09-29T12:47:00Z,2026-09-29T14:47:00+02:00,55,ajuntament-mercat,237,118,119,50.2
2026-09-29T12:48:00Z,2026-09-29T14:48:00+02:00,53,dr-robert,407,107,300,73.7
2026-09-29T12:48:00Z,2026-09-29T14:48:00+02:00,54,placa-vella,297,112,185,62.3
2026-09-29T12:48:00Z,2026-09-29T14:48:00+02:00,55,ajuntament-mercat,237,118,119,50.2
2026-09-29T12:49:00Z,2026-09-29T14:49:00+02:00,53,dr-robert,407,107,300,73.7
2026-09-29T12:49:00Z,2026-09-29T14:49:00+02:00,54,placa-vella,297,112,185,62.3
2026-09-29T12:49:00Z,2026-09-29T14:49:00+02:00,55,ajuntament-mercat,237,118,119,50.2
2026-09-29T12:50:00Z,2026-09-29T14:50:00+02:00,53,dr-robert,407,111,296,72.7
2026-09-29T12:50:00Z,2026-09-29T14:50:00+02:00,54,placa-vella,297,110,187,63
2026-09-29T12:50:00Z,2026-09-29T14:50:00+02:00,55,ajuntament-mercat,237,114,123,51.9
2026-09-29T12:51:00Z,2026-09-29T14:51:00+02:00,53,dr-robert,407,111,296,72.7
2026-09-29T12:51:00Z,2026-09-29T14:51:00+02:00,54,placa-vella,297,110,187,63
2026-09-29T12:51:00Z,2026-09-29T14:51:00+02:00,55,ajuntament-mercat,237,114,123,51.9
2026-09-29T12:52:00Z,2026-09-29T14:52:00+02:00,53,dr-robert,407,111,296,72.7
2026-09-29T12:52:00Z,2026-09-29T14:52:00+02:00,54,placa-vella,297,110,187,63
2026-09-29T12:52:00Z,2026-09-29T14:52:00+02:00,55,ajuntament-mercat,237,114,123,51.9
2026-09-29T12:53:00Z,2026-09-29T14:53:00+02:00,53,dr-robert,407,111,296,72.7
2026-09-29T12:53:00Z,2026-09-29T14:53:00+02:00,54,placa-vella,297,110,187,63
2026-09-29T12:53:00Z,2026-09-29T14:53:00+02:00,55,ajuntament-mercat,237,114,123,51.9
2026-09-29T12:54:00Z,2026-09-29T14:54:00+02:00,53,dr-robert,407,111,296,72.7
2026-09-29T12:54:00Z,2026-09-29T14:54:00+02:00,54,placa-vella,297,110,187,63
2026-09-29T12:54:00Z,2026-09-29T14:54:00+02:00,55,ajuntament-mercat,237,114,123,51.9
2026-09-29T12:55:00Z,2026-09-29T14:55:00+02:00,53,dr-robert,407,113,294,72.2
2026-09-29T12:55:00Z,2026-09-29T14:55:00+02:00,54,placa-vella,297,117,180,60.6
2026-09-29T12:55:00Z,2026-09-29T14:55:00+02:00,55,ajuntament-mercat,237,115,122,51.5
2026-09-29T12:56:00Z,2026-09-29T14:56:00+02:00,53,dr-robert,407,113,294,72.2
2026-09-29T12:56:00Z,2026-09-29T14:56:00+02:00,54,placa-vella,297,117,180,60.6
2026-09-29T12:56:00Z,2026-09-29T14:56:00+02:00,55,ajuntament-mercat,237,115,122,51.5
2026-09-29T12:57:00Z,2026-09-29T14:57:00+02:00,53,dr-robert,407,113,294,72.2
2026-09-29T12:57:00Z,2026-09-29T14:57:00+02:00,54,placa-vella,297,117,180,60.6
2026-09-29T12:57:00Z,2026-09-29T14:57:00+02:00,55,ajuntament-mercat,237,115,122,51.5
2026-09-29T12:58:00Z,2026-09-29T14:58:00+02:00,53,dr-robert,407,113,294,72.2
2026-09-29T12:58:00Z,2026-09-29T14:58:00+02:00,54,placa-vella,297,117,180,60.6
2026-09-29T12:58:00Z,2026-09-29T14:58:00+02:00,55,ajuntament-mercat,237,115,122,51.5
2026-09-29T12:59:00Z,2026-09-29T14:59:00+02:00,53,dr-robert,407,113,294,72.2
2026-09-29T12:59:00Z,2026-09-29T14:59:00+02:00,54,placa-vella,297,117,180,60.6
2026-09-29T12:59:00Z,2026-09-29T14:59:00+02:00,55,ajuntament-mercat,237,115,122,51.5
2026-09-29T13:00:00Z,2026-09-29T15:00:00+02:00,53,dr-robert,407,113,294,72.2
2026-09-29T13:00:00Z,2026-09-29T15:00:00+02:00,54,placa-vella,297,117,180,60.6
2026-09-29T13:00:00Z,2026-09-29T15:00:00+02:00,55,ajuntament-mercat,237,115,122,51.5
2026-09-29T13:01:00Z,2026-09-29T15:01:00+02:00,53,dr-robert,407,114,293,72
2026-09-29T13:01:00Z,2026-09-29T15:01:00+02:00,54,placa-vella,297,119,178,59.9
2026-09-29T13:01:00Z,2026-09-29T15:01:00+02:00,55,ajuntament-mercat,237,116,121,51.1
2026-09-29T13:02:00Z,2026-09-29T15:02:00+02:00,53,dr-robert,407,114,293,72
2026-09-29T13:02:00Z,2026-09-29T15:02:00+02:00,54,placa-vella,297,119,178,59.9
2026-09-29T13:02:00Z,2026-09-29T15:02:00+02:00,55,ajuntament-mercat,237,116,121,51.1
2026-09-29T13:03:00Z,2026-09-29T15:03:00+02:00,53,dr-robert,407,114,293,72
2026-09-29T13:03:00Z,2026-09-29T15:03:00+02:00,54,placa-vella,297,119,178,59.9
2026-09-29T13:03:00Z,2026-09-29T15:03:00+02:00,55,ajuntament-mercat,237,116,121,51.1
2026-09-29T13:04:00Z,2026-09-29T15:04:00+02:00,53,dr-robert,407,114,293,72
2026-09-29T13:04:00Z,2026-09-29T15:04:00+02:00,54,placa-vella,297,119,178,59.9
2026-09-29T13:04:00Z,2026-09-29T15:04:00+02:00,55,ajuntament-mercat,237,116,121,51.1
2026-09-29T13:05:00Z,2026-09-29T15:05:00+02:00,53,dr-robert,407,115,292,71.7
2026-09-29T13:05:00Z,2026-09-29T15:05:00+02:00,54,placa-vella,297,120,177,59.6
2026-09-29T13:05:00Z,2026-09-29T15:05:00+02:00,55,ajuntament-mercat,237,116,121,51.1
2026-09-29T13:06:00Z,2026-09-29T15:06:00+02:00,53,dr-robert,407,115,292,71.7
2026-09-29T13:06:00Z,2026-09-29T15:06:00+02:00,54,placa-vella,297,120,177,59.6
2026-09-29T13:06:00Z,2026-09-29T15:06:00+02:00,55,ajuntament-mercat,237,116,121,51.1
2026-09-29T13:07:00Z,2026-09-29T15:07:00+02:00,53,dr-robert,407,115,292,71.7
2026-09-29T13:07:00Z,2026-09-29T15:07:00+02:00,54,placa-vella,297,120,177,59.6
2026-09-29T13:07:00Z,2026-09-29T15:07:00+02:00,55,ajuntament-mercat,237,116,121,51.1
2026-09-29T13:08:00Z,2026-09-29T15:08:00+02:00,53,dr-robert,407,115,292,71.7
2026-09-29T13:08:00Z,2026-09-29T15:08:00+02:00,54,placa-vella,297,120,177,59.6
2026-09-29T13:08:00Z,2026-09-29T15:08:00+02:00,55,ajuntament-mercat,237,116,121,51.1
2026-09-29T13:09:00Z,2026-09-29T15:09:00+02:00,53,dr-robert,407,115,292,71.7
2026-09-29T13:09:00Z,2026-09-29T15:09:00+02:00,54,placa-vella,297,120,177,59.6
2026-09-29T13:09:00Z,2026-09-29T15:09:00+02:00,55,ajuntament-mercat,237,116,121,51.1
2026-09-29T13:10:00Z,2026-09-29T15:10:00+02:00,53,dr-robert,407,112,295,72.5
2026-09-29T13:10:00Z,2026-09-29T15:10:00+02:00,54,placa-vella,297,120,177,59.6
2026-09-29T13:10:00Z,2026-09-29T15:10:00+02:00,55,ajuntament-mercat,237,121,116,48.9
2026-09-29T13:11:00Z,2026-09-29T15:11:00+02:00,53,dr-robert,407,112,295,72.5
2026-09-29T13:11:00Z,2026-09-29T15:11:00+02:00,54,placa-vella,297,120,177,59.6
2026-09-29T13:11:00Z,2026-09-29T15:11:00+02:00,55,ajuntament-mercat,237,121,116,48.9
2026-09-29T13:12:00Z,2026-09-29T15:12:00+02:00,53,dr-robert,407,112,295,72.5
2026-09-29T13:12:00Z,2026-09-29T15:12:00+02:00,54,placa-vella,297,120,177,59.6
2026-09-29T13:12:00Z,2026-09-29T15:12:00+02:00,55,ajuntament-mercat,237,121,116,48.9
2026-09-29T13:13:00Z,2026-09-29T15:13:00+02:00,53,dr-robert,407,112,295,72.5
2026-09-29T13:13:00Z,2026-09-29T15:13:00+02:00,54,placa-vella,297,120,177,59.6
2026-09-29T13:13:00Z,2026-09-29T15:13:00+02:00,55,ajuntament-mercat,237,121,116,48.9
2026-09-29T13:14:00Z,2026-09-29T15:14:00+02:00,53,dr-robert,407,112,295,72.5
2026-09-29T13:14:00Z,2026-09-29T15:14:00+02:00,54,placa-vella,297,120,177,59.6
2026-09-29T13:14:00Z,2026-09-29T15:14:00+02:00,55,ajuntament-mercat,237,121,116,48.9
2026-09-29T13:15:00Z,2026-09-29T15:15:00+02:00,53,dr-robert,407,108,299,73.5
2026-09-29T13:15:00Z,2026-09-29T15:15:00+02:00,54,placa-vella,297,123,174,58.6
2026-09-29T13:15:00Z,2026-09-29T15:15:00+02:00,55,ajuntament-mercat,237,128,109,46
2026-09-29T13:16:00Z,2026-09-29T15:16:00+02:00,53,dr-robert,407,108,299,73.5
2026-09-29T13:16:00Z,2026-09-29T15:16:00+02:00,54,placa-vella,297,123,174,58.6
2026-09-29T13:16:00Z,2026-09-29T15:16:00+02:00,55,ajuntament-mercat,237,128,109,46
2026-09-29T13:17:00Z,2026-09-29T15:17:00+02:00,53,dr-robert,407,108,299,73.5
2026-09-29T13:17:00Z,2026-09-29T15:17:00+02:00,54,placa-vella,297,123,174,58.6
2026-09-29T13:17:00Z,2026-09-29T15:17:00+02:00,55,ajuntament-mercat,237,128,109,46
2026-09-29T13:18:00Z,2026-09-29T15:18:00+02:00,53,dr-robert,407,108,299,73.5
2026-09-29T13:18:00Z,2026-09-29T15:18:00+02:00,54,placa-vella,297,123,174,58.6
2026-09-29T13:18:00Z,2026-09-29T15:18:00+02:00,55,ajuntament-mercat,237,128,109,46
2026-09-29T13:19:00Z,2026-09-29T15:19:00+02:00,53,dr-robert,407,108,299,73.5
2026-09-29T13:19:00Z,2026-09-29T15:19:00+02:00,54,placa-vella,297,123,174,58.6
2026-09-29T13:19:00Z,2026-09-29T15:19:00+02:00,55,ajuntament-mercat,237,128,109,46
2026-09-29T13:20:00Z,2026-09-29T15:20:00+02:00,53,dr-robert,407,112,295,72.5
2026-09-29T13:20:00Z,2026-09-29T15:20:00+02:00,54,placa-vella,297,123,174,58.6
2026-09-29T13:20:00Z,2026-09-29T15:20:00+02:00,55,ajuntament-mercat,237,127,110,46.4
2026-09-29T13:21:00Z,2026-09-29T15:21:00+02:00,53,dr-robert,407,112,295,72.5
2026-09-29T13:21:00Z,2026-09-29T15:21:00+02:00,54,placa-vella,297,123,174,58.6
2026-09-29T13:21:00Z,2026-09-29T15:21:00+02:00,55,ajuntament-mercat,237,127,110,46.4
2026-09-29T13:22:00Z,2026-09-29T15:22:00+02:00,53,dr-robert,407,112,295,72.5
2026-09-29T13:22:00Z,2026-09-29T15:22:00+02:00,54,placa-vella,297,123,174,58.6
2026-09-29T13:22:00Z,2026-09-29T15:22:00+02:00,55,ajuntament-mercat,237,127,110,46.4
2026-09-29T13:23:00Z,2026-09-29T15:23:00+02:00,53,dr-robert,407,112,295,72.5
2026-09-29T13:23:00Z,2026-09-29T15:23:00+02:00,54,placa-vella,297,123,174,58.6
2026-09-29T13:23:00Z,2026-09-29T15:23:00+02:00,55,ajuntament-mercat,237,127,110,46.4
2026-09-29T13:24:00Z,2026-09-29T15:24:00+02:00,53,dr-robert,407,112,295,72.5
2026-09-29T13:24:00Z,2026-09-29T15:24:00+02:00,54,placa-vella,297,123,174,58.6
2026-09-29T13:24:00Z,2026-09-29T15:24:00+02:00,55,ajuntament-mercat,237,127,110,46.4
2026-09-29T13:25:00Z,2026-09-29T15:25:00+02:00,53,dr-robert,407,114,293,72
2026-09-29T13:25:00Z,2026-09-29T15:25:00+02:00,54,placa-vella,297,119,178,59.9
2026-09-29T13:25:00Z,2026-09-29T15:25:00+02:00,55,ajuntament-mercat,237,129,108,45.6
2026-09-29T13:26:00Z,2026-09-29T15:26:00+02:00,53,dr-robert,407,114,293,72
2026-09-29T13:26:00Z,2026-09-29T15:26:00+02:00,54,placa-vella,297,119,178,59.9
2026-09-29T13:26:00Z,2026-09-29T15:26:00+02:00,55,ajuntament-mercat,237,129,108,45.6
2026-09-29T13:27:00Z,2026-09-29T15:27:00+02:00,53,dr-robert,407,114,293,72
2026-09-29T13:27:00Z,2026-09-29T15:27:00+02:00,54,placa-vella,297,119,178,59.9
2026-09-29T13:27:00Z,2026-09-29T15:27:00+02:00,55,ajuntament-mercat,237,129,108,45.6
2026-09-29T13:28:00Z,2026-09-29T15:28:00+02:00,53,dr-robert,407,114,293,72
2026-09-29T13:28:00Z,2026-09-29T15:28:00+02:00,54,placa-vella,297,119,178,59.9
2026-09-29T13:28:00Z,2026-09-29T15:28:00+02:00,55,ajuntament-mercat,237,129,108,45.6
2026-09-29T13:29:00Z,2026-09-29T15:29:00+02:00,53,dr-robert,407,114,293,72
2026-09-29T13:29:00Z,2026-09-29T15:29:00+02:00,54,placa-vella,297,119,178,59.9
2026-09-29T13:29:00Z,2026-09-29T15:29:00+02:00,55,ajuntament-mercat,237,129,108,45.6
2026-09-29T13:30:00Z,2026-09-29T15:30:00+02:00,53,dr-robert,407,115,292,71.7
2026-09-29T13:30:00Z,2026-09-29T15:30:00+02:00,54,placa-vella,297,121,176,59.3
2026-09-29T13:30:00Z,2026-09-29T15:30:00+02:00,55,ajuntament-mercat,237,129,108,45.6
2026-09-29T13:31:00Z,2026-09-29T15:31:00+02:00,53,dr-robert,407,115,292,71.7
2026-09-29T13:31:00Z,2026-09-29T15:31:00+02:00,54,placa-vella,297,121,176,59.3
2026-09-29T13:31:00Z,2026-09-29T15:31:00+02:00,55,ajuntament-mercat,237,129,108,45.6
2026-09-29T13:32:00Z,2026-09-29T15:32:00+02:00,53,dr-robert,407,115,292,71.7
2026-09-29T13:32:00Z,2026-09-29T15:32:00+02:00,54,placa-vella,297,121,176,59.3
2026-09-29T13:32:00Z,2026-09-29T15:32:00+02:00,55,ajuntament-mercat,237,129,108,45.6
2026-09-29T13:33:00Z,2026-09-29T15:33:00+02:00,53,dr-robert,407,115,292,71.7
2026-09-29T13:33:00Z,2026-09-29T15:33:00+02:00,54,placa-vella,297,121,176,59.3
2026-09-29T13:33:00Z,2026-09-29T15:33:00+02:00,55,ajuntament-mercat,237,129,108,45.6
2026-09-29T13:34:00Z,2026-09-29T15:34:00+02:00,53,dr-robert,407,115,292,71.7
2026-09-29T13:34:00Z,2026-09-29T15:34:00+02:00,54,placa-vella,297,121,176,59.3
2026-09-29T13:34:00Z,2026-09-29T15:34:00+02:00,55,ajuntament-mercat,237,129,108,45.6
2026-09-29T13:35:00Z,2026-09-29T15:35:00+02:00,53,dr-robert,407,117,290,71.3
2026-09-29T13:35:00Z,2026-09-29T15:35:00+02:00,54,placa-vella,297,119,178,59.9
2026-09-29T13:35:00Z,2026-09-29T15:35:00+02:00,55,ajuntament-mercat,237,129,108,45.6
2026-09-29T13:36:00Z,2026-09-29T15:36:00+02:00,53,dr-robert,407,117,290,71.3
2026-09-29T13:36:00Z,2026-09-29T15:36:00+02:00,54,placa-vella,297,119,178,59.9
2026-09-29T13:36:00Z,2026-09-29T15:36:00+02:00,55,ajuntament-mercat,237,129,108,45.6
2026-09-29T13:37:00Z,2026-09-29T15:37:00+02:00,53,dr-robert,407,117,290,71.3
2026-09-29T13:37:00Z,2026-09-29T15:37:00+02:00,54,placa-vella,297,119,178,59.9
2026-09-29T13:37:00Z,2026-09-29T15:37:00+02:00,55,ajuntament-mercat,237,129,108,45.6
2026-09-29T13:38:00Z,2026-09-29T15:38:00+02:00,53,dr-robert,407,117,290,71.3
2026-09-29T13:38:00Z,2026-09-29T15:38:00+02:00,54,placa-vella,297,119,178,59.9
2026-09-29T13:38:00Z,2026-09-29T15:38:00+02:00,55,ajuntament-mercat,237,129,108,45.6
2026-09-29T13:39:00Z,2026-09-29T15:39:00+02:00,53,dr-robert,407,117,290,71.3
2026-09-29T13:39:00Z,2026-09-29T15:39:00+02:00,54,placa-vella,297,119,178,59.9
2026-09-29T13:39:00Z,2026-09-29T15:39:00+02:00,55,ajuntament-mercat,237,129,108,45.6
2026-09-29T13:40:00Z,2026-09-29T15:40:00+02:00,53,dr-robert,407,119,288,70.8
2026-09-29T13:40:00Z,2026-09-29T15:40:00+02:00,54,placa-vella,297,120,177,59.6
2026-09-29T13:40:00Z,2026-09-29T15:40:00+02:00,55,ajuntament-mercat,237,128,109,46
2026-09-29T13:41:00Z,2026-09-29T15:41:00+02:00,53,dr-robert,407,119,288,70.8
2026-09-29T13:41:00Z,2026-09-29T15:41:00+02:00,54,placa-vella,297,120,177,59.6
2026-09-29T13:41:00Z,2026-09-29T15:41:00+02:00,55,ajuntament-mercat,237,128,109,46
2026-09-29T13:42:00Z,2026-09-29T15:42:00+02:00,53,dr-robert,407,119,288,70.8
2026-09-29T13:42:00Z,2026-09-29T15:42:00+02:00,54,placa-vella,297,120,177,59.6
2026-09-29T13:42:00Z,2026-09-29T15:42:00+02:00,55,ajuntament-mercat,237,128,109,46
2026-09-29T13:43:00Z,2026-09-29T15:43:00+02:00,53,dr-robert,407,119,288,70.8
2026-09-29T13:43:00Z,2026-09-29T15:43:00+02:00,54,placa-vella,297,120,177,59.6
2026-09-29T13:43:00Z,2026-09-29T15:43:00+02:00,55,ajuntament-mercat,237,128,109,46
2026-09-29T13:44:00Z,2026-09-29T15:44:00+02:00,53,dr-robert,407,119,288,70.8
2026-09-29T13:44:00Z,2026-09-29T15:44:00+02:00,54,placa-vella,297,120,177,59.6
2026-09-29T13:44:00Z,2026-09-29T15:44:00+02:00,55,ajuntament-mercat,237,128,109,46
2026-09-29T13:45:00Z,2026-09-29T15:45:00+02:00,53,dr-robert,407,122,285,70
2026-09-29T13:45:00Z,2026-09-29T15:45:00+02:00,54,placa-vella,297,122,175,58.9
2026-09-29T13:45:00Z,2026-09-29T15:45:00+02:00,55,ajuntament-mercat,237,127,110,46.4
2026-09-29T13:46:00Z,2026-09-29T15:46:00+02:00,53,dr-robert,407,122,285,70
2026-09-29T13:46:00Z,2026-09-29T15:46:00+02:00,54,placa-vella,297,122,175,58.9
2026-09-29T13:46:00Z,2026-09-29T15:46:00+02:00,55,ajuntament-mercat,237,127,110,46.4
2026-09-29T13:47:00Z,2026-09-29T15:47:00+02:00,53,dr-robert,407,122,285,70
2026-09-29T13:47:00Z,2026-09-29T15:47:00+02:00,54,placa-vella,297,122,175,58.9
2026-09-29T13:47:00Z,2026-09-29T15:47:00+02:00,55,ajuntament-mercat,237,127,110,46.4
2026-09-29T13:48:00Z,2026-09-29T15:48:00+02:00,53,dr-robert,407,122,285,70
2026-09-29T13:48:00Z,2026-09-29T15:48:00+02:00,54,placa-vella,297,122,175,58.9
2026-09-29T13:48:00Z,2026-09-29T15:48:00+02:00,55,ajuntament-mercat,237,127,110,46.4
2026-09-29T13:49:00Z,2026-09-29T15:49:00+02:00,53,dr-robert,407,122,285,70
2026-09-29T13:49:00Z,2026-09-29T15:49:00+02:00,54,placa-vella,297,122,175,58.9
2026-09-29T13:49:00Z,2026-09-29T15:49:00+02:00,55,ajuntament-mercat,237,127,110,46.4
2026-09-29T13:50:00Z,2026-09-29T15:50:00+02:00,53,dr-robert,407,122,285,70
2026-09-29T13:50:00Z,2026-09-29T15:50:00+02:00,54,placa-vella,297,121,176,59.3
2026-09-29T13:50:00Z,2026-09-29T15:50:00+02:00,55,ajuntament-mercat,237,126,111,46.8
2026-09-29T13:51:00Z,2026-09-29T15:51:00+02:00,53,dr-robert,407,122,285,70
2026-09-29T13:51:00Z,2026-09-29T15:51:00+02:00,54,placa-vella,297,121,176,59.3
2026-09-29T13:51:00Z,2026-09-29T15:51:00+02:00,55,ajuntament-mercat,237,126,111,46.8
2026-09-29T13:52:00Z,2026-09-29T15:52:00+02:00,53,dr-robert,407,122,285,70
2026-09-29T13:52:00Z,2026-09-29T15:52:00+02:00,54,placa-vella,297,121,176,59.3
2026-09-29T13:52:00Z,2026-09-29T15:52:00+02:00,55,ajuntament-mercat,237,126,111,46.8
2026-09-29T13:53:00Z,2026-09-29T15:53:00+02:00,53,dr-robert,407,122,285,70
2026-09-29T13:53:00Z,2026-09-29T15:53:00+02:00,54,placa-vella,297,121,176,59.3
2026-09-29T13:53:00Z,2026-09-29T15:53:00+02:00,55,ajuntament-mercat,237,126,111,46.8
2026-09-29T13:54:00Z,2026-09-29T15:54:00+02:00,53,dr-robert,407,122,285,70
2026-09-29T13:54:00Z,2026-09-29T15:54:00+02:00,54,placa-vella,297,121,176,59.3
2026-09-29T13:54:00Z,2026-09-29T15:54:00+02:00,55,ajuntament-mercat,237,126,111,46.8
2026-09-29T13:55:00Z,2026-09-29T15:55:00+02:00,53,dr-robert,407,123,284,69.8
2026-09-29T13:55:00Z,2026-09-29T15:55:00+02:00,54,placa-vella,297,118,179,60.3
2026-09-29T13:55:00Z,2026-09-29T15:55:00+02:00,55,ajuntament-mercat,237,128,109,46
2026-09-29T13:56:00Z,2026-09-29T15:56:00+02:00,53,dr-robert,407,123,284,69.8
2026-09-29T13:56:00Z,2026-09-29T15:56:00+02:00,54,placa-vella,297,118,179,60.3
2026-09-29T13:56:00Z,2026-09-29T15:56:00+02:00,55,ajuntament-mercat,237,128,109,46
2026-09-29T13:57:00Z,2026-09-29T15:57:00+02:00,53,dr-robert,407,123,284,69.8
2026-09-29T13:57:00Z,2026-09-29T15:57:00+02:00,54,placa-vella,297,118,179,60.3
2026-09-29T13:57:00Z,2026-09-29T15:57:00+02:00,55,ajuntament-mercat,237,128,109,46
2026-09-29T13:58:00Z,2026-09-29T15:58:00+02:00,53,dr-robert,407,123,284,69.8
2026-09-29T13:58:00Z,2026-09-29T15:58:00+02:00,54,placa-vella,297,118,179,60.3
2026-09-29T13:58:00Z,2026-09-29T15:58:00+02:00,55,ajuntament-mercat,237,128,109,46
2026-09-29T13:59:00Z,2026-09-29T15:59:00+02:00,53,dr-robert,407,123,284,69.8
2026-09-29T13:59:00Z,2026-09-29T15:59:00+02:00,54,placa-vella,297,118,179,60.3
2026-09-29T13:59:00Z,2026-09-29T15:59:00+02:00,55,ajuntament-mercat,237,128,109,46
2026-09-29T14:00:00Z,2026-09-29T16:00:00+02:00,53,dr-robert,407,123,284,69.8
2026-09-29T14:00:00Z,2026-09-29T16:00:00+02:00,54,placa-vella,297,118,179,60.3
2026-09-29T14:00:00Z,2026-09-29T16:00:00+02:00,55,ajuntament-mercat,237,128,109,46
2026-09-29T14:01:00Z,2026-09-29T16:01:00+02:00,53,dr-robert,407,136,271,66.6
2026-09-29T14:01:00Z,2026-09-29T16:01:00+02:00,54,placa-vella,297,119,178,59.9
2026-09-29T14:01:00Z,2026-09-29T16:01:00+02:00,55,ajuntament-mercat,237,127,110,46.4
2026-09-29T14:02:00Z,2026-09-29T16:02:00+02:00,53,dr-robert,407,136,271,66.6
2026-09-29T14:02:00Z,2026-09-29T16:02:00+02:00,54,placa-vella,297,119,178,59.9
2026-09-29T14:02:00Z,2026-09-29T16:02:00+02:00,55,ajuntament-mercat,237,127,110,46.4
2026-09-29T14:03:00Z,2026-09-29T16:03:00+02:00,53,dr-robert,407,136,271,66.6
2026-09-29T14:03:00Z,2026-09-29T16:03:00+02:00,54,placa-vella,297,119,178,59.9
2026-09-29T14:03:00Z,2026-09-29T16:03:00+02:00,55,ajuntament-mercat,237,127,110,46.4
2026-09-29T14:04:00Z,2026-09-29T16:04:00+02:00,53,dr-robert,407,136,271,66.6
2026-09-29T14:04:00Z,2026-09-29T16:04:00+02:00,54,placa-vella,297,119,178,59.9
2026-09-29T14:04:00Z,2026-09-29T16:04:00+02:00,55,ajuntament-mercat,237,127,110,46.4
2026-09-29T14:05:00Z,2026-09-29T16:05:00+02:00,53,dr-robert,407,137,270,66.3
2026-09-29T14:05:00Z,2026-09-29T16:05:00+02:00,54,placa-vella,297,119,178,59.9
2026-09-29T14:05:00Z,2026-09-29T16:05:00+02:00,55,ajuntament-mercat,237,126,111,46.8
2026-09-29T14:06:00Z,2026-09-29T16:06:00+02:00,53,dr-robert,407,137,270,66.3
2026-09-29T14:06:00Z,2026-09-29T16:06:00+02:00,54,placa-vella,297,119,178,59.9
2026-09-29T14:06:00Z,2026-09-29T16:06:00+02:00,55,ajuntament-mercat,237,126,111,46.8
2026-09-29T14:07:00Z,2026-09-29T16:07:00+02:00,53,dr-robert,407,137,270,66.3
2026-09-29T14:07:00Z,2026-09-29T16:07:00+02:00,54,placa-vella,297,119,178,59.9
2026-09-29T14:07:00Z,2026-09-29T16:07:00+02:00,55,ajuntament-mercat,237,126,111,46.8
2026-09-29T14:08:00Z,2026-09-29T16:08:00+02:00,53,dr-robert,407,137,270,66.3
2026-09-29T14:08:00Z,2026-09-29T16:08:00+02:00,54,placa-vella,297,119,178,59.9
2026-09-29T14:08:00Z,2026-09-29T16:08:00+02:00,55,ajuntament-mercat,237,126,111,46.8
2026-09-29T14:09:00Z,2026-09-29T16:09:00+02:00,53,dr-robert,407,137,270,66.3
2026-09-29T14:09:00Z,2026-09-29T16:09:00+02:00,54,placa-vella,297,119,178,59.9
2026-09-29T14:09:00Z,2026-09-29T16:09:00+02:00,55,ajuntament-mercat,237,126,111,46.8
2026-09-29T14:10:00Z,2026-09-29T16:10:00+02:00,53,dr-robert,407,135,272,66.8
2026-09-29T14:10:00Z,2026-09-29T16:10:00+02:00,54,placa-vella,297,117,180,60.6
2026-09-29T14:10:00Z,2026-09-29T16:10:00+02:00,55,ajuntament-mercat,237,128,109,46
2026-09-29T14:11:00Z,2026-09-29T16:11:00+02:00,53,dr-robert,407,135,272,66.8
2026-09-29T14:11:00Z,2026-09-29T16:11:00+02:00,54,placa-vella,297,117,180,60.6
2026-09-29T14:11:00Z,2026-09-29T16:11:00+02:00,55,ajuntament-mercat,237,128,109,46
2026-09-29T14:12:00Z,2026-09-29T16:12:00+02:00,53,dr-robert,407,135,272,66.8
2026-09-29T14:12:00Z,2026-09-29T16:12:00+02:00,54,placa-vella,297,117,180,60.6
2026-09-29T14:12:00Z,2026-09-29T16:12:00+02:00,55,ajuntament-mercat,237,128,109,46
2026-09-29T14:13:00Z,2026-09-29T16:13:00+02:00,53,dr-robert,407,135,272,66.8
2026-09-29T14:13:00Z,2026-09-29T16:13:00+02:00,54,placa-vella,297,117,180,60.6
2026-09-29T14:13:00Z,2026-09-29T16:13:00+02:00,55,ajuntament-mercat,237,128,109,46
2026-09-29T14:14:00Z,2026-09-29T16:14:00+02:00,53,dr-robert,407,135,272,66.8
2026-09-29T14:14:00Z,2026-09-29T16:14:00+02:00,54,placa-vella,297,117,180,60.6
2026-09-29T14:14:00Z,2026-09-29T16:14:00+02:00,55,ajuntament-mercat,237,128,109,46
2026-09-29T14:15:00Z,2026-09-29T16:15:00+02:00,53,dr-robert,407,137,270,66.3
2026-09-29T14:15:00Z,2026-09-29T16:15:00+02:00,54,placa-vella,297,120,177,59.6
2026-09-29T14:15:00Z,2026-09-29T16:15:00+02:00,55,ajuntament-mercat,237,127,110,46.4
2026-09-29T14:16:00Z,2026-09-29T16:16:00+02:00,53,dr-robert,407,137,270,66.3
2026-09-29T14:16:00Z,2026-09-29T16:16:00+02:00,54,placa-vella,297,120,177,59.6
2026-09-29T14:16:00Z,2026-09-29T16:16:00+02:00,55,ajuntament-mercat,237,127,110,46.4
2026-09-29T14:17:00Z,2026-09-29T16:17:00+02:00,53,dr-robert,407,137,270,66.3
2026-09-29T14:17:00Z,2026-09-29T16:17:00+02:00,54,placa-vella,297,120,177,59.6
2026-09-29T14:17:00Z,2026-09-29T16:17:00+02:00,55,ajuntament-mercat,237,127,110,46.4
2026-09-29T14:18:00Z,2026-09-29T16:18:00+02:00,53,dr-robert,407,137,270,66.3
2026-09-29T14:18:00Z,2026-09-29T16:18:00+02:00,54,placa-vella,297,120,177,59.6
2026-09-29T14:18:00Z,2026-09-29T16:18:00+02:00,55,ajuntament-mercat,237,127,110,46.4
2026-09-29T14:19:00Z,2026-09-29T16:19:00+02:00,53,dr-robert,407,137,270,66.3
2026-09-29T14:19:00Z,2026-09-29T16:19:00+02:00,54,placa-vella,297,120,177,59.6
2026-09-29T14:19:00Z,2026-09-29T16:19:00+02:00,55,ajuntament-mercat,237,127,110,46.4
2026-09-29T14:20:00Z,2026-09-29T16:20:00+02:00,53,dr-robert,407,141,266,65.4
2026-09-29T14:20:00Z,2026-09-29T16:20:00+02:00,54,placa-vella,297,118,179,60.3
2026-09-29T14:20:00Z,2026-09-29T16:20:00+02:00,55,ajuntament-mercat,237,127,110,46.4
2026-09-29T14:21:00Z,2026-09-29T16:21:00+02:00,53,dr-robert,407,141,266,65.4
2026-09-29T14:21:00Z,2026-09-29T16:21:00+02:00,54,placa-vella,297,118,179,60.3
2026-09-29T14:21:00Z,2026-09-29T16:21:00+02:00,55,ajuntament-mercat,237,127,110,46.4
2026-09-29T14:22:00Z,2026-09-29T16:22:00+02:00,53,dr-robert,407,141,266,65.4
2026-09-29T14:22:00Z,2026-09-29T16:22:00+02:00,54,placa-vella,297,118,179,60.3
2026-09-29T14:22:00Z,2026-09-29T16:22:00+02:00,55,ajuntament-mercat,237,127,110,46.4
2026-09-29T14:23:00Z,2026-09-29T16:23:00+02:00,53,dr-robert,407,141,266,65.4
2026-09-29T14:23:00Z,2026-09-29T16:23:00+02:00,54,placa-vella,297,118,179,60.3
2026-09-29T14:23:00Z,2026-09-29T16:23:00+02:00,55,ajuntament-mercat,237,127,110,46.4
2026-09-29T14:24:00Z,2026-09-29T16:24:00+02:00,53,dr-robert,407,141,266,65.4
2026-09-29T14:24:00Z,2026-09-29T16:24:00+02:00,54,placa-vella,297,118,179,60.3
2026-09-29T14:24:00Z,2026-09-29T16:24:00+02:00,55,ajuntament-mercat,237,127,110,46.4
2026-09-29T14:25:00Z,2026-09-29T16:25:00+02:00,53,dr-robert,407,142,265,65.1
2026-09-29T14:25:00Z,2026-09-29T16:25:00+02:00,54,placa-vella,297,117,180,60.6
2026-09-29T14:25:00Z,2026-09-29T16:25:00+02:00,55,ajuntament-mercat,237,127,110,46.4
2026-09-29T14:26:00Z,2026-09-29T16:26:00+02:00,53,dr-robert,407,142,265,65.1
2026-09-29T14:26:00Z,2026-09-29T16:26:00+02:00,54,placa-vella,297,117,180,60.6
2026-09-29T14:26:00Z,2026-09-29T16:26:00+02:00,55,ajuntament-mercat,237,127,110,46.4
2026-09-29T14:27:00Z,2026-09-29T16:27:00+02:00,53,dr-robert,407,142,265,65.1
2026-09-29T14:27:00Z,2026-09-29T16:27:00+02:00,54,placa-vella,297,117,180,60.6
2026-09-29T14:27:00Z,2026-09-29T16:27:00+02:00,55,ajuntament-mercat,237,127,110,46.4
2026-09-29T14:28:00Z,2026-09-29T16:28:00+02:00,53,dr-robert,407,142,265,65.1
2026-09-29T14:28:00Z,2026-09-29T16:28:00+02:00,54,placa-vella,297,117,180,60.6
2026-09-29T14:28:00Z,2026-09-29T16:28:00+02:00,55,ajuntament-mercat,237,127,110,46.4
2026-09-29T14:29:00Z,2026-09-29T16:29:00+02:00,53,dr-robert,407,142,265,65.1
2026-09-29T14:29:00Z,2026-09-29T16:29:00+02:00,54,placa-vella,297,117,180,60.6
2026-09-29T14:29:00Z,2026-09-29T16:29:00+02:00,55,ajuntament-mercat,237,127,110,46.4
2026-09-29T14:30:00Z,2026-09-29T16:30:00+02:00,53,dr-robert,407,144,263,64.6
2026-09-29T14:30:00Z,2026-09-29T16:30:00+02:00,54,placa-vella,297,117,180,60.6
2026-09-29T14:30:00Z,2026-09-29T16:30:00+02:00,55,ajuntament-mercat,237,124,113,47.7
2026-09-29T14:31:00Z,2026-09-29T16:31:00+02:00,53,dr-robert,407,144,263,64.6
2026-09-29T14:31:00Z,2026-09-29T16:31:00+02:00,54,placa-vella,297,117,180,60.6
2026-09-29T14:31:00Z,2026-09-29T16:31:00+02:00,55,ajuntament-mercat,237,124,113,47.7
2026-09-29T14:32:00Z,2026-09-29T16:32:00+02:00,53,dr-robert,407,144,263,64.6
2026-09-29T14:32:00Z,2026-09-29T16:32:00+02:00,54,placa-vella,297,117,180,60.6
2026-09-29T14:32:00Z,2026-09-29T16:32:00+02:00,55,ajuntament-mercat,237,124,113,47.7
2026-09-29T14:33:00Z,2026-09-29T16:33:00+02:00,53,dr-robert,407,144,263,64.6
2026-09-29T14:33:00Z,2026-09-29T16:33:00+02:00,54,placa-vella,297,117,180,60.6
2026-09-29T14:33:00Z,2026-09-29T16:33:00+02:00,55,ajuntament-mercat,237,124,113,47.7
2026-09-29T14:34:00Z,2026-09-29T16:34:00+02:00,53,dr-robert,407,144,263,64.6
2026-09-29T14:34:00Z,2026-09-29T16:34:00+02:00,54,placa-vella,297,117,180,60.6
2026-09-29T14:34:00Z,2026-09-29T16:34:00+02:00,55,ajuntament-mercat,237,124,113,47.7
2026-09-29T14:35:00Z,2026-09-29T16:35:00+02:00,53,dr-robert,407,144,263,64.6
2026-09-29T14:35:00Z,2026-09-29T16:35:00+02:00,54,placa-vella,297,118,179,60.3
2026-09-29T14:35:00Z,2026-09-29T16:35:00+02:00,55,ajuntament-mercat,237,125,112,47.3
2026-09-29T14:36:00Z,2026-09-29T16:36:00+02:00,53,dr-robert,407,144,263,64.6
2026-09-29T14:36:00Z,2026-09-29T16:36:00+02:00,54,placa-vella,297,118,179,60.3
2026-09-29T14:36:00Z,2026-09-29T16:36:00+02:00,55,ajuntament-mercat,237,125,112,47.3
2026-09-29T14:37:00Z,2026-09-29T16:37:00+02:00,53,dr-robert,407,144,263,64.6
2026-09-29T14:37:00Z,2026-09-29T16:37:00+02:00,54,placa-vella,297,118,179,60.3
2026-09-29T14:37:00Z,2026-09-29T16:37:00+02:00,55,ajuntament-mercat,237,125,112,47.3
2026-09-29T14:38:00Z,2026-09-29T16:38:00+02:00,53,dr-robert,407,144,263,64.6
2026-09-29T14:38:00Z,2026-09-29T16:38:00+02:00,54,placa-vella,297,118,179,60.3
2026-09-29T14:38:00Z,2026-09-29T16:38:00+02:00,55,ajuntament-mercat,237,125,112,47.3
2026-09-29T14:39:00Z,2026-09-29T16:39:00+02:00,53,dr-robert,407,144,263,64.6
2026-09-29T14:39:00Z,2026-09-29T16:39:00+02:00,54,placa-vella,297,118,179,60.3
2026-09-29T14:39:00Z,2026-09-29T16:39:00+02:00,55,ajuntament-mercat,237,125,112,47.3
2026-09-29T14:40:00Z,2026-09-29T16:40:00+02:00,53,dr-robert,407,146,261,64.1
2026-09-29T14:40:00Z,2026-09-29T16:40:00+02:00,54,placa-vella,297,119,178,59.9
2026-09-29T14:40:00Z,2026-09-29T16:40:00+02:00,55,ajuntament-mercat,237,122,115,48.5
2026-09-29T14:41:00Z,2026-09-29T16:41:00+02:00,53,dr-robert,407,146,261,64.1
2026-09-29T14:41:00Z,2026-09-29T16:41:00+02:00,54,placa-vella,297,119,178,59.9
2026-09-29T14:41:00Z,2026-09-29T16:41:00+02:00,55,ajuntament-mercat,237,122,115,48.5
2026-09-29T14:42:00Z,2026-09-29T16:42:00+02:00,53,dr-robert,407,146,261,64.1
2026-09-29T14:42:00Z,2026-09-29T16:42:00+02:00,54,placa-vella,297,119,178,59.9
2026-09-29T14:42:00Z,2026-09-29T16:42:00+02:00,55,ajuntament-mercat,237,122,115,48.5
2026-09-29T14:43:00Z,2026-09-29T16:43:00+02:00,53,dr-robert,407,146,261,64.1
2026-09-29T14:43:00Z,2026-09-29T16:43:00+02:00,54,placa-vella,297,119,178,59.9
2026-09-29T14:43:00Z,2026-09-29T16:43:00+02:00,55,ajuntament-mercat,237,122,115,48.5
2026-09-29T14:44:00Z,2026-09-29T16:44:00+02:00,53,dr-robert,407,146,261,64.1
2026-09-29T14:44:00Z,2026-09-29T16:44:00+02:00,54,placa-vella,297,119,178,59.9
2026-09-29T14:44:00Z,2026-09-29T16:44:00+02:00,55,ajuntament-mercat,237,122,115,48.5
2026-09-29T14:45:00Z,2026-09-29T16:45:00+02:00,53,dr-robert,407,137,270,66.3
2026-09-29T14:45:00Z,2026-09-29T16:45:00+02:00,54,placa-vella,297,121,176,59.3
2026-09-29T14:45:00Z,2026-09-29T16:45:00+02:00,55,ajuntament-mercat,237,122,115,48.5
2026-09-29T14:46:00Z,2026-09-29T16:46:00+02:00,53,dr-robert,407,137,270,66.3
2026-09-29T14:46:00Z,2026-09-29T16:46:00+02:00,54,placa-vella,297,121,176,59.3
2026-09-29T14:46:00Z,2026-09-29T16:46:00+02:00,55,ajuntament-mercat,237,122,115,48.5
2026-09-29T14:47:00Z,2026-09-29T16:47:00+02:00,53,dr-robert,407,137,270,66.3
2026-09-29T14:47:00Z,2026-09-29T16:47:00+02:00,54,placa-vella,297,121,176,59.3
2026-09-29T14:47:00Z,2026-09-29T16:47:00+02:00,55,ajuntament-mercat,237,122,115,48.5
2026-09-29T14:48:00Z,2026-09-29T16:48:00+02:00,53,dr-robert,407,137,270,66.3
2026-09-29T14:48:00Z,2026-09-29T16:48:00+02:00,54,placa-vella,297,121,176,59.3
2026-09-29T14:48:00Z,2026-09-29T16:48:00+02:00,55,ajuntament-mercat,237,122,115,48.5
2026-09-29T14:49:00Z,2026-09-29T16:49:00+02:00,53,dr-robert,407,137,270,66.3
2026-09-29T14:49:00Z,2026-09-29T16:49:00+02:00,54,placa-vella,297,121,176,59.3
2026-09-29T14:49:00Z,2026-09-29T16:49:00+02:00,55,ajuntament-mercat,237,122,115,48.5
2026-09-29T14:50:00Z,2026-09-29T16:50:00+02:00,53,dr-robert,407,130,277,68.1
2026-09-29T14:50:00Z,2026-09-29T16:50:00+02:00,54,placa-vella,297,121,176,59.3
2026-09-29T14:50:00Z,2026-09-29T16:50:00+02:00,55,ajuntament-mercat,237,119,118,49.8
2026-09-29T14:51:00Z,2026-09-29T16:51:00+02:00,53,dr-robert,407,130,277,68.1
2026-09-29T14:51:00Z,2026-09-29T16:51:00+02:00,54,placa-vella,297,121,176,59.3
2026-09-29T14:51:00Z,2026-09-29T16:51:00+02:00,55,ajuntament-mercat,237,119,118,49.8
2026-09-29T14:52:00Z,2026-09-29T16:52:00+02:00,53,dr-robert,407,130,277,68.1
2026-09-29T14:52:00Z,2026-09-29T16:52:00+02:00,54,placa-vella,297,121,176,59.3
2026-09-29T14:52:00Z,2026-09-29T16:52:00+02:00,55,ajuntament-mercat,237,119,118,49.8
2026-09-29T14:53:00Z,2026-09-29T16:53:00+02:00,53,dr-robert,407,130,277,68.1
2026-09-29T14:53:00Z,2026-09-29T16:53:00+02:00,54,placa-vella,297,121,176,59.3
2026-09-29T14:53:00Z,2026-09-29T16:53:00+02:00,55,ajuntament-mercat,237,119,118,49.8
2026-09-29T14:54:00Z,2026-09-29T16:54:00+02:00,53,dr-robert,407,130,277,68.1
2026-09-29T14:54:00Z,2026-09-29T16:54:00+02:00,54,placa-vella,297,121,176,59.3
2026-09-29T14:54:00Z,2026-09-29T16:54:00+02:00,55,ajuntament-mercat,237,119,118,49.8
2026-09-29T14:55:00Z,2026-09-29T16:55:00+02:00,53,dr-robert,407,120,287,70.5
2026-09-29T14:55:00Z,2026-09-29T16:55:00+02:00,54,placa-vella,297,116,181,60.9
2026-09-29T14:55:00Z,2026-09-29T16:55:00+02:00,55,ajuntament-mercat,237,117,120,50.6
2026-09-29T14:56:00Z,2026-09-29T16:56:00+02:00,53,dr-robert,407,120,287,70.5
2026-09-29T14:56:00Z,2026-09-29T16:56:00+02:00,54,placa-vella,297,116,181,60.9
2026-09-29T14:56:00Z,2026-09-29T16:56:00+02:00,55,ajuntament-mercat,237,117,120,50.6
2026-09-29T14:57:00Z,2026-09-29T16:57:00+02:00,53,dr-robert,407,120,287,70.5
2026-09-29T14:57:00Z,2026-09-29T16:57:00+02:00,54,placa-vella,297,116,181,60.9
2026-09-29T14:57:00Z,2026-09-29T16:57:00+02:00,55,ajuntament-mercat,237,117,120,50.6
2026-09-29T14:58:00Z,2026-09-29T16:58:00+02:00,53,dr-robert,407,120,287,70.5
2026-09-29T14:58:00Z,2026-09-29T16:58:00+02:00,54,placa-vella,297,116,181,60.9
2026-09-29T14:58:00Z,2026-09-29T16:58:00+02:00,55,ajuntament-mercat,237,117,120,50.6
2026-09-29T14:59:00Z,2026-09-29T16:59:00+02:00,53,dr-robert,407,120,287,70.5
2026-09-29T14:59:00Z,2026-09-29T16:59:00+02:00,54,placa-vella,297,116,181,60.9
2026-09-29T14:59:00Z,2026-09-29T16:59:00+02:00,55,ajuntament-mercat,237,117,120,50.6
2026-09-29T15:00:00Z,2026-09-29T17:00:00+02:00,53,dr-robert,407,112,295,72.5
2026-09-29T15:00:00Z,2026-09-29T17:00:00+02:00,54,placa-vella,297,112,185,62.3
2026-09-29T15:00:00Z,2026-09-29T17:00:00+02:00,55,ajuntament-mercat,237,114,123,51.9
2026-09-29T15:01:00Z,2026-09-29T17:01:00+02:00,53,dr-robert,407,112,295,72.5
2026-09-29T15:01:00Z,2026-09-29T17:01:00+02:00,54,placa-vella,297,112,185,62.3
2026-09-29T15:01:00Z,2026-09-29T17:01:00+02:00,55,ajuntament-mercat,237,114,123,51.9
2026-09-29T15:02:00Z,2026-09-29T17:02:00+02:00,53,dr-robert,407,112,295,72.5
2026-09-29T15:02:00Z,2026-09-29T17:02:00+02:00,54,placa-vella,297,112,185,62.3
2026-09-29T15:02:00Z,2026-09-29T17:02:00+02:00,55,ajuntament-mercat,237,114,123,51.9
2026-09-29T15:03:00Z,2026-09-29T17:03:00+02:00,53,dr-robert,407,112,295,72.5
2026-09-29T15:03:00Z,2026-09-29T17:03:00+02:00,54,placa-vella,297,112,185,62.3
2026-09-29T15:03:00Z,2026-09-29T17:03:00+02:00,55,ajuntament-mercat,237,114,123,51.9
2026-09-29T15:04:00Z,2026-09-29T17:04:00+02:00,53,dr-robert,407,112,295,72.5
2026-09-29T15:04:00Z,2026-09-29T17:04:00+02:00,54,placa-vella,297,112,185,62.3
2026-09-29T15:04:00Z,2026-09-29T17:04:00+02:00,55,ajuntament-mercat,237,114,123,51.9
2026-09-29T15:05:00Z,2026-09-29T17:05:00+02:00,53,dr-robert,407,121,286,70.3
2026-09-29T15:05:00Z,2026-09-29T17:05:00+02:00,54,placa-vella,297,107,190,64
2026-09-29T15:05:00Z,2026-09-29T17:05:00+02:00,55,ajuntament-mercat,237,112,125,52.7
2026-09-29T15:06:00Z,2026-09-29T17:06:00+02:00,53,dr-robert,407,121,286,70.3
2026-09-29T15:06:00Z,2026-09-29T17:06:00+02:00,54,placa-vella,297,107,190,64
2026-09-29T15:06:00Z,2026-09-29T17:06:00+02:00,55,ajuntament-mercat,237,112,125,52.7
2026-09-29T15:07:00Z,2026-09-29T17:07:00+02:00,53,dr-robert,407,121,286,70.3
2026-09-29T15:07:00Z,2026-09-29T17:07:00+02:00,54,placa-vella,297,107,190,64
2026-09-29T15:07:00Z,2026-09-29T17:07:00+02:00,55,ajuntament-mercat,237,112,125,52.7
2026-09-29T15:08:00Z,2026-09-29T17:08:00+02:00,53,dr-robert,407,121,286,70.3
2026-09-29T15:08:00Z,2026-09-29T17:08:00+02:00,54,placa-vella,297,107,190,64
2026-09-29T15:08:00Z,2026-09-29T17:08:00+02:00,55,ajuntament-mercat,237,112,125,52.7
2026-09-29T15:09:00Z,2026-09-29T17:09:00+02:00,53,dr-robert,407,121,286,70.3
2026-09-29T15:09:00Z,2026-09-29T17:09:00+02:00,54,placa-vella,297,107,190,64
2026-09-29T15:09:00Z,2026-09-29T17:09:00+02:00,55,ajuntament-mercat,237,112,125,52.7
2026-09-29T15:10:00Z,2026-09-29T17:10:00+02:00,53,dr-robert,407,131,276,67.8
2026-09-29T15:10:00Z,2026-09-29T17:10:00+02:00,54,placa-vella,297,107,190,64
2026-09-29T15:10:00Z,2026-09-29T17:10:00+02:00,55,ajuntament-mercat,237,112,125,52.7
2026-09-29T15:11:00Z,2026-09-29T17:11:00+02:00,53,dr-robert,407,131,276,67.8
2026-09-29T15:11:00Z,2026-09-29T17:11:00+02:00,54,placa-vella,297,107,190,64
2026-09-29T15:11:00Z,2026-09-29T17:11:00+02:00,55,ajuntament-mercat,237,112,125,52.7
2026-09-29T15:12:00Z,2026-09-29T17:12:00+02:00,53,dr-robert,407,131,276,67.8
2026-09-29T15:12:00Z,2026-09-29T17:12:00+02:00,54,placa-vella,297,107,190,64
2026-09-29T15:12:00Z,2026-09-29T17:12:00+02:00,55,ajuntament-mercat,237,112,125,52.7
2026-09-29T15:13:00Z,2026-09-29T17:13:00+02:00,53,dr-robert,407,131,276,67.8
2026-09-29T15:13:00Z,2026-09-29T17:13:00+02:00,54,placa-vella,297,107,190,64
2026-09-29T15:13:00Z,2026-09-29T17:13:00+02:00,55,ajuntament-mercat,237,112,125,52.7
2026-09-29T15:14:00Z,2026-09-29T17:14:00+02:00,53,dr-robert,407,131,276,67.8
2026-09-29T15:14:00Z,2026-09-29T17:14:00+02:00,54,placa-vella,297,107,190,64
2026-09-29T15:14:00Z,2026-09-29T17:14:00+02:00,55,ajuntament-mercat,237,112,125,52.7
2026-09-29T15:15:00Z,2026-09-29T17:15:00+02:00,53,dr-robert,407,139,268,65.8
2026-09-29T15:15:00Z,2026-09-29T17:15:00+02:00,54,placa-vella,297,103,194,65.3
2026-09-29T15:15:00Z,2026-09-29T17:15:00+02:00,55,ajuntament-mercat,237,110,127,53.6
2026-09-29T15:16:00Z,2026-09-29T17:16:00+02:00,53,dr-robert,407,139,268,65.8
2026-09-29T15:16:00Z,2026-09-29T17:16:00+02:00,54,placa-vella,297,103,194,65.3
2026-09-29T15:16:00Z,2026-09-29T17:16:00+02:00,55,ajuntament-mercat,237,110,127,53.6
2026-09-29T15:17:00Z,2026-09-29T17:17:00+02:00,53,dr-robert,407,139,268,65.8
2026-09-29T15:17:00Z,2026-09-29T17:17:00+02:00,54,placa-vella,297,103,194,65.3
2026-09-29T15:17:00Z,2026-09-29T17:17:00+02:00,55,ajuntament-mercat,237,110,127,53.6
2026-09-29T15:18:00Z,2026-09-29T17:18:00+02:00,53,dr-robert,407,139,268,65.8
2026-09-29T15:18:00Z,2026-09-29T17:18:00+02:00,54,placa-vella,297,103,194,65.3
2026-09-29T15:18:00Z,2026-09-29T17:18:00+02:00,55,ajuntament-mercat,237,110,127,53.6
2026-09-29T15:19:00Z,2026-09-29T17:19:00+02:00,53,dr-robert,407,139,268,65.8
2026-09-29T15:19:00Z,2026-09-29T17:19:00+02:00,54,placa-vella,297,103,194,65.3
2026-09-29T15:19:00Z,2026-09-29T17:19:00+02:00,55,ajuntament-mercat,237,110,127,53.6
2026-09-29T15:20:00Z,2026-09-29T17:20:00+02:00,53,dr-robert,407,145,262,64.4
2026-09-29T15:20:00Z,2026-09-29T17:20:00+02:00,54,placa-vella,297,103,194,65.3
2026-09-29T15:20:00Z,2026-09-29T17:20:00+02:00,55,ajuntament-mercat,237,112,125,52.7
2026-09-29T15:21:00Z,2026-09-29T17:21:00+02:00,53,dr-robert,407,145,262,64.4
2026-09-29T15:21:00Z,2026-09-29T17:21:00+02:00,54,placa-vella,297,103,194,65.3
2026-09-29T15:21:00Z,2026-09-29T17:21:00+02:00,55,ajuntament-mercat,237,112,125,52.7
2026-09-29T15:22:00Z,2026-09-29T17:22:00+02:00,53,dr-robert,407,145,262,64.4
2026-09-29T15:22:00Z,2026-09-29T17:22:00+02:00,54,placa-vella,297,103,194,65.3
2026-09-29T15:22:00Z,2026-09-29T17:22:00+02:00,55,ajuntament-mercat,237,112,125,52.7
2026-09-29T15:23:00Z,2026-09-29T17:23:00+02:00,53,dr-robert,407,145,262,64.4
2026-09-29T15:23:00Z,2026-09-29T17:23:00+02:00,54,placa-vella,297,103,194,65.3
2026-09-29T15:23:00Z,2026-09-29T17:23:00+02:00,55,ajuntament-mercat,237,112,125,52.7
2026-09-29T15:24:00Z,2026-09-29T17:24:00+02:00,53,dr-robert,407,145,262,64.4
2026-09-29T15:24:00Z,2026-09-29T17:24:00+02:00,54,placa-vella,297,103,194,65.3
2026-09-29T15:24:00Z,2026-09-29T17:24:00+02:00,55,ajuntament-mercat,237,112,125,52.7
2026-09-29T15:25:00Z,2026-09-29T17:25:00+02:00,53,dr-robert,407,145,262,64.4
2026-09-29T15:25:00Z,2026-09-29T17:25:00+02:00,54,placa-vella,297,109,188,63.3
2026-09-29T15:25:00Z,2026-09-29T17:25:00+02:00,55,ajuntament-mercat,237,110,127,53.6
2026-09-29T15:26:00Z,2026-09-29T17:26:00+02:00,53,dr-robert,407,145,262,64.4
2026-09-29T15:26:00Z,2026-09-29T17:26:00+02:00,54,placa-vella,297,109,188,63.3
2026-09-29T15:26:00Z,2026-09-29T17:26:00+02:00,55,ajuntament-mercat,237,110,127,53.6
2026-09-29T15:27:00Z,2026-09-29T17:27:00+02:00,53,dr-robert,407,145,262,64.4
2026-09-29T15:27:00Z,2026-09-29T17:27:00+02:00,54,placa-vella,297,109,188,63.3
2026-09-29T15:27:00Z,2026-09-29T17:27:00+02:00,55,ajuntament-mercat,237,110,127,53.6
2026-09-29T15:28:00Z,2026-09-29T17:28:00+02:00,53,dr-robert,407,145,262,64.4
2026-09-29T15:28:00Z,2026-09-29T17:28:00+02:00,54,placa-vella,297,109,188,63.3
2026-09-29T15:28:00Z,2026-09-29T17:28:00+02:00,55,ajuntament-mercat,237,110,127,53.6
2026-09-29T15:29:00Z,2026-09-29T17:29:00+02:00,53,dr-robert,407,145,262,64.4
2026-09-29T15:29:00Z,2026-09-29T17:29:00+02:00,54,placa-vella,297,109,188,63.3
2026-09-29T15:29:00Z,2026-09-29T17:29:00+02:00,55,ajuntament-mercat,237,110,127,53.6
2026-09-29T15:30:00Z,2026-09-29T17:30:00+02:00,53,dr-robert,407,149,258,63.4
2026-09-29T15:30:00Z,2026-09-29T17:30:00+02:00,54,placa-vella,297,103,194,65.3
2026-09-29T15:30:00Z,2026-09-29T17:30:00+02:00,55,ajuntament-mercat,237,111,126,53.2
2026-09-29T15:31:00Z,2026-09-29T17:31:00+02:00,53,dr-robert,407,149,258,63.4
2026-09-29T15:31:00Z,2026-09-29T17:31:00+02:00,54,placa-vella,297,103,194,65.3
2026-09-29T15:31:00Z,2026-09-29T17:31:00+02:00,55,ajuntament-mercat,237,111,126,53.2
2026-09-29T15:32:00Z,2026-09-29T17:32:00+02:00,53,dr-robert,407,149,258,63.4
2026-09-29T15:32:00Z,2026-09-29T17:32:00+02:00,54,placa-vella,297,103,194,65.3
2026-09-29T15:32:00Z,2026-09-29T17:32:00+02:00,55,ajuntament-mercat,237,111,126,53.2
2026-09-29T15:33:00Z,2026-09-29T17:33:00+02:00,53,dr-robert,407,149,258,63.4
2026-09-29T15:33:00Z,2026-09-29T17:33:00+02:00,54,placa-vella,297,103,194,65.3
2026-09-29T15:33:00Z,2026-09-29T17:33:00+02:00,55,ajuntament-mercat,237,111,126,53.2
2026-09-29T15:34:00Z,2026-09-29T17:34:00+02:00,53,dr-robert,407,149,258,63.4
2026-09-29T15:34:00Z,2026-09-29T17:34:00+02:00,54,placa-vella,297,103,194,65.3
2026-09-29T15:34:00Z,2026-09-29T17:34:00+02:00,55,ajuntament-mercat,237,111,126,53.2
2026-09-29T15:35:00Z,2026-09-29T17:35:00+02:00,53,dr-robert,407,144,263,64.6
2026-09-29T15:35:00Z,2026-09-29T17:35:00+02:00,54,placa-vella,297,106,191,64.3
2026-09-29T15:35:00Z,2026-09-29T17:35:00+02:00,55,ajuntament-mercat,237,107,130,54.9
2026-09-29T15:36:00Z,2026-09-29T17:36:00+02:00,53,dr-robert,407,144,263,64.6
2026-09-29T15:36:00Z,2026-09-29T17:36:00+02:00,54,placa-vella,297,106,191,64.3
2026-09-29T15:36:00Z,2026-09-29T17:36:00+02:00,55,ajuntament-mercat,237,107,130,54.9
2026-09-29T15:37:00Z,2026-09-29T17:37:00+02:00,53,dr-robert,407,144,263,64.6
2026-09-29T15:37:00Z,2026-09-29T17:37:00+02:00,54,placa-vella,297,106,191,64.3
2026-09-29T15:37:00Z,2026-09-29T17:37:00+02:00,55,ajuntament-mercat,237,107,130,54.9
2026-09-29T15:38:00Z,2026-09-29T17:38:00+02:00,53,dr-robert,407,144,263,64.6
2026-09-29T15:38:00Z,2026-09-29T17:38:00+02:00,54,placa-vella,297,106,191,64.3
2026-09-29T15:38:00Z,2026-09-29T17:38:00+02:00,55,ajuntament-mercat,237,107,130,54.9
2026-09-29T15:39:00Z,2026-09-29T17:39:00+02:00,53,dr-robert,407,144,263,64.6
2026-09-29T15:39:00Z,2026-09-29T17:39:00+02:00,54,placa-vella,297,106,191,64.3
2026-09-29T15:39:00Z,2026-09-29T17:39:00+02:00,55,ajuntament-mercat,237,107,130,54.9
2026-09-29T15:40:00Z,2026-09-29T17:40:00+02:00,53,dr-robert,407,143,264,64.9
2026-09-29T15:40:00Z,2026-09-29T17:40:00+02:00,54,placa-vella,297,106,191,64.3
2026-09-29T15:40:00Z,2026-09-29T17:40:00+02:00,55,ajuntament-mercat,237,109,128,54
2026-09-29T15:41:00Z,2026-09-29T17:41:00+02:00,53,dr-robert,407,143,264,64.9
2026-09-29T15:41:00Z,2026-09-29T17:41:00+02:00,54,placa-vella,297,106,191,64.3
2026-09-29T15:41:00Z,2026-09-29T17:41:00+02:00,55,ajuntament-mercat,237,109,128,54
2026-09-29T15:42:00Z,2026-09-29T17:42:00+02:00,53,dr-robert,407,143,264,64.9
2026-09-29T15:42:00Z,2026-09-29T17:42:00+02:00,54,placa-vella,297,106,191,64.3
2026-09-29T15:42:00Z,2026-09-29T17:42:00+02:00,55,ajuntament-mercat,237,109,128,54
2026-09-29T15:43:00Z,2026-09-29T17:43:00+02:00,53,dr-robert,407,143,264,64.9
2026-09-29T15:43:00Z,2026-09-29T17:43:00+02:00,54,placa-vella,297,106,191,64.3
2026-09-29T15:43:00Z,2026-09-29T17:43:00+02:00,55,ajuntament-mercat,237,109,128,54
2026-09-29T15:44:00Z,2026-09-29T17:44:00+02:00,53,dr-robert,407,143,264,64.9
2026-09-29T15:44:00Z,2026-09-29T17:44:00+02:00,54,placa-vella,297,106,191,64.3
2026-09-29T15:44:00Z,2026-09-29T17:44:00+02:00,55,ajuntament-mercat,237,109,128,54
2026-09-29T15:45:00Z,2026-09-29T17:45:00+02:00,53,dr-robert,407,145,262,64.4
2026-09-29T15:45:00Z,2026-09-29T17:45:00+02:00,54,placa-vella,297,101,196,66
2026-09-29T15:45:00Z,2026-09-29T17:45:00+02:00,55,ajuntament-mercat,237,109,128,54
2026-09-29T15:46:00Z,2026-09-29T17:46:00+02:00,53,dr-robert,407,145,262,64.4
2026-09-29T15:46:00Z,2026-09-29T17:46:00+02:00,54,placa-vella,297,101,196,66
2026-09-29T15:46:00Z,2026-09-29T17:46:00+02:00,55,ajuntament-mercat,237,109,128,54
2026-09-29T15:47:00Z,2026-09-29T17:47:00+02:00,53,dr-robert,407,145,262,64.4
2026-09-29T15:47:00Z,2026-09-29T17:47:00+02:00,54,placa-vella,297,101,196,66
2026-09-29T15:47:00Z,2026-09-29T17:47:00+02:00,55,ajuntament-mercat,237,109,128,54
2026-09-29T15:48:00Z,2026-09-29T17:48:00+02:00,53,dr-robert,407,145,262,64.4
2026-09-29T15:48:00Z,2026-09-29T17:48:00+02:00,54,placa-vella,297,101,196,66
2026-09-29T15:48:00Z,2026-09-29T17:48:00+02:00,55,ajuntament-mercat,237,109,128,54
2026-09-29T15:49:00Z,2026-09-29T17:49:00+02:00,53,dr-robert,407,145,262,64.4
2026-09-29T15:49:00Z,2026-09-29T17:49:00+02:00,54,placa-vella,297,101,196,66
2026-09-29T15:49:00Z,2026-09-29T17:49:00+02:00,55,ajuntament-mercat,237,109,128,54
2026-09-29T15:50:00Z,2026-09-29T17:50:00+02:00,53,dr-robert,407,137,270,66.3
2026-09-29T15:50:00Z,2026-09-29T17:50:00+02:00,54,placa-vella,297,97,200,67.3
2026-09-29T15:50:00Z,2026-09-29T17:50:00+02:00,55,ajuntament-mercat,237,108,129,54.4
2026-09-29T15:51:00Z,2026-09-29T17:51:00+02:00,53,dr-robert,407,137,270,66.3
2026-09-29T15:51:00Z,2026-09-29T17:51:00+02:00,54,placa-vella,297,97,200,67.3
2026-09-29T15:51:00Z,2026-09-29T17:51:00+02:00,55,ajuntament-mercat,237,108,129,54.4
2026-09-29T15:52:00Z,2026-09-29T17:52:00+02:00,53,dr-robert,407,137,270,66.3
2026-09-29T15:52:00Z,2026-09-29T17:52:00+02:00,54,placa-vella,297,97,200,67.3
2026-09-29T15:52:00Z,2026-09-29T17:52:00+02:00,55,ajuntament-mercat,237,108,129,54.4
2026-09-29T15:53:00Z,2026-09-29T17:53:00+02:00,53,dr-robert,407,137,270,66.3
2026-09-29T15:53:00Z,2026-09-29T17:53:00+02:00,54,placa-vella,297,97,200,67.3
2026-09-29T15:53:00Z,2026-09-29T17:53:00+02:00,55,ajuntament-mercat,237,108,129,54.4
2026-09-29T15:54:00Z,2026-09-29T17:54:00+02:00,53,dr-robert,407,137,270,66.3
2026-09-29T15:54:00Z,2026-09-29T17:54:00+02:00,54,placa-vella,297,97,200,67.3
2026-09-29T15:54:00Z,2026-09-29T17:54:00+02:00,55,ajuntament-mercat,237,108,129,54.4
2026-09-29T15:55:00Z,2026-09-29T17:55:00+02:00,53,dr-robert,407,132,275,67.6
2026-09-29T15:55:00Z,2026-09-29T17:55:00+02:00,54,placa-vella,297,95,202,68
2026-09-29T15:55:00Z,2026-09-29T17:55:00+02:00,55,ajuntament-mercat,237,105,132,55.7
2026-09-29T15:56:00Z,2026-09-29T17:56:00+02:00,53,dr-robert,407,132,275,67.6
2026-09-29T15:56:00Z,2026-09-29T17:56:00+02:00,54,placa-vella,297,95,202,68
2026-09-29T15:56:00Z,2026-09-29T17:56:00+02:00,55,ajuntament-mercat,237,105,132,55.7
2026-09-29T15:57:00Z,2026-09-29T17:57:00+02:00,53,dr-robert,407,132,275,67.6
2026-09-29T15:57:00Z,2026-09-29T17:57:00+02:00,54,placa-vella,297,95,202,68
2026-09-29T15:57:00Z,2026-09-29T17:57:00+02:00,55,ajuntament-mercat,237,105,132,55.7
2026-09-29T15:58:00Z,2026-09-29T17:58:00+02:00,53,dr-robert,407,132,275,67.6
2026-09-29T15:58:00Z,2026-09-29T17:58:00+02:00,54,placa-vella,297,95,202,68
2026-09-29T15:58:00Z,2026-09-29T17:58:00+02:00,55,ajuntament-mercat,237,105,132,55.7
2026-09-29T15:59:00Z,2026-09-29T17:59:00+02:00,53,dr-robert,407,132,275,67.6
2026-09-29T15:59:00Z,2026-09-29T17:59:00+02:00,54,placa-vella,297,95,202,68
2026-09-29T15:59:00Z,2026-09-29T17:59:00+02:00,55,ajuntament-mercat,237,105,132,55.7
2026-09-29T16:00:00Z,2026-09-29T18:00:00+02:00,53,dr-robert,407,132,275,67.6
2026-09-29T16:00:00Z,2026-09-29T18:00:00+02:00,54,placa-vella,297,95,202,68
2026-09-29T16:00:00Z,2026-09-29T18:00:00+02:00,55,ajuntament-mercat,237,105,132,55.7
2026-09-29T16:01:00Z,2026-09-29T18:01:00+02:00,53,dr-robert,407,134,273,67.1
2026-09-29T16:01:00Z,2026-09-29T18:01:00+02:00,54,placa-vella,297,93,204,68.7
2026-09-29T16:01:00Z,2026-09-29T18:01:00+02:00,55,ajuntament-mercat,237,101,136,57.4
2026-09-29T16:02:00Z,2026-09-29T18:02:00+02:00,53,dr-robert,407,134,273,67.1
2026-09-29T16:02:00Z,2026-09-29T18:02:00+02:00,54,placa-vella,297,93,204,68.7
2026-09-29T16:02:00Z,2026-09-29T18:02:00+02:00,55,ajuntament-mercat,237,101,136,57.4
2026-09-29T16:03:00Z,2026-09-29T18:03:00+02:00,53,dr-robert,407,134,273,67.1
2026-09-29T16:03:00Z,2026-09-29T18:03:00+02:00,54,placa-vella,297,93,204,68.7
2026-09-29T16:03:00Z,2026-09-29T18:03:00+02:00,55,ajuntament-mercat,237,101,136,57.4
2026-09-29T16:04:00Z,2026-09-29T18:04:00+02:00,53,dr-robert,407,134,273,67.1
2026-09-29T16:04:00Z,2026-09-29T18:04:00+02:00,54,placa-vella,297,93,204,68.7
2026-09-29T16:04:00Z,2026-09-29T18:04:00+02:00,55,ajuntament-mercat,237,101,136,57.4
2026-09-29T16:05:00Z,2026-09-29T18:05:00+02:00,53,dr-robert,407,131,276,67.8
2026-09-29T16:05:00Z,2026-09-29T18:05:00+02:00,54,placa-vella,297,88,209,70.4
2026-09-29T16:05:00Z,2026-09-29T18:05:00+02:00,55,ajuntament-mercat,237,101,136,57.4
2026-09-29T16:06:00Z,2026-09-29T18:06:00+02:00,53,dr-robert,407,131,276,67.8
2026-09-29T16:06:00Z,2026-09-29T18:06:00+02:00,54,placa-vella,297,88,209,70.4
2026-09-29T16:06:00Z,2026-09-29T18:06:00+02:00,55,ajuntament-mercat,237,101,136,57.4
2026-09-29T16:07:00Z,2026-09-29T18:07:00+02:00,53,dr-robert,407,131,276,67.8
2026-09-29T16:07:00Z,2026-09-29T18:07:00+02:00,54,placa-vella,297,88,209,70.4
2026-09-29T16:07:00Z,2026-09-29T18:07:00+02:00,55,ajuntament-mercat,237,101,136,57.4
2026-09-29T16:08:00Z,2026-09-29T18:08:00+02:00,53,dr-robert,407,131,276,67.8
2026-09-29T16:08:00Z,2026-09-29T18:08:00+02:00,54,placa-vella,297,88,209,70.4
2026-09-29T16:08:00Z,2026-09-29T18:08:00+02:00,55,ajuntament-mercat,237,101,136,57.4
2026-09-29T16:09:00Z,2026-09-29T18:09:00+02:00,53,dr-robert,407,131,276,67.8
2026-09-29T16:09:00Z,2026-09-29T18:09:00+02:00,54,placa-vella,297,88,209,70.4
2026-09-29T16:09:00Z,2026-09-29T18:09:00+02:00,55,ajuntament-mercat,237,101,136,57.4
2026-09-29T16:10:00Z,2026-09-29T18:10:00+02:00,53,dr-robert,407,133,274,67.3
2026-09-29T16:10:00Z,2026-09-29T18:10:00+02:00,54,placa-vella,297,91,206,69.4
2026-09-29T16:10:00Z,2026-09-29T18:10:00+02:00,55,ajuntament-mercat,237,103,134,56.5
2026-09-29T16:11:00Z,2026-09-29T18:11:00+02:00,53,dr-robert,407,133,274,67.3
2026-09-29T16:11:00Z,2026-09-29T18:11:00+02:00,54,placa-vella,297,91,206,69.4
2026-09-29T16:11:00Z,2026-09-29T18:11:00+02:00,55,ajuntament-mercat,237,103,134,56.5
2026-09-29T16:12:00Z,2026-09-29T18:12:00+02:00,53,dr-robert,407,133,274,67.3
2026-09-29T16:12:00Z,2026-09-29T18:12:00+02:00,54,placa-vella,297,91,206,69.4
2026-09-29T16:12:00Z,2026-09-29T18:12:00+02:00,55,ajuntament-mercat,237,103,134,56.5
2026-09-29T16:13:00Z,2026-09-29T18:13:00+02:00,53,dr-robert,407,133,274,67.3
2026-09-29T16:13:00Z,2026-09-29T18:13:00+02:00,54,placa-vella,297,91,206,69.4
2026-09-29T16:13:00Z,2026-09-29T18:13:00+02:00,55,ajuntament-mercat,237,103,134,56.5
2026-09-29T16:14:00Z,2026-09-29T18:14:00+02:00,53,dr-robert,407,133,274,67.3
2026-09-29T16:14:00Z,2026-09-29T18:14:00+02:00,54,placa-vella,297,91,206,69.4
2026-09-29T16:14:00Z,2026-09-29T18:14:00+02:00,55,ajuntament-mercat,237,103,134,56.5
2026-09-29T16:15:00Z,2026-09-29T18:15:00+02:00,53,dr-robert,407,133,274,67.3
2026-09-29T16:15:00Z,2026-09-29T18:15:00+02:00,54,placa-vella,297,98,199,67
2026-09-29T16:15:00Z,2026-09-29T18:15:00+02:00,55,ajuntament-mercat,237,104,133,56.1
2026-09-29T16:16:00Z,2026-09-29T18:16:00+02:00,53,dr-robert,407,133,274,67.3
2026-09-29T16:16:00Z,2026-09-29T18:16:00+02:00,54,placa-vella,297,98,199,67
2026-09-29T16:16:00Z,2026-09-29T18:16:00+02:00,55,ajuntament-mercat,237,104,133,56.1
2026-09-29T16:17:00Z,2026-09-29T18:17:00+02:00,53,dr-robert,407,133,274,67.3
2026-09-29T16:17:00Z,2026-09-29T18:17:00+02:00,54,placa-vella,297,98,199,67
2026-09-29T16:17:00Z,2026-09-29T18:17:00+02:00,55,ajuntament-mercat,237,104,133,56.1
2026-09-29T16:18:00Z,2026-09-29T18:18:00+02:00,53,dr-robert,407,133,274,67.3
2026-09-29T16:18:00Z,2026-09-29T18:18:00+02:00,54,placa-vella,297,98,199,67
2026-09-29T16:18:00Z,2026-09-29T18:18:00+02:00,55,ajuntament-mercat,237,104,133,56.1
2026-09-29T16:19:00Z,2026-09-29T18:19:00+02:00,53,dr-robert,407,133,274,67.3
2026-09-29T16:19:00Z,2026-09-29T18:19:00+02:00,54,placa-vella,297,98,199,67
2026-09-29T16:19:00Z,2026-09-29T18:19:00+02:00,55,ajuntament-mercat,237,104,133,56.1
2026-09-29T16:20:00Z,2026-09-29T18:20:00+02:00,53,dr-robert,407,130,277,68.1
2026-09-29T16:20:00Z,2026-09-29T18:20:00+02:00,54,placa-vella,297,99,198,66.7
2026-09-29T16:20:00Z,2026-09-29T18:20:00+02:00,55,ajuntament-mercat,237,106,131,55.3
2026-09-29T16:21:00Z,2026-09-29T18:21:00+02:00,53,dr-robert,407,130,277,68.1
2026-09-29T16:21:00Z,2026-09-29T18:21:00+02:00,54,placa-vella,297,99,198,66.7
2026-09-29T16:21:00Z,2026-09-29T18:21:00+02:00,55,ajuntament-mercat,237,106,131,55.3
2026-09-29T16:22:00Z,2026-09-29T18:22:00+02:00,53,dr-robert,407,130,277,68.1
2026-09-29T16:22:00Z,2026-09-29T18:22:00+02:00,54,placa-vella,297,99,198,66.7
2026-09-29T16:22:00Z,2026-09-29T18:22:00+02:00,55,ajuntament-mercat,237,106,131,55.3
2026-09-29T16:23:00Z,2026-09-29T18:23:00+02:00,53,dr-robert,407,130,277,68.1
2026-09-29T16:23:00Z,2026-09-29T18:23:00+02:00,54,placa-vella,297,99,198,66.7
2026-09-29T16:23:00Z,2026-09-29T18:23:00+02:00,55,ajuntament-mercat,237,106,131,55.3
2026-09-29T16:24:00Z,2026-09-29T18:24:00+02:00,53,dr-robert,407,130,277,68.1
2026-09-29T16:24:00Z,2026-09-29T18:24:00+02:00,54,placa-vella,297,99,198,66.7
2026-09-29T16:24:00Z,2026-09-29T18:24:00+02:00,55,ajuntament-mercat,237,106,131,55.3
2026-09-29T16:25:00Z,2026-09-29T18:25:00+02:00,53,dr-robert,407,130,277,68.1
2026-09-29T16:25:00Z,2026-09-29T18:25:00+02:00,54,placa-vella,297,106,191,64.3
2026-09-29T16:25:00Z,2026-09-29T18:25:00+02:00,55,ajuntament-mercat,237,109,128,54
2026-09-29T16:26:00Z,2026-09-29T18:26:00+02:00,53,dr-robert,407,130,277,68.1
2026-09-29T16:26:00Z,2026-09-29T18:26:00+02:00,54,placa-vella,297,106,191,64.3
2026-09-29T16:26:00Z,2026-09-29T18:26:00+02:00,55,ajuntament-mercat,237,109,128,54
2026-09-29T16:27:00Z,2026-09-29T18:27:00+02:00,53,dr-robert,407,130,277,68.1
2026-09-29T16:27:00Z,2026-09-29T18:27:00+02:00,54,placa-vella,297,106,191,64.3
2026-09-29T16:27:00Z,2026-09-29T18:27:00+02:00,55,ajuntament-mercat,237,109,128,54
2026-09-29T16:28:00Z,2026-09-29T18:28:00+02:00,53,dr-robert,407,130,277,68.1
2026-09-29T16:28:00Z,2026-09-29T18:28:00+02:00,54,placa-vella,297,106,191,64.3
2026-09-29T16:28:00Z,2026-09-29T18:28:00+02:00,55,ajuntament-mercat,237,109,128,54
2026-09-29T16:29:00Z,2026-09-29T18:29:00+02:00,53,dr-robert,407,130,277,68.1
2026-09-29T16:29:00Z,2026-09-29T18:29:00+02:00,54,placa-vella,297,106,191,64.3
2026-09-29T16:29:00Z,2026-09-29T18:29:00+02:00,55,ajuntament-mercat,237,109,128,54
2026-09-29T16:30:00Z,2026-09-29T18:30:00+02:00,53,dr-robert,407,138,269,66.1
2026-09-29T16:30:00Z,2026-09-29T18:30:00+02:00,54,placa-vella,297,104,193,65
2026-09-29T16:30:00Z,2026-09-29T18:30:00+02:00,55,ajuntament-mercat,237,110,127,53.6
2026-09-29T16:31:00Z,2026-09-29T18:31:00+02:00,53,dr-robert,407,138,269,66.1
2026-09-29T16:31:00Z,2026-09-29T18:31:00+02:00,54,placa-vella,297,104,193,65
2026-09-29T16:31:00Z,2026-09-29T18:31:00+02:00,55,ajuntament-mercat,237,110,127,53.6
2026-09-29T16:32:00Z,2026-09-29T18:32:00+02:00,53,dr-robert,407,138,269,66.1
2026-09-29T16:32:00Z,2026-09-29T18:32:00+02:00,54,placa-vella,297,104,193,65
2026-09-29T16:32:00Z,2026-09-29T18:32:00+02:00,55,ajuntament-mercat,237,110,127,53.6
2026-09-29T16:33:00Z,2026-09-29T18:33:00+02:00,53,dr-robert,407,138,269,66.1
2026-09-29T16:33:00Z,2026-09-29T18:33:00+02:00,54,placa-vella,297,104,193,65
2026-09-29T16:33:00Z,2026-09-29T18:33:00+02:00,55,ajuntament-mercat,237,110,127,53.6
2026-09-29T16:34:00Z,2026-09-29T18:34:00+02:00,53,dr-robert,407,138,269,66.1
2026-09-29T16:34:00Z,2026-09-29T18:34:00+02:00,54,placa-vella,297,104,193,65
2026-09-29T16:34:00Z,2026-09-29T18:34:00+02:00,55,ajuntament-mercat,237,110,127,53.6
2026-09-29T16:35:00Z,2026-09-29T18:35:00+02:00,53,dr-robert,407,139,268,65.8
2026-09-29T16:35:00Z,2026-09-29T18:35:00+02:00,54,placa-vella,297,104,193,65
2026-09-29T16:35:00Z,2026-09-29T18:35:00+02:00,55,ajuntament-mercat,237,108,129,54.4
2026-09-29T16:36:00Z,2026-09-29T18:36:00+02:00,53,dr-robert,407,139,268,65.8
2026-09-29T16:36:00Z,2026-09-29T18:36:00+02:00,54,placa-vella,297,104,193,65
2026-09-29T16:36:00Z,2026-09-29T18:36:00+02:00,55,ajuntament-mercat,237,108,129,54.4
2026-09-29T16:37:00Z,2026-09-29T18:37:00+02:00,53,dr-robert,407,139,268,65.8
2026-09-29T16:37:00Z,2026-09-29T18:37:00+02:00,54,placa-vella,297,104,193,65
2026-09-29T16:37:00Z,2026-09-29T18:37:00+02:00,55,ajuntament-mercat,237,108,129,54.4
2026-09-29T16:38:00Z,2026-09-29T18:38:00+02:00,53,dr-robert,407,139,268,65.8
2026-09-29T16:38:00Z,2026-09-29T18:38:00+02:00,54,placa-vella,297,104,193,65
2026-09-29T16:38:00Z,2026-09-29T18:38:00+02:00,55,ajuntament-mercat,237,108,129,54.4
2026-09-29T16:39:00Z,2026-09-29T18:39:00+02:00,53,dr-robert,407,139,268,65.8
2026-09-29T16:39:00Z,2026-09-29T18:39:00+02:00,54,placa-vella,297,104,193,65
2026-09-29T16:39:00Z,2026-09-29T18:39:00+02:00,55,ajuntament-mercat,237,108,129,54.4
2026-09-29T16:40:00Z,2026-09-29T18:40:00+02:00,53,dr-robert,407,146,261,64.1
2026-09-29T16:40:00Z,2026-09-29T18:40:00+02:00,54,placa-vella,297,103,194,65.3
2026-09-29T16:40:00Z,2026-09-29T18:40:00+02:00,55,ajuntament-mercat,237,109,128,54
2026-09-29T16:41:00Z,2026-09-29T18:41:00+02:00,53,dr-robert,407,146,261,64.1
2026-09-29T16:41:00Z,2026-09-29T18:41:00+02:00,54,placa-vella,297,103,194,65.3
2026-09-29T16:41:00Z,2026-09-29T18:41:00+02:00,55,ajuntament-mercat,237,109,128,54
2026-09-29T16:42:00Z,2026-09-29T18:42:00+02:00,53,dr-robert,407,146,261,64.1
2026-09-29T16:42:00Z,2026-09-29T18:42:00+02:00,54,placa-vella,297,103,194,65.3
2026-09-29T16:42:00Z,2026-09-29T18:42:00+02:00,55,ajuntament-mercat,237,109,128,54
2026-09-29T16:43:00Z,2026-09-29T18:43:00+02:00,53,dr-robert,407,146,261,64.1
2026-09-29T16:43:00Z,2026-09-29T18:43:00+02:00,54,placa-vella,297,103,194,65.3
2026-09-29T16:43:00Z,2026-09-29T18:43:00+02:00,55,ajuntament-mercat,237,109,128,54
2026-09-29T16:44:00Z,2026-09-29T18:44:00+02:00,53,dr-robert,407,146,261,64.1
2026-09-29T16:44:00Z,2026-09-29T18:44:00+02:00,54,placa-vella,297,103,194,65.3
2026-09-29T16:44:00Z,2026-09-29T18:44:00+02:00,55,ajuntament-mercat,237,109,128,54
2026-09-29T16:45:00Z,2026-09-29T18:45:00+02:00,53,dr-robert,407,145,262,64.4
2026-09-29T16:45:00Z,2026-09-29T18:45:00+02:00,54,placa-vella,297,103,194,65.3
2026-09-29T16:45:00Z,2026-09-29T18:45:00+02:00,55,ajuntament-mercat,237,104,133,56.1
2026-09-29T16:46:00Z,2026-09-29T18:46:00+02:00,53,dr-robert,407,145,262,64.4
2026-09-29T16:46:00Z,2026-09-29T18:46:00+02:00,54,placa-vella,297,103,194,65.3
2026-09-29T16:46:00Z,2026-09-29T18:46:00+02:00,55,ajuntament-mercat,237,104,133,56.1
2026-09-29T16:47:00Z,2026-09-29T18:47:00+02:00,53,dr-robert,407,145,262,64.4
2026-09-29T16:47:00Z,2026-09-29T18:47:00+02:00,54,placa-vella,297,103,194,65.3
2026-09-29T16:47:00Z,2026-09-29T18:47:00+02:00,55,ajuntament-mercat,237,104,133,56.1
2026-09-29T16:48:00Z,2026-09-29T18:48:00+02:00,53,dr-robert,407,145,262,64.4
2026-09-29T16:48:00Z,2026-09-29T18:48:00+02:00,54,placa-vella,297,103,194,65.3
2026-09-29T16:48:00Z,2026-09-29T18:48:00+02:00,55,ajuntament-mercat,237,104,133,56.1
2026-09-29T16:49:00Z,2026-09-29T18:49:00+02:00,53,dr-robert,407,145,262,64.4
2026-09-29T16:49:00Z,2026-09-29T18:49:00+02:00,54,placa-vella,297,103,194,65.3
2026-09-29T16:49:00Z,2026-09-29T18:49:00+02:00,55,ajuntament-mercat,237,104,133,56.1
2026-09-29T16:50:00Z,2026-09-29T18:50:00+02:00,53,dr-robert,407,151,256,62.9
2026-09-29T16:50:00Z,2026-09-29T18:50:00+02:00,54,placa-vella,297,102,195,65.7
2026-09-29T16:50:00Z,2026-09-29T18:50:00+02:00,55,ajuntament-mercat,237,111,126,53.2
2026-09-29T16:51:00Z,2026-09-29T18:51:00+02:00,53,dr-robert,407,151,256,62.9
2026-09-29T16:51:00Z,2026-09-29T18:51:00+02:00,54,placa-vella,297,102,195,65.7
2026-09-29T16:51:00Z,2026-09-29T18:51:00+02:00,55,ajuntament-mercat,237,111,126,53.2
2026-09-29T16:52:00Z,2026-09-29T18:52:00+02:00,53,dr-robert,407,151,256,62.9
2026-09-29T16:52:00Z,2026-09-29T18:52:00+02:00,54,placa-vella,297,102,195,65.7
2026-09-29T16:52:00Z,2026-09-29T18:52:00+02:00,55,ajuntament-mercat,237,111,126,53.2
2026-09-29T16:53:00Z,2026-09-29T18:53:00+02:00,53,dr-robert,407,151,256,62.9
2026-09-29T16:53:00Z,2026-09-29T18:53:00+02:00,54,placa-vella,297,102,195,65.7
2026-09-29T16:53:00Z,2026-09-29T18:53:00+02:00,55,ajuntament-mercat,237,111,126,53.2
2026-09-29T16:54:00Z,2026-09-29T18:54:00+02:00,53,dr-robert,407,151,256,62.9
2026-09-29T16:54:00Z,2026-09-29T18:54:00+02:00,54,placa-vella,297,102,195,65.7
2026-09-29T16:54:00Z,2026-09-29T18:54:00+02:00,55,ajuntament-mercat,237,111,126,53.2
2026-09-29T16:55:00Z,2026-09-29T18:55:00+02:00,53,dr-robert,407,150,257,63.1
2026-09-29T16:55:00Z,2026-09-29T18:55:00+02:00,54,placa-vella,297,107,190,64
2026-09-29T16:55:00Z,2026-09-29T18:55:00+02:00,55,ajuntament-mercat,237,110,127,53.6
2026-09-29T16:56:00Z,2026-09-29T18:56:00+02:00,53,dr-robert,407,150,257,63.1
2026-09-29T16:56:00Z,2026-09-29T18:56:00+02:00,54,placa-vella,297,107,190,64
2026-09-29T16:56:00Z,2026-09-29T18:56:00+02:00,55,ajuntament-mercat,237,110,127,53.6
2026-09-29T16:57:00Z,2026-09-29T18:57:00+02:00,53,dr-robert,407,150,257,63.1
2026-09-29T16:57:00Z,2026-09-29T18:57:00+02:00,54,placa-vella,297,107,190,64
2026-09-29T16:57:00Z,2026-09-29T18:57:00+02:00,55,ajuntament-mercat,237,110,127,53.6
2026-09-29T16:58:00Z,2026-09-29T18:58:00+02:00,53,dr-robert,407,150,257,63.1
2026-09-29T16:58:00Z,2026-09-29T18:58:00+02:00,54,placa-vella,297,107,190,64
2026-09-29T16:58:00Z,2026-09-29T18:58:00+02:00,55,ajuntament-mercat,237,110,127,53.6
2026-09-29T16:59:00Z,2026-09-29T18:59:00+02:00,53,dr-robert,407,150,257,63.1
2026-09-29T16:59:00Z,2026-09-29T18:59:00+02:00,54,placa-vella,297,107,190,64
2026-09-29T16:59:00Z,2026-09-29T18:59:00+02:00,55,ajuntament-mercat,237,110,127,53.6
2026-09-29T17:00:00Z,2026-09-29T19:00:00+02:00,53,dr-robert,407,150,257,63.1
2026-09-29T17:00:00Z,2026-09-29T19:00:00+02:00,54,placa-vella,297,107,190,64
2026-09-29T17:00:00Z,2026-09-29T19:00:00+02:00,55,ajuntament-mercat,237,106,131,55.3
2026-09-29T17:01:00Z,2026-09-29T19:01:00+02:00,53,dr-robert,407,150,257,63.1
2026-09-29T17:01:00Z,2026-09-29T19:01:00+02:00,54,placa-vella,297,107,190,64
2026-09-29T17:01:00Z,2026-09-29T19:01:00+02:00,55,ajuntament-mercat,237,106,131,55.3
2026-09-29T17:02:00Z,2026-09-29T19:02:00+02:00,53,dr-robert,407,150,257,63.1
2026-09-29T17:02:00Z,2026-09-29T19:02:00+02:00,54,placa-vella,297,107,190,64
2026-09-29T17:02:00Z,2026-09-29T19:02:00+02:00,55,ajuntament-mercat,237,106,131,55.3
2026-09-29T17:03:00Z,2026-09-29T19:03:00+02:00,53,dr-robert,407,150,257,63.1
2026-09-29T17:03:00Z,2026-09-29T19:03:00+02:00,54,placa-vella,297,107,190,64
2026-09-29T17:03:00Z,2026-09-29T19:03:00+02:00,55,ajuntament-mercat,237,106,131,55.3
2026-09-29T17:04:00Z,2026-09-29T19:04:00+02:00,53,dr-robert,407,150,257,63.1
2026-09-29T17:04:00Z,2026-09-29T19:04:00+02:00,54,placa-vella,297,107,190,64
2026-09-29T17:04:00Z,2026-09-29T19:04:00+02:00,55,ajuntament-mercat,237,106,131,55.3
2026-09-29T17:05:00Z,2026-09-29T19:05:00+02:00,53,dr-robert,407,156,251,61.7
2026-09-29T17:05:00Z,2026-09-29T19:05:00+02:00,54,placa-vella,297,107,190,64
2026-09-29T17:05:00Z,2026-09-29T19:05:00+02:00,55,ajuntament-mercat,237,110,127,53.6
2026-09-29T17:06:00Z,2026-09-29T19:06:00+02:00,53,dr-robert,407,156,251,61.7
2026-09-29T17:06:00Z,2026-09-29T19:06:00+02:00,54,placa-vella,297,107,190,64
2026-09-29T17:06:00Z,2026-09-29T19:06:00+02:00,55,ajuntament-mercat,237,110,127,53.6
2026-09-29T17:07:00Z,2026-09-29T19:07:00+02:00,53,dr-robert,407,156,251,61.7
2026-09-29T17:07:00Z,2026-09-29T19:07:00+02:00,54,placa-vella,297,107,190,64
2026-09-29T17:07:00Z,2026-09-29T19:07:00+02:00,55,ajuntament-mercat,237,110,127,53.6
2026-09-29T17:08:00Z,2026-09-29T19:08:00+02:00,53,dr-robert,407,156,251,61.7
2026-09-29T17:08:00Z,2026-09-29T19:08:00+02:00,54,placa-vella,297,107,190,64
2026-09-29T17:08:00Z,2026-09-29T19:08:00+02:00,55,ajuntament-mercat,237,110,127,53.6
2026-09-29T17:09:00Z,2026-09-29T19:09:00+02:00,53,dr-robert,407,156,251,61.7
2026-09-29T17:09:00Z,2026-09-29T19:09:00+02:00,54,placa-vella,297,107,190,64
2026-09-29T17:09:00Z,2026-09-29T19:09:00+02:00,55,ajuntament-mercat,237,110,127,53.6
2026-09-29T17:10:00Z,2026-09-29T19:10:00+02:00,53,dr-robert,407,160,247,60.7
2026-09-29T17:10:00Z,2026-09-29T19:10:00+02:00,54,placa-vella,297,107,190,64
2026-09-29T17:10:00Z,2026-09-29T19:10:00+02:00,55,ajuntament-mercat,237,112,125,52.7
2026-09-29T17:11:00Z,2026-09-29T19:11:00+02:00,53,dr-robert,407,160,247,60.7
2026-09-29T17:11:00Z,2026-09-29T19:11:00+02:00,54,placa-vella,297,107,190,64
2026-09-29T17:11:00Z,2026-09-29T19:11:00+02:00,55,ajuntament-mercat,237,112,125,52.7
2026-09-29T17:12:00Z,2026-09-29T19:12:00+02:00,53,dr-robert,407,160,247,60.7
2026-09-29T17:12:00Z,2026-09-29T19:12:00+02:00,54,placa-vella,297,107,190,64
2026-09-29T17:12:00Z,2026-09-29T19:12:00+02:00,55,ajuntament-mercat,237,112,125,52.7
2026-09-29T17:13:00Z,2026-09-29T19:13:00+02:00,53,dr-robert,407,160,247,60.7
2026-09-29T17:13:00Z,2026-09-29T19:13:00+02:00,54,placa-vella,297,107,190,64
2026-09-29T17:13:00Z,2026-09-29T19:13:00+02:00,55,ajuntament-mercat,237,112,125,52.7
2026-09-29T17:14:00Z,2026-09-29T19:14:00+02:00,53,dr-robert,407,160,247,60.7
2026-09-29T17:14:00Z,2026-09-29T19:14:00+02:00,54,placa-vella,297,107,190,64
2026-09-29T17:14:00Z,2026-09-29T19:14:00+02:00,55,ajuntament-mercat,237,112,125,52.7
2026-09-29T17:15:00Z,2026-09-29T19:15:00+02:00,53,dr-robert,407,166,241,59.2
2026-09-29T17:15:00Z,2026-09-29T19:15:00+02:00,54,placa-vella,297,114,183,61.6
2026-09-29T17:15:00Z,2026-09-29T19:15:00+02:00,55,ajuntament-mercat,237,117,120,50.6
2026-09-29T17:16:00Z,2026-09-29T19:16:00+02:00,53,dr-robert,407,166,241,59.2
2026-09-29T17:16:00Z,2026-09-29T19:16:00+02:00,54,placa-vella,297,114,183,61.6
2026-09-29T17:16:00Z,2026-09-29T19:16:00+02:00,55,ajuntament-mercat,237,117,120,50.6
2026-09-29T17:17:00Z,2026-09-29T19:17:00+02:00,53,dr-robert,407,166,241,59.2
2026-09-29T17:17:00Z,2026-09-29T19:17:00+02:00,54,placa-vella,297,114,183,61.6
2026-09-29T17:17:00Z,2026-09-29T19:17:00+02:00,55,ajuntament-mercat,237,117,120,50.6
2026-09-29T17:18:00Z,2026-09-29T19:18:00+02:00,53,dr-robert,407,166,241,59.2
2026-09-29T17:18:00Z,2026-09-29T19:18:00+02:00,54,placa-vella,297,114,183,61.6
2026-09-29T17:18:00Z,2026-09-29T19:18:00+02:00,55,ajuntament-mercat,237,117,120,50.6
2026-09-29T17:19:00Z,2026-09-29T19:19:00+02:00,53,dr-robert,407,166,241,59.2
2026-09-29T17:19:00Z,2026-09-29T19:19:00+02:00,54,placa-vella,297,114,183,61.6
2026-09-29T17:19:00Z,2026-09-29T19:19:00+02:00,55,ajuntament-mercat,237,117,120,50.6
2026-09-29T17:20:00Z,2026-09-29T19:20:00+02:00,53,dr-robert,407,167,240,59
2026-09-29T17:20:00Z,2026-09-29T19:20:00+02:00,54,placa-vella,297,119,178,59.9
2026-09-29T17:20:00Z,2026-09-29T19:20:00+02:00,55,ajuntament-mercat,237,121,116,48.9
2026-09-29T17:21:00Z,2026-09-29T19:21:00+02:00,53,dr-robert,407,167,240,59
2026-09-29T17:21:00Z,2026-09-29T19:21:00+02:00,54,placa-vella,297,119,178,59.9
2026-09-29T17:21:00Z,2026-09-29T19:21:00+02:00,55,ajuntament-mercat,237,121,116,48.9
2026-09-29T17:22:00Z,2026-09-29T19:22:00+02:00,53,dr-robert,407,167,240,59
2026-09-29T17:22:00Z,2026-09-29T19:22:00+02:00,54,placa-vella,297,119,178,59.9
2026-09-29T17:22:00Z,2026-09-29T19:22:00+02:00,55,ajuntament-mercat,237,121,116,48.9
2026-09-29T17:23:00Z,2026-09-29T19:23:00+02:00,53,dr-robert,407,167,240,59
2026-09-29T17:23:00Z,2026-09-29T19:23:00+02:00,54,placa-vella,297,119,178,59.9
2026-09-29T17:23:00Z,2026-09-29T19:23:00+02:00,55,ajuntament-mercat,237,121,116,48.9
2026-09-29T17:24:00Z,2026-09-29T19:24:00+02:00,53,dr-robert,407,167,240,59
2026-09-29T17:24:00Z,2026-09-29T19:24:00+02:00,54,placa-vella,297,119,178,59.9
2026-09-29T17:24:00Z,2026-09-29T19:24:00+02:00,55,ajuntament-mercat,237,121,116,48.9
2026-09-29T17:25:00Z,2026-09-29T19:25:00+02:00,53,dr-robert,407,179,228,56
2026-09-29T17:25:00Z,2026-09-29T19:25:00+02:00,54,placa-vella,297,118,179,60.3
2026-09-29T17:25:00Z,2026-09-29T19:25:00+02:00,55,ajuntament-mercat,237,123,114,48.1
2026-09-29T17:26:00Z,2026-09-29T19:26:00+02:00,53,dr-robert,407,179,228,56
2026-09-29T17:26:00Z,2026-09-29T19:26:00+02:00,54,placa-vella,297,118,179,60.3
2026-09-29T17:26:00Z,2026-09-29T19:26:00+02:00,55,ajuntament-mercat,237,123,114,48.1
2026-09-29T17:27:00Z,2026-09-29T19:27:00+02:00,53,dr-robert,407,179,228,56
2026-09-29T17:27:00Z,2026-09-29T19:27:00+02:00,54,placa-vella,297,118,179,60.3
2026-09-29T17:27:00Z,2026-09-29T19:27:00+02:00,55,ajuntament-mercat,237,123,114,48.1
2026-09-29T17:28:00Z,2026-09-29T19:28:00+02:00,53,dr-robert,407,179,228,56
2026-09-29T17:28:00Z,2026-09-29T19:28:00+02:00,54,placa-vella,297,118,179,60.3
2026-09-29T17:28:00Z,2026-09-29T19:28:00+02:00,55,ajuntament-mercat,237,123,114,48.1
2026-09-29T17:29:00Z,2026-09-29T19:29:00+02:00,53,dr-robert,407,179,228,56
2026-09-29T17:29:00Z,2026-09-29T19:29:00+02:00,54,placa-vella,297,118,179,60.3
2026-09-29T17:29:00Z,2026-09-29T19:29:00+02:00,55,ajuntament-mercat,237,123,114,48.1
2026-09-29T17:30:00Z,2026-09-29T19:30:00+02:00,53,dr-robert,407,188,219,53.8
2026-09-29T17:30:00Z,2026-09-29T19:30:00+02:00,54,placa-vella,297,119,178,59.9
2026-09-29T17:30:00Z,2026-09-29T19:30:00+02:00,55,ajuntament-mercat,237,128,109,46
2026-09-29T17:31:00Z,2026-09-29T19:31:00+02:00,53,dr-robert,407,188,219,53.8
2026-09-29T17:31:00Z,2026-09-29T19:31:00+02:00,54,placa-vella,297,119,178,59.9
2026-09-29T17:31:00Z,2026-09-29T19:31:00+02:00,55,ajuntament-mercat,237,128,109,46
2026-09-29T17:32:00Z,2026-09-29T19:32:00+02:00,53,dr-robert,407,188,219,53.8
2026-09-29T17:32:00Z,2026-09-29T19:32:00+02:00,54,placa-vella,297,119,178,59.9
2026-09-29T17:32:00Z,2026-09-29T19:32:00+02:00,55,ajuntament-mercat,237,128,109,46
2026-09-29T17:33:00Z,2026-09-29T19:33:00+02:00,53,dr-robert,407,188,219,53.8
2026-09-29T17:33:00Z,2026-09-29T19:33:00+02:00,54,placa-vella,297,119,178,59.9
2026-09-29T17:33:00Z,2026-09-29T19:33:00+02:00,55,ajuntament-mercat,237,128,109,46
2026-09-29T17:34:00Z,2026-09-29T19:34:00+02:00,53,dr-robert,407,188,219,53.8
2026-09-29T17:34:00Z,2026-09-29T19:34:00+02:00,54,placa-vella,297,119,178,59.9
2026-09-29T17:34:00Z,2026-09-29T19:34:00+02:00,55,ajuntament-mercat,237,128,109,46
2026-09-29T17:35:00Z,2026-09-29T19:35:00+02:00,53,dr-robert,407,190,217,53.3
2026-09-29T17:35:00Z,2026-09-29T19:35:00+02:00,54,placa-vella,297,118,179,60.3
2026-09-29T17:35:00Z,2026-09-29T19:35:00+02:00,55,ajuntament-mercat,237,133,104,43.9
2026-09-29T17:36:00Z,2026-09-29T19:36:00+02:00,53,dr-robert,407,190,217,53.3
2026-09-29T17:36:00Z,2026-09-29T19:36:00+02:00,54,placa-vella,297,118,179,60.3
2026-09-29T17:36:00Z,2026-09-29T19:36:00+02:00,55,ajuntament-mercat,237,133,104,43.9
2026-09-29T17:37:00Z,2026-09-29T19:37:00+02:00,53,dr-robert,407,190,217,53.3
2026-09-29T17:37:00Z,2026-09-29T19:37:00+02:00,54,placa-vella,297,118,179,60.3
2026-09-29T17:37:00Z,2026-09-29T19:37:00+02:00,55,ajuntament-mercat,237,133,104,43.9
2026-09-29T17:38:00Z,2026-09-29T19:38:00+02:00,53,dr-robert,407,190,217,53.3
2026-09-29T17:38:00Z,2026-09-29T19:38:00+02:00,54,placa-vella,297,118,179,60.3
2026-09-29T17:38:00Z,2026-09-29T19:38:00+02:00,55,ajuntament-mercat,237,133,104,43.9
2026-09-29T17:39:00Z,2026-09-29T19:39:00+02:00,53,dr-robert,407,190,217,53.3
2026-09-29T17:39:00Z,2026-09-29T19:39:00+02:00,54,placa-vella,297,118,179,60.3
2026-09-29T17:39:00Z,2026-09-29T19:39:00+02:00,55,ajuntament-mercat,237,133,104,43.9
2026-09-29T17:40:00Z,2026-09-29T19:40:00+02:00,53,dr-robert,407,196,211,51.8
2026-09-29T17:40:00Z,2026-09-29T19:40:00+02:00,54,placa-vella,297,121,176,59.3
2026-09-29T17:40:00Z,2026-09-29T19:40:00+02:00,55,ajuntament-mercat,237,137,100,42.2
2026-09-29T17:41:00Z,2026-09-29T19:41:00+02:00,53,dr-robert,407,196,211,51.8
2026-09-29T17:41:00Z,2026-09-29T19:41:00+02:00,54,placa-vella,297,121,176,59.3
2026-09-29T17:41:00Z,2026-09-29T19:41:00+02:00,55,ajuntament-mercat,237,137,100,42.2
2026-09-29T17:42:00Z,2026-09-29T19:42:00+02:00,53,dr-robert,407,196,211,51.8
2026-09-29T17:42:00Z,2026-09-29T19:42:00+02:00,54,placa-vella,297,121,176,59.3
2026-09-29T17:42:00Z,2026-09-29T19:42:00+02:00,55,ajuntament-mercat,237,137,100,42.2
2026-09-29T17:43:00Z,2026-09-29T19:43:00+02:00,53,dr-robert,407,196,211,51.8
2026-09-29T17:43:00Z,2026-09-29T19:43:00+02:00,54,placa-vella,297,121,176,59.3
2026-09-29T17:43:00Z,2026-09-29T19:43:00+02:00,55,ajuntament-mercat,237,137,100,42.2
2026-09-29T17:44:00Z,2026-09-29T19:44:00+02:00,53,dr-robert,407,196,211,51.8
2026-09-29T17:44:00Z,2026-09-29T19:44:00+02:00,54,placa-vella,297,121,176,59.3
2026-09-29T17:44:00Z,2026-09-29T19:44:00+02:00,55,ajuntament-mercat,237,137,100,42.2
2026-09-29T17:45:00Z,2026-09-29T19:45:00+02:00,53,dr-robert,407,201,206,50.6
2026-09-29T17:45:00Z,2026-09-29T19:45:00+02:00,54,placa-vella,297,126,171,57.6
2026-09-29T17:45:00Z,2026-09-29T19:45:00+02:00,55,ajuntament-mercat,237,140,97,40.9
2026-09-29T17:46:00Z,2026-09-29T19:46:00+02:00,53,dr-robert,407,201,206,50.6
2026-09-29T17:46:00Z,2026-09-29T19:46:00+02:00,54,placa-vella,297,126,171,57.6
2026-09-29T17:46:00Z,2026-09-29T19:46:00+02:00,55,ajuntament-mercat,237,140,97,40.9
2026-09-29T17:47:00Z,2026-09-29T19:47:00+02:00,53,dr-robert,407,201,206,50.6
2026-09-29T17:47:00Z,2026-09-29T19:47:00+02:00,54,placa-vella,297,126,171,57.6
2026-09-29T17:47:00Z,2026-09-29T19:47:00+02:00,55,ajuntament-mercat,237,140,97,40.9
2026-09-29T17:48:00Z,2026-09-29T19:48:00+02:00,53,dr-robert,407,201,206,50.6
2026-09-29T17:48:00Z,2026-09-29T19:48:00+02:00,54,placa-vella,297,126,171,57.6
2026-09-29T17:48:00Z,2026-09-29T19:48:00+02:00,55,ajuntament-mercat,237,140,97,40.9
2026-09-29T17:49:00Z,2026-09-29T19:49:00+02:00,53,dr-robert,407,201,206,50.6
2026-09-29T17:49:00Z,2026-09-29T19:49:00+02:00,54,placa-vella,297,126,171,57.6
2026-09-29T17:49:00Z,2026-09-29T19:49:00+02:00,55,ajuntament-mercat,237,140,97,40.9
2026-09-29T17:50:00Z,2026-09-29T19:50:00+02:00,53,dr-robert,407,208,199,48.9
2026-09-29T17:50:00Z,2026-09-29T19:50:00+02:00,54,placa-vella,297,128,169,56.9
2026-09-29T17:50:00Z,2026-09-29T19:50:00+02:00,55,ajuntament-mercat,237,145,92,38.8
2026-09-29T17:51:00Z,2026-09-29T19:51:00+02:00,53,dr-robert,407,208,199,48.9
2026-09-29T17:51:00Z,2026-09-29T19:51:00+02:00,54,placa-vella,297,128,169,56.9
2026-09-29T17:51:00Z,2026-09-29T19:51:00+02:00,55,ajuntament-mercat,237,145,92,38.8
2026-09-29T17:52:00Z,2026-09-29T19:52:00+02:00,53,dr-robert,407,208,199,48.9
2026-09-29T17:52:00Z,2026-09-29T19:52:00+02:00,54,placa-vella,297,128,169,56.9
2026-09-29T17:52:00Z,2026-09-29T19:52:00+02:00,55,ajuntament-mercat,237,145,92,38.8
2026-09-29T17:53:00Z,2026-09-29T19:53:00+02:00,53,dr-robert,407,208,199,48.9
2026-09-29T17:53:00Z,2026-09-29T19:53:00+02:00,54,placa-vella,297,128,169,56.9
2026-09-29T17:53:00Z,2026-09-29T19:53:00+02:00,55,ajuntament-mercat,237,145,92,38.8
2026-09-29T17:54:00Z,2026-09-29T19:54:00+02:00,53,dr-robert,407,208,199,48.9
2026-09-29T17:54:00Z,2026-09-29T19:54:00+02:00,54,placa-vella,297,128,169,56.9
2026-09-29T17:54:00Z,2026-09-29T19:54:00+02:00,55,ajuntament-mercat,237,145,92,38.8
2026-09-29T17:55:00Z,2026-09-29T19:55:00+02:00,53,dr-robert,407,213,194,47.7
2026-09-29T17:55:00Z,2026-09-29T19:55:00+02:00,54,placa-vella,297,129,168,56.6
2026-09-29T17:55:00Z,2026-09-29T19:55:00+02:00,55,ajuntament-mercat,237,144,93,39.2
2026-09-29T17:56:00Z,2026-09-29T19:56:00+02:00,53,dr-robert,407,213,194,47.7
2026-09-29T17:56:00Z,2026-09-29T19:56:00+02:00,54,placa-vella,297,129,168,56.6
2026-09-29T17:56:00Z,2026-09-29T19:56:00+02:00,55,ajuntament-mercat,237,144,93,39.2
2026-09-29T17:57:00Z,2026-09-29T19:57:00+02:00,53,dr-robert,407,213,194,47.7
2026-09-29T17:57:00Z,2026-09-29T19:57:00+02:00,54,placa-vella,297,129,168,56.6
2026-09-29T17:57:00Z,2026-09-29T19:57:00+02:00,55,ajuntament-mercat,237,144,93,39.2
2026-09-29T17:58:00Z,2026-09-29T19:58:00+02:00,53,dr-robert,407,213,194,47.7
2026-09-29T17:58:00Z,2026-09-29T19:58:00+02:00,54,placa-vella,297,129,168,56.6
2026-09-29T17:58:00Z,2026-09-29T19:58:00+02:00,55,ajuntament-mercat,237,144,93,39.2
2026-09-29T17:59:00Z,2026-09-29T19:59:00+02:00,53,dr-robert,407,213,194,47.7
2026-09-29T17:59:00Z,2026-09-29T19:59:00+02:00,54,placa-vella,297,129,168,56.6
2026-09-29T17:59:00Z,2026-09-29T19:59:00+02:00,55,ajuntament-mercat,237,144,93,39.2
2026-09-29T18:00:00Z,2026-09-29T20:00:00+02:00,53,dr-robert,407,213,194,47.7
2026-09-29T18:00:00Z,2026-09-29T20:00:00+02:00,54,placa-vella,297,129,168,56.6
2026-09-29T18:00:00Z,2026-09-29T20:00:00+02:00,55,ajuntament-mercat,237,144,93,39.2
2026-09-29T18:01:00Z,2026-09-29T20:01:00+02:00,53,dr-robert,407,225,182,44.7
2026-09-29T18:01:00Z,2026-09-29T20:01:00+02:00,54,placa-vella,297,130,167,56.2
2026-09-29T18:01:00Z,2026-09-29T20:01:00+02:00,55,ajuntament-mercat,237,147,90,38
2026-09-29T18:02:00Z,2026-09-29T20:02:00+02:00,53,dr-robert,407,225,182,44.7
2026-09-29T18:02:00Z,2026-09-29T20:02:00+02:00,54,placa-vella,297,130,167,56.2
2026-09-29T18:02:00Z,2026-09-29T20:02:00+02:00,55,ajuntament-mercat,237,147,90,38
2026-09-29T18:03:00Z,2026-09-29T20:03:00+02:00,53,dr-robert,407,225,182,44.7
2026-09-29T18:03:00Z,2026-09-29T20:03:00+02:00,54,placa-vella,297,130,167,56.2
2026-09-29T18:03:00Z,2026-09-29T20:03:00+02:00,55,ajuntament-mercat,237,147,90,38
2026-09-29T18:04:00Z,2026-09-29T20:04:00+02:00,53,dr-robert,407,225,182,44.7
2026-09-29T18:04:00Z,2026-09-29T20:04:00+02:00,54,placa-vella,297,130,167,56.2
2026-09-29T18:04:00Z,2026-09-29T20:04:00+02:00,55,ajuntament-mercat,237,147,90,38
2026-09-29T18:05:00Z,2026-09-29T20:05:00+02:00,53,dr-robert,407,228,179,44
2026-09-29T18:05:00Z,2026-09-29T20:05:00+02:00,54,placa-vella,297,135,162,54.5
2026-09-29T18:05:00Z,2026-09-29T20:05:00+02:00,55,ajuntament-mercat,237,147,90,38
2026-09-29T18:06:00Z,2026-09-29T20:06:00+02:00,53,dr-robert,407,228,179,44
2026-09-29T18:06:00Z,2026-09-29T20:06:00+02:00,54,placa-vella,297,135,162,54.5
2026-09-29T18:06:00Z,2026-09-29T20:06:00+02:00,55,ajuntament-mercat,237,147,90,38
2026-09-29T18:07:00Z,2026-09-29T20:07:00+02:00,53,dr-robert,407,228,179,44
2026-09-29T18:07:00Z,2026-09-29T20:07:00+02:00,54,placa-vella,297,135,162,54.5
2026-09-29T18:07:00Z,2026-09-29T20:07:00+02:00,55,ajuntament-mercat,237,147,90,38
2026-09-29T18:08:00Z,2026-09-29T20:08:00+02:00,53,dr-robert,407,228,179,44
2026-09-29T18:08:00Z,2026-09-29T20:08:00+02:00,54,placa-vella,297,135,162,54.5
2026-09-29T18:08:00Z,2026-09-29T20:08:00+02:00,55,ajuntament-mercat,237,147,90,38
2026-09-29T18:09:00Z,2026-09-29T20:09:00+02:00,53,dr-robert,407,228,179,44
2026-09-29T18:09:00Z,2026-09-29T20:09:00+02:00,54,placa-vella,297,135,162,54.5
2026-09-29T18:09:00Z,2026-09-29T20:09:00+02:00,55,ajuntament-mercat,237,147,90,38
2026-09-29T18:10:00Z,2026-09-29T20:10:00+02:00,53,dr-robert,407,233,174,42.8
2026-09-29T18:10:00Z,2026-09-29T20:10:00+02:00,54,placa-vella,297,143,154,51.9
2026-09-29T18:10:00Z,2026-09-29T20:10:00+02:00,55,ajuntament-mercat,237,150,87,36.7
2026-09-29T18:11:00Z,2026-09-29T20:11:00+02:00,53,dr-robert,407,233,174,42.8
2026-09-29T18:11:00Z,2026-09-29T20:11:00+02:00,54,placa-vella,297,143,154,51.9
2026-09-29T18:11:00Z,2026-09-29T20:11:00+02:00,55,ajuntament-mercat,237,150,87,36.7
2026-09-29T18:12:00Z,2026-09-29T20:12:00+02:00,53,dr-robert,407,233,174,42.8
2026-09-29T18:12:00Z,2026-09-29T20:12:00+02:00,54,placa-vella,297,143,154,51.9
2026-09-29T18:12:00Z,2026-09-29T20:12:00+02:00,55,ajuntament-mercat,237,150,87,36.7
2026-09-29T18:13:00Z,2026-09-29T20:13:00+02:00,53,dr-robert,407,233,174,42.8
2026-09-29T18:13:00Z,2026-09-29T20:13:00+02:00,54,placa-vella,297,143,154,51.9
2026-09-29T18:13:00Z,2026-09-29T20:13:00+02:00,55,ajuntament-mercat,237,150,87,36.7
2026-09-29T18:14:00Z,2026-09-29T20:14:00+02:00,53,dr-robert,407,233,174,42.8
2026-09-29T18:14:00Z,2026-09-29T20:14:00+02:00,54,placa-vella,297,143,154,51.9
2026-09-29T18:14:00Z,2026-09-29T20:14:00+02:00,55,ajuntament-mercat,237,150,87,36.7
2026-09-29T18:15:00Z,2026-09-29T20:15:00+02:00,53,dr-robert,407,244,163,40
2026-09-29T18:15:00Z,2026-09-29T20:15:00+02:00,54,placa-vella,297,146,151,50.8
2026-09-29T18:15:00Z,2026-09-29T20:15:00+02:00,55,ajuntament-mercat,237,154,83,35
2026-09-29T18:16:00Z,2026-09-29T20:16:00+02:00,53,dr-robert,407,244,163,40
2026-09-29T18:16:00Z,2026-09-29T20:16:00+02:00,54,placa-vella,297,146,151,50.8
2026-09-29T18:16:00Z,2026-09-29T20:16:00+02:00,55,ajuntament-mercat,237,154,83,35
2026-09-29T18:17:00Z,2026-09-29T20:17:00+02:00,53,dr-robert,407,244,163,40
2026-09-29T18:17:00Z,2026-09-29T20:17:00+02:00,54,placa-vella,297,146,151,50.8
2026-09-29T18:17:00Z,2026-09-29T20:17:00+02:00,55,ajuntament-mercat,237,154,83,35
2026-09-29T18:18:00Z,2026-09-29T20:18:00+02:00,53,dr-robert,407,244,163,40
2026-09-29T18:18:00Z,2026-09-29T20:18:00+02:00,54,placa-vella,297,146,151,50.8
2026-09-29T18:18:00Z,2026-09-29T20:18:00+02:00,55,ajuntament-mercat,237,154,83,35
2026-09-29T18:19:00Z,2026-09-29T20:19:00+02:00,53,dr-robert,407,244,163,40
2026-09-29T18:19:00Z,2026-09-29T20:19:00+02:00,54,placa-vella,297,146,151,50.8
2026-09-29T18:19:00Z,2026-09-29T20:19:00+02:00,55,ajuntament-mercat,237,154,83,35
2026-09-29T18:20:00Z,2026-09-29T20:20:00+02:00,53,dr-robert,407,249,158,38.8
2026-09-29T18:20:00Z,2026-09-29T20:20:00+02:00,54,placa-vella,297,147,150,50.5
2026-09-29T18:20:00Z,2026-09-29T20:20:00+02:00,55,ajuntament-mercat,237,158,79,33.3
2026-09-29T18:21:00Z,2026-09-29T20:21:00+02:00,53,dr-robert,407,249,158,38.8
2026-09-29T18:21:00Z,2026-09-29T20:21:00+02:00,54,placa-vella,297,147,150,50.5
2026-09-29T18:21:00Z,2026-09-29T20:21:00+02:00,55,ajuntament-mercat,237,158,79,33.3
2026-09-29T18:22:00Z,2026-09-29T20:22:00+02:00,53,dr-robert,407,249,158,38.8
2026-09-29T18:22:00Z,2026-09-29T20:22:00+02:00,54,placa-vella,297,147,150,50.5
2026-09-29T18:22:00Z,2026-09-29T20:22:00+02:00,55,ajuntament-mercat,237,158,79,33.3
2026-09-29T18:23:00Z,2026-09-29T20:23:00+02:00,53,dr-robert,407,249,158,38.8
2026-09-29T18:23:00Z,2026-09-29T20:23:00+02:00,54,placa-vella,297,147,150,50.5
2026-09-29T18:23:00Z,2026-09-29T20:23:00+02:00,55,ajuntament-mercat,237,158,79,33.3
2026-09-29T18:24:00Z,2026-09-29T20:24:00+02:00,53,dr-robert,407,249,158,38.8
2026-09-29T18:24:00Z,2026-09-29T20:24:00+02:00,54,placa-vella,297,147,150,50.5
2026-09-29T18:24:00Z,2026-09-29T20:24:00+02:00,55,ajuntament-mercat,237,158,79,33.3
2026-09-29T18:25:00Z,2026-09-29T20:25:00+02:00,53,dr-robert,407,249,158,38.8
2026-09-29T18:25:00Z,2026-09-29T20:25:00+02:00,54,placa-vella,297,151,146,49.2
2026-09-29T18:25:00Z,2026-09-29T20:25:00+02:00,55,ajuntament-mercat,237,160,77,32.5
2026-09-29T18:26:00Z,2026-09-29T20:26:00+02:00,53,dr-robert,407,249,158,38.8
2026-09-29T18:26:00Z,2026-09-29T20:26:00+02:00,54,placa-vella,297,151,146,49.2
2026-09-29T18:26:00Z,2026-09-29T20:26:00+02:00,55,ajuntament-mercat,237,160,77,32.5
2026-09-29T18:27:00Z,2026-09-29T20:27:00+02:00,53,dr-robert,407,249,158,38.8
2026-09-29T18:27:00Z,2026-09-29T20:27:00+02:00,54,placa-vella,297,151,146,49.2
2026-09-29T18:27:00Z,2026-09-29T20:27:00+02:00,55,ajuntament-mercat,237,160,77,32.5
2026-09-29T18:28:00Z,2026-09-29T20:28:00+02:00,53,dr-robert,407,249,158,38.8
2026-09-29T18:28:00Z,2026-09-29T20:28:00+02:00,54,placa-vella,297,151,146,49.2
2026-09-29T18:28:00Z,2026-09-29T20:28:00+02:00,55,ajuntament-mercat,237,160,77,32.5
2026-09-29T18:29:00Z,2026-09-29T20:29:00+02:00,53,dr-robert,407,249,158,38.8
2026-09-29T18:29:00Z,2026-09-29T20:29:00+02:00,54,placa-vella,297,151,146,49.2
2026-09-29T18:29:00Z,2026-09-29T20:29:00+02:00,55,ajuntament-mercat,237,160,77,32.5
2026-09-29T18:30:00Z,2026-09-29T20:30:00+02:00,53,dr-robert,407,244,163,40
2026-09-29T18:30:00Z,2026-09-29T20:30:00+02:00,54,placa-vella,297,154,143,48.1
2026-09-29T18:30:00Z,2026-09-29T20:30:00+02:00,55,ajuntament-mercat,237,163,74,31.2
2026-09-29T18:31:00Z,2026-09-29T20:31:00+02:00,53,dr-robert,407,244,163,40
2026-09-29T18:31:00Z,2026-09-29T20:31:00+02:00,54,placa-vella,297,154,143,48.1
2026-09-29T18:31:00Z,2026-09-29T20:31:00+02:00,55,ajuntament-mercat,237,163,74,31.2
2026-09-29T18:32:00Z,2026-09-29T20:32:00+02:00,53,dr-robert,407,244,163,40
2026-09-29T18:32:00Z,2026-09-29T20:32:00+02:00,54,placa-vella,297,154,143,48.1
2026-09-29T18:32:00Z,2026-09-29T20:32:00+02:00,55,ajuntament-mercat,237,163,74,31.2
2026-09-29T18:33:00Z,2026-09-29T20:33:00+02:00,53,dr-robert,407,244,163,40
2026-09-29T18:33:00Z,2026-09-29T20:33:00+02:00,54,placa-vella,297,154,143,48.1
2026-09-29T18:33:00Z,2026-09-29T20:33:00+02:00,55,ajuntament-mercat,237,163,74,31.2
2026-09-29T18:34:00Z,2026-09-29T20:34:00+02:00,53,dr-robert,407,244,163,40
2026-09-29T18:34:00Z,2026-09-29T20:34:00+02:00,54,placa-vella,297,154,143,48.1
2026-09-29T18:34:00Z,2026-09-29T20:34:00+02:00,55,ajuntament-mercat,237,163,74,31.2
2026-09-29T18:35:00Z,2026-09-29T20:35:00+02:00,53,dr-robert,407,247,160,39.3
2026-09-29T18:35:00Z,2026-09-29T20:35:00+02:00,54,placa-vella,297,159,138,46.5
2026-09-29T18:35:00Z,2026-09-29T20:35:00+02:00,55,ajuntament-mercat,237,165,72,30.4
2026-09-29T18:36:00Z,2026-09-29T20:36:00+02:00,53,dr-robert,407,247,160,39.3
2026-09-29T18:36:00Z,2026-09-29T20:36:00+02:00,54,placa-vella,297,159,138,46.5
2026-09-29T18:36:00Z,2026-09-29T20:36:00+02:00,55,ajuntament-mercat,237,165,72,30.4
2026-09-29T18:37:00Z,2026-09-29T20:37:00+02:00,53,dr-robert,407,247,160,39.3
2026-09-29T18:37:00Z,2026-09-29T20:37:00+02:00,54,placa-vella,297,159,138,46.5
2026-09-29T18:37:00Z,2026-09-29T20:37:00+02:00,55,ajuntament-mercat,237,165,72,30.4
2026-09-29T18:38:00Z,2026-09-29T20:38:00+02:00,53,dr-robert,407,247,160,39.3
2026-09-29T18:38:00Z,2026-09-29T20:38:00+02:00,54,placa-vella,297,159,138,46.5
2026-09-29T18:38:00Z,2026-09-29T20:38:00+02:00,55,ajuntament-mercat,237,165,72,30.4
2026-09-29T18:39:00Z,2026-09-29T20:39:00+02:00,53,dr-robert,407,247,160,39.3
2026-09-29T18:39:00Z,2026-09-29T20:39:00+02:00,54,placa-vella,297,159,138,46.5
2026-09-29T18:39:00Z,2026-09-29T20:39:00+02:00,55,ajuntament-mercat,237,165,72,30.4
2026-09-29T18:40:00Z,2026-09-29T20:40:00+02:00,53,dr-robert,407,251,156,38.3
2026-09-29T18:40:00Z,2026-09-29T20:40:00+02:00,54,placa-vella,297,163,134,45.1
2026-09-29T18:40:00Z,2026-09-29T20:40:00+02:00,55,ajuntament-mercat,237,168,69,29.1
2026-09-29T18:41:00Z,2026-09-29T20:41:00+02:00,53,dr-robert,407,251,156,38.3
2026-09-29T18:41:00Z,2026-09-29T20:41:00+02:00,54,placa-vella,297,163,134,45.1
2026-09-29T18:41:00Z,2026-09-29T20:41:00+02:00,55,ajuntament-mercat,237,168,69,29.1
2026-09-29T18:42:00Z,2026-09-29T20:42:00+02:00,53,dr-robert,407,251,156,38.3
2026-09-29T18:42:00Z,2026-09-29T20:42:00+02:00,54,placa-vella,297,163,134,45.1
2026-09-29T18:42:00Z,2026-09-29T20:42:00+02:00,55,ajuntament-mercat,237,168,69,29.1
2026-09-29T18:43:00Z,2026-09-29T20:43:00+02:00,53,dr-robert,407,251,156,38.3
2026-09-29T18:43:00Z,2026-09-29T20:43:00+02:00,54,placa-vella,297,163,134,45.1
2026-09-29T18:43:00Z,2026-09-29T20:43:00+02:00,55,ajuntament-mercat,237,168,69,29.1
2026-09-29T18:44:00Z,2026-09-29T20:44:00+02:00,53,dr-robert,407,251,156,38.3
2026-09-29T18:44:00Z,2026-09-29T20:44:00+02:00,54,placa-vella,297,163,134,45.1
2026-09-29T18:44:00Z,2026-09-29T20:44:00+02:00,55,ajuntament-mercat,237,168,69,29.1
2026-09-29T18:45:00Z,2026-09-29T20:45:00+02:00,53,dr-robert,407,255,152,37.3
2026-09-29T18:45:00Z,2026-09-29T20:45:00+02:00,54,placa-vella,297,169,128,43.1
2026-09-29T18:45:00Z,2026-09-29T20:45:00+02:00,55,ajuntament-mercat,237,170,67,28.3
2026-09-29T18:46:00Z,2026-09-29T20:46:00+02:00,53,dr-robert,407,255,152,37.3
2026-09-29T18:46:00Z,2026-09-29T20:46:00+02:00,54,placa-vella,297,169,128,43.1
2026-09-29T18:46:00Z,2026-09-29T20:46:00+02:00,55,ajuntament-mercat,237,170,67,28.3
2026-09-29T18:47:00Z,2026-09-29T20:47:00+02:00,53,dr-robert,407,255,152,37.3
2026-09-29T18:47:00Z,2026-09-29T20:47:00+02:00,54,placa-vella,297,169,128,43.1
2026-09-29T18:47:00Z,2026-09-29T20:47:00+02:00,55,ajuntament-mercat,237,170,67,28.3
2026-09-29T18:48:00Z,2026-09-29T20:48:00+02:00,53,dr-robert,407,255,152,37.3
2026-09-29T18:48:00Z,2026-09-29T20:48:00+02:00,54,placa-vella,297,169,128,43.1
2026-09-29T18:48:00Z,2026-09-29T20:48:00+02:00,55,ajuntament-mercat,237,170,67,28.3
2026-09-29T18:49:00Z,2026-09-29T20:49:00+02:00,53,dr-robert,407,255,152,37.3
2026-09-29T18:49:00Z,2026-09-29T20:49:00+02:00,54,placa-vella,297,169,128,43.1
2026-09-29T18:49:00Z,2026-09-29T20:49:00+02:00,55,ajuntament-mercat,237,170,67,28.3
2026-09-29T18:50:00Z,2026-09-29T20:50:00+02:00,53,dr-robert,407,253,154,37.8
2026-09-29T18:50:00Z,2026-09-29T20:50:00+02:00,54,placa-vella,297,170,127,42.8
2026-09-29T18:50:00Z,2026-09-29T20:50:00+02:00,55,ajuntament-mercat,237,174,63,26.6
2026-09-29T18:51:00Z,2026-09-29T20:51:00+02:00,53,dr-robert,407,253,154,37.8
2026-09-29T18:51:00Z,2026-09-29T20:51:00+02:00,54,placa-vella,297,170,127,42.8
2026-09-29T18:51:00Z,2026-09-29T20:51:00+02:00,55,ajuntament-mercat,237,174,63,26.6
2026-09-29T18:52:00Z,2026-09-29T20:52:00+02:00,53,dr-robert,407,253,154,37.8
2026-09-29T18:52:00Z,2026-09-29T20:52:00+02:00,54,placa-vella,297,170,127,42.8
2026-09-29T18:52:00Z,2026-09-29T20:52:00+02:00,55,ajuntament-mercat,237,174,63,26.6
2026-09-29T18:53:00Z,2026-09-29T20:53:00+02:00,53,dr-robert,407,253,154,37.8
2026-09-29T18:53:00Z,2026-09-29T20:53:00+02:00,54,placa-vella,297,170,127,42.8
2026-09-29T18:53:00Z,2026-09-29T20:53:00+02:00,55,ajuntament-mercat,237,174,63,26.6
2026-09-29T18:54:00Z,2026-09-29T20:54:00+02:00,53,dr-robert,407,253,154,37.8
2026-09-29T18:54:00Z,2026-09-29T20:54:00+02:00,54,placa-vella,297,170,127,42.8
2026-09-29T18:54:00Z,2026-09-29T20:54:00+02:00,55,ajuntament-mercat,237,174,63,26.6
2026-09-29T18:55:00Z,2026-09-29T20:55:00+02:00,53,dr-robert,407,258,149,36.6
2026-09-29T18:55:00Z,2026-09-29T20:55:00+02:00,54,placa-vella,297,173,124,41.8
2026-09-29T18:55:00Z,2026-09-29T20:55:00+02:00,55,ajuntament-mercat,237,175,62,26.2
2026-09-29T18:56:00Z,2026-09-29T20:56:00+02:00,53,dr-robert,407,258,149,36.6
2026-09-29T18:56:00Z,2026-09-29T20:56:00+02:00,54,placa-vella,297,173,124,41.8
2026-09-29T18:56:00Z,2026-09-29T20:56:00+02:00,55,ajuntament-mercat,237,175,62,26.2
2026-09-29T18:57:00Z,2026-09-29T20:57:00+02:00,53,dr-robert,407,258,149,36.6
2026-09-29T18:57:00Z,2026-09-29T20:57:00+02:00,54,placa-vella,297,173,124,41.8
2026-09-29T18:57:00Z,2026-09-29T20:57:00+02:00,55,ajuntament-mercat,237,175,62,26.2
2026-09-29T18:58:00Z,2026-09-29T20:58:00+02:00,53,dr-robert,407,258,149,36.6
2026-09-29T18:58:00Z,2026-09-29T20:58:00+02:00,54,placa-vella,297,173,124,41.8
2026-09-29T18:58:00Z,2026-09-29T20:58:00+02:00,55,ajuntament-mercat,237,175,62,26.2
2026-09-29T18:59:00Z,2026-09-29T20:59:00+02:00,53,dr-robert,407,258,149,36.6
2026-09-29T18:59:00Z,2026-09-29T20:59:00+02:00,54,placa-vella,297,173,124,41.8
2026-09-29T18:59:00Z,2026-09-29T20:59:00+02:00,55,ajuntament-mercat,237,175,62,26.2
2026-09-29T19:00:00Z,2026-09-29T21:00:00+02:00,53,dr-robert,407,265,142,34.9
2026-09-29T19:00:00Z,2026-09-29T21:00:00+02:00,54,placa-vella,297,175,122,41.1
2026-09-29T19:00:00Z,2026-09-29T21:00:00+02:00,55,ajuntament-mercat,237,176,61,25.7
2026-09-29T19:01:00Z,2026-09-29T21:01:00+02:00,53,dr-robert,407,265,142,34.9
2026-09-29T19:01:00Z,2026-09-29T21:01:00+02:00,54,placa-vella,297,175,122,41.1
2026-09-29T19:01:00Z,2026-09-29T21:01:00+02:00,55,ajuntament-mercat,237,176,61,25.7
2026-09-29T19:02:00Z,2026-09-29T21:02:00+02:00,53,dr-robert,407,265,142,34.9
2026-09-29T19:02:00Z,2026-09-29T21:02:00+02:00,54,placa-vella,297,175,122,41.1
2026-09-29T19:02:00Z,2026-09-29T21:02:00+02:00,55,ajuntament-mercat,237,176,61,25.7
2026-09-29T19:03:00Z,2026-09-29T21:03:00+02:00,53,dr-robert,407,265,142,34.9
2026-09-29T19:03:00Z,2026-09-29T21:03:00+02:00,54,placa-vella,297,175,122,41.1
2026-09-29T19:03:00Z,2026-09-29T21:03:00+02:00,55,ajuntament-mercat,237,176,61,25.7
2026-09-29T19:04:00Z,2026-09-29T21:04:00+02:00,53,dr-robert,407,265,142,34.9
2026-09-29T19:04:00Z,2026-09-29T21:04:00+02:00,54,placa-vella,297,175,122,41.1
2026-09-29T19:04:00Z,2026-09-29T21:04:00+02:00,55,ajuntament-mercat,237,176,61,25.7
2026-09-29T19:05:00Z,2026-09-29T21:05:00+02:00,53,dr-robert,407,265,142,34.9
2026-09-29T19:05:00Z,2026-09-29T21:05:00+02:00,54,placa-vella,297,177,120,40.4
2026-09-29T19:05:00Z,2026-09-29T21:05:00+02:00,55,ajuntament-mercat,237,178,59,24.9
2026-09-29T19:06:00Z,2026-09-29T21:06:00+02:00,53,dr-robert,407,265,142,34.9
2026-09-29T19:06:00Z,2026-09-29T21:06:00+02:00,54,placa-vella,297,177,120,40.4
2026-09-29T19:06:00Z,2026-09-29T21:06:00+02:00,55,ajuntament-mercat,237,178,59,24.9
2026-09-29T19:07:00Z,2026-09-29T21:07:00+02:00,53,dr-robert,407,265,142,34.9
2026-09-29T19:07:00Z,2026-09-29T21:07:00+02:00,54,placa-vella,297,177,120,40.4
2026-09-29T19:07:00Z,2026-09-29T21:07:00+02:00,55,ajuntament-mercat,237,178,59,24.9
2026-09-29T19:08:00Z,2026-09-29T21:08:00+02:00,53,dr-robert,407,265,142,34.9
2026-09-29T19:08:00Z,2026-09-29T21:08:00+02:00,54,placa-vella,297,177,120,40.4
2026-09-29T19:08:00Z,2026-09-29T21:08:00+02:00,55,ajuntament-mercat,237,178,59,24.9
2026-09-29T19:09:00Z,2026-09-29T21:09:00+02:00,53,dr-robert,407,265,142,34.9
2026-09-29T19:09:00Z,2026-09-29T21:09:00+02:00,54,placa-vella,297,177,120,40.4
2026-09-29T19:09:00Z,2026-09-29T21:09:00+02:00,55,ajuntament-mercat,237,178,59,24.9
2026-09-29T19:10:00Z,2026-09-29T21:10:00+02:00,53,dr-robert,407,265,142,34.9
2026-09-29T19:10:00Z,2026-09-29T21:10:00+02:00,54,placa-vella,297,177,120,40.4
2026-09-29T19:10:00Z,2026-09-29T21:10:00+02:00,55,ajuntament-mercat,237,179,58,24.5
2026-09-29T19:11:00Z,2026-09-29T21:11:00+02:00,53,dr-robert,407,265,142,34.9
2026-09-29T19:11:00Z,2026-09-29T21:11:00+02:00,54,placa-vella,297,177,120,40.4
2026-09-29T19:11:00Z,2026-09-29T21:11:00+02:00,55,ajuntament-mercat,237,179,58,24.5
2026-09-29T19:12:00Z,2026-09-29T21:12:00+02:00,53,dr-robert,407,265,142,34.9
2026-09-29T19:12:00Z,2026-09-29T21:12:00+02:00,54,placa-vella,297,177,120,40.4
2026-09-29T19:12:00Z,2026-09-29T21:12:00+02:00,55,ajuntament-mercat,237,179,58,24.5
2026-09-29T19:13:00Z,2026-09-29T21:13:00+02:00,53,dr-robert,407,265,142,34.9
2026-09-29T19:13:00Z,2026-09-29T21:13:00+02:00,54,placa-vella,297,177,120,40.4
2026-09-29T19:13:00Z,2026-09-29T21:13:00+02:00,55,ajuntament-mercat,237,179,58,24.5
2026-09-29T19:14:00Z,2026-09-29T21:14:00+02:00,53,dr-robert,407,265,142,34.9
2026-09-29T19:14:00Z,2026-09-29T21:14:00+02:00,54,placa-vella,297,177,120,40.4
2026-09-29T19:14:00Z,2026-09-29T21:14:00+02:00,55,ajuntament-mercat,237,179,58,24.5
2026-09-29T19:15:00Z,2026-09-29T21:15:00+02:00,53,dr-robert,407,269,138,33.9
2026-09-29T19:15:00Z,2026-09-29T21:15:00+02:00,54,placa-vella,297,179,118,39.7
2026-09-29T19:15:00Z,2026-09-29T21:15:00+02:00,55,ajuntament-mercat,237,181,56,23.6
2026-09-29T19:16:00Z,2026-09-29T21:16:00+02:00,53,dr-robert,407,269,138,33.9
2026-09-29T19:16:00Z,2026-09-29T21:16:00+02:00,54,placa-vella,297,179,118,39.7
2026-09-29T19:16:00Z,2026-09-29T21:16:00+02:00,55,ajuntament-mercat,237,181,56,23.6
2026-09-29T19:17:00Z,2026-09-29T21:17:00+02:00,53,dr-robert,407,269,138,33.9
2026-09-29T19:17:00Z,2026-09-29T21:17:00+02:00,54,placa-vella,297,179,118,39.7
2026-09-29T19:17:00Z,2026-09-29T21:17:00+02:00,55,ajuntament-mercat,237,181,56,23.6
2026-09-29T19:18:00Z,2026-09-29T21:18:00+02:00,53,dr-robert,407,269,138,33.9
2026-09-29T19:18:00Z,2026-09-29T21:18:00+02:00,54,placa-vella,297,179,118,39.7
2026-09-29T19:18:00Z,2026-09-29T21:18:00+02:00,55,ajuntament-mercat,237,181,56,23.6
2026-09-29T19:19:00Z,2026-09-29T21:19:00+02:00,53,dr-robert,407,269,138,33.9
2026-09-29T19:19:00Z,2026-09-29T21:19:00+02:00,54,placa-vella,297,179,118,39.7
2026-09-29T19:19:00Z,2026-09-29T21:19:00+02:00,55,ajuntament-mercat,237,181,56,23.6
2026-09-29T19:20:00Z,2026-09-29T21:20:00+02:00,53,dr-robert,407,273,134,32.9
2026-09-29T19:20:00Z,2026-09-29T21:20:00+02:00,54,placa-vella,297,179,118,39.7
2026-09-29T19:20:00Z,2026-09-29T21:20:00+02:00,55,ajuntament-mercat,237,182,55,23.2
2026-09-29T19:21:00Z,2026-09-29T21:21:00+02:00,53,dr-robert,407,273,134,32.9
2026-09-29T19:21:00Z,2026-09-29T21:21:00+02:00,54,placa-vella,297,179,118,39.7
2026-09-29T19:21:00Z,2026-09-29T21:21:00+02:00,55,ajuntament-mercat,237,182,55,23.2
2026-09-29T19:22:00Z,2026-09-29T21:22:00+02:00,53,dr-robert,407,273,134,32.9
2026-09-29T19:22:00Z,2026-09-29T21:22:00+02:00,54,placa-vella,297,179,118,39.7
2026-09-29T19:22:00Z,2026-09-29T21:22:00+02:00,55,ajuntament-mercat,237,182,55,23.2
2026-09-29T19:23:00Z,2026-09-29T21:23:00+02:00,53,dr-robert,407,273,134,32.9
2026-09-29T19:23:00Z,2026-09-29T21:23:00+02:00,54,placa-vella,297,179,118,39.7
2026-09-29T19:23:00Z,2026-09-29T21:23:00+02:00,55,ajuntament-mercat,237,182,55,23.2
2026-09-29T19:24:00Z,2026-09-29T21:24:00+02:00,53,dr-robert,407,273,134,32.9
2026-09-29T19:24:00Z,2026-09-29T21:24:00+02:00,54,placa-vella,297,179,118,39.7
2026-09-29T19:24:00Z,2026-09-29T21:24:00+02:00,55,ajuntament-mercat,237,182,55,23.2
2026-09-29T19:25:00Z,2026-09-29T21:25:00+02:00,53,dr-robert,407,276,131,32.2
2026-09-29T19:25:00Z,2026-09-29T21:25:00+02:00,54,placa-vella,297,176,121,40.7
2026-09-29T19:25:00Z,2026-09-29T21:25:00+02:00,55,ajuntament-mercat,237,183,54,22.8
2026-09-29T19:26:00Z,2026-09-29T21:26:00+02:00,53,dr-robert,407,276,131,32.2
2026-09-29T19:26:00Z,2026-09-29T21:26:00+02:00,54,placa-vella,297,176,121,40.7
2026-09-29T19:26:00Z,2026-09-29T21:26:00+02:00,55,ajuntament-mercat,237,183,54,22.8
2026-09-29T19:27:00Z,2026-09-29T21:27:00+02:00,53,dr-robert,407,276,131,32.2
2026-09-29T19:27:00Z,2026-09-29T21:27:00+02:00,54,placa-vella,297,176,121,40.7
2026-09-29T19:27:00Z,2026-09-29T21:27:00+02:00,55,ajuntament-mercat,237,183,54,22.8
2026-09-29T19:28:00Z,2026-09-29T21:28:00+02:00,53,dr-robert,407,276,131,32.2
2026-09-29T19:28:00Z,2026-09-29T21:28:00+02:00,54,placa-vella,297,176,121,40.7
2026-09-29T19:28:00Z,2026-09-29T21:28:00+02:00,55,ajuntament-mercat,237,183,54,22.8
2026-09-29T19:29:00Z,2026-09-29T21:29:00+02:00,53,dr-robert,407,276,131,32.2
2026-09-29T19:29:00Z,2026-09-29T21:29:00+02:00,54,placa-vella,297,176,121,40.7
2026-09-29T19:29:00Z,2026-09-29T21:29:00+02:00,55,ajuntament-mercat,237,183,54,22.8
2026-09-29T19:30:00Z,2026-09-29T21:30:00+02:00,53,dr-robert,407,279,128,31.4
2026-09-29T19:30:00Z,2026-09-29T21:30:00+02:00,54,placa-vella,297,178,119,40.1
2026-09-29T19:30:00Z,2026-09-29T21:30:00+02:00,55,ajuntament-mercat,237,185,52,21.9
2026-09-29T19:31:00Z,2026-09-29T21:31:00+02:00,53,dr-robert,407,279,128,31.4
2026-09-29T19:31:00Z,2026-09-29T21:31:00+02:00,54,placa-vella,297,178,119,40.1
2026-09-29T19:31:00Z,2026-09-29T21:31:00+02:00,55,ajuntament-mercat,237,185,52,21.9
2026-09-29T19:32:00Z,2026-09-29T21:32:00+02:00,53,dr-robert,407,279,128,31.4
2026-09-29T19:32:00Z,2026-09-29T21:32:00+02:00,54,placa-vella,297,178,119,40.1
2026-09-29T19:32:00Z,2026-09-29T21:32:00+02:00,55,ajuntament-mercat,237,185,52,21.9
2026-09-29T19:33:00Z,2026-09-29T21:33:00+02:00,53,dr-robert,407,279,128,31.4
2026-09-29T19:33:00Z,2026-09-29T21:33:00+02:00,54,placa-vella,297,178,119,40.1
2026-09-29T19:33:00Z,2026-09-29T21:33:00+02:00,55,ajuntament-mercat,237,185,52,21.9
2026-09-29T19:34:00Z,2026-09-29T21:34:00+02:00,53,dr-robert,407,279,128,31.4
2026-09-29T19:34:00Z,2026-09-29T21:34:00+02:00,54,placa-vella,297,178,119,40.1
2026-09-29T19:34:00Z,2026-09-29T21:34:00+02:00,55,ajuntament-mercat,237,185,52,21.9
2026-09-29T19:35:00Z,2026-09-29T21:35:00+02:00,53,dr-robert,407,281,126,31
2026-09-29T19:35:00Z,2026-09-29T21:35:00+02:00,54,placa-vella,297,182,115,38.7
2026-09-29T19:35:00Z,2026-09-29T21:35:00+02:00,55,ajuntament-mercat,237,184,53,22.4
2026-09-29T19:36:00Z,2026-09-29T21:36:00+02:00,53,dr-robert,407,281,126,31
2026-09-29T19:36:00Z,2026-09-29T21:36:00+02:00,54,placa-vella,297,182,115,38.7
2026-09-29T19:36:00Z,2026-09-29T21:36:00+02:00,55,ajuntament-mercat,237,184,53,22.4
2026-09-29T19:37:00Z,2026-09-29T21:37:00+02:00,53,dr-robert,407,281,126,31
2026-09-29T19:37:00Z,2026-09-29T21:37:00+02:00,54,placa-vella,297,182,115,38.7
2026-09-29T19:37:00Z,2026-09-29T21:37:00+02:00,55,ajuntament-mercat,237,184,53,22.4
2026-09-29T19:38:00Z,2026-09-29T21:38:00+02:00,53,dr-robert,407,281,126,31
2026-09-29T19:38:00Z,2026-09-29T21:38:00+02:00,54,placa-vella,297,182,115,38.7
2026-09-29T19:38:00Z,2026-09-29T21:38:00+02:00,55,ajuntament-mercat,237,184,53,22.4
2026-09-29T19:39:00Z,2026-09-29T21:39:00+02:00,53,dr-robert,407,281,126,31
2026-09-29T19:39:00Z,2026-09-29T21:39:00+02:00,54,placa-vella,297,182,115,38.7
2026-09-29T19:39:00Z,2026-09-29T21:39:00+02:00,55,ajuntament-mercat,237,184,53,22.4
2026-09-29T19:40:00Z,2026-09-29T21:40:00+02:00,53,dr-robert,407,286,121,29.7
2026-09-29T19:40:00Z,2026-09-29T21:40:00+02:00,54,placa-vella,297,182,115,38.7
2026-09-29T19:40:00Z,2026-09-29T21:40:00+02:00,55,ajuntament-mercat,237,184,53,22.4
2026-09-29T19:41:00Z,2026-09-29T21:41:00+02:00,53,dr-robert,407,286,121,29.7
2026-09-29T19:41:00Z,2026-09-29T21:41:00+02:00,54,placa-vella,297,182,115,38.7
2026-09-29T19:41:00Z,2026-09-29T21:41:00+02:00,55,ajuntament-mercat,237,184,53,22.4
2026-09-29T19:42:00Z,2026-09-29T21:42:00+02:00,53,dr-robert,407,286,121,29.7
2026-09-29T19:42:00Z,2026-09-29T21:42:00+02:00,54,placa-vella,297,182,115,38.7
2026-09-29T19:42:00Z,2026-09-29T21:42:00+02:00,55,ajuntament-mercat,237,184,53,22.4
2026-09-29T19:43:00Z,2026-09-29T21:43:00+02:00,53,dr-robert,407,286,121,29.7
2026-09-29T19:43:00Z,2026-09-29T21:43:00+02:00,54,placa-vella,297,182,115,38.7
2026-09-29T19:43:00Z,2026-09-29T21:43:00+02:00,55,ajuntament-mercat,237,184,53,22.4
2026-09-29T19:44:00Z,2026-09-29T21:44:00+02:00,53,dr-robert,407,286,121,29.7
2026-09-29T19:44:00Z,2026-09-29T21:44:00+02:00,54,placa-vella,297,182,115,38.7
2026-09-29T19:44:00Z,2026-09-29T21:44:00+02:00,55,ajuntament-mercat,237,184,53,22.4
2026-09-29T19:45:00Z,2026-09-29T21:45:00+02:00,53,dr-robert,407,291,116,28.5
2026-09-29T19:45:00Z,2026-09-29T21:45:00+02:00,54,placa-vella,297,180,117,39.4
2026-09-29T19:45:00Z,2026-09-29T21:45:00+02:00,55,ajuntament-mercat,237,184,53,22.4
2026-09-29T19:46:00Z,2026-09-29T21:46:00+02:00,53,dr-robert,407,291,116,28.5
2026-09-29T19:46:00Z,2026-09-29T21:46:00+02:00,54,placa-vella,297,180,117,39.4
2026-09-29T19:46:00Z,2026-09-29T21:46:00+02:00,55,ajuntament-mercat,237,184,53,22.4
2026-09-29T19:47:00Z,2026-09-29T21:47:00+02:00,53,dr-robert,407,291,116,28.5
2026-09-29T19:47:00Z,2026-09-29T21:47:00+02:00,54,placa-vella,297,180,117,39.4
2026-09-29T19:47:00Z,2026-09-29T21:47:00+02:00,55,ajuntament-mercat,237,184,53,22.4
2026-09-29T19:48:00Z,2026-09-29T21:48:00+02:00,53,dr-robert,407,291,116,28.5
2026-09-29T19:48:00Z,2026-09-29T21:48:00+02:00,54,placa-vella,297,180,117,39.4
2026-09-29T19:48:00Z,2026-09-29T21:48:00+02:00,55,ajuntament-mercat,237,184,53,22.4
2026-09-29T19:49:00Z,2026-09-29T21:49:00+02:00,53,dr-robert,407,291,116,28.5
2026-09-29T19:49:00Z,2026-09-29T21:49:00+02:00,54,placa-vella,297,180,117,39.4
2026-09-29T19:49:00Z,2026-09-29T21:49:00+02:00,55,ajuntament-mercat,237,184,53,22.4
2026-09-29T19:50:00Z,2026-09-29T21:50:00+02:00,53,dr-robert,407,294,113,27.8
2026-09-29T19:50:00Z,2026-09-29T21:50:00+02:00,54,placa-vella,297,183,114,38.4
2026-09-29T19:50:00Z,2026-09-29T21:50:00+02:00,55,ajuntament-mercat,237,186,51,21.5
2026-09-29T19:51:00Z,2026-09-29T21:51:00+02:00,53,dr-robert,407,294,113,27.8
2026-09-29T19:51:00Z,2026-09-29T21:51:00+02:00,54,placa-vella,297,183,114,38.4
2026-09-29T19:51:00Z,2026-09-29T21:51:00+02:00,55,ajuntament-mercat,237,186,51,21.5
2026-09-29T19:52:00Z,2026-09-29T21:52:00+02:00,53,dr-robert,407,294,113,27.8
2026-09-29T19:52:00Z,2026-09-29T21:52:00+02:00,54,placa-vella,297,183,114,38.4
2026-09-29T19:52:00Z,2026-09-29T21:52:00+02:00,55,ajuntament-mercat,237,186,51,21.5
2026-09-29T19:53:00Z,2026-09-29T21:53:00+02:00,53,dr-robert,407,294,113,27.8
2026-09-29T19:53:00Z,2026-09-29T21:53:00+02:00,54,placa-vella,297,183,114,38.4
2026-09-29T19:53:00Z,2026-09-29T21:53:00+02:00,55,ajuntament-mercat,237,186,51,21.5
2026-09-29T19:54:00Z,2026-09-29T21:54:00+02:00,53,dr-robert,407,294,113,27.8
2026-09-29T19:54:00Z,2026-09-29T21:54:00+02:00,54,placa-vella,297,183,114,38.4
2026-09-29T19:54:00Z,2026-09-29T21:54:00+02:00,55,ajuntament-mercat,237,186,51,21.5
2026-09-29T19:55:00Z,2026-09-29T21:55:00+02:00,53,dr-robert,407,293,114,28
2026-09-29T19:55:00Z,2026-09-29T21:55:00+02:00,54,placa-vella,297,184,113,38
2026-09-29T19:55:00Z,2026-09-29T21:55:00+02:00,55,ajuntament-mercat,237,187,50,21.1
2026-09-29T19:56:00Z,2026-09-29T21:56:00+02:00,53,dr-robert,407,293,114,28
2026-09-29T19:56:00Z,2026-09-29T21:56:00+02:00,54,placa-vella,297,184,113,38
2026-09-29T19:56:00Z,2026-09-29T21:56:00+02:00,55,ajuntament-mercat,237,187,50,21.1
2026-09-29T19:57:00Z,2026-09-29T21:57:00+02:00,53,dr-robert,407,293,114,28
2026-09-29T19:57:00Z,2026-09-29T21:57:00+02:00,54,placa-vella,297,184,113,38
2026-09-29T19:57:00Z,2026-09-29T21:57:00+02:00,55,ajuntament-mercat,237,187,50,21.1
2026-09-29T19:58:00Z,2026-09-29T21:58:00+02:00,53,dr-robert,407,293,114,28
2026-09-29T19:58:00Z,2026-09-29T21:58:00+02:00,54,placa-vella,297,184,113,38
2026-09-29T19:58:00Z,2026-09-29T21:58:00+02:00,55,ajuntament-mercat,237,187,50,21.1
2026-09-29T19:59:00Z,2026-09-29T21:59:00+02:00,53,dr-robert,407,293,114,28
2026-09-29T19:59:00Z,2026-09-29T21:59:00+02:00,54,placa-vella,297,184,113,38
2026-09-29T19:59:00Z,2026-09-29T21:59:00+02:00,55,ajuntament-mercat,237,187,50,21.1
2026-09-29T20:00:00Z,2026-09-29T22:00:00+02:00,53,dr-robert,407,300,107,26.3
2026-09-29T20:00:00Z,2026-09-29T22:00:00+02:00,54,placa-vella,297,183,114,38.4
2026-09-29T20:00:00Z,2026-09-29T22:00:00+02:00,55,ajuntament-mercat,237,187,50,21.1
2026-09-29T20:01:00Z,2026-09-29T22:01:00+02:00,53,dr-robert,407,300,107,26.3
2026-09-29T20:01:00Z,2026-09-29T22:01:00+02:00,54,placa-vella,297,183,114,38.4
2026-09-29T20:01:00Z,2026-09-29T22:01:00+02:00,55,ajuntament-mercat,237,187,50,21.1
2026-09-29T20:02:00Z,2026-09-29T22:02:00+02:00,53,dr-robert,407,300,107,26.3
2026-09-29T20:02:00Z,2026-09-29T22:02:00+02:00,54,placa-vella,297,183,114,38.4
2026-09-29T20:02:00Z,2026-09-29T22:02:00+02:00,55,ajuntament-mercat,237,187,50,21.1
2026-09-29T20:03:00Z,2026-09-29T22:03:00+02:00,53,dr-robert,407,300,107,26.3
2026-09-29T20:03:00Z,2026-09-29T22:03:00+02:00,54,placa-vella,297,183,114,38.4
2026-09-29T20:03:00Z,2026-09-29T22:03:00+02:00,55,ajuntament-mercat,237,187,50,21.1
2026-09-29T20:04:00Z,2026-09-29T22:04:00+02:00,53,dr-robert,407,300,107,26.3
2026-09-29T20:04:00Z,2026-09-29T22:04:00+02:00,54,placa-vella,297,183,114,38.4
2026-09-29T20:04:00Z,2026-09-29T22:04:00+02:00,55,ajuntament-mercat,237,187,50,21.1
2026-09-29T20:05:00Z,2026-09-29T22:05:00+02:00,53,dr-robert,407,304,103,25.3
2026-09-29T20:05:00Z,2026-09-29T22:05:00+02:00,54,placa-vella,297,183,114,38.4
2026-09-29T20:05:00Z,2026-09-29T22:05:00+02:00,55,ajuntament-mercat,237,187,50,21.1
2026-09-29T20:06:00Z,2026-09-29T22:06:00+02:00,53,dr-robert,407,304,103,25.3
2026-09-29T20:06:00Z,2026-09-29T22:06:00+02:00,54,placa-vella,297,183,114,38.4
2026-09-29T20:06:00Z,2026-09-29T22:06:00+02:00,55,ajuntament-mercat,237,187,50,21.1
2026-09-29T20:07:00Z,2026-09-29T22:07:00+02:00,53,dr-robert,407,304,103,25.3
2026-09-29T20:07:00Z,2026-09-29T22:07:00+02:00,54,placa-vella,297,183,114,38.4
2026-09-29T20:07:00Z,2026-09-29T22:07:00+02:00,55,ajuntament-mercat,237,187,50,21.1
2026-09-29T20:08:00Z,2026-09-29T22:08:00+02:00,53,dr-robert,407,304,103,25.3
2026-09-29T20:08:00Z,2026-09-29T22:08:00+02:00,54,placa-vella,297,183,114,38.4
2026-09-29T20:08:00Z,2026-09-29T22:08:00+02:00,55,ajuntament-mercat,237,187,50,21.1
2026-09-29T20:09:00Z,2026-09-29T22:09:00+02:00,53,dr-robert,407,304,103,25.3
2026-09-29T20:09:00Z,2026-09-29T22:09:00+02:00,54,placa-vella,297,183,114,38.4
2026-09-29T20:09:00Z,2026-09-29T22:09:00+02:00,55,ajuntament-mercat,237,187,50,21.1
2026-09-29T20:10:00Z,2026-09-29T22:10:00+02:00,53,dr-robert,407,308,99,24.3
2026-09-29T20:10:00Z,2026-09-29T22:10:00+02:00,54,placa-vella,297,182,115,38.7
2026-09-29T20:10:00Z,2026-09-29T22:10:00+02:00,55,ajuntament-mercat,237,187,50,21.1
2026-09-29T20:11:00Z,2026-09-29T22:11:00+02:00,53,dr-robert,407,308,99,24.3
2026-09-29T20:11:00Z,2026-09-29T22:11:00+02:00,54,placa-vella,297,182,115,38.7
2026-09-29T20:11:00Z,2026-09-29T22:11:00+02:00,55,ajuntament-mercat,237,187,50,21.1
2026-09-29T20:12:00Z,2026-09-29T22:12:00+02:00,53,dr-robert,407,308,99,24.3
2026-09-29T20:12:00Z,2026-09-29T22:12:00+02:00,54,placa-vella,297,182,115,38.7
2026-09-29T20:12:00Z,2026-09-29T22:12:00+02:00,55,ajuntament-mercat,237,187,50,21.1
2026-09-29T20:13:00Z,2026-09-29T22:13:00+02:00,53,dr-robert,407,308,99,24.3
2026-09-29T20:13:00Z,2026-09-29T22:13:00+02:00,54,placa-vella,297,182,115,38.7
2026-09-29T20:13:00Z,2026-09-29T22:13:00+02:00,55,ajuntament-mercat,237,187,50,21.1
2026-09-29T20:14:00Z,2026-09-29T22:14:00+02:00,53,dr-robert,407,308,99,24.3
2026-09-29T20:14:00Z,2026-09-29T22:14:00+02:00,54,placa-vella,297,182,115,38.7
2026-09-29T20:14:00Z,2026-09-29T22:14:00+02:00,55,ajuntament-mercat,237,187,50,21.1
2026-09-29T20:15:00Z,2026-09-29T22:15:00+02:00,53,dr-robert,407,309,98,24.1
2026-09-29T20:15:00Z,2026-09-29T22:15:00+02:00,54,placa-vella,297,184,113,38
2026-09-29T20:15:00Z,2026-09-29T22:15:00+02:00,55,ajuntament-mercat,237,187,50,21.1
2026-09-29T20:16:00Z,2026-09-29T22:16:00+02:00,53,dr-robert,407,309,98,24.1
2026-09-29T20:16:00Z,2026-09-29T22:16:00+02:00,54,placa-vella,297,184,113,38
2026-09-29T20:16:00Z,2026-09-29T22:16:00+02:00,55,ajuntament-mercat,237,187,50,21.1
2026-09-29T20:17:00Z,2026-09-29T22:17:00+02:00,53,dr-robert,407,309,98,24.1
2026-09-29T20:17:00Z,2026-09-29T22:17:00+02:00,54,placa-vella,297,184,113,38
2026-09-29T20:17:00Z,2026-09-29T22:17:00+02:00,55,ajuntament-mercat,237,187,50,21.1
2026-09-29T20:18:00Z,2026-09-29T22:18:00+02:00,53,dr-robert,407,309,98,24.1
2026-09-29T20:18:00Z,2026-09-29T22:18:00+02:00,54,placa-vella,297,184,113,38
2026-09-29T20:18:00Z,2026-09-29T22:18:00+02:00,55,ajuntament-mercat,237,187,50,21.1
2026-09-29T20:19:00Z,2026-09-29T22:19:00+02:00,53,dr-robert,407,309,98,24.1
2026-09-29T20:19:00Z,2026-09-29T22:19:00+02:00,54,placa-vella,297,184,113,38
2026-09-29T20:19:00Z,2026-09-29T22:19:00+02:00,55,ajuntament-mercat,237,187,50,21.1
2026-09-29T20:20:00Z,2026-09-29T22:20:00+02:00,53,dr-robert,407,308,99,24.3
2026-09-29T20:20:00Z,2026-09-29T22:20:00+02:00,54,placa-vella,297,184,113,38
2026-09-29T20:20:00Z,2026-09-29T22:20:00+02:00,55,ajuntament-mercat,237,188,49,20.7
2026-09-29T20:21:00Z,2026-09-29T22:21:00+02:00,53,dr-robert,407,308,99,24.3
2026-09-29T20:21:00Z,2026-09-29T22:21:00+02:00,54,placa-vella,297,184,113,38
2026-09-29T20:21:00Z,2026-09-29T22:21:00+02:00,55,ajuntament-mercat,237,188,49,20.7
2026-09-29T20:22:00Z,2026-09-29T22:22:00+02:00,53,dr-robert,407,308,99,24.3
2026-09-29T20:22:00Z,2026-09-29T22:22:00+02:00,54,placa-vella,297,184,113,38
2026-09-29T20:22:00Z,2026-09-29T22:22:00+02:00,55,ajuntament-mercat,237,188,49,20.7
2026-09-29T20:23:00Z,2026-09-29T22:23:00+02:00,53,dr-robert,407,308,99,24.3
2026-09-29T20:23:00Z,2026-09-29T22:23:00+02:00,54,placa-vella,297,184,113,38
2026-09-29T20:23:00Z,2026-09-29T22:23:00+02:00,55,ajuntament-mercat,237,188,49,20.7
2026-09-29T20:24:00Z,2026-09-29T22:24:00+02:00,53,dr-robert,407,308,99,24.3
2026-09-29T20:24:00Z,2026-09-29T22:24:00+02:00,54,placa-vella,297,184,113,38
2026-09-29T20:24:00Z,2026-09-29T22:24:00+02:00,55,ajuntament-mercat,237,188,49,20.7
2026-09-29T20:25:00Z,2026-09-29T22:25:00+02:00,53,dr-robert,407,311,96,23.6
2026-09-29T20:25:00Z,2026-09-29T22:25:00+02:00,54,placa-vella,297,185,112,37.7
2026-09-29T20:25:00Z,2026-09-29T22:25:00+02:00,55,ajuntament-mercat,237,190,47,19.8
2026-09-29T20:26:00Z,2026-09-29T22:26:00+02:00,53,dr-robert,407,311,96,23.6
2026-09-29T20:26:00Z,2026-09-29T22:26:00+02:00,54,placa-vella,297,185,112,37.7
2026-09-29T20:26:00Z,2026-09-29T22:26:00+02:00,55,ajuntament-mercat,237,190,47,19.8
2026-09-29T20:27:00Z,2026-09-29T22:27:00+02:00,53,dr-robert,407,311,96,23.6
2026-09-29T20:27:00Z,2026-09-29T22:27:00+02:00,54,placa-vella,297,185,112,37.7
2026-09-29T20:27:00Z,2026-09-29T22:27:00+02:00,55,ajuntament-mercat,237,190,47,19.8
2026-09-29T20:28:00Z,2026-09-29T22:28:00+02:00,53,dr-robert,407,311,96,23.6
2026-09-29T20:28:00Z,2026-09-29T22:28:00+02:00,54,placa-vella,297,185,112,37.7
2026-09-29T20:28:00Z,2026-09-29T22:28:00+02:00,55,ajuntament-mercat,237,190,47,19.8
2026-09-29T20:29:00Z,2026-09-29T22:29:00+02:00,53,dr-robert,407,311,96,23.6
2026-09-29T20:29:00Z,2026-09-29T22:29:00+02:00,54,placa-vella,297,185,112,37.7
2026-09-29T20:29:00Z,2026-09-29T22:29:00+02:00,55,ajuntament-mercat,237,190,47,19.8
2026-09-29T20:30:00Z,2026-09-29T22:30:00+02:00,53,dr-robert,407,313,94,23.1
2026-09-29T20:30:00Z,2026-09-29T22:30:00+02:00,54,placa-vella,297,185,112,37.7
2026-09-29T20:30:00Z,2026-09-29T22:30:00+02:00,55,ajuntament-mercat,237,190,47,19.8
2026-09-29T20:31:00Z,2026-09-29T22:31:00+02:00,53,dr-robert,407,313,94,23.1
2026-09-29T20:31:00Z,2026-09-29T22:31:00+02:00,54,placa-vella,297,185,112,37.7
2026-09-29T20:31:00Z,2026-09-29T22:31:00+02:00,55,ajuntament-mercat,237,190,47,19.8
2026-09-29T20:32:00Z,2026-09-29T22:32:00+02:00,53,dr-robert,407,313,94,23.1
2026-09-29T20:32:00Z,2026-09-29T22:32:00+02:00,54,placa-vella,297,185,112,37.7
2026-09-29T20:32:00Z,2026-09-29T22:32:00+02:00,55,ajuntament-mercat,237,190,47,19.8
2026-09-29T20:33:00Z,2026-09-29T22:33:00+02:00,53,dr-robert,407,313,94,23.1
2026-09-29T20:33:00Z,2026-09-29T22:33:00+02:00,54,placa-vella,297,185,112,37.7
2026-09-29T20:33:00Z,2026-09-29T22:33:00+02:00,55,ajuntament-mercat,237,190,47,19.8
2026-09-29T20:34:00Z,2026-09-29T22:34:00+02:00,53,dr-robert,407,313,94,23.1
2026-09-29T20:34:00Z,2026-09-29T22:34:00+02:00,54,placa-vella,297,185,112,37.7
2026-09-29T20:34:00Z,2026-09-29T22:34:00+02:00,55,ajuntament-mercat,237,190,47,19.8
2026-09-29T20:35:00Z,2026-09-29T22:35:00+02:00,53,dr-robert,407,311,96,23.6
2026-09-29T20:35:00Z,2026-09-29T22:35:00+02:00,54,placa-vella,297,186,111,37.4
2026-09-29T20:35:00Z,2026-09-29T22:35:00+02:00,55,ajuntament-mercat,237,190,47,19.8
2026-09-29T20:36:00Z,2026-09-29T22:36:00+02:00,53,dr-robert,407,311,96,23.6
2026-09-29T20:36:00Z,2026-09-29T22:36:00+02:00,54,placa-vella,297,186,111,37.4
2026-09-29T20:36:00Z,2026-09-29T22:36:00+02:00,55,ajuntament-mercat,237,190,47,19.8
2026-09-29T20:37:00Z,2026-09-29T22:37:00+02:00,53,dr-robert,407,311,96,23.6
2026-09-29T20:37:00Z,2026-09-29T22:37:00+02:00,54,placa-vella,297,186,111,37.4
2026-09-29T20:37:00Z,2026-09-29T22:37:00+02:00,55,ajuntament-mercat,237,190,47,19.8
2026-09-29T20:38:00Z,2026-09-29T22:38:00+02:00,53,dr-robert,407,311,96,23.6
2026-09-29T20:38:00Z,2026-09-29T22:38:00+02:00,54,placa-vella,297,186,111,37.4
2026-09-29T20:38:00Z,2026-09-29T22:38:00+02:00,55,ajuntament-mercat,237,190,47,19.8
2026-09-29T20:39:00Z,2026-09-29T22:39:00+02:00,53,dr-robert,407,311,96,23.6
2026-09-29T20:39:00Z,2026-09-29T22:39:00+02:00,54,placa-vella,297,186,111,37.4
2026-09-29T20:39:00Z,2026-09-29T22:39:00+02:00,55,ajuntament-mercat,237,190,47,19.8
2026-09-29T20:40:00Z,2026-09-29T22:40:00+02:00,53,dr-robert,407,313,94,23.1
2026-09-29T20:40:00Z,2026-09-29T22:40:00+02:00,54,placa-vella,297,187,110,37
2026-09-29T20:40:00Z,2026-09-29T22:40:00+02:00,55,ajuntament-mercat,237,190,47,19.8
2026-09-29T20:41:00Z,2026-09-29T22:41:00+02:00,53,dr-robert,407,313,94,23.1
2026-09-29T20:41:00Z,2026-09-29T22:41:00+02:00,54,placa-vella,297,187,110,37
2026-09-29T20:41:00Z,2026-09-29T22:41:00+02:00,55,ajuntament-mercat,237,190,47,19.8
2026-09-29T20:42:00Z,2026-09-29T22:42:00+02:00,53,dr-robert,407,313,94,23.1
2026-09-29T20:42:00Z,2026-09-29T22:42:00+02:00,54,placa-vella,297,187,110,37
2026-09-29T20:42:00Z,2026-09-29T22:42:00+02:00,55,ajuntament-mercat,237,190,47,19.8
2026-09-29T20:43:00Z,2026-09-29T22:43:00+02:00,53,dr-robert,407,313,94,23.1
2026-09-29T20:43:00Z,2026-09-29T22:43:00+02:00,54,placa-vella,297,187,110,37
2026-09-29T20:43:00Z,2026-09-29T22:43:00+02:00,55,ajuntament-mercat,237,190,47,19.8
2026-09-29T20:44:00Z,2026-09-29T22:44:00+02:00,53,dr-robert,407,313,94,23.1
2026-09-29T20:44:00Z,2026-09-29T22:44:00+02:00,54,placa-vella,297,187,110,37
2026-09-29T20:44:00Z,2026-09-29T22:44:00+02:00,55,ajuntament-mercat,237,190,47,19.8
2026-09-29T20:45:00Z,2026-09-29T22:45:00+02:00,53,dr-robert,407,311,96,23.6
2026-09-29T20:45:00Z,2026-09-29T22:45:00+02:00,54,placa-vella,297,188,109,36.7
2026-09-29T20:45:00Z,2026-09-29T22:45:00+02:00,55,ajuntament-mercat,237,190,47,19.8
2026-09-29T20:46:00Z,2026-09-29T22:46:00+02:00,53,dr-robert,407,311,96,23.6
2026-09-29T20:46:00Z,2026-09-29T22:46:00+02:00,54,placa-vella,297,188,109,36.7
2026-09-29T20:46:00Z,2026-09-29T22:46:00+02:00,55,ajuntament-mercat,237,190,47,19.8
2026-09-29T20:47:00Z,2026-09-29T22:47:00+02:00,53,dr-robert,407,311,96,23.6
2026-09-29T20:47:00Z,2026-09-29T22:47:00+02:00,54,placa-vella,297,188,109,36.7
2026-09-29T20:47:00Z,2026-09-29T22:47:00+02:00,55,ajuntament-mercat,237,190,47,19.8
2026-09-29T20:48:00Z,2026-09-29T22:48:00+02:00,53,dr-robert,407,311,96,23.6
2026-09-29T20:48:00Z,2026-09-29T22:48:00+02:00,54,placa-vella,297,188,109,36.7
2026-09-29T20:48:00Z,2026-09-29T22:48:00+02:00,55,ajuntament-mercat,237,190,47,19.8
2026-09-29T20:49:00Z,2026-09-29T22:49:00+02:00,53,dr-robert,407,311,96,23.6
2026-09-29T20:49:00Z,2026-09-29T22:49:00+02:00,54,placa-vella,297,188,109,36.7
2026-09-29T20:49:00Z,2026-09-29T22:49:00+02:00,55,ajuntament-mercat,237,190,47,19.8
2026-09-29T20:50:00Z,2026-09-29T22:50:00+02:00,53,dr-robert,407,314,93,22.9
2026-09-29T20:50:00Z,2026-09-29T22:50:00+02:00,54,placa-vella,297,192,105,35.4
2026-09-29T20:50:00Z,2026-09-29T22:50:00+02:00,55,ajuntament-mercat,237,190,47,19.8
2026-09-29T20:51:00Z,2026-09-29T22:51:00+02:00,53,dr-robert,407,314,93,22.9
2026-09-29T20:51:00Z,2026-09-29T22:51:00+02:00,54,placa-vella,297,192,105,35.4
2026-09-29T20:51:00Z,2026-09-29T22:51:00+02:00,55,ajuntament-mercat,237,190,47,19.8
2026-09-29T20:52:00Z,2026-09-29T22:52:00+02:00,53,dr-robert,407,314,93,22.9
2026-09-29T20:52:00Z,2026-09-29T22:52:00+02:00,54,placa-vella,297,192,105,35.4
2026-09-29T20:52:00Z,2026-09-29T22:52:00+02:00,55,ajuntament-mercat,237,190,47,19.8
2026-09-29T20:53:00Z,2026-09-29T22:53:00+02:00,53,dr-robert,407,314,93,22.9
2026-09-29T20:53:00Z,2026-09-29T22:53:00+02:00,54,placa-vella,297,192,105,35.4
2026-09-29T20:53:00Z,2026-09-29T22:53:00+02:00,55,ajuntament-mercat,237,190,47,19.8
2026-09-29T20:54:00Z,2026-09-29T22:54:00+02:00,53,dr-robert,407,314,93,22.9
2026-09-29T20:54:00Z,2026-09-29T22:54:00+02:00,54,placa-vella,297,192,105,35.4
2026-09-29T20:54:00Z,2026-09-29T22:54:00+02:00,55,ajuntament-mercat,237,190,47,19.8
2026-09-29T20:55:00Z,2026-09-29T22:55:00+02:00,53,dr-robert,407,316,91,22.4
2026-09-29T20:55:00Z,2026-09-29T22:55:00+02:00,54,placa-vella,297,192,105,35.4
2026-09-29T20:55:00Z,2026-09-29T22:55:00+02:00,55,ajuntament-mercat,237,190,47,19.8
2026-09-29T20:56:00Z,2026-09-29T22:56:00+02:00,53,dr-robert,407,316,91,22.4
2026-09-29T20:56:00Z,2026-09-29T22:56:00+02:00,54,placa-vella,297,192,105,35.4
2026-09-29T20:56:00Z,2026-09-29T22:56:00+02:00,55,ajuntament-mercat,237,190,47,19.8
2026-09-29T20:57:00Z,2026-09-29T22:57:00+02:00,53,dr-robert,407,316,91,22.4
2026-09-29T20:57:00Z,2026-09-29T22:57:00+02:00,54,placa-vella,297,192,105,35.4
2026-09-29T20:57:00Z,2026-09-29T22:57:00+02:00,55,ajuntament-mercat,237,190,47,19.8
2026-09-29T20:58:00Z,2026-09-29T22:58:00+02:00,53,dr-robert,407,316,91,22.4
2026-09-29T20:58:00Z,2026-09-29T22:58:00+02:00,54,placa-vella,297,192,105,35.4
2026-09-29T20:58:00Z,2026-09-29T22:58:00+02:00,55,ajuntament-mercat,237,190,47,19.8
2026-09-29T20:59:00Z,2026-09-29T22:59:00+02:00,53,dr-robert,407,316,91,22.4
2026-09-29T20:59:00Z,2026-09-29T22:59:00+02:00,54,placa-vella,297,192,105,35.4
2026-09-29T20:59:00Z,2026-09-29T22:59:00+02:00,55,ajuntament-mercat,237,190,47,19.8
2026-09-29T21:00:00Z,2026-09-29T23:00:00+02:00,53,dr-robert,407,319,88,21.6
2026-09-29T21:00:00Z,2026-09-29T23:00:00+02:00,54,placa-vella,297,194,103,34.7
2026-09-29T21:00:00Z,2026-09-29T23:00:00+02:00,55,ajuntament-mercat,237,191,46,19.4
2026-09-29T21:01:00Z,2026-09-29T23:01:00+02:00,53,dr-robert,407,319,88,21.6
2026-09-29T21:01:00Z,2026-09-29T23:01:00+02:00,54,placa-vella,297,194,103,34.7
2026-09-29T21:01:00Z,2026-09-29T23:01:00+02:00,55,ajuntament-mercat,237,191,46,19.4
2026-09-29T21:02:00Z,2026-09-29T23:02:00+02:00,53,dr-robert,407,319,88,21.6
2026-09-29T21:02:00Z,2026-09-29T23:02:00+02:00,54,placa-vella,297,194,103,34.7
2026-09-29T21:02:00Z,2026-09-29T23:02:00+02:00,55,ajuntament-mercat,237,191,46,19.4
2026-09-29T21:03:00Z,2026-09-29T23:03:00+02:00,53,dr-robert,407,319,88,21.6
2026-09-29T21:03:00Z,2026-09-29T23:03:00+02:00,54,placa-vella,297,194,103,34.7
2026-09-29T21:03:00Z,2026-09-29T23:03:00+02:00,55,ajuntament-mercat,237,191,46,19.4
2026-09-29T21:04:00Z,2026-09-29T23:04:00+02:00,53,dr-robert,407,319,88,21.6
2026-09-29T21:04:00Z,2026-09-29T23:04:00+02:00,54,placa-vella,297,194,103,34.7
2026-09-29T21:04:00Z,2026-09-29T23:04:00+02:00,55,ajuntament-mercat,237,191,46,19.4
2026-09-29T21:05:00Z,2026-09-29T23:05:00+02:00,53,dr-robert,407,320,87,21.4
2026-09-29T21:05:00Z,2026-09-29T23:05:00+02:00,54,placa-vella,297,195,102,34.3
2026-09-29T21:05:00Z,2026-09-29T23:05:00+02:00,55,ajuntament-mercat,237,191,46,19.4
2026-09-29T21:06:00Z,2026-09-29T23:06:00+02:00,53,dr-robert,407,320,87,21.4
2026-09-29T21:06:00Z,2026-09-29T23:06:00+02:00,54,placa-vella,297,195,102,34.3
2026-09-29T21:06:00Z,2026-09-29T23:06:00+02:00,55,ajuntament-mercat,237,191,46,19.4
2026-09-29T21:07:00Z,2026-09-29T23:07:00+02:00,53,dr-robert,407,320,87,21.4
2026-09-29T21:07:00Z,2026-09-29T23:07:00+02:00,54,placa-vella,297,195,102,34.3
2026-09-29T21:07:00Z,2026-09-29T23:07:00+02:00,55,ajuntament-mercat,237,191,46,19.4
2026-09-29T21:08:00Z,2026-09-29T23:08:00+02:00,53,dr-robert,407,320,87,21.4
2026-09-29T21:08:00Z,2026-09-29T23:08:00+02:00,54,placa-vella,297,195,102,34.3
2026-09-29T21:08:00Z,2026-09-29T23:08:00+02:00,55,ajuntament-mercat,237,191,46,19.4
2026-09-29T21:09:00Z,2026-09-29T23:09:00+02:00,53,dr-robert,407,320,87,21.4
2026-09-29T21:09:00Z,2026-09-29T23:09:00+02:00,54,placa-vella,297,195,102,34.3
2026-09-29T21:09:00Z,2026-09-29T23:09:00+02:00,55,ajuntament-mercat,237,191,46,19.4
2026-09-29T21:10:00Z,2026-09-29T23:10:00+02:00,53,dr-robert,407,318,89,21.9
2026-09-29T21:10:00Z,2026-09-29T23:10:00+02:00,54,placa-vella,297,196,101,34
2026-09-29T21:10:00Z,2026-09-29T23:10:00+02:00,55,ajuntament-mercat,237,191,46,19.4
2026-09-29T21:11:00Z,2026-09-29T23:11:00+02:00,53,dr-robert,407,318,89,21.9
2026-09-29T21:11:00Z,2026-09-29T23:11:00+02:00,54,placa-vella,297,196,101,34
2026-09-29T21:11:00Z,2026-09-29T23:11:00+02:00,55,ajuntament-mercat,237,191,46,19.4
2026-09-29T21:12:00Z,2026-09-29T23:12:00+02:00,53,dr-robert,407,318,89,21.9
2026-09-29T21:12:00Z,2026-09-29T23:12:00+02:00,54,placa-vella,297,196,101,34
2026-09-29T21:12:00Z,2026-09-29T23:12:00+02:00,55,ajuntament-mercat,237,191,46,19.4
2026-09-29T21:13:00Z,2026-09-29T23:13:00+02:00,53,dr-robert,407,318,89,21.9
2026-09-29T21:13:00Z,2026-09-29T23:13:00+02:00,54,placa-vella,297,196,101,34
2026-09-29T21:13:00Z,2026-09-29T23:13:00+02:00,55,ajuntament-mercat,237,191,46,19.4
2026-09-29T21:14:00Z,2026-09-29T23:14:00+02:00,53,dr-robert,407,318,89,21.9
2026-09-29T21:14:00Z,2026-09-29T23:14:00+02:00,54,placa-vella,297,196,101,34
2026-09-29T21:14:00Z,2026-09-29T23:14:00+02:00,55,ajuntament-mercat,237,191,46,19.4
2026-09-29T21:15:00Z,2026-09-29T23:15:00+02:00,53,dr-robert,407,321,86,21.1
2026-09-29T21:15:00Z,2026-09-29T23:15:00+02:00,54,placa-vella,297,198,99,33.3
2026-09-29T21:15:00Z,2026-09-29T23:15:00+02:00,55,ajuntament-mercat,237,191,46,19.4
2026-09-29T21:16:00Z,2026-09-29T23:16:00+02:00,53,dr-robert,407,321,86,21.1
2026-09-29T21:16:00Z,2026-09-29T23:16:00+02:00,54,placa-vella,297,198,99,33.3
2026-09-29T21:16:00Z,2026-09-29T23:16:00+02:00,55,ajuntament-mercat,237,191,46,19.4
2026-09-29T21:17:00Z,2026-09-29T23:17:00+02:00,53,dr-robert,407,321,86,21.1
2026-09-29T21:17:00Z,2026-09-29T23:17:00+02:00,54,placa-vella,297,198,99,33.3
2026-09-29T21:17:00Z,2026-09-29T23:17:00+02:00,55,ajuntament-mercat,237,191,46,19.4
2026-09-29T21:18:00Z,2026-09-29T23:18:00+02:00,53,dr-robert,407,321,86,21.1
2026-09-29T21:18:00Z,2026-09-29T23:18:00+02:00,54,placa-vella,297,198,99,33.3
2026-09-29T21:18:00Z,2026-09-29T23:18:00+02:00,55,ajuntament-mercat,237,191,46,19.4
2026-09-29T21:19:00Z,2026-09-29T23:19:00+02:00,53,dr-robert,407,321,86,21.1
2026-09-29T21:19:00Z,2026-09-29T23:19:00+02:00,54,placa-vella,297,198,99,33.3
2026-09-29T21:19:00Z,2026-09-29T23:19:00+02:00,55,ajuntament-mercat,237,191,46,19.4
2026-09-29T21:20:00Z,2026-09-29T23:20:00+02:00,53,dr-robert,407,321,86,21.1
2026-09-29T21:20:00Z,2026-09-29T23:20:00+02:00,54,placa-vella,297,199,98,33
2026-09-29T21:20:00Z,2026-09-29T23:20:00+02:00,55,ajuntament-mercat,237,191,46,19.4
2026-09-29T21:21:00Z,2026-09-29T23:21:00+02:00,53,dr-robert,407,321,86,21.1
2026-09-29T21:21:00Z,2026-09-29T23:21:00+02:00,54,placa-vella,297,199,98,33
2026-09-29T21:21:00Z,2026-09-29T23:21:00+02:00,55,ajuntament-mercat,237,191,46,19.4
2026-09-29T21:22:00Z,2026-09-29T23:22:00+02:00,53,dr-robert,407,321,86,21.1
2026-09-29T21:22:00Z,2026-09-29T23:22:00+02:00,54,placa-vella,297,199,98,33
2026-09-29T21:22:00Z,2026-09-29T23:22:00+02:00,55,ajuntament-mercat,237,191,46,19.4
2026-09-29T21:23:00Z,2026-09-29T23:23:00+02:00,53,dr-robert,407,321,86,21.1
2026-09-29T21:23:00Z,2026-09-29T23:23:00+02:00,54,placa-vella,297,199,98,33
2026-09-29T21:23:00Z,2026-09-29T23:23:00+02:00,55,ajuntament-mercat,237,191,46,19.4
2026-09-29T21:24:00Z,2026-09-29T23:24:00+02:00,53,dr-robert,407,321,86,21.1
2026-09-29T21:24:00Z,2026-09-29T23:24:00+02:00,54,placa-vella,297,199,98,33
2026-09-29T21:24:00Z,2026-09-29T23:24:00+02:00,55,ajuntament-mercat,237,191,46,19.4
2026-09-29T21:25:00Z,2026-09-29T23:25:00+02:00,53,dr-robert,407,321,86,21.1
2026-09-29T21:25:00Z,2026-09-29T23:25:00+02:00,54,placa-vella,297,200,97,32.7
2026-09-29T21:25:00Z,2026-09-29T23:25:00+02:00,55,ajuntament-mercat,237,192,45,19
2026-09-29T21:26:00Z,2026-09-29T23:26:00+02:00,53,dr-robert,407,321,86,21.1
2026-09-29T21:26:00Z,2026-09-29T23:26:00+02:00,54,placa-vella,297,200,97,32.7
2026-09-29T21:26:00Z,2026-09-29T23:26:00+02:00,55,ajuntament-mercat,237,192,45,19
2026-09-29T21:27:00Z,2026-09-29T23:27:00+02:00,53,dr-robert,407,321,86,21.1
2026-09-29T21:27:00Z,2026-09-29T23:27:00+02:00,54,placa-vella,297,200,97,32.7
2026-09-29T21:27:00Z,2026-09-29T23:27:00+02:00,55,ajuntament-mercat,237,192,45,19
2026-09-29T21:28:00Z,2026-09-29T23:28:00+02:00,53,dr-robert,407,321,86,21.1
2026-09-29T21:28:00Z,2026-09-29T23:28:00+02:00,54,placa-vella,297,200,97,32.7
2026-09-29T21:28:00Z,2026-09-29T23:28:00+02:00,55,ajuntament-mercat,237,192,45,19
2026-09-29T21:29:00Z,2026-09-29T23:29:00+02:00,53,dr-robert,407,321,86,21.1
2026-09-29T21:29:00Z,2026-09-29T23:29:00+02:00,54,placa-vella,297,200,97,32.7
2026-09-29T21:29:00Z,2026-09-29T23:29:00+02:00,55,ajuntament-mercat,237,192,45,19
2026-09-29T21:30:00Z,2026-09-29T23:30:00+02:00,53,dr-robert,407,321,86,21.1
2026-09-29T21:30:00Z,2026-09-29T23:30:00+02:00,54,placa-vella,297,200,97,32.7
2026-09-29T21:30:00Z,2026-09-29T23:30:00+02:00,55,ajuntament-mercat,237,192,45,19
2026-09-29T21:31:00Z,2026-09-29T23:31:00+02:00,53,dr-robert,407,321,86,21.1
2026-09-29T21:31:00Z,2026-09-29T23:31:00+02:00,54,placa-vella,297,200,97,32.7
2026-09-29T21:31:00Z,2026-09-29T23:31:00+02:00,55,ajuntament-mercat,237,192,45,19
2026-09-29T21:32:00Z,2026-09-29T23:32:00+02:00,53,dr-robert,407,321,86,21.1
2026-09-29T21:32:00Z,2026-09-29T23:32:00+02:00,54,placa-vella,297,200,97,32.7
2026-09-29T21:32:00Z,2026-09-29T23:32:00+02:00,55,ajuntament-mercat,237,192,45,19
2026-09-29T21:33:00Z,2026-09-29T23:33:00+02:00,53,dr-robert,407,321,86,21.1
2026-09-29T21:33:00Z,2026-09-29T23:33:00+02:00,54,placa-vella,297,200,97,32.7
2026-09-29T21:33:00Z,2026-09-29T23:33:00+02:00,55,ajuntament-mercat,237,192,45,19
2026-09-29T21:34:00Z,2026-09-29T23:34:00+02:00,53,dr-robert,407,321,86,21.1
2026-09-29T21:34:00Z,2026-09-29T23:34:00+02:00,54,placa-vella,297,200,97,32.7
2026-09-29T21:34:00Z,2026-09-29T23:34:00+02:00,55,ajuntament-mercat,237,192,45,19
2026-09-29T21:35:00Z,2026-09-29T23:35:00+02:00,53,dr-robert,407,322,85,20.9
2026-09-29T21:35:00Z,2026-09-29T23:35:00+02:00,54,placa-vella,297,200,97,32.7
2026-09-29T21:35:00Z,2026-09-29T23:35:00+02:00,55,ajuntament-mercat,237,193,44,18.6
2026-09-29T21:36:00Z,2026-09-29T23:36:00+02:00,53,dr-robert,407,322,85,20.9
2026-09-29T21:36:00Z,2026-09-29T23:36:00+02:00,54,placa-vella,297,200,97,32.7
2026-09-29T21:36:00Z,2026-09-29T23:36:00+02:00,55,ajuntament-mercat,237,193,44,18.6
2026-09-29T21:37:00Z,2026-09-29T23:37:00+02:00,53,dr-robert,407,322,85,20.9
2026-09-29T21:37:00Z,2026-09-29T23:37:00+02:00,54,placa-vella,297,200,97,32.7
2026-09-29T21:37:00Z,2026-09-29T23:37:00+02:00,55,ajuntament-mercat,237,193,44,18.6
2026-09-29T21:38:00Z,2026-09-29T23:38:00+02:00,53,dr-robert,407,322,85,20.9
2026-09-29T21:38:00Z,2026-09-29T23:38:00+02:00,54,placa-vella,297,200,97,32.7
2026-09-29T21:38:00Z,2026-09-29T23:38:00+02:00,55,ajuntament-mercat,237,193,44,18.6
2026-09-29T21:39:00Z,2026-09-29T23:39:00+02:00,53,dr-robert,407,322,85,20.9
2026-09-29T21:39:00Z,2026-09-29T23:39:00+02:00,54,placa-vella,297,200,97,32.7
2026-09-29T21:39:00Z,2026-09-29T23:39:00+02:00,55,ajuntament-mercat,237,193,44,18.6
2026-09-29T21:40:00Z,2026-09-29T23:40:00+02:00,53,dr-robert,407,323,84,20.6
2026-09-29T21:40:00Z,2026-09-29T23:40:00+02:00,54,placa-vella,297,200,97,32.7
2026-09-29T21:40:00Z,2026-09-29T23:40:00+02:00,55,ajuntament-mercat,237,193,44,18.6
2026-09-29T21:41:00Z,2026-09-29T23:41:00+02:00,53,dr-robert,407,323,84,20.6
2026-09-29T21:41:00Z,2026-09-29T23:41:00+02:00,54,placa-vella,297,200,97,32.7
2026-09-29T21:41:00Z,2026-09-29T23:41:00+02:00,55,ajuntament-mercat,237,193,44,18.6
2026-09-29T21:42:00Z,2026-09-29T23:42:00+02:00,53,dr-robert,407,323,84,20.6
2026-09-29T21:42:00Z,2026-09-29T23:42:00+02:00,54,placa-vella,297,200,97,32.7
2026-09-29T21:42:00Z,2026-09-29T23:42:00+02:00,55,ajuntament-mercat,237,193,44,18.6
2026-09-29T21:43:00Z,2026-09-29T23:43:00+02:00,53,dr-robert,407,323,84,20.6
2026-09-29T21:43:00Z,2026-09-29T23:43:00+02:00,54,placa-vella,297,200,97,32.7
2026-09-29T21:43:00Z,2026-09-29T23:43:00+02:00,55,ajuntament-mercat,237,193,44,18.6
2026-09-29T21:44:00Z,2026-09-29T23:44:00+02:00,53,dr-robert,407,323,84,20.6
2026-09-29T21:44:00Z,2026-09-29T23:44:00+02:00,54,placa-vella,297,200,97,32.7
2026-09-29T21:44:00Z,2026-09-29T23:44:00+02:00,55,ajuntament-mercat,237,193,44,18.6
2026-09-29T21:45:00Z,2026-09-29T23:45:00+02:00,53,dr-robert,407,324,83,20.4
2026-09-29T21:45:00Z,2026-09-29T23:45:00+02:00,54,placa-vella,297,201,96,32.3
2026-09-29T21:45:00Z,2026-09-29T23:45:00+02:00,55,ajuntament-mercat,237,193,44,18.6
2026-09-29T21:46:00Z,2026-09-29T23:46:00+02:00,53,dr-robert,407,324,83,20.4
2026-09-29T21:46:00Z,2026-09-29T23:46:00+02:00,54,placa-vella,297,201,96,32.3
2026-09-29T21:46:00Z,2026-09-29T23:46:00+02:00,55,ajuntament-mercat,237,193,44,18.6
2026-09-29T21:47:00Z,2026-09-29T23:47:00+02:00,53,dr-robert,407,324,83,20.4
2026-09-29T21:47:00Z,2026-09-29T23:47:00+02:00,54,placa-vella,297,201,96,32.3
2026-09-29T21:47:00Z,2026-09-29T23:47:00+02:00,55,ajuntament-mercat,237,193,44,18.6
2026-09-29T21:48:00Z,2026-09-29T23:48:00+02:00,53,dr-robert,407,324,83,20.4
2026-09-29T21:48:00Z,2026-09-29T23:48:00+02:00,54,placa-vella,297,201,96,32.3
2026-09-29T21:48:00Z,2026-09-29T23:48:00+02:00,55,ajuntament-mercat,237,193,44,18.6
2026-09-29T21:49:00Z,2026-09-29T23:49:00+02:00,53,dr-robert,407,324,83,20.4
2026-09-29T21:49:00Z,2026-09-29T23:49:00+02:00,54,placa-vella,297,201,96,32.3
2026-09-29T21:49:00Z,2026-09-29T23:49:00+02:00,55,ajuntament-mercat,237,193,44,18.6
2026-09-29T21:50:00Z,2026-09-29T23:50:00+02:00,53,dr-robert,407,325,82,20.1
2026-09-29T21:50:00Z,2026-09-29T23:50:00+02:00,54,placa-vella,297,201,96,32.3
2026-09-29T21:50:00Z,2026-09-29T23:50:00+02:00,55,ajuntament-mercat,237,193,44,18.6
2026-09-29T21:51:00Z,2026-09-29T23:51:00+02:00,53,dr-robert,407,325,82,20.1
2026-09-29T21:51:00Z,2026-09-29T23:51:00+02:00,54,placa-vella,297,201,96,32.3
2026-09-29T21:51:00Z,2026-09-29T23:51:00+02:00,55,ajuntament-mercat,237,193,44,18.6
2026-09-29T21:52:00Z,2026-09-29T23:52:00+02:00,53,dr-robert,407,325,82,20.1
2026-09-29T21:52:00Z,2026-09-29T23:52:00+02:00,54,placa-vella,297,201,96,32.3
2026-09-29T21:52:00Z,2026-09-29T23:52:00+02:00,55,ajuntament-mercat,237,193,44,18.6
2026-09-29T21:53:00Z,2026-09-29T23:53:00+02:00,53,dr-robert,407,325,82,20.1
2026-09-29T21:53:00Z,2026-09-29T23:53:00+02:00,54,placa-vella,297,201,96,32.3
2026-09-29T21:53:00Z,2026-09-29T23:53:00+02:00,55,ajuntament-mercat,237,193,44,18.6
2026-09-29T21:54:00Z,2026-09-29T23:54:00+02:00,53,dr-robert,407,325,82,20.1
2026-09-29T21:54:00Z,2026-09-29T23:54:00+02:00,54,placa-vella,297,201,96,32.3
2026-09-29T21:54:00Z,2026-09-29T23:54:00+02:00,55,ajuntament-mercat,237,193,44,18.6
2026-09-29T21:55:00Z,2026-09-29T23:55:00+02:00,53,dr-robert,407,325,82,20.1
2026-09-29T21:55:00Z,2026-09-29T23:55:00+02:00,54,placa-vella,297,201,96,32.3
2026-09-29T21:55:00Z,2026-09-29T23:55:00+02:00,55,ajuntament-mercat,237,193,44,18.6
2026-09-29T21:56:00Z,2026-09-29T23:56:00+02:00,53,dr-robert,407,325,82,20.1
2026-09-29T21:56:00Z,2026-09-29T23:56:00+02:00,54,placa-vella,297,201,96,32.3
2026-09-29T21:56:00Z,2026-09-29T23:56:00+02:00,55,ajuntament-mercat,237,193,44,18.6
2026-09-29T21:57:00Z,2026-09-29T23:57:00+02:00,53,dr-robert,407,325,82,20.1
2026-09-29T21:57:00Z,2026-09-29T23:57:00+02:00,54,placa-vella,297,201,96,32.3
2026-09-29T21:57:00Z,2026-09-29T23:57:00+02:00,55,ajuntament-mercat,237,193,44,18.6
2026-09-29T21:58:00Z,2026-09-29T23:58:00+02:00,53,dr-robert,407,325,82,20.1
2026-09-29T21:58:00Z,2026-09-29T23:58:00+02:00,54,placa-vella,297,201,96,32.3
2026-09-29T21:58:00Z,2026-09-29T23:58:00+02:00,55,ajuntament-mercat,237,193,44,18.6
2026-09-29T21:59:00Z,2026-09-29T23:59:00+02:00,53,dr-robert,407,325,82,20.1
2026-09-29T21:59:00Z,2026-09-29T23:59:00+02:00,54,placa-vella,297,201,96,32.3
2026-09-29T21:59:00Z,2026-09-29T23:59:00+02:00,55,ajuntament-mercat,237,193,44,18.6
