timestamp_utc,timestamp_local,parking_id,parking_slug,capacity,available,occupied,occupancy_pct
2026-09-11T22:00:00Z,2026-09-12T00:00:00+02:00,53,dr-robert,407,334,73,17.9
2026-09-11T22:00:00Z,2026-09-12T00:00:00+02:00,54,placa-vella,297,227,70,23.6
2026-09-11T22:00:00Z,2026-09-12T00:00:00+02:00,55,ajuntament-mercat,237,184,53,22.4
2026-09-11T22:01:00Z,2026-09-12T00:01:00+02:00,53,dr-robert,407,335,72,17.7
2026-09-11T22:01:00Z,2026-09-12T00:01:00+02:00,54,placa-vella,297,229,68,22.9
2026-09-11T22:01:00Z,2026-09-12T00:01:00+02:00,55,ajuntament-mercat,237,184,53,22.4
2026-09-11T22:02:00Z,2026-09-12T00:02:00+02:00,53,dr-robert,407,335,72,17.7
2026-09-11T22:02:00Z,2026-09-12T00:02:00+02:00,54,placa-vella,297,229,68,22.9
2026-09-11T22:02:00Z,2026-09-12T00:02:00+02:00,55,ajuntament-mercat,237,184,53,22.4
2026-09-11T22:03:00Z,2026-09-12T00:03:00+02:00,53,dr-robert,407,335,72,17.7
2026-09-11T22:03:00Z,2026-09-12T00:03:00+02:00,54,placa-vella,297,229,68,22.9
2026-09-11T22:03:00Z,2026-09-12T00:03:00+02:00,55,ajuntament-mercat,237,184,53,22.4
2026-09-11T22:04:00Z,2026-09-12T00:04:00+02:00,53,dr-robert,407,335,72,17.7
2026-09-11T22:04:00Z,2026-09-12T00:04:00+02:00,54,placa-vella,297,229,68,22.9
2026-09-11T22:04:00Z,2026-09-12T00:04:00+02:00,55,ajuntament-mercat,237,184,53,22.4
2026-09-11T22:05:00Z,2026-09-12T00:05:00+02:00,53,dr-robert,407,335,72,17.7
2026-09-11T22:05:00Z,2026-09-12T00:05:00+02:00,54,placa-vella,297,229,68,22.9
2026-09-11T22:05:00Z,2026-09-12T00:05:00+02:00,55,ajuntament-mercat,237,184,53,22.4
2026-09-11T22:06:00Z,2026-09-12T00:06:00+02:00,53,dr-robert,407,334,73,17.9
2026-09-11T22:06:00Z,2026-09-12T00:06:00+02:00,54,placa-vella,297,229,68,22.9
2026-09-11T22:06:00Z,2026-09-12T00:06:00+02:00,55,ajuntament-mercat,237,185,52,21.9
2026-09-11T22:07:00Z,2026-09-12T00:07:00+02:00,53,dr-robert,407,334,73,17.9
2026-09-11T22:07:00Z,2026-09-12T00:07:00+02:00,54,placa-vella,297,229,68,22.9
2026-09-11T22:07:00Z,2026-09-12T00:07:00+02:00,55,ajuntament-mercat,237,185,52,21.9
2026-09-11T22:08:00Z,2026-09-12T00:08:00+02:00,53,dr-robert,407,334,73,17.9
2026-09-11T22:08:00Z,2026-09-12T00:08:00+02:00,54,placa-vella,297,229,68,22.9
2026-09-11T22:08:00Z,2026-09-12T00:08:00+02:00,55,ajuntament-mercat,237,185,52,21.9
2026-09-11T22:09:00Z,2026-09-12T00:09:00+02:00,53,dr-robert,407,334,73,17.9
2026-09-11T22:09:00Z,2026-09-12T00:09:00+02:00,54,placa-vella,297,229,68,22.9
2026-09-11T22:09:00Z,2026-09-12T00:09:00+02:00,55,ajuntament-mercat,237,185,52,21.9
2026-09-11T22:10:00Z,2026-09-12T00:10:00+02:00,53,dr-robert,407,334,73,17.9
2026-09-11T22:10:00Z,2026-09-12T00:10:00+02:00,54,placa-vella,297,229,68,22.9
2026-09-11T22:10:00Z,2026-09-12T00:10:00+02:00,55,ajuntament-mercat,237,185,52,21.9
2026-09-11T22:11:00Z,2026-09-12T00:11:00+02:00,53,dr-robert,407,336,71,17.4
2026-09-11T22:11:00Z,2026-09-12T00:11:00+02:00,54,placa-vella,297,229,68,22.9
2026-09-11T22:11:00Z,2026-09-12T00:11:00+02:00,55,ajuntament-mercat,237,185,52,21.9
2026-09-11T22:12:00Z,2026-09-12T00:12:00+02:00,53,dr-robert,407,336,71,17.4
2026-09-11T22:12:00Z,2026-09-12T00:12:00+02:00,54,placa-vella,297,229,68,22.9
2026-09-11T22:12:00Z,2026-09-12T00:12:00+02:00,55,ajuntament-mercat,237,185,52,21.9
2026-09-11T22:13:00Z,2026-09-12T00:13:00+02:00,53,dr-robert,407,336,71,17.4
2026-09-11T22:13:00Z,2026-09-12T00:13:00+02:00,54,placa-vella,297,229,68,22.9
2026-09-11T22:13:00Z,2026-09-12T00:13:00+02:00,55,ajuntament-mercat,237,185,52,21.9
2026-09-11T22:14:00Z,2026-09-12T00:14:00+02:00,53,dr-robert,407,336,71,17.4
2026-09-11T22:14:00Z,2026-09-12T00:14:00+02:00,54,placa-vella,297,229,68,22.9
2026-09-11T22:14:00Z,2026-09-12T00:14:00+02:00,55,ajuntament-mercat,237,185,52,21.9
2026-09-11T22:15:00Z,2026-09-12T00:15:00+02:00,53,dr-robert,407,336,71,17.4
2026-09-11T22:15:00Z,2026-09-12T00:15:00+02:00,54,placa-vella,297,229,68,22.9
2026-09-11T22:15:00Z,2026-09-12T00:15:00+02:00,55,ajuntament-mercat,237,185,52,21.9
2026-09-11T22:16:00Z,2026-09-12T00:16:00+02:00,53,dr-robert,407,336,71,17.4
2026-09-11T22:16:00Z,2026-09-12T00:16:00+02:00,54,placa-vella,297,230,67,22.6
2026-09-11T22:16:00Z,2026-09-12T00:16:00+02:00,55,ajuntament-mercat,237,185,52,21.9
2026-09-11T22:17:00Z,2026-09-12T00:17:00+02:00,53,dr-robert,407,336,71,17.4
2026-09-11T22:17:00Z,2026-09-12T00:17:00+02:00,54,placa-vella,297,230,67,22.6
2026-09-11T22:17:00Z,2026-09-12T00:17:00+02:00,55,ajuntament-mercat,237,185,52,21.9
2026-09-11T22:18:00Z,2026-09-12T00:18:00+02:00,53,dr-robert,407,336,71,17.4
2026-09-11T22:18:00Z,2026-09-12T00:18:00+02:00,54,placa-vella,297,230,67,22.6
2026-09-11T22:18:00Z,2026-09-12T00:18:00+02:00,55,ajuntament-mercat,237,185,52,21.9
2026-09-11T22:19:00Z,2026-09-12T00:19:00+02:00,53,dr-robert,407,336,71,17.4
2026-09-11T22:19:00Z,2026-09-12T00:19:00+02:00,54,placa-vella,297,230,67,22.6
2026-09-11T22:19:00Z,2026-09-12T00:19:00+02:00,55,ajuntament-mercat,237,185,52,21.9
2026-09-11T22:20:00Z,2026-09-12T00:20:00+02:00,53,dr-robert,407,336,71,17.4
2026-09-11T22:20:00Z,2026-09-12T00:20:00+02:00,54,placa-vella,297,230,67,22.6
2026-09-11T22:20:00Z,2026-09-12T00:20:00+02:00,55,ajuntament-mercat,237,185,52,21.9
2026-09-11T22:21:00Z,2026-09-12T00:21:00+02:00,53,dr-robert,407,336,71,17.4
2026-09-11T22:21:00Z,2026-09-12T00:21:00+02:00,54,placa-vella,297,230,67,22.6
2026-09-11T22:21:00Z,2026-09-12T00:21:00+02:00,55,ajuntament-mercat,237,185,52,21.9
2026-09-11T22:22:00Z,2026-09-12T00:22:00+02:00,53,dr-robert,407,336,71,17.4
2026-09-11T22:22:00Z,2026-09-12T00:22:00+02:00,54,placa-vella,297,230,67,22.6
2026-09-11T22:22:00Z,2026-09-12T00:22:00+02:00,55,ajuntament-mercat,237,185,52,21.9
2026-09-11T22:23:00Z,2026-09-12T00:23:00+02:00,53,dr-robert,407,336,71,17.4
2026-09-11T22:23:00Z,2026-09-12T00:23:00+02:00,54,placa-vella,297,230,67,22.6
2026-09-11T22:23:00Z,2026-09-12T00:23:00+02:00,55,ajuntament-mercat,237,185,52,21.9
2026-09-11T22:24:00Z,2026-09-12T00:24:00+02:00,53,dr-robert,407,336,71,17.4
2026-09-11T22:24:00Z,2026-09-12T00:24:00+02:00,54,placa-vella,297,230,67,22.6
2026-09-11T22:24:00Z,2026-09-12T00:24:00+02:00,55,ajuntament-mercat,237,185,52,21.9
2026-09-11T22:25:00Z,2026-09-12T00:25:00+02:00,53,dr-robert,407,337,70,17.2
2026-09-11T22:25:00Z,2026-09-12T00:25:00+02:00,54,placa-vella,297,231,66,22.2
2026-09-11T22:25:00Z,2026-09-12T00:25:00+02:00,55,ajuntament-mercat,237,185,52,21.9
2026-09-11T22:26:00Z,2026-09-12T00:26:00+02:00,53,dr-robert,407,337,70,17.2
2026-09-11T22:26:00Z,2026-09-12T00:26:00+02:00,54,placa-vella,297,231,66,22.2
2026-09-11T22:26:00Z,2026-09-12T00:26:00+02:00,55,ajuntament-mercat,237,185,52,21.9
2026-09-11T22:27:00Z,2026-09-12T00:27:00+02:00,53,dr-robert,407,337,70,17.2
2026-09-11T22:27:00Z,2026-09-12T00:27:00+02:00,54,placa-vella,297,231,66,22.2
2026-09-11T22:27:00Z,2026-09-12T00:27:00+02:00,55,ajuntament-mercat,237,185,52,21.9
2026-09-11T22:28:00Z,2026-09-12T00:28:00+02:00,53,dr-robert,407,337,70,17.2
2026-09-11T22:28:00Z,2026-09-12T00:28:00+02:00,54,placa-vella,297,231,66,22.2
2026-09-11T22:28:00Z,2026-09-12T00:28:00+02:00,55,ajuntament-mercat,237,185,52,21.9
2026-09-11T22:29:00Z,2026-09-12T00:29:00+02:00,53,dr-robert,407,337,70,17.2
2026-09-11T22:29:00Z,2026-09-12T00:29:00+02:00,54,placa-vella,297,231,66,22.2
2026-09-11T22:29:00Z,2026-09-12T00:29:00+02:00,55,ajuntament-mercat,237,185,52,21.9
2026-09-11T22:30:00Z,2026-09-12T00:30:00+02:00,53,dr-robert,407,339,68,16.7
2026-09-11T22:30:00Z,2026-09-12T00:30:00+02:00,54,placa-vella,297,232,65,21.9
2026-09-11T22:30:00Z,2026-09-12T00:30:00+02:00,55,ajuntament-mercat,237,185,52,21.9
2026-09-11T22:31:00Z,2026-09-12T00:31:00+02:00,53,dr-robert,407,339,68,16.7
2026-09-11T22:31:00Z,2026-09-12T00:31:00+02:00,54,placa-vella,297,232,65,21.9
2026-09-11T22:31:00Z,2026-09-12T00:31:00+02:00,55,ajuntament-mercat,237,185,52,21.9
2026-09-11T22:32:00Z,2026-09-12T00:32:00+02:00,53,dr-robert,407,339,68,16.7
2026-09-11T22:32:00Z,2026-09-12T00:32:00+02:00,54,placa-vella,297,232,65,21.9
2026-09-11T22:32:00Z,2026-09-12T00:32:00+02:00,55,ajuntament-mercat,237,185,52,21.9
2026-09-11T22:33:00Z,2026-09-12T00:33:00+02:00,53,dr-robert,407,339,68,16.7
2026-09-11T22:33:00Z,2026-09-12T00:33:00+02:00,54,placa-vella,297,232,65,21.9
2026-09-11T22:33:00Z,2026-09-12T00:33:00+02:00,55,ajuntament-mercat,237,185,52,21.9
2026-09-11T22:34:00Z,2026-09-12T00:34:00+02:00,53,dr-robert,407,339,68,16.7
2026-09-11T22:34:00Z,2026-09-12T00:34:00+02:00,54,placa-vella,297,232,65,21.9
2026-09-11T22:34:00Z,2026-09-12T00:34:00+02:00,55,ajuntament-mercat,237,185,52,21.9
2026-09-11T22:35:00Z,2026-09-12T00:35:00+02:00,53,dr-robert,407,337,70,17.2
2026-09-11T22:35:00Z,2026-09-12T00:35:00+02:00,54,placa-vella,297,232,65,21.9
2026-09-11T22:35:00Z,2026-09-12T00:35:00+02:00,55,ajuntament-mercat,237,185,52,21.9
2026-09-11T22:36:00Z,2026-09-12T00:36:00+02:00,53,dr-robert,407,337,70,17.2
2026-09-11T22:36:00Z,2026-09-12T00:36:00+02:00,54,placa-vella,297,232,65,21.9
2026-09-11T22:36:00Z,2026-09-12T00:36:00+02:00,55,ajuntament-mercat,237,185,52,21.9
2026-09-11T22:37:00Z,2026-09-12T00:37:00+02:00,53,dr-robert,407,337,70,17.2
2026-09-11T22:37:00Z,2026-09-12T00:37:00+02:00,54,placa-vella,297,232,65,21.9
2026-09-11T22:37:00Z,2026-09-12T00:37:00+02:00,55,ajuntament-mercat,237,185,52,21.9
2026-09-11T22:38:00Z,2026-09-12T00:38:00+02:00,53,dr-robert,407,337,70,17.2
2026-09-11T22:38:00Z,2026-09-12T00:38:00+02:00,54,placa-vella,297,232,65,21.9
2026-09-11T22:38:00Z,2026-09-12T00:38:00+02:00,55,ajuntament-mercat,237,185,52,21.9
2026-09-11T22:39:00Z,2026-09-12T00:39:00+02:00,53,dr-robert,407,337,70,17.2
2026-09-11T22:39:00Z,2026-09-12T00:39:00+02:00,54,placa-vella,297,232,65,21.9
2026-09-11T22:39:00Z,2026-09-12T00:39:00+02:00,55,ajuntament-mercat,237,185,52,21.9
2026-09-11T22:40:00Z,2026-09-12T00:40:00+02:00,53,dr-robert,407,336,71,17.4
2026-09-11T22:40:00Z,2026-09-12T00:40:00+02:00,54,placa-vella,297,232,65,21.9
2026-09-11T22:40:00Z,2026-09-12T00:40:00+02:00,55,ajuntament-mercat,237,185,52,21.9
2026-09-11T22:41:00Z,2026-09-12T00:41:00+02:00,53,dr-robert,407,336,71,17.4
2026-09-11T22:41:00Z,2026-09-12T00:41:00+02:00,54,placa-vella,297,232,65,21.9
2026-09-11T22:41:00Z,2026-09-12T00:41:00+02:00,55,ajuntament-mercat,237,185,52,21.9
2026-09-11T22:42:00Z,2026-09-12T00:42:00+02:00,53,dr-robert,407,336,71,17.4
2026-09-11T22:42:00Z,2026-09-12T00:42:00+02:00,54,placa-vella,297,232,65,21.9
2026-09-11T22:42:00Z,2026-09-12T00:42:00+02:00,55,ajuntament-mercat,237,185,52,21.9
2026-09-11T22:43:00Z,2026-09-12T00:43:00+02:00,53,dr-robert,407,336,71,17.4
2026-09-11T22:43:00Z,2026-09-12T00:43:00+02:00,54,placa-vella,297,232,65,21.9
2026-09-11T22:43:00Z,2026-09-12T00:43:00+02:00,55,ajuntament-mercat,237,185,52,21.9
2026-09-11T22:44:00Z,2026-09-12T00:44:00+02:00,53,dr-robert,407,336,71,17.4
2026-09-11T22:44:00Z,2026-09-12T00:44:00+02:00,54,placa-vella,297,232,65,21.9
2026-09-11T22:44:00Z,2026-09-12T00:44:00+02:00,55,ajuntament-mercat,237,185,52,21.9
2026-09-11T22:45:00Z,2026-09-12T00:45:00+02:00,53,dr-robert,407,336,71,17.4
2026-09-11T22:45:00Z,2026-09-12T00:45:00+02:00,54,placa-vella,297,232,65,21.9
2026-09-11T22:45:00Z,2026-09-12T00:45:00+02:00,55,ajuntament-mercat,237,185,52,21.9
2026-09-11T22:46:00Z,2026-09-12T00:46:00+02:00,53,dr-robert,407,336,71,17.4
2026-09-11T22:46:00Z,2026-09-12T00:46:00+02:00,54,placa-vella,297,232,65,21.9
2026-09-11T22:46:00Z,2026-09-12T00:46:00+02:00,55,ajuntament-mercat,237,185,52,21.9
2026-09-11T22:47:00Z,2026-09-12T00:47:00+02:00,53,dr-robert,407,336,71,17.4
2026-09-11T22:47:00Z,2026-09-12T00:47:00+02:00,54,placa-vella,297,232,65,21.9
2026-09-11T22:47:00Z,2026-09-12T00:47:00+02:00,55,ajuntament-mercat,237,185,52,21.9
2026-09-11T22:48:00Z,2026-09-12T00:48:00+02:00,53,dr-robert,407,336,71,17.4
2026-09-11T22:48:00Z,2026-09-12T00:48:00+02:00,54,placa-vella,297,232,65,21.9
2026-09-11T22:48:00Z,2026-09-12T00:48:00+02:00,55,ajuntament-mercat,237,185,52,21.9
2026-09-11T22:49:00Z,2026-09-12T00:49:00+02:00,53,dr-robert,407,336,71,17.4
2026-09-11T22:49:00Z,2026-09-12T00:49:00+02:00,54,placa-vella,297,232,65,21.9
2026-09-11T22:49:00Z,2026-09-12T00:49:00+02:00,55,ajuntament-mercat,237,185,52,21.9
2026-09-11T22:50:00Z,2026-09-12T00:50:00+02:00,53,dr-robert,407,338,69,17
2026-09-11T22:50:00Z,2026-09-12T00:50:00+02:00,54,placa-vella,297,233,64,21.5
2026-09-11T22:50:00Z,2026-09-12T00:50:00+02:00,55,ajuntament-mercat,237,185,52,21.9
2026-09-11T22:51:00Z,2026-09-12T00:51:00+02:00,53,dr-robert,407,338,69,17
2026-09-11T22:51:00Z,2026-09-12T00:51:00+02:00,54,placa-vella,297,233,64,21.5
2026-09-11T22:51:00Z,2026-09-12T00:51:00+02:00,55,ajuntament-mercat,237,185,52,21.9
2026-09-11T22:52:00Z,2026-09-12T00:52:00+02:00,53,dr-robert,407,338,69,17
2026-09-11T22:52:00Z,2026-09-12T00:52:00+02:00,54,placa-vella,297,233,64,21.5
2026-09-11T22:52:00Z,2026-09-12T00:52:00+02:00,55,ajuntament-mercat,237,185,52,21.9
2026-09-11T22:53:00Z,2026-09-12T00:53:00+02:00,53,dr-robert,407,338,69,17
2026-09-11T22:53:00Z,2026-09-12T00:53:00+02:00,54,placa-vella,297,233,64,21.5
2026-09-11T22:53:00Z,2026-09-12T00:53:00+02:00,55,ajuntament-mercat,237,185,52,21.9
2026-09-11T22:54:00Z,2026-09-12T00:54:00+02:00,53,dr-robert,407,338,69,17
2026-09-11T22:54:00Z,2026-09-12T00:54:00+02:00,54,placa-vella,297,233,64,21.5
2026-09-11T22:54:00Z,2026-09-12T00:54:00+02:00,55,ajuntament-mercat,237,185,52,21.9
2026-09-11T22:55:00Z,2026-09-12T00:55:00+02:00,53,dr-robert,407,338,69,17
2026-09-11T22:55:00Z,2026-09-12T00:55:00+02:00,54,placa-vella,297,233,64,21.5
2026-09-11T22:55:00Z,2026-09-12T00:55:00+02:00,55,ajuntament-mercat,237,185,52,21.9
2026-09-11T22:56:00Z,2026-09-12T00:56:00+02:00,53,dr-robert,407,338,69,17
2026-09-11T22:56:00Z,2026-09-12T00:56:00+02:00,54,placa-vella,297,233,64,21.5
2026-09-11T22:56:00Z,2026-09-12T00:56:00+02:00,55,ajuntament-mercat,237,185,52,21.9
2026-09-11T22:57:00Z,2026-09-12T00:57:00+02:00,53,dr-robert,407,338,69,17
2026-09-11T22:57:00Z,2026-09-12T00:57:00+02:00,54,placa-vella,297,233,64,21.5
2026-09-11T22:57:00Z,2026-09-12T00:57:00+02:00,55,ajuntament-mercat,237,185,52,21.9
2026-09-11T22:58:00Z,2026-09-12T00:58:00+02:00,53,dr-robert,407,338,69,17
2026-09-11T22:58:00Z,2026-09-12T00:58:00+02:00,54,placa-vella,297,233,64,21.5
2026-09-11T22:58:00Z,2026-09-12T00:58:00+02:00,55,ajuntament-mercat,237,185,52,21.9
2026-09-11T22:59:00Z,2026-09-12T00:59:00+02:00,53,dr-robert,407,338,69,17
2026-09-11T22:59:00Z,2026-09-12T00:59:00+02:00,54,placa-vella,297,233,64,21.5
2026-09-11T22:59:00Z,2026-09-12T00:59:00+02:00,55,ajuntament-mercat,237,185,52,21.9
2026-09-11T23:00:00Z,2026-09-12T01:00:00+02:00,53,dr-robert,407,338,69,17
2026-09-11T23:00:00Z,2026-09-12T01:00:00+02:00,54,placa-vella,297,233,64,21.5
2026-09-11T23:00:00Z,2026-09-12T01:00:00+02:00,55,ajuntament-mercat,237,185,52,21.9
2026-09-11T23:01:00Z,2026-09-12T01:01:00+02:00,54,placa-vella,297,233,64,21.5
2026-09-11T23:01:00Z,2026-09-12T01:01:00+02:00,55,ajuntament-mercat,237,185,52,21.9
2026-09-11T23:02:00Z,2026-09-12T01:02:00+02:00,54,placa-vella,297,233,64,21.5
2026-09-11T23:02:00Z,2026-09-12T01:02:00+02:00,55,ajuntament-mercat,237,185,52,21.9
2026-09-11T23:03:00Z,2026-09-12T01:03:00+02:00,54,placa-vella,297,233,64,21.5
2026-09-11T23:03:00Z,2026-09-12T01:03:00+02:00,55,ajuntament-mercat,237,185,52,21.9
2026-09-11T23:04:00Z,2026-09-12T01:04:00+02:00,54,placa-vella,297,233,64,21.5
2026-09-11T23:04:00Z,2026-09-12T01:04:00+02:00,55,ajuntament-mercat,237,185,52,21.9
2026-09-11T23:05:00Z,2026-09-12T01:05:00+02:00,54,placa-vella,297,233,64,21.5
2026-09-11T23:05:00Z,2026-09-12T01:05:00+02:00,55,ajuntament-mercat,237,185,52,21.9
2026-09-11T23:06:00Z,2026-09-12T01:06:00+02:00,53,dr-robert,407,337,70,17.2
2026-09-11T23:06:00Z,2026-09-12T01:06:00+02:00,54,placa-vella,297,233,64,21.5
2026-09-11T23:06:00Z,2026-09-12T01:06:00+02:00,55,ajuntament-mercat,237,185,52,21.9
2026-09-11T23:07:00Z,2026-09-12T01:07:00+02:00,53,dr-robert,407,337,70,17.2
2026-09-11T23:07:00Z,2026-09-12T01:07:00+02:00,54,placa-vella,297,233,64,21.5
2026-09-11T23:07:00Z,2026-09-12T01:07:00+02:00,55,ajuntament-mercat,237,185,52,21.9
2026-09-11T23:08:00Z,2026-09-12T01:08:00+02:00,53,dr-robert,407,337,70,17.2
2026-09-11T23:08:00Z,2026-09-12T01:08:00+02:00,54,placa-vella,297,233,64,21.5
2026-09-11T23:08:00Z,2026-09-12T01:08:00+02:00,55,ajuntament-mercat,237,185,52,21.9
2026-09-11T23:09:00Z,2026-09-12T01:09:00+02:00,53,dr-robert,407,337,70,17.2
2026-09-11T23:09:00Z,2026-09-12T01:09:00+02:00,54,placa-vella,297,233,64,21.5
2026-09-11T23:09:00Z,2026-09-12T01:09:00+02:00,55,ajuntament-mercat,237,185,52,21.9
2026-09-11T23:10:00Z,2026-09-12T01:10:00+02:00,53,dr-robert,407,337,70,17.2
2026-09-11T23:10:00Z,2026-09-12T01:10:00+02:00,54,placa-vella,297,233,64,21.5
2026-09-11T23:10:00Z,2026-09-12T01:10:00+02:00,55,ajuntament-mercat,237,185,52,21.9
2026-09-11T23:11:00Z,2026-09-12T01:11:00+02:00,53,dr-robert,407,337,70,17.2
2026-09-11T23:11:00Z,2026-09-12T01:11:00+02:00,54,placa-vella,297,233,64,21.5
2026-09-11T23:11:00Z,2026-09-12T01:11:00+02:00,55,ajuntament-mercat,237,185,52,21.9
2026-09-11T23:12:00Z,2026-09-12T01:12:00+02:00,53,dr-robert,407,337,70,17.2
2026-09-11T23:12:00Z,2026-09-12T01:12:00+02:00,54,placa-vella,297,233,64,21.5
2026-09-11T23:12:00Z,2026-09-12T01:12:00+02:00,55,ajuntament-mercat,237,185,52,21.9
2026-09-11T23:13:00Z,2026-09-12T01:13:00+02:00,53,dr-robert,407,337,70,17.2
2026-09-11T23:13:00Z,2026-09-12T01:13:00+02:00,54,placa-vella,297,233,64,21.5
2026-09-11T23:13:00Z,2026-09-12T01:13:00+02:00,55,ajuntament-mercat,237,185,52,21.9
2026-09-11T23:14:00Z,2026-09-12T01:14:00+02:00,53,dr-robert,407,337,70,17.2
2026-09-11T23:14:00Z,2026-09-12T01:14:00+02:00,54,placa-vella,297,233,64,21.5
2026-09-11T23:14:00Z,2026-09-12T01:14:00+02:00,55,ajuntament-mercat,237,185,52,21.9
2026-09-11T23:15:00Z,2026-09-12T01:15:00+02:00,53,dr-robert,407,337,70,17.2
2026-09-11T23:15:00Z,2026-09-12T01:15:00+02:00,54,placa-vella,297,233,64,21.5
2026-09-11T23:15:00Z,2026-09-12T01:15:00+02:00,55,ajuntament-mercat,237,185,52,21.9
2026-09-11T23:16:00Z,2026-09-12T01:16:00+02:00,53,dr-robert,407,337,70,17.2
2026-09-11T23:16:00Z,2026-09-12T01:16:00+02:00,54,placa-vella,297,233,64,21.5
2026-09-11T23:16:00Z,2026-09-12T01:16:00+02:00,55,ajuntament-mercat,237,185,52,21.9
2026-09-11T23:17:00Z,2026-09-12T01:17:00+02:00,53,dr-robert,407,337,70,17.2
2026-09-11T23:17:00Z,2026-09-12T01:17:00+02:00,54,placa-vella,297,233,64,21.5
2026-09-11T23:17:00Z,2026-09-12T01:17:00+02:00,55,ajuntament-mercat,237,185,52,21.9
2026-09-11T23:18:00Z,2026-09-12T01:18:00+02:00,53,dr-robert,407,337,70,17.2
2026-09-11T23:18:00Z,2026-09-12T01:18:00+02:00,54,placa-vella,297,233,64,21.5
2026-09-11T23:18:00Z,2026-09-12T01:18:00+02:00,55,ajuntament-mercat,237,185,52,21.9
2026-09-11T23:19:00Z,2026-09-12T01:19:00+02:00,53,dr-robert,407,337,70,17.2
2026-09-11T23:19:00Z,2026-09-12T01:19:00+02:00,54,placa-vella,297,233,64,21.5
2026-09-11T23:19:00Z,2026-09-12T01:19:00+02:00,55,ajuntament-mercat,237,185,52,21.9
2026-09-11T23:20:00Z,2026-09-12T01:20:00+02:00,53,dr-robert,407,337,70,17.2
2026-09-11T23:20:00Z,2026-09-12T01:20:00+02:00,54,placa-vella,297,233,64,21.5
2026-09-11T23:20:00Z,2026-09-12T01:20:00+02:00,55,ajuntament-mercat,237,185,52,21.9
2026-09-11T23:21:00Z,2026-09-12T01:21:00+02:00,53,dr-robert,407,338,69,17
2026-09-11T23:21:00Z,2026-09-12T01:21:00+02:00,54,placa-vella,297,233,64,21.5
2026-09-11T23:21:00Z,2026-09-12T01:21:00+02:00,55,ajuntament-mercat,237,185,52,21.9
2026-09-11T23:22:00Z,2026-09-12T01:22:00+02:00,53,dr-robert,407,338,69,17
2026-09-11T23:22:00Z,2026-09-12T01:22:00+02:00,54,placa-vella,297,233,64,21.5
2026-09-11T23:22:00Z,2026-09-12T01:22:00+02:00,55,ajuntament-mercat,237,185,52,21.9
2026-09-11T23:23:00Z,2026-09-12T01:23:00+02:00,53,dr-robert,407,338,69,17
2026-09-11T23:23:00Z,2026-09-12T01:23:00+02:00,54,placa-vella,297,233,64,21.5
2026-09-11T23:23:00Z,2026-09-12T01:23:00+02:00,55,ajuntament-mercat,237,185,52,21.9
2026-09-11T23:24:00Z,2026-09-12T01:24:00+02:00,53,dr-robert,407,338,69,17
2026-09-11T23:24:00Z,2026-09-12T01:24:00+02:00,54,placa-vella,297,233,64,21.5
2026-09-11T23:24:00Z,2026-09-12T01:24:00+02:00,55,ajuntament-mercat,237,185,52,21.9
2026-09-11T23:25:00Z,2026-09-12T01:25:00+02:00,53,dr-robert,407,337,70,17.2
2026-09-11T23:25:00Z,2026-09-12T01:25:00+02:00,54,placa-vella,297,233,64,21.5
2026-09-11T23:25:00Z,2026-09-12T01:25:00+02:00,55,ajuntament-mercat,237,185,52,21.9
2026-09-11T23:26:00Z,2026-09-12T01:26:00+02:00,53,dr-robert,407,337,70,17.2
2026-09-11T23:26:00Z,2026-09-12T01:26:00+02:00,54,placa-vella,297,233,64,21.5
2026-09-11T23:26:00Z,2026-09-12T01:26:00+02:00,55,ajuntament-mercat,237,185,52,21.9
2026-09-11T23:27:00Z,2026-09-12T01:27:00+02:00,53,dr-robert,407,337,70,17.2
2026-09-11T23:27:00Z,2026-09-12T01:27:00+02:00,54,placa-vella,297,233,64,21.5
2026-09-11T23:27:00Z,2026-09-12T01:27:00+02:00,55,ajuntament-mercat,237,185,52,21.9
2026-09-11T23:28:00Z,2026-09-12T01:28:00+02:00,53,dr-robert,407,337,70,17.2
2026-09-11T23:28:00Z,2026-09-12T01:28:00+02:00,54,placa-vella,297,233,64,21.5
2026-09-11T23:28:00Z,2026-09-12T01:28:00+02:00,55,ajuntament-mercat,237,185,52,21.9
2026-09-11T23:29:00Z,2026-09-12T01:29:00+02:00,53,dr-robert,407,337,70,17.2
2026-09-11T23:29:00Z,2026-09-12T01:29:00+02:00,54,placa-vella,297,233,64,21.5
2026-09-11T23:29:00Z,2026-09-12T01:29:00+02:00,55,ajuntament-mercat,237,185,52,21.9
2026-09-11T23:30:00Z,2026-09-12T01:30:00+02:00,53,dr-robert,407,338,69,17
2026-09-11T23:30:00Z,2026-09-12T01:30:00+02:00,54,placa-vella,297,233,64,21.5
2026-09-11T23:30:00Z,2026-09-12T01:30:00+02:00,55,ajuntament-mercat,237,185,52,21.9
2026-09-11T23:31:00Z,2026-09-12T01:31:00+02:00,53,dr-robert,407,338,69,17
2026-09-11T23:31:00Z,2026-09-12T01:31:00+02:00,54,placa-vella,297,233,64,21.5
2026-09-11T23:31:00Z,2026-09-12T01:31:00+02:00,55,ajuntament-mercat,237,185,52,21.9
2026-09-11T23:32:00Z,2026-09-12T01:32:00+02:00,53,dr-robert,407,338,69,17
2026-09-11T23:32:00Z,2026-09-12T01:32:00+02:00,54,placa-vella,297,233,64,21.5
2026-09-11T23:32:00Z,2026-09-12T01:32:00+02:00,55,ajuntament-mercat,237,185,52,21.9
2026-09-11T23:33:00Z,2026-09-12T01:33:00+02:00,53,dr-robert,407,338,69,17
2026-09-11T23:33:00Z,2026-09-12T01:33:00+02:00,54,placa-vella,297,233,64,21.5
2026-09-11T23:33:00Z,2026-09-12T01:33:00+02:00,55,ajuntament-mercat,237,185,52,21.9
2026-09-11T23:34:00Z,2026-09-12T01:34:00+02:00,53,dr-robert,407,338,69,17
2026-09-11T23:34:00Z,2026-09-12T01:34:00+02:00,54,placa-vella,297,233,64,21.5
2026-09-11T23:34:00Z,2026-09-12T01:34:00+02:00,55,ajuntament-mercat,237,185,52,21.9
2026-09-11T23:35:00Z,2026-09-12T01:35:00+02:00,53,dr-robert,407,339,68,16.7
2026-09-11T23:35:00Z,2026-09-12T01:35:00+02:00,54,placa-vella,297,233,64,21.5
2026-09-11T23:35:00Z,2026-09-12T01:35:00+02:00,55,ajuntament-mercat,237,185,52,21.9
2026-09-11T23:36:00Z,2026-09-12T01:36:00+02:00,53,dr-robert,407,339,68,16.7
2026-09-11T23:36:00Z,2026-09-12T01:36:00+02:00,54,placa-vella,297,233,64,21.5
2026-09-11T23:36:00Z,2026-09-12T01:36:00+02:00,55,ajuntament-mercat,237,185,52,21.9
2026-09-11T23:37:00Z,2026-09-12T01:37:00+02:00,53,dr-robert,407,339,68,16.7
2026-09-11T23:37:00Z,2026-09-12T01:37:00+02:00,54,placa-vella,297,233,64,21.5
2026-09-11T23:37:00Z,2026-09-12T01:37:00+02:00,55,ajuntament-mercat,237,185,52,21.9
2026-09-11T23:38:00Z,2026-09-12T01:38:00+02:00,53,dr-robert,407,339,68,16.7
2026-09-11T23:38:00Z,2026-09-12T01:38:00+02:00,54,placa-vella,297,233,64,21.5
2026-09-11T23:38:00Z,2026-09-12T01:38:00+02:00,55,ajuntament-mercat,237,185,52,21.9
2026-09-11T23:39:00Z,2026-09-12T01:39:00+02:00,53,dr-robert,407,339,68,16.7
2026-09-11T23:39:00Z,2026-09-12T01:39:00+02:00,54,placa-vella,297,233,64,21.5
2026-09-11T23:39:00Z,2026-09-12T01:39:00+02:00,55,ajuntament-mercat,237,185,52,21.9
2026-09-11T23:40:00Z,2026-09-12T01:40:00+02:00,53,dr-robert,407,339,68,16.7
2026-09-11T23:40:00Z,2026-09-12T01:40:00+02:00,54,placa-vella,297,233,64,21.5
2026-09-11T23:40:00Z,2026-09-12T01:40:00+02:00,55,ajuntament-mercat,237,185,52,21.9
2026-09-11T23:41:00Z,2026-09-12T01:41:00+02:00,53,dr-robert,407,339,68,16.7
2026-09-11T23:41:00Z,2026-09-12T01:41:00+02:00,54,placa-vella,297,233,64,21.5
2026-09-11T23:41:00Z,2026-09-12T01:41:00+02:00,55,ajuntament-mercat,237,185,52,21.9
2026-09-11T23:42:00Z,2026-09-12T01:42:00+02:00,53,dr-robert,407,339,68,16.7
2026-09-11T23:42:00Z,2026-09-12T01:42:00+02:00,54,placa-vella,297,233,64,21.5
2026-09-11T23:42:00Z,2026-09-12T01:42:00+02:00,55,ajuntament-mercat,237,185,52,21.9
2026-09-11T23:43:00Z,2026-09-12T01:43:00+02:00,53,dr-robert,407,339,68,16.7
2026-09-11T23:43:00Z,2026-09-12T01:43:00+02:00,54,placa-vella,297,233,64,21.5
2026-09-11T23:43:00Z,2026-09-12T01:43:00+02:00,55,ajuntament-mercat,237,185,52,21.9
2026-09-11T23:44:00Z,2026-09-12T01:44:00+02:00,53,dr-robert,407,339,68,16.7
2026-09-11T23:44:00Z,2026-09-12T01:44:00+02:00,54,placa-vella,297,233,64,21.5
2026-09-11T23:44:00Z,2026-09-12T01:44:00+02:00,55,ajuntament-mercat,237,185,52,21.9
2026-09-11T23:45:00Z,2026-09-12T01:45:00+02:00,53,dr-robert,407,340,67,16.5
2026-09-11T23:45:00Z,2026-09-12T01:45:00+02:00,54,placa-vella,297,233,64,21.5
2026-09-11T23:45:00Z,2026-09-12T01:45:00+02:00,55,ajuntament-mercat,237,185,52,21.9
2026-09-11T23:46:00Z,2026-09-12T01:46:00+02:00,53,dr-robert,407,340,67,16.5
2026-09-11T23:46:00Z,2026-09-12T01:46:00+02:00,54,placa-vella,297,233,64,21.5
2026-09-11T23:46:00Z,2026-09-12T01:46:00+02:00,55,ajuntament-mercat,237,185,52,21.9
2026-09-11T23:47:00Z,2026-09-12T01:47:00+02:00,53,dr-robert,407,340,67,16.5
2026-09-11T23:47:00Z,2026-09-12T01:47:00+02:00,54,placa-vella,297,233,64,21.5
2026-09-11T23:47:00Z,2026-09-12T01:47:00+02:00,55,ajuntament-mercat,237,185,52,21.9
2026-09-11T23:48:00Z,2026-09-12T01:48:00+02:00,53,dr-robert,407,340,67,16.5
2026-09-11T23:48:00Z,2026-09-12T01:48:00+02:00,54,placa-vella,297,233,64,21.5
2026-09-11T23:48:00Z,2026-09-12T01:48:00+02:00,55,ajuntament-mercat,237,185,52,21.9
2026-09-11T23:49:00Z,2026-09-12T01:49:00+02:00,53,dr-robert,407,340,67,16.5
2026-09-11T23:49:00Z,2026-09-12T01:49:00+02:00,54,placa-vella,297,233,64,21.5
2026-09-11T23:49:00Z,2026-09-12T01:49:00+02:00,55,ajuntament-mercat,237,185,52,21.9
2026-09-11T23:50:00Z,2026-09-12T01:50:00+02:00,53,dr-robert,407,341,66,16.2
2026-09-11T23:50:00Z,2026-09-12T01:50:00+02:00,54,placa-vella,297,233,64,21.5
2026-09-11T23:50:00Z,2026-09-12T01:50:00+02:00,55,ajuntament-mercat,237,185,52,21.9
2026-09-11T23:51:00Z,2026-09-12T01:51:00+02:00,53,dr-robert,407,341,66,16.2
2026-09-11T23:51:00Z,2026-09-12T01:51:00+02:00,54,placa-vella,297,233,64,21.5
2026-09-11T23:51:00Z,2026-09-12T01:51:00+02:00,55,ajuntament-mercat,237,185,52,21.9
2026-09-11T23:52:00Z,2026-09-12T01:52:00+02:00,53,dr-robert,407,341,66,16.2
2026-09-11T23:52:00Z,2026-09-12T01:52:00+02:00,54,placa-vella,297,233,64,21.5
2026-09-11T23:52:00Z,2026-09-12T01:52:00+02:00,55,ajuntament-mercat,237,185,52,21.9
2026-09-11T23:53:00Z,2026-09-12T01:53:00+02:00,53,dr-robert,407,341,66,16.2
2026-09-11T23:53:00Z,2026-09-12T01:53:00+02:00,54,placa-vella,297,233,64,21.5
2026-09-11T23:53:00Z,2026-09-12T01:53:00+02:00,55,ajuntament-mercat,237,185,52,21.9
2026-09-11T23:54:00Z,2026-09-12T01:54:00+02:00,53,dr-robert,407,341,66,16.2
2026-09-11T23:54:00Z,2026-09-12T01:54:00+02:00,54,placa-vella,297,233,64,21.5
2026-09-11T23:54:00Z,2026-09-12T01:54:00+02:00,55,ajuntament-mercat,237,185,52,21.9
2026-09-11T23:55:00Z,2026-09-12T01:55:00+02:00,53,dr-robert,407,342,65,16
2026-09-11T23:55:00Z,2026-09-12T01:55:00+02:00,54,placa-vella,297,233,64,21.5
2026-09-11T23:55:00Z,2026-09-12T01:55:00+02:00,55,ajuntament-mercat,237,185,52,21.9
2026-09-11T23:56:00Z,2026-09-12T01:56:00+02:00,53,dr-robert,407,342,65,16
2026-09-11T23:56:00Z,2026-09-12T01:56:00+02:00,54,placa-vella,297,233,64,21.5
2026-09-11T23:56:00Z,2026-09-12T01:56:00+02:00,55,ajuntament-mercat,237,185,52,21.9
2026-09-11T23:57:00Z,2026-09-12T01:57:00+02:00,53,dr-robert,407,342,65,16
2026-09-11T23:57:00Z,2026-09-12T01:57:00+02:00,54,placa-vella,297,233,64,21.5
2026-09-11T23:57:00Z,2026-09-12T01:57:00+02:00,55,ajuntament-mercat,237,185,52,21.9
2026-09-11T23:58:00Z,2026-09-12T01:58:00+02:00,53,dr-robert,407,342,65,16
2026-09-11T23:58:00Z,2026-09-12T01:58:00+02:00,54,placa-vella,297,233,64,21.5
2026-09-11T23:58:00Z,2026-09-12T01:58:00+02:00,55,ajuntament-mercat,237,185,52,21.9
2026-09-11T23:59:00Z,2026-09-12T01:59:00+02:00,53,dr-robert,407,342,65,16
2026-09-11T23:59:00Z,2026-09-12T01:59:00+02:00,54,placa-vella,297,233,64,21.5
2026-09-11T23:59:00Z,2026-09-12T01:59:00+02:00,55,ajuntament-mercat,237,185,52,21.9
2026-09-12T00:00:00Z,2026-09-12T02:00:00+02:00,53,dr-robert,407,342,65,16
2026-09-12T00:00:00Z,2026-09-12T02:00:00+02:00,54,placa-vella,297,233,64,21.5
2026-09-12T00:00:00Z,2026-09-12T02:00:00+02:00,55,ajuntament-mercat,237,185,52,21.9
2026-09-12T00:01:00Z,2026-09-12T02:01:00+02:00,53,dr-robert,407,342,65,16
2026-09-12T00:01:00Z,2026-09-12T02:01:00+02:00,54,placa-vella,297,233,64,21.5
2026-09-12T00:01:00Z,2026-09-12T02:01:00+02:00,55,ajuntament-mercat,237,185,52,21.9
2026-09-12T00:02:00Z,2026-09-12T02:02:00+02:00,53,dr-robert,407,342,65,16
2026-09-12T00:02:00Z,2026-09-12T02:02:00+02:00,54,placa-vella,297,233,64,21.5
2026-09-12T00:02:00Z,2026-09-12T02:02:00+02:00,55,ajuntament-mercat,237,185,52,21.9
2026-09-12T00:03:00Z,2026-09-12T02:03:00+02:00,53,dr-robert,407,343,64,15.7
2026-09-12T00:03:00Z,2026-09-12T02:03:00+02:00,54,placa-vella,297,233,64,21.5
2026-09-12T00:03:00Z,2026-09-12T02:03:00+02:00,55,ajuntament-mercat,237,185,52,21.9
2026-09-12T00:04:00Z,2026-09-12T02:04:00+02:00,53,dr-robert,407,343,64,15.7
2026-09-12T00:04:00Z,2026-09-12T02:04:00+02:00,54,placa-vella,297,233,64,21.5
2026-09-12T00:04:00Z,2026-09-12T02:04:00+02:00,55,ajuntament-mercat,237,185,52,21.9
2026-09-12T00:05:00Z,2026-09-12T02:05:00+02:00,53,dr-robert,407,343,64,15.7
2026-09-12T00:05:00Z,2026-09-12T02:05:00+02:00,54,placa-vella,297,233,64,21.5
2026-09-12T00:05:00Z,2026-09-12T02:05:00+02:00,55,ajuntament-mercat,237,185,52,21.9
2026-09-12T00:06:00Z,2026-09-12T02:06:00+02:00,53,dr-robert,407,343,64,15.7
2026-09-12T00:06:00Z,2026-09-12T02:06:00+02:00,54,placa-vella,297,233,64,21.5
2026-09-12T00:06:00Z,2026-09-12T02:06:00+02:00,55,ajuntament-mercat,237,185,52,21.9
2026-09-12T00:07:00Z,2026-09-12T02:07:00+02:00,53,dr-robert,407,343,64,15.7
2026-09-12T00:07:00Z,2026-09-12T02:07:00+02:00,54,placa-vella,297,233,64,21.5
2026-09-12T00:07:00Z,2026-09-12T02:07:00+02:00,55,ajuntament-mercat,237,185,52,21.9
2026-09-12T00:08:00Z,2026-09-12T02:08:00+02:00,53,dr-robert,407,343,64,15.7
2026-09-12T00:08:00Z,2026-09-12T02:08:00+02:00,54,placa-vella,297,233,64,21.5
2026-09-12T00:08:00Z,2026-09-12T02:08:00+02:00,55,ajuntament-mercat,237,185,52,21.9
2026-09-12T00:09:00Z,2026-09-12T02:09:00+02:00,53,dr-robert,407,343,64,15.7
2026-09-12T00:09:00Z,2026-09-12T02:09:00+02:00,54,placa-vella,297,233,64,21.5
2026-09-12T00:09:00Z,2026-09-12T02:09:00+02:00,55,ajuntament-mercat,237,185,52,21.9
2026-09-12T00:10:00Z,2026-09-12T02:10:00+02:00,53,dr-robert,407,344,63,15.5
2026-09-12T00:10:00Z,2026-09-12T02:10:00+02:00,54,placa-vella,297,233,64,21.5
2026-09-12T00:10:00Z,2026-09-12T02:10:00+02:00,55,ajuntament-mercat,237,185,52,21.9
2026-09-12T00:11:00Z,2026-09-12T02:11:00+02:00,53,dr-robert,407,344,63,15.5
2026-09-12T00:11:00Z,2026-09-12T02:11:00+02:00,54,placa-vella,297,233,64,21.5
2026-09-12T00:11:00Z,2026-09-12T02:11:00+02:00,55,ajuntament-mercat,237,185,52,21.9
2026-09-12T00:12:00Z,2026-09-12T02:12:00+02:00,53,dr-robert,407,344,63,15.5
2026-09-12T00:12:00Z,2026-09-12T02:12:00+02:00,54,placa-vella,297,233,64,21.5
2026-09-12T00:12:00Z,2026-09-12T02:12:00+02:00,55,ajuntament-mercat,237,185,52,21.9
2026-09-12T00:13:00Z,2026-09-12T02:13:00+02:00,53,dr-robert,407,344,63,15.5
2026-09-12T00:13:00Z,2026-09-12T02:13:00+02:00,54,placa-vella,297,233,64,21.5
2026-09-12T00:13:00Z,2026-09-12T02:13:00+02:00,55,ajuntament-mercat,237,185,52,21.9
2026-09-12T00:14:00Z,2026-09-12T02:14:00+02:00,53,dr-robert,407,344,63,15.5
2026-09-12T00:14:00Z,2026-09-12T02:14:00+02:00,54,placa-vella,297,233,64,21.5
2026-09-12T00:14:00Z,2026-09-12T02:14:00+02:00,55,ajuntament-mercat,237,185,52,21.9
2026-09-12T00:15:00Z,2026-09-12T02:15:00+02:00,53,dr-robert,407,345,62,15.2
2026-09-12T00:15:00Z,2026-09-12T02:15:00+02:00,54,placa-vella,297,233,64,21.5
2026-09-12T00:15:00Z,2026-09-12T02:15:00+02:00,55,ajuntament-mercat,237,185,52,21.9
2026-09-12T00:16:00Z,2026-09-12T02:16:00+02:00,53,dr-robert,407,345,62,15.2
2026-09-12T00:16:00Z,2026-09-12T02:16:00+02:00,54,placa-vella,297,233,64,21.5
2026-09-12T00:16:00Z,2026-09-12T02:16:00+02:00,55,ajuntament-mercat,237,185,52,21.9
2026-09-12T00:17:00Z,2026-09-12T02:17:00+02:00,53,dr-robert,407,345,62,15.2
2026-09-12T00:17:00Z,2026-09-12T02:17:00+02:00,54,placa-vella,297,233,64,21.5
2026-09-12T00:17:00Z,2026-09-12T02:17:00+02:00,55,ajuntament-mercat,237,185,52,21.9
2026-09-12T00:18:00Z,2026-09-12T02:18:00+02:00,53,dr-robert,407,345,62,15.2
2026-09-12T00:18:00Z,2026-09-12T02:18:00+02:00,54,placa-vella,297,233,64,21.5
2026-09-12T00:18:00Z,2026-09-12T02:18:00+02:00,55,ajuntament-mercat,237,185,52,21.9
2026-09-12T00:19:00Z,2026-09-12T02:19:00+02:00,53,dr-robert,407,345,62,15.2
2026-09-12T00:19:00Z,2026-09-12T02:19:00+02:00,54,placa-vella,297,233,64,21.5
2026-09-12T00:19:00Z,2026-09-12T02:19:00+02:00,55,ajuntament-mercat,237,185,52,21.9
2026-09-12T00:20:00Z,2026-09-12T02:20:00+02:00,53,dr-robert,407,345,62,15.2
2026-09-12T00:20:00Z,2026-09-12T02:20:00+02:00,54,placa-vella,297,233,64,21.5
2026-09-12T00:20:00Z,2026-09-12T02:20:00+02:00,55,ajuntament-mercat,237,185,52,21.9
2026-09-12T00:21:00Z,2026-09-12T02:21:00+02:00,53,dr-robert,407,345,62,15.2
2026-09-12T00:21:00Z,2026-09-12T02:21:00+02:00,54,placa-vella,297,233,64,21.5
2026-09-12T00:21:00Z,2026-09-12T02:21:00+02:00,55,ajuntament-mercat,237,185,52,21.9
2026-09-12T00:22:00Z,2026-09-12T02:22:00+02:00,53,dr-robert,407,345,62,15.2
2026-09-12T00:22:00Z,2026-09-12T02:22:00+02:00,54,placa-vella,297,233,64,21.5
2026-09-12T00:22:00Z,2026-09-12T02:22:00+02:00,55,ajuntament-mercat,237,185,52,21.9
2026-09-12T00:23:00Z,2026-09-12T02:23:00+02:00,53,dr-robert,407,345,62,15.2
2026-09-12T00:23:00Z,2026-09-12T02:23:00+02:00,54,placa-vella,297,233,64,21.5
2026-09-12T00:23:00Z,2026-09-12T02:23:00+02:00,55,ajuntament-mercat,237,185,52,21.9
2026-09-12T00:24:00Z,2026-09-12T02:24:00+02:00,53,dr-robert,407,345,62,15.2
2026-09-12T00:24:00Z,2026-09-12T02:24:00+02:00,54,placa-vella,297,233,64,21.5
2026-09-12T00:24:00Z,2026-09-12T02:24:00+02:00,55,ajuntament-mercat,237,185,52,21.9
2026-09-12T00:25:00Z,2026-09-12T02:25:00+02:00,53,dr-robert,407,344,63,15.5
2026-09-12T00:25:00Z,2026-09-12T02:25:00+02:00,54,placa-vella,297,233,64,21.5
2026-09-12T00:25:00Z,2026-09-12T02:25:00+02:00,55,ajuntament-mercat,237,185,52,21.9
2026-09-12T00:26:00Z,2026-09-12T02:26:00+02:00,53,dr-robert,407,344,63,15.5
2026-09-12T00:26:00Z,2026-09-12T02:26:00+02:00,54,placa-vella,297,233,64,21.5
2026-09-12T00:26:00Z,2026-09-12T02:26:00+02:00,55,ajuntament-mercat,237,185,52,21.9
2026-09-12T00:27:00Z,2026-09-12T02:27:00+02:00,53,dr-robert,407,344,63,15.5
2026-09-12T00:27:00Z,2026-09-12T02:27:00+02:00,54,placa-vella,297,233,64,21.5
2026-09-12T00:27:00Z,2026-09-12T02:27:00+02:00,55,ajuntament-mercat,237,185,52,21.9
2026-09-12T00:28:00Z,2026-09-12T02:28:00+02:00,53,dr-robert,407,344,63,15.5
2026-09-12T00:28:00Z,2026-09-12T02:28:00+02:00,54,placa-vella,297,233,64,21.5
2026-09-12T00:28:00Z,2026-09-12T02:28:00+02:00,55,ajuntament-mercat,237,185,52,21.9
2026-09-12T00:29:00Z,2026-09-12T02:29:00+02:00,53,dr-robert,407,344,63,15.5
2026-09-12T00:29:00Z,2026-09-12T02:29:00+02:00,54,placa-vella,297,233,64,21.5
2026-09-12T00:29:00Z,2026-09-12T02:29:00+02:00,55,ajuntament-mercat,237,185,52,21.9
2026-09-12T00:30:00Z,2026-09-12T02:30:00+02:00,53,dr-robert,407,344,63,15.5
2026-09-12T00:30:00Z,2026-09-12T02:30:00+02:00,54,placa-vella,297,233,64,21.5
2026-09-12T00:30:00Z,2026-09-12T02:30:00+02:00,55,ajuntament-mercat,237,185,52,21.9
2026-09-12T00:31:00Z,2026-09-12T02:31:00+02:00,53,dr-robert,407,344,63,15.5
2026-09-12T00:31:00Z,2026-09-12T02:31:00+02:00,54,placa-vella,297,233,64,21.5
2026-09-12T00:31:00Z,2026-09-12T02:31:00+02:00,55,ajuntament-mercat,237,185,52,21.9
2026-09-12T00:32:00Z,2026-09-12T02:32:00+02:00,53,dr-robert,407,344,63,15.5
2026-09-12T00:32:00Z,2026-09-12T02:32:00+02:00,54,placa-vella,297,233,64,21.5
2026-09-12T00:32:00Z,2026-09-12T02:32:00+02:00,55,ajuntament-mercat,237,185,52,21.9
2026-09-12T00:33:00Z,2026-09-12T02:33:00+02:00,53,dr-robert,407,344,63,15.5
2026-09-12T00:33:00Z,2026-09-12T02:33:00+02:00,54,placa-vella,297,233,64,21.5
2026-09-12T00:33:00Z,2026-09-12T02:33:00+02:00,55,ajuntament-mercat,237,185,52,21.9
2026-09-12T00:34:00Z,2026-09-12T02:34:00+02:00,53,dr-robert,407,344,63,15.5
2026-09-12T00:34:00Z,2026-09-12T02:34:00+02:00,54,placa-vella,297,233,64,21.5
2026-09-12T00:34:00Z,2026-09-12T02:34:00+02:00,55,ajuntament-mercat,237,185,52,21.9
2026-09-12T00:35:00Z,2026-09-12T02:35:00+02:00,53,dr-robert,407,344,63,15.5
2026-09-12T00:35:00Z,2026-09-12T02:35:00+02:00,54,placa-vella,297,233,64,21.5
2026-09-12T00:35:00Z,2026-09-12T02:35:00+02:00,55,ajuntament-mercat,237,187,50,21.1
2026-09-12T00:36:00Z,2026-09-12T02:36:00+02:00,53,dr-robert,407,344,63,15.5
2026-09-12T00:36:00Z,2026-09-12T02:36:00+02:00,54,placa-vella,297,233,64,21.5
2026-09-12T00:36:00Z,2026-09-12T02:36:00+02:00,55,ajuntament-mercat,237,187,50,21.1
2026-09-12T00:37:00Z,2026-09-12T02:37:00+02:00,53,dr-robert,407,344,63,15.5
2026-09-12T00:37:00Z,2026-09-12T02:37:00+02:00,54,placa-vella,297,233,64,21.5
2026-09-12T00:37:00Z,2026-09-12T02:37:00+02:00,55,ajuntament-mercat,237,187,50,21.1
2026-09-12T00:38:00Z,2026-09-12T02:38:00+02:00,53,dr-robert,407,344,63,15.5
2026-09-12T00:38:00Z,2026-09-12T02:38:00+02:00,54,placa-vella,297,233,64,21.5
2026-09-12T00:38:00Z,2026-09-12T02:38:00+02:00,55,ajuntament-mercat,237,187,50,21.1
2026-09-12T00:39:00Z,2026-09-12T02:39:00+02:00,53,dr-robert,407,344,63,15.5
2026-09-12T00:39:00Z,2026-09-12T02:39:00+02:00,54,placa-vella,297,233,64,21.5
2026-09-12T00:39:00Z,2026-09-12T02:39:00+02:00,55,ajuntament-mercat,237,187,50,21.1
2026-09-12T00:40:00Z,2026-09-12T02:40:00+02:00,53,dr-robert,407,344,63,15.5
2026-09-12T00:40:00Z,2026-09-12T02:40:00+02:00,54,placa-vella,297,233,64,21.5
2026-09-12T00:40:00Z,2026-09-12T02:40:00+02:00,55,ajuntament-mercat,237,187,50,21.1
2026-09-12T00:41:00Z,2026-09-12T02:41:00+02:00,53,dr-robert,407,344,63,15.5
2026-09-12T00:41:00Z,2026-09-12T02:41:00+02:00,54,placa-vella,297,233,64,21.5
2026-09-12T00:41:00Z,2026-09-12T02:41:00+02:00,55,ajuntament-mercat,237,187,50,21.1
2026-09-12T00:42:00Z,2026-09-12T02:42:00+02:00,53,dr-robert,407,344,63,15.5
2026-09-12T00:42:00Z,2026-09-12T02:42:00+02:00,54,placa-vella,297,233,64,21.5
2026-09-12T00:42:00Z,2026-09-12T02:42:00+02:00,55,ajuntament-mercat,237,187,50,21.1
2026-09-12T00:43:00Z,2026-09-12T02:43:00+02:00,53,dr-robert,407,344,63,15.5
2026-09-12T00:43:00Z,2026-09-12T02:43:00+02:00,54,placa-vella,297,233,64,21.5
2026-09-12T00:43:00Z,2026-09-12T02:43:00+02:00,55,ajuntament-mercat,237,187,50,21.1
2026-09-12T00:44:00Z,2026-09-12T02:44:00+02:00,53,dr-robert,407,344,63,15.5
2026-09-12T00:44:00Z,2026-09-12T02:44:00+02:00,54,placa-vella,297,233,64,21.5
2026-09-12T00:44:00Z,2026-09-12T02:44:00+02:00,55,ajuntament-mercat,237,187,50,21.1
2026-09-12T00:45:00Z,2026-09-12T02:45:00+02:00,53,dr-robert,407,344,63,15.5
2026-09-12T00:45:00Z,2026-09-12T02:45:00+02:00,54,placa-vella,297,233,64,21.5
2026-09-12T00:45:00Z,2026-09-12T02:45:00+02:00,55,ajuntament-mercat,237,187,50,21.1
2026-09-12T00:46:00Z,2026-09-12T02:46:00+02:00,53,dr-robert,407,344,63,15.5
2026-09-12T00:46:00Z,2026-09-12T02:46:00+02:00,54,placa-vella,297,233,64,21.5
2026-09-12T00:46:00Z,2026-09-12T02:46:00+02:00,55,ajuntament-mercat,237,187,50,21.1
2026-09-12T00:47:00Z,2026-09-12T02:47:00+02:00,53,dr-robert,407,344,63,15.5
2026-09-12T00:47:00Z,2026-09-12T02:47:00+02:00,54,placa-vella,297,233,64,21.5
2026-09-12T00:47:00Z,2026-09-12T02:47:00+02:00,55,ajuntament-mercat,237,187,50,21.1
2026-09-12T00:48:00Z,2026-09-12T02:48:00+02:00,53,dr-robert,407,344,63,15.5
2026-09-12T00:48:00Z,2026-09-12T02:48:00+02:00,54,placa-vella,297,233,64,21.5
2026-09-12T00:48:00Z,2026-09-12T02:48:00+02:00,55,ajuntament-mercat,237,187,50,21.1
2026-09-12T00:49:00Z,2026-09-12T02:49:00+02:00,53,dr-robert,407,344,63,15.5
2026-09-12T00:49:00Z,2026-09-12T02:49:00+02:00,54,placa-vella,297,233,64,21.5
2026-09-12T00:49:00Z,2026-09-12T02:49:00+02:00,55,ajuntament-mercat,237,187,50,21.1
2026-09-12T00:50:00Z,2026-09-12T02:50:00+02:00,53,dr-robert,407,344,63,15.5
2026-09-12T00:50:00Z,2026-09-12T02:50:00+02:00,54,placa-vella,297,233,64,21.5
2026-09-12T00:50:00Z,2026-09-12T02:50:00+02:00,55,ajuntament-mercat,237,187,50,21.1
2026-09-12T00:51:00Z,2026-09-12T02:51:00+02:00,53,dr-robert,407,344,63,15.5
2026-09-12T00:51:00Z,2026-09-12T02:51:00+02:00,54,placa-vella,297,233,64,21.5
2026-09-12T00:51:00Z,2026-09-12T02:51:00+02:00,55,ajuntament-mercat,237,187,50,21.1
2026-09-12T00:52:00Z,2026-09-12T02:52:00+02:00,53,dr-robert,407,344,63,15.5
2026-09-12T00:52:00Z,2026-09-12T02:52:00+02:00,54,placa-vella,297,233,64,21.5
2026-09-12T00:52:00Z,2026-09-12T02:52:00+02:00,55,ajuntament-mercat,237,187,50,21.1
2026-09-12T00:53:00Z,2026-09-12T02:53:00+02:00,53,dr-robert,407,344,63,15.5
2026-09-12T00:53:00Z,2026-09-12T02:53:00+02:00,54,placa-vella,297,233,64,21.5
2026-09-12T00:53:00Z,2026-09-12T02:53:00+02:00,55,ajuntament-mercat,237,187,50,21.1
2026-09-12T00:54:00Z,2026-09-12T02:54:00+02:00,53,dr-robert,407,344,63,15.5
2026-09-12T00:54:00Z,2026-09-12T02:54:00+02:00,54,placa-vella,297,233,64,21.5
2026-09-12T00:54:00Z,2026-09-12T02:54:00+02:00,55,ajuntament-mercat,237,187,50,21.1
2026-09-12T00:55:00Z,2026-09-12T02:55:00+02:00,53,dr-robert,407,344,63,15.5
2026-09-12T00:55:00Z,2026-09-12T02:55:00+02:00,54,placa-vella,297,233,64,21.5
2026-09-12T00:55:00Z,2026-09-12T02:55:00+02:00,55,ajuntament-mercat,237,187,50,21.1
2026-09-12T00:56:00Z,2026-09-12T02:56:00+02:00,53,dr-robert,407,344,63,15.5
2026-09-12T00:56:00Z,2026-09-12T02:56:00+02:00,54,placa-vella,297,233,64,21.5
2026-09-12T00:56:00Z,2026-09-12T02:56:00+02:00,55,ajuntament-mercat,237,187,50,21.1
2026-09-12T00:57:00Z,2026-09-12T02:57:00+02:00,53,dr-robert,407,344,63,15.5
2026-09-12T00:57:00Z,2026-09-12T02:57:00+02:00,54,placa-vella,297,233,64,21.5
2026-09-12T00:57:00Z,2026-09-12T02:57:00+02:00,55,ajuntament-mercat,237,187,50,21.1
2026-09-12T00:58:00Z,2026-09-12T02:58:00+02:00,53,dr-robert,407,344,63,15.5
2026-09-12T00:58:00Z,2026-09-12T02:58:00+02:00,54,placa-vella,297,233,64,21.5
2026-09-12T00:58:00Z,2026-09-12T02:58:00+02:00,55,ajuntament-mercat,237,187,50,21.1
2026-09-12T00:59:00Z,2026-09-12T02:59:00+02:00,53,dr-robert,407,344,63,15.5
2026-09-12T00:59:00Z,2026-09-12T02:59:00+02:00,54,placa-vella,297,233,64,21.5
2026-09-12T00:59:00Z,2026-09-12T02:59:00+02:00,55,ajuntament-mercat,237,187,50,21.1
2026-09-12T01:00:00Z,2026-09-12T03:00:00+02:00,53,dr-robert,407,344,63,15.5
2026-09-12T01:00:00Z,2026-09-12T03:00:00+02:00,54,placa-vella,297,233,64,21.5
2026-09-12T01:00:00Z,2026-09-12T03:00:00+02:00,55,ajuntament-mercat,237,187,50,21.1
2026-09-12T01:01:00Z,2026-09-12T03:01:00+02:00,53,dr-robert,407,344,63,15.5
2026-09-12T01:01:00Z,2026-09-12T03:01:00+02:00,54,placa-vella,297,233,64,21.5
2026-09-12T01:01:00Z,2026-09-12T03:01:00+02:00,55,ajuntament-mercat,237,187,50,21.1
2026-09-12T01:02:00Z,2026-09-12T03:02:00+02:00,53,dr-robert,407,344,63,15.5
2026-09-12T01:02:00Z,2026-09-12T03:02:00+02:00,54,placa-vella,297,233,64,21.5
2026-09-12T01:02:00Z,2026-09-12T03:02:00+02:00,55,ajuntament-mercat,237,187,50,21.1
2026-09-12T01:03:00Z,2026-09-12T03:03:00+02:00,53,dr-robert,407,344,63,15.5
2026-09-12T01:03:00Z,2026-09-12T03:03:00+02:00,54,placa-vella,297,233,64,21.5
2026-09-12T01:03:00Z,2026-09-12T03:03:00+02:00,55,ajuntament-mercat,237,187,50,21.1
2026-09-12T01:04:00Z,2026-09-12T03:04:00+02:00,53,dr-robert,407,344,63,15.5
2026-09-12T01:04:00Z,2026-09-12T03:04:00+02:00,54,placa-vella,297,233,64,21.5
2026-09-12T01:04:00Z,2026-09-12T03:04:00+02:00,55,ajuntament-mercat,237,187,50,21.1
2026-09-12T01:05:00Z,2026-09-12T03:05:00+02:00,53,dr-robert,407,344,63,15.5
2026-09-12T01:05:00Z,2026-09-12T03:05:00+02:00,54,placa-vella,297,233,64,21.5
2026-09-12T01:05:00Z,2026-09-12T03:05:00+02:00,55,ajuntament-mercat,237,187,50,21.1
2026-09-12T01:06:00Z,2026-09-12T03:06:00+02:00,53,dr-robert,407,344,63,15.5
2026-09-12T01:06:00Z,2026-09-12T03:06:00+02:00,54,placa-vella,297,233,64,21.5
2026-09-12T01:06:00Z,2026-09-12T03:06:00+02:00,55,ajuntament-mercat,237,187,50,21.1
2026-09-12T01:07:00Z,2026-09-12T03:07:00+02:00,53,dr-robert,407,344,63,15.5
2026-09-12T01:07:00Z,2026-09-12T03:07:00+02:00,54,placa-vella,297,233,64,21.5
2026-09-12T01:07:00Z,2026-09-12T03:07:00+02:00,55,ajuntament-mercat,237,187,50,21.1
2026-09-12T01:08:00Z,2026-09-12T03:08:00+02:00,53,dr-robert,407,344,63,15.5
2026-09-12T01:08:00Z,2026-09-12T03:08:00+02:00,54,placa-vella,297,233,64,21.5
2026-09-12T01:08:00Z,2026-09-12T03:08:00+02:00,55,ajuntament-mercat,237,187,50,21.1
2026-09-12T01:09:00Z,2026-09-12T03:09:00+02:00,53,dr-robert,407,344,63,15.5
2026-09-12T01:09:00Z,2026-09-12T03:09:00+02:00,54,placa-vella,297,233,64,21.5
2026-09-12T01:09:00Z,2026-09-12T03:09:00+02:00,55,ajuntament-mercat,237,187,50,21.1
2026-09-12T01:10:00Z,2026-09-12T03:10:00+02:00,53,dr-robert,407,345,62,15.2
2026-09-12T01:10:00Z,2026-09-12T03:10:00+02:00,54,placa-vella,297,233,64,21.5
2026-09-12T01:10:00Z,2026-09-12T03:10:00+02:00,55,ajuntament-mercat,237,187,50,21.1
2026-09-12T01:11:00Z,2026-09-12T03:11:00+02:00,53,dr-robert,407,345,62,15.2
2026-09-12T01:11:00Z,2026-09-12T03:11:00+02:00,54,placa-vella,297,233,64,21.5
2026-09-12T01:11:00Z,2026-09-12T03:11:00+02:00,55,ajuntament-mercat,237,187,50,21.1
2026-09-12T01:12:00Z,2026-09-12T03:12:00+02:00,53,dr-robert,407,345,62,15.2
2026-09-12T01:12:00Z,2026-09-12T03:12:00+02:00,54,placa-vella,297,233,64,21.5
2026-09-12T01:12:00Z,2026-09-12T03:12:00+02:00,55,ajuntament-mercat,237,187,50,21.1
2026-09-12T01:13:00Z,2026-09-12T03:13:00+02:00,53,dr-robert,407,345,62,15.2
2026-09-12T01:13:00Z,2026-09-12T03:13:00+02:00,54,placa-vella,297,233,64,21.5
2026-09-12T01:13:00Z,2026-09-12T03:13:00+02:00,55,ajuntament-mercat,237,187,50,21.1
2026-09-12T01:14:00Z,2026-09-12T03:14:00+02:00,53,dr-robert,407,345,62,15.2
2026-09-12T01:14:00Z,2026-09-12T03:14:00+02:00,54,placa-vella,297,233,64,21.5
2026-09-12T01:14:00Z,2026-09-12T03:14:00+02:00,55,ajuntament-mercat,237,187,50,21.1
2026-09-12T01:15:00Z,2026-09-12T03:15:00+02:00,53,dr-robert,407,345,62,15.2
2026-09-12T01:15:00Z,2026-09-12T03:15:00+02:00,54,placa-vella,297,233,64,21.5
2026-09-12T01:15:00Z,2026-09-12T03:15:00+02:00,55,ajuntament-mercat,237,187,50,21.1
2026-09-12T01:16:00Z,2026-09-12T03:16:00+02:00,53,dr-robert,407,345,62,15.2
2026-09-12T01:16:00Z,2026-09-12T03:16:00+02:00,54,placa-vella,297,233,64,21.5
2026-09-12T01:16:00Z,2026-09-12T03:16:00+02:00,55,ajuntament-mercat,237,187,50,21.1
2026-09-12T01:17:00Z,2026-09-12T03:17:00+02:00,53,dr-robert,407,345,62,15.2
2026-09-12T01:17:00Z,2026-09-12T03:17:00+02:00,54,placa-vella,297,233,64,21.5
2026-09-12T01:17:00Z,2026-09-12T03:17:00+02:00,55,ajuntament-mercat,237,187,50,21.1
2026-09-12T01:18:00Z,2026-09-12T03:18:00+02:00,53,dr-robert,407,345,62,15.2
2026-09-12T01:18:00Z,2026-09-12T03:18:00+02:00,54,placa-vella,297,233,64,21.5
2026-09-12T01:18:00Z,2026-09-12T03:18:00+02:00,55,ajuntament-mercat,237,187,50,21.1
2026-09-12T01:19:00Z,2026-09-12T03:19:00+02:00,53,dr-robert,407,345,62,15.2
2026-09-12T01:19:00Z,2026-09-12T03:19:00+02:00,54,placa-vella,297,233,64,21.5
2026-09-12T01:19:00Z,2026-09-12T03:19:00+02:00,55,ajuntament-mercat,237,187,50,21.1
2026-09-12T01:20:00Z,2026-09-12T03:20:00+02:00,53,dr-robert,407,344,63,15.5
2026-09-12T01:20:00Z,2026-09-12T03:20:00+02:00,54,placa-vella,297,232,65,21.9
2026-09-12T01:20:00Z,2026-09-12T03:20:00+02:00,55,ajuntament-mercat,237,187,50,21.1
2026-09-12T01:21:00Z,2026-09-12T03:21:00+02:00,53,dr-robert,407,344,63,15.5
2026-09-12T01:21:00Z,2026-09-12T03:21:00+02:00,54,placa-vella,297,232,65,21.9
2026-09-12T01:21:00Z,2026-09-12T03:21:00+02:00,55,ajuntament-mercat,237,187,50,21.1
2026-09-12T01:22:00Z,2026-09-12T03:22:00+02:00,53,dr-robert,407,344,63,15.5
2026-09-12T01:22:00Z,2026-09-12T03:22:00+02:00,54,placa-vella,297,232,65,21.9
2026-09-12T01:22:00Z,2026-09-12T03:22:00+02:00,55,ajuntament-mercat,237,187,50,21.1
2026-09-12T01:23:00Z,2026-09-12T03:23:00+02:00,53,dr-robert,407,344,63,15.5
2026-09-12T01:23:00Z,2026-09-12T03:23:00+02:00,54,placa-vella,297,232,65,21.9
2026-09-12T01:23:00Z,2026-09-12T03:23:00+02:00,55,ajuntament-mercat,237,187,50,21.1
2026-09-12T01:24:00Z,2026-09-12T03:24:00+02:00,53,dr-robert,407,344,63,15.5
2026-09-12T01:24:00Z,2026-09-12T03:24:00+02:00,54,placa-vella,297,232,65,21.9
2026-09-12T01:24:00Z,2026-09-12T03:24:00+02:00,55,ajuntament-mercat,237,187,50,21.1
2026-09-12T01:25:00Z,2026-09-12T03:25:00+02:00,53,dr-robert,407,344,63,15.5
2026-09-12T01:25:00Z,2026-09-12T03:25:00+02:00,54,placa-vella,297,232,65,21.9
2026-09-12T01:25:00Z,2026-09-12T03:25:00+02:00,55,ajuntament-mercat,237,187,50,21.1
2026-09-12T01:26:00Z,2026-09-12T03:26:00+02:00,53,dr-robert,407,344,63,15.5
2026-09-12T01:26:00Z,2026-09-12T03:26:00+02:00,54,placa-vella,297,232,65,21.9
2026-09-12T01:26:00Z,2026-09-12T03:26:00+02:00,55,ajuntament-mercat,237,187,50,21.1
2026-09-12T01:27:00Z,2026-09-12T03:27:00+02:00,53,dr-robert,407,344,63,15.5
2026-09-12T01:27:00Z,2026-09-12T03:27:00+02:00,54,placa-vella,297,232,65,21.9
2026-09-12T01:27:00Z,2026-09-12T03:27:00+02:00,55,ajuntament-mercat,237,187,50,21.1
2026-09-12T01:28:00Z,2026-09-12T03:28:00+02:00,53,dr-robert,407,344,63,15.5
2026-09-12T01:28:00Z,2026-09-12T03:28:00+02:00,54,placa-vella,297,232,65,21.9
2026-09-12T01:28:00Z,2026-09-12T03:28:00+02:00,55,ajuntament-mercat,237,187,50,21.1
2026-09-12T01:29:00Z,2026-09-12T03:29:00+02:00,53,dr-robert,407,344,63,15.5
2026-09-12T01:29:00Z,2026-09-12T03:29:00+02:00,54,placa-vella,297,232,65,21.9
2026-09-12T01:29:00Z,2026-09-12T03:29:00+02:00,55,ajuntament-mercat,237,187,50,21.1
2026-09-12T01:30:00Z,2026-09-12T03:30:00+02:00,53,dr-robert,407,343,64,15.7
2026-09-12T01:30:00Z,2026-09-12T03:30:00+02:00,54,placa-vella,297,232,65,21.9
2026-09-12T01:30:00Z,2026-09-12T03:30:00+02:00,55,ajuntament-mercat,237,187,50,21.1
2026-09-12T01:31:00Z,2026-09-12T03:31:00+02:00,53,dr-robert,407,343,64,15.7
2026-09-12T01:31:00Z,2026-09-12T03:31:00+02:00,54,placa-vella,297,232,65,21.9
2026-09-12T01:31:00Z,2026-09-12T03:31:00+02:00,55,ajuntament-mercat,237,187,50,21.1
2026-09-12T01:32:00Z,2026-09-12T03:32:00+02:00,53,dr-robert,407,343,64,15.7
2026-09-12T01:32:00Z,2026-09-12T03:32:00+02:00,54,placa-vella,297,232,65,21.9
2026-09-12T01:32:00Z,2026-09-12T03:32:00+02:00,55,ajuntament-mercat,237,187,50,21.1
2026-09-12T01:33:00Z,2026-09-12T03:33:00+02:00,53,dr-robert,407,343,64,15.7
2026-09-12T01:33:00Z,2026-09-12T03:33:00+02:00,54,placa-vella,297,232,65,21.9
2026-09-12T01:33:00Z,2026-09-12T03:33:00+02:00,55,ajuntament-mercat,237,187,50,21.1
2026-09-12T01:34:00Z,2026-09-12T03:34:00+02:00,53,dr-robert,407,343,64,15.7
2026-09-12T01:34:00Z,2026-09-12T03:34:00+02:00,54,placa-vella,297,232,65,21.9
2026-09-12T01:34:00Z,2026-09-12T03:34:00+02:00,55,ajuntament-mercat,237,187,50,21.1
2026-09-12T01:35:00Z,2026-09-12T03:35:00+02:00,53,dr-robert,407,344,63,15.5
2026-09-12T01:35:00Z,2026-09-12T03:35:00+02:00,54,placa-vella,297,232,65,21.9
2026-09-12T01:35:00Z,2026-09-12T03:35:00+02:00,55,ajuntament-mercat,237,187,50,21.1
2026-09-12T01:36:00Z,2026-09-12T03:36:00+02:00,53,dr-robert,407,344,63,15.5
2026-09-12T01:36:00Z,2026-09-12T03:36:00+02:00,54,placa-vella,297,232,65,21.9
2026-09-12T01:36:00Z,2026-09-12T03:36:00+02:00,55,ajuntament-mercat,237,187,50,21.1
2026-09-12T01:37:00Z,2026-09-12T03:37:00+02:00,53,dr-robert,407,344,63,15.5
2026-09-12T01:37:00Z,2026-09-12T03:37:00+02:00,54,placa-vella,297,232,65,21.9
2026-09-12T01:37:00Z,2026-09-12T03:37:00+02:00,55,ajuntament-mercat,237,187,50,21.1
2026-09-12T01:38:00Z,2026-09-12T03:38:00+02:00,53,dr-robert,407,344,63,15.5
2026-09-12T01:38:00Z,2026-09-12T03:38:00+02:00,54,placa-vella,297,232,65,21.9
2026-09-12T01:38:00Z,2026-09-12T03:38:00+02:00,55,ajuntament-mercat,237,187,50,21.1
2026-09-12T01:39:00Z,2026-09-12T03:39:00+02:00,53,dr-robert,407,344,63,15.5
2026-09-12T01:39:00Z,2026-09-12T03:39:00+02:00,54,placa-vella,297,232,65,21.9
2026-09-12T01:39:00Z,2026-09-12T03:39:00+02:00,55,ajuntament-mercat,237,187,50,21.1
2026-09-12T01:40:00Z,2026-09-12T03:40:00+02:00,53,dr-robert,407,344,63,15.5
2026-09-12T01:40:00Z,2026-09-12T03:40:00+02:00,54,placa-vella,297,232,65,21.9
2026-09-12T01:40:00Z,2026-09-12T03:40:00+02:00,55,ajuntament-mercat,237,187,50,21.1
2026-09-12T01:41:00Z,2026-09-12T03:41:00+02:00,53,dr-robert,407,344,63,15.5
2026-09-12T01:41:00Z,2026-09-12T03:41:00+02:00,54,placa-vella,297,232,65,21.9
2026-09-12T01:41:00Z,2026-09-12T03:41:00+02:00,55,ajuntament-mercat,237,187,50,21.1
2026-09-12T01:42:00Z,2026-09-12T03:42:00+02:00,53,dr-robert,407,344,63,15.5
2026-09-12T01:42:00Z,2026-09-12T03:42:00+02:00,54,placa-vella,297,232,65,21.9
2026-09-12T01:42:00Z,2026-09-12T03:42:00+02:00,55,ajuntament-mercat,237,187,50,21.1
2026-09-12T01:43:00Z,2026-09-12T03:43:00+02:00,53,dr-robert,407,344,63,15.5
2026-09-12T01:43:00Z,2026-09-12T03:43:00+02:00,54,placa-vella,297,232,65,21.9
2026-09-12T01:43:00Z,2026-09-12T03:43:00+02:00,55,ajuntament-mercat,237,187,50,21.1
2026-09-12T01:44:00Z,2026-09-12T03:44:00+02:00,53,dr-robert,407,344,63,15.5
2026-09-12T01:44:00Z,2026-09-12T03:44:00+02:00,54,placa-vella,297,232,65,21.9
2026-09-12T01:44:00Z,2026-09-12T03:44:00+02:00,55,ajuntament-mercat,237,187,50,21.1
2026-09-12T01:45:00Z,2026-09-12T03:45:00+02:00,53,dr-robert,407,344,63,15.5
2026-09-12T01:45:00Z,2026-09-12T03:45:00+02:00,54,placa-vella,297,232,65,21.9
2026-09-12T01:45:00Z,2026-09-12T03:45:00+02:00,55,ajuntament-mercat,237,187,50,21.1
2026-09-12T01:46:00Z,2026-09-12T03:46:00+02:00,53,dr-robert,407,344,63,15.5
2026-09-12T01:46:00Z,2026-09-12T03:46:00+02:00,54,placa-vella,297,232,65,21.9
2026-09-12T01:46:00Z,2026-09-12T03:46:00+02:00,55,ajuntament-mercat,237,187,50,21.1
2026-09-12T01:47:00Z,2026-09-12T03:47:00+02:00,53,dr-robert,407,344,63,15.5
2026-09-12T01:47:00Z,2026-09-12T03:47:00+02:00,54,placa-vella,297,232,65,21.9
2026-09-12T01:47:00Z,2026-09-12T03:47:00+02:00,55,ajuntament-mercat,237,187,50,21.1
2026-09-12T01:48:00Z,2026-09-12T03:48:00+02:00,53,dr-robert,407,344,63,15.5
2026-09-12T01:48:00Z,2026-09-12T03:48:00+02:00,54,placa-vella,297,232,65,21.9
2026-09-12T01:48:00Z,2026-09-12T03:48:00+02:00,55,ajuntament-mercat,237,187,50,21.1
2026-09-12T01:49:00Z,2026-09-12T03:49:00+02:00,53,dr-robert,407,344,63,15.5
2026-09-12T01:49:00Z,2026-09-12T03:49:00+02:00,54,placa-vella,297,232,65,21.9
2026-09-12T01:49:00Z,2026-09-12T03:49:00+02:00,55,ajuntament-mercat,237,187,50,21.1
2026-09-12T01:50:00Z,2026-09-12T03:50:00+02:00,53,dr-robert,407,344,63,15.5
2026-09-12T01:50:00Z,2026-09-12T03:50:00+02:00,54,placa-vella,297,232,65,21.9
2026-09-12T01:50:00Z,2026-09-12T03:50:00+02:00,55,ajuntament-mercat,237,187,50,21.1
2026-09-12T01:51:00Z,2026-09-12T03:51:00+02:00,53,dr-robert,407,344,63,15.5
2026-09-12T01:51:00Z,2026-09-12T03:51:00+02:00,54,placa-vella,297,232,65,21.9
2026-09-12T01:51:00Z,2026-09-12T03:51:00+02:00,55,ajuntament-mercat,237,187,50,21.1
2026-09-12T01:52:00Z,2026-09-12T03:52:00+02:00,53,dr-robert,407,344,63,15.5
2026-09-12T01:52:00Z,2026-09-12T03:52:00+02:00,54,placa-vella,297,232,65,21.9
2026-09-12T01:52:00Z,2026-09-12T03:52:00+02:00,55,ajuntament-mercat,237,187,50,21.1
2026-09-12T01:53:00Z,2026-09-12T03:53:00+02:00,53,dr-robert,407,344,63,15.5
2026-09-12T01:53:00Z,2026-09-12T03:53:00+02:00,54,placa-vella,297,232,65,21.9
2026-09-12T01:53:00Z,2026-09-12T03:53:00+02:00,55,ajuntament-mercat,237,187,50,21.1
2026-09-12T01:54:00Z,2026-09-12T03:54:00+02:00,53,dr-robert,407,344,63,15.5
2026-09-12T01:54:00Z,2026-09-12T03:54:00+02:00,54,placa-vella,297,232,65,21.9
2026-09-12T01:54:00Z,2026-09-12T03:54:00+02:00,55,ajuntament-mercat,237,187,50,21.1
2026-09-12T01:55:00Z,2026-09-12T03:55:00+02:00,53,dr-robert,407,344,63,15.5
2026-09-12T01:55:00Z,2026-09-12T03:55:00+02:00,54,placa-vella,297,232,65,21.9
2026-09-12T01:55:00Z,2026-09-12T03:55:00+02:00,55,ajuntament-mercat,237,187,50,21.1
2026-09-12T01:56:00Z,2026-09-12T03:56:00+02:00,53,dr-robert,407,344,63,15.5
2026-09-12T01:56:00Z,2026-09-12T03:56:00+02:00,54,placa-vella,297,232,65,21.9
2026-09-12T01:56:00Z,2026-09-12T03:56:00+02:00,55,ajuntament-mercat,237,187,50,21.1
2026-09-12T01:57:00Z,2026-09-12T03:57:00+02:00,53,dr-robert,407,344,63,15.5
2026-09-12T01:57:00Z,2026-09-12T03:57:00+02:00,54,placa-vella,297,232,65,21.9
2026-09-12T01:57:00Z,2026-09-12T03:57:00+02:00,55,ajuntament-mercat,237,187,50,21.1
2026-09-12T01:58:00Z,2026-09-12T03:58:00+02:00,53,dr-robert,407,344,63,15.5
2026-09-12T01:58:00Z,2026-09-12T03:58:00+02:00,54,placa-vella,297,232,65,21.9
2026-09-12T01:58:00Z,2026-09-12T03:58:00+02:00,55,ajuntament-mercat,237,187,50,21.1
2026-09-12T01:59:00Z,2026-09-12T03:59:00+02:00,53,dr-robert,407,344,63,15.5
2026-09-12T01:59:00Z,2026-09-12T03:59:00+02:00,54,placa-vella,297,232,65,21.9
2026-09-12T01:59:00Z,2026-09-12T03:59:00+02:00,55,ajuntament-mercat,237,187,50,21.1
2026-09-12T02:00:00Z,2026-09-12T04:00:00+02:00,53,dr-robert,407,344,63,15.5
2026-09-12T02:00:00Z,2026-09-12T04:00:00+02:00,54,placa-vella,297,232,65,21.9
2026-09-12T02:00:00Z,2026-09-12T04:00:00+02:00,55,ajuntament-mercat,237,187,50,21.1
2026-09-12T02:01:00Z,2026-09-12T04:01:00+02:00,53,dr-robert,407,344,63,15.5
2026-09-12T02:01:00Z,2026-09-12T04:01:00+02:00,54,placa-vella,297,232,65,21.9
2026-09-12T02:01:00Z,2026-09-12T04:01:00+02:00,55,ajuntament-mercat,237,187,50,21.1
2026-09-12T02:02:00Z,2026-09-12T04:02:00+02:00,53,dr-robert,407,344,63,15.5
2026-09-12T02:02:00Z,2026-09-12T04:02:00+02:00,54,placa-vella,297,232,65,21.9
2026-09-12T02:02:00Z,2026-09-12T04:02:00+02:00,55,ajuntament-mercat,237,187,50,21.1
2026-09-12T02:03:00Z,2026-09-12T04:03:00+02:00,53,dr-robert,407,344,63,15.5
2026-09-12T02:03:00Z,2026-09-12T04:03:00+02:00,54,placa-vella,297,231,66,22.2
2026-09-12T02:03:00Z,2026-09-12T04:03:00+02:00,55,ajuntament-mercat,237,187,50,21.1
2026-09-12T02:04:00Z,2026-09-12T04:04:00+02:00,53,dr-robert,407,344,63,15.5
2026-09-12T02:04:00Z,2026-09-12T04:04:00+02:00,54,placa-vella,297,231,66,22.2
2026-09-12T02:04:00Z,2026-09-12T04:04:00+02:00,55,ajuntament-mercat,237,187,50,21.1
2026-09-12T02:05:00Z,2026-09-12T04:05:00+02:00,53,dr-robert,407,344,63,15.5
2026-09-12T02:05:00Z,2026-09-12T04:05:00+02:00,54,placa-vella,297,231,66,22.2
2026-09-12T02:05:00Z,2026-09-12T04:05:00+02:00,55,ajuntament-mercat,237,187,50,21.1
2026-09-12T02:06:00Z,2026-09-12T04:06:00+02:00,53,dr-robert,407,344,63,15.5
2026-09-12T02:06:00Z,2026-09-12T04:06:00+02:00,54,placa-vella,297,231,66,22.2
2026-09-12T02:06:00Z,2026-09-12T04:06:00+02:00,55,ajuntament-mercat,237,187,50,21.1
2026-09-12T02:07:00Z,2026-09-12T04:07:00+02:00,53,dr-robert,407,344,63,15.5
2026-09-12T02:07:00Z,2026-09-12T04:07:00+02:00,54,placa-vella,297,231,66,22.2
2026-09-12T02:07:00Z,2026-09-12T04:07:00+02:00,55,ajuntament-mercat,237,187,50,21.1
2026-09-12T02:08:00Z,2026-09-12T04:08:00+02:00,53,dr-robert,407,344,63,15.5
2026-09-12T02:08:00Z,2026-09-12T04:08:00+02:00,54,placa-vella,297,231,66,22.2
2026-09-12T02:08:00Z,2026-09-12T04:08:00+02:00,55,ajuntament-mercat,237,187,50,21.1
2026-09-12T02:09:00Z,2026-09-12T04:09:00+02:00,53,dr-robert,407,344,63,15.5
2026-09-12T02:09:00Z,2026-09-12T04:09:00+02:00,54,placa-vella,297,231,66,22.2
2026-09-12T02:09:00Z,2026-09-12T04:09:00+02:00,55,ajuntament-mercat,237,187,50,21.1
2026-09-12T02:10:00Z,2026-09-12T04:10:00+02:00,53,dr-robert,407,343,64,15.7
2026-09-12T02:10:00Z,2026-09-12T04:10:00+02:00,54,placa-vella,297,231,66,22.2
2026-09-12T02:10:00Z,2026-09-12T04:10:00+02:00,55,ajuntament-mercat,237,187,50,21.1
2026-09-12T02:11:00Z,2026-09-12T04:11:00+02:00,53,dr-robert,407,343,64,15.7
2026-09-12T02:11:00Z,2026-09-12T04:11:00+02:00,54,placa-vella,297,231,66,22.2
2026-09-12T02:11:00Z,2026-09-12T04:11:00+02:00,55,ajuntament-mercat,237,187,50,21.1
2026-09-12T02:12:00Z,2026-09-12T04:12:00+02:00,53,dr-robert,407,343,64,15.7
2026-09-12T02:12:00Z,2026-09-12T04:12:00+02:00,54,placa-vella,297,231,66,22.2
2026-09-12T02:12:00Z,2026-09-12T04:12:00+02:00,55,ajuntament-mercat,237,187,50,21.1
2026-09-12T02:13:00Z,2026-09-12T04:13:00+02:00,53,dr-robert,407,343,64,15.7
2026-09-12T02:13:00Z,2026-09-12T04:13:00+02:00,54,placa-vella,297,231,66,22.2
2026-09-12T02:13:00Z,2026-09-12T04:13:00+02:00,55,ajuntament-mercat,237,187,50,21.1
2026-09-12T02:14:00Z,2026-09-12T04:14:00+02:00,53,dr-robert,407,343,64,15.7
2026-09-12T02:14:00Z,2026-09-12T04:14:00+02:00,54,placa-vella,297,231,66,22.2
2026-09-12T02:14:00Z,2026-09-12T04:14:00+02:00,55,ajuntament-mercat,237,187,50,21.1
2026-09-12T02:15:00Z,2026-09-12T04:15:00+02:00,53,dr-robert,407,342,65,16
2026-09-12T02:15:00Z,2026-09-12T04:15:00+02:00,54,placa-vella,297,231,66,22.2
2026-09-12T02:15:00Z,2026-09-12T04:15:00+02:00,55,ajuntament-mercat,237,187,50,21.1
2026-09-12T02:16:00Z,2026-09-12T04:16:00+02:00,53,dr-robert,407,342,65,16
2026-09-12T02:16:00Z,2026-09-12T04:16:00+02:00,54,placa-vella,297,231,66,22.2
2026-09-12T02:16:00Z,2026-09-12T04:16:00+02:00,55,ajuntament-mercat,237,187,50,21.1
2026-09-12T02:17:00Z,2026-09-12T04:17:00+02:00,53,dr-robert,407,342,65,16
2026-09-12T02:17:00Z,2026-09-12T04:17:00+02:00,54,placa-vella,297,231,66,22.2
2026-09-12T02:17:00Z,2026-09-12T04:17:00+02:00,55,ajuntament-mercat,237,187,50,21.1
2026-09-12T02:18:00Z,2026-09-12T04:18:00+02:00,53,dr-robert,407,342,65,16
2026-09-12T02:18:00Z,2026-09-12T04:18:00+02:00,54,placa-vella,297,231,66,22.2
2026-09-12T02:18:00Z,2026-09-12T04:18:00+02:00,55,ajuntament-mercat,237,187,50,21.1
2026-09-12T02:19:00Z,2026-09-12T04:19:00+02:00,53,dr-robert,407,342,65,16
2026-09-12T02:19:00Z,2026-09-12T04:19:00+02:00,54,placa-vella,297,231,66,22.2
2026-09-12T02:19:00Z,2026-09-12T04:19:00+02:00,55,ajuntament-mercat,237,187,50,21.1
2026-09-12T02:20:00Z,2026-09-12T04:20:00+02:00,53,dr-robert,407,342,65,16
2026-09-12T02:20:00Z,2026-09-12T04:20:00+02:00,54,placa-vella,297,231,66,22.2
2026-09-12T02:20:00Z,2026-09-12T04:20:00+02:00,55,ajuntament-mercat,237,187,50,21.1
2026-09-12T02:21:00Z,2026-09-12T04:21:00+02:00,53,dr-robert,407,342,65,16
2026-09-12T02:21:00Z,2026-09-12T04:21:00+02:00,54,placa-vella,297,231,66,22.2
2026-09-12T02:21:00Z,2026-09-12T04:21:00+02:00,55,ajuntament-mercat,237,187,50,21.1
2026-09-12T02:22:00Z,2026-09-12T04:22:00+02:00,53,dr-robert,407,342,65,16
2026-09-12T02:22:00Z,2026-09-12T04:22:00+02:00,54,placa-vella,297,231,66,22.2
2026-09-12T02:22:00Z,2026-09-12T04:22:00+02:00,55,ajuntament-mercat,237,187,50,21.1
2026-09-12T02:23:00Z,2026-09-12T04:23:00+02:00,53,dr-robert,407,342,65,16
2026-09-12T02:23:00Z,2026-09-12T04:23:00+02:00,54,placa-vella,297,231,66,22.2
2026-09-12T02:23:00Z,2026-09-12T04:23:00+02:00,55,ajuntament-mercat,237,187,50,21.1
2026-09-12T02:24:00Z,2026-09-12T04:24:00+02:00,53,dr-robert,407,342,65,16
2026-09-12T02:24:00Z,2026-09-12T04:24:00+02:00,54,placa-vella,297,231,66,22.2
2026-09-12T02:24:00Z,2026-09-12T04:24:00+02:00,55,ajuntament-mercat,237,187,50,21.1
2026-09-12T02:25:00Z,2026-09-12T04:25:00+02:00,53,dr-robert,407,342,65,16
2026-09-12T02:25:00Z,2026-09-12T04:25:00+02:00,54,placa-vella,297,232,65,21.9
2026-09-12T02:25:00Z,2026-09-12T04:25:00+02:00,55,ajuntament-mercat,237,187,50,21.1
2026-09-12T02:26:00Z,2026-09-12T04:26:00+02:00,53,dr-robert,407,342,65,16
2026-09-12T02:26:00Z,2026-09-12T04:26:00+02:00,54,placa-vella,297,232,65,21.9
2026-09-12T02:26:00Z,2026-09-12T04:26:00+02:00,55,ajuntament-mercat,237,187,50,21.1
2026-09-12T02:27:00Z,2026-09-12T04:27:00+02:00,53,dr-robert,407,342,65,16
2026-09-12T02:27:00Z,2026-09-12T04:27:00+02:00,54,placa-vella,297,232,65,21.9
2026-09-12T02:27:00Z,2026-09-12T04:27:00+02:00,55,ajuntament-mercat,237,187,50,21.1
2026-09-12T02:28:00Z,2026-09-12T04:28:00+02:00,53,dr-robert,407,342,65,16
2026-09-12T02:28:00Z,2026-09-12T04:28:00+02:00,54,placa-vella,297,232,65,21.9
2026-09-12T02:28:00Z,2026-09-12T04:28:00+02:00,55,ajuntament-mercat,237,187,50,21.1
2026-09-12T02:29:00Z,2026-09-12T04:29:00+02:00,53,dr-robert,407,342,65,16
2026-09-12T02:29:00Z,2026-09-12T04:29:00+02:00,54,placa-vella,297,232,65,21.9
2026-09-12T02:29:00Z,2026-09-12T04:29:00+02:00,55,ajuntament-mercat,237,187,50,21.1
2026-09-12T02:30:00Z,2026-09-12T04:30:00+02:00,53,dr-robert,407,342,65,16
2026-09-12T02:30:00Z,2026-09-12T04:30:00+02:00,54,placa-vella,297,232,65,21.9
2026-09-12T02:30:00Z,2026-09-12T04:30:00+02:00,55,ajuntament-mercat,237,187,50,21.1
2026-09-12T02:31:00Z,2026-09-12T04:31:00+02:00,53,dr-robert,407,342,65,16
2026-09-12T02:31:00Z,2026-09-12T04:31:00+02:00,54,placa-vella,297,232,65,21.9
2026-09-12T02:31:00Z,2026-09-12T04:31:00+02:00,55,ajuntament-mercat,237,187,50,21.1
2026-09-12T02:32:00Z,2026-09-12T04:32:00+02:00,53,dr-robert,407,342,65,16
2026-09-12T02:32:00Z,2026-09-12T04:32:00+02:00,54,placa-vella,297,232,65,21.9
2026-09-12T02:32:00Z,2026-09-12T04:32:00+02:00,55,ajuntament-mercat,237,187,50,21.1
2026-09-12T02:33:00Z,2026-09-12T04:33:00+02:00,53,dr-robert,407,342,65,16
2026-09-12T02:33:00Z,2026-09-12T04:33:00+02:00,54,placa-vella,297,232,65,21.9
2026-09-12T02:33:00Z,2026-09-12T04:33:00+02:00,55,ajuntament-mercat,237,187,50,21.1
2026-09-12T02:34:00Z,2026-09-12T04:34:00+02:00,53,dr-robert,407,342,65,16
2026-09-12T02:34:00Z,2026-09-12T04:34:00+02:00,54,placa-vella,297,232,65,21.9
2026-09-12T02:34:00Z,2026-09-12T04:34:00+02:00,55,ajuntament-mercat,237,187,50,21.1
2026-09-12T02:35:00Z,2026-09-12T04:35:00+02:00,53,dr-robert,407,342,65,16
2026-09-12T02:35:00Z,2026-09-12T04:35:00+02:00,54,placa-vella,297,232,65,21.9
2026-09-12T02:35:00Z,2026-09-12T04:35:00+02:00,55,ajuntament-mercat,237,187,50,21.1
2026-09-12T02:36:00Z,2026-09-12T04:36:00+02:00,53,dr-robert,407,342,65,16
2026-09-12T02:36:00Z,2026-09-12T04:36:00+02:00,54,placa-vella,297,232,65,21.9
2026-09-12T02:36:00Z,2026-09-12T04:36:00+02:00,55,ajuntament-mercat,237,187,50,21.1
2026-09-12T02:37:00Z,2026-09-12T04:37:00+02:00,53,dr-robert,407,342,65,16
2026-09-12T02:37:00Z,2026-09-12T04:37:00+02:00,54,placa-vella,297,232,65,21.9
2026-09-12T02:37:00Z,2026-09-12T04:37:00+02:00,55,ajuntament-mercat,237,187,50,21.1
2026-09-12T02:38:00Z,2026-09-12T04:38:00+02:00,53,dr-robert,407,342,65,16
2026-09-12T02:38:00Z,2026-09-12T04:38:00+02:00,54,placa-vella,297,232,65,21.9
2026-09-12T02:38:00Z,2026-09-12T04:38:00+02:00,55,ajuntament-mercat,237,187,50,21.1
2026-09-12T02:39:00Z,2026-09-12T04:39:00+02:00,53,dr-robert,407,342,65,16
2026-09-12T02:39:00Z,2026-09-12T04:39:00+02:00,54,placa-vella,297,232,65,21.9
2026-09-12T02:39:00Z,2026-09-12T04:39:00+02:00,55,ajuntament-mercat,237,187,50,21.1
2026-09-12T02:40:00Z,2026-09-12T04:40:00+02:00,53,dr-robert,407,343,64,15.7
2026-09-12T02:40:00Z,2026-09-12T04:40:00+02:00,54,placa-vella,297,232,65,21.9
2026-09-12T02:40:00Z,2026-09-12T04:40:00+02:00,55,ajuntament-mercat,237,187,50,21.1
2026-09-12T02:41:00Z,2026-09-12T04:41:00+02:00,53,dr-robert,407,343,64,15.7
2026-09-12T02:41:00Z,2026-09-12T04:41:00+02:00,54,placa-vella,297,232,65,21.9
2026-09-12T02:41:00Z,2026-09-12T04:41:00+02:00,55,ajuntament-mercat,237,187,50,21.1
2026-09-12T02:42:00Z,2026-09-12T04:42:00+02:00,53,dr-robert,407,343,64,15.7
2026-09-12T02:42:00Z,2026-09-12T04:42:00+02:00,54,placa-vella,297,232,65,21.9
2026-09-12T02:42:00Z,2026-09-12T04:42:00+02:00,55,ajuntament-mercat,237,187,50,21.1
2026-09-12T02:43:00Z,2026-09-12T04:43:00+02:00,53,dr-robert,407,343,64,15.7
2026-09-12T02:43:00Z,2026-09-12T04:43:00+02:00,54,placa-vella,297,232,65,21.9
2026-09-12T02:43:00Z,2026-09-12T04:43:00+02:00,55,ajuntament-mercat,237,187,50,21.1
2026-09-12T02:44:00Z,2026-09-12T04:44:00+02:00,53,dr-robert,407,343,64,15.7
2026-09-12T02:44:00Z,2026-09-12T04:44:00+02:00,54,placa-vella,297,232,65,21.9
2026-09-12T02:44:00Z,2026-09-12T04:44:00+02:00,55,ajuntament-mercat,237,187,50,21.1
2026-09-12T02:45:00Z,2026-09-12T04:45:00+02:00,53,dr-robert,407,341,66,16.2
2026-09-12T02:45:00Z,2026-09-12T04:45:00+02:00,54,placa-vella,297,232,65,21.9
2026-09-12T02:45:00Z,2026-09-12T04:45:00+02:00,55,ajuntament-mercat,237,187,50,21.1
2026-09-12T02:46:00Z,2026-09-12T04:46:00+02:00,53,dr-robert,407,341,66,16.2
2026-09-12T02:46:00Z,2026-09-12T04:46:00+02:00,54,placa-vella,297,232,65,21.9
2026-09-12T02:46:00Z,2026-09-12T04:46:00+02:00,55,ajuntament-mercat,237,187,50,21.1
2026-09-12T02:47:00Z,2026-09-12T04:47:00+02:00,53,dr-robert,407,341,66,16.2
2026-09-12T02:47:00Z,2026-09-12T04:47:00+02:00,54,placa-vella,297,232,65,21.9
2026-09-12T02:47:00Z,2026-09-12T04:47:00+02:00,55,ajuntament-mercat,237,187,50,21.1
2026-09-12T02:48:00Z,2026-09-12T04:48:00+02:00,53,dr-robert,407,341,66,16.2
2026-09-12T02:48:00Z,2026-09-12T04:48:00+02:00,54,placa-vella,297,232,65,21.9
2026-09-12T02:48:00Z,2026-09-12T04:48:00+02:00,55,ajuntament-mercat,237,187,50,21.1
2026-09-12T02:49:00Z,2026-09-12T04:49:00+02:00,53,dr-robert,407,341,66,16.2
2026-09-12T02:49:00Z,2026-09-12T04:49:00+02:00,54,placa-vella,297,232,65,21.9
2026-09-12T02:49:00Z,2026-09-12T04:49:00+02:00,55,ajuntament-mercat,237,187,50,21.1
2026-09-12T02:50:00Z,2026-09-12T04:50:00+02:00,53,dr-robert,407,341,66,16.2
2026-09-12T02:50:00Z,2026-09-12T04:50:00+02:00,54,placa-vella,297,232,65,21.9
2026-09-12T02:50:00Z,2026-09-12T04:50:00+02:00,55,ajuntament-mercat,237,187,50,21.1
2026-09-12T02:51:00Z,2026-09-12T04:51:00+02:00,53,dr-robert,407,341,66,16.2
2026-09-12T02:51:00Z,2026-09-12T04:51:00+02:00,54,placa-vella,297,232,65,21.9
2026-09-12T02:51:00Z,2026-09-12T04:51:00+02:00,55,ajuntament-mercat,237,187,50,21.1
2026-09-12T02:52:00Z,2026-09-12T04:52:00+02:00,53,dr-robert,407,341,66,16.2
2026-09-12T02:52:00Z,2026-09-12T04:52:00+02:00,54,placa-vella,297,232,65,21.9
2026-09-12T02:52:00Z,2026-09-12T04:52:00+02:00,55,ajuntament-mercat,237,187,50,21.1
2026-09-12T02:53:00Z,2026-09-12T04:53:00+02:00,53,dr-robert,407,341,66,16.2
2026-09-12T02:53:00Z,2026-09-12T04:53:00+02:00,54,placa-vella,297,232,65,21.9
2026-09-12T02:53:00Z,2026-09-12T04:53:00+02:00,55,ajuntament-mercat,237,187,50,21.1
2026-09-12T02:54:00Z,2026-09-12T04:54:00+02:00,53,dr-robert,407,341,66,16.2
2026-09-12T02:54:00Z,2026-09-12T04:54:00+02:00,54,placa-vella,297,232,65,21.9
2026-09-12T02:54:00Z,2026-09-12T04:54:00+02:00,55,ajuntament-mercat,237,187,50,21.1
2026-09-12T02:55:00Z,2026-09-12T04:55:00+02:00,53,dr-robert,407,341,66,16.2
2026-09-12T02:55:00Z,2026-09-12T04:55:00+02:00,54,placa-vella,297,232,65,21.9
2026-09-12T02:55:00Z,2026-09-12T04:55:00+02:00,55,ajuntament-mercat,237,187,50,21.1
2026-09-12T02:56:00Z,2026-09-12T04:56:00+02:00,53,dr-robert,407,342,65,16
2026-09-12T02:56:00Z,2026-09-12T04:56:00+02:00,54,placa-vella,297,232,65,21.9
2026-09-12T02:56:00Z,2026-09-12T04:56:00+02:00,55,ajuntament-mercat,237,187,50,21.1
2026-09-12T02:57:00Z,2026-09-12T04:57:00+02:00,53,dr-robert,407,342,65,16
2026-09-12T02:57:00Z,2026-09-12T04:57:00+02:00,54,placa-vella,297,232,65,21.9
2026-09-12T02:57:00Z,2026-09-12T04:57:00+02:00,55,ajuntament-mercat,237,187,50,21.1
2026-09-12T02:58:00Z,2026-09-12T04:58:00+02:00,53,dr-robert,407,342,65,16
2026-09-12T02:58:00Z,2026-09-12T04:58:00+02:00,54,placa-vella,297,232,65,21.9
2026-09-12T02:58:00Z,2026-09-12T04:58:00+02:00,55,ajuntament-mercat,237,187,50,21.1
2026-09-12T02:59:00Z,2026-09-12T04:59:00+02:00,53,dr-robert,407,342,65,16
2026-09-12T02:59:00Z,2026-09-12T04:59:00+02:00,54,placa-vella,297,232,65,21.9
2026-09-12T02:59:00Z,2026-09-12T04:59:00+02:00,55,ajuntament-mercat,237,187,50,21.1
2026-09-12T03:00:00Z,2026-09-12T05:00:00+02:00,53,dr-robert,407,342,65,16
2026-09-12T03:00:00Z,2026-09-12T05:00:00+02:00,54,placa-vella,297,232,65,21.9
2026-09-12T03:00:00Z,2026-09-12T05:00:00+02:00,55,ajuntament-mercat,237,187,50,21.1
2026-09-12T03:01:00Z,2026-09-12T05:01:00+02:00,53,dr-robert,407,342,65,16
2026-09-12T03:01:00Z,2026-09-12T05:01:00+02:00,54,placa-vella,297,232,65,21.9
2026-09-12T03:01:00Z,2026-09-12T05:01:00+02:00,55,ajuntament-mercat,237,187,50,21.1
2026-09-12T03:02:00Z,2026-09-12T05:02:00+02:00,53,dr-robert,407,342,65,16
2026-09-12T03:02:00Z,2026-09-12T05:02:00+02:00,54,placa-vella,297,232,65,21.9
2026-09-12T03:02:00Z,2026-09-12T05:02:00+02:00,55,ajuntament-mercat,237,187,50,21.1
2026-09-12T03:03:00Z,2026-09-12T05:03:00+02:00,53,dr-robert,407,342,65,16
2026-09-12T03:03:00Z,2026-09-12T05:03:00+02:00,54,placa-vella,297,232,65,21.9
2026-09-12T03:03:00Z,2026-09-12T05:03:00+02:00,55,ajuntament-mercat,237,187,50,21.1
2026-09-12T03:04:00Z,2026-09-12T05:04:00+02:00,53,dr-robert,407,342,65,16
2026-09-12T03:04:00Z,2026-09-12T05:04:00+02:00,54,placa-vella,297,232,65,21.9
2026-09-12T03:04:00Z,2026-09-12T05:04:00+02:00,55,ajuntament-mercat,237,187,50,21.1
2026-09-12T03:05:00Z,2026-09-12T05:05:00+02:00,53,dr-robert,407,342,65,16
2026-09-12T03:05:00Z,2026-09-12T05:05:00+02:00,54,placa-vella,297,232,65,21.9
2026-09-12T03:05:00Z,2026-09-12T05:05:00+02:00,55,ajuntament-mercat,237,187,50,21.1
2026-09-12T03:06:00Z,2026-09-12T05:06:00+02:00,53,dr-robert,407,342,65,16
2026-09-12T03:06:00Z,2026-09-12T05:06:00+02:00,54,placa-vella,297,232,65,21.9
2026-09-12T03:06:00Z,2026-09-12T05:06:00+02:00,55,ajuntament-mercat,237,187,50,21.1
2026-09-12T03:07:00Z,2026-09-12T05:07:00+02:00,53,dr-robert,407,342,65,16
2026-09-12T03:07:00Z,2026-09-12T05:07:00+02:00,54,placa-vella,297,232,65,21.9
2026-09-12T03:07:00Z,2026-09-12T05:07:00+02:00,55,ajuntament-mercat,237,187,50,21.1
2026-09-12T03:08:00Z,2026-09-12T05:08:00+02:00,53,dr-robert,407,342,65,16
2026-09-12T03:08:00Z,2026-09-12T05:08:00+02:00,54,placa-vella,297,232,65,21.9
2026-09-12T03:08:00Z,2026-09-12T05:08:00+02:00,55,ajuntament-mercat,237,187,50,21.1
2026-09-12T03:09:00Z,2026-09-12T05:09:00+02:00,53,dr-robert,407,342,65,16
2026-09-12T03:09:00Z,2026-09-12T05:09:00+02:00,54,placa-vella,297,232,65,21.9
2026-09-12T03:09:00Z,2026-09-12T05:09:00+02:00,55,ajuntament-mercat,237,187,50,21.1
2026-09-12T03:10:00Z,2026-09-12T05:10:00+02:00,53,dr-robert,407,342,65,16
2026-09-12T03:10:00Z,2026-09-12T05:10:00+02:00,54,placa-vella,297,232,65,21.9
2026-09-12T03:10:00Z,2026-09-12T05:10:00+02:00,55,ajuntament-mercat,237,187,50,21.1
2026-09-12T03:11:00Z,2026-09-12T05:11:00+02:00,53,dr-robert,407,342,65,16
2026-09-12T03:11:00Z,2026-09-12T05:11:00+02:00,54,placa-vella,297,232,65,21.9
2026-09-12T03:11:00Z,2026-09-12T05:11:00+02:00,55,ajuntament-mercat,237,187,50,21.1
2026-09-12T03:12:00Z,2026-09-12T05:12:00+02:00,53,dr-robert,407,342,65,16
2026-09-12T03:12:00Z,2026-09-12T05:12:00+02:00,54,placa-vella,297,232,65,21.9
2026-09-12T03:12:00Z,2026-09-12T05:12:00+02:00,55,ajuntament-mercat,237,187,50,21.1
2026-09-12T03:13:00Z,2026-09-12T05:13:00+02:00,53,dr-robert,407,342,65,16
2026-09-12T03:13:00Z,2026-09-12T05:13:00+02:00,54,placa-vella,297,232,65,21.9
2026-09-12T03:13:00Z,2026-09-12T05:13:00+02:00,55,ajuntament-mercat,237,187,50,21.1
2026-09-12T03:14:00Z,2026-09-12T05:14:00+02:00,53,dr-robert,407,342,65,16
2026-09-12T03:14:00Z,2026-09-12T05:14:00+02:00,54,placa-vella,297,232,65,21.9
2026-09-12T03:14:00Z,2026-09-12T05:14:00+02:00,55,ajuntament-mercat,237,187,50,21.1
2026-09-12T03:15:00Z,2026-09-12T05:15:00+02:00,53,dr-robert,407,342,65,16
2026-09-12T03:15:00Z,2026-09-12T05:15:00+02:00,54,placa-vella,297,232,65,21.9
2026-09-12T03:15:00Z,2026-09-12T05:15:00+02:00,55,ajuntament-mercat,237,187,50,21.1
2026-09-12T03:16:00Z,2026-09-12T05:16:00+02:00,53,dr-robert,407,342,65,16
2026-09-12T03:16:00Z,2026-09-12T05:16:00+02:00,54,placa-vella,297,232,65,21.9
2026-09-12T03:16:00Z,2026-09-12T05:16:00+02:00,55,ajuntament-mercat,237,187,50,21.1
2026-09-12T03:17:00Z,2026-09-12T05:17:00+02:00,53,dr-robert,407,342,65,16
2026-09-12T03:17:00Z,2026-09-12T05:17:00+02:00,54,placa-vella,297,232,65,21.9
2026-09-12T03:17:00Z,2026-09-12T05:17:00+02:00,55,ajuntament-mercat,237,187,50,21.1
2026-09-12T03:18:00Z,2026-09-12T05:18:00+02:00,53,dr-robert,407,342,65,16
2026-09-12T03:18:00Z,2026-09-12T05:18:00+02:00,54,placa-vella,297,232,65,21.9
2026-09-12T03:18:00Z,2026-09-12T05:18:00+02:00,55,ajuntament-mercat,237,187,50,21.1
2026-09-12T03:19:00Z,2026-09-12T05:19:00+02:00,53,dr-robert,407,342,65,16
2026-09-12T03:19:00Z,2026-09-12T05:19:00+02:00,54,placa-vella,297,232,65,21.9
2026-09-12T03:19:00Z,2026-09-12T05:19:00+02:00,55,ajuntament-mercat,237,187,50,21.1
2026-09-12T03:20:00Z,2026-09-12T05:20:00+02:00,53,dr-robert,407,342,65,16
2026-09-12T03:20:00Z,2026-09-12T05:20:00+02:00,54,placa-vella,297,232,65,21.9
2026-09-12T03:20:00Z,2026-09-12T05:20:00+02:00,55,ajuntament-mercat,237,187,50,21.1
2026-09-12T03:21:00Z,2026-09-12T05:21:00+02:00,53,dr-robert,407,342,65,16
2026-09-12T03:21:00Z,2026-09-12T05:21:00+02:00,54,placa-vella,297,232,65,21.9
2026-09-12T03:21:00Z,2026-09-12T05:21:00+02:00,55,ajuntament-mercat,237,187,50,21.1
2026-09-12T03:22:00Z,2026-09-12T05:22:00+02:00,53,dr-robert,407,342,65,16
2026-09-12T03:22:00Z,2026-09-12T05:22:00+02:00,54,placa-vella,297,232,65,21.9
2026-09-12T03:22:00Z,2026-09-12T05:22:00+02:00,55,ajuntament-mercat,237,187,50,21.1
2026-09-12T03:23:00Z,2026-09-12T05:23:00+02:00,53,dr-robert,407,342,65,16
2026-09-12T03:23:00Z,2026-09-12T05:23:00+02:00,54,placa-vella,297,232,65,21.9
2026-09-12T03:23:00Z,2026-09-12T05:23:00+02:00,55,ajuntament-mercat,237,187,50,21.1
2026-09-12T03:24:00Z,2026-09-12T05:24:00+02:00,53,dr-robert,407,342,65,16
2026-09-12T03:24:00Z,2026-09-12T05:24:00+02:00,54,placa-vella,297,232,65,21.9
2026-09-12T03:24:00Z,2026-09-12T05:24:00+02:00,55,ajuntament-mercat,237,187,50,21.1
2026-09-12T03:25:00Z,2026-09-12T05:25:00+02:00,53,dr-robert,407,343,64,15.7
2026-09-12T03:25:00Z,2026-09-12T05:25:00+02:00,54,placa-vella,297,232,65,21.9
2026-09-12T03:25:00Z,2026-09-12T05:25:00+02:00,55,ajuntament-mercat,237,187,50,21.1
2026-09-12T03:26:00Z,2026-09-12T05:26:00+02:00,53,dr-robert,407,343,64,15.7
2026-09-12T03:26:00Z,2026-09-12T05:26:00+02:00,54,placa-vella,297,232,65,21.9
2026-09-12T03:26:00Z,2026-09-12T05:26:00+02:00,55,ajuntament-mercat,237,187,50,21.1
2026-09-12T03:27:00Z,2026-09-12T05:27:00+02:00,53,dr-robert,407,343,64,15.7
2026-09-12T03:27:00Z,2026-09-12T05:27:00+02:00,54,placa-vella,297,232,65,21.9
2026-09-12T03:27:00Z,2026-09-12T05:27:00+02:00,55,ajuntament-mercat,237,187,50,21.1
2026-09-12T03:28:00Z,2026-09-12T05:28:00+02:00,53,dr-robert,407,343,64,15.7
2026-09-12T03:28:00Z,2026-09-12T05:28:00+02:00,54,placa-vella,297,232,65,21.9
2026-09-12T03:28:00Z,2026-09-12T05:28:00+02:00,55,ajuntament-mercat,237,187,50,21.1
2026-09-12T03:29:00Z,2026-09-12T05:29:00+02:00,53,dr-robert,407,343,64,15.7
2026-09-12T03:29:00Z,2026-09-12T05:29:00+02:00,54,placa-vella,297,232,65,21.9
2026-09-12T03:29:00Z,2026-09-12T05:29:00+02:00,55,ajuntament-mercat,237,187,50,21.1
2026-09-12T03:30:00Z,2026-09-12T05:30:00+02:00,53,dr-robert,407,343,64,15.7
2026-09-12T03:30:00Z,2026-09-12T05:30:00+02:00,54,placa-vella,297,233,64,21.5
2026-09-12T03:30:00Z,2026-09-12T05:30:00+02:00,55,ajuntament-mercat,237,187,50,21.1
2026-09-12T03:31:00Z,2026-09-12T05:31:00+02:00,53,dr-robert,407,343,64,15.7
2026-09-12T03:31:00Z,2026-09-12T05:31:00+02:00,54,placa-vella,297,233,64,21.5
2026-09-12T03:31:00Z,2026-09-12T05:31:00+02:00,55,ajuntament-mercat,237,187,50,21.1
2026-09-12T03:32:00Z,2026-09-12T05:32:00+02:00,53,dr-robert,407,343,64,15.7
2026-09-12T03:32:00Z,2026-09-12T05:32:00+02:00,54,placa-vella,297,233,64,21.5
2026-09-12T03:32:00Z,2026-09-12T05:32:00+02:00,55,ajuntament-mercat,237,187,50,21.1
2026-09-12T03:33:00Z,2026-09-12T05:33:00+02:00,53,dr-robert,407,343,64,15.7
2026-09-12T03:33:00Z,2026-09-12T05:33:00+02:00,54,placa-vella,297,233,64,21.5
2026-09-12T03:33:00Z,2026-09-12T05:33:00+02:00,55,ajuntament-mercat,237,187,50,21.1
2026-09-12T03:34:00Z,2026-09-12T05:34:00+02:00,53,dr-robert,407,343,64,15.7
2026-09-12T03:34:00Z,2026-09-12T05:34:00+02:00,54,placa-vella,297,233,64,21.5
2026-09-12T03:34:00Z,2026-09-12T05:34:00+02:00,55,ajuntament-mercat,237,187,50,21.1
2026-09-12T03:35:00Z,2026-09-12T05:35:00+02:00,53,dr-robert,407,345,62,15.2
2026-09-12T03:35:00Z,2026-09-12T05:35:00+02:00,54,placa-vella,297,234,63,21.2
2026-09-12T03:35:00Z,2026-09-12T05:35:00+02:00,55,ajuntament-mercat,237,187,50,21.1
2026-09-12T03:36:00Z,2026-09-12T05:36:00+02:00,53,dr-robert,407,345,62,15.2
2026-09-12T03:36:00Z,2026-09-12T05:36:00+02:00,54,placa-vella,297,234,63,21.2
2026-09-12T03:36:00Z,2026-09-12T05:36:00+02:00,55,ajuntament-mercat,237,187,50,21.1
2026-09-12T03:37:00Z,2026-09-12T05:37:00+02:00,53,dr-robert,407,345,62,15.2
2026-09-12T03:37:00Z,2026-09-12T05:37:00+02:00,54,placa-vella,297,234,63,21.2
2026-09-12T03:37:00Z,2026-09-12T05:37:00+02:00,55,ajuntament-mercat,237,187,50,21.1
2026-09-12T03:38:00Z,2026-09-12T05:38:00+02:00,53,dr-robert,407,345,62,15.2
2026-09-12T03:38:00Z,2026-09-12T05:38:00+02:00,54,placa-vella,297,234,63,21.2
2026-09-12T03:38:00Z,2026-09-12T05:38:00+02:00,55,ajuntament-mercat,237,187,50,21.1
2026-09-12T03:39:00Z,2026-09-12T05:39:00+02:00,53,dr-robert,407,345,62,15.2
2026-09-12T03:39:00Z,2026-09-12T05:39:00+02:00,54,placa-vella,297,234,63,21.2
2026-09-12T03:39:00Z,2026-09-12T05:39:00+02:00,55,ajuntament-mercat,237,187,50,21.1
2026-09-12T03:40:00Z,2026-09-12T05:40:00+02:00,53,dr-robert,407,345,62,15.2
2026-09-12T03:40:00Z,2026-09-12T05:40:00+02:00,54,placa-vella,297,234,63,21.2
2026-09-12T03:40:00Z,2026-09-12T05:40:00+02:00,55,ajuntament-mercat,237,187,50,21.1
2026-09-12T03:41:00Z,2026-09-12T05:41:00+02:00,53,dr-robert,407,345,62,15.2
2026-09-12T03:41:00Z,2026-09-12T05:41:00+02:00,54,placa-vella,297,234,63,21.2
2026-09-12T03:41:00Z,2026-09-12T05:41:00+02:00,55,ajuntament-mercat,237,187,50,21.1
2026-09-12T03:42:00Z,2026-09-12T05:42:00+02:00,53,dr-robert,407,345,62,15.2
2026-09-12T03:42:00Z,2026-09-12T05:42:00+02:00,54,placa-vella,297,234,63,21.2
2026-09-12T03:42:00Z,2026-09-12T05:42:00+02:00,55,ajuntament-mercat,237,187,50,21.1
2026-09-12T03:43:00Z,2026-09-12T05:43:00+02:00,53,dr-robert,407,345,62,15.2
2026-09-12T03:43:00Z,2026-09-12T05:43:00+02:00,54,placa-vella,297,234,63,21.2
2026-09-12T03:43:00Z,2026-09-12T05:43:00+02:00,55,ajuntament-mercat,237,187,50,21.1
2026-09-12T03:44:00Z,2026-09-12T05:44:00+02:00,53,dr-robert,407,345,62,15.2
2026-09-12T03:44:00Z,2026-09-12T05:44:00+02:00,54,placa-vella,297,234,63,21.2
2026-09-12T03:44:00Z,2026-09-12T05:44:00+02:00,55,ajuntament-mercat,237,187,50,21.1
2026-09-12T03:45:00Z,2026-09-12T05:45:00+02:00,53,dr-robert,407,347,60,14.7
2026-09-12T03:45:00Z,2026-09-12T05:45:00+02:00,54,placa-vella,297,234,63,21.2
2026-09-12T03:45:00Z,2026-09-12T05:45:00+02:00,55,ajuntament-mercat,237,186,51,21.5
2026-09-12T03:46:00Z,2026-09-12T05:46:00+02:00,53,dr-robert,407,347,60,14.7
2026-09-12T03:46:00Z,2026-09-12T05:46:00+02:00,54,placa-vella,297,234,63,21.2
2026-09-12T03:46:00Z,2026-09-12T05:46:00+02:00,55,ajuntament-mercat,237,186,51,21.5
2026-09-12T03:47:00Z,2026-09-12T05:47:00+02:00,53,dr-robert,407,347,60,14.7
2026-09-12T03:47:00Z,2026-09-12T05:47:00+02:00,54,placa-vella,297,234,63,21.2
2026-09-12T03:47:00Z,2026-09-12T05:47:00+02:00,55,ajuntament-mercat,237,186,51,21.5
2026-09-12T03:48:00Z,2026-09-12T05:48:00+02:00,53,dr-robert,407,347,60,14.7
2026-09-12T03:48:00Z,2026-09-12T05:48:00+02:00,54,placa-vella,297,234,63,21.2
2026-09-12T03:48:00Z,2026-09-12T05:48:00+02:00,55,ajuntament-mercat,237,186,51,21.5
2026-09-12T03:49:00Z,2026-09-12T05:49:00+02:00,53,dr-robert,407,347,60,14.7
2026-09-12T03:49:00Z,2026-09-12T05:49:00+02:00,54,placa-vella,297,234,63,21.2
2026-09-12T03:49:00Z,2026-09-12T05:49:00+02:00,55,ajuntament-mercat,237,186,51,21.5
2026-09-12T03:50:00Z,2026-09-12T05:50:00+02:00,53,dr-robert,407,347,60,14.7
2026-09-12T03:50:00Z,2026-09-12T05:50:00+02:00,54,placa-vella,297,236,61,20.5
2026-09-12T03:50:00Z,2026-09-12T05:50:00+02:00,55,ajuntament-mercat,237,186,51,21.5
2026-09-12T03:51:00Z,2026-09-12T05:51:00+02:00,53,dr-robert,407,347,60,14.7
2026-09-12T03:51:00Z,2026-09-12T05:51:00+02:00,54,placa-vella,297,236,61,20.5
2026-09-12T03:51:00Z,2026-09-12T05:51:00+02:00,55,ajuntament-mercat,237,186,51,21.5
2026-09-12T03:52:00Z,2026-09-12T05:52:00+02:00,53,dr-robert,407,347,60,14.7
2026-09-12T03:52:00Z,2026-09-12T05:52:00+02:00,54,placa-vella,297,236,61,20.5
2026-09-12T03:52:00Z,2026-09-12T05:52:00+02:00,55,ajuntament-mercat,237,186,51,21.5
2026-09-12T03:53:00Z,2026-09-12T05:53:00+02:00,53,dr-robert,407,347,60,14.7
2026-09-12T03:53:00Z,2026-09-12T05:53:00+02:00,54,placa-vella,297,236,61,20.5
2026-09-12T03:53:00Z,2026-09-12T05:53:00+02:00,55,ajuntament-mercat,237,186,51,21.5
2026-09-12T03:54:00Z,2026-09-12T05:54:00+02:00,53,dr-robert,407,347,60,14.7
2026-09-12T03:54:00Z,2026-09-12T05:54:00+02:00,54,placa-vella,297,236,61,20.5
2026-09-12T03:54:00Z,2026-09-12T05:54:00+02:00,55,ajuntament-mercat,237,186,51,21.5
2026-09-12T03:55:00Z,2026-09-12T05:55:00+02:00,53,dr-robert,407,347,60,14.7
2026-09-12T03:55:00Z,2026-09-12T05:55:00+02:00,54,placa-vella,297,236,61,20.5
2026-09-12T03:55:00Z,2026-09-12T05:55:00+02:00,55,ajuntament-mercat,237,185,52,21.9
2026-09-12T03:56:00Z,2026-09-12T05:56:00+02:00,53,dr-robert,407,347,60,14.7
2026-09-12T03:56:00Z,2026-09-12T05:56:00+02:00,54,placa-vella,297,236,61,20.5
2026-09-12T03:56:00Z,2026-09-12T05:56:00+02:00,55,ajuntament-mercat,237,185,52,21.9
2026-09-12T03:57:00Z,2026-09-12T05:57:00+02:00,53,dr-robert,407,347,60,14.7
2026-09-12T03:57:00Z,2026-09-12T05:57:00+02:00,54,placa-vella,297,236,61,20.5
2026-09-12T03:57:00Z,2026-09-12T05:57:00+02:00,55,ajuntament-mercat,237,185,52,21.9
2026-09-12T03:58:00Z,2026-09-12T05:58:00+02:00,53,dr-robert,407,347,60,14.7
2026-09-12T03:58:00Z,2026-09-12T05:58:00+02:00,54,placa-vella,297,236,61,20.5
2026-09-12T03:58:00Z,2026-09-12T05:58:00+02:00,55,ajuntament-mercat,237,185,52,21.9
2026-09-12T03:59:00Z,2026-09-12T05:59:00+02:00,53,dr-robert,407,347,60,14.7
2026-09-12T03:59:00Z,2026-09-12T05:59:00+02:00,54,placa-vella,297,236,61,20.5
2026-09-12T03:59:00Z,2026-09-12T05:59:00+02:00,55,ajuntament-mercat,237,185,52,21.9
2026-09-12T04:00:00Z,2026-09-12T06:00:00+02:00,53,dr-robert,407,347,60,14.7
2026-09-12T04:00:00Z,2026-09-12T06:00:00+02:00,54,placa-vella,297,236,61,20.5
2026-09-12T04:00:00Z,2026-09-12T06:00:00+02:00,55,ajuntament-mercat,237,185,52,21.9
2026-09-12T04:01:00Z,2026-09-12T06:01:00+02:00,53,dr-robert,407,347,60,14.7
2026-09-12T04:01:00Z,2026-09-12T06:01:00+02:00,54,placa-vella,297,236,61,20.5
2026-09-12T04:01:00Z,2026-09-12T06:01:00+02:00,55,ajuntament-mercat,237,185,52,21.9
2026-09-12T04:02:00Z,2026-09-12T06:02:00+02:00,53,dr-robert,407,347,60,14.7
2026-09-12T04:02:00Z,2026-09-12T06:02:00+02:00,54,placa-vella,297,236,61,20.5
2026-09-12T04:02:00Z,2026-09-12T06:02:00+02:00,55,ajuntament-mercat,237,185,52,21.9
2026-09-12T04:03:00Z,2026-09-12T06:03:00+02:00,53,dr-robert,407,347,60,14.7
2026-09-12T04:03:00Z,2026-09-12T06:03:00+02:00,54,placa-vella,297,236,61,20.5
2026-09-12T04:03:00Z,2026-09-12T06:03:00+02:00,55,ajuntament-mercat,237,185,52,21.9
2026-09-12T04:04:00Z,2026-09-12T06:04:00+02:00,53,dr-robert,407,347,60,14.7
2026-09-12T04:04:00Z,2026-09-12T06:04:00+02:00,54,placa-vella,297,236,61,20.5
2026-09-12T04:04:00Z,2026-09-12T06:04:00+02:00,55,ajuntament-mercat,237,185,52,21.9
2026-09-12T04:05:00Z,2026-09-12T06:05:00+02:00,53,dr-robert,407,347,60,14.7
2026-09-12T04:05:00Z,2026-09-12T06:05:00+02:00,54,placa-vella,297,236,61,20.5
2026-09-12T04:05:00Z,2026-09-12T06:05:00+02:00,55,ajuntament-mercat,237,185,52,21.9
2026-09-12T04:06:00Z,2026-09-12T06:06:00+02:00,53,dr-robert,407,347,60,14.7
2026-09-12T04:06:00Z,2026-09-12T06:06:00+02:00,54,placa-vella,297,235,62,20.9
2026-09-12T04:06:00Z,2026-09-12T06:06:00+02:00,55,ajuntament-mercat,237,184,53,22.4
2026-09-12T04:07:00Z,2026-09-12T06:07:00+02:00,53,dr-robert,407,347,60,14.7
2026-09-12T04:07:00Z,2026-09-12T06:07:00+02:00,54,placa-vella,297,235,62,20.9
2026-09-12T04:07:00Z,2026-09-12T06:07:00+02:00,55,ajuntament-mercat,237,184,53,22.4
2026-09-12T04:08:00Z,2026-09-12T06:08:00+02:00,53,dr-robert,407,347,60,14.7
2026-09-12T04:08:00Z,2026-09-12T06:08:00+02:00,54,placa-vella,297,235,62,20.9
2026-09-12T04:08:00Z,2026-09-12T06:08:00+02:00,55,ajuntament-mercat,237,184,53,22.4
2026-09-12T04:09:00Z,2026-09-12T06:09:00+02:00,53,dr-robert,407,347,60,14.7
2026-09-12T04:09:00Z,2026-09-12T06:09:00+02:00,54,placa-vella,297,235,62,20.9
2026-09-12T04:09:00Z,2026-09-12T06:09:00+02:00,55,ajuntament-mercat,237,184,53,22.4
2026-09-12T04:10:00Z,2026-09-12T06:10:00+02:00,53,dr-robert,407,347,60,14.7
2026-09-12T04:10:00Z,2026-09-12T06:10:00+02:00,54,placa-vella,297,235,62,20.9
2026-09-12T04:10:00Z,2026-09-12T06:10:00+02:00,55,ajuntament-mercat,237,184,53,22.4
2026-09-12T04:11:00Z,2026-09-12T06:11:00+02:00,53,dr-robert,407,347,60,14.7
2026-09-12T04:11:00Z,2026-09-12T06:11:00+02:00,54,placa-vella,297,235,62,20.9
2026-09-12T04:11:00Z,2026-09-12T06:11:00+02:00,55,ajuntament-mercat,237,184,53,22.4
2026-09-12T04:12:00Z,2026-09-12T06:12:00+02:00,53,dr-robert,407,347,60,14.7
2026-09-12T04:12:00Z,2026-09-12T06:12:00+02:00,54,placa-vella,297,235,62,20.9
2026-09-12T04:12:00Z,2026-09-12T06:12:00+02:00,55,ajuntament-mercat,237,184,53,22.4
2026-09-12T04:13:00Z,2026-09-12T06:13:00+02:00,53,dr-robert,407,347,60,14.7
2026-09-12T04:13:00Z,2026-09-12T06:13:00+02:00,54,placa-vella,297,235,62,20.9
2026-09-12T04:13:00Z,2026-09-12T06:13:00+02:00,55,ajuntament-mercat,237,184,53,22.4
2026-09-12T04:14:00Z,2026-09-12T06:14:00+02:00,53,dr-robert,407,347,60,14.7
2026-09-12T04:14:00Z,2026-09-12T06:14:00+02:00,54,placa-vella,297,235,62,20.9
2026-09-12T04:14:00Z,2026-09-12T06:14:00+02:00,55,ajuntament-mercat,237,184,53,22.4
2026-09-12T04:15:00Z,2026-09-12T06:15:00+02:00,53,dr-robert,407,347,60,14.7
2026-09-12T04:15:00Z,2026-09-12T06:15:00+02:00,54,placa-vella,297,235,62,20.9
2026-09-12T04:15:00Z,2026-09-12T06:15:00+02:00,55,ajuntament-mercat,237,186,51,21.5
2026-09-12T04:16:00Z,2026-09-12T06:16:00+02:00,53,dr-robert,407,347,60,14.7
2026-09-12T04:16:00Z,2026-09-12T06:16:00+02:00,54,placa-vella,297,235,62,20.9
2026-09-12T04:17:00Z,2026-09-12T06:17:00+02:00,53,dr-robert,407,347,60,14.7
2026-09-12T04:17:00Z,2026-09-12T06:17:00+02:00,54,placa-vella,297,235,62,20.9
2026-09-12T04:17:00Z,2026-09-12T06:17:00+02:00,55,ajuntament-mercat,237,186,51,21.5
2026-09-12T04:18:00Z,2026-09-12T06:18:00+02:00,53,dr-robert,407,347,60,14.7
2026-09-12T04:18:00Z,2026-09-12T06:18:00+02:00,54,placa-vella,297,235,62,20.9
2026-09-12T04:18:00Z,2026-09-12T06:18:00+02:00,55,ajuntament-mercat,237,186,51,21.5
2026-09-12T04:19:00Z,2026-09-12T06:19:00+02:00,53,dr-robert,407,347,60,14.7
2026-09-12T04:19:00Z,2026-09-12T06:19:00+02:00,54,placa-vella,297,235,62,20.9
2026-09-12T04:19:00Z,2026-09-12T06:19:00+02:00,55,ajuntament-mercat,237,186,51,21.5
2026-09-12T04:20:00Z,2026-09-12T06:20:00+02:00,53,dr-robert,407,347,60,14.7
2026-09-12T04:20:00Z,2026-09-12T06:20:00+02:00,54,placa-vella,297,235,62,20.9
2026-09-12T04:20:00Z,2026-09-12T06:20:00+02:00,55,ajuntament-mercat,237,185,52,21.9
2026-09-12T04:21:00Z,2026-09-12T06:21:00+02:00,53,dr-robert,407,347,60,14.7
2026-09-12T04:21:00Z,2026-09-12T06:21:00+02:00,54,placa-vella,297,235,62,20.9
2026-09-12T04:21:00Z,2026-09-12T06:21:00+02:00,55,ajuntament-mercat,237,185,52,21.9
2026-09-12T04:22:00Z,2026-09-12T06:22:00+02:00,53,dr-robert,407,347,60,14.7
2026-09-12T04:22:00Z,2026-09-12T06:22:00+02:00,54,placa-vella,297,235,62,20.9
2026-09-12T04:22:00Z,2026-09-12T06:22:00+02:00,55,ajuntament-mercat,237,185,52,21.9
2026-09-12T04:23:00Z,2026-09-12T06:23:00+02:00,53,dr-robert,407,347,60,14.7
2026-09-12T04:23:00Z,2026-09-12T06:23:00+02:00,54,placa-vella,297,235,62,20.9
2026-09-12T04:23:00Z,2026-09-12T06:23:00+02:00,55,ajuntament-mercat,237,185,52,21.9
2026-09-12T04:24:00Z,2026-09-12T06:24:00+02:00,53,dr-robert,407,347,60,14.7
2026-09-12T04:24:00Z,2026-09-12T06:24:00+02:00,54,placa-vella,297,235,62,20.9
2026-09-12T04:24:00Z,2026-09-12T06:24:00+02:00,55,ajuntament-mercat,237,185,52,21.9
2026-09-12T04:25:00Z,2026-09-12T06:25:00+02:00,53,dr-robert,407,347,60,14.7
2026-09-12T04:25:00Z,2026-09-12T06:25:00+02:00,54,placa-vella,297,235,62,20.9
2026-09-12T04:25:00Z,2026-09-12T06:25:00+02:00,55,ajuntament-mercat,237,184,53,22.4
2026-09-12T04:26:00Z,2026-09-12T06:26:00+02:00,53,dr-robert,407,347,60,14.7
2026-09-12T04:26:00Z,2026-09-12T06:26:00+02:00,54,placa-vella,297,235,62,20.9
2026-09-12T04:26:00Z,2026-09-12T06:26:00+02:00,55,ajuntament-mercat,237,184,53,22.4
2026-09-12T04:27:00Z,2026-09-12T06:27:00+02:00,53,dr-robert,407,347,60,14.7
2026-09-12T04:27:00Z,2026-09-12T06:27:00+02:00,54,placa-vella,297,235,62,20.9
2026-09-12T04:27:00Z,2026-09-12T06:27:00+02:00,55,ajuntament-mercat,237,184,53,22.4
2026-09-12T04:28:00Z,2026-09-12T06:28:00+02:00,53,dr-robert,407,347,60,14.7
2026-09-12T04:28:00Z,2026-09-12T06:28:00+02:00,54,placa-vella,297,235,62,20.9
2026-09-12T04:28:00Z,2026-09-12T06:28:00+02:00,55,ajuntament-mercat,237,184,53,22.4
2026-09-12T04:29:00Z,2026-09-12T06:29:00+02:00,53,dr-robert,407,347,60,14.7
2026-09-12T04:29:00Z,2026-09-12T06:29:00+02:00,54,placa-vella,297,235,62,20.9
2026-09-12T04:29:00Z,2026-09-12T06:29:00+02:00,55,ajuntament-mercat,237,184,53,22.4
2026-09-12T04:35:00Z,2026-09-12T06:35:00+02:00,53,dr-robert,407,348,59,14.5
2026-09-12T04:35:00Z,2026-09-12T06:35:00+02:00,54,placa-vella,297,235,62,20.9
2026-09-12T04:35:00Z,2026-09-12T06:35:00+02:00,55,ajuntament-mercat,237,183,54,22.8
2026-09-12T04:36:00Z,2026-09-12T06:36:00+02:00,53,dr-robert,407,348,59,14.5
2026-09-12T04:36:00Z,2026-09-12T06:36:00+02:00,54,placa-vella,297,235,62,20.9
2026-09-12T04:36:00Z,2026-09-12T06:36:00+02:00,55,ajuntament-mercat,237,183,54,22.8
2026-09-12T04:37:00Z,2026-09-12T06:37:00+02:00,53,dr-robert,407,348,59,14.5
2026-09-12T04:37:00Z,2026-09-12T06:37:00+02:00,54,placa-vella,297,235,62,20.9
2026-09-12T04:37:00Z,2026-09-12T06:37:00+02:00,55,ajuntament-mercat,237,183,54,22.8
2026-09-12T04:38:00Z,2026-09-12T06:38:00+02:00,53,dr-robert,407,348,59,14.5
2026-09-12T04:38:00Z,2026-09-12T06:38:00+02:00,54,placa-vella,297,235,62,20.9
2026-09-12T04:38:00Z,2026-09-12T06:38:00+02:00,55,ajuntament-mercat,237,183,54,22.8
2026-09-12T04:39:00Z,2026-09-12T06:39:00+02:00,53,dr-robert,407,348,59,14.5
2026-09-12T04:39:00Z,2026-09-12T06:39:00+02:00,54,placa-vella,297,235,62,20.9
2026-09-12T04:39:00Z,2026-09-12T06:39:00+02:00,55,ajuntament-mercat,237,183,54,22.8
2026-09-12T04:40:00Z,2026-09-12T06:40:00+02:00,53,dr-robert,407,348,59,14.5
2026-09-12T04:40:00Z,2026-09-12T06:40:00+02:00,54,placa-vella,297,235,62,20.9
2026-09-12T04:40:00Z,2026-09-12T06:40:00+02:00,55,ajuntament-mercat,237,183,54,22.8
2026-09-12T04:41:00Z,2026-09-12T06:41:00+02:00,53,dr-robert,407,348,59,14.5
2026-09-12T04:41:00Z,2026-09-12T06:41:00+02:00,54,placa-vella,297,235,62,20.9
2026-09-12T04:41:00Z,2026-09-12T06:41:00+02:00,55,ajuntament-mercat,237,183,54,22.8
2026-09-12T04:42:00Z,2026-09-12T06:42:00+02:00,53,dr-robert,407,348,59,14.5
2026-09-12T04:42:00Z,2026-09-12T06:42:00+02:00,54,placa-vella,297,235,62,20.9
2026-09-12T04:42:00Z,2026-09-12T06:42:00+02:00,55,ajuntament-mercat,237,183,54,22.8
2026-09-12T04:43:00Z,2026-09-12T06:43:00+02:00,53,dr-robert,407,348,59,14.5
2026-09-12T04:43:00Z,2026-09-12T06:43:00+02:00,54,placa-vella,297,235,62,20.9
2026-09-12T04:43:00Z,2026-09-12T06:43:00+02:00,55,ajuntament-mercat,237,183,54,22.8
2026-09-12T04:44:00Z,2026-09-12T06:44:00+02:00,53,dr-robert,407,348,59,14.5
2026-09-12T04:44:00Z,2026-09-12T06:44:00+02:00,54,placa-vella,297,235,62,20.9
2026-09-12T04:44:00Z,2026-09-12T06:44:00+02:00,55,ajuntament-mercat,237,183,54,22.8
2026-09-12T04:45:00Z,2026-09-12T06:45:00+02:00,53,dr-robert,407,347,60,14.7
2026-09-12T04:45:00Z,2026-09-12T06:45:00+02:00,54,placa-vella,297,235,62,20.9
2026-09-12T04:45:00Z,2026-09-12T06:45:00+02:00,55,ajuntament-mercat,237,182,55,23.2
2026-09-12T04:46:00Z,2026-09-12T06:46:00+02:00,53,dr-robert,407,347,60,14.7
2026-09-12T04:46:00Z,2026-09-12T06:46:00+02:00,54,placa-vella,297,235,62,20.9
2026-09-12T04:46:00Z,2026-09-12T06:46:00+02:00,55,ajuntament-mercat,237,182,55,23.2
2026-09-12T04:47:00Z,2026-09-12T06:47:00+02:00,53,dr-robert,407,347,60,14.7
2026-09-12T04:47:00Z,2026-09-12T06:47:00+02:00,54,placa-vella,297,235,62,20.9
2026-09-12T04:47:00Z,2026-09-12T06:47:00+02:00,55,ajuntament-mercat,237,182,55,23.2
2026-09-12T04:48:00Z,2026-09-12T06:48:00+02:00,53,dr-robert,407,347,60,14.7
2026-09-12T04:48:00Z,2026-09-12T06:48:00+02:00,54,placa-vella,297,235,62,20.9
2026-09-12T04:48:00Z,2026-09-12T06:48:00+02:00,55,ajuntament-mercat,237,182,55,23.2
2026-09-12T04:49:00Z,2026-09-12T06:49:00+02:00,53,dr-robert,407,347,60,14.7
2026-09-12T04:49:00Z,2026-09-12T06:49:00+02:00,54,placa-vella,297,235,62,20.9
2026-09-12T04:49:00Z,2026-09-12T06:49:00+02:00,55,ajuntament-mercat,237,182,55,23.2
2026-09-12T04:50:00Z,2026-09-12T06:50:00+02:00,53,dr-robert,407,347,60,14.7
2026-09-12T04:50:00Z,2026-09-12T06:50:00+02:00,54,placa-vella,297,235,62,20.9
2026-09-12T04:50:00Z,2026-09-12T06:50:00+02:00,55,ajuntament-mercat,237,182,55,23.2
2026-09-12T04:51:00Z,2026-09-12T06:51:00+02:00,53,dr-robert,407,347,60,14.7
2026-09-12T04:51:00Z,2026-09-12T06:51:00+02:00,54,placa-vella,297,235,62,20.9
2026-09-12T04:51:00Z,2026-09-12T06:51:00+02:00,55,ajuntament-mercat,237,182,55,23.2
2026-09-12T04:52:00Z,2026-09-12T06:52:00+02:00,53,dr-robert,407,347,60,14.7
2026-09-12T04:52:00Z,2026-09-12T06:52:00+02:00,54,placa-vella,297,235,62,20.9
2026-09-12T04:52:00Z,2026-09-12T06:52:00+02:00,55,ajuntament-mercat,237,182,55,23.2
2026-09-12T04:53:00Z,2026-09-12T06:53:00+02:00,53,dr-robert,407,347,60,14.7
2026-09-12T04:53:00Z,2026-09-12T06:53:00+02:00,54,placa-vella,297,235,62,20.9
2026-09-12T04:53:00Z,2026-09-12T06:53:00+02:00,55,ajuntament-mercat,237,182,55,23.2
2026-09-12T04:54:00Z,2026-09-12T06:54:00+02:00,53,dr-robert,407,347,60,14.7
2026-09-12T04:54:00Z,2026-09-12T06:54:00+02:00,54,placa-vella,297,235,62,20.9
2026-09-12T04:54:00Z,2026-09-12T06:54:00+02:00,55,ajuntament-mercat,237,182,55,23.2
2026-09-12T04:55:00Z,2026-09-12T06:55:00+02:00,53,dr-robert,407,347,60,14.7
2026-09-12T04:55:00Z,2026-09-12T06:55:00+02:00,54,placa-vella,297,235,62,20.9
2026-09-12T04:55:00Z,2026-09-12T06:55:00+02:00,55,ajuntament-mercat,237,180,57,24.1
2026-09-12T04:56:00Z,2026-09-12T06:56:00+02:00,53,dr-robert,407,347,60,14.7
2026-09-12T04:56:00Z,2026-09-12T06:56:00+02:00,54,placa-vella,297,235,62,20.9
2026-09-12T04:56:00Z,2026-09-12T06:56:00+02:00,55,ajuntament-mercat,237,180,57,24.1
2026-09-12T04:57:00Z,2026-09-12T06:57:00+02:00,53,dr-robert,407,347,60,14.7
2026-09-12T04:57:00Z,2026-09-12T06:57:00+02:00,54,placa-vella,297,235,62,20.9
2026-09-12T04:57:00Z,2026-09-12T06:57:00+02:00,55,ajuntament-mercat,237,180,57,24.1
2026-09-12T04:58:00Z,2026-09-12T06:58:00+02:00,53,dr-robert,407,347,60,14.7
2026-09-12T04:58:00Z,2026-09-12T06:58:00+02:00,54,placa-vella,297,235,62,20.9
2026-09-12T04:58:00Z,2026-09-12T06:58:00+02:00,55,ajuntament-mercat,237,180,57,24.1
2026-09-12T04:59:00Z,2026-09-12T06:59:00+02:00,53,dr-robert,407,347,60,14.7
2026-09-12T04:59:00Z,2026-09-12T06:59:00+02:00,54,placa-vella,297,235,62,20.9
2026-09-12T04:59:00Z,2026-09-12T06:59:00+02:00,55,ajuntament-mercat,237,180,57,24.1
2026-09-12T05:00:00Z,2026-09-12T07:00:00+02:00,53,dr-robert,407,347,60,14.7
2026-09-12T05:00:00Z,2026-09-12T07:00:00+02:00,54,placa-vella,297,235,62,20.9
2026-09-12T05:00:00Z,2026-09-12T07:00:00+02:00,55,ajuntament-mercat,237,180,57,24.1
2026-09-12T05:01:00Z,2026-09-12T07:01:00+02:00,53,dr-robert,407,347,60,14.7
2026-09-12T05:01:00Z,2026-09-12T07:01:00+02:00,54,placa-vella,297,235,62,20.9
2026-09-12T05:01:00Z,2026-09-12T07:01:00+02:00,55,ajuntament-mercat,237,180,57,24.1
2026-09-12T05:02:00Z,2026-09-12T07:02:00+02:00,53,dr-robert,407,347,60,14.7
2026-09-12T05:02:00Z,2026-09-12T07:02:00+02:00,54,placa-vella,297,235,62,20.9
2026-09-12T05:02:00Z,2026-09-12T07:02:00+02:00,55,ajuntament-mercat,237,180,57,24.1
2026-09-12T05:03:00Z,2026-09-12T07:03:00+02:00,53,dr-robert,407,346,61,15
2026-09-12T05:03:00Z,2026-09-12T07:03:00+02:00,54,placa-vella,297,234,63,21.2
2026-09-12T05:03:00Z,2026-09-12T07:03:00+02:00,55,ajuntament-mercat,237,179,58,24.5
2026-09-12T05:04:00Z,2026-09-12T07:04:00+02:00,53,dr-robert,407,346,61,15
2026-09-12T05:04:00Z,2026-09-12T07:04:00+02:00,54,placa-vella,297,234,63,21.2
2026-09-12T05:04:00Z,2026-09-12T07:04:00+02:00,55,ajuntament-mercat,237,179,58,24.5
2026-09-12T05:05:00Z,2026-09-12T07:05:00+02:00,53,dr-robert,407,346,61,15
2026-09-12T05:05:00Z,2026-09-12T07:05:00+02:00,54,placa-vella,297,234,63,21.2
2026-09-12T05:05:00Z,2026-09-12T07:05:00+02:00,55,ajuntament-mercat,237,179,58,24.5
2026-09-12T05:06:00Z,2026-09-12T07:06:00+02:00,53,dr-robert,407,346,61,15
2026-09-12T05:06:00Z,2026-09-12T07:06:00+02:00,54,placa-vella,297,234,63,21.2
2026-09-12T05:06:00Z,2026-09-12T07:06:00+02:00,55,ajuntament-mercat,237,179,58,24.5
2026-09-12T05:07:00Z,2026-09-12T07:07:00+02:00,53,dr-robert,407,346,61,15
2026-09-12T05:07:00Z,2026-09-12T07:07:00+02:00,54,placa-vella,297,234,63,21.2
2026-09-12T05:07:00Z,2026-09-12T07:07:00+02:00,55,ajuntament-mercat,237,179,58,24.5
2026-09-12T05:08:00Z,2026-09-12T07:08:00+02:00,53,dr-robert,407,346,61,15
2026-09-12T05:08:00Z,2026-09-12T07:08:00+02:00,54,placa-vella,297,234,63,21.2
2026-09-12T05:08:00Z,2026-09-12T07:08:00+02:00,55,ajuntament-mercat,237,179,58,24.5
2026-09-12T05:09:00Z,2026-09-12T07:09:00+02:00,53,dr-robert,407,346,61,15
2026-09-12T05:09:00Z,2026-09-12T07:09:00+02:00,54,placa-vella,297,234,63,21.2
2026-09-12T05:09:00Z,2026-09-12T07:09:00+02:00,55,ajuntament-mercat,237,179,58,24.5
2026-09-12T05:10:00Z,2026-09-12T07:10:00+02:00,53,dr-robert,407,345,62,15.2
2026-09-12T05:10:00Z,2026-09-12T07:10:00+02:00,54,placa-vella,297,234,63,21.2
2026-09-12T05:10:00Z,2026-09-12T07:10:00+02:00,55,ajuntament-mercat,237,179,58,24.5
2026-09-12T05:11:00Z,2026-09-12T07:11:00+02:00,53,dr-robert,407,345,62,15.2
2026-09-12T05:11:00Z,2026-09-12T07:11:00+02:00,54,placa-vella,297,234,63,21.2
2026-09-12T05:11:00Z,2026-09-12T07:11:00+02:00,55,ajuntament-mercat,237,179,58,24.5
2026-09-12T05:12:00Z,2026-09-12T07:12:00+02:00,53,dr-robert,407,345,62,15.2
2026-09-12T05:12:00Z,2026-09-12T07:12:00+02:00,54,placa-vella,297,234,63,21.2
2026-09-12T05:12:00Z,2026-09-12T07:12:00+02:00,55,ajuntament-mercat,237,179,58,24.5
2026-09-12T05:13:00Z,2026-09-12T07:13:00+02:00,53,dr-robert,407,345,62,15.2
2026-09-12T05:13:00Z,2026-09-12T07:13:00+02:00,54,placa-vella,297,234,63,21.2
2026-09-12T05:13:00Z,2026-09-12T07:13:00+02:00,55,ajuntament-mercat,237,179,58,24.5
2026-09-12T05:14:00Z,2026-09-12T07:14:00+02:00,53,dr-robert,407,345,62,15.2
2026-09-12T05:14:00Z,2026-09-12T07:14:00+02:00,54,placa-vella,297,234,63,21.2
2026-09-12T05:14:00Z,2026-09-12T07:14:00+02:00,55,ajuntament-mercat,237,179,58,24.5
2026-09-12T05:15:00Z,2026-09-12T07:15:00+02:00,53,dr-robert,407,345,62,15.2
2026-09-12T05:15:00Z,2026-09-12T07:15:00+02:00,54,placa-vella,297,234,63,21.2
2026-09-12T05:15:00Z,2026-09-12T07:15:00+02:00,55,ajuntament-mercat,237,179,58,24.5
2026-09-12T05:16:00Z,2026-09-12T07:16:00+02:00,53,dr-robert,407,345,62,15.2
2026-09-12T05:16:00Z,2026-09-12T07:16:00+02:00,54,placa-vella,297,234,63,21.2
2026-09-12T05:16:00Z,2026-09-12T07:16:00+02:00,55,ajuntament-mercat,237,179,58,24.5
2026-09-12T05:17:00Z,2026-09-12T07:17:00+02:00,53,dr-robert,407,345,62,15.2
2026-09-12T05:17:00Z,2026-09-12T07:17:00+02:00,54,placa-vella,297,234,63,21.2
2026-09-12T05:17:00Z,2026-09-12T07:17:00+02:00,55,ajuntament-mercat,237,179,58,24.5
2026-09-12T05:18:00Z,2026-09-12T07:18:00+02:00,53,dr-robert,407,345,62,15.2
2026-09-12T05:18:00Z,2026-09-12T07:18:00+02:00,54,placa-vella,297,234,63,21.2
2026-09-12T05:18:00Z,2026-09-12T07:18:00+02:00,55,ajuntament-mercat,237,179,58,24.5
2026-09-12T05:19:00Z,2026-09-12T07:19:00+02:00,53,dr-robert,407,345,62,15.2
2026-09-12T05:19:00Z,2026-09-12T07:19:00+02:00,54,placa-vella,297,234,63,21.2
2026-09-12T05:19:00Z,2026-09-12T07:19:00+02:00,55,ajuntament-mercat,237,179,58,24.5
2026-09-12T05:20:00Z,2026-09-12T07:20:00+02:00,53,dr-robert,407,345,62,15.2
2026-09-12T05:20:00Z,2026-09-12T07:20:00+02:00,54,placa-vella,297,235,62,20.9
2026-09-12T05:20:00Z,2026-09-12T07:20:00+02:00,55,ajuntament-mercat,237,179,58,24.5
2026-09-12T05:21:00Z,2026-09-12T07:21:00+02:00,53,dr-robert,407,345,62,15.2
2026-09-12T05:21:00Z,2026-09-12T07:21:00+02:00,54,placa-vella,297,235,62,20.9
2026-09-12T05:21:00Z,2026-09-12T07:21:00+02:00,55,ajuntament-mercat,237,179,58,24.5
2026-09-12T05:22:00Z,2026-09-12T07:22:00+02:00,53,dr-robert,407,345,62,15.2
2026-09-12T05:22:00Z,2026-09-12T07:22:00+02:00,54,placa-vella,297,235,62,20.9
2026-09-12T05:22:00Z,2026-09-12T07:22:00+02:00,55,ajuntament-mercat,237,179,58,24.5
2026-09-12T05:23:00Z,2026-09-12T07:23:00+02:00,53,dr-robert,407,345,62,15.2
2026-09-12T05:23:00Z,2026-09-12T07:23:00+02:00,54,placa-vella,297,235,62,20.9
2026-09-12T05:23:00Z,2026-09-12T07:23:00+02:00,55,ajuntament-mercat,237,179,58,24.5
2026-09-12T05:24:00Z,2026-09-12T07:24:00+02:00,53,dr-robert,407,345,62,15.2
2026-09-12T05:24:00Z,2026-09-12T07:24:00+02:00,54,placa-vella,297,235,62,20.9
2026-09-12T05:24:00Z,2026-09-12T07:24:00+02:00,55,ajuntament-mercat,237,179,58,24.5
2026-09-12T05:25:00Z,2026-09-12T07:25:00+02:00,53,dr-robert,407,344,63,15.5
2026-09-12T05:25:00Z,2026-09-12T07:25:00+02:00,54,placa-vella,297,235,62,20.9
2026-09-12T05:25:00Z,2026-09-12T07:25:00+02:00,55,ajuntament-mercat,237,179,58,24.5
2026-09-12T05:26:00Z,2026-09-12T07:26:00+02:00,53,dr-robert,407,344,63,15.5
2026-09-12T05:26:00Z,2026-09-12T07:26:00+02:00,54,placa-vella,297,235,62,20.9
2026-09-12T05:26:00Z,2026-09-12T07:26:00+02:00,55,ajuntament-mercat,237,179,58,24.5
2026-09-12T05:27:00Z,2026-09-12T07:27:00+02:00,53,dr-robert,407,344,63,15.5
2026-09-12T05:27:00Z,2026-09-12T07:27:00+02:00,54,placa-vella,297,235,62,20.9
2026-09-12T05:27:00Z,2026-09-12T07:27:00+02:00,55,ajuntament-mercat,237,179,58,24.5
2026-09-12T05:28:00Z,2026-09-12T07:28:00+02:00,53,dr-robert,407,344,63,15.5
2026-09-12T05:28:00Z,2026-09-12T07:28:00+02:00,54,placa-vella,297,235,62,20.9
2026-09-12T05:28:00Z,2026-09-12T07:28:00+02:00,55,ajuntament-mercat,237,179,58,24.5
2026-09-12T05:29:00Z,2026-09-12T07:29:00+02:00,53,dr-robert,407,344,63,15.5
2026-09-12T05:29:00Z,2026-09-12T07:29:00+02:00,54,placa-vella,297,235,62,20.9
2026-09-12T05:29:00Z,2026-09-12T07:29:00+02:00,55,ajuntament-mercat,237,179,58,24.5
2026-09-12T05:30:00Z,2026-09-12T07:30:00+02:00,53,dr-robert,407,344,63,15.5
2026-09-12T05:30:00Z,2026-09-12T07:30:00+02:00,54,placa-vella,297,236,61,20.5
2026-09-12T05:30:00Z,2026-09-12T07:30:00+02:00,55,ajuntament-mercat,237,178,59,24.9
2026-09-12T05:31:00Z,2026-09-12T07:31:00+02:00,53,dr-robert,407,344,63,15.5
2026-09-12T05:31:00Z,2026-09-12T07:31:00+02:00,54,placa-vella,297,236,61,20.5
2026-09-12T05:31:00Z,2026-09-12T07:31:00+02:00,55,ajuntament-mercat,237,178,59,24.9
2026-09-12T05:32:00Z,2026-09-12T07:32:00+02:00,53,dr-robert,407,344,63,15.5
2026-09-12T05:32:00Z,2026-09-12T07:32:00+02:00,54,placa-vella,297,236,61,20.5
2026-09-12T05:32:00Z,2026-09-12T07:32:00+02:00,55,ajuntament-mercat,237,178,59,24.9
2026-09-12T05:33:00Z,2026-09-12T07:33:00+02:00,53,dr-robert,407,344,63,15.5
2026-09-12T05:33:00Z,2026-09-12T07:33:00+02:00,54,placa-vella,297,236,61,20.5
2026-09-12T05:33:00Z,2026-09-12T07:33:00+02:00,55,ajuntament-mercat,237,178,59,24.9
2026-09-12T05:34:00Z,2026-09-12T07:34:00+02:00,53,dr-robert,407,344,63,15.5
2026-09-12T05:34:00Z,2026-09-12T07:34:00+02:00,54,placa-vella,297,236,61,20.5
2026-09-12T05:34:00Z,2026-09-12T07:34:00+02:00,55,ajuntament-mercat,237,178,59,24.9
2026-09-12T05:35:00Z,2026-09-12T07:35:00+02:00,53,dr-robert,407,343,64,15.7
2026-09-12T05:35:00Z,2026-09-12T07:35:00+02:00,54,placa-vella,297,236,61,20.5
2026-09-12T05:35:00Z,2026-09-12T07:35:00+02:00,55,ajuntament-mercat,237,178,59,24.9
2026-09-12T05:36:00Z,2026-09-12T07:36:00+02:00,53,dr-robert,407,343,64,15.7
2026-09-12T05:36:00Z,2026-09-12T07:36:00+02:00,54,placa-vella,297,236,61,20.5
2026-09-12T05:36:00Z,2026-09-12T07:36:00+02:00,55,ajuntament-mercat,237,178,59,24.9
2026-09-12T05:37:00Z,2026-09-12T07:37:00+02:00,53,dr-robert,407,343,64,15.7
2026-09-12T05:37:00Z,2026-09-12T07:37:00+02:00,54,placa-vella,297,236,61,20.5
2026-09-12T05:37:00Z,2026-09-12T07:37:00+02:00,55,ajuntament-mercat,237,178,59,24.9
2026-09-12T05:38:00Z,2026-09-12T07:38:00+02:00,53,dr-robert,407,343,64,15.7
2026-09-12T05:38:00Z,2026-09-12T07:38:00+02:00,54,placa-vella,297,236,61,20.5
2026-09-12T05:38:00Z,2026-09-12T07:38:00+02:00,55,ajuntament-mercat,237,178,59,24.9
2026-09-12T05:39:00Z,2026-09-12T07:39:00+02:00,53,dr-robert,407,343,64,15.7
2026-09-12T05:39:00Z,2026-09-12T07:39:00+02:00,54,placa-vella,297,236,61,20.5
2026-09-12T05:39:00Z,2026-09-12T07:39:00+02:00,55,ajuntament-mercat,237,178,59,24.9
2026-09-12T05:40:00Z,2026-09-12T07:40:00+02:00,53,dr-robert,407,343,64,15.7
2026-09-12T05:40:00Z,2026-09-12T07:40:00+02:00,54,placa-vella,297,236,61,20.5
2026-09-12T05:40:00Z,2026-09-12T07:40:00+02:00,55,ajuntament-mercat,237,178,59,24.9
2026-09-12T05:41:00Z,2026-09-12T07:41:00+02:00,53,dr-robert,407,343,64,15.7
2026-09-12T05:41:00Z,2026-09-12T07:41:00+02:00,54,placa-vella,297,237,60,20.2
2026-09-12T05:41:00Z,2026-09-12T07:41:00+02:00,55,ajuntament-mercat,237,177,60,25.3
2026-09-12T05:42:00Z,2026-09-12T07:42:00+02:00,53,dr-robert,407,343,64,15.7
2026-09-12T05:42:00Z,2026-09-12T07:42:00+02:00,54,placa-vella,297,237,60,20.2
2026-09-12T05:42:00Z,2026-09-12T07:42:00+02:00,55,ajuntament-mercat,237,177,60,25.3
2026-09-12T05:43:00Z,2026-09-12T07:43:00+02:00,53,dr-robert,407,343,64,15.7
2026-09-12T05:43:00Z,2026-09-12T07:43:00+02:00,54,placa-vella,297,237,60,20.2
2026-09-12T05:43:00Z,2026-09-12T07:43:00+02:00,55,ajuntament-mercat,237,177,60,25.3
2026-09-12T05:44:00Z,2026-09-12T07:44:00+02:00,53,dr-robert,407,343,64,15.7
2026-09-12T05:44:00Z,2026-09-12T07:44:00+02:00,54,placa-vella,297,237,60,20.2
2026-09-12T05:44:00Z,2026-09-12T07:44:00+02:00,55,ajuntament-mercat,237,177,60,25.3
2026-09-12T05:45:00Z,2026-09-12T07:45:00+02:00,53,dr-robert,407,343,64,15.7
2026-09-12T05:45:00Z,2026-09-12T07:45:00+02:00,54,placa-vella,297,237,60,20.2
2026-09-12T05:45:00Z,2026-09-12T07:45:00+02:00,55,ajuntament-mercat,237,175,62,26.2
2026-09-12T05:46:00Z,2026-09-12T07:46:00+02:00,53,dr-robert,407,343,64,15.7
2026-09-12T05:46:00Z,2026-09-12T07:46:00+02:00,54,placa-vella,297,237,60,20.2
2026-09-12T05:46:00Z,2026-09-12T07:46:00+02:00,55,ajuntament-mercat,237,175,62,26.2
2026-09-12T05:47:00Z,2026-09-12T07:47:00+02:00,53,dr-robert,407,343,64,15.7
2026-09-12T05:47:00Z,2026-09-12T07:47:00+02:00,54,placa-vella,297,237,60,20.2
2026-09-12T05:47:00Z,2026-09-12T07:47:00+02:00,55,ajuntament-mercat,237,175,62,26.2
2026-09-12T05:48:00Z,2026-09-12T07:48:00+02:00,53,dr-robert,407,343,64,15.7
2026-09-12T05:48:00Z,2026-09-12T07:48:00+02:00,54,placa-vella,297,237,60,20.2
2026-09-12T05:48:00Z,2026-09-12T07:48:00+02:00,55,ajuntament-mercat,237,175,62,26.2
2026-09-12T05:49:00Z,2026-09-12T07:49:00+02:00,53,dr-robert,407,343,64,15.7
2026-09-12T05:49:00Z,2026-09-12T07:49:00+02:00,54,placa-vella,297,237,60,20.2
2026-09-12T05:49:00Z,2026-09-12T07:49:00+02:00,55,ajuntament-mercat,237,175,62,26.2
2026-09-12T05:50:00Z,2026-09-12T07:50:00+02:00,53,dr-robert,407,342,65,16
2026-09-12T05:50:00Z,2026-09-12T07:50:00+02:00,54,placa-vella,297,236,61,20.5
2026-09-12T05:50:00Z,2026-09-12T07:50:00+02:00,55,ajuntament-mercat,237,174,63,26.6
2026-09-12T05:51:00Z,2026-09-12T07:51:00+02:00,53,dr-robert,407,342,65,16
2026-09-12T05:51:00Z,2026-09-12T07:51:00+02:00,54,placa-vella,297,236,61,20.5
2026-09-12T05:51:00Z,2026-09-12T07:51:00+02:00,55,ajuntament-mercat,237,174,63,26.6
2026-09-12T05:52:00Z,2026-09-12T07:52:00+02:00,53,dr-robert,407,342,65,16
2026-09-12T05:52:00Z,2026-09-12T07:52:00+02:00,54,placa-vella,297,236,61,20.5
2026-09-12T05:52:00Z,2026-09-12T07:52:00+02:00,55,ajuntament-mercat,237,174,63,26.6
2026-09-12T05:53:00Z,2026-09-12T07:53:00+02:00,53,dr-robert,407,342,65,16
2026-09-12T05:53:00Z,2026-09-12T07:53:00+02:00,54,placa-vella,297,236,61,20.5
2026-09-12T05:53:00Z,2026-09-12T07:53:00+02:00,55,ajuntament-mercat,237,174,63,26.6
2026-09-12T05:54:00Z,2026-09-12T07:54:00+02:00,53,dr-robert,407,342,65,16
2026-09-12T05:54:00Z,2026-09-12T07:54:00+02:00,54,placa-vella,297,236,61,20.5
2026-09-12T05:54:00Z,2026-09-12T07:54:00+02:00,55,ajuntament-mercat,237,174,63,26.6
2026-09-12T05:55:00Z,2026-09-12T07:55:00+02:00,53,dr-robert,407,345,62,15.2
2026-09-12T05:55:00Z,2026-09-12T07:55:00+02:00,54,placa-vella,297,236,61,20.5
2026-09-12T05:55:00Z,2026-09-12T07:55:00+02:00,55,ajuntament-mercat,237,175,62,26.2
2026-09-12T05:56:00Z,2026-09-12T07:56:00+02:00,53,dr-robert,407,345,62,15.2
2026-09-12T05:56:00Z,2026-09-12T07:56:00+02:00,54,placa-vella,297,236,61,20.5
2026-09-12T05:56:00Z,2026-09-12T07:56:00+02:00,55,ajuntament-mercat,237,175,62,26.2
2026-09-12T05:57:00Z,2026-09-12T07:57:00+02:00,53,dr-robert,407,345,62,15.2
2026-09-12T05:57:00Z,2026-09-12T07:57:00+02:00,54,placa-vella,297,236,61,20.5
2026-09-12T05:57:00Z,2026-09-12T07:57:00+02:00,55,ajuntament-mercat,237,175,62,26.2
2026-09-12T05:58:00Z,2026-09-12T07:58:00+02:00,53,dr-robert,407,345,62,15.2
2026-09-12T05:58:00Z,2026-09-12T07:58:00+02:00,54,placa-vella,297,236,61,20.5
2026-09-12T05:58:00Z,2026-09-12T07:58:00+02:00,55,ajuntament-mercat,237,175,62,26.2
2026-09-12T05:59:00Z,2026-09-12T07:59:00+02:00,53,dr-robert,407,345,62,15.2
2026-09-12T05:59:00Z,2026-09-12T07:59:00+02:00,54,placa-vella,297,236,61,20.5
2026-09-12T05:59:00Z,2026-09-12T07:59:00+02:00,55,ajuntament-mercat,237,175,62,26.2
2026-09-12T06:00:00Z,2026-09-12T08:00:00+02:00,53,dr-robert,407,345,62,15.2
2026-09-12T06:00:00Z,2026-09-12T08:00:00+02:00,54,placa-vella,297,236,61,20.5
2026-09-12T06:00:00Z,2026-09-12T08:00:00+02:00,55,ajuntament-mercat,237,175,62,26.2
2026-09-12T06:01:00Z,2026-09-12T08:01:00+02:00,53,dr-robert,407,345,62,15.2
2026-09-12T06:01:00Z,2026-09-12T08:01:00+02:00,54,placa-vella,297,236,61,20.5
2026-09-12T06:01:00Z,2026-09-12T08:01:00+02:00,55,ajuntament-mercat,237,170,67,28.3
2026-09-12T06:02:00Z,2026-09-12T08:02:00+02:00,53,dr-robert,407,345,62,15.2
2026-09-12T06:02:00Z,2026-09-12T08:02:00+02:00,54,placa-vella,297,236,61,20.5
2026-09-12T06:02:00Z,2026-09-12T08:02:00+02:00,55,ajuntament-mercat,237,170,67,28.3
2026-09-12T06:03:00Z,2026-09-12T08:03:00+02:00,53,dr-robert,407,345,62,15.2
2026-09-12T06:03:00Z,2026-09-12T08:03:00+02:00,54,placa-vella,297,236,61,20.5
2026-09-12T06:03:00Z,2026-09-12T08:03:00+02:00,55,ajuntament-mercat,237,170,67,28.3
2026-09-12T06:04:00Z,2026-09-12T08:04:00+02:00,53,dr-robert,407,345,62,15.2
2026-09-12T06:04:00Z,2026-09-12T08:04:00+02:00,54,placa-vella,297,236,61,20.5
2026-09-12T06:04:00Z,2026-09-12T08:04:00+02:00,55,ajuntament-mercat,237,170,67,28.3
2026-09-12T06:05:00Z,2026-09-12T08:05:00+02:00,53,dr-robert,407,344,63,15.5
2026-09-12T06:05:00Z,2026-09-12T08:05:00+02:00,54,placa-vella,297,237,60,20.2
2026-09-12T06:05:00Z,2026-09-12T08:05:00+02:00,55,ajuntament-mercat,237,170,67,28.3
2026-09-12T06:06:00Z,2026-09-12T08:06:00+02:00,53,dr-robert,407,344,63,15.5
2026-09-12T06:06:00Z,2026-09-12T08:06:00+02:00,54,placa-vella,297,237,60,20.2
2026-09-12T06:06:00Z,2026-09-12T08:06:00+02:00,55,ajuntament-mercat,237,170,67,28.3
2026-09-12T06:07:00Z,2026-09-12T08:07:00+02:00,53,dr-robert,407,344,63,15.5
2026-09-12T06:07:00Z,2026-09-12T08:07:00+02:00,54,placa-vella,297,237,60,20.2
2026-09-12T06:07:00Z,2026-09-12T08:07:00+02:00,55,ajuntament-mercat,237,170,67,28.3
2026-09-12T06:08:00Z,2026-09-12T08:08:00+02:00,53,dr-robert,407,344,63,15.5
2026-09-12T06:08:00Z,2026-09-12T08:08:00+02:00,54,placa-vella,297,237,60,20.2
2026-09-12T06:08:00Z,2026-09-12T08:08:00+02:00,55,ajuntament-mercat,237,170,67,28.3
2026-09-12T06:09:00Z,2026-09-12T08:09:00+02:00,53,dr-robert,407,344,63,15.5
2026-09-12T06:09:00Z,2026-09-12T08:09:00+02:00,54,placa-vella,297,237,60,20.2
2026-09-12T06:09:00Z,2026-09-12T08:09:00+02:00,55,ajuntament-mercat,237,170,67,28.3
2026-09-12T06:10:00Z,2026-09-12T08:10:00+02:00,53,dr-robert,407,345,62,15.2
2026-09-12T06:10:00Z,2026-09-12T08:10:00+02:00,54,placa-vella,297,236,61,20.5
2026-09-12T06:10:00Z,2026-09-12T08:10:00+02:00,55,ajuntament-mercat,237,168,69,29.1
2026-09-12T06:11:00Z,2026-09-12T08:11:00+02:00,53,dr-robert,407,345,62,15.2
2026-09-12T06:11:00Z,2026-09-12T08:11:00+02:00,54,placa-vella,297,236,61,20.5
2026-09-12T06:11:00Z,2026-09-12T08:11:00+02:00,55,ajuntament-mercat,237,168,69,29.1
2026-09-12T06:12:00Z,2026-09-12T08:12:00+02:00,53,dr-robert,407,345,62,15.2
2026-09-12T06:12:00Z,2026-09-12T08:12:00+02:00,54,placa-vella,297,236,61,20.5
2026-09-12T06:12:00Z,2026-09-12T08:12:00+02:00,55,ajuntament-mercat,237,168,69,29.1
2026-09-12T06:13:00Z,2026-09-12T08:13:00+02:00,53,dr-robert,407,345,62,15.2
2026-09-12T06:13:00Z,2026-09-12T08:13:00+02:00,54,placa-vella,297,236,61,20.5
2026-09-12T06:13:00Z,2026-09-12T08:13:00+02:00,55,ajuntament-mercat,237,168,69,29.1
2026-09-12T06:14:00Z,2026-09-12T08:14:00+02:00,53,dr-robert,407,345,62,15.2
2026-09-12T06:14:00Z,2026-09-12T08:14:00+02:00,54,placa-vella,297,236,61,20.5
2026-09-12T06:14:00Z,2026-09-12T08:14:00+02:00,55,ajuntament-mercat,237,168,69,29.1
2026-09-12T06:15:00Z,2026-09-12T08:15:00+02:00,53,dr-robert,407,344,63,15.5
2026-09-12T06:15:00Z,2026-09-12T08:15:00+02:00,54,placa-vella,297,236,61,20.5
2026-09-12T06:15:00Z,2026-09-12T08:15:00+02:00,55,ajuntament-mercat,237,166,71,30
2026-09-12T06:16:00Z,2026-09-12T08:16:00+02:00,53,dr-robert,407,344,63,15.5
2026-09-12T06:16:00Z,2026-09-12T08:16:00+02:00,54,placa-vella,297,236,61,20.5
2026-09-12T06:16:00Z,2026-09-12T08:16:00+02:00,55,ajuntament-mercat,237,166,71,30
2026-09-12T06:17:00Z,2026-09-12T08:17:00+02:00,53,dr-robert,407,344,63,15.5
2026-09-12T06:17:00Z,2026-09-12T08:17:00+02:00,54,placa-vella,297,236,61,20.5
2026-09-12T06:17:00Z,2026-09-12T08:17:00+02:00,55,ajuntament-mercat,237,166,71,30
2026-09-12T06:18:00Z,2026-09-12T08:18:00+02:00,53,dr-robert,407,344,63,15.5
2026-09-12T06:18:00Z,2026-09-12T08:18:00+02:00,54,placa-vella,297,236,61,20.5
2026-09-12T06:18:00Z,2026-09-12T08:18:00+02:00,55,ajuntament-mercat,237,166,71,30
2026-09-12T06:19:00Z,2026-09-12T08:19:00+02:00,53,dr-robert,407,344,63,15.5
2026-09-12T06:19:00Z,2026-09-12T08:19:00+02:00,54,placa-vella,297,236,61,20.5
2026-09-12T06:19:00Z,2026-09-12T08:19:00+02:00,55,ajuntament-mercat,237,166,71,30
2026-09-12T06:20:00Z,2026-09-12T08:20:00+02:00,53,dr-robert,407,342,65,16
2026-09-12T06:20:00Z,2026-09-12T08:20:00+02:00,54,placa-vella,297,233,64,21.5
2026-09-12T06:20:00Z,2026-09-12T08:20:00+02:00,55,ajuntament-mercat,237,165,72,30.4
2026-09-12T06:21:00Z,2026-09-12T08:21:00+02:00,53,dr-robert,407,342,65,16
2026-09-12T06:21:00Z,2026-09-12T08:21:00+02:00,54,placa-vella,297,233,64,21.5
2026-09-12T06:21:00Z,2026-09-12T08:21:00+02:00,55,ajuntament-mercat,237,165,72,30.4
2026-09-12T06:22:00Z,2026-09-12T08:22:00+02:00,53,dr-robert,407,342,65,16
2026-09-12T06:22:00Z,2026-09-12T08:22:00+02:00,54,placa-vella,297,233,64,21.5
2026-09-12T06:22:00Z,2026-09-12T08:22:00+02:00,55,ajuntament-mercat,237,165,72,30.4
2026-09-12T06:23:00Z,2026-09-12T08:23:00+02:00,53,dr-robert,407,342,65,16
2026-09-12T06:23:00Z,2026-09-12T08:23:00+02:00,54,placa-vella,297,233,64,21.5
2026-09-12T06:23:00Z,2026-09-12T08:23:00+02:00,55,ajuntament-mercat,237,165,72,30.4
2026-09-12T06:24:00Z,2026-09-12T08:24:00+02:00,53,dr-robert,407,342,65,16
2026-09-12T06:24:00Z,2026-09-12T08:24:00+02:00,54,placa-vella,297,233,64,21.5
2026-09-12T06:24:00Z,2026-09-12T08:24:00+02:00,55,ajuntament-mercat,237,165,72,30.4
2026-09-12T06:25:00Z,2026-09-12T08:25:00+02:00,54,placa-vella,297,233,64,21.5
2026-09-12T06:25:00Z,2026-09-12T08:25:00+02:00,55,ajuntament-mercat,237,160,77,32.5
2026-09-12T06:26:00Z,2026-09-12T08:26:00+02:00,54,placa-vella,297,233,64,21.5
2026-09-12T06:26:00Z,2026-09-12T08:26:00+02:00,55,ajuntament-mercat,237,160,77,32.5
2026-09-12T06:27:00Z,2026-09-12T08:27:00+02:00,54,placa-vella,297,233,64,21.5
2026-09-12T06:27:00Z,2026-09-12T08:27:00+02:00,55,ajuntament-mercat,237,160,77,32.5
2026-09-12T06:28:00Z,2026-09-12T08:28:00+02:00,54,placa-vella,297,233,64,21.5
2026-09-12T06:28:00Z,2026-09-12T08:28:00+02:00,55,ajuntament-mercat,237,160,77,32.5
2026-09-12T06:29:00Z,2026-09-12T08:29:00+02:00,54,placa-vella,297,233,64,21.5
2026-09-12T06:29:00Z,2026-09-12T08:29:00+02:00,55,ajuntament-mercat,237,160,77,32.5
2026-09-12T06:30:00Z,2026-09-12T08:30:00+02:00,53,dr-robert,407,340,67,16.5
2026-09-12T06:30:00Z,2026-09-12T08:30:00+02:00,54,placa-vella,297,234,63,21.2
2026-09-12T06:30:00Z,2026-09-12T08:30:00+02:00,55,ajuntament-mercat,237,159,78,32.9
2026-09-12T06:31:00Z,2026-09-12T08:31:00+02:00,53,dr-robert,407,340,67,16.5
2026-09-12T06:31:00Z,2026-09-12T08:31:00+02:00,54,placa-vella,297,234,63,21.2
2026-09-12T06:31:00Z,2026-09-12T08:31:00+02:00,55,ajuntament-mercat,237,159,78,32.9
2026-09-12T06:32:00Z,2026-09-12T08:32:00+02:00,53,dr-robert,407,340,67,16.5
2026-09-12T06:32:00Z,2026-09-12T08:32:00+02:00,54,placa-vella,297,234,63,21.2
2026-09-12T06:32:00Z,2026-09-12T08:32:00+02:00,55,ajuntament-mercat,237,159,78,32.9
2026-09-12T06:33:00Z,2026-09-12T08:33:00+02:00,53,dr-robert,407,340,67,16.5
2026-09-12T06:33:00Z,2026-09-12T08:33:00+02:00,54,placa-vella,297,234,63,21.2
2026-09-12T06:33:00Z,2026-09-12T08:33:00+02:00,55,ajuntament-mercat,237,159,78,32.9
2026-09-12T06:34:00Z,2026-09-12T08:34:00+02:00,53,dr-robert,407,340,67,16.5
2026-09-12T06:34:00Z,2026-09-12T08:34:00+02:00,54,placa-vella,297,234,63,21.2
2026-09-12T06:34:00Z,2026-09-12T08:34:00+02:00,55,ajuntament-mercat,237,159,78,32.9
2026-09-12T06:35:00Z,2026-09-12T08:35:00+02:00,53,dr-robert,407,340,67,16.5
2026-09-12T06:35:00Z,2026-09-12T08:35:00+02:00,54,placa-vella,297,234,63,21.2
2026-09-12T06:35:00Z,2026-09-12T08:35:00+02:00,55,ajuntament-mercat,237,155,82,34.6
2026-09-12T06:36:00Z,2026-09-12T08:36:00+02:00,53,dr-robert,407,340,67,16.5
2026-09-12T06:36:00Z,2026-09-12T08:36:00+02:00,54,placa-vella,297,234,63,21.2
2026-09-12T06:36:00Z,2026-09-12T08:36:00+02:00,55,ajuntament-mercat,237,155,82,34.6
2026-09-12T06:37:00Z,2026-09-12T08:37:00+02:00,53,dr-robert,407,340,67,16.5
2026-09-12T06:37:00Z,2026-09-12T08:37:00+02:00,54,placa-vella,297,234,63,21.2
2026-09-12T06:37:00Z,2026-09-12T08:37:00+02:00,55,ajuntament-mercat,237,155,82,34.6
2026-09-12T06:38:00Z,2026-09-12T08:38:00+02:00,53,dr-robert,407,340,67,16.5
2026-09-12T06:38:00Z,2026-09-12T08:38:00+02:00,54,placa-vella,297,234,63,21.2
2026-09-12T06:38:00Z,2026-09-12T08:38:00+02:00,55,ajuntament-mercat,237,155,82,34.6
2026-09-12T06:39:00Z,2026-09-12T08:39:00+02:00,53,dr-robert,407,340,67,16.5
2026-09-12T06:39:00Z,2026-09-12T08:39:00+02:00,54,placa-vella,297,234,63,21.2
2026-09-12T06:39:00Z,2026-09-12T08:39:00+02:00,55,ajuntament-mercat,237,155,82,34.6
2026-09-12T06:40:00Z,2026-09-12T08:40:00+02:00,53,dr-robert,407,340,67,16.5
2026-09-12T06:40:00Z,2026-09-12T08:40:00+02:00,54,placa-vella,297,233,64,21.5
2026-09-12T06:40:00Z,2026-09-12T08:40:00+02:00,55,ajuntament-mercat,237,153,84,35.4
2026-09-12T06:41:00Z,2026-09-12T08:41:00+02:00,53,dr-robert,407,340,67,16.5
2026-09-12T06:41:00Z,2026-09-12T08:41:00+02:00,54,placa-vella,297,233,64,21.5
2026-09-12T06:41:00Z,2026-09-12T08:41:00+02:00,55,ajuntament-mercat,237,153,84,35.4
2026-09-12T06:42:00Z,2026-09-12T08:42:00+02:00,53,dr-robert,407,340,67,16.5
2026-09-12T06:42:00Z,2026-09-12T08:42:00+02:00,54,placa-vella,297,233,64,21.5
2026-09-12T06:42:00Z,2026-09-12T08:42:00+02:00,55,ajuntament-mercat,237,153,84,35.4
2026-09-12T06:43:00Z,2026-09-12T08:43:00+02:00,53,dr-robert,407,340,67,16.5
2026-09-12T06:43:00Z,2026-09-12T08:43:00+02:00,54,placa-vella,297,233,64,21.5
2026-09-12T06:43:00Z,2026-09-12T08:43:00+02:00,55,ajuntament-mercat,237,153,84,35.4
2026-09-12T06:44:00Z,2026-09-12T08:44:00+02:00,53,dr-robert,407,340,67,16.5
2026-09-12T06:44:00Z,2026-09-12T08:44:00+02:00,54,placa-vella,297,233,64,21.5
2026-09-12T06:44:00Z,2026-09-12T08:44:00+02:00,55,ajuntament-mercat,237,153,84,35.4
2026-09-12T06:45:00Z,2026-09-12T08:45:00+02:00,53,dr-robert,407,340,67,16.5
2026-09-12T06:45:00Z,2026-09-12T08:45:00+02:00,54,placa-vella,297,233,64,21.5
2026-09-12T06:45:00Z,2026-09-12T08:45:00+02:00,55,ajuntament-mercat,237,147,90,38
2026-09-12T06:46:00Z,2026-09-12T08:46:00+02:00,53,dr-robert,407,340,67,16.5
2026-09-12T06:46:00Z,2026-09-12T08:46:00+02:00,54,placa-vella,297,233,64,21.5
2026-09-12T06:46:00Z,2026-09-12T08:46:00+02:00,55,ajuntament-mercat,237,147,90,38
2026-09-12T06:47:00Z,2026-09-12T08:47:00+02:00,53,dr-robert,407,340,67,16.5
2026-09-12T06:47:00Z,2026-09-12T08:47:00+02:00,54,placa-vella,297,233,64,21.5
2026-09-12T06:47:00Z,2026-09-12T08:47:00+02:00,55,ajuntament-mercat,237,147,90,38
2026-09-12T06:48:00Z,2026-09-12T08:48:00+02:00,53,dr-robert,407,340,67,16.5
2026-09-12T06:48:00Z,2026-09-12T08:48:00+02:00,54,placa-vella,297,233,64,21.5
2026-09-12T06:48:00Z,2026-09-12T08:48:00+02:00,55,ajuntament-mercat,237,147,90,38
2026-09-12T06:49:00Z,2026-09-12T08:49:00+02:00,53,dr-robert,407,340,67,16.5
2026-09-12T06:49:00Z,2026-09-12T08:49:00+02:00,54,placa-vella,297,233,64,21.5
2026-09-12T06:49:00Z,2026-09-12T08:49:00+02:00,55,ajuntament-mercat,237,147,90,38
2026-09-12T06:50:00Z,2026-09-12T08:50:00+02:00,53,dr-robert,407,338,69,17
2026-09-12T06:50:00Z,2026-09-12T08:50:00+02:00,54,placa-vella,297,233,64,21.5
2026-09-12T06:50:00Z,2026-09-12T08:50:00+02:00,55,ajuntament-mercat,237,148,89,37.6
2026-09-12T06:51:00Z,2026-09-12T08:51:00+02:00,53,dr-robert,407,338,69,17
2026-09-12T06:51:00Z,2026-09-12T08:51:00+02:00,54,placa-vella,297,233,64,21.5
2026-09-12T06:51:00Z,2026-09-12T08:51:00+02:00,55,ajuntament-mercat,237,148,89,37.6
2026-09-12T06:52:00Z,2026-09-12T08:52:00+02:00,53,dr-robert,407,338,69,17
2026-09-12T06:52:00Z,2026-09-12T08:52:00+02:00,54,placa-vella,297,233,64,21.5
2026-09-12T06:52:00Z,2026-09-12T08:52:00+02:00,55,ajuntament-mercat,237,148,89,37.6
2026-09-12T06:53:00Z,2026-09-12T08:53:00+02:00,53,dr-robert,407,338,69,17
2026-09-12T06:53:00Z,2026-09-12T08:53:00+02:00,54,placa-vella,297,233,64,21.5
2026-09-12T06:53:00Z,2026-09-12T08:53:00+02:00,55,ajuntament-mercat,237,148,89,37.6
2026-09-12T06:54:00Z,2026-09-12T08:54:00+02:00,53,dr-robert,407,338,69,17
2026-09-12T06:54:00Z,2026-09-12T08:54:00+02:00,54,placa-vella,297,233,64,21.5
2026-09-12T06:54:00Z,2026-09-12T08:54:00+02:00,55,ajuntament-mercat,237,148,89,37.6
2026-09-12T06:55:00Z,2026-09-12T08:55:00+02:00,53,dr-robert,407,339,68,16.7
2026-09-12T06:55:00Z,2026-09-12T08:55:00+02:00,54,placa-vella,297,234,63,21.2
2026-09-12T06:55:00Z,2026-09-12T08:55:00+02:00,55,ajuntament-mercat,237,148,89,37.6
2026-09-12T06:56:00Z,2026-09-12T08:56:00+02:00,53,dr-robert,407,339,68,16.7
2026-09-12T06:56:00Z,2026-09-12T08:56:00+02:00,54,placa-vella,297,234,63,21.2
2026-09-12T06:56:00Z,2026-09-12T08:56:00+02:00,55,ajuntament-mercat,237,148,89,37.6
2026-09-12T06:57:00Z,2026-09-12T08:57:00+02:00,53,dr-robert,407,339,68,16.7
2026-09-12T06:57:00Z,2026-09-12T08:57:00+02:00,54,placa-vella,297,234,63,21.2
2026-09-12T06:57:00Z,2026-09-12T08:57:00+02:00,55,ajuntament-mercat,237,148,89,37.6
2026-09-12T06:58:00Z,2026-09-12T08:58:00+02:00,53,dr-robert,407,339,68,16.7
2026-09-12T06:58:00Z,2026-09-12T08:58:00+02:00,54,placa-vella,297,234,63,21.2
2026-09-12T06:58:00Z,2026-09-12T08:58:00+02:00,55,ajuntament-mercat,237,148,89,37.6
2026-09-12T06:59:00Z,2026-09-12T08:59:00+02:00,53,dr-robert,407,339,68,16.7
2026-09-12T06:59:00Z,2026-09-12T08:59:00+02:00,54,placa-vella,297,234,63,21.2
2026-09-12T06:59:00Z,2026-09-12T08:59:00+02:00,55,ajuntament-mercat,237,148,89,37.6
2026-09-12T07:00:00Z,2026-09-12T09:00:00+02:00,53,dr-robert,407,339,68,16.7
2026-09-12T07:00:00Z,2026-09-12T09:00:00+02:00,54,placa-vella,297,234,63,21.2
2026-09-12T07:00:00Z,2026-09-12T09:00:00+02:00,55,ajuntament-mercat,237,148,89,37.6
2026-09-12T07:01:00Z,2026-09-12T09:01:00+02:00,53,dr-robert,407,339,68,16.7
2026-09-12T07:01:00Z,2026-09-12T09:01:00+02:00,54,placa-vella,297,235,62,20.9
2026-09-12T07:01:00Z,2026-09-12T09:01:00+02:00,55,ajuntament-mercat,237,145,92,38.8
2026-09-12T07:02:00Z,2026-09-12T09:02:00+02:00,53,dr-robert,407,339,68,16.7
2026-09-12T07:02:00Z,2026-09-12T09:02:00+02:00,54,placa-vella,297,235,62,20.9
2026-09-12T07:02:00Z,2026-09-12T09:02:00+02:00,55,ajuntament-mercat,237,145,92,38.8
2026-09-12T07:03:00Z,2026-09-12T09:03:00+02:00,53,dr-robert,407,339,68,16.7
2026-09-12T07:03:00Z,2026-09-12T09:03:00+02:00,54,placa-vella,297,235,62,20.9
2026-09-12T07:03:00Z,2026-09-12T09:03:00+02:00,55,ajuntament-mercat,237,145,92,38.8
2026-09-12T07:04:00Z,2026-09-12T09:04:00+02:00,53,dr-robert,407,339,68,16.7
2026-09-12T07:04:00Z,2026-09-12T09:04:00+02:00,54,placa-vella,297,235,62,20.9
2026-09-12T07:04:00Z,2026-09-12T09:04:00+02:00,55,ajuntament-mercat,237,145,92,38.8
2026-09-12T07:05:00Z,2026-09-12T09:05:00+02:00,53,dr-robert,407,337,70,17.2
2026-09-12T07:05:00Z,2026-09-12T09:05:00+02:00,54,placa-vella,297,235,62,20.9
2026-09-12T07:05:00Z,2026-09-12T09:05:00+02:00,55,ajuntament-mercat,237,140,97,40.9
2026-09-12T07:06:00Z,2026-09-12T09:06:00+02:00,53,dr-robert,407,337,70,17.2
2026-09-12T07:06:00Z,2026-09-12T09:06:00+02:00,54,placa-vella,297,235,62,20.9
2026-09-12T07:06:00Z,2026-09-12T09:06:00+02:00,55,ajuntament-mercat,237,140,97,40.9
2026-09-12T07:07:00Z,2026-09-12T09:07:00+02:00,53,dr-robert,407,337,70,17.2
2026-09-12T07:07:00Z,2026-09-12T09:07:00+02:00,54,placa-vella,297,235,62,20.9
2026-09-12T07:07:00Z,2026-09-12T09:07:00+02:00,55,ajuntament-mercat,237,140,97,40.9
2026-09-12T07:08:00Z,2026-09-12T09:08:00+02:00,53,dr-robert,407,337,70,17.2
2026-09-12T07:08:00Z,2026-09-12T09:08:00+02:00,54,placa-vella,297,235,62,20.9
2026-09-12T07:08:00Z,2026-09-12T09:08:00+02:00,55,ajuntament-mercat,237,140,97,40.9
2026-09-12T07:09:00Z,2026-09-12T09:09:00+02:00,53,dr-robert,407,337,70,17.2
2026-09-12T07:09:00Z,2026-09-12T09:09:00+02:00,54,placa-vella,297,235,62,20.9
2026-09-12T07:09:00Z,2026-09-12T09:09:00+02:00,55,ajuntament-mercat,237,140,97,40.9
2026-09-12T07:10:00Z,2026-09-12T09:10:00+02:00,53,dr-robert,407,334,73,17.9
2026-09-12T07:10:00Z,2026-09-12T09:10:00+02:00,54,placa-vella,297,232,65,21.9
2026-09-12T07:10:00Z,2026-09-12T09:10:00+02:00,55,ajuntament-mercat,237,141,96,40.5
2026-09-12T07:11:00Z,2026-09-12T09:11:00+02:00,53,dr-robert,407,334,73,17.9
2026-09-12T07:11:00Z,2026-09-12T09:11:00+02:00,54,placa-vella,297,232,65,21.9
2026-09-12T07:11:00Z,2026-09-12T09:11:00+02:00,55,ajuntament-mercat,237,141,96,40.5
2026-09-12T07:12:00Z,2026-09-12T09:12:00+02:00,53,dr-robert,407,334,73,17.9
2026-09-12T07:12:00Z,2026-09-12T09:12:00+02:00,54,placa-vella,297,232,65,21.9
2026-09-12T07:12:00Z,2026-09-12T09:12:00+02:00,55,ajuntament-mercat,237,141,96,40.5
2026-09-12T07:13:00Z,2026-09-12T09:13:00+02:00,53,dr-robert,407,334,73,17.9
2026-09-12T07:13:00Z,2026-09-12T09:13:00+02:00,54,placa-vella,297,232,65,21.9
2026-09-12T07:13:00Z,2026-09-12T09:13:00+02:00,55,ajuntament-mercat,237,141,96,40.5
2026-09-12T07:14:00Z,2026-09-12T09:14:00+02:00,53,dr-robert,407,334,73,17.9
2026-09-12T07:14:00Z,2026-09-12T09:14:00+02:00,54,placa-vella,297,232,65,21.9
2026-09-12T07:14:00Z,2026-09-12T09:14:00+02:00,55,ajuntament-mercat,237,141,96,40.5
2026-09-12T07:15:00Z,2026-09-12T09:15:00+02:00,53,dr-robert,407,333,74,18.2
2026-09-12T07:15:00Z,2026-09-12T09:15:00+02:00,54,placa-vella,297,231,66,22.2
2026-09-12T07:15:00Z,2026-09-12T09:15:00+02:00,55,ajuntament-mercat,237,139,98,41.4
2026-09-12T07:16:00Z,2026-09-12T09:16:00+02:00,53,dr-robert,407,333,74,18.2
2026-09-12T07:16:00Z,2026-09-12T09:16:00+02:00,54,placa-vella,297,231,66,22.2
2026-09-12T07:16:00Z,2026-09-12T09:16:00+02:00,55,ajuntament-mercat,237,139,98,41.4
2026-09-12T07:17:00Z,2026-09-12T09:17:00+02:00,53,dr-robert,407,333,74,18.2
2026-09-12T07:17:00Z,2026-09-12T09:17:00+02:00,54,placa-vella,297,231,66,22.2
2026-09-12T07:17:00Z,2026-09-12T09:17:00+02:00,55,ajuntament-mercat,237,139,98,41.4
2026-09-12T07:18:00Z,2026-09-12T09:18:00+02:00,53,dr-robert,407,333,74,18.2
2026-09-12T07:18:00Z,2026-09-12T09:18:00+02:00,54,placa-vella,297,231,66,22.2
2026-09-12T07:18:00Z,2026-09-12T09:18:00+02:00,55,ajuntament-mercat,237,139,98,41.4
2026-09-12T07:19:00Z,2026-09-12T09:19:00+02:00,53,dr-robert,407,333,74,18.2
2026-09-12T07:19:00Z,2026-09-12T09:19:00+02:00,54,placa-vella,297,231,66,22.2
2026-09-12T07:19:00Z,2026-09-12T09:19:00+02:00,55,ajuntament-mercat,237,139,98,41.4
2026-09-12T07:20:00Z,2026-09-12T09:20:00+02:00,53,dr-robert,407,333,74,18.2
2026-09-12T07:20:00Z,2026-09-12T09:20:00+02:00,54,placa-vella,297,229,68,22.9
2026-09-12T07:20:00Z,2026-09-12T09:20:00+02:00,55,ajuntament-mercat,237,133,104,43.9
2026-09-12T07:21:00Z,2026-09-12T09:21:00+02:00,53,dr-robert,407,333,74,18.2
2026-09-12T07:21:00Z,2026-09-12T09:21:00+02:00,54,placa-vella,297,229,68,22.9
2026-09-12T07:21:00Z,2026-09-12T09:21:00+02:00,55,ajuntament-mercat,237,133,104,43.9
2026-09-12T07:22:00Z,2026-09-12T09:22:00+02:00,53,dr-robert,407,333,74,18.2
2026-09-12T07:22:00Z,2026-09-12T09:22:00+02:00,54,placa-vella,297,229,68,22.9
2026-09-12T07:22:00Z,2026-09-12T09:22:00+02:00,55,ajuntament-mercat,237,133,104,43.9
2026-09-12T07:23:00Z,2026-09-12T09:23:00+02:00,53,dr-robert,407,333,74,18.2
2026-09-12T07:23:00Z,2026-09-12T09:23:00+02:00,54,placa-vella,297,229,68,22.9
2026-09-12T07:23:00Z,2026-09-12T09:23:00+02:00,55,ajuntament-mercat,237,133,104,43.9
2026-09-12T07:24:00Z,2026-09-12T09:24:00+02:00,53,dr-robert,407,333,74,18.2
2026-09-12T07:24:00Z,2026-09-12T09:24:00+02:00,54,placa-vella,297,229,68,22.9
2026-09-12T07:24:00Z,2026-09-12T09:24:00+02:00,55,ajuntament-mercat,237,133,104,43.9
2026-09-12T07:25:00Z,2026-09-12T09:25:00+02:00,53,dr-robert,407,333,74,18.2
2026-09-12T07:25:00Z,2026-09-12T09:25:00+02:00,54,placa-vella,297,227,70,23.6
2026-09-12T07:25:00Z,2026-09-12T09:25:00+02:00,55,ajuntament-mercat,237,130,107,45.1
2026-09-12T07:26:00Z,2026-09-12T09:26:00+02:00,53,dr-robert,407,333,74,18.2
2026-09-12T07:26:00Z,2026-09-12T09:26:00+02:00,54,placa-vella,297,227,70,23.6
2026-09-12T07:26:00Z,2026-09-12T09:26:00+02:00,55,ajuntament-mercat,237,130,107,45.1
2026-09-12T07:27:00Z,2026-09-12T09:27:00+02:00,53,dr-robert,407,333,74,18.2
2026-09-12T07:27:00Z,2026-09-12T09:27:00+02:00,54,placa-vella,297,227,70,23.6
2026-09-12T07:27:00Z,2026-09-12T09:27:00+02:00,55,ajuntament-mercat,237,130,107,45.1
2026-09-12T07:28:00Z,2026-09-12T09:28:00+02:00,53,dr-robert,407,333,74,18.2
2026-09-12T07:28:00Z,2026-09-12T09:28:00+02:00,54,placa-vella,297,227,70,23.6
2026-09-12T07:28:00Z,2026-09-12T09:28:00+02:00,55,ajuntament-mercat,237,130,107,45.1
2026-09-12T07:29:00Z,2026-09-12T09:29:00+02:00,53,dr-robert,407,333,74,18.2
2026-09-12T07:29:00Z,2026-09-12T09:29:00+02:00,54,placa-vella,297,227,70,23.6
2026-09-12T07:29:00Z,2026-09-12T09:29:00+02:00,55,ajuntament-mercat,237,130,107,45.1
2026-09-12T07:30:00Z,2026-09-12T09:30:00+02:00,53,dr-robert,407,330,77,18.9
2026-09-12T07:30:00Z,2026-09-12T09:30:00+02:00,54,placa-vella,297,227,70,23.6
2026-09-12T07:30:00Z,2026-09-12T09:30:00+02:00,55,ajuntament-mercat,237,126,111,46.8
2026-09-12T07:31:00Z,2026-09-12T09:31:00+02:00,53,dr-robert,407,330,77,18.9
2026-09-12T07:31:00Z,2026-09-12T09:31:00+02:00,54,placa-vella,297,227,70,23.6
2026-09-12T07:31:00Z,2026-09-12T09:31:00+02:00,55,ajuntament-mercat,237,126,111,46.8
2026-09-12T07:32:00Z,2026-09-12T09:32:00+02:00,53,dr-robert,407,330,77,18.9
2026-09-12T07:32:00Z,2026-09-12T09:32:00+02:00,54,placa-vella,297,227,70,23.6
2026-09-12T07:32:00Z,2026-09-12T09:32:00+02:00,55,ajuntament-mercat,237,126,111,46.8
2026-09-12T07:33:00Z,2026-09-12T09:33:00+02:00,53,dr-robert,407,330,77,18.9
2026-09-12T07:33:00Z,2026-09-12T09:33:00+02:00,54,placa-vella,297,227,70,23.6
2026-09-12T07:33:00Z,2026-09-12T09:33:00+02:00,55,ajuntament-mercat,237,126,111,46.8
2026-09-12T07:34:00Z,2026-09-12T09:34:00+02:00,53,dr-robert,407,330,77,18.9
2026-09-12T07:34:00Z,2026-09-12T09:34:00+02:00,54,placa-vella,297,227,70,23.6
2026-09-12T07:34:00Z,2026-09-12T09:34:00+02:00,55,ajuntament-mercat,237,126,111,46.8
2026-09-12T07:35:00Z,2026-09-12T09:35:00+02:00,53,dr-robert,407,329,78,19.2
2026-09-12T07:35:00Z,2026-09-12T09:35:00+02:00,54,placa-vella,297,226,71,23.9
2026-09-12T07:35:00Z,2026-09-12T09:35:00+02:00,55,ajuntament-mercat,237,120,117,49.4
2026-09-12T07:36:00Z,2026-09-12T09:36:00+02:00,53,dr-robert,407,329,78,19.2
2026-09-12T07:36:00Z,2026-09-12T09:36:00+02:00,54,placa-vella,297,226,71,23.9
2026-09-12T07:36:00Z,2026-09-12T09:36:00+02:00,55,ajuntament-mercat,237,120,117,49.4
2026-09-12T07:37:00Z,2026-09-12T09:37:00+02:00,53,dr-robert,407,329,78,19.2
2026-09-12T07:37:00Z,2026-09-12T09:37:00+02:00,54,placa-vella,297,226,71,23.9
2026-09-12T07:37:00Z,2026-09-12T09:37:00+02:00,55,ajuntament-mercat,237,120,117,49.4
2026-09-12T07:38:00Z,2026-09-12T09:38:00+02:00,53,dr-robert,407,329,78,19.2
2026-09-12T07:38:00Z,2026-09-12T09:38:00+02:00,54,placa-vella,297,226,71,23.9
2026-09-12T07:38:00Z,2026-09-12T09:38:00+02:00,55,ajuntament-mercat,237,120,117,49.4
2026-09-12T07:39:00Z,2026-09-12T09:39:00+02:00,53,dr-robert,407,329,78,19.2
2026-09-12T07:39:00Z,2026-09-12T09:39:00+02:00,54,placa-vella,297,226,71,23.9
2026-09-12T07:39:00Z,2026-09-12T09:39:00+02:00,55,ajuntament-mercat,237,120,117,49.4
2026-09-12T07:40:00Z,2026-09-12T09:40:00+02:00,53,dr-robert,407,328,79,19.4
2026-09-12T07:40:00Z,2026-09-12T09:40:00+02:00,54,placa-vella,297,224,73,24.6
2026-09-12T07:40:00Z,2026-09-12T09:40:00+02:00,55,ajuntament-mercat,237,116,121,51.1
2026-09-12T07:41:00Z,2026-09-12T09:41:00+02:00,53,dr-robert,407,328,79,19.4
2026-09-12T07:41:00Z,2026-09-12T09:41:00+02:00,54,placa-vella,297,224,73,24.6
2026-09-12T07:41:00Z,2026-09-12T09:41:00+02:00,55,ajuntament-mercat,237,116,121,51.1
2026-09-12T07:42:00Z,2026-09-12T09:42:00+02:00,53,dr-robert,407,328,79,19.4
2026-09-12T07:42:00Z,2026-09-12T09:42:00+02:00,54,placa-vella,297,224,73,24.6
2026-09-12T07:42:00Z,2026-09-12T09:42:00+02:00,55,ajuntament-mercat,237,116,121,51.1
2026-09-12T07:43:00Z,2026-09-12T09:43:00+02:00,53,dr-robert,407,328,79,19.4
2026-09-12T07:43:00Z,2026-09-12T09:43:00+02:00,54,placa-vella,297,224,73,24.6
2026-09-12T07:43:00Z,2026-09-12T09:43:00+02:00,55,ajuntament-mercat,237,116,121,51.1
2026-09-12T07:44:00Z,2026-09-12T09:44:00+02:00,53,dr-robert,407,328,79,19.4
2026-09-12T07:44:00Z,2026-09-12T09:44:00+02:00,54,placa-vella,297,224,73,24.6
2026-09-12T07:44:00Z,2026-09-12T09:44:00+02:00,55,ajuntament-mercat,237,116,121,51.1
2026-09-12T07:45:00Z,2026-09-12T09:45:00+02:00,53,dr-robert,407,326,81,19.9
2026-09-12T07:45:00Z,2026-09-12T09:45:00+02:00,54,placa-vella,297,223,74,24.9
2026-09-12T07:45:00Z,2026-09-12T09:45:00+02:00,55,ajuntament-mercat,237,114,123,51.9
2026-09-12T07:46:00Z,2026-09-12T09:46:00+02:00,53,dr-robert,407,326,81,19.9
2026-09-12T07:46:00Z,2026-09-12T09:46:00+02:00,54,placa-vella,297,223,74,24.9
2026-09-12T07:46:00Z,2026-09-12T09:46:00+02:00,55,ajuntament-mercat,237,114,123,51.9
2026-09-12T07:47:00Z,2026-09-12T09:47:00+02:00,53,dr-robert,407,326,81,19.9
2026-09-12T07:47:00Z,2026-09-12T09:47:00+02:00,54,placa-vella,297,223,74,24.9
2026-09-12T07:47:00Z,2026-09-12T09:47:00+02:00,55,ajuntament-mercat,237,114,123,51.9
2026-09-12T07:48:00Z,2026-09-12T09:48:00+02:00,53,dr-robert,407,326,81,19.9
2026-09-12T07:48:00Z,2026-09-12T09:48:00+02:00,54,placa-vella,297,223,74,24.9
2026-09-12T07:48:00Z,2026-09-12T09:48:00+02:00,55,ajuntament-mercat,237,114,123,51.9
2026-09-12T07:49:00Z,2026-09-12T09:49:00+02:00,53,dr-robert,407,326,81,19.9
2026-09-12T07:49:00Z,2026-09-12T09:49:00+02:00,54,placa-vella,297,223,74,24.9
2026-09-12T07:49:00Z,2026-09-12T09:49:00+02:00,55,ajuntament-mercat,237,114,123,51.9
2026-09-12T07:50:00Z,2026-09-12T09:50:00+02:00,53,dr-robert,407,325,82,20.1
2026-09-12T07:50:00Z,2026-09-12T09:50:00+02:00,54,placa-vella,297,221,76,25.6
2026-09-12T07:50:00Z,2026-09-12T09:50:00+02:00,55,ajuntament-mercat,237,114,123,51.9
2026-09-12T07:51:00Z,2026-09-12T09:51:00+02:00,53,dr-robert,407,325,82,20.1
2026-09-12T07:51:00Z,2026-09-12T09:51:00+02:00,54,placa-vella,297,221,76,25.6
2026-09-12T07:51:00Z,2026-09-12T09:51:00+02:00,55,ajuntament-mercat,237,114,123,51.9
2026-09-12T07:52:00Z,2026-09-12T09:52:00+02:00,53,dr-robert,407,325,82,20.1
2026-09-12T07:52:00Z,2026-09-12T09:52:00+02:00,54,placa-vella,297,221,76,25.6
2026-09-12T07:52:00Z,2026-09-12T09:52:00+02:00,55,ajuntament-mercat,237,114,123,51.9
2026-09-12T07:53:00Z,2026-09-12T09:53:00+02:00,53,dr-robert,407,325,82,20.1
2026-09-12T07:53:00Z,2026-09-12T09:53:00+02:00,54,placa-vella,297,221,76,25.6
2026-09-12T07:53:00Z,2026-09-12T09:53:00+02:00,55,ajuntament-mercat,237,114,123,51.9
2026-09-12T07:54:00Z,2026-09-12T09:54:00+02:00,53,dr-robert,407,325,82,20.1
2026-09-12T07:54:00Z,2026-09-12T09:54:00+02:00,54,placa-vella,297,221,76,25.6
2026-09-12T07:54:00Z,2026-09-12T09:54:00+02:00,55,ajuntament-mercat,237,114,123,51.9
2026-09-12T07:55:00Z,2026-09-12T09:55:00+02:00,53,dr-robert,407,325,82,20.1
2026-09-12T07:55:00Z,2026-09-12T09:55:00+02:00,54,placa-vella,297,220,77,25.9
2026-09-12T07:55:00Z,2026-09-12T09:55:00+02:00,55,ajuntament-mercat,237,113,124,52.3
2026-09-12T07:56:00Z,2026-09-12T09:56:00+02:00,53,dr-robert,407,325,82,20.1
2026-09-12T07:56:00Z,2026-09-12T09:56:00+02:00,54,placa-vella,297,220,77,25.9
2026-09-12T07:56:00Z,2026-09-12T09:56:00+02:00,55,ajuntament-mercat,237,113,124,52.3
2026-09-12T07:57:00Z,2026-09-12T09:57:00+02:00,53,dr-robert,407,325,82,20.1
2026-09-12T07:57:00Z,2026-09-12T09:57:00+02:00,54,placa-vella,297,220,77,25.9
2026-09-12T07:57:00Z,2026-09-12T09:57:00+02:00,55,ajuntament-mercat,237,113,124,52.3
2026-09-12T07:58:00Z,2026-09-12T09:58:00+02:00,53,dr-robert,407,325,82,20.1
2026-09-12T07:58:00Z,2026-09-12T09:58:00+02:00,54,placa-vella,297,220,77,25.9
2026-09-12T07:58:00Z,2026-09-12T09:58:00+02:00,55,ajuntament-mercat,237,113,124,52.3
2026-09-12T07:59:00Z,2026-09-12T09:59:00+02:00,53,dr-robert,407,325,82,20.1
2026-09-12T07:59:00Z,2026-09-12T09:59:00+02:00,54,placa-vella,297,220,77,25.9
2026-09-12T07:59:00Z,2026-09-12T09:59:00+02:00,55,ajuntament-mercat,237,113,124,52.3
2026-09-12T08:00:00Z,2026-09-12T10:00:00+02:00,53,dr-robert,407,325,82,20.1
2026-09-12T08:00:00Z,2026-09-12T10:00:00+02:00,54,placa-vella,297,220,77,25.9
2026-09-12T08:00:00Z,2026-09-12T10:00:00+02:00,55,ajuntament-mercat,237,113,124,52.3
2026-09-12T08:01:00Z,2026-09-12T10:01:00+02:00,53,dr-robert,407,325,82,20.1
2026-09-12T08:01:00Z,2026-09-12T10:01:00+02:00,54,placa-vella,297,220,77,25.9
2026-09-12T08:01:00Z,2026-09-12T10:01:00+02:00,55,ajuntament-mercat,237,113,124,52.3
2026-09-12T08:02:00Z,2026-09-12T10:02:00+02:00,53,dr-robert,407,319,88,21.6
2026-09-12T08:02:00Z,2026-09-12T10:02:00+02:00,54,placa-vella,297,218,79,26.6
2026-09-12T08:02:00Z,2026-09-12T10:02:00+02:00,55,ajuntament-mercat,237,109,128,54
2026-09-12T08:03:00Z,2026-09-12T10:03:00+02:00,53,dr-robert,407,319,88,21.6
2026-09-12T08:03:00Z,2026-09-12T10:03:00+02:00,54,placa-vella,297,218,79,26.6
2026-09-12T08:03:00Z,2026-09-12T10:03:00+02:00,55,ajuntament-mercat,237,109,128,54
2026-09-12T08:04:00Z,2026-09-12T10:04:00+02:00,53,dr-robert,407,319,88,21.6
2026-09-12T08:04:00Z,2026-09-12T10:04:00+02:00,54,placa-vella,297,218,79,26.6
2026-09-12T08:04:00Z,2026-09-12T10:04:00+02:00,55,ajuntament-mercat,237,109,128,54
2026-09-12T08:05:00Z,2026-09-12T10:05:00+02:00,53,dr-robert,407,316,91,22.4
2026-09-12T08:05:00Z,2026-09-12T10:05:00+02:00,54,placa-vella,297,217,80,26.9
2026-09-12T08:05:00Z,2026-09-12T10:05:00+02:00,55,ajuntament-mercat,237,110,127,53.6
2026-09-12T08:06:00Z,2026-09-12T10:06:00+02:00,53,dr-robert,407,316,91,22.4
2026-09-12T08:06:00Z,2026-09-12T10:06:00+02:00,54,placa-vella,297,217,80,26.9
2026-09-12T08:06:00Z,2026-09-12T10:06:00+02:00,55,ajuntament-mercat,237,110,127,53.6
2026-09-12T08:07:00Z,2026-09-12T10:07:00+02:00,53,dr-robert,407,316,91,22.4
2026-09-12T08:07:00Z,2026-09-12T10:07:00+02:00,54,placa-vella,297,217,80,26.9
2026-09-12T08:07:00Z,2026-09-12T10:07:00+02:00,55,ajuntament-mercat,237,110,127,53.6
2026-09-12T08:08:00Z,2026-09-12T10:08:00+02:00,53,dr-robert,407,316,91,22.4
2026-09-12T08:08:00Z,2026-09-12T10:08:00+02:00,54,placa-vella,297,217,80,26.9
2026-09-12T08:08:00Z,2026-09-12T10:08:00+02:00,55,ajuntament-mercat,237,110,127,53.6
2026-09-12T08:09:00Z,2026-09-12T10:09:00+02:00,53,dr-robert,407,316,91,22.4
2026-09-12T08:09:00Z,2026-09-12T10:09:00+02:00,54,placa-vella,297,217,80,26.9
2026-09-12T08:09:00Z,2026-09-12T10:09:00+02:00,55,ajuntament-mercat,237,110,127,53.6
2026-09-12T08:10:00Z,2026-09-12T10:10:00+02:00,53,dr-robert,407,316,91,22.4
2026-09-12T08:10:00Z,2026-09-12T10:10:00+02:00,54,placa-vella,297,213,84,28.3
2026-09-12T08:10:00Z,2026-09-12T10:10:00+02:00,55,ajuntament-mercat,237,106,131,55.3
2026-09-12T08:11:00Z,2026-09-12T10:11:00+02:00,53,dr-robert,407,316,91,22.4
2026-09-12T08:11:00Z,2026-09-12T10:11:00+02:00,54,placa-vella,297,213,84,28.3
2026-09-12T08:11:00Z,2026-09-12T10:11:00+02:00,55,ajuntament-mercat,237,106,131,55.3
2026-09-12T08:12:00Z,2026-09-12T10:12:00+02:00,53,dr-robert,407,316,91,22.4
2026-09-12T08:12:00Z,2026-09-12T10:12:00+02:00,54,placa-vella,297,213,84,28.3
2026-09-12T08:12:00Z,2026-09-12T10:12:00+02:00,55,ajuntament-mercat,237,106,131,55.3
2026-09-12T08:13:00Z,2026-09-12T10:13:00+02:00,53,dr-robert,407,316,91,22.4
2026-09-12T08:13:00Z,2026-09-12T10:13:00+02:00,54,placa-vella,297,213,84,28.3
2026-09-12T08:13:00Z,2026-09-12T10:13:00+02:00,55,ajuntament-mercat,237,106,131,55.3
2026-09-12T08:14:00Z,2026-09-12T10:14:00+02:00,53,dr-robert,407,316,91,22.4
2026-09-12T08:14:00Z,2026-09-12T10:14:00+02:00,54,placa-vella,297,213,84,28.3
2026-09-12T08:14:00Z,2026-09-12T10:14:00+02:00,55,ajuntament-mercat,237,106,131,55.3
2026-09-12T08:15:00Z,2026-09-12T10:15:00+02:00,53,dr-robert,407,315,92,22.6
2026-09-12T08:15:00Z,2026-09-12T10:15:00+02:00,54,placa-vella,297,211,86,29
2026-09-12T08:15:00Z,2026-09-12T10:15:00+02:00,55,ajuntament-mercat,237,103,134,56.5
2026-09-12T08:16:00Z,2026-09-12T10:16:00+02:00,53,dr-robert,407,315,92,22.6
2026-09-12T08:16:00Z,2026-09-12T10:16:00+02:00,54,placa-vella,297,211,86,29
2026-09-12T08:16:00Z,2026-09-12T10:16:00+02:00,55,ajuntament-mercat,237,103,134,56.5
2026-09-12T08:17:00Z,2026-09-12T10:17:00+02:00,53,dr-robert,407,315,92,22.6
2026-09-12T08:17:00Z,2026-09-12T10:17:00+02:00,54,placa-vella,297,211,86,29
2026-09-12T08:17:00Z,2026-09-12T10:17:00+02:00,55,ajuntament-mercat,237,103,134,56.5
2026-09-12T08:18:00Z,2026-09-12T10:18:00+02:00,53,dr-robert,407,315,92,22.6
2026-09-12T08:18:00Z,2026-09-12T10:18:00+02:00,54,placa-vella,297,211,86,29
2026-09-12T08:18:00Z,2026-09-12T10:18:00+02:00,55,ajuntament-mercat,237,103,134,56.5
2026-09-12T08:19:00Z,2026-09-12T10:19:00+02:00,53,dr-robert,407,315,92,22.6
2026-09-12T08:19:00Z,2026-09-12T10:19:00+02:00,54,placa-vella,297,211,86,29
2026-09-12T08:19:00Z,2026-09-12T10:19:00+02:00,55,ajuntament-mercat,237,103,134,56.5
2026-09-12T08:20:00Z,2026-09-12T10:20:00+02:00,53,dr-robert,407,311,96,23.6
2026-09-12T08:20:00Z,2026-09-12T10:20:00+02:00,54,placa-vella,297,210,87,29.3
2026-09-12T08:20:00Z,2026-09-12T10:20:00+02:00,55,ajuntament-mercat,237,100,137,57.8
2026-09-12T08:21:00Z,2026-09-12T10:21:00+02:00,53,dr-robert,407,311,96,23.6
2026-09-12T08:22:00Z,2026-09-12T10:22:00+02:00,53,dr-robert,407,311,96,23.6
2026-09-12T08:22:00Z,2026-09-12T10:22:00+02:00,54,placa-vella,297,210,87,29.3
2026-09-12T08:22:00Z,2026-09-12T10:22:00+02:00,55,ajuntament-mercat,237,100,137,57.8
2026-09-12T08:23:00Z,2026-09-12T10:23:00+02:00,53,dr-robert,407,311,96,23.6
2026-09-12T08:23:00Z,2026-09-12T10:23:00+02:00,54,placa-vella,297,210,87,29.3
2026-09-12T08:23:00Z,2026-09-12T10:23:00+02:00,55,ajuntament-mercat,237,100,137,57.8
2026-09-12T08:24:00Z,2026-09-12T10:24:00+02:00,53,dr-robert,407,311,96,23.6
2026-09-12T08:24:00Z,2026-09-12T10:24:00+02:00,54,placa-vella,297,210,87,29.3
2026-09-12T08:24:00Z,2026-09-12T10:24:00+02:00,55,ajuntament-mercat,237,100,137,57.8
2026-09-12T08:25:00Z,2026-09-12T10:25:00+02:00,53,dr-robert,407,310,97,23.8
2026-09-12T08:25:00Z,2026-09-12T10:25:00+02:00,54,placa-vella,297,209,88,29.6
2026-09-12T08:25:00Z,2026-09-12T10:25:00+02:00,55,ajuntament-mercat,237,93,144,60.8
2026-09-12T08:26:00Z,2026-09-12T10:26:00+02:00,53,dr-robert,407,310,97,23.8
2026-09-12T08:26:00Z,2026-09-12T10:26:00+02:00,54,placa-vella,297,209,88,29.6
2026-09-12T08:26:00Z,2026-09-12T10:26:00+02:00,55,ajuntament-mercat,237,93,144,60.8
2026-09-12T08:27:00Z,2026-09-12T10:27:00+02:00,53,dr-robert,407,310,97,23.8
2026-09-12T08:27:00Z,2026-09-12T10:27:00+02:00,54,placa-vella,297,209,88,29.6
2026-09-12T08:27:00Z,2026-09-12T10:27:00+02:00,55,ajuntament-mercat,237,93,144,60.8
2026-09-12T08:28:00Z,2026-09-12T10:28:00+02:00,53,dr-robert,407,310,97,23.8
2026-09-12T08:28:00Z,2026-09-12T10:28:00+02:00,54,placa-vella,297,209,88,29.6
2026-09-12T08:28:00Z,2026-09-12T10:28:00+02:00,55,ajuntament-mercat,237,93,144,60.8
2026-09-12T08:29:00Z,2026-09-12T10:29:00+02:00,53,dr-robert,407,310,97,23.8
2026-09-12T08:29:00Z,2026-09-12T10:29:00+02:00,54,placa-vella,297,209,88,29.6
2026-09-12T08:29:00Z,2026-09-12T10:29:00+02:00,55,ajuntament-mercat,237,93,144,60.8
2026-09-12T08:30:00Z,2026-09-12T10:30:00+02:00,53,dr-robert,407,309,98,24.1
2026-09-12T08:30:00Z,2026-09-12T10:30:00+02:00,54,placa-vella,297,205,92,31
2026-09-12T08:30:00Z,2026-09-12T10:30:00+02:00,55,ajuntament-mercat,237,94,143,60.3
2026-09-12T08:31:00Z,2026-09-12T10:31:00+02:00,53,dr-robert,407,309,98,24.1
2026-09-12T08:31:00Z,2026-09-12T10:31:00+02:00,54,placa-vella,297,205,92,31
2026-09-12T08:31:00Z,2026-09-12T10:31:00+02:00,55,ajuntament-mercat,237,94,143,60.3
2026-09-12T08:32:00Z,2026-09-12T10:32:00+02:00,53,dr-robert,407,309,98,24.1
2026-09-12T08:32:00Z,2026-09-12T10:32:00+02:00,54,placa-vella,297,205,92,31
2026-09-12T08:32:00Z,2026-09-12T10:32:00+02:00,55,ajuntament-mercat,237,94,143,60.3
2026-09-12T08:33:00Z,2026-09-12T10:33:00+02:00,53,dr-robert,407,309,98,24.1
2026-09-12T08:33:00Z,2026-09-12T10:33:00+02:00,54,placa-vella,297,205,92,31
2026-09-12T08:33:00Z,2026-09-12T10:33:00+02:00,55,ajuntament-mercat,237,94,143,60.3
2026-09-12T08:34:00Z,2026-09-12T10:34:00+02:00,53,dr-robert,407,309,98,24.1
2026-09-12T08:34:00Z,2026-09-12T10:34:00+02:00,54,placa-vella,297,205,92,31
2026-09-12T08:34:00Z,2026-09-12T10:34:00+02:00,55,ajuntament-mercat,237,94,143,60.3
2026-09-12T08:35:00Z,2026-09-12T10:35:00+02:00,53,dr-robert,407,306,101,24.8
2026-09-12T08:35:00Z,2026-09-12T10:35:00+02:00,54,placa-vella,297,203,94,31.6
2026-09-12T08:35:00Z,2026-09-12T10:35:00+02:00,55,ajuntament-mercat,237,92,145,61.2
2026-09-12T08:36:00Z,2026-09-12T10:36:00+02:00,53,dr-robert,407,306,101,24.8
2026-09-12T08:36:00Z,2026-09-12T10:36:00+02:00,54,placa-vella,297,203,94,31.6
2026-09-12T08:36:00Z,2026-09-12T10:36:00+02:00,55,ajuntament-mercat,237,92,145,61.2
2026-09-12T08:37:00Z,2026-09-12T10:37:00+02:00,53,dr-robert,407,306,101,24.8
2026-09-12T08:37:00Z,2026-09-12T10:37:00+02:00,54,placa-vella,297,203,94,31.6
2026-09-12T08:37:00Z,2026-09-12T10:37:00+02:00,55,ajuntament-mercat,237,92,145,61.2
2026-09-12T08:38:00Z,2026-09-12T10:38:00+02:00,53,dr-robert,407,306,101,24.8
2026-09-12T08:38:00Z,2026-09-12T10:38:00+02:00,54,placa-vella,297,203,94,31.6
2026-09-12T08:38:00Z,2026-09-12T10:38:00+02:00,55,ajuntament-mercat,237,92,145,61.2
2026-09-12T08:39:00Z,2026-09-12T10:39:00+02:00,53,dr-robert,407,306,101,24.8
2026-09-12T08:39:00Z,2026-09-12T10:39:00+02:00,54,placa-vella,297,203,94,31.6
2026-09-12T08:39:00Z,2026-09-12T10:39:00+02:00,55,ajuntament-mercat,237,92,145,61.2
2026-09-12T08:40:00Z,2026-09-12T10:40:00+02:00,53,dr-robert,407,304,103,25.3
2026-09-12T08:40:00Z,2026-09-12T10:40:00+02:00,54,placa-vella,297,205,92,31
2026-09-12T08:40:00Z,2026-09-12T10:40:00+02:00,55,ajuntament-mercat,237,90,147,62
2026-09-12T08:41:00Z,2026-09-12T10:41:00+02:00,53,dr-robert,407,304,103,25.3
2026-09-12T08:41:00Z,2026-09-12T10:41:00+02:00,54,placa-vella,297,205,92,31
2026-09-12T08:41:00Z,2026-09-12T10:41:00+02:00,55,ajuntament-mercat,237,90,147,62
2026-09-12T08:42:00Z,2026-09-12T10:42:00+02:00,53,dr-robert,407,304,103,25.3
2026-09-12T08:42:00Z,2026-09-12T10:42:00+02:00,54,placa-vella,297,205,92,31
2026-09-12T08:42:00Z,2026-09-12T10:42:00+02:00,55,ajuntament-mercat,237,90,147,62
2026-09-12T08:43:00Z,2026-09-12T10:43:00+02:00,53,dr-robert,407,304,103,25.3
2026-09-12T08:43:00Z,2026-09-12T10:43:00+02:00,54,placa-vella,297,205,92,31
2026-09-12T08:43:00Z,2026-09-12T10:43:00+02:00,55,ajuntament-mercat,237,90,147,62
2026-09-12T08:44:00Z,2026-09-12T10:44:00+02:00,53,dr-robert,407,304,103,25.3
2026-09-12T08:44:00Z,2026-09-12T10:44:00+02:00,54,placa-vella,297,205,92,31
2026-09-12T08:44:00Z,2026-09-12T10:44:00+02:00,55,ajuntament-mercat,237,90,147,62
2026-09-12T08:45:00Z,2026-09-12T10:45:00+02:00,53,dr-robert,407,300,107,26.3
2026-09-12T08:45:00Z,2026-09-12T10:45:00+02:00,54,placa-vella,297,207,90,30.3
2026-09-12T08:45:00Z,2026-09-12T10:45:00+02:00,55,ajuntament-mercat,237,94,143,60.3
2026-09-12T08:46:00Z,2026-09-12T10:46:00+02:00,53,dr-robert,407,300,107,26.3
2026-09-12T08:46:00Z,2026-09-12T10:46:00+02:00,54,placa-vella,297,207,90,30.3
2026-09-12T08:46:00Z,2026-09-12T10:46:00+02:00,55,ajuntament-mercat,237,94,143,60.3
2026-09-12T08:47:00Z,2026-09-12T10:47:00+02:00,53,dr-robert,407,300,107,26.3
2026-09-12T08:47:00Z,2026-09-12T10:47:00+02:00,54,placa-vella,297,207,90,30.3
2026-09-12T08:47:00Z,2026-09-12T10:47:00+02:00,55,ajuntament-mercat,237,94,143,60.3
2026-09-12T08:48:00Z,2026-09-12T10:48:00+02:00,53,dr-robert,407,300,107,26.3
2026-09-12T08:48:00Z,2026-09-12T10:48:00+02:00,54,placa-vella,297,207,90,30.3
2026-09-12T08:48:00Z,2026-09-12T10:48:00+02:00,55,ajuntament-mercat,237,94,143,60.3
2026-09-12T08:49:00Z,2026-09-12T10:49:00+02:00,53,dr-robert,407,300,107,26.3
2026-09-12T08:49:00Z,2026-09-12T10:49:00+02:00,54,placa-vella,297,207,90,30.3
2026-09-12T08:49:00Z,2026-09-12T10:49:00+02:00,55,ajuntament-mercat,237,94,143,60.3
2026-09-12T08:50:00Z,2026-09-12T10:50:00+02:00,53,dr-robert,407,300,107,26.3
2026-09-12T08:50:00Z,2026-09-12T10:50:00+02:00,54,placa-vella,297,205,92,31
2026-09-12T08:50:00Z,2026-09-12T10:50:00+02:00,55,ajuntament-mercat,237,88,149,62.9
2026-09-12T08:51:00Z,2026-09-12T10:51:00+02:00,53,dr-robert,407,300,107,26.3
2026-09-12T08:51:00Z,2026-09-12T10:51:00+02:00,54,placa-vella,297,205,92,31
2026-09-12T08:51:00Z,2026-09-12T10:51:00+02:00,55,ajuntament-mercat,237,88,149,62.9
2026-09-12T08:52:00Z,2026-09-12T10:52:00+02:00,53,dr-robert,407,300,107,26.3
2026-09-12T08:52:00Z,2026-09-12T10:52:00+02:00,54,placa-vella,297,205,92,31
2026-09-12T08:52:00Z,2026-09-12T10:52:00+02:00,55,ajuntament-mercat,237,88,149,62.9
2026-09-12T08:53:00Z,2026-09-12T10:53:00+02:00,53,dr-robert,407,300,107,26.3
2026-09-12T08:53:00Z,2026-09-12T10:53:00+02:00,54,placa-vella,297,205,92,31
2026-09-12T08:53:00Z,2026-09-12T10:53:00+02:00,55,ajuntament-mercat,237,88,149,62.9
2026-09-12T08:54:00Z,2026-09-12T10:54:00+02:00,53,dr-robert,407,300,107,26.3
2026-09-12T08:54:00Z,2026-09-12T10:54:00+02:00,54,placa-vella,297,205,92,31
2026-09-12T08:54:00Z,2026-09-12T10:54:00+02:00,55,ajuntament-mercat,237,88,149,62.9
2026-09-12T08:55:00Z,2026-09-12T10:55:00+02:00,53,dr-robert,407,290,117,28.7
2026-09-12T08:55:00Z,2026-09-12T10:55:00+02:00,54,placa-vella,297,204,93,31.3
2026-09-12T08:55:00Z,2026-09-12T10:55:00+02:00,55,ajuntament-mercat,237,87,150,63.3
2026-09-12T08:56:00Z,2026-09-12T10:56:00+02:00,53,dr-robert,407,290,117,28.7
2026-09-12T08:56:00Z,2026-09-12T10:56:00+02:00,54,placa-vella,297,204,93,31.3
2026-09-12T08:56:00Z,2026-09-12T10:56:00+02:00,55,ajuntament-mercat,237,87,150,63.3
2026-09-12T08:57:00Z,2026-09-12T10:57:00+02:00,53,dr-robert,407,290,117,28.7
2026-09-12T08:57:00Z,2026-09-12T10:57:00+02:00,54,placa-vella,297,204,93,31.3
2026-09-12T08:57:00Z,2026-09-12T10:57:00+02:00,55,ajuntament-mercat,237,87,150,63.3
2026-09-12T08:58:00Z,2026-09-12T10:58:00+02:00,53,dr-robert,407,290,117,28.7
2026-09-12T08:58:00Z,2026-09-12T10:58:00+02:00,54,placa-vella,297,204,93,31.3
2026-09-12T08:58:00Z,2026-09-12T10:58:00+02:00,55,ajuntament-mercat,237,87,150,63.3
2026-09-12T08:59:00Z,2026-09-12T10:59:00+02:00,53,dr-robert,407,290,117,28.7
2026-09-12T08:59:00Z,2026-09-12T10:59:00+02:00,54,placa-vella,297,204,93,31.3
2026-09-12T08:59:00Z,2026-09-12T10:59:00+02:00,55,ajuntament-mercat,237,87,150,63.3
2026-09-12T09:00:00Z,2026-09-12T11:00:00+02:00,53,dr-robert,407,289,118,29
2026-09-12T09:00:00Z,2026-09-12T11:00:00+02:00,54,placa-vella,297,203,94,31.6
2026-09-12T09:00:00Z,2026-09-12T11:00:00+02:00,55,ajuntament-mercat,237,84,153,64.6
2026-09-12T09:01:00Z,2026-09-12T11:01:00+02:00,53,dr-robert,407,289,118,29
2026-09-12T09:01:00Z,2026-09-12T11:01:00+02:00,54,placa-vella,297,203,94,31.6
2026-09-12T09:01:00Z,2026-09-12T11:01:00+02:00,55,ajuntament-mercat,237,84,153,64.6
2026-09-12T09:02:00Z,2026-09-12T11:02:00+02:00,53,dr-robert,407,289,118,29
2026-09-12T09:02:00Z,2026-09-12T11:02:00+02:00,54,placa-vella,297,203,94,31.6
2026-09-12T09:02:00Z,2026-09-12T11:02:00+02:00,55,ajuntament-mercat,237,84,153,64.6
2026-09-12T09:03:00Z,2026-09-12T11:03:00+02:00,53,dr-robert,407,289,118,29
2026-09-12T09:03:00Z,2026-09-12T11:03:00+02:00,54,placa-vella,297,203,94,31.6
2026-09-12T09:03:00Z,2026-09-12T11:03:00+02:00,55,ajuntament-mercat,237,84,153,64.6
2026-09-12T09:04:00Z,2026-09-12T11:04:00+02:00,53,dr-robert,407,289,118,29
2026-09-12T09:04:00Z,2026-09-12T11:04:00+02:00,54,placa-vella,297,203,94,31.6
2026-09-12T09:04:00Z,2026-09-12T11:04:00+02:00,55,ajuntament-mercat,237,84,153,64.6
2026-09-12T09:05:00Z,2026-09-12T11:05:00+02:00,53,dr-robert,407,288,119,29.2
2026-09-12T09:05:00Z,2026-09-12T11:05:00+02:00,54,placa-vella,297,204,93,31.3
2026-09-12T09:05:00Z,2026-09-12T11:05:00+02:00,55,ajuntament-mercat,237,79,158,66.7
2026-09-12T09:06:00Z,2026-09-12T11:06:00+02:00,53,dr-robert,407,288,119,29.2
2026-09-12T09:06:00Z,2026-09-12T11:06:00+02:00,54,placa-vella,297,204,93,31.3
2026-09-12T09:06:00Z,2026-09-12T11:06:00+02:00,55,ajuntament-mercat,237,79,158,66.7
2026-09-12T09:07:00Z,2026-09-12T11:07:00+02:00,53,dr-robert,407,288,119,29.2
2026-09-12T09:07:00Z,2026-09-12T11:07:00+02:00,54,placa-vella,297,204,93,31.3
2026-09-12T09:07:00Z,2026-09-12T11:07:00+02:00,55,ajuntament-mercat,237,79,158,66.7
2026-09-12T09:08:00Z,2026-09-12T11:08:00+02:00,53,dr-robert,407,288,119,29.2
2026-09-12T09:08:00Z,2026-09-12T11:08:00+02:00,54,placa-vella,297,204,93,31.3
2026-09-12T09:08:00Z,2026-09-12T11:08:00+02:00,55,ajuntament-mercat,237,79,158,66.7
2026-09-12T09:09:00Z,2026-09-12T11:09:00+02:00,53,dr-robert,407,288,119,29.2
2026-09-12T09:09:00Z,2026-09-12T11:09:00+02:00,54,placa-vella,297,204,93,31.3
2026-09-12T09:09:00Z,2026-09-12T11:09:00+02:00,55,ajuntament-mercat,237,79,158,66.7
2026-09-12T09:10:00Z,2026-09-12T11:10:00+02:00,53,dr-robert,407,286,121,29.7
2026-09-12T09:10:00Z,2026-09-12T11:10:00+02:00,54,placa-vella,297,204,93,31.3
2026-09-12T09:10:00Z,2026-09-12T11:10:00+02:00,55,ajuntament-mercat,237,76,161,67.9
2026-09-12T09:11:00Z,2026-09-12T11:11:00+02:00,53,dr-robert,407,286,121,29.7
2026-09-12T09:11:00Z,2026-09-12T11:11:00+02:00,54,placa-vella,297,204,93,31.3
2026-09-12T09:11:00Z,2026-09-12T11:11:00+02:00,55,ajuntament-mercat,237,76,161,67.9
2026-09-12T09:12:00Z,2026-09-12T11:12:00+02:00,53,dr-robert,407,286,121,29.7
2026-09-12T09:12:00Z,2026-09-12T11:12:00+02:00,54,placa-vella,297,204,93,31.3
2026-09-12T09:12:00Z,2026-09-12T11:12:00+02:00,55,ajuntament-mercat,237,76,161,67.9
2026-09-12T09:13:00Z,2026-09-12T11:13:00+02:00,53,dr-robert,407,286,121,29.7
2026-09-12T09:13:00Z,2026-09-12T11:13:00+02:00,54,placa-vella,297,204,93,31.3
2026-09-12T09:13:00Z,2026-09-12T11:13:00+02:00,55,ajuntament-mercat,237,76,161,67.9
2026-09-12T09:14:00Z,2026-09-12T11:14:00+02:00,53,dr-robert,407,286,121,29.7
2026-09-12T09:14:00Z,2026-09-12T11:14:00+02:00,54,placa-vella,297,204,93,31.3
2026-09-12T09:14:00Z,2026-09-12T11:14:00+02:00,55,ajuntament-mercat,237,76,161,67.9
2026-09-12T09:15:00Z,2026-09-12T11:15:00+02:00,53,dr-robert,407,284,123,30.2
2026-09-12T09:15:00Z,2026-09-12T11:15:00+02:00,54,placa-vella,297,201,96,32.3
2026-09-12T09:15:00Z,2026-09-12T11:15:00+02:00,55,ajuntament-mercat,237,81,156,65.8
2026-09-12T09:16:00Z,2026-09-12T11:16:00+02:00,53,dr-robert,407,284,123,30.2
2026-09-12T09:16:00Z,2026-09-12T11:16:00+02:00,54,placa-vella,297,201,96,32.3
2026-09-12T09:16:00Z,2026-09-12T11:16:00+02:00,55,ajuntament-mercat,237,81,156,65.8
2026-09-12T09:17:00Z,2026-09-12T11:17:00+02:00,53,dr-robert,407,284,123,30.2
2026-09-12T09:17:00Z,2026-09-12T11:17:00+02:00,54,placa-vella,297,201,96,32.3
2026-09-12T09:17:00Z,2026-09-12T11:17:00+02:00,55,ajuntament-mercat,237,81,156,65.8
2026-09-12T09:18:00Z,2026-09-12T11:18:00+02:00,53,dr-robert,407,284,123,30.2
2026-09-12T09:18:00Z,2026-09-12T11:18:00+02:00,54,placa-vella,297,201,96,32.3
2026-09-12T09:18:00Z,2026-09-12T11:18:00+02:00,55,ajuntament-mercat,237,81,156,65.8
2026-09-12T09:19:00Z,2026-09-12T11:19:00+02:00,53,dr-robert,407,284,123,30.2
2026-09-12T09:19:00Z,2026-09-12T11:19:00+02:00,54,placa-vella,297,201,96,32.3
2026-09-12T09:19:00Z,2026-09-12T11:19:00+02:00,55,ajuntament-mercat,237,81,156,65.8
2026-09-12T09:20:00Z,2026-09-12T11:20:00+02:00,53,dr-robert,407,284,123,30.2
2026-09-12T09:20:00Z,2026-09-12T11:20:00+02:00,54,placa-vella,297,199,98,33
2026-09-12T09:20:00Z,2026-09-12T11:20:00+02:00,55,ajuntament-mercat,237,79,158,66.7
2026-09-12T09:21:00Z,2026-09-12T11:21:00+02:00,53,dr-robert,407,284,123,30.2
2026-09-12T09:21:00Z,2026-09-12T11:21:00+02:00,54,placa-vella,297,199,98,33
2026-09-12T09:21:00Z,2026-09-12T11:21:00+02:00,55,ajuntament-mercat,237,79,158,66.7
2026-09-12T09:22:00Z,2026-09-12T11:22:00+02:00,53,dr-robert,407,284,123,30.2
2026-09-12T09:22:00Z,2026-09-12T11:22:00+02:00,54,placa-vella,297,199,98,33
2026-09-12T09:22:00Z,2026-09-12T11:22:00+02:00,55,ajuntament-mercat,237,79,158,66.7
2026-09-12T09:23:00Z,2026-09-12T11:23:00+02:00,53,dr-robert,407,284,123,30.2
2026-09-12T09:23:00Z,2026-09-12T11:23:00+02:00,54,placa-vella,297,199,98,33
2026-09-12T09:23:00Z,2026-09-12T11:23:00+02:00,55,ajuntament-mercat,237,79,158,66.7
2026-09-12T09:24:00Z,2026-09-12T11:24:00+02:00,53,dr-robert,407,284,123,30.2
2026-09-12T09:24:00Z,2026-09-12T11:24:00+02:00,54,placa-vella,297,199,98,33
2026-09-12T09:24:00Z,2026-09-12T11:24:00+02:00,55,ajuntament-mercat,237,79,158,66.7
2026-09-12T09:25:00Z,2026-09-12T11:25:00+02:00,53,dr-robert,407,284,123,30.2
2026-09-12T09:25:00Z,2026-09-12T11:25:00+02:00,54,placa-vella,297,196,101,34
2026-09-12T09:25:00Z,2026-09-12T11:25:00+02:00,55,ajuntament-mercat,237,77,160,67.5
2026-09-12T09:26:00Z,2026-09-12T11:26:00+02:00,53,dr-robert,407,284,123,30.2
2026-09-12T09:26:00Z,2026-09-12T11:26:00+02:00,54,placa-vella,297,196,101,34
2026-09-12T09:26:00Z,2026-09-12T11:26:00+02:00,55,ajuntament-mercat,237,77,160,67.5
2026-09-12T09:27:00Z,2026-09-12T11:27:00+02:00,53,dr-robert,407,284,123,30.2
2026-09-12T09:27:00Z,2026-09-12T11:27:00+02:00,54,placa-vella,297,196,101,34
2026-09-12T09:27:00Z,2026-09-12T11:27:00+02:00,55,ajuntament-mercat,237,77,160,67.5
2026-09-12T09:28:00Z,2026-09-12T11:28:00+02:00,53,dr-robert,407,284,123,30.2
2026-09-12T09:28:00Z,2026-09-12T11:28:00+02:00,54,placa-vella,297,196,101,34
2026-09-12T09:28:00Z,2026-09-12T11:28:00+02:00,55,ajuntament-mercat,237,77,160,67.5
2026-09-12T09:29:00Z,2026-09-12T11:29:00+02:00,53,dr-robert,407,284,123,30.2
2026-09-12T09:29:00Z,2026-09-12T11:29:00+02:00,54,placa-vella,297,196,101,34
2026-09-12T09:29:00Z,2026-09-12T11:29:00+02:00,55,ajuntament-mercat,237,77,160,67.5
2026-09-12T09:30:00Z,2026-09-12T11:30:00+02:00,53,dr-robert,407,287,120,29.5
2026-09-12T09:30:00Z,2026-09-12T11:30:00+02:00,54,placa-vella,297,193,104,35
2026-09-12T09:30:00Z,2026-09-12T11:30:00+02:00,55,ajuntament-mercat,237,77,160,67.5
2026-09-12T09:31:00Z,2026-09-12T11:31:00+02:00,53,dr-robert,407,287,120,29.5
2026-09-12T09:31:00Z,2026-09-12T11:31:00+02:00,54,placa-vella,297,193,104,35
2026-09-12T09:31:00Z,2026-09-12T11:31:00+02:00,55,ajuntament-mercat,237,77,160,67.5
2026-09-12T09:32:00Z,2026-09-12T11:32:00+02:00,53,dr-robert,407,287,120,29.5
2026-09-12T09:32:00Z,2026-09-12T11:32:00+02:00,54,placa-vella,297,193,104,35
2026-09-12T09:32:00Z,2026-09-12T11:32:00+02:00,55,ajuntament-mercat,237,77,160,67.5
2026-09-12T09:33:00Z,2026-09-12T11:33:00+02:00,53,dr-robert,407,287,120,29.5
2026-09-12T09:33:00Z,2026-09-12T11:33:00+02:00,54,placa-vella,297,193,104,35
2026-09-12T09:33:00Z,2026-09-12T11:33:00+02:00,55,ajuntament-mercat,237,77,160,67.5
2026-09-12T09:34:00Z,2026-09-12T11:34:00+02:00,53,dr-robert,407,287,120,29.5
2026-09-12T09:34:00Z,2026-09-12T11:34:00+02:00,54,placa-vella,297,193,104,35
2026-09-12T09:34:00Z,2026-09-12T11:34:00+02:00,55,ajuntament-mercat,237,77,160,67.5
2026-09-12T09:35:00Z,2026-09-12T11:35:00+02:00,53,dr-robert,407,286,121,29.7
2026-09-12T09:35:00Z,2026-09-12T11:35:00+02:00,54,placa-vella,297,194,103,34.7
2026-09-12T09:35:00Z,2026-09-12T11:35:00+02:00,55,ajuntament-mercat,237,82,155,65.4
2026-09-12T09:36:00Z,2026-09-12T11:36:00+02:00,53,dr-robert,407,286,121,29.7
2026-09-12T09:36:00Z,2026-09-12T11:36:00+02:00,54,placa-vella,297,194,103,34.7
2026-09-12T09:36:00Z,2026-09-12T11:36:00+02:00,55,ajuntament-mercat,237,82,155,65.4
2026-09-12T09:37:00Z,2026-09-12T11:37:00+02:00,53,dr-robert,407,286,121,29.7
2026-09-12T09:37:00Z,2026-09-12T11:37:00+02:00,54,placa-vella,297,194,103,34.7
2026-09-12T09:37:00Z,2026-09-12T11:37:00+02:00,55,ajuntament-mercat,237,82,155,65.4
2026-09-12T09:38:00Z,2026-09-12T11:38:00+02:00,53,dr-robert,407,286,121,29.7
2026-09-12T09:38:00Z,2026-09-12T11:38:00+02:00,54,placa-vella,297,194,103,34.7
2026-09-12T09:38:00Z,2026-09-12T11:38:00+02:00,55,ajuntament-mercat,237,82,155,65.4
2026-09-12T09:39:00Z,2026-09-12T11:39:00+02:00,53,dr-robert,407,286,121,29.7
2026-09-12T09:39:00Z,2026-09-12T11:39:00+02:00,54,placa-vella,297,194,103,34.7
2026-09-12T09:39:00Z,2026-09-12T11:39:00+02:00,55,ajuntament-mercat,237,82,155,65.4
2026-09-12T09:40:00Z,2026-09-12T11:40:00+02:00,53,dr-robert,407,285,122,30
2026-09-12T09:40:00Z,2026-09-12T11:40:00+02:00,54,placa-vella,297,197,100,33.7
2026-09-12T09:40:00Z,2026-09-12T11:40:00+02:00,55,ajuntament-mercat,237,81,156,65.8
2026-09-12T09:41:00Z,2026-09-12T11:41:00+02:00,53,dr-robert,407,285,122,30
2026-09-12T09:41:00Z,2026-09-12T11:41:00+02:00,54,placa-vella,297,197,100,33.7
2026-09-12T09:41:00Z,2026-09-12T11:41:00+02:00,55,ajuntament-mercat,237,81,156,65.8
2026-09-12T09:42:00Z,2026-09-12T11:42:00+02:00,53,dr-robert,407,285,122,30
2026-09-12T09:42:00Z,2026-09-12T11:42:00+02:00,54,placa-vella,297,197,100,33.7
2026-09-12T09:42:00Z,2026-09-12T11:42:00+02:00,55,ajuntament-mercat,237,81,156,65.8
2026-09-12T09:43:00Z,2026-09-12T11:43:00+02:00,53,dr-robert,407,285,122,30
2026-09-12T09:43:00Z,2026-09-12T11:43:00+02:00,54,placa-vella,297,197,100,33.7
2026-09-12T09:43:00Z,2026-09-12T11:43:00+02:00,55,ajuntament-mercat,237,81,156,65.8
2026-09-12T09:44:00Z,2026-09-12T11:44:00+02:00,53,dr-robert,407,285,122,30
2026-09-12T09:44:00Z,2026-09-12T11:44:00+02:00,54,placa-vella,297,197,100,33.7
2026-09-12T09:44:00Z,2026-09-12T11:44:00+02:00,55,ajuntament-mercat,237,81,156,65.8
2026-09-12T09:45:00Z,2026-09-12T11:45:00+02:00,53,dr-robert,407,285,122,30
2026-09-12T09:45:00Z,2026-09-12T11:45:00+02:00,54,placa-vella,297,191,106,35.7
2026-09-12T09:45:00Z,2026-09-12T11:45:00+02:00,55,ajuntament-mercat,237,85,152,64.1
2026-09-12T09:46:00Z,2026-09-12T11:46:00+02:00,53,dr-robert,407,285,122,30
2026-09-12T09:46:00Z,2026-09-12T11:46:00+02:00,54,placa-vella,297,191,106,35.7
2026-09-12T09:46:00Z,2026-09-12T11:46:00+02:00,55,ajuntament-mercat,237,85,152,64.1
2026-09-12T09:47:00Z,2026-09-12T11:47:00+02:00,53,dr-robert,407,285,122,30
2026-09-12T09:47:00Z,2026-09-12T11:47:00+02:00,54,placa-vella,297,191,106,35.7
2026-09-12T09:47:00Z,2026-09-12T11:47:00+02:00,55,ajuntament-mercat,237,85,152,64.1
2026-09-12T09:48:00Z,2026-09-12T11:48:00+02:00,53,dr-robert,407,285,122,30
2026-09-12T09:48:00Z,2026-09-12T11:48:00+02:00,54,placa-vella,297,191,106,35.7
2026-09-12T09:48:00Z,2026-09-12T11:48:00+02:00,55,ajuntament-mercat,237,85,152,64.1
2026-09-12T09:49:00Z,2026-09-12T11:49:00+02:00,53,dr-robert,407,285,122,30
2026-09-12T09:49:00Z,2026-09-12T11:49:00+02:00,54,placa-vella,297,191,106,35.7
2026-09-12T09:49:00Z,2026-09-12T11:49:00+02:00,55,ajuntament-mercat,237,85,152,64.1
2026-09-12T09:50:00Z,2026-09-12T11:50:00+02:00,53,dr-robert,407,284,123,30.2
2026-09-12T09:50:00Z,2026-09-12T11:50:00+02:00,54,placa-vella,297,189,108,36.4
2026-09-12T09:50:00Z,2026-09-12T11:50:00+02:00,55,ajuntament-mercat,237,85,152,64.1
2026-09-12T09:51:00Z,2026-09-12T11:51:00+02:00,53,dr-robert,407,284,123,30.2
2026-09-12T09:51:00Z,2026-09-12T11:51:00+02:00,54,placa-vella,297,189,108,36.4
2026-09-12T09:51:00Z,2026-09-12T11:51:00+02:00,55,ajuntament-mercat,237,85,152,64.1
2026-09-12T09:52:00Z,2026-09-12T11:52:00+02:00,53,dr-robert,407,284,123,30.2
2026-09-12T09:52:00Z,2026-09-12T11:52:00+02:00,54,placa-vella,297,189,108,36.4
2026-09-12T09:52:00Z,2026-09-12T11:52:00+02:00,55,ajuntament-mercat,237,85,152,64.1
2026-09-12T09:53:00Z,2026-09-12T11:53:00+02:00,53,dr-robert,407,284,123,30.2
2026-09-12T09:53:00Z,2026-09-12T11:53:00+02:00,54,placa-vella,297,189,108,36.4
2026-09-12T09:53:00Z,2026-09-12T11:53:00+02:00,55,ajuntament-mercat,237,85,152,64.1
2026-09-12T09:54:00Z,2026-09-12T11:54:00+02:00,53,dr-robert,407,284,123,30.2
2026-09-12T09:54:00Z,2026-09-12T11:54:00+02:00,54,placa-vella,297,189,108,36.4
2026-09-12T09:54:00Z,2026-09-12T11:54:00+02:00,55,ajuntament-mercat,237,85,152,64.1
2026-09-12T09:55:00Z,2026-09-12T11:55:00+02:00,53,dr-robert,407,283,124,30.5
2026-09-12T09:55:00Z,2026-09-12T11:55:00+02:00,54,placa-vella,297,188,109,36.7
2026-09-12T09:55:00Z,2026-09-12T11:55:00+02:00,55,ajuntament-mercat,237,86,151,63.7
2026-09-12T09:56:00Z,2026-09-12T11:56:00+02:00,53,dr-robert,407,283,124,30.5
2026-09-12T09:56:00Z,2026-09-12T11:56:00+02:00,54,placa-vella,297,188,109,36.7
2026-09-12T09:56:00Z,2026-09-12T11:56:00+02:00,55,ajuntament-mercat,237,86,151,63.7
2026-09-12T09:57:00Z,2026-09-12T11:57:00+02:00,53,dr-robert,407,283,124,30.5
2026-09-12T09:57:00Z,2026-09-12T11:57:00+02:00,54,placa-vella,297,188,109,36.7
2026-09-12T09:57:00Z,2026-09-12T11:57:00+02:00,55,ajuntament-mercat,237,86,151,63.7
2026-09-12T09:58:00Z,2026-09-12T11:58:00+02:00,53,dr-robert,407,283,124,30.5
2026-09-12T09:58:00Z,2026-09-12T11:58:00+02:00,54,placa-vella,297,188,109,36.7
2026-09-12T09:58:00Z,2026-09-12T11:58:00+02:00,55,ajuntament-mercat,237,86,151,63.7
2026-09-12T09:59:00Z,2026-09-12T11:59:00+02:00,53,dr-robert,407,283,124,30.5
2026-09-12T09:59:00Z,2026-09-12T11:59:00+02:00,54,placa-vella,297,188,109,36.7
2026-09-12T09:59:00Z,2026-09-12T11:59:00+02:00,55,ajuntament-mercat,237,86,151,63.7
2026-09-12T10:00:00Z,2026-09-12T12:00:00+02:00,53,dr-robert,407,289,118,29
2026-09-12T10:00:00Z,2026-09-12T12:00:00+02:00,54,placa-vella,297,184,113,38
2026-09-12T10:00:00Z,2026-09-12T12:00:00+02:00,55,ajuntament-mercat,237,93,144,60.8
2026-09-12T10:01:00Z,2026-09-12T12:01:00+02:00,53,dr-robert,407,289,118,29
2026-09-12T10:01:00Z,2026-09-12T12:01:00+02:00,54,placa-vella,297,184,113,38
2026-09-12T10:01:00Z,2026-09-12T12:01:00+02:00,55,ajuntament-mercat,237,93,144,60.8
2026-09-12T10:02:00Z,2026-09-12T12:02:00+02:00,53,dr-robert,407,289,118,29
2026-09-12T10:02:00Z,2026-09-12T12:02:00+02:00,54,placa-vella,297,184,113,38
2026-09-12T10:02:00Z,2026-09-12T12:02:00+02:00,55,ajuntament-mercat,237,93,144,60.8
2026-09-12T10:03:00Z,2026-09-12T12:03:00+02:00,53,dr-robert,407,289,118,29
2026-09-12T10:03:00Z,2026-09-12T12:03:00+02:00,54,placa-vella,297,184,113,38
2026-09-12T10:03:00Z,2026-09-12T12:03:00+02:00,55,ajuntament-mercat,237,93,144,60.8
2026-09-12T10:04:00Z,2026-09-12T12:04:00+02:00,53,dr-robert,407,289,118,29
2026-09-12T10:04:00Z,2026-09-12T12:04:00+02:00,54,placa-vella,297,184,113,38
2026-09-12T10:04:00Z,2026-09-12T12:04:00+02:00,55,ajuntament-mercat,237,93,144,60.8
2026-09-12T10:05:00Z,2026-09-12T12:05:00+02:00,53,dr-robert,407,291,116,28.5
2026-09-12T10:05:00Z,2026-09-12T12:05:00+02:00,54,placa-vella,297,184,113,38
2026-09-12T10:05:00Z,2026-09-12T12:05:00+02:00,55,ajuntament-mercat,237,97,140,59.1
2026-09-12T10:06:00Z,2026-09-12T12:06:00+02:00,53,dr-robert,407,291,116,28.5
2026-09-12T10:06:00Z,2026-09-12T12:06:00+02:00,54,placa-vella,297,184,113,38
2026-09-12T10:06:00Z,2026-09-12T12:06:00+02:00,55,ajuntament-mercat,237,97,140,59.1
2026-09-12T10:07:00Z,2026-09-12T12:07:00+02:00,53,dr-robert,407,291,116,28.5
2026-09-12T10:07:00Z,2026-09-12T12:07:00+02:00,54,placa-vella,297,184,113,38
2026-09-12T10:07:00Z,2026-09-12T12:07:00+02:00,55,ajuntament-mercat,237,97,140,59.1
2026-09-12T10:08:00Z,2026-09-12T12:08:00+02:00,53,dr-robert,407,291,116,28.5
2026-09-12T10:08:00Z,2026-09-12T12:08:00+02:00,54,placa-vella,297,184,113,38
2026-09-12T10:08:00Z,2026-09-12T12:08:00+02:00,55,ajuntament-mercat,237,97,140,59.1
2026-09-12T10:09:00Z,2026-09-12T12:09:00+02:00,53,dr-robert,407,291,116,28.5
2026-09-12T10:09:00Z,2026-09-12T12:09:00+02:00,54,placa-vella,297,184,113,38
2026-09-12T10:09:00Z,2026-09-12T12:09:00+02:00,55,ajuntament-mercat,237,97,140,59.1
2026-09-12T10:10:00Z,2026-09-12T12:10:00+02:00,53,dr-robert,407,292,115,28.3
2026-09-12T10:10:00Z,2026-09-12T12:10:00+02:00,54,placa-vella,297,183,114,38.4
2026-09-12T10:10:00Z,2026-09-12T12:10:00+02:00,55,ajuntament-mercat,237,99,138,58.2
2026-09-12T10:11:00Z,2026-09-12T12:11:00+02:00,53,dr-robert,407,292,115,28.3
2026-09-12T10:11:00Z,2026-09-12T12:11:00+02:00,54,placa-vella,297,183,114,38.4
2026-09-12T10:11:00Z,2026-09-12T12:11:00+02:00,55,ajuntament-mercat,237,99,138,58.2
2026-09-12T10:12:00Z,2026-09-12T12:12:00+02:00,53,dr-robert,407,292,115,28.3
2026-09-12T10:12:00Z,2026-09-12T12:12:00+02:00,54,placa-vella,297,183,114,38.4
2026-09-12T10:12:00Z,2026-09-12T12:12:00+02:00,55,ajuntament-mercat,237,99,138,58.2
2026-09-12T10:13:00Z,2026-09-12T12:13:00+02:00,53,dr-robert,407,292,115,28.3
2026-09-12T10:13:00Z,2026-09-12T12:13:00+02:00,54,placa-vella,297,183,114,38.4
2026-09-12T10:13:00Z,2026-09-12T12:13:00+02:00,55,ajuntament-mercat,237,99,138,58.2
2026-09-12T10:14:00Z,2026-09-12T12:14:00+02:00,53,dr-robert,407,292,115,28.3
2026-09-12T10:14:00Z,2026-09-12T12:14:00+02:00,54,placa-vella,297,183,114,38.4
2026-09-12T10:14:00Z,2026-09-12T12:14:00+02:00,55,ajuntament-mercat,237,99,138,58.2
2026-09-12T10:15:00Z,2026-09-12T12:15:00+02:00,53,dr-robert,407,289,118,29
2026-09-12T10:15:00Z,2026-09-12T12:15:00+02:00,54,placa-vella,297,183,114,38.4
2026-09-12T10:15:00Z,2026-09-12T12:15:00+02:00,55,ajuntament-mercat,237,97,140,59.1
2026-09-12T10:16:00Z,2026-09-12T12:16:00+02:00,53,dr-robert,407,289,118,29
2026-09-12T10:16:00Z,2026-09-12T12:16:00+02:00,54,placa-vella,297,183,114,38.4
2026-09-12T10:16:00Z,2026-09-12T12:16:00+02:00,55,ajuntament-mercat,237,97,140,59.1
2026-09-12T10:17:00Z,2026-09-12T12:17:00+02:00,53,dr-robert,407,289,118,29
2026-09-12T10:17:00Z,2026-09-12T12:17:00+02:00,54,placa-vella,297,183,114,38.4
2026-09-12T10:17:00Z,2026-09-12T12:17:00+02:00,55,ajuntament-mercat,237,97,140,59.1
2026-09-12T10:18:00Z,2026-09-12T12:18:00+02:00,53,dr-robert,407,289,118,29
2026-09-12T10:18:00Z,2026-09-12T12:18:00+02:00,54,placa-vella,297,183,114,38.4
2026-09-12T10:18:00Z,2026-09-12T12:18:00+02:00,55,ajuntament-mercat,237,97,140,59.1
2026-09-12T10:19:00Z,2026-09-12T12:19:00+02:00,53,dr-robert,407,289,118,29
2026-09-12T10:19:00Z,2026-09-12T12:19:00+02:00,54,placa-vella,297,183,114,38.4
2026-09-12T10:19:00Z,2026-09-12T12:19:00+02:00,55,ajuntament-mercat,237,97,140,59.1
2026-09-12T10:20:00Z,2026-09-12T12:20:00+02:00,53,dr-robert,407,290,117,28.7
2026-09-12T10:20:00Z,2026-09-12T12:20:00+02:00,54,placa-vella,297,186,111,37.4
2026-09-12T10:20:00Z,2026-09-12T12:20:00+02:00,55,ajuntament-mercat,237,101,136,57.4
2026-09-12T10:21:00Z,2026-09-12T12:21:00+02:00,53,dr-robert,407,290,117,28.7
2026-09-12T10:21:00Z,2026-09-12T12:21:00+02:00,54,placa-vella,297,186,111,37.4
2026-09-12T10:21:00Z,2026-09-12T12:21:00+02:00,55,ajuntament-mercat,237,101,136,57.4
2026-09-12T10:22:00Z,2026-09-12T12:22:00+02:00,53,dr-robert,407,290,117,28.7
2026-09-12T10:22:00Z,2026-09-12T12:22:00+02:00,54,placa-vella,297,186,111,37.4
2026-09-12T10:22:00Z,2026-09-12T12:22:00+02:00,55,ajuntament-mercat,237,101,136,57.4
2026-09-12T10:23:00Z,2026-09-12T12:23:00+02:00,53,dr-robert,407,290,117,28.7
2026-09-12T10:23:00Z,2026-09-12T12:23:00+02:00,54,placa-vella,297,186,111,37.4
2026-09-12T10:23:00Z,2026-09-12T12:23:00+02:00,55,ajuntament-mercat,237,101,136,57.4
2026-09-12T10:24:00Z,2026-09-12T12:24:00+02:00,53,dr-robert,407,290,117,28.7
2026-09-12T10:24:00Z,2026-09-12T12:24:00+02:00,54,placa-vella,297,186,111,37.4
2026-09-12T10:24:00Z,2026-09-12T12:24:00+02:00,55,ajuntament-mercat,237,101,136,57.4
2026-09-12T10:25:00Z,2026-09-12T12:25:00+02:00,53,dr-robert,407,294,113,27.8
2026-09-12T10:25:00Z,2026-09-12T12:25:00+02:00,54,placa-vella,297,182,115,38.7
2026-09-12T10:25:00Z,2026-09-12T12:25:00+02:00,55,ajuntament-mercat,237,100,137,57.8
2026-09-12T10:26:00Z,2026-09-12T12:26:00+02:00,53,dr-robert,407,294,113,27.8
2026-09-12T10:26:00Z,2026-09-12T12:26:00+02:00,54,placa-vella,297,182,115,38.7
2026-09-12T10:26:00Z,2026-09-12T12:26:00+02:00,55,ajuntament-mercat,237,100,137,57.8
2026-09-12T10:27:00Z,2026-09-12T12:27:00+02:00,53,dr-robert,407,294,113,27.8
2026-09-12T10:27:00Z,2026-09-12T12:27:00+02:00,54,placa-vella,297,182,115,38.7
2026-09-12T10:27:00Z,2026-09-12T12:27:00+02:00,55,ajuntament-mercat,237,100,137,57.8
2026-09-12T10:28:00Z,2026-09-12T12:28:00+02:00,53,dr-robert,407,294,113,27.8
2026-09-12T10:28:00Z,2026-09-12T12:28:00+02:00,54,placa-vella,297,182,115,38.7
2026-09-12T10:28:00Z,2026-09-12T12:28:00+02:00,55,ajuntament-mercat,237,100,137,57.8
2026-09-12T10:29:00Z,2026-09-12T12:29:00+02:00,53,dr-robert,407,294,113,27.8
2026-09-12T10:29:00Z,2026-09-12T12:29:00+02:00,54,placa-vella,297,182,115,38.7
2026-09-12T10:29:00Z,2026-09-12T12:29:00+02:00,55,ajuntament-mercat,237,100,137,57.8
2026-09-12T10:30:00Z,2026-09-12T12:30:00+02:00,53,dr-robert,407,298,109,26.8
2026-09-12T10:30:00Z,2026-09-12T12:30:00+02:00,54,placa-vella,297,186,111,37.4
2026-09-12T10:30:00Z,2026-09-12T12:30:00+02:00,55,ajuntament-mercat,237,102,135,57
2026-09-12T10:31:00Z,2026-09-12T12:31:00+02:00,53,dr-robert,407,298,109,26.8
2026-09-12T10:31:00Z,2026-09-12T12:31:00+02:00,54,placa-vella,297,186,111,37.4
2026-09-12T10:31:00Z,2026-09-12T12:31:00+02:00,55,ajuntament-mercat,237,102,135,57
2026-09-12T10:32:00Z,2026-09-12T12:32:00+02:00,53,dr-robert,407,298,109,26.8
2026-09-12T10:32:00Z,2026-09-12T12:32:00+02:00,54,placa-vella,297,186,111,37.4
2026-09-12T10:32:00Z,2026-09-12T12:32:00+02:00,55,ajuntament-mercat,237,102,135,57
2026-09-12T10:33:00Z,2026-09-12T12:33:00+02:00,53,dr-robert,407,298,109,26.8
2026-09-12T10:33:00Z,2026-09-12T12:33:00+02:00,54,placa-vella,297,186,111,37.4
2026-09-12T10:33:00Z,2026-09-12T12:33:00+02:00,55,ajuntament-mercat,237,102,135,57
2026-09-12T10:34:00Z,2026-09-12T12:34:00+02:00,53,dr-robert,407,298,109,26.8
2026-09-12T10:34:00Z,2026-09-12T12:34:00+02:00,54,placa-vella,297,186,111,37.4
2026-09-12T10:34:00Z,2026-09-12T12:34:00+02:00,55,ajuntament-mercat,237,102,135,57
2026-09-12T10:35:00Z,2026-09-12T12:35:00+02:00,53,dr-robert,407,298,109,26.8
2026-09-12T10:35:00Z,2026-09-12T12:35:00+02:00,54,placa-vella,297,180,117,39.4
2026-09-12T10:35:00Z,2026-09-12T12:35:00+02:00,55,ajuntament-mercat,237,104,133,56.1
2026-09-12T10:36:00Z,2026-09-12T12:36:00+02:00,53,dr-robert,407,298,109,26.8
2026-09-12T10:36:00Z,2026-09-12T12:36:00+02:00,54,placa-vella,297,180,117,39.4
2026-09-12T10:36:00Z,2026-09-12T12:36:00+02:00,55,ajuntament-mercat,237,104,133,56.1
2026-09-12T10:37:00Z,2026-09-12T12:37:00+02:00,53,dr-robert,407,298,109,26.8
2026-09-12T10:37:00Z,2026-09-12T12:37:00+02:00,54,placa-vella,297,180,117,39.4
2026-09-12T10:37:00Z,2026-09-12T12:37:00+02:00,55,ajuntament-mercat,237,104,133,56.1
2026-09-12T10:38:00Z,2026-09-12T12:38:00+02:00,53,dr-robert,407,298,109,26.8
2026-09-12T10:38:00Z,2026-09-12T12:38:00+02:00,54,placa-vella,297,180,117,39.4
2026-09-12T10:38:00Z,2026-09-12T12:38:00+02:00,55,ajuntament-mercat,237,104,133,56.1
2026-09-12T10:39:00Z,2026-09-12T12:39:00+02:00,53,dr-robert,407,298,109,26.8
2026-09-12T10:39:00Z,2026-09-12T12:39:00+02:00,54,placa-vella,297,180,117,39.4
2026-09-12T10:39:00Z,2026-09-12T12:39:00+02:00,55,ajuntament-mercat,237,104,133,56.1
2026-09-12T10:40:00Z,2026-09-12T12:40:00+02:00,53,dr-robert,407,302,105,25.8
2026-09-12T10:40:00Z,2026-09-12T12:40:00+02:00,54,placa-vella,297,187,110,37
2026-09-12T10:40:00Z,2026-09-12T12:40:00+02:00,55,ajuntament-mercat,237,107,130,54.9
2026-09-12T10:41:00Z,2026-09-12T12:41:00+02:00,53,dr-robert,407,302,105,25.8
2026-09-12T10:41:00Z,2026-09-12T12:41:00+02:00,54,placa-vella,297,187,110,37
2026-09-12T10:41:00Z,2026-09-12T12:41:00+02:00,55,ajuntament-mercat,237,107,130,54.9
2026-09-12T10:42:00Z,2026-09-12T12:42:00+02:00,53,dr-robert,407,302,105,25.8
2026-09-12T10:42:00Z,2026-09-12T12:42:00+02:00,54,placa-vella,297,187,110,37
2026-09-12T10:42:00Z,2026-09-12T12:42:00+02:00,55,ajuntament-mercat,237,107,130,54.9
2026-09-12T10:43:00Z,2026-09-12T12:43:00+02:00,53,dr-robert,407,302,105,25.8
2026-09-12T10:43:00Z,2026-09-12T12:43:00+02:00,54,placa-vella,297,187,110,37
2026-09-12T10:43:00Z,2026-09-12T12:43:00+02:00,55,ajuntament-mercat,237,107,130,54.9
2026-09-12T10:44:00Z,2026-09-12T12:44:00+02:00,53,dr-robert,407,302,105,25.8
2026-09-12T10:44:00Z,2026-09-12T12:44:00+02:00,54,placa-vella,297,187,110,37
2026-09-12T10:44:00Z,2026-09-12T12:44:00+02:00,55,ajuntament-mercat,237,107,130,54.9
2026-09-12T10:45:00Z,2026-09-12T12:45:00+02:00,53,dr-robert,407,300,107,26.3
2026-09-12T10:45:00Z,2026-09-12T12:45:00+02:00,54,placa-vella,297,187,110,37
2026-09-12T10:45:00Z,2026-09-12T12:45:00+02:00,55,ajuntament-mercat,237,108,129,54.4
2026-09-12T10:46:00Z,2026-09-12T12:46:00+02:00,53,dr-robert,407,300,107,26.3
2026-09-12T10:46:00Z,2026-09-12T12:46:00+02:00,54,placa-vella,297,187,110,37
2026-09-12T10:46:00Z,2026-09-12T12:46:00+02:00,55,ajuntament-mercat,237,108,129,54.4
2026-09-12T10:47:00Z,2026-09-12T12:47:00+02:00,53,dr-robert,407,300,107,26.3
2026-09-12T10:47:00Z,2026-09-12T12:47:00+02:00,54,placa-vella,297,187,110,37
2026-09-12T10:47:00Z,2026-09-12T12:47:00+02:00,55,ajuntament-mercat,237,108,129,54.4
2026-09-12T10:48:00Z,2026-09-12T12:48:00+02:00,53,dr-robert,407,300,107,26.3
2026-09-12T10:48:00Z,2026-09-12T12:48:00+02:00,54,placa-vella,297,187,110,37
2026-09-12T10:48:00Z,2026-09-12T12:48:00+02:00,55,ajuntament-mercat,237,108,129,54.4
2026-09-12T10:49:00Z,2026-09-12T12:49:00+02:00,53,dr-robert,407,300,107,26.3
2026-09-12T10:49:00Z,2026-09-12T12:49:00+02:00,54,placa-vella,297,187,110,37
2026-09-12T10:49:00Z,2026-09-12T12:49:00+02:00,55,ajuntament-mercat,237,108,129,54.4
2026-09-12T10:50:00Z,2026-09-12T12:50:00+02:00,53,dr-robert,407,301,106,26
2026-09-12T10:50:00Z,2026-09-12T12:50:00+02:00,54,placa-vella,297,189,108,36.4
2026-09-12T10:50:00Z,2026-09-12T12:50:00+02:00,55,ajuntament-mercat,237,111,126,53.2
2026-09-12T10:51:00Z,2026-09-12T12:51:00+02:00,53,dr-robert,407,301,106,26
2026-09-12T10:51:00Z,2026-09-12T12:51:00+02:00,54,placa-vella,297,189,108,36.4
2026-09-12T10:51:00Z,2026-09-12T12:51:00+02:00,55,ajuntament-mercat,237,111,126,53.2
2026-09-12T10:52:00Z,2026-09-12T12:52:00+02:00,53,dr-robert,407,301,106,26
2026-09-12T10:52:00Z,2026-09-12T12:52:00+02:00,54,placa-vella,297,189,108,36.4
2026-09-12T10:52:00Z,2026-09-12T12:52:00+02:00,55,ajuntament-mercat,237,111,126,53.2
2026-09-12T10:53:00Z,2026-09-12T12:53:00+02:00,53,dr-robert,407,301,106,26
2026-09-12T10:53:00Z,2026-09-12T12:53:00+02:00,54,placa-vella,297,189,108,36.4
2026-09-12T10:53:00Z,2026-09-12T12:53:00+02:00,55,ajuntament-mercat,237,111,126,53.2
2026-09-12T10:54:00Z,2026-09-12T12:54:00+02:00,53,dr-robert,407,301,106,26
2026-09-12T10:54:00Z,2026-09-12T12:54:00+02:00,54,placa-vella,297,189,108,36.4
2026-09-12T10:54:00Z,2026-09-12T12:54:00+02:00,55,ajuntament-mercat,237,111,126,53.2
2026-09-12T10:55:00Z,2026-09-12T12:55:00+02:00,53,dr-robert,407,303,104,25.6
2026-09-12T10:55:00Z,2026-09-12T12:55:00+02:00,54,placa-vella,297,191,106,35.7
2026-09-12T10:55:00Z,2026-09-12T12:55:00+02:00,55,ajuntament-mercat,237,112,125,52.7
2026-09-12T10:56:00Z,2026-09-12T12:56:00+02:00,53,dr-robert,407,303,104,25.6
2026-09-12T10:56:00Z,2026-09-12T12:56:00+02:00,54,placa-vella,297,191,106,35.7
2026-09-12T10:56:00Z,2026-09-12T12:56:00+02:00,55,ajuntament-mercat,237,112,125,52.7
2026-09-12T10:57:00Z,2026-09-12T12:57:00+02:00,53,dr-robert,407,303,104,25.6
2026-09-12T10:57:00Z,2026-09-12T12:57:00+02:00,54,placa-vella,297,191,106,35.7
2026-09-12T10:57:00Z,2026-09-12T12:57:00+02:00,55,ajuntament-mercat,237,112,125,52.7
2026-09-12T10:58:00Z,2026-09-12T12:58:00+02:00,53,dr-robert,407,303,104,25.6
2026-09-12T10:58:00Z,2026-09-12T12:58:00+02:00,54,placa-vella,297,191,106,35.7
2026-09-12T10:58:00Z,2026-09-12T12:58:00+02:00,55,ajuntament-mercat,237,112,125,52.7
2026-09-12T10:59:00Z,2026-09-12T12:59:00+02:00,53,dr-robert,407,303,104,25.6
2026-09-12T10:59:00Z,2026-09-12T12:59:00+02:00,54,placa-vella,297,191,106,35.7
2026-09-12T10:59:00Z,2026-09-12T12:59:00+02:00,55,ajuntament-mercat,237,112,125,52.7
2026-09-12T11:00:00Z,2026-09-12T13:00:00+02:00,53,dr-robert,407,308,99,24.3
2026-09-12T11:00:00Z,2026-09-12T13:00:00+02:00,54,placa-vella,297,192,105,35.4
2026-09-12T11:00:00Z,2026-09-12T13:00:00+02:00,55,ajuntament-mercat,237,114,123,51.9
2026-09-12T11:01:00Z,2026-09-12T13:01:00+02:00,53,dr-robert,407,308,99,24.3
2026-09-12T11:01:00Z,2026-09-12T13:01:00+02:00,54,placa-vella,297,192,105,35.4
2026-09-12T11:01:00Z,2026-09-12T13:01:00+02:00,55,ajuntament-mercat,237,114,123,51.9
2026-09-12T11:02:00Z,2026-09-12T13:02:00+02:00,53,dr-robert,407,308,99,24.3
2026-09-12T11:02:00Z,2026-09-12T13:02:00+02:00,54,placa-vella,297,192,105,35.4
2026-09-12T11:02:00Z,2026-09-12T13:02:00+02:00,55,ajuntament-mercat,237,114,123,51.9
2026-09-12T11:03:00Z,2026-09-12T13:03:00+02:00,53,dr-robert,407,308,99,24.3
2026-09-12T11:03:00Z,2026-09-12T13:03:00+02:00,54,placa-vella,297,192,105,35.4
2026-09-12T11:03:00Z,2026-09-12T13:03:00+02:00,55,ajuntament-mercat,237,114,123,51.9
2026-09-12T11:04:00Z,2026-09-12T13:04:00+02:00,53,dr-robert,407,308,99,24.3
2026-09-12T11:04:00Z,2026-09-12T13:04:00+02:00,54,placa-vella,297,192,105,35.4
2026-09-12T11:04:00Z,2026-09-12T13:04:00+02:00,55,ajuntament-mercat,237,114,123,51.9
2026-09-12T11:05:00Z,2026-09-12T13:05:00+02:00,53,dr-robert,407,308,99,24.3
2026-09-12T11:05:00Z,2026-09-12T13:05:00+02:00,54,placa-vella,297,194,103,34.7
2026-09-12T11:05:00Z,2026-09-12T13:05:00+02:00,55,ajuntament-mercat,237,120,117,49.4
2026-09-12T11:06:00Z,2026-09-12T13:06:00+02:00,53,dr-robert,407,308,99,24.3
2026-09-12T11:06:00Z,2026-09-12T13:06:00+02:00,54,placa-vella,297,194,103,34.7
2026-09-12T11:06:00Z,2026-09-12T13:06:00+02:00,55,ajuntament-mercat,237,120,117,49.4
2026-09-12T11:07:00Z,2026-09-12T13:07:00+02:00,53,dr-robert,407,308,99,24.3
2026-09-12T11:07:00Z,2026-09-12T13:07:00+02:00,54,placa-vella,297,194,103,34.7
2026-09-12T11:07:00Z,2026-09-12T13:07:00+02:00,55,ajuntament-mercat,237,120,117,49.4
2026-09-12T11:08:00Z,2026-09-12T13:08:00+02:00,53,dr-robert,407,308,99,24.3
2026-09-12T11:08:00Z,2026-09-12T13:08:00+02:00,54,placa-vella,297,194,103,34.7
2026-09-12T11:08:00Z,2026-09-12T13:08:00+02:00,55,ajuntament-mercat,237,120,117,49.4
2026-09-12T11:09:00Z,2026-09-12T13:09:00+02:00,53,dr-robert,407,308,99,24.3
2026-09-12T11:09:00Z,2026-09-12T13:09:00+02:00,54,placa-vella,297,194,103,34.7
2026-09-12T11:09:00Z,2026-09-12T13:09:00+02:00,55,ajuntament-mercat,237,120,117,49.4
2026-09-12T11:10:00Z,2026-09-12T13:10:00+02:00,53,dr-robert,407,307,100,24.6
2026-09-12T11:10:00Z,2026-09-12T13:10:00+02:00,54,placa-vella,297,194,103,34.7
2026-09-12T11:10:00Z,2026-09-12T13:10:00+02:00,55,ajuntament-mercat,237,122,115,48.5
2026-09-12T11:11:00Z,2026-09-12T13:11:00+02:00,53,dr-robert,407,307,100,24.6
2026-09-12T11:11:00Z,2026-09-12T13:11:00+02:00,54,placa-vella,297,194,103,34.7
2026-09-12T11:11:00Z,2026-09-12T13:11:00+02:00,55,ajuntament-mercat,237,122,115,48.5
2026-09-12T11:12:00Z,2026-09-12T13:12:00+02:00,53,dr-robert,407,307,100,24.6
2026-09-12T11:12:00Z,2026-09-12T13:12:00+02:00,54,placa-vella,297,194,103,34.7
2026-09-12T11:12:00Z,2026-09-12T13:12:00+02:00,55,ajuntament-mercat,237,122,115,48.5
2026-09-12T11:13:00Z,2026-09-12T13:13:00+02:00,53,dr-robert,407,307,100,24.6
2026-09-12T11:13:00Z,2026-09-12T13:13:00+02:00,54,placa-vella,297,194,103,34.7
2026-09-12T11:13:00Z,2026-09-12T13:13:00+02:00,55,ajuntament-mercat,237,122,115,48.5
2026-09-12T11:14:00Z,2026-09-12T13:14:00+02:00,53,dr-robert,407,307,100,24.6
2026-09-12T11:14:00Z,2026-09-12T13:14:00+02:00,54,placa-vella,297,194,103,34.7
2026-09-12T11:14:00Z,2026-09-12T13:14:00+02:00,55,ajuntament-mercat,237,122,115,48.5
2026-09-12T11:15:00Z,2026-09-12T13:15:00+02:00,53,dr-robert,407,309,98,24.1
2026-09-12T11:15:00Z,2026-09-12T13:15:00+02:00,54,placa-vella,297,194,103,34.7
2026-09-12T11:15:00Z,2026-09-12T13:15:00+02:00,55,ajuntament-mercat,237,124,113,47.7
2026-09-12T11:16:00Z,2026-09-12T13:16:00+02:00,53,dr-robert,407,309,98,24.1
2026-09-12T11:16:00Z,2026-09-12T13:16:00+02:00,54,placa-vella,297,194,103,34.7
2026-09-12T11:16:00Z,2026-09-12T13:16:00+02:00,55,ajuntament-mercat,237,124,113,47.7
2026-09-12T11:17:00Z,2026-09-12T13:17:00+02:00,53,dr-robert,407,309,98,24.1
2026-09-12T11:17:00Z,2026-09-12T13:17:00+02:00,54,placa-vella,297,194,103,34.7
2026-09-12T11:17:00Z,2026-09-12T13:17:00+02:00,55,ajuntament-mercat,237,124,113,47.7
2026-09-12T11:18:00Z,2026-09-12T13:18:00+02:00,53,dr-robert,407,309,98,24.1
2026-09-12T11:18:00Z,2026-09-12T13:18:00+02:00,54,placa-vella,297,194,103,34.7
2026-09-12T11:18:00Z,2026-09-12T13:18:00+02:00,55,ajuntament-mercat,237,124,113,47.7
2026-09-12T11:19:00Z,2026-09-12T13:19:00+02:00,53,dr-robert,407,309,98,24.1
2026-09-12T11:19:00Z,2026-09-12T13:19:00+02:00,54,placa-vella,297,194,103,34.7
2026-09-12T11:19:00Z,2026-09-12T13:19:00+02:00,55,ajuntament-mercat,237,124,113,47.7
2026-09-12T11:20:00Z,2026-09-12T13:20:00+02:00,53,dr-robert,407,310,97,23.8
2026-09-12T11:20:00Z,2026-09-12T13:20:00+02:00,54,placa-vella,297,196,101,34
2026-09-12T11:20:00Z,2026-09-12T13:20:00+02:00,55,ajuntament-mercat,237,127,110,46.4
2026-09-12T11:21:00Z,2026-09-12T13:21:00+02:00,53,dr-robert,407,310,97,23.8
2026-09-12T11:21:00Z,2026-09-12T13:21:00+02:00,54,placa-vella,297,196,101,34
2026-09-12T11:21:00Z,2026-09-12T13:21:00+02:00,55,ajuntament-mercat,237,127,110,46.4
2026-09-12T11:22:00Z,2026-09-12T13:22:00+02:00,53,dr-robert,407,310,97,23.8
2026-09-12T11:22:00Z,2026-09-12T13:22:00+02:00,54,placa-vella,297,196,101,34
2026-09-12T11:22:00Z,2026-09-12T13:22:00+02:00,55,ajuntament-mercat,237,127,110,46.4
2026-09-12T11:23:00Z,2026-09-12T13:23:00+02:00,53,dr-robert,407,310,97,23.8
2026-09-12T11:23:00Z,2026-09-12T13:23:00+02:00,54,placa-vella,297,196,101,34
2026-09-12T11:23:00Z,2026-09-12T13:23:00+02:00,55,ajuntament-mercat,237,127,110,46.4
2026-09-12T11:24:00Z,2026-09-12T13:24:00+02:00,53,dr-robert,407,310,97,23.8
2026-09-12T11:24:00Z,2026-09-12T13:24:00+02:00,54,placa-vella,297,196,101,34
2026-09-12T11:24:00Z,2026-09-12T13:24:00+02:00,55,ajuntament-mercat,237,127,110,46.4
2026-09-12T11:25:00Z,2026-09-12T13:25:00+02:00,53,dr-robert,407,311,96,23.6
2026-09-12T11:25:00Z,2026-09-12T13:25:00+02:00,54,placa-vella,297,196,101,34
2026-09-12T11:25:00Z,2026-09-12T13:25:00+02:00,55,ajuntament-mercat,237,132,105,44.3
2026-09-12T11:26:00Z,2026-09-12T13:26:00+02:00,53,dr-robert,407,311,96,23.6
2026-09-12T11:26:00Z,2026-09-12T13:26:00+02:00,54,placa-vella,297,196,101,34
2026-09-12T11:26:00Z,2026-09-12T13:26:00+02:00,55,ajuntament-mercat,237,132,105,44.3
2026-09-12T11:27:00Z,2026-09-12T13:27:00+02:00,53,dr-robert,407,311,96,23.6
2026-09-12T11:27:00Z,2026-09-12T13:27:00+02:00,54,placa-vella,297,196,101,34
2026-09-12T11:27:00Z,2026-09-12T13:27:00+02:00,55,ajuntament-mercat,237,132,105,44.3
2026-09-12T11:28:00Z,2026-09-12T13:28:00+02:00,53,dr-robert,407,311,96,23.6
2026-09-12T11:28:00Z,2026-09-12T13:28:00+02:00,54,placa-vella,297,196,101,34
2026-09-12T11:28:00Z,2026-09-12T13:28:00+02:00,55,ajuntament-mercat,237,132,105,44.3
2026-09-12T11:29:00Z,2026-09-12T13:29:00+02:00,53,dr-robert,407,311,96,23.6
2026-09-12T11:29:00Z,2026-09-12T13:29:00+02:00,54,placa-vella,297,196,101,34
2026-09-12T11:29:00Z,2026-09-12T13:29:00+02:00,55,ajuntament-mercat,237,132,105,44.3
2026-09-12T11:30:00Z,2026-09-12T13:30:00+02:00,53,dr-robert,407,312,95,23.3
2026-09-12T11:30:00Z,2026-09-12T13:30:00+02:00,54,placa-vella,297,199,98,33
2026-09-12T11:30:00Z,2026-09-12T13:30:00+02:00,55,ajuntament-mercat,237,137,100,42.2
2026-09-12T11:31:00Z,2026-09-12T13:31:00+02:00,53,dr-robert,407,312,95,23.3
2026-09-12T11:31:00Z,2026-09-12T13:31:00+02:00,54,placa-vella,297,199,98,33
2026-09-12T11:31:00Z,2026-09-12T13:31:00+02:00,55,ajuntament-mercat,237,137,100,42.2
2026-09-12T11:32:00Z,2026-09-12T13:32:00+02:00,53,dr-robert,407,312,95,23.3
2026-09-12T11:32:00Z,2026-09-12T13:32:00+02:00,54,placa-vella,297,199,98,33
2026-09-12T11:32:00Z,2026-09-12T13:32:00+02:00,55,ajuntament-mercat,237,137,100,42.2
2026-09-12T11:33:00Z,2026-09-12T13:33:00+02:00,53,dr-robert,407,312,95,23.3
2026-09-12T11:33:00Z,2026-09-12T13:33:00+02:00,54,placa-vella,297,199,98,33
2026-09-12T11:33:00Z,2026-09-12T13:33:00+02:00,55,ajuntament-mercat,237,137,100,42.2
2026-09-12T11:34:00Z,2026-09-12T13:34:00+02:00,53,dr-robert,407,312,95,23.3
2026-09-12T11:34:00Z,2026-09-12T13:34:00+02:00,54,placa-vella,297,199,98,33
2026-09-12T11:34:00Z,2026-09-12T13:34:00+02:00,55,ajuntament-mercat,237,137,100,42.2
2026-09-12T11:35:00Z,2026-09-12T13:35:00+02:00,53,dr-robert,407,313,94,23.1
2026-09-12T11:35:00Z,2026-09-12T13:35:00+02:00,54,placa-vella,297,201,96,32.3
2026-09-12T11:35:00Z,2026-09-12T13:35:00+02:00,55,ajuntament-mercat,237,139,98,41.4
2026-09-12T11:36:00Z,2026-09-12T13:36:00+02:00,53,dr-robert,407,313,94,23.1
2026-09-12T11:36:00Z,2026-09-12T13:36:00+02:00,54,placa-vella,297,201,96,32.3
2026-09-12T11:36:00Z,2026-09-12T13:36:00+02:00,55,ajuntament-mercat,237,139,98,41.4
2026-09-12T11:37:00Z,2026-09-12T13:37:00+02:00,53,dr-robert,407,313,94,23.1
2026-09-12T11:37:00Z,2026-09-12T13:37:00+02:00,54,placa-vella,297,201,96,32.3
2026-09-12T11:37:00Z,2026-09-12T13:37:00+02:00,55,ajuntament-mercat,237,139,98,41.4
2026-09-12T11:38:00Z,2026-09-12T13:38:00+02:00,53,dr-robert,407,313,94,23.1
2026-09-12T11:38:00Z,2026-09-12T13:38:00+02:00,54,placa-vella,297,201,96,32.3
2026-09-12T11:38:00Z,2026-09-12T13:38:00+02:00,55,ajuntament-mercat,237,139,98,41.4
2026-09-12T11:39:00Z,2026-09-12T13:39:00+02:00,53,dr-robert,407,313,94,23.1
2026-09-12T11:39:00Z,2026-09-12T13:39:00+02:00,54,placa-vella,297,201,96,32.3
2026-09-12T11:39:00Z,2026-09-12T13:39:00+02:00,55,ajuntament-mercat,237,139,98,41.4
2026-09-12T11:40:00Z,2026-09-12T13:40:00+02:00,53,dr-robert,407,314,93,22.9
2026-09-12T11:40:00Z,2026-09-12T13:40:00+02:00,54,placa-vella,297,203,94,31.6
2026-09-12T11:40:00Z,2026-09-12T13:40:00+02:00,55,ajuntament-mercat,237,142,95,40.1
2026-09-12T11:41:00Z,2026-09-12T13:41:00+02:00,53,dr-robert,407,314,93,22.9
2026-09-12T11:41:00Z,2026-09-12T13:41:00+02:00,54,placa-vella,297,203,94,31.6
2026-09-12T11:41:00Z,2026-09-12T13:41:00+02:00,55,ajuntament-mercat,237,142,95,40.1
2026-09-12T11:42:00Z,2026-09-12T13:42:00+02:00,53,dr-robert,407,314,93,22.9
2026-09-12T11:42:00Z,2026-09-12T13:42:00+02:00,54,placa-vella,297,203,94,31.6
2026-09-12T11:42:00Z,2026-09-12T13:42:00+02:00,55,ajuntament-mercat,237,142,95,40.1
2026-09-12T11:43:00Z,2026-09-12T13:43:00+02:00,53,dr-robert,407,314,93,22.9
2026-09-12T11:43:00Z,2026-09-12T13:43:00+02:00,54,placa-vella,297,203,94,31.6
2026-09-12T11:43:00Z,2026-09-12T13:43:00+02:00,55,ajuntament-mercat,237,142,95,40.1
2026-09-12T11:44:00Z,2026-09-12T13:44:00+02:00,53,dr-robert,407,314,93,22.9
2026-09-12T11:44:00Z,2026-09-12T13:44:00+02:00,54,placa-vella,297,203,94,31.6
2026-09-12T11:44:00Z,2026-09-12T13:44:00+02:00,55,ajuntament-mercat,237,142,95,40.1
2026-09-12T11:45:00Z,2026-09-12T13:45:00+02:00,53,dr-robert,407,314,93,22.9
2026-09-12T11:45:00Z,2026-09-12T13:45:00+02:00,54,placa-vella,297,204,93,31.3
2026-09-12T11:45:00Z,2026-09-12T13:45:00+02:00,55,ajuntament-mercat,237,144,93,39.2
2026-09-12T11:46:00Z,2026-09-12T13:46:00+02:00,53,dr-robert,407,314,93,22.9
2026-09-12T11:46:00Z,2026-09-12T13:46:00+02:00,54,placa-vella,297,204,93,31.3
2026-09-12T11:46:00Z,2026-09-12T13:46:00+02:00,55,ajuntament-mercat,237,144,93,39.2
2026-09-12T11:47:00Z,2026-09-12T13:47:00+02:00,53,dr-robert,407,314,93,22.9
2026-09-12T11:47:00Z,2026-09-12T13:47:00+02:00,54,placa-vella,297,204,93,31.3
2026-09-12T11:47:00Z,2026-09-12T13:47:00+02:00,55,ajuntament-mercat,237,144,93,39.2
2026-09-12T11:48:00Z,2026-09-12T13:48:00+02:00,53,dr-robert,407,314,93,22.9
2026-09-12T11:48:00Z,2026-09-12T13:48:00+02:00,54,placa-vella,297,204,93,31.3
2026-09-12T11:48:00Z,2026-09-12T13:48:00+02:00,55,ajuntament-mercat,237,144,93,39.2
2026-09-12T11:49:00Z,2026-09-12T13:49:00+02:00,53,dr-robert,407,314,93,22.9
2026-09-12T11:49:00Z,2026-09-12T13:49:00+02:00,54,placa-vella,297,204,93,31.3
2026-09-12T11:49:00Z,2026-09-12T13:49:00+02:00,55,ajuntament-mercat,237,144,93,39.2
2026-09-12T11:50:00Z,2026-09-12T13:50:00+02:00,53,dr-robert,407,313,94,23.1
2026-09-12T11:50:00Z,2026-09-12T13:50:00+02:00,54,placa-vella,297,205,92,31
2026-09-12T11:50:00Z,2026-09-12T13:50:00+02:00,55,ajuntament-mercat,237,147,90,38
2026-09-12T11:51:00Z,2026-09-12T13:51:00+02:00,53,dr-robert,407,313,94,23.1
2026-09-12T11:51:00Z,2026-09-12T13:51:00+02:00,54,placa-vella,297,205,92,31
2026-09-12T11:51:00Z,2026-09-12T13:51:00+02:00,55,ajuntament-mercat,237,147,90,38
2026-09-12T11:52:00Z,2026-09-12T13:52:00+02:00,53,dr-robert,407,313,94,23.1
2026-09-12T11:52:00Z,2026-09-12T13:52:00+02:00,54,placa-vella,297,205,92,31
2026-09-12T11:52:00Z,2026-09-12T13:52:00+02:00,55,ajuntament-mercat,237,147,90,38
2026-09-12T11:53:00Z,2026-09-12T13:53:00+02:00,53,dr-robert,407,313,94,23.1
2026-09-12T11:53:00Z,2026-09-12T13:53:00+02:00,54,placa-vella,297,205,92,31
2026-09-12T11:53:00Z,2026-09-12T13:53:00+02:00,55,ajuntament-mercat,237,147,90,38
2026-09-12T11:54:00Z,2026-09-12T13:54:00+02:00,53,dr-robert,407,313,94,23.1
2026-09-12T11:54:00Z,2026-09-12T13:54:00+02:00,54,placa-vella,297,205,92,31
2026-09-12T11:54:00Z,2026-09-12T13:54:00+02:00,55,ajuntament-mercat,237,147,90,38
2026-09-12T11:55:00Z,2026-09-12T13:55:00+02:00,53,dr-robert,407,314,93,22.9
2026-09-12T11:55:00Z,2026-09-12T13:55:00+02:00,54,placa-vella,297,205,92,31
2026-09-12T11:55:00Z,2026-09-12T13:55:00+02:00,55,ajuntament-mercat,237,149,88,37.1
2026-09-12T11:56:00Z,2026-09-12T13:56:00+02:00,53,dr-robert,407,314,93,22.9
2026-09-12T11:56:00Z,2026-09-12T13:56:00+02:00,54,placa-vella,297,205,92,31
2026-09-12T11:56:00Z,2026-09-12T13:56:00+02:00,55,ajuntament-mercat,237,149,88,37.1
2026-09-12T11:57:00Z,2026-09-12T13:57:00+02:00,53,dr-robert,407,314,93,22.9
2026-09-12T11:57:00Z,2026-09-12T13:57:00+02:00,54,placa-vella,297,205,92,31
2026-09-12T11:57:00Z,2026-09-12T13:57:00+02:00,55,ajuntament-mercat,237,149,88,37.1
2026-09-12T11:58:00Z,2026-09-12T13:58:00+02:00,53,dr-robert,407,314,93,22.9
2026-09-12T11:58:00Z,2026-09-12T13:58:00+02:00,54,placa-vella,297,205,92,31
2026-09-12T11:58:00Z,2026-09-12T13:58:00+02:00,55,ajuntament-mercat,237,149,88,37.1
2026-09-12T11:59:00Z,2026-09-12T13:59:00+02:00,53,dr-robert,407,314,93,22.9
2026-09-12T11:59:00Z,2026-09-12T13:59:00+02:00,54,placa-vella,297,205,92,31
2026-09-12T11:59:00Z,2026-09-12T13:59:00+02:00,55,ajuntament-mercat,237,149,88,37.1
2026-09-12T12:00:00Z,2026-09-12T14:00:00+02:00,53,dr-robert,407,313,94,23.1
2026-09-12T12:00:00Z,2026-09-12T14:00:00+02:00,54,placa-vella,297,206,91,30.6
2026-09-12T12:00:00Z,2026-09-12T14:00:00+02:00,55,ajuntament-mercat,237,150,87,36.7
2026-09-12T12:01:00Z,2026-09-12T14:01:00+02:00,53,dr-robert,407,313,94,23.1
2026-09-12T12:01:00Z,2026-09-12T14:01:00+02:00,54,placa-vella,297,206,91,30.6
2026-09-12T12:01:00Z,2026-09-12T14:01:00+02:00,55,ajuntament-mercat,237,150,87,36.7
2026-09-12T12:02:00Z,2026-09-12T14:02:00+02:00,53,dr-robert,407,313,94,23.1
2026-09-12T12:02:00Z,2026-09-12T14:02:00+02:00,54,placa-vella,297,206,91,30.6
2026-09-12T12:02:00Z,2026-09-12T14:02:00+02:00,55,ajuntament-mercat,237,150,87,36.7
2026-09-12T12:03:00Z,2026-09-12T14:03:00+02:00,53,dr-robert,407,313,94,23.1
2026-09-12T12:03:00Z,2026-09-12T14:03:00+02:00,54,placa-vella,297,206,91,30.6
2026-09-12T12:03:00Z,2026-09-12T14:03:00+02:00,55,ajuntament-mercat,237,150,87,36.7
2026-09-12T12:04:00Z,2026-09-12T14:04:00+02:00,53,dr-robert,407,313,94,23.1
2026-09-12T12:04:00Z,2026-09-12T14:04:00+02:00,54,placa-vella,297,206,91,30.6
2026-09-12T12:04:00Z,2026-09-12T14:04:00+02:00,55,ajuntament-mercat,237,150,87,36.7
2026-09-12T12:05:00Z,2026-09-12T14:05:00+02:00,53,dr-robert,407,314,93,22.9
2026-09-12T12:05:00Z,2026-09-12T14:05:00+02:00,54,placa-vella,297,208,89,30
2026-09-12T12:05:00Z,2026-09-12T14:05:00+02:00,55,ajuntament-mercat,237,150,87,36.7
2026-09-12T12:06:00Z,2026-09-12T14:06:00+02:00,53,dr-robert,407,314,93,22.9
2026-09-12T12:06:00Z,2026-09-12T14:06:00+02:00,54,placa-vella,297,208,89,30
2026-09-12T12:06:00Z,2026-09-12T14:06:00+02:00,55,ajuntament-mercat,237,150,87,36.7
2026-09-12T12:07:00Z,2026-09-12T14:07:00+02:00,53,dr-robert,407,314,93,22.9
2026-09-12T12:07:00Z,2026-09-12T14:07:00+02:00,54,placa-vella,297,208,89,30
2026-09-12T12:07:00Z,2026-09-12T14:07:00+02:00,55,ajuntament-mercat,237,150,87,36.7
2026-09-12T12:08:00Z,2026-09-12T14:08:00+02:00,53,dr-robert,407,314,93,22.9
2026-09-12T12:08:00Z,2026-09-12T14:08:00+02:00,54,placa-vella,297,208,89,30
2026-09-12T12:08:00Z,2026-09-12T14:08:00+02:00,55,ajuntament-mercat,237,150,87,36.7
2026-09-12T12:09:00Z,2026-09-12T14:09:00+02:00,53,dr-robert,407,314,93,22.9
2026-09-12T12:09:00Z,2026-09-12T14:09:00+02:00,54,placa-vella,297,208,89,30
2026-09-12T12:09:00Z,2026-09-12T14:09:00+02:00,55,ajuntament-mercat,237,150,87,36.7
2026-09-12T12:10:00Z,2026-09-12T14:10:00+02:00,53,dr-robert,407,312,95,23.3
2026-09-12T12:10:00Z,2026-09-12T14:10:00+02:00,54,placa-vella,297,206,91,30.6
2026-09-12T12:10:00Z,2026-09-12T14:10:00+02:00,55,ajuntament-mercat,237,150,87,36.7
2026-09-12T12:11:00Z,2026-09-12T14:11:00+02:00,53,dr-robert,407,312,95,23.3
2026-09-12T12:11:00Z,2026-09-12T14:11:00+02:00,54,placa-vella,297,206,91,30.6
2026-09-12T12:11:00Z,2026-09-12T14:11:00+02:00,55,ajuntament-mercat,237,150,87,36.7
2026-09-12T12:12:00Z,2026-09-12T14:12:00+02:00,53,dr-robert,407,312,95,23.3
2026-09-12T12:12:00Z,2026-09-12T14:12:00+02:00,54,placa-vella,297,206,91,30.6
2026-09-12T12:12:00Z,2026-09-12T14:12:00+02:00,55,ajuntament-mercat,237,150,87,36.7
2026-09-12T12:13:00Z,2026-09-12T14:13:00+02:00,53,dr-robert,407,312,95,23.3
2026-09-12T12:13:00Z,2026-09-12T14:13:00+02:00,54,placa-vella,297,206,91,30.6
2026-09-12T12:13:00Z,2026-09-12T14:13:00+02:00,55,ajuntament-mercat,237,150,87,36.7
2026-09-12T12:14:00Z,2026-09-12T14:14:00+02:00,53,dr-robert,407,312,95,23.3
2026-09-12T12:14:00Z,2026-09-12T14:14:00+02:00,54,placa-vella,297,206,91,30.6
2026-09-12T12:14:00Z,2026-09-12T14:14:00+02:00,55,ajuntament-mercat,237,150,87,36.7
2026-09-12T12:15:00Z,2026-09-12T14:15:00+02:00,53,dr-robert,407,313,94,23.1
2026-09-12T12:15:00Z,2026-09-12T14:15:00+02:00,54,placa-vella,297,208,89,30
2026-09-12T12:15:00Z,2026-09-12T14:15:00+02:00,55,ajuntament-mercat,237,152,85,35.9
2026-09-12T12:16:00Z,2026-09-12T14:16:00+02:00,53,dr-robert,407,313,94,23.1
2026-09-12T12:16:00Z,2026-09-12T14:16:00+02:00,54,placa-vella,297,208,89,30
2026-09-12T12:16:00Z,2026-09-12T14:16:00+02:00,55,ajuntament-mercat,237,152,85,35.9
2026-09-12T12:17:00Z,2026-09-12T14:17:00+02:00,53,dr-robert,407,313,94,23.1
2026-09-12T12:17:00Z,2026-09-12T14:17:00+02:00,54,placa-vella,297,208,89,30
2026-09-12T12:17:00Z,2026-09-12T14:17:00+02:00,55,ajuntament-mercat,237,152,85,35.9
2026-09-12T12:18:00Z,2026-09-12T14:18:00+02:00,53,dr-robert,407,313,94,23.1
2026-09-12T12:18:00Z,2026-09-12T14:18:00+02:00,54,placa-vella,297,208,89,30
2026-09-12T12:18:00Z,2026-09-12T14:18:00+02:00,55,ajuntament-mercat,237,152,85,35.9
2026-09-12T12:19:00Z,2026-09-12T14:19:00+02:00,53,dr-robert,407,313,94,23.1
2026-09-12T12:19:00Z,2026-09-12T14:19:00+02:00,54,placa-vella,297,208,89,30
2026-09-12T12:19:00Z,2026-09-12T14:19:00+02:00,55,ajuntament-mercat,237,152,85,35.9
2026-09-12T12:20:00Z,2026-09-12T14:20:00+02:00,53,dr-robert,407,313,94,23.1
2026-09-12T12:20:00Z,2026-09-12T14:20:00+02:00,54,placa-vella,297,207,90,30.3
2026-09-12T12:20:00Z,2026-09-12T14:20:00+02:00,55,ajuntament-mercat,237,156,81,34.2
2026-09-12T12:21:00Z,2026-09-12T14:21:00+02:00,53,dr-robert,407,313,94,23.1
2026-09-12T12:21:00Z,2026-09-12T14:21:00+02:00,54,placa-vella,297,207,90,30.3
2026-09-12T12:21:00Z,2026-09-12T14:21:00+02:00,55,ajuntament-mercat,237,156,81,34.2
2026-09-12T12:22:00Z,2026-09-12T14:22:00+02:00,53,dr-robert,407,313,94,23.1
2026-09-12T12:22:00Z,2026-09-12T14:22:00+02:00,54,placa-vella,297,207,90,30.3
2026-09-12T12:22:00Z,2026-09-12T14:22:00+02:00,55,ajuntament-mercat,237,156,81,34.2
2026-09-12T12:23:00Z,2026-09-12T14:23:00+02:00,53,dr-robert,407,313,94,23.1
2026-09-12T12:23:00Z,2026-09-12T14:23:00+02:00,54,placa-vella,297,207,90,30.3
2026-09-12T12:23:00Z,2026-09-12T14:23:00+02:00,55,ajuntament-mercat,237,156,81,34.2
2026-09-12T12:24:00Z,2026-09-12T14:24:00+02:00,53,dr-robert,407,313,94,23.1
2026-09-12T12:24:00Z,2026-09-12T14:24:00+02:00,54,placa-vella,297,207,90,30.3
2026-09-12T12:24:00Z,2026-09-12T14:24:00+02:00,55,ajuntament-mercat,237,156,81,34.2
2026-09-12T12:25:00Z,2026-09-12T14:25:00+02:00,53,dr-robert,407,313,94,23.1
2026-09-12T12:25:00Z,2026-09-12T14:25:00+02:00,54,placa-vella,297,206,91,30.6
2026-09-12T12:25:00Z,2026-09-12T14:25:00+02:00,55,ajuntament-mercat,237,156,81,34.2
2026-09-12T12:26:00Z,2026-09-12T14:26:00+02:00,53,dr-robert,407,313,94,23.1
2026-09-12T12:26:00Z,2026-09-12T14:26:00+02:00,54,placa-vella,297,206,91,30.6
2026-09-12T12:26:00Z,2026-09-12T14:26:00+02:00,55,ajuntament-mercat,237,156,81,34.2
2026-09-12T12:27:00Z,2026-09-12T14:27:00+02:00,53,dr-robert,407,313,94,23.1
2026-09-12T12:27:00Z,2026-09-12T14:27:00+02:00,54,placa-vella,297,206,91,30.6
2026-09-12T12:27:00Z,2026-09-12T14:27:00+02:00,55,ajuntament-mercat,237,156,81,34.2
2026-09-12T12:28:00Z,2026-09-12T14:28:00+02:00,53,dr-robert,407,313,94,23.1
2026-09-12T12:28:00Z,2026-09-12T14:28:00+02:00,54,placa-vella,297,206,91,30.6
2026-09-12T12:28:00Z,2026-09-12T14:28:00+02:00,55,ajuntament-mercat,237,156,81,34.2
2026-09-12T12:29:00Z,2026-09-12T14:29:00+02:00,53,dr-robert,407,313,94,23.1
2026-09-12T12:29:00Z,2026-09-12T14:29:00+02:00,54,placa-vella,297,206,91,30.6
2026-09-12T12:29:00Z,2026-09-12T14:29:00+02:00,55,ajuntament-mercat,237,156,81,34.2
2026-09-12T12:30:00Z,2026-09-12T14:30:00+02:00,53,dr-robert,407,313,94,23.1
2026-09-12T12:30:00Z,2026-09-12T14:30:00+02:00,54,placa-vella,297,206,91,30.6
2026-09-12T12:30:00Z,2026-09-12T14:30:00+02:00,55,ajuntament-mercat,237,159,78,32.9
2026-09-12T12:31:00Z,2026-09-12T14:31:00+02:00,53,dr-robert,407,313,94,23.1
2026-09-12T12:31:00Z,2026-09-12T14:31:00+02:00,54,placa-vella,297,206,91,30.6
2026-09-12T12:31:00Z,2026-09-12T14:31:00+02:00,55,ajuntament-mercat,237,159,78,32.9
2026-09-12T12:32:00Z,2026-09-12T14:32:00+02:00,53,dr-robert,407,313,94,23.1
2026-09-12T12:32:00Z,2026-09-12T14:32:00+02:00,54,placa-vella,297,206,91,30.6
2026-09-12T12:32:00Z,2026-09-12T14:32:00+02:00,55,ajuntament-mercat,237,159,78,32.9
2026-09-12T12:33:00Z,2026-09-12T14:33:00+02:00,53,dr-robert,407,313,94,23.1
2026-09-12T12:33:00Z,2026-09-12T14:33:00+02:00,54,placa-vella,297,206,91,30.6
2026-09-12T12:33:00Z,2026-09-12T14:33:00+02:00,55,ajuntament-mercat,237,159,78,32.9
2026-09-12T12:34:00Z,2026-09-12T14:34:00+02:00,53,dr-robert,407,313,94,23.1
2026-09-12T12:34:00Z,2026-09-12T14:34:00+02:00,54,placa-vella,297,206,91,30.6
2026-09-12T12:34:00Z,2026-09-12T14:34:00+02:00,55,ajuntament-mercat,237,159,78,32.9
2026-09-12T12:35:00Z,2026-09-12T14:35:00+02:00,53,dr-robert,407,314,93,22.9
2026-09-12T12:35:00Z,2026-09-12T14:35:00+02:00,54,placa-vella,297,206,91,30.6
2026-09-12T12:35:00Z,2026-09-12T14:35:00+02:00,55,ajuntament-mercat,237,163,74,31.2
2026-09-12T12:36:00Z,2026-09-12T14:36:00+02:00,53,dr-robert,407,314,93,22.9
2026-09-12T12:36:00Z,2026-09-12T14:36:00+02:00,54,placa-vella,297,206,91,30.6
2026-09-12T12:36:00Z,2026-09-12T14:36:00+02:00,55,ajuntament-mercat,237,163,74,31.2
2026-09-12T12:37:00Z,2026-09-12T14:37:00+02:00,53,dr-robert,407,314,93,22.9
2026-09-12T12:37:00Z,2026-09-12T14:37:00+02:00,54,placa-vella,297,206,91,30.6
2026-09-12T12:37:00Z,2026-09-12T14:37:00+02:00,55,ajuntament-mercat,237,163,74,31.2
2026-09-12T12:38:00Z,2026-09-12T14:38:00+02:00,53,dr-robert,407,314,93,22.9
2026-09-12T12:38:00Z,2026-09-12T14:38:00+02:00,54,placa-vella,297,206,91,30.6
2026-09-12T12:38:00Z,2026-09-12T14:38:00+02:00,55,ajuntament-mercat,237,163,74,31.2
2026-09-12T12:39:00Z,2026-09-12T14:39:00+02:00,53,dr-robert,407,314,93,22.9
2026-09-12T12:39:00Z,2026-09-12T14:39:00+02:00,54,placa-vella,297,206,91,30.6
2026-09-12T12:39:00Z,2026-09-12T14:39:00+02:00,55,ajuntament-mercat,237,163,74,31.2
2026-09-12T12:40:00Z,2026-09-12T14:40:00+02:00,53,dr-robert,407,315,92,22.6
2026-09-12T12:40:00Z,2026-09-12T14:40:00+02:00,54,placa-vella,297,207,90,30.3
2026-09-12T12:40:00Z,2026-09-12T14:40:00+02:00,55,ajuntament-mercat,237,167,70,29.5
2026-09-12T12:41:00Z,2026-09-12T14:41:00+02:00,53,dr-robert,407,315,92,22.6
2026-09-12T12:41:00Z,2026-09-12T14:41:00+02:00,54,placa-vella,297,207,90,30.3
2026-09-12T12:41:00Z,2026-09-12T14:41:00+02:00,55,ajuntament-mercat,237,167,70,29.5
2026-09-12T12:42:00Z,2026-09-12T14:42:00+02:00,53,dr-robert,407,315,92,22.6
2026-09-12T12:42:00Z,2026-09-12T14:42:00+02:00,54,placa-vella,297,207,90,30.3
2026-09-12T12:42:00Z,2026-09-12T14:42:00+02:00,55,ajuntament-mercat,237,167,70,29.5
2026-09-12T12:43:00Z,2026-09-12T14:43:00+02:00,53,dr-robert,407,315,92,22.6
2026-09-12T12:43:00Z,2026-09-12T14:43:00+02:00,54,placa-vella,297,207,90,30.3
2026-09-12T12:43:00Z,2026-09-12T14:43:00+02:00,55,ajuntament-mercat,237,167,70,29.5
2026-09-12T12:44:00Z,2026-09-12T14:44:00+02:00,53,dr-robert,407,315,92,22.6
2026-09-12T12:44:00Z,2026-09-12T14:44:00+02:00,54,placa-vella,297,207,90,30.3
2026-09-12T12:44:00Z,2026-09-12T14:44:00+02:00,55,ajuntament-mercat,237,167,70,29.5
2026-09-12T12:45:00Z,2026-09-12T14:45:00+02:00,53,dr-robert,407,317,90,22.1
2026-09-12T12:45:00Z,2026-09-12T14:45:00+02:00,54,placa-vella,297,207,90,30.3
2026-09-12T12:45:00Z,2026-09-12T14:45:00+02:00,55,ajuntament-mercat,237,168,69,29.1
2026-09-12T12:46:00Z,2026-09-12T14:46:00+02:00,53,dr-robert,407,317,90,22.1
2026-09-12T12:46:00Z,2026-09-12T14:46:00+02:00,54,placa-vella,297,207,90,30.3
2026-09-12T12:46:00Z,2026-09-12T14:46:00+02:00,55,ajuntament-mercat,237,168,69,29.1
2026-09-12T12:47:00Z,2026-09-12T14:47:00+02:00,53,dr-robert,407,317,90,22.1
2026-09-12T12:47:00Z,2026-09-12T14:47:00+02:00,54,placa-vella,297,207,90,30.3
2026-09-12T12:47:00Z,2026-09-12T14:47:00+02:00,55,ajuntament-mercat,237,168,69,29.1
2026-09-12T12:48:00Z,2026-09-12T14:48:00+02:00,53,dr-robert,407,317,90,22.1
2026-09-12T12:48:00Z,2026-09-12T14:48:00+02:00,54,placa-vella,297,207,90,30.3
2026-09-12T12:48:00Z,2026-09-12T14:48:00+02:00,55,ajuntament-mercat,237,168,69,29.1
2026-09-12T12:49:00Z,2026-09-12T14:49:00+02:00,53,dr-robert,407,317,90,22.1
2026-09-12T12:49:00Z,2026-09-12T14:49:00+02:00,54,placa-vella,297,207,90,30.3
2026-09-12T12:49:00Z,2026-09-12T14:49:00+02:00,55,ajuntament-mercat,237,168,69,29.1
2026-09-12T12:50:00Z,2026-09-12T14:50:00+02:00,53,dr-robert,407,315,92,22.6
2026-09-12T12:50:00Z,2026-09-12T14:50:00+02:00,54,placa-vella,297,208,89,30
2026-09-12T12:50:00Z,2026-09-12T14:50:00+02:00,55,ajuntament-mercat,237,168,69,29.1
2026-09-12T12:51:00Z,2026-09-12T14:51:00+02:00,53,dr-robert,407,315,92,22.6
2026-09-12T12:51:00Z,2026-09-12T14:51:00+02:00,54,placa-vella,297,208,89,30
2026-09-12T12:51:00Z,2026-09-12T14:51:00+02:00,55,ajuntament-mercat,237,168,69,29.1
2026-09-12T12:52:00Z,2026-09-12T14:52:00+02:00,53,dr-robert,407,315,92,22.6
2026-09-12T12:52:00Z,2026-09-12T14:52:00+02:00,54,placa-vella,297,208,89,30
2026-09-12T12:52:00Z,2026-09-12T14:52:00+02:00,55,ajuntament-mercat,237,168,69,29.1
2026-09-12T12:53:00Z,2026-09-12T14:53:00+02:00,53,dr-robert,407,315,92,22.6
2026-09-12T12:53:00Z,2026-09-12T14:53:00+02:00,54,placa-vella,297,208,89,30
2026-09-12T12:53:00Z,2026-09-12T14:53:00+02:00,55,ajuntament-mercat,237,168,69,29.1
2026-09-12T12:54:00Z,2026-09-12T14:54:00+02:00,53,dr-robert,407,315,92,22.6
2026-09-12T12:54:00Z,2026-09-12T14:54:00+02:00,54,placa-vella,297,208,89,30
2026-09-12T12:54:00Z,2026-09-12T14:54:00+02:00,55,ajuntament-mercat,237,168,69,29.1
2026-09-12T12:55:00Z,2026-09-12T14:55:00+02:00,53,dr-robert,407,316,91,22.4
2026-09-12T12:55:00Z,2026-09-12T14:55:00+02:00,54,placa-vella,297,209,88,29.6
2026-09-12T12:55:00Z,2026-09-12T14:55:00+02:00,55,ajuntament-mercat,237,165,72,30.4
2026-09-12T12:56:00Z,2026-09-12T14:56:00+02:00,53,dr-robert,407,316,91,22.4
2026-09-12T12:56:00Z,2026-09-12T14:56:00+02:00,54,placa-vella,297,209,88,29.6
2026-09-12T12:56:00Z,2026-09-12T14:56:00+02:00,55,ajuntament-mercat,237,165,72,30.4
2026-09-12T12:57:00Z,2026-09-12T14:57:00+02:00,53,dr-robert,407,316,91,22.4
2026-09-12T12:57:00Z,2026-09-12T14:57:00+02:00,54,placa-vella,297,209,88,29.6
2026-09-12T12:57:00Z,2026-09-12T14:57:00+02:00,55,ajuntament-mercat,237,165,72,30.4
2026-09-12T12:58:00Z,2026-09-12T14:58:00+02:00,53,dr-robert,407,316,91,22.4
2026-09-12T12:58:00Z,2026-09-12T14:58:00+02:00,54,placa-vella,297,209,88,29.6
2026-09-12T12:58:00Z,2026-09-12T14:58:00+02:00,55,ajuntament-mercat,237,165,72,30.4
2026-09-12T12:59:00Z,2026-09-12T14:59:00+02:00,53,dr-robert,407,316,91,22.4
2026-09-12T12:59:00Z,2026-09-12T14:59:00+02:00,54,placa-vella,297,209,88,29.6
2026-09-12T12:59:00Z,2026-09-12T14:59:00+02:00,55,ajuntament-mercat,237,165,72,30.4
2026-09-12T13:00:00Z,2026-09-12T15:00:00+02:00,53,dr-robert,407,313,94,23.1
2026-09-12T13:00:00Z,2026-09-12T15:00:00+02:00,54,placa-vella,297,209,88,29.6
2026-09-12T13:00:00Z,2026-09-12T15:00:00+02:00,55,ajuntament-mercat,237,164,73,30.8
2026-09-12T13:01:00Z,2026-09-12T15:01:00+02:00,53,dr-robert,407,313,94,23.1
2026-09-12T13:01:00Z,2026-09-12T15:01:00+02:00,54,placa-vella,297,209,88,29.6
2026-09-12T13:01:00Z,2026-09-12T15:01:00+02:00,55,ajuntament-mercat,237,164,73,30.8
2026-09-12T13:02:00Z,2026-09-12T15:02:00+02:00,53,dr-robert,407,313,94,23.1
2026-09-12T13:02:00Z,2026-09-12T15:02:00+02:00,54,placa-vella,297,209,88,29.6
2026-09-12T13:02:00Z,2026-09-12T15:02:00+02:00,55,ajuntament-mercat,237,164,73,30.8
2026-09-12T13:03:00Z,2026-09-12T15:03:00+02:00,53,dr-robert,407,313,94,23.1
2026-09-12T13:03:00Z,2026-09-12T15:03:00+02:00,54,placa-vella,297,209,88,29.6
2026-09-12T13:03:00Z,2026-09-12T15:03:00+02:00,55,ajuntament-mercat,237,164,73,30.8
2026-09-12T13:04:00Z,2026-09-12T15:04:00+02:00,53,dr-robert,407,313,94,23.1
2026-09-12T13:04:00Z,2026-09-12T15:04:00+02:00,54,placa-vella,297,209,88,29.6
2026-09-12T13:04:00Z,2026-09-12T15:04:00+02:00,55,ajuntament-mercat,237,164,73,30.8
2026-09-12T13:05:00Z,2026-09-12T15:05:00+02:00,53,dr-robert,407,314,93,22.9
2026-09-12T13:05:00Z,2026-09-12T15:05:00+02:00,54,placa-vella,297,209,88,29.6
2026-09-12T13:05:00Z,2026-09-12T15:05:00+02:00,55,ajuntament-mercat,237,166,71,30
2026-09-12T13:06:00Z,2026-09-12T15:06:00+02:00,53,dr-robert,407,314,93,22.9
2026-09-12T13:06:00Z,2026-09-12T15:06:00+02:00,54,placa-vella,297,209,88,29.6
2026-09-12T13:06:00Z,2026-09-12T15:06:00+02:00,55,ajuntament-mercat,237,166,71,30
2026-09-12T13:07:00Z,2026-09-12T15:07:00+02:00,53,dr-robert,407,314,93,22.9
2026-09-12T13:07:00Z,2026-09-12T15:07:00+02:00,54,placa-vella,297,209,88,29.6
2026-09-12T13:07:00Z,2026-09-12T15:07:00+02:00,55,ajuntament-mercat,237,166,71,30
2026-09-12T13:08:00Z,2026-09-12T15:08:00+02:00,53,dr-robert,407,314,93,22.9
2026-09-12T13:08:00Z,2026-09-12T15:08:00+02:00,54,placa-vella,297,209,88,29.6
2026-09-12T13:08:00Z,2026-09-12T15:08:00+02:00,55,ajuntament-mercat,237,166,71,30
2026-09-12T13:09:00Z,2026-09-12T15:09:00+02:00,53,dr-robert,407,314,93,22.9
2026-09-12T13:09:00Z,2026-09-12T15:09:00+02:00,54,placa-vella,297,209,88,29.6
2026-09-12T13:09:00Z,2026-09-12T15:09:00+02:00,55,ajuntament-mercat,237,166,71,30
2026-09-12T13:10:00Z,2026-09-12T15:10:00+02:00,53,dr-robert,407,313,94,23.1
2026-09-12T13:10:00Z,2026-09-12T15:10:00+02:00,54,placa-vella,297,211,86,29
2026-09-12T13:10:00Z,2026-09-12T15:10:00+02:00,55,ajuntament-mercat,237,166,71,30
2026-09-12T13:11:00Z,2026-09-12T15:11:00+02:00,53,dr-robert,407,313,94,23.1
2026-09-12T13:11:00Z,2026-09-12T15:11:00+02:00,54,placa-vella,297,211,86,29
2026-09-12T13:11:00Z,2026-09-12T15:11:00+02:00,55,ajuntament-mercat,237,166,71,30
2026-09-12T13:12:00Z,2026-09-12T15:12:00+02:00,53,dr-robert,407,313,94,23.1
2026-09-12T13:12:00Z,2026-09-12T15:12:00+02:00,54,placa-vella,297,211,86,29
2026-09-12T13:12:00Z,2026-09-12T15:12:00+02:00,55,ajuntament-mercat,237,166,71,30
2026-09-12T13:13:00Z,2026-09-12T15:13:00+02:00,53,dr-robert,407,313,94,23.1
2026-09-12T13:13:00Z,2026-09-12T15:13:00+02:00,54,placa-vella,297,211,86,29
2026-09-12T13:13:00Z,2026-09-12T15:13:00+02:00,55,ajuntament-mercat,237,166,71,30
2026-09-12T13:14:00Z,2026-09-12T15:14:00+02:00,53,dr-robert,407,313,94,23.1
2026-09-12T13:14:00Z,2026-09-12T15:14:00+02:00,54,placa-vella,297,211,86,29
2026-09-12T13:14:00Z,2026-09-12T15:14:00+02:00,55,ajuntament-mercat,237,166,71,30
2026-09-12T13:15:00Z,2026-09-12T15:15:00+02:00,53,dr-robert,407,312,95,23.3
2026-09-12T13:15:00Z,2026-09-12T15:15:00+02:00,54,placa-vella,297,212,85,28.6
2026-09-12T13:15:00Z,2026-09-12T15:15:00+02:00,55,ajuntament-mercat,237,170,67,28.3
2026-09-12T13:16:00Z,2026-09-12T15:16:00+02:00,53,dr-robert,407,312,95,23.3
2026-09-12T13:16:00Z,2026-09-12T15:16:00+02:00,54,placa-vella,297,212,85,28.6
2026-09-12T13:16:00Z,2026-09-12T15:16:00+02:00,55,ajuntament-mercat,237,170,67,28.3
2026-09-12T13:17:00Z,2026-09-12T15:17:00+02:00,53,dr-robert,407,312,95,23.3
2026-09-12T13:17:00Z,2026-09-12T15:17:00+02:00,54,placa-vella,297,212,85,28.6
2026-09-12T13:17:00Z,2026-09-12T15:17:00+02:00,55,ajuntament-mercat,237,170,67,28.3
2026-09-12T13:18:00Z,2026-09-12T15:18:00+02:00,53,dr-robert,407,312,95,23.3
2026-09-12T13:18:00Z,2026-09-12T15:18:00+02:00,54,placa-vella,297,212,85,28.6
2026-09-12T13:18:00Z,2026-09-12T15:18:00+02:00,55,ajuntament-mercat,237,170,67,28.3
2026-09-12T13:19:00Z,2026-09-12T15:19:00+02:00,53,dr-robert,407,312,95,23.3
2026-09-12T13:19:00Z,2026-09-12T15:19:00+02:00,54,placa-vella,297,212,85,28.6
2026-09-12T13:19:00Z,2026-09-12T15:19:00+02:00,55,ajuntament-mercat,237,170,67,28.3
2026-09-12T13:20:00Z,2026-09-12T15:20:00+02:00,53,dr-robert,407,312,95,23.3
2026-09-12T13:20:00Z,2026-09-12T15:20:00+02:00,54,placa-vella,297,213,84,28.3
2026-09-12T13:20:00Z,2026-09-12T15:20:00+02:00,55,ajuntament-mercat,237,170,67,28.3
2026-09-12T13:21:00Z,2026-09-12T15:21:00+02:00,53,dr-robert,407,312,95,23.3
2026-09-12T13:21:00Z,2026-09-12T15:21:00+02:00,54,placa-vella,297,213,84,28.3
2026-09-12T13:21:00Z,2026-09-12T15:21:00+02:00,55,ajuntament-mercat,237,170,67,28.3
2026-09-12T13:22:00Z,2026-09-12T15:22:00+02:00,53,dr-robert,407,312,95,23.3
2026-09-12T13:22:00Z,2026-09-12T15:22:00+02:00,54,placa-vella,297,213,84,28.3
2026-09-12T13:22:00Z,2026-09-12T15:22:00+02:00,55,ajuntament-mercat,237,170,67,28.3
2026-09-12T13:23:00Z,2026-09-12T15:23:00+02:00,53,dr-robert,407,312,95,23.3
2026-09-12T13:23:00Z,2026-09-12T15:23:00+02:00,54,placa-vella,297,213,84,28.3
2026-09-12T13:23:00Z,2026-09-12T15:23:00+02:00,55,ajuntament-mercat,237,170,67,28.3
2026-09-12T13:24:00Z,2026-09-12T15:24:00+02:00,53,dr-robert,407,312,95,23.3
2026-09-12T13:24:00Z,2026-09-12T15:24:00+02:00,54,placa-vella,297,213,84,28.3
2026-09-12T13:24:00Z,2026-09-12T15:24:00+02:00,55,ajuntament-mercat,237,170,67,28.3
2026-09-12T13:25:00Z,2026-09-12T15:25:00+02:00,53,dr-robert,407,315,92,22.6
2026-09-12T13:25:00Z,2026-09-12T15:25:00+02:00,54,placa-vella,297,212,85,28.6
2026-09-12T13:25:00Z,2026-09-12T15:25:00+02:00,55,ajuntament-mercat,237,169,68,28.7
2026-09-12T13:26:00Z,2026-09-12T15:26:00+02:00,53,dr-robert,407,315,92,22.6
2026-09-12T13:26:00Z,2026-09-12T15:26:00+02:00,54,placa-vella,297,212,85,28.6
2026-09-12T13:26:00Z,2026-09-12T15:26:00+02:00,55,ajuntament-mercat,237,169,68,28.7
2026-09-12T13:27:00Z,2026-09-12T15:27:00+02:00,53,dr-robert,407,315,92,22.6
2026-09-12T13:27:00Z,2026-09-12T15:27:00+02:00,54,placa-vella,297,212,85,28.6
2026-09-12T13:27:00Z,2026-09-12T15:27:00+02:00,55,ajuntament-mercat,237,169,68,28.7
2026-09-12T13:28:00Z,2026-09-12T15:28:00+02:00,53,dr-robert,407,315,92,22.6
2026-09-12T13:28:00Z,2026-09-12T15:28:00+02:00,54,placa-vella,297,212,85,28.6
2026-09-12T13:28:00Z,2026-09-12T15:28:00+02:00,55,ajuntament-mercat,237,169,68,28.7
2026-09-12T13:29:00Z,2026-09-12T15:29:00+02:00,53,dr-robert,407,315,92,22.6
2026-09-12T13:29:00Z,2026-09-12T15:29:00+02:00,54,placa-vella,297,212,85,28.6
2026-09-12T13:29:00Z,2026-09-12T15:29:00+02:00,55,ajuntament-mercat,237,169,68,28.7
2026-09-12T13:30:00Z,2026-09-12T15:30:00+02:00,53,dr-robert,407,314,93,22.9
2026-09-12T13:30:00Z,2026-09-12T15:30:00+02:00,54,placa-vella,297,212,85,28.6
2026-09-12T13:30:00Z,2026-09-12T15:30:00+02:00,55,ajuntament-mercat,237,170,67,28.3
2026-09-12T13:31:00Z,2026-09-12T15:31:00+02:00,53,dr-robert,407,314,93,22.9
2026-09-12T13:31:00Z,2026-09-12T15:31:00+02:00,54,placa-vella,297,212,85,28.6
2026-09-12T13:31:00Z,2026-09-12T15:31:00+02:00,55,ajuntament-mercat,237,170,67,28.3
2026-09-12T13:32:00Z,2026-09-12T15:32:00+02:00,53,dr-robert,407,314,93,22.9
2026-09-12T13:32:00Z,2026-09-12T15:32:00+02:00,54,placa-vella,297,212,85,28.6
2026-09-12T13:32:00Z,2026-09-12T15:32:00+02:00,55,ajuntament-mercat,237,170,67,28.3
2026-09-12T13:33:00Z,2026-09-12T15:33:00+02:00,53,dr-robert,407,314,93,22.9
2026-09-12T13:33:00Z,2026-09-12T15:33:00+02:00,54,placa-vella,297,212,85,28.6
2026-09-12T13:33:00Z,2026-09-12T15:33:00+02:00,55,ajuntament-mercat,237,170,67,28.3
2026-09-12T13:34:00Z,2026-09-12T15:34:00+02:00,53,dr-robert,407,314,93,22.9
2026-09-12T13:34:00Z,2026-09-12T15:34:00+02:00,54,placa-vella,297,212,85,28.6
2026-09-12T13:34:00Z,2026-09-12T15:34:00+02:00,55,ajuntament-mercat,237,170,67,28.3
2026-09-12T13:35:00Z,2026-09-12T15:35:00+02:00,53,dr-robert,407,314,93,22.9
2026-09-12T13:35:00Z,2026-09-12T15:35:00+02:00,54,placa-vella,297,214,83,27.9
2026-09-12T13:35:00Z,2026-09-12T15:35:00+02:00,55,ajuntament-mercat,237,171,66,27.8
2026-09-12T13:36:00Z,2026-09-12T15:36:00+02:00,53,dr-robert,407,314,93,22.9
2026-09-12T13:36:00Z,2026-09-12T15:36:00+02:00,54,placa-vella,297,214,83,27.9
2026-09-12T13:36:00Z,2026-09-12T15:36:00+02:00,55,ajuntament-mercat,237,171,66,27.8
2026-09-12T13:37:00Z,2026-09-12T15:37:00+02:00,53,dr-robert,407,314,93,22.9
2026-09-12T13:37:00Z,2026-09-12T15:37:00+02:00,54,placa-vella,297,214,83,27.9
2026-09-12T13:37:00Z,2026-09-12T15:37:00+02:00,55,ajuntament-mercat,237,171,66,27.8
2026-09-12T13:38:00Z,2026-09-12T15:38:00+02:00,53,dr-robert,407,314,93,22.9
2026-09-12T13:38:00Z,2026-09-12T15:38:00+02:00,54,placa-vella,297,214,83,27.9
2026-09-12T13:38:00Z,2026-09-12T15:38:00+02:00,55,ajuntament-mercat,237,171,66,27.8
2026-09-12T13:39:00Z,2026-09-12T15:39:00+02:00,53,dr-robert,407,314,93,22.9
2026-09-12T13:39:00Z,2026-09-12T15:39:00+02:00,54,placa-vella,297,214,83,27.9
2026-09-12T13:39:00Z,2026-09-12T15:39:00+02:00,55,ajuntament-mercat,237,171,66,27.8
2026-09-12T13:40:00Z,2026-09-12T15:40:00+02:00,53,dr-robert,407,316,91,22.4
2026-09-12T13:40:00Z,2026-09-12T15:40:00+02:00,54,placa-vella,297,215,82,27.6
2026-09-12T13:40:00Z,2026-09-12T15:40:00+02:00,55,ajuntament-mercat,237,168,69,29.1
2026-09-12T13:41:00Z,2026-09-12T15:41:00+02:00,53,dr-robert,407,316,91,22.4
2026-09-12T13:41:00Z,2026-09-12T15:41:00+02:00,54,placa-vella,297,215,82,27.6
2026-09-12T13:41:00Z,2026-09-12T15:41:00+02:00,55,ajuntament-mercat,237,168,69,29.1
2026-09-12T13:42:00Z,2026-09-12T15:42:00+02:00,53,dr-robert,407,316,91,22.4
2026-09-12T13:42:00Z,2026-09-12T15:42:00+02:00,54,placa-vella,297,215,82,27.6
2026-09-12T13:42:00Z,2026-09-12T15:42:00+02:00,55,ajuntament-mercat,237,168,69,29.1
2026-09-12T13:43:00Z,2026-09-12T15:43:00+02:00,53,dr-robert,407,316,91,22.4
2026-09-12T13:43:00Z,2026-09-12T15:43:00+02:00,54,placa-vella,297,215,82,27.6
2026-09-12T13:43:00Z,2026-09-12T15:43:00+02:00,55,ajuntament-mercat,237,168,69,29.1
2026-09-12T13:44:00Z,2026-09-12T15:44:00+02:00,53,dr-robert,407,316,91,22.4
2026-09-12T13:44:00Z,2026-09-12T15:44:00+02:00,54,placa-vella,297,215,82,27.6
2026-09-12T13:44:00Z,2026-09-12T15:44:00+02:00,55,ajuntament-mercat,237,168,69,29.1
2026-09-12T13:45:00Z,2026-09-12T15:45:00+02:00,53,dr-robert,407,319,88,21.6
2026-09-12T13:45:00Z,2026-09-12T15:45:00+02:00,54,placa-vella,297,214,83,27.9
2026-09-12T13:45:00Z,2026-09-12T15:45:00+02:00,55,ajuntament-mercat,237,168,69,29.1
2026-09-12T13:46:00Z,2026-09-12T15:46:00+02:00,53,dr-robert,407,319,88,21.6
2026-09-12T13:46:00Z,2026-09-12T15:46:00+02:00,54,placa-vella,297,214,83,27.9
2026-09-12T13:46:00Z,2026-09-12T15:46:00+02:00,55,ajuntament-mercat,237,168,69,29.1
2026-09-12T13:47:00Z,2026-09-12T15:47:00+02:00,53,dr-robert,407,319,88,21.6
2026-09-12T13:47:00Z,2026-09-12T15:47:00+02:00,54,placa-vella,297,214,83,27.9
2026-09-12T13:47:00Z,2026-09-12T15:47:00+02:00,55,ajuntament-mercat,237,168,69,29.1
2026-09-12T13:48:00Z,2026-09-12T15:48:00+02:00,53,dr-robert,407,319,88,21.6
2026-09-12T13:48:00Z,2026-09-12T15:48:00+02:00,54,placa-vella,297,214,83,27.9
2026-09-12T13:48:00Z,2026-09-12T15:48:00+02:00,55,ajuntament-mercat,237,168,69,29.1
2026-09-12T13:49:00Z,2026-09-12T15:49:00+02:00,53,dr-robert,407,319,88,21.6
2026-09-12T13:49:00Z,2026-09-12T15:49:00+02:00,54,placa-vella,297,214,83,27.9
2026-09-12T13:49:00Z,2026-09-12T15:49:00+02:00,55,ajuntament-mercat,237,168,69,29.1
2026-09-12T13:50:00Z,2026-09-12T15:50:00+02:00,53,dr-robert,407,319,88,21.6
2026-09-12T13:50:00Z,2026-09-12T15:50:00+02:00,54,placa-vella,297,212,85,28.6
2026-09-12T13:50:00Z,2026-09-12T15:50:00+02:00,55,ajuntament-mercat,237,170,67,28.3
2026-09-12T13:51:00Z,2026-09-12T15:51:00+02:00,53,dr-robert,407,319,88,21.6
2026-09-12T13:51:00Z,2026-09-12T15:51:00+02:00,54,placa-vella,297,212,85,28.6
2026-09-12T13:51:00Z,2026-09-12T15:51:00+02:00,55,ajuntament-mercat,237,170,67,28.3
2026-09-12T13:52:00Z,2026-09-12T15:52:00+02:00,53,dr-robert,407,319,88,21.6
2026-09-12T13:52:00Z,2026-09-12T15:52:00+02:00,54,placa-vella,297,212,85,28.6
2026-09-12T13:52:00Z,2026-09-12T15:52:00+02:00,55,ajuntament-mercat,237,170,67,28.3
2026-09-12T13:53:00Z,2026-09-12T15:53:00+02:00,53,dr-robert,407,319,88,21.6
2026-09-12T13:53:00Z,2026-09-12T15:53:00+02:00,54,placa-vella,297,212,85,28.6
2026-09-12T13:53:00Z,2026-09-12T15:53:00+02:00,55,ajuntament-mercat,237,170,67,28.3
2026-09-12T13:54:00Z,2026-09-12T15:54:00+02:00,53,dr-robert,407,319,88,21.6
2026-09-12T13:54:00Z,2026-09-12T15:54:00+02:00,54,placa-vella,297,212,85,28.6
2026-09-12T13:54:00Z,2026-09-12T15:54:00+02:00,55,ajuntament-mercat,237,170,67,28.3
2026-09-12T13:55:00Z,2026-09-12T15:55:00+02:00,53,dr-robert,407,318,89,21.9
2026-09-12T13:55:00Z,2026-09-12T15:55:00+02:00,54,placa-vella,297,209,88,29.6
2026-09-12T13:55:00Z,2026-09-12T15:55:00+02:00,55,ajuntament-mercat,237,171,66,27.8
2026-09-12T13:56:00Z,2026-09-12T15:56:00+02:00,53,dr-robert,407,318,89,21.9
2026-09-12T13:56:00Z,2026-09-12T15:56:00+02:00,54,placa-vella,297,209,88,29.6
2026-09-12T13:56:00Z,2026-09-12T15:56:00+02:00,55,ajuntament-mercat,237,171,66,27.8
2026-09-12T13:57:00Z,2026-09-12T15:57:00+02:00,53,dr-robert,407,318,89,21.9
2026-09-12T13:57:00Z,2026-09-12T15:57:00+02:00,54,placa-vella,297,209,88,29.6
2026-09-12T13:57:00Z,2026-09-12T15:57:00+02:00,55,ajuntament-mercat,237,171,66,27.8
2026-09-12T13:58:00Z,2026-09-12T15:58:00+02:00,53,dr-robert,407,318,89,21.9
2026-09-12T13:58:00Z,2026-09-12T15:58:00+02:00,54,placa-vella,297,209,88,29.6
2026-09-12T13:58:00Z,2026-09-12T15:58:00+02:00,55,ajuntament-mercat,237,171,66,27.8
2026-09-12T13:59:00Z,2026-09-12T15:59:00+02:00,53,dr-robert,407,318,89,21.9
2026-09-12T13:59:00Z,2026-09-12T15:59:00+02:00,54,placa-vella,297,209,88,29.6
2026-09-12T13:59:00Z,2026-09-12T15:59:00+02:00,55,ajuntament-mercat,237,171,66,27.8
2026-09-12T14:00:00Z,2026-09-12T16:00:00+02:00,53,dr-robert,407,318,89,21.9
2026-09-12T14:00:00Z,2026-09-12T16:00:00+02:00,54,placa-vella,297,209,88,29.6
2026-09-12T14:00:00Z,2026-09-12T16:00:00+02:00,55,ajuntament-mercat,237,171,66,27.8
2026-09-12T14:01:00Z,2026-09-12T16:01:00+02:00,53,dr-robert,407,321,86,21.1
2026-09-12T14:01:00Z,2026-09-12T16:01:00+02:00,54,placa-vella,297,209,88,29.6
2026-09-12T14:01:00Z,2026-09-12T16:01:00+02:00,55,ajuntament-mercat,237,171,66,27.8
2026-09-12T14:02:00Z,2026-09-12T16:02:00+02:00,53,dr-robert,407,321,86,21.1
2026-09-12T14:02:00Z,2026-09-12T16:02:00+02:00,54,placa-vella,297,209,88,29.6
2026-09-12T14:02:00Z,2026-09-12T16:02:00+02:00,55,ajuntament-mercat,237,171,66,27.8
2026-09-12T14:03:00Z,2026-09-12T16:03:00+02:00,53,dr-robert,407,321,86,21.1
2026-09-12T14:03:00Z,2026-09-12T16:03:00+02:00,54,placa-vella,297,209,88,29.6
2026-09-12T14:03:00Z,2026-09-12T16:03:00+02:00,55,ajuntament-mercat,237,171,66,27.8
2026-09-12T14:04:00Z,2026-09-12T16:04:00+02:00,53,dr-robert,407,321,86,21.1
2026-09-12T14:04:00Z,2026-09-12T16:04:00+02:00,54,placa-vella,297,209,88,29.6
2026-09-12T14:04:00Z,2026-09-12T16:04:00+02:00,55,ajuntament-mercat,237,171,66,27.8
2026-09-12T14:05:00Z,2026-09-12T16:05:00+02:00,53,dr-robert,407,321,86,21.1
2026-09-12T14:05:00Z,2026-09-12T16:05:00+02:00,54,placa-vella,297,210,87,29.3
2026-09-12T14:05:00Z,2026-09-12T16:05:00+02:00,55,ajuntament-mercat,237,170,67,28.3
2026-09-12T14:06:00Z,2026-09-12T16:06:00+02:00,53,dr-robert,407,321,86,21.1
2026-09-12T14:06:00Z,2026-09-12T16:06:00+02:00,54,placa-vella,297,210,87,29.3
2026-09-12T14:06:00Z,2026-09-12T16:06:00+02:00,55,ajuntament-mercat,237,170,67,28.3
2026-09-12T14:07:00Z,2026-09-12T16:07:00+02:00,53,dr-robert,407,321,86,21.1
2026-09-12T14:07:00Z,2026-09-12T16:07:00+02:00,54,placa-vella,297,210,87,29.3
2026-09-12T14:07:00Z,2026-09-12T16:07:00+02:00,55,ajuntament-mercat,237,170,67,28.3
2026-09-12T14:08:00Z,2026-09-12T16:08:00+02:00,53,dr-robert,407,321,86,21.1
2026-09-12T14:08:00Z,2026-09-12T16:08:00+02:00,54,placa-vella,297,210,87,29.3
2026-09-12T14:08:00Z,2026-09-12T16:08:00+02:00,55,ajuntament-mercat,237,170,67,28.3
2026-09-12T14:09:00Z,2026-09-12T16:09:00+02:00,53,dr-robert,407,321,86,21.1
2026-09-12T14:09:00Z,2026-09-12T16:09:00+02:00,54,placa-vella,297,210,87,29.3
2026-09-12T14:09:00Z,2026-09-12T16:09:00+02:00,55,ajuntament-mercat,237,170,67,28.3
2026-09-12T14:10:00Z,2026-09-12T16:10:00+02:00,53,dr-robert,407,321,86,21.1
2026-09-12T14:10:00Z,2026-09-12T16:10:00+02:00,54,placa-vella,297,213,84,28.3
2026-09-12T14:10:00Z,2026-09-12T16:10:00+02:00,55,ajuntament-mercat,237,170,67,28.3
2026-09-12T14:11:00Z,2026-09-12T16:11:00+02:00,53,dr-robert,407,321,86,21.1
2026-09-12T14:11:00Z,2026-09-12T16:11:00+02:00,54,placa-vella,297,213,84,28.3
2026-09-12T14:11:00Z,2026-09-12T16:11:00+02:00,55,ajuntament-mercat,237,170,67,28.3
2026-09-12T14:12:00Z,2026-09-12T16:12:00+02:00,53,dr-robert,407,321,86,21.1
2026-09-12T14:12:00Z,2026-09-12T16:12:00+02:00,54,placa-vella,297,213,84,28.3
2026-09-12T14:12:00Z,2026-09-12T16:12:00+02:00,55,ajuntament-mercat,237,170,67,28.3
2026-09-12T14:13:00Z,2026-09-12T16:13:00+02:00,53,dr-robert,407,321,86,21.1
2026-09-12T14:13:00Z,2026-09-12T16:13:00+02:00,54,placa-vella,297,213,84,28.3
2026-09-12T14:13:00Z,2026-09-12T16:13:00+02:00,55,ajuntament-mercat,237,170,67,28.3
2026-09-12T14:14:00Z,2026-09-12T16:14:00+02:00,53,dr-robert,407,321,86,21.1
2026-09-12T14:14:00Z,2026-09-12T16:14:00+02:00,54,placa-vella,297,213,84,28.3
2026-09-12T14:14:00Z,2026-09-12T16:14:00+02:00,55,ajuntament-mercat,237,170,67,28.3
2026-09-12T14:15:00Z,2026-09-12T16:15:00+02:00,53,dr-robert,407,321,86,21.1
2026-09-12T14:15:00Z,2026-09-12T16:15:00+02:00,54,placa-vella,297,215,82,27.6
2026-09-12T14:15:00Z,2026-09-12T16:15:00+02:00,55,ajuntament-mercat,237,171,66,27.8
2026-09-12T14:16:00Z,2026-09-12T16:16:00+02:00,53,dr-robert,407,321,86,21.1
2026-09-12T14:16:00Z,2026-09-12T16:16:00+02:00,54,placa-vella,297,215,82,27.6
2026-09-12T14:16:00Z,2026-09-12T16:16:00+02:00,55,ajuntament-mercat,237,171,66,27.8
2026-09-12T14:17:00Z,2026-09-12T16:17:00+02:00,53,dr-robert,407,321,86,21.1
2026-09-12T14:17:00Z,2026-09-12T16:17:00+02:00,54,placa-vella,297,215,82,27.6
2026-09-12T14:17:00Z,2026-09-12T16:17:00+02:00,55,ajuntament-mercat,237,171,66,27.8
2026-09-12T14:18:00Z,2026-09-12T16:18:00+02:00,53,dr-robert,407,321,86,21.1
2026-09-12T14:18:00Z,2026-09-12T16:18:00+02:00,54,placa-vella,297,215,82,27.6
2026-09-12T14:18:00Z,2026-09-12T16:18:00+02:00,55,ajuntament-mercat,237,171,66,27.8
2026-09-12T14:19:00Z,2026-09-12T16:19:00+02:00,53,dr-robert,407,321,86,21.1
2026-09-12T14:19:00Z,2026-09-12T16:19:00+02:00,54,placa-vella,297,215,82,27.6
2026-09-12T14:19:00Z,2026-09-12T16:19:00+02:00,55,ajuntament-mercat,237,171,66,27.8
2026-09-12T14:20:00Z,2026-09-12T16:20:00+02:00,53,dr-robert,407,322,85,20.9
2026-09-12T14:20:00Z,2026-09-12T16:20:00+02:00,54,placa-vella,297,218,79,26.6
2026-09-12T14:20:00Z,2026-09-12T16:20:00+02:00,55,ajuntament-mercat,237,173,64,27
2026-09-12T14:21:00Z,2026-09-12T16:21:00+02:00,53,dr-robert,407,322,85,20.9
2026-09-12T14:21:00Z,2026-09-12T16:21:00+02:00,54,placa-vella,297,218,79,26.6
2026-09-12T14:21:00Z,2026-09-12T16:21:00+02:00,55,ajuntament-mercat,237,173,64,27
2026-09-12T14:22:00Z,2026-09-12T16:22:00+02:00,53,dr-robert,407,322,85,20.9
2026-09-12T14:22:00Z,2026-09-12T16:22:00+02:00,54,placa-vella,297,218,79,26.6
2026-09-12T14:22:00Z,2026-09-12T16:22:00+02:00,55,ajuntament-mercat,237,173,64,27
2026-09-12T14:23:00Z,2026-09-12T16:23:00+02:00,53,dr-robert,407,322,85,20.9
2026-09-12T14:23:00Z,2026-09-12T16:23:00+02:00,54,placa-vella,297,218,79,26.6
2026-09-12T14:23:00Z,2026-09-12T16:23:00+02:00,55,ajuntament-mercat,237,173,64,27
2026-09-12T14:24:00Z,2026-09-12T16:24:00+02:00,53,dr-robert,407,322,85,20.9
2026-09-12T14:24:00Z,2026-09-12T16:24:00+02:00,54,placa-vella,297,218,79,26.6
2026-09-12T14:24:00Z,2026-09-12T16:24:00+02:00,55,ajuntament-mercat,237,173,64,27
2026-09-12T14:25:00Z,2026-09-12T16:25:00+02:00,53,dr-robert,407,319,88,21.6
2026-09-12T14:25:00Z,2026-09-12T16:25:00+02:00,54,placa-vella,297,217,80,26.9
2026-09-12T14:25:00Z,2026-09-12T16:25:00+02:00,55,ajuntament-mercat,237,175,62,26.2
2026-09-12T14:26:00Z,2026-09-12T16:26:00+02:00,53,dr-robert,407,319,88,21.6
2026-09-12T14:26:00Z,2026-09-12T16:26:00+02:00,54,placa-vella,297,217,80,26.9
2026-09-12T14:26:00Z,2026-09-12T16:26:00+02:00,55,ajuntament-mercat,237,175,62,26.2
2026-09-12T14:27:00Z,2026-09-12T16:27:00+02:00,53,dr-robert,407,319,88,21.6
2026-09-12T14:27:00Z,2026-09-12T16:27:00+02:00,54,placa-vella,297,217,80,26.9
2026-09-12T14:27:00Z,2026-09-12T16:27:00+02:00,55,ajuntament-mercat,237,175,62,26.2
2026-09-12T14:28:00Z,2026-09-12T16:28:00+02:00,53,dr-robert,407,319,88,21.6
2026-09-12T14:28:00Z,2026-09-12T16:28:00+02:00,54,placa-vella,297,217,80,26.9
2026-09-12T14:28:00Z,2026-09-12T16:28:00+02:00,55,ajuntament-mercat,237,175,62,26.2
2026-09-12T14:29:00Z,2026-09-12T16:29:00+02:00,53,dr-robert,407,319,88,21.6
2026-09-12T14:29:00Z,2026-09-12T16:29:00+02:00,54,placa-vella,297,217,80,26.9
2026-09-12T14:29:00Z,2026-09-12T16:29:00+02:00,55,ajuntament-mercat,237,175,62,26.2
2026-09-12T14:30:00Z,2026-09-12T16:30:00+02:00,53,dr-robert,407,317,90,22.1
2026-09-12T14:30:00Z,2026-09-12T16:30:00+02:00,54,placa-vella,297,220,77,25.9
2026-09-12T14:30:00Z,2026-09-12T16:30:00+02:00,55,ajuntament-mercat,237,176,61,25.7
2026-09-12T14:31:00Z,2026-09-12T16:31:00+02:00,53,dr-robert,407,317,90,22.1
2026-09-12T14:31:00Z,2026-09-12T16:31:00+02:00,54,placa-vella,297,220,77,25.9
2026-09-12T14:31:00Z,2026-09-12T16:31:00+02:00,55,ajuntament-mercat,237,176,61,25.7
2026-09-12T14:32:00Z,2026-09-12T16:32:00+02:00,53,dr-robert,407,317,90,22.1
2026-09-12T14:32:00Z,2026-09-12T16:32:00+02:00,54,placa-vella,297,220,77,25.9
2026-09-12T14:32:00Z,2026-09-12T16:32:00+02:00,55,ajuntament-mercat,237,176,61,25.7
2026-09-12T14:33:00Z,2026-09-12T16:33:00+02:00,53,dr-robert,407,317,90,22.1
2026-09-12T14:33:00Z,2026-09-12T16:33:00+02:00,54,placa-vella,297,220,77,25.9
2026-09-12T14:33:00Z,2026-09-12T16:33:00+02:00,55,ajuntament-mercat,237,176,61,25.7
2026-09-12T14:34:00Z,2026-09-12T16:34:00+02:00,53,dr-robert,407,317,90,22.1
2026-09-12T14:34:00Z,2026-09-12T16:34:00+02:00,54,placa-vella,297,220,77,25.9
2026-09-12T14:34:00Z,2026-09-12T16:34:00+02:00,55,ajuntament-mercat,237,176,61,25.7
2026-09-12T14:35:00Z,2026-09-12T16:35:00+02:00,53,dr-robert,407,316,91,22.4
2026-09-12T14:35:00Z,2026-09-12T16:35:00+02:00,54,placa-vella,297,222,75,25.3
2026-09-12T14:35:00Z,2026-09-12T16:35:00+02:00,55,ajuntament-mercat,237,175,62,26.2
2026-09-12T14:36:00Z,2026-09-12T16:36:00+02:00,53,dr-robert,407,316,91,22.4
2026-09-12T14:36:00Z,2026-09-12T16:36:00+02:00,54,placa-vella,297,222,75,25.3
2026-09-12T14:36:00Z,2026-09-12T16:36:00+02:00,55,ajuntament-mercat,237,175,62,26.2
2026-09-12T14:37:00Z,2026-09-12T16:37:00+02:00,53,dr-robert,407,316,91,22.4
2026-09-12T14:37:00Z,2026-09-12T16:37:00+02:00,54,placa-vella,297,222,75,25.3
2026-09-12T14:37:00Z,2026-09-12T16:37:00+02:00,55,ajuntament-mercat,237,175,62,26.2
2026-09-12T14:38:00Z,2026-09-12T16:38:00+02:00,53,dr-robert,407,316,91,22.4
2026-09-12T14:38:00Z,2026-09-12T16:38:00+02:00,54,placa-vella,297,222,75,25.3
2026-09-12T14:38:00Z,2026-09-12T16:38:00+02:00,55,ajuntament-mercat,237,175,62,26.2
2026-09-12T14:39:00Z,2026-09-12T16:39:00+02:00,53,dr-robert,407,316,91,22.4
2026-09-12T14:39:00Z,2026-09-12T16:39:00+02:00,54,placa-vella,297,222,75,25.3
2026-09-12T14:39:00Z,2026-09-12T16:39:00+02:00,55,ajuntament-mercat,237,175,62,26.2
2026-09-12T14:40:00Z,2026-09-12T16:40:00+02:00,53,dr-robert,407,314,93,22.9
2026-09-12T14:40:00Z,2026-09-12T16:40:00+02:00,54,placa-vella,297,223,74,24.9
2026-09-12T14:40:00Z,2026-09-12T16:40:00+02:00,55,ajuntament-mercat,237,173,64,27
2026-09-12T14:41:00Z,2026-09-12T16:41:00+02:00,53,dr-robert,407,314,93,22.9
2026-09-12T14:41:00Z,2026-09-12T16:41:00+02:00,54,placa-vella,297,223,74,24.9
2026-09-12T14:41:00Z,2026-09-12T16:41:00+02:00,55,ajuntament-mercat,237,173,64,27
2026-09-12T14:42:00Z,2026-09-12T16:42:00+02:00,53,dr-robert,407,314,93,22.9
2026-09-12T14:42:00Z,2026-09-12T16:42:00+02:00,54,placa-vella,297,223,74,24.9
2026-09-12T14:42:00Z,2026-09-12T16:42:00+02:00,55,ajuntament-mercat,237,173,64,27
2026-09-12T14:43:00Z,2026-09-12T16:43:00+02:00,53,dr-robert,407,314,93,22.9
2026-09-12T14:43:00Z,2026-09-12T16:43:00+02:00,54,placa-vella,297,223,74,24.9
2026-09-12T14:43:00Z,2026-09-12T16:43:00+02:00,55,ajuntament-mercat,237,173,64,27
2026-09-12T14:44:00Z,2026-09-12T16:44:00+02:00,53,dr-robert,407,314,93,22.9
2026-09-12T14:44:00Z,2026-09-12T16:44:00+02:00,54,placa-vella,297,223,74,24.9
2026-09-12T14:44:00Z,2026-09-12T16:44:00+02:00,55,ajuntament-mercat,237,173,64,27
2026-09-12T14:45:00Z,2026-09-12T16:45:00+02:00,53,dr-robert,407,316,91,22.4
2026-09-12T14:45:00Z,2026-09-12T16:45:00+02:00,54,placa-vella,297,224,73,24.6
2026-09-12T14:45:00Z,2026-09-12T16:45:00+02:00,55,ajuntament-mercat,237,173,64,27
2026-09-12T14:46:00Z,2026-09-12T16:46:00+02:00,53,dr-robert,407,316,91,22.4
2026-09-12T14:46:00Z,2026-09-12T16:46:00+02:00,54,placa-vella,297,224,73,24.6
2026-09-12T14:46:00Z,2026-09-12T16:46:00+02:00,55,ajuntament-mercat,237,173,64,27
2026-09-12T14:47:00Z,2026-09-12T16:47:00+02:00,53,dr-robert,407,316,91,22.4
2026-09-12T14:47:00Z,2026-09-12T16:47:00+02:00,54,placa-vella,297,224,73,24.6
2026-09-12T14:47:00Z,2026-09-12T16:47:00+02:00,55,ajuntament-mercat,237,173,64,27
2026-09-12T14:48:00Z,2026-09-12T16:48:00+02:00,53,dr-robert,407,316,91,22.4
2026-09-12T14:48:00Z,2026-09-12T16:48:00+02:00,54,placa-vella,297,224,73,24.6
2026-09-12T14:48:00Z,2026-09-12T16:48:00+02:00,55,ajuntament-mercat,237,173,64,27
2026-09-12T14:49:00Z,2026-09-12T16:49:00+02:00,53,dr-robert,407,316,91,22.4
2026-09-12T14:49:00Z,2026-09-12T16:49:00+02:00,54,placa-vella,297,224,73,24.6
2026-09-12T14:49:00Z,2026-09-12T16:49:00+02:00,55,ajuntament-mercat,237,173,64,27
2026-09-12T14:50:00Z,2026-09-12T16:50:00+02:00,53,dr-robert,407,317,90,22.1
2026-09-12T14:50:00Z,2026-09-12T16:50:00+02:00,54,placa-vella,297,225,72,24.2
2026-09-12T14:50:00Z,2026-09-12T16:50:00+02:00,55,ajuntament-mercat,237,169,68,28.7
2026-09-12T14:51:00Z,2026-09-12T16:51:00+02:00,53,dr-robert,407,317,90,22.1
2026-09-12T14:51:00Z,2026-09-12T16:51:00+02:00,54,placa-vella,297,225,72,24.2
2026-09-12T14:51:00Z,2026-09-12T16:51:00+02:00,55,ajuntament-mercat,237,169,68,28.7
2026-09-12T14:52:00Z,2026-09-12T16:52:00+02:00,53,dr-robert,407,317,90,22.1
2026-09-12T14:52:00Z,2026-09-12T16:52:00+02:00,54,placa-vella,297,225,72,24.2
2026-09-12T14:52:00Z,2026-09-12T16:52:00+02:00,55,ajuntament-mercat,237,169,68,28.7
2026-09-12T14:53:00Z,2026-09-12T16:53:00+02:00,53,dr-robert,407,317,90,22.1
2026-09-12T14:53:00Z,2026-09-12T16:53:00+02:00,54,placa-vella,297,225,72,24.2
2026-09-12T14:53:00Z,2026-09-12T16:53:00+02:00,55,ajuntament-mercat,237,169,68,28.7
2026-09-12T14:54:00Z,2026-09-12T16:54:00+02:00,53,dr-robert,407,317,90,22.1
2026-09-12T14:54:00Z,2026-09-12T16:54:00+02:00,54,placa-vella,297,225,72,24.2
2026-09-12T14:54:00Z,2026-09-12T16:54:00+02:00,55,ajuntament-mercat,237,169,68,28.7
2026-09-12T14:55:00Z,2026-09-12T16:55:00+02:00,53,dr-robert,407,312,95,23.3
2026-09-12T14:55:00Z,2026-09-12T16:55:00+02:00,54,placa-vella,297,226,71,23.9
2026-09-12T14:55:00Z,2026-09-12T16:55:00+02:00,55,ajuntament-mercat,237,167,70,29.5
2026-09-12T14:56:00Z,2026-09-12T16:56:00+02:00,53,dr-robert,407,312,95,23.3
2026-09-12T14:56:00Z,2026-09-12T16:56:00+02:00,54,placa-vella,297,226,71,23.9
2026-09-12T14:56:00Z,2026-09-12T16:56:00+02:00,55,ajuntament-mercat,237,167,70,29.5
2026-09-12T14:57:00Z,2026-09-12T16:57:00+02:00,53,dr-robert,407,312,95,23.3
2026-09-12T14:57:00Z,2026-09-12T16:57:00+02:00,54,placa-vella,297,226,71,23.9
2026-09-12T14:57:00Z,2026-09-12T16:57:00+02:00,55,ajuntament-mercat,237,167,70,29.5
2026-09-12T14:58:00Z,2026-09-12T16:58:00+02:00,53,dr-robert,407,312,95,23.3
2026-09-12T14:58:00Z,2026-09-12T16:58:00+02:00,54,placa-vella,297,226,71,23.9
2026-09-12T14:58:00Z,2026-09-12T16:58:00+02:00,55,ajuntament-mercat,237,167,70,29.5
2026-09-12T14:59:00Z,2026-09-12T16:59:00+02:00,53,dr-robert,407,312,95,23.3
2026-09-12T14:59:00Z,2026-09-12T16:59:00+02:00,54,placa-vella,297,226,71,23.9
2026-09-12T14:59:00Z,2026-09-12T16:59:00+02:00,55,ajuntament-mercat,237,167,70,29.5
2026-09-12T15:00:00Z,2026-09-12T17:00:00+02:00,53,dr-robert,407,310,97,23.8
2026-09-12T15:00:00Z,2026-09-12T17:00:00+02:00,54,placa-vella,297,221,76,25.6
2026-09-12T15:00:00Z,2026-09-12T17:00:00+02:00,55,ajuntament-mercat,237,168,69,29.1
2026-09-12T15:01:00Z,2026-09-12T17:01:00+02:00,53,dr-robert,407,310,97,23.8
2026-09-12T15:01:00Z,2026-09-12T17:01:00+02:00,54,placa-vella,297,221,76,25.6
2026-09-12T15:01:00Z,2026-09-12T17:01:00+02:00,55,ajuntament-mercat,237,168,69,29.1
2026-09-12T15:02:00Z,2026-09-12T17:02:00+02:00,53,dr-robert,407,310,97,23.8
2026-09-12T15:02:00Z,2026-09-12T17:02:00+02:00,54,placa-vella,297,221,76,25.6
2026-09-12T15:02:00Z,2026-09-12T17:02:00+02:00,55,ajuntament-mercat,237,168,69,29.1
2026-09-12T15:03:00Z,2026-09-12T17:03:00+02:00,53,dr-robert,407,310,97,23.8
2026-09-12T15:03:00Z,2026-09-12T17:03:00+02:00,54,placa-vella,297,221,76,25.6
2026-09-12T15:03:00Z,2026-09-12T17:03:00+02:00,55,ajuntament-mercat,237,168,69,29.1
2026-09-12T15:04:00Z,2026-09-12T17:04:00+02:00,53,dr-robert,407,310,97,23.8
2026-09-12T15:04:00Z,2026-09-12T17:04:00+02:00,54,placa-vella,297,221,76,25.6
2026-09-12T15:04:00Z,2026-09-12T17:04:00+02:00,55,ajuntament-mercat,237,168,69,29.1
2026-09-12T15:05:00Z,2026-09-12T17:05:00+02:00,53,dr-robert,407,310,97,23.8
2026-09-12T15:05:00Z,2026-09-12T17:05:00+02:00,54,placa-vella,297,221,76,25.6
2026-09-12T15:05:00Z,2026-09-12T17:05:00+02:00,55,ajuntament-mercat,237,168,69,29.1
2026-09-12T15:06:00Z,2026-09-12T17:06:00+02:00,53,dr-robert,407,311,96,23.6
2026-09-12T15:06:00Z,2026-09-12T17:06:00+02:00,54,placa-vella,297,220,77,25.9
2026-09-12T15:06:00Z,2026-09-12T17:06:00+02:00,55,ajuntament-mercat,237,165,72,30.4
2026-09-12T15:07:00Z,2026-09-12T17:07:00+02:00,53,dr-robert,407,311,96,23.6
2026-09-12T15:07:00Z,2026-09-12T17:07:00+02:00,54,placa-vella,297,220,77,25.9
2026-09-12T15:07:00Z,2026-09-12T17:07:00+02:00,55,ajuntament-mercat,237,165,72,30.4
2026-09-12T15:08:00Z,2026-09-12T17:08:00+02:00,53,dr-robert,407,311,96,23.6
2026-09-12T15:08:00Z,2026-09-12T17:08:00+02:00,54,placa-vella,297,220,77,25.9
2026-09-12T15:08:00Z,2026-09-12T17:08:00+02:00,55,ajuntament-mercat,237,165,72,30.4
2026-09-12T15:09:00Z,2026-09-12T17:09:00+02:00,53,dr-robert,407,311,96,23.6
2026-09-12T15:09:00Z,2026-09-12T17:09:00+02:00,54,placa-vella,297,220,77,25.9
2026-09-12T15:09:00Z,2026-09-12T17:09:00+02:00,55,ajuntament-mercat,237,165,72,30.4
2026-09-12T15:10:00Z,2026-09-12T17:10:00+02:00,53,dr-robert,407,311,96,23.6
2026-09-12T15:10:00Z,2026-09-12T17:10:00+02:00,54,placa-vella,297,218,79,26.6
2026-09-12T15:10:00Z,2026-09-12T17:10:00+02:00,55,ajuntament-mercat,237,166,71,30
2026-09-12T15:11:00Z,2026-09-12T17:11:00+02:00,53,dr-robert,407,311,96,23.6
2026-09-12T15:11:00Z,2026-09-12T17:11:00+02:00,54,placa-vella,297,218,79,26.6
2026-09-12T15:11:00Z,2026-09-12T17:11:00+02:00,55,ajuntament-mercat,237,166,71,30
2026-09-12T15:12:00Z,2026-09-12T17:12:00+02:00,53,dr-robert,407,311,96,23.6
2026-09-12T15:12:00Z,2026-09-12T17:12:00+02:00,54,placa-vella,297,218,79,26.6
2026-09-12T15:12:00Z,2026-09-12T17:12:00+02:00,55,ajuntament-mercat,237,166,71,30
2026-09-12T15:13:00Z,2026-09-12T17:13:00+02:00,53,dr-robert,407,311,96,23.6
2026-09-12T15:13:00Z,2026-09-12T17:13:00+02:00,54,placa-vella,297,218,79,26.6
2026-09-12T15:13:00Z,2026-09-12T17:13:00+02:00,55,ajuntament-mercat,237,166,71,30
2026-09-12T15:14:00Z,2026-09-12T17:14:00+02:00,53,dr-robert,407,311,96,23.6
2026-09-12T15:14:00Z,2026-09-12T17:14:00+02:00,54,placa-vella,297,218,79,26.6
2026-09-12T15:14:00Z,2026-09-12T17:14:00+02:00,55,ajuntament-mercat,237,166,71,30
2026-09-12T15:15:00Z,2026-09-12T17:15:00+02:00,53,dr-robert,407,308,99,24.3
2026-09-12T15:15:00Z,2026-09-12T17:15:00+02:00,54,placa-vella,297,217,80,26.9
2026-09-12T15:15:00Z,2026-09-12T17:15:00+02:00,55,ajuntament-mercat,237,166,71,30
2026-09-12T15:16:00Z,2026-09-12T17:16:00+02:00,53,dr-robert,407,308,99,24.3
2026-09-12T15:16:00Z,2026-09-12T17:16:00+02:00,54,placa-vella,297,217,80,26.9
2026-09-12T15:16:00Z,2026-09-12T17:16:00+02:00,55,ajuntament-mercat,237,166,71,30
2026-09-12T15:17:00Z,2026-09-12T17:17:00+02:00,53,dr-robert,407,308,99,24.3
2026-09-12T15:17:00Z,2026-09-12T17:17:00+02:00,54,placa-vella,297,217,80,26.9
2026-09-12T15:17:00Z,2026-09-12T17:17:00+02:00,55,ajuntament-mercat,237,166,71,30
2026-09-12T15:18:00Z,2026-09-12T17:18:00+02:00,53,dr-robert,407,308,99,24.3
2026-09-12T15:18:00Z,2026-09-12T17:18:00+02:00,54,placa-vella,297,217,80,26.9
2026-09-12T15:18:00Z,2026-09-12T17:18:00+02:00,55,ajuntament-mercat,237,166,71,30
2026-09-12T15:19:00Z,2026-09-12T17:19:00+02:00,53,dr-robert,407,308,99,24.3
2026-09-12T15:19:00Z,2026-09-12T17:19:00+02:00,54,placa-vella,297,217,80,26.9
2026-09-12T15:19:00Z,2026-09-12T17:19:00+02:00,55,ajuntament-mercat,237,166,71,30
2026-09-12T15:20:00Z,2026-09-12T17:20:00+02:00,53,dr-robert,407,306,101,24.8
2026-09-12T15:20:00Z,2026-09-12T17:20:00+02:00,54,placa-vella,297,215,82,27.6
2026-09-12T15:20:00Z,2026-09-12T17:20:00+02:00,55,ajuntament-mercat,237,164,73,30.8
2026-09-12T15:21:00Z,2026-09-12T17:21:00+02:00,53,dr-robert,407,306,101,24.8
2026-09-12T15:21:00Z,2026-09-12T17:21:00+02:00,54,placa-vella,297,215,82,27.6
2026-09-12T15:21:00Z,2026-09-12T17:21:00+02:00,55,ajuntament-mercat,237,164,73,30.8
2026-09-12T15:22:00Z,2026-09-12T17:22:00+02:00,53,dr-robert,407,306,101,24.8
2026-09-12T15:22:00Z,2026-09-12T17:22:00+02:00,54,placa-vella,297,215,82,27.6
2026-09-12T15:22:00Z,2026-09-12T17:22:00+02:00,55,ajuntament-mercat,237,164,73,30.8
2026-09-12T15:23:00Z,2026-09-12T17:23:00+02:00,53,dr-robert,407,306,101,24.8
2026-09-12T15:23:00Z,2026-09-12T17:23:00+02:00,54,placa-vella,297,215,82,27.6
2026-09-12T15:23:00Z,2026-09-12T17:23:00+02:00,55,ajuntament-mercat,237,164,73,30.8
2026-09-12T15:24:00Z,2026-09-12T17:24:00+02:00,53,dr-robert,407,306,101,24.8
2026-09-12T15:24:00Z,2026-09-12T17:24:00+02:00,54,placa-vella,297,215,82,27.6
2026-09-12T15:24:00Z,2026-09-12T17:24:00+02:00,55,ajuntament-mercat,237,164,73,30.8
2026-09-12T15:25:00Z,2026-09-12T17:25:00+02:00,53,dr-robert,407,307,100,24.6
2026-09-12T15:25:00Z,2026-09-12T17:25:00+02:00,54,placa-vella,297,213,84,28.3
2026-09-12T15:25:00Z,2026-09-12T17:25:00+02:00,55,ajuntament-mercat,237,168,69,29.1
2026-09-12T15:26:00Z,2026-09-12T17:26:00+02:00,53,dr-robert,407,307,100,24.6
2026-09-12T15:26:00Z,2026-09-12T17:26:00+02:00,54,placa-vella,297,213,84,28.3
2026-09-12T15:26:00Z,2026-09-12T17:26:00+02:00,55,ajuntament-mercat,237,168,69,29.1
2026-09-12T15:27:00Z,2026-09-12T17:27:00+02:00,53,dr-robert,407,307,100,24.6
2026-09-12T15:27:00Z,2026-09-12T17:27:00+02:00,54,placa-vella,297,213,84,28.3
2026-09-12T15:27:00Z,2026-09-12T17:27:00+02:00,55,ajuntament-mercat,237,168,69,29.1
2026-09-12T15:28:00Z,2026-09-12T17:28:00+02:00,53,dr-robert,407,307,100,24.6
2026-09-12T15:28:00Z,2026-09-12T17:28:00+02:00,54,placa-vella,297,213,84,28.3
2026-09-12T15:28:00Z,2026-09-12T17:28:00+02:00,55,ajuntament-mercat,237,168,69,29.1
2026-09-12T15:29:00Z,2026-09-12T17:29:00+02:00,53,dr-robert,407,307,100,24.6
2026-09-12T15:29:00Z,2026-09-12T17:29:00+02:00,54,placa-vella,297,213,84,28.3
2026-09-12T15:29:00Z,2026-09-12T17:29:00+02:00,55,ajuntament-mercat,237,168,69,29.1
2026-09-12T15:30:00Z,2026-09-12T17:30:00+02:00,53,dr-robert,407,306,101,24.8
2026-09-12T15:30:00Z,2026-09-12T17:30:00+02:00,54,placa-vella,297,212,85,28.6
2026-09-12T15:30:00Z,2026-09-12T17:30:00+02:00,55,ajuntament-mercat,237,164,73,30.8
2026-09-12T15:31:00Z,2026-09-12T17:31:00+02:00,53,dr-robert,407,306,101,24.8
2026-09-12T15:31:00Z,2026-09-12T17:31:00+02:00,54,placa-vella,297,212,85,28.6
2026-09-12T15:31:00Z,2026-09-12T17:31:00+02:00,55,ajuntament-mercat,237,164,73,30.8
2026-09-12T15:32:00Z,2026-09-12T17:32:00+02:00,53,dr-robert,407,306,101,24.8
2026-09-12T15:32:00Z,2026-09-12T17:32:00+02:00,54,placa-vella,297,212,85,28.6
2026-09-12T15:32:00Z,2026-09-12T17:32:00+02:00,55,ajuntament-mercat,237,164,73,30.8
2026-09-12T15:33:00Z,2026-09-12T17:33:00+02:00,53,dr-robert,407,306,101,24.8
2026-09-12T15:33:00Z,2026-09-12T17:33:00+02:00,54,placa-vella,297,212,85,28.6
2026-09-12T15:33:00Z,2026-09-12T17:33:00+02:00,55,ajuntament-mercat,237,164,73,30.8
2026-09-12T15:34:00Z,2026-09-12T17:34:00+02:00,53,dr-robert,407,306,101,24.8
2026-09-12T15:34:00Z,2026-09-12T17:34:00+02:00,54,placa-vella,297,212,85,28.6
2026-09-12T15:34:00Z,2026-09-12T17:34:00+02:00,55,ajuntament-mercat,237,164,73,30.8
2026-09-12T15:35:00Z,2026-09-12T17:35:00+02:00,53,dr-robert,407,304,103,25.3
2026-09-12T15:35:00Z,2026-09-12T17:35:00+02:00,54,placa-vella,297,210,87,29.3
2026-09-12T15:35:00Z,2026-09-12T17:35:00+02:00,55,ajuntament-mercat,237,165,72,30.4
2026-09-12T15:36:00Z,2026-09-12T17:36:00+02:00,53,dr-robert,407,304,103,25.3
2026-09-12T15:36:00Z,2026-09-12T17:36:00+02:00,54,placa-vella,297,210,87,29.3
2026-09-12T15:36:00Z,2026-09-12T17:36:00+02:00,55,ajuntament-mercat,237,165,72,30.4
2026-09-12T15:37:00Z,2026-09-12T17:37:00+02:00,53,dr-robert,407,304,103,25.3
2026-09-12T15:37:00Z,2026-09-12T17:37:00+02:00,54,placa-vella,297,210,87,29.3
2026-09-12T15:37:00Z,2026-09-12T17:37:00+02:00,55,ajuntament-mercat,237,165,72,30.4
2026-09-12T15:38:00Z,2026-09-12T17:38:00+02:00,53,dr-robert,407,304,103,25.3
2026-09-12T15:38:00Z,2026-09-12T17:38:00+02:00,54,placa-vella,297,210,87,29.3
2026-09-12T15:38:00Z,2026-09-12T17:38:00+02:00,55,ajuntament-mercat,237,165,72,30.4
2026-09-12T15:39:00Z,2026-09-12T17:39:00+02:00,53,dr-robert,407,304,103,25.3
2026-09-12T15:39:00Z,2026-09-12T17:39:00+02:00,54,placa-vella,297,210,87,29.3
2026-09-12T15:39:00Z,2026-09-12T17:39:00+02:00,55,ajuntament-mercat,237,165,72,30.4
2026-09-12T15:40:00Z,2026-09-12T17:40:00+02:00,53,dr-robert,407,301,106,26
2026-09-12T15:40:00Z,2026-09-12T17:40:00+02:00,54,placa-vella,297,203,94,31.6
2026-09-12T15:40:00Z,2026-09-12T17:40:00+02:00,55,ajuntament-mercat,237,166,71,30
2026-09-12T15:41:00Z,2026-09-12T17:41:00+02:00,53,dr-robert,407,301,106,26
2026-09-12T15:41:00Z,2026-09-12T17:41:00+02:00,54,placa-vella,297,203,94,31.6
2026-09-12T15:41:00Z,2026-09-12T17:41:00+02:00,55,ajuntament-mercat,237,166,71,30
2026-09-12T15:42:00Z,2026-09-12T17:42:00+02:00,53,dr-robert,407,301,106,26
2026-09-12T15:42:00Z,2026-09-12T17:42:00+02:00,54,placa-vella,297,203,94,31.6
2026-09-12T15:42:00Z,2026-09-12T17:42:00+02:00,55,ajuntament-mercat,237,166,71,30
2026-09-12T15:43:00Z,2026-09-12T17:43:00+02:00,53,dr-robert,407,301,106,26
2026-09-12T15:43:00Z,2026-09-12T17:43:00+02:00,54,placa-vella,297,203,94,31.6
2026-09-12T15:43:00Z,2026-09-12T17:43:00+02:00,55,ajuntament-mercat,237,166,71,30
2026-09-12T15:44:00Z,2026-09-12T17:44:00+02:00,53,dr-robert,407,301,106,26
2026-09-12T15:44:00Z,2026-09-12T17:44:00+02:00,54,placa-vella,297,203,94,31.6
2026-09-12T15:44:00Z,2026-09-12T17:44:00+02:00,55,ajuntament-mercat,237,166,71,30
2026-09-12T15:45:00Z,2026-09-12T17:45:00+02:00,53,dr-robert,407,299,108,26.5
2026-09-12T15:45:00Z,2026-09-12T17:45:00+02:00,54,placa-vella,297,205,92,31
2026-09-12T15:45:00Z,2026-09-12T17:45:00+02:00,55,ajuntament-mercat,237,169,68,28.7
2026-09-12T15:46:00Z,2026-09-12T17:46:00+02:00,53,dr-robert,407,299,108,26.5
2026-09-12T15:46:00Z,2026-09-12T17:46:00+02:00,54,placa-vella,297,205,92,31
2026-09-12T15:46:00Z,2026-09-12T17:46:00+02:00,55,ajuntament-mercat,237,169,68,28.7
2026-09-12T15:47:00Z,2026-09-12T17:47:00+02:00,53,dr-robert,407,299,108,26.5
2026-09-12T15:47:00Z,2026-09-12T17:47:00+02:00,54,placa-vella,297,205,92,31
2026-09-12T15:47:00Z,2026-09-12T17:47:00+02:00,55,ajuntament-mercat,237,169,68,28.7
2026-09-12T15:48:00Z,2026-09-12T17:48:00+02:00,53,dr-robert,407,299,108,26.5
2026-09-12T15:48:00Z,2026-09-12T17:48:00+02:00,54,placa-vella,297,205,92,31
2026-09-12T15:48:00Z,2026-09-12T17:48:00+02:00,55,ajuntament-mercat,237,169,68,28.7
2026-09-12T15:49:00Z,2026-09-12T17:49:00+02:00,53,dr-robert,407,299,108,26.5
2026-09-12T15:49:00Z,2026-09-12T17:49:00+02:00,54,placa-vella,297,205,92,31
2026-09-12T15:49:00Z,2026-09-12T17:49:00+02:00,55,ajuntament-mercat,237,169,68,28.7
2026-09-12T15:50:00Z,2026-09-12T17:50:00+02:00,53,dr-robert,407,293,114,28
2026-09-12T15:50:00Z,2026-09-12T17:50:00+02:00,54,placa-vella,297,204,93,31.3
2026-09-12T15:50:00Z,2026-09-12T17:50:00+02:00,55,ajuntament-mercat,237,169,68,28.7
2026-09-12T15:51:00Z,2026-09-12T17:51:00+02:00,53,dr-robert,407,293,114,28
2026-09-12T15:51:00Z,2026-09-12T17:51:00+02:00,54,placa-vella,297,204,93,31.3
2026-09-12T15:51:00Z,2026-09-12T17:51:00+02:00,55,ajuntament-mercat,237,169,68,28.7
2026-09-12T15:52:00Z,2026-09-12T17:52:00+02:00,53,dr-robert,407,293,114,28
2026-09-12T15:52:00Z,2026-09-12T17:52:00+02:00,54,placa-vella,297,204,93,31.3
2026-09-12T15:52:00Z,2026-09-12T17:52:00+02:00,55,ajuntament-mercat,237,169,68,28.7
2026-09-12T15:53:00Z,2026-09-12T17:53:00+02:00,53,dr-robert,407,293,114,28
2026-09-12T15:53:00Z,2026-09-12T17:53:00+02:00,54,placa-vella,297,204,93,31.3
2026-09-12T15:53:00Z,2026-09-12T17:53:00+02:00,55,ajuntament-mercat,237,169,68,28.7
2026-09-12T15:54:00Z,2026-09-12T17:54:00+02:00,53,dr-robert,407,293,114,28
2026-09-12T15:54:00Z,2026-09-12T17:54:00+02:00,54,placa-vella,297,204,93,31.3
2026-09-12T15:54:00Z,2026-09-12T17:54:00+02:00,55,ajuntament-mercat,237,169,68,28.7
2026-09-12T15:55:00Z,2026-09-12T17:55:00+02:00,53,dr-robert,407,291,116,28.5
2026-09-12T15:55:00Z,2026-09-12T17:55:00+02:00,54,placa-vella,297,203,94,31.6
2026-09-12T15:55:00Z,2026-09-12T17:55:00+02:00,55,ajuntament-mercat,237,169,68,28.7
2026-09-12T15:56:00Z,2026-09-12T17:56:00+02:00,53,dr-robert,407,291,116,28.5
2026-09-12T15:56:00Z,2026-09-12T17:56:00+02:00,54,placa-vella,297,203,94,31.6
2026-09-12T15:56:00Z,2026-09-12T17:56:00+02:00,55,ajuntament-mercat,237,169,68,28.7
2026-09-12T15:57:00Z,2026-09-12T17:57:00+02:00,53,dr-robert,407,291,116,28.5
2026-09-12T15:57:00Z,2026-09-12T17:57:00+02:00,54,placa-vella,297,203,94,31.6
2026-09-12T15:57:00Z,2026-09-12T17:57:00+02:00,55,ajuntament-mercat,237,169,68,28.7
2026-09-12T15:58:00Z,2026-09-12T17:58:00+02:00,53,dr-robert,407,291,116,28.5
2026-09-12T15:58:00Z,2026-09-12T17:58:00+02:00,54,placa-vella,297,203,94,31.6
2026-09-12T15:58:00Z,2026-09-12T17:58:00+02:00,55,ajuntament-mercat,237,169,68,28.7
2026-09-12T15:59:00Z,2026-09-12T17:59:00+02:00,53,dr-robert,407,291,116,28.5
2026-09-12T15:59:00Z,2026-09-12T17:59:00+02:00,54,placa-vella,297,203,94,31.6
2026-09-12T15:59:00Z,2026-09-12T17:59:00+02:00,55,ajuntament-mercat,237,169,68,28.7
2026-09-12T16:00:00Z,2026-09-12T18:00:00+02:00,53,dr-robert,407,291,116,28.5
2026-09-12T16:00:00Z,2026-09-12T18:00:00+02:00,54,placa-vella,297,203,94,31.6
2026-09-12T16:00:00Z,2026-09-12T18:00:00+02:00,55,ajuntament-mercat,237,169,68,28.7
2026-09-12T16:01:00Z,2026-09-12T18:01:00+02:00,53,dr-robert,407,288,119,29.2
2026-09-12T16:01:00Z,2026-09-12T18:01:00+02:00,54,placa-vella,297,202,95,32
2026-09-12T16:01:00Z,2026-09-12T18:01:00+02:00,55,ajuntament-mercat,237,165,72,30.4
2026-09-12T16:02:00Z,2026-09-12T18:02:00+02:00,53,dr-robert,407,288,119,29.2
2026-09-12T16:02:00Z,2026-09-12T18:02:00+02:00,54,placa-vella,297,202,95,32
2026-09-12T16:02:00Z,2026-09-12T18:02:00+02:00,55,ajuntament-mercat,237,165,72,30.4
2026-09-12T16:03:00Z,2026-09-12T18:03:00+02:00,53,dr-robert,407,288,119,29.2
2026-09-12T16:03:00Z,2026-09-12T18:03:00+02:00,54,placa-vella,297,202,95,32
2026-09-12T16:03:00Z,2026-09-12T18:03:00+02:00,55,ajuntament-mercat,237,165,72,30.4
2026-09-12T16:04:00Z,2026-09-12T18:04:00+02:00,53,dr-robert,407,288,119,29.2
2026-09-12T16:04:00Z,2026-09-12T18:04:00+02:00,54,placa-vella,297,202,95,32
2026-09-12T16:04:00Z,2026-09-12T18:04:00+02:00,55,ajuntament-mercat,237,165,72,30.4
2026-09-12T16:05:00Z,2026-09-12T18:05:00+02:00,53,dr-robert,407,288,119,29.2
2026-09-12T16:05:00Z,2026-09-12T18:05:00+02:00,54,placa-vella,297,202,95,32
2026-09-12T16:05:00Z,2026-09-12T18:05:00+02:00,55,ajuntament-mercat,237,162,75,31.6
2026-09-12T16:06:00Z,2026-09-12T18:06:00+02:00,53,dr-robert,407,288,119,29.2
2026-09-12T16:06:00Z,2026-09-12T18:06:00+02:00,54,placa-vella,297,202,95,32
2026-09-12T16:06:00Z,2026-09-12T18:06:00+02:00,55,ajuntament-mercat,237,162,75,31.6
2026-09-12T16:07:00Z,2026-09-12T18:07:00+02:00,53,dr-robert,407,288,119,29.2
2026-09-12T16:07:00Z,2026-09-12T18:07:00+02:00,54,placa-vella,297,202,95,32
2026-09-12T16:07:00Z,2026-09-12T18:07:00+02:00,55,ajuntament-mercat,237,162,75,31.6
2026-09-12T16:08:00Z,2026-09-12T18:08:00+02:00,53,dr-robert,407,288,119,29.2
2026-09-12T16:08:00Z,2026-09-12T18:08:00+02:00,54,placa-vella,297,202,95,32
2026-09-12T16:08:00Z,2026-09-12T18:08:00+02:00,55,ajuntament-mercat,237,162,75,31.6
2026-09-12T16:09:00Z,2026-09-12T18:09:00+02:00,53,dr-robert,407,288,119,29.2
2026-09-12T16:09:00Z,2026-09-12T18:09:00+02:00,54,placa-vella,297,202,95,32
2026-09-12T16:09:00Z,2026-09-12T18:09:00+02:00,55,ajuntament-mercat,237,162,75,31.6
2026-09-12T16:10:00Z,2026-09-12T18:10:00+02:00,53,dr-robert,407,286,121,29.7
2026-09-12T16:10:00Z,2026-09-12T18:10:00+02:00,54,placa-vella,297,201,96,32.3
2026-09-12T16:10:00Z,2026-09-12T18:10:00+02:00,55,ajuntament-mercat,237,163,74,31.2
2026-09-12T16:11:00Z,2026-09-12T18:11:00+02:00,53,dr-robert,407,286,121,29.7
2026-09-12T16:11:00Z,2026-09-12T18:11:00+02:00,54,placa-vella,297,201,96,32.3
2026-09-12T16:11:00Z,2026-09-12T18:11:00+02:00,55,ajuntament-mercat,237,163,74,31.2
2026-09-12T16:12:00Z,2026-09-12T18:12:00+02:00,53,dr-robert,407,286,121,29.7
2026-09-12T16:12:00Z,2026-09-12T18:12:00+02:00,54,placa-vella,297,201,96,32.3
2026-09-12T16:12:00Z,2026-09-12T18:12:00+02:00,55,ajuntament-mercat,237,163,74,31.2
2026-09-12T16:13:00Z,2026-09-12T18:13:00+02:00,53,dr-robert,407,286,121,29.7
2026-09-12T16:13:00Z,2026-09-12T18:13:00+02:00,54,placa-vella,297,201,96,32.3
2026-09-12T16:13:00Z,2026-09-12T18:13:00+02:00,55,ajuntament-mercat,237,163,74,31.2
2026-09-12T16:14:00Z,2026-09-12T18:14:00+02:00,53,dr-robert,407,286,121,29.7
2026-09-12T16:14:00Z,2026-09-12T18:14:00+02:00,54,placa-vella,297,201,96,32.3
2026-09-12T16:14:00Z,2026-09-12T18:14:00+02:00,55,ajuntament-mercat,237,163,74,31.2
2026-09-12T16:15:00Z,2026-09-12T18:15:00+02:00,53,dr-robert,407,285,122,30
2026-09-12T16:15:00Z,2026-09-12T18:15:00+02:00,54,placa-vella,297,200,97,32.7
2026-09-12T16:15:00Z,2026-09-12T18:15:00+02:00,55,ajuntament-mercat,237,164,73,30.8
2026-09-12T16:16:00Z,2026-09-12T18:16:00+02:00,53,dr-robert,407,285,122,30
2026-09-12T16:16:00Z,2026-09-12T18:16:00+02:00,54,placa-vella,297,200,97,32.7
2026-09-12T16:16:00Z,2026-09-12T18:16:00+02:00,55,ajuntament-mercat,237,164,73,30.8
2026-09-12T16:17:00Z,2026-09-12T18:17:00+02:00,53,dr-robert,407,285,122,30
2026-09-12T16:17:00Z,2026-09-12T18:17:00+02:00,54,placa-vella,297,200,97,32.7
2026-09-12T16:17:00Z,2026-09-12T18:17:00+02:00,55,ajuntament-mercat,237,164,73,30.8
2026-09-12T16:18:00Z,2026-09-12T18:18:00+02:00,53,dr-robert,407,285,122,30
2026-09-12T16:18:00Z,2026-09-12T18:18:00+02:00,54,placa-vella,297,200,97,32.7
2026-09-12T16:18:00Z,2026-09-12T18:18:00+02:00,55,ajuntament-mercat,237,164,73,30.8
2026-09-12T16:19:00Z,2026-09-12T18:19:00+02:00,53,dr-robert,407,285,122,30
2026-09-12T16:19:00Z,2026-09-12T18:19:00+02:00,54,placa-vella,297,200,97,32.7
2026-09-12T16:19:00Z,2026-09-12T18:19:00+02:00,55,ajuntament-mercat,237,164,73,30.8
2026-09-12T16:20:00Z,2026-09-12T18:20:00+02:00,53,dr-robert,407,290,117,28.7
2026-09-12T16:20:00Z,2026-09-12T18:20:00+02:00,54,placa-vella,297,196,101,34
2026-09-12T16:20:00Z,2026-09-12T18:20:00+02:00,55,ajuntament-mercat,237,159,78,32.9
2026-09-12T16:21:00Z,2026-09-12T18:21:00+02:00,53,dr-robert,407,290,117,28.7
2026-09-12T16:21:00Z,2026-09-12T18:21:00+02:00,54,placa-vella,297,196,101,34
2026-09-12T16:21:00Z,2026-09-12T18:21:00+02:00,55,ajuntament-mercat,237,159,78,32.9
2026-09-12T16:22:00Z,2026-09-12T18:22:00+02:00,53,dr-robert,407,290,117,28.7
2026-09-12T16:22:00Z,2026-09-12T18:22:00+02:00,54,placa-vella,297,196,101,34
2026-09-12T16:22:00Z,2026-09-12T18:22:00+02:00,55,ajuntament-mercat,237,159,78,32.9
2026-09-12T16:23:00Z,2026-09-12T18:23:00+02:00,53,dr-robert,407,290,117,28.7
2026-09-12T16:23:00Z,2026-09-12T18:23:00+02:00,54,placa-vella,297,196,101,34
2026-09-12T16:23:00Z,2026-09-12T18:23:00+02:00,55,ajuntament-mercat,237,159,78,32.9
2026-09-12T16:24:00Z,2026-09-12T18:24:00+02:00,53,dr-robert,407,290,117,28.7
2026-09-12T16:24:00Z,2026-09-12T18:24:00+02:00,54,placa-vella,297,196,101,34
2026-09-12T16:24:00Z,2026-09-12T18:24:00+02:00,55,ajuntament-mercat,237,159,78,32.9
2026-09-12T16:25:00Z,2026-09-12T18:25:00+02:00,53,dr-robert,407,287,120,29.5
2026-09-12T16:25:00Z,2026-09-12T18:25:00+02:00,54,placa-vella,297,187,110,37
2026-09-12T16:25:00Z,2026-09-12T18:25:00+02:00,55,ajuntament-mercat,237,158,79,33.3
2026-09-12T16:26:00Z,2026-09-12T18:26:00+02:00,53,dr-robert,407,287,120,29.5
2026-09-12T16:26:00Z,2026-09-12T18:26:00+02:00,54,placa-vella,297,187,110,37
2026-09-12T16:26:00Z,2026-09-12T18:26:00+02:00,55,ajuntament-mercat,237,158,79,33.3
2026-09-12T16:27:00Z,2026-09-12T18:27:00+02:00,53,dr-robert,407,287,120,29.5
2026-09-12T16:27:00Z,2026-09-12T18:27:00+02:00,54,placa-vella,297,187,110,37
2026-09-12T16:27:00Z,2026-09-12T18:27:00+02:00,55,ajuntament-mercat,237,158,79,33.3
2026-09-12T16:28:00Z,2026-09-12T18:28:00+02:00,53,dr-robert,407,287,120,29.5
2026-09-12T16:28:00Z,2026-09-12T18:28:00+02:00,54,placa-vella,297,187,110,37
2026-09-12T16:28:00Z,2026-09-12T18:28:00+02:00,55,ajuntament-mercat,237,158,79,33.3
2026-09-12T16:29:00Z,2026-09-12T18:29:00+02:00,53,dr-robert,407,287,120,29.5
2026-09-12T16:29:00Z,2026-09-12T18:29:00+02:00,54,placa-vella,297,187,110,37
2026-09-12T16:29:00Z,2026-09-12T18:29:00+02:00,55,ajuntament-mercat,237,158,79,33.3
2026-09-12T16:30:00Z,2026-09-12T18:30:00+02:00,53,dr-robert,407,283,124,30.5
2026-09-12T16:30:00Z,2026-09-12T18:30:00+02:00,54,placa-vella,297,182,115,38.7
2026-09-12T16:30:00Z,2026-09-12T18:30:00+02:00,55,ajuntament-mercat,237,156,81,34.2
2026-09-12T16:31:00Z,2026-09-12T18:31:00+02:00,53,dr-robert,407,283,124,30.5
2026-09-12T16:31:00Z,2026-09-12T18:31:00+02:00,54,placa-vella,297,182,115,38.7
2026-09-12T16:31:00Z,2026-09-12T18:31:00+02:00,55,ajuntament-mercat,237,156,81,34.2
2026-09-12T16:32:00Z,2026-09-12T18:32:00+02:00,53,dr-robert,407,283,124,30.5
2026-09-12T16:32:00Z,2026-09-12T18:32:00+02:00,54,placa-vella,297,182,115,38.7
2026-09-12T16:32:00Z,2026-09-12T18:32:00+02:00,55,ajuntament-mercat,237,156,81,34.2
2026-09-12T16:33:00Z,2026-09-12T18:33:00+02:00,53,dr-robert,407,283,124,30.5
2026-09-12T16:33:00Z,2026-09-12T18:33:00+02:00,54,placa-vella,297,182,115,38.7
2026-09-12T16:33:00Z,2026-09-12T18:33:00+02:00,55,ajuntament-mercat,237,156,81,34.2
2026-09-12T16:34:00Z,2026-09-12T18:34:00+02:00,53,dr-robert,407,283,124,30.5
2026-09-12T16:34:00Z,2026-09-12T18:34:00+02:00,54,placa-vella,297,182,115,38.7
2026-09-12T16:34:00Z,2026-09-12T18:34:00+02:00,55,ajuntament-mercat,237,156,81,34.2
2026-09-12T16:35:00Z,2026-09-12T18:35:00+02:00,53,dr-robert,407,281,126,31
2026-09-12T16:35:00Z,2026-09-12T18:35:00+02:00,54,placa-vella,297,180,117,39.4
2026-09-12T16:35:00Z,2026-09-12T18:35:00+02:00,55,ajuntament-mercat,237,157,80,33.8
2026-09-12T16:36:00Z,2026-09-12T18:36:00+02:00,53,dr-robert,407,281,126,31
2026-09-12T16:36:00Z,2026-09-12T18:36:00+02:00,54,placa-vella,297,180,117,39.4
2026-09-12T16:36:00Z,2026-09-12T18:36:00+02:00,55,ajuntament-mercat,237,157,80,33.8
2026-09-12T16:37:00Z,2026-09-12T18:37:00+02:00,53,dr-robert,407,281,126,31
2026-09-12T16:37:00Z,2026-09-12T18:37:00+02:00,54,placa-vella,297,180,117,39.4
2026-09-12T16:37:00Z,2026-09-12T18:37:00+02:00,55,ajuntament-mercat,237,157,80,33.8
2026-09-12T16:38:00Z,2026-09-12T18:38:00+02:00,53,dr-robert,407,281,126,31
2026-09-12T16:38:00Z,2026-09-12T18:38:00+02:00,54,placa-vella,297,180,117,39.4
2026-09-12T16:38:00Z,2026-09-12T18:38:00+02:00,55,ajuntament-mercat,237,157,80,33.8
2026-09-12T16:39:00Z,2026-09-12T18:39:00+02:00,53,dr-robert,407,281,126,31
2026-09-12T16:39:00Z,2026-09-12T18:39:00+02:00,54,placa-vella,297,180,117,39.4
2026-09-12T16:39:00Z,2026-09-12T18:39:00+02:00,55,ajuntament-mercat,237,157,80,33.8
2026-09-12T16:40:00Z,2026-09-12T18:40:00+02:00,53,dr-robert,407,282,125,30.7
2026-09-12T16:40:00Z,2026-09-12T18:40:00+02:00,54,placa-vella,297,172,125,42.1
2026-09-12T16:40:00Z,2026-09-12T18:40:00+02:00,55,ajuntament-mercat,237,156,81,34.2
2026-09-12T16:41:00Z,2026-09-12T18:41:00+02:00,53,dr-robert,407,282,125,30.7
2026-09-12T16:41:00Z,2026-09-12T18:41:00+02:00,54,placa-vella,297,172,125,42.1
2026-09-12T16:41:00Z,2026-09-12T18:41:00+02:00,55,ajuntament-mercat,237,156,81,34.2
2026-09-12T16:42:00Z,2026-09-12T18:42:00+02:00,53,dr-robert,407,282,125,30.7
2026-09-12T16:42:00Z,2026-09-12T18:42:00+02:00,54,placa-vella,297,172,125,42.1
2026-09-12T16:42:00Z,2026-09-12T18:42:00+02:00,55,ajuntament-mercat,237,156,81,34.2
2026-09-12T16:43:00Z,2026-09-12T18:43:00+02:00,53,dr-robert,407,282,125,30.7
2026-09-12T16:43:00Z,2026-09-12T18:43:00+02:00,54,placa-vella,297,172,125,42.1
2026-09-12T16:43:00Z,2026-09-12T18:43:00+02:00,55,ajuntament-mercat,237,156,81,34.2
2026-09-12T16:44:00Z,2026-09-12T18:44:00+02:00,53,dr-robert,407,282,125,30.7
2026-09-12T16:44:00Z,2026-09-12T18:44:00+02:00,54,placa-vella,297,172,125,42.1
2026-09-12T16:44:00Z,2026-09-12T18:44:00+02:00,55,ajuntament-mercat,237,156,81,34.2
2026-09-12T16:45:00Z,2026-09-12T18:45:00+02:00,53,dr-robert,407,279,128,31.4
2026-09-12T16:45:00Z,2026-09-12T18:45:00+02:00,54,placa-vella,297,167,130,43.8
2026-09-12T16:45:00Z,2026-09-12T18:45:00+02:00,55,ajuntament-mercat,237,154,83,35
2026-09-12T16:46:00Z,2026-09-12T18:46:00+02:00,53,dr-robert,407,279,128,31.4
2026-09-12T16:46:00Z,2026-09-12T18:46:00+02:00,54,placa-vella,297,167,130,43.8
2026-09-12T16:46:00Z,2026-09-12T18:46:00+02:00,55,ajuntament-mercat,237,154,83,35
2026-09-12T16:47:00Z,2026-09-12T18:47:00+02:00,53,dr-robert,407,279,128,31.4
2026-09-12T16:47:00Z,2026-09-12T18:47:00+02:00,54,placa-vella,297,167,130,43.8
2026-09-12T16:47:00Z,2026-09-12T18:47:00+02:00,55,ajuntament-mercat,237,154,83,35
2026-09-12T16:48:00Z,2026-09-12T18:48:00+02:00,53,dr-robert,407,279,128,31.4
2026-09-12T16:48:00Z,2026-09-12T18:48:00+02:00,54,placa-vella,297,167,130,43.8
2026-09-12T16:48:00Z,2026-09-12T18:48:00+02:00,55,ajuntament-mercat,237,154,83,35
2026-09-12T16:49:00Z,2026-09-12T18:49:00+02:00,53,dr-robert,407,279,128,31.4
2026-09-12T16:49:00Z,2026-09-12T18:49:00+02:00,54,placa-vella,297,167,130,43.8
2026-09-12T16:49:00Z,2026-09-12T18:49:00+02:00,55,ajuntament-mercat,237,154,83,35
2026-09-12T16:50:00Z,2026-09-12T18:50:00+02:00,53,dr-robert,407,277,130,31.9
2026-09-12T16:50:00Z,2026-09-12T18:50:00+02:00,54,placa-vella,297,163,134,45.1
2026-09-12T16:50:00Z,2026-09-12T18:50:00+02:00,55,ajuntament-mercat,237,152,85,35.9
2026-09-12T16:51:00Z,2026-09-12T18:51:00+02:00,53,dr-robert,407,277,130,31.9
2026-09-12T16:51:00Z,2026-09-12T18:51:00+02:00,54,placa-vella,297,163,134,45.1
2026-09-12T16:51:00Z,2026-09-12T18:51:00+02:00,55,ajuntament-mercat,237,152,85,35.9
2026-09-12T16:52:00Z,2026-09-12T18:52:00+02:00,53,dr-robert,407,277,130,31.9
2026-09-12T16:52:00Z,2026-09-12T18:52:00+02:00,54,placa-vella,297,163,134,45.1
2026-09-12T16:52:00Z,2026-09-12T18:52:00+02:00,55,ajuntament-mercat,237,152,85,35.9
2026-09-12T16:53:00Z,2026-09-12T18:53:00+02:00,53,dr-robert,407,277,130,31.9
2026-09-12T16:53:00Z,2026-09-12T18:53:00+02:00,54,placa-vella,297,163,134,45.1
2026-09-12T16:53:00Z,2026-09-12T18:53:00+02:00,55,ajuntament-mercat,237,152,85,35.9
2026-09-12T16:54:00Z,2026-09-12T18:54:00+02:00,53,dr-robert,407,277,130,31.9
2026-09-12T16:54:00Z,2026-09-12T18:54:00+02:00,54,placa-vella,297,163,134,45.1
2026-09-12T16:54:00Z,2026-09-12T18:54:00+02:00,55,ajuntament-mercat,237,152,85,35.9
2026-09-12T16:55:00Z,2026-09-12T18:55:00+02:00,53,dr-robert,407,275,132,32.4
2026-09-12T16:55:00Z,2026-09-12T18:55:00+02:00,54,placa-vella,297,164,133,44.8
2026-09-12T16:55:00Z,2026-09-12T18:55:00+02:00,55,ajuntament-mercat,237,147,90,38
2026-09-12T16:56:00Z,2026-09-12T18:56:00+02:00,53,dr-robert,407,275,132,32.4
2026-09-12T16:56:00Z,2026-09-12T18:56:00+02:00,54,placa-vella,297,164,133,44.8
2026-09-12T16:56:00Z,2026-09-12T18:56:00+02:00,55,ajuntament-mercat,237,147,90,38
2026-09-12T16:57:00Z,2026-09-12T18:57:00+02:00,53,dr-robert,407,275,132,32.4
2026-09-12T16:57:00Z,2026-09-12T18:57:00+02:00,54,placa-vella,297,164,133,44.8
2026-09-12T16:57:00Z,2026-09-12T18:57:00+02:00,55,ajuntament-mercat,237,147,90,38
2026-09-12T16:58:00Z,2026-09-12T18:58:00+02:00,53,dr-robert,407,275,132,32.4
2026-09-12T16:58:00Z,2026-09-12T18:58:00+02:00,54,placa-vella,297,164,133,44.8
2026-09-12T16:58:00Z,2026-09-12T18:58:00+02:00,55,ajuntament-mercat,237,147,90,38
2026-09-12T16:59:00Z,2026-09-12T18:59:00+02:00,53,dr-robert,407,275,132,32.4
2026-09-12T16:59:00Z,2026-09-12T18:59:00+02:00,54,placa-vella,297,164,133,44.8
2026-09-12T16:59:00Z,2026-09-12T18:59:00+02:00,55,ajuntament-mercat,237,147,90,38
2026-09-12T17:00:00Z,2026-09-12T19:00:00+02:00,53,dr-robert,407,275,132,32.4
2026-09-12T17:00:00Z,2026-09-12T19:00:00+02:00,54,placa-vella,297,164,133,44.8
2026-09-12T17:00:00Z,2026-09-12T19:00:00+02:00,55,ajuntament-mercat,237,147,90,38
2026-09-12T17:01:00Z,2026-09-12T19:01:00+02:00,53,dr-robert,407,278,129,31.7
2026-09-12T17:01:00Z,2026-09-12T19:01:00+02:00,54,placa-vella,297,157,140,47.1
2026-09-12T17:01:00Z,2026-09-12T19:01:00+02:00,55,ajuntament-mercat,237,145,92,38.8
2026-09-12T17:02:00Z,2026-09-12T19:02:00+02:00,53,dr-robert,407,278,129,31.7
2026-09-12T17:02:00Z,2026-09-12T19:02:00+02:00,54,placa-vella,297,157,140,47.1
2026-09-12T17:02:00Z,2026-09-12T19:02:00+02:00,55,ajuntament-mercat,237,145,92,38.8
2026-09-12T17:03:00Z,2026-09-12T19:03:00+02:00,53,dr-robert,407,278,129,31.7
2026-09-12T17:03:00Z,2026-09-12T19:03:00+02:00,54,placa-vella,297,157,140,47.1
2026-09-12T17:03:00Z,2026-09-12T19:03:00+02:00,55,ajuntament-mercat,237,145,92,38.8
2026-09-12T17:04:00Z,2026-09-12T19:04:00+02:00,53,dr-robert,407,278,129,31.7
2026-09-12T17:04:00Z,2026-09-12T19:04:00+02:00,54,placa-vella,297,157,140,47.1
2026-09-12T17:04:00Z,2026-09-12T19:04:00+02:00,55,ajuntament-mercat,237,145,92,38.8
2026-09-12T17:05:00Z,2026-09-12T19:05:00+02:00,53,dr-robert,407,276,131,32.2
2026-09-12T17:05:00Z,2026-09-12T19:05:00+02:00,54,placa-vella,297,156,141,47.5
2026-09-12T17:05:00Z,2026-09-12T19:05:00+02:00,55,ajuntament-mercat,237,144,93,39.2
2026-09-12T17:06:00Z,2026-09-12T19:06:00+02:00,53,dr-robert,407,276,131,32.2
2026-09-12T17:06:00Z,2026-09-12T19:06:00+02:00,54,placa-vella,297,156,141,47.5
2026-09-12T17:06:00Z,2026-09-12T19:06:00+02:00,55,ajuntament-mercat,237,144,93,39.2
2026-09-12T17:07:00Z,2026-09-12T19:07:00+02:00,53,dr-robert,407,289,118,29
2026-09-12T17:07:00Z,2026-09-12T19:07:00+02:00,54,placa-vella,297,135,162,54.5
2026-09-12T17:07:00Z,2026-09-12T19:07:00+02:00,55,ajuntament-mercat,237,154,83,35
2026-09-12T17:08:00Z,2026-09-12T19:08:00+02:00,53,dr-robert,407,276,131,32.2
2026-09-12T17:08:00Z,2026-09-12T19:08:00+02:00,54,placa-vella,297,156,141,47.5
2026-09-12T17:08:00Z,2026-09-12T19:08:00+02:00,55,ajuntament-mercat,237,144,93,39.2
2026-09-12T17:09:00Z,2026-09-12T19:09:00+02:00,53,dr-robert,407,276,131,32.2
2026-09-12T17:09:00Z,2026-09-12T19:09:00+02:00,54,placa-vella,297,156,141,47.5
2026-09-12T17:09:00Z,2026-09-12T19:09:00+02:00,55,ajuntament-mercat,237,144,93,39.2
2026-09-12T17:10:00Z,2026-09-12T19:10:00+02:00,53,dr-robert,407,277,130,31.9
2026-09-12T17:10:00Z,2026-09-12T19:10:00+02:00,54,placa-vella,297,155,142,47.8
2026-09-12T17:10:00Z,2026-09-12T19:10:00+02:00,55,ajuntament-mercat,237,146,91,38.4
2026-09-12T17:11:00Z,2026-09-12T19:11:00+02:00,53,dr-robert,407,277,130,31.9
2026-09-12T17:11:00Z,2026-09-12T19:11:00+02:00,54,placa-vella,297,155,142,47.8
2026-09-12T17:11:00Z,2026-09-12T19:11:00+02:00,55,ajuntament-mercat,237,146,91,38.4
2026-09-12T17:12:00Z,2026-09-12T19:12:00+02:00,53,dr-robert,407,277,130,31.9
2026-09-12T17:12:00Z,2026-09-12T19:12:00+02:00,54,placa-vella,297,155,142,47.8
2026-09-12T17:12:00Z,2026-09-12T19:12:00+02:00,55,ajuntament-mercat,237,146,91,38.4
2026-09-12T17:13:00Z,2026-09-12T19:13:00+02:00,53,dr-robert,407,277,130,31.9
2026-09-12T17:13:00Z,2026-09-12T19:13:00+02:00,54,placa-vella,297,155,142,47.8
2026-09-12T17:13:00Z,2026-09-12T19:13:00+02:00,55,ajuntament-mercat,237,146,91,38.4
2026-09-12T17:14:00Z,2026-09-12T19:14:00+02:00,53,dr-robert,407,277,130,31.9
2026-09-12T17:14:00Z,2026-09-12T19:14:00+02:00,54,placa-vella,297,155,142,47.8
2026-09-12T17:14:00Z,2026-09-12T19:14:00+02:00,55,ajuntament-mercat,237,146,91,38.4
2026-09-12T17:15:00Z,2026-09-12T19:15:00+02:00,53,dr-robert,407,278,129,31.7
2026-09-12T17:15:00Z,2026-09-12T19:15:00+02:00,54,placa-vella,297,148,149,50.2
2026-09-12T17:15:00Z,2026-09-12T19:15:00+02:00,55,ajuntament-mercat,237,146,91,38.4
2026-09-12T17:16:00Z,2026-09-12T19:16:00+02:00,53,dr-robert,407,278,129,31.7
2026-09-12T17:16:00Z,2026-09-12T19:16:00+02:00,54,placa-vella,297,148,149,50.2
2026-09-12T17:16:00Z,2026-09-12T19:16:00+02:00,55,ajuntament-mercat,237,146,91,38.4
2026-09-12T17:17:00Z,2026-09-12T19:17:00+02:00,53,dr-robert,407,278,129,31.7
2026-09-12T17:17:00Z,2026-09-12T19:17:00+02:00,54,placa-vella,297,148,149,50.2
2026-09-12T17:17:00Z,2026-09-12T19:17:00+02:00,55,ajuntament-mercat,237,146,91,38.4
2026-09-12T17:18:00Z,2026-09-12T19:18:00+02:00,53,dr-robert,407,278,129,31.7
2026-09-12T17:18:00Z,2026-09-12T19:18:00+02:00,54,placa-vella,297,148,149,50.2
2026-09-12T17:18:00Z,2026-09-12T19:18:00+02:00,55,ajuntament-mercat,237,146,91,38.4
2026-09-12T17:19:00Z,2026-09-12T19:19:00+02:00,53,dr-robert,407,278,129,31.7
2026-09-12T17:19:00Z,2026-09-12T19:19:00+02:00,54,placa-vella,297,148,149,50.2
2026-09-12T17:19:00Z,2026-09-12T19:19:00+02:00,55,ajuntament-mercat,237,146,91,38.4
2026-09-12T17:20:00Z,2026-09-12T19:20:00+02:00,53,dr-robert,407,279,128,31.4
2026-09-12T17:20:00Z,2026-09-12T19:20:00+02:00,54,placa-vella,297,145,152,51.2
2026-09-12T17:20:00Z,2026-09-12T19:20:00+02:00,55,ajuntament-mercat,237,149,88,37.1
2026-09-12T17:21:00Z,2026-09-12T19:21:00+02:00,53,dr-robert,407,279,128,31.4
2026-09-12T17:21:00Z,2026-09-12T19:21:00+02:00,54,placa-vella,297,145,152,51.2
2026-09-12T17:21:00Z,2026-09-12T19:21:00+02:00,55,ajuntament-mercat,237,149,88,37.1
2026-09-12T17:22:00Z,2026-09-12T19:22:00+02:00,53,dr-robert,407,279,128,31.4
2026-09-12T17:22:00Z,2026-09-12T19:22:00+02:00,54,placa-vella,297,145,152,51.2
2026-09-12T17:22:00Z,2026-09-12T19:22:00+02:00,55,ajuntament-mercat,237,149,88,37.1
2026-09-12T17:23:00Z,2026-09-12T19:23:00+02:00,53,dr-robert,407,279,128,31.4
2026-09-12T17:23:00Z,2026-09-12T19:23:00+02:00,54,placa-vella,297,145,152,51.2
2026-09-12T17:23:00Z,2026-09-12T19:23:00+02:00,55,ajuntament-mercat,237,149,88,37.1
2026-09-12T17:24:00Z,2026-09-12T19:24:00+02:00,53,dr-robert,407,279,128,31.4
2026-09-12T17:24:00Z,2026-09-12T19:24:00+02:00,54,placa-vella,297,145,152,51.2
2026-09-12T17:24:00Z,2026-09-12T19:24:00+02:00,55,ajuntament-mercat,237,149,88,37.1
2026-09-12T17:25:00Z,2026-09-12T19:25:00+02:00,53,dr-robert,407,282,125,30.7
2026-09-12T17:25:00Z,2026-09-12T19:25:00+02:00,54,placa-vella,297,139,158,53.2
2026-09-12T17:25:00Z,2026-09-12T19:25:00+02:00,55,ajuntament-mercat,237,150,87,36.7
2026-09-12T17:26:00Z,2026-09-12T19:26:00+02:00,53,dr-robert,407,282,125,30.7
2026-09-12T17:26:00Z,2026-09-12T19:26:00+02:00,54,placa-vella,297,139,158,53.2
2026-09-12T17:26:00Z,2026-09-12T19:26:00+02:00,55,ajuntament-mercat,237,150,87,36.7
2026-09-12T17:27:00Z,2026-09-12T19:27:00+02:00,53,dr-robert,407,282,125,30.7
2026-09-12T17:27:00Z,2026-09-12T19:27:00+02:00,54,placa-vella,297,139,158,53.2
2026-09-12T17:27:00Z,2026-09-12T19:27:00+02:00,55,ajuntament-mercat,237,150,87,36.7
2026-09-12T17:28:00Z,2026-09-12T19:28:00+02:00,53,dr-robert,407,282,125,30.7
2026-09-12T17:28:00Z,2026-09-12T19:28:00+02:00,54,placa-vella,297,139,158,53.2
2026-09-12T17:28:00Z,2026-09-12T19:28:00+02:00,55,ajuntament-mercat,237,150,87,36.7
2026-09-12T17:29:00Z,2026-09-12T19:29:00+02:00,53,dr-robert,407,282,125,30.7
2026-09-12T17:29:00Z,2026-09-12T19:29:00+02:00,54,placa-vella,297,139,158,53.2
2026-09-12T17:29:00Z,2026-09-12T19:29:00+02:00,55,ajuntament-mercat,237,150,87,36.7
2026-09-12T17:30:00Z,2026-09-12T19:30:00+02:00,53,dr-robert,407,290,117,28.7
2026-09-12T17:30:00Z,2026-09-12T19:30:00+02:00,54,placa-vella,297,136,161,54.2
2026-09-12T17:30:00Z,2026-09-12T19:30:00+02:00,55,ajuntament-mercat,237,151,86,36.3
2026-09-12T17:31:00Z,2026-09-12T19:31:00+02:00,53,dr-robert,407,290,117,28.7
2026-09-12T17:31:00Z,2026-09-12T19:31:00+02:00,54,placa-vella,297,136,161,54.2
2026-09-12T17:31:00Z,2026-09-12T19:31:00+02:00,55,ajuntament-mercat,237,151,86,36.3
2026-09-12T17:32:00Z,2026-09-12T19:32:00+02:00,53,dr-robert,407,290,117,28.7
2026-09-12T17:32:00Z,2026-09-12T19:32:00+02:00,54,placa-vella,297,136,161,54.2
2026-09-12T17:32:00Z,2026-09-12T19:32:00+02:00,55,ajuntament-mercat,237,151,86,36.3
2026-09-12T17:33:00Z,2026-09-12T19:33:00+02:00,53,dr-robert,407,290,117,28.7
2026-09-12T17:33:00Z,2026-09-12T19:33:00+02:00,54,placa-vella,297,136,161,54.2
2026-09-12T17:33:00Z,2026-09-12T19:33:00+02:00,55,ajuntament-mercat,237,151,86,36.3
2026-09-12T17:34:00Z,2026-09-12T19:34:00+02:00,53,dr-robert,407,290,117,28.7
2026-09-12T17:34:00Z,2026-09-12T19:34:00+02:00,54,placa-vella,297,136,161,54.2
2026-09-12T17:34:00Z,2026-09-12T19:34:00+02:00,55,ajuntament-mercat,237,151,86,36.3
2026-09-12T17:35:00Z,2026-09-12T19:35:00+02:00,53,dr-robert,407,289,118,29
2026-09-12T17:35:00Z,2026-09-12T19:35:00+02:00,54,placa-vella,297,135,162,54.5
2026-09-12T17:35:00Z,2026-09-12T19:35:00+02:00,55,ajuntament-mercat,237,154,83,35
2026-09-12T17:36:00Z,2026-09-12T19:36:00+02:00,53,dr-robert,407,289,118,29
2026-09-12T17:36:00Z,2026-09-12T19:36:00+02:00,54,placa-vella,297,135,162,54.5
2026-09-12T17:36:00Z,2026-09-12T19:36:00+02:00,55,ajuntament-mercat,237,154,83,35
2026-09-12T17:37:00Z,2026-09-12T19:37:00+02:00,53,dr-robert,407,289,118,29
2026-09-12T17:37:00Z,2026-09-12T19:37:00+02:00,54,placa-vella,297,135,162,54.5
2026-09-12T17:37:00Z,2026-09-12T19:37:00+02:00,55,ajuntament-mercat,237,154,83,35
2026-09-12T17:38:00Z,2026-09-12T19:38:00+02:00,53,dr-robert,407,289,118,29
2026-09-12T17:38:00Z,2026-09-12T19:38:00+02:00,54,placa-vella,297,135,162,54.5
2026-09-12T17:38:00Z,2026-09-12T19:38:00+02:00,55,ajuntament-mercat,237,154,83,35
2026-09-12T17:39:00Z,2026-09-12T19:39:00+02:00,53,dr-robert,407,289,118,29
2026-09-12T17:39:00Z,2026-09-12T19:39:00+02:00,54,placa-vella,297,135,162,54.5
2026-09-12T17:39:00Z,2026-09-12T19:39:00+02:00,55,ajuntament-mercat,237,154,83,35
2026-09-12T17:40:00Z,2026-09-12T19:40:00+02:00,53,dr-robert,407,290,117,28.7
2026-09-12T17:40:00Z,2026-09-12T19:40:00+02:00,54,placa-vella,297,136,161,54.2
2026-09-12T17:40:00Z,2026-09-12T19:40:00+02:00,55,ajuntament-mercat,237,155,82,34.6
2026-09-12T17:41:00Z,2026-09-12T19:41:00+02:00,53,dr-robert,407,290,117,28.7
2026-09-12T17:41:00Z,2026-09-12T19:41:00+02:00,54,placa-vella,297,136,161,54.2
2026-09-12T17:41:00Z,2026-09-12T19:41:00+02:00,55,ajuntament-mercat,237,155,82,34.6
2026-09-12T17:42:00Z,2026-09-12T19:42:00+02:00,53,dr-robert,407,290,117,28.7
2026-09-12T17:42:00Z,2026-09-12T19:42:00+02:00,54,placa-vella,297,136,161,54.2
2026-09-12T17:42:00Z,2026-09-12T19:42:00+02:00,55,ajuntament-mercat,237,155,82,34.6
2026-09-12T17:43:00Z,2026-09-12T19:43:00+02:00,53,dr-robert,407,290,117,28.7
2026-09-12T17:43:00Z,2026-09-12T19:43:00+02:00,54,placa-vella,297,136,161,54.2
2026-09-12T17:43:00Z,2026-09-12T19:43:00+02:00,55,ajuntament-mercat,237,155,82,34.6
2026-09-12T17:44:00Z,2026-09-12T19:44:00+02:00,53,dr-robert,407,290,117,28.7
2026-09-12T17:44:00Z,2026-09-12T19:44:00+02:00,54,placa-vella,297,136,161,54.2
2026-09-12T17:44:00Z,2026-09-12T19:44:00+02:00,55,ajuntament-mercat,237,155,82,34.6
2026-09-12T17:45:00Z,2026-09-12T19:45:00+02:00,53,dr-robert,407,291,116,28.5
2026-09-12T17:45:00Z,2026-09-12T19:45:00+02:00,54,placa-vella,297,134,163,54.9
2026-09-12T17:45:00Z,2026-09-12T19:45:00+02:00,55,ajuntament-mercat,237,154,83,35
2026-09-12T17:46:00Z,2026-09-12T19:46:00+02:00,53,dr-robert,407,291,116,28.5
2026-09-12T17:46:00Z,2026-09-12T19:46:00+02:00,54,placa-vella,297,134,163,54.9
2026-09-12T17:46:00Z,2026-09-12T19:46:00+02:00,55,ajuntament-mercat,237,154,83,35
2026-09-12T17:47:00Z,2026-09-12T19:47:00+02:00,53,dr-robert,407,291,116,28.5
2026-09-12T17:47:00Z,2026-09-12T19:47:00+02:00,54,placa-vella,297,134,163,54.9
2026-09-12T17:47:00Z,2026-09-12T19:47:00+02:00,55,ajuntament-mercat,237,154,83,35
2026-09-12T17:48:00Z,2026-09-12T19:48:00+02:00,53,dr-robert,407,291,116,28.5
2026-09-12T17:48:00Z,2026-09-12T19:48:00+02:00,54,placa-vella,297,134,163,54.9
2026-09-12T17:48:00Z,2026-09-12T19:48:00+02:00,55,ajuntament-mercat,237,154,83,35
2026-09-12T17:49:00Z,2026-09-12T19:49:00+02:00,53,dr-robert,407,291,116,28.5
2026-09-12T17:49:00Z,2026-09-12T19:49:00+02:00,54,placa-vella,297,134,163,54.9
2026-09-12T17:49:00Z,2026-09-12T19:49:00+02:00,55,ajuntament-mercat,237,154,83,35
2026-09-12T17:50:00Z,2026-09-12T19:50:00+02:00,53,dr-robert,407,297,110,27
2026-09-12T17:50:00Z,2026-09-12T19:50:00+02:00,54,placa-vella,297,132,165,55.6
2026-09-12T17:50:00Z,2026-09-12T19:50:00+02:00,55,ajuntament-mercat,237,156,81,34.2
2026-09-12T17:51:00Z,2026-09-12T19:51:00+02:00,53,dr-robert,407,297,110,27
2026-09-12T17:51:00Z,2026-09-12T19:51:00+02:00,54,placa-vella,297,132,165,55.6
2026-09-12T17:51:00Z,2026-09-12T19:51:00+02:00,55,ajuntament-mercat,237,156,81,34.2
2026-09-12T17:52:00Z,2026-09-12T19:52:00+02:00,53,dr-robert,407,297,110,27
2026-09-12T17:52:00Z,2026-09-12T19:52:00+02:00,54,placa-vella,297,132,165,55.6
2026-09-12T17:52:00Z,2026-09-12T19:52:00+02:00,55,ajuntament-mercat,237,156,81,34.2
2026-09-12T17:53:00Z,2026-09-12T19:53:00+02:00,53,dr-robert,407,297,110,27
2026-09-12T17:53:00Z,2026-09-12T19:53:00+02:00,54,placa-vella,297,132,165,55.6
2026-09-12T17:53:00Z,2026-09-12T19:53:00+02:00,55,ajuntament-mercat,237,156,81,34.2
2026-09-12T17:54:00Z,2026-09-12T19:54:00+02:00,53,dr-robert,407,297,110,27
2026-09-12T17:54:00Z,2026-09-12T19:54:00+02:00,54,placa-vella,297,132,165,55.6
2026-09-12T17:54:00Z,2026-09-12T19:54:00+02:00,55,ajuntament-mercat,237,156,81,34.2
2026-09-12T17:55:00Z,2026-09-12T19:55:00+02:00,53,dr-robert,407,303,104,25.6
2026-09-12T17:55:00Z,2026-09-12T19:55:00+02:00,54,placa-vella,297,137,160,53.9
2026-09-12T17:55:00Z,2026-09-12T19:55:00+02:00,55,ajuntament-mercat,237,158,79,33.3
2026-09-12T17:56:00Z,2026-09-12T19:56:00+02:00,53,dr-robert,407,303,104,25.6
2026-09-12T17:56:00Z,2026-09-12T19:56:00+02:00,54,placa-vella,297,137,160,53.9
2026-09-12T17:56:00Z,2026-09-12T19:56:00+02:00,55,ajuntament-mercat,237,158,79,33.3
2026-09-12T17:57:00Z,2026-09-12T19:57:00+02:00,53,dr-robert,407,303,104,25.6
2026-09-12T17:57:00Z,2026-09-12T19:57:00+02:00,54,placa-vella,297,137,160,53.9
2026-09-12T17:57:00Z,2026-09-12T19:57:00+02:00,55,ajuntament-mercat,237,158,79,33.3
2026-09-12T17:58:00Z,2026-09-12T19:58:00+02:00,53,dr-robert,407,303,104,25.6
2026-09-12T17:58:00Z,2026-09-12T19:58:00+02:00,54,placa-vella,297,137,160,53.9
2026-09-12T17:58:00Z,2026-09-12T19:58:00+02:00,55,ajuntament-mercat,237,158,79,33.3
2026-09-12T17:59:00Z,2026-09-12T19:59:00+02:00,53,dr-robert,407,303,104,25.6
2026-09-12T17:59:00Z,2026-09-12T19:59:00+02:00,54,placa-vella,297,137,160,53.9
2026-09-12T17:59:00Z,2026-09-12T19:59:00+02:00,55,ajuntament-mercat,237,158,79,33.3
2026-09-12T18:00:00Z,2026-09-12T20:00:00+02:00,53,dr-robert,407,303,104,25.6
2026-09-12T18:00:00Z,2026-09-12T20:00:00+02:00,54,placa-vella,297,137,160,53.9
2026-09-12T18:00:00Z,2026-09-12T20:00:00+02:00,55,ajuntament-mercat,237,158,79,33.3
2026-09-12T18:01:00Z,2026-09-12T20:01:00+02:00,53,dr-robert,407,303,104,25.6
2026-09-12T18:01:00Z,2026-09-12T20:01:00+02:00,54,placa-vella,297,137,160,53.9
2026-09-12T18:01:00Z,2026-09-12T20:01:00+02:00,55,ajuntament-mercat,237,158,79,33.3
2026-09-12T18:02:00Z,2026-09-12T20:02:00+02:00,53,dr-robert,407,304,103,25.3
2026-09-12T18:02:00Z,2026-09-12T20:02:00+02:00,54,placa-vella,297,139,158,53.2
2026-09-12T18:02:00Z,2026-09-12T20:02:00+02:00,55,ajuntament-mercat,237,159,78,32.9
2026-09-12T18:03:00Z,2026-09-12T20:03:00+02:00,53,dr-robert,407,304,103,25.3
2026-09-12T18:03:00Z,2026-09-12T20:03:00+02:00,54,placa-vella,297,139,158,53.2
2026-09-12T18:03:00Z,2026-09-12T20:03:00+02:00,55,ajuntament-mercat,237,159,78,32.9
2026-09-12T18:04:00Z,2026-09-12T20:04:00+02:00,53,dr-robert,407,304,103,25.3
2026-09-12T18:04:00Z,2026-09-12T20:04:00+02:00,54,placa-vella,297,139,158,53.2
2026-09-12T18:04:00Z,2026-09-12T20:04:00+02:00,55,ajuntament-mercat,237,159,78,32.9
2026-09-12T18:05:00Z,2026-09-12T20:05:00+02:00,53,dr-robert,407,304,103,25.3
2026-09-12T18:05:00Z,2026-09-12T20:05:00+02:00,54,placa-vella,297,139,158,53.2
2026-09-12T18:05:00Z,2026-09-12T20:05:00+02:00,55,ajuntament-mercat,237,159,78,32.9
2026-09-12T18:06:00Z,2026-09-12T20:06:00+02:00,53,dr-robert,407,304,103,25.3
2026-09-12T18:06:00Z,2026-09-12T20:06:00+02:00,54,placa-vella,297,140,157,52.9
2026-09-12T18:06:00Z,2026-09-12T20:06:00+02:00,55,ajuntament-mercat,237,159,78,32.9
2026-09-12T18:07:00Z,2026-09-12T20:07:00+02:00,53,dr-robert,407,304,103,25.3
2026-09-12T18:07:00Z,2026-09-12T20:07:00+02:00,54,placa-vella,297,140,157,52.9
2026-09-12T18:07:00Z,2026-09-12T20:07:00+02:00,55,ajuntament-mercat,237,159,78,32.9
2026-09-12T18:08:00Z,2026-09-12T20:08:00+02:00,53,dr-robert,407,304,103,25.3
2026-09-12T18:08:00Z,2026-09-12T20:08:00+02:00,54,placa-vella,297,140,157,52.9
2026-09-12T18:08:00Z,2026-09-12T20:08:00+02:00,55,ajuntament-mercat,237,159,78,32.9
2026-09-12T18:09:00Z,2026-09-12T20:09:00+02:00,53,dr-robert,407,304,103,25.3
2026-09-12T18:09:00Z,2026-09-12T20:09:00+02:00,54,placa-vella,297,140,157,52.9
2026-09-12T18:09:00Z,2026-09-12T20:09:00+02:00,55,ajuntament-mercat,237,159,78,32.9
2026-09-12T18:10:00Z,2026-09-12T20:10:00+02:00,53,dr-robert,407,307,100,24.6
2026-09-12T18:10:00Z,2026-09-12T20:10:00+02:00,54,placa-vella,297,142,155,52.2
2026-09-12T18:10:00Z,2026-09-12T20:10:00+02:00,55,ajuntament-mercat,237,159,78,32.9
2026-09-12T18:11:00Z,2026-09-12T20:11:00+02:00,53,dr-robert,407,307,100,24.6
2026-09-12T18:11:00Z,2026-09-12T20:11:00+02:00,54,placa-vella,297,142,155,52.2
2026-09-12T18:11:00Z,2026-09-12T20:11:00+02:00,55,ajuntament-mercat,237,159,78,32.9
2026-09-12T18:12:00Z,2026-09-12T20:12:00+02:00,53,dr-robert,407,307,100,24.6
2026-09-12T18:12:00Z,2026-09-12T20:12:00+02:00,54,placa-vella,297,142,155,52.2
2026-09-12T18:12:00Z,2026-09-12T20:12:00+02:00,55,ajuntament-mercat,237,159,78,32.9
2026-09-12T18:13:00Z,2026-09-12T20:13:00+02:00,53,dr-robert,407,307,100,24.6
2026-09-12T18:13:00Z,2026-09-12T20:13:00+02:00,54,placa-vella,297,142,155,52.2
2026-09-12T18:13:00Z,2026-09-12T20:13:00+02:00,55,ajuntament-mercat,237,159,78,32.9
2026-09-12T18:14:00Z,2026-09-12T20:14:00+02:00,53,dr-robert,407,307,100,24.6
2026-09-12T18:14:00Z,2026-09-12T20:14:00+02:00,54,placa-vella,297,142,155,52.2
2026-09-12T18:14:00Z,2026-09-12T20:14:00+02:00,55,ajuntament-mercat,237,159,78,32.9
2026-09-12T18:15:00Z,2026-09-12T20:15:00+02:00,53,dr-robert,407,311,96,23.6
2026-09-12T18:15:00Z,2026-09-12T20:15:00+02:00,54,placa-vella,297,145,152,51.2
2026-09-12T18:15:00Z,2026-09-12T20:15:00+02:00,55,ajuntament-mercat,237,158,79,33.3
2026-09-12T18:16:00Z,2026-09-12T20:16:00+02:00,53,dr-robert,407,311,96,23.6
2026-09-12T18:16:00Z,2026-09-12T20:16:00+02:00,54,placa-vella,297,145,152,51.2
2026-09-12T18:16:00Z,2026-09-12T20:16:00+02:00,55,ajuntament-mercat,237,158,79,33.3
2026-09-12T18:17:00Z,2026-09-12T20:17:00+02:00,53,dr-robert,407,311,96,23.6
2026-09-12T18:17:00Z,2026-09-12T20:17:00+02:00,54,placa-vella,297,145,152,51.2
2026-09-12T18:17:00Z,2026-09-12T20:17:00+02:00,55,ajuntament-mercat,237,158,79,33.3
2026-09-12T18:18:00Z,2026-09-12T20:18:00+02:00,53,dr-robert,407,311,96,23.6
2026-09-12T18:18:00Z,2026-09-12T20:18:00+02:00,54,placa-vella,297,145,152,51.2
2026-09-12T18:18:00Z,2026-09-12T20:18:00+02:00,55,ajuntament-mercat,237,158,79,33.3
2026-09-12T18:19:00Z,2026-09-12T20:19:00+02:00,53,dr-robert,407,311,96,23.6
2026-09-12T18:19:00Z,2026-09-12T20:19:00+02:00,54,placa-vella,297,145,152,51.2
2026-09-12T18:19:00Z,2026-09-12T20:19:00+02:00,55,ajuntament-mercat,237,158,79,33.3
2026-09-12T18:20:00Z,2026-09-12T20:20:00+02:00,53,dr-robert,407,313,94,23.1
2026-09-12T18:20:00Z,2026-09-12T20:20:00+02:00,54,placa-vella,297,144,153,51.5
2026-09-12T18:20:00Z,2026-09-12T20:20:00+02:00,55,ajuntament-mercat,237,152,85,35.9
2026-09-12T18:21:00Z,2026-09-12T20:21:00+02:00,53,dr-robert,407,313,94,23.1
2026-09-12T18:21:00Z,2026-09-12T20:21:00+02:00,54,placa-vella,297,144,153,51.5
2026-09-12T18:21:00Z,2026-09-12T20:21:00+02:00,55,ajuntament-mercat,237,152,85,35.9
2026-09-12T18:22:00Z,2026-09-12T20:22:00+02:00,53,dr-robert,407,313,94,23.1
2026-09-12T18:22:00Z,2026-09-12T20:22:00+02:00,54,placa-vella,297,144,153,51.5
2026-09-12T18:22:00Z,2026-09-12T20:22:00+02:00,55,ajuntament-mercat,237,152,85,35.9
2026-09-12T18:23:00Z,2026-09-12T20:23:00+02:00,53,dr-robert,407,313,94,23.1
2026-09-12T18:23:00Z,2026-09-12T20:23:00+02:00,54,placa-vella,297,144,153,51.5
2026-09-12T18:23:00Z,2026-09-12T20:23:00+02:00,55,ajuntament-mercat,237,152,85,35.9
2026-09-12T18:24:00Z,2026-09-12T20:24:00+02:00,53,dr-robert,407,313,94,23.1
2026-09-12T18:24:00Z,2026-09-12T20:24:00+02:00,54,placa-vella,297,144,153,51.5
2026-09-12T18:24:00Z,2026-09-12T20:24:00+02:00,55,ajuntament-mercat,237,152,85,35.9
2026-09-12T18:25:00Z,2026-09-12T20:25:00+02:00,53,dr-robert,407,313,94,23.1
2026-09-12T18:25:00Z,2026-09-12T20:25:00+02:00,54,placa-vella,297,144,153,51.5
2026-09-12T18:25:00Z,2026-09-12T20:25:00+02:00,55,ajuntament-mercat,237,153,84,35.4
2026-09-12T18:26:00Z,2026-09-12T20:26:00+02:00,53,dr-robert,407,313,94,23.1
2026-09-12T18:26:00Z,2026-09-12T20:26:00+02:00,54,placa-vella,297,144,153,51.5
2026-09-12T18:26:00Z,2026-09-12T20:26:00+02:00,55,ajuntament-mercat,237,153,84,35.4
2026-09-12T18:27:00Z,2026-09-12T20:27:00+02:00,53,dr-robert,407,313,94,23.1
2026-09-12T18:27:00Z,2026-09-12T20:27:00+02:00,54,placa-vella,297,144,153,51.5
2026-09-12T18:27:00Z,2026-09-12T20:27:00+02:00,55,ajuntament-mercat,237,153,84,35.4
2026-09-12T18:28:00Z,2026-09-12T20:28:00+02:00,53,dr-robert,407,313,94,23.1
2026-09-12T18:28:00Z,2026-09-12T20:28:00+02:00,54,placa-vella,297,144,153,51.5
2026-09-12T18:28:00Z,2026-09-12T20:28:00+02:00,55,ajuntament-mercat,237,153,84,35.4
2026-09-12T18:29:00Z,2026-09-12T20:29:00+02:00,53,dr-robert,407,313,94,23.1
2026-09-12T18:29:00Z,2026-09-12T20:29:00+02:00,54,placa-vella,297,144,153,51.5
2026-09-12T18:29:00Z,2026-09-12T20:29:00+02:00,55,ajuntament-mercat,237,153,84,35.4
2026-09-12T18:30:00Z,2026-09-12T20:30:00+02:00,53,dr-robert,407,314,93,22.9
2026-09-12T18:30:00Z,2026-09-12T20:30:00+02:00,54,placa-vella,297,148,149,50.2
2026-09-12T18:30:00Z,2026-09-12T20:30:00+02:00,55,ajuntament-mercat,237,153,84,35.4
2026-09-12T18:31:00Z,2026-09-12T20:31:00+02:00,53,dr-robert,407,314,93,22.9
2026-09-12T18:31:00Z,2026-09-12T20:31:00+02:00,54,placa-vella,297,148,149,50.2
2026-09-12T18:31:00Z,2026-09-12T20:31:00+02:00,55,ajuntament-mercat,237,153,84,35.4
2026-09-12T18:32:00Z,2026-09-12T20:32:00+02:00,53,dr-robert,407,314,93,22.9
2026-09-12T18:32:00Z,2026-09-12T20:32:00+02:00,54,placa-vella,297,148,149,50.2
2026-09-12T18:32:00Z,2026-09-12T20:32:00+02:00,55,ajuntament-mercat,237,153,84,35.4
2026-09-12T18:33:00Z,2026-09-12T20:33:00+02:00,53,dr-robert,407,314,93,22.9
2026-09-12T18:33:00Z,2026-09-12T20:33:00+02:00,54,placa-vella,297,148,149,50.2
2026-09-12T18:33:00Z,2026-09-12T20:33:00+02:00,55,ajuntament-mercat,237,153,84,35.4
2026-09-12T18:34:00Z,2026-09-12T20:34:00+02:00,53,dr-robert,407,314,93,22.9
2026-09-12T18:34:00Z,2026-09-12T20:34:00+02:00,54,placa-vella,297,148,149,50.2
2026-09-12T18:34:00Z,2026-09-12T20:34:00+02:00,55,ajuntament-mercat,237,153,84,35.4
2026-09-12T18:35:00Z,2026-09-12T20:35:00+02:00,53,dr-robert,407,316,91,22.4
2026-09-12T18:35:00Z,2026-09-12T20:35:00+02:00,54,placa-vella,297,152,145,48.8
2026-09-12T18:35:00Z,2026-09-12T20:35:00+02:00,55,ajuntament-mercat,237,155,82,34.6
2026-09-12T18:36:00Z,2026-09-12T20:36:00+02:00,53,dr-robert,407,316,91,22.4
2026-09-12T18:36:00Z,2026-09-12T20:36:00+02:00,54,placa-vella,297,152,145,48.8
2026-09-12T18:36:00Z,2026-09-12T20:36:00+02:00,55,ajuntament-mercat,237,155,82,34.6
2026-09-12T18:37:00Z,2026-09-12T20:37:00+02:00,53,dr-robert,407,316,91,22.4
2026-09-12T18:37:00Z,2026-09-12T20:37:00+02:00,54,placa-vella,297,152,145,48.8
2026-09-12T18:37:00Z,2026-09-12T20:37:00+02:00,55,ajuntament-mercat,237,155,82,34.6
2026-09-12T18:38:00Z,2026-09-12T20:38:00+02:00,53,dr-robert,407,316,91,22.4
2026-09-12T18:38:00Z,2026-09-12T20:38:00+02:00,54,placa-vella,297,152,145,48.8
2026-09-12T18:38:00Z,2026-09-12T20:38:00+02:00,55,ajuntament-mercat,237,155,82,34.6
2026-09-12T18:39:00Z,2026-09-12T20:39:00+02:00,53,dr-robert,407,316,91,22.4
2026-09-12T18:39:00Z,2026-09-12T20:39:00+02:00,54,placa-vella,297,152,145,48.8
2026-09-12T18:39:00Z,2026-09-12T20:39:00+02:00,55,ajuntament-mercat,237,155,82,34.6
2026-09-12T18:40:00Z,2026-09-12T20:40:00+02:00,53,dr-robert,407,317,90,22.1
2026-09-12T18:40:00Z,2026-09-12T20:40:00+02:00,54,placa-vella,297,155,142,47.8
2026-09-12T18:40:00Z,2026-09-12T20:40:00+02:00,55,ajuntament-mercat,237,158,79,33.3
2026-09-12T18:41:00Z,2026-09-12T20:41:00+02:00,53,dr-robert,407,317,90,22.1
2026-09-12T18:41:00Z,2026-09-12T20:41:00+02:00,54,placa-vella,297,155,142,47.8
2026-09-12T18:41:00Z,2026-09-12T20:41:00+02:00,55,ajuntament-mercat,237,158,79,33.3
2026-09-12T18:42:00Z,2026-09-12T20:42:00+02:00,53,dr-robert,407,317,90,22.1
2026-09-12T18:42:00Z,2026-09-12T20:42:00+02:00,54,placa-vella,297,155,142,47.8
2026-09-12T18:42:00Z,2026-09-12T20:42:00+02:00,55,ajuntament-mercat,237,158,79,33.3
2026-09-12T18:43:00Z,2026-09-12T20:43:00+02:00,53,dr-robert,407,317,90,22.1
2026-09-12T18:43:00Z,2026-09-12T20:43:00+02:00,54,placa-vella,297,155,142,47.8
2026-09-12T18:43:00Z,2026-09-12T20:43:00+02:00,55,ajuntament-mercat,237,158,79,33.3
2026-09-12T18:44:00Z,2026-09-12T20:44:00+02:00,53,dr-robert,407,317,90,22.1
2026-09-12T18:44:00Z,2026-09-12T20:44:00+02:00,54,placa-vella,297,155,142,47.8
2026-09-12T18:44:00Z,2026-09-12T20:44:00+02:00,55,ajuntament-mercat,237,158,79,33.3
2026-09-12T18:45:00Z,2026-09-12T20:45:00+02:00,53,dr-robert,407,318,89,21.9
2026-09-12T18:45:00Z,2026-09-12T20:45:00+02:00,54,placa-vella,297,162,135,45.5
2026-09-12T18:45:00Z,2026-09-12T20:45:00+02:00,55,ajuntament-mercat,237,162,75,31.6
2026-09-12T18:46:00Z,2026-09-12T20:46:00+02:00,53,dr-robert,407,318,89,21.9
2026-09-12T18:46:00Z,2026-09-12T20:46:00+02:00,54,placa-vella,297,162,135,45.5
2026-09-12T18:46:00Z,2026-09-12T20:46:00+02:00,55,ajuntament-mercat,237,162,75,31.6
2026-09-12T18:47:00Z,2026-09-12T20:47:00+02:00,53,dr-robert,407,318,89,21.9
2026-09-12T18:47:00Z,2026-09-12T20:47:00+02:00,54,placa-vella,297,162,135,45.5
2026-09-12T18:47:00Z,2026-09-12T20:47:00+02:00,55,ajuntament-mercat,237,162,75,31.6
2026-09-12T18:48:00Z,2026-09-12T20:48:00+02:00,53,dr-robert,407,318,89,21.9
2026-09-12T18:48:00Z,2026-09-12T20:48:00+02:00,54,placa-vella,297,162,135,45.5
2026-09-12T18:48:00Z,2026-09-12T20:48:00+02:00,55,ajuntament-mercat,237,162,75,31.6
2026-09-12T18:49:00Z,2026-09-12T20:49:00+02:00,53,dr-robert,407,318,89,21.9
2026-09-12T18:49:00Z,2026-09-12T20:49:00+02:00,54,placa-vella,297,162,135,45.5
2026-09-12T18:49:00Z,2026-09-12T20:49:00+02:00,55,ajuntament-mercat,237,162,75,31.6
2026-09-12T18:50:00Z,2026-09-12T20:50:00+02:00,53,dr-robert,407,316,91,22.4
2026-09-12T18:50:00Z,2026-09-12T20:50:00+02:00,54,placa-vella,297,169,128,43.1
2026-09-12T18:50:00Z,2026-09-12T20:50:00+02:00,55,ajuntament-mercat,237,162,75,31.6
2026-09-12T18:51:00Z,2026-09-12T20:51:00+02:00,53,dr-robert,407,316,91,22.4
2026-09-12T18:51:00Z,2026-09-12T20:51:00+02:00,54,placa-vella,297,169,128,43.1
2026-09-12T18:51:00Z,2026-09-12T20:51:00+02:00,55,ajuntament-mercat,237,162,75,31.6
2026-09-12T18:52:00Z,2026-09-12T20:52:00+02:00,53,dr-robert,407,316,91,22.4
2026-09-12T18:52:00Z,2026-09-12T20:52:00+02:00,54,placa-vella,297,169,128,43.1
2026-09-12T18:52:00Z,2026-09-12T20:52:00+02:00,55,ajuntament-mercat,237,162,75,31.6
2026-09-12T18:53:00Z,2026-09-12T20:53:00+02:00,53,dr-robert,407,316,91,22.4
2026-09-12T18:53:00Z,2026-09-12T20:53:00+02:00,54,placa-vella,297,169,128,43.1
2026-09-12T18:53:00Z,2026-09-12T20:53:00+02:00,55,ajuntament-mercat,237,162,75,31.6
2026-09-12T18:54:00Z,2026-09-12T20:54:00+02:00,53,dr-robert,407,316,91,22.4
2026-09-12T18:54:00Z,2026-09-12T20:54:00+02:00,54,placa-vella,297,169,128,43.1
2026-09-12T18:54:00Z,2026-09-12T20:54:00+02:00,55,ajuntament-mercat,237,162,75,31.6
2026-09-12T18:55:00Z,2026-09-12T20:55:00+02:00,53,dr-robert,407,314,93,22.9
2026-09-12T18:55:00Z,2026-09-12T20:55:00+02:00,54,placa-vella,297,172,125,42.1
2026-09-12T18:55:00Z,2026-09-12T20:55:00+02:00,55,ajuntament-mercat,237,166,71,30
2026-09-12T18:56:00Z,2026-09-12T20:56:00+02:00,53,dr-robert,407,314,93,22.9
2026-09-12T18:56:00Z,2026-09-12T20:56:00+02:00,54,placa-vella,297,172,125,42.1
2026-09-12T18:56:00Z,2026-09-12T20:56:00+02:00,55,ajuntament-mercat,237,166,71,30
2026-09-12T18:57:00Z,2026-09-12T20:57:00+02:00,53,dr-robert,407,314,93,22.9
2026-09-12T18:57:00Z,2026-09-12T20:57:00+02:00,54,placa-vella,297,172,125,42.1
2026-09-12T18:57:00Z,2026-09-12T20:57:00+02:00,55,ajuntament-mercat,237,166,71,30
2026-09-12T18:58:00Z,2026-09-12T20:58:00+02:00,53,dr-robert,407,314,93,22.9
2026-09-12T18:58:00Z,2026-09-12T20:58:00+02:00,54,placa-vella,297,172,125,42.1
2026-09-12T18:58:00Z,2026-09-12T20:58:00+02:00,55,ajuntament-mercat,237,166,71,30
2026-09-12T18:59:00Z,2026-09-12T20:59:00+02:00,53,dr-robert,407,314,93,22.9
2026-09-12T18:59:00Z,2026-09-12T20:59:00+02:00,54,placa-vella,297,172,125,42.1
2026-09-12T18:59:00Z,2026-09-12T20:59:00+02:00,55,ajuntament-mercat,237,166,71,30
2026-09-12T19:00:00Z,2026-09-12T21:00:00+02:00,53,dr-robert,407,311,96,23.6
2026-09-12T19:00:00Z,2026-09-12T21:00:00+02:00,54,placa-vella,297,175,122,41.1
2026-09-12T19:00:00Z,2026-09-12T21:00:00+02:00,55,ajuntament-mercat,237,165,72,30.4
2026-09-12T19:01:00Z,2026-09-12T21:01:00+02:00,53,dr-robert,407,311,96,23.6
2026-09-12T19:01:00Z,2026-09-12T21:01:00+02:00,54,placa-vella,297,175,122,41.1
2026-09-12T19:01:00Z,2026-09-12T21:01:00+02:00,55,ajuntament-mercat,237,165,72,30.4
2026-09-12T19:02:00Z,2026-09-12T21:02:00+02:00,53,dr-robert,407,311,96,23.6
2026-09-12T19:02:00Z,2026-09-12T21:02:00+02:00,54,placa-vella,297,175,122,41.1
2026-09-12T19:02:00Z,2026-09-12T21:02:00+02:00,55,ajuntament-mercat,237,165,72,30.4
2026-09-12T19:03:00Z,2026-09-12T21:03:00+02:00,53,dr-robert,407,311,96,23.6
2026-09-12T19:03:00Z,2026-09-12T21:03:00+02:00,54,placa-vella,297,175,122,41.1
2026-09-12T19:03:00Z,2026-09-12T21:03:00+02:00,55,ajuntament-mercat,237,165,72,30.4
2026-09-12T19:04:00Z,2026-09-12T21:04:00+02:00,53,dr-robert,407,311,96,23.6
2026-09-12T19:04:00Z,2026-09-12T21:04:00+02:00,54,placa-vella,297,175,122,41.1
2026-09-12T19:04:00Z,2026-09-12T21:04:00+02:00,55,ajuntament-mercat,237,165,72,30.4
2026-09-12T19:05:00Z,2026-09-12T21:05:00+02:00,53,dr-robert,407,309,98,24.1
2026-09-12T19:05:00Z,2026-09-12T21:05:00+02:00,54,placa-vella,297,176,121,40.7
2026-09-12T19:05:00Z,2026-09-12T21:05:00+02:00,55,ajuntament-mercat,237,164,73,30.8
2026-09-12T19:06:00Z,2026-09-12T21:06:00+02:00,53,dr-robert,407,309,98,24.1
2026-09-12T19:06:00Z,2026-09-12T21:06:00+02:00,54,placa-vella,297,176,121,40.7
2026-09-12T19:06:00Z,2026-09-12T21:06:00+02:00,55,ajuntament-mercat,237,164,73,30.8
2026-09-12T19:07:00Z,2026-09-12T21:07:00+02:00,53,dr-robert,407,309,98,24.1
2026-09-12T19:07:00Z,2026-09-12T21:07:00+02:00,54,placa-vella,297,176,121,40.7
2026-09-12T19:07:00Z,2026-09-12T21:07:00+02:00,55,ajuntament-mercat,237,164,73,30.8
2026-09-12T19:08:00Z,2026-09-12T21:08:00+02:00,53,dr-robert,407,309,98,24.1
2026-09-12T19:08:00Z,2026-09-12T21:08:00+02:00,54,placa-vella,297,176,121,40.7
2026-09-12T19:08:00Z,2026-09-12T21:08:00+02:00,55,ajuntament-mercat,237,164,73,30.8
2026-09-12T19:09:00Z,2026-09-12T21:09:00+02:00,53,dr-robert,407,309,98,24.1
2026-09-12T19:09:00Z,2026-09-12T21:09:00+02:00,54,placa-vella,297,176,121,40.7
2026-09-12T19:09:00Z,2026-09-12T21:09:00+02:00,55,ajuntament-mercat,237,164,73,30.8
2026-09-12T19:10:00Z,2026-09-12T21:10:00+02:00,53,dr-robert,407,313,94,23.1
2026-09-12T19:10:00Z,2026-09-12T21:10:00+02:00,54,placa-vella,297,182,115,38.7
2026-09-12T19:10:00Z,2026-09-12T21:10:00+02:00,55,ajuntament-mercat,237,160,77,32.5
2026-09-12T19:11:00Z,2026-09-12T21:11:00+02:00,53,dr-robert,407,313,94,23.1
2026-09-12T19:11:00Z,2026-09-12T21:11:00+02:00,54,placa-vella,297,182,115,38.7
2026-09-12T19:11:00Z,2026-09-12T21:11:00+02:00,55,ajuntament-mercat,237,160,77,32.5
2026-09-12T19:12:00Z,2026-09-12T21:12:00+02:00,53,dr-robert,407,313,94,23.1
2026-09-12T19:12:00Z,2026-09-12T21:12:00+02:00,54,placa-vella,297,182,115,38.7
2026-09-12T19:12:00Z,2026-09-12T21:12:00+02:00,55,ajuntament-mercat,237,160,77,32.5
2026-09-12T19:13:00Z,2026-09-12T21:13:00+02:00,53,dr-robert,407,313,94,23.1
2026-09-12T19:13:00Z,2026-09-12T21:13:00+02:00,54,placa-vella,297,182,115,38.7
2026-09-12T19:13:00Z,2026-09-12T21:13:00+02:00,55,ajuntament-mercat,237,160,77,32.5
2026-09-12T19:14:00Z,2026-09-12T21:14:00+02:00,53,dr-robert,407,313,94,23.1
2026-09-12T19:14:00Z,2026-09-12T21:14:00+02:00,54,placa-vella,297,182,115,38.7
2026-09-12T19:14:00Z,2026-09-12T21:14:00+02:00,55,ajuntament-mercat,237,160,77,32.5
2026-09-12T19:15:00Z,2026-09-12T21:15:00+02:00,53,dr-robert,407,312,95,23.3
2026-09-12T19:15:00Z,2026-09-12T21:15:00+02:00,54,placa-vella,297,184,113,38
2026-09-12T19:15:00Z,2026-09-12T21:15:00+02:00,55,ajuntament-mercat,237,159,78,32.9
2026-09-12T19:16:00Z,2026-09-12T21:16:00+02:00,53,dr-robert,407,312,95,23.3
2026-09-12T19:16:00Z,2026-09-12T21:16:00+02:00,54,placa-vella,297,184,113,38
2026-09-12T19:16:00Z,2026-09-12T21:16:00+02:00,55,ajuntament-mercat,237,159,78,32.9
2026-09-12T19:17:00Z,2026-09-12T21:17:00+02:00,53,dr-robert,407,312,95,23.3
2026-09-12T19:17:00Z,2026-09-12T21:17:00+02:00,54,placa-vella,297,184,113,38
2026-09-12T19:17:00Z,2026-09-12T21:17:00+02:00,55,ajuntament-mercat,237,159,78,32.9
2026-09-12T19:18:00Z,2026-09-12T21:18:00+02:00,53,dr-robert,407,312,95,23.3
2026-09-12T19:18:00Z,2026-09-12T21:18:00+02:00,54,placa-vella,297,184,113,38
2026-09-12T19:18:00Z,2026-09-12T21:18:00+02:00,55,ajuntament-mercat,237,159,78,32.9
2026-09-12T19:19:00Z,2026-09-12T21:19:00+02:00,53,dr-robert,407,312,95,23.3
2026-09-12T19:19:00Z,2026-09-12T21:19:00+02:00,54,placa-vella,297,184,113,38
2026-09-12T19:19:00Z,2026-09-12T21:19:00+02:00,55,ajuntament-mercat,237,159,78,32.9
2026-09-12T19:20:00Z,2026-09-12T21:20:00+02:00,53,dr-robert,407,311,96,23.6
2026-09-12T19:20:00Z,2026-09-12T21:20:00+02:00,54,placa-vella,297,181,116,39.1
2026-09-12T19:20:00Z,2026-09-12T21:20:00+02:00,55,ajuntament-mercat,237,159,78,32.9
2026-09-12T19:21:00Z,2026-09-12T21:21:00+02:00,53,dr-robert,407,311,96,23.6
2026-09-12T19:21:00Z,2026-09-12T21:21:00+02:00,54,placa-vella,297,181,116,39.1
2026-09-12T19:21:00Z,2026-09-12T21:21:00+02:00,55,ajuntament-mercat,237,159,78,32.9
2026-09-12T19:22:00Z,2026-09-12T21:22:00+02:00,53,dr-robert,407,311,96,23.6
2026-09-12T19:22:00Z,2026-09-12T21:22:00+02:00,54,placa-vella,297,181,116,39.1
2026-09-12T19:22:00Z,2026-09-12T21:22:00+02:00,55,ajuntament-mercat,237,159,78,32.9
2026-09-12T19:23:00Z,2026-09-12T21:23:00+02:00,53,dr-robert,407,311,96,23.6
2026-09-12T19:23:00Z,2026-09-12T21:23:00+02:00,54,placa-vella,297,181,116,39.1
2026-09-12T19:23:00Z,2026-09-12T21:23:00+02:00,55,ajuntament-mercat,237,159,78,32.9
2026-09-12T19:24:00Z,2026-09-12T21:24:00+02:00,53,dr-robert,407,311,96,23.6
2026-09-12T19:24:00Z,2026-09-12T21:24:00+02:00,54,placa-vella,297,181,116,39.1
2026-09-12T19:24:00Z,2026-09-12T21:24:00+02:00,55,ajuntament-mercat,237,159,78,32.9
2026-09-12T19:25:00Z,2026-09-12T21:25:00+02:00,53,dr-robert,407,313,94,23.1
2026-09-12T19:25:00Z,2026-09-12T21:25:00+02:00,54,placa-vella,297,181,116,39.1
2026-09-12T19:25:00Z,2026-09-12T21:25:00+02:00,55,ajuntament-mercat,237,161,76,32.1
2026-09-12T19:26:00Z,2026-09-12T21:26:00+02:00,53,dr-robert,407,313,94,23.1
2026-09-12T19:26:00Z,2026-09-12T21:26:00+02:00,54,placa-vella,297,181,116,39.1
2026-09-12T19:26:00Z,2026-09-12T21:26:00+02:00,55,ajuntament-mercat,237,161,76,32.1
2026-09-12T19:27:00Z,2026-09-12T21:27:00+02:00,53,dr-robert,407,313,94,23.1
2026-09-12T19:27:00Z,2026-09-12T21:27:00+02:00,54,placa-vella,297,181,116,39.1
2026-09-12T19:27:00Z,2026-09-12T21:27:00+02:00,55,ajuntament-mercat,237,161,76,32.1
2026-09-12T19:28:00Z,2026-09-12T21:28:00+02:00,53,dr-robert,407,313,94,23.1
2026-09-12T19:28:00Z,2026-09-12T21:28:00+02:00,54,placa-vella,297,181,116,39.1
2026-09-12T19:28:00Z,2026-09-12T21:28:00+02:00,55,ajuntament-mercat,237,161,76,32.1
2026-09-12T19:29:00Z,2026-09-12T21:29:00+02:00,53,dr-robert,407,313,94,23.1
2026-09-12T19:29:00Z,2026-09-12T21:29:00+02:00,54,placa-vella,297,181,116,39.1
2026-09-12T19:29:00Z,2026-09-12T21:29:00+02:00,55,ajuntament-mercat,237,161,76,32.1
2026-09-12T19:35:00Z,2026-09-12T21:35:00+02:00,53,dr-robert,407,319,88,21.6
2026-09-12T19:35:00Z,2026-09-12T21:35:00+02:00,54,placa-vella,297,186,111,37.4
2026-09-12T19:35:00Z,2026-09-12T21:35:00+02:00,55,ajuntament-mercat,237,160,77,32.5
2026-09-12T19:36:00Z,2026-09-12T21:36:00+02:00,53,dr-robert,407,319,88,21.6
2026-09-12T19:36:00Z,2026-09-12T21:36:00+02:00,54,placa-vella,297,186,111,37.4
2026-09-12T19:36:00Z,2026-09-12T21:36:00+02:00,55,ajuntament-mercat,237,160,77,32.5
2026-09-12T19:37:00Z,2026-09-12T21:37:00+02:00,53,dr-robert,407,319,88,21.6
2026-09-12T19:37:00Z,2026-09-12T21:37:00+02:00,54,placa-vella,297,186,111,37.4
2026-09-12T19:37:00Z,2026-09-12T21:37:00+02:00,55,ajuntament-mercat,237,160,77,32.5
2026-09-12T19:38:00Z,2026-09-12T21:38:00+02:00,53,dr-robert,407,319,88,21.6
2026-09-12T19:38:00Z,2026-09-12T21:38:00+02:00,54,placa-vella,297,186,111,37.4
2026-09-12T19:38:00Z,2026-09-12T21:38:00+02:00,55,ajuntament-mercat,237,160,77,32.5
2026-09-12T19:39:00Z,2026-09-12T21:39:00+02:00,53,dr-robert,407,319,88,21.6
2026-09-12T19:39:00Z,2026-09-12T21:39:00+02:00,54,placa-vella,297,186,111,37.4
2026-09-12T19:39:00Z,2026-09-12T21:39:00+02:00,55,ajuntament-mercat,237,160,77,32.5
2026-09-12T19:40:00Z,2026-09-12T21:40:00+02:00,53,dr-robert,407,320,87,21.4
2026-09-12T19:40:00Z,2026-09-12T21:40:00+02:00,54,placa-vella,297,188,109,36.7
2026-09-12T19:40:00Z,2026-09-12T21:40:00+02:00,55,ajuntament-mercat,237,161,76,32.1
2026-09-12T19:41:00Z,2026-09-12T21:41:00+02:00,53,dr-robert,407,320,87,21.4
2026-09-12T19:41:00Z,2026-09-12T21:41:00+02:00,54,placa-vella,297,188,109,36.7
2026-09-12T19:41:00Z,2026-09-12T21:41:00+02:00,55,ajuntament-mercat,237,161,76,32.1
2026-09-12T19:42:00Z,2026-09-12T21:42:00+02:00,53,dr-robert,407,320,87,21.4
2026-09-12T19:42:00Z,2026-09-12T21:42:00+02:00,54,placa-vella,297,188,109,36.7
2026-09-12T19:42:00Z,2026-09-12T21:42:00+02:00,55,ajuntament-mercat,237,161,76,32.1
2026-09-12T19:43:00Z,2026-09-12T21:43:00+02:00,53,dr-robert,407,320,87,21.4
2026-09-12T19:43:00Z,2026-09-12T21:43:00+02:00,54,placa-vella,297,188,109,36.7
2026-09-12T19:43:00Z,2026-09-12T21:43:00+02:00,55,ajuntament-mercat,237,161,76,32.1
2026-09-12T19:44:00Z,2026-09-12T21:44:00+02:00,53,dr-robert,407,320,87,21.4
2026-09-12T19:44:00Z,2026-09-12T21:44:00+02:00,54,placa-vella,297,188,109,36.7
2026-09-12T19:44:00Z,2026-09-12T21:44:00+02:00,55,ajuntament-mercat,237,161,76,32.1
2026-09-12T19:45:00Z,2026-09-12T21:45:00+02:00,53,dr-robert,407,322,85,20.9
2026-09-12T19:45:00Z,2026-09-12T21:45:00+02:00,54,placa-vella,297,192,105,35.4
2026-09-12T19:45:00Z,2026-09-12T21:45:00+02:00,55,ajuntament-mercat,237,160,77,32.5
2026-09-12T19:46:00Z,2026-09-12T21:46:00+02:00,53,dr-robert,407,322,85,20.9
2026-09-12T19:46:00Z,2026-09-12T21:46:00+02:00,54,placa-vella,297,192,105,35.4
2026-09-12T19:46:00Z,2026-09-12T21:46:00+02:00,55,ajuntament-mercat,237,160,77,32.5
2026-09-12T19:47:00Z,2026-09-12T21:47:00+02:00,53,dr-robert,407,322,85,20.9
2026-09-12T19:47:00Z,2026-09-12T21:47:00+02:00,54,placa-vella,297,192,105,35.4
2026-09-12T19:47:00Z,2026-09-12T21:47:00+02:00,55,ajuntament-mercat,237,160,77,32.5
2026-09-12T19:48:00Z,2026-09-12T21:48:00+02:00,53,dr-robert,407,322,85,20.9
2026-09-12T19:48:00Z,2026-09-12T21:48:00+02:00,54,placa-vella,297,192,105,35.4
2026-09-12T19:48:00Z,2026-09-12T21:48:00+02:00,55,ajuntament-mercat,237,160,77,32.5
2026-09-12T19:49:00Z,2026-09-12T21:49:00+02:00,53,dr-robert,407,322,85,20.9
2026-09-12T19:49:00Z,2026-09-12T21:49:00+02:00,54,placa-vella,297,192,105,35.4
2026-09-12T19:49:00Z,2026-09-12T21:49:00+02:00,55,ajuntament-mercat,237,160,77,32.5
2026-09-12T19:50:00Z,2026-09-12T21:50:00+02:00,53,dr-robert,407,324,83,20.4
2026-09-12T19:50:00Z,2026-09-12T21:50:00+02:00,54,placa-vella,297,192,105,35.4
2026-09-12T19:50:00Z,2026-09-12T21:50:00+02:00,55,ajuntament-mercat,237,160,77,32.5
2026-09-12T19:51:00Z,2026-09-12T21:51:00+02:00,53,dr-robert,407,324,83,20.4
2026-09-12T19:51:00Z,2026-09-12T21:51:00+02:00,54,placa-vella,297,192,105,35.4
2026-09-12T19:51:00Z,2026-09-12T21:51:00+02:00,55,ajuntament-mercat,237,160,77,32.5
2026-09-12T19:52:00Z,2026-09-12T21:52:00+02:00,53,dr-robert,407,324,83,20.4
2026-09-12T19:52:00Z,2026-09-12T21:52:00+02:00,54,placa-vella,297,192,105,35.4
2026-09-12T19:52:00Z,2026-09-12T21:52:00+02:00,55,ajuntament-mercat,237,160,77,32.5
2026-09-12T19:53:00Z,2026-09-12T21:53:00+02:00,53,dr-robert,407,324,83,20.4
2026-09-12T19:53:00Z,2026-09-12T21:53:00+02:00,54,placa-vella,297,192,105,35.4
2026-09-12T19:53:00Z,2026-09-12T21:53:00+02:00,55,ajuntament-mercat,237,160,77,32.5
2026-09-12T19:54:00Z,2026-09-12T21:54:00+02:00,53,dr-robert,407,324,83,20.4
2026-09-12T19:54:00Z,2026-09-12T21:54:00+02:00,54,placa-vella,297,192,105,35.4
2026-09-12T19:54:00Z,2026-09-12T21:54:00+02:00,55,ajuntament-mercat,237,160,77,32.5
2026-09-12T19:55:00Z,2026-09-12T21:55:00+02:00,53,dr-robert,407,323,84,20.6
2026-09-12T19:55:00Z,2026-09-12T21:55:00+02:00,54,placa-vella,297,193,104,35
2026-09-12T19:55:00Z,2026-09-12T21:55:00+02:00,55,ajuntament-mercat,237,160,77,32.5
2026-09-12T19:56:00Z,2026-09-12T21:56:00+02:00,53,dr-robert,407,323,84,20.6
2026-09-12T19:56:00Z,2026-09-12T21:56:00+02:00,54,placa-vella,297,193,104,35
2026-09-12T19:56:00Z,2026-09-12T21:56:00+02:00,55,ajuntament-mercat,237,160,77,32.5
2026-09-12T19:57:00Z,2026-09-12T21:57:00+02:00,53,dr-robert,407,323,84,20.6
2026-09-12T19:57:00Z,2026-09-12T21:57:00+02:00,54,placa-vella,297,193,104,35
2026-09-12T19:57:00Z,2026-09-12T21:57:00+02:00,55,ajuntament-mercat,237,160,77,32.5
2026-09-12T19:58:00Z,2026-09-12T21:58:00+02:00,53,dr-robert,407,323,84,20.6
2026-09-12T19:58:00Z,2026-09-12T21:58:00+02:00,54,placa-vella,297,193,104,35
2026-09-12T19:58:00Z,2026-09-12T21:58:00+02:00,55,ajuntament-mercat,237,160,77,32.5
2026-09-12T19:59:00Z,2026-09-12T21:59:00+02:00,53,dr-robert,407,323,84,20.6
2026-09-12T19:59:00Z,2026-09-12T21:59:00+02:00,54,placa-vella,297,193,104,35
2026-09-12T19:59:00Z,2026-09-12T21:59:00+02:00,55,ajuntament-mercat,237,160,77,32.5
2026-09-12T20:00:00Z,2026-09-12T22:00:00+02:00,53,dr-robert,407,325,82,20.1
2026-09-12T20:00:00Z,2026-09-12T22:00:00+02:00,54,placa-vella,297,191,106,35.7
2026-09-12T20:00:00Z,2026-09-12T22:00:00+02:00,55,ajuntament-mercat,237,161,76,32.1
2026-09-12T20:01:00Z,2026-09-12T22:01:00+02:00,53,dr-robert,407,325,82,20.1
2026-09-12T20:01:00Z,2026-09-12T22:01:00+02:00,54,placa-vella,297,191,106,35.7
2026-09-12T20:01:00Z,2026-09-12T22:01:00+02:00,55,ajuntament-mercat,237,161,76,32.1
2026-09-12T20:02:00Z,2026-09-12T22:02:00+02:00,53,dr-robert,407,325,82,20.1
2026-09-12T20:02:00Z,2026-09-12T22:02:00+02:00,54,placa-vella,297,191,106,35.7
2026-09-12T20:02:00Z,2026-09-12T22:02:00+02:00,55,ajuntament-mercat,237,161,76,32.1
2026-09-12T20:03:00Z,2026-09-12T22:03:00+02:00,53,dr-robert,407,325,82,20.1
2026-09-12T20:03:00Z,2026-09-12T22:03:00+02:00,54,placa-vella,297,191,106,35.7
2026-09-12T20:03:00Z,2026-09-12T22:03:00+02:00,55,ajuntament-mercat,237,161,76,32.1
2026-09-12T20:04:00Z,2026-09-12T22:04:00+02:00,53,dr-robert,407,325,82,20.1
2026-09-12T20:04:00Z,2026-09-12T22:04:00+02:00,54,placa-vella,297,191,106,35.7
2026-09-12T20:04:00Z,2026-09-12T22:04:00+02:00,55,ajuntament-mercat,237,161,76,32.1
2026-09-12T20:05:00Z,2026-09-12T22:05:00+02:00,53,dr-robert,407,325,82,20.1
2026-09-12T20:05:00Z,2026-09-12T22:05:00+02:00,54,placa-vella,297,191,106,35.7
2026-09-12T20:05:00Z,2026-09-12T22:05:00+02:00,55,ajuntament-mercat,237,163,74,31.2
2026-09-12T20:06:00Z,2026-09-12T22:06:00+02:00,53,dr-robert,407,325,82,20.1
2026-09-12T20:06:00Z,2026-09-12T22:06:00+02:00,54,placa-vella,297,191,106,35.7
2026-09-12T20:06:00Z,2026-09-12T22:06:00+02:00,55,ajuntament-mercat,237,163,74,31.2
2026-09-12T20:07:00Z,2026-09-12T22:07:00+02:00,53,dr-robert,407,325,82,20.1
2026-09-12T20:07:00Z,2026-09-12T22:07:00+02:00,54,placa-vella,297,191,106,35.7
2026-09-12T20:07:00Z,2026-09-12T22:07:00+02:00,55,ajuntament-mercat,237,163,74,31.2
2026-09-12T20:08:00Z,2026-09-12T22:08:00+02:00,53,dr-robert,407,325,82,20.1
2026-09-12T20:08:00Z,2026-09-12T22:08:00+02:00,54,placa-vella,297,191,106,35.7
2026-09-12T20:08:00Z,2026-09-12T22:08:00+02:00,55,ajuntament-mercat,237,163,74,31.2
2026-09-12T20:09:00Z,2026-09-12T22:09:00+02:00,53,dr-robert,407,325,82,20.1
2026-09-12T20:09:00Z,2026-09-12T22:09:00+02:00,54,placa-vella,297,191,106,35.7
2026-09-12T20:09:00Z,2026-09-12T22:09:00+02:00,55,ajuntament-mercat,237,163,74,31.2
2026-09-12T20:10:00Z,2026-09-12T22:10:00+02:00,53,dr-robert,407,325,82,20.1
2026-09-12T20:10:00Z,2026-09-12T22:10:00+02:00,54,placa-vella,297,192,105,35.4
2026-09-12T20:10:00Z,2026-09-12T22:10:00+02:00,55,ajuntament-mercat,237,163,74,31.2
2026-09-12T20:11:00Z,2026-09-12T22:11:00+02:00,53,dr-robert,407,325,82,20.1
2026-09-12T20:11:00Z,2026-09-12T22:11:00+02:00,54,placa-vella,297,192,105,35.4
2026-09-12T20:11:00Z,2026-09-12T22:11:00+02:00,55,ajuntament-mercat,237,163,74,31.2
2026-09-12T20:12:00Z,2026-09-12T22:12:00+02:00,53,dr-robert,407,325,82,20.1
2026-09-12T20:12:00Z,2026-09-12T22:12:00+02:00,54,placa-vella,297,192,105,35.4
2026-09-12T20:12:00Z,2026-09-12T22:12:00+02:00,55,ajuntament-mercat,237,163,74,31.2
2026-09-12T20:13:00Z,2026-09-12T22:13:00+02:00,53,dr-robert,407,325,82,20.1
2026-09-12T20:13:00Z,2026-09-12T22:13:00+02:00,54,placa-vella,297,192,105,35.4
2026-09-12T20:13:00Z,2026-09-12T22:13:00+02:00,55,ajuntament-mercat,237,163,74,31.2
2026-09-12T20:14:00Z,2026-09-12T22:14:00+02:00,53,dr-robert,407,325,82,20.1
2026-09-12T20:14:00Z,2026-09-12T22:14:00+02:00,54,placa-vella,297,192,105,35.4
2026-09-12T20:14:00Z,2026-09-12T22:14:00+02:00,55,ajuntament-mercat,237,163,74,31.2
2026-09-12T20:15:00Z,2026-09-12T22:15:00+02:00,53,dr-robert,407,326,81,19.9
2026-09-12T20:15:00Z,2026-09-12T22:15:00+02:00,54,placa-vella,297,192,105,35.4
2026-09-12T20:15:00Z,2026-09-12T22:15:00+02:00,55,ajuntament-mercat,237,165,72,30.4
2026-09-12T20:16:00Z,2026-09-12T22:16:00+02:00,53,dr-robert,407,326,81,19.9
2026-09-12T20:16:00Z,2026-09-12T22:16:00+02:00,54,placa-vella,297,192,105,35.4
2026-09-12T20:16:00Z,2026-09-12T22:16:00+02:00,55,ajuntament-mercat,237,165,72,30.4
2026-09-12T20:17:00Z,2026-09-12T22:17:00+02:00,53,dr-robert,407,326,81,19.9
2026-09-12T20:17:00Z,2026-09-12T22:17:00+02:00,54,placa-vella,297,192,105,35.4
2026-09-12T20:17:00Z,2026-09-12T22:17:00+02:00,55,ajuntament-mercat,237,165,72,30.4
2026-09-12T20:18:00Z,2026-09-12T22:18:00+02:00,53,dr-robert,407,326,81,19.9
2026-09-12T20:18:00Z,2026-09-12T22:18:00+02:00,54,placa-vella,297,192,105,35.4
2026-09-12T20:18:00Z,2026-09-12T22:18:00+02:00,55,ajuntament-mercat,237,165,72,30.4
2026-09-12T20:19:00Z,2026-09-12T22:19:00+02:00,53,dr-robert,407,326,81,19.9
2026-09-12T20:19:00Z,2026-09-12T22:19:00+02:00,54,placa-vella,297,192,105,35.4
2026-09-12T20:19:00Z,2026-09-12T22:19:00+02:00,55,ajuntament-mercat,237,165,72,30.4
2026-09-12T20:20:00Z,2026-09-12T22:20:00+02:00,53,dr-robert,407,326,81,19.9
2026-09-12T20:20:00Z,2026-09-12T22:20:00+02:00,54,placa-vella,297,196,101,34
2026-09-12T20:20:00Z,2026-09-12T22:20:00+02:00,55,ajuntament-mercat,237,165,72,30.4
2026-09-12T20:21:00Z,2026-09-12T22:21:00+02:00,53,dr-robert,407,326,81,19.9
2026-09-12T20:21:00Z,2026-09-12T22:21:00+02:00,54,placa-vella,297,196,101,34
2026-09-12T20:21:00Z,2026-09-12T22:21:00+02:00,55,ajuntament-mercat,237,165,72,30.4
2026-09-12T20:22:00Z,2026-09-12T22:22:00+02:00,53,dr-robert,407,326,81,19.9
2026-09-12T20:22:00Z,2026-09-12T22:22:00+02:00,54,placa-vella,297,196,101,34
2026-09-12T20:22:00Z,2026-09-12T22:22:00+02:00,55,ajuntament-mercat,237,165,72,30.4
2026-09-12T20:23:00Z,2026-09-12T22:23:00+02:00,53,dr-robert,407,326,81,19.9
2026-09-12T20:23:00Z,2026-09-12T22:23:00+02:00,54,placa-vella,297,196,101,34
2026-09-12T20:23:00Z,2026-09-12T22:23:00+02:00,55,ajuntament-mercat,237,165,72,30.4
2026-09-12T20:24:00Z,2026-09-12T22:24:00+02:00,53,dr-robert,407,326,81,19.9
2026-09-12T20:24:00Z,2026-09-12T22:24:00+02:00,54,placa-vella,297,196,101,34
2026-09-12T20:24:00Z,2026-09-12T22:24:00+02:00,55,ajuntament-mercat,237,165,72,30.4
2026-09-12T20:25:00Z,2026-09-12T22:25:00+02:00,53,dr-robert,407,328,79,19.4
2026-09-12T20:25:00Z,2026-09-12T22:25:00+02:00,54,placa-vella,297,197,100,33.7
2026-09-12T20:25:00Z,2026-09-12T22:25:00+02:00,55,ajuntament-mercat,237,165,72,30.4
2026-09-12T20:26:00Z,2026-09-12T22:26:00+02:00,53,dr-robert,407,328,79,19.4
2026-09-12T20:26:00Z,2026-09-12T22:26:00+02:00,54,placa-vella,297,197,100,33.7
2026-09-12T20:26:00Z,2026-09-12T22:26:00+02:00,55,ajuntament-mercat,237,165,72,30.4
2026-09-12T20:27:00Z,2026-09-12T22:27:00+02:00,53,dr-robert,407,328,79,19.4
2026-09-12T20:27:00Z,2026-09-12T22:27:00+02:00,54,placa-vella,297,197,100,33.7
2026-09-12T20:27:00Z,2026-09-12T22:27:00+02:00,55,ajuntament-mercat,237,165,72,30.4
2026-09-12T20:28:00Z,2026-09-12T22:28:00+02:00,53,dr-robert,407,328,79,19.4
2026-09-12T20:28:00Z,2026-09-12T22:28:00+02:00,54,placa-vella,297,197,100,33.7
2026-09-12T20:28:00Z,2026-09-12T22:28:00+02:00,55,ajuntament-mercat,237,165,72,30.4
2026-09-12T20:29:00Z,2026-09-12T22:29:00+02:00,53,dr-robert,407,328,79,19.4
2026-09-12T20:29:00Z,2026-09-12T22:29:00+02:00,54,placa-vella,297,197,100,33.7
2026-09-12T20:29:00Z,2026-09-12T22:29:00+02:00,55,ajuntament-mercat,237,165,72,30.4
2026-09-12T20:30:00Z,2026-09-12T22:30:00+02:00,53,dr-robert,407,330,77,18.9
2026-09-12T20:30:00Z,2026-09-12T22:30:00+02:00,54,placa-vella,297,198,99,33.3
2026-09-12T20:30:00Z,2026-09-12T22:30:00+02:00,55,ajuntament-mercat,237,167,70,29.5
2026-09-12T20:31:00Z,2026-09-12T22:31:00+02:00,53,dr-robert,407,330,77,18.9
2026-09-12T20:31:00Z,2026-09-12T22:31:00+02:00,54,placa-vella,297,198,99,33.3
2026-09-12T20:31:00Z,2026-09-12T22:31:00+02:00,55,ajuntament-mercat,237,167,70,29.5
2026-09-12T20:32:00Z,2026-09-12T22:32:00+02:00,53,dr-robert,407,330,77,18.9
2026-09-12T20:32:00Z,2026-09-12T22:32:00+02:00,54,placa-vella,297,198,99,33.3
2026-09-12T20:32:00Z,2026-09-12T22:32:00+02:00,55,ajuntament-mercat,237,167,70,29.5
2026-09-12T20:33:00Z,2026-09-12T22:33:00+02:00,53,dr-robert,407,330,77,18.9
2026-09-12T20:33:00Z,2026-09-12T22:33:00+02:00,54,placa-vella,297,198,99,33.3
2026-09-12T20:33:00Z,2026-09-12T22:33:00+02:00,55,ajuntament-mercat,237,167,70,29.5
2026-09-12T20:34:00Z,2026-09-12T22:34:00+02:00,53,dr-robert,407,330,77,18.9
2026-09-12T20:34:00Z,2026-09-12T22:34:00+02:00,54,placa-vella,297,198,99,33.3
2026-09-12T20:34:00Z,2026-09-12T22:34:00+02:00,55,ajuntament-mercat,237,167,70,29.5
2026-09-12T20:35:00Z,2026-09-12T22:35:00+02:00,53,dr-robert,407,330,77,18.9
2026-09-12T20:35:00Z,2026-09-12T22:35:00+02:00,54,placa-vella,297,202,95,32
2026-09-12T20:35:00Z,2026-09-12T22:35:00+02:00,55,ajuntament-mercat,237,168,69,29.1
2026-09-12T20:36:00Z,2026-09-12T22:36:00+02:00,53,dr-robert,407,330,77,18.9
2026-09-12T20:36:00Z,2026-09-12T22:36:00+02:00,54,placa-vella,297,202,95,32
2026-09-12T20:36:00Z,2026-09-12T22:36:00+02:00,55,ajuntament-mercat,237,168,69,29.1
2026-09-12T20:37:00Z,2026-09-12T22:37:00+02:00,53,dr-robert,407,330,77,18.9
2026-09-12T20:37:00Z,2026-09-12T22:37:00+02:00,54,placa-vella,297,202,95,32
2026-09-12T20:37:00Z,2026-09-12T22:37:00+02:00,55,ajuntament-mercat,237,168,69,29.1
2026-09-12T20:38:00Z,2026-09-12T22:38:00+02:00,53,dr-robert,407,330,77,18.9
2026-09-12T20:38:00Z,2026-09-12T22:38:00+02:00,54,placa-vella,297,202,95,32
2026-09-12T20:38:00Z,2026-09-12T22:38:00+02:00,55,ajuntament-mercat,237,168,69,29.1
2026-09-12T20:39:00Z,2026-09-12T22:39:00+02:00,53,dr-robert,407,330,77,18.9
2026-09-12T20:39:00Z,2026-09-12T22:39:00+02:00,54,placa-vella,297,202,95,32
2026-09-12T20:39:00Z,2026-09-12T22:39:00+02:00,55,ajuntament-mercat,237,168,69,29.1
2026-09-12T20:40:00Z,2026-09-12T22:40:00+02:00,53,dr-robert,407,329,78,19.2
2026-09-12T20:40:00Z,2026-09-12T22:40:00+02:00,54,placa-vella,297,205,92,31
2026-09-12T20:40:00Z,2026-09-12T22:40:00+02:00,55,ajuntament-mercat,237,168,69,29.1
2026-09-12T20:41:00Z,2026-09-12T22:41:00+02:00,53,dr-robert,407,329,78,19.2
2026-09-12T20:41:00Z,2026-09-12T22:41:00+02:00,54,placa-vella,297,205,92,31
2026-09-12T20:41:00Z,2026-09-12T22:41:00+02:00,55,ajuntament-mercat,237,168,69,29.1
2026-09-12T20:42:00Z,2026-09-12T22:42:00+02:00,53,dr-robert,407,329,78,19.2
2026-09-12T20:42:00Z,2026-09-12T22:42:00+02:00,54,placa-vella,297,205,92,31
2026-09-12T20:42:00Z,2026-09-12T22:42:00+02:00,55,ajuntament-mercat,237,168,69,29.1
2026-09-12T20:43:00Z,2026-09-12T22:43:00+02:00,53,dr-robert,407,329,78,19.2
2026-09-12T20:43:00Z,2026-09-12T22:43:00+02:00,54,placa-vella,297,205,92,31
2026-09-12T20:43:00Z,2026-09-12T22:43:00+02:00,55,ajuntament-mercat,237,168,69,29.1
2026-09-12T20:44:00Z,2026-09-12T22:44:00+02:00,53,dr-robert,407,329,78,19.2
2026-09-12T20:44:00Z,2026-09-12T22:44:00+02:00,54,placa-vella,297,205,92,31
2026-09-12T20:44:00Z,2026-09-12T22:44:00+02:00,55,ajuntament-mercat,237,168,69,29.1
2026-09-12T20:45:00Z,2026-09-12T22:45:00+02:00,53,dr-robert,407,331,76,18.7
2026-09-12T20:45:00Z,2026-09-12T22:45:00+02:00,54,placa-vella,297,206,91,30.6
2026-09-12T20:45:00Z,2026-09-12T22:45:00+02:00,55,ajuntament-mercat,237,171,66,27.8
2026-09-12T20:46:00Z,2026-09-12T22:46:00+02:00,53,dr-robert,407,331,76,18.7
2026-09-12T20:46:00Z,2026-09-12T22:46:00+02:00,54,placa-vella,297,206,91,30.6
2026-09-12T20:46:00Z,2026-09-12T22:46:00+02:00,55,ajuntament-mercat,237,171,66,27.8
2026-09-12T20:47:00Z,2026-09-12T22:47:00+02:00,53,dr-robert,407,331,76,18.7
2026-09-12T20:47:00Z,2026-09-12T22:47:00+02:00,54,placa-vella,297,206,91,30.6
2026-09-12T20:47:00Z,2026-09-12T22:47:00+02:00,55,ajuntament-mercat,237,171,66,27.8
2026-09-12T20:48:00Z,2026-09-12T22:48:00+02:00,53,dr-robert,407,331,76,18.7
2026-09-12T20:48:00Z,2026-09-12T22:48:00+02:00,54,placa-vella,297,206,91,30.6
2026-09-12T20:48:00Z,2026-09-12T22:48:00+02:00,55,ajuntament-mercat,237,171,66,27.8
2026-09-12T20:49:00Z,2026-09-12T22:49:00+02:00,53,dr-robert,407,331,76,18.7
2026-09-12T20:49:00Z,2026-09-12T22:49:00+02:00,54,placa-vella,297,206,91,30.6
2026-09-12T20:49:00Z,2026-09-12T22:49:00+02:00,55,ajuntament-mercat,237,171,66,27.8
2026-09-12T20:50:00Z,2026-09-12T22:50:00+02:00,53,dr-robert,407,331,76,18.7
2026-09-12T20:50:00Z,2026-09-12T22:50:00+02:00,54,placa-vella,297,210,87,29.3
2026-09-12T20:50:00Z,2026-09-12T22:50:00+02:00,55,ajuntament-mercat,237,173,64,27
2026-09-12T20:51:00Z,2026-09-12T22:51:00+02:00,53,dr-robert,407,331,76,18.7
2026-09-12T20:51:00Z,2026-09-12T22:51:00+02:00,54,placa-vella,297,210,87,29.3
2026-09-12T20:51:00Z,2026-09-12T22:51:00+02:00,55,ajuntament-mercat,237,173,64,27
2026-09-12T20:52:00Z,2026-09-12T22:52:00+02:00,53,dr-robert,407,331,76,18.7
2026-09-12T20:52:00Z,2026-09-12T22:52:00+02:00,54,placa-vella,297,210,87,29.3
2026-09-12T20:52:00Z,2026-09-12T22:52:00+02:00,55,ajuntament-mercat,237,173,64,27
2026-09-12T20:53:00Z,2026-09-12T22:53:00+02:00,53,dr-robert,407,331,76,18.7
2026-09-12T20:53:00Z,2026-09-12T22:53:00+02:00,54,placa-vella,297,210,87,29.3
2026-09-12T20:53:00Z,2026-09-12T22:53:00+02:00,55,ajuntament-mercat,237,173,64,27
2026-09-12T20:54:00Z,2026-09-12T22:54:00+02:00,53,dr-robert,407,331,76,18.7
2026-09-12T20:54:00Z,2026-09-12T22:54:00+02:00,54,placa-vella,297,210,87,29.3
2026-09-12T20:54:00Z,2026-09-12T22:54:00+02:00,55,ajuntament-mercat,237,173,64,27
2026-09-12T20:55:00Z,2026-09-12T22:55:00+02:00,53,dr-robert,407,330,77,18.9
2026-09-12T20:55:00Z,2026-09-12T22:55:00+02:00,54,placa-vella,297,211,86,29
2026-09-12T20:55:00Z,2026-09-12T22:55:00+02:00,55,ajuntament-mercat,237,173,64,27
2026-09-12T20:56:00Z,2026-09-12T22:56:00+02:00,53,dr-robert,407,330,77,18.9
2026-09-12T20:56:00Z,2026-09-12T22:56:00+02:00,54,placa-vella,297,211,86,29
2026-09-12T20:56:00Z,2026-09-12T22:56:00+02:00,55,ajuntament-mercat,237,173,64,27
2026-09-12T20:57:00Z,2026-09-12T22:57:00+02:00,53,dr-robert,407,330,77,18.9
2026-09-12T20:57:00Z,2026-09-12T22:57:00+02:00,54,placa-vella,297,211,86,29
2026-09-12T20:57:00Z,2026-09-12T22:57:00+02:00,55,ajuntament-mercat,237,173,64,27
2026-09-12T20:58:00Z,2026-09-12T22:58:00+02:00,53,dr-robert,407,330,77,18.9
2026-09-12T20:58:00Z,2026-09-12T22:58:00+02:00,54,placa-vella,297,211,86,29
2026-09-12T20:58:00Z,2026-09-12T22:58:00+02:00,55,ajuntament-mercat,237,173,64,27
2026-09-12T20:59:00Z,2026-09-12T22:59:00+02:00,53,dr-robert,407,330,77,18.9
2026-09-12T20:59:00Z,2026-09-12T22:59:00+02:00,54,placa-vella,297,211,86,29
2026-09-12T20:59:00Z,2026-09-12T22:59:00+02:00,55,ajuntament-mercat,237,173,64,27
2026-09-12T21:00:00Z,2026-09-12T23:00:00+02:00,53,dr-robert,407,330,77,18.9
2026-09-12T21:00:00Z,2026-09-12T23:00:00+02:00,54,placa-vella,297,211,86,29
2026-09-12T21:00:00Z,2026-09-12T23:00:00+02:00,55,ajuntament-mercat,237,173,64,27
2026-09-12T21:01:00Z,2026-09-12T23:01:00+02:00,53,dr-robert,407,331,76,18.7
2026-09-12T21:01:00Z,2026-09-12T23:01:00+02:00,54,placa-vella,297,216,81,27.3
2026-09-12T21:01:00Z,2026-09-12T23:01:00+02:00,55,ajuntament-mercat,237,176,61,25.7
2026-09-12T21:02:00Z,2026-09-12T23:02:00+02:00,53,dr-robert,407,331,76,18.7
2026-09-12T21:02:00Z,2026-09-12T23:02:00+02:00,54,placa-vella,297,216,81,27.3
2026-09-12T21:02:00Z,2026-09-12T23:02:00+02:00,55,ajuntament-mercat,237,176,61,25.7
2026-09-12T21:03:00Z,2026-09-12T23:03:00+02:00,53,dr-robert,407,331,76,18.7
2026-09-12T21:03:00Z,2026-09-12T23:03:00+02:00,54,placa-vella,297,216,81,27.3
2026-09-12T21:03:00Z,2026-09-12T23:03:00+02:00,55,ajuntament-mercat,237,176,61,25.7
2026-09-12T21:04:00Z,2026-09-12T23:04:00+02:00,53,dr-robert,407,331,76,18.7
2026-09-12T21:04:00Z,2026-09-12T23:04:00+02:00,54,placa-vella,297,216,81,27.3
2026-09-12T21:04:00Z,2026-09-12T23:04:00+02:00,55,ajuntament-mercat,237,176,61,25.7
2026-09-12T21:05:00Z,2026-09-12T23:05:00+02:00,53,dr-robert,407,330,77,18.9
2026-09-12T21:05:00Z,2026-09-12T23:05:00+02:00,54,placa-vella,297,218,79,26.6
2026-09-12T21:05:00Z,2026-09-12T23:05:00+02:00,55,ajuntament-mercat,237,180,57,24.1
2026-09-12T21:06:00Z,2026-09-12T23:06:00+02:00,53,dr-robert,407,330,77,18.9
2026-09-12T21:06:00Z,2026-09-12T23:06:00+02:00,54,placa-vella,297,218,79,26.6
2026-09-12T21:06:00Z,2026-09-12T23:06:00+02:00,55,ajuntament-mercat,237,180,57,24.1
2026-09-12T21:07:00Z,2026-09-12T23:07:00+02:00,53,dr-robert,407,330,77,18.9
2026-09-12T21:07:00Z,2026-09-12T23:07:00+02:00,54,placa-vella,297,218,79,26.6
2026-09-12T21:07:00Z,2026-09-12T23:07:00+02:00,55,ajuntament-mercat,237,180,57,24.1
2026-09-12T21:08:00Z,2026-09-12T23:08:00+02:00,53,dr-robert,407,330,77,18.9
2026-09-12T21:08:00Z,2026-09-12T23:08:00+02:00,54,placa-vella,297,218,79,26.6
2026-09-12T21:08:00Z,2026-09-12T23:08:00+02:00,55,ajuntament-mercat,237,180,57,24.1
2026-09-12T21:09:00Z,2026-09-12T23:09:00+02:00,53,dr-robert,407,330,77,18.9
2026-09-12T21:09:00Z,2026-09-12T23:09:00+02:00,54,placa-vella,297,218,79,26.6
2026-09-12T21:09:00Z,2026-09-12T23:09:00+02:00,55,ajuntament-mercat,237,180,57,24.1
2026-09-12T21:10:00Z,2026-09-12T23:10:00+02:00,53,dr-robert,407,330,77,18.9
2026-09-12T21:10:00Z,2026-09-12T23:10:00+02:00,54,placa-vella,297,218,79,26.6
2026-09-12T21:10:00Z,2026-09-12T23:10:00+02:00,55,ajuntament-mercat,237,181,56,23.6
2026-09-12T21:11:00Z,2026-09-12T23:11:00+02:00,53,dr-robert,407,330,77,18.9
2026-09-12T21:11:00Z,2026-09-12T23:11:00+02:00,54,placa-vella,297,218,79,26.6
2026-09-12T21:11:00Z,2026-09-12T23:11:00+02:00,55,ajuntament-mercat,237,181,56,23.6
2026-09-12T21:12:00Z,2026-09-12T23:12:00+02:00,53,dr-robert,407,330,77,18.9
2026-09-12T21:12:00Z,2026-09-12T23:12:00+02:00,54,placa-vella,297,218,79,26.6
2026-09-12T21:12:00Z,2026-09-12T23:12:00+02:00,55,ajuntament-mercat,237,181,56,23.6
2026-09-12T21:13:00Z,2026-09-12T23:13:00+02:00,53,dr-robert,407,330,77,18.9
2026-09-12T21:13:00Z,2026-09-12T23:13:00+02:00,54,placa-vella,297,218,79,26.6
2026-09-12T21:13:00Z,2026-09-12T23:13:00+02:00,55,ajuntament-mercat,237,181,56,23.6
2026-09-12T21:14:00Z,2026-09-12T23:14:00+02:00,53,dr-robert,407,330,77,18.9
2026-09-12T21:14:00Z,2026-09-12T23:14:00+02:00,54,placa-vella,297,218,79,26.6
2026-09-12T21:14:00Z,2026-09-12T23:14:00+02:00,55,ajuntament-mercat,237,181,56,23.6
2026-09-12T21:15:00Z,2026-09-12T23:15:00+02:00,53,dr-robert,407,330,77,18.9
2026-09-12T21:15:00Z,2026-09-12T23:15:00+02:00,54,placa-vella,297,218,79,26.6
2026-09-12T21:15:00Z,2026-09-12T23:15:00+02:00,55,ajuntament-mercat,237,185,52,21.9
2026-09-12T21:16:00Z,2026-09-12T23:16:00+02:00,53,dr-robert,407,330,77,18.9
2026-09-12T21:16:00Z,2026-09-12T23:16:00+02:00,54,placa-vella,297,218,79,26.6
2026-09-12T21:16:00Z,2026-09-12T23:16:00+02:00,55,ajuntament-mercat,237,185,52,21.9
2026-09-12T21:17:00Z,2026-09-12T23:17:00+02:00,53,dr-robert,407,330,77,18.9
2026-09-12T21:17:00Z,2026-09-12T23:17:00+02:00,54,placa-vella,297,218,79,26.6
2026-09-12T21:17:00Z,2026-09-12T23:17:00+02:00,55,ajuntament-mercat,237,185,52,21.9
2026-09-12T21:18:00Z,2026-09-12T23:18:00+02:00,53,dr-robert,407,330,77,18.9
2026-09-12T21:18:00Z,2026-09-12T23:18:00+02:00,54,placa-vella,297,218,79,26.6
2026-09-12T21:18:00Z,2026-09-12T23:18:00+02:00,55,ajuntament-mercat,237,185,52,21.9
2026-09-12T21:19:00Z,2026-09-12T23:19:00+02:00,53,dr-robert,407,330,77,18.9
2026-09-12T21:19:00Z,2026-09-12T23:19:00+02:00,54,placa-vella,297,218,79,26.6
2026-09-12T21:19:00Z,2026-09-12T23:19:00+02:00,55,ajuntament-mercat,237,185,52,21.9
2026-09-12T21:20:00Z,2026-09-12T23:20:00+02:00,53,dr-robert,407,331,76,18.7
2026-09-12T21:20:00Z,2026-09-12T23:20:00+02:00,54,placa-vella,297,218,79,26.6
2026-09-12T21:20:00Z,2026-09-12T23:20:00+02:00,55,ajuntament-mercat,237,186,51,21.5
2026-09-12T21:21:00Z,2026-09-12T23:21:00+02:00,53,dr-robert,407,331,76,18.7
2026-09-12T21:21:00Z,2026-09-12T23:21:00+02:00,54,placa-vella,297,218,79,26.6
2026-09-12T21:21:00Z,2026-09-12T23:21:00+02:00,55,ajuntament-mercat,237,186,51,21.5
2026-09-12T21:22:00Z,2026-09-12T23:22:00+02:00,53,dr-robert,407,331,76,18.7
2026-09-12T21:22:00Z,2026-09-12T23:22:00+02:00,54,placa-vella,297,218,79,26.6
2026-09-12T21:22:00Z,2026-09-12T23:22:00+02:00,55,ajuntament-mercat,237,186,51,21.5
2026-09-12T21:23:00Z,2026-09-12T23:23:00+02:00,53,dr-robert,407,331,76,18.7
2026-09-12T21:23:00Z,2026-09-12T23:23:00+02:00,54,placa-vella,297,218,79,26.6
2026-09-12T21:23:00Z,2026-09-12T23:23:00+02:00,55,ajuntament-mercat,237,186,51,21.5
2026-09-12T21:24:00Z,2026-09-12T23:24:00+02:00,53,dr-robert,407,331,76,18.7
2026-09-12T21:24:00Z,2026-09-12T23:24:00+02:00,54,placa-vella,297,218,79,26.6
2026-09-12T21:24:00Z,2026-09-12T23:24:00+02:00,55,ajuntament-mercat,237,186,51,21.5
2026-09-12T21:25:00Z,2026-09-12T23:25:00+02:00,53,dr-robert,407,335,72,17.7
2026-09-12T21:25:00Z,2026-09-12T23:25:00+02:00,54,placa-vella,297,222,75,25.3
2026-09-12T21:25:00Z,2026-09-12T23:25:00+02:00,55,ajuntament-mercat,237,186,51,21.5
2026-09-12T21:26:00Z,2026-09-12T23:26:00+02:00,53,dr-robert,407,335,72,17.7
2026-09-12T21:26:00Z,2026-09-12T23:26:00+02:00,54,placa-vella,297,222,75,25.3
2026-09-12T21:26:00Z,2026-09-12T23:26:00+02:00,55,ajuntament-mercat,237,186,51,21.5
2026-09-12T21:27:00Z,2026-09-12T23:27:00+02:00,53,dr-robert,407,335,72,17.7
2026-09-12T21:27:00Z,2026-09-12T23:27:00+02:00,54,placa-vella,297,222,75,25.3
2026-09-12T21:27:00Z,2026-09-12T23:27:00+02:00,55,ajuntament-mercat,237,186,51,21.5
2026-09-12T21:28:00Z,2026-09-12T23:28:00+02:00,53,dr-robert,407,335,72,17.7
2026-09-12T21:28:00Z,2026-09-12T23:28:00+02:00,54,placa-vella,297,222,75,25.3
2026-09-12T21:28:00Z,2026-09-12T23:28:00+02:00,55,ajuntament-mercat,237,186,51,21.5
2026-09-12T21:29:00Z,2026-09-12T23:29:00+02:00,53,dr-robert,407,335,72,17.7
2026-09-12T21:29:00Z,2026-09-12T23:29:00+02:00,54,placa-vella,297,222,75,25.3
2026-09-12T21:29:00Z,2026-09-12T23:29:00+02:00,55,ajuntament-mercat,237,186,51,21.5
2026-09-12T21:30:00Z,2026-09-12T23:30:00+02:00,53,dr-robert,407,335,72,17.7
2026-09-12T21:30:00Z,2026-09-12T23:30:00+02:00,54,placa-vella,297,222,75,25.3
2026-09-12T21:30:00Z,2026-09-12T23:30:00+02:00,55,ajuntament-mercat,237,185,52,21.9
2026-09-12T21:31:00Z,2026-09-12T23:31:00+02:00,53,dr-robert,407,335,72,17.7
2026-09-12T21:31:00Z,2026-09-12T23:31:00+02:00,54,placa-vella,297,222,75,25.3
2026-09-12T21:31:00Z,2026-09-12T23:31:00+02:00,55,ajuntament-mercat,237,185,52,21.9
2026-09-12T21:32:00Z,2026-09-12T23:32:00+02:00,53,dr-robert,407,335,72,17.7
2026-09-12T21:32:00Z,2026-09-12T23:32:00+02:00,54,placa-vella,297,222,75,25.3
2026-09-12T21:32:00Z,2026-09-12T23:32:00+02:00,55,ajuntament-mercat,237,185,52,21.9
2026-09-12T21:33:00Z,2026-09-12T23:33:00+02:00,53,dr-robert,407,335,72,17.7
2026-09-12T21:33:00Z,2026-09-12T23:33:00+02:00,54,placa-vella,297,222,75,25.3
2026-09-12T21:33:00Z,2026-09-12T23:33:00+02:00,55,ajuntament-mercat,237,185,52,21.9
2026-09-12T21:34:00Z,2026-09-12T23:34:00+02:00,53,dr-robert,407,335,72,17.7
2026-09-12T21:34:00Z,2026-09-12T23:34:00+02:00,54,placa-vella,297,222,75,25.3
2026-09-12T21:34:00Z,2026-09-12T23:34:00+02:00,55,ajuntament-mercat,237,185,52,21.9
2026-09-12T21:35:00Z,2026-09-12T23:35:00+02:00,53,dr-robert,407,335,72,17.7
2026-09-12T21:35:00Z,2026-09-12T23:35:00+02:00,54,placa-vella,297,225,72,24.2
2026-09-12T21:35:00Z,2026-09-12T23:35:00+02:00,55,ajuntament-mercat,237,186,51,21.5
2026-09-12T21:36:00Z,2026-09-12T23:36:00+02:00,53,dr-robert,407,335,72,17.7
2026-09-12T21:36:00Z,2026-09-12T23:36:00+02:00,54,placa-vella,297,225,72,24.2
2026-09-12T21:36:00Z,2026-09-12T23:36:00+02:00,55,ajuntament-mercat,237,186,51,21.5
2026-09-12T21:37:00Z,2026-09-12T23:37:00+02:00,53,dr-robert,407,335,72,17.7
2026-09-12T21:37:00Z,2026-09-12T23:37:00+02:00,54,placa-vella,297,225,72,24.2
2026-09-12T21:37:00Z,2026-09-12T23:37:00+02:00,55,ajuntament-mercat,237,186,51,21.5
2026-09-12T21:38:00Z,2026-09-12T23:38:00+02:00,53,dr-robert,407,335,72,17.7
2026-09-12T21:38:00Z,2026-09-12T23:38:00+02:00,54,placa-vella,297,225,72,24.2
2026-09-12T21:38:00Z,2026-09-12T23:38:00+02:00,55,ajuntament-mercat,237,186,51,21.5
2026-09-12T21:39:00Z,2026-09-12T23:39:00+02:00,53,dr-robert,407,335,72,17.7
2026-09-12T21:39:00Z,2026-09-12T23:39:00+02:00,54,placa-vella,297,225,72,24.2
2026-09-12T21:39:00Z,2026-09-12T23:39:00+02:00,55,ajuntament-mercat,237,186,51,21.5
2026-09-12T21:40:00Z,2026-09-12T23:40:00+02:00,53,dr-robert,407,336,71,17.4
2026-09-12T21:40:00Z,2026-09-12T23:40:00+02:00,54,placa-vella,297,227,70,23.6
2026-09-12T21:40:00Z,2026-09-12T23:40:00+02:00,55,ajuntament-mercat,237,187,50,21.1
2026-09-12T21:41:00Z,2026-09-12T23:41:00+02:00,53,dr-robert,407,336,71,17.4
2026-09-12T21:41:00Z,2026-09-12T23:41:00+02:00,54,placa-vella,297,227,70,23.6
2026-09-12T21:41:00Z,2026-09-12T23:41:00+02:00,55,ajuntament-mercat,237,187,50,21.1
2026-09-12T21:42:00Z,2026-09-12T23:42:00+02:00,53,dr-robert,407,336,71,17.4
2026-09-12T21:42:00Z,2026-09-12T23:42:00+02:00,54,placa-vella,297,227,70,23.6
2026-09-12T21:42:00Z,2026-09-12T23:42:00+02:00,55,ajuntament-mercat,237,187,50,21.1
2026-09-12T21:43:00Z,2026-09-12T23:43:00+02:00,53,dr-robert,407,336,71,17.4
2026-09-12T21:43:00Z,2026-09-12T23:43:00+02:00,54,placa-vella,297,227,70,23.6
2026-09-12T21:43:00Z,2026-09-12T23:43:00+02:00,55,ajuntament-mercat,237,187,50,21.1
2026-09-12T21:44:00Z,2026-09-12T23:44:00+02:00,53,dr-robert,407,336,71,17.4
2026-09-12T21:44:00Z,2026-09-12T23:44:00+02:00,54,placa-vella,297,227,70,23.6
2026-09-12T21:44:00Z,2026-09-12T23:44:00+02:00,55,ajuntament-mercat,237,187,50,21.1
2026-09-12T21:45:00Z,2026-09-12T23:45:00+02:00,53,dr-robert,407,336,71,17.4
2026-09-12T21:45:00Z,2026-09-12T23:45:00+02:00,54,placa-vella,297,225,72,24.2
2026-09-12T21:45:00Z,2026-09-12T23:45:00+02:00,55,ajuntament-mercat,237,187,50,21.1
2026-09-12T21:46:00Z,2026-09-12T23:46:00+02:00,53,dr-robert,407,336,71,17.4
2026-09-12T21:46:00Z,2026-09-12T23:46:00+02:00,54,placa-vella,297,225,72,24.2
2026-09-12T21:46:00Z,2026-09-12T23:46:00+02:00,55,ajuntament-mercat,237,187,50,21.1
2026-09-12T21:47:00Z,2026-09-12T23:47:00+02:00,53,dr-robert,407,336,71,17.4
2026-09-12T21:47:00Z,2026-09-12T23:47:00+02:00,54,placa-vella,297,225,72,24.2
2026-09-12T21:47:00Z,2026-09-12T23:47:00+02:00,55,ajuntament-mercat,237,187,50,21.1
2026-09-12T21:48:00Z,2026-09-12T23:48:00+02:00,53,dr-robert,407,336,71,17.4
2026-09-12T21:48:00Z,2026-09-12T23:48:00+02:00,54,placa-vella,297,225,72,24.2
2026-09-12T21:48:00Z,2026-09-12T23:48:00+02:00,55,ajuntament-mercat,237,187,50,21.1
2026-09-12T21:49:00Z,2026-09-12T23:49:00+02:00,53,dr-robert,407,336,71,17.4
2026-09-12T21:49:00Z,2026-09-12T23:49:00+02:00,54,placa-vella,297,225,72,24.2
2026-09-12T21:49:00Z,2026-09-12T23:49:00+02:00,55,ajuntament-mercat,237,187,50,21.1
2026-09-12T21:50:00Z,2026-09-12T23:50:00+02:00,53,dr-robert,407,336,71,17.4
2026-09-12T21:50:00Z,2026-09-12T23:50:00+02:00,54,placa-vella,297,224,73,24.6
2026-09-12T21:50:00Z,2026-09-12T23:50:00+02:00,55,ajuntament-mercat,237,189,48,20.3
2026-09-12T21:51:00Z,2026-09-12T23:51:00+02:00,53,dr-robert,407,336,71,17.4
2026-09-12T21:51:00Z,2026-09-12T23:51:00+02:00,54,placa-vella,297,224,73,24.6
2026-09-12T21:51:00Z,2026-09-12T23:51:00+02:00,55,ajuntament-mercat,237,189,48,20.3
2026-09-12T21:52:00Z,2026-09-12T23:52:00+02:00,53,dr-robert,407,336,71,17.4
2026-09-12T21:52:00Z,2026-09-12T23:52:00+02:00,54,placa-vella,297,224,73,24.6
2026-09-12T21:52:00Z,2026-09-12T23:52:00+02:00,55,ajuntament-mercat,237,189,48,20.3
2026-09-12T21:53:00Z,2026-09-12T23:53:00+02:00,53,dr-robert,407,336,71,17.4
2026-09-12T21:53:00Z,2026-09-12T23:53:00+02:00,54,placa-vella,297,224,73,24.6
2026-09-12T21:53:00Z,2026-09-12T23:53:00+02:00,55,ajuntament-mercat,237,189,48,20.3
2026-09-12T21:54:00Z,2026-09-12T23:54:00+02:00,53,dr-robert,407,336,71,17.4
2026-09-12T21:54:00Z,2026-09-12T23:54:00+02:00,54,placa-vella,297,224,73,24.6
2026-09-12T21:54:00Z,2026-09-12T23:54:00+02:00,55,ajuntament-mercat,237,189,48,20.3
2026-09-12T21:55:00Z,2026-09-12T23:55:00+02:00,53,dr-robert,407,336,71,17.4
2026-09-12T21:55:00Z,2026-09-12T23:55:00+02:00,54,placa-vella,297,224,73,24.6
2026-09-12T21:55:00Z,2026-09-12T23:55:00+02:00,55,ajuntament-mercat,237,188,49,20.7
2026-09-12T21:56:00Z,2026-09-12T23:56:00+02:00,53,dr-robert,407,336,71,17.4
2026-09-12T21:56:00Z,2026-09-12T23:56:00+02:00,54,placa-vella,297,224,73,24.6
2026-09-12T21:56:00Z,2026-09-12T23:56:00+02:00,55,ajuntament-mercat,237,188,49,20.7
2026-09-12T21:57:00Z,2026-09-12T23:57:00+02:00,53,dr-robert,407,336,71,17.4
2026-09-12T21:57:00Z,2026-09-12T23:57:00+02:00,54,placa-vella,297,224,73,24.6
2026-09-12T21:57:00Z,2026-09-12T23:57:00+02:00,55,ajuntament-mercat,237,188,49,20.7
2026-09-12T21:58:00Z,2026-09-12T23:58:00+02:00,53,dr-robert,407,336,71,17.4
2026-09-12T21:58:00Z,2026-09-12T23:58:00+02:00,54,placa-vella,297,224,73,24.6
2026-09-12T21:58:00Z,2026-09-12T23:58:00+02:00,55,ajuntament-mercat,237,188,49,20.7
2026-09-12T21:59:00Z,2026-09-12T23:59:00+02:00,53,dr-robert,407,336,71,17.4
2026-09-12T21:59:00Z,2026-09-12T23:59:00+02:00,54,placa-vella,297,224,73,24.6
2026-09-12T21:59:00Z,2026-09-12T23:59:00+02:00,55,ajuntament-mercat,237,188,49,20.7
